alpha,fold,sulcus,beta,RMSE
0.1,0,mcgs,-2.705631078315153,5.570133246425826
0.1,0,pos,-0.45735943553619585,5.570133246425826
0.1,0,sbps,-2.0877271819964855,5.570133246425826
0.1,0,prculs-d,1.1680347777198474,5.570133246425826
0.1,0,prcus-p,2.7497619607042596,5.570133246425826
0.1,0,prcus-i,-1.2361815302902555,5.570133246425826
0.1,0,prcus-a,-0.7056244745167035,5.570133246425826
0.1,0,ifrms,-1.284224534428422,5.570133246425826
0.1,0,sspls-v,0.2925157502277771,5.570133246425826
0.1,1,mcgs,-2.2874340537448155,4.724995996686069
0.1,1,pos,-1.5755408529181327,4.724995996686069
0.1,1,sbps,-1.038867164437446,4.724995996686069
0.1,1,prculs-d,0.44887135312170157,4.724995996686069
0.1,1,prcus-p,2.718007389428709,4.724995996686069
0.1,1,prcus-i,-1.6056653604860178,4.724995996686069
0.1,1,prcus-a,0.0,4.724995996686069
0.1,1,ifrms,-0.38645266679942325,4.724995996686069
0.1,1,sspls-v,-0.0,4.724995996686069
0.1,2,mcgs,-2.5405913785420413,4.812754349639078
0.1,2,pos,-0.2430894277646017,4.812754349639078
0.1,2,sbps,-3.3026852720622784,4.812754349639078
0.1,2,prculs-d,1.1315024403925675,4.812754349639078
0.1,2,prcus-p,1.8468152418946446,4.812754349639078
0.1,2,prcus-i,-0.6722786899258356,4.812754349639078
0.1,2,prcus-a,-0.6299384774571739,4.812754349639078
0.1,2,ifrms,-0.5440966599548217,4.812754349639078
0.1,2,sspls-v,0.6857176137469951,4.812754349639078
0.1,3,mcgs,-2.030850099954929,5.428985415138235
0.1,3,pos,-0.6419925689723205,5.428985415138235
0.1,3,sbps,-1.9362385962464583,5.428985415138235
0.1,3,prculs-d,0.9345562200715066,5.428985415138235
0.1,3,prcus-p,1.833198592935555,5.428985415138235
0.1,3,prcus-i,-0.9425833228462912,5.428985415138235
0.1,3,prcus-a,-0.7455273112757197,5.428985415138235
0.1,3,ifrms,-1.080102377680689,5.428985415138235
0.1,3,sspls-v,0.0,5.428985415138235
0.1,4,mcgs,-2.087591559746573,5.720351389589274
0.1,4,pos,-0.7933019740450524,5.720351389589274
0.1,4,sbps,-1.9522469480238764,5.720351389589274
0.1,4,prculs-d,0.8792253295000162,5.720351389589274
0.1,4,prcus-p,2.3279721749163733,5.720351389589274
0.1,4,prcus-i,-1.158269742464076,5.720351389589274
0.1,4,prcus-a,-0.9204856274267688,5.720351389589274
0.1,4,ifrms,-0.8457512178362505,5.720351389589274
0.1,4,sspls-v,0.5211110965020554,5.720351389589274
0.1,5,mcgs,-2.069019194694074,5.767760317550334
0.1,5,pos,-0.5622485978896716,5.767760317550334
0.1,5,sbps,-1.9029495820286804,5.767760317550334
0.1,5,prculs-d,1.158862975559107,5.767760317550334
0.1,5,prcus-p,2.0242493606406553,5.767760317550334
0.1,5,prcus-i,-1.2232023583343599,5.767760317550334
0.1,5,prcus-a,-0.6572116762046473,5.767760317550334
0.1,5,ifrms,-0.8762042370040386,5.767760317550334
0.1,5,sspls-v,0.6341332925960599,5.767760317550334
0.1,6,mcgs,-2.30768023502337,5.763469241601847
0.1,6,pos,-0.764608095231313,5.763469241601847
0.1,6,sbps,-1.8909829259635755,5.763469241601847
0.1,6,prculs-d,1.1410364813959797,5.763469241601847
0.1,6,prcus-p,2.2038782805749486,5.763469241601847
0.1,6,prcus-i,-1.0937039698365558,5.763469241601847
0.1,6,prcus-a,-0.7749497528604342,5.763469241601847
0.1,6,ifrms,-1.0389111226510552,5.763469241601847
0.1,6,sspls-v,0.5837118830843084,5.763469241601847
0.1,7,mcgs,-2.2064703998298394,5.8189145400319155
0.1,7,pos,-0.7489300922856513,5.8189145400319155
0.1,7,sbps,-1.8820472698143955,5.8189145400319155
0.1,7,prculs-d,1.1295604014082286,5.8189145400319155
0.1,7,prcus-p,2.2295808533681134,5.8189145400319155
0.1,7,prcus-i,-1.1347634502372104,5.8189145400319155
0.1,7,prcus-a,-0.6840996700451264,5.8189145400319155
0.1,7,ifrms,-1.053561589950628,5.8189145400319155
0.1,7,sspls-v,0.5512658326101585,5.8189145400319155
0.1,8,mcgs,-3.215487308828628,4.451618825704396
0.1,8,pos,-1.3288609111756207,4.451618825704396
0.1,8,sbps,-1.6178784990712527,4.451618825704396
0.1,8,prculs-d,2.0704153256590785,4.451618825704396
0.1,8,prcus-p,1.0714600692656664,4.451618825704396
0.1,8,prcus-i,0.05455875865251264,4.451618825704396
0.1,8,prcus-a,-0.5188377706115671,4.451618825704396
0.1,8,ifrms,-0.851978076462006,4.451618825704396
0.1,8,sspls-v,0.916186734979032,4.451618825704396
0.1,9,mcgs,-2.630799114129919,5.721445204954315
0.1,9,pos,-0.19079639392995656,5.721445204954315
0.1,9,sbps,-1.6935900647925222,5.721445204954315
0.1,9,prculs-d,1.0757094145632597,5.721445204954315
0.1,9,prcus-p,2.2237031314312117,5.721445204954315
0.1,9,prcus-i,-0.5511371552038279,5.721445204954315
0.1,9,prcus-a,-0.7556465680985013,5.721445204954315
0.1,9,ifrms,-1.0761147847305879,5.721445204954315
0.1,9,sspls-v,0.8004140370679655,5.721445204954315
0.1,10,mcgs,-2.264207649120076,5.7899376469164965
0.1,10,pos,-0.7716403678278702,5.7899376469164965
0.1,10,sbps,-1.835993299234721,5.7899376469164965
0.1,10,prculs-d,1.109547429411958,5.7899376469164965
0.1,10,prcus-p,2.2166758741294363,5.7899376469164965
0.1,10,prcus-i,-1.098169852076218,5.7899376469164965
0.1,10,prcus-a,-0.7596830949508816,5.7899376469164965
0.1,10,ifrms,-1.0358150920394966,5.7899376469164965
0.1,10,sspls-v,0.5435351832847428,5.7899376469164965
0.1,11,mcgs,-2.2428710079161993,5.8225368445446515
0.1,11,pos,-0.7568720622328873,5.8225368445446515
0.1,11,sbps,-1.8367966399152937,5.8225368445446515
0.1,11,prculs-d,1.1062088539421984,5.8225368445446515
0.1,11,prcus-p,2.1358452423827576,5.8225368445446515
0.1,11,prcus-i,-1.10862986889491,5.8225368445446515
0.1,11,prcus-a,-0.7561635085739676,5.8225368445446515
0.1,11,ifrms,-1.033779801783304,5.8225368445446515
0.1,11,sspls-v,0.5497666721477659,5.8225368445446515
0.1,12,mcgs,-2.315404213289857,5.797303163826139
0.1,12,pos,-0.740129499484704,5.797303163826139
0.1,12,sbps,-1.9140321370445474,5.797303163826139
0.1,12,prculs-d,1.1517743163112317,5.797303163826139
0.1,12,prcus-p,2.2063345920281736,5.797303163826139
0.1,12,prcus-i,-1.0976530305331762,5.797303163826139
0.1,12,prcus-a,-0.8032918919059079,5.797303163826139
0.1,12,ifrms,-0.9821293769483981,5.797303163826139
0.1,12,sspls-v,0.6189892861685601,5.797303163826139
0.1,13,mcgs,-2.1696929407546626,5.640788029879047
0.1,13,pos,-0.4642961942900339,5.640788029879047
0.1,13,sbps,-1.4617185722975672,5.640788029879047
0.1,13,prculs-d,0.7834082393750049,5.640788029879047
0.1,13,prcus-p,1.9340426222054756,5.640788029879047
0.1,13,prcus-i,-1.6066049539610632,5.640788029879047
0.1,13,prcus-a,-0.9988628764161106,5.640788029879047
0.1,13,ifrms,-0.5514250819179359,5.640788029879047
0.1,13,sspls-v,0.5678612456837115,5.640788029879047
0.1,14,mcgs,-2.391542888262583,5.405275978081505
0.1,14,pos,-0.6623539808819056,5.405275978081505
0.1,14,sbps,-1.8836672717322989,5.405275978081505
0.1,14,prculs-d,0.9805954516760225,5.405275978081505
0.1,14,prcus-p,2.0504600830049236,5.405275978081505
0.1,14,prcus-i,-1.3382826204926297,5.405275978081505
0.1,14,prcus-a,-1.182952411534107,5.405275978081505
0.1,14,ifrms,-1.418654806311399,5.405275978081505
0.1,14,sspls-v,0.9256336335815769,5.405275978081505
0.1,15,mcgs,-2.226319827388298,5.677967689104931
0.1,15,pos,-0.5740491005325121,5.677967689104931
0.1,15,sbps,-1.9067725298654958,5.677967689104931
0.1,15,prculs-d,1.1482687830655156,5.677967689104931
0.1,15,prcus-p,1.9943993276473095,5.677967689104931
0.1,15,prcus-i,-0.9577267653287619,5.677967689104931
0.1,15,prcus-a,-0.7186611005436463,5.677967689104931
0.1,15,ifrms,-1.2948243712499916,5.677967689104931
0.1,15,sspls-v,0.7148945454086554,5.677967689104931
0.1,16,mcgs,-1.7196727940870835,5.7816009816451475
0.1,16,pos,-1.0598112030988605,5.7816009816451475
0.1,16,sbps,-1.776581093651461,5.7816009816451475
0.1,16,prculs-d,1.1352948811061563,5.7816009816451475
0.1,16,prcus-p,2.4842577888568798,5.7816009816451475
0.1,16,prcus-i,-1.5724977981830912,5.7816009816451475
0.1,16,prcus-a,-0.8775802516054869,5.7816009816451475
0.1,16,ifrms,-0.8936081485918042,5.7816009816451475
0.1,16,sspls-v,0.18590660848571708,5.7816009816451475
0.1,17,mcgs,-1.0039768392882404,5.104043759370167
0.1,17,pos,-1.1010296756659863,5.104043759370167
0.1,17,sbps,-2.1864721695168132,5.104043759370167
0.1,17,prculs-d,0.0,5.104043759370167
0.1,17,prcus-p,2.2293766444070577,5.104043759370167
0.1,17,prcus-i,-0.7643085483730435,5.104043759370167
0.1,17,prcus-a,-0.7372703668670503,5.104043759370167
0.1,17,ifrms,-1.64169664081257,5.104043759370167
0.1,17,sspls-v,0.48292080976421836,5.104043759370167
0.1,18,mcgs,-2.2581975696824714,5.722660330702444
0.1,18,pos,-0.8582105248142544,5.722660330702444
0.1,18,sbps,-1.8803195527184484,5.722660330702444
0.1,18,prculs-d,1.1439463334874012,5.722660330702444
0.1,18,prcus-p,2.2179636686361834,5.722660330702444
0.1,18,prcus-i,-1.0721517818671757,5.722660330702444
0.1,18,prcus-a,-0.6889749013893343,5.722660330702444
0.1,18,ifrms,-1.0456493635339352,5.722660330702444
0.1,18,sspls-v,0.5069203742195402,5.722660330702444
0.1,19,mcgs,-2.10018433683018,5.959235116386334
0.1,19,pos,-0.7881039613556521,5.959235116386334
0.1,19,sbps,-1.850122020518855,5.959235116386334
0.1,19,prculs-d,1.1036465240302693,5.959235116386334
0.1,19,prcus-p,2.1800292909439096,5.959235116386334
0.1,19,prcus-i,-0.9974260952227781,5.959235116386334
0.1,19,prcus-a,-0.7690651379075699,5.959235116386334
0.1,19,ifrms,-1.0439868167875828,5.959235116386334
0.1,19,sspls-v,0.5353113180141817,5.959235116386334
0.1,20,mcgs,-2.2319782789006917,5.7849099504901975
0.1,20,pos,-0.7379902239446439,5.7849099504901975
0.1,20,sbps,-1.9126088226990776,5.7849099504901975
0.1,20,prculs-d,1.1205442955650438,5.7849099504901975
0.1,20,prcus-p,2.2049644154511436,5.7849099504901975
0.1,20,prcus-i,-1.1264097778397475,5.7849099504901975
0.1,20,prcus-a,-0.7543787678221112,5.7849099504901975
0.1,20,ifrms,-1.0029693995942548,5.7849099504901975
0.1,20,sspls-v,0.5941582424019541,5.7849099504901975
0.1,21,mcgs,-2.48628324247307,5.842606492314769
0.1,21,pos,-0.38465823564285173,5.842606492314769
0.1,21,sbps,-1.8714386716593354,5.842606492314769
0.1,21,prculs-d,1.5405308810226492,5.842606492314769
0.1,21,prcus-p,2.267202343211812,5.842606492314769
0.1,21,prcus-i,-0.9886454207598587,5.842606492314769
0.1,21,prcus-a,-0.8254828994833997,5.842606492314769
0.1,21,ifrms,-1.4473171673498673,5.842606492314769
0.1,21,sspls-v,0.9183249457595632,5.842606492314769
0.1,22,mcgs,-2.40218176981642,5.773336509935972
0.1,22,pos,-0.7305389133027075,5.773336509935972
0.1,22,sbps,-1.7928516902674683,5.773336509935972
0.1,22,prculs-d,1.0664299615686295,5.773336509935972
0.1,22,prcus-p,2.2503149888656613,5.773336509935972
0.1,22,prcus-i,-1.104207350655027,5.773336509935972
0.1,22,prcus-a,-0.7183890595652914,5.773336509935972
0.1,22,ifrms,-1.1099476996573248,5.773336509935972
0.1,22,sspls-v,0.6688448270465585,5.773336509935972
0.1,23,mcgs,-1.9608247870068087,5.532682827866821
0.1,23,pos,-1.1750136927767447,5.532682827866821
0.1,23,sbps,-1.0013692632468987,5.532682827866821
0.1,23,prculs-d,0.9849838481686247,5.532682827866821
0.1,23,prcus-p,2.6429078961225074,5.532682827866821
0.1,23,prcus-i,-1.6003891545618292,5.532682827866821
0.1,23,prcus-a,-0.6745301857326222,5.532682827866821
0.1,23,ifrms,-1.2127938659604718,5.532682827866821
0.1,23,sspls-v,-0.0,5.532682827866821
0.1,24,mcgs,-2.096413456061782,5.86229372784065
0.1,24,pos,-0.5200547845261506,5.86229372784065
0.1,24,sbps,-1.9287397455768143,5.86229372784065
0.1,24,prculs-d,0.9715994764760926,5.86229372784065
0.1,24,prcus-p,2.132733405687464,5.86229372784065
0.1,24,prcus-i,-0.8618826418651161,5.86229372784065
0.1,24,prcus-a,-0.678291345832599,5.86229372784065
0.1,24,ifrms,-0.7938680253713035,5.86229372784065
0.1,24,sspls-v,0.5561121432658126,5.86229372784065
0.1,25,mcgs,-2.1194834621579766,5.545094410227063
0.1,25,pos,-1.0601888260382402,5.545094410227063
0.1,25,sbps,-1.9027436015733725,5.545094410227063
0.1,25,prculs-d,1.5649359162443615,5.545094410227063
0.1,25,prcus-p,1.8897135861907155,5.545094410227063
0.1,25,prcus-i,-1.2512625767234566,5.545094410227063
0.1,25,prcus-a,-0.7065444534167765,5.545094410227063
0.1,25,ifrms,-0.6776998492214933,5.545094410227063
0.1,25,sspls-v,1.1885269780359387,5.545094410227063
0.1,26,mcgs,-2.2931914429209193,5.7216685248803625
0.1,26,pos,-0.7263734866211475,5.7216685248803625
0.1,26,sbps,-1.8623057761353041,5.7216685248803625
0.1,26,prculs-d,1.0603923413328213,5.7216685248803625
0.1,26,prcus-p,2.2344759845932782,5.7216685248803625
0.1,26,prcus-i,-1.0784130149629327,5.7216685248803625
0.1,26,prcus-a,-0.7847086075449233,5.7216685248803625
0.1,26,ifrms,-1.0666685381197702,5.7216685248803625
0.1,26,sspls-v,0.4788175341252569,5.7216685248803625
0.1,27,mcgs,-2.1620748499669173,5.579564418455328
0.1,27,pos,-0.803001057436296,5.579564418455328
0.1,27,sbps,-1.2896781700924433,5.579564418455328
0.1,27,prculs-d,1.1742367531093663,5.579564418455328
0.1,27,prcus-p,2.2895678754046815,5.579564418455328
0.1,27,prcus-i,-1.1793304368131257,5.579564418455328
0.1,27,prcus-a,-1.3793840371054193,5.579564418455328
0.1,27,ifrms,-1.0328363725411815,5.579564418455328
0.1,27,sspls-v,0.2831320833214631,5.579564418455328
0.107,0,mcgs,-2.687276735552131,5.561430922183714
0.107,0,pos,-0.46270345440692384,5.561430922183714
0.107,0,sbps,-2.076199987479991,5.561430922183714
0.107,0,prculs-d,1.146745072528375,5.561430922183714
0.107,0,prcus-p,2.741466131250526,5.561430922183714
0.107,0,prcus-i,-1.2339700392839688,5.561430922183714
0.107,0,prcus-a,-0.6965217005469849,5.561430922183714
0.107,0,ifrms,-1.2727145434423182,5.561430922183714
0.107,0,sspls-v,0.2723022320855422,5.561430922183714
0.107,1,mcgs,-2.281315153244273,4.711585156572316
0.107,1,pos,-1.5695496328218008,4.711585156572316
0.107,1,sbps,-1.0352000889849626,4.711585156572316
0.107,1,prculs-d,0.4377315595547793,4.711585156572316
0.107,1,prcus-p,2.7076636401092005,4.711585156572316
0.107,1,prcus-i,-1.599756622914046,4.711585156572316
0.107,1,prcus-a,0.0,4.711585156572316
0.107,1,ifrms,-0.3791193797572398,4.711585156572316
0.107,1,sspls-v,-0.0,4.711585156572316
0.107,2,mcgs,-2.523910452915743,4.80692903638852
0.107,2,pos,-0.24658069398369656,4.80692903638852
0.107,2,sbps,-3.2946973098787886,4.80692903638852
0.107,2,prculs-d,1.1105105766270689,4.80692903638852
0.107,2,prcus-p,1.8413769022300401,4.80692903638852
0.107,2,prcus-i,-0.6706060847959421,4.80692903638852
0.107,2,prcus-a,-0.6204404389946364,4.80692903638852
0.107,2,ifrms,-0.5338922066801068,4.80692903638852
0.107,2,sspls-v,0.6640469597754951,4.80692903638852
0.107,3,mcgs,-2.0251985292491046,5.418488439983657
0.107,3,pos,-0.6359047746665674,5.418488439983657
0.107,3,sbps,-1.9339619967113695,5.418488439983657
0.107,3,prculs-d,0.9233379912866345,5.418488439983657
0.107,3,prcus-p,1.8213567863977755,5.418488439983657
0.107,3,prcus-i,-0.9344398367872769,5.418488439983657
0.107,3,prcus-a,-0.7383574606072821,5.418488439983657
0.107,3,ifrms,-1.0723720557274743,5.418488439983657
0.107,3,sspls-v,0.0,5.418488439983657
0.107,4,mcgs,-2.070408700821611,5.7069113299706755
0.107,4,pos,-0.797347496023092,5.7069113299706755
0.107,4,sbps,-1.941705282307345,5.7069113299706755
0.107,4,prculs-d,0.8580529330384452,5.7069113299706755
0.107,4,prcus-p,2.323129863830567,5.7069113299706755
0.107,4,prcus-i,-1.1571201783079903,5.7069113299706755
0.107,4,prcus-a,-0.9116664766095818,5.7069113299706755
0.107,4,ifrms,-0.8353781155330083,5.7069113299706755
0.107,4,sspls-v,0.4984004752909923,5.7069113299706755
0.107,5,mcgs,-2.0514996069084295,5.76034906017548
0.107,5,pos,-0.5653091352918485,5.76034906017548
0.107,5,sbps,-1.8922664214279457,5.76034906017548
0.107,5,prculs-d,1.1383671658462768,5.76034906017548
0.107,5,prcus-p,2.018017563474402,5.76034906017548
0.107,5,prcus-i,-1.2229213490374373,5.76034906017548
0.107,5,prcus-a,-0.6472935596037218,5.76034906017548
0.107,5,ifrms,-0.864914287200479,5.76034906017548
0.107,5,sspls-v,0.6116051967990107,5.76034906017548
0.107,6,mcgs,-2.287971209208985,5.751159064649421
0.107,6,pos,-0.7683906514569522,5.751159064649421
0.107,6,sbps,-1.8792262542535385,5.751159064649421
0.107,6,prculs-d,1.11692538702649,5.751159064649421
0.107,6,prcus-p,2.1987614645675184,5.751159064649421
0.107,6,prcus-i,-1.0936465977565286,5.751159064649421
0.107,6,prcus-a,-0.7649391771896538,5.751159064649421
0.107,6,ifrms,-1.0282296370436264,5.751159064649421
0.107,6,sspls-v,0.5573311621961209,5.751159064649421
0.107,7,mcgs,-2.1899934661401654,5.809821131775387
0.107,7,pos,-0.7531036858048663,5.809821131775387
0.107,7,sbps,-1.8711771910436386,5.809821131775387
0.107,7,prculs-d,1.108762934577418,5.809821131775387
0.107,7,prcus-p,2.224213937654547,5.809821131775387
0.107,7,prcus-i,-1.1333768186299469,5.809821131775387
0.107,7,prcus-a,-0.6757745283919578,5.809821131775387
0.107,7,ifrms,-1.0432207106671063,5.809821131775387
0.107,7,sspls-v,0.5283522440709406,5.809821131775387
0.107,8,mcgs,-3.1852172155488776,4.438331052458942
0.107,8,pos,-1.336115464979052,4.438331052458942
0.107,8,sbps,-1.6026468472792237,4.438331052458942
0.107,8,prculs-d,2.0418020088812905,4.438331052458942
0.107,8,prcus-p,1.0772205150075989,4.438331052458942
0.107,8,prcus-i,0.030058390039200526,4.438331052458942
0.107,8,prcus-a,-0.5121384333059876,4.438331052458942
0.107,8,ifrms,-0.8364300053205281,4.438331052458942
0.107,8,sspls-v,0.8841493322974707,4.438331052458942
0.107,9,mcgs,-2.614268506226959,5.7133724564103865
0.107,9,pos,-0.19350568886712194,5.7133724564103865
0.107,9,sbps,-1.6829659921200528,5.7133724564103865
0.107,9,prculs-d,1.054047745633914,5.7133724564103865
0.107,9,prcus-p,2.2191006878678756,5.7133724564103865
0.107,9,prcus-i,-0.5490888576597401,5.7133724564103865
0.107,9,prcus-a,-0.7460443429444664,5.7133724564103865
0.107,9,ifrms,-1.0657647310310687,5.7133724564103865
0.107,9,sspls-v,0.7777830929247206,5.7133724564103865
0.107,10,mcgs,-2.247091911331035,5.777551509716564
0.107,10,pos,-0.7754768913127665,5.777551509716564
0.107,10,sbps,-1.825182722943106,5.777551509716564
0.107,10,prculs-d,1.0881159802192117,5.777551509716564
0.107,10,prcus-p,2.210940980359486,5.777551509716564
0.107,10,prcus-i,-1.096599551027972,5.777551509716564
0.107,10,prcus-a,-0.7508728070998577,5.777551509716564
0.107,10,ifrms,-1.025399795180335,5.777551509716564
0.107,10,sspls-v,0.5215215323542703,5.777551509716564
0.107,11,mcgs,-2.223684611058301,5.811112802038222
0.107,11,pos,-0.7604988141428977,5.811112802038222
0.107,11,sbps,-1.8241964663720829,5.811112802038222
0.107,11,prculs-d,1.0845412680927333,5.811112802038222
0.107,11,prcus-p,2.12729202379145,5.811112802038222
0.107,11,prcus-i,-1.1068912466874847,5.811112802038222
0.107,11,prcus-a,-0.7446032782153643,5.811112802038222
0.107,11,ifrms,-1.0221772060826526,5.811112802038222
0.107,11,sspls-v,0.5253788839163155,5.811112802038222
0.107,12,mcgs,-2.296920837274515,5.783233158003525
0.107,12,pos,-0.745604205827544,5.783233158003525
0.107,12,sbps,-1.9006876729387316,5.783233158003525
0.107,12,prculs-d,1.1283947789709607,5.783233158003525
0.107,12,prcus-p,2.2004973004506185,5.783233158003525
0.107,12,prcus-i,-1.0967518117403263,5.783233158003525
0.107,12,prcus-a,-0.7916349291635666,5.783233158003525
0.107,12,ifrms,-0.9736899464173091,5.783233158003525
0.107,12,sspls-v,0.5929300337147663,5.783233158003525
0.107,13,mcgs,-2.1515607294524024,5.637333237340044
0.107,13,pos,-0.4669519208348205,5.637333237340044
0.107,13,sbps,-1.4493066358307143,5.637333237340044
0.107,13,prculs-d,0.7603034011321138,5.637333237340044
0.107,13,prcus-p,1.9278719670406843,5.637333237340044
0.107,13,prcus-i,-1.6088104818429345,5.637333237340044
0.107,13,prcus-a,-0.9907004326991108,5.637333237340044
0.107,13,ifrms,-0.5386656882479519,5.637333237340044
0.107,13,sspls-v,0.5447202577046835,5.637333237340044
0.107,14,mcgs,-2.3739343108367508,5.394750032246757
0.107,14,pos,-0.6669968061337924,5.394750032246757
0.107,14,sbps,-1.8728194021759312,5.394750032246757
0.107,14,prculs-d,0.9609625787745463,5.394750032246757
0.107,14,prcus-p,2.046160919556947,5.394750032246757
0.107,14,prcus-i,-1.3357208613396578,5.394750032246757
0.107,14,prcus-a,-1.1714898127449302,5.394750032246757
0.107,14,ifrms,-1.4070440938254658,5.394750032246757
0.107,14,sspls-v,0.9011399383810833,5.394750032246757
0.107,15,mcgs,-2.2095970820891506,5.671561367236012
0.107,15,pos,-0.5779713082592537,5.671561367236012
0.107,15,sbps,-1.8959901791270821,5.671561367236012
0.107,15,prculs-d,1.1270727476852005,5.671561367236012
0.107,15,prcus-p,1.9891210283433876,5.671561367236012
0.107,15,prcus-i,-0.9562023034180794,5.671561367236012
0.107,15,prcus-a,-0.7092505609490347,5.671561367236012
0.107,15,ifrms,-1.2856873368321566,5.671561367236012
0.107,15,sspls-v,0.6921340624687197,5.671561367236012
0.107,16,mcgs,-1.7059434155910949,5.765057129895431
0.107,16,pos,-1.0624106157675106,5.765057129895431
0.107,16,sbps,-1.7664248152896467,5.765057129895431
0.107,16,prculs-d,1.115491377181206,5.765057129895431
0.107,16,prcus-p,2.4777321630497715,5.765057129895431
0.107,16,prcus-i,-1.5690760103674504,5.765057129895431
0.107,16,prcus-a,-0.8677141411235086,5.765057129895431
0.107,16,ifrms,-0.8840233612198343,5.765057129895431
0.107,16,sspls-v,0.16528855624392927,5.765057129895431
0.107,17,mcgs,-0.9982379205561943,5.101228901481134
0.107,17,pos,-1.1020839382270413,5.101228901481134
0.107,17,sbps,-2.1791712048650043,5.101228901481134
0.107,17,prculs-d,0.0,5.101228901481134
0.107,17,prcus-p,2.2207395096754,5.101228901481134
0.107,17,prcus-i,-0.7596293648541501,5.101228901481134
0.107,17,prcus-a,-0.7288950851613236,5.101228901481134
0.107,17,ifrms,-1.63522353882107,5.101228901481134
0.107,17,sspls-v,0.4729728198189062,5.101228901481134
0.107,18,mcgs,-2.2409162379902914,5.713461864585844
0.107,18,pos,-0.8624516334272914,5.713461864585844
0.107,18,sbps,-1.8695433873754232,5.713461864585844
0.107,18,prculs-d,1.1229538431912418,5.713461864585844
0.107,18,prcus-p,2.2126716464443104,5.713461864585844
0.107,18,prcus-i,-1.0709958544339673,5.713461864585844
0.107,18,prcus-a,-0.6796700906471232,5.713461864585844
0.107,18,ifrms,-1.0352261160933027,5.713461864585844
0.107,18,sspls-v,0.48389194817384334,5.713461864585844
0.107,19,mcgs,-2.083590818068385,5.945386417995927
0.107,19,pos,-0.7933748542804269,5.945386417995927
0.107,19,sbps,-1.838846584663233,5.945386417995927
0.107,19,prculs-d,1.0830431536287424,5.945386417995927
0.107,19,prcus-p,2.1755139143849687,5.945386417995927
0.107,19,prcus-i,-0.9963957699452816,5.945386417995927
0.107,19,prcus-a,-0.7595554415761845,5.945386417995927
0.107,19,ifrms,-1.033893164855149,5.945386417995927
0.107,19,sspls-v,0.5118816851245788,5.945386417995927
0.107,20,mcgs,-2.2154572366211656,5.77165782353065
0.107,20,pos,-0.7421786927670576,5.77165782353065
0.107,20,sbps,-1.9016857463972925,5.77165782353065
0.107,20,prculs-d,1.0992345720252268,5.77165782353065
0.107,20,prcus-p,2.1996691192624658,5.77165782353065
0.107,20,prcus-i,-1.1249246287724066,5.77165782353065
0.107,20,prcus-a,-0.7450795011781862,5.77165782353065
0.107,20,ifrms,-0.992868699358455,5.77165782353065
0.107,20,sspls-v,0.5715118871806949,5.77165782353065
0.107,21,mcgs,-2.4647011103630403,5.834373505929951
0.107,21,pos,-0.39667734404737176,5.834373505929951
0.107,21,sbps,-1.860568053687477,5.834373505929951
0.107,21,prculs-d,1.5107410150785183,5.834373505929951
0.107,21,prcus-p,2.260071311203151,5.834373505929951
0.107,21,prcus-i,-0.9897602145986566,5.834373505929951
0.107,21,prcus-a,-0.8147165911042611,5.834373505929951
0.107,21,ifrms,-1.4280118601460672,5.834373505929951
0.107,21,sspls-v,0.8877713515154394,5.834373505929951
0.107,22,mcgs,-2.384057784620877,5.759050976290235
0.107,22,pos,-0.7347153793114759,5.759050976290235
0.107,22,sbps,-1.7834059213619886,5.759050976290235
0.107,22,prculs-d,1.0465242991926884,5.759050976290235
0.107,22,prcus-p,2.244191059136521,5.759050976290235
0.107,22,prcus-i,-1.1026157728553878,5.759050976290235
0.107,22,prcus-a,-0.7097282515147431,5.759050976290235
0.107,22,ifrms,-1.098902850776904,5.759050976290235
0.107,22,sspls-v,0.6460710023022026,5.759050976290235
0.107,23,mcgs,-1.9550689517721485,5.524000972554775
0.107,23,pos,-1.1697870690064132,5.524000972554775
0.107,23,sbps,-0.9990462385237665,5.524000972554775
0.107,23,prculs-d,0.9732962914554191,5.524000972554775
0.107,23,prcus-p,2.6316920242804898,5.524000972554775
0.107,23,prcus-i,-1.5930518639515836,5.524000972554775
0.107,23,prcus-a,-0.6673113785085301,5.524000972554775
0.107,23,ifrms,-1.2044636041810062,5.524000972554775
0.107,23,sspls-v,-0.0,5.524000972554775
0.107,24,mcgs,-2.0788171390852934,5.846010155543392
0.107,24,pos,-0.5212223293993756,5.846010155543392
0.107,24,sbps,-1.918640129347868,5.846010155543392
0.107,24,prculs-d,0.9479487819750745,5.846010155543392
0.107,24,prcus-p,2.133653863845547,5.846010155543392
0.107,24,prcus-i,-0.8595057583362566,5.846010155543392
0.107,24,prcus-a,-0.6676731949402933,5.846010155543392
0.107,24,ifrms,-0.7816945351770659,5.846010155543392
0.107,24,sspls-v,0.5329666708087016,5.846010155543392
0.107,25,mcgs,-2.103487371629616,5.544838386224252
0.107,25,pos,-1.0631263782560456,5.544838386224252
0.107,25,sbps,-1.8921900427370015,5.544838386224252
0.107,25,prculs-d,1.5428924724631827,5.544838386224252
0.107,25,prcus-p,1.8851101751259502,5.544838386224252
0.107,25,prcus-i,-1.2492991160980105,5.544838386224252
0.107,25,prcus-a,-0.6972968455423538,5.544838386224252
0.107,25,ifrms,-0.6686864941937097,5.544838386224252
0.107,25,sspls-v,1.1658753586809083,5.544838386224252
0.107,26,mcgs,-2.276511254695539,5.707161922089462
0.107,26,pos,-0.7297464662736278,5.707161922089462
0.107,26,sbps,-1.8512791934736517,5.707161922089462
0.107,26,prculs-d,1.0384482161246658,5.707161922089462
0.107,26,prcus-p,2.229446246236099,5.707161922089462
0.107,26,prcus-i,-1.076640674967579,5.707161922089462
0.107,26,prcus-a,-0.7755325782866987,5.707161922089462
0.107,26,ifrms,-1.0570718569840805,5.707161922089462
0.107,26,sspls-v,0.4555728871814608,5.707161922089462
0.107,27,mcgs,-2.1450323619517886,5.572792722032501
0.107,27,pos,-0.8066043870979039,5.572792722032501
0.107,27,sbps,-1.2798588415998884,5.572792722032501
0.107,27,prculs-d,1.1532598747201483,5.572792722032501
0.107,27,prcus-p,2.2842121449435724,5.572792722032501
0.107,27,prcus-i,-1.1781967266908029,5.572792722032501
0.107,27,prcus-a,-1.3726509087380416,5.572792722032501
0.107,27,ifrms,-1.0226549665197273,5.572792722032501
0.107,27,sspls-v,0.2610060010960548,5.572792722032501
0.114,0,mcgs,-2.668922392789106,5.55270350015789
0.114,0,pos,-0.4680474732776538,5.55270350015789
0.114,0,sbps,-2.064672792963496,5.55270350015789
0.114,0,prculs-d,1.125455367336902,5.55270350015789
0.114,0,prcus-p,2.7331703017967897,5.55270350015789
0.114,0,prcus-i,-1.2317585482776812,5.55270350015789
0.114,0,prcus-a,-0.6874189265772668,5.55270350015789
0.114,0,ifrms,-1.2612045524562152,5.55270350015789
0.114,0,sspls-v,0.25208871394330656,5.55270350015789
0.114,1,mcgs,-2.2752018801525917,4.699198998051234
0.114,1,pos,-1.5635530504451205,4.699198998051234
0.114,1,sbps,-1.0315365915134236,4.699198998051234
0.114,1,prculs-d,0.4265933562089024,4.699198998051234
0.114,1,prcus-p,2.697316492707216,4.699198998051234
0.114,1,prcus-i,-1.5938426879500753,4.699198998051234
0.114,1,prcus-a,0.0,4.699198998051234
0.114,1,ifrms,-0.3717879779817165,4.699198998051234
0.114,1,sspls-v,-0.0,4.699198998051234
0.114,2,mcgs,-2.5070202632828993,4.801067692080961
0.114,2,pos,-0.2502203239121227,4.801067692080961
0.114,2,sbps,-3.286599930567537,4.801067692080961
0.114,2,prculs-d,1.089383089649599,4.801067692080961
0.114,2,prcus-p,1.8360310377739881,4.801067692080961
0.114,2,prcus-i,-0.6690446965851448,4.801067692080961
0.114,2,prcus-a,-0.6109202123634377,4.801067692080961
0.114,2,ifrms,-0.5236540976885408,4.801067692080961
0.114,2,sspls-v,0.6421909961798988,4.801067692080961
0.114,3,mcgs,-2.0194881925787587,5.408322588220553
0.114,3,pos,-0.6298759445984843,5.408322588220553
0.114,3,sbps,-1.931664926185432,5.408322588220553
0.114,3,prculs-d,0.912110862508211,5.408322588220553
0.114,3,prcus-p,1.8095376153680294,5.408322588220553
0.114,3,prcus-i,-0.9263330352387954,5.408322588220553
0.114,3,prcus-a,-0.7311857808694814,5.408322588220553
0.114,3,ifrms,-1.0646277565610973,5.408322588220553
0.114,3,sspls-v,0.0,5.408322588220553
0.114,4,mcgs,-2.05308443304419,5.694602869671972
0.114,4,pos,-0.8014857043535697,5.694602869671972
0.114,4,sbps,-1.9310937946993225,5.694602869671972
0.114,4,prculs-d,0.836785234931646,5.694602869671972
0.114,4,prcus-p,2.318348245671284,5.694602869671972
0.114,4,prcus-i,-1.156043705305186,5.694602869671972
0.114,4,prcus-a,-0.9028355150872897,5.694602869671972
0.114,4,ifrms,-0.824975691127666,5.694602869671972
0.114,4,sspls-v,0.47556421946042304,5.694602869671972
0.114,5,mcgs,-2.0339800191227857,5.7529481398476205
0.114,5,pos,-0.5683696726940246,5.7529481398476205
0.114,5,sbps,-1.8815832608272138,5.7529481398476205
0.114,5,prculs-d,1.1178713561334486,5.7529481398476205
0.114,5,prcus-p,2.0117857663081473,5.7529481398476205
0.114,5,prcus-i,-1.222640339740514,5.7529481398476205
0.114,5,prcus-a,-0.6373754430027957,5.7529481398476205
0.114,5,ifrms,-0.8536243373969189,5.7529481398476205
0.114,5,sspls-v,0.5890771010019641,5.7529481398476205
0.114,6,mcgs,-2.2682621833946035,5.738841169059193
0.114,6,pos,-0.7721732076825909,5.738841169059193
0.114,6,sbps,-1.867469582543502,5.738841169059193
0.114,6,prculs-d,1.0928142926570037,5.738841169059193
0.114,6,prcus-p,2.193644648560086,5.738841169059193
0.114,6,prcus-i,-1.0935892256764979,5.738841169059193
0.114,6,prcus-a,-0.7549286015188728,5.738841169059193
0.114,6,ifrms,-1.017548151436198,5.738841169059193
0.114,6,sspls-v,0.5309504413079359,5.738841169059193
0.114,7,mcgs,-2.173516532450493,5.800753038409365
0.114,7,pos,-0.7572772793240811,5.800753038409365
0.114,7,sbps,-1.8603071122728838,5.800753038409365
0.114,7,prculs-d,1.0879654677466093,5.800753038409365
0.114,7,prcus-p,2.2188470219409777,5.800753038409365
0.114,7,prcus-i,-1.1319901870226825,5.800753038409365
0.114,7,prcus-a,-0.6674493867387898,5.800753038409365
0.114,7,ifrms,-1.032879831383585,5.800753038409365
0.114,7,sspls-v,0.5054386555317264,5.800753038409365
0.114,8,mcgs,-3.1551305596510346,4.424476223075468
0.114,8,pos,-1.3432984941560084,4.424476223075468
0.114,8,sbps,-1.587487902515361,4.424476223075468
0.114,8,prculs-d,2.0133282895453486,4.424476223075468
0.114,8,prcus-p,1.082874583001268,4.424476223075468
0.114,8,prcus-i,0.005673946106035604,4.424476223075468
0.114,8,prcus-a,-0.5054458243854343,4.424476223075468
0.114,8,ifrms,-0.8209083862192402,4.424476223075468
0.114,8,sspls-v,0.8522680245007577,4.424476223075468
0.114,9,mcgs,-2.5977378983239987,5.705317896211376
0.114,9,pos,-0.19621498380428823,5.705317896211376
0.114,9,sbps,-1.6723419194475821,5.705317896211376
0.114,9,prculs-d,1.03238607670457,5.705317896211376
0.114,9,prcus-p,2.21449824430454,5.705317896211376
0.114,9,prcus-i,-0.5470405601156528,5.705317896211376
0.114,9,prcus-a,-0.7364421177904309,5.705317896211376
0.114,9,ifrms,-1.0554146773315471,5.705317896211376
0.114,9,sspls-v,0.7551521487814771,5.705317896211376
0.114,10,mcgs,-2.229976173541993,5.767001615742685
0.114,10,pos,-0.7793134147976614,5.767001615742685
0.114,10,sbps,-1.8143721466514922,5.767001615742685
0.114,10,prculs-d,1.0666845310264645,5.767001615742685
0.114,10,prcus-p,2.2052060865895378,5.767001615742685
0.114,10,prcus-i,-1.0950292499797274,5.767001615742685
0.114,10,prcus-a,-0.7420625192488349,5.767001615742685
0.114,10,ifrms,-1.0149844983211733,5.767001615742685
0.114,10,sspls-v,0.4995078814237966,5.767001615742685
0.114,11,mcgs,-2.2044982142003997,5.799711257700323
0.114,11,pos,-0.7641255660529093,5.799711257700323
0.114,11,sbps,-1.8115962928288707,5.799711257700323
0.114,11,prculs-d,1.0628736822432683,5.799711257700323
0.114,11,prcus-p,2.1187388052001412,5.799711257700323
0.114,11,prcus-i,-1.1051526244800607,5.799711257700323
0.114,11,prcus-a,-0.7330430478567628,5.799711257700323
0.114,11,ifrms,-1.0105746103820032,5.799711257700323
0.114,11,sspls-v,0.5009910956848636,5.799711257700323
0.114,12,mcgs,-2.278437461259174,5.769175283911595
0.114,12,pos,-0.7510789121703849,5.769175283911595
0.114,12,sbps,-1.8873432088329152,5.769175283911595
0.114,12,prculs-d,1.1050152416306904,5.769175283911595
0.114,12,prcus-p,2.194660008873062,5.769175283911595
0.114,12,prcus-i,-1.0958505929474742,5.769175283911595
0.114,12,prcus-a,-0.7799779664212265,5.769175283911595
0.114,12,ifrms,-0.9652505158862194,5.769175283911595
0.114,12,sspls-v,0.5668707812609728,5.769175283911595
0.114,13,mcgs,-2.1334576315543026,5.633838187226105
0.114,13,pos,-0.46959006777549317,5.633838187226105
0.114,13,sbps,-1.436911386218258,5.633838187226105
0.114,13,prculs-d,0.73721913381396,5.633838187226105
0.114,13,prcus-p,1.9216894728410328,5.633838187226105
0.114,13,prcus-i,-1.6109999133017665,5.633838187226105
0.114,13,prcus-a,-0.9825406478587887,5.633838187226105
0.114,13,ifrms,-0.5259124362539555,5.633838187226105
0.114,13,sspls-v,0.5216062587592083,5.633838187226105
0.114,14,mcgs,-2.356325733410918,5.38291905126553
0.114,14,pos,-0.6716396313856777,5.38291905126553
0.114,14,sbps,-1.8619715326195645,5.38291905126553
0.114,14,prculs-d,0.9413297058730677,5.38291905126553
0.114,14,prcus-p,2.0418617561089736,5.38291905126553
0.114,14,prcus-i,-1.3331591021866869,5.38291905126553
0.114,14,prcus-a,-1.1600272139557548,5.38291905126553
0.114,14,ifrms,-1.3954333813395317,5.38291905126553
0.114,14,sspls-v,0.8766462431805903,5.38291905126553
0.114,15,mcgs,-2.1928743367900023,5.664750695213032
0.114,15,pos,-0.5818935159859927,5.664750695213032
0.114,15,sbps,-1.8852078283886673,5.664750695213032
0.114,15,prculs-d,1.1058767123048843,5.664750695213032
0.114,15,prcus-p,1.9838427290394671,5.664750695213032
0.114,15,prcus-i,-0.9546778415073978,5.664750695213032
0.114,15,prcus-a,-0.6998400213544239,5.664750695213032
0.114,15,ifrms,-1.2765503024143225,5.664750695213032
0.114,15,sspls-v,0.6693735795287838,5.664750695213032
0.114,16,mcgs,-1.6922140370951033,5.749544559060528
0.114,16,pos,-1.0650100284361603,5.749544559060528
0.114,16,sbps,-1.7562685369278312,5.749544559060528
0.114,16,prculs-d,1.0956878732562543,5.749544559060528
0.114,16,prcus-p,2.4712065372426637,5.749544559060528
0.114,16,prcus-i,-1.5656542225518095,5.749544559060528
0.114,16,prcus-a,-0.8578480306415301,5.749544559060528
0.114,16,ifrms,-0.8744385738478629,5.749544559060528
0.114,16,sspls-v,0.14467050400213965,5.749544559060528
0.114,17,mcgs,-0.9924990018241475,5.098471748294111
0.114,17,pos,-1.1031382007880972,5.098471748294111
0.114,17,sbps,-2.1718702402131935,5.098471748294111
0.114,17,prculs-d,0.0,5.098471748294111
0.114,17,prcus-p,2.2121023749437425,5.098471748294111
0.114,17,prcus-i,-0.7549501813352597,5.098471748294111
0.114,17,prcus-a,-0.7205198034555969,5.098471748294111
0.114,17,ifrms,-1.6287504368295695,5.098471748294111
0.114,17,sspls-v,0.4630248298735942,5.098471748294111
0.114,18,mcgs,-2.223634906298113,5.704824333883331
0.114,18,pos,-0.8666927420403272,5.704824333883331
0.114,18,sbps,-1.8587672220323972,5.704824333883331
0.114,18,prculs-d,1.101961352895083,5.704824333883331
0.114,18,prcus-p,2.2073796242524364,5.704824333883331
0.114,18,prcus-i,-1.0698399270007586,5.704824333883331
0.114,18,prcus-a,-0.6703652799049122,5.704824333883331
0.114,18,ifrms,-1.0248028686526693,5.704824333883331
0.114,18,sspls-v,0.4608635221281467,5.704824333883331
0.114,19,mcgs,-2.0669972993065917,5.931739390745984
0.114,19,pos,-0.7986457472052,5.931739390745984
0.114,19,sbps,-1.8275711488076114,5.931739390745984
0.114,19,prculs-d,1.0624397832272139,5.931739390745984
0.114,19,prcus-p,2.1709985378260264,5.931739390745984
0.114,19,prcus-i,-0.9953654446677838,5.931739390745984
0.114,19,prcus-a,-0.7500457452447981,5.931739390745984
0.114,19,ifrms,-1.0237995129227146,5.931739390745984
0.114,19,sspls-v,0.4884520522349758,5.931739390745984
0.114,20,mcgs,-2.1989361943416377,5.760482786553357
0.114,20,pos,-0.7463671615894722,5.760482786553357
0.114,20,sbps,-1.8907626700955065,5.760482786553357
0.114,20,prculs-d,1.0779248484854078,5.760482786553357
0.114,20,prcus-p,2.1943738230737897,5.760482786553357
0.114,20,prcus-i,-1.1234394797050666,5.760482786553357
0.114,20,prcus-a,-0.7357802345342604,5.760482786553357
0.114,20,ifrms,-0.9827679991226562,5.760482786553357
0.114,20,sspls-v,0.5488655319594342,5.760482786553357
0.114,21,mcgs,-2.443118978253012,5.826113582818936
0.114,21,pos,-0.40869645245189,5.826113582818936
0.114,21,sbps,-1.849697435715621,5.826113582818936
0.114,21,prculs-d,1.4809511491343883,5.826113582818936
0.114,21,prcus-p,2.2529402791944872,5.826113582818936
0.114,21,prcus-i,-0.9908750084374534,5.826113582818936
0.114,21,prcus-a,-0.8039502827251246,5.826113582818936
0.114,21,ifrms,-1.4087065529422662,5.826113582818936
0.114,21,sspls-v,0.8572177572713174,5.826113582818936
0.114,22,mcgs,-2.3659337994253344,5.744775846655419
0.114,22,pos,-0.7388918453202432,5.744775846655419
0.114,22,sbps,-1.7739601524565116,5.744775846655419
0.114,22,prculs-d,1.026618636816747,5.744775846655419
0.114,22,prcus-p,2.2380671294073786,5.744775846655419
0.114,22,prcus-i,-1.101024195055747,5.744775846655419
0.114,22,prcus-a,-0.7010674434641951,5.744775846655419
0.114,22,ifrms,-1.0878580018964827,5.744775846655419
0.114,22,sspls-v,0.6232971775578483,5.744775846655419
0.114,23,mcgs,-1.949313116537488,5.51582347850718
0.114,23,pos,-1.1645604452360827,5.51582347850718
0.114,23,sbps,-0.9967232138006357,5.51582347850718
0.114,23,prculs-d,0.9616087347422131,5.51582347850718
0.114,23,prcus-p,2.62047615243847,5.51582347850718
0.114,23,prcus-i,-1.585714573341337,5.51582347850718
0.114,23,prcus-a,-0.6600925712844374,5.51582347850718
0.114,23,ifrms,-1.1961333424015397,5.51582347850718
0.114,23,sspls-v,-0.0,5.51582347850718
0.114,24,mcgs,-2.061220822108804,5.829333662674095
0.114,24,pos,-0.5223898742725998,5.829333662674095
0.114,24,sbps,-1.9085405131189215,5.829333662674095
0.114,24,prculs-d,0.9242980874740562,5.829333662674095
0.114,24,prcus-p,2.1345743220036284,5.829333662674095
0.114,24,prcus-i,-0.8571288748073973,5.829333662674095
0.114,24,prcus-a,-0.6570550440479878,5.829333662674095
0.114,24,ifrms,-0.7695210449828297,5.829333662674095
0.114,24,sspls-v,0.5098211983515907,5.829333662674095
0.114,25,mcgs,-2.087491281101253,5.545157226936747
0.114,25,pos,-1.0660639304738526,5.545157226936747
0.114,25,sbps,-1.881636483900628,5.545157226936747
0.114,25,prculs-d,1.520849028682003,5.545157226936747
0.114,25,prcus-p,1.8805067640611857,5.545157226936747
0.114,25,prcus-i,-1.2473356554725652,5.545157226936747
0.114,25,prcus-a,-0.68804923766793,5.545157226936747
0.114,25,ifrms,-0.6596731391659273,5.545157226936747
0.114,25,sspls-v,1.143223739325876,5.545157226936747
0.114,26,mcgs,-2.259831066470161,5.692652984886557
0.114,26,pos,-0.7331194459261064,5.692652984886557
0.114,26,sbps,-1.8402526108119996,5.692652984886557
0.114,26,prculs-d,1.0165040909165115,5.692652984886557
0.114,26,prcus-p,2.2244165078789195,5.692652984886557
0.114,26,prcus-i,-1.074868334972225,5.692652984886557
0.114,26,prcus-a,-0.7663565490284742,5.692652984886557
0.114,26,ifrms,-1.0474751758483904,5.692652984886557
0.114,26,sspls-v,0.43232824023766764,5.692652984886557
0.114,27,mcgs,-2.1280493098573983,5.566019549923498
0.114,27,pos,-0.8101672061826621,5.566019549923498
0.114,27,sbps,-1.2700778380487943,5.566019549923498
0.114,27,prculs-d,1.1323213854189431,5.566019549923498
0.114,27,prcus-p,2.278827295807108,5.566019549923498
0.114,27,prcus-i,-1.1770304127377043,5.566019549923498
0.114,27,prcus-a,-1.365913993335372,5.566019549923498
0.114,27,ifrms,-1.012484335386214,5.566019549923498
0.114,27,sspls-v,0.23893721085291622,5.566019549923498
0.122,0,mcgs,-2.647952335587509,5.542770680876902
0.122,0,pos,-0.4741504237389805,5.542770680876902
0.122,0,sbps,-2.0515022281710924,5.542770680876902
0.122,0,prculs-d,1.1011288108089285,5.542770680876902
0.122,0,prcus-p,2.7236861900563425,5.542770680876902
0.122,0,prcus-i,-1.2292275776161843,5.542770680876902
0.122,0,prcus-a,-0.6770165553336615,5.542770680876902
0.122,0,ifrms,-1.2480514776809153,5.542770680876902
0.122,0,sspls-v,0.22899348315324208,5.542770680876902
0.122,1,mcgs,-2.2682167695073137,4.685931206807395
0.122,1,pos,-1.5566983963357939,4.685931206807395
0.122,1,sbps,-1.0273506828249916,4.685931206807395
0.122,1,prculs-d,0.41386440120939993,4.685931206807395
0.122,1,prcus-p,2.68549028336827,4.685931206807395
0.122,1,prcus-i,-1.5870825316022867,4.685931206807395
0.122,1,prcus-a,0.0,4.685931206807395
0.122,1,ifrms,-0.36340973132100635,4.685931206807395
0.122,1,sspls-v,-0.0,4.685931206807395
0.122,2,mcgs,-2.4879620745582582,4.793724334657925
0.122,2,pos,-0.2542062826511582,4.793724334657925
0.122,2,sbps,-3.2774738249982938,4.793724334657925
0.122,2,prculs-d,1.065396099380446,4.793724334657925
0.122,2,prcus-p,1.82981326196892,4.793724334657925
0.122,2,prcus-i,-0.6671301045397003,4.793724334657925
0.122,2,prcus-a,-0.6000659184165354,4.793724334657925
0.122,2,ifrms,-0.5119927863270193,4.793724334657925
0.122,2,sspls-v,0.6174296052838222,4.793724334657925
0.122,3,mcgs,-2.0129620935269323,5.396677890455629
0.122,3,pos,-0.6229858530921036,5.396677890455629
0.122,3,sbps,-1.9290397027272195,5.396677890455629
0.122,3,prculs-d,0.8992798581900131,5.396677890455629
0.122,3,prcus-p,1.7960299913340332,5.396677890455629
0.122,3,prcus-i,-0.9170681191833884,5.396677890455629
0.122,3,prcus-a,-0.7229895754548503,5.396677890455629
0.122,3,ifrms,-1.0557771289423798,5.396677890455629
0.122,3,sspls-v,0.0,5.396677890455629
0.122,4,mcgs,-2.0334630632073267,5.680534940711727
0.122,4,pos,-0.8060985508050896,5.680534940711727
0.122,4,sbps,-1.9190541673364954,5.680534940711727
0.122,4,prculs-d,0.8125991169779647,5.680534940711727
0.122,4,prcus-p,2.312807230008107,5.680534940711727
0.122,4,prcus-i,-1.1547215529399109,5.680534940711727
0.122,4,prcus-a,-0.8927578372201712,5.680534940711727
0.122,4,ifrms,-0.8131240727679108,5.680534940711727
0.122,4,sspls-v,0.44962360174282384,5.680534940711727
0.122,5,mcgs,-2.013832121936929,5.744470951026227
0.122,5,pos,-0.5719577261020338,5.744470951026227
0.122,5,sbps,-1.8693004809801042,5.744470951026227
0.122,5,prculs-d,1.0943572176509095,5.744470951026227
0.122,5,prcus-p,2.0047234371145843,5.744470951026227
0.122,5,prcus-i,-1.222386611402118,5.744470951026227
0.122,5,prcus-a,-0.6260245524083223,5.744470951026227
0.122,5,ifrms,-0.8406982628687468,5.744470951026227
0.122,5,sspls-v,0.5632045098376078,5.744470951026227
0.122,6,mcgs,-2.245595449961978,5.730180914927718
0.122,6,pos,-0.7765800829031018,5.730180914927718
0.122,6,sbps,-1.8539578552216183,5.730180914927718
0.122,6,prculs-d,1.0651559044904788,5.730180914927718
0.122,6,prcus-p,2.187854953110272,5.730180914927718
0.122,6,prcus-i,-1.093597207721558,5.730180914927718
0.122,6,prcus-a,-0.7434700558980729,5.730180914927718
0.122,6,ifrms,-1.0053151167727647,5.730180914927718
0.122,6,sspls-v,0.500665492711377,5.730180914927718
0.122,7,mcgs,-2.1546857510908675,5.790377724182768
0.122,7,pos,-0.7620471004888959,5.790377724182768
0.122,7,sbps,-1.8478841651063083,5.790377724182768
0.122,7,prculs-d,1.0641969342256843,5.790377724182768
0.122,7,prcus-p,2.2127134039826153,5.790377724182768
0.122,7,prcus-i,-1.1304054651858102,5.790377724182768
0.122,7,prcus-a,-0.6579349391351696,5.790377724182768
0.122,7,ifrms,-1.0210616836309894,5.790377724182768
0.122,7,sspls-v,0.47925169720119515,5.790377724182768
0.122,8,mcgs,-3.13257828892618,4.408006199093348
0.122,8,pos,-1.3488998045888125,4.408006199093348
0.122,8,sbps,-1.5740245556808525,4.408006199093348
0.122,8,prculs-d,1.987637227485489,4.408006199093348
0.122,8,prcus-p,1.0800618908494284,4.408006199093348
0.122,8,prcus-i,0.0,4.408006199093348
0.122,8,prcus-a,-0.49532796613400437,4.408006199093348
0.122,8,ifrms,-0.8078755770455034,4.408006199093348
0.122,8,sspls-v,0.823782098372282,4.408006199093348
0.122,9,mcgs,-2.578845775006331,5.694796886577321
0.122,9,pos,-0.19931132087533238,5.694796886577321
0.122,9,sbps,-1.660200122107618,5.694796886577321
0.122,9,prculs-d,1.0076298836424609,5.694796886577321
0.122,9,prcus-p,2.209238308803585,5.694796886577321
0.122,9,prcus-i,-0.5446996486366961,5.694796886577321
0.122,9,prcus-a,-0.7254681461858183,5.694796886577321
0.122,9,ifrms,-1.043586044532096,5.694796886577321
0.122,9,sspls-v,0.7292882126177702,5.694796886577321
0.122,10,mcgs,-2.2104153303545173,5.75801854580097
0.122,10,pos,-0.7836980130661126,5.75801854580097
0.122,10,sbps,-1.802017202318219,5.75801854580097
0.122,10,prculs-d,1.0421914462347537,5.75801854580097
0.122,10,prcus-p,2.1986519222810257,5.75801854580097
0.122,10,prcus-i,-1.0932346202103052,5.75801854580097
0.122,10,prcus-a,-0.7319936188476639,5.75801854580097
0.122,10,ifrms,-1.0030813019107028,5.75801854580097
0.122,10,sspls-v,0.47434942321754214,5.75801854580097
0.122,11,mcgs,-2.1825709035056584,5.787075995832082
0.122,11,pos,-0.7682704253786349,5.787075995832082
0.122,11,sbps,-1.7971960944937722,5.787075995832082
0.122,11,prculs-d,1.038110726986737,5.787075995832082
0.122,11,prcus-p,2.108963698238646,5.787075995832082
0.122,11,prcus-i,-1.103165627671576,5.787075995832082
0.122,11,prcus-a,-0.719831356018359,5.787075995832082
0.122,11,ifrms,-0.9973145010098302,5.787075995832082
0.122,11,sspls-v,0.4731193377060626,5.787075995832082
0.122,12,mcgs,-2.2573136029559273,5.754737712118073
0.122,12,pos,-0.7573357194193442,5.754737712118073
0.122,12,sbps,-1.872092392711981,5.754737712118073
0.122,12,prculs-d,1.078295770384668,5.754737712118073
0.122,12,prcus-p,2.187988818498714,5.754737712118073
0.122,12,prcus-i,-1.094820628612788,5.754737712118073
0.122,12,prcus-a,-0.7666557232871231,5.754737712118073
0.122,12,ifrms,-0.9556054524221168,5.754737712118073
0.122,12,sspls-v,0.5370887784566357,5.754737712118073
0.122,13,mcgs,-2.112760019109609,5.630072570974107
0.122,13,pos,-0.47261489892385067,5.630072570974107
0.122,13,sbps,-1.422742711768474,5.630072570974107
0.122,13,prculs-d,0.7108337766590493,5.630072570974107
0.122,13,prcus-p,1.914627773354366,5.630072570974107
0.122,13,prcus-i,-1.6135044560156504,5.630072570974107
0.122,13,prcus-a,-0.9732131819519559,5.630072570974107
0.122,13,ifrms,-0.5113365753311186,5.630072570974107
0.122,13,sspls-v,0.49518237481328814,5.630072570974107
0.122,14,mcgs,-2.3362016449242526,5.369341754345878
0.122,14,pos,-0.6769457173878344,5.369341754345878
0.122,14,sbps,-1.8495739674122875,5.369341754345878
0.122,14,prculs-d,0.9188921368428085,5.369341754345878
0.122,14,prcus-p,2.0369484264541464,5.369341754345878
0.122,14,prcus-i,-1.330231377440436,5.369341754345878
0.122,14,prcus-a,-1.1469271010538389,5.369341754345878
0.122,14,ifrms,-1.3821639956413214,5.369341754345878
0.122,14,sspls-v,0.8486534486657402,5.369341754345878
0.122,15,mcgs,-2.1737626278766893,5.65700740300361
0.122,15,pos,-0.5863760391022684,5.65700740300361
0.122,15,sbps,-1.872885141830479,5.65700740300361
0.122,15,prculs-d,1.0816526718702364,5.65700740300361
0.122,15,prcus-p,1.9778103869778418,5.65700740300361
0.122,15,prcus-i,-0.9529355993237597,5.65700740300361
0.122,15,prcus-a,-0.6890851189605822,5.65700740300361
0.122,15,ifrms,-1.26610797736537,5.65700740300361
0.122,15,sspls-v,0.6433615990259983,5.65700740300361
0.122,16,mcgs,-1.6765233188139714,5.7345281915758015
0.122,16,pos,-1.0679807857717598,5.7345281915758015
0.122,16,sbps,-1.7446613616571882,5.7345281915758015
0.122,16,prculs-d,1.0730552973420229,5.7345281915758015
0.122,16,prcus-p,2.463748679177395,5.7345281915758015
0.122,16,prcus-i,-1.561743607905362,5.7345281915758015
0.122,16,prcus-a,-0.846572475804983,5.7345281915758015
0.122,16,ifrms,-0.8634845311370395,5.7345281915758015
0.122,16,sspls-v,0.12110701572581153,5.7345281915758015
0.122,17,mcgs,-0.986050391658769,5.095305814188844
0.122,17,pos,-1.1042254299107475,5.095305814188844
0.122,17,sbps,-2.1635977604563896,5.095305814188844
0.122,17,prculs-d,0.0,5.095305814188844
0.122,17,prcus-p,2.202172946096798,5.095305814188844
0.122,17,prcus-i,-0.7495318075341597,5.095305814188844
0.122,17,prcus-a,-0.7109637071180664,5.095305814188844
0.122,17,ifrms,-1.6213679230149485,5.095305814188844
0.122,17,sspls-v,0.4517407632124944,5.095305814188844
0.122,18,mcgs,-2.203884812935625,5.694968172110451
0.122,18,pos,-0.8715397233123692,5.694968172110451
0.122,18,sbps,-1.8464516044975108,5.694968172110451
0.122,18,prculs-d,1.0779699354137589,5.694968172110451
0.122,18,prcus-p,2.2013315988902966,5.694968172110451
0.122,18,prcus-i,-1.0685188670770922,5.694968172110451
0.122,18,prcus-a,-0.6597312104852441,5.694968172110451
0.122,18,ifrms,-1.0128905858633732,5.694968172110451
0.122,18,sspls-v,0.434545320933065,5.694968172110451
0.122,19,mcgs,-2.0479040857937028,5.9205624507821835
0.122,19,pos,-0.8047693368709902,5.9205624507821835
0.122,19,sbps,-1.8146173969158321,5.9205624507821835
0.122,19,prculs-d,1.0388205454446202,5.9205624507821835
0.122,19,prcus-p,2.165888397444276,5.9205624507821835
0.122,19,prcus-i,-0.9942279298394646,5.9205624507821835
0.122,19,prcus-a,-0.7391625457829462,5.9205624507821835
0.122,19,ifrms,-1.0122504815516047,5.9205624507821835
0.122,19,sspls-v,0.4615593046137039,5.9205624507821835
0.122,20,mcgs,-2.180055003165034,5.751251127764101
0.122,20,pos,-0.751153983100802,5.751251127764101
0.122,20,sbps,-1.8782791543220372,5.751251127764101
0.122,20,prculs-d,1.0535708787256155,5.751251127764101
0.122,20,prcus-p,2.1883220560010166,5.751251127764101
0.122,20,prcus-i,-1.1217421664852505,5.751251127764101
0.122,20,prcus-a,-0.7251525012269173,5.751251127764101
0.122,20,ifrms,-0.9712243417103157,5.751251127764101
0.122,20,sspls-v,0.5229839831351365,5.751251127764101
0.122,21,mcgs,-2.4184536844129796,5.816663421598967
0.122,21,pos,-0.42243257634276954,5.816663421598967
0.122,21,sbps,-1.8372738723192132,5.816663421598967
0.122,21,prculs-d,1.4469055880553832,5.816663421598967
0.122,21,prcus-p,2.244790528327446,5.816663421598967
0.122,21,prcus-i,-0.9921490585389349,5.816663421598967
0.122,21,prcus-a,-0.7916459302918224,5.816663421598967
0.122,21,ifrms,-1.3866433447093536,5.816663421598967
0.122,21,sspls-v,0.8222993638494629,5.816663421598967
0.122,22,mcgs,-2.345220673487572,5.730016366339147
0.122,22,pos,-0.7436649493302627,5.730016366339147
0.122,22,sbps,-1.7631649879931062,5.730016366339147
0.122,22,prculs-d,1.003869308387099,5.730016366339147
0.122,22,prcus-p,2.231068352574075,5.730016366339147
0.122,22,prcus-i,-1.099205248999016,5.730016366339147
0.122,22,prcus-a,-0.6911693771207114,5.730016366339147
0.122,22,ifrms,-1.0752353174617162,5.730016366339147
0.122,22,sspls-v,0.5972699492785843,5.730016366339147
0.122,23,mcgs,-1.942735019126449,5.5078343084629875
0.122,23,pos,-1.158587160927133,5.5078343084629875
0.122,23,sbps,-0.9940683284027683,5.5078343084629875
0.122,23,prculs-d,0.948251527069978,5.5078343084629875
0.122,23,prcus-p,2.6076580131904477,5.5078343084629875
0.122,23,prcus-i,-1.5773290983581991,5.5078343084629875
0.122,23,prcus-a,-0.6518425058854743,5.5078343084629875
0.122,23,ifrms,-1.1866130432250073,5.5078343084629875
0.122,23,sspls-v,-0.0,5.5078343084629875
0.122,24,mcgs,-2.0409811149011814,5.810540591757798
0.122,24,pos,-0.5238043234006562,5.810540591757798
0.122,24,sbps,-1.8969257716722614,5.810540591757798
0.122,24,prculs-d,0.8971717267739568,5.810540591757798
0.122,24,prcus-p,2.1356741271637003,5.810540591757798
0.122,24,prcus-i,-0.854469691728316,5.810540591757798
0.122,24,prcus-a,-0.6449016922367907,5.810540591757798
0.122,24,ifrms,-0.7555833551064819,5.810540591757798
0.122,24,sspls-v,0.4832467540990552,5.810540591757798
0.122,25,mcgs,-2.069210034783126,5.546151195302373
0.122,25,pos,-1.0694211330084868,5.546151195302373
0.122,25,sbps,-1.869575273801918,5.546151195302373
0.122,25,prculs-d,1.495656521503512,5.546151195302373
0.122,25,prcus-p,1.875245722844314,5.546151195302373
0.122,25,prcus-i,-1.2450917004720539,5.546151195302373
0.122,25,prcus-a,-0.6774805429543027,5.546151195302373
0.122,25,ifrms,-0.6493721619913172,5.546151195302373
0.122,25,sspls-v,1.1173361743486976,5.546151195302373
0.122,26,mcgs,-2.240767994212585,5.678081523760142
0.122,26,pos,-0.736974279814655,5.678081523760142
0.122,26,sbps,-1.827650802055826,5.678081523760142
0.122,26,prculs-d,0.99142509067862,5.678081523760142
0.122,26,prcus-p,2.218668235470714,5.678081523760142
0.122,26,prcus-i,-1.0728428035489626,5.678081523760142
0.122,26,prcus-a,-0.7558696584476464,5.678081523760142
0.122,26,ifrms,-1.036507540264745,5.678081523760142
0.122,26,sspls-v,0.4057629294447609,5.678081523760142
0.122,27,mcgs,-2.1087760626295045,5.555390373055327
0.122,27,pos,-0.8142060771706715,5.555390373055327
0.122,27,sbps,-1.258976545520476,5.555390373055327
0.122,27,prculs-d,1.108483292348864,5.555390373055327
0.122,27,prcus-p,2.2726066605901942,5.555390373055327
0.122,27,prcus-i,-1.1756118315494477,5.555390373055327
0.122,27,prcus-a,-1.3581927095800663,5.555390373055327
0.122,27,ifrms,-1.0008849040911263,5.555390373055327
0.122,27,sspls-v,0.21383140836801975,5.555390373055327
0.131,0,mcgs,-2.6241948373937465,5.527462339398978
0.131,0,pos,-0.4811342901894902,5.527462339398978
0.131,0,sbps,-2.0365968850450797,5.527462339398978
0.131,0,prculs-d,1.0736424576641976,5.527462339398978
0.131,0,prcus-p,2.7130995651603,5.527462339398978
0.131,0,prcus-i,-1.2264734305972413,5.527462339398978
0.131,0,prcus-a,-0.6652929260543674,5.527462339398978
0.131,0,ifrms,-1.2332227703027498,5.527462339398978
0.131,0,sspls-v,0.20285570386854146,5.527462339398978
0.131,1,mcgs,-2.260358520031377,4.6716338888634645
0.131,1,pos,-1.5489869104628002,4.6716338888634645
0.131,1,sbps,-1.0226415355505052,4.6716338888634645
0.131,1,prculs-d,0.39954432683495994,4.6716338888634645
0.131,1,prcus-p,2.6721857978619554,4.6716338888634645
0.131,1,prcus-i,-1.5794773557110249,4.6716338888634645
0.131,1,prcus-a,0.0,4.6716338888634645
0.131,1,ifrms,-0.35398420382770623,4.6716338888634645
0.131,1,sspls-v,-0.0,4.6716338888634645
0.131,2,mcgs,-2.4665216122430365,4.785088070347926
0.131,2,pos,-0.2586904862325744,4.785088070347926
0.131,2,sbps,-3.2672069562328896,4.785088070347926
0.131,2,prculs-d,1.0384107353276484,4.785088070347926
0.131,2,prcus-p,1.8228182641882198,4.785088070347926
0.131,2,prcus-i,-0.6649761884885752,4.785088070347926
0.131,2,prcus-a,-0.5878548377262698,4.785088070347926
0.131,2,ifrms,-0.4988738110453086,4.785088070347926
0.131,2,sspls-v,0.5895730405257326,4.785088070347926
0.131,3,mcgs,-2.0056202320936305,5.383477396582009
0.131,3,pos,-0.6152345001474248,5.383477396582009
0.131,3,sbps,-1.9260863263367294,5.383477396582009
0.131,3,prculs-d,0.8848449783320418,5.383477396582009
0.131,3,prcus-p,1.780833914295788,5.383477396582009
0.131,3,prcus-i,-0.9066450886210546,5.383477396582009
0.131,3,prcus-a,-0.7137688443633919,5.383477396582009
0.131,3,ifrms,-1.0458201728713235,5.383477396582009
0.131,3,sspls-v,0.0,5.383477396582009
0.131,4,mcgs,-2.011389022140854,5.6647052292237925
0.131,4,pos,-0.8112880030630493,5.6647052292237925
0.131,4,sbps,-1.9055095865533163,5.6647052292237925
0.131,4,prculs-d,0.7853897342800709,5.6647052292237925
0.131,4,prcus-p,2.3065735873870334,5.6647052292237925
0.131,4,prcus-i,-1.1532341315289767,5.6647052292237925
0.131,4,prcus-a,-0.8814204496196653,5.6647052292237925
0.131,4,ifrms,-0.7997910021131871,5.6647052292237925
0.131,4,sspls-v,0.4204404068105248,5.6647052292237925
0.131,5,mcgs,-1.9913156141023394,5.734936757888961
0.131,5,pos,-0.5758864606638813,5.734936757888961
0.131,5,sbps,-1.8555700665481067,5.734936757888961
0.131,5,prculs-d,1.068011708522379,5.734936757888961
0.131,5,prcus-p,1.9967069977563567,5.734936757888961
0.131,5,prcus-i,-1.2220206526955175,5.734936757888961
0.131,5,prcus-a,-0.6132737873709687,5.734936757888961
0.131,5,ifrms,-0.8261842220819702,5.734936757888961
0.131,5,sspls-v,0.5342485390454789,5.734936757888961
0.131,6,mcgs,-2.2202669334532272,5.720537394489865
0.131,6,pos,-0.7814364825025752,5.720537394489865
0.131,6,sbps,-1.8388483304865597,5.720537394489865
0.131,6,prculs-d,1.034164363241372,5.720537394489865
0.131,6,prcus-p,2.1812714240284126,5.720537394489865
0.131,6,prcus-i,-1.0935174100880312,5.720537394489865
0.131,6,prcus-a,-0.7306007831309936,5.720537394489865
0.131,6,ifrms,-0.9915838800253989,5.720537394489865
0.131,6,sspls-v,0.4667585428276442,5.720537394489865
0.131,7,mcgs,-2.1335011220612876,5.778733327267063
0.131,7,pos,-0.7674131492993145,5.778733327267063
0.131,7,sbps,-1.8339083495439088,5.778733327267063
0.131,7,prculs-d,1.0374573340146445,5.778733327267063
0.131,7,prcus-p,2.2058130837794567,5.778733327267063
0.131,7,prcus-i,-1.128622653119329,5.778733327267063
0.131,7,prcus-a,-0.647231185581097,5.778733327267063
0.131,7,ifrms,-1.0077662674093188,5.778733327267063
0.131,7,sspls-v,0.4497913690793457,5.778733327267063
0.131,8,mcgs,-3.110512118408363,4.393377982635065
0.131,8,pos,-1.3544596571795648,4.393377982635065
0.131,8,sbps,-1.55995450507151,4.393377982635065
0.131,8,prculs-d,1.9606234696873013,4.393377982635065
0.131,8,prcus-p,1.074331221787385,4.393377982635065
0.131,8,prcus-i,0.0,4.393377982635065
0.131,8,prcus-a,-0.48323481602560564,4.393377982635065
0.131,8,ifrms,-0.7945812953321469,4.393377982635065
0.131,8,sspls-v,0.7939312455766399,4.393377982635065
0.131,9,mcgs,-2.557592136273952,5.682070513000951
0.131,9,pos,-0.2027947000802603,5.682070513000951
0.131,9,sbps,-1.6465406001001555,5.682070513000951
0.131,9,prculs-d,0.9797791664475881,5.682070513000951
0.131,9,prcus-p,2.2033208813650114,5.682070513000951
0.131,9,prcus-i,-0.5420661232228701,5.682070513000951
0.131,9,prcus-a,-0.7131224281306303,5.682070513000951
0.131,9,ifrms,-1.030278832632713,5.682070513000951
0.131,9,sspls-v,0.7001912844335978,5.682070513000951
0.131,10,mcgs,-2.188409381768606,5.750143340762829
0.131,10,pos,-0.7886306861181216,5.750143340762829
0.131,10,sbps,-1.7881178899432852,5.750143340762829
0.131,10,prculs-d,1.01463672584408,5.750143340762829
0.131,10,prcus-p,2.1912784874339484,5.750143340762829
0.131,10,prcus-i,-1.0912156617197044,5.750143340762829
0.131,10,prcus-a,-0.720666105896348,5.750143340762829
0.131,10,ifrms,-0.989690205948924,5.750143340762829
0.131,10,sspls-v,0.4460461577355039,5.750143340762829
0.131,11,mcgs,-2.157902678974071,5.775198242244608
0.131,11,pos,-0.7729333921200777,5.775198242244608
0.131,11,sbps,-1.7809958713667868,5.775198242244608
0.131,11,prculs-d,1.0102524023231387,5.775198242244608
0.131,11,prcus-p,2.097966702906963,5.775198242244608
0.131,11,prcus-i,-1.1009302562620302,5.775198242244608
0.131,11,prcus-a,-0.7049682027001553,5.775198242244608
0.131,11,ifrms,-0.9823968779661347,5.775198242244608
0.131,11,sspls-v,0.4417636099799106,5.775198242244608
0.131,12,mcgs,-2.2335492623647744,5.744908196119851
0.131,12,pos,-0.7643746275744244,5.744908196119851
0.131,12,sbps,-1.8549352245759312,5.744908196119851
0.131,12,prculs-d,1.048236365232893,5.744908196119851
0.131,12,prcus-p,2.1804837293275696,5.744908196119851
0.131,12,prcus-i,-1.0936619187362642,5.744908196119851
0.131,12,prcus-a,-0.7516681997612563,5.744908196119851
0.131,12,ifrms,-0.9447547560250021,5.744908196119851
0.131,12,sspls-v,0.5035840253017585,5.744908196119851
0.131,13,mcgs,-2.090079644402963,5.626380893602849
0.131,13,pos,-0.47566318803762114,5.626380893602849
0.131,13,sbps,-1.4071334883312225,5.626380893602849
0.131,13,prculs-d,0.6815752843412471,5.626380893602849
0.131,13,prcus-p,1.9064510915333446,5.626380893602849
0.131,13,prcus-i,-1.6160008337914114,5.626380893602849
0.131,13,prcus-a,-0.9627751167577981,5.626380893602849
0.131,13,ifrms,-0.49506432895659236,5.626380893602849
0.131,13,sspls-v,0.46600591750832615,5.626380893602849
0.131,14,mcgs,-2.313562045376752,5.354052210740455
0.131,14,pos,-0.6829150641402604,5.354052210740455
0.131,14,sbps,-1.835626706554098,5.354052210740455
0.131,14,prculs-d,0.8936498716837656,5.354052210740455
0.131,14,prcus-p,2.031420930592466,5.354052210740455
0.131,14,prcus-i,-1.3269376871009029,5.354052210740455
0.131,14,prcus-a,-1.132189474039185,5.354052210740455
0.131,14,ifrms,-1.367235936730836,5.354052210740455
0.131,14,sspls-v,0.8171615548365334,5.354052210740455
0.131,15,mcgs,-2.1522619553492137,5.649075023970403
0.131,15,pos,-0.5914188776080771,5.649075023970403
0.131,15,sbps,-1.8590221194525185,5.649075023970403
0.131,15,prculs-d,1.0544006263812598,5.649075023970403
0.131,15,prcus-p,1.9710240021585148,5.649075023970403
0.131,15,prcus-i,-0.950975576867169,5.649075023970403
0.131,15,prcus-a,-0.6769858537675107,5.649075023970403
0.131,15,ifrms,-1.254360361685297,5.649075023970403
0.131,15,sspls-v,0.6140981209603673,5.649075023970403
0.131,16,mcgs,-1.6588712607476983,5.718842791935617
0.131,16,pos,-1.071322887774308,5.718842791935617
0.131,16,sbps,-1.7316032894777142,5.718842791935617
0.131,16,prculs-d,1.0475936494385123,5.718842791935617
0.131,16,prcus-p,2.4553585888539695,5.718842791935617
0.131,16,prcus-i,-1.5573441664281091,5.718842791935617
0.131,16,prcus-a,-0.8338874766138681,5.718842791935617
0.131,16,ifrms,-0.8511612330873624,5.718842791935617
0.131,16,sspls-v,0.09459809141494233,5.718842791935617
0.131,17,mcgs,-0.9786767251500724,5.092379375969473
0.131,17,pos,-1.105575612486807,5.092379375969473
0.131,17,sbps,-2.1542140323527073,5.092379375969473
0.131,17,prculs-d,0.0,5.092379375969473
0.131,17,prcus-p,2.1910654202183872,5.092379375969473
0.131,17,prcus-i,-0.7435125304222956,5.092379375969473
0.131,17,prcus-a,-0.7001961946086039,5.092379375969473
0.131,17,ifrms,-1.6130460549367527,5.092379375969473
0.131,17,sspls-v,0.43895432214847024,5.092379375969473
0.131,18,mcgs,-2.181665957902822,5.683909375791424
0.131,18,pos,-0.8769925772434173,5.683909375791424
0.131,18,sbps,-1.8325965347707638,5.683909375791424
0.131,18,prculs-d,1.0509795907472674,5.683909375791424
0.131,18,prcus-p,2.1945275703578893,5.683909375791424
0.131,18,prcus-i,-1.0670326746629677,5.683909375791424
0.131,18,prcus-a,-0.6477678823881167,5.683909375791424
0.131,18,ifrms,-0.9994892677254161,5.683909375791424
0.131,18,sspls-v,0.40493734458859676,5.683909375791424
0.131,19,mcgs,-2.026582816695282,5.9061229758713845
0.131,19,pos,-0.8115359688104935,5.9061229758713845
0.131,19,sbps,-1.800127337464009,5.9061229758713845
0.131,19,prculs-d,1.0123379391856724,5.9061229758713845
0.131,19,prcus-p,2.160077753581278,5.9061229758713845
0.131,19,prcus-i,-0.9928991219624963,5.9061229758713845
0.131,19,prcus-a,-0.7269373297906379,5.9061229758713845
0.131,19,ifrms,-0.9992743068899044,5.9061229758713845
0.131,19,sspls-v,0.43144739491689865,5.9061229758713845
0.131,20,mcgs,-2.158813663091357,5.742936985260079
0.131,20,pos,-0.7565391573010471,5.742936985260079
0.131,20,sbps,-1.8642351990768846,5.742936985260079
0.131,20,prculs-d,1.0261726627458505,5.742936985260079
0.131,20,prcus-p,2.181513818044147,5.742936985260079
0.131,20,prcus-i,-1.1198326891129549,5.742936985260079
0.131,20,prcus-a,-0.7131963012561559,5.742936985260079
0.131,20,ifrms,-0.9582377271214305,5.742936985260079
0.131,20,sspls-v,0.4938672407078037,5.742936985260079
0.131,21,mcgs,-2.3907052288429393,5.805540340776586
0.131,21,pos,-0.43788571572001017,5.805540340776586
0.131,21,sbps,-1.8232973634982512,5.805540340776586
0.131,21,prculs-d,1.4086043318414994,5.805540340776586
0.131,21,prcus-p,2.235622058602025,5.805540340776586
0.131,21,prcus-i,-0.9935823649031048,5.805540340776586
0.131,21,prcus-a,-0.7778035338043598,5.805540340776586
0.131,21,ifrms,-1.3618222354473246,5.805540340776586
0.131,21,sspls-v,0.7830161712498739,5.805540340776586
0.131,22,mcgs,-2.321778676548984,5.7188068158229175
0.131,22,pos,-0.7491298897488805,5.7188068158229175
0.131,22,sbps,-1.7509509717259464,5.7188068158229175
0.131,22,prculs-d,0.9781894728285382,5.7188068158229175
0.131,22,prcus-p,2.2232485732248706,5.7188068158229175
0.131,22,prcus-i,-1.0972288496936822,5.7188068158229175
0.131,22,prcus-a,-0.6800223502003427,5.7188068158229175
0.131,22,ifrms,-1.0610026801547388,5.7188068158229175
0.131,22,sspls-v,0.5678658934433478,5.7188068158229175
0.131,23,mcgs,-1.9353346595390277,5.498966773314038
0.131,23,pos,-1.1518672160795642,5.498966773314038
0.131,23,sbps,-0.991081582330171,5.498966773314038
0.131,23,prculs-d,0.9332246684387141,5.498966773314038
0.131,23,prcus-p,2.593237606536423,5.498966773314038
0.131,23,prcus-i,-1.5678954390021695,5.498966773314038
0.131,23,prcus-a,-0.6425611823116426,5.498966773314038
0.131,23,ifrms,-1.1759027066514072,5.498966773314038
0.131,23,sspls-v,-0.0,5.498966773314038
0.131,24,mcgs,-2.0183636893567103,5.791191391666194
0.131,24,pos,-0.5253014908285317,5.791191391666194
0.131,24,sbps,-1.8839441273604212,5.791191391666194
0.131,24,prculs-d,0.8667684877107892,5.791191391666194
0.131,24,prcus-p,2.1368552068907043,5.791191391666194
0.131,24,prcus-i,-0.8514108672049875,5.791191391666194
0.131,24,prcus-a,-0.6312506900311237,5.791191391666194
0.131,24,ifrms,-0.7399329675926916,5.791191391666194
0.131,24,sspls-v,0.4534943462552636,5.791191391666194
0.131,25,mcgs,-2.0486436326752333,5.547275621822987
0.131,25,pos,-1.0731979858599507,5.547275621822987
0.131,25,sbps,-1.8560064124408697,5.547275621822987
0.131,25,prculs-d,1.4673149509277092,5.547275621822987
0.131,25,prcus-p,1.86932705147533,5.547275621822987
0.131,25,prcus-i,-1.2425672510964805,5.547275621822987
0.131,25,prcus-a,-0.6655907614014728,5.547275621822987
0.131,25,ifrms,-0.6377835626698822,5.547275621822987
0.131,25,sspls-v,1.0882126637493732,5.547275621822987
0.131,26,mcgs,-2.2193220379228116,5.6674373897270565
0.131,26,pos,-0.7413109679392715,5.6674373897270565
0.131,26,sbps,-1.81347376720513,5.6674373897270565
0.131,26,prculs-d,0.963211215410992,5.6674373897270565
0.131,26,prcus-p,2.212201429011484,5.6674373897270565
0.131,26,prcus-i,-1.0705640806977939,5.6674373897270565
0.131,26,prcus-a,-0.7440719065442152,5.6674373897270565
0.131,26,ifrms,-1.0241689502331437,5.6674373897270565
0.131,26,sspls-v,0.37587695480273803,5.6674373897270565
0.131,27,mcgs,-2.0874089271141743,5.544961119498385
0.131,27,pos,-0.8184244402848433,5.544961119498385
0.131,27,sbps,-1.2466839290543668,5.544961119498385
0.131,27,prculs-d,1.0818552921850364,5.544961119498385
0.131,27,prcus-p,2.265476574564455,5.544961119498385
0.131,27,prcus-i,-1.1738760035973497,5.544961119498385
0.131,27,prcus-a,-1.34951940390318,5.544961119498385
0.131,27,ifrms,-0.9878951977297904,5.544961119498385
0.131,27,sspls-v,0.18590462559074653,5.544961119498385
0.14,0,mcgs,-2.6006148379888194,5.5100429778890865
0.14,0,pos,-0.4879920719831184,5.5100429778890865
0.14,0,sbps,-2.021786022474148,5.5100429778890865
0.14,0,prculs-d,1.0462831823490155,5.5100429778890865
0.14,0,prcus-p,2.7024242881778804,5.5100429778890865
0.14,0,prcus-i,-1.2236197432397342,5.5100429778890865
0.14,0,prcus-a,-0.6535916856182131,5.5100429778890865
0.14,0,ifrms,-1.2184277057999109,5.5100429778890865
0.14,0,sspls-v,0.17688416659780734,5.5100429778890865
0.14,1,mcgs,-2.252500270555441,4.662560891024235
0.14,1,pos,-1.5412754245898073,4.662560891024235
0.14,1,sbps,-1.017932388276018,4.662560891024235
0.14,1,prculs-d,0.3852242524605207,4.662560891024235
0.14,1,prcus-p,2.6588813123556396,4.662560891024235
0.14,1,prcus-i,-1.5718721798197623,4.662560891024235
0.14,1,prcus-a,0.0,4.662560891024235
0.14,1,ifrms,-0.34455867633440573,4.662560891024235
0.14,1,sspls-v,-0.0,4.662560891024235
0.14,2,mcgs,-2.4450811499278147,4.7764550981530265
0.14,2,pos,-0.2631746898139877,4.7764550981530265
0.14,2,sbps,-3.256940087467492,4.7764550981530265
0.14,2,prculs-d,1.0114253712748529,4.7764550981530265
0.14,2,prcus-p,1.8158232664075178,4.7764550981530265
0.14,2,prcus-i,-0.6628222724374502,4.7764550981530265
0.14,2,prcus-a,-0.5756437570360046,4.7764550981530265
0.14,2,ifrms,-0.485754835763597,4.7764550981530265
0.14,2,sspls-v,0.5617164757676482,4.7764550981530265
0.14,3,mcgs,-1.9982783706603269,5.3715039477803215
0.14,3,pos,-0.6074831472027452,5.3715039477803215
0.14,3,sbps,-1.9231329499462386,5.3715039477803215
0.14,3,prculs-d,0.8704100984740688,5.3715039477803215
0.14,3,prcus-p,1.7656378372575432,5.3715039477803215
0.14,3,prcus-i,-0.8962220580587208,5.3715039477803215
0.14,3,prcus-a,-0.7045481132719323,5.3715039477803215
0.14,3,ifrms,-1.0358632168002684,5.3715039477803215
0.14,3,sspls-v,0.0,5.3715039477803215
0.14,4,mcgs,-1.9891765658555673,5.650351555226744
0.14,4,pos,-0.8165681806430333,5.650351555226744
0.14,4,sbps,-1.8918966606994054,5.650351555226744
0.14,4,prculs-d,0.7580870668908216,5.650351555226744
0.14,4,prcus-p,2.300399354508861,5.650351555226744
0.14,4,prcus-i,-1.1518182546579903,5.650351555226744
0.14,4,prcus-a,-0.8700715011537792,5.650351555226744
0.14,4,ifrms,-0.7864292300853089,5.650351555226744
0.14,4,sspls-v,0.39113423575639206,5.650351555226744
0.14,5,mcgs,-1.9687991062677535,5.725419019243218
0.14,5,pos,-0.5798151952257289,5.725419019243218
0.14,5,sbps,-1.8418396521161082,5.725419019243218
0.14,5,prculs-d,1.04166619939385,5.725419019243218
0.14,5,prcus-p,1.988690558398128,5.725419019243218
0.14,5,prcus-i,-1.221654693988915,5.725419019243218
0.14,5,prcus-a,-0.6005230223336147,5.725419019243218
0.14,5,ifrms,-0.8116701812951923,5.725419019243218
0.14,5,sspls-v,0.5052925682533492,5.725419019243218
0.14,6,mcgs,-2.194938416944475,5.713949415956948
0.14,6,pos,-0.7862928821020515,5.713949415956948
0.14,6,sbps,-1.823738805751499,5.713949415956948
0.14,6,prculs-d,1.003172821992264,5.713949415956948
0.14,6,prcus-p,2.174687894946552,5.713949415956948
0.14,6,prcus-i,-1.0934376124545044,5.713949415956948
0.14,6,prcus-a,-0.7177315103639144,5.713949415956948
0.14,6,ifrms,-0.977852643278032,5.713949415956948
0.14,6,sspls-v,0.4328515929439102,5.713949415956948
0.14,7,mcgs,-2.1121860508198878,5.767060710422689
0.14,7,pos,-0.7728703188196664,5.767060710422689
0.14,7,sbps,-1.819860139333519,5.767060710422689
0.14,7,prculs-d,1.0106344033503432,5.767060710422689
0.14,7,prcus-p,2.1989731458715713,5.767060710422689
0.14,7,prcus-i,-1.1269095779291067,5.767060710422689
0.14,7,prcus-a,-0.6365110173880754,5.767060710422689
0.14,7,ifrms,-0.9944475201892737,5.767060710422689
0.14,7,sspls-v,0.42020716728803714,5.767060710422689
0.14,8,mcgs,-3.0884459478905484,4.382344386397064
0.14,8,pos,-1.3600195097703165,4.382344386397064
0.14,8,sbps,-1.545884454462166,4.382344386397064
0.14,8,prculs-d,1.9336097118891136,4.382344386397064
0.14,8,prcus-p,1.0686005527253406,4.382344386397064
0.14,8,prcus-i,0.0,4.382344386397064
0.14,8,prcus-a,-0.47114166591720547,4.382344386397064
0.14,8,ifrms,-0.7812870136187895,4.382344386397064
0.14,8,sspls-v,0.7640803927809972,4.382344386397064
0.14,9,mcgs,-2.536338497541573,5.668930625800925
0.14,9,pos,-0.20627807928518754,5.668930625800925
0.14,9,sbps,-1.632881078092695,5.668930625800925
0.14,9,prculs-d,0.951928449252715,5.668930625800925
0.14,9,prcus-p,2.1974034539264378,5.668930625800925
0.14,9,prcus-i,-0.5394325978090433,5.668930625800925
0.14,9,prcus-a,-0.7007767100754406,5.668930625800925
0.14,9,ifrms,-1.0169716207333297,5.668930625800925
0.14,9,sspls-v,0.6710943562494256,5.668930625800925
0.14,10,mcgs,-2.1664034331826945,5.742850512857861
0.14,10,pos,-0.7935633591701305,5.742850512857861
0.14,10,sbps,-1.7742185775683514,5.742850512857861
0.14,10,prculs-d,0.9870820054534053,5.742850512857861
0.14,10,prcus-p,2.1839050525868706,5.742850512857861
0.14,10,prcus-i,-1.089196703229104,5.742850512857861
0.14,10,prcus-a,-0.7093385929450308,5.742850512857861
0.14,10,ifrms,-0.9762991099871442,5.742850512857861
0.14,10,sspls-v,0.41774289225346684,5.742850512857861
0.14,11,mcgs,-2.1332344544424853,5.7632802727714
0.14,11,pos,-0.7775963588615192,5.7632802727714
0.14,11,sbps,-1.7647956482398024,5.7632802727714
0.14,11,prculs-d,0.9823940776595415,5.7632802727714
0.14,11,prcus-p,2.0869697075752796,5.7632802727714
0.14,11,prcus-i,-1.098694884852486,5.7632802727714
0.14,11,prcus-a,-0.6901050493819525,5.7632802727714
0.14,11,ifrms,-0.9674792549224405,5.7632802727714
0.14,11,sspls-v,0.41040788225376024,5.7632802727714
0.14,12,mcgs,-2.2097849217736223,5.7374410491423005
0.14,12,pos,-0.7714135357295052,5.7374410491423005
0.14,12,sbps,-1.8377780564398805,5.7374410491423005
0.14,12,prculs-d,1.0181769600811175,5.7374410491423005
0.14,12,prcus-p,2.1729786401564253,5.7374410491423005
0.14,12,prcus-i,-1.0925032088597422,5.7374410491423005
0.14,12,prcus-a,-0.7366806762353905,5.7374410491423005
0.14,12,ifrms,-0.9339040596278886,5.7374410491423005
0.14,12,sspls-v,0.47007927214687956,5.7374410491423005
0.14,13,mcgs,-2.066840659948366,5.622153803300487
0.14,13,pos,-0.47901196723199435,5.622153803300487
0.14,13,sbps,-1.3912226264965204,5.622153803300487
0.14,13,prculs-d,0.651915095350868,5.622153803300487
0.14,13,prcus-p,1.8984760587007832,5.622153803300487
0.14,13,prcus-i,-1.618793144884766,5.622153803300487
0.14,13,prcus-a,-0.9522907501633383,5.622153803300487
0.14,13,ifrms,-0.4786732844971195,5.622153803300487
0.14,13,sspls-v,0.4363290113004513,5.622153803300487
0.14,14,mcgs,-2.290784626153213,5.338738866255774
0.14,14,pos,-0.6889831575187663,5.338738866255774
0.14,14,sbps,-1.8216083770306364,5.338738866255774
0.14,14,prculs-d,0.868319659943721,5.338738866255774
0.14,14,prcus-p,2.0259528924530676,5.338738866255774
0.14,14,prcus-i,-1.3237012237324308,5.338738866255774
0.14,14,prcus-a,-1.117422724102447,5.338738866255774
0.14,14,ifrms,-1.3522744249093799,5.338738866255774
0.14,14,sspls-v,0.7855389042353511,5.338738866255774
0.14,15,mcgs,-2.1307612828217364,5.647056770985831
0.14,15,pos,-0.5964617161138863,5.647056770985831
0.14,15,sbps,-1.8451590970745562,5.647056770985831
0.14,15,prculs-d,1.0271485808922807,5.647056770985831
0.14,15,prcus-p,1.9642376173391858,5.647056770985831
0.14,15,prcus-i,-0.9490155544105771,5.647056770985831
0.14,15,prcus-a,-0.6648865885744389,5.647056770985831
0.14,15,ifrms,-1.2426127460052236,5.647056770985831
0.14,15,sspls-v,0.5848346428947342,5.647056770985831
0.14,16,mcgs,-1.6412192026814272,5.705059869701269
0.14,16,pos,-1.0746649897768574,5.705059869701269
0.14,16,sbps,-1.7185452172982396,5.705059869701269
0.14,16,prculs-d,1.0221320015350035,5.705059869701269
0.14,16,prcus-p,2.4469684985305435,5.705059869701269
0.14,16,prcus-i,-1.5529447249508541,5.705059869701269
0.14,16,prcus-a,-0.8212024774227509,5.705059869701269
0.14,16,ifrms,-0.8388379350376854,5.705059869701269
0.14,16,sspls-v,0.06808916710407319,5.705059869701269
0.14,17,mcgs,-0.9713030586413764,5.09027716183374
0.14,17,pos,-1.1069257950628664,5.09027716183374
0.14,17,sbps,-2.144830304249023,5.09027716183374
0.14,17,prculs-d,0.0,5.09027716183374
0.14,17,prcus-p,2.179957894339975,5.09027716183374
0.14,17,prcus-i,-0.7374932533104303,5.09027716183374
0.14,17,prcus-a,-0.6894286820991417,5.09027716183374
0.14,17,ifrms,-1.6047241868585584,5.09027716183374
0.14,17,sspls-v,0.42616788108444537,5.09027716183374
0.14,18,mcgs,-2.1594471028700215,5.672794026928222
0.14,18,pos,-0.8824454311744634,5.672794026928222
0.14,18,sbps,-1.818741465044016,5.672794026928222
0.14,18,prculs-d,1.0239892460807785,5.672794026928222
0.14,18,prcus-p,2.18772354182548,5.672794026928222
0.14,18,prcus-i,-1.065546482248843,5.672794026928222
0.14,18,prcus-a,-0.6358045542909887,5.672794026928222
0.14,18,ifrms,-0.9860879495874589,5.672794026928222
0.14,18,sspls-v,0.3753293682441292,5.672794026928222
0.14,19,mcgs,-2.005261547596861,5.891700989113421
0.14,19,pos,-0.8183026007499951,5.891700989113421
0.14,19,sbps,-1.7856372780121863,5.891700989113421
0.14,19,prculs-d,0.9858553329267233,5.891700989113421
0.14,19,prcus-p,2.1542671097182784,5.891700989113421
0.14,19,prcus-i,-0.9915703140855278,5.891700989113421
0.14,19,prcus-a,-0.7147121137983301,5.891700989113421
0.14,19,ifrms,-0.9862981322282036,5.891700989113421
0.14,19,sspls-v,0.40133548522009393,5.891700989113421
0.14,20,mcgs,-2.1374384747176314,5.73462945529144
0.14,20,pos,-0.7620229978692826,5.73462945529144
0.14,20,sbps,-1.8501122689714484,5.73462945529144
0.14,20,prculs-d,0.9986799100149865,5.73462945529144
0.14,20,prcus-p,2.174767679207275,5.73462945529144
0.14,20,prcus-i,-1.1179908225378572,5.73462945529144
0.14,20,prcus-a,-0.701225065866019,5.73462945529144
0.14,20,ifrms,-0.9452290906084013,5.73462945529144
0.14,20,sspls-v,0.46462006220736646,5.73462945529144
0.14,21,mcgs,-2.362956773272903,5.791263353657614
0.14,21,pos,-0.45333885509724897,5.791263353657614
0.14,21,sbps,-1.8093208546772916,5.791263353657614
0.14,21,prculs-d,1.3703030756276187,5.791263353657614
0.14,21,prcus-p,2.226453588876603,5.791263353657614
0.14,21,prcus-i,-0.9950156712672724,5.791263353657614
0.14,21,prcus-a,-0.763961137316898,5.791263353657614
0.14,21,ifrms,-1.3370011261852968,5.791263353657614
0.14,21,sspls-v,0.7437329786502883,5.791263353657614
0.14,22,mcgs,-2.298486565405571,5.709164923324421
0.14,22,pos,-0.7544927128148466,5.709164923324421
0.14,22,sbps,-1.7388114597364666,5.709164923324421
0.14,22,prculs-d,0.9526027899072829,5.709164923324421
0.14,22,prcus-p,2.2153710359030296,5.709164923324421
0.14,22,prcus-i,-1.0951774539861732,5.709164923324421
0.14,22,prcus-a,-0.6688878760729793,5.709164923324421
0.14,22,ifrms,-1.046804494438852,5.709164923324421
0.14,22,sspls-v,0.538594232016289,5.709164923324421
0.14,23,mcgs,-1.9279342999516087,5.490027965629021
0.14,23,pos,-1.145147271231997,5.490027965629021
0.14,23,sbps,-0.9880948362575722,5.490027965629021
0.14,23,prculs-d,0.9181978098074493,5.490027965629021
0.14,23,prcus-p,2.5788171998823994,5.490027965629021
0.14,23,prcus-i,-1.5584617796461382,5.490027965629021
0.14,23,prcus-a,-0.6332798587378085,5.490027965629021
0.14,23,ifrms,-1.1651923700778075,5.490027965629021
0.14,23,sspls-v,-0.0,5.490027965629021
0.14,24,mcgs,-1.9957462638122363,5.770843167788777
0.14,24,pos,-0.5267986582564077,5.770843167788777
0.14,24,sbps,-1.870962483048581,5.770843167788777
0.14,24,prculs-d,0.8363652486476184,5.770843167788777
0.14,24,prcus-p,2.1380362866177096,5.770843167788777
0.14,24,prcus-i,-0.8483520426816581,5.770843167788777
0.14,24,prcus-a,-0.6175996878254545,5.770843167788777
0.14,24,ifrms,-0.7242825800788993,5.770843167788777
0.14,24,sspls-v,0.42374193841147034,5.770843167788777
0.14,25,mcgs,-2.02807723056734,5.548384816888133
0.14,25,pos,-1.0769748387114155,5.548384816888133
0.14,25,sbps,-1.8424375510798197,5.548384816888133
0.14,25,prculs-d,1.4389733803519067,5.548384816888133
0.14,25,prcus-p,1.8634083801063492,5.548384816888133
0.14,25,prcus-i,-1.2400428017209069,5.548384816888133
0.14,25,prcus-a,-0.6537009798486427,5.548384816888133
0.14,25,ifrms,-0.6261949633484475,5.548384816888133
0.14,25,sspls-v,1.059089153150045,5.548384816888133
0.14,26,mcgs,-2.197876081633039,5.657283851744749
0.14,26,pos,-0.7456476560638877,5.657283851744749
0.14,26,sbps,-1.7992967323544333,5.657283851744749
0.14,26,prculs-d,0.9349973401433644,5.657283851744749
0.14,26,prcus-p,2.2057346225522534,5.657283851744749
0.14,26,prcus-i,-1.068285357846624,5.657283851744749
0.14,26,prcus-a,-0.7322741546407839,5.657283851744749
0.14,26,ifrms,-1.011830360201542,5.657283851744749
0.14,26,sspls-v,0.34599098016071766,5.657283851744749
0.14,27,mcgs,-2.06554126707441,5.537718276506142
0.14,27,pos,-0.8230258594265013,5.537718276506142
0.14,27,sbps,-1.2340722570814853,5.537718276506142
0.14,27,prculs-d,1.0549094809592179,5.537718276506142
0.14,27,prcus-p,2.2585822410194183,5.537718276506142
0.14,27,prcus-i,-1.1724017176662056,5.537718276506142
0.14,27,prcus-a,-1.3408650422273822,5.537718276506142
0.14,27,ifrms,-0.974813741380664,5.537718276506142
0.14,27,sspls-v,0.15749089798339083,5.537718276506142
0.149,0,mcgs,-2.577034838583893,5.49259617191536
0.149,0,pos,-0.49484985377674856,5.49259617191536
0.149,0,sbps,-2.006975159903217,5.49259617191536
0.149,0,prculs-d,1.0189239070338347,5.49259617191536
0.149,0,prcus-p,2.6917490111954567,5.49259617191536
0.149,0,prcus-i,-1.2207660558822222,5.49259617191536
0.149,0,prcus-a,-0.6418904451820573,5.49259617191536
0.149,0,ifrms,-1.2036326412970708,5.49259617191536
0.149,0,sspls-v,0.1509126293270746,5.49259617191536
0.149,1,mcgs,-2.2446420210795046,4.655338146958879
0.149,1,pos,-1.5335639387168136,4.655338146958879
0.149,1,sbps,-1.013223241001531,4.655338146958879
0.149,1,prculs-d,0.3709041780860813,4.655338146958879
0.149,1,prcus-p,2.6455768268493256,4.655338146958879
0.149,1,prcus-i,-1.5642670039284998,4.655338146958879
0.149,1,prcus-a,0.0,4.655338146958879
0.149,1,ifrms,-0.3351331488411062,4.655338146958879
0.149,1,sspls-v,-0.0,4.655338146958879
0.149,2,mcgs,-2.4236406876125938,4.767824712909525
0.149,2,pos,-0.2676588933954034,4.767824712909525
0.149,2,sbps,-3.24667321870209,4.767824712909525
0.149,2,prculs-d,0.9844400072220573,4.767824712909525
0.149,2,prcus-p,1.8088282686268153,4.767824712909525
0.149,2,prcus-i,-0.660668356386326,4.767824712909525
0.149,2,prcus-a,-0.5634326763457412,4.767824712909525
0.149,2,ifrms,-0.4726358604818853,4.767824712909525
0.149,2,sspls-v,0.5338599110095621,4.767824712909525
0.149,3,mcgs,-1.9909380834309849,5.362726596375471
0.149,3,pos,-0.5997304291728293,5.362726596375471
0.149,3,sbps,-1.920180309781874,5.362726596375471
0.149,3,prculs-d,0.8559754861953415,5.362726596375471
0.149,3,prcus-p,1.750440863309548,5.362726596375471
0.149,3,prcus-i,-0.8857977920328178,5.362726596375471
0.149,3,prcus-a,-0.69532734532715,5.362726596375471
0.149,3,ifrms,-1.0259066288993441,5.362726596375471
0.149,3,sspls-v,0.0,5.362726596375471
0.149,4,mcgs,-1.9671308991776204,5.638063901212222
0.149,4,pos,-0.8217390349774187,5.638063901212222
0.149,4,sbps,-1.8783660900048034,5.638063901212222
0.149,4,prculs-d,0.7308968069264244,5.638063901212222
0.149,4,prcus-p,2.2941535335779943,5.638063901212222
0.149,4,prcus-i,-1.1503161671443176,5.638063901212222
0.149,4,prcus-a,-0.8587364834167184,5.638063901212222
0.149,4,ifrms,-0.7731020430544167,5.638063901212222
0.149,4,sspls-v,0.36197625000448047,5.638063901212222
0.149,5,mcgs,-1.9462825984331649,5.715895783987607
0.149,5,pos,-0.5837439297875768,5.715895783987607
0.149,5,sbps,-1.8281092376841086,5.715895783987607
0.149,5,prculs-d,1.01532069026532,5.715895783987607
0.149,5,prcus-p,1.9806741190399006,5.715895783987607
0.149,5,prcus-i,-1.2212887352823156,5.715895783987607
0.149,5,prcus-a,-0.587772257296261,5.715895783987607
0.149,5,ifrms,-0.7971561405084158,5.715895783987607
0.149,5,sspls-v,0.476336597461219,5.715895783987607
0.149,6,mcgs,-2.1696099004357245,5.707436861637428
0.149,6,pos,-0.7911492817015263,5.707436861637428
0.149,6,sbps,-1.8086292810164395,5.707436861637428
0.149,6,prculs-d,0.9721812807431591,5.707436861637428
0.149,6,prcus-p,2.16810436586469,5.707436861637428
0.149,6,prcus-i,-1.0933578148209762,5.707436861637428
0.149,6,prcus-a,-0.7048622375968352,5.707436861637428
0.149,6,ifrms,-0.964121406530665,5.707436861637428
0.149,6,sspls-v,0.39894464306017874,5.707436861637428
0.149,7,mcgs,-2.0910112596331496,5.757322731320098
0.149,7,pos,-0.7782294953686398,5.757322731320098
0.149,7,sbps,-1.805889783726519,5.757322731320098
0.149,7,prculs-d,0.9839010878554161,5.757322731320098
0.149,7,prcus-p,2.1920682716719484,5.757322731320098
0.149,7,prcus-i,-1.1251215063617923,5.757322731320098
0.149,7,prcus-a,-0.6258085018146241,5.757322731320098
0.149,7,ifrms,-0.9811538635716225,5.757322731320098
0.149,7,sspls-v,0.39075618162548864,5.757322731320098
0.149,8,mcgs,-3.0663797773727337,4.372420890929606
0.149,8,pos,-1.3655793623610664,4.372420890929606
0.149,8,sbps,-1.5318144038528232,4.372420890929606
0.149,8,prculs-d,1.9065959540909276,4.372420890929606
0.149,8,prcus-p,1.0628698836632975,4.372420890929606
0.149,8,prcus-i,0.0,4.372420890929606
0.149,8,prcus-a,-0.4590485158088075,4.372420890929606
0.149,8,ifrms,-0.767992731905434,4.372420890929606
0.149,8,sspls-v,0.7342295399853566,4.372420890929606
0.149,9,mcgs,-2.5150848588091947,5.655525030923022
0.149,9,pos,-0.20976145849011488,5.655525030923022
0.149,9,sbps,-1.6192215560852332,5.655525030923022
0.149,9,prculs-d,0.9240777320578415,5.655525030923022
0.149,9,prcus-p,2.1914860264878637,5.655525030923022
0.149,9,prcus-i,-0.5367990723952166,5.655525030923022
0.149,9,prcus-a,-0.6884309920202512,5.655525030923022
0.149,9,ifrms,-1.0036644088339461,5.655525030923022
0.149,9,sspls-v,0.6419974280652541,5.655525030923022
0.149,10,mcgs,-2.1443974845967837,5.7355598836801915
0.149,10,pos,-0.7984960322221383,5.7355598836801915
0.149,10,sbps,-1.7603192651934196,5.7355598836801915
0.149,10,prculs-d,0.9595272850627306,5.7355598836801915
0.149,10,prcus-p,2.176531617739796,5.7355598836801915
0.149,10,prcus-i,-1.0871777447385043,5.7355598836801915
0.149,10,prcus-a,-0.6980110799937148,5.7355598836801915
0.149,10,ifrms,-0.962908014025365,5.7355598836801915
0.149,10,sspls-v,0.3894396267714301,5.7355598836801915
0.149,11,mcgs,-2.108438959219931,5.751359777623255
0.149,11,pos,-0.7823446346398096,5.751359777623255
0.149,11,sbps,-1.7485277293021746,5.751359777623255
0.149,11,prculs-d,0.9544480997071993,5.751359777623255
0.149,11,prcus-p,2.0760214499578145,5.751359777623255
0.149,11,prcus-i,-1.0965242756773546,5.751359777623255
0.149,11,prcus-a,-0.6752227758704941,5.751359777623255
0.149,11,ifrms,-0.9525356021155816,5.751359777623255
0.149,11,sspls-v,0.3789318639396634,5.751359777623255
0.149,12,mcgs,-2.185879788682767,5.729954295254857
0.149,12,pos,-0.7785537705925368,5.729954295254857
0.149,12,sbps,-1.8205351355239032,5.729954295254857
0.149,12,prculs-d,0.9880175973761924,5.729954295254857
0.149,12,prcus-p,2.165527976938856,5.729954295254857
0.149,12,prcus-i,-1.0914138614036386,5.729954295254857
0.149,12,prcus-a,-0.7216655798477782,5.729954295254857
0.149,12,ifrms,-0.9230355884140252,5.729954295254857
0.149,12,sspls-v,0.4364349509890069,5.729954295254857
0.149,13,mcgs,-2.043617920455977,5.616435092869948
0.149,13,pos,-0.48237200813463266,5.616435092869948
0.149,13,sbps,-1.3753149366457602,5.616435092869948
0.149,13,prculs-d,0.6222720770107876,5.616435092869948
0.149,13,prcus-p,1.8905063643376931,5.616435092869948
0.149,13,prcus-i,-1.621579981186302,5.616435092869948
0.149,13,prcus-a,-0.9418045661917192,5.616435092869948
0.149,13,ifrms,-0.46228712288097773,5.616435092869948
0.149,13,sspls-v,0.4066593157076157,5.616435092869948
0.149,14,mcgs,-2.268154393413866,5.3294740603163016
0.149,14,pos,-0.6949457930338494,5.3294740603163016
0.149,14,sbps,-1.807665946300135,5.3294740603163016
0.149,14,prculs-d,0.8430833720066001,5.3294740603163016
0.149,14,prcus-p,2.0204213555923607,5.3294740603163016
0.149,14,prcus-i,-1.32040364400505,5.3294740603163016
0.149,14,prcus-a,-1.1026870764044023,5.3294740603163016
0.149,14,ifrms,-1.337348639600179,5.3294740603163016
0.149,14,sspls-v,0.7540558971895668,5.3294740603163016
0.149,15,mcgs,-2.109260610294259,5.647082805939607
0.149,15,pos,-0.6015045546196962,5.647082805939607
0.149,15,sbps,-1.8312960746965947,5.647082805939607
0.149,15,prculs-d,0.9998965354033033,5.647082805939607
0.149,15,prcus-p,1.9574512325198596,5.647082805939607
0.149,15,prcus-i,-0.9470555319539867,5.647082805939607
0.149,15,prcus-a,-0.6527873233813675,5.647082805939607
0.149,15,ifrms,-1.2308651303251512,5.647082805939607
0.149,15,sspls-v,0.555571164829102,5.647082805939607
0.149,16,mcgs,-1.6235671446151536,5.691282139496413
0.149,16,pos,-1.0780070917794071,5.691282139496413
0.149,16,sbps,-1.7054871451187643,5.691282139496413
0.149,16,prculs-d,0.9966703536314937,5.691282139496413
0.149,16,prcus-p,2.438578408207118,5.691282139496413
0.149,16,prcus-i,-1.5485452834736024,5.691282139496413
0.149,16,prcus-a,-0.8085174782316383,5.691282139496413
0.149,16,ifrms,-0.8265146369880088,5.691282139496413
0.149,16,sspls-v,0.041580242793203326,5.691282139496413
0.149,17,mcgs,-0.9639298655197506,5.088316887483501
0.149,17,pos,-1.1082754715050092,5.088316887483501
0.149,17,sbps,-2.1354468832634033,5.088316887483501
0.149,17,prculs-d,0.0,5.088316887483501
0.149,17,prcus-p,2.1688501175402837,5.088316887483501
0.149,17,prcus-i,-0.7314736721283314,5.088316887483501
0.149,17,prcus-a,-0.6786612370636478,5.088316887483501
0.149,17,ifrms,-1.596402384730452,5.088316887483501
0.149,17,sspls-v,0.4133818056729527,5.088316887483501
0.149,18,mcgs,-2.1370955870560397,5.662165158067124
0.149,18,pos,-0.8879890760247111,5.662165158067124
0.149,18,sbps,-1.8048163275537283,5.662165158067124
0.149,18,prculs-d,0.9969125339031802,5.662165158067124
0.149,18,prcus-p,2.180977162314792,5.662165158067124
0.149,18,prcus-i,-1.0641262061508479,5.662165158067124
0.149,18,prcus-a,-0.6238225267877365,5.662165158067124
0.149,18,ifrms,-0.9726625440220926,5.662165158067124
0.149,18,sspls-v,0.34559753177425884,5.662165158067124
0.149,19,mcgs,-1.9838024048759022,5.877284028812694
0.149,19,pos,-0.8251756451288798,5.877284028812694
0.149,19,sbps,-1.77107514051415,5.877284028812694
0.149,19,prculs-d,0.9592953240401566,5.877284028812694
0.149,19,prcus-p,2.1485101352510445,5.877284028812694
0.149,19,prcus-i,-0.9902841939669877,5.877284028812694
0.149,19,prcus-a,-0.7024709164399043,5.877284028812694
0.149,19,ifrms,-0.973307625967289,5.877284028812694
0.149,19,sspls-v,0.37109975452895155,5.877284028812694
0.149,20,mcgs,-2.116206920938898,5.726334516464919
0.149,20,pos,-0.7674009581088824,5.726334516464919
0.149,20,sbps,-1.8360740879562072,5.726334516464919
0.149,20,prculs-d,0.9712886060713339,5.726334516464919
0.149,20,prcus-p,2.1679549008870427,5.726334516464919
0.149,20,prcus-i,-1.1160764018108504,5.726334516464919
0.149,20,prcus-a,-0.6892699652045642,5.726334516464919
0.149,20,ifrms,-0.932244086149189,5.726334516464919
0.149,20,sspls-v,0.4355128565846151,5.726334516464919
0.149,21,mcgs,-2.3352083177028673,5.780539873651787
0.149,21,pos,-0.46879199447448794,5.780539873651787
0.149,21,sbps,-1.795344345856332,5.780539873651787
0.149,21,prculs-d,1.3320018194137364,5.780539873651787
0.149,21,prcus-p,2.21728511915118,5.780539873651787
0.149,21,prcus-i,-0.99644897763144,5.780539873651787
0.149,21,prcus-a,-0.7501187408294344,5.780539873651787
0.149,21,ifrms,-1.3121800169232676,5.780539873651787
0.149,21,sspls-v,0.7044497860507024,5.780539873651787
0.149,22,mcgs,-2.2751944542621545,5.699522671369078
0.149,22,pos,-0.7598555358808152,5.699522671369078
0.149,22,sbps,-1.7266719477469865,5.699522671369078
0.149,22,prculs-d,0.9270161069860273,5.699522671369078
0.149,22,prcus-p,2.2074934985811887,5.699522671369078
0.149,22,prcus-i,-1.093126058278663,5.699522671369078
0.149,22,prcus-a,-0.6577534019456152,5.699522671369078
0.149,22,ifrms,-1.0326063087229658,5.699522671369078
0.149,22,sspls-v,0.5093225705892278,5.699522671369078
0.149,23,mcgs,-1.920533940364187,5.48143787429997
0.149,23,pos,-1.1384273263844282,5.48143787429997
0.149,23,sbps,-0.9851080901849739,5.48143787429997
0.149,23,prculs-d,0.9031709511761841,5.48143787429997
0.149,23,prcus-p,2.5643967932283744,5.48143787429997
0.149,23,prcus-i,-1.5490281202901086,5.48143787429997
0.149,23,prcus-a,-0.623998535163976,5.48143787429997
0.149,23,ifrms,-1.1544820335042079,5.48143787429997
0.149,23,sspls-v,-0.0,5.48143787429997
0.149,24,mcgs,-1.9731288382677643,5.757902406444891
0.149,24,pos,-0.5282958256842816,5.757902406444891
0.149,24,sbps,-1.857980838736741,5.757902406444891
0.149,24,prculs-d,0.8059620095844521,5.757902406444891
0.149,24,prcus-p,2.139217366344712,5.757902406444891
0.149,24,prcus-i,-0.8452932181583297,5.757902406444891
0.149,24,prcus-a,-0.6039486856197883,5.757902406444891
0.149,24,ifrms,-0.708632192565109,5.757902406444891
0.149,24,sspls-v,0.39398953056767916,5.757902406444891
0.149,25,mcgs,-2.0075108284594467,5.549366443529343
0.149,25,pos,-1.080751691562881,5.549366443529343
0.149,25,sbps,-1.82886868971877,5.549366443529343
0.149,25,prculs-d,1.4106318097761035,5.549366443529343
0.149,25,prcus-p,1.8574897087373667,5.549366443529343
0.149,25,prcus-i,-1.237518352345332,5.549366443529343
0.149,25,prcus-a,-0.6418111982958123,5.549366443529343
0.149,25,ifrms,-0.6146063640270124,5.549366443529343
0.149,25,sspls-v,1.029965642550719,5.549366443529343
0.149,26,mcgs,-2.1764301253432654,5.648514225812666
0.149,26,pos,-0.7499843441885042,5.648514225812666
0.149,26,sbps,-1.7851196975037382,5.648514225812666
0.149,26,prculs-d,0.9067834648757359,5.648514225812666
0.149,26,prcus-p,2.1992678160930232,5.648514225812666
0.149,26,prcus-i,-1.0660066349954553,5.648514225812666
0.149,26,prcus-a,-0.7204764027373524,5.648514225812666
0.149,26,ifrms,-0.9994917701699407,5.648514225812666
0.149,26,sspls-v,0.3161050055186966,5.648514225812666
0.149,27,mcgs,-2.0436803269526482,5.530524020216778
0.149,27,pos,-0.8276266679869185,5.530524020216778
0.149,27,sbps,-1.221476134264984,5.530524020216778
0.149,27,prculs-d,1.0279713019755785,5.530524020216778
0.149,27,prcus-p,2.251674458421317,5.530524020216778
0.149,27,prcus-i,-1.1709174111222214,5.530524020216778
0.149,27,prcus-a,-1.3322055082684965,5.530524020216778
0.149,27,ifrms,-0.9617327673096219,5.530524020216778
0.149,27,sspls-v,0.12908937937922976,5.530524020216778
0.16,0,mcgs,-2.5482284568522706,5.471343145608989
0.16,0,pos,-0.5032219139814662,5.471343145608989
0.16,0,sbps,-1.9888802430051398,5.471343145608989
0.16,0,prculs-d,0.9854945420343701,5.471343145608989
0.16,0,prcus-p,2.6786946491386496,5.471343145608989
0.16,0,prcus-i,-1.2172705791280154,5.471343145608989
0.16,0,prcus-a,-0.6275906467390302,5.471343145608989
0.16,0,ifrms,-1.1855523657338352,5.471343145608989
0.16,0,sspls-v,0.11918239325414409,5.471343145608989
0.16,1,mcgs,-2.2350374939422486,4.646478534971432
0.16,1,pos,-1.5241387893164893,4.646478534971432
0.16,1,sbps,-1.0074676165549368,4.646478534971432
0.16,1,prculs-d,0.35340186496176634,4.646478534971432
0.16,1,prcus-p,2.6293157890082726,4.646478534971432
0.16,1,prcus-i,-1.5549717889502908,4.646478534971432
0.16,1,prcus-a,0.0,4.646478534971432
0.16,1,ifrms,-0.3236130596826283,4.646478534971432
0.16,1,sspls-v,-0.0,4.646478534971432
0.16,2,mcgs,-2.397435678116212,4.756086313873414
0.16,2,pos,-0.2731395866615775,4.756086313873414
0.16,2,sbps,-3.234124823544379,4.756086313873414
0.16,2,prculs-d,0.9514578956019724,4.756086313873414
0.16,2,prcus-p,1.8002788268948478,4.756086313873414
0.16,2,prcus-i,-0.6580357923238387,4.756086313873414
0.16,2,prcus-a,-0.5485080221687499,4.756086313873414
0.16,2,ifrms,-0.4566015573597953,4.756086313873414
0.16,2,sspls-v,0.49981299852745464,4.756086313873414
0.16,3,mcgs,-1.9819685391183108,5.352920341267749
0.16,3,pos,-0.5902532218273686,5.352920341267749
0.16,3,sbps,-1.9165724243048445,5.352920341267749
0.16,3,prculs-d,0.8383335082915649,5.352920341267749
0.16,3,prcus-p,1.731865691332444,5.352920341267749
0.16,3,prcus-i,-0.8730555172773263,5.352920341267749
0.16,3,prcus-a,-0.6840574729405916,5.352920341267749
0.16,3,ifrms,-1.0137379144518972,5.352920341267749
0.16,3,sspls-v,-0.0,5.352920341267749
0.16,4,mcgs,-1.9400687459927068,5.625306301303599
0.16,4,pos,-0.8281359490015179,5.625306301303599
0.16,4,sbps,-1.8617707287754044,5.625306301303599
0.16,4,prculs-d,0.6975851107912996,5.625306301303599
0.16,4,prcus-p,2.286570168901421,5.625306301303599
0.16,4,prcus-i,-1.148540994350338,5.625306301303599
0.16,4,prcus-a,-0.8448727641320691,5.625306301303599
0.16,4,ifrms,-0.7567889050083306,5.625306301303599
0.16,4,sspls-v,0.3262343607691811,5.625306301303599
0.16,5,mcgs,-1.9187624221908899,5.704251997208856
0.16,5,pos,-0.5885457164742802,5.704251997208856
0.16,5,sbps,-1.8113276200449993,5.704251997208856
0.16,5,prculs-d,0.983120623552672,5.704251997208856
0.16,5,prcus-p,1.9708762487131783,5.704251997208856
0.16,5,prcus-i,-1.2208414524186921,5.704251997208856
0.16,5,prcus-a,-0.5721879889172734,5.704251997208856
0.16,5,ifrms,-0.7794167573245755,5.704251997208856
0.16,5,sspls-v,0.4409459664930591,5.704251997208856
0.16,6,mcgs,-2.1386528247028065,5.698463335091833
0.16,6,pos,-0.7970848812119965,5.698463335091833
0.16,6,sbps,-1.7901620841180332,5.698463335091833
0.16,6,prculs-d,0.9343027303275833,5.698463335091833
0.16,6,prcus-p,2.1600578303201945,5.698463335091833
0.16,6,prcus-i,-1.0932602843799981,5.698463335091833
0.16,6,prcus-a,-0.6891331264370708,5.698463335091833
0.16,6,ifrms,-0.9473387838394393,5.698463335091833
0.16,6,sspls-v,0.35750281542450557,5.698463335091833
0.16,7,mcgs,-2.0651309592938025,5.745425387893356
0.16,7,pos,-0.7847796000396062,5.745425387893356
0.16,7,sbps,-1.7888149046512969,5.745425387893356
0.16,7,prculs-d,0.951227035583839,5.745425387893356
0.16,7,prcus-p,2.1836289809835208,5.745425387893356
0.16,7,prcus-i,-1.1229360855572936,5.745425387893356
0.16,7,prcus-a,-0.6127276494470747,5.745425387893356
0.16,7,ifrms,-0.964906061038941,5.745425387893356
0.16,7,sspls-v,0.3547605324823735,5.745425387893356
0.16,8,mcgs,-3.039410013406513,4.365060234909877
0.16,8,pos,-1.3723747377497633,4.365060234909877
0.16,8,sbps,-1.5146176753302922,4.365060234909877
0.16,8,prculs-d,1.8735791390042535,4.365060234909877
0.16,8,prcus-p,1.0558657325874667,4.365060234909877
0.16,8,prcus-i,0.0,4.365060234909877
0.16,8,prcus-a,-0.4442679990096523,4.365060234909877
0.16,8,ifrms,-0.7517441653668874,4.365060234909877
0.16,8,sspls-v,0.6977451643462369,4.365060234909877
0.16,9,mcgs,-2.4891081892473994,5.639108994242326
0.16,9,pos,-0.21401892196280375,5.639108994242326
0.16,9,sbps,-1.6025265847427816,5.639108994242326
0.16,9,prculs-d,0.8900379665974428,5.639108994242326
0.16,9,prcus-p,2.1842536151740513,5.639108994242326
0.16,9,prcus-i,-0.5335803191116506,5.639108994242326
0.16,9,prcus-a,-0.6733417810639111,5.639108994242326
0.16,9,ifrms,-0.9874000387347001,5.639108994242326
0.16,9,sspls-v,0.6064345158401557,5.639108994242326
0.16,10,mcgs,-2.1175013252140036,5.726624252574042
0.16,10,pos,-0.80452485484126,5.726624252574042
0.16,10,sbps,-1.7433312167351673,5.726624252574042
0.16,10,prculs-d,0.9258492934741275,5.726624252574042
0.16,10,prcus-p,2.167519641815591,5.726624252574042
0.16,10,prcus-i,-1.0847101288055485,5.726624252574042
0.16,10,prcus-a,-0.6841663419421056,5.726624252574042
0.16,10,ifrms,-0.9465411189609687,5.726624252574042
0.16,10,sspls-v,0.3548467467378286,5.726624252574042
0.16,11,mcgs,-2.0783022190384184,5.736812396630198
0.16,11,pos,-0.7880348932109232,5.736812396630198
0.16,11,sbps,-1.728734537306744,5.736812396630198
0.16,11,prculs-d,0.9204082044249339,5.736812396630198
0.16,11,prcus-p,2.062575580110527,5.736812396630198
0.16,11,prcus-i,-1.0937853811895446,5.736812396630198
0.16,11,prcus-a,-0.6570586994920996,5.736812396630198
0.16,11,ifrms,-0.9343056743419509,5.736812396630198
0.16,11,sspls-v,0.34062077864985413,5.736812396630198
0.16,12,mcgs,-2.156848440994475,5.720839212203685
0.16,12,pos,-0.787146835523195,5.720839212203685
0.16,12,sbps,-1.799573764469861,5.720839212203685
0.16,12,prculs-d,0.9512882337156015,5.720839212203685
0.16,12,prcus-p,2.15634969464951,5.720839212203685
0.16,12,prcus-i,-1.0899907841924357,5.720839212203685
0.16,12,prcus-a,-0.7033502289776786,5.720839212203685
0.16,12,ifrms,-0.9097753882590532,5.720839212203685
0.16,12,sspls-v,0.3954985332231199,5.720839212203685
0.16,13,mcgs,-2.015188257739191,5.60798210066412
0.16,13,pos,-0.48650678158182087,5.60798210066412
0.16,13,sbps,-1.3558463527097904,5.60798210066412
0.16,13,prculs-d,0.5860093000619526,5.60798210066412
0.16,13,prcus-p,1.880784085414447,5.60798210066412
0.16,13,prcus-i,-1.625011116163426,5.60798210066412
0.16,13,prcus-a,-0.9289837809349645,5.60798210066412
0.16,13,ifrms,-0.442249973303456,5.60798210066412
0.16,13,sspls-v,0.3703537284676335,5.60798210066412
0.16,14,mcgs,-2.240495220065775,5.321462349793827
0.16,14,pos,-0.7022334586633934,5.321462349793827
0.16,14,sbps,-1.7906251976295233,5.321462349793827
0.16,14,prculs-d,0.8122390200834523,5.321462349793827
0.16,14,prcus-p,2.0136605883181637,5.321462349793827
0.16,14,prcus-i,-1.3163732687826963,5.321462349793827
0.16,14,prcus-a,-1.0846768403290137,5.321462349793827
0.16,14,ifrms,-1.3191060131111574,5.321462349793827
0.16,14,sspls-v,0.7155766663558325,5.321462349793827
0.16,15,mcgs,-2.0829820105384536,5.646822441828288
0.16,15,pos,-0.6076680239045731,5.646822441828288
0.16,15,sbps,-1.8143523806790869,5.646822441828288
0.16,15,prculs-d,0.9665884798056618,5.646822441828288
0.16,15,prcus-p,1.949156762185126,5.646822441828288
0.16,15,prcus-i,-0.944659948951485,5.646822441828288
0.16,15,prcus-a,-0.6379993325898358,5.646822441828288
0.16,15,ifrms,-1.2165069333828398,5.646822441828288
0.16,15,sspls-v,0.5198046916377735,5.646822441828288
0.16,16,mcgs,-1.601809742863201,5.6728022712731
0.16,16,pos,-1.0822163727809662,5.6728022712731
0.16,16,sbps,-1.6894520424038437,5.6728022712731
0.16,16,prculs-d,0.9654996618569741,5.6728022712731
0.16,16,prcus-p,2.42842623572134,5.6728022712731
0.16,16,prcus-i,-1.5433029057265844,5.6728022712731
0.16,16,prcus-a,-0.7930172032922135,5.6728022712731
0.16,16,ifrms,-0.8114114659149182,5.6728022712731
0.16,16,sspls-v,0.009023768859373008,5.6728022712731
0.16,17,mcgs,-0.9549260817913116,5.086476863341996
0.16,17,pos,-1.1099166330290007,5.086476863341996
0.16,17,sbps,-2.1239833807699835,5.086476863341996
0.16,17,prculs-d,0.0,5.086476863341996
0.16,17,prcus-p,2.1552697601808997,5.086476863341996
0.16,17,prcus-i,-0.7241113339254638,5.086476863341996
0.16,17,prcus-a,-0.6655021520241775,5.086476863341996
0.16,17,ifrms,-1.5862323933795974,5.086476863341996
0.16,17,sspls-v,0.3977604797618838,5.086476863341996
0.16,18,mcgs,-2.1099596479691023,5.6498774753090215
0.16,18,pos,-0.8946396869642239,5.6498774753090215
0.16,18,sbps,-1.787893148817638,5.6498774753090215
0.16,18,prculs-d,0.9639376416212492,5.6498774753090215
0.16,18,prcus-p,2.172652245458702,5.6498774753090215
0.16,18,prcus-i,-1.062299592976276,5.6498774753090215
0.16,18,prcus-a,-0.6092035623919793,5.6498774753090215
0.16,18,ifrms,-0.9562868663791306,5.6498774753090215
0.16,18,sspls-v,0.30942908842034195,5.6498774753090215
0.16,19,mcgs,-1.9577680531364057,5.8613946789401545
0.16,19,pos,-0.8334266953747897,5.8613946789401545
0.16,19,sbps,-1.7533781254932854,5.8613946789401545
0.16,19,prculs-d,0.9269417164022762,5.8613946789401545
0.16,19,prcus-p,2.141398514463881,5.8613946789401545
0.16,19,prcus-i,-0.9886523621568782,5.8613946789401545
0.16,19,prcus-a,-0.6875318809677027,5.8613946789401545
0.16,19,ifrms,-0.9574504532427864,5.8613946789401545
0.16,19,sspls-v,0.3343187407303116,5.8613946789401545
0.16,20,mcgs,-2.0902572440982263,5.717683545099981
0.16,20,pos,-0.773974020623948,5.717683545099981
0.16,20,sbps,-1.8189163111598001,5.717683545099981
0.16,20,prculs-d,0.9378103456957595,5.717683545099981
0.16,20,prcus-p,2.159628171828977,5.717683545099981
0.16,20,prcus-i,-1.1137365542556166,5.717683545099981
0.16,20,prcus-a,-0.674658175507231,5.717683545099981
0.16,20,ifrms,-0.9163735251434842,5.717683545099981
0.16,20,sspls-v,0.39993738304569837,5.717683545099981
0.16,21,mcgs,-2.3012935386728204,5.771780933495502
0.16,21,pos,-0.48767916482444884,5.771780933495502
0.16,21,sbps,-1.7782619461862685,5.771780933495502
0.16,21,prculs-d,1.2851891729301022,5.771780933495502
0.16,21,prcus-p,2.206079211708998,5.771780933495502
0.16,21,prcus-i,-0.9982007965209797,5.771780933495502
0.16,21,prcus-a,-0.7332002562336445,5.771780933495502
0.16,21,ifrms,-1.2818431056030108,5.771780933495502
0.16,21,sspls-v,0.6564369950956499,5.771780933495502
0.16,22,mcgs,-2.246726318420203,5.690129286324894
0.16,22,pos,-0.7664100974058864,5.690129286324894
0.16,22,sbps,-1.7118347664265121,5.690129286324894
0.16,22,prculs-d,0.8957434945267151,5.690129286324894
0.16,22,prcus-p,2.1978653974100495,5.690129286324894
0.16,22,prcus-i,-1.090618796858374,5.690129286324894
0.16,22,prcus-a,-0.6441446002343924,5.690129286324894
0.16,22,ifrms,-1.0152529706257716,5.690129286324894
0.16,22,sspls-v,0.4735460955117123,5.690129286324894
0.16,23,mcgs,-1.9114890564240068,5.471632314701275
0.16,23,pos,-1.1302140604596227,5.471632314701275
0.16,23,sbps,-0.9814576227629092,5.471632314701275
0.16,23,prculs-d,0.8848047906268611,5.471632314701275
0.16,23,prcus-p,2.5467718517623443,5.471632314701275
0.16,23,prcus-i,-1.5374980921882944,5.471632314701275
0.16,23,prcus-a,-0.6126546952404018,5.471632314701275
0.16,23,ifrms,-1.1413916221364746,5.471632314701275
0.16,23,sspls-v,-0.0,5.471632314701275
0.16,24,mcgs,-1.945485318157854,5.743008180560901
0.16,24,pos,-0.5301256969850175,5.743008180560901
0.16,24,sbps,-1.8421143845778245,5.743008180560901
0.16,24,prculs-d,0.7688024951739107,5.743008180560901
0.16,24,prcus-p,2.140660908233275,5.743008180560901
0.16,24,prcus-i,-0.8415546548520395,5.743008180560901
0.16,24,prcus-a,-0.587264127368416,5.743008180560901
0.16,24,ifrms,-0.6895039411593636,5.743008180560901
0.16,24,sspls-v,0.3576254765363774,5.743008180560901
0.16,25,mcgs,-1.9823741147720193,5.5499485401351025
0.16,25,pos,-1.0853678450480038,5.5499485401351025
0.16,25,sbps,-1.8122845258330438,5.5499485401351025
0.16,25,prculs-d,1.3759921124056773,5.5499485401351025
0.16,25,prcus-p,1.8502557770641657,5.5499485401351025
0.16,25,prcus-i,-1.234432914219633,5.5499485401351025
0.16,25,prcus-a,-0.6272792430645766,5.5499485401351025
0.16,25,ifrms,-0.6004425204119238,5.5499485401351025
0.16,25,sspls-v,0.9943702407070985,5.5499485401351025
0.16,26,mcgs,-2.150087484851294,5.639621394647306
0.16,26,pos,-0.7553700904937255,5.639621394647306
0.16,26,sbps,-1.7677186970465402,5.639621394647306
0.16,26,prculs-d,0.8722060919403433,5.639621394647306
0.16,26,prcus-p,2.1914243736776178,5.639621394647306
0.16,26,prcus-i,-1.0632875763845044,5.639621394647306
0.16,26,prcus-a,-0.7060431289432806,5.639621394647306
0.16,26,ifrms,-0.9843905828165668,5.639621394647306
0.16,26,sspls-v,0.27945432905723294,5.639621394647306
0.16,27,mcgs,-2.016932274025324,5.5220654777296145
0.16,27,pos,-0.8332685203287011,5.5220654777296145
0.16,27,sbps,-1.206064327578264,5.5220654777296145
0.16,27,prculs-d,0.9950284817857971,5.5220654777296145
0.16,27,prcus-p,2.243244159156766,5.5220654777296145
0.16,27,prcus-i,-1.169118510555965,5.5220654777296145
0.16,27,prcus-a,-1.3216231034687096,5.5220654777296145
0.16,27,ifrms,-0.9457395206777407,5.5220654777296145
0.16,27,sspls-v,0.09434979010659363,5.5220654777296145
0.171,0,mcgs,-2.519429141378643,5.450344080717941
0.171,0,pos,-0.5115889547329652,5.450344080717941
0.171,0,sbps,-1.9707890873979836,5.450344080717941
0.171,0,prculs-d,0.95207023601652,5.450344080717941
0.171,0,prcus-p,2.665636757829102,5.450344080717941
0.171,0,prcus-i,-1.2137711396508049,5.450344080717941
0.171,0,prcus-a,-0.6132917395969343,5.450344080717941
0.171,0,ifrms,-1.167473429500118,5.450344080717941
0.171,0,sspls-v,0.0874587753012878,5.450344080717941
0.171,1,mcgs,-2.2254329668049917,4.637446450642835
0.171,1,pos,-1.5147136399161643,4.637446450642835
0.171,1,sbps,-1.0017119921083422,4.637446450642835
0.171,1,prculs-d,0.33589955183745085,4.637446450642835
0.171,1,prcus-p,2.6130547511672204,4.637446450642835
0.171,1,prcus-i,-1.5456765739720815,4.637446450642835
0.171,1,prcus-a,0.0,4.637446450642835
0.171,1,ifrms,-0.31209297052414997,4.637446450642835
0.171,1,sspls-v,-0.0,4.637446450642835
0.171,2,mcgs,-2.37123066861983,4.742942237928346
0.171,2,pos,-0.278620279927752,4.742942237928346
0.171,2,sbps,-3.221576428386666,4.742942237928346
0.171,2,prculs-d,0.9184757839818872,4.742942237928346
0.171,2,prcus-p,1.7917293851628786,4.742942237928346
0.171,2,prcus-i,-0.6554032282613534,4.742942237928346
0.171,2,prcus-a,-0.5335833679917583,4.742942237928346
0.171,2,ifrms,-0.44056725423770315,4.742942237928346
0.171,2,sspls-v,0.4657660860453475,4.742942237928346
0.171,3,mcgs,-1.9729989948056368,5.344180540511685
0.171,3,pos,-0.5807760144819075,5.344180540511685
0.171,3,sbps,-1.912964538827816,5.344180540511685
0.171,3,prculs-d,0.8206915303877875,5.344180540511685
0.171,3,prcus-p,1.7132905193553396,5.344180540511685
0.171,3,prcus-i,-0.8603132425218326,5.344180540511685
0.171,3,prcus-a,-0.6727876005540326,5.344180540511685
0.171,3,ifrms,-1.0015692000044498,5.344180540511685
0.171,3,sspls-v,-0.0,5.344180540511685
0.171,4,mcgs,-1.9130792618932748,5.612299977934021
0.171,4,pos,-0.8344851958957404,5.612299977934021
0.171,4,sbps,-1.845211256793556,5.612299977934021
0.171,4,prculs-d,0.664322395058621,5.612299977934021
0.171,4,prcus-p,2.2789556061971954,5.612299977934021
0.171,4,prcus-i,-1.1467282662400609,5.612299977934021
0.171,4,prcus-a,-0.8310151237952619,5.612299977934021
0.171,4,ifrms,-0.7404908359595287,5.612299977934021
0.171,4,sspls-v,0.29055704934385573,5.612299977934021
0.171,5,mcgs,-1.891242245948616,5.694540985295221
0.171,5,pos,-0.5933475031609828,5.694540985295221
0.171,5,sbps,-1.7945460024058917,5.694540985295221
0.171,5,prculs-d,0.9509205568400251,5.694540985295221
0.171,5,prcus-p,1.9610783783864563,5.694540985295221
0.171,5,prcus-i,-1.220394169555068,5.694540985295221
0.171,5,prcus-a,-0.5566037205382861,5.694540985295221
0.171,5,ifrms,-0.7616773741407387,5.694540985295221
0.171,5,sspls-v,0.4055553355249012,5.694540985295221
0.171,6,mcgs,-2.107575741616874,5.68845293262303
0.171,6,pos,-0.8030913658630906,5.68845293262303
0.171,6,sbps,-1.7716311138570349,5.68845293262303
0.171,6,prculs-d,0.8963373387114867,5.68845293262303
0.171,6,prcus-p,2.1520603456267744,5.68845293262303
0.171,6,prcus-i,-1.093224854748125,5.68845293262303
0.171,6,prcus-a,-0.6733889120551255,5.68845293262303
0.171,6,ifrms,-0.9305345271525318,5.68845293262303
0.171,6,sspls-v,0.3159465355614484,5.68845293262303
0.171,7,mcgs,-2.0392506589544555,5.732574892384422
0.171,7,pos,-0.7913297047105732,5.732574892384422
0.171,7,sbps,-1.7717400255760762,5.732574892384422
0.171,7,prculs-d,0.9185529833122609,5.732574892384422
0.171,7,prcus-p,2.1751896902950922,5.732574892384422
0.171,7,prcus-i,-1.1207506647527958,5.732574892384422
0.171,7,prcus-a,-0.599646797079524,5.732574892384422
0.171,7,ifrms,-0.9486582585062583,5.732574892384422
0.171,7,sspls-v,0.31876488333926023,5.732574892384422
0.171,8,mcgs,-3.012284114162418,4.362645334538898
0.171,8,pos,-1.3792629629008246,4.362645334538898
0.171,8,sbps,-1.4973496934734805,4.362645334538898
0.171,8,prculs-d,1.8404283261792742,4.362645334538898
0.171,8,prcus-p,1.0489098115314666,4.362645334538898
0.171,8,prcus-i,0.0,4.362645334538898
0.171,8,prcus-a,-0.4294549095666275,4.362645334538898
0.171,8,ifrms,-0.7354857169705323,4.362645334538898
0.171,8,sspls-v,0.6611130007214258,4.362645334538898
0.171,9,mcgs,-2.4631315196856036,5.622763343083692
0.171,9,pos,-0.21827638543549255,5.622763343083692
0.171,9,sbps,-1.585831613400328,5.622763343083692
0.171,9,prculs-d,0.8559982011370427,5.622763343083692
0.171,9,prcus-p,2.1770212038602383,5.622763343083692
0.171,9,prcus-i,-0.5303615658280855,5.622763343083692
0.171,9,prcus-a,-0.6582525701075702,5.622763343083692
0.171,9,ifrms,-0.9711356686354543,5.622763343083692
0.171,9,sspls-v,0.570871603615057,5.622763343083692
0.171,10,mcgs,-2.0904776400683405,5.71704721834547
0.171,10,pos,-0.8106416643517537,5.71704721834547
0.171,10,sbps,-1.726278031907735,5.71704721834547
0.171,10,prculs-d,0.8920867696721343,5.71704721834547
0.171,10,prcus-p,2.1585647576190143,5.71704721834547
0.171,10,prcus-i,-1.0823096139461321,5.71704721834547
0.171,10,prcus-a,-0.6703062484332087,5.71704721834547
0.171,10,ifrms,-0.9301500232731308,5.71704721834547
0.171,10,sspls-v,0.32013795763153285,5.71704721834547
0.171,11,mcgs,-2.048165478856903,5.7220692689930726
0.171,11,pos,-0.7937251517820381,5.7220692689930726
0.171,11,sbps,-1.708941345311312,5.7220692689930726
0.171,11,prculs-d,0.886368309142668,5.7220692689930726
0.171,11,prcus-p,2.0491297102632404,5.7220692689930726
0.171,11,prcus-i,-1.0910464867017338,5.7220692689930726
0.171,11,prcus-a,-0.6388946231137036,5.7220692689930726
0.171,11,ifrms,-0.9160757465683202,5.7220692689930726
0.171,11,sspls-v,0.3023096933600426,5.7220692689930726
0.171,12,mcgs,-2.127817093306181,5.711686488937308
0.171,12,pos,-0.7957399004538526,5.711686488937308
0.171,12,sbps,-1.7786123934158173,5.711686488937308
0.171,12,prculs-d,0.9145588700550078,5.711686488937308
0.171,12,prcus-p,2.1471714123601657,5.711686488937308
0.171,12,prcus-i,-1.088567706981233,5.711686488937308
0.171,12,prcus-a,-0.6850348781075783,5.711686488937308
0.171,12,ifrms,-0.8965151881040817,5.711686488937308
0.171,12,sspls-v,0.3545621154572319,5.711686488937308
0.171,13,mcgs,-1.9867261751744731,5.599602923998093
0.171,13,pos,-0.4906611475589304,5.599602923998093
0.171,13,sbps,-1.3363595128803458,5.599602923998093
0.171,13,prculs-d,0.5497237494336249,5.599602923998093
0.171,13,prcus-p,1.8710748036553542,5.599602923998093
0.171,13,prcus-i,-1.6284598943907447,5.599602923998093
0.171,13,prcus-a,-0.9161599893842097,5.599602923998093
0.171,13,ifrms,-0.4222060522943753,5.599602923998093
0.171,13,sspls-v,0.334018238677801,5.599602923998093
0.171,14,mcgs,-2.212836046717685,5.313478496477278
0.171,14,pos,-0.7095211242929379,5.313478496477278
0.171,14,sbps,-1.77358444895891,5.313478496477278
0.171,14,prculs-d,0.7813946681603047,5.313478496477278
0.171,14,prcus-p,2.0068998210439677,5.313478496477278
0.171,14,prcus-i,-1.312342893560343,5.313478496477278
0.171,14,prcus-a,-1.0666666042536255,5.313478496477278
0.171,14,ifrms,-1.3008633866221349,5.313478496477278
0.171,14,sspls-v,0.677097435522097,5.313478496477278
0.171,15,mcgs,-2.056703410782649,5.649102221359089
0.171,15,pos,-0.6138314931894524,5.649102221359089
0.171,15,sbps,-1.797408686661578,5.649102221359089
0.171,15,prculs-d,0.9332804242080215,5.649102221359089
0.171,15,prcus-p,1.9408622918503933,5.649102221359089
0.171,15,prcus-i,-0.9422643659489844,5.649102221359089
0.171,15,prcus-a,-0.6232113417983036,5.649102221359089
0.171,15,ifrms,-1.2021487364405283,5.649102221359089
0.171,15,sspls-v,0.48403821844644385,5.649102221359089
0.171,16,mcgs,-1.5947503272837664,5.655949979342011
0.171,16,pos,-1.0755092633581964,5.655949979342011
0.171,16,sbps,-1.6808010303442884,5.655949979342011
0.171,16,prculs-d,0.9412427017870953,5.655949979342011
0.171,16,prcus-p,2.4099599397113596,5.655949979342011
0.171,16,prcus-i,-1.5278397736281164,5.655949979342011
0.171,16,prcus-a,-0.7781859052650247,5.655949979342011
0.171,16,ifrms,-0.799788565227703,5.655949979342011
0.171,16,sspls-v,0.0,5.655949979342011
0.171,17,mcgs,-0.9459222980628719,5.087096145873487
0.171,17,pos,-1.1115577945529898,5.087096145873487
0.171,17,sbps,-2.112519878276567,5.087096145873487
0.171,17,prculs-d,-0.0,5.087096145873487
0.171,17,prcus-p,2.1416894028215157,5.087096145873487
0.171,17,prcus-i,-0.7167489957225958,5.087096145873487
0.171,17,prcus-a,-0.6523430669847089,5.087096145873487
0.171,17,ifrms,-1.5760624020287435,5.087096145873487
0.171,17,sspls-v,0.38213915385081776,5.087096145873487
0.171,18,mcgs,-2.082823708882163,5.6375249847036395
0.171,18,pos,-0.9012902979037379,5.6375249847036395
0.171,18,sbps,-1.770969970081545,5.6375249847036395
0.171,18,prculs-d,0.9309627493393192,5.6375249847036395
0.171,18,prcus-p,2.1643273286026097,5.6375249847036395
0.171,18,prcus-i,-1.060472979801704,5.6375249847036395
0.171,18,prcus-a,-0.5945845979962237,5.6375249847036395
0.171,18,ifrms,-0.9399111887361685,5.6375249847036395
0.171,18,sspls-v,0.2732606450664247,5.6375249847036395
0.171,19,mcgs,-1.9315981514912057,5.845855608128958
0.171,19,pos,-0.8417823638485037,5.845855608128958
0.171,19,sbps,-1.7356102478806814,5.845855608128958
0.171,19,prculs-d,0.8945120111657539,5.845855608128958
0.171,19,prcus-p,2.134339657841855,5.845855608128958
0.171,19,prcus-i,-0.9870624984552274,5.845855608128958
0.171,19,prcus-a,-0.6725771336991828,5.845855608128958
0.171,19,ifrms,-0.9415791904965005,5.845855608128958
0.171,19,sspls-v,0.2974159934979228,5.845855608128958
0.171,20,mcgs,-2.0643075672575533,5.709422181297493
0.171,20,pos,-0.7805470831390152,5.709422181297493
0.171,20,sbps,-1.801758534363392,5.709422181297493
0.171,20,prculs-d,0.904332085320184,5.709422181297493
0.171,20,prcus-p,2.1513014427709143,5.709422181297493
0.171,20,prcus-i,-1.1113967067003843,5.709422181297493
0.171,20,prcus-a,-0.6600463858098979,5.709422181297493
0.171,20,ifrms,-0.9005029641377796,5.709422181297493
0.171,20,sspls-v,0.3643619095067801,5.709422181297493
0.171,21,mcgs,-2.2673787596427757,5.764989333061264
0.171,21,pos,-0.5065663351744067,5.764989333061264
0.171,21,sbps,-1.7611795465162081,5.764989333061264
0.171,21,prculs-d,1.2383765264464701,5.764989333061264
0.171,21,prcus-p,2.1948733042668143,5.764989333061264
0.171,21,prcus-i,-0.999952615410516,5.764989333061264
0.171,21,prcus-a,-0.7162817716378566,5.764989333061264
0.171,21,ifrms,-1.2515061942827541,5.764989333061264
0.171,21,sspls-v,0.6084242041406003,5.764989333061264
0.171,22,mcgs,-2.2182581825782495,5.680977804796616
0.171,22,pos,-0.7729646589309586,5.680977804796616
0.171,22,sbps,-1.6969975851060373,5.680977804796616
0.171,22,prculs-d,0.8644708820674035,5.680977804796616
0.171,22,prcus-p,2.1882372962389107,5.680977804796616
0.171,22,prcus-i,-1.0881115354380848,5.680977804796616
0.171,22,prcus-a,-0.6305357985231689,5.680977804796616
0.171,22,ifrms,-0.9978996325285763,5.680977804796616
0.171,22,sspls-v,0.43776962043419376,5.680977804796616
0.171,23,mcgs,-1.9024441724838272,5.461815105378469
0.171,23,pos,-1.1220007945348172,5.461815105378469
0.171,23,sbps,-0.9778071553408444,5.461815105378469
0.171,23,prculs-d,0.8664386300775384,5.461815105378469
0.171,23,prcus-p,2.529146910296314,5.461815105378469
0.171,23,prcus-i,-1.5259680640864788,5.461815105378469
0.171,23,prcus-a,-0.6013108553168286,5.461815105378469
0.171,23,ifrms,-1.1283012107687418,5.461815105378469
0.171,23,sspls-v,-0.0,5.461815105378469
0.171,24,mcgs,-1.9178417980479436,5.727813861672581
0.171,24,pos,-0.531955568285754,5.727813861672581
0.171,24,sbps,-1.826247930418909,5.727813861672581
0.171,24,prculs-d,0.7316429807633724,5.727813861672581
0.171,24,prcus-p,2.1421044501218356,5.727813861672581
0.171,24,prcus-i,-0.8378160915457468,5.727813861672581
0.171,24,prcus-a,-0.5705795691170451,5.727813861672581
0.171,24,ifrms,-0.6703756897536198,5.727813861672581
0.171,24,sspls-v,0.3212614225050767,5.727813861672581
0.171,25,mcgs,-1.9572374010845957,5.5505171172462155
0.171,25,pos,-1.089983998533126,5.5505171172462155
0.171,25,sbps,-1.7957003619473175,5.5505171172462155
0.171,25,prculs-d,1.341352415035252,5.5505171172462155
0.171,25,prcus-p,1.8430218453909655,5.5505171172462155
0.171,25,prcus-i,-1.2313474760939316,5.5505171172462155
0.171,25,prcus-a,-0.6127472878333392,5.5505171172462155
0.171,25,ifrms,-0.5862786767968363,5.5505171172462155
0.171,25,sspls-v,0.9587748388634795,5.5505171172462155
0.171,26,mcgs,-2.1238937630725228,5.631855164520501
0.171,26,pos,-0.7606587505579199,5.631855164520501
0.171,26,sbps,-1.750401319012336,5.631855164520501
0.171,26,prculs-d,0.8377353580920551,5.631855164520501
0.171,26,prcus-p,2.1835121889797366,5.631855164520501
0.171,26,prcus-i,-1.0604933883918475,5.631855164520501
0.171,26,prcus-a,-0.6916255519444248,5.631855164520501
0.171,26,ifrms,-0.9693129287937531,5.631855164520501
0.171,26,sspls-v,0.24294399216177143,5.631855164520501
0.171,27,mcgs,-1.9903015101199355,5.5132665127536296
0.171,27,pos,-0.8388317563028037,5.5132665127536296
0.171,27,sbps,-1.1907224360820625,5.5132665127536296
0.171,27,prculs-d,0.9621601104459241,5.5132665127536296
0.171,27,prcus-p,2.234761067709989,5.5132665127536296
0.171,27,prcus-i,-1.1672575977741617,5.5132665127536296
0.171,27,prcus-a,-1.3110347050532882,5.5132665127536296
0.171,27,ifrms,-0.9297678489877365,5.5132665127536296
0.171,27,sspls-v,0.05971981768097462,5.5132665127536296
0.182,0,mcgs,-2.4904915583916623,5.428587924250074
0.182,0,pos,-0.520054213043074,5.428587924250074
0.182,0,sbps,-1.9526243336612854,5.428587924250074
0.182,0,prculs-d,0.9185469389981027,5.428587924250074
0.182,0,prcus-p,2.652647925016233,5.428587924250074
0.182,0,prcus-i,-1.2103492398006668,5.428587924250074
0.182,0,prcus-a,-0.5989753918599942,5.428587924250074
0.182,0,ifrms,-1.1493682862670473,5.428587924250074
0.182,0,sspls-v,0.05560565821320911,5.428587924250074
0.182,1,mcgs,-2.215828439667737,4.6287792607361204
0.182,1,pos,-1.5052884905158388,4.6287792607361204
0.182,1,sbps,-0.9959563676617476,4.6287792607361204
0.182,1,prculs-d,0.3183972387131362,4.6287792607361204
0.182,1,prcus-p,2.5967937133261687,4.6287792607361204
0.182,1,prcus-i,-1.5363813589938704,4.6287792607361204
0.182,1,prcus-a,0.0,4.6287792607361204
0.182,1,ifrms,-0.30057288136567306,4.6287792607361204
0.182,1,sspls-v,-0.0,4.6287792607361204
0.182,2,mcgs,-2.3450256591234493,4.729699200685581
0.182,2,pos,-0.2841009731939256,4.729699200685581
0.182,2,sbps,-3.209028033228956,4.729699200685581
0.182,2,prculs-d,0.8854936723618038,4.729699200685581
0.182,2,prcus-p,1.7831799434309097,4.729699200685581
0.182,2,prcus-i,-0.6527706641988664,4.729699200685581
0.182,2,prcus-a,-0.5186587138147685,4.729699200685581
0.182,2,ifrms,-0.4245329511156123,4.729699200685581
0.182,2,sspls-v,0.4317191735632431,4.729699200685581
0.182,3,mcgs,-1.9640294504929632,5.33673130482423
0.182,3,pos,-0.5712988071364462,5.33673130482423
0.182,3,sbps,-1.909356653350787,5.33673130482423
0.182,3,prculs-d,0.8030495524840111,5.33673130482423
0.182,3,prcus-p,1.6947153473782346,5.33673130482423
0.182,3,prcus-i,-0.8475709677663406,5.33673130482423
0.182,3,prcus-a,-0.6615177281674735,5.33673130482423
0.182,3,ifrms,-0.9894004855570024,5.33673130482423
0.182,3,sspls-v,-0.0,5.33673130482423
0.182,4,mcgs,-1.8860872667427842,5.59833865294467
0.182,4,pos,-0.8408577020972132,5.59833865294467
0.182,4,sbps,-1.82864221065252,5.59833865294467
0.182,4,prculs-d,0.6310578075566973,5.59833865294467
0.182,4,prcus-p,2.271358308799531,5.59833865294467
0.182,4,prcus-i,-1.1449221854674805,5.59833865294467
0.182,4,prcus-a,-0.8171545645012661,5.59833865294467
0.182,4,ifrms,-0.7241913218077726,5.59833865294467
0.182,4,sspls-v,0.2548667787692445,5.59833865294467
0.182,5,mcgs,-1.8636146130467133,5.688529806126399
0.182,5,pos,-0.598226598050429,5.688529806126399
0.182,5,sbps,-1.7777014973220153,5.688529806126399
0.182,5,prculs-d,0.9186431315224298,5.688529806126399
0.182,5,prcus-p,1.9513316417660351,5.688529806126399
0.182,5,prcus-i,-1.2200046127121706,5.688529806126399
0.182,5,prcus-a,-0.5410058390821999,5.688529806126399
0.182,5,ifrms,-0.7439180642747848,5.688529806126399
0.182,5,sspls-v,0.3700566612436236,5.688529806126399
0.182,6,mcgs,-2.076640409166227,5.679737413299504
0.182,6,pos,-0.8090141222012484,5.679737413299504
0.182,6,sbps,-1.7531754716276722,5.679737413299504
0.182,6,prculs-d,0.8584745224498909,5.679737413299504
0.182,6,prcus-p,2.1440049228777673,5.679737413299504
0.182,6,prcus-i,-1.0931160726831322,5.679737413299504
0.182,6,prcus-a,-0.657662537339797,5.679737413299504
0.182,6,ifrms,-0.913755824170939,5.679737413299504
0.182,6,sspls-v,0.2745254447306684,5.679737413299504
0.182,7,mcgs,-2.013236938356356,5.719742025120517
0.182,7,pos,-0.79797301063452,5.719742025120517
0.182,7,sbps,-1.754591099565319,5.719742025120517
0.182,7,prculs-d,0.8857936981662734,5.719742025120517
0.182,7,prcus-p,2.166812159835083,5.719742025120517
0.182,7,prcus-i,-1.1186365725290452,5.719742025120517
0.182,7,prcus-a,-0.5865491552362708,5.719742025120517
0.182,7,ifrms,-0.9323865922532273,5.719742025120517
0.182,7,sspls-v,0.28264253266920825,5.719742025120517
0.182,8,mcgs,-2.9853235511574976,4.359288968203274
0.182,8,pos,-1.3860528676063202,4.359288968203274
0.182,8,sbps,-1.48015716405851,4.359288968203274
0.182,8,prculs-d,1.8074194084675468,4.359288968203274
0.182,8,prcus-p,1.041902817788495,4.359288968203274
0.182,8,prcus-i,0.0,4.359288968203274
0.182,8,prcus-a,-0.4146763122004408,4.359288968203274
0.182,8,ifrms,-0.7192377326659279,4.359288968203274
0.182,8,sspls-v,0.6246373344255782,4.359288968203274
0.182,9,mcgs,-2.436996847544954,5.6063690863967555
0.182,9,pos,-0.22264222275922954,5.6063690863967555
0.182,9,sbps,-1.5690696228142567,5.6063690863967555
0.182,9,prculs-d,0.8218639745436445,5.6063690863967555
0.182,9,prcus-p,2.1698465737497292,5.6063690863967555
0.182,9,prcus-i,-0.5272279715852464,5.6063690863967555
0.182,9,prcus-a,-0.6431472481880465,5.6063690863967555
0.182,9,ifrms,-0.9548427871793939,5.6063690863967555
0.182,9,sspls-v,0.5351681075100797,5.6063690863967555
0.182,10,mcgs,-2.063593597630116,5.705855269638461
0.182,10,pos,-0.8166621268322468,5.705855269638461
0.182,10,sbps,-1.7092961724343174,5.705855269638461
0.182,10,prculs-d,0.8584168099700603,5.705855269638461
0.182,10,prcus-p,2.1495473570744723,5.705855269638461
0.182,10,prcus-i,-1.079835622353968,5.705855269638461
0.182,10,prcus-a,-0.6564629693913273,5.705855269638461
0.182,10,ifrms,-0.9137854276467621,5.705855269638461
0.182,10,sspls-v,0.2855560907825504,5.705855269638461
0.182,11,mcgs,-2.0180287386753872,5.709524293160605
0.182,11,pos,-0.7994154103531534,5.709524293160605
0.182,11,sbps,-1.6891481533158794,5.709524293160605
0.182,11,prculs-d,0.8523284138604013,5.709524293160605
0.182,11,prcus-p,2.0356838404159534,5.709524293160605
0.182,11,prcus-i,-1.0883075922139251,5.709524293160605
0.182,11,prcus-a,-0.6207305467353089,5.709524293160605
0.182,11,ifrms,-0.89784581879469,5.709524293160605
0.182,11,sspls-v,0.2639986080702319,5.709524293160605
0.182,12,mcgs,-2.098785745617889,5.703463864897516
0.182,12,pos,-0.8043329653845107,5.703463864897516
0.182,12,sbps,-1.7576510223617738,5.703463864897516
0.182,12,prculs-d,0.8778295063944157,5.703463864897516
0.182,12,prcus-p,2.137993130070821,5.703463864897516
0.182,12,prcus-i,-1.0871446297700302,5.703463864897516
0.182,12,prcus-a,-0.6667195272374791,5.703463864897516
0.182,12,ifrms,-0.8832549879491096,5.703463864897516
0.182,12,sspls-v,0.3136256976913455,5.703463864897516
0.182,13,mcgs,-1.9583652417639132,5.591165529807616
0.182,13,pos,-0.49475430776354024,5.591165529807616
0.182,13,sbps,-1.3169297985410173,5.591165529807616
0.182,13,prculs-d,0.5135092907841206,5.591165529807616
0.182,13,prcus-p,1.8613248420755009,5.591165529807616
0.182,13,prcus-i,-1.6318534914530929,5.591165529807616
0.182,13,prcus-a,-0.9033455720367279,5.591165529807616
0.182,13,ifrms,-0.4021832813367841,5.591165529807616
0.182,13,sspls-v,0.29777614334170444,5.591165529807616
0.182,14,mcgs,-2.185176873369593,5.304147840712467
0.182,14,pos,-0.7168087899224855,5.304147840712467
0.182,14,sbps,-1.7565437002882958,5.304147840712467
0.182,14,prculs-d,0.7505503162371558,5.304147840712467
0.182,14,prcus-p,2.00013905376977,5.304147840712467
0.182,14,prcus-i,-1.3083125183379891,5.304147840712467
0.182,14,prcus-a,-1.0486563681782364,5.304147840712467
0.182,14,ifrms,-1.2826207601331125,5.304147840712467
0.182,14,sspls-v,0.6386182046883601,5.304147840712467
0.182,15,mcgs,-2.0304248110268444,5.651408054266422
0.182,15,pos,-0.6199949624743295,5.651408054266422
0.182,15,sbps,-1.7804649926440714,5.651408054266422
0.182,15,prculs-d,0.8999723686103821,5.651408054266422
0.182,15,prcus-p,1.9325678215156574,5.651408054266422
0.182,15,prcus-i,-0.9398687829464824,5.651408054266422
0.182,15,prcus-a,-0.6084233510067716,5.651408054266422
0.182,15,ifrms,-1.1877905394982171,5.651408054266422
0.182,15,sspls-v,0.4482717452551181,5.651408054266422
0.182,16,mcgs,-1.5935270532992942,5.642361836519952
0.182,16,pos,-1.0644902156129301,5.642361836519952
0.182,16,sbps,-1.6750599339405718,5.642361836519952
0.182,16,prculs-d,0.9196848485426892,5.642361836519952
0.182,16,prcus-p,2.3882022153737292,5.642361836519952
0.182,16,prcus-i,-1.5083114785802092,5.642361836519952
0.182,16,prcus-a,-0.7636027638849915,5.642361836519952
0.182,16,ifrms,-0.789544464259221,5.642361836519952
0.182,16,sspls-v,0.0,5.642361836519952
0.182,17,mcgs,-0.936918514334433,5.087688008138224
0.182,17,pos,-1.1131989560769808,5.087688008138224
0.182,17,sbps,-2.1010563757831484,5.087688008138224
0.182,17,prculs-d,-0.0,5.087688008138224
0.182,17,prcus-p,2.1281090454621325,5.087688008138224
0.182,17,prcus-i,-0.7093866575197271,5.087688008138224
0.182,17,prcus-a,-0.6391839819452395,5.087688008138224
0.182,17,ifrms,-1.5658924106778886,5.087688008138224
0.182,17,sspls-v,0.3665178279397504,5.087688008138224
0.182,18,mcgs,-2.055575859611671,5.625225206149655
0.182,18,pos,-0.9080174963618683,5.625225206149655
0.182,18,sbps,-1.753987682586483,5.625225206149655
0.182,18,prculs-d,0.8979149985151172,5.625225206149655
0.182,18,prcus-p,2.1560510442683696,5.625225206149655
0.182,18,prcus-i,-1.0587019737170005,5.625225206149655
0.182,18,prcus-a,-0.5799498598510754,5.625225206149655
0.182,18,ifrms,-0.9235151913567383,5.625225206149655
0.182,18,sspls-v,0.2369877156047968,5.625225206149655
0.182,19,mcgs,-1.9056023081515017,5.829712629655798
0.182,19,pos,-0.850003692845535,5.829712629655798
0.182,19,sbps,-1.7179333644037902,5.829712629655798
0.182,19,prculs-d,0.8621800222292525,5.829712629655798
0.182,19,prcus-p,2.1272130470903914,5.829712629655798
0.182,19,prcus-i,-0.9854187438810527,5.829712629655798
0.182,19,prcus-a,-0.6576425618603751,5.829712629655798
0.182,19,ifrms,-0.9257260206137862,5.829712629655798
0.182,19,sspls-v,0.2606695631620666,5.829712629655798
0.182,20,mcgs,-2.038357890416879,5.701585669860698
0.182,20,pos,-0.7871201456540815,5.701585669860698
0.182,20,sbps,-1.7846007575669838,5.701585669860698
0.182,20,prculs-d,0.8708538249446086,5.701585669860698
0.182,20,prcus-p,2.142974713712851,5.701585669860698
0.182,20,prcus-i,-1.1090568591451528,5.701585669860698
0.182,20,prcus-a,-0.6454345961125643,5.701585669860698
0.182,20,ifrms,-0.8846324031320753,5.701585669860698
0.182,20,sspls-v,0.32878643596786217,5.701585669860698
0.182,21,mcgs,-2.233314982756542,5.758195039222919
0.182,21,pos,-0.5255709645648141,5.758195039222919
0.182,21,sbps,-1.7440330442288183,5.758195039222919
0.182,21,prculs-d,1.1914351590647059,5.758195039222919
0.182,21,prcus-p,2.1837116284609186,5.758195039222919
0.182,21,prcus-i,-1.0017860176897113,5.758195039222919
0.182,21,prcus-a,-0.6993414855239781,5.758195039222919
0.182,21,ifrms,-1.2211022760404695,5.758195039222919
0.182,21,sspls-v,0.5602586657629983,5.758195039222919
0.182,22,mcgs,-2.1896606769599867,5.673352018524938
0.182,22,pos,-0.7796073614670135,5.673352018524938
0.182,22,sbps,-1.6820960958867568,5.673352018524938
0.182,22,prculs-d,0.8331178667907057,5.673352018524938
0.182,22,prcus-p,2.1786590490602347,5.673352018524938
0.182,22,prcus-i,-1.0856690058710978,5.673352018524938
0.182,22,prcus-a,-0.6169161619932632,5.673352018524938
0.182,22,ifrms,-0.9805165585469232,5.673352018524938
0.182,22,sspls-v,0.4018788716291295,5.673352018524938
0.182,23,mcgs,-1.8933992885436461,5.453296698562535
0.182,23,pos,-1.113787528610011,5.453296698562535
0.182,23,sbps,-0.9741566879187797,5.453296698562535
0.182,23,prculs-d,0.8480724695282144,5.453296698562535
0.182,23,prcus-p,2.5115219688302846,5.453296698562535
0.182,23,prcus-i,-1.5144380359846645,5.453296698562535
0.182,23,prcus-a,-0.5899670153932557,5.453296698562535
0.182,23,ifrms,-1.115210799401009,5.453296698562535
0.182,23,sspls-v,-0.0,5.453296698562535
0.182,24,mcgs,-1.8901982779380326,5.712604531886291
0.182,24,pos,-0.5337854395864898,5.712604531886291
0.182,24,sbps,-1.8103814762599935,5.712604531886291
0.182,24,prculs-d,0.694483466352833,5.712604531886291
0.182,24,prcus-p,2.1435479920103955,5.712604531886291
0.182,24,prcus-i,-0.8340775282394572,5.712604531886291
0.182,24,prcus-a,-0.5538950108656734,5.712604531886291
0.182,24,ifrms,-0.6512474383478766,5.712604531886291
0.182,24,sspls-v,0.28489736847377606,5.712604531886291
0.182,25,mcgs,-1.9321006873971698,5.551099679710372
0.182,25,pos,-1.09460015201825,5.551099679710372
0.182,25,sbps,-1.7791161980615888,5.551099679710372
0.182,25,prculs-d,1.3067127176648268,5.551099679710372
0.182,25,prcus-p,1.8357879137177642,5.551099679710372
0.182,25,prcus-i,-1.2282620379682303,5.551099679710372
0.182,25,prcus-a,-0.5982153326021035,5.551099679710372
0.182,25,ifrms,-0.572114833181749,5.551099679710372
0.182,25,sspls-v,0.923179437019857,5.551099679710372
0.182,26,mcgs,-2.0977000412937525,5.623160890733886
0.182,26,pos,-0.7659474106221147,5.623160890733886
0.182,26,sbps,-1.7330839409781325,5.623160890733886
0.182,26,prculs-d,0.8032646242437674,5.623160890733886
0.182,26,prcus-p,2.1756000042818586,5.623160890733886
0.182,26,prcus-i,-1.0576992003991905,5.623160890733886
0.182,26,prcus-a,-0.6772079749455673,5.623160890733886
0.182,26,ifrms,-0.9542352747709403,5.623160890733886
0.182,26,sspls-v,0.2064336552663084,5.623160890733886
0.182,27,mcgs,-1.9634938294274957,5.503240923310608
0.182,27,pos,-0.8445133040245698,5.503240923310608
0.182,27,sbps,-1.175275143363076,5.503240923310608
0.182,27,prculs-d,0.9291794254862901,5.503240923310608
0.182,27,prcus-p,2.226357598597378,5.503240923310608
0.182,27,prcus-i,-1.1654902687830708,5.503240923310608
0.182,27,prcus-a,-1.3004554045137688,5.503240923310608
0.182,27,ifrms,-0.9137636356455728,5.503240923310608
0.182,27,sspls-v,0.02492457579155764,5.503240923310608
0.195,0,mcgs,-2.4564450440819177,5.402495994869043
0.195,0,pos,-0.5299503221953541,5.402495994869043
0.195,0,sbps,-1.9312380388743127,5.402495994869043
0.195,0,prculs-d,0.8790376347173042,5.402495994869043
0.195,0,prcus-p,2.637221355066718,5.402495994869043
0.195,0,prcus-i,-1.2062196879654101,5.402495994869043
0.195,0,prcus-a,-0.5820752993652246,5.402495994869043
0.195,0,ifrms,-1.128000194142655,5.402495994869043
0.195,0,sspls-v,0.01810383802369391,5.402495994869043
0.195,1,mcgs,-2.2044774906075535,4.620442610826121
0.195,1,pos,-1.4941498099388173,4.620442610826121
0.195,1,sbps,-0.9891541842252322,4.620442610826121
0.195,1,prculs-d,0.29771264757351096,4.620442610826121
0.195,1,prcus-p,2.577576198456509,4.620442610826121
0.195,1,prcus-i,-1.5253962304174513,4.620442610826121
0.195,1,prcus-a,0.0,4.620442610826121
0.195,1,ifrms,-0.28695818369958853,4.620442610826121
0.195,1,sspls-v,-0.0,4.620442610826121
0.195,2,mcgs,-2.3140561024459063,4.71404583680639
0.195,2,pos,-0.29057815614485744,4.71404583680639
0.195,2,sbps,-3.1941981116789333,4.71404583680639
0.195,2,prculs-d,0.8465148131744314,4.71404583680639
0.195,2,prcus-p,1.7730760577476743,4.71404583680639
0.195,2,prcus-i,-0.6496594521250192,4.71404583680639
0.195,2,prcus-a,-0.5010204861510532,4.71404583680639
0.195,2,ifrms,-0.4055833201531402,4.71404583680639
0.195,2,sspls-v,0.3914819133571171,4.71404583680639
0.195,3,mcgs,-1.953429079941621,5.328953720304477
0.195,3,pos,-0.5600984711827207,5.328953720304477
0.195,3,sbps,-1.905092788696115,5.328953720304477
0.195,3,prculs-d,0.7821999422340936,5.328953720304477
0.195,3,prcus-p,1.672762871405293,5.328953720304477
0.195,3,prcus-i,-0.832511915782576,5.328953720304477
0.195,3,prcus-a,-0.6481987880742679,5.328953720304477
0.195,3,ifrms,-0.975019277573656,5.328953720304477
0.195,3,sspls-v,-0.0,5.328953720304477
0.195,4,mcgs,-1.854724817342919,5.581839616606084
0.195,4,pos,-0.8479895129535374,5.581839616606084
0.195,4,sbps,-1.809344158428867,5.581839616606084
0.195,4,prculs-d,0.5921075820338249,5.581839616606084
0.195,4,prcus-p,2.262113664013302,5.581839616606084
0.195,4,prcus-i,-1.1424983290303719,5.581839616606084
0.195,4,prcus-a,-0.8008246942111669,5.581839616606084
0.195,4,ifrms,-0.7050416630500365,5.581839616606084
0.195,4,sspls-v,0.21318813380414023,5.581839616606084
0.195,5,mcgs,-1.831110670280229,5.680431757156424
0.195,5,pos,-0.6038871188584185,5.680431757156424
0.195,5,sbps,-1.757880323753867,5.680431757156424
0.195,5,prculs-d,0.8806028346677124,5.680431757156424
0.195,5,prcus-p,1.9397428701089157,5.680431757156424
0.195,5,prcus-i,-1.2194653143037055,5.680431757156424
0.195,5,prcus-a,-0.5225905886019928,5.680431757156424
0.195,5,ifrms,-0.7229570292931141,5.680431757156424
0.195,5,sspls-v,0.32825138058070663,5.680431757156424
0.195,6,mcgs,-2.039969748756604,5.66940304401217
0.195,6,pos,-0.8160791447401827,5.66940304401217
0.195,6,sbps,-1.731305418938362,5.66940304401217
0.195,6,prculs-d,0.8136474356983705,5.66940304401217
0.195,6,prcus-p,2.1345301335885507,5.66940304401217
0.195,6,prcus-i,-1.0930448078002433,5.66940304401217
0.195,6,prcus-a,-0.6390628869272282,5.66940304401217
0.195,6,ifrms,-0.893906487788623,5.66940304401217
0.195,6,sspls-v,0.22546764949005368,5.66940304401217
0.195,7,mcgs,-1.9826735573324046,5.709830999086743
0.195,7,pos,-0.8056983759406857,5.709830999086743
0.195,7,sbps,-1.7344241447030566,5.709830999086743
0.195,7,prculs-d,0.8471932371105346,5.709830999086743
0.195,7,prcus-p,2.1568280703983387,5.709830999086743
0.195,7,prcus-i,-1.1160418118016047,5.709830999086743
0.195,7,prcus-a,-0.5710927884423987,5.709830999086743
0.195,7,ifrms,-0.9131886553792498,5.709830999086743
0.195,7,sspls-v,0.24012351912368263,5.709830999086743
0.195,8,mcgs,-2.9534610676062276,4.355720652237194
0.195,8,pos,-1.3940773004400893,4.355720652237194
0.195,8,sbps,-1.4598387202044523,4.355720652237194
0.195,8,prculs-d,1.7684088693536872,4.355720652237194
0.195,8,prcus-p,1.0336218251831673,4.355720652237194
0.195,8,prcus-i,0.0,4.355720652237194
0.195,8,prcus-a,-0.3972106971313083,4.355720652237194
0.195,8,ifrms,-0.7000355693968487,4.355720652237194
0.195,8,sspls-v,0.5815297288032104,4.355720652237194
0.195,9,mcgs,-2.4063057790391786,5.589371609781948
0.195,9,pos,-0.2276678498959277,5.589371609781948
0.195,9,sbps,-1.549342863484948,5.589371609781948
0.195,9,prculs-d,0.781640321351845,5.589371609781948
0.195,9,prcus-p,2.161296021898698,5.589371609781948
0.195,9,prcus-i,-0.5234193380833121,5.589371609781948
0.195,9,prcus-a,-0.6253154244933496,5.589371609781948
0.195,9,ifrms,-0.9356228164926195,5.589371609781948
0.195,9,sspls-v,0.49314689152349117,5.589371609781948
0.195,10,mcgs,-2.0318215474758503,5.697989871429712
0.195,10,pos,-0.8237772188546474,5.697989871429712
0.195,10,sbps,-1.6892267021475504,5.697989871429712
0.195,10,prculs-d,0.8186250394130621,5.697989871429712
0.195,10,prcus-p,2.1388904291581987,5.697989871429712
0.195,10,prcus-i,-1.0769118141086855,5.697989871429712
0.195,10,prcus-a,-0.6401027305236485,5.697989871429712
0.195,10,ifrms,-0.8944454509974168,5.697989871429712
0.195,10,sspls-v,0.24468661177920528,5.697989871429712
0.195,11,mcgs,-1.9822997484665106,5.698594680228735
0.195,11,pos,-0.806215898821038,5.698594680228735
0.195,11,sbps,-1.665696177802287,5.698594680228735
0.195,11,prculs-d,0.8120217302276702,5.698594680228735
0.195,11,prcus-p,2.0198364791370524,5.698594680228735
0.195,11,prcus-i,-1.0851281373156314,5.698594680228735
0.195,11,prcus-a,-0.5992469584352909,5.698594680228735
0.195,11,ifrms,-0.8762782797805372,5.698594680228735
0.195,11,sspls-v,0.21861521728597097,5.698594680228735
0.195,12,mcgs,-2.064350397075307,5.692758883370917
0.195,12,pos,-0.8145787798506512,5.692758883370917
0.195,12,sbps,-1.7328020094235876,5.692758883370917
0.195,12,prculs-d,0.8343329236709898,5.692758883370917
0.195,12,prcus-p,2.127194612021797,5.692758883370917
0.195,12,prcus-i,-1.0855246760995882,5.692758883370917
0.195,12,prcus-a,-0.6450495201145962,5.692758883370917
0.195,12,ifrms,-0.8675679887973833,5.692758883370917
0.195,12,sspls-v,0.26512181309146204,5.692758883370917
0.195,13,mcgs,-1.9247123952940481,5.58446953206974
0.195,13,pos,-0.4996735833982712,5.58446953206974
0.195,13,sbps,-1.2938909593739125,5.58446953206974
0.195,13,prculs-d,0.47061523269264816,5.58446953206974
0.195,13,prcus-p,1.84985659638275,5.58446953206974
0.195,13,prcus-i,-1.6359379562074081,5.58446953206974
0.195,13,prcus-a,-0.8881887160001395,5.58446953206974
0.195,13,ifrms,-0.3784916987183205,5.58446953206974
0.195,13,sspls-v,0.2548195829279918,5.58446953206974
0.195,14,mcgs,-2.1523612507297267,5.295925643190679
0.195,14,pos,-0.725512844690997,5.295925643190679
0.195,14,sbps,-1.73633888193317,5.295925643190679
0.195,14,prculs-d,0.7140165334204348,5.295925643190679
0.195,14,prcus-p,1.9922040655564222,5.295925643190679
0.195,14,prcus-i,-1.3036022931554947,5.295925643190679
0.195,14,prcus-a,-1.027344599588539,5.295925643190679
0.195,14,ifrms,-1.2610303423193558,5.295925643190679
0.195,14,sspls-v,0.5930217757730041,5.295925643190679
0.195,15,mcgs,-1.9993682840427098,5.654092463011172
0.195,15,pos,-0.6272790625382764,5.654092463011172
0.195,15,sbps,-1.760440626987014,5.654092463011172
0.195,15,prculs-d,0.8606083029040809,5.654092463011172
0.195,15,prcus-p,1.9227652656655172,5.654092463011172
0.195,15,prcus-i,-0.9370376393980742,5.654092463011172
0.195,15,prcus-a,-0.5909466346167787,5.654092463011172
0.195,15,ifrms,-1.1708217612936673,5.654092463011172
0.195,15,sspls-v,0.40600227693809243,5.654092463011172
0.195,16,mcgs,-1.5920404240935375,5.627774977250709
0.195,16,pos,-1.051491097599647,5.627774977250709
0.195,16,sbps,-1.6682694467670731,5.627774977250709
0.195,16,prculs-d,0.8942202836732339,5.627774977250709
0.195,16,prcus-p,2.362514485475706,5.627774977250709
0.195,16,prcus-i,-1.4852695718224607,5.627774977250709
0.195,16,prcus-a,-0.7463765155882187,5.627774977250709
0.195,16,ifrms,-0.7774295783294896,5.627774977250709
0.195,16,sspls-v,0.0,5.627774977250709
0.195,17,mcgs,-0.9262776790190044,5.0884090557053465
0.195,17,pos,-1.1151385106053338,5.0884090557053465
0.195,17,sbps,-2.087508600109108,5.0884090557053465
0.195,17,prculs-d,-0.0,5.0884090557053465
0.195,17,prcus-p,2.1120595322192233,5.0884090557053465
0.195,17,prcus-i,-0.700685712370883,5.0884090557053465
0.195,17,prcus-a,-0.6236323359895027,5.0884090557053465
0.195,17,ifrms,-1.5538733299905163,5.0884090557053465
0.195,17,sspls-v,0.34805626095394354,5.0884090557053465
0.195,18,mcgs,-2.023427888243279,5.609466057409384
0.195,18,pos,-0.9159308312313967,5.609466057409384
0.195,18,sbps,-1.733946250452076,5.609466057409384
0.195,18,prculs-d,0.8588937451249966,5.609466057409384
0.195,18,prcus-p,2.146246493617516,5.609466057409384
0.195,18,prcus-i,-1.056582118466431,5.609466057409384
0.195,18,prcus-a,-0.5626618796347939,5.609466057409384
0.195,18,ifrms,-0.9041479142585531,5.609466057409384
0.195,18,sspls-v,0.19417016297315257,5.609466057409384
0.195,19,mcgs,-1.8746779828328808,5.815726680880896
0.195,19,pos,-0.8598756830343097,5.815726680880896
0.195,19,sbps,-1.696936950062565,5.815726680880896
0.195,19,prculs-d,0.8238561371384137,5.815726680880896
0.195,19,prcus-p,2.118869270055038,5.815726680880896
0.195,19,prcus-i,-0.9835386330761646,5.815726680880896
0.195,19,prcus-a,-0.6399692069783601,5.815726680880896
0.195,19,ifrms,-0.9069694670329791,5.815726680880896
0.195,19,sspls-v,0.2170606138046478,5.815726680880896
0.195,20,mcgs,-2.0075735463783992,5.694953783178122
0.195,20,pos,-0.7949742217579635,5.694953783178122
0.195,20,sbps,-1.7642546195490878,5.694953783178122
0.195,20,prculs-d,0.8312062930720171,5.694953783178122
0.195,20,prcus-p,2.1331881054868314,5.694953783178122
0.195,20,prcus-i,-1.106350454932055,5.694953783178122
0.195,20,prcus-a,-0.6281530256700462,5.694953783178122
0.195,20,ifrms,-0.8658571107312502,5.694953783178122
0.195,20,sspls-v,0.28662912086311904,5.694953783178122
0.195,21,mcgs,-2.193243178853752,5.750169578604173
0.195,21,pos,-0.5478848355596339,5.750169578604173
0.195,21,sbps,-1.7238487541952736,5.750169578604173
0.195,21,prculs-d,1.1361191554638417,5.750169578604173
0.195,21,prcus-p,2.1704655229150775,5.750169578604173
0.195,21,prcus-i,-1.003851257687276,5.750169578604173
0.195,21,prcus-a,-0.6793482733986231,5.750169578604173
0.195,21,ifrms,-1.1852537443980706,5.750169578604173
0.195,21,sspls-v,0.5035258090408978,5.750169578604173
0.195,22,mcgs,-2.156039608444479,5.665166256752495
0.195,22,pos,-0.7873379288712024,5.665166256752495
0.195,22,sbps,-1.6645727236520995,5.665166256752495
0.195,22,prculs-d,0.7961736762615801,5.665166256752495
0.195,22,prcus-p,2.167271485625896,5.665166256752495
0.195,22,prcus-i,-1.0826943244801868,5.665166256752495
0.195,22,prcus-a,-0.6008349666237015,5.665166256752495
0.195,22,ifrms,-0.9600133758228283,5.665166256752495
0.195,22,sspls-v,0.3596179801095869,5.665166256752495
0.195,23,mcgs,-1.8827098802507056,5.445522590510522
0.195,23,pos,-1.104080941607969,5.445522590510522
0.195,23,sbps,-0.9698424991472485,5.445522590510522
0.195,23,prculs-d,0.8263670070608328,5.445522590510522
0.195,23,prcus-p,2.490692492552248,5.445522590510522
0.195,23,prcus-i,-1.5008116391370656,5.445522590510522
0.195,23,prcus-a,-0.5765606591199404,5.445522590510522
0.195,23,ifrms,-1.099740313239143,5.445522590510522
0.195,23,sspls-v,-0.0,5.445522590510522
0.195,24,mcgs,-1.8574019602830434,5.695690491102033
0.195,24,pos,-0.5360263193989725,5.695690491102033
0.195,24,sbps,-1.791559522800724,5.695690491102033
0.195,24,prculs-d,0.6504728731666288,5.695690491102033
0.195,24,prcus-p,2.145300767497165,5.695690491102033
0.195,24,prcus-i,-0.8297151884031527,5.695690491102033
0.195,24,prcus-a,-0.5341589882770296,5.695690491102033
0.195,24,ifrms,-0.6286167612823838,5.695690491102033
0.195,24,sspls-v,0.24180195879878214,5.695690491102033
0.195,25,mcgs,-1.902282641921786,5.550153025181536
0.195,25,pos,-1.1001242782265261,5.550153025181536
0.195,25,sbps,-1.7594537107690165,5.550153025181536
0.195,25,prculs-d,1.2656852469447484,5.550153025181536
0.195,25,prcus-p,1.8272978339418688,5.550153025181536
0.195,25,prcus-i,-1.2246709924462704,5.550153025181536
0.195,25,prcus-a,-0.5810295631059335,5.550153025181536
0.195,25,ifrms,-0.5553634974029003,5.550153025181536
0.195,25,sspls-v,0.881002158612791,5.550153025181536
0.195,26,mcgs,-2.066627282702398,5.612864264478016
0.195,26,pos,-0.7722736265721353,5.612864264478016
0.195,26,sbps,-1.7125525051017925,5.612864264478016
0.195,26,prculs-d,0.762443030144617,5.612864264478016
0.195,26,prcus-p,2.1663030406248382,5.612864264478016
0.195,26,prcus-i,-1.054455775190917,5.612864264478016
0.195,26,prcus-a,-0.6601567359313962,5.612864264478016
0.195,26,ifrms,-0.9363978121032611,5.612864264478016
0.195,26,sspls-v,0.16317524566216976,5.612864264478016
0.195,27,mcgs,-1.9398036398088674,5.488811439250816
0.195,27,pos,-0.8449518777339412,5.488811439250816
0.195,27,sbps,-1.1628846315250847,5.488811439250816
0.195,27,prculs-d,0.8967075547074584,5.488811439250816
0.195,27,prcus-p,2.2123672556053413,5.488811439250816
0.195,27,prcus-i,-1.159370499263402,5.488811439250816
0.195,27,prcus-a,-1.2877805596619512,5.488811439250816
0.195,27,ifrms,-0.8963704467529738,5.488811439250816
0.195,27,sspls-v,0.0,5.488811439250816
0.208,0,mcgs,-2.4308806842567163,5.375503380468981
0.208,0,pos,-0.5325143064468046,5.375503380468981
0.208,0,sbps,-1.9157396291388853,5.375503380468981
0.208,0,prculs-d,0.8478969223172477,5.375503380468981
0.208,0,prcus-p,2.616113706333176,5.375503380468981
0.208,0,prcus-i,-1.196985011669329,5.375503380468981
0.208,0,prcus-a,-0.5671955823519951,5.375503380468981
0.208,0,ifrms,-1.1081636467753169,5.375503380468981
0.208,0,sspls-v,0.0,5.375503380468981
0.208,1,mcgs,-2.1931257806423585,4.617192509730505
0.208,1,pos,-1.483011827442625,4.617192509730505
0.208,1,sbps,-0.9823515692422775,4.617192509730505
0.208,1,prculs-d,0.27702784932912977,4.617192509730505
0.208,1,prcus-p,2.5583590807875503,4.617192509730505
0.208,1,prcus-i,-1.5144117637288999,4.617192509730505
0.208,1,prcus-a,0.0,4.617192509730505
0.208,1,ifrms,-0.27334323896403984,4.617192509730505
0.208,1,sspls-v,-0.0,4.617192509730505
0.208,2,mcgs,-2.2830865457683647,4.698379556466301
0.208,2,pos,-0.29705533909579085,4.698379556466301
0.208,2,sbps,-3.1793681901289115,4.698379556466301
0.208,2,prculs-d,0.8075359539870597,4.698379556466301
0.208,2,prcus-p,1.762972172064437,4.698379556466301
0.208,2,prcus-i,-0.6465482400511707,4.698379556466301
0.208,2,prcus-a,-0.48338225848733696,4.698379556466301
0.208,2,ifrms,-0.38663368919066887,4.698379556466301
0.208,2,sspls-v,0.35124465315099346,4.698379556466301
0.208,3,mcgs,-1.942828709390279,5.321265067542121
0.208,3,pos,-0.5488981352289938,5.321265067542121
0.208,3,sbps,-1.900828924041445,5.321265067542121
0.208,3,prculs-d,0.7613503319841755,5.321265067542121
0.208,3,prcus-p,1.650810395432351,5.321265067542121
0.208,3,prcus-i,-0.8174528637988117,5.321265067542121
0.208,3,prcus-a,-0.6348798479810617,5.321265067542121
0.208,3,ifrms,-0.9606380695903091,5.321265067542121
0.208,3,sspls-v,-0.0,5.321265067542121
0.208,4,mcgs,-1.8227277056824385,5.564508358992281
0.208,4,pos,-0.8555592516667118,5.564508358992281
0.208,4,sbps,-1.7897241377537998,5.564508358992281
0.208,4,prculs-d,0.5527293398495161,5.564508358992281
0.208,4,prcus-p,2.2531578969133865,5.564508358992281
0.208,4,prcus-i,-1.1404079557520754,5.564508358992281
0.208,4,prcus-a,-0.7844390347130857,5.564508358992281
0.208,4,ifrms,-0.6857594790220569,5.564508358992281
0.208,4,sspls-v,0.17093464327880037,5.564508358992281
0.208,5,mcgs,-1.7984992965720563,5.670553344389062
0.208,5,pos,-0.6096249326076948,5.670553344389062
0.208,5,sbps,-1.7379962758834695,5.670553344389062
0.208,5,prculs-d,0.8424851973441063,5.670553344389062
0.208,5,prcus-p,1.9282052227832094,5.670553344389062
0.208,5,prcus-i,-1.2189837289004184,5.670553344389062
0.208,5,prcus-a,-0.5041617281056721,5.670553344389062
0.208,5,ifrms,-0.7019760726320424,5.670553344389062
0.208,5,sspls-v,0.2863380803474085,5.670553344389062
0.208,6,mcgs,-2.003339904705444,5.658184498639487
0.208,6,pos,-0.8231200614420535,5.658184498639487
0.208,6,sbps,-1.7094570537196538,5.658184498639487
0.208,6,prculs-d,0.7688498837893911,5.658184498639487
0.208,6,prcus-p,2.1250386646076875,5.658184498639487
0.208,6,prcus-i,-1.0929524225302094,5.658184498639487
0.208,6,prcus-a,-0.6204683726465163,5.658184498639487
0.208,6,ifrms,-0.8740645094664918,5.658184498639487
0.208,6,sspls-v,0.17644877861787042,5.658184498639487
0.208,7,mcgs,-1.952110176308453,5.69932124774582
0.208,7,pos,-0.8134237412468531,5.69932124774582
0.208,7,sbps,-1.7142571898407934,5.69932124774582
0.208,7,prculs-d,0.8085927760547972,5.69932124774582
0.208,7,prcus-p,2.1468439809615925,5.69932124774582
0.208,7,prcus-i,-1.1134470510741623,5.69932124774582
0.208,7,prcus-a,-0.5556364216485256,5.69932124774582
0.208,7,ifrms,-0.8939907185052735,5.69932124774582
0.208,7,sspls-v,0.19760450557815634,5.69932124774582
0.208,8,mcgs,-2.9215985840549563,4.355129608625002
0.208,8,pos,-1.4021017332738577,4.355129608625002
0.208,8,sbps,-1.439520276350396,4.355129608625002
0.208,8,prculs-d,1.7293983302398275,4.355129608625002
0.208,8,prcus-p,1.0253408325778375,4.355129608625002
0.208,8,prcus-i,0.0,4.355129608625002
0.208,8,prcus-a,-0.37974508206217744,4.355129608625002
0.208,8,ifrms,-0.6808334061277709,4.355129608625002
0.208,8,sspls-v,0.5384221231808429,4.355129608625002
0.208,9,mcgs,-2.375614710533406,5.576168845118469
0.208,9,pos,-0.23269347703262555,5.576168845118469
0.208,9,sbps,-1.5296161041556415,5.576168845118469
0.208,9,prculs-d,0.7414166681600469,5.576168845118469
0.208,9,prcus-p,2.1527454700476665,5.576168845118469
0.208,9,prcus-i,-0.5196107045813781,5.576168845118469
0.208,9,prcus-a,-0.6074836007986512,5.576168845118469
0.208,9,ifrms,-0.9164028458058452,5.576168845118469
0.208,9,sspls-v,0.45112567553690475,5.576168845118469
0.208,10,mcgs,-2.0000494973215828,5.689839973853147
0.208,10,pos,-0.8308923108770501,5.689839973853147
0.208,10,sbps,-1.6691572318607841,5.689839973853147
0.208,10,prculs-d,0.7788332688560647,5.689839973853147
0.208,10,prcus-p,2.1282335012419247,5.689839973853147
0.208,10,prcus-i,-1.0739880058634026,5.689839973853147
0.208,10,prcus-a,-0.6237424916559695,5.689839973853147
0.208,10,ifrms,-0.8751054743480701,5.689839973853147
0.208,10,sspls-v,0.2038171327758605,5.689839973853147
0.208,11,mcgs,-1.9467083946396475,5.686531342747908
0.208,11,pos,-0.8129241307700107,5.686531342747908
0.208,11,sbps,-1.642317411462003,5.686531342747908
0.208,11,prculs-d,0.7718098388496972,5.686531342747908
0.208,11,prcus-p,2.0039364110779565,5.686531342747908
0.208,11,prcus-i,-1.0818786456619967,5.686531342747908
0.208,11,prcus-a,-0.5777840475291589,5.686531342747908
0.208,11,ifrms,-0.8547388905547387,5.686531342747908
0.208,11,sspls-v,0.17336191398054077,5.686531342747908
0.208,12,mcgs,-2.0300657529096413,5.6895833750999545
0.208,12,pos,-0.8247161341848924,5.6895833750999545
0.208,12,sbps,-1.7080447862068855,5.6895833750999545
0.208,12,prculs-d,0.7909433355427267,5.6895833750999545
0.208,12,prcus-p,2.116337836519931,5.6895833750999545
0.208,12,prcus-i,-1.083830476920065,5.6895833750999545
0.208,12,prcus-a,-0.6234090269937302,5.6895833750999545
0.208,12,ifrms,-0.8519000158273166,5.6895833750999545
0.208,12,sspls-v,0.21676732209053232,5.6895833750999545
0.208,13,mcgs,-1.8911685522027917,5.580347421256015
0.208,13,pos,-0.5045269115713923,5.580347421256015
0.208,13,sbps,-1.2709136745764291,5.580347421256015
0.208,13,prculs-d,0.42779778793302947,5.580347421256015
0.208,13,prcus-p,1.8383445203790714,5.580347421256015
0.208,13,prcus-i,-1.6399629596175247,5.580347421256015
0.208,13,prcus-a,-0.8730419606606272,5.580347421256015
0.208,13,ifrms,-0.3548229085258467,5.580347421256015
0.208,13,sspls-v,0.21196366301884198,5.580347421256015
0.208,14,mcgs,-2.1196945467253228,5.293494045588783
0.208,14,pos,-0.734110200388114,5.293494045588783
0.208,14,sbps,-1.7162108556690328,5.293494045588783
0.208,14,prculs-d,0.6775777798005787,5.293494045588783
0.208,14,prcus-p,1.9842048312537646,5.293494045588783
0.208,14,prcus-i,-1.2988302323652463,5.293494045588783
0.208,14,prcus-a,-1.00606429931073,5.293494045588783
0.208,14,ifrms,-1.239476071479132,5.293494045588783
0.208,14,sspls-v,0.547566633899591,5.293494045588783
0.208,15,mcgs,-1.9681863000226913,5.65680301735243
0.208,15,pos,-0.6346559365514844,5.65680301735243
0.208,15,sbps,-1.7403465221402292,5.65680301735243
0.208,15,prculs-d,0.8211564938713315,5.65680301735243
0.208,15,prcus-p,1.9130245527185534,5.65680301735243
0.208,15,prcus-i,-0.9342788375604103,5.65680301735243
0.208,15,prcus-a,-0.5734561130093527,5.65680301735243
0.208,15,ifrms,-1.1538223473363496,5.65680301735243
0.208,15,sspls-v,0.36360958042077185,5.65680301735243
0.208,16,mcgs,-1.5904903406385686,5.616291179017586
0.208,16,pos,-1.0385281340631498,5.616291179017586
0.208,16,sbps,-1.6614703026246413,5.616291179017586
0.208,16,prculs-d,0.8687756981774908,5.616291179017586
0.208,16,prcus-p,2.3368670287143916,5.616291179017586
0.208,16,prcus-i,-1.4622850699996448,5.616291179017586
0.208,16,prcus-a,-0.7291632779829149,5.616291179017586
0.208,16,ifrms,-0.7653019486946329,5.616291179017586
0.208,16,sspls-v,0.0,5.616291179017586
0.208,17,mcgs,-0.9156368437035759,5.089136394304376
0.208,17,pos,-1.1170780651336858,5.089136394304376
0.208,17,sbps,-2.0739608244350687,5.089136394304376
0.208,17,prculs-d,-0.0,5.089136394304376
0.208,17,prcus-p,2.096010018976316,5.089136394304376
0.208,17,prcus-i,-0.6919847672220389,5.089136394304376
0.208,17,prcus-a,-0.6080806900337663,5.089136394304376
0.208,17,ifrms,-1.5418542493031424,5.089136394304376
0.208,17,sspls-v,0.3295946939681356,5.089136394304376
0.208,18,mcgs,-1.9913665214082827,5.597053587148958
0.208,18,pos,-0.9237848638196273,5.597053587148958
0.208,18,sbps,-1.713950608942265,5.597053587148958
0.208,18,prculs-d,0.8199288965714904,5.597053587148958
0.208,18,prcus-p,2.136404252062124,5.597053587148958
0.208,18,prcus-i,-1.0544192050219727,5.597053587148958
0.208,18,prcus-a,-0.5453861125173248,5.597053587148958
0.208,18,ifrms,-0.8847963624288248,5.597053587148958
0.208,18,sspls-v,0.15143351033427294,5.597053587148958
0.208,19,mcgs,-1.844036563042131,5.8050634139565105
0.208,19,pos,-0.8695363417593714,5.8050634139565105
0.208,19,sbps,-1.6760791859759772,5.8050634139565105
0.208,19,prculs-d,0.7856812393687846,5.8050634139565105
0.208,19,prcus-p,2.1104253645197173,5.8050634139565105
0.208,19,prcus-i,-0.9815752358595792,5.8050634139565105
0.208,19,prcus-a,-0.6223256540591354,5.8050634139565105
0.208,19,ifrms,-0.8882410301917097,5.8050634139565105
0.208,19,sspls-v,0.17369551626410942,5.8050634139565105
0.208,20,mcgs,-1.9769279962945727,5.687107436115562
0.208,20,pos,-0.8027259850965883,5.687107436115562
0.208,20,sbps,-1.7439903750868848,5.687107436115562
0.208,20,prculs-d,0.7916567912589261,5.687107436115562
0.208,20,prcus-p,2.123337102856269,5.687107436115562
0.208,20,prcus-i,-1.1035739414915793,5.687107436115562
0.208,20,prcus-a,-0.6108870462951448,5.687107436115562
0.208,20,ifrms,-0.8471046539197353,5.687107436115562
0.208,20,sspls-v,0.24460706199972343,5.687107436115562
0.208,21,mcgs,-2.1531713749509596,5.742145861781118
0.208,21,pos,-0.5701987065544548,5.742145861781118
0.208,21,sbps,-1.703664464161728,5.742145861781118
0.208,21,prculs-d,1.080803151862978,5.742145861781118
0.208,21,prcus-p,2.1572194173692347,5.742145861781118
0.208,21,prcus-i,-1.0059164976848418,5.742145861781118
0.208,21,prcus-a,-0.6593550612732668,5.742145861781118
0.208,21,ifrms,-1.1494052127556702,5.742145861781118
0.208,21,sspls-v,0.44679295231879734,5.742145861781118
0.208,22,mcgs,-2.1222875901918976,5.658535950509306
0.208,22,pos,-0.7951577119870656,5.658535950509306
0.208,22,sbps,-1.6469842546645355,5.658535950509306
0.208,22,prculs-d,0.7591481000260636,5.658535950509306
0.208,22,prcus-p,2.15593438977777,5.658535950509306
0.208,22,prcus-i,-1.0797851693213203,5.658535950509306
0.208,22,prcus-a,-0.5847428048173224,5.658535950509306
0.208,22,ifrms,-0.9394800943050519,5.658535950509306
0.208,22,sspls-v,0.3172414178848545,5.658535950509306
0.208,23,mcgs,-1.8720258121741835,5.43775898908109
0.208,23,pos,-1.0943702395862773,5.43775898908109
0.208,23,sbps,-0.9655309584218754,5.43775898908109
0.208,23,prculs-d,0.8046617275266158,5.43775898908109
0.208,23,prcus-p,2.469860178787663,5.43775898908109
0.208,23,prcus-i,-1.4871815197378,5.43775898908109
0.208,23,prcus-a,-0.5631539791885282,5.43775898908109
0.208,23,ifrms,-1.0842704453463972,5.43775898908109
0.208,23,sspls-v,-0.0,5.43775898908109
0.208,24,mcgs,-1.824747458026148,5.6823741245775485
0.208,24,pos,-0.5381795553436398,5.6823741245775485
0.208,24,sbps,-1.7728166902480857,5.6823741245775485
0.208,24,prculs-d,0.6065683914457537,5.6823741245775485
0.208,24,prcus-p,2.147001192693133,5.6823741245775485
0.208,24,prcus-i,-0.8252902114824234,5.6823741245775485
0.208,24,prcus-a,-0.514443010014834,5.6823741245775485
0.208,24,ifrms,-0.6060135756681748,5.6823741245775485
0.208,24,sspls-v,0.19884053690120165,5.6823741245775485
0.208,25,mcgs,-1.872586104654366,5.5440464321709655
0.208,25,pos,-1.1055732450037747,5.5440464321709655
0.208,25,sbps,-1.7398601979920452,5.5440464321709655
0.208,25,prculs-d,1.224755891851601,5.5440464321709655
0.208,25,prcus-p,1.8187430575861756,5.5440464321709655
0.208,25,prcus-i,-1.221019333789336,5.5440464321709655
0.208,25,prcus-a,-0.5638565338898193,5.5440464321709655
0.208,25,ifrms,-0.5386255664857644,5.5440464321709655
0.208,25,sspls-v,0.8389452559071917,5.5440464321709655
0.208,26,mcgs,-2.0355735854072385,5.602570869369296
0.208,26,pos,-0.7785874158871863,5.602570869369296
0.208,26,sbps,-1.6920317674719905,5.602570869369296
0.208,26,prculs-d,0.7216350896422125,5.602570869369296
0.208,26,prcus-p,2.156997289511438,5.602570869369296
0.208,26,prcus-i,-1.0512027439160476,5.602570869369296
0.208,26,prcus-a,-0.6431075079835386,5.602570869369296
0.208,26,ifrms,-0.9185633610412783,5.602570869369296
0.208,26,sspls-v,0.1199347971997686,5.602570869369296
0.208,27,mcgs,-1.928686648384812,5.474444319618832
0.208,27,pos,-0.8355983580499721,5.474444319618832
0.208,27,sbps,-1.1596365250232925,5.474444319618832
0.208,27,prculs-d,0.8744202822596645,5.474444319618832
0.208,27,prcus-p,2.192047068347162,5.474444319618832
0.208,27,prcus-i,-1.1469156709092312,5.474444319618832
0.208,27,prcus-a,-1.2748298271731608,5.474444319618832
0.208,27,ifrms,-0.8813706663318841,5.474444319618832
0.208,27,sspls-v,0.0,5.474444319618832
0.223,0,mcgs,-2.41028477259645,5.347885955990528
0.223,0,pos,-0.5277353189039407,5.347885955990528
0.223,0,sbps,-1.904077303337044,5.347885955990528
0.223,0,prculs-d,0.8207945384114075,5.347885955990528
0.223,0,prcus-p,2.5857295835911485,5.347885955990528
0.223,0,prcus-i,-1.1809334388417037,5.347885955990528
0.223,0,prcus-a,-0.5521682839206348,5.347885955990528
0.223,0,ifrms,-1.0868830846365858,5.347885955990528
0.223,0,sspls-v,0.0,5.347885955990528
0.223,1,mcgs,-2.18002765375944,4.6177533571459675
0.223,1,pos,-1.4701603091777864,4.6177533571459675
0.223,1,sbps,-0.9745023981080978,4.6177533571459675
0.223,1,prculs-d,0.25316077443176654,4.6177533571459675
0.223,1,prcus-p,2.5361854834772113,4.6177533571459675
0.223,1,prcus-i,-1.5017373790882635,4.6177533571459675
0.223,1,prcus-a,0.0,4.6177533571459675
0.223,1,ifrms,-0.2576336873460977,4.6177533571459675
0.223,1,sspls-v,-0.0,4.6177533571459675
0.223,2,mcgs,-2.2473524419096633,4.679559393291795
0.223,2,pos,-0.3045290117314814,4.679559393291795
0.223,2,sbps,-3.1622567421865777,4.679559393291795
0.223,2,prculs-d,0.7625603472323987,4.679559393291795
0.223,2,prcus-p,1.7513138424299344,4.679559393291795
0.223,2,prcus-i,-0.6429583799659625,4.679559393291795
0.223,2,prcus-a,-0.46303045733689485,4.679559393291795
0.223,2,ifrms,-0.36476873038781643,4.679559393291795
0.223,2,sspls-v,0.30481704522084835,4.679559393291795
0.223,3,mcgs,-1.9305975126002695,5.312396712149649
0.223,3,pos,-0.5359746706670022,5.312396712149649
0.223,3,sbps,-1.8959090802091316,5.312396712149649
0.223,3,prculs-d,0.7372930893881159,5.312396712149649
0.223,3,prcus-p,1.6254806154635717,5.312396712149649
0.223,3,prcus-i,-0.800077034586776,5.312396712149649
0.223,3,prcus-a,-0.6195118401812086,5.312396712149649
0.223,3,ifrms,-0.9440443680710632,5.312396712149649
0.223,3,sspls-v,-0.0,5.312396712149649
0.223,4,mcgs,-1.7858665287145095,5.551250352134023
0.223,4,pos,-0.8642549483934755,5.551250352134023
0.223,4,sbps,-1.7671147309603041,5.551250352134023
0.223,4,prculs-d,0.5073324472191645,5.551250352134023
0.223,4,prcus-p,2.2427990059241942,5.551250352134023
0.223,4,prcus-i,-1.1379656698096658,5.551250352134023
0.223,4,prcus-a,-0.7655374486897686,5.551250352134023
0.223,4,ifrms,-0.6635229496893027,5.551250352134023
0.223,4,sspls-v,0.12223281159988231,5.551250352134023
0.223,5,mcgs,-1.7609185260575668,5.660756345708366
0.223,5,pos,-0.6162111447837578,5.660756345708366
0.223,5,sbps,-1.7150810736044746,5.660756345708366
0.223,5,prculs-d,0.7985376755008663,5.660756345708366
0.223,5,prcus-p,1.9148698464837535,5.660756345708366
0.223,5,prcus-i,-1.2184024162439455,5.660756345708366
0.223,5,prcus-a,-0.4829037066474872,5.660756345708366
0.223,5,ifrms,-0.6777761291017274,5.660756345708366
0.223,5,sspls-v,0.2380245740250066,5.660756345708366
0.223,6,mcgs,-1.9611151352654024,5.643713768864781
0.223,6,pos,-0.831220250913884,5.643713768864781
0.223,6,sbps,-1.6842688547312703,5.643713768864781
0.223,6,prculs-d,0.7171896447617508,5.643713768864781
0.223,6,prcus-p,2.114070483880259,5.643713768864781
0.223,6,prcus-i,-1.0928249428320638,5.643713768864781
0.223,6,prcus-a,-0.5990182684939273,5.643713768864781
0.223,6,ifrms,-0.8511772106876399,5.643713768864781
0.223,6,sspls-v,0.11992709506670708,5.643713768864781
0.223,7,mcgs,-1.9167458019121664,5.68728871574687
0.223,7,pos,-0.8224067398479316,5.68728871574687
0.223,7,sbps,-1.6909327179716713,5.68728871574687
0.223,7,prculs-d,0.7639905795103193,5.68728871574687
0.223,7,prcus-p,2.135369675622176,5.68728871574687
0.223,7,prcus-i,-1.1105059876974908,5.68728871574687
0.223,7,prcus-a,-0.5377897015080944,5.68728871574687
0.223,7,ifrms,-0.8718215571141444,5.68728871574687
0.223,7,sspls-v,0.14845015102549733,5.68728871574687
0.223,8,mcgs,-2.8848341799573363,4.3575998378317236
0.223,8,pos,-1.4113606942358987,4.3575998378317236
0.223,8,sbps,-1.4160759180572526,4.3575998378317236
0.223,8,prculs-d,1.6843861697238358,4.3575998378317236
0.223,8,prcus-p,1.0157858411101492,4.3575998378317236
0.223,8,prcus-i,0.0,4.3575998378317236
0.223,8,prcus-a,-0.35959244929010264,4.3575998378317236
0.223,8,ifrms,-0.6586770638942182,4.3575998378317236
0.223,8,sspls-v,0.48868257823195727,4.3575998378317236
0.223,9,mcgs,-2.3402019391805897,5.560443108787717
0.223,9,pos,-0.23849227757497143,5.560443108787717
0.223,9,sbps,-1.5068544587756705,5.560443108787717
0.223,9,prculs-d,0.6950047606310477,5.560443108787717
0.223,9,prcus-p,2.142879448681094,5.560443108787717
0.223,9,prcus-i,-0.5152161274637637,5.560443108787717
0.223,9,prcus-a,-0.5869084196124618,5.560443108787717
0.223,9,ifrms,-0.8942259565518733,5.560443108787717
0.223,9,sspls-v,0.40263965709084093,5.560443108787717
0.223,10,mcgs,-1.9632785699636264,5.679623847098787
0.223,10,pos,-0.8391785276762904,5.679623847098787
0.223,10,sbps,-1.6459435221337808,5.679623847098787
0.223,10,prculs-d,0.7328461961241869,5.679623847098787
0.223,10,prcus-p,2.1159866807298675,5.679623847098787
0.223,10,prcus-i,-1.0706727176625461,5.679623847098787
0.223,10,prcus-a,-0.6048519429759347,5.679623847098787
0.223,10,ifrms,-0.8527690769092747,5.679623847098787
0.223,10,sspls-v,0.15655927154459903,5.679623847098787
0.223,11,mcgs,-1.9055477701470604,5.671856282293152
0.223,11,pos,-0.8207271886517666,5.671856282293152
0.223,11,sbps,-1.6152920860371636,5.671856282293152
0.223,11,prculs-d,0.7253469854781277,5.671856282293152
0.223,11,prcus-p,1.9856260501721976,5.671856282293152
0.223,11,prcus-i,-1.078176899425131,5.671856282293152
0.223,11,prcus-a,-0.5530050769758105,5.671856282293152
0.223,11,ifrms,-0.829866589828331,5.671856282293152
0.223,11,sspls-v,0.12105802527408985,5.671856282293152
0.223,12,mcgs,-1.9903976989482202,5.685775664094002
0.223,12,pos,-0.8364914193535324,5.685775664094002
0.223,12,sbps,-1.67941246265778,5.685775664094002
0.223,12,prculs-d,0.7408011472578333,5.685775664094002
0.223,12,prcus-p,2.103852865303281,5.685775664094002
0.223,12,prcus-i,-1.0819292567446919,5.685775664094002
0.223,12,prcus-a,-0.5984179100402705,5.685775664094002
0.223,12,ifrms,-0.8338078434348011,5.685775664094002
0.223,12,sspls-v,0.160865776166943,5.685775664094002
0.223,13,mcgs,-1.8523418250633774,5.575192699533044
0.223,13,pos,-0.510200890266207,5.575192699533044
0.223,13,sbps,-1.2443323634138226,5.575192699533044
0.223,13,prculs-d,0.3783070889119981,5.575192699533044
0.223,13,prcus-p,1.8251105289394733,5.575192699533044
0.223,13,prcus-i,-1.6446739058741524,5.575192699533044
0.223,13,prcus-a,-0.8555536038193114,5.575192699533044
0.223,13,ifrms,-0.32748719426470274,5.575192699533044
0.223,13,sspls-v,0.16240161479569137,5.575192699533044
0.223,14,mcgs,-2.081873395008615,5.2914680376968635
0.223,14,pos,-0.7441225113562804,5.2914680376968635
0.223,14,sbps,-1.6929197912264824,5.2914680376968635
0.223,14,prculs-d,0.6354508720800732,5.2914680376968635
0.223,14,prcus-p,1.975030513150765,5.2914680376968635
0.223,14,prcus-i,-1.2933774907588709,5.2914680376968635
0.223,14,prcus-a,-0.9814828893058946,5.2914680376968635
0.223,14,ifrms,-1.2145744950747828,5.2914680376968635
0.223,14,sspls-v,0.49499619238055714,5.2914680376968635
0.223,15,mcgs,-1.932364229510059,5.659709428659916
0.223,15,pos,-0.643051509794714,5.659709428659916
0.223,15,sbps,-1.7172483687050666,5.659709428659916
0.223,15,prculs-d,0.7757450790850215,5.659709428659916
0.223,15,prcus-p,1.9017078069237427,5.659709428659916
0.223,15,prcus-i,-0.9310049927125651,5.659709428659916
0.223,15,prcus-a,-0.5532920337173138,5.659709428659916
0.223,15,ifrms,-1.1342460118854167,5.659709428659916
0.223,15,sspls-v,0.31484928067225,5.659709428659916
0.223,16,mcgs,-1.5888183000115006,5.6064648242748305
0.223,16,pos,-1.0235043353037045,5.6064648242748305
0.223,16,sbps,-1.6536409559832879,5.6064648242748305
0.223,16,prculs-d,0.8393798633479884,5.6064648242748305
0.223,16,prcus-p,2.3071999608048257,5.6064648242748305
0.223,16,prcus-i,-1.4356592066343823,5.6064648242748305
0.223,16,prcus-a,-0.7092780096722339,5.6064648242748305
0.223,16,ifrms,-0.7513319275247102,5.6064648242748305
0.223,16,sspls-v,0.0,5.6064648242748305
0.223,17,mcgs,-0.9033589568011599,5.094552291797738
0.223,17,pos,-1.1193160126663988,5.094552291797738
0.223,17,sbps,-2.0583287755804083,5.094552291797738
0.223,17,prculs-d,-0.0,5.094552291797738
0.223,17,prcus-p,2.0774913498498826,5.094552291797738
0.223,17,prcus-i,-0.6819452151272186,5.094552291797738
0.223,17,prcus-a,-0.5901364831617629,5.094552291797738
0.223,17,ifrms,-1.5279860792792495,5.094552291797738
0.223,17,sspls-v,0.3082928859075907,5.094552291797738
0.223,18,mcgs,-1.954733606224561,5.585424865293409
0.223,18,pos,-0.9326068600878471,5.585424865293409
0.223,18,sbps,-1.6910676024989606,5.585424865293409
0.223,18,prculs-d,0.775204165236451,5.585424865293409
0.223,18,prcus-p,2.1248940894747768,5.585424865293409
0.223,18,prcus-i,-1.0517439685824306,5.585424865293409
0.223,18,prcus-a,-0.5255016470903661,5.585424865293409
0.223,18,ifrms,-0.8625331755374969,5.585424865293409
0.223,18,sspls-v,0.10245587720075915,5.585424865293409
0.223,19,mcgs,-1.8088908647103048,5.794860051176091
0.223,19,pos,-0.8805062346081114,5.794860051176091
0.223,19,sbps,-1.6521420567031555,5.794860051176091
0.223,19,prculs-d,0.74177217345285,5.794860051176091
0.223,19,prcus-p,2.1005792834689934,5.794860051176091
0.223,19,prcus-i,-0.9792356022784945,5.794860051176091
0.223,19,prcus-a,-0.6019984575741705,5.794860051176091
0.223,19,ifrms,-0.8666558717221376,5.794860051176091
0.223,19,sspls-v,0.12386921299990991,5.794860051176091
0.223,20,mcgs,-1.9414597365430803,5.677156096539879
0.223,20,pos,-0.8117499476421365,5.677156096539879
0.223,20,sbps,-1.7205448225197015,5.677156096539879
0.223,20,prculs-d,0.7459464629343379,5.677156096539879
0.223,20,prcus-p,2.112020676303784,5.677156096539879
0.223,20,prcus-i,-1.1004248332136162,5.677156096539879
0.223,20,prcus-a,-0.5909526295986425,5.677156096539879
0.223,20,ifrms,-0.8254494331287665,5.677156096539879
0.223,20,sspls-v,0.19601481278546795,5.677156096539879
0.223,21,mcgs,-2.106934678140046,5.7400910945868935
0.223,21,pos,-0.5959454807792514,5.7400910945868935
0.223,21,sbps,-1.6803748987384044,5.7400910945868935
0.223,21,prculs-d,1.016976993861979,5.7400910945868935
0.223,21,prcus-p,2.141935449431724,5.7400910945868935
0.223,21,prcus-i,-1.0082994669128023,5.7400910945868935
0.223,21,prcus-a,-0.6362859703593919,5.7400910945868935
0.223,21,ifrms,-1.1080415223990534,5.7400910945868935
0.223,21,sspls-v,0.3813319637932934,5.7400910945868935
0.223,22,mcgs,-2.0835359933700373,5.64705941247026
0.223,22,pos,-0.8040490210899551,5.64705941247026
0.223,22,sbps,-1.6267858282496641,5.64705941247026
0.223,22,prculs-d,0.7165462555807363,5.64705941247026
0.223,22,prcus-p,2.1427787305021786,5.64705941247026
0.223,22,prcus-i,-1.0763318577098067,5.64705941247026
0.223,22,prcus-a,-0.566191092142492,5.64705941247026
0.223,22,ifrms,-0.9158322166442935,5.64705941247026
0.223,22,sspls-v,0.26851589981893065,5.64705941247026
0.223,23,mcgs,-1.8597004745398904,5.430977766830581
0.223,23,pos,-1.0831637084344397,5.430977766830581
0.223,23,sbps,-0.9605573102979851,5.430977766830581
0.223,23,prculs-d,0.7796172575698134,5.430977766830581
0.223,23,prcus-p,2.445821600798577,5.430977766830581
0.223,23,prcus-i,-1.4714527627441574,5.430977766830581
0.223,23,prcus-a,-0.5476845856418208,5.430977766830581
0.223,23,ifrms,-1.0664208794868015,5.430977766830581
0.223,23,sspls-v,-0.0,5.430977766830581
0.223,24,mcgs,-1.7870691861912698,5.665423840033243
0.223,24,pos,-0.5406640583567158,5.665423840033243
0.223,24,sbps,-1.7511903449950437,5.665423840033243
0.223,24,prculs-d,0.5559093740755138,5.665423840033243
0.223,24,prcus-p,2.1489632217654044,5.665423840033243
0.223,24,prcus-i,-0.8201844688815809,5.665423840033243
0.223,24,prcus-a,-0.4916938043276868,5.665423840033243
0.223,24,ifrms,-0.5799329768825505,5.665423840033243
0.223,24,sspls-v,0.14926966548091855,5.665423840033243
0.223,25,mcgs,-1.838320869345804,5.5363361607903485
0.223,25,pos,-1.1118605143621398,5.5363361607903485
0.223,25,sbps,-1.7172522986339998,5.5363361607903485
0.223,25,prculs-d,1.1775297128979696,5.5363361607903485
0.223,25,prcus-p,1.8088721617911447,5.5363361607903485
0.223,25,prcus-i,-1.2168058814928753,5.5363361607903485
0.223,25,prcus-a,-0.544041500178918,5.5363361607903485
0.223,25,ifrms,-0.5193125692736842,5.5363361607903485
0.223,25,sspls-v,0.790418060477653,5.5363361607903485
0.223,26,mcgs,-1.9998449429811802,5.590658742671244
0.223,26,pos,-0.7858056536395142,5.590658742671244
0.223,26,sbps,-1.6684116031438412,5.590658742671244
0.223,26,prculs-d,0.6746224789327783,5.590658742671244
0.223,26,prcus-p,2.146212540251742,5.590658742671244
0.223,26,prcus-i,-1.0473975409171974,5.590658742671244
0.223,26,prcus-a,-0.6234461487393157,5.590658742671244
0.223,26,ifrms,-0.898001347831216,5.590658742671244
0.223,26,sspls-v,0.0701386494389298,5.590658742671244
0.223,27,mcgs,-1.9158622483703796,5.459958354671364
0.223,27,pos,-0.8247980776898441,5.459958354671364
0.223,27,sbps,-1.1558858435217478,5.459958354671364
0.223,27,prculs-d,0.8487038311324362,5.459958354671364
0.223,27,prcus-p,2.1686039813358904,5.459958354671364
0.223,27,prcus-i,-1.1325467116687065,5.459958354671364
0.223,27,prcus-a,-1.2598895363148905,5.459958354671364
0.223,27,ifrms,-0.8640641076058451,5.459958354671364
0.223,27,sspls-v,0.0,5.459958354671364
0.238,0,mcgs,-2.3896888609361837,5.325822545879153
0.238,0,pos,-0.5229563313610774,5.325822545879153
0.238,0,sbps,-1.8924149775352015,5.325822545879153
0.238,0,prculs-d,0.7936921545055683,5.325822545879153
0.238,0,prcus-p,2.555345460849121,5.325822545879153
0.238,0,prcus-i,-1.1648818660140774,5.325822545879153
0.238,0,prcus-a,-0.537140985489276,5.325822545879153
0.238,0,ifrms,-1.0656025224978545,5.325822545879153
0.238,0,sspls-v,0.0,5.325822545879153
0.238,1,mcgs,-2.1670075924582672,4.623177930475857
0.238,1,pos,-1.4572300578156934,4.623177930475857
0.238,1,sbps,-0.9667080967202163,4.623177930475857
0.238,1,prculs-d,0.22931657346546785,4.623177930475857
0.238,1,prcus-p,2.513958950686659,4.623177930475857
0.238,1,prcus-i,-1.4889869120995332,4.623177930475857
0.238,1,prcus-a,0.0,4.623177930475857
0.238,1,ifrms,-0.24195133115071427,4.623177930475857
0.238,1,sspls-v,-0.0,4.623177930475857
0.238,2,mcgs,-2.211430026555252,4.673016676061515
0.238,2,pos,-0.31213619369840817,4.673016676061515
0.238,2,sbps,-3.1450468311442656,4.673016676061515
0.238,2,prculs-d,0.717462696043449,4.673016676061515
0.238,2,prcus-p,1.7397387302811247,4.673016676061515
0.238,2,prcus-i,-0.6394686019312953,4.673016676061515
0.238,2,prcus-a,-0.4426586895991954,4.673016676061515
0.238,2,ifrms,-0.3428734857876311,4.673016676061515
0.238,2,sspls-v,0.25822268094351736,4.673016676061515
0.238,3,mcgs,-1.9183663158102595,5.303526999716946
0.238,3,pos,-0.5230512061050103,5.303526999716946
0.238,3,sbps,-1.890989236376819,5.303526999716946
0.238,3,prculs-d,0.7132358467920564,5.303526999716946
0.238,3,prcus-p,1.6001508354947929,5.303526999716946
0.238,3,prcus-i,-0.7827012053747404,5.303526999716946
0.238,3,prcus-a,-0.6041438323813556,5.303526999716946
0.238,3,ifrms,-0.9274506665518167,5.303526999716946
0.238,3,sspls-v,-0.0,5.303526999716946
0.238,4,mcgs,-1.7489532005728008,5.538788013867956
0.238,4,pos,-0.8729848243521257,5.538788013867956
0.238,4,sbps,-1.7444795705755227,5.538788013867956
0.238,4,prculs-d,0.461900406649571,5.538788013867956
0.238,4,prcus-p,2.232462502892037,5.538788013867956
0.238,4,prcus-i,-1.135550343643416,5.538788013867956
0.238,4,prcus-a,-0.7466315081469711,5.538788013867956
0.238,4,ifrms,-0.6412756065514735,5.538788013867956
0.238,4,sspls-v,0.07348464483763673,5.538788013867956
0.238,5,mcgs,-1.723421345620218,5.650235155260848
0.238,5,pos,-0.6227371638219186,5.650235155260848
0.238,5,sbps,-1.6922147864567556,5.650235155260848
0.238,5,prculs-d,0.7546503425140128,5.650235155260848
0.238,5,prcus-p,1.901494689707275,5.650235155260848
0.238,5,prcus-i,-1.217776224629221,5.650235155260848
0.238,5,prcus-a,-0.46165628286286764,5.650235155260848
0.238,5,ifrms,-0.6535916827041605,5.650235155260848
0.238,5,sspls-v,0.1897951334706248,5.650235155260848
0.238,6,mcgs,-1.9194134120084758,5.62888125227795
0.238,6,pos,-0.8390111495736485,5.62888125227795
0.238,6,sbps,-1.6593588506778059,5.62888125227795
0.238,6,prculs-d,0.6659080101677078,5.62888125227795
0.238,6,prcus-p,2.102888256040489,5.62888125227795
0.238,6,prcus-i,-1.0924267405628907,5.62888125227795
0.238,6,prcus-a,-0.5776340705535993,5.62888125227795
0.238,6,ifrms,-0.8283842030332996,5.62888125227795
0.238,6,sspls-v,0.06390448155703456,5.62888125227795
0.238,7,mcgs,-1.8814295363089066,5.6774907365621985
0.238,7,pos,-0.8313561477673486,5.6774907365621985
0.238,7,sbps,-1.6676349313957712,5.6774907365621985
0.238,7,prculs-d,0.7194191127316634,5.6774907365621985
0.238,7,prcus-p,2.123873118650629,5.6774907365621985
0.238,7,prcus-i,-1.107539209789524,5.6774907365621985
0.238,7,prcus-a,-0.5199490327433309,5.6774907365621985
0.238,7,ifrms,-0.8496610011201499,5.6774907365621985
0.238,7,sspls-v,0.09934146962651445,5.6774907365621985
0.238,8,mcgs,-2.848069775859716,4.361541457829661
0.238,8,pos,-1.4206196551979393,4.361541457829661
0.238,8,sbps,-1.39263155976411,4.361541457829661
0.238,8,prculs-d,1.6393740092078446,4.361541457829661
0.238,8,prcus-p,1.006230849642462,4.361541457829661
0.238,8,prcus-i,0.0,4.361541457829661
0.238,8,prcus-a,-0.3394398165180291,4.361541457829661
0.238,8,ifrms,-0.6365207216606668,4.361541457829661
0.238,8,sspls-v,0.43894303328307255,4.361541457829661
0.238,9,mcgs,-2.304789167827774,5.551300397594711
0.238,9,pos,-0.24429107811731607,5.551300397594711
0.238,9,sbps,-1.4840928133957005,5.551300397594711
0.238,9,prculs-d,0.648592853102049,5.551300397594711
0.238,9,prcus-p,2.1330134273145203,5.551300397594711
0.238,9,prcus-i,-0.510821550346147,5.551300397594711
0.238,9,prcus-a,-0.5663332384262719,5.551300397594711
0.238,9,ifrms,-0.8720490672979031,5.551300397594711
0.238,9,sspls-v,0.35415363864477767,5.551300397594711
0.238,10,mcgs,-1.9266445907139753,5.66938865728112
0.238,10,pos,-0.8473702561829944,5.66938865728112
0.238,10,sbps,-1.6227997612287541,5.66938865728112
0.238,10,prculs-d,0.6869499012888965,5.66938865728112
0.238,10,prcus-p,2.1036785503466273,5.66938865728112
0.238,10,prcus-i,-1.067285370797796,5.66938865728112
0.238,10,prcus-a,-0.5859778844280346,5.66938865728112
0.238,10,ifrms,-0.830458668188832,5.66938865728112
0.238,10,sspls-v,0.10942588344101409,5.66938865728112
0.238,11,mcgs,-1.8643286818749607,5.657218660783439
0.238,11,pos,-0.8285695053007782,5.657218660783439
0.238,11,sbps,-1.5882356525363388,5.657218660783439
0.238,11,prculs-d,0.678843856886174,5.657218660783439
0.238,11,prcus-p,1.9673381293063372,5.657218660783439
0.238,11,prcus-i,-1.0745049112040688,5.657218660783439
0.238,11,prcus-a,-0.5282173154074344,5.657218660783439
0.238,11,ifrms,-0.8049823314302047,5.657218660783439
0.238,11,sspls-v,0.06869884471533139,5.657218660783439
0.238,12,mcgs,-1.950784143135391,5.680437960398219
0.238,12,pos,-0.8482274856210301,5.680437960398219
0.238,12,sbps,-1.650813330834327,5.680437960398219
0.238,12,prculs-d,0.6906976500143556,5.680437960398219
0.238,12,prcus-p,2.091346828761971,5.680437960398219
0.238,12,prcus-i,-1.0800011880371694,5.680437960398219
0.238,12,prcus-a,-0.5734374652334082,5.680437960398219
0.238,12,ifrms,-0.8157225514251939,5.680437960398219
0.238,12,sspls-v,0.1050182525813895,5.680437960398219
0.238,13,mcgs,-1.813618025142331,5.567603308891761
0.238,13,pos,-0.5158126000309146,5.567603308891761
0.238,13,sbps,-1.2178091757281295,5.567603308891761
0.238,13,prculs-d,0.32888873353416725,5.567603308891761
0.238,13,prcus-p,1.8118351511573105,5.567603308891761
0.238,13,prcus-i,-1.6493287047604763,5.567603308891761
0.238,13,prcus-a,-0.8380747840759044,5.567603308891761
0.238,13,ifrms,-0.30017300230657573,5.567603308891761
0.238,13,sspls-v,0.11293459663380509,5.567603308891761
0.238,14,mcgs,-2.044220136139534,5.287846762029191
0.238,14,pos,-0.7540145281480969,5.287846762029191
0.238,14,sbps,-1.669715303836657,5.287846762029191
0.238,14,prculs-d,0.593431102006901,5.287846762029191
0.238,14,prcus-p,1.965783762507145,5.287846762029191
0.238,14,prcus-i,-1.2878550346049307,5.287846762029191
0.238,14,prcus-a,-0.9569369572591951,5.287846762029191
0.238,14,ifrms,-1.1897136713289986,5.287846762029191
0.238,14,sspls-v,0.44258504030719414,5.287846762029191
0.238,15,mcgs,-1.896542158997428,5.662584770756698
0.238,15,pos,-0.6514470830379423,5.662584770756698
0.238,15,sbps,-1.6941502152699046,5.662584770756698
0.238,15,prculs-d,0.730333664298713,5.662584770756698
0.238,15,prcus-p,1.8903910611289327,5.662584770756698
0.238,15,prcus-i,-0.9277311478647194,5.662584770756698
0.238,15,prcus-a,-0.5331279544252753,5.662584770756698
0.238,15,ifrms,-1.1146696764344834,5.662584770756698
0.238,15,sspls-v,0.2660889809237298,5.662584770756698
0.238,16,mcgs,-1.5870631695083885,5.5981487603900995
0.238,16,pos,-1.008527999023859,5.5981487603900995
0.238,16,sbps,-1.645800296445259,5.5981487603900995
0.238,16,prculs-d,0.8100102387297996,5.5981487603900995
0.238,16,prcus-p,2.2775856319929253,5.5981487603900995
0.238,16,prcus-i,-1.409108478650697,5.5981487603900995
0.238,16,prcus-a,-0.689409756642403,5.5981487603900995
0.238,16,ifrms,-0.7373452230732996,5.5981487603900995
0.238,16,sspls-v,0.0,5.5981487603900995
0.238,17,mcgs,-0.8910810698987431,5.100659943107465
0.238,17,pos,-1.1215539601991142,5.100659943107465
0.238,17,sbps,-2.0426967267257456,5.100659943107465
0.238,17,prculs-d,-0.0,5.100659943107465
0.238,17,prcus-p,2.05897268072345,5.100659943107465
0.238,17,prcus-i,-0.671905663032398,5.100659943107465
0.238,17,prcus-a,-0.5721922762897581,5.100659943107465
0.238,17,ifrms,-1.5141179092553572,5.100659943107465
0.238,17,sspls-v,0.28699107784704314,5.100659943107465
0.238,18,mcgs,-1.9177991690762237,5.573840474384121
0.238,18,pos,-0.9416219371857031,5.573840474384121
0.238,18,sbps,-1.6680287496942352,5.573840474384121
0.238,18,prculs-d,0.7302836693522397,5.573840474384121
0.238,18,prcus-p,2.1135088359033785,5.573840474384121
0.238,18,prcus-i,-1.0492190279803728,5.573840474384121
0.238,18,prcus-a,-0.5055781946302043,5.573840474384121
0.238,18,ifrms,-0.8402152702902932,5.573840474384121
0.238,18,sspls-v,0.05320288010989422,5.573840474384121
0.238,19,mcgs,-1.7732598329675457,5.784163172511878
0.238,19,pos,-0.8918577313758812,5.784163172511878
0.238,19,sbps,-1.6279419576123413,5.784163172511878
0.238,19,prculs-d,0.697580805825245,5.784163172511878
0.238,19,prcus-p,2.0909321196284023,5.784163172511878
0.238,19,prcus-i,-0.9770505387761603,5.784163172511878
0.238,19,prcus-a,-0.5816120143173518,5.784163172511878
0.238,19,ifrms,-0.8450189739381497,5.784163172511878
0.238,19,sspls-v,0.07359682690679503,5.784163172511878
0.238,20,mcgs,-1.90603348768618,5.667230988388509
0.238,20,pos,-0.8207429280028241,5.667230988388509
0.238,20,sbps,-1.6971240576124647,5.667230988388509
0.238,20,prculs-d,0.700265807508439,5.667230988388509
0.238,20,prcus-p,2.100684760031741,5.667230988388509
0.238,20,prcus-i,-1.0972545098999293,5.667230988388509
0.238,20,prcus-a,-0.571022935151324,5.667230988388509
0.238,20,ifrms,-0.8038011238811744,5.667230988388509
0.238,20,sspls-v,0.147463507341788,5.667230988388509
0.238,21,mcgs,-2.060697981329135,5.738808912532537
0.238,21,pos,-0.6216922550040435,5.738808912532537
0.238,21,sbps,-1.657085333315083,5.738808912532537
0.238,21,prculs-d,0.9531508358609825,5.738808912532537
0.238,21,prcus-p,2.1266514814942146,5.738808912532537
0.238,21,prcus-i,-1.0106824361407631,5.738808912532537
0.238,21,prcus-a,-0.6132168794455194,5.738808912532537
0.238,21,ifrms,-1.0666778320424377,5.738808912532537
0.238,21,sspls-v,0.31587097526779423,5.738808912532537
0.238,22,mcgs,-2.0445935504392208,5.641232254248695
0.238,22,pos,-0.8130701595100003,5.641232254248695
0.238,22,sbps,-1.606492654864248,5.641232254248695
0.238,22,prculs-d,0.6738258672164261,5.641232254248695
0.238,22,prcus-p,2.1296964986136926,5.641232254248695
0.238,22,prcus-i,-1.0729740280202906,5.641232254248695
0.238,22,prcus-a,-0.5476234401658512,5.641232254248695
0.238,22,ifrms,-0.8921404717042313,5.641232254248695
0.238,22,sspls-v,0.21962191921519297,5.641232254248695
0.238,23,mcgs,-1.8473751369055946,5.425876341233337
0.238,23,pos,-1.0719571772826024,5.425876341233337
0.238,23,sbps,-0.9555836621740952,5.425876341233337
0.238,23,prculs-d,0.7545727876130094,5.425876341233337
0.238,23,prcus-p,2.4217830228094908,5.425876341233337
0.238,23,prcus-i,-1.4557240057505154,5.425876341233337
0.238,23,prcus-a,-0.5322151920951136,5.425876341233337
0.238,23,ifrms,-1.048571313627206,5.425876341233337
0.238,23,sspls-v,-0.0,5.425876341233337
0.238,24,mcgs,-1.749265710241371,5.649072541611623
0.238,24,pos,-0.5432259486455268,5.649072541611623
0.238,24,sbps,-1.7294941467567588,5.649072541611623
0.238,24,prculs-d,0.5051566821392257,5.649072541611623
0.238,24,prcus-p,2.1509714650940714,5.649072541611623
0.238,24,prcus-i,-0.8151340270679442,5.649072541611623
0.238,24,prcus-a,-0.4689269028087962,5.649072541611623
0.238,24,ifrms,-0.5538281085466311,5.649072541611623
0.238,24,sspls-v,0.09958050163135886,5.649072541611623
0.238,25,mcgs,-1.8040556340372436,5.526914726896178
0.238,25,pos,-1.1181477837205054,5.526914726896178
0.238,25,sbps,-1.6946443992759552,5.526914726896178
0.238,25,prculs-d,1.130303533944339,5.526914726896178
0.238,25,prcus-p,1.799001265996114,5.526914726896178
0.238,25,prcus-i,-1.2125924291964139,5.526914726896178
0.238,25,prcus-a,-0.5242264664680174,5.526914726896178
0.238,25,ifrms,-0.4999995720616044,5.526914726896178
0.238,25,sspls-v,0.7418908650481163,5.526914726896178
0.238,26,mcgs,-1.9641508496104212,5.5820807821219995
0.238,26,pos,-0.7930416055564546,5.5820807821219995
0.238,26,sbps,-1.6448169627111195,5.5820807821219995
0.238,26,prculs-d,0.6276621220338474,5.5820807821219995
0.238,26,prcus-p,2.1354281983235106,5.5820807821219995
0.238,26,prcus-i,-1.0435865696799038,5.5820807821219995
0.238,26,prcus-a,-0.6037852190059554,5.5820807821219995
0.238,26,ifrms,-0.8774395972377538,5.5820807821219995
0.238,26,sspls-v,0.020376574388613407,5.5820807821219995
0.238,27,mcgs,-1.9030427089232422,5.4481683748137355
0.238,27,pos,-0.8139935219320609,5.4481683748137355
0.238,27,sbps,-1.1521381337684584,5.4481683748137355
0.238,27,prculs-d,0.8229871876443868,5.4481683748137355
0.238,27,prcus-p,2.145157582979995,5.4481683748137355
0.238,27,prcus-i,-1.118174069343863,5.4481683748137355
0.238,27,prcus-a,-1.2449484029577018,5.4481683748137355
0.238,27,ifrms,-0.8467582049319269,5.4481683748137355
0.238,27,sspls-v,0.0,5.4481683748137355
0.255,0,mcgs,-2.3663468277212147,5.302711402577723
0.255,0,pos,-0.5175401454791647,5.302711402577723
0.255,0,sbps,-1.8791976749597805,5.302711402577723
0.255,0,prculs-d,0.7629761194122836,5.302711402577723
0.255,0,prcus-p,2.520910121741489,5.302711402577723
0.255,0,prcus-i,-1.146690083476101,5.302711402577723
0.255,0,prcus-a,-0.5201100472670687,5.302711402577723
0.255,0,ifrms,-1.041484552073959,5.302711402577723
0.255,0,sspls-v,0.0,5.302711402577723
0.255,1,mcgs,-2.1521554905360767,4.6359014440454445
0.255,1,pos,-1.4426721590687483,4.6359014440454445
0.255,1,sbps,-0.9578077532935936,4.6359014440454445
0.255,1,prculs-d,0.20226511048226367,4.6359014440454445
0.255,1,prcus-p,2.488833212776799,4.6359014440454445
0.255,1,prcus-i,-1.4746294385561032,4.6359014440454445
0.255,1,prcus-a,0.0,4.6359014440454445
0.255,1,ifrms,-0.2241446615984737,4.6359014440454445
0.255,1,sspls-v,-0.0,4.6359014440454445
0.255,2,mcgs,-2.17095039059957,4.662973812609126
0.255,2,pos,-0.3205928747345072,4.662973812609126
0.255,2,sbps,-3.125663799147088,4.662973812609126
0.255,2,prculs-d,0.6665026653213927,4.662973812609126
0.255,2,prcus-p,1.7265175538106072,4.662973812609126
0.255,2,prcus-i,-0.6353899879510078,4.662973812609126
0.255,2,prcus-a,-0.4195953311229265,4.662973812609126
0.255,2,ifrms,-0.31809625732233243,4.662973812609126
0.255,2,sspls-v,0.2056215637158384,4.662973812609126
0.255,3,mcgs,-1.9045042927815814,5.294877127710372
0.255,3,pos,-0.5084046129347525,5.294877127710372
0.255,3,sbps,-1.885413413366865,5.294877127710372
0.255,3,prculs-d,0.685970971849856,5.294877127710372
0.255,3,prcus-p,1.5714437515301767,5.294877127710372
0.255,3,prcus-i,-0.7630085989344331,5.294877127710372
0.255,3,prcus-a,-0.5867267568748556,5.294877127710372
0.255,3,ifrms,-0.9086444714966718,5.294877127710372
0.255,3,sspls-v,-0.0,5.294877127710372
0.255,4,mcgs,-1.7071139692652648,5.52389813431295
0.255,4,pos,-0.8828813892730881,5.52389813431295
0.255,4,sbps,-1.7188243500149973,5.52389813431295
0.255,4,prculs-d,0.41040797927951156,5.52389813431295
0.255,4,prcus-p,2.2207495723020707,5.52389813431295
0.255,4,prcus-i,-1.1328151075792923,5.52389813431295
0.255,4,prcus-a,-0.7252044307604597,5.52389813431295
0.255,4,ifrms,-0.6160610954073225,5.52389813431295
0.255,4,sspls-v,0.018233055399911578,5.52389813431295
0.255,5,mcgs,-1.6812646089411762,5.634653514255592
0.255,5,pos,-0.6298889663621099,5.634653514255592
0.255,5,sbps,-1.666503114129614,5.634653514255592
0.255,5,prculs-d,0.7051553543613676,5.634653514255592
0.255,5,prcus-p,1.8861694259575799,5.634653514255592
0.255,5,prcus-i,-1.2168792228891316,5.634653514255592
0.255,5,prcus-a,-0.4376183808189732,5.634653514255592
0.255,5,ifrms,-0.6262456790929024,5.634653514255592
0.255,5,sspls-v,0.13547877118213075,5.634653514255592
0.255,6,mcgs,-1.8715310768897084,5.615118510996466
0.255,6,pos,-0.8482050069936242,5.615118510996466
0.255,6,sbps,-1.6308011098877213,5.615118510996466
0.255,6,prculs-d,0.6073460560546715,5.615118510996466
0.255,6,prcus-p,2.0904668009825604,5.615118510996466
0.255,6,prcus-i,-1.0922964622596512,5.615118510996466
0.255,6,prcus-a,-0.5533230067228886,5.615118510996466
0.255,6,ifrms,-0.8024405633075657,5.615118510996466
0.255,6,sspls-v,0.0,5.615118510996466
0.255,7,mcgs,-1.841310787063567,5.666477199509905
0.255,7,pos,-0.8415597796630832,5.666477199509905
0.255,7,sbps,-1.6411873931984013,5.666477199509905
0.255,7,prculs-d,0.6688463400770503,5.666477199509905
0.255,7,prcus-p,2.110876769039671,5.666477199509905
0.255,7,prcus-i,-1.1042223750924254,5.666477199509905
0.255,7,prcus-a,-0.4997182082986778,5.666477199509905
0.255,7,ifrms,-0.8245283127771575,5.666477199509905
0.255,7,sspls-v,0.04360209434312082,5.666477199509905
0.255,8,mcgs,-2.8064034512157465,4.3662530766285
0.255,8,pos,-1.4311131442882539,4.3662530766285
0.255,8,sbps,-1.3660612870318816,4.3662530766285
0.255,8,prculs-d,1.5883602272897208,4.3662530766285
0.255,8,prcus-p,0.9954018593124154,4.3662530766285
0.255,8,prcus-i,-0.0,4.3662530766285
0.255,8,prcus-a,-0.31660016604300967,4.3662530766285
0.255,8,ifrms,-0.6114102004626405,4.3662530766285
0.255,8,sspls-v,0.38257154900766843,4.3662530766285
0.255,9,mcgs,-2.2646546936279157,5.542075536168409
0.255,9,pos,-0.2508630520653076,5.542075536168409
0.255,9,sbps,-1.4582962819650664,5.542075536168409
0.255,9,prculs-d,0.5959926912358502,5.542075536168409
0.255,9,prcus-p,2.1218319364324034,5.542075536168409
0.255,9,prcus-i,-0.5058410296128496,5.542075536168409
0.255,9,prcus-a,-0.5430146997485913,5.542075536168409
0.255,9,ifrms,-0.8469152594767354,5.542075536168409
0.255,9,sspls-v,0.29920281773923946,5.542075536168409
0.255,10,mcgs,-1.885038904436027,5.657825667439462
0.255,10,pos,-0.8567143661828098,5.657825667439462
0.255,10,sbps,-1.5965256374945265,5.657825667439462
0.255,10,prculs-d,0.63487631408692,5.657825667439462
0.255,10,prcus-p,2.089768365482711,5.657825667439462
0.255,10,prcus-i,-1.0634922479911488,5.657825667439462
0.255,10,prcus-a,-0.5645767869733083,5.657825667439462
0.255,10,ifrms,-0.8051569947637681,5.657825667439462
0.255,10,sspls-v,0.05592880670366292,5.657825667439462
0.255,11,mcgs,-1.8181130703014972,5.647438335488044
0.255,11,pos,-0.83710709453278,5.647438335488044
0.255,11,sbps,-1.5578617701094035,5.647438335488044
0.255,11,prculs-d,0.6264966959510406,5.647438335488044
0.255,11,prcus-p,1.9463975745348958,5.647438335488044
0.255,11,prcus-i,-1.0700782428952194,5.647438335488044
0.255,11,prcus-a,-0.5002030821382262,5.647438335488044
0.255,11,ifrms,-0.7768820429708372,5.647438335488044
0.255,11,sspls-v,0.00985035700682319,5.647438335488044
0.255,12,mcgs,-1.9057917473537738,5.673132405978818
0.255,12,pos,-0.8615970298336805,5.673132405978818
0.255,12,sbps,-1.6183429060477528,5.673132405978818
0.255,12,prculs-d,0.6338451012811461,5.673132405978818
0.255,12,prcus-p,2.077210099295742,5.673132405978818
0.255,12,prcus-i,-1.0778636730303635,5.673132405978818
0.255,12,prcus-a,-0.5451076433608024,5.673132405978818
0.255,12,ifrms,-0.7952135440548679,5.673132405978818
0.255,12,sspls-v,0.04162905938332948,5.673132405978818
0.255,13,mcgs,-1.7697310518984801,5.554687068934241
0.255,13,pos,-0.5221725377642498,5.554687068934241
0.255,13,sbps,-1.1877495630176755,5.554687068934241
0.255,13,prculs-d,0.27288126410595925,5.554687068934241
0.255,13,prcus-p,1.7967897230041936,5.554687068934241
0.255,13,prcus-i,-1.6546041434983094,5.554687068934241
0.255,13,prcus-a,-0.818265455033377,5.554687068934241
0.255,13,ifrms,-0.26921691808736636,5.554687068934241
0.255,13,sspls-v,0.05687197605033349,5.554687068934241
0.255,14,mcgs,-2.0013608779957037,5.283319923697515
0.255,14,pos,-0.7653584046744532,5.283319923697515
0.255,14,sbps,-1.6433212054818465,5.283319923697515
0.255,14,prculs-d,0.5456902807962778,5.283319923697515
0.255,14,prcus-p,1.9553841561694882,5.283319923697515
0.255,14,prcus-i,-1.2816733018943292,5.283319923697515
0.255,14,prcus-a,-0.9290790263325341,5.283319923697515
0.255,14,ifrms,-1.161493030297019,5.283319923697515
0.255,14,sspls-v,0.38300969168164695,5.283319923697515
0.255,15,mcgs,-1.8559438124164458,5.662625289610852
0.255,15,pos,-0.6609620660469336,5.662625289610852
0.255,15,sbps,-1.6679723080433881,5.662625289610852
0.255,15,prculs-d,0.6788673942075635,5.662625289610852
0.255,15,prcus-p,1.877565415894813,5.662625289610852
0.255,15,prcus-i,-0.9240207903704927,5.662625289610852
0.255,15,prcus-a,-0.5102753312276308,5.662625289610852
0.255,15,ifrms,-1.0924831629234275,5.662625289610852
0.255,15,sspls-v,0.2108273078754074,5.662625289610852
0.255,16,mcgs,-1.5850858847159164,5.591500320086349
0.255,16,pos,-0.991548056099806,5.591500320086349
0.255,16,sbps,-1.636915831478108,5.591500320086349
0.255,16,prculs-d,0.7767209307055585,5.591500320086349
0.255,16,prcus-p,2.2440152026066387,5.591500320086349
0.255,16,prcus-i,-1.3790069266116916,5.591500320086349
0.255,16,prcus-a,-0.666889972571141,5.591500320086349
0.255,16,ifrms,-0.7214960072535685,5.591500320086349
0.255,16,sspls-v,0.0,5.591500320086349
0.255,17,mcgs,-0.8771661314093373,5.107701862728245
0.255,17,pos,-1.1240903007361902,5.107701862728245
0.255,17,sbps,-2.024980404690463,5.107701862728245
0.255,17,prculs-d,-0.0,5.107701862728245
0.255,17,prcus-p,2.0379848557134936,5.107701862728245
0.255,17,prcus-i,-0.660527503991603,5.107701862728245
0.255,17,prcus-a,-0.5518555085014869,5.107701862728245
0.255,17,ifrms,-1.4984006498949467,5.107701862728245
0.255,17,sspls-v,0.26284902871175797,5.107701862728245
0.255,18,mcgs,-1.8769903157776018,5.560463449725974
0.255,18,pos,-0.9509176078649766,5.560463449725974
0.255,18,sbps,-1.6426283525653833,5.560463449725974
0.255,18,prculs-d,0.6802903428725899,5.560463449725974
0.255,18,prcus-p,2.1000511224757186,5.560463449725974
0.255,18,prcus-i,-1.045859060435615,5.560463449725974
0.255,18,prcus-a,-0.4832786829765829,5.560463449725974
0.255,18,ifrms,-0.8151231302388057,5.560463449725974
0.255,18,sspls-v,0.0,5.560463449725974
0.255,19,mcgs,-1.7329259244771074,5.771699913850466
0.255,19,pos,-0.9046857656803894,5.771699913850466
0.255,19,sbps,-1.600540268494906,5.771699913850466
0.255,19,prculs-d,0.6475241958933121,5.771699913850466
0.255,19,prcus-p,2.079979971302022,5.771699913850466
0.255,19,prcus-i,-0.9745592692513957,5.771699913850466
0.255,19,prcus-a,-0.5585129382532384,5.771699913850466
0.255,19,ifrms,-0.820502143349354,5.771699913850466
0.255,19,sspls-v,0.01666453065114271,5.771699913850466
0.255,20,mcgs,-1.865802790835065,5.655876428120406
0.255,20,pos,-0.8309947970606701,5.655876428120406
0.255,20,sbps,-1.6705339424826608,5.655876428120406
0.255,20,prculs-d,0.648437445152492,5.655876428120406
0.255,20,prcus-p,2.087873450361812,5.655876428120406
0.255,20,prcus-i,-1.09370126596615,5.655876428120406
0.255,20,prcus-a,-0.5484266862502559,5.655876428120406
0.255,20,ifrms,-0.7792530278412437,5.655876428120406
0.255,20,sspls-v,0.0923604788005909,5.655876428120406
0.255,21,mcgs,-2.008158386473293,5.734536368649044
0.255,21,pos,-0.6509807256420037,5.734536368649044
0.255,21,sbps,-1.6306311192278835,5.734536368649044
0.255,21,prculs-d,0.8806952992940228,5.734536368649044
0.255,21,prcus-p,2.109370619493364,5.734536368649044
0.255,21,prcus-i,-1.0134586989534702,5.734536368649044
0.255,21,prcus-a,-0.5870517166907625,5.734536368649044
0.255,21,ifrms,-1.0197369196665638,5.734536368649044
0.255,21,sspls-v,0.2415403768697573,5.734536368649044
0.255,22,mcgs,-2.000931501234129,5.636654248885266
0.255,22,pos,-0.823035035886901,5.636654248885266
0.255,22,sbps,-1.5836795695667472,5.636654248885266
0.255,22,prculs-d,0.6256748866067803,5.636654248885266
0.255,22,prcus-p,2.1147375222694107,5.636654248885266
0.255,22,prcus-i,-1.068942321200421,5.636654248885266
0.255,22,prcus-a,-0.526605465801969,5.636654248885266
0.255,22,ifrms,-0.865399017886248,5.636654248885266
0.255,22,sspls-v,0.16458309439148588,5.636654248885266
0.255,23,mcgs,-1.8334064209200616,5.421458654103219
0.255,23,pos,-1.0592564419771873,5.421458654103219
0.255,23,sbps,-0.9499468609670197,5.421458654103219
0.255,23,prculs-d,0.7261890549953,5.421458654103219
0.255,23,prcus-p,2.3945393010885265,5.421458654103219
0.255,23,prcus-i,-1.4378980811577213,5.421458654103219
0.255,23,prcus-a,-0.5146832127421773,5.421458654103219
0.255,23,ifrms,-1.0283418056529965,5.421458654103219
0.255,23,sspls-v,-0.0,5.421458654103219
0.255,24,mcgs,-1.7065989564536264,5.629173751344303
0.255,24,pos,-0.5460199122467716,5.629173751344303
0.255,24,sbps,-1.7050039763364824,5.629173751344303
0.255,24,prculs-d,0.4477695340564657,5.629173751344303
0.255,24,prcus-p,2.153182071067733,5.629173751344303
0.255,24,prcus-i,-0.8093319330416878,5.629173751344303
0.255,24,prcus-a,-0.4431494574039264,5.629173751344303
0.255,24,ifrms,-0.5242769375547437,5.629173751344303
0.255,24,sspls-v,0.04343352075955356,5.629173751344303
0.255,25,mcgs,-1.7651210725021351,5.508319378173862
0.255,25,pos,-1.1253356018566005,5.508319378173862
0.255,25,sbps,-1.668964993711258,5.508319378173862
0.255,25,prculs-d,1.0766992819748935,5.508319378173862
0.255,25,prcus-p,1.7878678278649178,5.508319378173862
0.255,25,prcus-i,-1.2078673824050241,5.508319378173862
0.255,25,prcus-a,-0.5017588776538626,5.508319378173862
0.255,25,ifrms,-0.47810040563957257,5.508319378173862
0.255,25,sspls-v,0.6867936903774863,5.508319378173862
0.255,26,mcgs,-1.9406651733179419,5.572415853793711
0.255,26,pos,-0.7884087812184284,5.572415853793711
0.255,26,sbps,-1.6298679769738524,5.572415853793711
0.255,26,prculs-d,0.5906083198879863,5.572415853793711
0.255,26,prcus-p,2.1138741850923446,5.572415853793711
0.255,26,prcus-i,-1.031144580384536,5.572415853793711
0.255,26,prcus-a,-0.5845172144297037,5.572415853793711
0.255,26,ifrms,-0.8566006177403706,5.572415853793711
0.255,26,sspls-v,0.0,5.572415853793711
0.255,27,mcgs,-1.8885159902443776,5.4368556776832975
0.255,27,pos,-0.8017465179874066,5.4368556776832975
0.255,27,sbps,-1.1478920088537359,5.4368556776832975
0.255,27,prculs-d,0.7938415755378789,5.4368556776832975
0.255,27,prcus-p,2.1185835724926774,5.4368556776832975
0.255,27,prcus-i,-1.1018834889742815,5.4368556776832975
0.255,27,prcus-a,-1.2280147557522436,5.4368556776832975
0.255,27,ifrms,-0.8271451310283335,5.4368556776832975
0.255,27,sspls-v,0.0,5.4368556776832975
0.272,0,mcgs,-2.3430047945062458,5.281651625677821
0.272,0,pos,-0.512123959597253,5.281651625677821
0.272,0,sbps,-1.8659803723843609,5.281651625677821
0.272,0,prculs-d,0.7322600843189988,5.281651625677821
0.272,0,prcus-p,2.4864747826338576,5.281651625677821
0.272,0,prcus-i,-1.1284983009381246,5.281651625677821
0.272,0,prcus-a,-0.5030791090448604,5.281651625677821
0.272,0,ifrms,-1.0173665816500639,5.281651625677821
0.272,0,sspls-v,0.0,5.281651625677821
0.272,1,mcgs,-2.137305719304749,4.647927059593449
0.272,1,pos,-1.4281120394386024,4.647927059593449
0.272,1,sbps,-0.9489088917510289,4.647927059593449
0.272,1,prculs-d,0.17521430611721792,4.647927059593449
0.272,1,prcus-p,2.463706067491012,4.647927059593449
0.272,1,prcus-i,-1.460269812420897,4.647927059593449
0.272,1,prcus-a,0.0,4.647927059593449
0.272,1,ifrms,-0.2063387728627487,4.647927059593449
0.272,1,sspls-v,-0.0,4.647927059593449
0.272,2,mcgs,-2.13047075464389,4.652331534715663
0.272,2,pos,-0.32904955577060485,4.652331534715663
0.272,2,sbps,-3.106280767149914,4.652331534715663
0.272,2,prculs-d,0.6155426345993364,4.652331534715663
0.272,2,prcus-p,1.71329637734009,4.652331534715663
0.272,2,prcus-i,-0.6313113739707195,4.652331534715663
0.272,2,prcus-a,-0.39653197264665785,4.652331534715663
0.272,2,ifrms,-0.2933190288570323,4.652331534715663
0.272,2,sspls-v,0.15302044648816246,4.652331534715663
0.272,3,mcgs,-1.8906422697529037,5.289393867796098
0.272,3,pos,-0.4937580197644947,5.289393867796098
0.272,3,sbps,-1.87983759035691,5.289393867796098
0.272,3,prculs-d,0.6587060969076556,5.289393867796098
0.272,3,prcus-p,1.5427366675655598,5.289393867796098
0.272,3,prcus-i,-0.7433159924941264,5.289393867796098
0.272,3,prcus-a,-0.5693096813683554,5.289393867796098
0.272,3,ifrms,-0.889838276441526,5.289393867796098
0.272,3,sspls-v,-0.0,5.289393867796098
0.272,4,mcgs,-1.6836950367610848,5.504145470191428
0.272,4,pos,-0.878107126795349,5.504145470191428
0.272,4,sbps,-1.705006129378267,5.504145470191428
0.272,4,prculs-d,0.37469361616555763,5.504145470191428
0.272,4,prcus-p,2.1997978187822427,5.504145470191428
0.272,4,prcus-i,-1.1207788269254977,5.504145470191428
0.272,4,prcus-a,-0.7071520202098458,5.504145470191428
0.272,4,ifrms,-0.5945811046623907,5.504145470191428
0.272,4,sspls-v,0.0,5.504145470191428
0.272,5,mcgs,-1.6387119557674286,5.6188017180682825
0.272,5,pos,-0.637325159009249,5.6188017180682825
0.272,5,sbps,-1.6405509199199533,5.6188017180682825
0.272,5,prculs-d,0.6553769580548282,5.6188017180682825
0.272,5,prcus-p,1.8710423893250208,5.6188017180682825
0.272,5,prcus-i,-1.2162040601900925,5.6188017180682825
0.272,5,prcus-a,-0.41353143334719583,5.6188017180682825
0.272,5,ifrms,-0.5988263203654726,5.6188017180682825
0.272,5,sspls-v,0.0807607979574639,5.6188017180682825
0.272,6,mcgs,-1.856926082803554,5.601817681229237
0.272,6,pos,-0.8352218068290361,5.601817681229237
0.272,6,sbps,-1.6227538876058212,5.601817681229237
0.272,6,prculs-d,0.5784850155566478,5.601817681229237
0.272,6,prcus-p,2.063169974602058,5.601817681229237
0.272,6,prcus-i,-1.0755367886053349,5.601817681229237
0.272,6,prcus-a,-0.5355391156609787,5.601817681229237
0.272,6,ifrms,-0.7827000302482391,5.601817681229237
0.272,6,sspls-v,0.0,5.601817681229237
0.272,7,mcgs,-1.8072880992590103,5.660362963737487
0.272,7,pos,-0.8469749071518491,5.660362963737487
0.272,7,sbps,-1.6187344611449832,5.660362963737487
0.272,7,prculs-d,0.6233995476186796,5.660362963737487
0.272,7,prcus-p,2.094782472813007,5.660362963737487
0.272,7,prcus-i,-1.0978034076485907,5.660362963737487
0.272,7,prcus-a,-0.4806167536413091,5.660362963737487
0.272,7,ifrms,-0.8005989211533721,5.660362963737487
0.272,7,sspls-v,0.0,5.660362963737487
0.272,8,mcgs,-2.7646022375136696,4.37477050761175
0.272,8,pos,-1.441686907884623,4.37477050761175
0.272,8,sbps,-1.339429470247028,4.37477050761175
0.272,8,prculs-d,1.5372307467488373,4.37477050761175
0.272,8,prcus-p,0.9846145020446971,4.37477050761175
0.272,8,prcus-i,-0.0,4.37477050761175
0.272,8,prcus-a,-0.2937323719344174,4.37477050761175
0.272,8,ifrms,-0.5862911355603287,4.37477050761175
0.272,8,sspls-v,0.3260724068242789,4.37477050761175
0.272,9,mcgs,-2.2245202194280567,5.537531563528329
0.272,9,pos,-0.2574350260132977,5.537531563528329
0.272,9,sbps,-1.4324997505344332,5.537531563528329
0.272,9,prculs-d,0.5433925293696517,5.537531563528329
0.272,9,prcus-p,2.1106504455502852,5.537531563528329
0.272,9,prcus-i,-0.5008605088795517,5.537531563528329
0.272,9,prcus-a,-0.5196961610709093,5.537531563528329
0.272,9,ifrms,-0.8217814516555686,5.537531563528329
0.272,9,sspls-v,0.24425199683370075,5.537531563528329
0.272,10,mcgs,-1.8434169148397457,5.650063689262266
0.272,10,pos,-0.8660693337865778,5.650063689262266
0.272,10,sbps,-1.570243269286094,5.650063689262266
0.272,10,prculs-d,0.5827919182765104,5.650063689262266
0.272,10,prcus-p,2.0758653199467654,5.650063689262266
0.272,10,prcus-i,-1.0597077102311447,5.650063689262266
0.272,10,prcus-a,-0.5431738158142742,5.650063689262266
0.272,10,ifrms,-0.7798522296062311,5.650063689262266
0.272,10,sspls-v,0.0024170696888205817,5.650063689262266
0.272,11,mcgs,-1.7959286804560908,5.632775092978104
0.272,11,pos,-0.8272716502842524,5.632775092978104
0.272,11,sbps,-1.5432271365496046,5.632775092978104
0.272,11,prculs-d,0.5947679221212819,5.632775092978104
0.272,11,prcus-p,1.9150892649354712,5.632775092978104
0.272,11,prcus-i,-1.0538483773109666,5.632775092978104
0.272,11,prcus-a,-0.47748119233063896,5.632775092978104
0.272,11,ifrms,-0.7538358024728588,5.632775092978104
0.272,11,sspls-v,0.0,5.632775092978104
0.272,12,mcgs,-1.8716511268553038,5.66089454183363
0.272,12,pos,-0.8661813462992898,5.66089454183363
0.272,12,sbps,-1.5936625058383769,5.66089454183363
0.272,12,prculs-d,0.5867331448788158,5.66089454183363
0.272,12,prcus-p,2.058313374258041,5.66089454183363
0.272,12,prcus-i,-1.0704153012418902,5.66089454183363
0.272,12,prcus-a,-0.519971118910674,5.66089454183363
0.272,12,ifrms,-0.7760153399750854,5.66089454183363
0.272,12,sspls-v,0.0,5.66089454183363
0.272,13,mcgs,-1.7257260092911961,5.5389830567703635
0.272,13,pos,-0.5286039046177159,5.5389830567703635
0.272,13,sbps,-1.1576232753809441,5.5389830567703635
0.272,13,prculs-d,0.21679080778512472,5.5389830567703635
0.272,13,prcus-p,1.7817917699152745,5.5389830567703635
0.272,13,prcus-i,-1.659943990318058,5.5389830567703635
0.272,13,prcus-a,-0.7984451860299221,5.5389830567703635
0.272,13,ifrms,-0.23823614511848124,5.5389830567703635
0.272,13,sspls-v,0.0007003448884839085,5.5389830567703635
0.272,14,mcgs,-1.9588482247031052,5.285781017012134
0.272,14,pos,-0.7764770210177271,5.285781017012134
0.272,14,sbps,-1.6170874696405493,5.285781017012134
0.272,14,prculs-d,0.4981573942850095,5.285781017012134
0.272,14,prcus-p,1.9448531575539463,5.285781017012134
0.272,14,prcus-i,-1.2753498389643,5.285781017012134
0.272,14,prcus-a,-0.9012849182086953,5.285781017012134
0.272,14,ifrms,-1.1333531581349534,5.285781017012134
0.272,14,sspls-v,0.3237427870309326,5.285781017012134
0.272,15,mcgs,-1.8152329454049658,5.65903370575566
0.272,15,pos,-0.6705602561282917,5.65903370575566
0.272,15,sbps,-1.6417318530582652,5.65903370575566
0.272,15,prculs-d,0.6273224286309383,5.65903370575566
0.272,15,prcus-p,1.864795236317957,5.65903370575566
0.272,15,prcus-i,-0.9203753149264308,5.65903370575566
0.272,15,prcus-a,-0.48741032643768356,5.65903370575566
0.272,15,ifrms,-1.0702691727567404,5.65903370575566
0.272,15,sspls-v,0.15545511367294151,5.65903370575566
0.272,16,mcgs,-1.5831172292210658,5.586298132722616
0.272,16,pos,-0.974563194597154,5.586298132722616
0.272,16,sbps,-1.6280325418844985,5.586298132722616
0.272,16,prculs-d,0.7434289069424938,5.586298132722616
0.272,16,prcus-p,2.2104393006547824,5.586298132722616
0.272,16,prcus-i,-1.3488975716956764,5.586298132722616
0.272,16,prcus-a,-0.6443684204397202,5.586298132722616
0.272,16,ifrms,-0.7056485245211023,5.586298132722616
0.272,16,sspls-v,0.0,5.586298132722616
0.272,17,mcgs,-0.863251192919931,5.114761092112328
0.272,17,pos,-1.1266266412732664,5.114761092112328
0.272,17,sbps,-2.0072640826551806,5.114761092112328
0.272,17,prculs-d,-0.0,5.114761092112328
0.272,17,prcus-p,2.016997030703536,5.114761092112328
0.272,17,prcus-i,-0.6491493449508063,5.114761092112328
0.272,17,prcus-a,-0.5315187407132161,5.114761092112328
0.272,17,ifrms,-1.4826833905345354,5.114761092112328
0.272,17,sspls-v,0.23870697957647125,5.114761092112328
0.272,18,mcgs,-1.8628042646975354,5.549924838911152
0.272,18,pos,-0.9382662648081728,5.549924838911152
0.272,18,sbps,-1.633967272160349,5.549924838911152
0.272,18,prculs-d,0.6517715267445487,5.549924838911152
0.272,18,prcus-p,2.0734204342303366,5.549924838911152
0.272,18,prcus-i,-1.029852864955634,5.549924838911152
0.272,18,prcus-a,-0.46715529972868136,5.549924838911152
0.272,18,ifrms,-0.7950501845220155,5.549924838911152
0.272,18,sspls-v,0.0,5.549924838911152
0.272,19,mcgs,-1.7132438574051956,5.761886786307918
0.272,19,pos,-0.8992301287413329,5.761886786307918
0.272,19,sbps,-1.586887116976135,5.761886786307918
0.272,19,prculs-d,0.612894509257896,5.761886786307918
0.272,19,prcus-p,2.0587134961987457,5.761886786307918
0.272,19,prcus-i,-0.9651037400124207,5.761886786307918
0.272,19,prcus-a,-0.539316128443543,5.761886786307918
0.272,19,ifrms,-0.7984385729498761,5.761886786307918
0.272,19,sspls-v,0.0,5.761886786307918
0.272,20,mcgs,-1.8262720383468718,5.6489321487262645
0.272,20,pos,-0.8407300801089014,5.6489321487262645
0.272,20,sbps,-1.644354804435263,5.6489321487262645
0.272,20,prculs-d,0.5971031062335344,5.6489321487262645
0.272,20,prcus-p,2.074739953081957,5.6489321487262645
0.272,20,prcus-i,-1.0897964778532572,5.6489321487262645
0.272,20,prcus-a,-0.5259094313576239,5.6489321487262645
0.272,20,ifrms,-0.7548201286258421,5.6489321487262645
0.272,20,sspls-v,0.03793852323842861,5.6489321487262645
0.272,21,mcgs,-1.9557893163861295,5.733087877372753
0.272,21,pos,-0.6801347669913835,5.733087877372753
0.272,21,sbps,-1.6042502691766158,5.733087877372753
0.272,21,prculs-d,0.8083870809630239,5.733087877372753
0.272,21,prcus-p,2.0920391353572523,5.733087877372753
0.272,21,prcus-i,-1.0161415913716703,5.733087877372753
0.272,21,prcus-a,-0.5609115052940049,5.733087877372753
0.272,21,ifrms,-0.9728726952386134,5.733087877372753
0.272,21,sspls-v,0.1673845945369638,5.733087877372753
0.272,22,mcgs,-1.9571418604550237,5.638965025037341
0.272,22,pos,-0.832961319884468,5.638965025037341
0.272,22,sbps,-1.560901060305488,5.638965025037341
0.272,22,prculs-d,0.5775011234275699,5.638965025037341
0.272,22,prcus-p,2.0997285417566767,5.638965025037341
0.272,22,prcus-i,-1.064953748641309,5.638965025037341
0.272,22,prcus-a,-0.5056051550494122,5.638965025037341
0.272,22,ifrms,-0.838627168950122,5.638965025037341
0.272,22,sspls-v,0.10951771404072878,5.638965025037341
0.272,23,mcgs,-1.8194377049345285,5.419162584628004
0.272,23,pos,-1.046555706671772,5.419162584628004
0.272,23,sbps,-0.9443100597599449,5.419162584628004
0.272,23,prculs-d,0.6978053223775895,5.419162584628004
0.272,23,prcus-p,2.367295579367563,5.419162584628004
0.272,23,prcus-i,-1.4200721565649255,5.419162584628004
0.272,23,prcus-a,-0.4971512333892414,5.419162584628004
0.272,23,ifrms,-1.008112297678787,5.419162584628004
0.272,23,sspls-v,-0.0,5.419162584628004
0.272,24,mcgs,-1.6699782738891291,5.603541678186328
0.272,24,pos,-0.543896938399986,5.603541678186328
0.272,24,sbps,-1.6846867243106756,5.603541678186328
0.272,24,prculs-d,0.39581790707662956,5.603541678186328
0.272,24,prcus-p,2.1528477123034317,5.603541678186328
0.272,24,prcus-i,-0.8005227773495011,5.603541678186328
0.272,24,prcus-a,-0.41855769997108794,5.603541678186328
0.272,24,ifrms,-0.4957953944085592,5.603541678186328
0.272,24,sspls-v,0.0,5.603541678186328
0.272,25,mcgs,-1.7263091808293212,5.489282820173914
0.272,25,pos,-1.1324475399398501,5.489282820173914
0.272,25,sbps,-1.6433552199790216,5.489282820173914
0.272,25,prculs-d,1.0231940778504887,5.489282820173914
0.272,25,prcus-p,1.7766690764560342,5.489282820173914
0.272,25,prcus-i,-1.2030811413212255,5.489282820173914
0.272,25,prcus-a,-0.4793041505765978,5.489282820173914
0.272,25,ifrms,-0.4562147736745223,5.489282820173914
0.272,25,sspls-v,0.631818038749955,5.489282820173914
0.272,26,mcgs,-1.9267389569431161,5.560732884458595
0.272,26,pos,-0.7766230144792631,5.560732884458595
0.272,26,sbps,-1.6215630417372762,5.560732884458595
0.272,26,prculs-d,0.562691559075793,5.560732884458595
0.272,26,prcus-p,2.0870947547290433,5.560732884458595
0.272,26,prcus-i,-1.0141374094974072,5.560732884458595
0.272,26,prcus-a,-0.5669366926550685,5.560732884458595
0.272,26,ifrms,-0.8371435576386952,5.560732884458595
0.272,26,sspls-v,0.0,5.560732884458595
0.272,27,mcgs,-1.874030640781156,5.433766722302913
0.272,27,pos,-0.7895263996396797,5.433766722302913
0.272,27,sbps,-1.1436475452876165,5.433766722302913
0.272,27,prculs-d,0.7647132506868585,5.433766722302913
0.272,27,prcus-p,2.091999648666212,5.433766722302913
0.272,27,prcus-i,-1.0855636475789276,5.433766722302913
0.272,27,prcus-a,-1.2110687185012818,5.433766722302913
0.272,27,ifrms,-0.8075392785154374,5.433766722302913
0.272,27,sspls-v,0.0,5.433766722302913
0.291,0,mcgs,-2.3169166397365757,5.27320171109393
0.291,0,pos,-0.5060705753762913,5.27320171109393
0.291,0,sbps,-1.8512080930353614,5.27320171109393
0.291,0,prculs-d,0.6979303980382694,5.27320171109393
0.291,0,prcus-p,2.447988227160624,5.27320171109393
0.291,0,prcus-i,-1.108166308689799,5.27320171109393
0.291,0,prcus-a,-0.4840445310318054,5.27320171109393
0.291,0,ifrms,-0.9904112029410044,5.27320171109393
0.291,0,sspls-v,0.0,5.27320171109393
0.291,1,mcgs,-2.120721317561583,4.659980915615454
0.291,1,pos,-1.411827147436865,4.659980915615454
0.291,1,sbps,-0.9389709902937221,4.659980915615454
0.291,1,prculs-d,0.14498455862815746,4.659980915615454
0.291,1,prcus-p,2.4356152989442186,4.659980915615454
0.291,1,prcus-i,-1.4442093647566632,4.659980915615454
0.291,1,prcus-a,0.0,4.659980915615454
0.291,1,ifrms,-0.1864422283424061,4.659980915615454
0.291,1,sspls-v,-0.0,4.659980915615454
0.291,2,mcgs,-2.0852288085757746,4.642473316698847
0.291,2,pos,-0.33850114045801105,4.642473316698847
0.291,2,sbps,-3.0846173784471866,4.642473316698847
0.291,2,prculs-d,0.5585873061452715,4.642473316698847
0.291,2,prcus-p,1.698519768343631,4.642473316698847
0.291,2,prcus-i,-0.6267529230515752,4.642473316698847
0.291,2,prcus-a,-0.37075527787906315,4.642473316698847
0.291,2,ifrms,-0.26562683233699386,4.642473316698847
0.291,2,sspls-v,0.09423096252781579,4.642473316698847
0.291,3,mcgs,-1.8751494204855583,5.286125954997103
0.291,3,pos,-0.4773882979859717,5.286125954997103
0.291,3,sbps,-1.8736057881693147,5.286125954997103
0.291,3,prculs-d,0.6282335896193143,5.286125954997103
0.291,3,prcus-p,1.5106522796051067,5.286125954997103
0.291,3,prcus-i,-0.7213066088255474,5.286125954997103
0.291,3,prcus-a,-0.5498435381552079,5.286125954997103
0.291,3,ifrms,-0.8688195878504807,5.286125954997103
0.291,3,sspls-v,-0.0,5.286125954997103
0.291,4,mcgs,-1.6677672057344037,5.484274402252544
0.291,4,pos,-0.864616987507451,5.484274402252544
0.291,4,sbps,-1.6961267118038252,5.484274402252544
0.291,4,prculs-d,0.3435467557007694,5.484274402252544
0.291,4,prcus-p,2.1712850919829214,5.484274402252544
0.291,4,prcus-i,-1.102181721950508,5.484274402252544
0.291,4,prcus-a,-0.6888567470765862,5.484274402252544
0.291,4,ifrms,-0.5726483908631707,5.484274402252544
0.291,4,sspls-v,0.0,5.484274402252544
0.291,5,mcgs,-1.591175904009203,5.609598184322611
0.291,5,pos,-0.6456200135311917,5.609598184322611
0.291,5,sbps,-1.6115637953579207,5.609598184322611
0.291,5,prculs-d,0.5997577954211218,5.609598184322611
0.291,5,prcus-p,1.854119354912634,5.609598184322611
0.291,5,prcus-i,-1.2154321185148094,5.609598184322611
0.291,5,prcus-a,-0.38661299887743633,5.609598184322611
0.291,5,ifrms,-0.5681853442896214,5.609598184322611
0.291,5,sspls-v,0.01963032406394299,5.609598184322611
0.291,6,mcgs,-1.8406513497478307,5.587087125207448
0.291,6,pos,-0.8206689710137901,5.587087125207448
0.291,6,sbps,-1.613772791799857,5.587087125207448
0.291,6,prculs-d,0.5462345242134301,5.587087125207448
0.291,6,prcus-p,2.0326466278602813,5.587087125207448
0.291,6,prcus-i,-1.0567839675746578,5.587087125207448
0.291,6,prcus-a,-0.5156630943131824,5.587087125207448
0.291,6,ifrms,-0.7606452180424236,5.587087125207448
0.291,6,sspls-v,0.0,5.587087125207448
0.291,7,mcgs,-1.7926861370376275,5.646809023498793
0.291,7,pos,-0.8342548426288884,5.646809023498793
0.291,7,sbps,-1.609181571782652,5.646809023498793
0.291,7,prculs-d,0.5926880835122821,5.646809023498793
0.291,7,prcus-p,2.0647796096538316,5.646809023498793
0.291,7,prcus-i,-1.0788088615822626,5.646809023498793
0.291,7,prcus-a,-0.4637624520943756,5.646809023498793
0.291,7,ifrms,-0.7785213329219772,5.646809023498793
0.291,7,sspls-v,0.0,5.646809023498793
0.291,8,mcgs,-2.718063910454466,4.383965130777701
0.291,8,pos,-1.4533971353717257,4.383965130777701
0.291,8,sbps,-1.3097469367965455,4.383965130777701
0.291,8,prculs-d,1.4802410216193285,4.383965130777701
0.291,8,prcus-p,0.97250227014747,4.383965130777701
0.291,8,prcus-i,-0.0,4.383965130777701
0.291,8,prcus-a,-0.26821194511109586,4.383965130777701
0.291,8,ifrms,-0.5582283287271241,4.383965130777701
0.291,8,sspls-v,0.26309730245622814,4.383965130777701
0.291,9,mcgs,-2.1795330458281366,5.529611174373316
0.291,9,pos,-0.26487002380732794,5.529611174373316
0.291,9,sbps,-1.4036127688402893,5.529611174373316
0.291,9,prculs-d,0.4845257974740236,5.529611174373316
0.291,9,prcus-p,2.098201390307836,5.529611174373316
0.291,9,prcus-i,-0.4953646480678259,5.529611174373316
0.291,9,prcus-a,-0.49362090764872885,5.529611174373316
0.291,9,ifrms,-0.7936670871120927,5.529611174373316
0.291,9,sspls-v,0.18271981839086987,5.529611174373316
0.291,10,mcgs,-1.8249380300145348,5.637083870103157
0.291,10,pos,-0.8535546938112868,5.637083870103157
0.291,10,sbps,-1.5583710597419629,5.637083870103157
0.291,10,prculs-d,0.5488820231626006,5.637083870103157
0.291,10,prcus-p,2.045516082105133,5.637083870103157
0.291,10,prcus-i,-1.0408350821849797,5.637083870103157
0.291,10,prcus-a,-0.5253694191965864,5.637083870103157
0.291,10,ifrms,-0.7572016097242896,5.637083870103157
0.291,10,sspls-v,0.0,5.637083870103157
0.291,11,mcgs,-1.7766706407723671,5.615949601844999
0.291,11,pos,-0.8120583492003035,5.615949601844999
0.291,11,sbps,-1.5304933028980765,5.615949601844999
0.291,11,prculs-d,0.564013467293757,5.615949601844999
0.291,11,prcus-p,1.8776809273070232,5.615949601844999
0.291,11,prcus-i,-1.0329577906014005,5.615949601844999
0.291,11,prcus-a,-0.4532833425268154,5.615949601844999
0.291,11,ifrms,-0.7292401748003108,5.615949601844999
0.291,11,sspls-v,0.0,5.615949601844999
0.291,12,mcgs,-1.8562204359004466,5.642946163854117
0.291,12,pos,-0.8527550070707156,5.642946163854117
0.291,12,sbps,-1.5824538431017874,5.642946163854117
0.291,12,prculs-d,0.5545587387203978,5.642946163854117
0.291,12,prcus-p,2.027105438381836,5.642946163854117
0.291,12,prcus-i,-1.050933106451785,5.642946163854117
0.291,12,prcus-a,-0.49863041506441114,5.642946163854117
0.291,12,ifrms,-0.7573091623517201,5.642946163854117
0.291,12,sspls-v,0.0,5.642946163854117
0.291,13,mcgs,-1.7072525446312792,5.5145643370545026
0.291,13,pos,-0.5118441953390901,5.5145643370545026
0.291,13,sbps,-1.1430824372524548,5.5145643370545026
0.291,13,prculs-d,0.18022126536527797,5.5145643370545026
0.291,13,prcus-p,1.7498141717428939,5.5145643370545026
0.291,13,prcus-i,-1.651135488743162,5.5145643370545026
0.291,13,prcus-a,-0.7824132704330252,5.5145643370545026
0.291,13,ifrms,-0.2092979155419354,5.5145643370545026
0.291,13,sspls-v,0.0,5.5145643370545026
0.291,14,mcgs,-1.911376454525677,5.292335557262562
0.291,14,pos,-0.7888245444250558,5.292335557262562
0.291,14,sbps,-1.5878281399149698,5.292335557262562
0.291,14,prculs-d,0.4450874896289028,5.292335557262562
0.291,14,prcus-p,1.9330265508241564,5.292335557262562
0.291,14,prcus-i,-1.2682602088307091,5.292335557262562
0.291,14,prcus-a,-0.8702498059697867,5.292335557262562
0.291,14,ifrms,-1.1019201153034133,5.292335557262562
0.291,14,sspls-v,0.2575866761036433,5.292335557262562
0.291,15,mcgs,-1.7698826272964818,5.654884091141903
0.291,15,pos,-0.6811766759909915,5.654884091141903
0.291,15,sbps,-1.6124877024642132,5.654884091141903
0.291,15,prculs-d,0.5698183015711993,5.654884091141903
0.291,15,prcus-p,1.8504487109536685,5.654884091141903
0.291,15,prcus-i,-0.9162144301767067,5.654884091141903
0.291,15,prcus-a,-0.46187183379260177,5.654884091141903
0.291,15,ifrms,-1.045478416188852,5.654884091141903
0.291,15,sspls-v,0.09371594007162837,5.654884091141903
0.291,16,mcgs,-1.5810140285897931,5.580664771661765
0.291,16,pos,-0.9555244436365234,5.580664771661765
0.291,16,sbps,-1.6181173682190098,5.580664771661765
0.291,16,prculs-d,0.7061894223596326,5.580664771661765
0.291,16,prcus-p,2.172851584757948,5.580664771661765
0.291,16,prcus-i,-1.3151581614058092,5.580664771661765
0.291,16,prcus-a,-0.6191774170885068,5.580664771661765
0.291,16,ifrms,-0.6879561112700543,5.580664771661765
0.291,16,sspls-v,0.0,5.580664771661765
0.291,17,mcgs,-0.8476992028435366,5.122113161052623
0.291,17,pos,-1.1294613748147042,5.122113161052623
0.291,17,sbps,-1.9874634874392767,5.122113161052623
0.291,17,prculs-d,-0.0,5.122113161052623
0.291,17,prcus-p,1.9935400498100548,5.122113161052623
0.291,17,prcus-i,-0.6364325789640336,5.122113161052623
0.291,17,prcus-a,-0.5087894120086781,5.122113161052623
0.291,17,ifrms,-1.465117041837605,5.122113161052623
0.291,17,sspls-v,0.2117246893664462,5.122113161052623
0.291,18,mcgs,-1.8469253300017003,5.5400653572182526
0.291,18,pos,-0.9241365123944408,5.5400653572182526
0.291,18,sbps,-1.624283474481358,5.5400653572182526
0.291,18,prculs-d,0.619893570108752,5.5400653572182526
0.291,18,prcus-p,2.0436621417204925,5.5400653572182526
0.291,18,prcus-i,-1.0119762930854557,5.5400653572182526
0.291,18,prcus-a,-0.449136595882403,5.5400653572182526
0.291,18,ifrms,-0.7726115176150152,5.5400653572182526
0.291,18,sspls-v,0.0,5.5400653572182526
0.291,19,mcgs,-1.7010064365979027,5.749184465221914
0.291,19,pos,-0.8845263210328294,5.749184465221914
0.291,19,sbps,-1.5780774960747537,5.749184465221914
0.291,19,prculs-d,0.5814233597774761,5.749184465221914
0.291,19,prcus-p,2.0301102822391153,5.749184465221914
0.291,19,prcus-i,-0.9512576211872672,5.749184465221914
0.291,19,prcus-a,-0.5196831900394402,5.749184465221914
0.291,19,ifrms,-0.7749337811793758,5.749184465221914
0.291,19,sspls-v,0.0,5.749184465221914
0.291,20,mcgs,-1.7920539496881276,5.640463179314628
0.291,20,pos,-0.8426243450652693,5.640463179314628
0.291,20,sbps,-1.6227705678426496,5.640463179314628
0.291,20,prculs-d,0.5491376303232537,5.640463179314628
0.291,20,prcus-p,2.0545322131330876,5.640463179314628
0.291,20,prcus-i,-1.0807184754728993,5.640463179314628
0.291,20,prcus-a,-0.5026390310669937,5.640463179314628
0.291,20,ifrms,-0.7289996159105124,5.640463179314628
0.291,20,sspls-v,0.0,5.640463179314628
0.291,21,mcgs,-1.8972065221074081,5.734157658977989
0.291,21,pos,-0.7127602065979707,5.734157658977989
0.291,21,sbps,-1.5747431352866286,5.734157658977989
0.291,21,prculs-d,0.7275265223479135,5.734157658977989
0.291,21,prcus-p,2.0726842849333704,5.734157658977989
0.291,21,prcus-i,-1.0191689504615176,5.734157658977989
0.291,21,prcus-a,-0.5316882700645751,5.734157658977989
0.291,21,ifrms,-0.9204713518233334,5.734157658977989
0.291,21,sspls-v,0.08445062026347155,5.734157658977989
0.291,22,mcgs,-1.9078620877776042,5.640609212794209
0.291,22,pos,-0.8443562890230548,5.640609212794209
0.291,22,sbps,-1.5352196285022461,5.640609212794209
0.291,22,prculs-d,0.5234178940952536,5.640609212794209
0.291,22,prcus-p,2.0831397417861646,5.640609212794209
0.291,22,prcus-i,-1.060676845070943,5.640609212794209
0.291,22,prcus-a,-0.48208999468326025,5.640609212794209
0.291,22,ifrms,-0.8086285045821859,5.640609212794209
0.291,22,sspls-v,0.047626884586742885,5.640609212794209
0.291,23,mcgs,-1.8038256105977541,5.419448661157145
0.291,23,pos,-1.032360767212778,5.419448661157145
0.291,23,sbps,-0.9380101054696852,5.419448661157145
0.291,23,prculs-d,0.6660823270989722,5.419448661157145
0.291,23,prcus-p,2.336846713914721,5.419448661157145
0.291,23,prcus-i,-1.4001490643729804,5.419448661157145
0.291,23,prcus-a,-0.4775566682300794,5.419448661157145
0.291,23,ifrms,-0.9855028475899652,5.419448661157145
0.291,23,sspls-v,-0.0,5.419448661157145
0.291,24,mcgs,-1.6517823430869678,5.571212530586319
0.291,24,pos,-0.5228935443347028,5.571212530586319
0.291,24,sbps,-1.677731969306794,5.571212530586319
0.291,24,prculs-d,0.35822956666373634,5.571212530586319
0.291,24,prcus-p,2.1428943086533874,5.571212530586319
0.291,24,prcus-i,-0.7793309639919895,5.571212530586319
0.291,24,prcus-a,-0.3955586015612143,5.571212530586319
0.291,24,ifrms,-0.467972450943099,5.571212530586319
0.291,24,sspls-v,0.0,5.571212530586319
0.291,25,mcgs,-1.682844476858863,5.468002466570546
0.291,25,pos,-1.140449818675933,5.468002466570546
0.291,25,sbps,-1.614683320672906,5.468002466570546
0.291,25,prculs-d,0.9633241563216034,5.468002466570546
0.291,25,prcus-p,1.7641989847043196,5.468002466570546
0.291,25,prcus-i,-1.197775075401516,5.468002466570546
0.291,25,prcus-a,-0.4541986014953068,5.468002466570546
0.291,25,ifrms,-0.4317447891599207,5.468002466570546
0.291,25,sspls-v,0.5702887800591401,5.468002466570546
0.291,26,mcgs,-1.9112699993149105,5.550206774672576
0.291,26,pos,-0.7633886293694534,5.550206774672576
0.291,26,sbps,-1.6123082512812585,5.550206774672576
0.291,26,prculs-d,0.5314979190736245,5.550206774672576
0.291,26,prcus-p,2.0571249218204546,5.550206774672576
0.291,26,prcus-i,-0.9950630349144015,5.550206774672576
0.291,26,prcus-a,-0.5472852220756221,5.550206774672576
0.291,26,ifrms,-0.8154186701060545,5.550206774672576
0.291,26,sspls-v,0.0,5.550206774672576
0.291,27,mcgs,-1.8577905992625456,5.432496849518208
0.291,27,pos,-0.7758418916655909,5.432496849518208
0.291,27,sbps,-1.1388986044541123,5.432496849518208
0.291,27,prculs-d,0.7321389413251211,5.432496849518208
0.291,27,prcus-p,2.062302907142099,5.432496849518208
0.291,27,prcus-i,-1.0673603075419567,5.432496849518208
0.291,27,prcus-a,-1.1921440241061119,5.432496849518208
0.291,27,ifrms,-0.7856182699890365,5.432496849518208
0.291,27,sspls-v,0.0,5.432496849518208
0.311,0,mcgs,-2.2894554241895535,5.270141333782151
0.311,0,pos,-0.49969859198580585,5.270141333782151
0.311,0,sbps,-1.8356583252995733,5.270141333782151
0.311,0,prculs-d,0.6617938861638161,5.270141333782151
0.311,0,prcus-p,2.4074760635045847,5.270141333782151
0.311,0,prcus-i,-1.0867642115862959,5.270141333782151
0.311,0,prcus-a,-0.464008133123326,5.270141333782151
0.311,0,ifrms,-0.9620371200893637,5.270141333782151
0.311,0,sspls-v,0.0,5.270141333782151
0.311,1,mcgs,-2.1032640525687767,4.671014129731209
0.311,1,pos,-1.3946851558560887,4.671014129731209
0.311,1,sbps,-0.9285100413912939,4.671014129731209
0.311,1,prculs-d,0.11316377179756765,4.671014129731209
0.311,1,prcus-p,2.40604606889496,4.671014129731209
0.311,1,prcus-i,-1.427303630373258,4.671014129731209
0.311,1,prcus-a,0.0,4.671014129731209
0.311,1,ifrms,-0.16549849726836038,4.671014129731209
0.311,1,sspls-v,-0.0,4.671014129731209
0.311,2,mcgs,-2.037413484042809,4.625837377976045
0.311,2,pos,-0.34858643156717284,4.625837377976045
0.311,2,sbps,-3.061713301079611,4.625837377976045
0.311,2,prculs-d,0.4985097412196399,4.625837377976045
0.311,2,prcus-p,1.683050398196526,4.625837377976045
0.311,2,prcus-i,-0.6220567271791834,4.625837377976045
0.311,2,prcus-a,-0.34360153900955165,4.625837377976045
0.311,2,ifrms,-0.23644623639134724,4.625837377976045
0.311,2,sspls-v,0.03217707649777371,4.625837377976045
0.311,3,mcgs,-1.8588411580988793,5.286607417221423
0.311,3,pos,-0.4601570119033153,5.286607417221423
0.311,3,sbps,-1.867045996392898,5.286607417221423
0.311,3,prculs-d,0.5961572661579023,5.286607417221423
0.311,3,prcus-p,1.4768792396467347,5.286607417221423
0.311,3,prcus-i,-0.6981388365428333,5.286607417221423
0.311,3,prcus-a,-0.529352861088737,5.286607417221423
0.311,3,ifrms,-0.8466946524914856,5.286607417221423
0.311,3,sspls-v,-0.0,5.286607417221423
0.311,4,mcgs,-1.6510103796079272,5.4700336437986605
0.311,4,pos,-0.8504152891971839,5.4700336437986605
0.311,4,sbps,-1.6867787638883907,5.4700336437986605
0.311,4,prculs-d,0.31076633816238064,5.4700336437986605
0.311,4,prcus-p,2.141268578106257,5.4700336437986605
0.311,4,prcus-i,-1.0826009290041607,5.4700336437986605
0.311,4,prcus-a,-0.6695971781547561,5.4700336437986605
0.311,4,ifrms,-0.5495642960818408,5.4700336437986605
0.311,4,sspls-v,0.0,5.4700336437986605
0.311,5,mcgs,-1.561568130761215,5.593490835088925
0.311,5,pos,-0.6371962915029501,5.593490835088925
0.311,5,sbps,-1.595324440917401,5.593490835088925
0.311,5,prculs-d,0.5600369418606485,5.593490835088925
0.311,5,prcus-p,1.8247803992039018,5.593490835088925
0.311,5,prcus-i,-1.204231328253709,5.593490835088925
0.311,5,prcus-a,-0.36204458370095094,5.593490835088925
0.311,5,ifrms,-0.539526874119453,5.593490835088925
0.311,5,sspls-v,0.0,5.593490835088925
0.311,6,mcgs,-1.8235332318512705,5.579894615828158
0.311,6,pos,-0.8053420226504554,5.579894615828158
0.311,6,sbps,-1.6043256075112875,5.579894615828158
0.311,6,prculs-d,0.5122878316285416,5.579894615828158
0.311,6,prcus-p,2.0005071959568834,5.579894615828158
0.311,6,prcus-i,-1.0370328074337887,5.579894615828158
0.311,6,prcus-a,-0.49473951390503274,5.579894615828158
0.311,6,ifrms,-0.7374318668673778,5.579894615828158
0.311,6,sspls-v,0.0,5.579894615828158
0.311,7,mcgs,-1.7773337027360436,5.634991868350193
0.311,7,pos,-0.8208827174415925,5.634991868350193
0.311,7,sbps,-1.5991409506097807,5.634991868350193
0.311,7,prculs-d,0.5603633341791173,5.634991868350193
0.311,7,prcus-p,2.0331812481049103,5.634991868350193
0.311,7,prcus-i,-1.0587902093532449,5.634991868350193
0.311,7,prcus-a,-0.4460147750697977,5.634991868350193
0.311,7,ifrms,-0.7552819447262258,5.634991868350193
0.311,7,sspls-v,0.0,5.634991868350193
0.311,8,mcgs,-2.668937877002694,4.393193251303524
0.311,8,pos,-1.4658062542183803,4.393193251303524
0.311,8,sbps,-1.278439113704507,4.393193251303524
0.311,8,prculs-d,1.4201334668942927,4.393193251303524
0.311,8,prcus-p,0.9597951017678913,4.393193251303524
0.311,8,prcus-i,-0.0,4.393193251303524
0.311,8,prcus-a,-0.2413194644829868,4.393193251303524
0.311,8,ifrms,-0.5286797432232744,4.393193251303524
0.311,8,sspls-v,0.19667689641289976,4.393193251303524
0.311,9,mcgs,-2.132336333381273,5.517668941241976
0.311,9,pos,-0.27258782311850466,5.517668941241976
0.311,9,sbps,-1.3732725256903808,5.517668941241976
0.311,9,prculs-d,0.42265539994607415,5.517668941241976
0.311,9,prcus-p,2.085039265626144,5.517668941241976
0.311,9,prcus-i,-0.4894942621335939,5.517668941241976
0.311,9,prcus-a,-0.46618940428682726,5.517668941241976
0.311,9,ifrms,-0.7641015674397665,5.517668941241976
0.311,9,sspls-v,0.11808987011790274,5.517668941241976
0.311,10,mcgs,-1.8066159467801495,5.623661546076734
0.311,10,pos,-0.8394308689521395,5.623661546076734
0.311,10,sbps,-1.5465942001216346,5.623661546076734
0.311,10,prculs-d,0.5141902597113408,5.623661546076734
0.311,10,prcus-p,2.0129532266013146,5.623661546076734
0.311,10,prcus-i,-1.0203751930937737,5.623661546076734
0.311,10,prcus-a,-0.5068882518483476,5.623661546076734
0.311,10,ifrms,-0.7335876271248795,5.623661546076734
0.311,10,sspls-v,0.0,5.623661546076734
0.311,11,mcgs,-1.756399020052658,5.604982464834593
0.311,11,pos,-0.7960443480593041,5.604982464834593
0.311,11,sbps,-1.5170892674754148,5.604982464834593
0.311,11,prculs-d,0.5316403569489939,5.604982464834593
0.311,11,prcus-p,1.838303729803394,5.604982464834593
0.311,11,prcus-i,-1.0109676993281738,5.604982464834593
0.311,11,prcus-a,-0.42781192168068577,5.604982464834593
0.311,11,ifrms,-0.7033500404081552,5.604982464834593
0.311,11,sspls-v,0.0,5.604982464834593
0.311,12,mcgs,-1.8399540788200073,5.628876194107539
0.311,12,pos,-0.8386533985927102,5.628876194107539
0.311,12,sbps,-1.5706482038953744,5.628876194107539
0.311,12,prculs-d,0.5206932313516839,5.628876194107539
0.311,12,prcus-p,1.9942771691024102,5.628876194107539
0.311,12,prcus-i,-1.0304434085080019,5.628876194107539
0.311,12,prcus-a,-0.47616699625869974,5.628876194107539
0.311,12,ifrms,-0.7376136976750635,5.628876194107539
0.311,12,sspls-v,0.0,5.628876194107539
0.311,13,mcgs,-1.688175903791109,5.494489461627844
0.311,13,pos,-0.4939016457017014,5.494489461627844
0.311,13,sbps,-1.1279661464512636,5.494489461627844
0.311,13,prculs-d,0.14206709344516133,5.494489461627844
0.311,13,prcus-p,1.7159938744584025,5.494489461627844
0.311,13,prcus-i,-1.6417524364023846,5.494489461627844
0.311,13,prcus-a,-0.765638334973723,5.494489461627844
0.311,13,ifrms,-0.1788900200518208,5.494489461627844
0.311,13,sspls-v,0.0,5.494489461627844
0.311,14,mcgs,-1.8609742763100126,5.295393780015106
0.311,14,pos,-0.8021556765349316,5.295393780015106
0.311,14,sbps,-1.556786798539513,5.295393780015106
0.311,14,prculs-d,0.38893488765080153,5.295393780015106
0.311,14,prcus-p,1.920782909374863,5.295393780015106
0.311,14,prcus-i,-1.2609790813224162,5.295393780015106
0.311,14,prcus-a,-0.8374800879652581,5.295393780015106
0.311,14,ifrms,-1.068724329099521,5.295393780015106
0.311,14,sspls-v,0.18751743355017356,5.295393780015106
0.311,15,mcgs,-1.722065315636382,5.64732121599917
0.311,15,pos,-0.6924111125001223,5.64732121599917
0.311,15,sbps,-1.5816598421503778,5.64732121599917
0.311,15,prculs-d,0.5092315966993309,5.64732121599917
0.311,15,prcus-p,1.8353866053003725,5.64732121599917
0.311,15,prcus-i,-0.9118807584318481,5.64732121599917
0.311,15,prcus-a,-0.4349803920911579,5.64732121599917
0.311,15,ifrms,-1.0193633147506045,5.64732121599917
0.311,15,sspls-v,0.028648626439462463,5.64732121599917
0.311,16,mcgs,-1.5787007853710227,5.576308305593454
0.311,16,pos,-0.9355406397172001,5.576308305593454
0.311,16,sbps,-1.6076668283347582,5.576308305593454
0.311,16,prculs-d,0.6670214400885092,5.576308305593454
0.311,16,prcus-p,2.133348721893403,5.576308305593454
0.311,16,prcus-i,-1.279732831077148,5.576308305593454
0.311,16,prcus-a,-0.5926808934141471,5.576308305593454
0.311,16,ifrms,-0.6693125803499624,5.576308305593454
0.311,16,sspls-v,0.0,5.576308305593454
0.311,17,mcgs,-0.8313286869736467,5.128454468672033
0.311,17,pos,-1.1324453048583232,5.128454468672033
0.311,17,sbps,-1.966620755633061,5.128454468672033
0.311,17,prculs-d,-0.0,5.128454468672033
0.311,17,prcus-p,1.96884849097481,5.128454468672033
0.311,17,prcus-i,-0.6230465095042733,5.128454468672033
0.311,17,prcus-a,-0.48486380284600655,5.128454468672033
0.311,17,ifrms,-1.4466261484724157,5.128454468672033
0.311,17,sspls-v,0.18332227861905165,5.128454468672033
0.311,18,mcgs,-1.830280311381642,5.53677072390389
0.311,18,pos,-0.9092449911808953,5.53677072390389
0.311,18,sbps,-1.6141441871123912,5.53677072390389
0.311,18,prculs-d,0.5863574186297255,5.53677072390389
0.311,18,prcus-p,2.012263931084988,5.53677072390389
0.311,18,prcus-i,-0.9930764408900297,5.53677072390389
0.311,18,prcus-a,-0.43015103939355626,5.53677072390389
0.311,18,ifrms,-0.7490045722586567,5.53677072390389
0.311,18,sspls-v,0.0,5.53677072390389
0.311,19,mcgs,-1.688175034551565,5.7404307291953955
0.311,19,pos,-0.8690265386779682,5.7404307291953955
0.311,19,sbps,-1.568810353807355,5.7404307291953955
0.311,19,prculs-d,0.5482980896229671,5.7404307291953955
0.311,19,prcus-p,1.9999987211808248,5.7404307291953955
0.311,19,prcus-i,-0.9366715783203553,5.7404307291953955
0.311,19,prcus-a,-0.4990130233811427,5.7404307291953955
0.311,19,ifrms,-0.7501947640863501,5.7404307291953955
0.311,19,sspls-v,0.0,5.7404307291953955
0.311,20,mcgs,-1.7744220040797651,5.625747740775444
0.311,20,pos,-0.8282102046099745,5.625747740775444
0.311,20,sbps,-1.613951480136698,5.625747740775444
0.311,20,prculs-d,0.5156059852104736,5.625747740775444
0.311,20,prcus-p,2.0231442892316056,5.625747740775444
0.311,20,prcus-i,-1.0624013913875219,5.625747740775444
0.311,20,prcus-a,-0.4815219063503652,5.625747740775444
0.311,20,ifrms,-0.7045859672805946,5.625747740775444
0.311,20,sspls-v,0.0,5.625747740775444
0.311,21,mcgs,-1.8371131081407017,5.731223516754664
0.311,21,pos,-0.7457282954423949,5.731223516754664
0.311,21,sbps,-1.5445153228235768,5.731223516754664
0.311,21,prculs-d,0.6440173723238268,5.731223516754664
0.311,21,prcus-p,2.0517791635039706,5.731223516754664
0.311,21,prcus-i,-1.0215458498814767,5.731223516754664
0.311,21,prcus-a,-0.5012426886242954,5.731223516754664
0.311,21,ifrms,-0.8660701409313564,5.731223516754664
0.311,21,sspls-v,0.0,5.731223516754664
0.311,22,mcgs,-1.8654310210372225,5.637635022213559
0.311,22,pos,-0.849295854996887,5.637635022213559
0.311,22,sbps,-1.5131588403424574,5.637635022213559
0.311,22,prculs-d,0.4734453211454629,5.637635022213559
0.311,22,prcus-p,2.0618687908392777,5.637635022213559
0.311,22,prcus-i,-1.0519682687686716,5.637635022213559
0.311,22,prcus-a,-0.4586473151463362,5.637635022213559
0.311,22,ifrms,-0.7793776855477864,5.637635022213559
0.311,22,sspls-v,0.0,5.637635022213559
0.311,23,mcgs,-1.7873918270853615,5.421847647442178
0.311,23,pos,-1.0174187256769938,5.421847647442178
0.311,23,sbps,-0.9313785746378329,5.421847647442178
0.311,23,prculs-d,0.6326897004899008,5.421847647442178
0.311,23,prcus-p,2.304795276595938,5.421847647442178
0.311,23,prcus-i,-1.3791773883814564,5.421847647442178
0.311,23,prcus-a,-0.4569308101678021,5.421847647442178
0.311,23,ifrms,-0.9617034264438372,5.421847647442178
0.311,23,sspls-v,-0.0,5.421847647442178
0.311,24,mcgs,-1.6326294126931165,5.539258985913064
0.311,24,pos,-0.5007852429951094,5.539258985913064
0.311,24,sbps,-1.6704112533212585,5.539258985913064
0.311,24,prculs-d,0.31866357061138095,5.539258985913064
0.311,24,prcus-p,2.1324165822017567,5.539258985913064
0.311,24,prcus-i,-0.7570235301916066,5.539258985913064
0.311,24,prcus-a,-0.37134910308506647,5.539258985913064
0.311,24,ifrms,-0.4386854756671917,5.539258985913064
0.311,24,sspls-v,0.0,5.539258985913064
0.311,25,mcgs,-1.6371527195415219,5.445581720363386
0.311,25,pos,-1.1488358204298776,5.445581720363386
0.311,25,sbps,-1.5845367793079705,5.445581720363386
0.311,25,prculs-d,0.9003521661331468,5.445581720363386
0.311,25,prcus-p,1.7510403014891285,5.445581720363386
0.311,25,prcus-i,-1.1921595590950624,5.445581720363386
0.311,25,prcus-a,-0.4277780659513498,5.445581720363386
0.311,25,ifrms,-0.4059935733722116,5.445581720363386
0.311,25,sspls-v,0.5055811866610915,5.445581720363386
0.311,26,mcgs,-1.8949109662187555,5.546279955130344
0.311,26,pos,-0.7495068104899769,5.546279955130344
0.311,26,sbps,-1.60254515096717,5.546279955130344
0.311,26,prculs-d,0.49865652022097495,5.546279955130344
0.311,26,prcus-p,2.025608869755335,5.546279955130344
0.311,26,prcus-i,-0.9750370702797329,5.546279955130344
0.311,26,prcus-a,-0.5266015197296698,5.546279955130344
0.311,26,ifrms,-0.7925335000985082,5.546279955130344
0.311,26,sspls-v,0.0,5.546279955130344
0.311,27,mcgs,-1.8406958187166391,5.429799821371357
0.311,27,pos,-0.7614371464297078,5.429799821371357
0.311,27,sbps,-1.133899719366213,5.429799821371357
0.311,27,prculs-d,0.6978501946285548,5.429799821371357
0.311,27,prcus-p,2.031043179221981,5.429799821371357
0.311,27,prcus-i,-1.048198896976724,5.429799821371357
0.311,27,prcus-a,-1.1722232931638283,5.429799821371357
0.311,27,ifrms,-0.7625435241717727,5.429799821371357
0.311,27,sspls-v,0.0,5.429799821371357
0.332,0,mcgs,-2.26062114786518,5.2696442875094585
0.332,0,pos,-0.4930080094257972,5.2696442875094585
0.332,0,sbps,-1.819331069176995,5.2696442875094585
0.332,0,prculs-d,0.623850548695641,5.2696442875094585
0.332,0,prcus-p,2.3649382916657467,5.2696442875094585
0.332,0,prcus-i,-1.0642920096276198,5.2696442875094585
0.332,0,prcus-a,-0.44296991531942287,5.2696442875094585
0.332,0,ifrms,-0.9322443330951392,5.2696442875094585
0.332,0,sspls-v,0.0,5.2696442875094585
0.332,1,mcgs,-2.0849339243263283,4.675220306063225
0.332,1,pos,-1.3766860646962733,4.675220306063225
0.332,1,sbps,-0.9175260450437448,4.675220306063225
0.332,1,prculs-d,0.07975194562544773,4.675220306063225
0.332,1,prcus-p,2.374998377343239,4.675220306063225
0.332,1,prcus-i,-1.4095526092706834,4.675220306063225
0.332,1,prcus-a,0.0,4.675220306063225
0.332,1,ifrms,-0.14350757964061195,4.675220306063225
0.332,1,sspls-v,-0.0,4.675220306063225
0.332,2,mcgs,-2.004091946066941,4.603425461539389
0.332,2,pos,-0.34569236218517974,4.603425461539389
0.332,2,sbps,-3.0473078266554987,4.603425461539389
0.332,2,prculs-d,0.44990746892687355,4.603425461539389
0.332,2,prcus-p,1.6583117234250166,4.603425461539389
0.332,2,prcus-i,-0.608489349672379,4.603425461539389
0.332,2,prcus-a,-0.3183189570769388,4.603425461539389
0.332,2,ifrms,-0.20895291071422972,4.603425461539389
0.332,2,sspls-v,0.0,4.603425461539389
0.332,3,mcgs,-1.841717482592864,5.290117073600904
0.332,3,pos,-0.4420641615165269,5.290117073600904
0.332,3,sbps,-1.8601582150276599,5.290117073600904
0.332,3,prculs-d,0.5624771265234191,5.290117073600904
0.332,3,prcus-p,1.4414175476904434,5.290117073600904
0.332,3,prcus-i,-0.6738126756459828,5.290117073600904
0.332,3,prcus-a,-0.5078376501689433,5.290117073600904
0.332,3,ifrms,-0.8234634703645415,5.290117073600904
0.332,3,sspls-v,-0.0,5.290117073600904
0.332,4,mcgs,-1.633377726071853,5.46718026981893
0.332,4,pos,-0.8355136365912483,5.46718026981893
0.332,4,sbps,-1.6769545902089524,5.46718026981893
0.332,4,prculs-d,0.27633171569805376,5.46718026981893
0.332,4,prcus-p,2.109774901232054,5.46718026981893
0.332,4,prcus-i,-1.0620708705923878,5.46718026981893
0.332,4,prcus-a,-0.6493822744520924,5.46718026981893
0.332,4,ifrms,-0.5253158902617393,5.46718026981893
0.332,4,sspls-v,0.0,5.46718026981893
0.332,5,mcgs,-1.540047574173426,5.5778990155718144
0.332,5,pos,-0.6203712605054141,5.5778990155718144
0.332,5,sbps,-1.5849269164878668,5.5778990155718144
0.332,5,prculs-d,0.5271224298887548,5.5778990155718144
0.332,5,prcus-p,1.788622824938592,5.5778990155718144
0.332,5,prcus-i,-1.187613353121255,5.5778990155718144
0.332,5,prcus-a,-0.3380031607554964,5.5778990155718144
0.332,5,ifrms,-0.5111224887588275,5.5778990155718144
0.332,5,sspls-v,0.0,5.5778990155718144
0.332,6,mcgs,-1.8056124050957305,5.576156284665459
0.332,6,pos,-0.7891827862510585,5.576156284665459
0.332,6,sbps,-1.5944426088681916,5.576156284665459
0.332,6,prculs-d,0.4766416538081516,5.576156284665459
0.332,6,prcus-p,1.966703622904516,5.576156284665459
0.332,6,prcus-i,-1.016243390121234,5.576156284665459
0.332,6,prcus-a,-0.47276724048688407,5.576156284665459
0.332,6,ifrms,-0.7130672847608438,5.576156284665459
0.332,6,sspls-v,0.0,5.576156284665459
0.332,7,mcgs,-1.7612136467193804,5.628513939598169
0.332,7,pos,-0.806841985994932,5.628513939598169
0.332,7,sbps,-1.5885982983782674,5.628513939598169
0.332,7,prculs-d,0.5264223473792937,5.628513939598169
0.332,7,prcus-p,2.0000029684785425,5.628513939598169
0.332,7,prcus-i,-1.0377706245127754,5.628513939598169
0.332,7,prcus-a,-0.42737971419399196,5.628513939598169
0.332,7,ifrms,-0.7308805871206859,5.628513939598169
0.332,7,sspls-v,0.0,5.628513939598169
0.332,8,mcgs,-2.6175630287231186,4.398812608336011
0.332,8,pos,-1.4787121171543232,4.398812608336011
0.332,8,sbps,-1.2456605109330658,4.398812608336011
0.332,8,prculs-d,1.357198245667855,4.398812608336011
0.332,8,prcus-p,0.9463886699634534,4.398812608336011
0.332,8,prcus-i,-0.0,4.398812608336011
0.332,8,prcus-a,-0.2131256635201983,4.398812608336011
0.332,8,ifrms,-0.49766689671882297,4.398812608336011
0.332,8,sspls-v,0.12713175525499792,4.398812608336011
0.332,9,mcgs,-2.0826926999916355,5.506274664495678
0.332,9,pos,-0.28075124416762554,5.506274664495678
0.332,9,sbps,-1.3413783318379204,5.506274664495678
0.332,9,prculs-d,0.3576394190395003,5.506274664495678
0.332,9,prcus-p,2.0712508816065585,5.506274664495678
0.332,9,prcus-i,-0.4833772935004458,5.506274664495678
0.332,9,prcus-a,-0.4373774459851329,5.506274664495678
0.332,9,ifrms,-0.7330420573525878,5.506274664495678
0.332,9,sspls-v,0.05015093970517354,5.506274664495678
0.332,10,mcgs,-1.787377759384045,5.617719533249503
0.332,10,pos,-0.8246008528500355,5.617719533249503
0.332,10,sbps,-1.5342284975202896,5.617719533249503
0.332,10,prculs-d,0.4777639080875186,5.617719533249503
0.332,10,prcus-p,1.978762228322306,5.617719533249503
0.332,10,prcus-i,-0.998892309548009,5.617719533249503
0.332,10,prcus-a,-0.48748302613269734,5.617719533249503
0.332,10,ifrms,-0.708792945395499,5.617719533249503
0.332,10,sspls-v,0.0,5.617719533249503
0.332,11,mcgs,-1.7351141395368903,5.599013774108907
0.332,11,pos,-0.7792294460101323,5.599013774108907
0.332,11,sbps,-1.5030150841065517,5.599013774108907
0.332,11,prculs-d,0.49764866337446284,5.599013774108907
0.332,11,prcus-p,1.7969574406286528,5.599013774108907
0.332,11,prcus-i,-0.9878778508585426,5.599013774108907
0.332,11,prcus-a,-0.4010669017001412,5.599013774108907
0.332,11,ifrms,-0.6761654637634044,5.599013774108907
0.332,11,sspls-v,0.0,5.599013774108907
0.332,12,mcgs,-1.8228744038855458,5.623218137692455
0.332,12,pos,-0.8238467096908042,5.623218137692455
0.332,12,sbps,-1.5582522827286407,5.623218137692455
0.332,12,prculs-d,0.48513444861453336,5.623218137692455
0.332,12,prcus-p,1.9598074863590134,5.623218137692455
0.332,12,prcus-i,-1.0089292256670304,5.623218137692455
0.332,12,prcus-a,-0.4525804065127033,5.623218137692455
0.332,12,ifrms,-0.716933459764575,5.623218137692455
0.332,12,sspls-v,0.0,5.623218137692455
0.332,13,mcgs,-1.6682237964458313,5.476393069955176
0.332,13,pos,-0.47503770069446843,5.476393069955176
0.332,13,sbps,-1.112160291205544,5.476393069955176
0.332,13,prculs-d,0.10203212469660328,5.476393069955176
0.332,13,prcus-p,1.6804432722843192,5.476393069955176
0.332,13,prcus-i,-1.6318081423886202,5.476393069955176
0.332,13,prcus-a,-0.7480055173890849,5.476393069955176
0.332,13,ifrms,-0.1469900607470346,5.476393069955176
0.332,13,sspls-v,0.0,5.476393069955176
0.332,14,mcgs,-1.808104446991027,5.297641509316275
0.332,14,pos,-0.8161157470375408,5.297641509316275
0.332,14,sbps,-1.5242204513034168,5.297641509316275
0.332,14,prculs-d,0.33000812988811684,5.297641509316275
0.332,14,prcus-p,1.9079044425207183,5.297641509316275
0.332,14,prcus-i,-1.2533121140582628,5.297641509316275
0.332,14,prcus-a,-0.8030829735839405,5.297641509316275
0.332,14,ifrms,-1.0338814880800828,5.297641509316275
0.332,14,sspls-v,0.11399451141473717,5.297641509316275
0.332,15,mcgs,-1.6907891283482854,5.631672454539159
0.332,15,pos,-0.6880123473089786,5.631672454539159
0.332,15,sbps,-1.56200522041697,5.631672454539159
0.332,15,prculs-d,0.4624671423053807,5.631672454539159
0.332,15,prcus-p,1.808991279952461,5.631672454539159
0.332,15,prcus-i,-0.8968135150424403,5.631672454539159
0.332,15,prcus-a,-0.41027776469094746,5.631672454539159
0.332,15,ifrms,-0.997101111642821,5.631672454539159
0.332,15,sspls-v,0.0,5.631672454539159
0.332,16,mcgs,-1.5762718799913145,5.575055933572887
0.332,16,pos,-0.9145576456019108,5.575055933572887
0.332,16,sbps,-1.596693761456293,5.575055933572887
0.332,16,prculs-d,0.6258950587038289,5.575055933572887
0.332,16,prcus-p,2.0918707158856313,5.575055933572887
0.332,16,prcus-i,-1.2425362342320554,5.575055933572887
0.332,16,prcus-a,-0.5648595435560703,5.575055933572887
0.332,16,ifrms,-0.649736872883867,5.575055933572887
0.332,16,sspls-v,0.0,5.575055933572887
0.332,17,mcgs,-0.8141397207323603,5.133545694065527
0.332,17,pos,-1.1355783508354604,5.133545694065527
0.332,17,sbps,-1.9447359361172831,5.133545694065527
0.332,17,prculs-d,-0.0,5.133545694065527
0.332,17,prcus-p,1.9429223142631111,5.133545694065527
0.332,17,prcus-i,-0.6089910881557471,5.133545694065527
0.332,17,prcus-a,-0.4597419239566828,5.133545694065527
0.332,17,ifrms,-1.4272107209303289,5.133545694065527
0.332,17,sspls-v,0.15349980554830725,5.133545694065527
0.332,18,mcgs,-1.8127725069065297,5.538120211351509
0.332,18,pos,-0.8936142925003266,5.538120211351509
0.332,18,sbps,-1.6034681772683141,5.538120211351509
0.332,18,prculs-d,0.5511345433466677,5.538120211351509
0.332,18,prcus-p,1.9793359735728269,5.538120211351509
0.332,18,prcus-i,-0.973274219180809,5.538120211351509
0.332,18,prcus-a,-0.4102264923850476,5.538120211351509
0.332,18,ifrms,-0.72421163539674,5.538120211351509
0.332,18,sspls-v,0.0,5.538120211351509
0.332,19,mcgs,-1.6746470740138075,5.7355010951447225
0.332,19,pos,-0.8527758732610926,5.7355010951447225
0.332,19,sbps,-1.5590730170584504,5.7355010951447225
0.332,19,prculs-d,0.5135139904780278,5.7355010951447225
0.332,19,prcus-p,1.9683849525333135,5.7355010951447225
0.332,19,prcus-i,-0.9213686884599281,5.7355010951447225
0.332,19,prcus-a,-0.47731369212846814,5.7355010951447225
0.332,19,ifrms,-0.7242156134608864,5.7355010951447225
0.332,19,sspls-v,0.0,5.7355010951447225
0.332,20,mcgs,-1.7559441895622745,5.613740452683943
0.332,20,pos,-0.8130831837457672,5.613740452683943
0.332,20,sbps,-1.604690212517412,5.613740452683943
0.332,20,prculs-d,0.48040745344326485,5.613740452683943
0.332,20,prcus-p,1.990190289611055,5.613740452683943
0.332,20,prcus-i,-1.0431485936096896,5.613740452683943
0.332,20,prcus-a,-0.4593454273319555,5.613740452683943
0.332,20,ifrms,-0.6789598369766743,5.613740452683943
0.332,20,sspls-v,0.0,5.613740452683943
0.332,21,mcgs,-1.818755397366533,5.716689814750422
0.332,21,pos,-0.7405359637010298,5.716689814750422
0.332,21,sbps,-1.5376368316215845,5.716689814750422
0.332,21,prculs-d,0.6027556188131713,5.716689814750422
0.332,21,prcus-p,2.013761501073697,5.716689814750422
0.332,21,prcus-i,-1.001126216564833,5.716689814750422
0.332,21,prcus-a,-0.4785724391781179,5.716689814750422
0.332,21,ifrms,-0.8304040395699686,5.716689814750422
0.332,21,sspls-v,0.0,5.716689814750422
0.332,22,mcgs,-1.8481891051729287,5.624816656991993
0.332,22,pos,-0.8342009874935337,5.624816656991993
0.332,22,sbps,-1.504273456534439,5.624816656991993
0.332,22,prculs-d,0.4410475160998512,5.624816656991993
0.332,22,prcus-p,2.028653628040524,5.624816656991993
0.332,22,prcus-i,-1.0306938560449528,5.624816656991993
0.332,22,prcus-a,-0.43779371173805365,5.624816656991993
0.332,22,ifrms,-0.75539734577626,5.624816656991993
0.332,22,sspls-v,0.0,5.624816656991993
0.332,23,mcgs,-1.7701363543973494,5.4269963751819645
0.332,23,pos,-1.0017295820644219,5.4269963751819645
0.332,23,sbps,-0.9244154672643874,5.4269963751819645
0.332,23,prculs-d,0.5976274425503768,5.4269963751819645
0.332,23,prcus-p,2.2711412674112186,5.4269963751819645
0.332,23,prcus-i,-1.3571571285903579,5.4269963751819645
0.332,23,prcus-a,-0.4352736592024111,5.4269963751819645
0.332,23,ifrms,-0.9367140342404016,5.4269963751819645
0.332,23,sspls-v,-0.0,5.4269963751819645
0.332,24,mcgs,-1.6125188357795743,5.5056361241619225
0.332,24,pos,-0.4775715265885362,5.5056361241619225
0.332,24,sbps,-1.6627245015364467,5.5056361241619225
0.332,24,prculs-d,0.2771192747564089,5.5056361241619225
0.332,24,prcus-p,2.1214149694275433,5.5056361241619225
0.332,24,prcus-i,-0.7336007247012043,5.5056361241619225
0.332,24,prcus-a,-0.34592912968511164,5.5056361241619225
0.332,24,ifrms,-0.4079341516274895,5.5056361241619225
0.332,24,sspls-v,0.0,5.5056361241619225
0.332,25,mcgs,-1.589289660001959,5.422037955805312
0.332,25,pos,-1.1575823702325305,5.422037955805312
0.332,25,sbps,-1.5529568010169381,5.422037955805312
0.332,25,prculs-d,0.8343456917054003,5.422037955805312
0.332,25,prcus-p,1.737154703343868,5.422037955805312
0.332,25,prcus-i,-1.1862109032588815,5.422037955805312
0.332,25,prcus-a,-0.4000488030752512,5.422037955805312
0.332,25,ifrms,-0.3789616041305069,5.422037955805312
0.332,25,sspls-v,0.4377640964309236,5.422037955805312
0.332,26,mcgs,-1.877733981467793,5.544486590548191
0.332,26,pos,-0.7349309006665274,5.544486590548191
0.332,26,sbps,-1.5922938956373742,5.544486590548191
0.332,26,prculs-d,0.4641730514256928,5.544486590548191
0.332,26,prcus-p,1.9925170150869602,5.544486590548191
0.332,26,prcus-i,-0.954009807413331,5.544486590548191
0.332,26,prcus-a,-0.5048836322664195,5.544486590548191
0.332,26,ifrms,-0.7685040715905854,5.544486590548191
0.332,26,sspls-v,0.0,5.544486590548191
0.332,27,mcgs,-1.822746299143438,5.429371952309359
0.332,27,pos,-0.7463121639320299,5.429371952309359
0.332,27,sbps,-1.1286508900239187,5.429371952309359
0.332,27,prculs-d,0.6618470105971608,5.429371952309359
0.332,27,prcus-p,1.9982204649058577,5.429371952309359
0.332,27,prcus-i,-1.0280794158832292,5.429371952309359
0.332,27,prcus-a,-1.151306525674431,5.429371952309359
0.332,27,ifrms,-0.738315041063647,5.429371952309359
0.332,27,sspls-v,0.0,5.429371952309359
0.355,0,mcgs,-2.229040749986105,5.26999021220985
0.355,0,pos,-0.4856802285267391,5.26999021220985
0.355,0,sbps,-1.8014488362808376,5.26999021220985
0.355,0,prculs-d,0.5822935600400209,5.26999021220985
0.355,0,prcus-p,2.3183493034613045,5.26999021220985
0.355,0,prcus-i,-1.039679597958593,5.26999021220985
0.355,0,prcus-a,-0.4199280577246718,5.26999021220985
0.355,0,ifrms,-0.8996141378157524,5.26999021220985
0.355,0,sspls-v,0.0,5.26999021220985
0.355,1,mcgs,-2.064858069584601,4.677894874713253
0.355,1,pos,-1.35697277437838,4.677894874713253
0.355,1,sbps,-0.9054959538059527,4.677894874713253
0.355,1,prculs-d,0.043158040770269614,4.677894874713253
0.355,1,prcus-p,2.3409937627865935,4.677894874713253
0.355,1,prcus-i,-1.3901110147297686,4.677894874713253
0.355,1,prcus-a,0.0,4.677894874713253
0.355,1,ifrms,-0.11942228890546025,4.677894874713253
0.355,1,sspls-v,-0.0,4.677894874713253
0.355,2,mcgs,-1.985211697317178,4.5734867546060665
0.355,2,pos,-0.3282394196865771,4.5734867546060665
0.355,2,sbps,-3.0417021084729745,4.5734867546060665
0.355,2,prculs-d,0.41181057810187366,4.5734867546060665
0.355,2,prcus-p,1.6222507360074692,4.5734867546060665
0.355,2,prcus-i,-0.5846074739999548,4.5734867546060665
0.355,2,prcus-a,-0.2940434322298672,4.5734867546060665
0.355,2,ifrms,-0.1821162778979241,4.5734867546060665
0.355,2,sspls-v,0.0,4.5734867546060665
0.355,3,mcgs,-1.8229629808481822,5.294166490343078
0.355,3,pos,-0.42224818252147234,5.294166490343078
0.355,3,sbps,-1.852614454484781,5.294166490343078
0.355,3,prculs-d,0.5255893545427945,5.294166490343078
0.355,3,prcus-p,1.4025785517383156,5.294166490343078
0.355,3,prcus-i,-0.6471697375208618,5.294166490343078
0.355,3,prcus-a,-0.48427337154250166,5.294166490343078
0.355,3,ifrms,-0.7980197947016968,5.294166490343078
0.355,3,sspls-v,-0.0,5.294166490343078
0.355,4,mcgs,-1.6140657721990104,5.463920983777518
0.355,4,pos,-0.8191927789752246,5.463920983777518
0.355,4,sbps,-1.6661947809409958,5.463920983777518
0.355,4,prculs-d,0.23861760537998142,5.463920983777518
0.355,4,prcus-p,2.0752818265603086,5.463920983777518
0.355,4,prcus-i,-1.0395855685223498,5.463920983777518
0.355,4,prcus-a,-0.6272421418253654,5.463920983777518
0.355,4,ifrms,-0.4987581124587712,5.463920983777518
0.355,4,sspls-v,0.0,5.463920983777518
0.355,5,mcgs,-1.5165072536028086,5.570516349980381
0.355,5,pos,-0.6019091085090834,5.570516349980381
0.355,5,sbps,-1.5735479305126459,5.570516349980381
0.355,5,prculs-d,0.49107598069026615,5.570516349980381
0.355,5,prcus-p,1.7490054321535327,5.570516349980381
0.355,5,prcus-i,-1.169396786538111,5.570516349980381
0.355,5,prcus-a,-0.3116723634817818,5.570516349980381
0.355,5,ifrms,-0.48001791654983567,5.570516349980381
0.355,5,sspls-v,0.0,5.570516349980381
0.355,6,mcgs,-1.785944406299658,5.573321322972009
0.355,6,pos,-0.7715437011841806,5.573321322972009
0.355,6,sbps,-1.5835876302611818,5.573321322972009
0.355,6,prculs-d,0.43760418168976073,5.573321322972009
0.355,6,prcus-p,1.9297294630039723,5.573321322972009
0.355,6,prcus-i,-0.993514134979263,5.573321322972009
0.355,6,prcus-a,-0.448703420272913,5.573321322972009
0.355,6,ifrms,-0.6863750003430238,5.573321322972009
0.355,6,sspls-v,0.0,5.573321322972009
0.355,7,mcgs,-1.7435583472725584,5.627895327626135
0.355,7,pos,-0.7914640420295406,5.627895327626135
0.355,7,sbps,-1.5770515840294663,5.627895327626135
0.355,7,prculs-d,0.4892488856461533,5.627895327626135
0.355,7,prcus-p,1.9636648526972835,5.627895327626135
0.355,7,prcus-i,-1.0147491744494066,5.627895327626135
0.355,7,prcus-a,-0.4069698856157272,5.627895327626135
0.355,7,ifrms,-0.7041552906955716,5.627895327626135
0.355,7,sspls-v,0.0,5.627895327626135
0.355,8,mcgs,-2.561202881418904,4.4105423237532575
0.355,8,pos,-1.4929378107521332,4.4105423237532575
0.355,8,sbps,-1.2097236114902312,4.4105423237532575
0.355,8,prculs-d,1.2882259506191696,4.4105423237532575
0.355,8,prcus-p,0.9317158769805886,4.4105423237532575
0.355,8,prcus-i,-0.0,4.4105423237532575
0.355,8,prcus-a,-0.18222496138104777,4.4105423237532575
0.355,8,ifrms,-0.463690887018195,4.4105423237532575
0.355,8,sspls-v,0.050885266986542416,4.4105423237532575
0.355,9,mcgs,-2.0412051966536344,5.489884937412246
0.355,9,pos,-0.2792574163451823,5.489884937412246
0.355,9,sbps,-1.3133806011907996,5.489884937412246
0.355,9,prculs-d,0.2964183325078926,5.489884937412246
0.355,9,prcus-p,2.0505296594402527,5.489884937412246
0.355,9,prcus-i,-0.46961656326278095,5.489884937412246
0.355,9,prcus-a,-0.4080667267425012,5.489884937412246
0.355,9,ifrms,-0.701489987180648,5.489884937412246
0.355,9,sspls-v,0.0,5.489884937412246
0.355,10,mcgs,-1.7663119438493067,5.61476837563613
0.355,10,pos,-0.8083556927640674,5.61476837563613
0.355,10,sbps,-1.5206864637081228,5.61476837563613
0.355,10,prculs-d,0.43786886399237473,5.61476837563613
0.355,10,prcus-p,1.9413125156644986,5.61476837563613
0.355,10,prcus-i,-0.975360320852928,5.61476837563613
0.355,10,prcus-a,-0.46622926399340164,5.61476837563613
0.355,10,ifrms,-0.6816376560735554,5.61476837563613
0.355,10,sspls-v,0.0,5.61476837563613
0.355,11,mcgs,-1.7118088312593525,5.593245763456581
0.355,11,pos,-0.7608089333062579,5.593245763456581
0.355,11,sbps,-1.4876016255538638,5.593245763456581
0.355,11,prculs-d,0.4604211741631483,5.593245763456581
0.355,11,prcus-p,1.7516685724517131,5.593245763456581
0.355,11,prcus-i,-0.9625836971974664,5.593245763456581
0.355,11,prcus-a,-0.3717741507263432,5.593245763456581
0.355,11,ifrms,-0.646393225133051,5.593245763456581
0.355,11,sspls-v,0.0,5.593245763456581
0.355,12,mcgs,-1.8041704940452226,5.61734413540425
0.355,12,pos,-0.8076285475035146,5.61734413540425
0.355,12,sbps,-1.544676468083617,5.61734413540425
0.355,12,prculs-d,0.446189313267039,5.61734413540425
0.355,12,prcus-p,1.9220536400758466,5.61734413540425
0.355,12,prcus-i,-0.9853643300664743,5.61734413540425
0.355,12,prcus-a,-0.42674717029045733,5.61734413540425
0.355,12,ifrms,-0.6942840985948432,5.61734413540425
0.355,12,sspls-v,0.0,5.61734413540425
0.355,13,mcgs,-1.6463138760878337,5.4661374784143435
0.355,13,pos,-0.45439517108294664,5.4661374784143435
0.355,13,sbps,-1.0948029105613035,5.4661374784143435
0.355,13,prculs-d,0.05816507734229587,5.4661374784143435
0.355,13,prcus-p,1.641534310135979,5.4661374784143435
0.355,13,prcus-i,-1.6209820217803919,5.4661374784143435
0.355,13,prcus-a,-0.7287069052191638,5.4661374784143435
0.355,13,ifrms,-0.11203174890954891,5.4661374784143435
0.355,13,sspls-v,0.0,5.4661374784143435
0.355,14,mcgs,-1.7501735107132634,5.299317631203514
0.355,14,pos,-0.8314238948235076,5.299317631203514
0.355,14,sbps,-1.4885391984686567,5.299317631203514
0.355,14,prculs-d,0.2654527814458307,5.299317631203514
0.355,14,prcus-p,1.893810623002861,5.299317631203514
0.355,14,prcus-i,-1.244925708022782,5.299317631203514
0.355,14,prcus-a,-0.7654044735380338,5.299317631203514
0.355,14,ifrms,-0.9957139980784847,5.299317631203514
0.355,14,sspls-v,0.033444847030519684,5.299317631203514
0.355,15,mcgs,-1.6713687153539203,5.614424797637605
0.355,15,pos,-0.6704847079649828,5.614424797637605
0.355,15,sbps,-1.550443275660887,5.614424797637605
0.355,15,prculs-d,0.42445534859612766,5.614424797637605
0.355,15,prcus-p,1.7717794121152026,5.614424797637605
0.355,15,prcus-i,-0.8720665695318959,5.614424797637605
0.355,15,prcus-a,-0.38599642355812064,5.614424797637605
0.355,15,ifrms,-0.976764800129328,5.614424797637605
0.355,15,sspls-v,0.0,5.614424797637605
0.355,16,mcgs,-1.573611650289728,5.578299190151318
0.355,16,pos,-0.8915762710946885,5.578299190151318
0.355,16,sbps,-1.5846756405894056,5.578299190151318
0.355,16,prculs-d,0.5808518790920357,5.578299190151318
0.355,16,prcus-p,2.0464424235914054,5.578299190151318
0.355,16,prcus-i,-1.201797104354095,5.578299190151318
0.355,16,prcus-a,-0.5343885413305564,5.578299190151318
0.355,16,ifrms,-0.6282968123257611,5.578299190151318
0.355,16,sspls-v,0.0,5.578299190151318
0.355,17,mcgs,-0.7952315068841773,5.139040845904274
0.355,17,pos,-1.1390977113425944,5.139040845904274
0.355,17,sbps,-1.9207133863747028,5.139040845904274
0.355,17,prculs-d,-0.0,5.139040845904274
0.355,17,prcus-p,1.914570677650443,5.139040845904274
0.355,17,prcus-i,-0.5936499076672652,5.139040845904274
0.355,17,prcus-a,-0.43221576884580026,5.139040845904274
0.355,17,ifrms,-1.4059347430787668,5.139040845904274
0.355,17,sspls-v,0.12077352098960058,5.139040845904274
0.355,18,mcgs,-1.7935972924814076,5.540282868556178
0.355,18,pos,-0.8764949558501812,5.540282868556178
0.355,18,sbps,-1.5917754045819439,5.540282868556178
0.355,18,prculs-d,0.5125571085128419,5.540282868556178
0.355,18,prcus-p,1.9432720201071285,5.540282868556178
0.355,18,prcus-i,-0.9515860715945196,5.540282868556178
0.355,18,prcus-a,-0.3884043694709662,5.540282868556178
0.355,18,ifrms,-0.6970574664527377,5.540282868556178
0.355,18,sspls-v,0.0,5.540282868556178
0.355,19,mcgs,-1.659830736281979,5.730717434899828
0.355,19,pos,-0.8349775254235609,5.730717434899828
0.355,19,sbps,-1.5484083149048886,5.730717434899828
0.355,19,prculs-d,0.4754171199859516,5.730717434899828
0.355,19,prcus-p,1.9337603487765176,5.730717434899828
0.355,19,prcus-i,-0.9046083805175563,5.730717434899828
0.355,19,prcus-a,-0.4535477578993474,5.730717434899828
0.355,19,ifrms,-0.6957622580139492,5.730717434899828
0.355,19,sspls-v,0.0,5.730717434899828
0.355,20,mcgs,-1.7357065831859764,5.608916510567247
0.355,20,pos,-0.7965154942278245,5.608916510567247
0.355,20,sbps,-1.5945469194105728,5.608916510567247
0.355,20,prculs-d,0.44185668055536936,5.608916510567247
0.355,20,prcus-p,1.9540978138361667,5.608916510567247
0.355,20,prcus-i,-1.0220621960434917,5.608916510567247
0.355,20,prcus-a,-0.4350569026927447,5.608916510567247
0.355,20,ifrms,-0.6508931228342856,5.608916510567247
0.355,20,sspls-v,0.0,5.608916510567247
0.355,21,mcgs,-1.7986493331853004,5.702327000457672
0.355,21,pos,-0.7348491241747724,5.702327000457672
0.355,21,sbps,-1.5301032460194006,5.702327000457672
0.355,21,prculs-d,0.5575641744919773,5.702327000457672
0.355,21,prcus-p,1.9721231088881572,5.702327000457672
0.355,21,prcus-i,-0.9787618562656505,5.702327000457672
0.355,21,prcus-a,-0.45374311835611464,5.702327000457672
0.355,21,ifrms,-0.7913411666503549,5.702327000457672
0.355,21,sspls-v,0.0,5.702327000457672
0.355,22,mcgs,-1.8292213829128479,5.615770089301144
0.355,22,pos,-0.8176789589357603,5.615770089301144
0.355,22,sbps,-1.494552468087619,5.615770089301144
0.355,22,prculs-d,0.4055549922829179,5.615770089301144
0.355,22,prcus-p,1.992260327298457,5.615770089301144
0.355,22,prcus-i,-1.0074247022862466,5.615770089301144
0.355,22,prcus-a,-0.41496271103616267,5.615770089301144
0.355,22,ifrms,-0.7291156285270272,5.615770089301144
0.355,22,sspls-v,0.0,5.615770089301144
0.355,23,mcgs,-1.7512375033580974,5.434648071728685
0.355,23,pos,-0.984546234298272,5.434648071728685
0.355,23,sbps,-0.9167892068077558,5.434648071728685
0.355,23,prculs-d,0.5592259219499438,5.434648071728685
0.355,23,prcus-p,2.234282114494621,5.434648071728685
0.355,23,prcus-i,-1.3330397012001067,5.434648071728685
0.355,23,prcus-a,-0.41155392243079175,5.434648071728685
0.355,23,ifrms,-0.9093446999223549,5.434648071728685
0.355,23,sspls-v,-0.0,5.434648071728685
0.355,24,mcgs,-1.5904929658266462,5.477727197388428
0.355,24,pos,-0.45214698004800474,5.477727197388428
0.355,24,sbps,-1.6543056781530798,5.477727197388428
0.355,24,prculs-d,0.23161837929620113,5.477727197388428
0.355,24,prcus-p,2.1093655840081684,5.477727197388428
0.355,24,prcus-i,-0.7079471758307647,5.477727197388428
0.355,24,prcus-a,-0.31808820643754127,5.477727197388428
0.355,24,ifrms,-0.3742541300601964,5.477727197388428
0.355,24,sspls-v,0.0,5.477727197388428
0.355,25,mcgs,-1.5369374418790847,5.395906766512384
0.355,25,pos,-1.1670953367315622,5.395906766512384
0.355,25,sbps,-1.5183883482701426,5.395906766512384
0.355,25,prculs-d,0.7620611268267878,5.395906766512384
0.355,25,prcus-p,1.721928024023761,5.395906766512384
0.355,25,prcus-i,-1.1796524045575358,5.395906766512384
0.355,25,prcus-a,-0.36968501204966564,5.395906766512384
0.355,25,ifrms,-0.3493747767963032,5.395906766512384
0.355,25,sspls-v,0.3635280715900162,5.395906766512384
0.355,26,mcgs,-1.8589229630448054,5.545068297591134
0.355,26,pos,-0.7189657353198224,5.545068297591134
0.355,26,sbps,-1.5810668098448615,5.545068297591134
0.355,26,prculs-d,0.4264056181885439,5.545068297591134
0.355,26,prcus-p,1.956272869135924,5.545068297591134
0.355,26,prcus-i,-0.9309786825111394,5.545068297591134
0.355,26,prcus-a,-0.48109730829750985,5.545068297591134
0.355,26,ifrms,-0.7421865378951853,5.545068297591134
0.355,26,sspls-v,0.0,5.545068297591134
0.355,27,mcgs,-1.8030949683279114,5.4290746838711295
0.355,27,pos,-0.7297399631154028,5.4290746838711295
0.355,27,sbps,-1.122906859657769,5.4290746838711295
0.355,27,prculs-d,0.6224146484759095,5.4290746838711295
0.355,27,prcus-p,1.962266554650702,5.4290746838711295
0.355,27,prcus-i,-1.0060379842228582,5.4290746838711295
0.355,27,prcus-a,-1.1283963561757497,5.4290746838711295
0.355,27,ifrms,-0.7117801181971278,5.4290746838711295
0.355,27,sspls-v,0.0,5.4290746838711295
0.38,0,mcgs,-2.1947142305523264,5.270431737819171
0.38,0,pos,-0.47771524928863257,5.270431737819171
0.38,0,sbps,-1.7820116266111017,5.270431737819171
0.38,0,prculs-d,0.5371229201969546,5.270431737819171
0.38,0,prcus-p,2.2677090988912583,5.270431737819171
0.38,0,prcus-i,-1.0129269765792173,5.270431737819171
0.38,0,prcus-a,-0.39488256033907204,5.270431737819171
0.38,0,ifrms,-0.8641465342511999,5.270431737819171
0.38,0,sspls-v,0.0,5.270431737819171
0.38,1,mcgs,-2.0429637530411004,4.679957288120378
0.38,1,pos,-1.3356181271503536,4.679957288120378
0.38,1,sbps,-0.8923679214985736,4.679957288120378
0.38,1,prculs-d,0.00336068190492032,4.679957288120378
0.38,1,prcus-p,2.3040825522013666,4.679957288120378
0.38,1,prcus-i,-1.3690503589198473,4.679957288120378
0.38,1,prcus-a,0.0,4.679957288120378
0.38,1,ifrms,-0.09321731609739693,4.679957288120378
0.38,1,sspls-v,-0.0,4.679957288120378
0.38,2,mcgs,-1.9646933601906307,4.551273087522114
0.38,2,pos,-0.30926555570640046,4.551273087522114
0.38,2,sbps,-3.0356109303682763,4.551273087522114
0.38,2,prculs-d,0.37040093231675664,4.551273087522114
0.38,2,prcus-p,1.5830524207422263,4.551273087522114
0.38,2,prcus-i,-0.5586466687102738,4.551273087522114
0.38,2,prcus-a,-0.26765676710652797,4.551273087522114
0.38,2,ifrms,-0.15294629606205987,4.551273087522114
0.38,2,sspls-v,0.0,4.551273087522114
0.38,3,mcgs,-1.8025776528648332,5.2985550071345235
0.38,3,pos,-0.40070907491815194,5.2985550071345235
0.38,3,sbps,-1.8444147147642591,5.2985550071345235
0.38,3,prculs-d,0.48549395021602876,5.2985550071345235
0.38,3,prcus-p,1.3603622517903513,5.2985550071345235
0.38,3,prcus-i,-0.618210022167469,5.2985550071345235
0.38,3,prcus-a,-0.45866002520941346,5.2985550071345235
0.38,3,ifrms,-0.7703636255029539,5.2985550071345235
0.38,3,sspls-v,-0.0,5.2985550071345235
0.38,4,mcgs,-1.593074517989399,5.460919714615073
0.38,4,pos,-0.8014527163491105,5.460919714615073
0.38,4,sbps,-1.6544993360845226,5.460919714615073
0.38,4,prculs-d,0.1976240072081641,5.460919714615073
0.38,4,prcus-p,2.0377893540910197,5.460919714615073
0.38,4,prcus-i,-1.0151450227940482,5.460919714615073
0.38,4,prcus-a,-0.6031767802745761,5.460919714615073
0.38,4,ifrms,-0.46989096267293623,5.460919714615073
0.38,4,sspls-v,0.0,5.460919714615073
0.38,5,mcgs,-1.4909199486347466,5.566869447766123
0.38,5,pos,-0.5818415519913333,5.566869447766123
0.38,5,sbps,-1.5611794674961008,5.566869447766123
0.38,5,prculs-d,0.4518950576484298,5.566869447766123
0.38,5,prcus-p,1.70594304869151,5.566869447766123
0.38,5,prcus-i,-1.1495961706868665,5.566869447766123
0.38,5,prcus-a,-0.2830519316625257,5.566869447766123
0.38,5,ifrms,-0.446208598931366,5.566869447766123
0.38,5,sspls-v,0.0,5.566869447766123
0.38,6,mcgs,-1.7645760773929446,5.572873797604147
0.38,6,pos,-0.7523640252633277,5.572873797604147
0.38,6,sbps,-1.571792097062629,5.572873797604147
0.38,6,prculs-d,0.39517307502815596,5.572873797604147
0.38,6,prcus-p,1.889535087863625,5.572873797604147
0.38,6,prcus-i,-0.9688015605533782,5.572873797604147
0.38,6,prcus-a,-0.4225464722799707,5.572873797604147
0.38,6,ifrms,-0.6573634163434869,5.572873797604147
0.38,6,sspls-v,0.0,5.572873797604147
0.38,7,mcgs,-1.72437494943658,5.628448428966421
0.38,7,pos,-0.7747442247873733,5.628448428966421
0.38,7,sbps,-1.5645029450896497,5.628448428966421
0.38,7,prculs-d,0.4488426932305654,5.628448428966421
0.38,7,prcus-p,1.924163032678589,5.628448428966421
0.38,7,prcus-i,-0.9897212194230939,5.628448428966421
0.38,7,prcus-a,-0.384785106670648,5.628448428966421
0.38,7,ifrms,-0.6751068330362074,5.628448428966421
0.38,7,sspls-v,0.0,5.628448428966421
0.38,8,mcgs,-2.513125250835617,4.413803714657339
0.38,8,pos,-1.4967616852409664,4.413803714657339
0.38,8,sbps,-1.179796260091792,4.413803714657339
0.38,8,prculs-d,1.2263065615611697,4.413803714657339
0.38,8,prcus-p,0.9098526769266719,4.413803714657339
0.38,8,prcus-i,-0.0,4.413803714657339
0.38,8,prcus-a,-0.1528138182779852,4.413803714657339
0.38,8,ifrms,-0.4277509533916994,4.413803714657339
0.38,8,sspls-v,0.0,4.413803714657339
0.38,9,mcgs,-2.024604296816905,5.473947365647634
0.38,9,pos,-0.2544508190257399,5.473947365647634
0.38,9,sbps,-1.2983438077096727,5.473947365647634
0.38,9,prculs-d,0.2520402804451177,5.473947365647634
0.38,9,prcus-p,2.015525300134355,5.473947365647634
0.38,9,prcus-i,-0.43901880405995786,5.473947365647634
0.38,9,prcus-a,-0.3812166714475163,5.473947365647634
0.38,9,ifrms,-0.672655724213143,5.473947365647634
0.38,9,sspls-v,0.0,5.473947365647634
0.38,10,mcgs,-1.7434194726531844,5.60846560499135
0.38,10,pos,-0.7906948023655057,5.60846560499135
0.38,10,sbps,-1.5059683863295825,5.60846560499135
0.38,10,prculs-d,0.3945052301633083,5.60846560499135
0.38,10,prcus-p,1.9006035729324608,5.60846560499135
0.38,10,prcus-i,-0.949778565359969,5.60846560499135
0.38,10,prcus-a,-0.44312687632099534,5.60846560499135
0.38,10,ifrms,-0.6521219270356896,5.60846560499135
0.38,10,sspls-v,0.0,5.60846560499135
0.38,11,mcgs,-1.6864769744359402,5.59129829056667
0.38,11,pos,-0.7407866368890043,5.59129829056667
0.38,11,sbps,-1.470847866257464,5.59129829056667
0.38,11,prculs-d,0.4199565119769362,5.59129829056667
0.38,11,prcus-p,1.7024415418246046,5.59129829056667
0.38,11,prcus-i,-0.9350900519136879,5.59129829056667
0.38,11,prcus-a,-0.3399342040156921,5.59129829056667
0.38,11,ifrms,-0.6140320961870139,5.59129829056667
0.38,11,sspls-v,0.0,5.59129829056667
0.38,12,mcgs,-1.783848149220734,5.614352254770222
0.38,12,pos,-0.7899957414092591,5.614352254770222
0.38,12,sbps,-1.5299223796327497,5.614352254770222
0.38,12,prculs-d,0.40385830394852756,5.614352254770222
0.38,12,prcus-p,1.8810124012305514,5.614352254770222
0.38,12,prcus-i,-0.9597445110046818,5.614352254770222
0.38,12,prcus-a,-0.3986665517416306,5.614352254770222
0.38,12,ifrms,-0.6696666365640206,5.614352254770222
0.38,12,sspls-v,0.0,5.614352254770222
0.38,13,mcgs,-1.62251264083257,5.458126739378166
0.38,13,pos,-0.43195251181902283,5.458126739378166
0.38,13,sbps,-1.075948390934583,5.458126739378166
0.38,13,prculs-d,0.010488098714065695,5.458126739378166
0.38,13,prcus-p,1.5992344126923967,5.458126739378166
0.38,13,prcus-i,-1.6091978728825436,5.458126739378166
0.38,13,prcus-a,-0.7077268456365441,5.458126739378166
0.38,13,ifrms,-0.07403858424370906,5.458126739378166
0.38,13,sspls-v,0.0,5.458126739378166
0.38,14,mcgs,-1.7138130237302993,5.291501079850866
0.38,14,pos,-0.8268334761745572,5.291501079850866
0.38,14,sbps,-1.46671335014848,5.291501079850866
0.38,14,prculs-d,0.2164051865894046,5.291501079850866
0.38,14,prcus-p,1.8647021220374014,5.291501079850866
0.38,14,prcus-i,-1.2249474035921561,5.291501079850866
0.38,14,prcus-a,-0.731941516820093,5.291501079850866
0.38,14,ifrms,-0.9616327114839595,5.291501079850866
0.38,14,sspls-v,0.0,5.291501079850866
0.38,15,mcgs,-1.6502595707948287,5.601397246323588
0.38,15,pos,-0.6514329260693354,5.601397246323588
0.38,15,sbps,-1.5378759444042733,5.601397246323588
0.38,15,prculs-d,0.3831381815208534,5.601397246323588
0.38,15,prcus-p,1.7313317296833994,5.601397246323588
0.38,15,prcus-i,-0.845167715716086,5.601397246323588
0.38,15,prcus-a,-0.3596036614572221,5.601397246323588
0.38,15,ifrms,-0.9546601137016189,5.601397246323588
0.38,15,sspls-v,0.0,5.601397246323588
0.38,16,mcgs,-1.5707200962662646,5.586338125670249
0.38,16,pos,-0.8665965161955348,5.586338125670249
0.38,16,sbps,-1.5716124657340904,5.586338125670249
0.38,16,prculs-d,0.5318919012531305,5.586338125670249
0.38,16,prcus-p,1.9970638450107243,5.586338125670249
0.38,16,prcus-i,-1.1575154414432713,5.586338125670249
0.38,16,prcus-a,-0.5012678867376066,5.586338125670249
0.38,16,ifrms,-0.6049923986756467,5.586338125670249
0.38,16,sspls-v,0.0,5.586338125670249
0.38,17,mcgs,-0.7747857007741747,5.141850261247453
0.38,17,pos,-1.1428091020153575,5.141850261247453
0.38,17,sbps,-1.8946712133136066,5.141850261247453
0.38,17,prculs-d,-0.0,5.141850261247453
0.38,17,prcus-p,1.8836970440031824,5.141850261247453
0.38,17,prcus-i,-0.5769061891039946,5.141850261247453
0.38,17,prcus-a,-0.40231122396822017,5.141850261247453
0.38,17,ifrms,-1.3828235382550402,5.141850261247453
0.38,17,sspls-v,0.08528389282756628,5.141850261247453
0.38,18,mcgs,-1.7727592797321026,5.544465668553888
0.38,18,pos,-0.8578842932091686,5.544465668553888
0.38,18,sbps,-1.579068392359246,5.544465668553888
0.38,18,prculs-d,0.47062596815143337,5.544465668553888
0.38,18,prcus-p,1.904068324954803,5.544465668553888
0.38,18,prcus-i,-0.928007859364566,5.544465668553888
0.38,18,prcus-a,-0.36468406693578614,5.544465668553888
0.38,18,ifrms,-0.6675428875897034,5.544465668553888
0.38,18,sspls-v,0.0,5.544465668553888
0.38,19,mcgs,-1.6437260213560787,5.727905898697877
0.38,19,pos,-0.815631495165375,5.727905898697877
0.38,19,sbps,-1.5368162473466698,5.727905898697877
0.38,19,prculs-d,0.4340074781467365,5.727905898697877
0.38,19,prcus-p,1.896124909910435,5.727905898697877
0.38,19,prcus-i,-0.886390654493239,5.727905898697877
0.38,19,prcus-a,-0.42771522069377993,5.727905898697877
0.38,19,ifrms,-0.6648346977455385,5.727905898697877
0.38,19,sspls-v,0.0,5.727905898697877
0.38,20,mcgs,-1.7137096147298683,5.604766855843063
0.38,20,pos,-0.7785069258370548,5.604766855843063
0.38,20,sbps,-1.5835217312603291,5.604766855843063
0.38,20,prculs-d,0.3999537357919425,5.604766855843063
0.38,20,prcus-p,1.9148666110463506,5.604766855843063
0.38,20,prcus-i,-0.9991418592872792,5.604766855843063
0.38,20,prcus-a,-0.4086563046094462,5.604766855843063
0.38,20,ifrms,-0.6203859174846937,5.604766855843063
0.38,20,sspls-v,0.0,5.604766855843063
0.38,21,mcgs,-1.7767949155970035,5.6907077192515105
0.38,21,pos,-0.728667776863624,5.6907077192515105
0.38,21,sbps,-1.5219145660170272,5.6907077192515105
0.38,21,prculs-d,0.5084430393602444,5.6907077192515105
0.38,21,prcus-p,1.926863986947354,5.6907077192515105
0.38,21,prcus-i,-0.9544527689839314,5.6907077192515105
0.38,21,prcus-a,-0.4267547261582847,5.6907077192515105
0.38,21,ifrms,-0.7488815221725129,5.6907077192515105
0.38,21,sspls-v,0.0,5.6907077192515105
0.38,22,mcgs,-1.8086072788854268,5.611645210256745
0.38,22,pos,-0.7996744253526077,5.611645210256745
0.38,22,sbps,-1.4840460611410273,5.611645210256745
0.38,22,prculs-d,0.36698378814135435,5.611645210256745
0.38,22,prcus-p,1.9526277270569692,5.611645210256745
0.38,22,prcus-i,-0.9820902757477293,5.611645210256745
0.38,22,prcus-a,-0.3901469308971617,5.611645210256745
0.38,22,ifrms,-0.7005436879928442,5.611645210256745
0.38,22,sspls-v,0.0,5.611645210256745
0.38,23,mcgs,-1.730695273967607,5.440671551670192
0.38,23,pos,-0.9658686823785431,5.440671551670192
0.38,23,sbps,-0.908499793267939,5.440671551670192
0.38,23,prculs-d,0.517485138688605,5.440671551670192
0.38,23,prcus-p,2.1942178178461447,5.440671551670192
0.38,23,prcus-i,-1.3068251062107037,5.440671551670192
0.38,23,prcus-a,-0.3857715998529462,5.440671551670192
0.38,23,ifrms,-0.8795954234896936,5.440671551670192
0.38,23,sspls-v,-0.0,5.440671551670192
0.38,24,mcgs,-1.5665518028343324,5.453996232182137
0.38,24,pos,-0.4245116033735136,5.453996232182137
0.38,24,sbps,-1.6451547831711624,5.453996232182137
0.38,24,prculs-d,0.1821608842307577,5.453996232182137
0.38,24,prcus-p,2.096268425943629,5.453996232182137
0.38,24,prcus-i,-0.6800628835802853,5.453996232182137
0.38,24,prcus-a,-0.2878263333423565,5.453996232182137
0.38,24,ifrms,-0.3376454109653122,5.453996232182137
0.38,24,sspls-v,0.0,5.453996232182137
0.38,25,mcgs,-1.4798382607338803,5.369259326541352
0.38,25,pos,-1.1775681948418446,5.369259326541352
0.38,25,sbps,-1.4807138970013314,5.369259326541352
0.38,25,prculs-d,0.6833584290444574,5.369259326541352
0.38,25,prcus-p,1.7054714824884176,5.369259326541352
0.38,25,prcus-i,-1.1726251858876595,5.369259326541352
0.38,25,prcus-a,-0.3366609461527765,5.369259326541352
0.38,25,ifrms,-0.31718752706646886,5.369259326541352
0.38,25,sspls-v,0.28265880074721533,5.369259326541352
0.38,26,mcgs,-1.8384797804473265,5.547175826746622
0.38,26,pos,-0.7016102408949816,5.547175826746622
0.38,26,sbps,-1.5688643731223906,5.547175826746622
0.38,26,prculs-d,0.3853543959397825,5.547175826746622
0.38,26,prcus-p,1.9168757458774737,5.547175826746622
0.38,26,prcus-i,-0.9059424300956453,5.547175826746622
0.38,26,prcus-a,-0.45524248155683744,5.547175826746622
0.38,26,ifrms,-0.713581310794732,5.547175826746622
0.38,26,sspls-v,0.0,5.547175826746622
0.38,27,mcgs,-1.7817349864587975,5.428750941533933
0.38,27,pos,-0.7117265603378442,5.428750941533933
0.38,27,sbps,-1.1166634464108047,5.428750941533933
0.38,27,prculs-d,0.5795533789557786,5.428750941533933
0.38,27,prcus-p,1.9231861081949542,5.428750941533933
0.38,27,prcus-i,-0.9820797848477489,5.428750941533933
0.38,27,prcus-a,-1.1034939702359003,5.428750941533933
0.38,27,ifrms,-0.6829378323728424,5.428750941533933
0.38,27,sspls-v,0.0,5.428750941533933
0.406,0,mcgs,-2.1590146503411987,5.270946919816692
0.406,0,pos,-0.46943167088100124,5.270946919816692
0.406,0,sbps,-1.7617969285545754,5.270946919816692
0.406,0,prculs-d,0.4901454547601662,5.270946919816692
0.406,0,prcus-p,2.2150432861384104,5.270946919816692
0.406,0,prcus-i,-0.9851042503446648,5.270946919816692
0.406,0,prcus-a,-0.36883524305804977,5.270946919816692
0.406,0,ifrms,-0.8272602265440656,5.270946919816692
0.406,0,sspls-v,0.0,5.270946919816692
0.406,1,mcgs,-2.0246278962147337,4.675591633977472
0.406,1,pos,-1.3180886082068006,4.675591633977472
0.406,1,sbps,-0.8812595271639081,4.675591633977472
0.406,1,prculs-d,0.0,4.675591633977472
0.406,1,prcus-p,2.2631581405902526,4.675591633977472
0.406,1,prcus-i,-1.3435975063718064,4.675591633977472
0.406,1,prcus-a,0.0,4.675591633977472
0.406,1,ifrms,-0.07547212062482185,4.675591633977472
0.406,1,sspls-v,-0.0,4.675591633977472
0.406,2,mcgs,-1.9433542895790203,4.547628229779232
0.406,2,pos,-0.28953273716701544,4.547628229779232
0.406,2,sbps,-3.029276105139393,4.547628229779232
0.406,2,prculs-d,0.32733490070023413,4.547628229779232
0.406,2,prcus-p,1.5422861728663735,4.547628229779232
0.406,2,prcus-i,-0.5316474312090054,4.547628229779232
0.406,2,prcus-a,-0.24021463537825427,4.547628229779232
0.406,2,ifrms,-0.12260951495276166,4.547628229779232
0.406,2,sspls-v,0.0,4.547628229779232
0.406,3,mcgs,-1.7813769117621485,5.303129304265155
0.406,3,pos,-0.3783084030106995,5.303129304265155
0.406,3,sbps,-1.8358869854549171,5.303129304265155
0.406,3,prculs-d,0.4437947297161925,5.303129304265155
0.406,3,prcus-p,1.3164572998444672,5.303129304265155
0.406,3,prcus-i,-0.5880919181999409,5.303129304265155
0.406,3,prcus-a,-0.43202214502300135,5.303129304265155
0.406,3,ifrms,-0.7416012095362597,5.303129304265155
0.406,3,sspls-v,-0.0,5.303129304265155
0.406,4,mcgs,-1.5713156685939473,5.459296941776687
0.406,4,pos,-0.782975223861151,5.459296941776687
0.406,4,sbps,-1.6423699019324578,5.459296941776687
0.406,4,prculs-d,0.1550086472382843,5.459296941776687
0.406,4,prcus-p,1.998738302132024,5.459296941776687
0.406,4,prcus-i,-0.9896588939783418,5.459296941776687
0.406,4,prcus-a,-0.5781325515649851,5.459296941776687
0.406,4,ifrms,-0.43988587353482506,5.459296941776687
0.406,4,sspls-v,0.0,5.459296941776687
0.406,5,mcgs,-1.4643168909498459,5.562669433837108
0.406,5,pos,-0.5609663023351368,5.562669433837108
0.406,5,sbps,-1.5483197532694182,5.562669433837108
0.406,5,prculs-d,0.4111476268908527,5.562669433837108
0.406,5,prcus-p,1.6611534180189957,5.562669433837108
0.406,5,prcus-i,-1.1289970847641067,5.562669433837108
0.406,5,prcus-a,-0.25328633192242705,5.562669433837108
0.406,5,ifrms,-0.4110484655147477,5.562669433837108
0.406,5,sspls-v,0.0,5.562669433837108
0.406,6,mcgs,-1.7423532376841424,5.569269781316194
0.406,6,pos,-0.7324170110034791,5.569269781316194
0.406,6,sbps,-1.5595248176925303,5.569269781316194
0.406,6,prculs-d,0.3510447448842372,5.569269781316194
0.406,6,prcus-p,1.8477328241767106,5.569269781316194
0.406,6,prcus-i,-0.9431003294985028,5.569269781316194
0.406,6,prcus-a,-0.3953432324476161,5.569269781316194
0.406,6,ifrms,-0.6271914085847776,5.569269781316194
0.406,6,sspls-v,0.0,5.569269781316194
0.406,7,mcgs,-1.7044256086454361,5.631751686620693
0.406,7,pos,-0.7573547062195191,5.631751686620693
0.406,7,sbps,-1.5514527773127176,5.631751686620693
0.406,7,prculs-d,0.40682020325889595,5.631751686620693
0.406,7,prcus-p,1.883080385758847,5.631751686620693
0.406,7,prcus-i,-0.9636912416572856,5.631751686620693
0.406,7,prcus-a,-0.3617129009565185,5.631751686620693
0.406,7,ifrms,-0.6448965886642687,5.631751686620693
0.406,7,sspls-v,0.0,5.631751686620693
0.406,8,mcgs,-2.484823924898618,4.410690641087061
0.406,8,pos,-1.481716080608727,4.410690641087061
0.406,8,sbps,-1.163757968987897,4.410690641087061
0.406,8,prculs-d,1.1835566674852713,4.410690641087061
0.406,8,prcus-p,0.8772873731570918,4.410690641087061
0.406,8,prcus-i,-0.0,4.410690641087061
0.406,8,prcus-a,-0.1290983638817714,4.410690641087061
0.406,8,ifrms,-0.39198631942695833,4.410690641087061
0.406,8,sspls-v,0.0,4.410690641087061
0.406,9,mcgs,-2.0073394879939577,5.461703475659841
0.406,9,pos,-0.2286518867644234,5.461703475659841
0.406,9,sbps,-1.282705557368124,5.461703475659841
0.406,9,prculs-d,0.20588711279855723,5.461703475659841
0.406,9,prcus-p,1.9791207341370414,5.461703475659841
0.406,9,prcus-i,-0.40719705668268447,5.461703475659841
0.406,9,prcus-a,-0.35329260604974205,5.461703475659841
0.406,9,ifrms,-0.6426681119648748,5.461703475659841
0.406,9,sspls-v,0.0,5.461703475659841
0.406,10,mcgs,-1.7196113026092164,5.604431067331782
0.406,10,pos,-0.7723274763510017,5.604431067331782
0.406,10,sbps,-1.490661585855901,5.604431067331782
0.406,10,prculs-d,0.3494070509810788,5.604431067331782
0.406,10,prcus-p,1.8582662724911405,5.604431067331782
0.406,10,prcus-i,-0.9231735396472904,5.604431067331782
0.406,10,prcus-a,-0.41910039314169256,5.604431067331782
0.406,10,ifrms,-0.6214255688363096,5.604431067331782
0.406,10,sspls-v,0.0,5.604431067331782
0.406,11,mcgs,-1.660131843339592,5.587215501776306
0.406,11,pos,-0.7199634486150605,5.587215501776306
0.406,11,sbps,-1.4534239565892078,5.587215501776306
0.406,11,prculs-d,0.3778732633032758,5.587215501776306
0.406,11,prcus-p,1.6512454299724122,5.587215501776306
0.406,11,prcus-i,-0.9064966608185591,5.587215501776306
0.406,11,prcus-a,-0.30682065943661513,5.587215501776306
0.406,11,ifrms,-0.580376522083136,5.587215501776306
0.406,11,sspls-v,0.0,5.587215501776306
0.406,12,mcgs,-1.762712910603265,5.60954658073946
0.406,12,pos,-0.771657623071234,5.60954658073946
0.406,12,sbps,-1.5145781276438464,5.60954658073946
0.406,12,prculs-d,0.3598340542572765,5.60954658073946
0.406,12,prcus-p,1.8383295128314454,5.60954658073946
0.406,12,prcus-i,-0.9330998991804194,5.60954658073946
0.406,12,prcus-a,-0.3694627084508533,5.60954658073946
0.406,12,ifrms,-0.6440644760519653,5.60954658073946
0.406,12,sspls-v,0.0,5.60954658073946
0.406,13,mcgs,-1.6042460356527264,5.432552948375524
0.406,13,pos,-0.4177437228205819,5.432552948375524
0.406,13,sbps,-1.05929584534836,5.432552948375524
0.406,13,prculs-d,0.0,5.432552948375524
0.406,13,prcus-p,1.5565625343984584,5.432552948375524
0.406,13,prcus-i,-1.5907565434772586,5.432552948375524
0.406,13,prcus-a,-0.6836441596886167,5.432552948375524
0.406,13,ifrms,-0.04574884109862504,5.432552948375524
0.406,13,sspls-v,0.0,5.432552948375524
0.406,14,mcgs,-1.693253942837113,5.278327889945093
0.406,14,pos,-0.8083135808212197,5.278327889945093
0.406,14,sbps,-1.4549777398485417,5.278327889945093
0.406,14,prculs-d,0.17906332453555215,5.278327889945093
0.406,14,prcus-p,1.8255179246317894,5.278327889945093
0.406,14,prcus-i,-1.1971345035482142,5.278327889945093
0.406,14,prcus-a,-0.7019888728310345,5.278327889945093
0.406,14,ifrms,-0.9309840412229079,5.278327889945093
0.406,14,sspls-v,0.0,5.278327889945093
0.406,15,mcgs,-1.628315955144094,5.5872259420763175
0.406,15,pos,-0.6316112743510012,5.5872259420763175
0.406,15,sbps,-1.5248091711620966,5.5872259420763175
0.406,15,prculs-d,0.34016926183775925,5.5872259420763175
0.406,15,prcus-p,1.6892602276078867,5.5872259420763175
0.406,15,prcus-i,-0.8171851975689527,5.5872259420763175
0.406,15,prcus-a,-0.3321545205664254,5.5872259420763175
0.406,15,ifrms,-0.9316734364495344,5.5872259420763175
0.406,15,sspls-v,0.0,5.5872259420763175
0.406,16,mcgs,-1.5677197862391212,5.595418673801402
0.406,16,pos,-0.8406136258883087,5.595418673801402
0.406,16,sbps,-1.5580277086204752,5.595418673801402
0.406,16,prculs-d,0.48097134177684725,5.595418673801402
0.406,16,prcus-p,1.9457057307435286,5.595418673801402
0.406,16,prcus-i,-1.111456259766389,5.595418673801402
0.406,16,prcus-a,-0.4668209896633879,5.595418673801402
0.406,16,ifrms,-0.5807571949944947,5.595418673801402
0.406,16,sspls-v,0.0,5.595418673801402
0.406,17,mcgs,-0.7535220624197712,5.142679130633622
0.406,17,pos,-1.1466689483150305,5.142679130633622
0.406,17,sbps,-1.867587353330067,5.142679130633622
0.406,17,prculs-d,-0.0,5.142679130633622
0.406,17,prcus-p,1.8515884650100318,5.142679130633622
0.406,17,prcus-i,-0.5594927217981951,5.142679130633622
0.406,17,prcus-a,-0.3712104972955366,5.142679130633622
0.406,17,ifrms,-1.3587878852383657,5.142679130633622
0.406,17,sspls-v,0.04837467953905096,5.142679130633622
0.406,18,mcgs,-1.751090281782389,5.550144840746001
0.406,18,pos,-0.8385277262830195,5.550144840746001
0.406,18,sbps,-1.5658544868724467,5.550144840746001
0.406,18,prculs-d,0.42701805168745605,5.550144840746001
0.406,18,prcus-p,1.8632944227241675,5.550144840746001
0.406,18,prcus-i,-0.9034842432972113,5.550144840746001
0.406,18,prcus-a,-0.34001462039765307,5.550144840746001
0.406,18,ifrms,-0.6368481775684582,5.550144840746001
0.406,18,sspls-v,0.0,5.550144840746001
0.406,19,mcgs,-1.6269839910008494,5.727909658415519
0.406,19,pos,-0.795508098541561,5.727909658415519
0.406,19,sbps,-1.5247624513299962,5.727909658415519
0.406,19,prculs-d,0.3909421062136383,5.727909658415519
0.406,19,prcus-p,1.8569818652059942,5.727909658415519
0.406,19,prcus-i,-0.8674415404998794,5.727909658415519
0.406,19,prcus-a,-0.40084873561131884,5.727909658415519
0.406,19,ifrms,-0.6326705511429093,5.727909658415519
0.406,19,sspls-v,0.0,5.727909658415519
0.406,20,mcgs,-1.6908439190063576,5.599022979773816
0.406,20,pos,-0.7597725601581631,5.599022979773816
0.406,20,sbps,-1.5720589202168733,5.599022979773816
0.406,20,prculs-d,0.35637646994123656,5.599022979773816
0.406,20,prcus-p,1.874059651068028,5.599022979773816
0.406,20,prcus-i,-0.9752959026100011,5.599022979773816
0.406,20,prcus-a,-0.38119896067228376,5.599022979773816
0.406,20,ifrms,-0.5886608274235104,5.599022979773816
0.406,20,sspls-v,0.0,5.599022979773816
0.406,21,mcgs,-1.7540663213051748,5.678313735528892
0.406,21,pos,-0.722239175660029,5.678313735528892
0.406,21,sbps,-1.5133983388145595,5.678313735528892
0.406,21,prculs-d,0.4573570588232418,5.678313735528892
0.406,21,prcus-p,1.8797945001289178,5.678313735528892
0.406,21,prcus-i,-0.9291713182109417,5.678313735528892
0.406,21,prcus-a,-0.39868679827254105,5.678313735528892
0.406,21,ifrms,-0.7047234919155569,5.678313735528892
0.406,21,sspls-v,0.0,5.678313735528892
0.406,22,mcgs,-1.7872029170478327,5.606065896835877
0.406,22,pos,-0.7809645140455663,5.606065896835877
0.406,22,sbps,-1.4730845968305024,5.606065896835877
0.406,22,prculs-d,0.3268697711957909,5.606065896835877
0.406,22,prcus-p,1.9114544282359913,5.606065896835877
0.406,22,prcus-i,-0.9557517437486586,5.606065896835877
0.406,22,prcus-a,-0.36433539725402286,5.606065896835877
0.406,22,ifrms,-0.6708388511613758,5.606065896835877
0.406,22,sspls-v,0.0,5.606065896835877
0.406,23,mcgs,-1.7093313554014955,5.448135108827096
0.406,23,pos,-0.9464440283820246,5.448135108827096
0.406,23,sbps,-0.8998788031865311,5.448135108827096
0.406,23,prculs-d,0.47407472409681284,5.448135108827096
0.406,23,prcus-p,2.152550949331728,5.448135108827096
0.406,23,prcus-i,-1.2795619274217236,5.448135108827096
0.406,23,prcus-a,-0.3589579843719864,5.448135108827096
0.406,23,ifrms,-0.848656175999727,5.448135108827096
0.406,23,sspls-v,-0.0,5.448135108827096
0.406,24,mcgs,-1.5416529933223266,5.429462219868045
0.406,24,pos,-0.39577081163204353,5.429462219868045
0.406,24,sbps,-1.6356378523899648,5.429462219868045
0.406,24,prculs-d,0.13072508936269794,5.429462219868045
0.406,24,prcus-p,2.0826473815565074,5.429462219868045
0.406,24,prcus-i,-0.6510632196397876,5.429462219868045
0.406,24,prcus-a,-0.25635398532336473,5.429462219868045
0.406,24,ifrms,-0.2995723431066341,5.429462219868045
0.406,24,sspls-v,0.0,5.429462219868045
0.406,25,mcgs,-1.4203801523495008,5.365722282144988
0.406,25,pos,-1.1885063460078107,5.365722282144988
0.406,25,sbps,-1.441489944677879,5.365722282144988
0.406,25,prculs-d,0.60144717475225,5.365722282144988
0.406,25,prcus-p,1.6883965653507138,5.365722282144988
0.406,25,prcus-i,-1.1653542998371518,5.365722282144988
0.406,25,prcus-a,-0.3023080665558166,5.365722282144988
0.406,25,ifrms,-0.28370449818531396,5.365722282144988
0.406,25,sspls-v,0.19848054945060306,5.365722282144988
0.406,26,mcgs,-1.8172188705459473,5.545086663847555
0.406,26,pos,-0.683560526693148,5.545086663847555
0.406,26,sbps,-1.5561738389310205,5.545086663847555
0.406,26,prculs-d,0.3426611248010702,5.545086663847555
0.406,26,prcus-p,1.8759027376886854,5.545086663847555
0.406,26,prcus-i,-0.8799047275835319,5.545086663847555
0.406,26,prcus-a,-0.4283534617465384,5.545086663847555
0.406,26,ifrms,-0.6838318746102607,5.545086663847555
0.406,26,sspls-v,0.0,5.545086663847555
0.406,27,mcgs,-1.759520605314919,5.4316228305220475
0.406,27,pos,-0.6929926214491842,5.4316228305220475
0.406,27,sbps,-1.1101702966339597,5.4316228305220475
0.406,27,prculs-d,0.534977658654843,5.4316228305220475
0.406,27,prcus-p,1.8825424438809748,5.4316228305220475
0.406,27,prcus-i,-0.9571632574976341,5.4316228305220475
0.406,27,prcus-a,-1.0775954888584571,5.4316228305220475
0.406,27,ifrms,-0.6529418551155854,5.4316228305220475
0.406,27,sspls-v,0.0,5.4316228305220475
0.434,0,mcgs,-2.1205689485753667,5.281559933069042
0.434,0,pos,-0.4605108941343229,5.281559933069042
0.434,0,sbps,-1.7400272537244716,5.281559933069042
0.434,0,prculs-d,0.4395543381359324,5.281559933069042
0.434,0,prcus-p,2.158326257019958,5.281559933069042
0.434,0,prcus-i,-0.9551413143997635,5.281559933069042
0.434,0,prcus-a,-0.34078428598617827,5.281559933069042
0.434,0,ifrms,-0.787536510551768,5.281559933069042
0.434,0,sspls-v,0.0,5.281559933069042
0.434,1,mcgs,-2.0052376727562167,4.6735414541082765
0.434,1,pos,-1.2997335063608821,4.6735414541082765
0.434,1,sbps,-0.8694980221620161,4.6735414541082765
0.434,1,prculs-d,0.0,4.6735414541082765
0.434,1,prcus-p,2.2188900036049466,4.6735414541082765
0.434,1,prcus-i,-1.3159080850287403,4.6735414541082765
0.434,1,prcus-a,0.0,4.6735414541082765
0.434,1,ifrms,-0.057248435769793486,4.6735414541082765
0.434,1,sspls-v,-0.0,4.6735414541082765
0.434,2,mcgs,-1.9203737519972863,4.5431116665589295
0.434,2,pos,-0.2682820095092162,4.5431116665589295
0.434,2,sbps,-3.022453985662133,4.5431116665589295
0.434,2,prculs-d,0.28095609742090155,4.5431116665589295
0.434,2,prcus-p,1.4983840597693001,4.5431116665589295
0.434,2,prcus-i,-0.5025713292845622,4.5431116665589295
0.434,2,prcus-a,-0.21066157044011466,4.5431116665589295
0.434,2,ifrms,-0.08993913529659424,4.5431116665589295
0.434,2,sspls-v,0.0,4.5431116665589295
0.434,3,mcgs,-1.7585453444207966,5.312622164076481
0.434,3,pos,-0.35418460249498135,5.312622164076481
0.434,3,sbps,-1.8267032769679337,5.312622164076481
0.434,3,prculs-d,0.3988878768702157,5.312622164076481
0.434,3,prcus-p,1.2691750439027465,5.312622164076481
0.434,3,prcus-i,-0.5556570370041413,5.312622164076481
0.434,3,prcus-a,-0.40333519712994265,5.312622164076481
0.434,3,ifrms,-0.710626300033668,5.312622164076481
0.434,3,sspls-v,-0.0,5.312622164076481
0.434,4,mcgs,-1.5478538414732905,5.455133107051971
0.434,4,pos,-0.7630889616289853,5.455133107051971
0.434,4,sbps,-1.629287930104115,5.455133107051971
0.434,4,prculs-d,0.10911031806271045,5.455133107051971
0.434,4,prcus-p,1.9567131763592411,5.455133107051971
0.434,4,prcus-i,-0.9622446215805776,5.455133107051971
0.434,4,prcus-a,-0.5511694746783916,5.455133107051971
0.434,4,ifrms,-0.4075664864914586,5.455133107051971
0.434,4,sspls-v,0.0,5.455133107051971
0.434,5,mcgs,-1.435687859243481,5.557411110063242
0.434,5,pos,-0.5384720994188246,5.557411110063242
0.434,5,sbps,-1.5344800290053262,5.557411110063242
0.434,5,prculs-d,0.367267701865697,5.557411110063242
0.434,5,prcus-p,1.6129058967598076,5.557411110063242
0.434,5,prcus-i,-1.106796452140404,5.557411110063242
0.434,5,prcus-a,-0.2212301457322615,5.557411110063242
0.434,5,ifrms,-0.3731878132238804,5.557411110063242
0.434,5,sspls-v,0.0,5.557411110063242
0.434,6,mcgs,-1.7184209487669717,5.5675103037715425
0.434,6,pos,-0.7109356110313354,5.5675103037715425
0.434,6,sbps,-1.5463139014478082,5.5675103037715425
0.434,6,prculs-d,0.3035219278061703,5.5675103037715425
0.434,6,prcus-p,1.8027150017446487,5.5675103037715425
0.434,6,prcus-i,-0.915422080670175,5.5675103037715425
0.434,6,prcus-a,-0.3660474357050787,5.5675103037715425
0.434,6,ifrms,-0.5946984771523206,5.5675103037715425
0.434,6,sspls-v,0.0,5.5675103037715425
0.434,7,mcgs,-1.68294170317805,5.633001218113931
0.434,7,pos,-0.738627532377214,5.633001218113931
0.434,7,sbps,-1.5373987504760218,5.633001218113931
0.434,7,prculs-d,0.3615652140586361,5.633001218113931
0.434,7,prcus-p,1.8388375352298936,5.633001218113931
0.434,7,prcus-i,-0.9356589579094917,5.633001218113931
0.434,7,prcus-a,-0.33686591018745504,5.633001218113931
0.434,7,ifrms,-0.6123624793406414,5.633001218113931
0.434,7,sspls-v,0.0,5.633001218113931
0.434,8,mcgs,-2.4543394141558057,4.416777081160747
0.434,8,pos,-1.4655153286435973,4.416777081160747
0.434,8,sbps,-1.1464863968060814,4.416777081160747
0.434,8,prculs-d,1.1375173166696486,4.416777081160747
0.434,8,prcus-p,0.8422158844021804,4.416777081160747
0.434,8,prcus-i,-0.0,4.416777081160747
0.434,8,prcus-a,-0.10355850723376842,4.416777081160747
0.434,8,ifrms,-0.3534701391516328,4.416777081160747
0.434,8,sspls-v,0.0,4.416777081160747
0.434,9,mcgs,-1.9887466169538608,5.460094442390688
0.434,9,pos,-0.20086842125223767,5.460094442390688
0.434,9,sbps,-1.2658643646926082,5.460094442390688
0.434,9,prculs-d,0.15618370148687813,5.460094442390688
0.434,9,prcus-p,1.9399158169091661,5.460094442390688
0.434,9,prcus-i,-0.37292748258408337,5.460094442390688
0.434,9,prcus-a,-0.3232205356213693,5.460094442390688
0.434,9,ifrms,-0.610373760312893,5.460094442390688
0.434,9,sspls-v,0.0,5.460094442390688
0.434,10,mcgs,-1.6939717348695584,5.601338943383937
0.434,10,pos,-0.7525472791046135,5.601338943383937
0.434,10,sbps,-1.4741773391919357,5.601338943383937
0.434,10,prculs-d,0.3008397810925242,5.601338943383937
0.434,10,prcus-p,1.812672256631257,5.601338943383937
0.434,10,prcus-i,-0.8945219734951753,5.601338943383937
0.434,10,prcus-a,-0.3932257189485966,5.601338943383937
0.434,10,ifrms,-0.5883679523139016,5.601338943383937
0.434,10,sspls-v,0.0,5.601338943383937
0.434,11,mcgs,-1.631760163697371,5.581163656639562
0.434,11,pos,-0.6975384766277352,5.581163656639562
0.434,11,sbps,-1.434659746177241,5.581163656639562
0.434,11,prculs-d,0.33255284165471855,5.581163656639562
0.434,11,prcus-p,1.5961111556700505,5.581163656639562
0.434,11,prcus-i,-0.8757037781007272,5.581163656639562
0.434,11,prcus-a,-0.2711599191206865,5.581163656639562
0.434,11,ifrms,-0.5441320576635754,5.581163656639562
0.434,11,sspls-v,0.0,5.581163656639562
0.434,12,mcgs,-1.7399518843998385,5.605640139006325
0.434,12,pos,-0.7519088802456675,5.605640139006325
0.434,12,sbps,-1.4980535485788757,5.605640139006325
0.434,12,prculs-d,0.31242332382054444,5.605640139006325
0.434,12,prcus-p,1.7923633253247162,5.605640139006325
0.434,12,prcus-i,-0.9044057018312126,5.605640139006325
0.434,12,prcus-a,-0.3380124156761678,5.605640139006325
0.434,12,ifrms,-0.6164929185774445,5.605640139006325
0.434,12,sspls-v,0.0,5.605640139006325
0.434,13,mcgs,-1.5864694167630828,5.406001068130287
0.434,13,pos,-0.4050803855912955,5.406001068130287
0.434,13,sbps,-1.042241042956994,5.406001068130287
0.434,13,prculs-d,0.0,5.406001068130287
0.434,13,prcus-p,1.510977763835921,5.406001068130287
0.434,13,prcus-i,-1.5690763484566903,5.406001068130287
0.434,13,prcus-a,-0.6570466948882225,5.406001068130287
0.434,13,ifrms,-0.018533111671037873,5.406001068130287
0.434,13,sspls-v,0.0,5.406001068130287
0.434,14,mcgs,-1.6710887285259581,5.277478499967629
0.434,14,pos,-0.78837855136188,5.277478499967629
0.434,14,sbps,-1.4423322255779893,5.277478499967629
0.434,14,prculs-d,0.13884381133514614,5.277478499967629
0.434,14,prcus-p,1.7833280122329151,5.277478499967629
0.434,14,prcus-i,-1.1671969885611837,5.277478499967629
0.434,14,prcus-a,-0.6697342024641746,5.277478499967629
0.434,14,ifrms,-0.897974557369506,5.277478499967629
0.434,14,sspls-v,0.0,5.277478499967629
0.434,15,mcgs,-1.604684482427736,5.579098174966538
0.434,15,pos,-0.6102647908404478,5.579098174966538
0.434,15,sbps,-1.5107372987682468,5.579098174966538
0.434,15,prculs-d,0.29389505134280763,5.579098174966538
0.434,15,prcus-p,1.6439523884008647,5.579098174966538
0.434,15,prcus-i,-0.7870500896860244,5.579098174966538
0.434,15,prcus-a,-0.3025938996422579,5.579098174966538
0.434,15,ifrms,-0.9069185784230425,5.579098174966538
0.434,15,sspls-v,0.0,5.579098174966538
0.434,16,mcgs,-1.5644917407735695,5.608579114888311
0.434,16,pos,-0.8126303050032102,5.608579114888311
0.434,16,sbps,-1.5433983884639741,5.608579114888311
0.434,16,prculs-d,0.42613284989370837,5.608579114888311
0.434,16,prcus-p,1.8903950475418836,5.608579114888311
0.434,16,prcus-i,-1.0618512959856325,5.608579114888311
0.434,16,prcus-a,-0.4297237042224357,5.608579114888311
0.434,16,ifrms,-0.5546583587436803,5.608579114888311
0.434,16,sspls-v,0.0,5.608579114888311
0.434,17,mcgs,-0.7305548008910647,5.1424949158820725
0.434,17,pos,-1.1508974741369167,5.1424949158820725
0.434,17,sbps,-1.8383762258305847,5.1424949158820725
0.434,17,prculs-d,-0.0,5.1424949158820725
0.434,17,prcus-p,1.8170459206998755,5.1424949158820725
0.434,17,prcus-i,-0.5407831810556315,5.1424949158820725
0.434,17,prcus-a,-0.3377080041132902,5.1424949158820725
0.434,17,ifrms,-1.332894066599931,5.1424949158820725
0.434,17,sspls-v,0.008574105147085648,5.1424949158820725
0.434,18,mcgs,-1.7277544378365461,5.554739633534534
0.434,18,pos,-0.8176821926702436,5.554739633534534
0.434,18,sbps,-1.5516241271174336,5.554739633534534
0.434,18,prculs-d,0.38005568011086555,5.554739633534534
0.434,18,prcus-p,1.8193840664757914,5.554739633534534
0.434,18,prcus-i,-0.8770741952246744,5.554739633534534
0.434,18,prcus-a,-0.3134475241258166,5.554739633534534
0.434,18,ifrms,-0.6037923360071185,5.554739633534534
0.434,18,sspls-v,0.0,5.554739633534534
0.434,19,mcgs,-1.6090055371836225,5.726745681746136
0.434,19,pos,-0.7738014820847586,5.726745681746136
0.434,19,sbps,-1.511765940644635,5.726745681746136
0.434,19,prculs-d,0.34455190012315057,5.726745681746136
0.434,19,prcus-p,1.814862549449733,5.726745681746136
0.434,19,prcus-i,-0.8470562894686652,5.726745681746136
0.434,19,prcus-a,-0.3719180438751364,5.726745681746136
0.434,19,ifrms,-0.5980298567712832,5.726745681746136
0.434,19,sspls-v,0.0,5.726745681746136
0.434,20,mcgs,-1.666219323611806,5.594573817004
0.434,20,pos,-0.7395970894270477,5.594573817004
0.434,20,sbps,-1.559714354477769,5.594573817004
0.434,20,prculs-d,0.30944710671739917,5.594573817004
0.434,20,prcus-p,1.830113694168297,5.594573817004
0.434,20,prcus-i,-0.9496156415729335,5.594573817004
0.434,20,prcus-a,-0.3516295133553405,5.594573817004
0.434,20,ifrms,-0.5544953458191577,5.594573817004
0.434,20,sspls-v,0.0,5.594573817004
0.434,21,mcgs,-1.7295893736062833,5.670946740795988
0.434,21,pos,-0.7153160666715422,5.670946740795988
0.434,21,sbps,-1.5042270172119023,5.670946740795988
0.434,21,prculs-d,0.40234138747570114,5.670946740795988
0.434,21,prcus-p,1.829104283555218,5.670946740795988
0.434,21,prcus-i,-0.901945140455415,5.670946740795988
0.434,21,prcus-a,-0.3684597990109709,5.670946740795988
0.434,21,ifrms,-0.6571686901003745,5.670946740795988
0.434,21,sspls-v,0.0,5.670946740795988
0.434,22,mcgs,-1.7641520658381167,5.600668870203377
0.434,22,pos,-0.7608153787918294,5.600668870203377
0.434,22,sbps,-1.4612799429576302,5.600668870203377
0.434,22,prculs-d,0.28367006063903144,5.600668870203377
0.434,22,prcus-p,1.8671139525826301,5.600668870203377
0.434,22,prcus-i,-0.9273871708265837,5.600668870203377
0.434,22,prcus-a,-0.33653836102295065,5.600668870203377
0.434,22,ifrms,-0.638849026881333,5.600668870203377
0.434,22,sspls-v,0.0,5.600668870203377
0.434,23,mcgs,-1.6863240584841455,5.456172477948382
0.434,23,pos,-0.9255251702319285,5.456172477948382
0.434,23,sbps,-0.8905946600219367,5.456172477948382
0.434,23,prculs-d,0.4273250468441136,5.456172477948382
0.434,23,prcus-p,2.1076789370854354,5.456172477948382
0.434,23,prcus-i,-1.2502015810335914,5.456172477948382
0.434,23,prcus-a,-0.330081783084798,5.456172477948382
0.434,23,ifrms,-0.8153369863951473,5.456172477948382
0.434,23,sspls-v,-0.0,5.456172477948382
0.434,24,mcgs,-1.5148388907709367,5.4030502578043125
0.434,24,pos,-0.3648191897566129,5.4030502578043125
0.434,24,sbps,-1.6253888500102147,5.4030502578043125
0.434,24,prculs-d,0.07533269488940103,5.4030502578043125
0.434,24,prcus-p,2.0679785645242252,5.4030502578043125
0.434,24,prcus-i,-0.6198328123192517,5.4030502578043125
0.434,24,prcus-a,-0.22246068745675762,5.4030502578043125
0.434,24,ifrms,-0.25857057772036396,5.4030502578043125
0.434,24,sspls-v,0.0,5.4030502578043125
0.434,25,mcgs,-1.3563232260053757,5.3731895159169145
0.434,25,pos,-1.200301436669806,5.3731895159169145
0.434,25,sbps,-1.3992345143308338,5.3731895159169145
0.434,25,prculs-d,0.513214795616897,5.3731895159169145
0.434,25,prcus-p,1.6700215609410474,5.3731895159169145
0.434,25,prcus-i,-1.1575366525226556,5.3731895159169145
0.434,25,prcus-a,-0.2653100259789128,5.3731895159169145
0.434,25,ifrms,-0.2476430751570918,5.3731895159169145
0.434,25,sspls-v,0.10780217810215097,5.3731895159169145
0.434,26,mcgs,-1.7943225060367696,5.545053160456291
0.434,26,pos,-0.6641223729373276,5.545053160456291
0.434,26,sbps,-1.542507109801852,5.545053160456291
0.434,26,prculs-d,0.29668375588245793,5.545053160456291
0.434,26,prcus-p,1.8317779596392214,5.545053160456291
0.434,26,prcus-i,-0.8518641248781792,5.545053160456291
0.434,26,prcus-a,-0.3993960557969841,5.545053160456291
0.434,26,ifrms,-0.6517940202577535,5.545053160456291
0.434,26,sspls-v,0.0,5.545053160456291
0.434,27,mcgs,-1.735597425621512,5.433065665751961
0.434,27,pos,-0.6728176103383192,5.433065665751961
0.434,27,sbps,-1.1031776737973584,5.433065665751961
0.434,27,prculs-d,0.48697303679229725,5.433065665751961
0.434,27,prcus-p,1.8387723438505372,5.433065665751961
0.434,27,prcus-i,-0.9303300741975109,5.433065665751961
0.434,27,prcus-a,-1.049704816605825,5.433065665751961
0.434,27,ifrms,-0.6206384949923863,5.433065665751961
0.434,27,sspls-v,0.0,5.433065665751961
0.464,0,mcgs,-2.0793771252548345,5.295788440466271
0.464,0,pos,-0.450952919048595,5.295788440466271
0.464,0,sbps,-1.7167026021207876,5.295788440466271
0.464,0,prculs-d,0.3853495703242534,5.295788440466271
0.464,0,prcus-p,2.0975580115359027,5.295788440466271
0.464,0,prcus-i,-0.9230381687445112,5.295788440466271
0.464,0,prcus-a,-0.3107296891234589,5.295788440466271
0.464,0,ifrms,-0.7449753862743054,5.295788440466271
0.464,0,sspls-v,0.0,5.295788440466271
0.464,1,mcgs,-1.9844631956094352,4.6764621611733475
0.464,1,pos,-1.2800668230714285,4.6764621611733475
0.464,1,sbps,-0.8568966667562271,4.6764621611733475
0.464,1,prculs-d,0.0,4.6764621611733475
0.464,1,prcus-p,2.1714595850197087,4.6764621611733475
0.464,1,prcus-i,-1.2862403126308728,4.6764621611733475
0.464,1,prcus-a,0.0,4.6764621611733475
0.464,1,ifrms,-0.03772321239996558,4.6764621611733475
0.464,1,sspls-v,-0.0,4.6764621611733475
0.464,2,mcgs,-1.8957506800244288,4.537699180664397
0.464,2,pos,-0.24551377553023776,4.537699180664397
0.464,2,sbps,-3.015144409893679,4.537699180664397
0.464,2,prculs-d,0.23126437365858465,4.537699180664397
0.464,2,prcus-p,1.4513462087973177,4.537699180664397
0.464,2,prcus-i,-0.4714189017015649,4.537699180664397
0.464,2,prcus-a,-0.17899764937156212,4.537699180664397
0.464,2,ifrms,-0.05493499839278206,4.537699180664397
0.464,2,sspls-v,0.0,4.537699180664397
0.464,3,mcgs,-1.7340829508407767,5.333844516986108
0.464,3,pos,-0.3283376733709974,5.333844516986108
0.464,3,sbps,-1.8168635893033085,5.333844516986108
0.464,3,prculs-d,0.35077339167809707,5.333844516986108
0.464,3,prcus-p,1.2185154839651882,5.333844516986108
0.464,3,prcus-i,-0.5209053785800691,5.333844516986108
0.464,3,prcus-a,-0.37259918153023663,5.333844516986108
0.464,3,ifrms,-0.6774388969951753,5.333844516986108
0.464,3,sspls-v,-0.0,5.333844516986108
0.464,4,mcgs,-1.5227161695582991,5.443769820942128
0.464,4,pos,-0.7417822520945219,5.443769820942128
0.464,4,sbps,-1.6152715317166042,5.443769820942128
0.464,4,prculs-d,0.059933536803164614,5.443769820942128
0.464,4,prcus-p,1.9116862558884036,5.443769820942128
0.464,4,prcus-i,-0.9328721868686887,5.443769820942128
0.464,4,prcus-a,-0.5222804637284698,5.443769820942128
0.464,4,ifrms,-0.37293857180213635,5.443769820942128
0.464,4,sspls-v,0.0,5.443769820942128
0.464,5,mcgs,-1.4050138967009473,5.548538866613968
0.464,5,pos,-0.514371167722775,5.548538866613968
0.464,5,sbps,-1.5196517530080853,5.548538866613968
0.464,5,prculs-d,0.32025349648160206,5.548538866613968
0.464,5,prcus-p,1.561212123982106,5.548538866613968
0.464,5,prcus-i,-1.0830100600435795,5.548538866613968
0.464,5,prcus-a,-0.18688423195708256,5.548538866613968
0.464,5,ifrms,-0.33262282862652215,5.548538866613968
0.464,5,sspls-v,0.0,5.548538866613968
0.464,6,mcgs,-1.6927792106414299,5.567011989688733
0.464,6,pos,-0.6879198253468961,5.567011989688733
0.464,6,sbps,-1.532159348328464,5.567011989688733
0.464,6,prculs-d,0.25260462379395504,5.567011989688733
0.464,6,prcus-p,1.7544816205674407,5.567011989688733
0.464,6,prcus-i,-0.8857668140683963,5.567011989688733
0.464,6,prcus-a,-0.3346590820523614,5.567011989688733
0.464,6,ifrms,-0.5598846220461176,5.567011989688733
0.464,6,sspls-v,0.0,5.567011989688733
0.464,7,mcgs,-1.6599232330344222,5.634313803982263
0.464,7,pos,-0.7185627032604588,5.634313803982263
0.464,7,sbps,-1.5223408645795615,5.634313803982263
0.464,7,prculs-d,0.3130777256297882,5.634313803982263
0.464,7,prcus-p,1.7914344810917298,5.634313803982263
0.464,7,prcus-i,-0.905624368179714,5.634313803982263
0.464,7,prcus-a,-0.3102441343634598,5.634313803982263
0.464,7,ifrms,-0.5775045050653268,5.634313803982263
0.464,7,sspls-v,0.0,5.634313803982263
0.464,8,mcgs,-2.4216758520741837,4.422216849667409
0.464,8,pos,-1.4481575192491811,4.422216849667409
0.464,8,sbps,-1.1279812409396144,4.422216849667409
0.464,8,prculs-d,1.0881891257357819,4.422216849667409
0.464,8,prcus-p,0.8046390383479635,4.422216849667409
0.464,8,prcus-i,-0.0,4.422216849667409
0.464,8,prcus-a,-0.0761944388948266,4.422216849667409
0.464,8,ifrms,-0.31220276697466937,4.422216849667409
0.464,8,sspls-v,0.0,4.422216849667409
0.464,9,mcgs,-1.9688256836966143,5.460130389139928
0.464,9,pos,-0.17110042248917945,5.460130389139928
0.464,9,sbps,-1.2478202296831282,5.460130389139928
0.464,9,prculs-d,0.10293004651007769,5.460130389139928
0.464,9,prcus-p,1.8979105484507286,5.460130389139928
0.464,9,prcus-i,-0.3362100817641529,5.460130389139928
0.464,9,prcus-a,-0.29100046016239894,5.460130389139928
0.464,9,ifrms,-0.5757726692571987,5.460130389139928
0.464,9,sspls-v,0.0,5.460130389139928
0.464,10,mcgs,-1.6665007694342113,5.59699364013975
0.464,10,pos,-0.7313542106263403,5.59699364013975
0.464,10,sbps,-1.456515646337687,5.59699364013975
0.464,10,prculs-d,0.24880342049764467,5.59699364013975
0.464,10,prcus-p,1.7638215253528107,5.59699364013975
0.464,10,prcus-i,-0.8638238669036239,5.59699364013975
0.464,10,prcus-a,-0.36550285374170827,5.59699364013975
0.464,10,ifrms,-0.5529490774684623,5.59699364013975
0.464,10,sspls-v,0.0,5.59699364013975
0.464,11,mcgs,-1.601361935509277,5.575692771048939
0.464,11,pos,-0.6735117209270309,5.575692771048939
0.464,11,sbps,-1.414555235021562,5.575692771048939
0.464,11,prculs-d,0.28399524703126505,5.575692771048939
0.464,11,prcus-p,1.53703871891752,5.575692771048939
0.464,11,prcus-i,-0.8427114037601932,5.575692771048939
0.464,11,prcus-a,-0.23295198306790552,5.575692771048939
0.464,11,ifrms,-0.5052987029283312,5.575692771048939
0.464,11,sspls-v,0.0,5.575692771048939
0.464,12,mcgs,-1.7155650706104517,5.602336093237832
0.464,12,pos,-0.7307495129325615,5.602336093237832
0.464,12,sbps,-1.4803486424378345,5.602336093237832
0.464,12,prculs-d,0.2616261126383315,5.602336093237832
0.464,12,prcus-p,1.7431138387103633,5.602336093237832
0.464,12,prcus-i,-0.8736619189570631,5.602336093237832
0.464,12,prcus-a,-0.3043156734175771,5.602336093237832
0.464,12,ifrms,-0.5869519641404577,5.602336093237832
0.464,12,sspls-v,0.0,5.602336093237832
0.464,13,mcgs,-1.5689140768425436,5.380430760750181
0.464,13,pos,-0.3908010558782161,5.380430760750181
0.464,13,sbps,-1.0243789650074635,5.380430760750181
0.464,13,prculs-d,0.0,5.380430760750181
0.464,13,prcus-p,1.4631842090969005,5.380430760750181
0.464,13,prcus-i,-1.5414006086830476,5.380430760750181
0.464,13,prcus-a,-0.6285791066095158,5.380430760750181
0.464,13,ifrms,-0.0,5.380430760750181
0.464,13,sspls-v,0.0,5.380430760750181
0.464,14,mcgs,-1.647340284621151,5.279780233122535
0.464,14,pos,-0.7670195912268732,5.279780233122535
0.464,14,sbps,-1.42878346028811,5.279780233122535
0.464,14,prculs-d,0.09575147576328481,5.279780233122535
0.464,14,prcus-p,1.7381245346626926,5.279780233122535
0.464,14,prcus-i,-1.1351210796465083,5.279780233122535
0.464,14,prcus-a,-0.6351756270711111,5.279780233122535
0.464,14,ifrms,-0.8626072532408599,5.279780233122535
0.464,14,sspls-v,0.0,5.279780233122535
0.464,15,mcgs,-1.5793650473744951,5.573866610055742
0.464,15,pos,-0.5873935585077126,5.573866610055742
0.464,15,sbps,-1.4956602926319804,5.573866610055742
0.464,15,prculs-d,0.24431554009821616,5.573866610055742
0.464,15,prcus-p,1.5954082749647693,5.573866610055742
0.464,15,prcus-i,-0.7547624740971728,5.573866610055742
0.464,15,prcus-a,-0.2709218057949346,5.573866610055742
0.464,15,ifrms,-0.8803955162518,5.573866610055742
0.464,15,sspls-v,0.0,5.573866610055742
0.464,16,mcgs,-1.5610331206319072,5.622229618524841
0.464,16,pos,-0.7826481754834612,5.622229618524841
0.464,16,sbps,-1.5277241168677231,5.622229618524841
0.464,16,prculs-d,0.36737732287606006,5.622229618524841
0.464,16,prcus-p,1.831133601254409,5.622229618524841
0.464,16,prcus-i,-1.0087031205062524,5.622229618524841
0.464,16,prcus-a,-0.389976612678561,5.622229618524841
0.464,16,ifrms,-0.526695319903522,5.622229618524841
0.464,16,sspls-v,0.0,5.622229618524841
0.464,17,mcgs,-0.7169100064130344,5.137674826730608
0.464,17,pos,-1.1404054790658391,5.137674826730608
0.464,17,sbps,-1.819857098490495,5.137674826730608
0.464,17,prculs-d,-0.0,5.137674826730608
0.464,17,prcus-p,1.7712900004650547,5.137674826730608
0.464,17,prcus-i,-0.5109835629682385,5.137674826730608
0.464,17,prcus-a,-0.3052809245077221,5.137674826730608
0.464,17,ifrms,-1.3088055798309797,5.137674826730608
0.464,17,sspls-v,0.0,5.137674826730608
0.464,18,mcgs,-1.7027517478945695,5.559000730325021
0.464,18,pos,-0.7953476923708407,5.559000730325021
0.464,18,sbps,-1.5363773130942049,5.559000730325021
0.464,18,prculs-d,0.3297388534216608,5.559000730325021
0.464,18,prcus-p,1.7723372562096729,5.559000730325021
0.464,18,prcus-i,-0.8487777151469572,5.559000730325021
0.464,18,prcus-a,-0.2849827781202775,5.559000730325021
0.464,18,ifrms,-0.5683753629056826,5.559000730325021
0.464,18,sspls-v,0.0,5.559000730325021
0.464,19,mcgs,-1.5896710101402218,5.727026360206658
0.464,19,pos,-0.750589790043234,5.727026360206658
0.464,19,sbps,-1.4978558178821701,5.727026360206658
0.464,19,prculs-d,0.294860479890334,5.727026360206658
0.464,19,prcus-p,1.7696981760517192,5.727026360206658
0.464,19,prcus-i,-0.8251953748470403,5.727026360206658
0.464,19,prcus-a,-0.3409194975257501,5.727026360206658
0.464,19,ifrms,-0.5609164738723368,5.727026360206658
0.464,19,sspls-v,0.0,5.727026360206658
0.464,20,mcgs,-1.6398358285462162,5.58832122707381
0.464,20,pos,-0.7179805136437112,5.58832122707381
0.464,20,sbps,-1.546488034043013,5.58832122707381
0.464,20,prculs-d,0.2591656461204303,5.58832122707381
0.464,20,prcus-p,1.7830287403471559,5.58832122707381
0.464,20,prcus-i,-0.9221010761760745,5.58832122707381
0.464,20,prcus-a,-0.3199479626586163,5.58832122707381
0.464,20,ifrms,-0.5178894726716395,5.58832122707381
0.464,20,sspls-v,0.0,5.58832122707381
0.464,21,mcgs,-1.7033640725003278,5.666808411604223
0.464,21,pos,-0.7078984498981633,5.666808411604223
0.464,21,sbps,-1.4944006012090543,5.666808411604223
0.464,21,prculs-d,0.3433960253176224,5.666808411604223
0.464,21,prcus-p,1.7747933372262552,5.666808411604223
0.464,21,prcus-i,-0.872774235717351,5.666808411604223
0.464,21,prcus-a,-0.3360737283735751,5.666808411604223
0.464,21,ifrms,-0.6062171167269653,5.666808411604223
0.464,21,sspls-v,0.0,5.666808411604223
0.464,22,mcgs,-1.7394634775580486,5.598631117138211
0.464,22,pos,-0.739219593896804,5.598631117138211
0.464,22,sbps,-1.4486368457092011,5.598631117138211
0.464,22,prculs-d,0.23738644718556556,5.598631117138211
0.464,22,prcus-p,1.819600887429961,5.598631117138211
0.464,22,prcus-i,-0.8969901879088711,5.598631117138211
0.464,22,prcus-a,-0.3067554325880668,5.598631117138211
0.464,22,ifrms,-0.6045755341857455,5.598631117138211
0.464,22,sspls-v,0.0,5.598631117138211
0.464,23,mcgs,-1.6616733832155575,5.463138826429334
0.464,23,pos,-0.903112107928253,5.463138826429334
0.464,23,sbps,-0.8806473637741582,5.463138826429334
0.464,23,prculs-d,0.3772361069305071,5.463138826429334
0.464,23,prcus-p,2.0596017811072636,5.463138826429334
0.464,23,prcus-i,-1.2187440670463077,5.463138826429334
0.464,23,prcus-a,-0.2991429959913823,5.463138826429334
0.464,23,ifrms,-0.7796378546759543,5.463138826429334
0.464,23,sspls-v,-0.0,5.463138826429334
0.464,24,mcgs,-1.4861094951801601,5.377444802145671
0.464,24,pos,-0.3316567377472231,5.377444802145671
0.464,24,sbps,-1.6144077760319122,5.377444802145671
0.464,24,prculs-d,0.015983700810869125,5.377444802145671
0.464,24,prcus-p,2.052261974846777,5.377444802145671
0.464,24,prcus-i,-0.5863716616186767,5.377444802145671
0.464,24,prcus-a,-0.18614643974253597,5.377444802145671
0.464,24,ifrms,-0.2146401148065039,5.377444802145671
0.464,24,sspls-v,0.0,5.377444802145671
0.464,25,mcgs,-1.2876867546831752,5.391525782462345
0.464,25,pos,-1.2129415413641387,5.391525782462345
0.464,25,sbps,-1.3539585420820406,5.391525782462345
0.464,25,prculs-d,0.4186768396230112,5.391525782462345
0.464,25,prcus-p,1.6503362108229827,5.391525782462345
0.464,25,prcus-i,-1.1491626242002553,5.391525782462345
0.464,25,prcus-a,-0.2256688439467613,5.391525782462345
0.464,25,ifrms,-0.20900538777677485,5.391525782462345
0.464,25,sspls-v,0.010642771574314673,5.391525782462345
0.464,26,mcgs,-1.769790686919795,5.5434797833794605
0.464,26,pos,-0.6432957796275185,5.5434797833794605
0.464,26,sbps,-1.5278641857348874,5.5434797833794605
0.464,26,prculs-d,0.2474222891839442,5.5434797833794605
0.464,26,prcus-p,1.7845014117290803,5.5434797833794605
0.464,26,prcus-i,-0.8218206219795863,5.5434797833794605
0.464,26,prcus-a,-0.3683702637081772,5.5434797833794605
0.464,26,ifrms,-0.61746774773721,5.5434797833794605
0.464,26,sspls-v,0.0,5.5434797833794605
0.464,27,mcgs,-1.709965447378576,5.4318801784983455
0.464,27,pos,-0.65120152700525,5.4318801784983455
0.464,27,sbps,-1.0956855779010006,5.4318801784983455
0.464,27,prculs-d,0.43553951336814084,5.4318801784983455
0.464,27,prcus-p,1.7918758081036388,5.4318801784983455
0.464,27,prcus-i,-0.9015802349473788,5.4318801784983455
0.464,27,prcus-a,-1.019821953478004,5.4318801784983455
0.464,27,ifrms,-0.5860277520032434,5.4318801784983455
0.464,27,sspls-v,0.0,5.4318801784983455
0.496,0,mcgs,-2.0354391803795995,5.30475510002996
0.496,0,pos,-0.4407577456238178,5.30475510002996
0.496,0,sbps,-1.6918229737435264,5.30475510002996
0.496,0,prculs-d,0.3275311513251291,5.30475510002996
0.496,0,prcus-p,2.032738549686244,5.30475510002996
0.496,0,prcus-i,-0.8887948133789098,5.30475510002996
0.496,0,prcus-a,-0.27867145246989256,5.30475510002996
0.496,0,ifrms,-0.6995768537116793,5.30475510002996
0.496,0,sspls-v,0.0,5.30475510002996
0.496,1,mcgs,-1.9623037533195342,4.684086329327429
0.496,1,pos,-1.2590890275626798,4.684086329327429
0.496,1,sbps,-0.8434552209900505,4.684086329327429
0.496,1,prculs-d,0.0,4.684086329327429
0.496,1,prcus-p,2.1208671385287885,4.684086329327429
0.496,1,prcus-i,-1.254594688739814,4.684086329327429
0.496,1,prcus-a,0.0,4.684086329327429
0.496,1,ifrms,-0.01689630747214919,4.684086329327429
0.496,1,sspls-v,-0.0,4.684086329327429
0.496,2,mcgs,-1.8694873365544493,4.528107697341318
0.496,2,pos,-0.22122146232980386,4.528107697341318
0.496,2,sbps,-3.0073516294426827,4.528107697341318
0.496,2,prculs-d,0.17825855050163955,4.528107697341318
0.496,2,prcus-p,1.4011693674553587,4.528107697341318
0.496,2,prcus-i,-0.438188176114084,4.528107697341318
0.496,2,prcus-a,-0.14522292578385546,4.528107697341318
0.496,2,ifrms,-0.017596678917748684,4.528107697341318
0.496,2,sspls-v,0.0,4.528107697341318
0.496,3,mcgs,-1.7079897310220886,5.353020294671849
0.496,3,pos,-0.3007676156387481,5.353020294671849
0.496,3,sbps,-1.8063679224610416,5.353020294671849
0.496,3,prculs-d,0.29945127413983763,5.353020294671849
0.496,3,prcus-p,1.1644786200317927,5.353020294671849
0.496,3,prcus-i,-0.483836942927727,5.353020294671849
0.496,3,prcus-a,-0.3398140982238832,5.353020294671849
0.496,3,ifrms,-0.6420390004207831,5.353020294671849
0.496,3,sspls-v,-0.0,5.353020294671849
0.496,4,mcgs,-1.4959026528489765,5.430732949100733
0.496,4,pos,-0.719055095257761,5.430732949100733
0.496,4,sbps,-1.6003207067699265,5.430732949100733
0.496,4,prculs-d,0.007478303459651324,5.430732949100733
0.496,4,prcus-p,1.863657540719508,5.430732949100733
0.496,4,prcus-i,-0.9015415898426725,5.430732949100733
0.496,4,prcus-a,-0.49146551871522004,5.430732949100733
0.496,4,ifrms,-0.33600212946686053,5.430732949100733
0.496,4,sspls-v,0.0,5.430732949100733
0.496,5,mcgs,-1.3722950033222434,5.532061592802103
0.496,5,pos,-0.4886635072469892,5.532061592802103
0.496,5,sbps,-1.5038349252776932,5.532061592802103
0.496,5,prculs-d,0.2701050107385667,5.532061592802103
0.496,5,prcus-p,1.5060720996858896,5.532061592802103
0.496,5,prcus-i,-1.057637908473634,5.532061592802103
0.496,5,prcus-a,-0.15024859059689283,5.532061592802103
0.496,5,ifrms,-0.2893535117226727,5.532061592802103
0.496,5,sspls-v,0.0,5.532061592802103
0.496,6,mcgs,-1.6654280233075198,5.565522185977413
0.496,6,pos,-0.6633696539501597,5.565522185977413
0.496,6,sbps,-1.517061158334496,5.565522185977413
0.496,6,prculs-d,0.1982928328475936,5.565522185977413
0.496,6,prcus-p,1.7030326806450844,5.565522185977413
0.496,6,prcus-i,-0.8541345296931661,5.565522185977413
0.496,6,prcus-a,-0.30117817148946274,5.565522185977413
0.496,6,ifrms,-0.5227498432661674,5.565522185977413
0.496,6,sspls-v,0.0,5.565522185977413
0.496,7,mcgs,-1.6353701982145536,5.638220221848063
0.496,7,pos,-0.697160218869253,5.638220221848063
0.496,7,sbps,-1.5062791196233385,5.638220221848063
0.496,7,prculs-d,0.26135773797234924,5.638220221848063
0.496,7,prcus-p,1.740871223344354,5.638220221848063
0.496,7,prcus-i,-0.8735874724679484,5.638220221848063
0.496,7,prcus-a,-0.28184757348453027,5.638220221848063
0.496,7,ifrms,-0.5403226658383251,5.638220221848063
0.496,7,sspls-v,0.0,5.638220221848063
0.496,8,mcgs,-2.386834719187122,4.443980054360649
0.496,8,pos,-1.4296425225618017,4.443980054360649
0.496,8,sbps,-1.1082424080153837,4.443980054360649
0.496,8,prculs-d,1.0355723887396566,4.443980054360649
0.496,8,prcus-p,0.7645570692234657,4.443980054360649
0.496,8,prcus-i,-0.0,4.443980054360649
0.496,8,prcus-a,-0.047006099333289184,4.443980054360649
0.496,8,ifrms,-0.2681842366525753,4.443980054360649
0.496,8,sspls-v,0.0,4.443980054360649
0.496,9,mcgs,-1.9475766882222179,5.4529030900501985
0.496,9,pos,-0.13934789047525228,5.4529030900501985
0.496,9,sbps,-1.2285731523396826,5.4529030900501985
0.496,9,prculs-d,0.04612614786815774,5.4529030900501985
0.496,9,prcus-p,1.8531049287617294,5.4529030900501985
0.496,9,prcus-i,-0.2970448542228939,5.4529030900501985
0.496,9,prcus-a,-0.2566323796728307,5.4529030900501985
0.496,9,ifrms,-0.5388648387977911,5.4529030900501985
0.496,9,sspls-v,0.0,5.4529030900501985
0.496,10,mcgs,-1.6371984063031735,5.591408446509568
0.496,10,pos,-0.7087482709161814,5.591408446509568
0.496,10,sbps,-1.4376765072931559,5.591408446509568
0.496,10,prculs-d,0.1932979691964386,5.591408446509568
0.496,10,prcus-p,1.7117140786558027,5.591408446509568
0.496,10,prcus-i,-0.8310792198726357,5.591408446509568
0.496,10,prcus-a,-0.33593179752102886,5.591408446509568
0.496,10,ifrms,-0.5151689442999954,5.591408446509568
0.496,10,sspls-v,0.0,5.591408446509568
0.496,11,mcgs,-1.5689371587753103,5.5745690279784625
0.496,11,pos,-0.6478831815129453,5.5745690279784625
0.496,11,sbps,-1.3931104231221705,5.5745690279784625
0.496,11,prculs-d,0.23220047943291394,5.5745690279784625
0.496,11,prcus-p,1.4740281197148215,5.5745690279784625
0.496,11,prcus-i,-0.8075195377969565,5.5745690279784625
0.496,11,prcus-a,-0.1921968512782723,5.5745690279784625
0.496,11,ifrms,-0.463876457877404,5.5745690279784625
0.496,11,sspls-v,0.0,5.5745690279784625
0.496,12,mcgs,-1.6895524692351058,5.602969003406128
0.496,12,pos,-0.7081795211319136,5.602969003406128
0.496,12,sbps,-1.4614634092207242,5.602969003406128
0.496,12,prculs-d,0.20744242071063704,5.602969003406128
0.496,12,prcus-p,1.690581052988387,5.602969003406128
0.496,12,prcus-i,-0.8408685505579695,5.602969003406128
0.496,12,prcus-a,-0.26837248167507904,5.602969003406128
0.496,12,ifrms,-0.5554416127410051,5.602969003406128
0.496,12,sspls-v,0.0,5.602969003406128
0.496,13,mcgs,-1.5529184677600671,5.362355004047147
0.496,13,pos,-0.37425556624837797,5.362355004047147
0.496,13,sbps,-1.006079438606318,5.362355004047147
0.496,13,prculs-d,0.0,5.362355004047147
0.496,13,prcus-p,1.4141657199027264,5.362355004047147
0.496,13,prcus-i,-1.5036169284179006,5.362355004047147
0.496,13,prcus-a,-0.5982771621715454,5.362355004047147
0.496,13,ifrms,-0.0,5.362355004047147
0.496,13,sspls-v,0.0,5.362355004047147
0.496,14,mcgs,-1.622011223372976,5.281261521033977
0.496,14,pos,-0.7442352143651559,5.281261521033977
0.496,14,sbps,-1.4143323998687019,5.281261521033977
0.496,14,prculs-d,0.049786805712720116,5.281261521033977
0.496,14,prcus-p,1.6899063249342017,5.281261521033977
0.496,14,prcus-i,-1.1009051011207178,5.281261521033977
0.496,14,prcus-a,-0.5983129533215988,5.281261521033977
0.496,14,ifrms,-0.8248824728676133,5.281261521033977
0.496,14,sspls-v,0.0,5.281261521033977
0.496,15,mcgs,-1.5523576499843708,5.566331797932427
0.496,15,pos,-0.5629975773527948,5.566331797932427
0.496,15,sbps,-1.4795781527532943,5.566331797932427
0.496,15,prculs-d,0.19143072810398493,5.566331797932427
0.496,15,prcus-p,1.5436278872996014,5.566331797932427
0.496,15,prcus-i,-0.7203223508023969,5.566331797932427
0.496,15,prcus-a,-0.23713823902445744,5.566331797932427
0.496,15,ifrms,-0.8521042499358087,5.566331797932427
0.496,15,sspls-v,0.0,5.566331797932427
0.496,16,mcgs,-1.5573439258141326,5.634296104408263
0.496,16,pos,-0.7506672373290625,5.634296104408263
0.496,16,sbps,-1.511004893831723,5.634296104408263
0.496,16,prculs-d,0.3047047607239016,5.634296104408263
0.496,16,prcus-p,1.7679213918811014,5.634296104408263
0.496,16,prcus-i,-0.952011733328246,5.634296104408263
0.496,16,prcus-a,-0.34757971503176005,5.634296104408263
0.496,16,ifrms,-0.49686807847402076,5.634296104408263
0.496,16,sspls-v,0.0,5.634296104408263
0.496,17,mcgs,-0.7051725042561859,5.134619146183336
0.496,17,pos,-1.1253401390834787,5.134619146183336
0.496,17,sbps,-1.8034448102290754,5.134619146183336
0.496,17,prculs-d,-0.0,5.134619146183336
0.496,17,prcus-p,1.7202086086149941,5.134619146183336
0.496,17,prcus-i,-0.4766738766132735,5.134619146183336
0.496,17,prcus-a,-0.27159974474312093,5.134619146183336
0.496,17,ifrms,-1.284069203319672,5.134619146183336
0.496,17,sspls-v,0.0,5.134619146183336
0.496,18,mcgs,-1.6760822119564625,5.566335082134613
0.496,18,pos,-0.7715242253848122,5.566335082134613
0.496,18,sbps,-1.52011404480276,5.566335082134613
0.496,18,prculs-d,0.276067571619843,5.566335082134613
0.496,18,prcus-p,1.722153991925814,5.566335082134613
0.496,18,prcus-i,-0.8185948030640596,5.566335082134613
0.496,18,prcus-a,-0.2546203823810352,5.566335082134613
0.496,18,ifrms,-0.5305972582641506,5.566335082134613
0.496,18,sspls-v,0.0,5.566335082134613
0.496,19,mcgs,-1.5690475146272616,5.729508212886788
0.496,19,pos,-0.7258306518656087,5.729508212886788
0.496,19,sbps,-1.4830183536022057,5.729508212886788
0.496,19,prculs-d,0.24185629830866373,5.729508212886788
0.496,19,prcus-p,1.721522844427172,5.729508212886788
0.496,19,prcus-i,-0.8018770659173055,5.729508212886788
0.496,19,prcus-a,-0.30785438141973864,5.729508212886788
0.496,19,ifrms,-0.5213288654467952,5.729508212886788
0.496,19,sspls-v,0.0,5.729508212886788
0.496,20,mcgs,-1.6116934338095856,5.577989612637914
0.496,20,pos,-0.6949228328081511,5.577989612637914
0.496,20,sbps,-1.5323799589126081,5.577989612637914
0.496,20,prculs-d,0.20553208815032986,5.577989612637914
0.496,20,prcus-p,1.7328047896046057,5.577989612637914
0.496,20,prcus-i,-0.8927522064194258,5.577989612637914
0.496,20,prcus-a,-0.2861543085821096,5.577989612637914
0.496,20,ifrms,-0.4788432079809513,5.577989612637914
0.496,20,sspls-v,0.0,5.577989612637914
0.496,21,mcgs,-1.6753904179873083,5.663186354592796
0.496,21,pos,-0.6999863253398941,5.663186354592796
0.496,21,sbps,-1.4839190908060162,5.663186354592796
0.496,21,prculs-d,0.2805209723490036,5.663186354592796
0.496,21,prcus-p,1.7168616611420255,5.663186354592796
0.496,21,prcus-i,-0.8416586039967503,5.663186354592796
0.496,21,prcus-a,-0.3015285863603525,5.663186354592796
0.496,21,ifrms,-0.5518687717953261,5.663186354592796
0.496,21,sspls-v,0.0,5.663186354592796
0.496,22,mcgs,-1.7131322772911513,5.594540213381733
0.496,22,pos,-0.7161812953742939,5.594540213381733
0.496,22,sbps,-1.4351526615218642,5.594540213381733
0.496,22,prculs-d,0.18801793343107506,5.594540213381733
0.496,22,prcus-p,1.7689182475619674,5.594540213381733
0.496,22,prcus-i,-0.864564342484851,5.594540213381733
0.496,22,prcus-a,-0.2749868289602689,5.594540213381733
0.496,22,ifrms,-0.5680176383906357,5.594540213381733
0.496,22,sspls-v,0.0,5.594540213381733
0.496,23,mcgs,-1.6353793295957286,5.4672603447420025
0.496,23,pos,-0.8792048414710002,5.4672603447420025
0.496,23,sbps,-0.8700369144431929,5.4672603447420025
0.496,23,prculs-d,0.3238079043559931,5.4672603447420025
0.496,23,prcus-p,2.0083194813972125,5.4672603447420025
0.496,23,prcus-i,-1.1851893854598703,5.4672603447420025
0.496,23,prcus-a,-0.26614162309173983,5.4672603447420025
0.496,23,ifrms,-0.7415587808421499,5.4672603447420025
0.496,23,sspls-v,-0.0,5.4672603447420025
0.496,24,mcgs,-1.4636790403079987,5.340995612134527
0.496,24,pos,-0.3092571219753776,5.340995612134527
0.496,24,sbps,-1.6008234905119456,5.340995612134527
0.496,24,prculs-d,0.0,5.340995612134527
0.496,24,prcus-p,2.0281979768395613,5.340995612134527
0.496,24,prcus-i,-0.5527906611822218,5.340995612134527
0.496,24,prcus-a,-0.14936380083709963,5.340995612134527
0.496,24,ifrms,-0.18047965159603846,5.340995612134527
0.496,24,sspls-v,0.0,5.340995612134527
0.496,25,mcgs,-1.254911028999863,5.392305906952159
0.496,25,pos,-1.1971954963401075,5.392305906952159
0.496,25,sbps,-1.3341266149641184,5.392305906952159
0.496,25,prculs-d,0.36225156048711554,5.392305906952159
0.496,25,prcus-p,1.6024576418804306,5.392305906952159
0.496,25,prcus-i,-1.120756334172376,5.392305906952159
0.496,25,prcus-a,-0.1908442468194752,5.392305906952159
0.496,25,ifrms,-0.1706392366134023,5.392305906952159
0.496,25,sspls-v,0.0,5.392305906952159
0.496,26,mcgs,-1.7436234131950212,5.541606687430651
0.496,26,pos,-0.6210807467637232,5.541606687430651
0.496,26,sbps,-1.5122450667301242,5.541606687430651
0.496,26,prculs-d,0.19487672470552975,5.541606687430651
0.496,26,prcus-p,1.7340730939582651,5.541606687430651
0.496,26,prcus-i,-0.7897742188877547,5.541606687430651
0.496,26,prcus-a,-0.33527608548011756,5.541606687430651
0.496,26,ifrms,-0.580853057048631,5.541606687430651
0.496,26,sspls-v,0.0,5.541606687430651
0.496,27,mcgs,-1.6826246705861096,5.430242804467754
0.496,27,pos,-0.6281443714499765,5.430242804467754
0.496,27,sbps,-1.0876940089448854,5.430242804467754
0.496,27,prculs-d,0.38067708838237335,5.430242804467754
0.496,27,prcus-p,1.741852836640282,5.430242804467754
0.496,27,prcus-i,-0.8709137397472383,5.430242804467754
0.496,27,prcus-a,-0.9879468994749964,5.430242804467754
0.496,27,ifrms,-0.5491096261481588,5.430242804467754
0.496,27,sspls-v,0.0,5.430242804467754
0.53,0,mcgs,-1.9887551139496609,5.314287182798535
0.53,0,pos,-0.42992537385999363,5.314287182798535
0.53,0,sbps,-1.665388368592685,5.314287182798535
0.53,0,prculs-d,0.26609908113855874,5.314287182798535
0.53,0,prcus-p,1.9638678714709792,5.314287182798535
0.53,0,prcus-i,-0.8524112483029563,5.314287182798535
0.53,0,prcus-a,-0.24460957602547748,5.314287182798535
0.53,0,ifrms,-0.651340912863888,5.314287182798535
0.53,0,sspls-v,0.0,5.314287182798535
0.53,1,mcgs,-1.9392174151477415,4.6906858484894505
0.53,1,pos,-1.2359053449484443,4.6906858484894505
0.53,1,sbps,-0.8292511821784772,4.6906858484894505
0.53,1,prculs-d,0.0,4.6906858484894505
0.53,1,prcus-p,2.0671116226548967,4.6906858484894505
0.53,1,prcus-i,-1.2190679995367564,4.6906858484894505
0.53,1,prcus-a,0.0,4.6906858484894505
0.53,1,ifrms,-0.0,4.6906858484894505
0.53,1,sspls-v,-0.0,4.6906858484894505
0.53,2,mcgs,-1.8446360119773093,4.510470136819016
0.53,2,pos,-0.19394935421011567,4.510470136819016
0.53,2,sbps,-2.9957440864166363,4.510470136819016
0.53,2,prculs-d,0.12605773086024594,4.510470136819016
0.53,2,prcus-p,1.3491278360207792,4.510470136819016
0.53,2,prcus-i,-0.39657147753931643,4.510470136819016
0.53,2,prcus-a,-0.1108672492704381,4.510470136819016
0.53,2,ifrms,-0.0,4.510470136819016
0.53,2,sspls-v,0.0,4.510470136819016
0.53,3,mcgs,-1.6802656849647337,5.382266691232328
0.53,3,pos,-0.2714744292982326,5.382266691232328
0.53,3,sbps,-1.795216276441133,5.382266691232328
0.53,3,prculs-d,0.24492152425543617,5.382266691232328
0.53,3,prcus-p,1.1070644521025605,5.382266691232328
0.53,3,prcus-i,-0.4444517300471126,5.382266691232328
0.53,3,prcus-a,-0.3049799472108833,5.382266691232328
0.53,3,ifrms,-0.604426610310492,5.382266691232328
0.53,3,sspls-v,-0.0,5.382266691232328
0.53,4,mcgs,-1.4768024305152325,5.415421692361227
0.53,4,pos,-0.7033415356745558,5.415421692361227
0.53,4,sbps,-1.5827038709875154,5.415421692361227
0.53,4,prculs-d,0.0,5.415421692361227
0.53,4,prcus-p,1.8094885908060259,5.415421692361227
0.53,4,prcus-i,-0.865594351958245,5.415421692361227
0.53,4,prcus-a,-0.45574985433643617,5.415421692361227
0.53,4,ifrms,-0.3085642018378114,5.415421692361227
0.53,4,sspls-v,0.0,5.415421692361227
0.53,5,mcgs,-1.3375309824563215,5.517843480734516
0.53,5,pos,-0.4613490863196628,5.517843480734516
0.53,5,sbps,-1.4870295821175536,5.517843480734516
0.53,5,prculs-d,0.2168221976482738,5.517843480734516
0.53,5,prcus-p,1.447485749753805,5.517843480734516
0.53,5,prcus-i,-1.0306800658738964,5.517843480734516
0.53,5,prcus-a,-0.11132322375067985,5.517843480734516
0.53,5,ifrms,-0.24337981126161523,5.517843480734516
0.53,5,sspls-v,0.0,5.517843480734516
0.53,6,mcgs,-1.63636738676524,5.569171413099422
0.53,6,pos,-0.6372850968411282,5.569171413099422
0.53,6,sbps,-1.5010193314659048,5.569171413099422
0.53,6,prculs-d,0.14058655496708305,5.569171413099422
0.53,6,prcus-p,1.6483681819775815,5.569171413099422
0.53,6,prcus-i,-0.8205252275444846,5.569171413099422
0.53,6,prcus-a,-0.2656047040163834,5.569171413099422
0.53,6,ifrms,-0.48329414081247,5.569171413099422
0.53,6,sspls-v,0.0,5.569171413099422
0.53,7,mcgs,-1.6092825987184411,5.6397479030874775
0.53,7,pos,-0.6744200792035966,5.6397479030874775
0.53,7,sbps,-1.4892135156073507,5.6397479030874775
0.53,7,prculs-d,0.20640525108631982,5.6397479030874775
0.53,7,prcus-p,1.6871477619877666,5.6397479030874775
0.53,7,prcus-i,-0.8395482707741981,5.6397479030874775
0.53,7,prcus-a,-0.25167622755066776,5.6397479030874775
0.53,7,ifrms,-0.5008169616596357,5.6397479030874775
0.53,7,sspls-v,0.0,5.6397479030874775
0.53,8,mcgs,-2.349815796391706,4.47040426898431
0.53,8,pos,-1.4099703652960152,4.47040426898431
0.53,8,sbps,-1.087269918173796,4.47040426898431
0.53,8,prculs-d,0.9796670583959524,4.47040426898431
0.53,8,prcus-p,0.7219699395550586,4.47040426898431
0.53,8,prcus-i,-0.0,4.47040426898431
0.53,8,prcus-a,-0.015993493679301286,4.47040426898431
0.53,8,ifrms,-0.22141453979420575,4.47040426898431
0.53,8,sspls-v,0.0,4.47040426898431
0.53,9,mcgs,-1.926627703641529,5.430851750346233
0.53,9,pos,-0.10889203215377442,5.430851750346233
0.53,9,sbps,-1.2083660021313545,5.430851750346233
0.53,9,prculs-d,0.0,5.430851750346233
0.53,9,prcus-p,1.8050274063807725,5.430851750346233
0.53,9,prcus-i,-0.2557026486320631,5.430851750346233
0.53,9,prcus-a,-0.2200939219630052,5.430851750346233
0.53,9,ifrms,-0.5023635543360501,5.430851750346233
0.53,9,sspls-v,0.0,5.430851750346233
0.53,10,mcgs,-1.6060646454764467,5.599232679410511
0.53,10,pos,-0.6847294599741379,5.599232679410511
0.53,10,sbps,-1.4176599220583417,5.599232679410511
0.53,10,prculs-d,0.13432342718890816,5.599232679410511
0.53,10,prcus-p,1.6563499165402311,5.599232679410511
0.53,10,prcus-i,-0.7962880324022101,5.599232679410511
0.53,10,prcus-a,-0.30451255028655566,5.599232679410511
0.53,10,ifrms,-0.47502755280849845,5.599232679410511
0.53,10,sspls-v,0.0,5.599232679410511
0.53,11,mcgs,-1.5344858334954699,5.5812677638445525
0.53,11,pos,-0.6206528583854802,5.5812677638445525
0.53,11,sbps,-1.370325310479068,5.5812677638445525
0.53,11,prculs-d,0.17716853885966605,5.5812677638445525
0.53,11,prcus-p,1.4070793580619536,5.5812677638445525
0.53,11,prcus-i,-0.7701281802110181,5.5812677638445525
0.53,11,prcus-a,-0.14889452375178647,5.5812677638445525
0.53,11,ifrms,-0.4198653225107942,5.5812677638445525
0.53,11,sspls-v,0.0,5.5812677638445525
0.53,12,mcgs,-1.6619140802738004,5.599615227713844
0.53,12,pos,-0.6841989048437266,5.599615227713844
0.53,12,sbps,-1.441397848927545,5.599615227713844
0.53,12,prculs-d,0.14987224803746255,5.599615227713844
0.53,12,prcus-p,1.6347649681587852,5.599615227713844
0.53,12,prcus-i,-0.8060255966339321,5.599615227713844
0.53,12,prcus-a,-0.2301828404486767,5.599615227713844
0.53,12,ifrms,-0.5219618643790876,5.599615227713844
0.53,12,sspls-v,0.0,5.599615227713844
0.53,13,mcgs,-1.535930056385767,5.354552097437109
0.53,13,pos,-0.3566733418884724,5.354552097437109
0.53,13,sbps,-0.9866375586234084,5.354552097437109
0.53,13,prculs-d,0.0,5.354552097437109
0.53,13,prcus-p,1.3620822913503703,5.354552097437109
0.53,13,prcus-i,-1.46346902358939,5.354552097437109
0.53,13,prcus-a,-0.5660805799915576,5.354552097437109
0.53,13,ifrms,-0.0,5.354552097437109
0.53,13,sspls-v,0.0,5.354552097437109
0.53,14,mcgs,-1.5951068037434726,5.279877737322381
0.53,14,pos,-0.7200224290702877,5.279877737322381
0.53,14,sbps,-1.3989809687096937,5.279877737322381
0.53,14,prculs-d,0.0009507834053725958,5.279877737322381
0.53,14,prcus-p,1.638671033678418,5.279877737322381
0.53,14,prcus-i,-1.064545679510836,5.279877737322381
0.53,14,prcus-a,-0.5591457920046908,5.279877737322381
0.53,14,ifrms,-0.7848009088495859,5.279877737322381
0.53,14,sspls-v,0.0,5.279877737322381
0.53,15,mcgs,-1.5236622902573629,5.557401389487312
0.53,15,pos,-0.5370768473756937,5.557401389487312
0.53,15,sbps,-1.462490879132191,5.557401389487312
0.53,15,prculs-d,0.13524061536011414,5.557401389487312
0.53,15,prcus-p,1.4886112254053598,5.557401389487312
0.53,15,prcus-i,-0.6837297198016985,5.557401389487312
0.53,15,prcus-a,-0.20124319933082443,5.557401389487312
0.53,15,ifrms,-0.8220447794750679,5.557401389487312
0.53,15,sspls-v,0.0,5.557401389487312
0.53,16,mcgs,-1.5534241563202498,5.638783979870171
0.53,16,pos,-0.7166874905400143,5.638783979870171
0.53,16,sbps,-1.4932407193559718,5.638783979870171
0.53,16,prculs-d,0.23811516343723368,5.638783979870171
0.53,16,prcus-p,1.7007584194219618,5.638783979870171
0.53,16,prcus-i,-0.8917771344516136,5.638783979870171
0.53,16,prcus-a,-0.3025330112820338,5.638783979870171
0.53,16,ifrms,-0.4651766344551753,5.638783979870171
0.53,16,sspls-v,0.0,5.638783979870171
0.53,17,mcgs,-0.6927572264038393,5.134643325672494
0.53,17,pos,-1.1093060165222008,5.134643325672494
0.53,17,sbps,-1.7860129536280294,5.134643325672494
0.53,17,prculs-d,-0.0,5.134643325672494
0.53,17,prcus-p,1.6659205125443548,5.134643325672494
0.53,17,prcus-i,-0.4402068491651552,5.134643325672494
0.53,17,prcus-a,-0.2358081800104402,5.134643325672494
0.53,17,ifrms,-1.2577801244249616,5.134643325672494
0.53,17,sspls-v,0.0,5.134643325672494
0.53,18,mcgs,-1.647745830022223,5.586420263402207
0.53,18,pos,-0.746211791712155,5.586420263402207
0.53,18,sbps,-1.5028343222431007,5.586420263402207
0.53,18,prculs-d,0.21904183470541147,5.586420263402207
0.53,18,prcus-p,1.6688342736242139,5.586420263402207
0.53,18,prcus-i,-0.786525458975979,5.586420263402207
0.53,18,prcus-a,-0.2223603369080916,5.586420263402207
0.53,18,ifrms,-0.49045802208252337,5.586420263402207
0.53,18,sspls-v,0.0,5.586420263402207
0.53,19,mcgs,-1.547138661222459,5.739365357226298
0.53,19,pos,-0.6995343214661652,5.739365357226298
0.53,19,sbps,-1.4672754794366256,5.739365357226298
0.53,19,prculs-d,0.18555353106062508,5.739365357226298
0.53,19,prcus-p,1.6702992455773662,5.739365357226298
0.53,19,prcus-i,-0.777068345444462,5.739365357226298
0.53,19,prcus-a,-0.2727161482432904,5.739365357226298
0.53,19,ifrms,-0.47927240934881854,5.739365357226298
0.53,19,sspls-v,0.0,5.739365357226298
0.53,20,mcgs,-1.581792139401917,5.585898149305239
0.53,20,pos,-0.6704240469203692,5.585898149305239
0.53,20,sbps,-1.5173901290865506,5.585898149305239
0.53,20,prculs-d,0.1485464328070988,5.585898149305239
0.53,20,prcus-p,1.6794418419406463,5.585898149305239
0.53,20,prcus-i,-0.8615690323029862,5.585898149305239
0.53,20,prcus-a,-0.25024855112582184,5.585898149305239
0.53,20,ifrms,-0.43735655174709664,5.585898149305239
0.53,20,sspls-v,0.0,5.585898149305239
0.53,21,mcgs,-1.6456684100672254,5.656891798873163
0.53,21,pos,-0.6915796929967309,5.656891798873163
0.53,21,sbps,-1.47278248600279,5.656891798873163
0.53,21,prculs-d,0.21371622856984757,5.656891798873163
0.53,21,prcus-p,1.6553092553025324,5.656891798873163
0.53,21,prcus-i,-0.8085982452936096,5.656891798873163
0.53,21,prcus-a,-0.26482437297130224,5.656891798873163
0.53,21,ifrms,-0.4941236553054616,5.656891798873163
0.53,21,sspls-v,0.0,5.656891798873163
0.53,22,mcgs,-1.6851553770075716,5.5975794806990855
0.53,22,pos,-0.6917031031941253,5.5975794806990855
0.53,22,sbps,-1.4208257158228197,5.5975794806990855
0.53,22,prculs-d,0.13556388756692858,5.5975794806990855
0.53,22,prcus-p,1.7150679427022228,5.5975794806990855
0.53,22,prcus-i,-0.8301118817218288,5.5975794806990855
0.53,22,prcus-a,-0.2412326876057333,5.5975794806990855
0.53,22,ifrms,-0.5291748741083331,5.5975794806990855
0.53,22,sspls-v,0.0,5.5975794806990855
0.53,23,mcgs,-1.6074418976246614,5.4712925396782435
0.53,23,pos,-0.8538033708601696,5.4712925396782435
0.53,23,sbps,-0.8587633120290427,5.4712925396782435
0.53,23,prculs-d,0.2670404391205726,5.4712925396782435
0.53,23,prcus-p,1.9538320379552843,5.4712925396782435
0.53,23,prcus-i,-1.1495375362742815,5.4712925396782435
0.53,23,prcus-a,-0.23107766438586821,5.4712925396782435
0.53,23,ifrms,-0.7010997648937312,5.4712925396782435
0.53,23,sspls-v,-0.0,5.4712925396782435
0.53,24,mcgs,-1.442772729931864,5.304980034187912
0.53,24,pos,-0.290130008597765,5.304980034187912
0.53,24,sbps,-1.585712996627551,5.304980034187912
0.53,24,prculs-d,0.0,5.304980034187912
0.53,24,prcus-p,2.000011152695114,5.304980034187912
0.53,24,prcus-i,-0.517878000197305,5.304980034187912
0.53,24,prcus-a,-0.11098290403011081,5.304980034187912
0.53,24,ifrms,-0.1487380654821248,5.304980034187912
0.53,24,sspls-v,0.0,5.304980034187912
0.53,25,mcgs,-1.2250807585829084,5.390029719218914
0.53,25,pos,-1.1768736853229704,5.390029719218914
0.53,25,sbps,-1.3165589472120458,5.390029719218914
0.53,25,prculs-d,0.307765030048924,5.390029719218914
0.53,25,prcus-p,1.5482787540738059,5.390029719218914
0.53,25,prcus-i,-1.0881726818713222,5.390029719218914
0.53,25,prcus-a,-0.15475573440871962,5.390029719218914
0.53,25,ifrms,-0.130227774722292,5.390029719218914
0.53,25,sspls-v,0.0,5.390029719218914
0.53,26,mcgs,-1.7158206848624493,5.537056050769656
0.53,26,pos,-0.5974772743459399,5.537056050769656
0.53,26,sbps,-1.4956497527875643,5.537056050769656
0.53,26,prculs-d,0.13904706244721388,5.537056050769656
0.53,26,prcus-p,1.6804930063267727,5.537056050769656
0.53,26,prcus-i,-0.7557249156026821,5.537056050769656
0.53,26,prcus-a,-0.30011352111280293,5.537056050769656
0.53,26,ifrms,-0.5419499481920148,5.537056050769656
0.53,26,sspls-v,0.0,5.537056050769656
0.53,27,mcgs,-1.653575095244114,5.4313596252308445
0.53,27,pos,-0.6036461436724976,5.4313596252308445
0.53,27,sbps,-1.0792029669290122,5.4313596252308445
0.53,27,prculs-d,0.32238576183499573,5.4313596252308445
0.53,27,prcus-p,1.6887034294604628,5.4313596252308445
0.53,27,prcus-i,-0.8383305885970893,5.4313596252308445
0.53,27,prcus-a,-0.9540796545968019,5.4313596252308445
0.53,27,ifrms,-0.5098841174271301,5.4313596252308445
0.53,27,sspls-v,0.0,5.4313596252308445
0.567,0,mcgs,-1.937951865187672,5.3265291792172205
0.567,0,pos,-0.4181372045875954,5.3265291792172205
0.567,0,sbps,-1.6366212982814765,5.3265291792172205
0.567,0,prculs-d,0.19924653417082175,5.3265291792172205
0.567,0,prcus-p,1.8889203687073124,5.3265291792172205
0.567,0,prcus-i,-0.8128173686614791,5.3265291792172205
0.567,0,prcus-a,-0.2075422398947914,5.3265291792172205
0.567,0,ifrms,-0.598848859588351,5.3265291792172205
0.567,0,sspls-v,0.0,5.3265291792172205
0.567,1,mcgs,-1.9158915348745051,4.6986034317221215
0.567,1,pos,-1.207303953931443,4.6986034317221215
0.567,1,sbps,-0.8142047962396709,4.6986034317221215
0.567,1,prculs-d,0.0,4.6986034317221215
0.567,1,prcus-p,2.0084583381056746,4.6986034317221215
0.567,1,prcus-i,-1.1735214082789556,4.6986034317221215
0.567,1,prcus-a,-0.0,4.6986034317221215
0.567,1,ifrms,-0.0,4.6986034317221215
0.567,1,sspls-v,-0.0,4.6986034317221215
0.567,2,mcgs,-1.8202004315971014,4.476432372869626
0.567,2,pos,-0.1630771256387645,4.476432372869626
0.567,2,sbps,-2.9801491801289646,4.476432372869626
0.567,2,prculs-d,0.07283209355342167,4.476432372869626
0.567,2,prcus-p,1.2936667502496524,4.476432372869626
0.567,2,prcus-i,-0.34586575570666095,4.476432372869626
0.567,2,prcus-a,-0.07481433544951246,4.476432372869626
0.567,2,ifrms,-0.0,4.476432372869626
0.567,2,sspls-v,0.0,4.476432372869626
0.567,3,mcgs,-1.6500953995493761,5.419598117085337
0.567,3,pos,-0.23959655004531874,5.419598117085337
0.567,3,sbps,-1.7830806616547623,5.419598117085337
0.567,3,prculs-d,0.18558032585182377,5.419598117085337
0.567,3,prcus-p,1.044584328179572,5.419598117085337
0.567,3,prcus-i,-0.40159135132409096,5.419598117085337
0.567,3,prcus-a,-0.26707219463791215,5.419598117085337
0.567,3,ifrms,-0.5634954798963521,5.419598117085337
0.567,3,sspls-v,-0.0,5.419598117085337
0.567,4,mcgs,-1.4576477776064674,5.413602974681645
0.567,4,pos,-0.6876038237019634,5.413602974681645
0.567,4,sbps,-1.5632670665235577,5.413602974681645
0.567,4,prculs-d,0.0,5.413602974681645
0.567,4,prcus-p,1.7499611887683804,5.413602974681645
0.567,4,prcus-i,-0.8259848938801205,5.413602974681645
0.567,4,prcus-a,-0.41637694165053796,5.413602974681645
0.567,4,ifrms,-0.2807071542438581,5.413602974681645
0.567,4,sspls-v,0.0,5.413602974681645
0.567,5,mcgs,-1.299696471904566,5.515350147128885
0.567,5,pos,-0.43162407400744945,5.515350147128885
0.567,5,sbps,-1.4687419824306083,5.515350147128885
0.567,5,prculs-d,0.15883722486690705,5.515350147128885
0.567,5,prcus-p,1.3837288566362551,5.515350147128885
0.567,5,prcus-i,-1.001344660716538,5.515350147128885
0.567,5,prcus-a,-0.06896329854523138,5.515350147128885
0.567,5,ifrms,-0.19334880613821848,5.515350147128885
0.567,5,sspls-v,0.0,5.515350147128885
0.567,6,mcgs,-1.6047425764104069,5.5799011191586905
0.567,6,pos,-0.6088989611636526,5.5799011191586905
0.567,6,sbps,-1.4835620492853805,5.5799011191586905
0.567,6,prculs-d,0.07778854668535244,5.5799011191586905
0.567,6,prcus-p,1.5888803451923572,5.5799011191586905
0.567,6,prcus-i,-0.7839503987356218,5.5799011191586905
0.567,6,prcus-a,-0.22689240117803125,5.5799011191586905
0.567,6,ifrms,-0.4403570528481536,5.5799011191586905
0.567,6,sspls-v,0.0,5.5799011191586905
0.567,7,mcgs,-1.5808931522079672,5.649812036969153
0.567,7,pos,-0.6496734566262654,5.649812036969153
0.567,7,sbps,-1.4706421230017168,5.649812036969153
0.567,7,prculs-d,0.14660401535740594,5.649812036969153
0.567,7,prcus-p,1.628683995217366,5.649812036969153
0.567,7,prcus-i,-0.8025056101074715,5.649812036969153
0.567,7,prcus-a,-0.2188427040344068,5.649812036969153
0.567,7,ifrms,-0.4578254600534149,5.649812036969153
0.567,7,sspls-v,0.0,5.649812036969153
0.567,8,mcgs,-2.3085869636552565,4.496116438897201
0.567,8,pos,-1.3849669693566187,4.496116438897201
0.567,8,sbps,-1.0636765489908866,4.496116438897201
0.567,8,prculs-d,0.918482770441952,4.496116438897201
0.567,8,prcus-p,0.6764772088095902,4.496116438897201
0.567,8,prcus-i,-0.0,4.496116438897201
0.567,8,prcus-a,-0.0,4.496116438897201
0.567,8,ifrms,-0.17271969788564537,4.496116438897201
0.567,8,sspls-v,0.0,4.496116438897201
0.567,9,mcgs,-1.909582671167342,5.40792860738545
0.567,9,pos,-0.08731358695141218,5.40792860738545
0.567,9,sbps,-1.1872316788462283,5.40792860738545
0.567,9,prculs-d,0.0,5.40792860738545
0.567,9,prcus-p,1.7510438534127226,5.40792860738545
0.567,9,prcus-i,-0.21166484644115724,5.40792860738545
0.567,9,prcus-a,-0.1802532964286767,5.40792860738545
0.567,9,ifrms,-0.4722156669995613,5.40792860738545
0.567,9,sspls-v,0.0,5.40792860738545
0.567,10,mcgs,-1.5721837881061853,5.607944055285508
0.567,10,pos,-0.6585913421842672,5.607944055285508
0.567,10,sbps,-1.3958771675381014,5.607944055285508
0.567,10,prculs-d,0.07014524912188873,5.607944055285508
0.567,10,prcus-p,1.5961006812968155,5.607944055285508
0.567,10,prcus-i,-0.7584270342726307,5.607944055285508
0.567,10,prcus-a,-0.27032101653139307,5.607944055285508
0.567,10,ifrms,-0.4313442738324575,5.607944055285508
0.567,10,sspls-v,0.0,5.607944055285508
0.567,11,mcgs,-1.4969946645032806,5.580582398990765
0.567,11,pos,-0.591019784737211,5.580582398990765
0.567,11,sbps,-1.3455297109135482,5.580582398990765
0.567,11,prculs-d,0.11728081638321852,5.580582398990765
0.567,11,prcus-p,1.334223396445271,5.580582398990765
0.567,11,prcus-i,-0.729437649391582,5.580582398990765
0.567,11,prcus-a,-0.10177142103190055,5.580582398990765
0.567,11,ifrms,-0.37197084683330917,5.580582398990765
0.567,11,sspls-v,0.0,5.580582398990765
0.567,12,mcgs,-1.6318370099335575,5.6070822731137175
0.567,12,pos,-0.6581023518242282,5.6070822731137175
0.567,12,sbps,-1.4195617980202617,5.6070822731137175
0.567,12,prculs-d,0.08722235424606628,5.6070822731137175
0.567,12,prcus-p,1.5740239346677507,5.6070822731137175
0.567,12,prcus-i,-0.7681082644224809,5.6070822731137175
0.567,12,prcus-a,-0.1886235249964143,5.6070822731137175
0.567,12,ifrms,-0.4855280205734695,5.6070822731137175
0.567,12,sspls-v,0.0,5.6070822731137175
0.567,13,mcgs,-1.5174463553703779,5.349527496249607
0.567,13,pos,-0.33753828661873214,5.349527496249607
0.567,13,sbps,-0.9654813193843373,5.349527496249607
0.567,13,prculs-d,0.0,5.349527496249607
0.567,13,prcus-p,1.3054022887953414,5.349527496249607
0.567,13,prcus-i,-1.419776923765256,5.349527496249607
0.567,13,prcus-a,-0.5310426358441933,5.349527496249607
0.567,13,ifrms,-0.0,5.349527496249607
0.567,13,sspls-v,0.0,5.349527496249607
0.567,14,mcgs,-1.5740682386794733,5.284618045153919
0.567,14,pos,-0.7030066984515378,5.284618045153919
0.567,14,sbps,-1.3827852702518437,5.284618045153919
0.567,14,prculs-d,0.0,5.284618045153919
0.567,14,prcus-p,1.5822553152793628,5.284618045153919
0.567,14,prcus-i,-1.0202141249706722,5.284618045153919
0.567,14,prcus-a,-0.5133831085771331,5.284618045153919
0.567,14,ifrms,-0.7477788739226724,5.284618045153919
0.567,14,sspls-v,0.0,5.284618045153919
0.567,15,mcgs,-1.49249260350167,5.545629379206428
0.567,15,pos,-0.5088277722548908,5.545629379206428
0.567,15,sbps,-1.4439110576526117,5.545629379206428
0.567,15,prculs-d,0.07409925944747812,5.545629379206428
0.567,15,prcus-p,1.4287119808601425,5.545629379206428
0.567,15,prcus-i,-0.6438669999246558,5.545629379206428
0.567,15,prcus-a,-0.16217742199957855,5.545629379206428
0.567,15,ifrms,-0.7893453268897955,5.545629379206428
0.567,15,sspls-v,0.0,5.545629379206428
0.567,16,mcgs,-1.5491585248121993,5.640126610160007
0.567,16,pos,-0.6797095307989909,5.640126610160007
0.567,16,sbps,-1.4739091177205945,5.640126610160007
0.567,16,prculs-d,0.16565001344880098,5.640126610160007
0.567,16,prcus-p,1.6276693023340763,5.640126610160007
0.567,16,prcus-i,-0.8262277180270453,5.640126610160007
0.567,16,prcus-a,-0.25351159837792103,5.640126610160007
0.567,16,ifrms,-0.43068888655231535,5.640126610160007
0.567,16,sspls-v,0.0,5.640126610160007
0.567,17,mcgs,-0.6791914654854535,5.136056579486218
0.567,17,pos,-1.0918835415935777,5.136056579486218
0.567,17,sbps,-1.7670374526890842,5.136056579486218
0.567,17,prculs-d,-0.0,5.136056579486218
0.567,17,prcus-p,1.60685527744338,5.136056579486218
0.567,17,prcus-i,-0.4005349184528487,5.136056579486218
0.567,17,prcus-a,-0.19686362902935312,5.136056579486218
0.567,17,ifrms,-1.229177828479772,5.136056579486218
0.567,17,sspls-v,0.0,5.136056579486218
0.567,18,mcgs,-1.6169091790937868,5.605830601145783
0.567,18,pos,-0.7186659080095589,5.605830601145783
0.567,18,sbps,-1.4840299182811179,5.605830601145783
0.567,18,prculs-d,0.15698441512205935,5.605830601145783
0.567,18,prcus-p,1.6108098742960029,5.605830601145783
0.567,18,prcus-i,-0.7516264668801278,5.605830601145783
0.567,18,prcus-a,-0.18725381683459355,5.605830601145783
0.567,18,ifrms,-0.4467770885907527,5.605830601145783
0.567,18,sspls-v,0.0,5.605830601145783
0.567,19,mcgs,-1.5233138450789072,5.755994981135463
0.567,19,pos,-0.670896984758184,5.755994981135463
0.567,19,sbps,-1.450122108791024,5.755994981135463
0.567,19,prculs-d,0.12426823041012955,5.755994981135463
0.567,19,prcus-p,1.6145955606881792,5.755994981135463
0.567,19,prcus-i,-0.7501021501456683,5.755994981135463
0.567,19,prcus-a,-0.23448303749637858,5.755994981135463
0.567,19,ifrms,-0.4335003831683237,5.755994981135463
0.567,19,sspls-v,0.0,5.755994981135463
0.567,20,mcgs,-1.549252495487688,5.595813630909006
0.567,20,pos,-0.6437636034542533,5.595813630909006
0.567,20,sbps,-1.5010776672170199,5.595813630909006
0.567,20,prculs-d,0.0865326314041708,5.595813630909006
0.567,20,prcus-p,1.6213703988945722,5.595813630909006
0.567,20,prcus-i,-0.8276344016468611,5.595813630909006
0.567,20,prcus-a,-0.21117463859986138,5.595813630909006
0.567,20,ifrms,-0.3922093081984889,5.595813630909006
0.567,20,sspls-v,0.0,5.595813630909006
0.567,21,mcgs,-1.6133243871088694,5.647838027995249
0.567,21,pos,-0.6824310013186007,5.647838027995249
0.567,21,sbps,-1.4606635255056337,5.647838027995249
0.567,21,prculs-d,0.14101682488490513,5.647838027995249
0.567,21,prcus-p,1.588325325139479,5.647838027995249
0.567,21,prcus-i,-0.772620395877273,5.647838027995249
0.567,21,prcus-a,-0.22488147927571048,5.647838027995249
0.567,21,ifrms,-0.4312833528918056,5.647838027995249
0.567,21,sspls-v,0.0,5.647838027995249
0.567,22,mcgs,-1.654709926698971,5.6122108854152275
0.567,22,pos,-0.6650650705274729,5.6122108854152275
0.567,22,sbps,-1.4052346278562102,5.6122108854152275
0.567,22,prculs-d,0.07848154353829943,5.6122108854152275
0.567,22,prcus-p,1.6564661403548544,5.6122108854152275
0.567,22,prcus-i,-0.7926194979503057,5.6122108854152275
0.567,22,prcus-a,-0.20450023966109226,5.6122108854152275
0.567,22,ifrms,-0.48690480709523853,5.6122108854152275
0.567,22,sspls-v,0.0,5.6122108854152275
0.567,23,mcgs,-1.5770799267215578,5.474494362512305
0.567,23,pos,-0.8262019569013673,5.474494362512305
0.567,23,sbps,-0.8464750326409569,5.474494362512305
0.567,23,prculs-d,0.20528404243705833,5.474494362512305
0.567,23,prcus-p,1.8945577283320771,5.474494362512305
0.567,23,prcus-i,-1.110724420023438,5.474494362512305
0.567,23,prcus-a,-0.19291155784842834,5.474494362512305
0.567,23,ifrms,-0.6570807144954136,5.474494362512305
0.567,23,sspls-v,-0.0,5.474494362512305
0.567,24,mcgs,-1.4200153990269728,5.282678337218501
0.567,24,pos,-0.2693200492785154,5.282678337218501
0.567,24,sbps,-1.5692672960207474,5.282678337218501
0.567,24,prculs-d,0.0,5.282678337218501
0.567,24,prcus-p,1.96933793876255,5.282678337218501
0.567,24,prcus-i,-0.47988769592623015,5.282678337218501
0.567,24,prcus-a,-0.06921523545344134,5.282678337218501
0.567,24,ifrms,-0.11419472221405746,5.282678337218501
0.567,24,sspls-v,0.0,5.282678337218501
0.567,25,mcgs,-1.1926000626500184,5.381256904556754
0.567,25,pos,-1.1547689764534532,5.381256904556754
0.567,25,sbps,-1.2974358058376168,5.381256904556754
0.567,25,prculs-d,0.24846930644675375,5.381256904556754
0.567,25,prcus-p,1.4893245671102617,5.381256904556754
0.567,25,prcus-i,-1.0527266608237922,5.381256904556754
0.567,25,prcus-a,-0.1154835312219414,5.381256904556754
0.567,25,ifrms,-0.08624591529682801,5.381256904556754
0.567,25,sspls-v,0.0,5.381256904556754
0.567,26,mcgs,-1.6855647746181799,5.5432807302462965
0.567,26,pos,-0.5717911425971763,5.5432807302462965
0.567,26,sbps,-1.4775901464383068,5.5432807302462965
0.567,26,prculs-d,0.07829125351904694,5.5432807302462965
0.567,26,prcus-p,1.6221852639042662,5.5432807302462965
0.567,26,prcus-i,-0.7186712620277512,5.5432807302462965
0.567,26,prcus-a,-0.26184837753660734,5.5432807302462965
0.567,26,ifrms,-0.4996142120833448,5.5432807302462965
0.567,26,sspls-v,0.0,5.5432807302462965
0.567,27,mcgs,-1.6219623220778259,5.433754795280486
0.567,27,pos,-0.5769863075617128,5.433754795280486
0.567,27,sbps,-1.0699627153235016,5.433754795280486
0.567,27,prculs-d,0.25895108294520236,5.433754795280486
0.567,27,prcus-p,1.6308643687059572,5.433754795280486
0.567,27,prcus-i,-0.8028724535219279,5.433754795280486
0.567,27,prcus-a,-0.9172241234058246,5.433754795280486
0.567,27,ifrms,-0.46719753440718853,5.433754795280486
0.567,27,sspls-v,0.0,5.433754795280486
0.606,0,mcgs,-1.8844024948709783,5.340103903259564
0.606,0,pos,-0.4057118369761496,5.340103903259564
0.606,0,sbps,-1.606299251196689,5.340103903259564
0.606,0,prculs-d,0.1287803360156398,5.340103903259564
0.606,0,prcus-p,1.8099216495780392,5.340103903259564
0.606,0,prcus-i,-0.7710832793096507,5.340103903259564
0.606,0,prcus-a,-0.16847126397325674,5.340103903259564
0.606,0,ifrms,-0.543519398027651,5.340103903259564
0.606,0,sspls-v,0.0,5.340103903259564
0.606,1,mcgs,-1.891309228235699,4.70837647636941
0.606,1,pos,-1.177152842046641,4.70837647636941
0.606,1,sbps,-0.7983468599437668,4.70837647636941
0.606,1,prculs-d,0.0,4.70837647636941
0.606,1,prcus-p,1.9466329148934547,4.70837647636941
0.606,1,prcus-i,-1.1255106517473132,4.70837647636941
0.606,1,prcus-a,-0.0,4.70837647636941
0.606,1,ifrms,-0.0,4.70837647636941
0.606,1,sspls-v,-0.0,4.70837647636941
0.606,2,mcgs,-1.7944465527309277,4.435971070826766
0.606,2,pos,-0.13053445868190122,4.435971070826766
0.606,2,sbps,-2.9637121307474166,4.435971070826766
0.606,2,prculs-d,0.01672945313506899,4.435971070826766
0.606,2,prcus-p,1.235207235649292,4.435971070826766
0.606,2,prcus-i,-0.29241810753920383,4.435971070826766
0.606,2,prcus-a,-0.036812441013642325,4.435971070826766
0.606,2,ifrms,-0.0,4.435971070826766
0.606,2,sspls-v,0.0,4.435971070826766
0.606,3,mcgs,-1.6182942878953497,5.449713878899036
0.606,3,pos,-0.20599554218413982,5.449713878899036
0.606,3,sbps,-1.7702890676907497,5.449713878899036
0.606,3,prculs-d,0.12303149510206957,5.449713878899036
0.606,3,prcus-p,0.9787269002607473,5.449713878899036
0.606,3,prcus-i,-0.35641419537279884,5.449713878899036
0.606,3,prcus-a,-0.22711537435829435,5.449713878899036
0.606,3,ifrms,-0.5203518559463111,5.449713878899036
0.606,3,sspls-v,-0.0,5.449713878899036
0.606,4,mcgs,-1.4374577380539846,5.425153863943672
0.606,4,pos,-0.6710154245957177,5.425153863943672
0.606,4,sbps,-1.5427796239804659,5.425153863943672
0.606,4,prculs-d,0.0,5.425153863943672
0.606,4,prcus-p,1.687216089323296,5.425153863943672
0.606,4,prcus-i,-0.784234384013989,5.425153863943672
0.606,4,prcus-a,-0.37487576341405143,5.425153863943672
0.606,4,ifrms,-0.25134432029347686,5.425153863943672
0.606,4,sspls-v,0.0,5.425153863943672
0.606,5,mcgs,-1.2598168526743367,5.508453874968126
0.606,5,pos,-0.40029230427295354,5.508453874968126
0.606,5,sbps,-1.4494658638416653,5.508453874968126
0.606,5,prculs-d,0.09771792923249337,5.508453874968126
0.606,5,prcus-p,1.3165256449718108,5.508453874968126
0.606,5,prcus-i,-0.9704235579831065,5.508453874968126
0.606,5,prcus-a,-0.024313647653002327,5.508453874968126
0.606,5,ifrms,-0.14061342235950178,5.508453874968126
0.606,5,sspls-v,0.0,5.508453874968126
0.606,6,mcgs,-1.5714083168472044,5.586462135051197
0.606,6,pos,-0.5789784397738812,5.586462135051197
0.606,6,sbps,-1.465161130230232,5.586462135051197
0.606,6,prculs-d,0.011596051469474318,5.586462135051197
0.606,6,prcus-p,1.5261769496619868,5.586462135051197
0.606,6,prcus-i,-0.7453985521533105,5.586462135051197
0.606,6,prcus-a,-0.18608754142949813,5.586462135051197
0.606,6,ifrms,-0.39509904121008976,5.586462135051197
0.606,6,sspls-v,0.0,5.586462135051197
0.606,7,mcgs,-1.5509691410212507,5.663471808231173
0.606,7,pos,-0.6235891787744839,5.663471808231173
0.606,7,sbps,-1.4510668713363193,5.663471808231173
0.606,7,prculs-d,0.08357028039990212,5.663471808231173
0.606,7,prcus-p,1.5670600248377513,5.663471808231173
0.606,7,prcus-i,-0.7634606434587584,5.663471808231173
0.606,7,prcus-a,-0.18423439546321152,5.663471808231173
0.606,7,ifrms,-0.41251009349550605,5.663471808231173
0.606,7,sspls-v,0.0,5.663471808231173
0.606,8,mcgs,-2.2642787452669633,4.515322120603791
0.606,8,pos,-1.3552015476308512,4.515322120603791
0.606,8,sbps,-1.0380755742861538,4.515322120603791
0.606,8,prculs-d,0.8536709523033856,4.515322120603791
0.606,8,prcus-p,0.6293402370257329,4.515322120603791
0.606,8,prcus-i,-0.0,4.515322120603791
0.606,8,prcus-a,-0.0,4.515322120603791
0.606,8,ifrms,-0.12348251531454012,4.515322120603791
0.606,8,sspls-v,0.0,4.515322120603791
0.606,9,mcgs,-1.8916151636959124,5.392003935200698
0.606,9,pos,-0.06456941181108418,5.392003935200698
0.606,9,sbps,-1.16495483474059,5.392003935200698
0.606,9,prculs-d,0.0,5.392003935200698
0.606,9,prcus-p,1.6941425517408364,5.392003935200698
0.606,9,prcus-i,-0.16524730890617184,5.392003935200698
0.606,9,prcus-a,-0.1382591885012983,5.392003935200698
0.606,9,ifrms,-0.4404379850457672,5.392003935200698
0.606,9,sspls-v,0.0,5.392003935200698
0.606,10,mcgs,-1.536471545311208,5.612084877744784
0.606,10,pos,-0.631038618369107,5.612084877744784
0.606,10,sbps,-1.3729166585286203,5.612084877744784
0.606,10,prculs-d,0.002497630031797765,5.612084877744784
0.606,10,prcus-p,1.5325944669070968,5.612084877744784
0.606,10,prcus-i,-0.7185198478750007,5.612084877744784
0.606,10,prcus-a,-0.23428164973810559,5.612084877744784
0.606,10,ifrms,-0.38529976274831046,5.612084877744784
0.606,10,sspls-v,0.0,5.612084877744784
0.606,11,mcgs,-1.4574767815419383,5.599740589297066
0.606,11,pos,-0.5597843339579207,5.599740589297066
0.606,11,sbps,-1.3193935271058879,5.599740589297066
0.606,11,prculs-d,0.054155743257847215,5.599740589297066
0.606,11,prcus-p,1.2574296184609253,5.599740589297066
0.606,11,prcus-i,-0.6865481352532392,5.599740589297066
0.606,11,prcus-a,-0.05210126835002421,5.599740589297066
0.606,11,ifrms,-0.32148744254072303,5.599740589297066
0.606,11,sspls-v,0.0,5.599740589297066
0.606,12,mcgs,-1.6001341520073546,5.614325787621114
0.606,12,pos,-0.6305951743171893,5.614325787621114
0.606,12,sbps,-1.396545420036908,5.614325787621114
0.606,12,prculs-d,0.021185979709189274,5.614325787621114
0.606,12,prcus-p,1.509999602069091,5.614325787621114
0.606,12,prcus-i,-0.7281413466860868,5.614325787621114
0.606,12,prcus-a,-0.14481776006024683,5.614325787621114
0.606,12,ifrms,-0.4471247798053863,5.614325787621114
0.606,12,sspls-v,0.0,5.614325787621114
0.606,13,mcgs,-1.4979635353811835,5.342018123278268
0.606,13,pos,-0.3173689040371162,5.342018123278268
0.606,13,sbps,-0.9431814996458571,5.342018123278268
0.606,13,prculs-d,0.0,5.342018123278268
0.606,13,prcus-p,1.2456585023184192,5.342018123278268
0.606,13,prcus-i,-1.3737230888154917,5.342018123278268
0.606,13,prcus-a,-0.49411074876994293,5.342018123278268
0.606,13,ifrms,-0.0,5.342018123278268
0.606,13,sspls-v,0.0,5.342018123278268
0.606,14,mcgs,-1.552084764072372,5.3058386833779805
0.606,14,pos,-0.6852442810502452,5.3058386833779805
0.606,14,sbps,-1.3657287908132008,5.3058386833779805
0.606,14,prculs-d,0.0,5.3058386833779805
0.606,14,prcus-p,1.5227727619179,5.3058386833779805
0.606,14,prcus-i,-0.9733776044615245,5.3058386833779805
0.606,14,prcus-a,-0.4650839028920601,5.3058386833779805
0.606,14,ifrms,-0.7088859003123013,5.3058386833779805
0.606,14,sspls-v,0.0,5.3058386833779805
0.606,15,mcgs,-1.459577127873543,5.5395871253955296
0.606,15,pos,-0.47909531764804536,5.5395871253955296
0.606,15,sbps,-1.4243108442273735,5.5395871253955296
0.606,15,prculs-d,0.009645881011976266,5.5395871253955296
0.606,15,prcus-p,1.3656048044100968,5.5395871253955296
0.606,15,prcus-i,-0.601893293253222,5.5395871253955296
0.606,15,prcus-a,-0.12100372755138238,5.5395871253955296
0.606,15,ifrms,-0.7548653042102235,5.5395871253955296
0.606,15,sspls-v,0.0,5.5395871253955296
0.606,16,mcgs,-1.5447198494729435,5.66607449016837
0.606,16,pos,-0.640699370019938,5.66607449016837
0.606,16,sbps,-1.453540746731799,5.66607449016837
0.606,16,prculs-d,0.08924905360297643,5.66607449016837
0.606,16,prcus-p,1.5505919452321064,5.66607449016837
0.606,16,prcus-i,-0.7570824563033431,5.66607449016837
0.606,16,prcus-a,-0.20182847519154998,5.66607449016837
0.606,16,ifrms,-0.39434845490994236,5.66607449016837
0.606,16,sspls-v,0.0,5.66607449016837
0.606,17,mcgs,-0.6648937287796395,5.135934145682654
0.606,17,pos,-1.0735186463915223,5.135934145682654
0.606,17,sbps,-1.7470363236065907,5.135934145682654
0.606,17,prculs-d,-0.0,5.135934145682654
0.606,17,prcus-p,1.5445970501594342,5.135934145682654
0.606,17,prcus-i,-0.35871839129001754,5.135934145682654
0.606,17,prcus-a,-0.1558138488803309,5.135934145682654
0.606,17,ifrms,-1.1990292681423351,5.135934145682654
0.606,17,sspls-v,0.0,5.135934145682654
0.606,18,mcgs,-1.5844052360602932,5.620691427114887
0.606,18,pos,-0.6896311562927652,5.620691427114887
0.606,18,sbps,-1.464209149237165,5.620691427114887
0.606,18,prculs-d,0.09157246579455326,5.620691427114887
0.606,18,prcus-p,1.5496488872206045,5.620691427114887
0.606,18,prcus-i,-0.71484113555852,5.620691427114887
0.606,18,prcus-a,-0.150249654024757,5.620691427114887
0.606,18,ifrms,-0.40073494596048814,5.620691427114887
0.606,18,sspls-v,0.0,5.620691427114887
0.606,19,mcgs,-1.4982012010357033,5.771884760910864
0.606,19,pos,-0.6407116839038258,5.771884760910864
0.606,19,sbps,-1.4320415289213348,5.771884760910864
0.606,19,prculs-d,0.059670210805552334,5.771884760910864
0.606,19,prcus-p,1.5558808658049816,5.771884760910864
0.606,19,prcus-i,-0.7216783226685612,5.771884760910864
0.606,19,prcus-a,-0.19418327211449793,5.771884760910864
0.606,19,ifrms,-0.38525419341050493,5.771884760910864
0.606,19,sspls-v,0.0,5.771884760910864
0.606,20,mcgs,-1.5149539519024224,5.60215155908067
0.606,20,pos,-0.6156620549359155,5.60215155908067
0.606,20,sbps,-1.4838834506518368,5.60215155908067
0.606,20,prculs-d,0.021166732628111907,5.60215155908067
0.606,20,prcus-p,1.5601599589270894,5.60215155908067
0.606,20,prcus-i,-0.7918654666309446,5.60215155908067
0.606,20,prcus-a,-0.16998862269411863,5.60215155908067
0.606,20,ifrms,-0.34462167310671393,5.60215155908067
0.606,20,sspls-v,0.0,5.60215155908067
0.606,21,mcgs,-1.5791901545763372,5.631602413100129
0.606,21,pos,-0.6728074860462886,5.631602413100129
0.606,21,sbps,-1.4478722908614698,5.631602413100129
0.606,21,prculs-d,0.06438676338507718,5.631602413100129
0.606,21,prcus-p,1.5177471753750125,5.631602413100129
0.606,21,prcus-i,-0.7347316597806953,5.631602413100129
0.606,21,prcus-a,-0.18278459446652448,5.631602413100129
0.606,21,ifrms,-0.36504191672918784,5.631602413100129
0.606,21,sspls-v,0.0,5.631602413100129
0.606,22,mcgs,-1.6226187763736895,5.625620901583175
0.606,22,pos,-0.6369871442031625,5.625620901583175
0.606,22,sbps,-1.3888007783778946,5.625620901583175
0.606,22,prculs-d,0.01831366740001528,5.625620901583175
0.606,22,prcus-p,1.5946966730157368,5.625620901583175
0.606,22,prcus-i,-0.7531004988397789,5.625620901583175
0.606,22,prcus-a,-0.1657822539897137,5.625620901583175
0.606,22,ifrms,-0.44234987159495104,5.625620901583175
0.606,22,sspls-v,0.0,5.625620901583175
0.606,23,mcgs,-1.5450316089177787,5.469383310107678
0.606,23,pos,-0.7970627326803345,5.469383310107678
0.606,23,sbps,-0.8335431977177623,5.469383310107678
0.606,23,prculs-d,0.14016737411154945,5.469383310107678
0.606,23,prcus-p,1.8320581015532955,5.469383310107678
0.606,23,prcus-i,-1.0698318978673669,5.469383310107678
0.606,23,prcus-a,-0.15269188148182328,5.469383310107678
0.606,23,ifrms,-0.6106714260705357,5.469383310107678
0.606,23,sspls-v,-0.0,5.469383310107678
0.606,24,mcgs,-1.396027942127222,5.267349302452517
0.606,24,pos,-0.24738522729336102,5.267349302452517
0.606,24,sbps,-1.551932638624385,5.267349302452517
0.606,24,prculs-d,0.0,5.267349302452517
0.606,24,prcus-p,1.9370067132660624,5.267349302452517
0.606,24,prcus-i,-0.4398438616945589,5.267349302452517
0.606,24,prcus-a,-0.025189855061816858,5.267349302452517
0.606,24,ifrms,-0.07778417120176843,5.267349302452517
0.606,24,sspls-v,0.0,5.267349302452517
0.606,25,mcgs,-1.1584162208870548,5.37693998508285
0.606,25,pos,-1.1314425039506193,5.37693998508285
0.606,25,sbps,-1.2772912318216614,5.37693998508285
0.606,25,prculs-d,0.1859736379248908,5.37693998508285
0.606,25,prcus-p,1.427173221462965,5.37693998508285
0.606,25,prcus-i,-1.0153312101840928,5.37693998508285
0.606,25,prcus-a,-0.07408701809025658,5.37693998508285
0.606,25,ifrms,-0.03990002248904265,5.37693998508285
0.606,25,sspls-v,0.0,5.37693998508285
0.606,26,mcgs,-1.6536734097661112,5.557613618143443
0.606,26,pos,-0.5447165712944264,5.557613618143443
0.606,26,sbps,-1.458554345151252,5.557613618143443
0.606,26,prculs-d,0.014251346810979336,5.557613618143443
0.606,26,prcus-p,1.5607257516210846,5.557613618143443
0.606,26,prcus-i,-0.6796147082595814,5.557613618143443
0.606,26,prcus-a,-0.22151484782115854,5.557613618143443
0.606,26,ifrms,-0.45499005780663854,5.557613618143443
0.606,26,sspls-v,0.0,5.557613618143443
0.606,27,mcgs,-1.5886407503620088,5.451512722677959
0.606,27,pos,-0.5488853992287209,5.451512722677959
0.606,27,sbps,-1.0602229906582363,5.451512722677959
0.606,27,prculs-d,0.19208750249379883,5.451512722677959
0.606,27,prcus-p,1.5698988722349887,5.451512722677959
0.606,27,prcus-i,-0.7654976624967555,5.451512722677959
0.606,27,prcus-a,-0.8783764013396587,5.451512722677959
0.606,27,ifrms,-0.42220356852130286,5.451512722677959
0.606,27,sspls-v,-0.0,5.451512722677959
0.648,0,mcgs,-1.8267340294145686,5.38823789871708
0.648,0,pos,-0.39233063128702456,5.38823789871708
0.648,0,sbps,-1.573644759626479,5.38823789871708
0.648,0,prculs-d,0.052893676290981906,5.38823789871708
0.648,0,prcus-p,1.724846090720152,5.38823789871708
0.648,0,prcus-i,-0.7261388269858945,5.38823789871708
0.648,0,prcus-a,-0.12639482152543036,5.38823789871708
0.648,0,ifrms,-0.48393384390972194,5.38823789871708
0.648,0,sspls-v,0.0,5.38823789871708
0.648,1,mcgs,-1.8648359749323684,4.723676344982375
0.648,1,pos,-1.1446824138630092,4.723676344982375
0.648,1,sbps,-0.7812690823943322,4.723676344982375
0.648,1,prculs-d,0.0,4.723676344982375
0.648,1,prcus-p,1.8800516898956792,4.723676344982375
0.648,1,prcus-i,-1.0738067600978511,4.723676344982375
0.648,1,prcus-a,-0.0,4.723676344982375
0.648,1,ifrms,-0.0,4.723676344982375
0.648,1,sspls-v,-0.0,4.723676344982375
0.648,2,mcgs,-1.7716165920230864,4.376154471439423
0.648,2,pos,-0.10395092496616544,4.376154471439423
0.648,2,sbps,-2.94629739536167,4.376154471439423
0.648,2,prculs-d,0.0,4.376154471439423
0.648,2,prcus-p,1.171264459492411,4.376154471439423
0.648,2,prcus-i,-0.23664813365938464,4.376154471439423
0.648,2,prcus-a,-0.0,4.376154471439423
0.648,2,ifrms,-0.0,4.376154471439423
0.648,2,sspls-v,0.0,4.376154471439423
0.648,3,mcgs,-1.584046936883322,5.4703448566719155
0.648,3,pos,-0.1698098414105621,5.4703448566719155
0.648,3,sbps,-1.756513504960275,5.4703448566719155
0.648,3,prculs-d,0.05567121583310294,5.4703448566719155
0.648,3,prcus-p,0.907803516348165,5.4703448566719155
0.648,3,prcus-i,-0.30776187357909823,5.4703448566719155
0.648,3,prcus-a,-0.1840849525187054,5.4703448566719155
0.648,3,ifrms,-0.473889491692422,5.4703448566719155
0.648,3,sspls-v,-0.0,5.4703448566719155
0.648,4,mcgs,-1.4157146185359264,5.439619524584509
0.648,4,pos,-0.6531509947889909,5.439619524584509
0.648,4,sbps,-1.5207162243186767,5.439619524584509
0.648,4,prculs-d,0.0,5.439619524584509
0.648,4,prcus-p,1.6196444437670494,5.439619524584509
0.648,4,prcus-i,-0.7392722964658468,5.439619524584509
0.648,4,prcus-a,-0.33018218685168027,5.439619524584509
0.648,4,ifrms,-0.21972280680844858,5.439619524584509
0.648,4,sspls-v,0.0,5.439619524584509
0.648,5,mcgs,-1.2158282672290583,5.48216936793337
0.648,5,pos,-0.3636851727402293,5.48216936793337
0.648,5,sbps,-1.4268070614123198,5.48216936793337
0.648,5,prculs-d,0.031589835087232086,5.48216936793337
0.648,5,prcus-p,1.24655073037239,5.48216936793337
0.648,5,prcus-i,-0.9401696584731106,5.48216936793337
0.648,5,prcus-a,-0.0,5.48216936793337
0.648,5,ifrms,-0.08631916688473651,5.48216936793337
0.648,5,sspls-v,0.0,5.48216936793337
0.648,6,mcgs,-1.5446143331455298,5.576553112140524
0.648,6,pos,-0.5589489890667643,5.576553112140524
0.648,6,sbps,-1.4447101341504944,5.576553112140524
0.648,6,prculs-d,0.0,5.576553112140524
0.648,6,prcus-p,1.4580959190483191,5.576553112140524
0.648,6,prcus-i,-0.7013140523239582,5.576553112140524
0.648,6,prcus-a,-0.14180677687039053,5.576553112140524
0.648,6,ifrms,-0.35810576268294797,5.576553112140524
0.648,6,sspls-v,0.0,5.576553112140524
0.648,7,mcgs,-1.5187432828201717,5.670642948196477
0.648,7,pos,-0.5954984180110268,5.670642948196477
0.648,7,sbps,-1.429985831081275,5.670642948196477
0.648,7,prculs-d,0.01568779659951318,5.670642948196477
0.648,7,prcus-p,1.500695749044321,5.670642948196477
0.648,7,prcus-i,-0.7214122178370677,5.670642948196477
0.648,7,prcus-a,-0.14696390930961697,5.670642948196477
0.648,7,ifrms,-0.363708929510066,5.670642948196477
0.648,7,sspls-v,0.0,5.670642948196477
0.648,8,mcgs,-2.2165622023872644,4.539891500434793
0.648,8,pos,-1.3231464780800255,4.539891500434793
0.648,8,sbps,-1.0105052938349015,4.539891500434793
0.648,8,prculs-d,0.7838736096926223,4.539891500434793
0.648,8,prcus-p,0.5785773443354242,4.539891500434793
0.648,8,prcus-i,-0.0,4.539891500434793
0.648,8,prcus-a,-0.0,4.539891500434793
0.648,8,ifrms,-0.07045785716104257,4.539891500434793
0.648,8,sspls-v,0.0,4.539891500434793
0.648,9,mcgs,-1.8722653045026083,5.376885519398702
0.648,9,pos,-0.04007582606224012,5.376885519398702
0.648,9,sbps,-1.1409643609806486,5.376885519398702
0.648,9,prculs-d,0.0,5.376885519398702
0.648,9,prcus-p,1.6328642859540357,5.376885519398702
0.648,9,prcus-i,-0.11525933580522627,5.376885519398702
0.648,9,prcus-a,-0.09303477822504264,5.376885519398702
0.648,9,ifrms,-0.40621582838420595,5.376885519398702
0.648,9,sspls-v,0.0,5.376885519398702
0.648,10,mcgs,-1.509952114413475,5.604198142069541
0.648,10,pos,-0.6140886782645844,5.604198142069541
0.648,10,sbps,-1.3501999307593124,5.604198142069541
0.648,10,prculs-d,0.0,5.604198142069541
0.648,10,prcus-p,1.4638136816677054,5.604198142069541
0.648,10,prcus-i,-0.6733249541827924,5.604198142069541
0.648,10,prcus-a,-0.19335776586855882,5.604198142069541
0.648,10,ifrms,-0.3497908660767836,5.604198142069541
0.648,10,sspls-v,0.0,5.604198142069541
0.648,11,mcgs,-1.4168334863361918,5.597609936418996
0.648,11,pos,-0.5284592386606165,5.597609936418996
0.648,11,sbps,-1.291070176596446,5.597609936418996
0.648,11,prculs-d,0.0,5.597609936418996
0.648,11,prcus-p,1.1746210423615455,5.597609936418996
0.648,11,prcus-i,-0.6400310318157815,5.597609936418996
0.648,11,prcus-a,-0.0,5.597609936418996
0.648,11,ifrms,-0.2700094663797518,5.597609936418996
0.648,11,sspls-v,0.0,5.597609936418996
0.648,12,mcgs,-1.5732570651600957,5.613087550361462
0.648,12,pos,-0.6101586835752822,5.613087550361462
0.648,12,sbps,-1.3724881080713536,5.613087550361462
0.648,12,prculs-d,0.0,5.613087550361462
0.648,12,prcus-p,1.4409379341252604,5.613087550361462
0.648,12,prcus-i,-0.6832735785309225,5.613087550361462
0.648,12,prcus-a,-0.09883146929700955,5.613087550361462
0.648,12,ifrms,-0.41448023919895516,5.613087550361462
0.648,12,sspls-v,0.0,5.613087550361462
0.648,13,mcgs,-1.476982036931282,5.333860935278341
0.648,13,pos,-0.2956480304876817,5.333860935278341
0.648,13,sbps,-0.919166309158263,5.333860935278341
0.648,13,prculs-d,0.0,5.333860935278341
0.648,13,prcus-p,1.1813190399586564,5.333860935278341
0.648,13,prcus-i,-1.324126651177285,5.333860935278341
0.648,13,prcus-a,-0.4543379473053655,5.333860935278341
0.648,13,ifrms,-0.0,5.333860935278341
0.648,13,sspls-v,0.0,5.333860935278341
0.648,14,mcgs,-1.5283705836958394,5.33922743122021
0.648,14,pos,-0.6661284312623273,5.33922743122021
0.648,14,sbps,-1.3473534001240088,5.33922743122021
0.648,14,prculs-d,0.0,5.33922743122021
0.648,14,prcus-p,1.4587219646420655,5.33922743122021
0.648,14,prcus-i,-0.9229586604278662,5.33922743122021
0.648,14,prcus-a,-0.41307180402547466,5.33922743122021
0.648,14,ifrms,-0.6669967317175456,5.33922743122021
0.648,14,sspls-v,0.0,5.33922743122021
0.648,15,mcgs,-1.433160544735613,5.527816720894496
0.648,15,pos,-0.45847924707483695,5.527816720894496
0.648,15,sbps,-1.4028883952934568,5.527816720894496
0.648,15,prculs-d,0.0,5.527816720894496
0.648,15,prcus-p,1.2969415929802541,5.527816720894496
0.648,15,prcus-i,-0.5544938973787878,5.527816720894496
0.648,15,prcus-a,-0.07643993969972035,5.527816720894496
0.648,15,ifrms,-0.7282000148195558,5.527816720894496
0.648,15,sspls-v,0.0,5.527816720894496
0.648,16,mcgs,-1.539838303856852,5.679744889979505
0.648,16,pos,-0.5987475206049203,5.679744889979505
0.648,16,sbps,-1.431591375435595,5.679744889979505
0.648,16,prculs-d,0.007004136116872011,5.679744889979505
0.648,16,prcus-p,1.4676512908610728,5.679744889979505
0.648,16,prcus-i,-0.682710778668874,5.679744889979505
0.648,16,prcus-a,-0.14619059440424287,5.679744889979505
0.648,16,ifrms,-0.3551922985187932,5.679744889979505
0.648,16,sspls-v,0.0,5.679744889979505
0.648,17,mcgs,-0.6494966158429751,5.1422917189892265
0.648,17,pos,-1.0537408411106381,5.1422917189892265
0.648,17,sbps,-1.7254966916206769,5.1422917189892265
0.648,17,prculs-d,-0.0,5.1422917189892265
0.648,17,prcus-p,1.477549610459528,5.1422917189892265
0.648,17,prcus-i,-0.31368513230211315,5.1422917189892265
0.648,17,prcus-a,-0.1116063479716633,5.1422917189892265
0.648,17,ifrms,-1.1665615224269945,5.1422917189892265
0.648,17,sspls-v,0.0,5.1422917189892265
0.648,18,mcgs,-1.5493995022159543,5.626288258184442
0.648,18,pos,-0.6583632911484572,5.626288258184442
0.648,18,sbps,-1.4428640030329765,5.626288258184442
0.648,18,prculs-d,0.021128579206671237,5.626288258184442
0.648,18,prcus-p,1.4837827629257574,5.626288258184442
0.648,18,prcus-i,-0.6752264727286902,5.626288258184442
0.648,18,prcus-a,-0.11039904048456056,5.626288258184442
0.648,18,ifrms,-0.3511508413077513,5.626288258184442
0.648,18,sspls-v,0.0,5.626288258184442
0.648,19,mcgs,-1.4714406752143285,5.774998548644844
0.648,19,pos,-0.6111961140503837,5.774998548644844
0.648,19,sbps,-1.4120969590773302,5.774998548644844
0.648,19,prculs-d,0.0,5.774998548644844
0.648,19,prcus-p,1.4927059098340825,5.774998548644844
0.648,19,prcus-i,-0.6897732967136321,5.774998548644844
0.648,19,prcus-a,-0.15072052061175567,5.774998548644844
0.648,19,ifrms,-0.3358207878282696,5.774998548644844
0.648,19,sspls-v,0.0,5.774998548644844
0.648,20,mcgs,-1.4860465659640598,5.584088602165455
0.648,20,pos,-0.5946934785765703,5.584088602165455
0.648,20,sbps,-1.4646056597008887,5.584088602165455
0.648,20,prculs-d,0.0,5.584088602165455
0.648,20,prcus-p,1.4932382403409012,5.584088602165455
0.648,20,prcus-i,-0.7505090051067655,5.584088602165455
0.648,20,prcus-a,-0.12563008915027715,5.584088602165455
0.648,20,ifrms,-0.30384013017052824,5.584088602165455
0.648,20,sspls-v,0.0,5.584088602165455
0.648,21,mcgs,-1.5452720926477492,5.615563656924743
0.648,21,pos,-0.6621947670404263,5.615563656924743
0.648,21,sbps,-1.4327415892482651,5.615563656924743
0.648,21,prculs-d,0.0,5.615563656924743
0.648,21,prcus-p,1.4436854765281921,5.615563656924743
0.648,21,prcus-i,-0.6929311778435129,5.615563656924743
0.648,21,prcus-a,-0.1376448683829334,5.615563656924743
0.648,21,ifrms,-0.3018023760668148,5.615563656924743
0.648,21,sspls-v,0.0,5.615563656924743
0.648,22,mcgs,-1.5931929624402141,5.642259390582355
0.648,22,pos,-0.614995518900836,5.642259390582355
0.648,22,sbps,-1.3730609920306605,5.642259390582355
0.648,22,prculs-d,0.0,5.642259390582355
0.648,22,prcus-p,1.5253430169615176,5.642259390582355
0.648,22,prcus-i,-0.7077521583675203,5.642259390582355
0.648,22,prcus-a,-0.12501289345131186,5.642259390582355
0.648,22,ifrms,-0.4017594697432231,5.642259390582355
0.648,22,sspls-v,0.0,5.642259390582355
0.648,23,mcgs,-1.5105084629154768,5.45669810753015
0.648,23,pos,-0.765687498895527,5.45669810753015
0.648,23,sbps,-0.8196174211999893,5.45669810753015
0.648,23,prculs-d,0.07004061872910136,5.45669810753015
0.648,23,prcus-p,1.7647490879525602,5.45669810753015
0.648,23,prcus-i,-1.0257960897176501,5.45669810753015
0.648,23,prcus-a,-0.1093782599548545,5.45669810753015
0.648,23,ifrms,-0.5606904379910332,5.45669810753015
0.648,23,sspls-v,-0.0,5.45669810753015
0.648,24,mcgs,-1.3688006101948682,5.243194303421074
0.648,24,pos,-0.22180080682747608,5.243194303421074
0.648,24,sbps,-1.5310804563226297,5.243194303421074
0.648,24,prculs-d,0.0,5.243194303421074
0.648,24,prcus-p,1.901509386342016,5.243194303421074
0.648,24,prcus-i,-0.40107988969331576,5.243194303421074
0.648,24,prcus-a,-0.0,5.243194303421074
0.648,24,ifrms,-0.041120881777330906,5.243194303421074
0.648,24,sspls-v,0.0,5.243194303421074
0.648,25,mcgs,-1.123753874633105,5.358975711784831
0.648,25,pos,-1.1045153331992144,5.358975711784831
0.648,25,sbps,-1.2553518414547669,5.358975711784831
0.648,25,prculs-d,0.12018429664439417,5.358975711784831
0.648,25,prcus-p,1.3608771886684399,5.358975711784831
0.648,25,prcus-i,-0.9715655931023005,5.358975711784831
0.648,25,prcus-a,-0.03030993212540127,5.358975711784831
0.648,25,ifrms,-0.0,5.358975711784831
0.648,25,sspls-v,0.0,5.358975711784831
0.648,26,mcgs,-1.6262825524205704,5.572844302883111
0.648,26,pos,-0.5271181963579868,5.572844302883111
0.648,26,sbps,-1.4376404261531215,5.572844302883111
0.648,26,prculs-d,0.0,5.572844302883111
0.648,26,prcus-p,1.4933880129773267,5.572844302883111
0.648,26,prcus-i,-0.6362617894148944,5.572844302883111
0.648,26,prcus-a,-0.17719099706007274,5.572844302883111
0.648,26,ifrms,-0.4167545090592848,5.572844302883111
0.648,26,sspls-v,0.0,5.572844302883111
0.648,27,mcgs,-1.5527559808218967,5.465477903013719
0.648,27,pos,-0.5186228825624243,5.465477903013719
0.648,27,sbps,-1.0497340564033357,5.465477903013719
0.648,27,prculs-d,0.12008056969997839,5.465477903013719
0.648,27,prcus-p,1.5042437221893306,5.465477903013719
0.648,27,prcus-i,-0.7252478875465704,5.465477903013719
0.648,27,prcus-a,-0.8365403929607106,5.465477903013719
0.648,27,ifrms,-0.37374852833650246,5.465477903013719
0.648,27,sspls-v,-0.0,5.465477903013719
0.693,0,mcgs,-1.7705440851461522,5.4381958355902835
0.693,0,pos,-0.3821865821835072,5.4381958355902835
0.693,0,sbps,-1.5392970906338894,5.4381958355902835
0.693,0,prculs-d,0.0,5.4381958355902835
0.693,0,prcus-p,1.634550656878835,5.4381958355902835
0.693,0,prcus-i,-0.6770323175183554,5.4381958355902835
0.693,0,prcus-a,-0.08102214294394265,5.4381958355902835
0.693,0,ifrms,-0.4263649518942835,5.4381958355902835
0.693,0,sspls-v,0.0,5.4381958355902835
0.693,1,mcgs,-1.836471774964516,4.742763500704681
0.693,1,pos,-1.1098926693805469,4.742763500704681
0.693,1,sbps,-0.7629714635913669,4.742763500704681
0.693,1,prculs-d,0.0,4.742763500704681
0.693,1,prcus-p,1.8087146631123492,4.742763500704681
0.693,1,prcus-i,-1.0184097333305722,4.742763500704681
0.693,1,prcus-a,-0.0,4.742763500704681
0.693,1,ifrms,-0.0,4.742763500704681
0.693,1,sspls-v,-0.0,4.742763500704681
0.693,2,mcgs,-1.7452967103445862,4.320620143727554
0.693,2,pos,-0.07347786960765051,4.320620143727554
0.693,2,sbps,-2.924329154570981,4.320620143727554
0.693,2,prculs-d,0.0,4.320620143727554
0.693,2,prcus-p,1.105001710767653,4.320620143727554
0.693,2,prcus-i,-0.18502333460629905,4.320620143727554
0.693,2,prcus-a,-0.0,4.320620143727554
0.693,2,ifrms,-0.0,4.320620143727554
0.693,2,sspls-v,0.0,4.320620143727554
0.693,3,mcgs,-1.549823201947895,5.465650234774944
0.693,3,pos,-0.13373344975675105,5.465650234774944
0.693,3,sbps,-1.7418907731564675,5.465650234774944
0.693,3,prculs-d,0.0,5.465650234774944
0.693,3,prcus-p,0.8311211939570347,5.465650234774944
0.693,3,prcus-i,-0.2546532484892893,5.465650234774944
0.693,3,prcus-a,-0.1378972043253302,5.465650234774944
0.693,3,ifrms,-0.4275090428451918,5.465650234774944
0.693,3,sspls-v,-0.0,5.465650234774944
0.693,4,mcgs,-1.392423948844519,5.453541931595891
0.693,4,pos,-0.6340096895782282,5.453541931595891
0.693,4,sbps,-1.4970756001520622,5.453541931595891
0.693,4,prculs-d,0.0,5.453541931595891
0.693,4,prcus-p,1.5472479013175569,5.453541931595891
0.693,4,prcus-i,-0.6910972419872539,5.453541931595891
0.693,4,prcus-a,-0.2822957869632929,5.453541931595891
0.693,4,ifrms,-0.18584351009809102,5.453541931595891
0.693,4,sspls-v,0.0,5.453541931595891
0.693,5,mcgs,-1.1728806523528243,5.435626401552462
0.693,5,pos,-0.32802642752684663,5.435626401552462
0.693,5,sbps,-1.400157993839092,5.435626401552462
0.693,5,prculs-d,0.0,5.435626401552462
0.693,5,prcus-p,1.1731934847131829,5.435626401552462
0.693,5,prcus-i,-0.9098117184800193,5.435626401552462
0.693,5,prcus-a,-0.0,5.435626401552462
0.693,5,ifrms,-0.038530171654768276,5.435626401552462
0.693,5,sspls-v,0.0,5.435626401552462
0.693,6,mcgs,-1.517807327414249,5.585755252658271
0.693,6,pos,-0.5400311421703033,5.585755252658271
0.693,6,sbps,-1.4226634697310607,5.585755252658271
0.693,6,prculs-d,0.0,5.585755252658271
0.693,6,prcus-p,1.3850415690725815,5.585755252658271
0.693,6,prcus-i,-0.6535456889153339,5.585755252658271
0.693,6,prcus-a,-0.09429214704168355,5.585755252658271
0.693,6,ifrms,-0.3209156531444238,5.585755252658271
0.693,6,sspls-v,0.0,5.585755252658271
0.693,7,mcgs,-1.4901433778066642,5.668665825154537
0.693,7,pos,-0.5748999155838109,5.668665825154537
0.693,7,sbps,-1.4072591105563284,5.668665825154537
0.693,7,prculs-d,0.0,5.668665825154537
0.693,7,prcus-p,1.4293950411018175,5.668665825154537
0.693,7,prcus-i,-0.6767713197655366,5.668665825154537
0.693,7,prcus-a,-0.10350091431939402,5.668665825154537
0.693,7,ifrms,-0.3241113775606274,5.668665825154537
0.693,7,sspls-v,0.0,5.668665825154537
0.693,8,mcgs,-2.1654373350161578,4.560261370476881
0.693,8,pos,-1.2888017607041418,4.560261370476881
0.693,8,sbps,-0.9809657076371311,4.560261370476881
0.693,8,prculs-d,0.7090907426096622,4.560261370476881
0.693,8,prcus-p,0.5241885307386658,4.560261370476881
0.693,8,prcus-i,-0.0,4.560261370476881
0.693,8,prcus-a,-0.0,4.560261370476881
0.693,8,ifrms,-0.0136457234251521,4.560261370476881
0.693,8,sspls-v,0.0,4.560261370476881
0.693,9,mcgs,-1.851532586499193,5.361555008931128
0.693,9,pos,-0.013833135426075019,5.361555008931128
0.693,9,sbps,-1.115260199652114,5.361555008931128
0.693,9,prculs-d,0.0,5.361555008931128
0.693,9,prcus-p,1.5672091861217983,5.361555008931128
0.693,9,prcus-i,-0.06170123953159929,5.361555008931128
0.693,9,prcus-a,-0.044580094908748216,5.361555008931128
0.693,9,ifrms,-0.3695491158037933,5.361555008931128
0.693,9,sspls-v,0.0,5.361555008931128
0.693,10,mcgs,-1.4819942506421202,5.615438656752825
0.693,10,pos,-0.5964134311388868,5.615438656752825
0.693,10,sbps,-1.3259349869097088,5.615438656752825
0.693,10,prculs-d,0.0,5.615438656752825
0.693,10,prcus-p,1.3901087515806894,5.615438656752825
0.693,10,prcus-i,-0.6248186495639859,5.615438656752825
0.693,10,prcus-a,-0.14943039210226036,5.615438656752825
0.693,10,ifrms,-0.31228129307581687,5.615438656752825
0.693,10,sspls-v,0.0,5.615438656752825
0.693,11,mcgs,-1.3788486211014261,5.562805494009589
0.693,11,pos,-0.49786206682928774,5.562805494009589
0.693,11,sbps,-1.257951280177071,5.562805494009589
0.693,11,prculs-d,0.0,5.562805494009589
0.693,11,prcus-p,1.0927625651270285,5.562805494009589
0.693,11,prcus-i,-0.5977005185620601,5.562805494009589
0.693,11,prcus-a,-0.0,5.562805494009589
0.693,11,ifrms,-0.23154451950629523,5.562805494009589
0.693,11,sspls-v,0.0,5.562805494009589
0.693,12,mcgs,-1.547767731098806,5.620024715676351
0.693,12,pos,-0.592441365383175,5.620024715676351
0.693,12,sbps,-1.3470437636033592,5.620024715676351
0.693,12,prculs-d,0.0,5.620024715676351
0.693,12,prcus-p,1.3668944039070394,5.620024715676351
0.693,12,prcus-i,-0.6343686738491944,5.620024715676351
0.693,12,prcus-a,-0.05010000520045922,5.620024715676351
0.693,12,ifrms,-0.38346546115075597,5.620024715676351
0.693,12,sspls-v,0.0,5.620024715676351
0.693,13,mcgs,-1.454501860020673,5.323948793378031
0.693,13,pos,-0.27237566597043217,5.323948793378031
0.693,13,sbps,-0.8934357479215547,5.323948793378031
0.693,13,prculs-d,0.0,5.323948793378031
0.693,13,prcus-p,1.112383901716054,5.323948793378031
0.693,13,prcus-i,-1.2709876108506357,5.323948793378031
0.693,13,prcus-a,-0.4117242314504618,5.323948793378031
0.693,13,ifrms,-0.0,5.323948793378031
0.693,13,sspls-v,0.0,5.323948793378031
0.693,14,mcgs,-1.5029633162184868,5.381781854095849
0.693,14,pos,-0.6456474035134384,5.381781854095849
0.693,14,sbps,-1.3276652698686764,5.381781854095849
0.693,14,prculs-d,0.0,5.381781854095849
0.693,14,prcus-p,1.3900964396783797,5.381781854095849
0.693,14,prcus-i,-0.8689382060640506,5.381781854095849
0.693,14,prcus-a,-0.35734450173438065,5.381781854095849
0.693,14,ifrms,-0.622115561510333,5.381781854095849
0.693,14,sspls-v,0.0,5.381781854095849
0.693,15,mcgs,-1.406417581583352,5.526809945054895
0.693,15,pos,-0.43836077404788937,5.526809945054895
0.693,15,sbps,-1.3798816723622345,5.526809945054895
0.693,15,prculs-d,0.0,5.526809945054895
0.693,15,prcus-p,1.2232518850144507,5.526809945054895
0.693,15,prcus-i,-0.5033295165509678,5.526809945054895
0.693,15,prcus-a,-0.02865486237500515,5.526809945054895
0.693,15,ifrms,-0.7014401719367437,5.526809945054895
0.693,15,sspls-v,0.0,5.526809945054895
0.693,16,mcgs,-1.5317129881939582,5.665311604512525
0.693,16,pos,-0.5742068198307635,5.665311604512525
0.693,16,sbps,-1.4083803873847733,5.665311604512525
0.693,16,prculs-d,0.0,5.665311604512525
0.693,16,prcus-p,1.3875568279831305,5.665311604512525
0.693,16,prcus-i,-0.6176748780548799,5.665311604512525
0.693,16,prcus-a,-0.092487984146876,5.665311604512525
0.693,16,ifrms,-0.32364388571932745,5.665311604512525
0.693,16,sspls-v,0.0,5.665311604512525
0.693,17,mcgs,-0.6329997091251199,5.150244216279758
0.693,17,pos,-1.032550335452548,5.150244216279758
0.693,17,sbps,-1.7024185144929105,5.150244216279758
0.693,17,prculs-d,-0.0,5.150244216279758
0.693,17,prcus-p,1.4057130679239136,5.150244216279758
0.693,17,prcus-i,-0.2654352119579304,5.150244216279758
0.693,17,prcus-a,-0.06424116842666326,5.150244216279758
0.693,17,ifrms,-1.1317746520177028,5.150244216279758
0.693,17,sspls-v,0.0,5.150244216279758
0.693,18,mcgs,-1.5193548242386914,5.638666756817178
0.693,18,pos,-0.6382962198034853,5.638666756817178
0.693,18,sbps,-1.4208005987142454,5.638666756817178
0.693,18,prculs-d,0.0,5.638666756817178
0.693,18,prcus-p,1.4118229103607849,5.638666756817178
0.693,18,prcus-i,-0.6285997671464573,5.638666756817178
0.693,18,prcus-a,-0.06415199176738001,5.638666756817178
0.693,18,ifrms,-0.30908748887236986,5.638666756817178
0.693,18,sspls-v,0.0,5.638666756817178
0.693,19,mcgs,-1.4447839902154214,5.772232396597719
0.693,19,pos,-0.5987608026155926,5.772232396597719
0.693,19,sbps,-1.387672784009877,5.772232396597719
0.693,19,prculs-d,0.0,5.772232396597719
0.693,19,prcus-p,1.4254127853199066,5.772232396597719
0.693,19,prcus-i,-0.6472385475104848,5.772232396597719
0.693,19,prcus-a,-0.10374776724125012,5.772232396597719
0.693,19,ifrms,-0.2991651519200243,5.772232396597719
0.693,19,sspls-v,0.0,5.772232396597719
0.693,20,mcgs,-1.458776704290992,5.572702561158516
0.693,20,pos,-0.5765086503457726,5.572702561158516
0.693,20,sbps,-1.4435940587275613,5.572702561158516
0.693,20,prculs-d,0.0,5.572702561158516
0.693,20,prcus-p,1.4210847138600644,5.572702561158516
0.693,20,prcus-i,-0.7048972988178895,5.572702561158516
0.693,20,prcus-a,-0.07810218216241216,5.572702561158516
0.693,20,ifrms,-0.2649681905458566,5.572702561158516
0.693,20,sspls-v,0.0,5.572702561158516
0.693,21,mcgs,-1.5195398055738714,5.610289489057987
0.693,21,pos,-0.6499533378769375,5.610289489057987
0.693,21,sbps,-1.4113029176972864,5.610289489057987
0.693,21,prculs-d,0.0,5.610289489057987
0.693,21,prcus-p,1.371846458782646,5.610289489057987
0.693,21,prcus-i,-0.6445274930773711,5.610289489057987
0.693,21,prcus-a,-0.09004815127925343,5.610289489057987
0.693,21,ifrms,-0.26481915835241066,5.610289489057987
0.693,21,sspls-v,0.0,5.610289489057987
0.693,22,mcgs,-1.5638399433375678,5.661762080031554
0.693,22,pos,-0.5949138786141802,5.661762080031554
0.693,22,sbps,-1.3570157949196373,5.661762080031554
0.693,22,prculs-d,0.0,5.661762080031554
0.693,22,prcus-p,1.4498474146483824,5.661762080031554
0.693,22,prcus-i,-0.6579890238417687,5.661762080031554
0.693,22,prcus-a,-0.08172267533872099,5.661762080031554
0.693,22,ifrms,-0.36139235171472744,5.661762080031554
0.693,22,sspls-v,0.0,5.661762080031554
0.693,23,mcgs,-1.4742407652302407,5.439649689422855
0.693,23,pos,-0.7330293091443487,5.439649689422855
0.693,23,sbps,-0.8045798603070601,5.439649689422855
0.693,23,prculs-d,0.0,5.439649689422855
0.693,23,prcus-p,1.69256874174126,5.439649689422855
0.693,23,prcus-i,-0.978468248692994,5.439649689422855
0.693,23,prcus-a,-0.06293571810312514,5.439649689422855
0.693,23,ifrms,-0.5081835941073501,5.439649689422855
0.693,23,sspls-v,-0.0,5.439649689422855
0.693,24,mcgs,-1.337930061722631,5.2085151379610455
0.693,24,pos,-0.192007484612716,5.2085151379610455
0.693,24,sbps,-1.5060871255530748,5.2085151379610455
0.693,24,prculs-d,0.0,5.2085151379610455
0.693,24,prcus-p,1.8626525149219242,5.2085151379610455
0.693,24,prcus-i,-0.3648427074993128,5.2085151379610455
0.693,24,prcus-a,-0.0,5.2085151379610455
0.693,24,ifrms,-0.004932827421107132,5.2085151379610455
0.693,24,sspls-v,0.0,5.2085151379610455
0.693,25,mcgs,-1.0951507485560872,5.324519246415507
0.693,25,pos,-1.0653831505483635,5.324519246415507
0.693,25,sbps,-1.230044895997842,5.324519246415507
0.693,25,prculs-d,0.05579381186871996,5.324519246415507
0.693,25,prcus-p,1.2934077450773447,5.324519246415507
0.693,25,prcus-i,-0.9118309658423341,5.324519246415507
0.693,25,prcus-a,-0.0,5.324519246415507
0.693,25,ifrms,-0.0,5.324519246415507
0.693,25,sspls-v,0.0,5.324519246415507
0.693,26,mcgs,-1.5988785368220089,5.588000561293682
0.693,26,pos,-0.5114859267161721,5.588000561293682
0.693,26,sbps,-1.415117292793619,5.588000561293682
0.693,26,prculs-d,0.0,5.588000561293682
0.693,26,prcus-p,1.4209192109646915,5.588000561293682
0.693,26,prcus-i,-0.5894505179936961,5.588000561293682
0.693,26,prcus-a,-0.12945364452003386,5.588000561293682
0.693,26,ifrms,-0.3785293549098686,5.588000561293682
0.693,26,sspls-v,0.0,5.588000561293682
0.693,27,mcgs,-1.514308013457492,5.478773395971888
0.693,27,pos,-0.48619875756282044,5.478773395971888
0.693,27,sbps,-1.0384959125587965,5.478773395971888
0.693,27,prculs-d,0.04293028456374412,5.478773395971888
0.693,27,prcus-p,1.4338989185689843,5.478773395971888
0.693,27,prcus-i,-0.6821231286713747,5.478773395971888
0.693,27,prcus-a,-0.7917160982689816,5.478773395971888
0.693,27,ifrms,-0.3218324138527891,5.478773395971888
0.693,27,sspls-v,-0.0,5.478773395971888
0.741,0,mcgs,-1.721717131471713,5.457797365980228
0.741,0,pos,-0.379685143045207,5.457797365980228
0.741,0,sbps,-1.5039240864211099,5.457797365980228
0.741,0,prculs-d,0.0,5.457797365980228
0.741,0,prcus-p,1.5399464268471237,5.457797365980228
0.741,0,prcus-i,-0.6227735437778188,5.457797365980228
0.741,0,prcus-a,-0.032050513596991875,5.457797365980228
0.741,0,ifrms,-0.3774134733783504,5.457797365980228
0.741,0,sspls-v,0.0,5.457797365980228
0.741,1,mcgs,-1.806216628332139,4.765971998872584
0.741,1,pos,-1.072783608599253,4.765971998872584
0.741,1,sbps,-0.7434540035348688,4.765971998872584
0.741,1,prculs-d,0.0,4.765971998872584
0.741,1,prcus-p,1.7326218345434639,4.765971998872584
0.741,1,prcus-i,-0.9593195714454739,4.765971998872584
0.741,1,prcus-a,-0.0,4.765971998872584
0.741,1,ifrms,-0.0,4.765971998872584
0.741,1,sspls-v,-0.0,4.765971998872584
0.741,2,mcgs,-1.717313936176523,4.277973521881048
0.741,2,pos,-0.040900367081377335,4.277973521881048
0.741,2,sbps,-2.9009388843749817,4.277973521881048
0.741,2,prculs-d,0.0,4.277973521881048
0.741,2,prcus-p,1.0342898255836463,4.277973521881048
0.741,2,prcus-i,-0.129911424739643,4.277973521881048
0.741,2,prcus-a,-0.0,4.277973521881048
0.741,2,ifrms,-0.0,4.277973521881048
0.741,2,sspls-v,0.0,4.277973521881048
0.741,3,mcgs,-1.5221865339753755,5.437790591588004
0.741,3,pos,-0.1049575727074678,5.437790591588004
0.741,3,sbps,-1.7267713468144166,5.437790591588004
0.741,3,prculs-d,0.0,5.437790591588004
0.741,3,prcus-p,0.7468447096152026,5.437790591588004
0.741,3,prcus-i,-0.19449354198250313,5.437790591588004
0.741,3,prcus-a,-0.08833134060702523,5.437790591588004
0.741,3,ifrms,-0.39027118274403494,5.437790591588004
0.741,3,sspls-v,-0.0,5.437790591588004
0.741,4,mcgs,-1.3675814544645217,5.464392058948464
0.741,4,pos,-0.6135921619171156,5.464392058948464
0.741,4,sbps,-1.4718587311668554,5.464392058948464
0.741,4,prculs-d,0.0,5.464392058948464
0.741,4,prcus-p,1.4700251871335903,5.464392058948464
0.741,4,prcus-i,-0.6397102944636995,5.464392058948464
0.741,4,prcus-a,-0.23121689227290437,5.464392058948464
0.741,4,ifrms,-0.14970573731759718,5.464392058948464
0.741,4,sspls-v,0.0,5.464392058948464
0.741,5,mcgs,-1.1327304081075513,5.384633487582624
0.741,5,pos,-0.29528913424629327,5.384633487582624
0.741,5,sbps,-1.3711951055486626,5.384633487582624
0.741,5,prculs-d,0.0,5.384633487582624
0.741,5,prcus-p,1.0945433092287022,5.384633487582624
0.741,5,prcus-i,-0.8741334822366001,5.384633487582624
0.741,5,prcus-a,-0.0,5.384633487582624
0.741,5,ifrms,-0.0,5.384633487582624
0.741,5,sspls-v,0.0,5.384633487582624
0.741,6,mcgs,-1.489213472642146,5.596011173370091
0.741,6,pos,-0.5198527060605012,5.596011173370091
0.741,6,sbps,-1.3991469072878455,5.596011173370091
0.741,6,prculs-d,0.0,5.596011173370091
0.741,6,prcus-p,1.307117202562975,5.596011173370091
0.741,6,prcus-i,-0.6025926563205747,5.596011173370091
0.741,6,prcus-a,-0.04360976097847708,5.596011173370091
0.741,6,ifrms,-0.28124620609474543,5.596011173370091
0.741,6,sspls-v,0.0,5.596011173370091
0.741,7,mcgs,-1.461377091226344,5.672887262292978
0.741,7,pos,-0.5557207458179899,5.672887262292978
0.741,7,sbps,-1.3829784771658473,5.672887262292978
0.741,7,prculs-d,0.0,5.672887262292978
0.741,7,prcus-p,1.3532816829860135,5.672887262292978
0.741,7,prcus-i,-0.6292710953497379,5.672887262292978
0.741,7,prcus-a,-0.05610344577117421,5.672887262292978
0.741,7,ifrms,-0.285596046453682,5.672887262292978
0.741,7,sspls-v,0.0,5.672887262292978
0.741,8,mcgs,-2.1124507206530247,4.575985081291902
0.741,8,pos,-1.247564005151483,4.575985081291902
0.741,8,sbps,-0.9460981392842667,4.575985081291902
0.741,8,prculs-d,0.6356778721515921,4.575985081291902
0.741,8,prcus-p,0.4740038223940168,4.575985081291902
0.741,8,prcus-i,-0.0,4.575985081291902
0.741,8,prcus-a,-0.0,4.575985081291902
0.741,8,ifrms,-0.0,4.575985081291902
0.741,8,sspls-v,0.0,4.575985081291902
0.741,9,mcgs,-1.8226593149588979,5.332387669887563
0.741,9,pos,-0.0,5.332387669887563
0.741,9,sbps,-1.0850920841437173,5.332387669887563
0.741,9,prculs-d,0.0,5.332387669887563
0.741,9,prcus-p,1.4970754861892164,5.332387669887563
0.741,9,prcus-i,-0.010197672960216593,5.332387669887563
0.741,9,prcus-a,-0.0,5.332387669887563
0.741,9,ifrms,-0.32898325100306103,5.332387669887563
0.741,9,sspls-v,0.0,5.332387669887563
0.741,10,mcgs,-1.4521721695038867,5.625870407464605
0.741,10,pos,-0.5775601344193261,5.625870407464605
0.741,10,sbps,-1.3000522413779727,5.625870407464605
0.741,10,prculs-d,0.0,5.625870407464605
0.741,10,prcus-p,1.311490423893472,5.625870407464605
0.741,10,prcus-i,-0.5730788661757557,5.625870407464605
0.741,10,prcus-a,-0.10257455374448225,5.625870407464605
0.741,10,ifrms,-0.2722710235211971,5.625870407464605
0.741,10,sspls-v,0.0,5.625870407464605
0.741,11,mcgs,-1.3383311715330133,5.539214401856516
0.741,11,pos,-0.46522540421996145,5.539214401856516
0.741,11,sbps,-1.222624719559304,5.539214401856516
0.741,11,prculs-d,0.0,5.539214401856516
0.741,11,prcus-p,1.0054467586919942,5.539214401856516
0.741,11,prcus-i,-0.5525478849349061,5.539214401856516
0.741,11,prcus-a,-0.0,5.539214401856516
0.741,11,ifrms,-0.19051519382972976,5.539214401856516
0.741,11,sspls-v,0.0,5.539214401856516
0.741,12,mcgs,-1.520395397606991,5.628861815618226
0.741,12,pos,-0.5732246165096209,5.628861815618226
0.741,12,sbps,-1.3198748254143262,5.628861815618226
0.741,12,prculs-d,0.0,5.628861815618226
0.741,12,prcus-p,1.2881222757731432,5.628861815618226
0.741,12,prcus-i,-0.58252364228118,5.628861815618226
0.741,12,prcus-a,-0.0,5.628861815618226
0.741,12,ifrms,-0.3503839356246064,5.628861815618226
0.741,12,sspls-v,0.0,5.628861815618226
0.741,13,mcgs,-1.4305230046493567,5.313755056857629
0.741,13,pos,-0.2475518104853642,5.313755056857629
0.741,13,sbps,-0.8659898159357333,5.313755056857629
0.741,13,prculs-d,0.0,5.313755056857629
0.741,13,prcus-p,1.0388530875906108,5.313755056857629
0.741,13,prcus-i,-1.2143059678355421,5.313755056857629
0.741,13,prcus-a,-0.3662696012052311,5.313755056857629
0.741,13,ifrms,-0.0,5.313755056857629
0.741,13,sspls-v,0.0,5.313755056857629
0.741,14,mcgs,-1.4758622309093092,5.430927289244325
0.741,14,pos,-0.6238009739146236,5.430927289244325
0.741,14,sbps,-1.3066645975963214,5.430927289244325
0.741,14,prculs-d,0.0,5.430927289244325
0.741,14,prcus-p,1.3168958797171142,5.430927289244325
0.741,14,prcus-i,-0.8113163880759824,5.430927289244325
0.741,14,prcus-a,-0.2979020459572136,5.430927289244325
0.741,14,ifrms,-0.5742423132893042,5.430927289244325
0.741,14,sspls-v,0.0,5.430927289244325
0.741,15,mcgs,-1.3761405486829288,5.536346782475305
0.741,15,pos,-0.41354810036244055,5.536346782475305
0.741,15,sbps,-1.3536178742260148,5.536346782475305
0.741,15,prculs-d,0.0,5.536346782475305
0.741,15,prcus-p,1.1464764821976603,5.536346782475305
0.741,15,prcus-i,-0.452636899614005,5.536346782475305
0.741,15,prcus-a,-0.0,5.536346782475305
0.741,15,ifrms,-0.6737308183232369,5.536346782475305
0.741,15,sspls-v,0.0,5.536346782475305
0.741,16,mcgs,-1.5228195259319766,5.655721718647153
0.741,16,pos,-0.5498931703291549,5.655721718647153
0.741,16,sbps,-1.3836539793617457,5.655721718647153
0.741,16,prculs-d,0.0,5.655721718647153
0.741,16,prcus-p,1.3029074465038337,5.655721718647153
0.741,16,prcus-i,-0.5496184328456939,5.655721718647153
0.741,16,prcus-a,-0.035741709359569995,5.655721718647153
0.741,16,ifrms,-0.2909602234645094,5.655721718647153
0.741,16,sspls-v,0.0,5.655721718647153
0.741,17,mcgs,-0.6154030086260747,5.164818613901442
0.741,17,pos,-1.0099471294172515,5.164818613901442
0.741,17,sbps,-1.6778017922232948,5.164818613901442
0.741,17,prculs-d,-0.0,5.164818613901442
0.741,17,prcus-p,1.3290874225525928,5.164818613901442
0.741,17,prcus-i,-0.2139686302574689,5.164818613901442
0.741,17,prcus-a,-0.013718310245329471,5.164818613901442
0.741,17,ifrms,-1.0946686569144564,5.164818613901442
0.741,17,sspls-v,0.0,5.164818613901442
0.741,18,mcgs,-1.4904145388421934,5.639026991416089
0.741,18,pos,-0.6224507290015954,5.639026991416089
0.741,18,sbps,-1.3975891593139937,5.639026991416089
0.741,18,prculs-d,0.0,5.639026991416089
0.741,18,prcus-p,1.3345045101497914,5.639026991416089
0.741,18,prcus-i,-0.5771379654034742,5.639026991416089
0.741,18,prcus-a,-0.013353866082703761,5.639026991416089
0.741,18,ifrms,-0.2688097629698538,5.639026991416089
0.741,18,sspls-v,0.0,5.639026991416089
0.741,19,mcgs,-1.4163480433700455,5.77770398179098
0.741,19,pos,-0.5854981076065372,5.77770398179098
0.741,19,sbps,-1.3616194950902454,5.77770398179098
0.741,19,prculs-d,0.0,5.77770398179098
0.741,19,prcus-p,1.353634396929301,5.77770398179098
0.741,19,prcus-i,-0.601868939382432,5.77770398179098
0.741,19,prcus-a,-0.0536436541323642,5.77770398179098
0.741,19,ifrms,-0.2600657286285329,5.77770398179098
0.741,19,sspls-v,0.0,5.77770398179098
0.741,20,mcgs,-1.4296896276187403,5.569068311271775
0.741,20,pos,-0.5571115614392801,5.569068311271775
0.741,20,sbps,-1.4211816849121546,5.569068311271775
0.741,20,prculs-d,0.0,5.569068311271775
0.741,20,prcus-p,1.3441209516634913,5.569068311271775
0.741,20,prcus-i,-0.6562443495810216,5.569068311271775
0.741,20,prcus-a,-0.02740567297158,5.569068311271775
0.741,20,ifrms,-0.22350492902927402,5.569068311271775
0.741,20,sspls-v,0.0,5.569068311271775
0.741,21,mcgs,-1.4920920326950684,5.6134260228538535
0.741,21,pos,-0.6368958134358823,5.6134260228538535
0.741,21,sbps,-1.388435001376242,5.6134260228538535
0.741,21,prculs-d,0.0,5.6134260228538535
0.741,21,prcus-p,1.2952181731873968,5.6134260228538535
0.741,21,prcus-i,-0.592896895993486,5.6134260228538535
0.741,21,prcus-a,-0.039278319701993816,5.6134260228538535
0.741,21,ifrms,-0.22537039279037885,5.6134260228538535
0.741,21,sspls-v,0.0,5.6134260228538535
0.741,22,mcgs,-1.532530107057541,5.676222740906021
0.741,22,pos,-0.5734934884146178,5.676222740906021
0.741,22,sbps,-1.3399008872510463,5.676222740906021
0.741,22,prculs-d,0.0,5.676222740906021
0.741,22,prcus-p,1.3693188116432973,5.676222740906021
0.741,22,prcus-i,-0.6049083396531181,5.676222740906021
0.741,22,prcus-a,-0.035546433865856424,5.676222740906021
0.741,22,ifrms,-0.3183341048325652,5.676222740906021
0.741,22,sspls-v,0.0,5.676222740906021
0.741,23,mcgs,-1.4465317033563803,5.439212880861983
0.741,23,pos,-0.7125792490315811,5.439212880861983
0.741,23,sbps,-0.786661055617364,5.439212880861983
0.741,23,prculs-d,0.0,5.439212880861983
0.741,23,prcus-p,1.6148397358418034,5.439212880861983
0.741,23,prcus-i,-0.9256744590184214,5.439212880861983
0.741,23,prcus-a,-0.01280128256167738,5.439212880861983
0.741,23,ifrms,-0.4675445138086551,5.439212880861983
0.741,23,sspls-v,-0.0,5.439212880861983
0.741,24,mcgs,-1.3105637769984988,5.17467389422254
0.741,24,pos,-0.15984707741284465,5.17467389422254
0.741,24,sbps,-1.476626859197333,5.17467389422254
0.741,24,prculs-d,0.0,5.17467389422254
0.741,24,prcus-p,1.8175823947187193,5.17467389422254
0.741,24,prcus-i,-0.31872412361727387,5.17467389422254
0.741,24,prcus-a,-0.0,5.17467389422254
0.741,24,ifrms,-0.0,5.17467389422254
0.741,24,sspls-v,0.0,5.17467389422254
0.741,25,mcgs,-1.063059491614101,5.294307166552266
0.741,25,pos,-1.021364126399852,5.294307166552266
0.741,25,sbps,-1.2006773833348923,5.294307166552266
0.741,25,prculs-d,0.0,5.294307166552266
0.741,25,prcus-p,1.2232182240589669,5.294307166552266
0.741,25,prcus-i,-0.8544878505671695,5.294307166552266
0.741,25,prcus-a,-0.0,5.294307166552266
0.741,25,ifrms,-0.0,5.294307166552266
0.741,25,sspls-v,0.0,5.294307166552266
0.741,26,mcgs,-1.569646605995695,5.605240312403775
0.741,26,pos,-0.4948121687724435,5.605240312403775
0.741,26,sbps,-1.3910923855038213,5.605240312403775
0.741,26,prculs-d,0.0,5.605240312403775
0.741,26,prcus-p,1.343619495090136,5.605240312403775
0.741,26,prcus-i,-0.5395191283523211,5.605240312403775
0.741,26,prcus-a,-0.07853381674298159,5.605240312403775
0.741,26,ifrms,-0.3377556498169684,5.605240312403775
0.741,26,sspls-v,0.0,5.605240312403775
0.741,27,mcgs,-1.47906058480235,5.473447980252867
0.741,27,pos,-0.4584245024145137,5.473447980252867
0.741,27,sbps,-1.0237298648261597,5.473447980252867
0.741,27,prculs-d,0.0,5.473447980252867
0.741,27,prcus-p,1.3581535120431047,5.473447980252867
0.741,27,prcus-i,-0.6346051278514124,5.473447980252867
0.741,27,prcus-a,-0.7481275106030428,5.473447980252867
0.741,27,ifrms,-0.2743051851981598,5.473447980252867
0.741,27,sspls-v,-0.0,5.473447980252867
0.792,0,mcgs,-1.6678691385581663,5.471837579048004
0.792,0,pos,-0.37397484875453485,5.471837579048004
0.792,0,sbps,-1.4646409274137153,5.471837579048004
0.792,0,prculs-d,0.0,5.471837579048004
0.792,0,prcus-p,1.4405051760591752,5.471837579048004
0.792,0,prcus-i,-0.5683108771861567,5.471837579048004
0.792,0,prcus-a,-0.0,5.471837579048004
0.792,0,ifrms,-0.32666614765584046,5.471837579048004
0.792,0,sspls-v,0.0,5.471837579048004
0.792,1,mcgs,-1.7740705350352388,4.791488610265368
0.792,1,pos,-1.0333552315191283,4.791488610265368
0.792,1,sbps,-0.7227167022248417,4.791488610265368
0.792,1,prculs-d,0.0,4.791488610265368
0.792,1,prcus-p,1.6517732041890232,4.791488610265368
0.792,1,prcus-i,-0.8965362744425567,4.791488610265368
0.792,1,prcus-a,-0.0,4.791488610265368
0.792,1,ifrms,-0.0,4.791488610265368
0.792,1,sspls-v,-0.0,4.791488610265368
0.792,2,mcgs,-1.6874810117174002,4.248944734186664
0.792,2,pos,-0.006366006050772991,4.248944734186664
0.792,2,sbps,-2.8760411356553117,4.248944734186664
0.792,2,prculs-d,0.0,4.248944734186664
0.792,2,prcus-p,0.959191930352545,4.248944734186664
0.792,2,prcus-i,-0.07140445233003737,4.248944734186664
0.792,2,prcus-a,-0.0,4.248944734186664
0.792,2,ifrms,-0.0,4.248944734186664
0.792,2,sspls-v,0.0,4.248944734186664
0.792,3,mcgs,-1.492823545959685,5.416331897537638
0.792,3,pos,-0.07438248679708885,5.416331897537638
0.792,3,sbps,-1.7107074276160574,5.416331897537638
0.792,3,prculs-d,0.0,5.416331897537638
0.792,3,prcus-p,0.6573003100111356,5.416331897537638
0.792,3,prcus-i,-0.13057301776571956,5.416331897537638
0.792,3,prcus-a,-0.03566754258204618,5.416331897537638
0.792,3,ifrms,-0.3507061407057974,5.416331897537638
0.792,3,sspls-v,-0.0,5.416331897537638
0.792,4,mcgs,-1.3411863041857757,5.473118252744403
0.792,4,pos,-0.5918985387771812,5.473118252744403
0.792,4,sbps,-1.4450658078700744,5.473118252744403
0.792,4,prculs-d,0.0,5.473118252744403
0.792,4,prcus-p,1.387976053313128,5.473118252744403
0.792,4,prcus-i,-0.5851116627199223,5.473118252744403
0.792,4,prcus-a,-0.17694556666436806,5.473118252744403
0.792,4,ifrms,-0.11130935373832336,5.473118252744403
0.792,4,sspls-v,0.0,5.473118252744403
0.792,5,mcgs,-1.0977330755312393,5.343259947578686
0.792,5,pos,-0.25790069439653407,5.343259947578686
0.792,5,sbps,-1.3383187544403679,5.343259947578686
0.792,5,prculs-d,0.0,5.343259947578686
0.792,5,prcus-p,1.0142956467062603,5.343259947578686
0.792,5,prcus-i,-0.8211148670296453,5.343259947578686
0.792,5,prcus-a,-0.0,5.343259947578686
0.792,5,ifrms,-0.0,5.343259947578686
0.792,5,sspls-v,0.0,5.343259947578686
0.792,6,mcgs,-1.4579254171356526,5.600752916572755
0.792,6,pos,-0.4967904233814908,5.600752916572755
0.792,6,sbps,-1.3733427621478698,5.600752916572755
0.792,6,prculs-d,0.0,5.600752916572755
0.792,6,prcus-p,1.22502726060627,5.600752916572755
0.792,6,prcus-i,-0.5501283201215474,5.600752916572755
0.792,6,prcus-a,-0.0,5.600752916572755
0.792,6,ifrms,-0.23980536127543206,5.600752916572755
0.792,6,sspls-v,0.0,5.600752916572755
0.792,7,mcgs,-1.430812705411339,5.676434839441816
0.792,7,pos,-0.5353428836124161,5.676434839441816
0.792,7,sbps,-1.357180235681832,5.676434839441816
0.792,7,prculs-d,0.0,5.676434839441816
0.792,7,prcus-p,1.2724113334170757,5.676434839441816
0.792,7,prcus-i,-0.5788022644047669,5.676434839441816
0.792,7,prcus-a,-0.005743660264440845,5.676434839441816
0.792,7,ifrms,-0.24467349274903988,5.676434839441816
0.792,7,sspls-v,0.0,5.676434839441816
0.792,8,mcgs,-2.056630605985196,4.600841509440726
0.792,8,pos,-1.2023198327883067,4.600841509440726
0.792,8,sbps,-0.9080136305314661,4.600841509440726
0.792,8,prculs-d,0.5596383467203448,4.600841509440726
0.792,8,prcus-p,0.4230998859284321,4.600841509440726
0.792,8,prcus-i,-0.0,4.600841509440726
0.792,8,prcus-a,-0.0,4.600841509440726
0.792,8,ifrms,-0.0,4.600841509440726
0.792,8,sspls-v,0.0,4.600841509440726
0.792,9,mcgs,-1.7707652785339838,5.285611001966957
0.792,9,pos,-0.0,5.285611001966957
0.792,9,sbps,-1.0457043981089786,5.285611001966957
0.792,9,prculs-d,0.0,5.285611001966957
0.792,9,prcus-p,1.4304515602247192,5.285611001966957
0.792,9,prcus-i,-0.0,5.285611001966957
0.792,9,prcus-a,-0.0,5.285611001966957
0.792,9,ifrms,-0.27831460001708813,5.285611001966957
0.792,9,sspls-v,0.0,5.285611001966957
0.792,10,mcgs,-1.420485494338758,5.6357068379687565
0.792,10,pos,-0.5575288328703183,5.6357068379687565
0.792,10,sbps,-1.2725515526163245,5.6357068379687565
0.792,10,prculs-d,0.0,5.6357068379687565
0.792,10,prcus-p,1.227958863958245,5.6357068379687565
0.792,10,prcus-i,-0.5181059048670781,5.6357068379687565
0.792,10,prcus-a,-0.05279032521714371,5.6357068379687565
0.792,10,ifrms,-0.22976000842996847,5.6357068379687565
0.792,10,sspls-v,0.0,5.6357068379687565
0.792,11,mcgs,-1.2952813757422115,5.521502786586233
0.792,11,pos,-0.43054895713491,5.521502786586233
0.792,11,sbps,-1.1850902545758546,5.521502786586233
0.792,11,prculs-d,0.0,5.521502786586233
0.792,11,prcus-p,0.9126737122479996,5.521502786586233
0.792,11,prcus-i,-0.5045732098421938,5.521502786586233
0.792,11,prcus-a,-0.0,5.521502786586233
0.792,11,ifrms,-0.146921534238091,5.521502786586233
0.792,11,sspls-v,0.0,5.521502786586233
0.792,12,mcgs,-1.4861106339646062,5.629868164041809
0.792,12,pos,-0.543769476584394,5.629868164041809
0.792,12,sbps,-1.2901752800532644,5.629868164041809
0.792,12,prculs-d,0.0,5.629868164041809
0.792,12,prcus-p,1.2104312593550393,5.629868164041809
0.792,12,prcus-i,-0.5365878869434592,5.629868164041809
0.792,12,prcus-a,-0.0,5.629868164041809
0.792,12,ifrms,-0.3152558214573219,5.629868164041809
0.792,12,sspls-v,0.0,5.629868164041809
0.792,13,mcgs,-1.4050454708173328,5.302929997114512
0.792,13,pos,-0.221176464032481,5.302929997114512
0.792,13,sbps,-0.8368285132007982,5.302929997114512
0.792,13,prculs-d,0.0,5.302929997114512
0.792,13,prcus-p,0.9607265975823283,5.302929997114512
0.792,13,prcus-i,-1.154081722132006,5.302929997114512
0.792,13,prcus-a,-0.3179740565696733,5.302929997114512
0.792,13,ifrms,-0.0,5.302929997114512
0.792,13,sspls-v,0.0,5.302929997114512
0.792,14,mcgs,-1.4470673277683097,5.479799698924712
0.792,14,pos,-0.6005891424658825,5.479799698924712
0.792,14,sbps,-1.2843513833069449,5.479799698924712
0.792,14,prculs-d,0.0,5.479799698924712
0.792,14,prcus-p,1.23912028475827,5.479799698924712
0.792,14,prcus-i,-0.7500932064636584,5.479799698924712
0.792,14,prcus-a,-0.2347444366939744,5.479799698924712
0.792,14,ifrms,-0.5233769870544613,5.479799698924712
0.792,14,sspls-v,0.0,5.479799698924712
0.792,15,mcgs,-1.341576452070689,5.541318609221507
0.792,15,pos,-0.38261246460162157,5.541318609221507
0.792,15,sbps,-1.323358159241449,5.541318609221507
0.792,15,prculs-d,0.0,5.541318609221507
0.792,15,prcus-p,1.0674003524661293,5.541318609221507
0.792,15,prcus-i,-0.4040797518502983,5.541318609221507
0.792,15,prcus-a,-0.0,5.541318609221507
0.792,15,ifrms,-0.6454270003096163,5.541318609221507
0.792,15,sspls-v,0.0,5.541318609221507
0.792,16,mcgs,-1.50850399044064,5.6402321056792015
0.792,16,pos,-0.5210470791694248,5.6402321056792015
0.792,16,sbps,-1.3556309383228082,5.6402321056792015
0.792,16,prculs-d,0.0,5.6402321056792015
0.792,16,prcus-p,1.2164576754973178,5.6402321056792015
0.792,16,prcus-i,-0.484381061702681,5.6402321056792015
0.792,16,prcus-a,-0.0,5.6402321056792015
0.792,16,ifrms,-0.25663160397842877,5.6402321056792015
0.792,16,sspls-v,0.0,5.6402321056792015
0.792,17,mcgs,-0.5937265764153141,5.1761983076705675
0.792,17,pos,-0.979302982384984,5.1761983076705675
0.792,17,sbps,-1.6483957819835942,5.1761983076705675
0.792,17,prculs-d,-0.0,5.1761983076705675
0.792,17,prcus-p,1.2504025701218406,5.1761983076705675
0.792,17,prcus-i,-0.16590803165795326,5.1761983076705675
0.792,17,prcus-a,-0.0,5.1761983076705675
0.792,17,ifrms,-1.0575070442838537,5.1761983076705675
0.792,17,sspls-v,0.0,5.1761983076705675
0.792,18,mcgs,-1.4567341176872193,5.635787954146922
0.792,18,pos,-0.5969256207449597,5.635787954146922
0.792,18,sbps,-1.3689981529882371,5.635787954146922
0.792,18,prculs-d,0.0,5.635787954146922
0.792,18,prcus-p,1.2552397156245714,5.635787954146922
0.792,18,prcus-i,-0.5301897541988252,5.635787954146922
0.792,18,prcus-a,-0.0,5.635787954146922
0.792,18,ifrms,-0.22869422778071072,5.635787954146922
0.792,18,sspls-v,0.0,5.635787954146922
0.792,19,mcgs,-1.3861329406326055,5.775398724457439
0.792,19,pos,-0.5714079520227194,5.775398724457439
0.792,19,sbps,-1.3339371307696557,5.775398724457439
0.792,19,prculs-d,0.0,5.775398724457439
0.792,19,prcus-p,1.2773707019299074,5.775398724457439
0.792,19,prcus-i,-0.5536644345845195,5.775398724457439
0.792,19,prcus-a,-0.000408173385687623,5.775398724457439
0.792,19,ifrms,-0.2185225219555503,5.775398724457439
0.792,19,sspls-v,0.0,5.775398724457439
0.792,20,mcgs,-1.3970406699971765,5.5690778482382575
0.792,20,pos,-0.532311862033906,5.5690778482382575
0.792,20,sbps,-1.3949669578679713,5.5690778482382575
0.792,20,prculs-d,0.0,5.5690778482382575
0.792,20,prcus-p,1.2641161812530106,5.5690778482382575
0.792,20,prcus-i,-0.6083012888506029,5.5690778482382575
0.792,20,prcus-a,-0.0,5.5690778482382575
0.792,20,ifrms,-0.18171962634174518,5.5690778482382575
0.792,20,sspls-v,0.0,5.5690778482382575
0.792,21,mcgs,-1.461621733688744,5.617521146008349
0.792,21,pos,-0.6206013995437452,5.617521146008349
0.792,21,sbps,-1.3629356996879693,5.617521146008349
0.792,21,prculs-d,0.0,5.617521146008349
0.792,21,prcus-p,1.2148836168855852,5.617521146008349
0.792,21,prcus-i,-0.5404404501471424,5.617521146008349
0.792,21,prcus-a,-0.0,5.617521146008349
0.792,21,ifrms,-0.18461151282425076,5.617521146008349
0.792,21,sspls-v,0.0,5.617521146008349
0.792,22,mcgs,-1.4976851998620038,5.686665844843085
0.792,22,pos,-0.5483996566210071,5.686665844843085
0.792,22,sbps,-1.321154322765968,5.686665844843085
0.792,22,prculs-d,0.0,5.686665844843085
0.792,22,prcus-p,1.2842492456548897,5.686665844843085
0.792,22,prcus-i,-0.5505145633933748,5.686665844843085
0.792,22,prcus-a,-0.0,5.686665844843085
0.792,22,ifrms,-0.2730677845507423,5.686665844843085
0.792,22,sspls-v,0.0,5.686665844843085
0.792,23,mcgs,-1.4135113636122103,5.442244847225335
0.792,23,pos,-0.684140850498927,5.442244847225335
0.792,23,sbps,-0.7648204067122707,5.442244847225335
0.792,23,prculs-d,0.0,5.442244847225335
0.792,23,prcus-p,1.534862226064048,5.442244847225335
0.792,23,prcus-i,-0.8760157549402349,5.442244847225335
0.792,23,prcus-a,-0.0,5.442244847225335
0.792,23,ifrms,-0.4270693113762654,5.442244847225335
0.792,23,sspls-v,-0.0,5.442244847225335
0.792,24,mcgs,-1.2823422292306264,5.1454699392038155
0.792,24,pos,-0.12562288982444708,5.1454699392038155
0.792,24,sbps,-1.4448864444305314,5.1454699392038155
0.792,24,prculs-d,0.0,5.1454699392038155
0.792,24,prcus-p,1.7691347765947785,5.1454699392038155
0.792,24,prcus-i,-0.26856805806078704,5.1454699392038155
0.792,24,prcus-a,-0.0,5.1454699392038155
0.792,24,ifrms,-0.0,5.1454699392038155
0.792,24,sspls-v,0.0,5.1454699392038155
0.792,25,mcgs,-1.033392511324146,5.2639760224477
0.792,25,pos,-0.9897876981517767,5.2639760224477
0.792,25,sbps,-1.1683513933680214,5.2639760224477
0.792,25,prculs-d,0.0,5.2639760224477
0.792,25,prcus-p,1.1463572387288248,5.2639760224477
0.792,25,prcus-i,-0.7963155561328212,5.2639760224477
0.792,25,prcus-a,-0.0,5.2639760224477
0.792,25,ifrms,-0.0,5.2639760224477
0.792,25,sspls-v,0.0,5.2639760224477
0.792,26,mcgs,-1.5385876794927367,5.620218045202272
0.792,26,pos,-0.4770963009572314,5.620218045202272
0.792,26,sbps,-1.3655659215084108,5.620218045202272
0.792,26,prculs-d,0.0,5.620218045202272
0.792,26,prcus-p,1.261488546973422,5.620218045202272
0.792,26,prcus-i,-0.48646702685836113,5.620218045202272
0.792,26,prcus-a,-0.02443149972986355,5.620218045202272
0.792,26,ifrms,-0.29443358815576054,5.620218045202272
0.792,26,sspls-v,0.0,5.620218045202272
0.792,27,mcgs,-1.4483566760425723,5.483235032254963
0.792,27,pos,-0.4368439481879016,5.483235032254963
0.792,27,sbps,-1.0048017700173733,5.483235032254963
0.792,27,prculs-d,0.0,5.483235032254963
0.792,27,prcus-p,1.2768588292059433,5.483235032254963
0.792,27,prcus-i,-0.5823247687788313,5.483235032254963
0.792,27,prcus-a,-0.7066960212148063,5.483235032254963
0.792,27,ifrms,-0.232912207980247,5.483235032254963
0.792,27,sspls-v,-0.0,5.483235032254963
0.846,0,mcgs,-1.6075153350654947,5.479440870925651
0.846,0,pos,-0.3627393040828021,5.479440870925651
0.846,0,sbps,-1.4201605347620523,5.479440870925651
0.846,0,prculs-d,0.0,5.479440870925651
0.846,0,prcus-p,1.3370473882869387,5.479440870925651
0.846,0,prcus-i,-0.5160589043265041,5.479440870925651
0.846,0,prcus-a,-0.0,5.479440870925651
0.846,0,ifrms,-0.2750812314559411,5.479440870925651
0.846,0,sspls-v,0.0,5.479440870925651
0.846,1,mcgs,-1.740033495073815,4.819261204249758
0.846,1,pos,-0.991607538140172,4.819261204249758
0.846,1,sbps,-0.7007595596612833,4.819261204249758
0.846,1,prculs-d,0.0,4.819261204249758
0.846,1,prcus-p,1.5661687720490265,4.819261204249758
0.846,1,prcus-i,-0.8300598423218205,4.819261204249758
0.846,1,prcus-a,-0.0,4.819261204249758
0.846,1,ifrms,-0.0,4.819261204249758
0.846,1,sspls-v,-0.0,4.819261204249758
0.846,2,mcgs,-1.6457256311355426,4.2300507611856295
0.846,2,pos,-0.0,4.2300507611856295
0.846,2,sbps,-2.840284357019055,4.2300507611856295
0.846,2,prculs-d,0.0,4.2300507611856295
0.846,2,prcus-p,0.8804698661310703,4.2300507611856295
0.846,2,prcus-i,-0.014274780862752846,4.2300507611856295
0.846,2,prcus-a,-0.0,4.2300507611856295
0.846,2,ifrms,-0.0,4.2300507611856295
0.846,2,sspls-v,0.0,4.2300507611856295
0.846,3,mcgs,-1.4599567291605093,5.384979079837474
0.846,3,pos,-0.0386176192481121,5.384979079837474
0.846,3,sbps,-1.6922598628243182,5.384979079837474
0.846,3,prculs-d,0.0,5.384979079837474
0.846,3,prcus-p,0.5635548047462743,5.384979079837474
0.846,3,prcus-i,-0.06599096686631825,5.384979079837474
0.846,3,prcus-a,-0.0,5.384979079837474
0.846,3,ifrms,-0.3102572927528992,5.384979079837474
0.846,3,sspls-v,-0.0,5.384979079837474
0.846,4,mcgs,-1.3132380128553223,5.4911926267773765
0.846,4,pos,-0.5689289459362306,5.4911926267773765
0.846,4,sbps,-1.4166968003016207,5.4911926267773765
0.846,4,prculs-d,0.0,5.4911926267773765
0.846,4,prcus-p,1.301100567989431,5.4911926267773765
0.846,4,prcus-i,-0.5273016050116871,5.4911926267773765
0.846,4,prcus-a,-0.11948187573295094,5.4911926267773765
0.846,4,ifrms,-0.07065427835345568,5.4911926267773765
0.846,4,sspls-v,0.0,5.4911926267773765
0.846,5,mcgs,-1.0606861230234668,5.3222996631248956
0.846,5,pos,-0.21831033684683085,5.3222996631248956
0.846,5,sbps,-1.3035098530001692,5.3222996631248956
0.846,5,prculs-d,0.0,5.3222996631248956
0.846,5,prcus-p,0.9293262452758387,5.3222996631248956
0.846,5,prcus-i,-0.7649739224304674,5.3222996631248956
0.846,5,prcus-a,-0.0,5.3222996631248956
0.846,5,ifrms,-0.0,5.3222996631248956
0.846,5,sspls-v,0.0,5.3222996631248956
0.846,6,mcgs,-1.420698291911562,5.591553704792301
0.846,6,pos,-0.4650647247667268,5.591553704792301
0.846,6,sbps,-1.3423268457684265,5.591553704792301
0.846,6,prculs-d,0.0,5.591553704792301
0.846,6,prcus-p,1.1412953098168483,5.591553704792301
0.846,6,prcus-i,-0.5021317959403532,5.591553704792301
0.846,6,prcus-a,-0.0,5.591553704792301
0.846,6,ifrms,-0.19911727931644604,5.591553704792301
0.846,6,sspls-v,0.0,5.591553704792301
0.846,7,mcgs,-1.396819162724363,5.674488711218138
0.846,7,pos,-0.5074546109902275,5.674488711218138
0.846,7,sbps,-1.3259027435913897,5.674488711218138
0.846,7,prculs-d,0.0,5.674488711218138
0.846,7,prcus-p,1.1891036832036828,5.674488711218138
0.846,7,prcus-i,-0.5302351597767924,5.674488711218138
0.846,7,prcus-a,-0.0,5.674488711218138
0.846,7,ifrms,-0.2035579347845295,5.674488711218138
0.846,7,sspls-v,0.0,5.674488711218138
0.846,8,mcgs,-1.997526955160435,4.646411120642641
0.846,8,pos,-1.1544142385214144,4.646411120642641
0.846,8,sbps,-0.8676888565579142,4.646411120642641
0.846,8,prculs-d,0.4791259080284348,4.646411120642641
0.846,8,prcus-p,0.3692016002589902,4.646411120642641
0.846,8,prcus-i,-0.0,4.646411120642641
0.846,8,prcus-a,-0.0,4.646411120642641
0.846,8,ifrms,-0.0,4.646411120642641
0.846,8,sspls-v,0.0,4.646411120642641
0.846,9,mcgs,-1.712987016135017,5.239000571292786
0.846,9,pos,-0.0,5.239000571292786
0.846,9,sbps,-1.0036626295668643,5.239000571292786
0.846,9,prculs-d,0.0,5.239000571292786
0.846,9,prcus-p,1.361976355410742,5.239000571292786
0.846,9,prcus-i,-0.0,5.239000571292786
0.846,9,prcus-a,-0.0,5.239000571292786
0.846,9,ifrms,-0.2218183533414037,5.239000571292786
0.846,9,sspls-v,0.0,5.239000571292786
0.846,10,mcgs,-1.3869348971050923,5.641932963512124
0.846,10,pos,-0.5363192194654873,5.641932963512124
0.846,10,sbps,-1.2434331762804602,5.641932963512124
0.846,10,prculs-d,0.0,5.641932963512124
0.846,10,prcus-p,1.1395136828503576,5.641932963512124
0.846,10,prcus-i,-0.45989923995200754,5.641932963512124
0.846,10,prcus-a,-7.761265878632646e-05,5.641932963512124
0.846,10,ifrms,-0.18474834539219737,5.641932963512124
0.846,10,sspls-v,0.0,5.641932963512124
0.846,11,mcgs,-1.249699239022538,5.506531680687762
0.846,11,pos,-0.39383271904485506,5.506531680687762
0.846,11,sbps,-1.1453478798874968,5.506531680687762
0.846,11,prculs-d,0.0,5.506531680687762
0.846,11,prcus-p,0.8144434277778874,5.506531680687762
0.846,11,prcus-i,-0.453776495038145,5.506531680687762
0.846,11,prcus-a,-0.0,5.506531680687762
0.846,11,ifrms,-0.10076354172929695,5.506531680687762
0.846,11,sspls-v,0.0,5.506531680687762
0.846,12,mcgs,-1.449808796225959,5.629408936596354
0.846,12,pos,-0.512581683870464,5.629408936596354
0.846,12,sbps,-1.2587288243489863,5.629408936596354
0.846,12,prculs-d,0.0,5.629408936596354
0.846,12,prcus-p,1.128170058289578,5.629408936596354
0.846,12,prcus-i,-0.48795009759746694,5.629408936596354
0.846,12,prcus-a,-0.0,5.629408936596354
0.846,12,ifrms,-0.27806129616621156,5.629408936596354
0.846,12,sspls-v,0.0,5.629408936596354
0.846,13,mcgs,-1.378069258524603,5.295614894294872
0.846,13,pos,-0.19324962661178008,5.295614894294872
0.846,13,sbps,-0.8059518397167493,5.295614894294872
0.846,13,prculs-d,0.0,5.295614894294872
0.846,13,prcus-p,0.8780044316912052,5.295614894294872
0.846,13,prcus-i,-1.0903148737400257,5.295614894294872
0.846,13,prcus-a,-0.2668375975437883,5.295614894294872
0.846,13,ifrms,-0.0,5.295614894294872
0.846,13,sspls-v,0.0,5.295614894294872
0.846,14,mcgs,-1.4165719195711621,5.531235187430053
0.846,14,pos,-0.5760155132833541,5.531235187430053
0.846,14,sbps,-1.2607241753839806,5.531235187430053
0.846,14,prculs-d,0.0,5.531235187430053
0.846,14,prcus-p,1.15677135541511,5.531235187430053
0.846,14,prcus-i,-0.6852721099092008,5.531235187430053
0.846,14,prcus-a,-0.16787196727484127,5.531235187430053
0.846,14,ifrms,-0.46951879905374144,5.531235187430053
0.846,14,sspls-v,0.0,5.531235187430053
0.846,15,mcgs,-1.3049791733047877,5.542438444681869
0.846,15,pos,-0.34985708556075523,5.542438444681869
0.846,15,sbps,-1.291318461022497,5.542438444681869
0.846,15,prculs-d,0.0,5.542438444681869
0.846,15,prcus-p,0.9836726856915683,5.542438444681869
0.846,15,prcus-i,-0.35266630127696147,5.542438444681869
0.846,15,prcus-a,-0.0,5.542438444681869
0.846,15,ifrms,-0.6154582518246066,5.542438444681869
0.846,15,sspls-v,0.0,5.542438444681869
0.846,16,mcgs,-1.4863375013377342,5.621474184030482
0.846,16,pos,-0.4856412331686868,5.621474184030482
0.846,16,sbps,-1.3233267481329858,5.621474184030482
0.846,16,prculs-d,0.0,5.621474184030482
0.846,16,prcus-p,1.130010089701983,5.621474184030482
0.846,16,prcus-i,-0.42578884470832284,5.621474184030482
0.846,16,prcus-a,-0.0,5.621474184030482
0.846,16,ifrms,-0.22102117961860396,5.621474184030482
0.846,16,sspls-v,0.0,5.621474184030482
0.846,17,mcgs,-0.5696934443945488,5.188465603278932
0.846,17,pos,-0.9444463541670923,5.188465603278932
0.846,17,sbps,-1.6160759866097092,5.188465603278932
0.846,17,prculs-d,-0.0,5.188465603278932
0.846,17,prcus-p,1.1680843966215368,5.188465603278932
0.846,17,prcus-i,-0.1174305999252042,5.188465603278932
0.846,17,prcus-a,-0.0,5.188465603278932
0.846,17,ifrms,-1.0189813866744983,5.188465603278932
0.846,17,sspls-v,0.0,5.188465603278932
0.846,18,mcgs,-1.4200531585057021,5.631793064955021
0.846,18,pos,-0.5668759462368034,5.631793064955021
0.846,18,sbps,-1.337355876398298,5.631793064955021
0.846,18,prculs-d,0.0,5.631793064955021
0.846,18,prcus-p,1.1723198186357267,5.631793064955021
0.846,18,prcus-i,-0.4831718143980816,5.631793064955021
0.846,18,prcus-a,-0.0,5.631793064955021
0.846,18,ifrms,-0.18715177358542245,5.631793064955021
0.846,18,sspls-v,0.0,5.631793064955021
0.846,19,mcgs,-1.3494450557181479,5.762378626148409
0.846,19,pos,-0.5476307599088539,5.762378626148409
0.846,19,sbps,-1.300193281838451,5.762378626148409
0.846,19,prculs-d,0.0,5.762378626148409
0.846,19,prcus-p,1.200369147087331,5.762378626148409
0.846,19,prcus-i,-0.5108839019161864,5.762378626148409
0.846,19,prcus-a,-0.0,5.762378626148409
0.846,19,ifrms,-0.17843796787304178,5.762378626148409
0.846,19,sspls-v,0.0,5.762378626148409
0.846,20,mcgs,-1.36055899994329,5.563047824806955
0.846,20,pos,-0.5014595033726823,5.563047824806955
0.846,20,sbps,-1.3645743848644645,5.563047824806955
0.846,20,prculs-d,0.0,5.563047824806955
0.846,20,prcus-p,1.1813482763399028,5.563047824806955
0.846,20,prcus-i,-0.5616527001474144,5.563047824806955
0.846,20,prcus-a,-0.0,5.563047824806955
0.846,20,ifrms,-0.13996528543734338,5.563047824806955
0.846,20,sspls-v,0.0,5.563047824806955
0.846,21,mcgs,-1.4256551603970815,5.613385345457287
0.846,21,pos,-0.5964784453504639,5.613385345457287
0.846,21,sbps,-1.3325115080852223,5.613385345457287
0.846,21,prculs-d,0.0,5.613385345457287
0.846,21,prcus-p,1.132917133872105,5.613385345457287
0.846,21,prcus-i,-0.49171721029772797,5.613385345457287
0.846,21,prcus-a,-0.0,5.613385345457287
0.846,21,ifrms,-0.14473679786195073,5.613385345457287
0.846,21,sspls-v,0.0,5.613385345457287
0.846,22,mcgs,-1.4563931432178612,5.687396340111394
0.846,22,pos,-0.5153431828864923,5.687396340111394
0.846,22,sbps,-1.2997366175552316,5.687396340111394
0.846,22,prculs-d,0.0,5.687396340111394
0.846,22,prcus-p,1.1955485145382303,5.687396340111394
0.846,22,prcus-i,-0.49850189658070077,5.687396340111394
0.846,22,prcus-a,-0.0,5.687396340111394
0.846,22,ifrms,-0.226483866594069,5.687396340111394
0.846,22,sspls-v,0.0,5.687396340111394
0.846,23,mcgs,-1.3773473940789078,5.451307118322297
0.846,23,pos,-0.6518013004933658,5.451307118322297
0.846,23,sbps,-0.7407506615576284,5.451307118322297
0.846,23,prculs-d,0.0,5.451307118322297
0.846,23,prcus-p,1.4510595993283881,5.451307118322297
0.846,23,prcus-i,-0.8255908163628892,5.451307118322297
0.846,23,prcus-a,-0.0,5.451307118322297
0.846,23,ifrms,-0.3851188005656535,5.451307118322297
0.846,23,sspls-v,-0.0,5.451307118322297
0.846,24,mcgs,-1.252461423671005,5.125930166091435
0.846,24,pos,-0.08938480970329153,5.125930166091435
0.846,24,sbps,-1.4112792442984996,5.125930166091435
0.846,24,prculs-d,0.0,5.125930166091435
0.846,24,prcus-p,1.7178372949279714,5.125930166091435
0.846,24,prcus-i,-0.2154613241836487,5.125930166091435
0.846,24,prcus-a,-0.0,5.125930166091435
0.846,24,ifrms,-0.0,5.125930166091435
0.846,24,sspls-v,0.0,5.125930166091435
0.846,25,mcgs,-1.0019790665706452,5.25225012449806
0.846,25,pos,-0.9563548123511472,5.25225012449806
0.846,25,sbps,-1.134123513759821,5.25225012449806
0.846,25,prculs-d,0.0,5.25225012449806
0.846,25,prcus-p,1.0649753774159316,5.25225012449806
0.846,25,prcus-i,-0.7347219445550429,5.25225012449806
0.846,25,prcus-a,-0.0,5.25225012449806
0.846,25,ifrms,-0.0,5.25225012449806
0.846,25,sspls-v,0.0,5.25225012449806
0.846,26,mcgs,-1.5035884361665752,5.617956617571661
0.846,26,pos,-0.45214960303428153,5.617956617571661
0.846,26,sbps,-1.335990363376228,5.617956617571661
0.846,26,prculs-d,0.0,5.617956617571661
0.846,26,prcus-p,1.176814309280311,5.617956617571661
0.846,26,prcus-i,-0.4349413441216183,5.617956617571661
0.846,26,prcus-a,-0.0,5.617956617571661
0.846,26,ifrms,-0.2515566676306816,5.617956617571661
0.846,26,sspls-v,0.0,5.617956617571661
0.846,27,mcgs,-1.4158468185962196,5.495715321685917
0.846,27,pos,-0.41399415753127394,5.495715321685917
0.846,27,sbps,-0.984759790665224,5.495715321685917
0.846,27,prculs-d,0.0,5.495715321685917
0.846,27,prcus-p,1.1907825485658023,5.495715321685917
0.846,27,prcus-i,-0.5269692619320103,5.495715321685917
0.846,27,prcus-a,-0.6628274940172935,5.495715321685917
0.846,27,ifrms,-0.18908438803893957,5.495715321685917
0.846,27,sspls-v,-0.0,5.495715321685917
0.905,0,mcgs,-1.5415732164346143,5.485922610052051
0.905,0,pos,-0.35046343120072393,5.485922610052051
0.905,0,sbps,-1.371561587235235,5.485922610052051
0.905,0,prculs-d,0.0,5.485922610052051
0.905,0,prcus-p,1.2240101757209778,5.485922610052051
0.905,0,prcus-i,-0.4589687858316988,5.485922610052051
0.905,0,prcus-a,-0.0,5.485922610052051
0.905,0,ifrms,-0.21871993412642096,5.485922610052051
0.905,0,sspls-v,0.0,5.485922610052051
0.905,1,mcgs,-1.702844877338185,4.854825559359852
0.905,1,pos,-0.9459943175964988,4.854825559359852
0.905,1,sbps,-0.6767693483418395,4.854825559359852
0.905,1,prculs-d,0.0,4.854825559359852
0.905,1,prcus-p,1.4726380035997713,4.854825559359852
0.905,1,prcus-i,-0.7574281850047209,4.854825559359852
0.905,1,prcus-a,-0.0,4.854825559359852
0.905,1,ifrms,-0.0,4.854825559359852
0.905,1,sspls-v,-0.0,4.854825559359852
0.905,2,mcgs,-1.5865627670524964,4.211976715803367
0.905,2,pos,-0.0,4.211976715803367
0.905,2,sbps,-2.7896825683862647,4.211976715803367
0.905,2,prculs-d,0.0,4.211976715803367
0.905,2,prcus-p,0.8071792459682723,4.211976715803367
0.905,2,prcus-i,-0.0,4.211976715803367
0.905,2,prcus-a,-0.0,4.211976715803367
0.905,2,ifrms,-0.0,4.211976715803367
0.905,2,sspls-v,0.0,4.211976715803367
0.905,3,mcgs,-1.4183760498736853,5.33381828695168
0.905,3,pos,-0.0,5.33381828695168
0.905,3,sbps,-1.6672440660789432,5.33381828695168
0.905,3,prculs-d,0.0,5.33381828695168
0.905,3,prcus-p,0.4639778706763827,5.33381828695168
0.905,3,prcus-i,-0.003077388863258423,5.33381828695168
0.905,3,prcus-a,-0.0,5.33381828695168
0.905,3,ifrms,-0.2679354880937523,5.33381828695168
0.905,3,sspls-v,-0.0,5.33381828695168
0.905,4,mcgs,-1.282692669928776,5.507754018096511
0.905,4,pos,-0.5438349362236035,5.507754018096511
0.905,4,sbps,-1.385700461744303,5.507754018096511
0.905,4,prculs-d,0.0,5.507754018096511
0.905,4,prcus-p,1.2061823548426946,5.507754018096511
0.905,4,prcus-i,-0.4641436864455652,5.507754018096511
0.905,4,prcus-a,-0.05669872290083835,5.507754018096511
0.905,4,ifrms,-0.026233300175561736,5.507754018096511
0.905,4,sspls-v,0.0,5.507754018096511
0.905,5,mcgs,-1.0202088971353442,5.307051580940803
0.905,5,pos,-0.1750542054499337,5.307051580940803
0.905,5,sbps,-1.2654779051303222,5.307051580940803
0.905,5,prculs-d,0.0,5.307051580940803
0.905,5,prcus-p,0.8364893066759352,5.307051580940803
0.905,5,prcus-i,-0.7036347422202567,5.307051580940803
0.905,5,prcus-a,-0.0,5.307051580940803
0.905,5,ifrms,-0.0,5.307051580940803
0.905,5,sspls-v,0.0,5.307051580940803
0.905,6,mcgs,-1.3800242106482032,5.579316470664958
0.905,6,pos,-0.43040146146541075,5.579316470664958
0.905,6,sbps,-1.3084390852797754,5.579316470664958
0.905,6,prculs-d,0.0,5.579316470664958
0.905,6,prcus-p,1.0498104006209998,5.579316470664958
0.905,6,prcus-i,-0.44969114914978936,5.579316470664958
0.905,6,prcus-a,-0.0,5.579316470664958
0.905,6,ifrms,-0.1546617823612583,5.579316470664958
0.905,6,sspls-v,0.0,5.579316470664958
0.905,7,mcgs,-1.3594634144799624,5.671558656936693
0.905,7,pos,-0.4761523771932236,5.671558656936693
0.905,7,sbps,-1.291206275262671,5.671558656936693
0.905,7,prculs-d,0.0,5.671558656936693
0.905,7,prcus-p,1.098388839038242,5.671558656936693
0.905,7,prcus-i,-0.4778134155490665,5.671558656936693
0.905,7,prcus-a,-0.0,5.671558656936693
0.905,7,ifrms,-0.15892744584228044,5.671558656936693
0.905,7,sspls-v,0.0,5.671558656936693
0.905,8,mcgs,-1.932950744074123,4.696084165673844
0.905,8,pos,-1.1020729410816614,4.696084165673844
0.905,8,sbps,-0.8236303072164384,4.696084165673844
0.905,8,prculs-d,0.3911586139020893,4.696084165673844
0.905,8,prcus-p,0.31031273258311687,4.696084165673844
0.905,8,prcus-i,-0.0,4.696084165673844
0.905,8,prcus-a,-0.0,4.696084165673844
0.905,8,ifrms,-0.0,4.696084165673844
0.905,8,sspls-v,0.0,4.696084165673844
0.905,9,mcgs,-1.6498611056190409,5.203410945738021
0.905,9,pos,-0.0,5.203410945738021
0.905,9,sbps,-0.9577278330436719,5.203410945738021
0.905,9,prculs-d,0.0,5.203410945738021
0.905,9,prcus-p,1.2871612889597481,5.203410945738021
0.905,9,prcus-i,-0.0,5.203410945738021
0.905,9,prcus-a,-0.0,5.203410945738021
0.905,9,ifrms,-0.1600910274348335,5.203410945738021
0.905,9,sspls-v,0.0,5.203410945738021
0.905,10,mcgs,-1.3438944112948898,5.636287152424382
0.905,10,pos,-0.5043703797672805,5.636287152424382
0.905,10,sbps,-1.205084094988707,5.636287152424382
0.905,10,prculs-d,0.0,5.636287152424382
0.905,10,prcus-p,1.0458756971085839,5.636287152424382
0.905,10,prcus-i,-0.4048349552356599,5.636287152424382
0.905,10,prcus-a,-0.0,5.636287152424382
0.905,10,ifrms,-0.13956371333620532,5.636287152424382
0.905,10,sspls-v,0.0,5.636287152424382
0.905,11,mcgs,-1.19989653408808,5.482573935099533
0.905,11,pos,-0.3537168292797946,5.482573935099533
0.905,11,sbps,-1.1019256556909582,5.482573935099533
0.905,11,prculs-d,0.0,5.482573935099533
0.905,11,prcus-p,0.7071177465975786,5.482573935099533
0.905,11,prcus-i,-0.39827638071520205,5.482573935099533
0.905,11,prcus-a,-0.0,5.482573935099533
0.905,11,ifrms,-0.050331661025244126,5.482573935099533
0.905,11,sspls-v,0.0,5.482573935099533
0.905,12,mcgs,-1.4101456772152146,5.625737854003303
0.905,12,pos,-0.4785061325719102,5.625737854003303
0.905,12,sbps,-1.2243706597832005,5.625737854003303
0.905,12,prculs-d,0.0,5.625737854003303
0.905,12,prcus-p,1.0382920793476844,5.625737854003303
0.905,12,prcus-i,-0.43480880923795723,5.625737854003303
0.905,12,prcus-a,-0.0,5.625737854003303
0.905,12,ifrms,-0.23742283334814723,5.625737854003303
0.905,12,sspls-v,0.0,5.625737854003303
0.905,13,mcgs,-1.3485952487973583,5.2885479870081396
0.905,13,pos,-0.16273697091138514,5.2885479870081396
0.905,13,sbps,-0.7722162149841766,5.2885479870081396
0.905,13,prculs-d,0.0,5.2885479870081396
0.905,13,prcus-p,0.7876228059953476,5.2885479870081396
0.905,13,prcus-i,-1.0206436875339735,5.2885479870081396
0.905,13,prcus-a,-0.21096628120069297,5.2885479870081396
0.905,13,ifrms,-0.0,5.2885479870081396
0.905,13,sspls-v,0.0,5.2885479870081396
0.905,14,mcgs,-1.383238265843272,5.5793372901556095
0.905,14,pos,-0.5491744149955582,5.5793372901556095
0.905,14,sbps,-1.234906094489261,5.5793372901556095
0.905,14,prculs-d,0.0,5.5793372901556095
0.905,14,prcus-p,1.0668012372419842,5.5793372901556095
0.905,14,prcus-i,-0.6144565876246539,5.5793372901556095
0.905,14,prcus-a,-0.09480824280928837,5.5793372901556095
0.905,14,ifrms,-0.41067203104895333,5.5793372901556095
0.905,14,sspls-v,0.0,5.5793372901556095
0.905,15,mcgs,-1.2649932576161174,5.545564730055846
0.905,15,pos,-0.31406880105314106,5.545564730055846
0.905,15,sbps,-1.256312124079567,5.545564730055846
0.905,15,prculs-d,0.0,5.545564730055846
0.905,15,prcus-p,0.8921924571786218,5.545564730055846
0.905,15,prcus-i,-0.2964923460209087,5.545564730055846
0.905,15,prcus-a,-0.0,5.545564730055846
0.905,15,ifrms,-0.5827146192206129,5.545564730055846
0.905,15,sspls-v,0.0,5.545564730055846
0.905,16,mcgs,-1.4621904616344952,5.603882149923946
0.905,16,pos,-0.4469174893012064,5.603882149923946
0.905,16,sbps,-1.2880400533241636,5.603882149923946
0.905,16,prculs-d,0.0,5.603882149923946
0.905,16,prcus-p,1.0355186659883258,5.603882149923946
0.905,16,prcus-i,-0.361714686723479,5.603882149923946
0.905,16,prcus-a,-0.0,5.603882149923946
0.905,16,ifrms,-0.18213145873548844,5.603882149923946
0.905,16,sspls-v,0.0,5.603882149923946
0.905,17,mcgs,-0.5434350223718616,5.204557993583262
0.905,17,pos,-0.9063622603734708,5.204557993583262
0.905,17,sbps,-1.5807636175900937,5.204557993583262
0.905,17,prculs-d,-0.0,5.204557993583262
0.905,17,prcus-p,1.0781441700193528,5.204557993583262
0.905,17,prcus-i,-0.06446451710608907,5.204557993583262
0.905,17,prcus-a,-0.0,5.204557993583262
0.905,17,ifrms,-0.9768885385457564,5.204557993583262
0.905,17,sspls-v,0.0,5.204557993583262
0.905,18,mcgs,-1.3799758142147842,5.6312376491548735
0.905,18,pos,-0.5340438944593738,5.6312376491548735
0.905,18,sbps,-1.302783759383364,5.6312376491548735
0.905,18,prculs-d,0.0,5.6312376491548735
0.905,18,prcus-p,1.081722153407174,5.6312376491548735
0.905,18,prcus-i,-0.4318003616528246,5.6312376491548735
0.905,18,prcus-a,-0.0,5.6312376491548735
0.905,18,ifrms,-0.1417627958535319,5.6312376491548735
0.905,18,sspls-v,0.0,5.6312376491548735
0.905,19,mcgs,-1.3093236632091076,5.743928367640148
0.905,19,pos,-0.5215819531570545,5.743928367640148
0.905,19,sbps,-1.2632885752113485,5.743928367640148
0.905,19,prculs-d,0.0,5.743928367640148
0.905,19,prcus-p,1.1162689153454515,5.743928367640148
0.905,19,prcus-i,-0.4642084518679415,5.743928367640148
0.905,19,prcus-a,-0.0,5.743928367640148
0.905,19,ifrms,-0.13467307046413485,5.743928367640148
0.905,19,sspls-v,0.0,5.743928367640148
0.905,20,mcgs,-1.3206993974770056,5.554777569546263
0.905,20,pos,-0.46775044483541994,5.554777569546263
0.905,20,sbps,-1.3313676847310019,5.554777569546263
0.905,20,prculs-d,0.0,5.554777569546263
0.905,20,prcus-p,1.090916676527433,5.554777569546263
0.905,20,prcus-i,-0.5106847976754144,5.554777569546263
0.905,20,prcus-a,-0.0,5.554777569546263
0.905,20,ifrms,-0.09434480185660624,5.554777569546263
0.905,20,sspls-v,0.0,5.554777569546263
0.905,21,mcgs,-1.386358348837673,5.6102058619643325
0.905,21,pos,-0.5701218842874345,5.6102058619643325
0.905,21,sbps,-1.299270261704443,5.6102058619643325
0.905,21,prculs-d,0.0,5.6102058619643325
0.905,21,prcus-p,1.0433611616907101,5.6102058619643325
0.905,21,prcus-i,-0.4384825593511461,5.6102058619643325
0.905,21,prcus-a,-0.0,5.6102058619643325
0.905,21,ifrms,-0.10116997966240093,5.6102058619643325
0.905,21,sspls-v,0.0,5.6102058619643325
0.905,22,mcgs,-1.4112777479955583,5.686839490064488
0.905,22,pos,-0.4792259245469285,5.686839490064488
0.905,22,sbps,-1.2763357914916502,5.686839490064488
0.905,22,prculs-d,0.0,5.686839490064488
0.905,22,prcus-p,1.0986347527626197,5.686839490064488
0.905,22,prcus-i,-0.441673242100186,5.686839490064488
0.905,22,prcus-a,-0.0,5.686839490064488
0.905,22,ifrms,-0.17558662290066615,5.686839490064488
0.905,22,sspls-v,0.0,5.686839490064488
0.905,23,mcgs,-1.3378349088480779,5.4635026834806935
0.905,23,pos,-0.616467347709512,5.4635026834806935
0.905,23,sbps,-0.7144522362960716,5.4635026834806935
0.905,23,prculs-d,0.0,5.4635026834806935
0.905,23,prcus-p,1.3594974701172058,5.4635026834806935
0.905,23,prcus-i,-0.7704969019913446,5.4635026834806935
0.905,23,prcus-a,-0.0,5.4635026834806935
0.905,23,ifrms,-0.33928398319850356,5.4635026834806935
0.905,23,sspls-v,-0.0,5.4635026834806935
0.905,24,mcgs,-1.2198138768558628,5.101979637554988
0.905,24,pos,-0.04979135179313981,5.101979637554988
0.905,24,sbps,-1.3745602663764662,5.101979637554988
0.905,24,prculs-d,0.0,5.101979637554988
0.905,24,prcus-p,1.661790046440161,5.101979637554988
0.905,24,prcus-i,-0.1574373001327014,5.101979637554988
0.905,24,prcus-a,-0.0,5.101979637554988
0.905,24,ifrms,-0.0,5.101979637554988
0.905,24,sspls-v,0.0,5.101979637554988
0.905,25,mcgs,-0.9676355608504842,5.266638525675233
0.905,25,pos,-0.919841843946464,5.266638525675233
0.905,25,sbps,-1.0967206554679678,5.266638525675233
0.905,25,prculs-d,0.0,5.266638525675233
0.905,25,prcus-p,0.9760638514843768,5.266638525675233
0.905,25,prcus-i,-0.6674344725750414,5.266638525675233
0.905,25,prcus-a,-0.0,5.266638525675233
0.905,25,ifrms,-0.0,5.266638525675233
0.905,25,sspls-v,0.0,5.266638525675233
0.905,26,mcgs,-1.463631493851081,5.606284845401136
0.905,26,pos,-0.41986422005301666,5.606284845401136
0.905,26,sbps,-1.3016059948428045,5.606284845401136
0.905,26,prculs-d,0.0,5.606284845401136
0.905,26,prcus-p,1.0861593863903352,5.606284845401136
0.905,26,prcus-i,-0.38242107032502065,5.606284845401136
0.905,26,prcus-a,-0.0,5.606284845401136
0.905,26,ifrms,-0.20714194525454932,5.606284845401136
0.905,26,sspls-v,0.0,5.606284845401136
0.905,27,mcgs,-1.3803267891640933,5.510691268065437
0.905,27,pos,-0.38902864551755173,5.510691268065437
0.905,27,sbps,-0.962862072484173,5.510691268065437
0.905,27,prculs-d,0.0,5.510691268065437
0.905,27,prcus-p,1.0967362419404638,5.510691268065437
0.905,27,prcus-i,-0.4664882451919659,5.510691268065437
0.905,27,prcus-a,-0.6148970661533442,5.510691268065437
0.905,27,ifrms,-0.1411984366215834,5.510691268065437
0.905,27,sspls-v,-0.0,5.510691268065437
0.967,0,mcgs,-1.4722781087208072,5.493007619988941
0.967,0,pos,-0.3375633613924384,5.493007619988941
0.967,0,sbps,-1.3204915067833245,5.493007619988941
0.967,0,prculs-d,0.0,5.493007619988941
0.967,0,prcus-p,1.1052253082787804,5.493007619988941
0.967,0,prcus-i,-0.3989757799558011,5.493007619988941
0.967,0,prcus-a,-0.0,5.493007619988941
0.967,0,ifrms,-0.15949280811912966,5.493007619988941
0.967,0,sspls-v,0.0,5.493007619988941
0.967,1,mcgs,-1.6637653129380323,4.904986211208434
0.967,1,pos,-0.8980617807539939,4.904986211208434
0.967,1,sbps,-0.6515592957688651,4.904986211208434
0.967,1,prculs-d,0.0,4.904986211208434
0.967,1,prcus-p,1.374351433364961,4.904986211208434
0.967,1,prcus-i,-0.6811033925698008,4.904986211208434
0.967,1,prcus-a,-0.0,4.904986211208434
0.967,1,ifrms,-0.0,4.904986211208434
0.967,1,sspls-v,-0.0,4.904986211208434
0.967,2,mcgs,-1.520881037888521,4.197402928181222
0.967,2,pos,-0.0,4.197402928181222
0.967,2,sbps,-2.7335040645647988,4.197402928181222
0.967,2,prculs-d,0.0,4.197402928181222
0.967,2,prcus-p,0.7341920032245167,4.197402928181222
0.967,2,prcus-i,-0.0,4.197402928181222
0.967,2,prcus-a,-0.0,4.197402928181222
0.967,2,ifrms,-0.0,4.197402928181222
0.967,2,sspls-v,0.0,4.197402928181222
0.967,3,mcgs,-1.3497739793998507,5.275106003130834
0.967,3,pos,-0.0,5.275106003130834
0.967,3,sbps,-1.6218787848536766,5.275106003130834
0.967,3,prculs-d,0.0,5.275106003130834
0.967,3,prcus-p,0.37861414721248304,5.275106003130834
0.967,3,prcus-i,-0.0,5.275106003130834
0.967,3,prcus-a,-0.0,5.275106003130834
0.967,3,ifrms,-0.2038228303741236,5.275106003130834
0.967,3,sspls-v,-0.0,5.275106003130834
0.967,4,mcgs,-1.2526921597520329,5.5073391893400085
0.967,4,pos,-0.5132354648543282,5.5073391893400085
0.967,4,sbps,-1.3511326108307167,5.5073391893400085
0.967,4,prculs-d,0.0,5.5073391893400085
0.967,4,prcus-p,1.1076141199590845,5.5073391893400085
0.967,4,prcus-i,-0.3926787698227223,5.5073391893400085
0.967,4,prcus-a,-0.0,5.5073391893400085
0.967,4,ifrms,-0.0,5.5073391893400085
0.967,4,sspls-v,0.0,5.5073391893400085
0.967,5,mcgs,-0.9776735072190125,5.298225206481068
0.967,5,pos,-0.1295986097447194,5.298225206481068
0.967,5,sbps,-1.225512129402687,5.298225206481068
0.967,5,prculs-d,0.0,5.298225206481068
0.967,5,prcus-p,0.7389318457743415,5.298225206481068
0.967,5,prcus-i,-0.6391766206434243,5.298225206481068
0.967,5,prcus-a,-0.0,5.298225206481068
0.967,5,ifrms,-0.0,5.298225206481068
0.967,5,sspls-v,0.0,5.298225206481068
0.967,6,mcgs,-1.3372819557612838,5.566234743849058
0.967,6,pos,-0.39397565935216355,5.566234743849058
0.967,6,sbps,-1.2728282183256008,5.566234743849058
0.967,6,prculs-d,0.0,5.566234743849058
0.967,6,prcus-p,0.9536737163812931,5.566234743849058
0.967,6,prcus-i,-0.3945840287936033,5.566234743849058
0.967,6,prcus-a,-0.0,5.566234743849058
0.967,6,ifrms,-0.10794583640834797,5.566234743849058
0.967,6,sspls-v,0.0,5.566234743849058
0.967,7,mcgs,-1.3202082214095758,5.666941048356914
0.967,7,pos,-0.44325850438959247,5.666941048356914
0.967,7,sbps,-1.2547455797307967,5.666941048356914
0.967,7,prculs-d,0.0,5.666941048356914
0.967,7,prcus-p,1.00306137567795,5.666941048356914
0.967,7,prcus-i,-0.422726158902982,5.666941048356914
0.967,7,prcus-a,-0.0,5.666941048356914
0.967,7,ifrms,-0.11202761000466456,5.666941048356914
0.967,7,sspls-v,0.0,5.666941048356914
0.967,8,mcgs,-1.8650909968308795,4.750550928935819
0.967,8,pos,-1.0470702217381926,4.750550928935819
0.967,8,sbps,-0.7773314926542112,4.750550928935819
0.967,8,prculs-d,0.29871840651508136,4.750550928935819
0.967,8,prcus-p,0.24842951570338764,4.750550928935819
0.967,8,prcus-i,-0.0,4.750550928935819
0.967,8,prcus-a,-0.0,4.750550928935819
0.967,8,ifrms,-0.0,4.750550928935819
0.967,8,sspls-v,-0.0,4.750550928935819
0.967,9,mcgs,-1.5835281012379663,5.171804880060271
0.967,9,pos,-0.0,5.171804880060271
0.967,9,sbps,-0.9094570371884012,5.171804880060271
0.967,9,prculs-d,0.0,5.171804880060271
0.967,9,prcus-p,1.2085426026439565,5.171804880060271
0.967,9,prcus-i,-0.0,5.171804880060271
0.967,9,prcus-a,-0.0,5.171804880060271
0.967,9,ifrms,-0.09522509106776623,5.171804880060271
0.967,9,sspls-v,0.0,5.171804880060271
0.967,10,mcgs,-1.2986539024827866,5.619138626107673
0.967,10,pos,-0.4707860799767609,5.619138626107673
0.967,10,sbps,-1.164773751612889,5.619138626107673
0.967,10,prculs-d,0.0,5.619138626107673
0.967,10,prcus-p,0.9474833651616571,5.619138626107673
0.967,10,prcus-i,-0.34698563799071613,5.619138626107673
0.967,10,prcus-a,-0.0,5.619138626107673
0.967,10,ifrms,-0.09208685088561476,5.619138626107673
0.967,10,sspls-v,0.0,5.619138626107673
0.967,11,mcgs,-1.1479478101235958,5.4451530790953715
0.967,11,pos,-0.3112684989120908,5.4451530790953715
0.967,11,sbps,-1.056195993388659,5.4451530790953715
0.967,11,prculs-d,0.0,5.4451530790953715
0.967,11,prcus-p,0.5945270171435977,5.4451530790953715
0.967,11,prcus-i,-0.33908166689968566,5.4451530790953715
0.967,11,prcus-a,-0.0,5.4451530790953715
0.967,11,ifrms,-0.0,5.4451530790953715
0.967,11,sspls-v,0.0,5.4451530790953715
0.967,12,mcgs,-1.3684657894412113,5.61983119654388
0.967,12,pos,-0.4426979261225834,5.61983119654388
0.967,12,sbps,-1.188265469900511,5.61983119654388
0.967,12,prculs-d,0.0,5.61983119654388
0.967,12,prcus-p,0.9438440336799323,5.61983119654388
0.967,12,prcus-i,-0.37896542147033657,5.61983119654388
0.967,12,prcus-a,-0.0,5.61983119654388
0.967,12,ifrms,-0.1947180080139102,5.61983119654388
0.967,12,sspls-v,0.0,5.61983119654388
0.967,13,mcgs,-1.3176225606094085,5.277520433996393
0.967,13,pos,-0.13067282424317322,5.277520433996393
0.967,13,sbps,-0.7367652195024905,5.277520433996393
0.967,13,prculs-d,0.0,5.277520433996393
0.967,13,prcus-p,0.6926455044166511,5.277520433996393
0.967,13,prcus-i,-0.9474298986394787,5.277520433996393
0.967,13,prcus-a,-0.15225405046726959,5.277520433996393
0.967,13,ifrms,-0.0,5.277520433996393
0.967,13,sspls-v,0.0,5.277520433996393
0.967,14,mcgs,-1.3482666069932328,5.616360066242377
0.967,14,pos,-0.5209295931585872,5.616360066242377
0.967,14,sbps,-1.2077906633991986,5.616360066242377
0.967,14,prculs-d,0.0,5.616360066242377
0.967,14,prcus-p,0.9722374150845876,5.616360066242377
0.967,14,prcus-i,-0.5400094866586992,5.616360066242377
0.967,14,prcus-a,-0.018027401387085033,5.616360066242377
0.967,14,ifrms,-0.3488398998491772,5.616360066242377
0.967,14,sspls-v,0.0,5.616360066242377
0.967,15,mcgs,-1.2229741597737869,5.547085082189598
0.967,15,pos,-0.27646077326547924,5.547085082189598
0.967,15,sbps,-1.219525803902251,5.547085082189598
0.967,15,prculs-d,0.0,5.547085082189598
0.967,15,prcus-p,0.7960606916226449,5.547085082189598
0.967,15,prcus-i,-0.23746208795522605,5.547085082189598
0.967,15,prcus-a,-0.0,5.547085082189598
0.967,15,ifrms,-0.5483060561452325,5.547085082189598
0.967,15,sspls-v,0.0,5.547085082189598
0.967,16,mcgs,-1.4367545401825588,5.581492772851568
0.967,16,pos,-0.40625880173702206,5.581492772851568
0.967,16,sbps,-1.2509520036603614,5.581492772851568
0.967,16,prculs-d,0.0,5.581492772851568
0.967,16,prcus-p,0.9362552185731442,5.581492772851568
0.967,16,prcus-i,-0.29443008559618605,5.581492772851568
0.967,16,prcus-a,-0.0,5.581492772851568
0.967,16,ifrms,-0.14124907116550037,5.581492772851568
0.967,16,sspls-v,0.0,5.581492772851568
0.967,17,mcgs,-0.5158414263480207,5.214072732778153
0.967,17,pos,-0.8663416872344094,5.214072732778153
0.967,17,sbps,-1.5436557043830406,5.214072732778153
0.967,17,prculs-d,-0.0,5.214072732778153
0.967,17,prcus-p,0.9836307115560421,5.214072732778153
0.967,17,prcus-i,-0.008805243635154806,5.214072732778153
0.967,17,prcus-a,-0.0,5.214072732778153
0.967,17,ifrms,-0.9326553761053843,5.214072732778153
0.967,17,sspls-v,0.0,5.214072732778153
0.967,18,mcgs,-1.3378606388582275,5.627433874195243
0.967,18,pos,-0.49954241632037794,5.627433874195243
0.967,18,sbps,-1.2664537381134344,5.627433874195243
0.967,18,prculs-d,0.0,5.627433874195243
0.967,18,prcus-p,0.9865178272347968,5.627433874195243
0.967,18,prcus-i,-0.3778168011408605,5.627433874195243
0.967,18,prcus-a,-0.0,5.627433874195243
0.967,18,ifrms,-0.09406590399968136,5.627433874195243
0.967,18,sspls-v,0.0,5.627433874195243
0.967,19,mcgs,-1.267162199894524,5.72004559774283
0.967,19,pos,-0.49420863080770455,5.72004559774283
0.967,19,sbps,-1.224507358077783,5.72004559774283
0.967,19,prculs-d,0.0,5.72004559774283
0.967,19,prcus-p,1.0278924006336474,5.72004559774283
0.967,19,prcus-i,-0.4151596738511418,5.72004559774283
0.967,19,prcus-a,-0.0,5.72004559774283
0.967,19,ifrms,-0.08868283928867284,5.72004559774283
0.967,19,sspls-v,0.0,5.72004559774283
0.967,20,mcgs,-1.2788130355632843,5.5416200433580025
0.967,20,pos,-0.43232736637253405,5.5416200433580025
0.967,20,sbps,-1.2964725083195678,5.5416200433580025
0.967,20,prculs-d,0.0,5.5416200433580025
0.967,20,prcus-p,0.9958868597753481,5.5416200433580025
0.967,20,prcus-i,-0.4571253069421258,5.5416200433580025
0.967,20,prcus-a,-0.0,5.5416200433580025
0.967,20,ifrms,-0.04640463267006913,5.5416200433580025
0.967,20,sspls-v,0.0,5.5416200433580025
0.967,21,mcgs,-1.3450633943176158,5.597986729108022
0.967,21,pos,-0.5424251591025572,5.597986729108022
0.967,21,sbps,-1.2643387824568435,5.597986729108022
0.967,21,prculs-d,0.0,5.597986729108022
0.967,21,prcus-p,0.9492514960085664,5.597986729108022
0.967,21,prcus-i,-0.38254106174626284,5.597986729108022
0.967,21,prcus-a,-0.0,5.597986729108022
0.967,21,ifrms,-0.05538789952050169,5.597986729108022
0.967,21,sspls-v,0.0,5.597986729108022
0.967,22,mcgs,-1.3638683496263573,5.680480209511147
0.967,22,pos,-0.4412721954443375,5.680480209511147
0.967,22,sbps,-1.2517450929163605,5.680480209511147
0.967,22,prculs-d,0.0,5.680480209511147
0.967,22,prcus-p,0.9967931725916391,5.680480209511147
0.967,22,prcus-i,-0.3819549950189681,5.680480209511147
0.967,22,prcus-a,-0.0,5.680480209511147
0.967,22,ifrms,-0.12210138376522611,5.680480209511147
0.967,22,sspls-v,0.0,5.680480209511147
0.967,23,mcgs,-1.2963133141987309,5.474994258835933
0.967,23,pos,-0.5793367532586823,5.474994258835933
0.967,23,sbps,-0.6868166029703704,5.474994258835933
0.967,23,prculs-d,0.0,5.474994258835933
0.967,23,prcus-p,1.2632796394207075,5.474994258835933
0.967,23,prcus-i,-0.7126016021432808,5.474994258835933
0.967,23,prcus-a,-0.0,5.474994258835933
0.967,23,ifrms,-0.2911185818974303,5.474994258835933
0.967,23,sspls-v,-0.0,5.474994258835933
0.967,24,mcgs,-1.1855062852874092,5.080495671674702
0.967,24,pos,-0.00818466720959026,5.080495671674702
0.967,24,sbps,-1.3359742217804305,5.080495671674702
0.967,24,prculs-d,0.0,5.080495671674702
0.967,24,prcus-p,1.6028929378597505,5.080495671674702
0.967,24,prcus-i,-0.09646290197746808,5.080495671674702
0.967,24,prcus-a,-0.0,5.080495671674702
0.967,24,ifrms,-0.0,5.080495671674702
0.967,24,sspls-v,0.0,5.080495671674702
0.967,25,mcgs,-0.931545775178451,5.284363450265089
0.967,25,pos,-0.881472283927982,5.284363450265089
0.967,25,sbps,-1.057415956923988,5.284363450265089
0.967,25,prculs-d,0.0,5.284363450265089
0.967,25,prcus-p,0.8826314005054561,5.284363450265089
0.967,25,prcus-i,-0.5967256037147015,5.284363450265089
0.967,25,prcus-a,-0.0,5.284363450265089
0.967,25,ifrms,-0.0,5.284363450265089
0.967,25,sspls-v,0.0,5.284363450265089
0.967,26,mcgs,-1.42164284260429,5.591009109843347
0.967,26,pos,-0.3859372074286363,5.591009109843347
0.967,26,sbps,-1.2654732685873429,5.591009109843347
0.967,26,prculs-d,0.0,5.591009109843347
0.967,26,prcus-p,0.9908948911500232,5.591009109843347
0.967,26,prcus-i,-0.32723027413198574,5.591009109843347
0.967,26,prcus-a,-0.0,5.591009109843347
0.967,26,ifrms,-0.16046884716437704,5.591009109843347
0.967,26,sspls-v,0.0,5.591009109843347
0.967,27,mcgs,-1.3430006565405037,5.522231544446092
0.967,27,pos,-0.36279370068957234,5.522231544446092
0.967,27,sbps,-0.9398509110057806,5.522231544446092
0.967,27,prculs-d,0.0,5.522231544446092
0.967,27,prcus-p,0.9979079197240056,5.522231544446092
0.967,27,prcus-i,-0.4029319225159865,5.522231544446092
0.967,27,prcus-a,-0.5645294978895339,5.522231544446092
0.967,27,ifrms,-0.09087760631859992,5.522231544446092
0.967,27,sspls-v,-0.0,5.522231544446092
1.034,0,mcgs,-1.3973946858687902,5.526249040811492
1.034,0,pos,-0.3236229633738058,5.526249040811492
1.034,0,sbps,-1.2653028714562622,5.526249040811492
1.034,0,prculs-d,0.0,5.526249040811492
1.034,0,prcus-p,0.9768610160428587,5.526249040811492
1.034,0,prcus-i,-0.3341446284447508,5.526249040811492
1.034,0,prcus-a,-0.0,5.526249040811492
1.034,0,ifrms,-0.0954893009822172,5.526249040811492
1.034,0,sspls-v,0.0,5.526249040811492
1.034,1,mcgs,-1.6215341707636723,4.955234943899005
1.034,1,pos,-0.8462637167467708,4.955234943899005
1.034,1,sbps,-0.6243161744400048,4.955234943899005
1.034,1,prculs-d,0.0,4.955234943899005
1.034,1,prcus-p,1.2681385268208898,4.955234943899005
1.034,1,prcus-i,-0.5986233749385169,4.955234943899005
1.034,1,prcus-a,-0.0,4.955234943899005
1.034,1,ifrms,-0.0,4.955234943899005
1.034,1,sspls-v,-0.0,4.955234943899005
1.034,2,mcgs,-1.4499026091279446,4.192565064117411
1.034,2,pos,-0.0,4.192565064117411
1.034,2,sbps,-2.6727950888483254,4.192565064117411
1.034,2,prculs-d,0.0,4.192565064117411
1.034,2,prcus-p,0.6553187246150753,4.192565064117411
1.034,2,prcus-i,-0.0,4.192565064117411
1.034,2,prcus-a,-0.0,4.192565064117411
1.034,2,ifrms,-0.0,4.192565064117411
1.034,2,sspls-v,0.0,4.192565064117411
1.034,3,mcgs,-1.2749513164898822,5.225127646797251
1.034,3,pos,-0.0,5.225127646797251
1.034,3,sbps,-1.5724014661744645,5.225127646797251
1.034,3,prculs-d,0.0,5.225127646797251
1.034,3,prcus-p,0.287305615280637,5.225127646797251
1.034,3,prcus-i,-0.0,5.225127646797251
1.034,3,prcus-a,-0.0,5.225127646797251
1.034,3,ifrms,-0.13365580221922113,5.225127646797251
1.034,3,sspls-v,-0.0,5.225127646797251
1.034,4,mcgs,-1.2168651426784052,5.488368216521591
1.034,4,pos,-0.46752284802772204,5.488368216521591
1.034,4,sbps,-1.3084967981120301,5.488368216521591
1.034,4,prculs-d,0.0,5.488368216521591
1.034,4,prcus-p,1.0078215332542564,5.488368216521591
1.034,4,prcus-i,-0.317180836508749,5.488368216521591
1.034,4,prcus-a,-0.0,5.488368216521591
1.034,4,ifrms,-0.0,5.488368216521591
1.034,4,sspls-v,0.0,5.488368216521591
1.034,5,mcgs,-0.9317078439223322,5.293818531927669
1.034,5,pos,-0.08047724019230988,5.293818531927669
1.034,5,sbps,-1.1823233072454034,5.293818531927669
1.034,5,prculs-d,0.0,5.293818531927669
1.034,5,prcus-p,0.6335068477032628,5.293818531927669
1.034,5,prcus-i,-0.5695202634555566,5.293818531927669
1.034,5,prcus-a,-0.0,5.293818531927669
1.034,5,ifrms,-0.0,5.293818531927669
1.034,5,sspls-v,0.0,5.293818531927669
1.034,6,mcgs,-1.291092744835097,5.55964406538079
1.034,6,pos,-0.35461229255236437,5.55964406538079
1.034,6,sbps,-1.2343455072622185,5.55964406538079
1.034,6,prculs-d,0.0,5.55964406538079
1.034,6,prcus-p,0.8497840737351597,5.55964406538079
1.034,6,prcus-i,-0.33503278582804685,5.55964406538079
1.034,6,prcus-a,-0.0,5.55964406538079
1.034,6,ifrms,-0.05746247545923657,5.55964406538079
1.034,6,sspls-v,0.0,5.55964406538079
1.034,7,mcgs,-1.277787286962546,5.658121760272086
1.034,7,pos,-0.4077118999082489,5.658121760272086
1.034,7,sbps,-1.215344505526998,5.658121760272086
1.034,7,prculs-d,0.0,5.658121760272086
1.034,7,prcus-p,0.9000462136595709,5.658121760272086
1.034,7,prcus-i,-0.363196381559632,5.658121760272086
1.034,7,prcus-a,-0.0,5.658121760272086
1.034,7,ifrms,-0.06134552934143335,5.658121760272086
1.034,7,sspls-v,0.0,5.658121760272086
1.034,8,mcgs,-1.7917586893260844,4.811797397862712
1.034,8,pos,-0.9876317992218637,4.811797397862712
1.034,8,sbps,-0.7272989027240612,4.811797397862712
1.034,8,prculs-d,0.19882334369363822,4.811797397862712
1.034,8,prcus-p,0.18155571681722726,4.811797397862712
1.034,8,prcus-i,-0.0,4.811797397862712
1.034,8,prcus-a,-0.0,4.811797397862712
1.034,8,ifrms,-0.0,4.811797397862712
1.034,8,sspls-v,-0.0,4.811797397862712
1.034,9,mcgs,-1.511845661019709,5.140822255673891
1.034,9,pos,-0.0,5.140822255673891
1.034,9,sbps,-0.8572934352157693,5.140822255673891
1.034,9,prculs-d,0.0,5.140822255673891
1.034,9,prcus-p,1.1235836996897954,5.140822255673891
1.034,9,prcus-i,-0.0,5.140822255673891
1.034,9,prcus-a,-0.0,5.140822255673891
1.034,9,ifrms,-0.02512803080012863,5.140822255673891
1.034,9,sspls-v,0.0,5.140822255673891
1.034,10,mcgs,-1.2497649655406742,5.603674171786692
1.034,10,pos,-0.43449336891281254,5.603674171786692
1.034,10,sbps,-1.12121257409386,5.603674171786692
1.034,10,prculs-d,0.0,5.603674171786692
1.034,10,prcus-p,0.841156167735138,5.603674171786692
1.034,10,prcus-i,-0.28447105322601746,5.603674171786692
1.034,10,prcus-a,-0.0,5.603674171786692
1.034,10,ifrms,-0.04078120920513846,5.603674171786692
1.034,10,sspls-v,0.0,5.603674171786692
1.034,11,mcgs,-1.099981084695169,5.423030309290805
1.034,11,pos,-0.2593032825843612,5.423030309290805
1.034,11,sbps,-1.0047504412146038,5.423030309290805
1.034,11,prculs-d,0.0,5.423030309290805
1.034,11,prcus-p,0.47672905465405757,5.423030309290805
1.034,11,prcus-i,-0.25724810407441184,5.423030309290805
1.034,11,prcus-a,-0.0,5.423030309290805
1.034,11,ifrms,-0.0,5.423030309290805
1.034,11,sspls-v,0.0,5.423030309290805
1.034,12,mcgs,-1.3234246203951119,5.609619004698539
1.034,12,pos,-0.40400196108863234,5.609619004698539
1.034,12,sbps,-1.1492485711563132,5.609619004698539
1.034,12,prculs-d,0.0,5.609619004698539
1.034,12,prcus-p,0.8417792101357487,5.609619004698539
1.034,12,prcus-i,-0.31861853468919793,5.609619004698539
1.034,12,prcus-a,-0.0,5.609619004698539
1.034,12,ifrms,-0.1485692451527181,5.609619004698539
1.034,12,sspls-v,0.0,5.609619004698539
1.034,13,mcgs,-1.2841512747633235,5.283177233942287
1.034,13,pos,-0.09602296514456474,5.283177233942287
1.034,13,sbps,-0.6984550340586045,5.283177233942287
1.034,13,prculs-d,0.0,5.283177233942287
1.034,13,prcus-p,0.5900088823443965,5.283177233942287
1.034,13,prcus-i,-0.8683121583764887,5.283177233942287
1.034,13,prcus-a,-0.0888071175143875,5.283177233942287
1.034,13,ifrms,-0.0,5.283177233942287
1.034,13,sspls-v,0.0,5.283177233942287
1.034,14,mcgs,-1.3045386468453601,5.632276206947979
1.034,14,pos,-0.48171620301667284,5.632276206947979
1.034,14,sbps,-1.1721224109836936,5.632276206947979
1.034,14,prculs-d,0.0,5.632276206947979
1.034,14,prcus-p,0.8735543292638123,5.632276206947979
1.034,14,prcus-i,-0.47368415542667214,5.632276206947979
1.034,14,prcus-a,-0.0,5.632276206947979
1.034,14,ifrms,-0.29185554698567645,5.632276206947979
1.034,14,sspls-v,0.0,5.632276206947979
1.034,15,mcgs,-1.1775664250086872,5.551057851416254
1.034,15,pos,-0.2358198400110699,5.551057851416254
1.034,15,sbps,-1.179772845000959,5.551057851416254
1.034,15,prculs-d,0.0,5.551057851416254
1.034,15,prcus-p,0.6921763643282819,5.551057851416254
1.034,15,prcus-i,-0.17367132520682665,5.551057851416254
1.034,15,prcus-a,-0.0,5.551057851416254
1.034,15,ifrms,-0.5111226089508688,5.551057851416254
1.034,15,sspls-v,0.0,5.551057851416254
1.034,16,mcgs,-1.4092673347425633,5.560947296417099
1.034,16,pos,-0.3623211877563724,5.560947296417099
1.034,16,sbps,-1.2108729822494781,5.560947296417099
1.034,16,prculs-d,0.0,5.560947296417099
1.034,16,prcus-p,0.8289866544309306,5.560947296417099
1.034,16,prcus-i,-0.2217193069586269,5.560947296417099
1.034,16,prcus-a,-0.0,5.560947296417099
1.034,16,ifrms,-0.09706971685599851,5.560947296417099
1.034,16,sspls-v,0.0,5.560947296417099
1.034,17,mcgs,-0.4760819736196221,5.2248889763651
1.034,17,pos,-0.8286945909096691,5.2248889763651
1.034,17,sbps,-1.4951385645037503,5.2248889763651
1.034,17,prculs-d,-0.0,5.2248889763651
1.034,17,prcus-p,0.8926275059550348,5.2248889763651
1.034,17,prcus-i,-0.0,5.2248889763651
1.034,17,prcus-a,-0.0,5.2248889763651
1.034,17,ifrms,-0.8684133196381675,5.2248889763651
1.034,17,sspls-v,0.0,5.2248889763651
1.034,18,mcgs,-1.292349078392271,5.61774752336672
1.034,18,pos,-0.46225856091210954,5.61774752336672
1.034,18,sbps,-1.2271938764185089,5.61774752336672
1.034,18,prculs-d,0.0,5.61774752336672
1.034,18,prcus-p,0.8836357328227119,5.61774752336672
1.034,18,prcus-i,-0.3194797276843823,5.61774752336672
1.034,18,prcus-a,-0.0,5.61774752336672
1.034,18,ifrms,-0.04252248860922895,5.61774752336672
1.034,18,sspls-v,0.0,5.61774752336672
1.034,19,mcgs,-1.2216006185706993,5.695247834813371
1.034,19,pos,-0.4646277824624395,5.695247834813371
1.034,19,sbps,-1.1825986234334462,5.695247834813371
1.034,19,prculs-d,0.0,5.695247834813371
1.034,19,prcus-p,0.9323887476386319,5.695247834813371
1.034,19,prcus-i,-0.36215534922008435,5.695247834813371
1.034,19,prcus-a,-0.0,5.695247834813371
1.034,19,ifrms,-0.038983718502285804,5.695247834813371
1.034,19,sspls-v,0.0,5.695247834813371
1.034,20,mcgs,-1.2344652597798322,5.5433363060179
1.034,20,pos,-0.3934347336963389,5.5433363060179
1.034,20,sbps,-1.2583727953129704,5.5433363060179
1.034,20,prculs-d,0.0,5.5433363060179
1.034,20,prcus-p,0.8933918576683719,5.5433363060179
1.034,20,prcus-i,-0.39728995660475613,5.5433363060179
1.034,20,prcus-a,-0.0,5.5433363060179
1.034,20,ifrms,-0.0,5.5433363060179
1.034,20,sspls-v,0.0,5.5433363060179
1.034,21,mcgs,-1.3004513557879482,5.586596621070317
1.034,21,pos,-0.5124867881382341,5.586596621070317
1.034,21,sbps,-1.2265950437912139,5.586596621070317
1.034,21,prculs-d,0.0,5.586596621070317
1.034,21,prcus-p,0.8475448556493357,5.586596621070317
1.034,21,prcus-i,-0.3220794610126165,5.586596621070317
1.034,21,prcus-a,-0.0,5.586596621070317
1.034,21,ifrms,-0.005915100633713796,5.586596621070317
1.034,21,sspls-v,0.0,5.586596621070317
1.034,22,mcgs,-1.3126356126789962,5.672070830455088
1.034,22,pos,-0.400257681736698,5.672070830455088
1.034,22,sbps,-1.2251712734882263,5.672070830455088
1.034,22,prculs-d,0.0,5.672070830455088
1.034,22,prcus-p,0.8867385617617088,5.672070830455088
1.034,22,prcus-i,-0.31742076026991023,5.672070830455088
1.034,22,prcus-a,-0.0,5.672070830455088
1.034,22,ifrms,-0.06430281889305631,5.672070830455088
1.034,22,sspls-v,0.0,5.672070830455088
1.034,23,mcgs,-1.251443203851855,5.482853883946749
1.034,23,pos,-0.5392117560295605,5.482853883946749
1.034,23,sbps,-0.6569522895377574,5.482853883946749
1.034,23,prculs-d,0.0,5.482853883946749
1.034,23,prcus-p,1.1593023062486854,5.482853883946749
1.034,23,prcus-i,-0.6500373265010188,5.482853883946749
1.034,23,prcus-a,-0.0,5.482853883946749
1.034,23,ifrms,-0.23906887403981952,5.482853883946749
1.034,23,sspls-v,-0.0,5.482853883946749
1.034,24,mcgs,-1.1388339615779548,5.061185499434346
1.034,24,pos,-0.0,5.061185499434346
1.034,24,sbps,-1.2846352802901446,5.061185499434346
1.034,24,prculs-d,0.0,5.061185499434346
1.034,24,prcus-p,1.5331412418726722,5.061185499434346
1.034,24,prcus-i,-0.03894745858373998,5.061185499434346
1.034,24,prcus-a,-0.0,5.061185499434346
1.034,24,ifrms,-0.0,5.061185499434346
1.034,24,sspls-v,0.0,5.061185499434346
1.034,25,mcgs,-0.8925455229199624,5.312637137616592
1.034,25,pos,-0.8400084045531712,5.312637137616592
1.034,25,sbps,-1.0149415246264613,5.312637137616592
1.034,25,prculs-d,0.0,5.312637137616592
1.034,25,prcus-p,0.7816640744475881,5.312637137616592
1.034,25,prcus-i,-0.5203144067204623,5.312637137616592
1.034,25,prcus-a,-0.0,5.312637137616592
1.034,25,ifrms,-0.0,5.312637137616592
1.034,25,sspls-v,0.0,5.312637137616592
1.034,26,mcgs,-1.3762680098053381,5.5767921269852785
1.034,26,pos,-0.3492741453990652,5.5767921269852785
1.034,26,sbps,-1.2264266127951509,5.5767921269852785
1.034,26,prculs-d,0.0,5.5767921269852785
1.034,26,prcus-p,0.8879477753258134,5.5767921269852785
1.034,26,prcus-i,-0.2675886072782221,5.5767921269852785
1.034,26,prcus-a,-0.0,5.5767921269852785
1.034,26,ifrms,-0.11003178955080245,5.5767921269852785
1.034,26,sspls-v,0.0,5.5767921269852785
1.034,27,mcgs,-1.3026643519311392,5.536008907164031
1.034,27,pos,-0.33444303450449697,5.536008907164031
1.034,27,sbps,-0.9149840106984848,5.536008907164031
1.034,27,prculs-d,0.0,5.536008907164031
1.034,27,prcus-p,0.891109571522349,5.536008907164031
1.034,27,prcus-i,-0.33425008994678346,5.536008907164031
1.034,27,prcus-a,-0.5101000289592874,5.536008907164031
1.034,27,ifrms,-0.036498644539568637,5.536008907164031
1.034,27,sspls-v,-0.0,5.536008907164031
1.105,0,mcgs,-1.3180408561846393,5.549580484893653
1.105,0,pos,-0.3088501451733107,5.549580484893653
1.105,0,sbps,-1.206819451444143,5.549580484893653
1.105,0,prculs-d,0.0,5.549580484893653
1.105,0,prcus-p,0.8408331026576674,5.549580484893653
1.105,0,prcus-i,-0.2654428119467593,5.549580484893653
1.105,0,prcus-a,-0.0,5.549580484893653
1.105,0,ifrms,-0.02766473890252746,5.549580484893653
1.105,0,sspls-v,0.0,5.549580484893653
1.105,1,mcgs,-1.5767817663699495,5.010915053663955
1.105,1,pos,-0.7913732310077731,5.010915053663955
1.105,1,sbps,-0.5954465981064365,5.010915053663955
1.105,1,prculs-d,0.0,5.010915053663955
1.105,1,prcus-p,1.1555845512294136,5.010915053663955
1.105,1,prcus-i,-0.5112191771501424,5.010915053663955
1.105,1,prcus-a,-0.0,5.010915053663955
1.105,1,ifrms,-0.0,5.010915053663955
1.105,1,sspls-v,0.0,5.010915053663955
1.105,2,mcgs,-1.374685126054448,4.193438872291587
1.105,2,pos,-0.0,4.193438872291587
1.105,2,sbps,-2.6084613787939026,4.193438872291587
1.105,2,prculs-d,0.0,4.193438872291587
1.105,2,prcus-p,0.5717363648875857,4.193438872291587
1.105,2,prcus-i,-0.0,4.193438872291587
1.105,2,prcus-a,-0.0,4.193438872291587
1.105,2,ifrms,-0.0,4.193438872291587
1.105,2,sspls-v,0.0,4.193438872291587
1.105,3,mcgs,-1.1956605450770927,5.178672657083879
1.105,3,pos,-0.0,5.178672657083879
1.105,3,sbps,-1.5199703152393096,5.178672657083879
1.105,3,prculs-d,0.0,5.178672657083879
1.105,3,prcus-p,0.190545586664844,5.178672657083879
1.105,3,prcus-i,-0.0,5.178672657083879
1.105,3,prcus-a,-0.0,5.178672657083879
1.105,3,ifrms,-0.05929968546742104,5.178672657083879
1.105,3,sspls-v,-0.0,5.178672657083879
1.105,4,mcgs,-1.1789012613253629,5.487357621898072
1.105,4,pos,-0.41908022967491293,5.487357621898072
1.105,4,sbps,-1.2633159435380463,5.487357621898072
1.105,4,prculs-d,0.0,5.487357621898072
1.105,4,prcus-p,0.9020706084880424,5.487357621898072
1.105,4,prcus-i,-0.23717474921683995,5.487357621898072
1.105,4,prcus-a,-0.0,5.487357621898072
1.105,4,ifrms,-0.0,5.487357621898072
1.105,4,sspls-v,0.0,5.487357621898072
1.105,5,mcgs,-0.8829979619213716,5.2815839952166135
1.105,5,pos,-0.028423251562145816,5.2815839952166135
1.105,5,sbps,-1.1365560479444015,5.2815839952166135
1.105,5,prculs-d,0.0,5.2815839952166135
1.105,5,prcus-p,0.521787819896599,5.2815839952166135
1.105,5,prcus-i,-0.4957053177788616,5.2815839952166135
1.105,5,prcus-a,-0.0,5.2815839952166135
1.105,5,ifrms,-0.0,5.2815839952166135
1.105,5,sspls-v,0.0,5.2815839952166135
1.105,6,mcgs,-1.2421505830770423,5.5515892877152515
1.105,6,pos,-0.31289597421563564,5.5515892877152515
1.105,6,sbps,-1.1935663857197971,5.5515892877152515
1.105,6,prculs-d,0.0,5.5515892877152515
1.105,6,prcus-p,0.7396904598057614,5.5515892877152515
1.105,6,prcus-i,-0.27192349348588024,5.5515892877152515
1.105,6,prcus-a,-0.0,5.5515892877152515
1.105,6,ifrms,-0.003965936449923329,5.5515892877152515
1.105,6,sspls-v,0.0,5.5515892877152515
1.105,7,mcgs,-1.2328357431326742,5.649673606778837
1.105,7,pos,-0.3700419829962397,5.649673606778837
1.105,7,sbps,-1.1735916296680045,5.649673606778837
1.105,7,prculs-d,0.0,5.649673606778837
1.105,7,prcus-p,0.7908799704307428,5.649673606778837
1.105,7,prcus-i,-0.3001113408574218,5.649673606778837
1.105,7,prcus-a,-0.0,5.649673606778837
1.105,7,ifrms,-0.0076378874381514686,5.649673606778837
1.105,7,sspls-v,0.0,5.649673606778837
1.105,8,mcgs,-1.7140483336120484,4.858237152563969
1.105,8,pos,-0.9246448141672465,4.858237152563969
1.105,8,sbps,-0.6742792924995741,4.858237152563969
1.105,8,prculs-d,0.09296439652464616,4.858237152563969
1.105,8,prcus-p,0.11068945232592278,4.858237152563969
1.105,8,prcus-i,-0.0,4.858237152563969
1.105,8,prcus-a,-0.0,4.858237152563969
1.105,8,ifrms,-0.0,4.858237152563969
1.105,8,sspls-v,-0.0,4.858237152563969
1.105,9,mcgs,-1.4368035957985819,5.117561820581228
1.105,9,pos,-0.0,5.117561820581228
1.105,9,sbps,-0.7969881615917968,5.117561820581228
1.105,9,prculs-d,0.0,5.117561820581228
1.105,9,prcus-p,1.0388237313674755,5.117561820581228
1.105,9,prcus-i,-0.0,5.117561820581228
1.105,9,prcus-a,-0.0,5.117561820581228
1.105,9,ifrms,-0.0,5.117561820581228
1.105,9,sspls-v,0.0,5.117561820581228
1.105,10,mcgs,-1.1998215256360518,5.593924810257398
1.105,10,pos,-0.3942914273619433,5.593924810257398
1.105,10,sbps,-1.0743431814075024,5.593924810257398
1.105,10,prculs-d,0.0,5.593924810257398
1.105,10,prcus-p,0.7290366672550617,5.593924810257398
1.105,10,prcus-i,-0.2137214009375857,5.593924810257398
1.105,10,prcus-a,-0.0,5.593924810257398
1.105,10,ifrms,-0.0,5.593924810257398
1.105,10,sspls-v,0.0,5.593924810257398
1.105,11,mcgs,-1.0491511972085539,5.438735284578588
1.105,11,pos,-0.20423548528248098,5.438735284578588
1.105,11,sbps,-0.950233580529318,5.438735284578588
1.105,11,prculs-d,0.0,5.438735284578588
1.105,11,prcus-p,0.35189817447905075,5.438735284578588
1.105,11,prcus-i,-0.17052872286558893,5.438735284578588
1.105,11,prcus-a,-0.0,5.438735284578588
1.105,11,ifrms,-0.0,5.438735284578588
1.105,11,sspls-v,0.0,5.438735284578588
1.105,12,mcgs,-1.2756944263313355,5.606601617162909
1.105,12,pos,-0.3629957891869821,5.606601617162909
1.105,12,sbps,-1.1079023053229116,5.606601617162909
1.105,12,prculs-d,0.0,5.606601617162909
1.105,12,prcus-p,0.73362096429042,5.606601617162909
1.105,12,prcus-i,-0.25466884869724543,5.606601617162909
1.105,12,prcus-a,-0.0,5.606601617162909
1.105,12,ifrms,-0.09966533226996169,5.606601617162909
1.105,12,sspls-v,0.0,5.606601617162909
1.105,13,mcgs,-1.2486944957274135,5.316904536135309
1.105,13,pos,-0.05930449333277178,5.316904536135309
1.105,13,sbps,-0.6578698868618769,5.316904536135309
1.105,13,prculs-d,0.0,5.316904536135309
1.105,13,prcus-p,0.4812367930463947,5.316904536135309
1.105,13,prcus-i,-0.7844585332690756,5.316904536135309
1.105,13,prcus-a,-0.021567371475081892,5.316904536135309
1.105,13,ifrms,-0.0,5.316904536135309
1.105,13,sspls-v,0.0,5.316904536135309
1.105,14,mcgs,-1.256459705116371,5.634781634485176
1.105,14,pos,-0.4375998719406095,5.634781634485176
1.105,14,sbps,-1.1324537130463237,5.634781634485176
1.105,14,prculs-d,0.0,5.634781634485176
1.105,14,prcus-p,0.770008988289491,5.634781634485176
1.105,14,prcus-i,-0.40755143886923234,5.634781634485176
1.105,14,prcus-a,-0.0,5.634781634485176
1.105,14,ifrms,-0.23436257385065296,5.634781634485176
1.105,14,sspls-v,0.0,5.634781634485176
1.105,15,mcgs,-1.1294477807053722,5.562226908835835
1.105,15,pos,-0.19275258238326495,5.562226908835835
1.105,15,sbps,-1.1376465751204845,5.562226908835835
1.105,15,prculs-d,0.0,5.562226908835835
1.105,15,prcus-p,0.5820899876432111,5.562226908835835
1.105,15,prcus-i,-0.10607215871225545,5.562226908835835
1.105,15,prcus-a,-0.0,5.562226908835835
1.105,15,ifrms,-0.4717192544613181,5.562226908835835
1.105,15,sspls-v,0.0,5.562226908835835
1.105,16,mcgs,-1.3801391021121199,5.535937078260202
1.105,16,pos,-0.3157604326425498,5.535937078260202
1.105,16,sbps,-1.1684011834409307,5.535937078260202
1.105,16,prculs-d,0.0,5.535937078260202
1.105,16,prcus-p,0.7153139969070924,5.535937078260202
1.105,16,prcus-i,-0.14466758631285667,5.535937078260202
1.105,16,prcus-a,-0.0,5.535937078260202
1.105,16,ifrms,-0.0502527891548823,5.535937078260202
1.105,16,sspls-v,0.0,5.535937078260202
1.105,17,mcgs,-0.43213485115123623,5.249828904520479
1.105,17,pos,-0.7898242606856369,5.249828904520479
1.105,17,sbps,-1.4421939787813514,5.249828904520479
1.105,17,prculs-d,-0.0,5.249828904520479
1.105,17,prcus-p,0.7982166942614539,5.249828904520479
1.105,17,prcus-i,-0.0,5.249828904520479
1.105,17,prcus-a,-0.0,5.249828904520479
1.105,17,ifrms,-0.7973492841441556,5.249828904520479
1.105,17,sspls-v,0.0,5.249828904520479
1.105,18,mcgs,-1.2457452662087005,5.613271510466272
1.105,18,pos,-0.42130008559598203,5.613271510466272
1.105,18,sbps,-1.1849450019827066,5.613271510466272
1.105,18,prculs-d,0.0,5.613271510466272
1.105,18,prcus-p,0.7751102486880685,5.613271510466272
1.105,18,prcus-i,-0.25362021138127283,5.613271510466272
1.105,18,prcus-a,-0.0,5.613271510466272
1.105,18,ifrms,-0.0,5.613271510466272
1.105,18,sspls-v,0.0,5.613271510466272
1.105,19,mcgs,-1.1738940160957316,5.669233075035665
1.105,19,pos,-0.4328133861468592,5.669233075035665
1.105,19,sbps,-1.13705557226892,5.669233075035665
1.105,19,prculs-d,0.0,5.669233075035665
1.105,19,prcus-p,0.8319674543347471,5.669233075035665
1.105,19,prcus-i,-0.3010612439751612,5.669233075035665
1.105,19,prcus-a,-0.0,5.669233075035665
1.105,19,ifrms,-0.0,5.669233075035665
1.105,19,sspls-v,0.0,5.669233075035665
1.105,20,mcgs,-1.195870580444942,5.5378492431785125
1.105,20,pos,-0.3465814981086434,5.5378492431785125
1.105,20,sbps,-1.2144401193940164,5.5378492431785125
1.105,20,prculs-d,0.0,5.5378492431785125
1.105,20,prcus-p,0.7865990834279205,5.5378492431785125
1.105,20,prcus-i,-0.3160966998379656,5.5378492431785125
1.105,20,prcus-a,-0.0,5.5378492431785125
1.105,20,ifrms,-0.0,5.5378492431785125
1.105,20,sspls-v,0.0,5.5378492431785125
1.105,21,mcgs,-1.2585832693837813,5.585925757251921
1.105,21,pos,-0.4702856186680532,5.585925757251921
1.105,21,sbps,-1.1825758885178592,5.585925757251921
1.105,21,prculs-d,0.0,5.585925757251921
1.105,21,prcus-p,0.7448324931314556,5.585925757251921
1.105,21,prcus-i,-0.24369485794619591,5.585925757251921
1.105,21,prcus-a,-0.0,5.585925757251921
1.105,21,ifrms,-0.0,5.585925757251921
1.105,21,sspls-v,0.0,5.585925757251921
1.105,22,mcgs,-1.258317909667069,5.657464311365015
1.105,22,pos,-0.35682998840234503,5.657464311365015
1.105,22,sbps,-1.1969891817545117,5.657464311365015
1.105,22,prculs-d,0.0,5.657464311365015
1.105,22,prcus-p,0.7701416974511308,5.657464311365015
1.105,22,prcus-i,-0.24905770257843118,5.657464311365015
1.105,22,prcus-a,-0.0,5.657464311365015
1.105,22,ifrms,-0.0030511273950698074,5.657464311365015
1.105,22,sspls-v,0.0,5.657464311365015
1.105,23,mcgs,-1.2038942809469577,5.489131610653936
1.105,23,pos,-0.4966912365778043,5.489131610653936
1.105,23,sbps,-0.6253050320196153,5.489131610653936
1.105,23,prculs-d,0.0,5.489131610653936
1.105,23,prcus-p,1.0491173710962443,5.489131610653936
1.105,23,prcus-i,-0.5837378702233981,5.489131610653936
1.105,23,prcus-a,-0.0,5.489131610653936
1.105,23,ifrms,-0.18391172093697708,5.489131610653936
1.105,23,sspls-v,-0.0,5.489131610653936
1.105,24,mcgs,-1.0835734754589872,5.059174775778275
1.105,24,pos,-0.0,5.059174775778275
1.105,24,sbps,-1.2250992811920163,5.059174775778275
1.105,24,prculs-d,0.0,5.059174775778275
1.105,24,prcus-p,1.4596860017378088,5.059174775778275
1.105,24,prcus-i,-0.0,5.059174775778275
1.105,24,prcus-a,-0.0,5.059174775778275
1.105,24,ifrms,-0.0,5.059174775778275
1.105,24,sspls-v,0.0,5.059174775778275
1.105,25,mcgs,-0.8512168973923112,5.360178504853364
1.105,25,pos,-0.7960690696932983,5.360178504853364
1.105,25,sbps,-0.9699313053260961,5.360178504853364
1.105,25,prculs-d,0.0,5.360178504853364
1.105,25,prcus-p,0.6746688483265663,5.360178504853364
1.105,25,prcus-i,-0.4393413472191039,5.360178504853364
1.105,25,prcus-a,-0.0,5.360178504853364
1.105,25,ifrms,-0.0,5.360178504853364
1.105,25,sspls-v,0.0,5.360178504853364
1.105,26,mcgs,-1.3281842317646566,5.573521535727666
1.105,26,pos,-0.31042224384534006,5.573521535727666
1.105,26,sbps,-1.1850488133735746,5.573521535727666
1.105,26,prculs-d,0.0,5.573521535727666
1.105,26,prcus-p,0.7788545630344874,5.573521535727666
1.105,26,prcus-i,-0.2043862438958757,5.573521535727666
1.105,26,prcus-a,-0.0,5.573521535727666
1.105,26,ifrms,-0.05658356431850766,5.573521535727666
1.105,26,sspls-v,0.0,5.573521535727666
1.105,27,mcgs,-1.2627018997408515,5.544282368469566
1.105,27,pos,-0.3014967989262554,5.544282368469566
1.105,27,sbps,-0.8874939097099951,5.544282368469566
1.105,27,prculs-d,0.0,5.544282368469566
1.105,27,prcus-p,0.7788942769406448,5.544282368469566
1.105,27,prcus-i,-0.25468294999332985,5.544282368469566
1.105,27,prcus-a,-0.4533899328452231,5.544282368469566
1.105,27,ifrms,-0.0,5.544282368469566
1.105,27,sspls-v,0.0,5.544282368469566
1.182,0,mcgs,-1.2416042620147105,5.5837034560272905
1.182,0,pos,-0.28443766716816543,5.5837034560272905
1.182,0,sbps,-1.1429299832585875,5.5837034560272905
1.182,0,prculs-d,0.0,5.5837034560272905
1.182,0,prcus-p,0.6984321337509418,5.5837034560272905
1.182,0,prcus-i,-0.17673713316081752,5.5837034560272905
1.182,0,prcus-a,-0.0,5.5837034560272905
1.182,0,ifrms,-0.0,5.5837034560272905
1.182,0,sspls-v,0.0,5.5837034560272905
1.182,1,mcgs,-1.52827272084561,5.0695522916586
1.182,1,pos,-0.7318272974772326,5.0695522916586
1.182,1,sbps,-0.5641478406734844,5.0695522916586
1.182,1,prculs-d,0.0,5.0695522916586
1.182,1,prcus-p,1.0335074707667609,5.0695522916586
1.182,1,prcus-i,-0.41641551775839497,5.0695522916586
1.182,1,prcus-a,-0.0,5.0695522916586
1.182,1,ifrms,-0.0,5.0695522916586
1.182,1,sspls-v,0.0,5.0695522916586
1.182,2,mcgs,-1.2931129246712096,4.206281703499938
1.182,2,pos,-0.0,4.206281703499938
1.182,2,sbps,-2.5386913664079183,4.206281703499938
1.182,2,prculs-d,0.0,4.206281703499938
1.182,2,prcus-p,0.4810909585173504,4.206281703499938
1.182,2,prcus-i,-0.0,4.206281703499938
1.182,2,prcus-a,-0.0,4.206281703499938
1.182,2,ifrms,-0.0,4.206281703499938
1.182,2,sspls-v,0.0,4.206281703499938
1.182,3,mcgs,-1.1101283983155625,5.136324730977005
1.182,3,pos,-0.0,5.136324730977005
1.182,3,sbps,-1.460223608245371,5.136324730977005
1.182,3,prculs-d,0.0,5.136324730977005
1.182,3,prcus-p,0.08828241278161074,5.136324730977005
1.182,3,prcus-i,-0.0,5.136324730977005
1.182,3,prcus-a,-0.0,5.136324730977005
1.182,3,ifrms,-0.0,5.136324730977005
1.182,3,sspls-v,-0.0,5.136324730977005
1.182,4,mcgs,-1.1377717884268943,5.498477999002966
1.182,4,pos,-0.3665184732145085,5.498477999002966
1.182,4,sbps,-1.2143237275403953,5.498477999002966
1.182,4,prculs-d,0.0,5.498477999002966
1.182,4,prcus-p,0.7873713910029453,5.498477999002966
1.182,4,prcus-i,-0.1503912427003246,5.498477999002966
1.182,4,prcus-a,-0.0,5.498477999002966
1.182,4,ifrms,-0.0,5.498477999002966
1.182,4,sspls-v,0.0,5.498477999002966
1.182,5,mcgs,-0.8228942567727077,5.287439287311254
1.182,5,pos,-0.0,5.287439287311254
1.182,5,sbps,-1.0799688647334351,5.287439287311254
1.182,5,prculs-d,0.0,5.287439287311254
1.182,5,prcus-p,0.40209315224359443,5.287439287311254
1.182,5,prcus-i,-0.41816911653723077,5.287439287311254
1.182,5,prcus-a,-0.0,5.287439287311254
1.182,5,ifrms,-0.0,5.287439287311254
1.182,5,sspls-v,0.0,5.287439287311254
1.182,6,mcgs,-1.1963374339002955,5.545112045841204
1.182,6,pos,-0.2605791537049075,5.545112045841204
1.182,6,sbps,-1.1464578817956943,5.545112045841204
1.182,6,prculs-d,0.0,5.545112045841204
1.182,6,prcus-p,0.6223423690031855,5.545112045841204
1.182,6,prcus-i,-0.18548291119373495,5.545112045841204
1.182,6,prcus-a,-0.0,5.545112045841204
1.182,6,ifrms,-0.0,5.545112045841204
1.182,6,sspls-v,0.0,5.545112045841204
1.182,7,mcgs,-1.1898371114416233,5.643308603496491
1.182,7,pos,-0.3222390749689226,5.643308603496491
1.182,7,sbps,-1.125527644922835,5.643308603496491
1.182,7,prculs-d,0.0,5.643308603496491
1.182,7,prcus-p,0.6749946654905189,5.643308603496491
1.182,7,prcus-i,-0.21626012019692642,5.643308603496491
1.182,7,prcus-a,-0.0,5.643308603496491
1.182,7,ifrms,-0.0,5.643308603496491
1.182,7,sspls-v,0.0,5.643308603496491
1.182,8,mcgs,-1.6335780800463453,4.864982802829943
1.182,8,pos,-0.8624323844365447,4.864982802829943
1.182,8,sbps,-0.6154429642615868,4.864982802829943
1.182,8,prculs-d,0.0,4.864982802829943
1.182,8,prcus-p,0.031409446479838815,4.864982802829943
1.182,8,prcus-i,-0.0,4.864982802829943
1.182,8,prcus-a,-0.0,4.864982802829943
1.182,8,ifrms,-0.0,4.864982802829943
1.182,8,sspls-v,-0.0,4.864982802829943
1.182,9,mcgs,-1.355939269830948,5.104416132969051
1.182,9,pos,-0.0,5.104416132969051
1.182,9,sbps,-0.7287984073518935,5.104416132969051
1.182,9,prculs-d,0.0,5.104416132969051
1.182,9,prcus-p,0.94982443100223,5.104416132969051
1.182,9,prcus-i,-0.0,5.104416132969051
1.182,9,prcus-a,-0.0,5.104416132969051
1.182,9,ifrms,-0.0,5.104416132969051
1.182,9,sspls-v,0.0,5.104416132969051
1.182,10,mcgs,-1.1516462331961526,5.622089817730881
1.182,10,pos,-0.3450687554117518,5.622089817730881
1.182,10,sbps,-1.0211915362244044,5.622089817730881
1.182,10,prculs-d,0.0,5.622089817730881
1.182,10,prcus-p,0.6092889581066123,5.622089817730881
1.182,10,prcus-i,-0.12238995993387293,5.622089817730881
1.182,10,prcus-a,-0.0,5.622089817730881
1.182,10,ifrms,-0.0,5.622089817730881
1.182,10,sspls-v,0.0,5.622089817730881
1.182,11,mcgs,-0.9940258262723657,5.453437568471888
1.182,11,pos,-0.14451407130720206,5.453437568471888
1.182,11,sbps,-0.8911096611945705,5.453437568471888
1.182,11,prculs-d,0.0,5.453437568471888
1.182,11,prcus-p,0.2165182058385517,5.453437568471888
1.182,11,prcus-i,-0.07648094324475287,5.453437568471888
1.182,11,prcus-a,-0.0,5.453437568471888
1.182,11,ifrms,-0.0,5.453437568471888
1.182,11,sspls-v,0.0,5.453437568471888
1.182,12,mcgs,-1.2239306947410407,5.611583159660233
1.182,12,pos,-0.3185243069837857,5.611583159660233
1.182,12,sbps,-1.0630619888556987,5.611583159660233
1.182,12,prculs-d,0.0,5.611583159660233
1.182,12,prcus-p,0.6163225849933733,5.611583159660233
1.182,12,prcus-i,-0.1853149638890716,5.611583159660233
1.182,12,prcus-a,-0.0,5.611583159660233
1.182,12,ifrms,-0.04662869435486093,5.611583159660233
1.182,12,sspls-v,0.0,5.611583159660233
1.182,13,mcgs,-1.205152523842092,5.32990981580961
1.182,13,pos,-0.00983161559762912,5.32990981580961
1.182,13,sbps,-0.6071004951493235,5.32990981580961
1.182,13,prculs-d,0.0,5.32990981580961
1.182,13,prcus-p,0.3647167372011728,5.32990981580961
1.182,13,prcus-i,-0.7056625527158721,5.32990981580961
1.182,13,prcus-a,-0.0,5.32990981580961
1.182,13,ifrms,-0.0,5.32990981580961
1.182,13,sspls-v,0.0,5.32990981580961
1.182,14,mcgs,-1.204317754227185,5.641452057570374
1.182,14,pos,-0.3897554002102296,5.641452057570374
1.182,14,sbps,-1.0894327307762175,5.641452057570374
1.182,14,prculs-d,0.0,5.641452057570374
1.182,14,prcus-p,0.6577133368102961,5.641452057570374
1.182,14,prcus-i,-0.33583004203933337,5.641452057570374
1.182,14,prcus-a,-0.0,5.641452057570374
1.182,14,ifrms,-0.17201103960562625,5.641452057570374
1.182,14,sspls-v,0.0,5.641452057570374
1.182,15,mcgs,-1.0772627720947359,5.612104219766218
1.182,15,pos,-0.146045838195362,5.612104219766218
1.182,15,sbps,-1.0919603387712373,5.612104219766218
1.182,15,prculs-d,0.0,5.612104219766218
1.182,15,prcus-p,0.4627005368720769,5.612104219766218
1.182,15,prcus-i,-0.03276038659842308,5.612104219766218
1.182,15,prcus-a,-0.0,5.612104219766218
1.182,15,ifrms,-0.4289860390289894,5.612104219766218
1.182,15,sspls-v,0.0,5.612104219766218
1.182,16,mcgs,-1.348720351197735,5.51872657878683
1.182,16,pos,-0.2651572141404237,5.51872657878683
1.182,16,sbps,-1.1223157068727,5.51872657878683
1.182,16,prculs-d,0.0,5.51872657878683
1.182,16,prcus-p,0.59198764180854,5.51872657878683
1.182,16,prcus-i,-0.060836343265288244,5.51872657878683
1.182,16,prcus-a,-0.0,5.51872657878683
1.182,16,ifrms,-0.0,5.51872657878683
1.182,16,sspls-v,0.0,5.51872657878683
1.182,17,mcgs,-0.3844507987381853,5.3152216597173485
1.182,17,pos,-0.7476758688387378,5.3152216597173485
1.182,17,sbps,-1.3847766411345441,5.3152216597173485
1.182,17,prculs-d,-0.0,5.3152216597173485
1.182,17,prcus-p,0.6958282711591646,5.3152216597173485
1.182,17,prcus-i,-0.0,5.3152216597173485
1.182,17,prcus-a,-0.0,5.3152216597173485
1.182,17,ifrms,-0.7202836607511526,5.3152216597173485
1.182,17,sspls-v,0.0,5.3152216597173485
1.182,18,mcgs,-1.2014714048447952,5.605653137546603
1.182,18,pos,-0.37131174523296395,5.605653137546603
1.182,18,sbps,-1.1366738487884631,5.605653137546603
1.182,18,prculs-d,0.0,5.605653137546603
1.182,18,prcus-p,0.6593048262884765,5.605653137546603
1.182,18,prcus-i,-0.16678346031944347,5.605653137546603
1.182,18,prcus-a,-0.0,5.605653137546603
1.182,18,ifrms,-0.0,5.605653137546603
1.182,18,sspls-v,0.0,5.605653137546603
1.182,19,mcgs,-1.1239221211073445,5.647467207534248
1.182,19,pos,-0.39687542600637865,5.647467207534248
1.182,19,sbps,-1.0841612151380229,5.647467207534248
1.182,19,prculs-d,0.0,5.647467207534248
1.182,19,prcus-p,0.7254889678657356,5.647467207534248
1.182,19,prcus-i,-0.2195937334947464,5.647467207534248
1.182,19,prcus-a,-0.0,5.647467207534248
1.182,19,ifrms,-0.0,5.647467207534248
1.182,19,sspls-v,0.0,5.647467207534248
1.182,20,mcgs,-1.1540221678218665,5.5362062008166095
1.182,20,pos,-0.2957653767482083,5.5362062008166095
1.182,20,sbps,-1.166796181293048,5.5362062008166095
1.182,20,prculs-d,0.0,5.5362062008166095
1.182,20,prcus-p,0.6707791301994942,5.5362062008166095
1.182,20,prcus-i,-0.22803860611869334,5.5362062008166095
1.182,20,prcus-a,-0.0,5.5362062008166095
1.182,20,ifrms,-0.0,5.5362062008166095
1.182,20,sspls-v,0.0,5.5362062008166095
1.182,21,mcgs,-1.213931673266532,5.589546872021962
1.182,21,pos,-0.4230682550211377,5.589546872021962
1.182,21,sbps,-1.1342849433959643,5.589546872021962
1.182,21,prculs-d,0.0,5.589546872021962
1.182,21,prcus-p,0.6341345430219628,5.589546872021962
1.182,21,prcus-i,-0.15670893600655345,5.589546872021962
1.182,21,prcus-a,-0.0,5.589546872021962
1.182,21,ifrms,-0.0,5.589546872021962
1.182,21,sspls-v,0.0,5.589546872021962
1.182,22,mcgs,-1.2104138520154157,5.63523986158583
1.182,22,pos,-0.3026150211662691,5.63523986158583
1.182,22,sbps,-1.1595436642908366,5.63523986158583
1.182,22,prculs-d,0.0,5.63523986158583
1.182,22,prcus-p,0.6492226145157232,5.63523986158583
1.182,22,prcus-i,-0.1560352185909391,5.63523986158583
1.182,22,prcus-a,-0.0,5.63523986158583
1.182,22,ifrms,-0.0,5.63523986158583
1.182,22,sspls-v,0.0,5.63523986158583
1.182,23,mcgs,-1.1523271392050276,5.493419844822529
1.182,23,pos,-0.45057743379209636,5.493419844822529
1.182,23,sbps,-0.5909833583731796,5.493419844822529
1.182,23,prculs-d,0.0,5.493419844822529
1.182,23,prcus-p,0.929621032973174,5.493419844822529
1.182,23,prcus-i,-0.511835642992737,5.493419844822529
1.182,23,prcus-a,-0.0,5.493419844822529
1.182,23,ifrms,-0.12409339996629075,5.493419844822529
1.182,23,sspls-v,-0.0,5.493419844822529
1.182,24,mcgs,-1.0162495063733819,5.06306459095926
1.182,24,pos,-0.0,5.06306459095926
1.182,24,sbps,-1.154501856090779,5.06306459095926
1.182,24,prculs-d,0.0,5.06306459095926
1.182,24,prcus-p,1.3840271070815755,5.06306459095926
1.182,24,prcus-i,-0.0,5.06306459095926
1.182,24,prcus-a,-0.0,5.06306459095926
1.182,24,ifrms,-0.0,5.06306459095926
1.182,24,sspls-v,0.0,5.06306459095926
1.182,25,mcgs,-0.8063957119609146,5.408704839100875
1.182,25,pos,-0.7484165516058304,5.408704839100875
1.182,25,sbps,-0.9211174055214739,5.408704839100875
1.182,25,prculs-d,0.0,5.408704839100875
1.182,25,prcus-p,0.5586317721108081,5.408704839100875
1.182,25,prcus-i,-0.3515254939570688,5.408704839100875
1.182,25,prcus-a,-0.0,5.408704839100875
1.182,25,ifrms,-0.0,5.408704839100875
1.182,25,sspls-v,0.0,5.408704839100875
1.182,26,mcgs,-1.2762852814848173,5.568155628180951
1.182,26,pos,-0.2680483211196775,5.568155628180951
1.182,26,sbps,-1.140107644247399,5.568155628180951
1.182,26,prculs-d,0.0,5.568155628180951
1.182,26,prcus-p,0.660598810556268,5.568155628180951
1.182,26,prcus-i,-0.13533601629800937,5.568155628180951
1.182,26,prcus-a,-0.0,5.568155628180951
1.182,26,ifrms,-0.0,5.568155628180951
1.182,26,sspls-v,0.0,5.568155628180951
1.182,27,mcgs,-1.224558777548789,5.560881880129016
1.182,27,pos,-0.26034904063401226,5.560881880129016
1.182,27,sbps,-0.8555306942845143,5.560881880129016
1.182,27,prculs-d,0.0,5.560881880129016
1.182,27,prcus-p,0.6590077179192039,5.560881880129016
1.182,27,prcus-i,-0.15568915984454348,5.560881880129016
1.182,27,prcus-a,-0.3937060711481424,5.560881880129016
1.182,27,ifrms,-0.0,5.560881880129016
1.182,27,sspls-v,0.0,5.560881880129016
1.263,0,mcgs,-1.1673005644217194,5.626620574880816
1.263,0,pos,-0.25343495918609943,5.626620574880816
1.263,0,sbps,-1.0754274246912645,5.626620574880816
1.263,0,prculs-d,0.0,5.626620574880816
1.263,0,prcus-p,0.5518853272382004,5.626620574880816
1.263,0,prcus-i,-0.07442600397032903,5.626620574880816
1.263,0,prcus-a,-0.0,5.626620574880816
1.263,0,ifrms,-0.0,5.626620574880816
1.263,0,sspls-v,0.0,5.626620574880816
1.263,1,mcgs,-1.477209841398996,5.120237207300194
1.263,1,pos,-0.669213119042209,5.120237207300194
1.263,1,sbps,-0.5312079643304553,5.120237207300194
1.263,1,prculs-d,0.0,5.120237207300194
1.263,1,prcus-p,0.9051051096917101,5.120237207300194
1.263,1,prcus-i,-0.3167052265311844,5.120237207300194
1.263,1,prcus-a,-0.0,5.120237207300194
1.263,1,ifrms,-0.0,5.120237207300194
1.263,1,sspls-v,0.0,5.120237207300194
1.263,2,mcgs,-1.2073032063329976,4.228254245808549
1.263,2,pos,-0.0,4.228254245808549
1.263,2,sbps,-2.4652969377940903,4.228254245808549
1.263,2,prculs-d,0.0,4.228254245808549
1.263,2,prcus-p,0.3857366998681425,4.228254245808549
1.263,2,prcus-i,-0.0,4.228254245808549
1.263,2,prcus-a,-0.0,4.228254245808549
1.263,2,ifrms,-0.0,4.228254245808549
1.263,2,sspls-v,0.0,4.228254245808549
1.263,3,mcgs,-1.0236039827945516,5.111558031289999
1.263,3,pos,-0.0,5.111558031289999
1.263,3,sbps,-1.3890358242108485,5.111558031289999
1.263,3,prculs-d,0.0,5.111558031289999
1.263,3,prcus-p,0.0,5.111558031289999
1.263,3,prcus-i,-0.0,5.111558031289999
1.263,3,prcus-a,-0.0,5.111558031289999
1.263,3,ifrms,-0.0,5.111558031289999
1.263,3,sspls-v,-0.0,5.111558031289999
1.263,4,mcgs,-1.0944634443679528,5.516527649170199
1.263,4,pos,-0.311251077721648,5.516527649170199
1.263,4,sbps,-1.16278016895111,5.516527649170199
1.263,4,prculs-d,0.0,5.516527649170199
1.263,4,prcus-p,0.6667246770533176,5.516527649170199
1.263,4,prcus-i,-0.059115463537126434,5.516527649170199
1.263,4,prcus-a,-0.0,5.516527649170199
1.263,4,ifrms,-0.0,5.516527649170199
1.263,4,sspls-v,0.0,5.516527649170199
1.263,5,mcgs,-0.7518652110570211,5.3175002124512485
1.263,5,pos,-0.0,5.3175002124512485
1.263,5,sbps,-1.013020999926771,5.3175002124512485
1.263,5,prculs-d,0.0,5.3175002124512485
1.263,5,prcus-p,0.2777569882921942,5.3175002124512485
1.263,5,prcus-i,-0.3393082137240095,5.3175002124512485
1.263,5,prcus-a,-0.0,5.3175002124512485
1.263,5,ifrms,-0.0,5.3175002124512485
1.263,5,sspls-v,0.0,5.3175002124512485
1.263,6,mcgs,-1.1487287638223826,5.576735331361986
1.263,6,pos,-0.2049835014194143,5.576735331361986
1.263,6,sbps,-1.0966830922037278,5.576735331361986
1.263,6,prculs-d,0.0,5.576735331361986
1.263,6,prcus-p,0.49905242615191414,5.576735331361986
1.263,6,prcus-i,-0.09315732060140935,5.576735331361986
1.263,6,prcus-a,-0.0,5.576735331361986
1.263,6,ifrms,-0.0,5.576735331361986
1.263,6,sspls-v,0.0,5.576735331361986
1.263,7,mcgs,-1.1455365072755646,5.66625646242881
1.263,7,pos,-0.2708368076892844,5.66625646242881
1.263,7,sbps,-1.0745283017238858,5.66625646242881
1.263,7,prculs-d,0.0,5.66625646242881
1.263,7,prcus-p,0.5534810904740984,5.66625646242881
1.263,7,prcus-i,-0.12559635551861945,5.66625646242881
1.263,7,prcus-a,-0.0,5.66625646242881
1.263,7,ifrms,-0.0,5.66625646242881
1.263,7,sspls-v,0.0,5.66625646242881
1.263,8,mcgs,-1.5726253634880365,4.863748488313128
1.263,8,pos,-0.8190142679215141,4.863748488313128
1.263,8,sbps,-0.5546889802027456,4.863748488313128
1.263,8,prculs-d,0.0,4.863748488313128
1.263,8,prcus-p,0.0,4.863748488313128
1.263,8,prcus-i,-0.0,4.863748488313128
1.263,8,prcus-a,-0.0,4.863748488313128
1.263,8,ifrms,-0.0,4.863748488313128
1.263,8,sspls-v,-0.0,4.863748488313128
1.263,9,mcgs,-1.2708612454801385,5.106158783783417
1.263,9,pos,-0.0,5.106158783783417
1.263,9,sbps,-0.6570677873009264,5.106158783783417
1.263,9,prculs-d,0.0,5.106158783783417
1.263,9,prcus-p,0.8562000250170821,5.106158783783417
1.263,9,prcus-i,-0.0,5.106158783783417
1.263,9,prcus-a,-0.0,5.106158783783417
1.263,9,ifrms,-0.0,5.106158783783417
1.263,9,sspls-v,0.0,5.106158783783417
1.263,10,mcgs,-1.1009683281619744,5.645738203585722
1.263,10,pos,-0.29328906154207074,5.645738203585722
1.263,10,sbps,-0.9652787666162097,5.645738203585722
1.263,10,prculs-d,0.0,5.645738203585722
1.263,10,prcus-p,0.48332058874265954,5.645738203585722
1.263,10,prcus-i,-0.02631402848840894,5.645738203585722
1.263,10,prcus-a,-0.0,5.645738203585722
1.263,10,ifrms,-0.0,5.645738203585722
1.263,10,sspls-v,0.0,5.645738203585722
1.263,11,mcgs,-0.9302061325759278,5.467666738618806
1.263,11,pos,-0.08469505643476742,5.467666738618806
1.263,11,sbps,-0.8253426506130245,5.467666738618806
1.263,11,prculs-d,0.0,5.467666738618806
1.263,11,prcus-p,0.08012065700335383,5.467666738618806
1.263,11,prcus-i,-0.0,5.467666738618806
1.263,11,prcus-a,-0.0,5.467666738618806
1.263,11,ifrms,-0.0,5.467666738618806
1.263,11,sspls-v,0.0,5.467666738618806
1.263,12,mcgs,-1.1707408089441569,5.656438991916638
1.263,12,pos,-0.27059249167628013,5.656438991916638
1.263,12,sbps,-1.0149859884186847,5.656438991916638
1.263,12,prculs-d,0.0,5.656438991916638
1.263,12,prcus-p,0.4930160877843356,5.656438991916638
1.263,12,prcus-i,-0.1093704431317943,5.656438991916638
1.263,12,prcus-a,-0.0,5.656438991916638
1.263,12,ifrms,-0.0,5.656438991916638
1.263,12,sspls-v,0.0,5.656438991916638
1.263,13,mcgs,-1.1415716938173133,5.340337263106795
1.263,13,pos,-0.0,5.340337263106795
1.263,13,sbps,-0.5415954451480554,5.340337263106795
1.263,13,prculs-d,0.0,5.340337263106795
1.263,13,prcus-p,0.2445785508878844,5.340337263106795
1.263,13,prcus-i,-0.6317883784066306,5.340337263106795
1.263,13,prcus-a,-0.0,5.340337263106795
1.263,13,ifrms,-0.0,5.340337263106795
1.263,13,sspls-v,0.0,5.340337263106795
1.263,14,mcgs,-1.1494671305645352,5.67602930725579
1.263,14,pos,-0.3394255013769738,5.67602930725579
1.263,14,sbps,-1.044176892284288,5.67602930725579
1.263,14,prculs-d,0.0,5.67602930725579
1.263,14,prcus-p,0.5395841449945218,5.67602930725579
1.263,14,prcus-i,-0.26038285836112746,5.67602930725579
1.263,14,prcus-a,-0.0,5.67602930725579
1.263,14,ifrms,-0.10642046462059876,5.67602930725579
1.263,14,sspls-v,0.0,5.67602930725579
1.263,15,mcgs,-1.010374234454346,5.639117229413705
1.263,15,pos,-0.10413650648822163,5.639117229413705
1.263,15,sbps,-1.0377310126416721,5.639117229413705
1.263,15,prculs-d,0.0,5.639117229413705
1.263,15,prcus-p,0.34739319529546847,5.639117229413705
1.263,15,prcus-i,-0.0,5.639117229413705
1.263,15,prcus-a,-0.0,5.639117229413705
1.263,15,ifrms,-0.3708710168814493,5.639117229413705
1.263,15,sspls-v,0.0,5.639117229413705
1.263,16,mcgs,-1.308437461586548,5.498756820945645
1.263,16,pos,-0.2115617590640621,5.498756820945645
1.263,16,sbps,-1.0636490453002134,5.498756820945645
1.263,16,prculs-d,0.0,5.498756820945645
1.263,16,prcus-p,0.4771347936068123,5.498756820945645
1.263,16,prcus-i,-0.0,5.498756820945645
1.263,16,prcus-a,-0.0,5.498756820945645
1.263,16,ifrms,-0.0,5.498756820945645
1.263,16,sspls-v,0.0,5.498756820945645
1.263,17,mcgs,-0.33431053532390975,5.406179284177289
1.263,17,pos,-0.7033317165718577,5.406179284177289
1.263,17,sbps,-1.3243752022546664,5.406179284177289
1.263,17,prculs-d,-0.0,5.406179284177289
1.263,17,prcus-p,0.5881205267030538,5.406179284177289
1.263,17,prcus-i,-0.0,5.406179284177289
1.263,17,prcus-a,-0.0,5.406179284177289
1.263,17,ifrms,-0.6392112231491661,5.406179284177289
1.263,17,sspls-v,0.0,5.406179284177289
1.263,18,mcgs,-1.1548976026308164,5.639411316576553
1.263,18,pos,-0.3187266079679712,5.639411316576553
1.263,18,sbps,-1.085895103220492,5.639411316576553
1.263,18,prculs-d,0.0,5.639411316576553
1.263,18,prcus-p,0.537483537790204,5.639411316576553
1.263,18,prcus-i,-0.0754357092024536,5.639411316576553
1.263,18,prcus-a,-0.0,5.639411316576553
1.263,18,ifrms,-0.0,5.639411316576553
1.263,18,sspls-v,0.0,5.639411316576553
1.263,19,mcgs,-1.0713542835221581,5.664841028413632
1.263,19,pos,-0.3590705588456135,5.664841028413632
1.263,19,sbps,-1.028519099195131,5.664841028413632
1.263,19,prculs-d,0.0,5.664841028413632
1.263,19,prcus-p,0.6134791314502818,5.664841028413632
1.263,19,prcus-i,-0.13389414454781623,5.664841028413632
1.263,19,prcus-a,-0.0,5.664841028413632
1.263,19,ifrms,-0.0,5.664841028413632
1.263,19,sspls-v,0.0,5.664841028413632
1.263,20,mcgs,-1.1099998116859053,5.5816709861165315
1.263,20,pos,-0.24230945687554253,5.5816709861165315
1.263,20,sbps,-1.116677233420602,5.5816709861165315
1.263,20,prculs-d,0.0,5.5816709861165315
1.263,20,prcus-p,0.548942556024137,5.5816709861165315
1.263,20,prcus-i,-0.13540606597244492,5.5816709861165315
1.263,20,prcus-a,-0.0,5.5816709861165315
1.263,20,ifrms,-0.0,5.5816709861165315
1.263,20,sspls-v,0.0,5.5816709861165315
1.263,21,mcgs,-1.1669605137146213,5.628164932981131
1.263,21,pos,-0.3733980413146411,5.628164932981131
1.263,21,sbps,-1.0834853777482554,5.628164932981131
1.263,21,prculs-d,0.0,5.628164932981131
1.263,21,prcus-p,0.5176860500496385,5.628164932981131
1.263,21,prcus-i,-0.06520426487523999,5.628164932981131
1.263,21,prcus-a,-0.0,5.628164932981131
1.263,21,ifrms,-0.0,5.628164932981131
1.263,21,sspls-v,0.0,5.628164932981131
1.263,22,mcgs,-1.1605922222868574,5.6445490392209114
1.263,22,pos,-0.24521732413627825,5.6445490392209114
1.263,22,sbps,-1.1197964434629608,5.6445490392209114
1.263,22,prculs-d,0.0,5.6445490392209114
1.263,22,prcus-p,0.5223165576229759,5.6445490392209114
1.263,22,prcus-i,-0.057230564955265746,5.6445490392209114
1.263,22,prcus-a,-0.0,5.6445490392209114
1.263,22,ifrms,-0.0,5.6445490392209114
1.263,22,sspls-v,0.0,5.6445490392209114
1.263,23,mcgs,-1.0980811849050744,5.492693219079928
1.263,23,pos,-0.4020681087837549,5.492693219079928
1.263,23,sbps,-0.5548787406412133,5.492693219079928
1.263,23,prculs-d,0.0,5.492693219079928
1.263,23,prcus-p,0.8039170928696852,5.492693219079928
1.263,23,prcus-i,-0.4361982351267189,5.492693219079928
1.263,23,prcus-a,-0.0,5.492693219079928
1.263,23,ifrms,-0.06116763375037263,5.492693219079928
1.263,23,sspls-v,-0.0,5.492693219079928
1.263,24,mcgs,-0.9454275711150031,5.084896976407761
1.263,24,pos,-0.0,5.084896976407761
1.263,24,sbps,-1.0802370941641515,5.084896976407761
1.263,24,prculs-d,0.0,5.084896976407761
1.263,24,prcus-p,1.3044378990275227,5.084896976407761
1.263,24,prcus-i,-0.0,5.084896976407761
1.263,24,prcus-a,-0.0,5.084896976407761
1.263,24,ifrms,-0.0,5.084896976407761
1.263,24,sspls-v,0.0,5.084896976407761
1.263,25,mcgs,-0.7592461532603539,5.461121950125333
1.263,25,pos,-0.6982885780332981,5.461121950125333
1.263,25,sbps,-0.8697677187140155,5.461121950125333
1.263,25,prculs-d,0.0,5.461121950125333
1.263,25,prcus-p,0.43656679583189373,5.461121950125333
1.263,25,prcus-i,-0.2591477781879144,5.461121950125333
1.263,25,prcus-a,-0.0,5.461121950125333
1.263,25,ifrms,-0.0,5.461121950125333
1.263,25,sspls-v,0.0,5.461121950125333
1.263,26,mcgs,-1.232334868643619,5.581007524450564
1.263,26,pos,-0.2132376205670165,5.581007524450564
1.263,26,sbps,-1.089933248927257,5.581007524450564
1.263,26,prculs-d,0.0,5.581007524450564
1.263,26,prcus-p,0.5387025728811624,5.581007524450564
1.263,26,prcus-i,-0.04106234506400597,5.581007524450564
1.263,26,prcus-a,-0.0,5.581007524450564
1.263,26,ifrms,-0.0,5.581007524450564
1.263,26,sspls-v,0.0,5.581007524450564
1.263,27,mcgs,-1.1844479295637116,5.597593384892847
1.263,27,pos,-0.2170798996881049,5.597593384892847
1.263,27,sbps,-0.821893475076863,5.597593384892847
1.263,27,prculs-d,0.0,5.597593384892847
1.263,27,prcus-p,0.5329034011929098,5.597593384892847
1.263,27,prcus-i,-0.051554990234093455,5.597593384892847
1.263,27,prcus-a,-0.330920436113906,5.597593384892847
1.263,27,ifrms,-0.0,5.597593384892847
1.263,27,sspls-v,0.0,5.597593384892847
1.35,0,mcgs,-1.0800252019636447,5.6581523347295795
1.35,0,pos,-0.22338732350018373,5.6581523347295795
1.35,0,sbps,-0.9978344212810766,5.6581523347295795
1.35,0,prculs-d,0.0,5.6581523347295795
1.35,0,prcus-p,0.4048946509841478,5.6581523347295795
1.35,0,prcus-i,-0.0,5.6581523347295795
1.35,0,prcus-a,-0.0,5.6581523347295795
1.35,0,ifrms,-0.0,5.6581523347295795
1.35,0,sspls-v,0.0,5.6581523347295795
1.35,1,mcgs,-1.4223645264378169,5.202755256169795
1.35,1,pos,-0.6019608533157019,5.202755256169795
1.35,1,sbps,-0.4958280971472021,5.202755256169795
1.35,1,prculs-d,0.0,5.202755256169795
1.35,1,prcus-p,0.7671914626111007,5.202755256169795
1.35,1,prcus-i,-0.2096089878056615,5.202755256169795
1.35,1,prcus-a,-0.0,5.202755256169795
1.35,1,ifrms,-0.0,5.202755256169795
1.35,1,sspls-v,0.0,5.202755256169795
1.35,2,mcgs,-1.1151372125623251,4.256743158171356
1.35,2,pos,-0.0,4.256743158171356
1.35,2,sbps,-2.3864658848384956,4.256743158171356
1.35,2,prculs-d,0.0,4.256743158171356
1.35,2,prcus-p,0.2833191628004756,4.256743158171356
1.35,2,prcus-i,-0.0,4.256743158171356
1.35,2,prcus-a,-0.0,4.256743158171356
1.35,2,ifrms,-0.0,4.256743158171356
1.35,2,sspls-v,0.0,4.256743158171356
1.35,3,mcgs,-0.9479202714219698,5.074213168717277
1.35,3,pos,-0.0,5.074213168717277
1.35,3,sbps,-1.3133518744945207,5.074213168717277
1.35,3,prculs-d,0.0,5.074213168717277
1.35,3,prcus-p,0.0,5.074213168717277
1.35,3,prcus-i,-0.0,5.074213168717277
1.35,3,prcus-a,-0.0,5.074213168717277
1.35,3,ifrms,-0.0,5.074213168717277
1.35,3,sspls-v,-0.0,5.074213168717277
1.35,4,mcgs,-1.0373648695731403,5.554371990558297
1.35,4,pos,-0.2567826649999144,5.554371990558297
1.35,4,sbps,-1.1003958511493481,5.554371990558297
1.35,4,prculs-d,0.0,5.554371990558297
1.35,4,prcus-p,0.5467038257365778,5.554371990558297
1.35,4,prcus-i,-0.0,5.554371990558297
1.35,4,prcus-a,-0.0,5.554371990558297
1.35,4,ifrms,-0.0,5.554371990558297
1.35,4,sspls-v,0.0,5.554371990558297
1.35,5,mcgs,-0.6755651878913306,5.358127491030145
1.35,5,pos,-0.0,5.358127491030145
1.35,5,sbps,-0.9411206030116673,5.358127491030145
1.35,5,prculs-d,0.0,5.358127491030145
1.35,5,prcus-p,0.1441843166232151,5.358127491030145
1.35,5,prcus-i,-0.254599963277083,5.358127491030145
1.35,5,prcus-a,-0.0,5.358127491030145
1.35,5,ifrms,-0.0,5.358127491030145
1.35,5,sspls-v,0.0,5.358127491030145
1.35,6,mcgs,-1.095963598555805,5.605010654220486
1.35,6,pos,-0.14596929121170393,5.605010654220486
1.35,6,sbps,-1.0421777107112058,5.605010654220486
1.35,6,prculs-d,0.0,5.605010654220486
1.35,6,prcus-p,0.368135445500521,5.605010654220486
1.35,6,prcus-i,-0.0,5.605010654220486
1.35,6,prcus-a,-0.0,5.605010654220486
1.35,6,ifrms,-0.0,5.605010654220486
1.35,6,sspls-v,0.0,5.605010654220486
1.35,7,mcgs,-1.0979857448887098,5.697211231812747
1.35,7,pos,-0.21560697355166125,5.697211231812747
1.35,7,sbps,-1.0197591618165676,5.697211231812747
1.35,7,prculs-d,0.0,5.697211231812747
1.35,7,prcus-p,0.42295203400653625,5.697211231812747
1.35,7,prcus-i,-0.02820085554263954,5.697211231812747
1.35,7,prcus-a,-0.0,5.697211231812747
1.35,7,ifrms,-0.0,5.697211231812747
1.35,7,sspls-v,0.0,5.697211231812747
1.35,8,mcgs,-1.5107454928834583,4.877638458401106
1.35,8,pos,-0.7695658544004454,4.877638458401106
1.35,8,sbps,-0.4932521783376103,4.877638458401106
1.35,8,prculs-d,0.0,4.877638458401106
1.35,8,prcus-p,0.0,4.877638458401106
1.35,8,prcus-i,-0.0,4.877638458401106
1.35,8,prcus-a,-0.0,4.877638458401106
1.35,8,ifrms,-0.0,4.877638458401106
1.35,8,sspls-v,-0.0,4.877638458401106
1.35,9,mcgs,-1.1794811452514908,5.111084457971988
1.35,9,pos,-0.0,5.111084457971988
1.35,9,sbps,-0.5800237879869249,5.111084457971988
1.35,9,prculs-d,0.0,5.111084457971988
1.35,9,prcus-p,0.7556404778478523,5.111084457971988
1.35,9,prcus-i,-0.0,5.111084457971988
1.35,9,prcus-a,-0.0,5.111084457971988
1.35,9,ifrms,-0.0,5.111084457971988
1.35,9,sspls-v,0.0,5.111084457971988
1.35,10,mcgs,-1.026239220005246,5.650154170116413
1.35,10,pos,-0.24707723142553484,5.650154170116413
1.35,10,sbps,-0.8934771787038529,5.650154170116413
1.35,10,prculs-d,0.0,5.650154170116413
1.35,10,prcus-p,0.36841132692713957,5.650154170116413
1.35,10,prcus-i,-0.0,5.650154170116413
1.35,10,prcus-a,-0.0,5.650154170116413
1.35,10,ifrms,-0.0,5.650154170116413
1.35,10,sspls-v,0.0,5.650154170116413
1.35,11,mcgs,-0.8492039629180616,5.436875419397102
1.35,11,pos,-0.03218392995394929,5.436875419397102
1.35,11,sbps,-0.7470671432552389,5.436875419397102
1.35,11,prculs-d,0.0,5.436875419397102
1.35,11,prcus-p,0.0,5.436875419397102
1.35,11,prcus-i,-0.0,5.436875419397102
1.35,11,prcus-a,-0.0,5.436875419397102
1.35,11,ifrms,-0.0,5.436875419397102
1.35,11,sspls-v,0.0,5.436875419397102
1.35,12,mcgs,-1.1204139834057856,5.679751356122911
1.35,12,pos,-0.21288358782256508,5.679751356122911
1.35,12,sbps,-0.958374097907871,5.679751356122911
1.35,12,prculs-d,0.0,5.679751356122911
1.35,12,prcus-p,0.3610857977552284,5.679751356122911
1.35,12,prcus-i,-0.011538126211635339,5.679751356122911
1.35,12,prcus-a,-0.0,5.679751356122911
1.35,12,ifrms,-0.0,5.679751356122911
1.35,12,sspls-v,0.0,5.679751356122911
1.35,13,mcgs,-1.0697316865637747,5.350552640729904
1.35,13,pos,-0.0,5.350552640729904
1.35,13,sbps,-0.4691818757967908,5.350552640729904
1.35,13,prculs-d,0.0,5.350552640729904
1.35,13,prcus-p,0.1159163088223378,5.350552640729904
1.35,13,prcus-i,-0.5532662525812478,5.350552640729904
1.35,13,prcus-a,-0.0,5.350552640729904
1.35,13,ifrms,-0.0,5.350552640729904
1.35,13,sspls-v,0.0,5.350552640729904
1.35,14,mcgs,-1.09055349774169,5.71695987955481
1.35,14,pos,-0.285367461889402,5.71695987955481
1.35,14,sbps,-0.995568769459623,5.71695987955481
1.35,14,prculs-d,0.0,5.71695987955481
1.35,14,prcus-p,0.4127046426738752,5.71695987955481
1.35,14,prcus-i,-0.1793469944104629,5.71695987955481
1.35,14,prcus-a,-0.0,5.71695987955481
1.35,14,ifrms,-0.035971328525568606,5.71695987955481
1.35,14,sspls-v,0.0,5.71695987955481
1.35,15,mcgs,-0.9289986684502396,5.65109698278357
1.35,15,pos,-0.06488131959575452,5.65109698278357
1.35,15,sbps,-0.9745806754849462,5.65109698278357
1.35,15,prculs-d,0.0,5.65109698278357
1.35,15,prcus-p,0.2317183186725618,5.65109698278357
1.35,15,prcus-i,-0.0,5.65109698278357
1.35,15,prcus-a,-0.0,5.65109698278357
1.35,15,ifrms,-0.2980107305171918,5.65109698278357
1.35,15,sspls-v,0.0,5.65109698278357
1.35,16,mcgs,-1.239946042590542,5.501052414402036
1.35,16,pos,-0.16446444401088306,5.501052414402036
1.35,16,sbps,-0.9915760736931724,5.501052414402036
1.35,16,prculs-d,0.0,5.501052414402036
1.35,16,prcus-p,0.37540807034732443,5.501052414402036
1.35,16,prcus-i,-0.0,5.501052414402036
1.35,16,prcus-a,-0.0,5.501052414402036
1.35,16,ifrms,-0.0,5.501052414402036
1.35,16,sspls-v,0.0,5.501052414402036
1.35,17,mcgs,-0.2804561566618199,5.479702500378418
1.35,17,pos,-0.6557028178877675,5.479702500378418
1.35,17,sbps,-1.2594995835452558,5.479702500378418
1.35,17,prculs-d,-0.0,5.479702500378418
1.35,17,prcus-p,0.4724344326476792,5.479702500378418
1.35,17,prcus-i,-0.0,5.479702500378418
1.35,17,prcus-a,-0.0,5.479702500378418
1.35,17,ifrms,-0.5521334236462794,5.479702500378418
1.35,17,sspls-v,0.0,5.479702500378418
1.35,18,mcgs,-1.0987731610674247,5.676893105999551
1.35,18,pos,-0.26464676557568695,5.676893105999551
1.35,18,sbps,-1.0272714052834495,5.676893105999551
1.35,18,prculs-d,0.0,5.676893105999551
1.35,18,prcus-p,0.412428470793537,5.676893105999551
1.35,18,prcus-i,-0.0,5.676893105999551
1.35,18,prcus-a,-0.0,5.676893105999551
1.35,18,ifrms,-0.0,5.676893105999551
1.35,18,sspls-v,0.0,5.676893105999551
1.35,19,mcgs,-1.0148925320417728,5.711137415143006
1.35,19,pos,-0.3184653311544209,5.711137415143006
1.35,19,sbps,-0.9687553450342481,5.711137415143006
1.35,19,prculs-d,0.0,5.711137415143006
1.35,19,prcus-p,0.49317227011516257,5.711137415143006
1.35,19,prcus-i,-0.041846437901114086,5.711137415143006
1.35,19,prcus-a,-0.0,5.711137415143006
1.35,19,ifrms,-0.0,5.711137415143006
1.35,19,sspls-v,0.0,5.711137415143006
1.35,20,mcgs,-1.0627539929148921,5.630531476649467
1.35,20,pos,-0.18486926961848812,5.630531476649467
1.35,20,sbps,-1.0628535766610803,5.630531476649467
1.35,20,prculs-d,0.0,5.630531476649467
1.35,20,prcus-p,0.4180663857311774,5.630531476649467
1.35,20,prcus-i,-0.035894485275359815,5.630531476649467
1.35,20,prcus-a,-0.0,5.630531476649467
1.35,20,ifrms,-0.0,5.630531476649467
1.35,20,sspls-v,0.0,5.630531476649467
1.35,21,mcgs,-1.1073440816866473,5.667126331345082
1.35,21,pos,-0.3231079192677849,5.667126331345082
1.35,21,sbps,-1.02297691374462,5.667126331345082
1.35,21,prculs-d,0.0,5.667126331345082
1.35,21,prcus-p,0.401434518140528,5.667126331345082
1.35,21,prcus-i,-0.0,5.667126331345082
1.35,21,prcus-a,-0.0,5.667126331345082
1.35,21,ifrms,-0.0,5.667126331345082
1.35,21,sspls-v,0.0,5.667126331345082
1.35,22,mcgs,-1.095235243963731,5.661226816742145
1.35,22,pos,-0.19034672646561768,5.661226816742145
1.35,22,sbps,-1.0668982049839018,5.661226816742145
1.35,22,prculs-d,0.0,5.661226816742145
1.35,22,prcus-p,0.3997671830161659,5.661226816742145
1.35,22,prcus-i,-0.0,5.661226816742145
1.35,22,prcus-a,-0.0,5.661226816742145
1.35,22,ifrms,-0.0,5.661226816742145
1.35,22,sspls-v,0.0,5.661226816742145
1.35,23,mcgs,-1.0406607792714104,5.5177970810965125
1.35,23,pos,-0.3492070679154762,5.5177970810965125
1.35,23,sbps,-0.5155322053917681,5.5177970810965125
1.35,23,prculs-d,0.0,5.5177970810965125
1.35,23,prcus-p,0.6692753219013189,5.5177970810965125
1.35,23,prcus-i,-0.35297890748334687,5.5177970810965125
1.35,23,prcus-a,-0.0,5.5177970810965125
1.35,23,ifrms,-0.0,5.5177970810965125
1.35,23,sspls-v,-0.0,5.5177970810965125
1.35,24,mcgs,-0.869359566578225,5.111713333402953
1.35,24,pos,-0.0,5.111713333402953
1.35,24,sbps,-1.000471238761478,5.111713333402953
1.35,24,prculs-d,0.0,5.111713333402953
1.35,24,prcus-p,1.218953194080575,5.111713333402953
1.35,24,prcus-i,-0.0,5.111713333402953
1.35,24,prcus-a,-0.0,5.111713333402953
1.35,24,ifrms,-0.0,5.111713333402953
1.35,24,sspls-v,0.0,5.111713333402953
1.35,25,mcgs,-0.7086040346560492,5.518007570318054
1.35,25,pos,-0.6444474212331711,5.518007570318054
1.35,25,sbps,-0.8146143514023022,5.518007570318054
1.35,25,prculs-d,0.0,5.518007570318054
1.35,25,prcus-p,0.3054599694582473,5.518007570318054
1.35,25,prcus-i,-0.15992726865808138,5.518007570318054
1.35,25,prcus-a,-0.0,5.518007570318054
1.35,25,ifrms,-0.0,5.518007570318054
1.35,25,sspls-v,0.0,5.518007570318054
1.35,26,mcgs,-1.1671955071577371,5.598007798783447
1.35,26,pos,-0.16354000494985646,5.598007798783447
1.35,26,sbps,-1.0253702183199342,5.598007798783447
1.35,26,prculs-d,0.0,5.598007798783447
1.35,26,prcus-p,0.4229394647863904,5.598007798783447
1.35,26,prcus-i,-0.0,5.598007798783447
1.35,26,prcus-a,-0.0,5.598007798783447
1.35,26,ifrms,-0.0,5.598007798783447
1.35,26,sspls-v,0.0,5.598007798783447
1.35,27,mcgs,-1.1239725605525925,5.621605186729174
1.35,27,pos,-0.17658419834192118,5.621605186729174
1.35,27,sbps,-0.7747579117690897,5.621605186729174
1.35,27,prculs-d,0.0,5.621605186729174
1.35,27,prcus-p,0.4131901182241834,5.621605186729174
1.35,27,prcus-i,-0.0,5.621605186729174
1.35,27,prcus-a,-0.27167387321707603,5.621605186729174
1.35,27,ifrms,-0.0,5.621605186729174
1.35,27,sspls-v,0.0,5.621605186729174
1.444,0,mcgs,-0.9687979002202917,5.676131240039261
1.444,0,pos,-0.19829480733376403,5.676131240039261
1.444,0,sbps,-0.9024578760064923,5.676131240039261
1.444,0,prculs-d,0.0,5.676131240039261
1.444,0,prcus-p,0.2697055764987373,5.676131240039261
1.444,0,prcus-i,-0.0,5.676131240039261
1.444,0,prcus-a,-0.0,5.676131240039261
1.444,0,ifrms,-0.0,5.676131240039261
1.444,0,sspls-v,0.0,5.676131240039261
1.444,1,mcgs,-1.3631253448313645,5.28995089719466
1.444,1,pos,-0.5293125587399194,5.28995089719466
1.444,1,sbps,-0.457583770547173,5.28995089719466
1.444,1,prculs-d,0.0,5.28995089719466
1.444,1,prcus-p,0.6182030339371775,5.28995089719466
1.444,1,prcus-i,-0.09390110141225548,5.28995089719466
1.444,1,prcus-a,-0.0,5.28995089719466
1.444,1,ifrms,-0.0,5.28995089719466
1.444,1,sspls-v,0.0,5.28995089719466
1.444,2,mcgs,-1.0155555641204497,4.293260029729958
1.444,2,pos,-0.0,4.293260029729958
1.444,2,sbps,-2.301292103484179,4.293260029729958
1.444,2,prculs-d,0.0,4.293260029729958
1.444,2,prcus-p,0.1726611342446057,4.293260029729958
1.444,2,prcus-i,-0.0,4.293260029729958
1.444,2,prcus-a,-0.0,4.293260029729958
1.444,2,ifrms,-0.0,4.293260029729958
1.444,2,sspls-v,0.0,4.293260029729958
1.444,3,mcgs,-0.866147035677894,5.065589085024866
1.444,3,pos,-0.0,5.065589085024866
1.444,3,sbps,-1.2315784161209367,5.065589085024866
1.444,3,prculs-d,0.0,5.065589085024866
1.444,3,prcus-p,0.0,5.065589085024866
1.444,3,prcus-i,-0.0,5.065589085024866
1.444,3,prcus-a,-0.0,5.065589085024866
1.444,3,ifrms,-0.0,5.065589085024866
1.444,3,sspls-v,-0.0,5.065589085024866
1.444,4,mcgs,-0.9582799568679873,5.572494033892963
1.444,4,pos,-0.20597804544054285,5.572494033892963
1.444,4,sbps,-1.0214619390049278,5.572494033892963
1.444,4,prculs-d,0.0,5.572494033892963
1.444,4,prcus-p,0.4327303664111137,5.572494033892963
1.444,4,prcus-i,-0.0,5.572494033892963
1.444,4,prcus-a,-0.0,5.572494033892963
1.444,4,ifrms,-0.0,5.572494033892963
1.444,4,sspls-v,0.0,5.572494033892963
1.444,5,mcgs,-0.5931530103848354,5.387698867863229
1.444,5,pos,-0.0,5.387698867863229
1.444,5,sbps,-0.8634463386067788,5.387698867863229
1.444,5,prculs-d,0.0,5.387698867863229
1.444,5,prcus-p,0.0,5.387698867863229
1.444,5,prcus-i,-0.16310404329614203,5.387698867863229
1.444,5,prcus-a,-0.0,5.387698867863229
1.444,5,ifrms,-0.0,5.387698867863229
1.444,5,sspls-v,0.0,5.387698867863229
1.444,6,mcgs,-1.010909286328957,5.615906597592117
1.444,6,pos,-0.09449423416894225,5.615906597592117
1.444,6,sbps,-0.9656398768163582,5.615906597592117
1.444,6,prculs-d,0.0,5.615906597592117
1.444,6,prcus-p,0.25215506422613604,5.615906597592117
1.444,6,prcus-i,-0.0,5.615906597592117
1.444,6,prcus-a,-0.0,5.615906597592117
1.444,6,ifrms,-0.0,5.615906597592117
1.444,6,sspls-v,0.0,5.615906597592117
1.444,7,mcgs,-1.0223938494231766,5.719444234604294
1.444,7,pos,-0.16285768474978765,5.719444234604294
1.444,7,sbps,-0.9477802528891884,5.719444234604294
1.444,7,prculs-d,0.0,5.719444234604294
1.444,7,prcus-p,0.3021514130047746,5.719444234604294
1.444,7,prcus-i,-0.0,5.719444234604294
1.444,7,prcus-a,-0.0,5.719444234604294
1.444,7,ifrms,-0.0,5.719444234604294
1.444,7,sspls-v,0.0,5.719444234604294
1.444,8,mcgs,-1.4438867821152919,4.903035842942848
1.444,8,pos,-0.7161388328949237,4.903035842942848
1.444,8,sbps,-0.4268721855178089,4.903035842942848
1.444,8,prculs-d,0.0,4.903035842942848
1.444,8,prcus-p,0.0,4.903035842942848
1.444,8,prcus-i,-0.0,4.903035842942848
1.444,8,prcus-a,-0.0,4.903035842942848
1.444,8,ifrms,-0.0,4.903035842942848
1.444,8,sspls-v,-0.0,4.903035842942848
1.444,9,mcgs,-1.0807486231653651,5.154873204251634
1.444,9,pos,-0.0,5.154873204251634
1.444,9,sbps,-0.49678084619938284,5.154873204251634
1.444,9,prculs-d,0.0,5.154873204251634
1.444,9,prcus-p,0.6469899326305208,5.154873204251634
1.444,9,prcus-i,-0.0,5.154873204251634
1.444,9,prcus-a,-0.0,5.154873204251634
1.444,9,ifrms,-0.0,5.154873204251634
1.444,9,sspls-v,0.0,5.154873204251634
1.444,10,mcgs,-0.9379890865092709,5.65607061676004
1.444,10,pos,-0.20062810679762005,5.65607061676004
1.444,10,sbps,-0.8115525091645673,5.65607061676004
1.444,10,prculs-d,0.0,5.65607061676004
1.444,10,prcus-p,0.2518048497743725,5.65607061676004
1.444,10,prcus-i,-0.0,5.65607061676004
1.444,10,prcus-a,-0.0,5.65607061676004
1.444,10,ifrms,-0.0,5.65607061676004
1.444,10,sspls-v,0.0,5.65607061676004
1.444,11,mcgs,-0.772585936671105,5.392622311421939
1.444,11,pos,-0.0,5.392622311421939
1.444,11,sbps,-0.6681918295293521,5.392622311421939
1.444,11,prculs-d,0.0,5.392622311421939
1.444,11,prcus-p,0.0,5.392622311421939
1.444,11,prcus-i,-0.0,5.392622311421939
1.444,11,prcus-a,-0.0,5.392622311421939
1.444,11,ifrms,-0.0,5.392622311421939
1.444,11,sspls-v,0.0,5.392622311421939
1.444,12,mcgs,-1.0397992829242209,5.687192799018623
1.444,12,pos,-0.16273302159607747,5.687192799018623
1.444,12,sbps,-0.8796969563105752,5.687192799018623
1.444,12,prculs-d,0.0,5.687192799018623
1.444,12,prcus-p,0.2414373414849467,5.687192799018623
1.444,12,prcus-i,-0.0,5.687192799018623
1.444,12,prcus-a,-0.0,5.687192799018623
1.444,12,ifrms,-0.0,5.687192799018623
1.444,12,sspls-v,0.0,5.687192799018623
1.444,13,mcgs,-0.9937832682303797,5.367355843749335
1.444,13,pos,-0.0,5.367355843749335
1.444,13,sbps,-0.39249105207280294,5.367355843749335
1.444,13,prculs-d,0.0,5.367355843749335
1.444,13,prcus-p,0.0,5.367355843749335
1.444,13,prcus-i,-0.47357261479994905,5.367355843749335
1.444,13,prcus-a,-0.0,5.367355843749335
1.444,13,ifrms,-0.0,5.367355843749335
1.444,13,sspls-v,0.0,5.367355843749335
1.444,14,mcgs,-1.0322626527767556,5.745656242267682
1.444,14,pos,-0.2233723652786168,5.745656242267682
1.444,14,sbps,-0.9401518658391594,5.745656242267682
1.444,14,prculs-d,0.0,5.745656242267682
1.444,14,prcus-p,0.2765472331789586,5.745656242267682
1.444,14,prcus-i,-0.08188841012048707,5.745656242267682
1.444,14,prcus-a,-0.0,5.745656242267682
1.444,14,ifrms,-0.0,5.745656242267682
1.444,14,sspls-v,0.0,5.745656242267682
1.444,15,mcgs,-0.8410747155611352,5.661639813139708
1.444,15,pos,-0.02245819203447963,5.661639813139708
1.444,15,sbps,-0.9063537774622654,5.661639813139708
1.444,15,prculs-d,0.0,5.661639813139708
1.444,15,prcus-p,0.10673503847248399,5.661639813139708
1.444,15,prcus-i,-0.0,5.661639813139708
1.444,15,prcus-a,-0.0,5.661639813139708
1.444,15,ifrms,-0.21928895076242974,5.661639813139708
1.444,15,sspls-v,0.0,5.661639813139708
1.444,16,mcgs,-1.1659438197672713,5.5163574981531625
1.444,16,pos,-0.11357768981549352,5.5163574981531625
1.444,16,sbps,-0.9137041273591311,5.5163574981531625
1.444,16,prculs-d,0.0,5.5163574981531625
1.444,16,prcus-p,0.2654964383198319,5.5163574981531625
1.444,16,prcus-i,-0.0,5.5163574981531625
1.444,16,prcus-a,-0.0,5.5163574981531625
1.444,16,ifrms,-0.0,5.5163574981531625
1.444,16,sspls-v,0.0,5.5163574981531625
1.444,17,mcgs,-0.22226866707289536,5.546508748001191
1.444,17,pos,-0.6042417089647266,5.546508748001191
1.444,17,sbps,-1.1894040874684202,5.546508748001191
1.444,17,prculs-d,-0.0,5.546508748001191
1.444,17,prcus-p,0.34744026205911427,5.546508748001191
1.444,17,prcus-i,-0.0,5.546508748001191
1.444,17,prcus-a,-0.0,5.546508748001191
1.444,17,ifrms,-0.4580493644132741,5.546508748001191
1.444,17,sspls-v,0.0,5.546508748001191
1.444,18,mcgs,-1.0160418197259622,5.700537959587172
1.444,18,pos,-0.21495732177884938,5.700537959587172
1.444,18,sbps,-0.9492243778661085,5.700537959587172
1.444,18,prculs-d,0.0,5.700537959587172
1.444,18,prcus-p,0.29817187209010776,5.700537959587172
1.444,18,prcus-i,-0.0,5.700537959587172
1.444,18,prcus-a,-0.0,5.700537959587172
1.444,18,ifrms,-0.0,5.700537959587172
1.444,18,sspls-v,0.0,5.700537959587172
1.444,19,mcgs,-0.9463432015396139,5.737592760515493
1.444,19,pos,-0.27399523526449043,5.737592760515493
1.444,19,sbps,-0.8965148576689096,5.737592760515493
1.444,19,prculs-d,0.0,5.737592760515493
1.444,19,prcus-p,0.376248702837358,5.737592760515493
1.444,19,prcus-i,-0.0,5.737592760515493
1.444,19,prcus-a,-0.0,5.737592760515493
1.444,19,ifrms,-0.0,5.737592760515493
1.444,19,sspls-v,0.0,5.737592760515493
1.444,20,mcgs,-0.9900982077227727,5.6564644198993115
1.444,20,pos,-0.13096050266229253,5.6564644198993115
1.444,20,sbps,-0.9935625988120432,5.6564644198993115
1.444,20,prculs-d,0.0,5.6564644198993115
1.444,20,prcus-p,0.29493875544438797,5.6564644198993115
1.444,20,prcus-i,-0.0,5.6564644198993115
1.444,20,prcus-a,-0.0,5.6564644198993115
1.444,20,ifrms,-0.0,5.6564644198993115
1.444,20,sspls-v,0.0,5.6564644198993115
1.444,21,mcgs,-1.0233558352402157,5.6938893106846065
1.444,21,pos,-0.2753232798169083,5.6938893106846065
1.444,21,sbps,-0.9449165114002591,5.6938893106846065
1.444,21,prculs-d,0.0,5.6938893106846065
1.444,21,prcus-p,0.29465246404845513,5.6938893106846065
1.444,21,prcus-i,-0.0,5.6938893106846065
1.444,21,prcus-a,-0.0,5.6938893106846065
1.444,21,ifrms,-0.0,5.6938893106846065
1.444,21,sspls-v,0.0,5.6938893106846065
1.444,22,mcgs,-1.0096404549529725,5.672423658350089
1.444,22,pos,-0.13962421360644586,5.672423658350089
1.444,22,sbps,-0.996837839016655,5.672423658350089
1.444,22,prculs-d,0.0,5.672423658350089
1.444,22,prcus-p,0.28475377845134914,5.672423658350089
1.444,22,prcus-i,-0.0,5.672423658350089
1.444,22,prcus-a,-0.0,5.672423658350089
1.444,22,ifrms,-0.0,5.672423658350089
1.444,22,sspls-v,0.0,5.672423658350089
1.444,23,mcgs,-0.9873227392645626,5.5404154407647
1.444,23,pos,-0.28436558191964084,5.5404154407647
1.444,23,sbps,-0.4671425627520808,5.5404154407647
1.444,23,prculs-d,0.0,5.5404154407647
1.444,23,prcus-p,0.5276688199672802,5.5404154407647
1.444,23,prcus-i,-0.24264952008264562,5.5404154407647
1.444,23,prcus-a,-0.0,5.5404154407647
1.444,23,ifrms,-0.0,5.5404154407647
1.444,23,sspls-v,-0.0,5.5404154407647
1.444,24,mcgs,-0.7871711478833164,5.166089930789623
1.444,24,pos,-0.0,5.166089930789623
1.444,24,sbps,-0.9142874409700834,5.166089930789623
1.444,24,prculs-d,0.0,5.166089930789623
1.444,24,prcus-p,1.1265904094252532,5.166089930789623
1.444,24,prcus-i,-0.0,5.166089930789623
1.444,24,prcus-a,-0.0,5.166089930789623
1.444,24,ifrms,-0.0,5.166089930789623
1.444,24,sspls-v,0.0,5.166089930789623
1.444,25,mcgs,-0.653905888283739,5.5686607214695005
1.444,25,pos,-0.5862623311136206,5.5686607214695005
1.444,25,sbps,-0.7550263929731587,5.5686607214695005
1.444,25,prculs-d,0.0,5.5686607214695005
1.444,25,prcus-p,0.16380197593127044,5.5686607214695005
1.444,25,prcus-i,-0.05271661100122208,5.5686607214695005
1.444,25,prcus-a,-0.0,5.5686607214695005
1.444,25,ifrms,-0.0,5.5686607214695005
1.444,25,sspls-v,0.0,5.5686607214695005
1.444,26,mcgs,-1.0835697470631853,5.614678498902823
1.444,26,pos,-0.11662614522764712,5.614678498902823
1.444,26,sbps,-0.9477382914287033,5.614678498902823
1.444,26,prculs-d,0.0,5.614678498902823
1.444,26,prcus-p,0.3090512796579212,5.614678498902823
1.444,26,prcus-i,-0.0,5.614678498902823
1.444,26,prcus-a,-0.0,5.614678498902823
1.444,26,ifrms,-0.0,5.614678498902823
1.444,26,sspls-v,0.0,5.614678498902823
1.444,27,mcgs,-1.0425649973691478,5.641161990641592
1.444,27,pos,-0.13840565661926943,5.641161990641592
1.444,27,sbps,-0.7136319966229543,5.641161990641592
1.444,27,prculs-d,0.0,5.641161990641592
1.444,27,prcus-p,0.2984023240122419,5.641161990641592
1.444,27,prcus-i,-0.0,5.641161990641592
1.444,27,prcus-a,-0.21522275930468412,5.641161990641592
1.444,27,ifrms,-0.0,5.641161990641592
1.444,27,sspls-v,0.0,5.641161990641592
1.543,0,mcgs,-0.8516542526395253,5.68799525596015
1.543,0,pos,-0.17186758286061873,5.68799525596015
1.543,0,sbps,-0.8020081102385799,5.68799525596015
1.543,0,prculs-d,0.0,5.68799525596015
1.543,0,prcus-p,0.12732559379601605,5.68799525596015
1.543,0,prcus-i,-0.0,5.68799525596015
1.543,0,prcus-a,-0.0,5.68799525596015
1.543,0,ifrms,-0.0,5.68799525596015
1.543,0,sspls-v,0.0,5.68799525596015
1.543,1,mcgs,-1.293949784248546,5.354268583518013
1.543,1,pos,-0.4571236989445936,5.354268583518013
1.543,1,sbps,-0.41136068970966827,5.354268583518013
1.543,1,prculs-d,0.0,5.354268583518013
1.543,1,prcus-p,0.46900625260045853,5.354268583518013
1.543,1,prcus-i,-0.0,5.354268583518013
1.543,1,prcus-a,-0.0,5.354268583518013
1.543,1,ifrms,-0.0,5.354268583518013
1.543,1,sspls-v,0.0,5.354268583518013
1.543,2,mcgs,-0.9106770194848579,4.351454845165119
1.543,2,pos,-0.0,4.351454845165119
1.543,2,sbps,-2.211587801845056,4.351454845165119
1.543,2,prculs-d,0.0,4.351454845165119
1.543,2,prcus-p,0.05611704034001894,4.351454845165119
1.543,2,prcus-i,-0.0,4.351454845165119
1.543,2,prcus-a,-0.0,4.351454845165119
1.543,2,ifrms,-0.0,4.351454845165119
1.543,2,sspls-v,0.0,4.351454845165119
1.543,3,mcgs,-0.7800244808398893,5.065225280721402
1.543,3,pos,-0.0,5.065225280721402
1.543,3,sbps,-1.145455257695308,5.065225280721402
1.543,3,prculs-d,0.0,5.065225280721402
1.543,3,prcus-p,0.0,5.065225280721402
1.543,3,prcus-i,-0.0,5.065225280721402
1.543,3,prcus-a,-0.0,5.065225280721402
1.543,3,ifrms,-0.0,5.065225280721402
1.543,3,sspls-v,-0.0,5.065225280721402
1.543,4,mcgs,-0.8749883998700061,5.585367756837183
1.543,4,pos,-0.15247105250035298,5.585367756837183
1.543,4,sbps,-0.9383294145123978,5.585367756837183
1.543,4,prculs-d,0.0,5.585367756837183
1.543,4,prcus-p,0.31269448903642244,5.585367756837183
1.543,4,prcus-i,-0.0,5.585367756837183
1.543,4,prcus-a,-0.0,5.585367756837183
1.543,4,ifrms,-0.0,5.585367756837183
1.543,4,sspls-v,0.0,5.585367756837183
1.543,5,mcgs,-0.5238225512396887,5.38422313089318
1.543,5,pos,-0.0,5.38422313089318
1.543,5,sbps,-0.7852002226136838,5.38422313089318
1.543,5,prculs-d,0.0,5.38422313089318
1.543,5,prcus-p,0.0,5.38422313089318
1.543,5,prcus-i,-0.10427083262601743,5.38422313089318
1.543,5,prcus-a,-0.0,5.38422313089318
1.543,5,ifrms,-0.0,5.38422313089318
1.543,5,sspls-v,0.0,5.38422313089318
1.543,6,mcgs,-0.9213267570627012,5.625609217213025
1.543,6,pos,-0.04028157979998833,5.625609217213025
1.543,6,sbps,-0.8850309215501512,5.625609217213025
1.543,6,prculs-d,0.0,5.625609217213025
1.543,6,prcus-p,0.13000490333883746,5.625609217213025
1.543,6,prcus-i,-0.0,5.625609217213025
1.543,6,prcus-a,-0.0,5.625609217213025
1.543,6,ifrms,-0.0,5.625609217213025
1.543,6,sspls-v,0.0,5.625609217213025
1.543,7,mcgs,-0.9334437198566566,5.732835854774917
1.543,7,pos,-0.10997221209504877,5.732835854774917
1.543,7,sbps,-0.8670348530403709,5.732835854774917
1.543,7,prculs-d,0.0,5.732835854774917
1.543,7,prcus-p,0.18272863345547985,5.732835854774917
1.543,7,prcus-i,-0.0,5.732835854774917
1.543,7,prcus-a,-0.0,5.732835854774917
1.543,7,ifrms,-0.0,5.732835854774917
1.543,7,sspls-v,0.0,5.732835854774917
1.543,8,mcgs,-1.3734717569445654,4.926036300947094
1.543,8,pos,-0.6598699485433639,4.926036300947094
1.543,8,sbps,-0.356961342016102,4.926036300947094
1.543,8,prculs-d,0.0,4.926036300947094
1.543,8,prcus-p,0.0,4.926036300947094
1.543,8,prcus-i,-0.0,4.926036300947094
1.543,8,prcus-a,-0.0,4.926036300947094
1.543,8,ifrms,-0.0,4.926036300947094
1.543,8,sspls-v,-0.0,4.926036300947094
1.543,9,mcgs,-0.9767643711810423,5.2230870397013875
1.543,9,pos,-0.0,5.2230870397013875
1.543,9,sbps,-0.40911008835931145,5.2230870397013875
1.543,9,prculs-d,0.0,5.2230870397013875
1.543,9,prcus-p,0.5325601030931192,5.2230870397013875
1.543,9,prcus-i,-0.0,5.2230870397013875
1.543,9,prcus-a,-0.0,5.2230870397013875
1.543,9,ifrms,-0.0,5.2230870397013875
1.543,9,sspls-v,0.0,5.2230870397013875
1.543,10,mcgs,-0.8450447969762772,5.672664726250492
1.543,10,pos,-0.1517082840511979,5.672664726250492
1.543,10,sbps,-0.7252701444370225,5.672664726250492
1.543,10,prculs-d,0.0,5.672664726250492
1.543,10,prcus-p,0.12899590043262965,5.672664726250492
1.543,10,prcus-i,-0.0,5.672664726250492
1.543,10,prcus-a,-0.0,5.672664726250492
1.543,10,ifrms,-0.0,5.672664726250492
1.543,10,sspls-v,0.0,5.672664726250492
1.543,11,mcgs,-0.6823744150637194,5.363796238098688
1.543,11,pos,-0.0,5.363796238098688
1.543,11,sbps,-0.5779802899562219,5.363796238098688
1.543,11,prculs-d,0.0,5.363796238098688
1.543,11,prcus-p,0.0,5.363796238098688
1.543,11,prcus-i,-0.0,5.363796238098688
1.543,11,prcus-a,-0.0,5.363796238098688
1.543,11,ifrms,-0.0,5.363796238098688
1.543,11,sspls-v,-0.0,5.363796238098688
1.543,12,mcgs,-0.9515018642768103,5.691011156194606
1.543,12,pos,-0.11149563043218526,5.691011156194606
1.543,12,sbps,-0.7945726656135881,5.691011156194606
1.543,12,prculs-d,0.0,5.691011156194606
1.543,12,prcus-p,0.11838482275669812,5.691011156194606
1.543,12,prcus-i,-0.0,5.691011156194606
1.543,12,prcus-a,-0.0,5.691011156194606
1.543,12,ifrms,-0.0,5.691011156194606
1.543,12,sspls-v,0.0,5.691011156194606
1.543,13,mcgs,-0.9226432092167471,5.362478987745057
1.543,13,pos,-0.0,5.362478987745057
1.543,13,sbps,-0.3198433282543822,5.362478987745057
1.543,13,prculs-d,-0.0,5.362478987745057
1.543,13,prcus-p,0.0,5.362478987745057
1.543,13,prcus-i,-0.41685523985466594,5.362478987745057
1.543,13,prcus-a,-0.0,5.362478987745057
1.543,13,ifrms,-0.0,5.362478987745057
1.543,13,sspls-v,0.0,5.362478987745057
1.543,14,mcgs,-0.9675150580448791,5.765333299532135
1.543,14,pos,-0.15957672976885423,5.765333299532135
1.543,14,sbps,-0.8736105183886899,5.765333299532135
1.543,14,prculs-d,0.0,5.765333299532135
1.543,14,prcus-p,0.140874495823456,5.765333299532135
1.543,14,prcus-i,-0.0,5.765333299532135
1.543,14,prcus-a,-0.0,5.765333299532135
1.543,14,ifrms,-0.0,5.765333299532135
1.543,14,sspls-v,0.0,5.765333299532135
1.543,15,mcgs,-0.7465821584172511,5.653467786313139
1.543,15,pos,-0.0,5.653467786313139
1.543,15,sbps,-0.8309148545585473,5.653467786313139
1.543,15,prculs-d,0.0,5.653467786313139
1.543,15,prcus-p,0.0,5.653467786313139
1.543,15,prcus-i,-0.0,5.653467786313139
1.543,15,prcus-a,-0.0,5.653467786313139
1.543,15,ifrms,-0.13547781438530995,5.653467786313139
1.543,15,sspls-v,0.0,5.653467786313139
1.543,16,mcgs,-1.0880053084959531,5.534178290770497
1.543,16,pos,-0.05998419337566982,5.534178290770497
1.543,16,sbps,-0.8316900562200857,5.534178290770497
1.543,16,prculs-d,0.0,5.534178290770497
1.543,16,prcus-p,0.14973844288662128,5.534178290770497
1.543,16,prcus-i,-0.0,5.534178290770497
1.543,16,prcus-a,-0.0,5.534178290770497
1.543,16,ifrms,-0.0,5.534178290770497
1.543,16,sspls-v,0.0,5.534178290770497
1.543,17,mcgs,-0.16098609825051716,5.598403646564379
1.543,17,pos,-0.5500433070138645,5.598403646564379
1.543,17,sbps,-1.1155801075577132,5.598403646564379
1.543,17,prculs-d,-0.0,5.598403646564379
1.543,17,prcus-p,0.2157974653754122,5.598403646564379
1.543,17,prcus-i,-0.0,5.598403646564379
1.543,17,prcus-a,-0.0,5.598403646564379
1.543,17,ifrms,-0.35896083394447204,5.598403646564379
1.543,17,sspls-v,0.0,5.598403646564379
1.543,18,mcgs,-0.9289098751216577,5.726435101909142
1.543,18,pos,-0.16262482246090076,5.726435101909142
1.543,18,sbps,-0.8670259128201863,5.726435101909142
1.543,18,prculs-d,0.0,5.726435101909142
1.543,18,prcus-p,0.1778377947322409,5.726435101909142
1.543,18,prcus-i,-0.0,5.726435101909142
1.543,18,prcus-a,-0.0,5.726435101909142
1.543,18,ifrms,-0.0,5.726435101909142
1.543,18,sspls-v,0.0,5.726435101909142
1.543,19,mcgs,-0.8683619605823201,5.754512270576485
1.543,19,pos,-0.22671341591689298,5.754512270576485
1.543,19,sbps,-0.8145608577414377,5.754512270576485
1.543,19,prculs-d,0.0,5.754512270576485
1.543,19,prcus-p,0.26310472798927964,5.754512270576485
1.543,19,prcus-i,-0.0,5.754512270576485
1.543,19,prcus-a,-0.0,5.754512270576485
1.543,19,ifrms,-0.0,5.754512270576485
1.543,19,sspls-v,0.0,5.754512270576485
1.543,20,mcgs,-0.9021755207074799,5.6695412683544575
1.543,20,pos,-0.07848454821261151,5.6695412683544575
1.543,20,sbps,-0.9147073138281805,5.6695412683544575
1.543,20,prculs-d,0.0,5.6695412683544575
1.543,20,prcus-p,0.17491112441730705,5.6695412683544575
1.543,20,prcus-i,-0.0,5.6695412683544575
1.543,20,prcus-a,-0.0,5.6695412683544575
1.543,20,ifrms,-0.0,5.6695412683544575
1.543,20,sspls-v,0.0,5.6695412683544575
1.543,21,mcgs,-0.9349001288764196,5.7262258339512995
1.543,21,pos,-0.2249969042250299,5.7262258339512995
1.543,21,sbps,-0.8627039599950288,5.7262258339512995
1.543,21,prculs-d,0.0,5.7262258339512995
1.543,21,prcus-p,0.18219051346212284,5.7262258339512995
1.543,21,prcus-i,-0.0,5.7262258339512995
1.543,21,prcus-a,-0.0,5.7262258339512995
1.543,21,ifrms,-0.0,5.7262258339512995
1.543,21,sspls-v,0.0,5.7262258339512995
1.543,22,mcgs,-0.919492751633133,5.685425686029305
1.543,22,pos,-0.08620369474412669,5.685425686029305
1.543,22,sbps,-0.9230508578383853,5.685425686029305
1.543,22,prculs-d,0.0,5.685425686029305
1.543,22,prcus-p,0.16362263960117138,5.685425686029305
1.543,22,prcus-i,-0.0,5.685425686029305
1.543,22,prcus-a,-0.0,5.685425686029305
1.543,22,ifrms,-0.0,5.685425686029305
1.543,22,sspls-v,0.0,5.685425686029305
1.543,23,mcgs,-0.931150373211274,5.554957567116829
1.543,23,pos,-0.21609391520924856,5.554957567116829
1.543,23,sbps,-0.4161694117739505,5.554957567116829
1.543,23,prculs-d,0.0,5.554957567116829
1.543,23,prcus-p,0.378540749951481,5.554957567116829
1.543,23,prcus-i,-0.1264559581827269,5.554957567116829
1.543,23,prcus-a,-0.0,5.554957567116829
1.543,23,ifrms,-0.0,5.554957567116829
1.543,23,sspls-v,-0.0,5.554957567116829
1.543,24,mcgs,-0.7006110047897424,5.246608222017166
1.543,24,pos,-0.0,5.246608222017166
1.543,24,sbps,-0.8235193986153179,5.246608222017166
1.543,24,prculs-d,0.0,5.246608222017166
1.543,24,prcus-p,1.0293147106925211,5.246608222017166
1.543,24,prcus-i,-0.0,5.246608222017166
1.543,24,prcus-a,-0.0,5.246608222017166
1.543,24,ifrms,-0.0,5.246608222017166
1.543,24,sspls-v,0.0,5.246608222017166
1.543,25,mcgs,-0.5779874217776435,5.584083508288813
1.543,25,pos,-0.5345544383607206,5.584083508288813
1.543,25,sbps,-0.680819977307799,5.584083508288813
1.543,25,prculs-d,0.0,5.584083508288813
1.543,25,prcus-p,0.029260493570726683,5.584083508288813
1.543,25,prcus-i,-0.0,5.584083508288813
1.543,25,prcus-a,-0.0,5.584083508288813
1.543,25,ifrms,-0.0,5.584083508288813
1.543,25,sspls-v,0.0,5.584083508288813
1.543,26,mcgs,-0.9954958082401978,5.636404737763187
1.543,26,pos,-0.06721686743510834,5.636404737763187
1.543,26,sbps,-0.8659770067241096,5.636404737763187
1.543,26,prculs-d,0.0,5.636404737763187
1.543,26,prcus-p,0.18910521234176783,5.636404737763187
1.543,26,prcus-i,-0.0,5.636404737763187
1.543,26,prcus-a,-0.0,5.636404737763187
1.543,26,ifrms,-0.0,5.636404737763187
1.543,26,sspls-v,0.0,5.636404737763187
1.543,27,mcgs,-0.9568272446546671,5.659684447261214
1.543,27,pos,-0.09819634140073355,5.659684447261214
1.543,27,sbps,-0.6492547030116003,5.659684447261214
1.543,27,prculs-d,0.0,5.659684447261214
1.543,27,prcus-p,0.1775087960656229,5.659684447261214
1.543,27,prcus-i,-0.0,5.659684447261214
1.543,27,prcus-a,-0.15576892656716368,5.659684447261214
1.543,27,ifrms,-0.0,5.659684447261214
1.543,27,sspls-v,0.0,5.659684447261214
1.65,0,mcgs,-0.7329355545293073,5.693220559928597
1.65,0,pos,-0.1395134180122839,5.693220559928597
1.65,0,sbps,-0.697429763577196,5.693220559928597
1.65,0,prculs-d,0.0,5.693220559928597
1.65,0,prcus-p,0.0,5.693220559928597
1.65,0,prcus-i,-0.0,5.693220559928597
1.65,0,prcus-a,-0.0,5.693220559928597
1.65,0,ifrms,-0.0,5.693220559928597
1.65,0,sspls-v,0.0,5.693220559928597
1.65,1,mcgs,-1.1946876782131992,5.391200832073274
1.65,1,pos,-0.395007763183946,5.391200832073274
1.65,1,sbps,-0.33964789216296287,5.391200832073274
1.65,1,prculs-d,0.0,5.391200832073274
1.65,1,prcus-p,0.335962771498621,5.391200832073274
1.65,1,prcus-i,-0.0,5.391200832073274
1.65,1,prcus-a,-0.0,5.391200832073274
1.65,1,ifrms,-0.0,5.391200832073274
1.65,1,sspls-v,0.0,5.391200832073274
1.65,2,mcgs,-0.8072139381947702,4.420896881860861
1.65,2,pos,-0.0,4.420896881860861
1.65,2,sbps,-2.1154309209310207,4.420896881860861
1.65,2,prculs-d,0.0,4.420896881860861
1.65,2,prcus-p,0.0,4.420896881860861
1.65,2,prcus-i,-0.0,4.420896881860861
1.65,2,prcus-a,-0.0,4.420896881860861
1.65,2,ifrms,-0.0,4.420896881860861
1.65,2,sspls-v,0.0,4.420896881860861
1.65,3,mcgs,-0.6869433896650051,5.078979034109358
1.65,3,pos,-0.0,5.078979034109358
1.65,3,sbps,-1.052372523234901,5.078979034109358
1.65,3,prculs-d,0.0,5.078979034109358
1.65,3,prcus-p,0.0,5.078979034109358
1.65,3,prcus-i,-0.0,5.078979034109358
1.65,3,prcus-a,-0.0,5.078979034109358
1.65,3,ifrms,-0.0,5.078979034109358
1.65,3,sspls-v,-0.0,5.078979034109358
1.65,4,mcgs,-0.7849662120034999,5.618385621379644
1.65,4,pos,-0.09464026215085763,5.618385621379644
1.65,4,sbps,-0.8484791102628975,5.618385621379644
1.65,4,prculs-d,0.0,5.618385621379644
1.65,4,prcus-p,0.18295874278296903,5.618385621379644
1.65,4,prcus-i,-0.0,5.618385621379644
1.65,4,prcus-a,-0.0,5.618385621379644
1.65,4,ifrms,-0.0,5.618385621379644
1.65,4,sspls-v,0.0,5.618385621379644
1.65,5,mcgs,-0.4488895493247804,5.37587104300506
1.65,5,pos,-0.0,5.37587104300506
1.65,5,sbps,-0.7006310093664194,5.37587104300506
1.65,5,prculs-d,0.0,5.37587104300506
1.65,5,prcus-p,0.0,5.37587104300506
1.65,5,prcus-i,-0.040683488503207306,5.37587104300506
1.65,5,prcus-a,-0.0,5.37587104300506
1.65,5,ifrms,-0.0,5.37587104300506
1.65,5,sspls-v,0.0,5.37587104300506
1.65,6,mcgs,-0.8194896144671653,5.626533046315449
1.65,6,pos,-0.0,5.626533046315449
1.65,6,sbps,-0.7936170993046981,5.626533046315449
1.65,6,prculs-d,0.0,5.626533046315449
1.65,6,prcus-p,0.0,5.626533046315449
1.65,6,prcus-i,-0.0,5.626533046315449
1.65,6,prcus-a,-0.0,5.626533046315449
1.65,6,ifrms,-0.0,5.626533046315449
1.65,6,sspls-v,0.0,5.626533046315449
1.65,7,mcgs,-0.8373057010322359,5.739206095240521
1.65,7,pos,-0.052813165892452996,5.739206095240521
1.65,7,sbps,-0.7797645723956912,5.739206095240521
1.65,7,prculs-d,0.0,5.739206095240521
1.65,7,prcus-p,0.05365552828603968,5.739206095240521
1.65,7,prcus-i,-0.0,5.739206095240521
1.65,7,prcus-a,-0.0,5.739206095240521
1.65,7,ifrms,-0.0,5.739206095240521
1.65,7,sspls-v,0.0,5.739206095240521
1.65,8,mcgs,-1.2973666287297387,4.963441067384406
1.65,8,pos,-0.599054083638142,4.963441067384406
1.65,8,sbps,-0.2814011374233482,4.963441067384406
1.65,8,prculs-d,0.0,4.963441067384406
1.65,8,prcus-p,0.0,4.963441067384406
1.65,8,prcus-i,-0.0,4.963441067384406
1.65,8,prcus-a,-0.0,4.963441067384406
1.65,8,ifrms,-0.0,4.963441067384406
1.65,8,sspls-v,-0.0,4.963441067384406
1.65,9,mcgs,-0.8643773513596018,5.271205520044698
1.65,9,pos,-0.0,5.271205520044698
1.65,9,sbps,-0.3143548248351947,5.271205520044698
1.65,9,prculs-d,0.0,5.271205520044698
1.65,9,prcus-p,0.4088834186436043,5.271205520044698
1.65,9,prcus-i,-0.0,5.271205520044698
1.65,9,prcus-a,-0.0,5.271205520044698
1.65,9,ifrms,-0.0,5.271205520044698
1.65,9,sspls-v,0.0,5.271205520044698
1.65,10,mcgs,-0.7451946393408446,5.6718904549245055
1.65,10,pos,-0.09869239830904458,5.6718904549245055
1.65,10,sbps,-0.6323129460858327,5.6718904549245055
1.65,10,prculs-d,0.0,5.6718904549245055
1.65,10,prcus-p,0.0,5.6718904549245055
1.65,10,prcus-i,-0.0,5.6718904549245055
1.65,10,prcus-a,-0.0,5.6718904549245055
1.65,10,ifrms,-0.0,5.6718904549245055
1.65,10,sspls-v,0.0,5.6718904549245055
1.65,11,mcgs,-0.5848731073467143,5.34454293772592
1.65,11,pos,-0.0,5.34454293772592
1.65,11,sbps,-0.48047892570885165,5.34454293772592
1.65,11,prculs-d,0.0,5.34454293772592
1.65,11,prcus-p,0.0,5.34454293772592
1.65,11,prcus-i,-0.0,5.34454293772592
1.65,11,prcus-a,-0.0,5.34454293772592
1.65,11,ifrms,-0.0,5.34454293772592
1.65,11,sspls-v,-0.0,5.34454293772592
1.65,12,mcgs,-0.8582247117486733,5.690554448028085
1.65,12,pos,-0.05563595654505059,5.690554448028085
1.65,12,sbps,-0.7039030163531165,5.690554448028085
1.65,12,prculs-d,0.0,5.690554448028085
1.65,12,prcus-p,0.0,5.690554448028085
1.65,12,prcus-i,-0.0,5.690554448028085
1.65,12,prcus-a,-0.0,5.690554448028085
1.65,12,ifrms,-0.0,5.690554448028085
1.65,12,sspls-v,0.0,5.690554448028085
1.65,13,mcgs,-0.8457544585656495,5.359040266673545
1.65,13,pos,-0.0,5.359040266673545
1.65,13,sbps,-0.24132508129912017,5.359040266673545
1.65,13,prculs-d,-0.0,5.359040266673545
1.65,13,prcus-p,0.0,5.359040266673545
1.65,13,prcus-i,-0.3555546426915788,5.359040266673545
1.65,13,prcus-a,-0.0,5.359040266673545
1.65,13,ifrms,-0.0,5.359040266673545
1.65,13,sspls-v,0.0,5.359040266673545
1.65,14,mcgs,-0.8727871279216051,5.760628453826792
1.65,14,pos,-0.10498636634996111,5.760628453826792
1.65,14,sbps,-0.7856844553063682,5.760628453826792
1.65,14,prculs-d,0.0,5.760628453826792
1.65,14,prcus-p,0.014381381604525302,5.760628453826792
1.65,14,prcus-i,-0.0,5.760628453826792
1.65,14,prcus-a,-0.0,5.760628453826792
1.65,14,ifrms,-0.0,5.760628453826792
1.65,14,sspls-v,0.0,5.760628453826792
1.65,15,mcgs,-0.6574082385615314,5.626563432602749
1.65,15,pos,-0.0,5.626563432602749
1.65,15,sbps,-0.7498992556627337,5.626563432602749
1.65,15,prculs-d,0.0,5.626563432602749
1.65,15,prcus-p,0.0,5.626563432602749
1.65,15,prcus-i,-0.0,5.626563432602749
1.65,15,prcus-a,-0.0,5.626563432602749
1.65,15,ifrms,-0.04935588334269432,5.626563432602749
1.65,15,sspls-v,0.0,5.626563432602749
1.65,16,mcgs,-1.0037687357077618,5.550099646567086
1.65,16,pos,-0.002059909344747321,5.550099646567086
1.65,16,sbps,-0.7430485853930398,5.550099646567086
1.65,16,prculs-d,0.0,5.550099646567086
1.65,16,prcus-p,0.02462626600426176,5.550099646567086
1.65,16,prcus-i,-0.0,5.550099646567086
1.65,16,prcus-a,-0.0,5.550099646567086
1.65,16,ifrms,-0.0,5.550099646567086
1.65,16,sspls-v,0.0,5.550099646567086
1.65,17,mcgs,-0.09475140265461378,5.6299136098052465
1.65,17,pos,-0.4914652362184889,5.6299136098052465
1.65,17,sbps,-1.0357905535128065,5.6299136098052465
1.65,17,prculs-d,-0.0,5.6299136098052465
1.65,17,prcus-p,0.07351686693949128,5.6299136098052465
1.65,17,prcus-i,-0.0,5.6299136098052465
1.65,17,prcus-a,-0.0,5.6299136098052465
1.65,17,ifrms,-0.2518651494983928,5.6299136098052465
1.65,17,sspls-v,0.0,5.6299136098052465
1.65,18,mcgs,-0.8347369652968042,5.743975118120954
1.65,18,pos,-0.1060634343091799,5.743975118120954
1.65,18,sbps,-0.7781851475685331,5.743975118120954
1.65,18,prculs-d,0.0,5.743975118120954
1.65,18,prcus-p,0.047779751527273706,5.743975118120954
1.65,18,prcus-i,-0.0,5.743975118120954
1.65,18,prcus-a,-0.0,5.743975118120954
1.65,18,ifrms,-0.0,5.743975118120954
1.65,18,sspls-v,0.0,5.743975118120954
1.65,19,mcgs,-0.7840792052042322,5.775050990693531
1.65,19,pos,-0.17561084349070244,5.775050990693531
1.65,19,sbps,-0.7259843123652815,5.775050990693531
1.65,19,prculs-d,0.0,5.775050990693531
1.65,19,prcus-p,0.14081780567872945,5.775050990693531
1.65,19,prcus-i,-0.0,5.775050990693531
1.65,19,prcus-a,-0.0,5.775050990693531
1.65,19,ifrms,-0.0,5.775050990693531
1.65,19,sspls-v,0.0,5.775050990693531
1.65,20,mcgs,-0.8071479700949908,5.678772833897835
1.65,20,pos,-0.02176811259527985,5.678772833897835
1.65,20,sbps,-0.8294798846031999,5.678772833897835
1.65,20,prculs-d,0.0,5.678772833897835
1.65,20,prcus-p,0.04518429088298683,5.678772833897835
1.65,20,prcus-i,-0.0,5.678772833897835
1.65,20,prcus-a,-0.0,5.678772833897835
1.65,20,ifrms,-0.0,5.678772833897835
1.65,20,sspls-v,0.0,5.678772833897835
1.65,21,mcgs,-0.8392964866448434,5.75722449972074
1.65,21,pos,-0.17060375080754236,5.75722449972074
1.65,21,sbps,-0.7738479700924041,5.75722449972074
1.65,21,prculs-d,0.0,5.75722449972074
1.65,21,prcus-p,0.06064072848497476,5.75722449972074
1.65,21,prcus-i,-0.0,5.75722449972074
1.65,21,prcus-a,-0.0,5.75722449972074
1.65,21,ifrms,-0.0,5.75722449972074
1.65,21,sspls-v,0.0,5.75722449972074
1.65,22,mcgs,-0.8220603854187598,5.691668253349032
1.65,22,pos,-0.028466366276771758,5.691668253349032
1.65,22,sbps,-0.8433012923224779,5.691668253349032
1.65,22,prculs-d,0.0,5.691668253349032
1.65,22,prcus-p,0.03270312589441354,5.691668253349032
1.65,22,prcus-i,-0.0,5.691668253349032
1.65,22,prcus-a,-0.0,5.691668253349032
1.65,22,ifrms,-0.0,5.691668253349032
1.65,22,sspls-v,0.0,5.691668253349032
1.65,23,mcgs,-0.8704278854133015,5.569778484001791
1.65,23,pos,-0.14226996138339001,5.569778484001791
1.65,23,sbps,-0.361094823392137,5.569778484001791
1.65,23,prculs-d,0.0,5.569778484001791
1.65,23,prcus-p,0.21734205427826955,5.569778484001791
1.65,23,prcus-i,-0.0008666100155657568,5.569778484001791
1.65,23,prcus-a,-0.0,5.569778484001791
1.65,23,ifrms,-0.0,5.569778484001791
1.65,23,sspls-v,-0.0,5.569778484001791
1.65,24,mcgs,-0.6070561026583043,5.340800567264909
1.65,24,pos,-0.0,5.340800567264909
1.65,24,sbps,-0.7254165649591551,5.340800567264909
1.65,24,prculs-d,0.0,5.340800567264909
1.65,24,prcus-p,0.9241783494359317,5.340800567264909
1.65,24,prcus-i,-0.0,5.340800567264909
1.65,24,prcus-a,-0.0,5.340800567264909
1.65,24,ifrms,-0.0,5.340800567264909
1.65,24,sspls-v,0.0,5.340800567264909
1.65,25,mcgs,-0.4965441963566615,5.582091737180671
1.65,25,pos,-0.4814441583392573,5.582091737180671
1.65,25,sbps,-0.5974581308270052,5.582091737180671
1.65,25,prculs-d,0.0,5.582091737180671
1.65,25,prcus-p,0.0,5.582091737180671
1.65,25,prcus-i,-0.0,5.582091737180671
1.65,25,prcus-a,-0.0,5.582091737180671
1.65,25,ifrms,-0.0,5.582091737180671
1.65,25,sspls-v,0.0,5.582091737180671
1.65,26,mcgs,-0.9003047834517172,5.657743775016842
1.65,26,pos,-0.013814920730042327,5.657743775016842
1.65,26,sbps,-0.7776087495181331,5.657743775016842
1.65,26,prculs-d,0.0,5.657743775016842
1.65,26,prcus-p,0.05946653352531896,5.657743775016842
1.65,26,prcus-i,-0.0,5.657743775016842
1.65,26,prcus-a,-0.0,5.657743775016842
1.65,26,ifrms,-0.0,5.657743775016842
1.65,26,sspls-v,0.0,5.657743775016842
1.65,27,mcgs,-0.8641611886905334,5.666159535968212
1.65,27,pos,-0.0547377885887796,5.666159535968212
1.65,27,sbps,-0.5796752038558941,5.666159535968212
1.65,27,prculs-d,0.0,5.666159535968212
1.65,27,prcus-p,0.04684609414352011,5.666159535968212
1.65,27,prcus-i,-0.0,5.666159535968212
1.65,27,prcus-a,-0.09151074370944093,5.666159535968212
1.65,27,ifrms,-0.0,5.666159535968212
1.65,27,sspls-v,0.0,5.666159535968212
1.764,0,mcgs,-0.6467334373265202,5.6825805030107075
1.764,0,pos,-0.08569347778527292,5.6825805030107075
1.764,0,sbps,-0.6063744479238596,5.6825805030107075
1.764,0,prculs-d,0.0,5.6825805030107075
1.764,0,prcus-p,0.0,5.6825805030107075
1.764,0,prcus-i,-0.0,5.6825805030107075
1.764,0,prcus-a,-0.0,5.6825805030107075
1.764,0,ifrms,-0.0,5.6825805030107075
1.764,0,sspls-v,0.0,5.6825805030107075
1.764,1,mcgs,-1.088931789540024,5.418812363156032
1.764,1,pos,-0.328828168074469,5.418812363156032
1.764,1,sbps,-0.26324360318796863,5.418812363156032
1.764,1,prculs-d,0.0,5.418812363156032
1.764,1,prcus-p,0.19421551125927983,5.418812363156032
1.764,1,prcus-i,-0.0,5.418812363156032
1.764,1,prcus-a,-0.0,5.418812363156032
1.764,1,ifrms,-0.0,5.418812363156032
1.764,1,sspls-v,0.0,5.418812363156032
1.764,2,mcgs,-0.7054477771458469,4.475919574761553
1.764,2,pos,-0.0,4.475919574761553
1.764,2,sbps,-2.013664684739498,4.475919574761553
1.764,2,prculs-d,0.0,4.475919574761553
1.764,2,prcus-p,0.0,4.475919574761553
1.764,2,prcus-i,-0.0,4.475919574761553
1.764,2,prcus-a,-0.0,4.475919574761553
1.764,2,ifrms,-0.0,4.475919574761553
1.764,2,sspls-v,0.0,4.475919574761553
1.764,3,mcgs,-0.5877711925782475,5.111405520266645
1.764,3,pos,-0.0,5.111405520266645
1.764,3,sbps,-0.9532005165854289,5.111405520266645
1.764,3,prculs-d,0.0,5.111405520266645
1.764,3,prcus-p,0.0,5.111405520266645
1.764,3,prcus-i,-0.0,5.111405520266645
1.764,3,prcus-a,-0.0,5.111405520266645
1.764,3,ifrms,-0.0,5.111405520266645
1.764,3,sspls-v,-0.0,5.111405520266645
1.764,4,mcgs,-0.6890547221270373,5.647545079587058
1.764,4,pos,-0.03302614906821463,5.647545079587058
1.764,4,sbps,-0.752750748726046,5.647545079587058
1.764,4,prculs-d,0.0,5.647545079587058
1.764,4,prcus-p,0.04473561126059772,5.647545079587058
1.764,4,prcus-i,-0.0,5.647545079587058
1.764,4,prcus-a,-0.0,5.647545079587058
1.764,4,ifrms,-0.0,5.647545079587058
1.764,4,sspls-v,0.0,5.647545079587058
1.764,5,mcgs,-0.3603386048018597,5.380287078303816
1.764,5,pos,-0.0,5.380287078303816
1.764,5,sbps,-0.6059138458219673,5.380287078303816
1.764,5,prculs-d,0.0,5.380287078303816
1.764,5,prcus-p,0.0,5.380287078303816
1.764,5,prcus-i,-0.0,5.380287078303816
1.764,5,prcus-a,-0.0,5.380287078303816
1.764,5,ifrms,-0.0,5.380287078303816
1.764,5,sspls-v,0.0,5.380287078303816
1.764,6,mcgs,-0.7192887993025718,5.60321202882486
1.764,6,pos,-0.0,5.60321202882486
1.764,6,sbps,-0.6934164323903528,5.60321202882486
1.764,6,prculs-d,0.0,5.60321202882486
1.764,6,prcus-p,0.0,5.60321202882486
1.764,6,prcus-i,-0.0,5.60321202882486
1.764,6,prcus-a,-0.0,5.60321202882486
1.764,6,ifrms,-0.0,5.60321202882486
1.764,6,sspls-v,-0.0,5.60321202882486
1.764,7,mcgs,-0.7441765801196991,5.719694774531678
1.764,7,pos,-0.0,5.719694774531678
1.764,7,sbps,-0.6894138708145107,5.719694774531678
1.764,7,prculs-d,0.0,5.719694774531678
1.764,7,prcus-p,0.0,5.719694774531678
1.764,7,prcus-i,-0.0,5.719694774531678
1.764,7,prcus-a,-0.0,5.719694774531678
1.764,7,ifrms,-0.0,5.719694774531678
1.764,7,sspls-v,0.0,5.719694774531678
1.764,8,mcgs,-1.216282660351326,5.012892568674662
1.764,8,pos,-0.5342596107484668,5.012892568674662
1.764,8,sbps,-0.20089774187592963,5.012892568674662
1.764,8,prculs-d,0.0,5.012892568674662
1.764,8,prcus-p,0.0,5.012892568674662
1.764,8,prcus-i,-0.0,5.012892568674662
1.764,8,prcus-a,-0.0,5.012892568674662
1.764,8,ifrms,-0.0,5.012892568674662
1.764,8,sspls-v,-0.0,5.012892568674662
1.764,9,mcgs,-0.7446379096806836,5.323284598373954
1.764,9,pos,-0.0,5.323284598373954
1.764,9,sbps,-0.21340061883753775,5.323284598373954
1.764,9,prculs-d,0.0,5.323284598373954
1.764,9,prcus-p,0.27711573614598967,5.323284598373954
1.764,9,prcus-i,-0.0,5.323284598373954
1.764,9,prcus-a,-0.0,5.323284598373954
1.764,9,ifrms,-0.0,5.323284598373954
1.764,9,sspls-v,0.0,5.323284598373954
1.764,10,mcgs,-0.6608996643472346,5.664500761919499
1.764,10,pos,-0.03703633826145057,5.664500761919499
1.764,10,sbps,-0.5441947269318462,5.664500761919499
1.764,10,prculs-d,0.0,5.664500761919499
1.764,10,prcus-p,0.0,5.664500761919499
1.764,10,prcus-i,-0.0,5.664500761919499
1.764,10,prcus-a,-0.0,5.664500761919499
1.764,10,ifrms,-0.0,5.664500761919499
1.764,10,sspls-v,0.0,5.664500761919499
1.764,11,mcgs,-0.4809931458718353,5.3299142678987455
1.764,11,pos,-0.0,5.3299142678987455
1.764,11,sbps,-0.37659897372821766,5.3299142678987455
1.764,11,prculs-d,0.0,5.3299142678987455
1.764,11,prcus-p,0.0,5.3299142678987455
1.764,11,prcus-i,-0.0,5.3299142678987455
1.764,11,prcus-a,-0.0,5.3299142678987455
1.764,11,ifrms,-0.0,5.3299142678987455
1.764,11,sspls-v,-0.0,5.3299142678987455
1.764,12,mcgs,-0.7750075162798157,5.661228810005718
1.764,12,pos,-0.0,5.661228810005718
1.764,12,sbps,-0.6169406761084572,5.661228810005718
1.764,12,prculs-d,0.0,5.661228810005718
1.764,12,prcus-p,0.0,5.661228810005718
1.764,12,prcus-i,-0.0,5.661228810005718
1.764,12,prcus-a,-0.0,5.661228810005718
1.764,12,ifrms,-0.0,5.661228810005718
1.764,12,sspls-v,0.0,5.661228810005718
1.764,13,mcgs,-0.7638356027317702,5.36390154361574
1.764,13,pos,-0.0,5.36390154361574
1.764,13,sbps,-0.15767012659912152,5.36390154361574
1.764,13,prculs-d,-0.0,5.36390154361574
1.764,13,prcus-p,0.0,5.36390154361574
1.764,13,prcus-i,-0.2902437260879177,5.36390154361574
1.764,13,prcus-a,-0.0,5.36390154361574
1.764,13,ifrms,-0.0,5.36390154361574
1.764,13,sspls-v,0.0,5.36390154361574
1.764,14,mcgs,-0.7889447428537081,5.732587559718985
1.764,14,pos,-0.041409202247698756,5.732587559718985
1.764,14,sbps,-0.6991028269768791,5.732587559718985
1.764,14,prculs-d,0.0,5.732587559718985
1.764,14,prcus-p,0.0,5.732587559718985
1.764,14,prcus-i,-0.0,5.732587559718985
1.764,14,prcus-a,-0.0,5.732587559718985
1.764,14,ifrms,-0.0,5.732587559718985
1.764,14,sspls-v,0.0,5.732587559718985
1.764,15,mcgs,-0.559733744108532,5.609749906092328
1.764,15,pos,-0.0,5.609749906092328
1.764,15,sbps,-0.656904316751703,5.609749906092328
1.764,15,prculs-d,0.0,5.609749906092328
1.764,15,prcus-p,0.0,5.609749906092328
1.764,15,prcus-i,-0.0,5.609749906092328
1.764,15,prcus-a,-0.0,5.609749906092328
1.764,15,ifrms,-0.0,5.609749906092328
1.764,15,sspls-v,0.0,5.609749906092328
1.764,16,mcgs,-0.9044242497716254,5.548342226150916
1.764,16,pos,-0.0,5.548342226150916
1.764,16,sbps,-0.6435967412650587,5.548342226150916
1.764,16,prculs-d,0.0,5.548342226150916
1.764,16,prcus-p,0.0,5.548342226150916
1.764,16,prcus-i,-0.0,5.548342226150916
1.764,16,prcus-a,-0.0,5.548342226150916
1.764,16,ifrms,-0.0,5.548342226150916
1.764,16,sspls-v,0.0,5.548342226150916
1.764,17,mcgs,-0.033851446548783366,5.61876469060719
1.764,17,pos,-0.4266804815246272,5.61876469060719
1.764,17,sbps,-0.9547285619164574,5.61876469060719
1.764,17,prculs-d,-0.0,5.61876469060719
1.764,17,prcus-p,0.0,5.61876469060719
1.764,17,prcus-i,-0.0,5.61876469060719
1.764,17,prcus-a,-0.0,5.61876469060719
1.764,17,ifrms,-0.1479809054116885,5.61876469060719
1.764,17,sspls-v,0.0,5.61876469060719
1.764,18,mcgs,-0.7478525049569842,5.741739871266464
1.764,18,pos,-0.04343901754086339,5.741739871266464
1.764,18,sbps,-0.689188264029546,5.741739871266464
1.764,18,prculs-d,0.0,5.741739871266464
1.764,18,prcus-p,0.0,5.741739871266464
1.764,18,prcus-i,-0.0,5.741739871266464
1.764,18,prcus-a,-0.0,5.741739871266464
1.764,18,ifrms,-0.0,5.741739871266464
1.764,18,sspls-v,0.0,5.741739871266464
1.764,19,mcgs,-0.6942826247079554,5.790889187594195
1.764,19,pos,-0.12116511212074002,5.790889187594195
1.764,19,sbps,-0.6316130397215266,5.790889187594195
1.764,19,prculs-d,0.0,5.790889187594195
1.764,19,prcus-p,0.01053080433851768,5.790889187594195
1.764,19,prcus-i,-0.0,5.790889187594195
1.764,19,prcus-a,-0.0,5.790889187594195
1.764,19,ifrms,-0.0,5.790889187594195
1.764,19,sspls-v,0.0,5.790889187594195
1.764,20,mcgs,-0.7083282713987612,5.662091912237645
1.764,20,pos,-0.0,5.662091912237645
1.764,20,sbps,-0.734002498216071,5.662091912237645
1.764,20,prculs-d,0.0,5.662091912237645
1.764,20,prcus-p,0.0,5.662091912237645
1.764,20,prcus-i,-0.0,5.662091912237645
1.764,20,prcus-a,-0.0,5.662091912237645
1.764,20,ifrms,-0.0,5.662091912237645
1.764,20,sspls-v,0.0,5.662091912237645
1.764,21,mcgs,-0.7470954045571188,5.761188461712426
1.764,21,pos,-0.10729188363904205,5.761188461712426
1.764,21,sbps,-0.6825713739262722,5.761188461712426
1.764,21,prculs-d,0.0,5.761188461712426
1.764,21,prcus-p,0.0,5.761188461712426
1.764,21,prcus-i,-0.0,5.761188461712426
1.764,21,prcus-a,-0.0,5.761188461712426
1.764,21,ifrms,-0.0,5.761188461712426
1.764,21,sspls-v,0.0,5.761188461712426
1.764,22,mcgs,-0.7273884824592901,5.671741778022693
1.764,22,pos,-0.0,5.671741778022693
1.764,22,sbps,-0.7524466026739977,5.671741778022693
1.764,22,prculs-d,0.0,5.671741778022693
1.764,22,prcus-p,0.0,5.671741778022693
1.764,22,prcus-i,-0.0,5.671741778022693
1.764,22,prcus-a,-0.0,5.671741778022693
1.764,22,ifrms,-0.0,5.671741778022693
1.764,22,sspls-v,0.0,5.671741778022693
1.764,23,mcgs,-0.7689284337192304,5.550296562966669
1.764,23,pos,-0.08251366218729152,5.550296562966669
1.764,23,sbps,-0.27221280949244686,5.550296562966669
1.764,23,prculs-d,0.0,5.550296562966669
1.764,23,prcus-p,0.08215573203057566,5.550296562966669
1.764,23,prcus-i,-0.0,5.550296562966669
1.764,23,prcus-a,-0.0,5.550296562966669
1.764,23,ifrms,-0.0,5.550296562966669
1.764,23,sspls-v,-0.0,5.550296562966669
1.764,24,mcgs,-0.5073811314235321,5.443901069721859
1.764,24,pos,-0.0,5.443901069721859
1.764,24,sbps,-0.6208957457180436,5.443901069721859
1.764,24,prculs-d,0.0,5.443901069721859
1.764,24,prcus-p,0.8121638978849595,5.443901069721859
1.764,24,prcus-i,-0.0,5.443901069721859
1.764,24,prcus-a,-0.0,5.443901069721859
1.764,24,ifrms,-0.0,5.443901069721859
1.764,24,sspls-v,0.0,5.443901069721859
1.764,25,mcgs,-0.41523193804923353,5.582530692789904
1.764,25,pos,-0.42294912414647945,5.582530692789904
1.764,25,sbps,-0.5109827598874278,5.582530692789904
1.764,25,prculs-d,0.0,5.582530692789904
1.764,25,prcus-p,0.0,5.582530692789904
1.764,25,prcus-i,-0.0,5.582530692789904
1.764,25,prcus-a,-0.0,5.582530692789904
1.764,25,ifrms,-0.0,5.582530692789904
1.764,25,sspls-v,0.0,5.582530692789904
1.764,26,mcgs,-0.7963400767745497,5.650548683394767
1.764,26,pos,-0.0,5.650548683394767
1.764,26,sbps,-0.6777495902997981,5.650548683394767
1.764,26,prculs-d,0.0,5.650548683394767
1.764,26,prcus-p,0.0,5.650548683394767
1.764,26,prcus-i,-0.0,5.650548683394767
1.764,26,prcus-a,-0.0,5.650548683394767
1.764,26,ifrms,-0.0,5.650548683394767
1.764,26,sspls-v,0.0,5.650548683394767
1.764,27,mcgs,-0.7791961085672433,5.641985466977821
1.764,27,pos,-0.005257028348119859,5.641985466977821
1.764,27,sbps,-0.5107549250355381,5.641985466977821
1.764,27,prculs-d,0.0,5.641985466977821
1.764,27,prcus-p,0.0,5.641985466977821
1.764,27,prcus-i,-0.0,5.641985466977821
1.764,27,prcus-a,-0.024749436451455355,5.641985466977821
1.764,27,ifrms,-0.0,5.641985466977821
1.764,27,sspls-v,-0.0,5.641985466977821
1.885,0,mcgs,-0.5552382076639132,5.700942942452114
1.885,0,pos,-0.028568804386428007,5.700942942452114
1.885,0,sbps,-0.5097280163970735,5.700942942452114
1.885,0,prculs-d,0.0,5.700942942452114
1.885,0,prcus-p,0.0,5.700942942452114
1.885,0,prcus-i,-0.0,5.700942942452114
1.885,0,prcus-a,-0.0,5.700942942452114
1.885,0,ifrms,-0.0,5.700942942452114
1.885,0,sspls-v,0.0,5.700942942452114
1.885,1,mcgs,-0.9766743324114375,5.457907836912181
1.885,1,pos,-0.25858274662270025,5.457907836912181
1.885,1,sbps,-0.18214948405907708,5.457907836912181
1.885,1,prculs-d,-0.0,5.457907836912181
1.885,1,prcus-p,0.04376291145563859,5.457907836912181
1.885,1,prcus-i,-0.0,5.457907836912181
1.885,1,prcus-a,-0.0,5.457907836912181
1.885,1,ifrms,-0.0,5.457907836912181
1.885,1,sspls-v,0.0,5.457907836912181
1.885,2,mcgs,-0.5974328167342705,4.5424494707265834
1.885,2,pos,-0.0,4.5424494707265834
1.885,2,sbps,-1.905649644571299,4.5424494707265834
1.885,2,prculs-d,0.0,4.5424494707265834
1.885,2,prcus-p,0.0,4.5424494707265834
1.885,2,prcus-i,-0.0,4.5424494707265834
1.885,2,prcus-a,-0.0,4.5424494707265834
1.885,2,ifrms,-0.0,4.5424494707265834
1.885,2,sspls-v,-0.0,4.5424494707265834
1.885,3,mcgs,-0.48250947461774135,5.161305867053629
1.885,3,pos,-0.0,5.161305867053629
1.885,3,sbps,-0.8479390007557291,5.161305867053629
1.885,3,prculs-d,0.0,5.161305867053629
1.885,3,prcus-p,0.0,5.161305867053629
1.885,3,prcus-i,-0.0,5.161305867053629
1.885,3,prcus-a,-0.0,5.161305867053629
1.885,3,ifrms,-0.0,5.161305867053629
1.885,3,sspls-v,-0.0,5.161305867053629
1.885,4,mcgs,-0.5890444529672765,5.6564576638347495
1.885,4,pos,-0.0,5.6564576638347495
1.885,4,sbps,-0.6517114945743876,5.6564576638347495
1.885,4,prculs-d,0.0,5.6564576638347495
1.885,4,prcus-p,0.0,5.6564576638347495
1.885,4,prcus-i,-0.0,5.6564576638347495
1.885,4,prcus-a,-0.0,5.6564576638347495
1.885,4,ifrms,-0.0,5.6564576638347495
1.885,4,sspls-v,0.0,5.6564576638347495
1.885,5,mcgs,-0.25244313685751263,5.384040763913117
1.885,5,pos,-0.0,5.384040763913117
1.885,5,sbps,-0.4980184250539895,5.384040763913117
1.885,5,prculs-d,0.0,5.384040763913117
1.885,5,prcus-p,0.0,5.384040763913117
1.885,5,prcus-i,-0.0,5.384040763913117
1.885,5,prcus-a,-0.0,5.384040763913117
1.885,5,ifrms,-0.0,5.384040763913117
1.885,5,sspls-v,-0.0,5.384040763913117
1.885,6,mcgs,-0.6129348564670934,5.616903013597887
1.885,6,pos,-0.0,5.616903013597887
1.885,6,sbps,-0.5870631543730898,5.616903013597887
1.885,6,prculs-d,0.0,5.616903013597887
1.885,6,prcus-p,0.0,5.616903013597887
1.885,6,prcus-i,-0.0,5.616903013597887
1.885,6,prcus-a,-0.0,5.616903013597887
1.885,6,ifrms,-0.0,5.616903013597887
1.885,6,sspls-v,-0.0,5.616903013597887
1.885,7,mcgs,-0.6378530981447492,5.699215256856328
1.885,7,pos,-0.0,5.699215256856328
1.885,7,sbps,-0.5830904794792869,5.699215256856328
1.885,7,prculs-d,0.0,5.699215256856328
1.885,7,prcus-p,0.0,5.699215256856328
1.885,7,prcus-i,-0.0,5.699215256856328
1.885,7,prcus-a,-0.0,5.699215256856328
1.885,7,ifrms,-0.0,5.699215256856328
1.885,7,sspls-v,0.0,5.699215256856328
1.885,8,mcgs,-1.130219851809325,5.055517608271682
1.885,8,pos,-0.4654865298743377,5.055517608271682
1.885,8,sbps,-0.11545115537384418,5.055517608271682
1.885,8,prculs-d,0.0,5.055517608271682
1.885,8,prcus-p,0.0,5.055517608271682
1.885,8,prcus-i,-0.0,5.055517608271682
1.885,8,prcus-a,-0.0,5.055517608271682
1.885,8,ifrms,-0.0,5.055517608271682
1.885,8,sspls-v,-0.0,5.055517608271682
1.885,9,mcgs,-0.617546046144288,5.37272561120448
1.885,9,pos,-0.0,5.37272561120448
1.885,9,sbps,-0.10624747036634019,5.37272561120448
1.885,9,prculs-d,0.0,5.37272561120448
1.885,9,prcus-p,0.13725705560027596,5.37272561120448
1.885,9,prcus-i,-0.0,5.37272561120448
1.885,9,prcus-a,-0.0,5.37272561120448
1.885,9,ifrms,-0.0,5.37272561120448
1.885,9,sspls-v,0.0,5.37272561120448
1.885,10,mcgs,-0.5627278411112734,5.682714658499568
1.885,10,pos,-0.0,5.682714658499568
1.885,10,sbps,-0.44372491330280855,5.682714658499568
1.885,10,prculs-d,0.0,5.682714658499568
1.885,10,prcus-p,0.0,5.682714658499568
1.885,10,prcus-i,-0.0,5.682714658499568
1.885,10,prcus-a,-0.0,5.682714658499568
1.885,10,ifrms,-0.0,5.682714658499568
1.885,10,sspls-v,0.0,5.682714658499568
1.885,11,mcgs,-0.37073459027130573,5.352586901789111
1.885,11,pos,-0.0,5.352586901789111
1.885,11,sbps,-0.26634042820491227,5.352586901789111
1.885,11,prculs-d,0.0,5.352586901789111
1.885,11,prcus-p,0.0,5.352586901789111
1.885,11,prcus-i,-0.0,5.352586901789111
1.885,11,prcus-a,-0.0,5.352586901789111
1.885,11,ifrms,-0.0,5.352586901789111
1.885,11,sspls-v,-0.0,5.352586901789111
1.885,12,mcgs,-0.6689461896474346,5.658128846664356
1.885,12,pos,-0.0,5.658128846664356
1.885,12,sbps,-0.5108794194425665,5.658128846664356
1.885,12,prculs-d,0.0,5.658128846664356
1.885,12,prcus-p,0.0,5.658128846664356
1.885,12,prcus-i,-0.0,5.658128846664356
1.885,12,prcus-a,-0.0,5.658128846664356
1.885,12,ifrms,-0.0,5.658128846664356
1.885,12,sspls-v,0.0,5.658128846664356
1.885,13,mcgs,-0.6768866417151088,5.38373671523505
1.885,13,pos,-0.0,5.38373671523505
1.885,13,sbps,-0.06887846415438599,5.38373671523505
1.885,13,prculs-d,-0.0,5.38373671523505
1.885,13,prcus-p,0.0,5.38373671523505
1.885,13,prcus-i,-0.22092249004368025,5.38373671523505
1.885,13,prcus-a,-0.0,5.38373671523505
1.885,13,ifrms,-0.0,5.38373671523505
1.885,13,sspls-v,0.0,5.38373671523505
1.885,14,mcgs,-0.6942647057882272,5.712074387474649
1.885,14,pos,-0.0,5.712074387474649
1.885,14,sbps,-0.6018893723822297,5.712074387474649
1.885,14,prculs-d,0.0,5.712074387474649
1.885,14,prcus-p,0.0,5.712074387474649
1.885,14,prcus-i,-0.0,5.712074387474649
1.885,14,prcus-a,-0.0,5.712074387474649
1.885,14,ifrms,-0.0,5.712074387474649
1.885,14,sspls-v,0.0,5.712074387474649
1.885,15,mcgs,-0.4527740344328843,5.606257019791561
1.885,15,pos,-0.0,5.606257019791561
1.885,15,sbps,-0.5499441325570911,5.606257019791561
1.885,15,prculs-d,0.0,5.606257019791561
1.885,15,prcus-p,0.0,5.606257019791561
1.885,15,prcus-i,-0.0,5.606257019791561
1.885,15,prcus-a,-0.0,5.606257019791561
1.885,15,ifrms,-0.0,5.606257019791561
1.885,15,sspls-v,0.0,5.606257019791561
1.885,16,mcgs,-0.800417527235407,5.5605148067254575
1.885,16,pos,-0.0,5.5605148067254575
1.885,16,sbps,-0.5395904596847146,5.5605148067254575
1.885,16,prculs-d,0.0,5.5605148067254575
1.885,16,prcus-p,0.0,5.5605148067254575
1.885,16,prcus-i,-0.0,5.5605148067254575
1.885,16,prcus-a,-0.0,5.5605148067254575
1.885,16,ifrms,-0.0,5.5605148067254575
1.885,16,sspls-v,0.0,5.5605148067254575
1.885,17,mcgs,-0.0,5.565376185026675
1.885,17,pos,-0.34735395175732353,5.565376185026675
1.885,17,sbps,-0.8704545399772892,5.565376185026675
1.885,17,prculs-d,-0.0,5.565376185026675
1.885,17,prcus-p,0.0,5.565376185026675
1.885,17,prcus-i,-0.0,5.565376185026675
1.885,17,prcus-a,-0.0,5.565376185026675
1.885,17,ifrms,-0.04472518057882874,5.565376185026675
1.885,17,sspls-v,0.0,5.565376185026675
1.885,18,mcgs,-0.6554718842671515,5.737830572606191
1.885,18,pos,-0.0,5.737830572606191
1.885,18,sbps,-0.5925838030064384,5.737830572606191
1.885,18,prculs-d,0.0,5.737830572606191
1.885,18,prcus-p,0.0,5.737830572606191
1.885,18,prcus-i,-0.0,5.737830572606191
1.885,18,prcus-a,-0.0,5.737830572606191
1.885,18,ifrms,-0.0,5.737830572606191
1.885,18,sspls-v,0.0,5.737830572606191
1.885,19,mcgs,-0.6052004619167863,5.78697100371967
1.885,19,pos,-0.07061089068675339,5.78697100371967
1.885,19,sbps,-0.5347797182305838,5.78697100371967
1.885,19,prculs-d,0.0,5.78697100371967
1.885,19,prcus-p,0.0,5.78697100371967
1.885,19,prcus-i,-0.0,5.78697100371967
1.885,19,prcus-a,-0.0,5.78697100371967
1.885,19,ifrms,-0.0,5.78697100371967
1.885,19,sspls-v,0.0,5.78697100371967
1.885,20,mcgs,-0.6037990873230292,5.664920602706405
1.885,20,pos,-0.0,5.664920602706405
1.885,20,sbps,-0.6294729222590384,5.664920602706405
1.885,20,prculs-d,0.0,5.664920602706405
1.885,20,prcus-p,0.0,5.664920602706405
1.885,20,prcus-i,-0.0,5.664920602706405
1.885,20,prcus-a,-0.0,5.664920602706405
1.885,20,ifrms,-0.0,5.664920602706405
1.885,20,sspls-v,0.0,5.664920602706405
1.885,21,mcgs,-0.6582606713036591,5.771401457895892
1.885,21,pos,-0.035084039289787726,5.771401457895892
1.885,21,sbps,-0.5888602357085021,5.771401457895892
1.885,21,prculs-d,0.0,5.771401457895892
1.885,21,prcus-p,0.0,5.771401457895892
1.885,21,prcus-i,-0.0,5.771401457895892
1.885,21,prcus-a,-0.0,5.771401457895892
1.885,21,ifrms,-0.0,5.771401457895892
1.885,21,sspls-v,0.0,5.771401457895892
1.885,22,mcgs,-0.6243172345837124,5.672150422975714
1.885,22,pos,-0.0,5.672150422975714
1.885,22,sbps,-0.649374074066028,5.672150422975714
1.885,22,prculs-d,0.0,5.672150422975714
1.885,22,prcus-p,0.0,5.672150422975714
1.885,22,prcus-i,-0.0,5.672150422975714
1.885,22,prcus-a,-0.0,5.672150422975714
1.885,22,ifrms,-0.0,5.672150422975714
1.885,22,sspls-v,0.0,5.672150422975714
1.885,23,mcgs,-0.6701260977205983,5.50580206210125
1.885,23,pos,-0.017783069151985003,5.50580206210125
1.885,23,sbps,-0.17949376404003936,5.50580206210125
1.885,23,prculs-d,0.0,5.50580206210125
1.885,23,prcus-p,0.0,5.50580206210125
1.885,23,prcus-i,-0.0,5.50580206210125
1.885,23,prcus-a,-0.0,5.50580206210125
1.885,23,ifrms,-0.0,5.50580206210125
1.885,23,sspls-v,-0.0,5.50580206210125
1.885,24,mcgs,-0.4015852989364539,5.552765461966776
1.885,24,pos,-0.0,5.552765461966776
1.885,24,sbps,-0.5099570400705231,5.552765461966776
1.885,24,prculs-d,0.0,5.552765461966776
1.885,24,prcus-p,0.6932713803422168,5.552765461966776
1.885,24,prcus-i,-0.0,5.552765461966776
1.885,24,prcus-a,-0.0,5.552765461966776
1.885,24,ifrms,-0.0,5.552765461966776
1.885,24,sspls-v,0.0,5.552765461966776
1.885,25,mcgs,-0.3289268217755607,5.586153112125827
1.885,25,pos,-0.3608622896085302,5.586153112125827
1.885,25,sbps,-0.41919749774980586,5.586153112125827
1.885,25,prculs-d,0.0,5.586153112125827
1.885,25,prcus-p,0.0,5.586153112125827
1.885,25,prcus-i,-0.0,5.586153112125827
1.885,25,prcus-a,-0.0,5.586153112125827
1.885,25,ifrms,-0.0,5.586153112125827
1.885,25,sspls-v,0.0,5.586153112125827
1.885,26,mcgs,-0.690333867527085,5.652880736650241
1.885,26,pos,-0.0,5.652880736650241
1.885,26,sbps,-0.5717431588304718,5.652880736650241
1.885,26,prculs-d,0.0,5.652880736650241
1.885,26,prcus-p,0.0,5.652880736650241
1.885,26,prcus-i,-0.0,5.652880736650241
1.885,26,prcus-a,-0.0,5.652880736650241
1.885,26,ifrms,-0.0,5.652880736650241
1.885,26,sspls-v,0.0,5.652880736650241
1.885,27,mcgs,-0.6773028953946166,5.599037168841549
1.885,27,pos,-0.0,5.599037168841549
1.885,27,sbps,-0.4141407854129926,5.599037168841549
1.885,27,prculs-d,0.0,5.599037168841549
1.885,27,prcus-p,0.0,5.599037168841549
1.885,27,prcus-i,-0.0,5.599037168841549
1.885,27,prcus-a,-0.0,5.599037168841549
1.885,27,ifrms,-0.0,5.599037168841549
1.885,27,sspls-v,-0.0,5.599037168841549
2.015,0,mcgs,-0.4451076737173753,5.727998053218889
2.015,0,pos,-0.0,5.727998053218889
2.015,0,sbps,-0.3970191899399521,5.727998053218889
2.015,0,prculs-d,0.0,5.727998053218889
2.015,0,prcus-p,0.0,5.727998053218889
2.015,0,prcus-i,-0.0,5.727998053218889
2.015,0,prcus-a,-0.0,5.727998053218889
2.015,0,ifrms,-0.0,5.727998053218889
2.015,0,sspls-v,0.0,5.727998053218889
2.015,1,mcgs,-0.8779760136643852,5.472700496585343
2.015,1,pos,-0.18474826873160974,5.472700496585343
2.015,1,sbps,-0.09488500674163629,5.472700496585343
2.015,1,prculs-d,-0.0,5.472700496585343
2.015,1,prcus-p,0.0,5.472700496585343
2.015,1,prcus-i,-0.0,5.472700496585343
2.015,1,prcus-a,-0.0,5.472700496585343
2.015,1,ifrms,-0.0,5.472700496585343
2.015,1,sspls-v,0.0,5.472700496585343
2.015,2,mcgs,-0.4813843137011561,4.625022866186058
2.015,2,pos,-0.0,4.625022866186058
2.015,2,sbps,-1.7896003523684785,4.625022866186058
2.015,2,prculs-d,0.0,4.625022866186058
2.015,2,prcus-p,0.0,4.625022866186058
2.015,2,prcus-i,-0.0,4.625022866186058
2.015,2,prcus-a,-0.0,4.625022866186058
2.015,2,ifrms,-0.0,4.625022866186058
2.015,2,sspls-v,-0.0,4.625022866186058
2.015,3,mcgs,-0.36941837267670136,5.220957625650709
2.015,3,pos,-0.0,5.220957625650709
2.015,3,sbps,-0.7348481159800171,5.220957625650709
2.015,3,prculs-d,0.0,5.220957625650709
2.015,3,prcus-p,0.0,5.220957625650709
2.015,3,prcus-i,-0.0,5.220957625650709
2.015,3,prcus-a,-0.0,5.220957625650709
2.015,3,ifrms,-0.0,5.220957625650709
2.015,3,sspls-v,-0.0,5.220957625650709
2.015,4,mcgs,-0.4761934797301968,5.669684628737101
2.015,4,pos,-0.0,5.669684628737101
2.015,4,sbps,-0.5388601616063691,5.669684628737101
2.015,4,prculs-d,0.0,5.669684628737101
2.015,4,prcus-p,0.0,5.669684628737101
2.015,4,prcus-i,-0.0,5.669684628737101
2.015,4,prcus-a,-0.0,5.669684628737101
2.015,4,ifrms,-0.0,5.669684628737101
2.015,4,sspls-v,0.0,5.669684628737101
2.015,5,mcgs,-0.13652238617350315,5.4005933552207175
2.015,5,pos,-0.0,5.4005933552207175
2.015,5,sbps,-0.382097725055336,5.4005933552207175
2.015,5,prculs-d,0.0,5.4005933552207175
2.015,5,prcus-p,0.0,5.4005933552207175
2.015,5,prcus-i,-0.0,5.4005933552207175
2.015,5,prcus-a,-0.0,5.4005933552207175
2.015,5,ifrms,-0.0,5.4005933552207175
2.015,5,sspls-v,-0.0,5.4005933552207175
2.015,6,mcgs,-0.4986721177153558,5.648976272083233
2.015,6,pos,-0.0,5.648976272083233
2.015,6,sbps,-0.4727990502210869,5.648976272083233
2.015,6,prculs-d,0.0,5.648976272083233
2.015,6,prcus-p,0.0,5.648976272083233
2.015,6,prcus-i,-0.0,5.648976272083233
2.015,6,prcus-a,-0.0,5.648976272083233
2.015,6,ifrms,-0.0,5.648976272083233
2.015,6,sspls-v,-0.0,5.648976272083233
2.015,7,mcgs,-0.52362191063823,5.710540324894712
2.015,7,pos,-0.0,5.710540324894712
2.015,7,sbps,-0.46885864663488147,5.710540324894712
2.015,7,prculs-d,0.0,5.710540324894712
2.015,7,prcus-p,0.0,5.710540324894712
2.015,7,prcus-i,-0.0,5.710540324894712
2.015,7,prcus-a,-0.0,5.710540324894712
2.015,7,ifrms,-0.0,5.710540324894712
2.015,7,sspls-v,0.0,5.710540324894712
2.015,8,mcgs,-1.0377320307644675,5.078822241139213
2.015,8,pos,-0.39160852042169875,5.078822241139213
2.015,8,sbps,-0.023649767856222303,5.078822241139213
2.015,8,prculs-d,0.0,5.078822241139213
2.015,8,prcus-p,0.0,5.078822241139213
2.015,8,prcus-i,-0.0,5.078822241139213
2.015,8,prcus-a,-0.0,5.078822241139213
2.015,8,ifrms,-0.0,5.078822241139213
2.015,8,sspls-v,-0.0,5.078822241139213
2.015,9,mcgs,-0.4817010372189813,5.386954992689186
2.015,9,pos,-0.0,5.386954992689186
2.015,9,sbps,-0.0,5.386954992689186
2.015,9,prculs-d,0.0,5.386954992689186
2.015,9,prcus-p,0.0,5.386954992689186
2.015,9,prcus-i,-0.0,5.386954992689186
2.015,9,prcus-a,-0.0,5.386954992689186
2.015,9,ifrms,-0.0,5.386954992689186
2.015,9,sspls-v,0.0,5.386954992689186
2.015,10,mcgs,-0.44506263664418994,5.688288551344069
2.015,10,pos,-0.0,5.688288551344069
2.015,10,sbps,-0.3260596223204421,5.688288551344069
2.015,10,prculs-d,0.0,5.688288551344069
2.015,10,prcus-p,0.0,5.688288551344069
2.015,10,prcus-i,-0.0,5.688288551344069
2.015,10,prcus-a,-0.0,5.688288551344069
2.015,10,ifrms,-0.0,5.688288551344069
2.015,10,sspls-v,0.0,5.688288551344069
2.015,11,mcgs,-0.2522749850806552,5.369359798912386
2.015,11,pos,-0.0,5.369359798912386
2.015,11,sbps,-0.14788083384103096,5.369359798912386
2.015,11,prculs-d,0.0,5.369359798912386
2.015,11,prcus-p,0.0,5.369359798912386
2.015,11,prcus-i,-0.0,5.369359798912386
2.015,11,prcus-a,-0.0,5.369359798912386
2.015,11,ifrms,-0.0,5.369359798912386
2.015,11,sspls-v,-0.0,5.369359798912386
2.015,12,mcgs,-0.55499661825141,5.669184384340184
2.015,12,pos,-0.0,5.669184384340184
2.015,12,sbps,-0.39692922245905365,5.669184384340184
2.015,12,prculs-d,0.0,5.669184384340184
2.015,12,prcus-p,0.0,5.669184384340184
2.015,12,prcus-i,-0.0,5.669184384340184
2.015,12,prcus-a,-0.0,5.669184384340184
2.015,12,ifrms,-0.0,5.669184384340184
2.015,12,sspls-v,-0.0,5.669184384340184
2.015,13,mcgs,-0.5817621056621425,5.422029973288006
2.015,13,pos,-0.0,5.422029973288006
2.015,13,sbps,-0.0,5.422029973288006
2.015,13,prculs-d,-0.0,5.422029973288006
2.015,13,prcus-p,0.0,5.422029973288006
2.015,13,prcus-i,-0.13946741345788952,5.422029973288006
2.015,13,prcus-a,-0.0,5.422029973288006
2.015,13,ifrms,-0.0,5.422029973288006
2.015,13,sspls-v,0.0,5.422029973288006
2.015,14,mcgs,-0.5794867198351004,5.717928325761058
2.015,14,pos,-0.0,5.717928325761058
2.015,14,sbps,-0.4871112320148151,5.717928325761058
2.015,14,prculs-d,0.0,5.717928325761058
2.015,14,prcus-p,0.0,5.717928325761058
2.015,14,prcus-i,-0.0,5.717928325761058
2.015,14,prcus-a,-0.0,5.717928325761058
2.015,14,ifrms,-0.0,5.717928325761058
2.015,14,sspls-v,0.0,5.717928325761058
2.015,15,mcgs,-0.33785811605746985,5.611517043351866
2.015,15,pos,-0.0,5.611517043351866
2.015,15,sbps,-0.4350283014650882,5.611517043351866
2.015,15,prculs-d,0.0,5.611517043351866
2.015,15,prcus-p,0.0,5.611517043351866
2.015,15,prcus-i,-0.0,5.611517043351866
2.015,15,prcus-a,-0.0,5.611517043351866
2.015,15,ifrms,-0.0,5.611517043351866
2.015,15,sspls-v,0.0,5.611517043351866
2.015,16,mcgs,-0.6886773498377282,5.582478133897244
2.015,16,pos,-0.0,5.582478133897244
2.015,16,sbps,-0.4278477517573234,5.582478133897244
2.015,16,prculs-d,0.0,5.582478133897244
2.015,16,prcus-p,0.0,5.582478133897244
2.015,16,prcus-i,-0.0,5.582478133897244
2.015,16,prcus-a,-0.0,5.582478133897244
2.015,16,ifrms,-0.0,5.582478133897244
2.015,16,sspls-v,0.0,5.582478133897244
2.015,17,mcgs,-0.0,5.508344490375765
2.015,17,pos,-0.24555744902826254,5.508344490375765
2.015,17,sbps,-0.7705940145221847,5.508344490375765
2.015,17,prculs-d,-0.0,5.508344490375765
2.015,17,prcus-p,0.0,5.508344490375765
2.015,17,prcus-i,-0.0,5.508344490375765
2.015,17,prcus-a,-0.0,5.508344490375765
2.015,17,ifrms,-0.0,5.508344490375765
2.015,17,sspls-v,0.0,5.508344490375765
2.015,18,mcgs,-0.5415196376220481,5.76377082600481
2.015,18,pos,-0.0,5.76377082600481
2.015,18,sbps,-0.47863121105286943,5.76377082600481
2.015,18,prculs-d,0.0,5.76377082600481
2.015,18,prcus-p,0.0,5.76377082600481
2.015,18,prcus-i,-0.0,5.76377082600481
2.015,18,prcus-a,-0.0,5.76377082600481
2.015,18,ifrms,-0.0,5.76377082600481
2.015,18,sspls-v,0.0,5.76377082600481
2.015,19,mcgs,-0.5100441986144032,5.8024167352648455
2.015,19,pos,-0.016936926591309603,5.8024167352648455
2.015,19,sbps,-0.43103898593874523,5.8024167352648455
2.015,19,prculs-d,0.0,5.8024167352648455
2.015,19,prcus-p,0.0,5.8024167352648455
2.015,19,prcus-i,-0.0,5.8024167352648455
2.015,19,prcus-a,-0.0,5.8024167352648455
2.015,19,ifrms,-0.0,5.8024167352648455
2.015,19,sspls-v,0.0,5.8024167352648455
2.015,20,mcgs,-0.49149609666608035,5.693954561700401
2.015,20,pos,-0.0,5.693954561700401
2.015,20,sbps,-0.5171682471940666,5.693954561700401
2.015,20,prculs-d,0.0,5.693954561700401
2.015,20,prcus-p,0.0,5.693954561700401
2.015,20,prcus-i,-0.0,5.693954561700401
2.015,20,prcus-a,-0.0,5.693954561700401
2.015,20,ifrms,-0.0,5.693954561700401
2.015,20,sspls-v,0.0,5.693954561700401
2.015,21,mcgs,-0.5511547890941249,5.788177568602498
2.015,21,pos,-0.0,5.788177568602498
2.015,21,sbps,-0.47938344947554135,5.788177568602498
2.015,21,prculs-d,0.0,5.788177568602498
2.015,21,prcus-p,0.0,5.788177568602498
2.015,21,prcus-i,-0.0,5.788177568602498
2.015,21,prcus-a,-0.0,5.788177568602498
2.015,21,ifrms,-0.0,5.788177568602498
2.015,21,sspls-v,0.0,5.788177568602498
2.015,22,mcgs,-0.5135788497426141,5.70050632023172
2.015,22,pos,-0.0,5.70050632023172
2.015,22,sbps,-0.5386351121067721,5.70050632023172
2.015,22,prculs-d,0.0,5.70050632023172
2.015,22,prcus-p,0.0,5.70050632023172
2.015,22,prcus-i,-0.0,5.70050632023172
2.015,22,prcus-a,-0.0,5.70050632023172
2.015,22,ifrms,-0.0,5.70050632023172
2.015,22,sspls-v,-0.0,5.70050632023172
2.015,23,mcgs,-0.5611417410564797,5.4554013836238635
2.015,23,pos,-0.0,5.4554013836238635
2.015,23,sbps,-0.0694899070914203,5.4554013836238635
2.015,23,prculs-d,0.0,5.4554013836238635
2.015,23,prcus-p,0.0,5.4554013836238635
2.015,23,prcus-i,-0.0,5.4554013836238635
2.015,23,prcus-a,-0.0,5.4554013836238635
2.015,23,ifrms,-0.0,5.4554013836238635
2.015,23,sspls-v,-0.0,5.4554013836238635
2.015,24,mcgs,-0.28792035494207174,5.648870488411294
2.015,24,pos,-0.0,5.648870488411294
2.015,24,sbps,-0.3907666951599644,5.648870488411294
2.015,24,prculs-d,0.0,5.648870488411294
2.015,24,prcus-p,0.5655356176929908,5.648870488411294
2.015,24,prcus-i,-0.0,5.648870488411294
2.015,24,prcus-a,-0.0,5.648870488411294
2.015,24,ifrms,-0.0,5.648870488411294
2.015,24,sspls-v,-0.0,5.648870488411294
2.015,25,mcgs,-0.23620231668814332,5.566800275939032
2.015,25,pos,-0.29415742605536127,5.566800275939032
2.015,25,sbps,-0.3205852326432712,5.566800275939032
2.015,25,prculs-d,0.0,5.566800275939032
2.015,25,prcus-p,0.0,5.566800275939032
2.015,25,prcus-i,-0.0,5.566800275939032
2.015,25,prcus-a,-0.0,5.566800275939032
2.015,25,ifrms,-0.0,5.566800275939032
2.015,25,sspls-v,0.0,5.566800275939032
2.015,26,mcgs,-0.5764432863366808,5.6823016832854245
2.015,26,pos,-0.0,5.6823016832854245
2.015,26,sbps,-0.4578518966695016,5.6823016832854245
2.015,26,prculs-d,0.0,5.6823016832854245
2.015,26,prcus-p,0.0,5.6823016832854245
2.015,26,prcus-i,-0.0,5.6823016832854245
2.015,26,prcus-a,-0.0,5.6823016832854245
2.015,26,ifrms,-0.0,5.6823016832854245
2.015,26,sspls-v,-0.0,5.6823016832854245
2.015,27,mcgs,-0.5635220177174227,5.576617010196712
2.015,27,pos,-0.0,5.576617010196712
2.015,27,sbps,-0.30035937410003954,5.576617010196712
2.015,27,prculs-d,0.0,5.576617010196712
2.015,27,prcus-p,0.0,5.576617010196712
2.015,27,prcus-i,-0.0,5.576617010196712
2.015,27,prcus-a,-0.0,5.576617010196712
2.015,27,ifrms,-0.0,5.576617010196712
2.015,27,sspls-v,-0.0,5.576617010196712
2.154,0,mcgs,-0.316333276106624,5.740830707723583
2.154,0,pos,-0.0,5.740830707723583
2.154,0,sbps,-0.26824477875487823,5.740830707723583
2.154,0,prculs-d,0.0,5.740830707723583
2.154,0,prcus-p,0.0,5.740830707723583
2.154,0,prcus-i,-0.0,5.740830707723583
2.154,0,prcus-a,-0.0,5.740830707723583
2.154,0,ifrms,-0.0,5.740830707723583
2.154,0,sspls-v,0.0,5.740830707723583
2.154,1,mcgs,-0.7811284742820365,5.481547032863824
2.154,1,pos,-0.10645382115012926,5.481547032863824
2.154,1,sbps,-0.0015248102227232076,5.481547032863824
2.154,1,prculs-d,-0.0,5.481547032863824
2.154,1,prcus-p,0.0,5.481547032863824
2.154,1,prcus-i,-0.0,5.481547032863824
2.154,1,prcus-a,-0.0,5.481547032863824
2.154,1,ifrms,-0.0,5.481547032863824
2.154,1,sspls-v,0.0,5.481547032863824
2.154,2,mcgs,-0.3573008852617864,4.7212284357408425
2.154,2,pos,-0.0,4.7212284357408425
2.154,2,sbps,-1.6655169743617475,4.7212284357408425
2.154,2,prculs-d,0.0,4.7212284357408425
2.154,2,prcus-p,0.0,4.7212284357408425
2.154,2,prcus-i,-0.0,4.7212284357408425
2.154,2,prcus-a,-0.0,4.7212284357408425
2.154,2,ifrms,-0.0,4.7212284357408425
2.154,2,sspls-v,-0.0,4.7212284357408425
2.154,3,mcgs,-0.24849788675512877,5.288366973170427
2.154,3,pos,-0.0,5.288366973170427
2.154,3,sbps,-0.6139278622582935,5.288366973170427
2.154,3,prculs-d,0.0,5.288366973170427
2.154,3,prcus-p,0.0,5.288366973170427
2.154,3,prcus-i,-0.0,5.288366973170427
2.154,3,prcus-a,-0.0,5.288366973170427
2.154,3,ifrms,-0.0,5.288366973170427
2.154,3,sspls-v,-0.0,5.288366973170427
2.154,4,mcgs,-0.3555302834653759,5.690287701001294
2.154,4,pos,-0.0,5.690287701001294
2.154,4,sbps,-0.41819596249851604,5.690287701001294
2.154,4,prculs-d,-0.0,5.690287701001294
2.154,4,prcus-p,0.0,5.690287701001294
2.154,4,prcus-i,-0.0,5.690287701001294
2.154,4,prcus-a,-0.0,5.690287701001294
2.154,4,ifrms,-0.0,5.690287701001294
2.154,4,sspls-v,0.0,5.690287701001294
2.154,5,mcgs,-0.01257635274983136,5.403230691755828
2.154,5,pos,-0.0,5.403230691755828
2.154,5,sbps,-0.258151745826005,5.403230691755828
2.154,5,prculs-d,0.0,5.403230691755828
2.154,5,prcus-p,0.0,5.403230691755828
2.154,5,prcus-i,-0.0,5.403230691755828
2.154,5,prcus-a,-0.0,5.403230691755828
2.154,5,ifrms,-0.0,5.403230691755828
2.154,5,sspls-v,-0.0,5.403230691755828
2.154,6,mcgs,-0.37649748367089775,5.683808525218517
2.154,6,pos,-0.0,5.683808525218517
2.154,6,sbps,-0.3506245467704726,5.683808525218517
2.154,6,prculs-d,0.0,5.683808525218517
2.154,6,prcus-p,0.0,5.683808525218517
2.154,6,prcus-i,-0.0,5.683808525218517
2.154,6,prcus-a,-0.0,5.683808525218517
2.154,6,ifrms,-0.0,5.683808525218517
2.154,6,sspls-v,-0.0,5.683808525218517
2.154,7,mcgs,-0.4014816871938353,5.724889731247042
2.154,7,pos,-0.0,5.724889731247042
2.154,7,sbps,-0.3467185559270178,5.724889731247042
2.154,7,prculs-d,0.0,5.724889731247042
2.154,7,prcus-p,0.0,5.724889731247042
2.154,7,prcus-i,-0.0,5.724889731247042
2.154,7,prcus-a,-0.0,5.724889731247042
2.154,7,ifrms,-0.0,5.724889731247042
2.154,7,sspls-v,-0.0,5.724889731247042
2.154,8,mcgs,-0.9328319599288958,5.109074170375792
2.154,8,pos,-0.2914477391682007,5.109074170375792
2.154,8,sbps,-0.0,5.109074170375792
2.154,8,prculs-d,0.0,5.109074170375792
2.154,8,prcus-p,0.0,5.109074170375792
2.154,8,prcus-i,-0.0,5.109074170375792
2.154,8,prcus-a,-0.0,5.109074170375792
2.154,8,ifrms,-0.0,5.109074170375792
2.154,8,sspls-v,-0.0,5.109074170375792
2.154,9,mcgs,-0.3427010372189812,5.359824558680649
2.154,9,pos,-0.0,5.359824558680649
2.154,9,sbps,-0.0,5.359824558680649
2.154,9,prculs-d,0.0,5.359824558680649
2.154,9,prcus-p,0.0,5.359824558680649
2.154,9,prcus-i,-0.0,5.359824558680649
2.154,9,prcus-a,-0.0,5.359824558680649
2.154,9,ifrms,-0.0,5.359824558680649
2.154,9,sspls-v,-0.0,5.359824558680649
2.154,10,mcgs,-0.3192512783305098,5.697115591625347
2.154,10,pos,-0.0,5.697115591625347
2.154,10,sbps,-0.20024828334339168,5.697115591625347
2.154,10,prculs-d,-0.0,5.697115591625347
2.154,10,prcus-p,0.0,5.697115591625347
2.154,10,prcus-i,-0.0,5.697115591625347
2.154,10,prcus-a,-0.0,5.697115591625347
2.154,10,ifrms,-0.0,5.697115591625347
2.154,10,sspls-v,0.0,5.697115591625347
2.154,11,mcgs,-0.12561433029988198,5.366215384834151
2.154,11,pos,-0.0,5.366215384834151
2.154,11,sbps,-0.021220190636572628,5.366215384834151
2.154,11,prculs-d,0.0,5.366215384834151
2.154,11,prcus-p,0.0,5.366215384834151
2.154,11,prcus-i,-0.0,5.366215384834151
2.154,11,prcus-a,-0.0,5.366215384834151
2.154,11,ifrms,-0.0,5.366215384834151
2.154,11,sspls-v,-0.0,5.366215384834151
2.154,12,mcgs,-0.4331575100652283,5.6823908028479995
2.154,12,pos,-0.0,5.6823908028479995
2.154,12,sbps,-0.27509026713991874,5.6823908028479995
2.154,12,prculs-d,0.0,5.6823908028479995
2.154,12,prcus-p,0.0,5.6823908028479995
2.154,12,prcus-i,-0.0,5.6823908028479995
2.154,12,prcus-a,-0.0,5.6823908028479995
2.154,12,ifrms,-0.0,5.6823908028479995
2.154,12,sspls-v,-0.0,5.6823908028479995
2.154,13,mcgs,-0.47529105253468934,5.433999503995214
2.154,13,pos,-0.0,5.433999503995214
2.154,13,sbps,-0.0,5.433999503995214
2.154,13,prculs-d,-0.0,5.433999503995214
2.154,13,prcus-p,0.0,5.433999503995214
2.154,13,prcus-i,-0.03299902862696637,5.433999503995214
2.154,13,prcus-a,-0.0,5.433999503995214
2.154,13,ifrms,-0.0,5.433999503995214
2.154,13,sspls-v,0.0,5.433999503995214
2.154,14,mcgs,-0.45676271890626996,5.736143212348113
2.154,14,pos,-0.0,5.736143212348113
2.154,14,sbps,-0.3643868923705464,5.736143212348113
2.154,14,prculs-d,0.0,5.736143212348113
2.154,14,prcus-p,0.0,5.736143212348113
2.154,14,prcus-i,-0.0,5.736143212348113
2.154,14,prcus-a,-0.0,5.736143212348113
2.154,14,ifrms,-0.0,5.736143212348113
2.154,14,sspls-v,0.0,5.736143212348113
2.154,15,mcgs,-0.21498648025606493,5.630038467323737
2.154,15,pos,-0.0,5.630038467323737
2.154,15,sbps,-0.31215675898979384,5.630038467323737
2.154,15,prculs-d,-0.0,5.630038467323737
2.154,15,prcus-p,0.0,5.630038467323737
2.154,15,prcus-i,-0.0,5.630038467323737
2.154,15,prcus-a,-0.0,5.630038467323737
2.154,15,ifrms,-0.0,5.630038467323737
2.154,15,sspls-v,0.0,5.630038467323737
2.154,16,mcgs,-0.5691986168541209,5.618768634973711
2.154,16,pos,-0.0,5.618768634973711
2.154,16,sbps,-0.3083694508932004,5.618768634973711
2.154,16,prculs-d,0.0,5.618768634973711
2.154,16,prcus-p,0.0,5.618768634973711
2.154,16,prcus-i,-0.0,5.618768634973711
2.154,16,prcus-a,-0.0,5.618768634973711
2.154,16,ifrms,-0.0,5.618768634973711
2.154,16,sspls-v,0.0,5.618768634973711
2.154,17,mcgs,-0.0,5.459985238801193
2.154,17,pos,-0.1350771292957394,5.459985238801193
2.154,17,sbps,-0.6601093416610164,5.459985238801193
2.154,17,prculs-d,-0.0,5.459985238801193
2.154,17,prcus-p,0.0,5.459985238801193
2.154,17,prcus-i,-0.0,5.459985238801193
2.154,17,prcus-a,-0.0,5.459985238801193
2.154,17,ifrms,-0.0,5.459985238801193
2.154,17,sspls-v,0.0,5.459985238801193
2.154,18,mcgs,-0.41967849796196105,5.789812235335854
2.154,18,pos,-0.0,5.789812235335854
2.154,18,sbps,-0.3567895781981607,5.789812235335854
2.154,18,prculs-d,0.0,5.789812235335854
2.154,18,prcus-p,0.0,5.789812235335854
2.154,18,prcus-i,-0.0,5.789812235335854
2.154,18,prcus-a,-0.0,5.789812235335854
2.154,18,ifrms,-0.0,5.789812235335854
2.154,18,sspls-v,-0.0,5.789812235335854
2.154,19,mcgs,-0.3908279433261751,5.811483196451986
2.154,19,pos,-0.0,5.811483196451986
2.154,19,sbps,-0.3091018829795691,5.811483196451986
2.154,19,prculs-d,0.0,5.811483196451986
2.154,19,prcus-p,0.0,5.811483196451986
2.154,19,prcus-i,-0.0,5.811483196451986
2.154,19,prcus-a,-0.0,5.811483196451986
2.154,19,ifrms,-0.0,5.811483196451986
2.154,19,sspls-v,-0.0,5.811483196451986
2.154,20,mcgs,-0.37141643815223074,5.72404261379336
2.154,20,pos,-0.0,5.72404261379336
2.154,20,sbps,-0.39708892386580763,5.72404261379336
2.154,20,prculs-d,0.0,5.72404261379336
2.154,20,prcus-p,0.0,5.72404261379336
2.154,20,prcus-i,-0.0,5.72404261379336
2.154,20,prcus-a,-0.0,5.72404261379336
2.154,20,ifrms,-0.0,5.72404261379336
2.154,20,sspls-v,0.0,5.72404261379336
2.154,21,mcgs,-0.42633497344472004,5.803561503406677
2.154,21,pos,-0.0,5.803561503406677
2.154,21,sbps,-0.3545634995080347,5.803561503406677
2.154,21,prculs-d,0.0,5.803561503406677
2.154,21,prcus-p,0.0,5.803561503406677
2.154,21,prcus-i,-0.0,5.803561503406677
2.154,21,prcus-a,-0.0,5.803561503406677
2.154,21,ifrms,-0.0,5.803561503406677
2.154,21,sspls-v,-0.0,5.803561503406677
2.154,22,mcgs,-0.3951734184394626,5.733315085849885
2.154,22,pos,-0.0,5.733315085849885
2.154,22,sbps,-0.42022970105470797,5.733315085849885
2.154,22,prculs-d,0.0,5.733315085849885
2.154,22,prcus-p,0.0,5.733315085849885
2.154,22,prcus-i,-0.0,5.733315085849885
2.154,22,prcus-a,-0.0,5.733315085849885
2.154,22,ifrms,-0.0,5.733315085849885
2.154,22,sspls-v,-0.0,5.733315085849885
2.154,23,mcgs,-0.43167922655362634,5.404378986228379
2.154,23,pos,-0.0,5.404378986228379
2.154,23,sbps,-0.0,5.404378986228379
2.154,23,prculs-d,0.0,5.404378986228379
2.154,23,prcus-p,0.0,5.404378986228379
2.154,23,prcus-i,-0.0,5.404378986228379
2.154,23,prcus-a,-0.0,5.404378986228379
2.154,23,ifrms,-0.0,5.404378986228379
2.154,23,sspls-v,-0.0,5.404378986228379
2.154,24,mcgs,-0.16638629944038624,5.70429859275328
2.154,24,pos,-0.0,5.70429859275328
2.154,24,sbps,-0.2633247109863659,5.70429859275328
2.154,24,prculs-d,0.0,5.70429859275328
2.154,24,prcus-p,0.42895660993727974,5.70429859275328
2.154,24,prcus-i,-0.0,5.70429859275328
2.154,24,prcus-a,-0.0,5.70429859275328
2.154,24,ifrms,-0.0,5.70429859275328
2.154,24,sspls-v,-0.0,5.70429859275328
2.154,25,mcgs,-0.13705842278698052,5.533991329718913
2.154,25,pos,-0.2228345334869738,5.533991329718913
2.154,25,sbps,-0.21514596456782198,5.533991329718913
2.154,25,prculs-d,0.0,5.533991329718913
2.154,25,prcus-p,0.0,5.533991329718913
2.154,25,prcus-i,-0.0,5.533991329718913
2.154,25,prcus-a,-0.0,5.533991329718913
2.154,25,ifrms,-0.0,5.533991329718913
2.154,25,sspls-v,0.0,5.533991329718913
2.154,26,mcgs,-0.4546671968070681,5.715492833108112
2.154,26,pos,-0.0,5.715492833108112
2.154,26,sbps,-0.33607596454931327,5.715492833108112
2.154,26,prculs-d,0.0,5.715492833108112
2.154,26,prcus-p,0.0,5.715492833108112
2.154,26,prcus-i,-0.0,5.715492833108112
2.154,26,prcus-a,-0.0,5.715492833108112
2.154,26,ifrms,-0.0,5.715492833108112
2.154,26,sspls-v,-0.0,5.715492833108112
2.154,27,mcgs,-0.44186335749820344,5.567232267891852
2.154,27,pos,-0.0,5.567232267891852
2.154,27,sbps,-0.17870088007708718,5.567232267891852
2.154,27,prculs-d,0.0,5.567232267891852
2.154,27,prcus-p,0.0,5.567232267891852
2.154,27,prcus-i,-0.0,5.567232267891852
2.154,27,prcus-a,-0.0,5.567232267891852
2.154,27,ifrms,-0.0,5.567232267891852
2.154,27,sspls-v,-0.0,5.567232267891852
2.303,0,mcgs,-0.17829451711559616,5.734485787681988
2.303,0,pos,-0.0,5.734485787681988
2.303,0,sbps,-0.13020602273003323,5.734485787681988
2.303,0,prculs-d,-0.0,5.734485787681988
2.303,0,prcus-p,0.0,5.734485787681988
2.303,0,prcus-i,-0.0,5.734485787681988
2.303,0,prcus-a,-0.0,5.734485787681988
2.303,0,ifrms,-0.0,5.734485787681988
2.303,0,sspls-v,0.0,5.734485787681988
2.303,1,mcgs,-0.6645465943770241,5.485897747487749
2.303,1,pos,-0.0,5.485897747487749
2.303,1,sbps,-0.0,5.485897747487749
2.303,1,prculs-d,-0.0,5.485897747487749
2.303,1,prcus-p,0.0,5.485897747487749
2.303,1,prcus-i,-0.0,5.485897747487749
2.303,1,prcus-a,-0.0,5.485897747487749
2.303,1,ifrms,-0.0,5.485897747487749
2.303,1,sspls-v,0.0,5.485897747487749
2.303,2,mcgs,-0.2242905914670662,4.828159795435517
2.303,2,pos,-0.0,4.828159795435517
2.303,2,sbps,-1.5325067346279146,4.828159795435517
2.303,2,prculs-d,0.0,4.828159795435517
2.303,2,prcus-p,0.0,4.828159795435517
2.303,2,prcus-i,-0.0,4.828159795435517
2.303,2,prcus-a,-0.0,4.828159795435517
2.303,2,ifrms,-0.0,4.828159795435517
2.303,2,sspls-v,-0.0,4.828159795435517
2.303,3,mcgs,-0.11887808529963054,5.358879600209837
2.303,3,pos,-0.0,5.358879600209837
2.303,3,sbps,-0.48430830970766886,5.358879600209837
2.303,3,prculs-d,0.0,5.358879600209837
2.303,3,prcus-p,0.0,5.358879600209837
2.303,3,prcus-i,-0.0,5.358879600209837
2.303,3,prcus-a,-0.0,5.358879600209837
2.303,3,ifrms,-0.0,5.358879600209837
2.303,3,sspls-v,-0.0,5.358879600209837
2.303,4,mcgs,-0.22618510652394525,5.7006415312426135
2.303,4,pos,-0.0,5.7006415312426135
2.303,4,sbps,-0.28885106433712926,5.7006415312426135
2.303,4,prculs-d,-0.0,5.7006415312426135
2.303,4,prcus-p,0.0,5.7006415312426135
2.303,4,prcus-i,-0.0,5.7006415312426135
2.303,4,prcus-a,-0.0,5.7006415312426135
2.303,4,ifrms,-0.0,5.7006415312426135
2.303,4,sspls-v,-0.0,5.7006415312426135
2.303,5,mcgs,-0.0,5.3648622035948215
2.303,5,pos,-0.0,5.3648622035948215
2.303,5,sbps,-0.11067922250505495,5.3648622035948215
2.303,5,prculs-d,0.0,5.3648622035948215
2.303,5,prcus-p,0.0,5.3648622035948215
2.303,5,prcus-i,-0.0,5.3648622035948215
2.303,5,prcus-a,-0.0,5.3648622035948215
2.303,5,ifrms,-0.0,5.3648622035948215
2.303,5,sspls-v,-0.0,5.3648622035948215
2.303,6,mcgs,-0.24553330760885378,5.71339028053146
2.303,6,pos,-0.0,5.71339028053146
2.303,6,sbps,-0.21966051069751266,5.71339028053146
2.303,6,prculs-d,0.0,5.71339028053146
2.303,6,prcus-p,0.0,5.71339028053146
2.303,6,prcus-i,-0.0,5.71339028053146
2.303,6,prcus-a,-0.0,5.71339028053146
2.303,6,ifrms,-0.0,5.71339028053146
2.303,6,sspls-v,-0.0,5.71339028053146
2.303,7,mcgs,-0.27055439731459197,5.737445740578384
2.303,7,pos,-0.0,5.737445740578384
2.303,7,sbps,-0.2157914083336957,5.737445740578384
2.303,7,prculs-d,0.0,5.737445740578384
2.303,7,prcus-p,0.0,5.737445740578384
2.303,7,prcus-i,-0.0,5.737445740578384
2.303,7,prcus-a,-0.0,5.737445740578384
2.303,7,ifrms,-0.0,5.737445740578384
2.303,7,sspls-v,-0.0,5.737445740578384
2.303,8,mcgs,-0.8182832999405285,5.165151300824665
2.303,8,pos,-0.1769020816025856,5.165151300824665
2.303,8,sbps,-0.0,5.165151300824665
2.303,8,prculs-d,0.0,5.165151300824665
2.303,8,prcus-p,0.0,5.165151300824665
2.303,8,prcus-i,-0.0,5.165151300824665
2.303,8,prcus-a,-0.0,5.165151300824665
2.303,8,ifrms,-0.0,5.165151300824665
2.303,8,sspls-v,-0.0,5.165151300824665
2.303,9,mcgs,-0.19370103721898133,5.337136188026623
2.303,9,pos,-0.0,5.337136188026623
2.303,9,sbps,-0.0,5.337136188026623
2.303,9,prculs-d,-0.0,5.337136188026623
2.303,9,prcus-p,0.0,5.337136188026623
2.303,9,prcus-i,-0.0,5.337136188026623
2.303,9,prcus-a,-0.0,5.337136188026623
2.303,9,ifrms,-0.0,5.337136188026623
2.303,9,sspls-v,-0.0,5.337136188026623
2.303,10,mcgs,-0.18438874315973058,5.688490234650233
2.303,10,pos,-0.0,5.688490234650233
2.303,10,sbps,-0.0653857689003672,5.688490234650233
2.303,10,prculs-d,-0.0,5.688490234650233
2.303,10,prcus-p,0.0,5.688490234650233
2.303,10,prcus-i,-0.0,5.688490234650233
2.303,10,prcus-a,-0.0,5.688490234650233
2.303,10,ifrms,-0.0,5.688490234650233
2.303,10,sspls-v,-0.0,5.688490234650233
2.303,11,mcgs,-0.0,5.324430588665415
2.303,11,pos,-0.0,5.324430588665415
2.303,11,sbps,-0.0,5.324430588665415
2.303,11,prculs-d,0.0,5.324430588665415
2.303,11,prcus-p,0.0,5.324430588665415
2.303,11,prcus-i,-0.0,5.324430588665415
2.303,11,prcus-a,-0.0,5.324430588665415
2.303,11,ifrms,-0.0,5.324430588665415
2.303,11,sspls-v,-0.0,5.324430588665415
2.303,12,mcgs,-0.30255299841241545,5.7071082092121515
2.303,12,pos,-0.0,5.7071082092121515
2.303,12,sbps,-0.14448591935178162,5.7071082092121515
2.303,12,prculs-d,-0.0,5.7071082092121515
2.303,12,prcus-p,0.0,5.7071082092121515
2.303,12,prcus-i,-0.0,5.7071082092121515
2.303,12,prcus-a,-0.0,5.7071082092121515
2.303,12,ifrms,-0.0,5.7071082092121515
2.303,12,sspls-v,-0.0,5.7071082092121515
2.303,13,mcgs,-0.3363730206909091,5.4288372686741235
2.303,13,pos,-0.0,5.4288372686741235
2.303,13,sbps,-0.0,5.4288372686741235
2.303,13,prculs-d,-0.0,5.4288372686741235
2.303,13,prcus-p,0.0,5.4288372686741235
2.303,13,prcus-i,-0.0,5.4288372686741235
2.303,13,prcus-a,-0.0,5.4288372686741235
2.303,13,ifrms,-0.0,5.4288372686741235
2.303,13,sspls-v,-0.0,5.4288372686741235
2.303,14,mcgs,-0.32520923767113025,5.760610297629781
2.303,14,pos,-0.0,5.760610297629781
2.303,14,sbps,-0.2328335186457027,5.760610297629781
2.303,14,prculs-d,-0.0,5.760610297629781
2.303,14,prcus-p,0.0,5.760610297629781
2.303,14,prcus-i,-0.0,5.760610297629781
2.303,14,prcus-a,-0.0,5.760610297629781
2.303,14,ifrms,-0.0,5.760610297629781
2.303,14,sspls-v,-0.0,5.760610297629781
2.303,15,mcgs,-0.08327515842578308,5.625550117851596
2.303,15,pos,-0.0,5.625550117851596
2.303,15,sbps,-0.1804455371997291,5.625550117851596
2.303,15,prculs-d,-0.0,5.625550117851596
2.303,15,prcus-p,0.0,5.625550117851596
2.303,15,prcus-i,-0.0,5.625550117851596
2.303,15,prcus-a,-0.0,5.625550117851596
2.303,15,ifrms,-0.0,5.625550117851596
2.303,15,sspls-v,-0.0,5.625550117851596
2.303,16,mcgs,-0.44112429156953636,5.660008062686883
2.303,16,pos,-0.0,5.660008062686883
2.303,16,sbps,-0.18029558881583063,5.660008062686883
2.303,16,prculs-d,-0.0,5.660008062686883
2.303,16,prcus-p,0.0,5.660008062686883
2.303,16,prcus-i,-0.0,5.660008062686883
2.303,16,prcus-a,-0.0,5.660008062686883
2.303,16,ifrms,-0.0,5.660008062686883
2.303,16,sspls-v,-0.0,5.660008062686883
2.303,17,mcgs,-0.0,5.447349788789381
2.303,17,pos,-0.01664380125510084,5.447349788789381
2.303,17,sbps,-0.5416773659154315,5.447349788789381
2.303,17,prculs-d,-0.0,5.447349788789381
2.303,17,prcus-p,0.0,5.447349788789381
2.303,17,prcus-i,-0.0,5.447349788789381
2.303,17,prcus-a,-0.0,5.447349788789381
2.303,17,ifrms,-0.0,5.447349788789381
2.303,17,sspls-v,0.0,5.447349788789381
2.303,18,mcgs,-0.28907120180725054,5.809275232176937
2.303,18,pos,-0.0,5.809275232176937
2.303,18,sbps,-0.22618244571013915,5.809275232176937
2.303,18,prculs-d,0.0,5.809275232176937
2.303,18,prcus-p,0.0,5.809275232176937
2.303,18,prcus-i,-0.0,5.809275232176937
2.303,18,prcus-a,-0.0,5.809275232176937
2.303,18,ifrms,-0.0,5.809275232176937
2.303,18,sspls-v,-0.0,5.809275232176937
2.303,19,mcgs,-0.255176794339007,5.794262531322196
2.303,19,pos,-0.0,5.794262531322196
2.303,19,sbps,-0.17345069405319102,5.794262531322196
2.303,19,prculs-d,0.0,5.794262531322196
2.303,19,prcus-p,0.0,5.794262531322196
2.303,19,prcus-i,-0.0,5.794262531322196
2.303,19,prcus-a,-0.0,5.794262531322196
2.303,19,ifrms,-0.0,5.794262531322196
2.303,19,sspls-v,-0.0,5.794262531322196
2.303,20,mcgs,-0.24269795528486682,5.746711837807048
2.303,20,pos,-0.0,5.746711837807048
2.303,20,sbps,-0.26837080029810634,5.746711837807048
2.303,20,prculs-d,0.0,5.746711837807048
2.303,20,prcus-p,0.0,5.746711837807048
2.303,20,prcus-i,-0.0,5.746711837807048
2.303,20,prcus-a,-0.0,5.746711837807048
2.303,20,ifrms,-0.0,5.746711837807048
2.303,20,sspls-v,-0.0,5.746711837807048
2.303,21,mcgs,-0.2925351529748366,5.810735803334997
2.303,21,pos,-0.0,5.810735803334997
2.303,21,sbps,-0.22076371542511797,5.810735803334997
2.303,21,prculs-d,0.0,5.810735803334997
2.303,21,prcus-p,0.0,5.810735803334997
2.303,21,prcus-i,-0.0,5.810735803334997
2.303,21,prcus-a,-0.0,5.810735803334997
2.303,21,ifrms,-0.0,5.810735803334997
2.303,21,sspls-v,-0.0,5.810735803334997
2.303,22,mcgs,-0.26824961078356657,5.771638891484355
2.303,22,pos,-0.0,5.771638891484355
2.303,22,sbps,-0.29330591510681253,5.771638891484355
2.303,22,prculs-d,0.0,5.771638891484355
2.303,22,prcus-p,0.0,5.771638891484355
2.303,22,prcus-i,-0.0,5.771638891484355
2.303,22,prcus-a,-0.0,5.771638891484355
2.303,22,ifrms,-0.0,5.771638891484355
2.303,22,sspls-v,-0.0,5.771638891484355
2.303,23,mcgs,-0.28267922655362654,5.363815120982774
2.303,23,pos,-0.0,5.363815120982774
2.303,23,sbps,-0.0,5.363815120982774
2.303,23,prculs-d,0.0,5.363815120982774
2.303,23,prcus-p,0.0,5.363815120982774
2.303,23,prcus-i,-0.0,5.363815120982774
2.303,23,prcus-a,-0.0,5.363815120982774
2.303,23,ifrms,-0.0,5.363815120982774
2.303,23,sspls-v,-0.0,5.363815120982774
2.303,24,mcgs,-0.0361087867083643,5.718186695119134
2.303,24,pos,-0.0,5.718186695119134
2.303,24,sbps,-0.12671423874272558,5.718186695119134
2.303,24,prculs-d,-0.0,5.718186695119134
2.303,24,prcus-p,0.2825517742854747,5.718186695119134
2.303,24,prcus-i,-0.0,5.718186695119134
2.303,24,prcus-a,-0.0,5.718186695119134
2.303,24,ifrms,-0.0,5.718186695119134
2.303,24,sspls-v,-0.0,5.718186695119134
2.303,25,mcgs,-0.030781874648325318,5.515108688017249
2.303,25,pos,-0.14638049756834287,5.515108688017249
2.303,25,sbps,-0.10212113763802429,5.515108688017249
2.303,25,prculs-d,0.0,5.515108688017249
2.303,25,prcus-p,0.0,5.515108688017249
2.303,25,prcus-i,-0.0,5.515108688017249
2.303,25,prcus-a,-0.0,5.515108688017249
2.303,25,ifrms,-0.0,5.515108688017249
2.303,25,sspls-v,0.0,5.515108688017249
2.303,26,mcgs,-0.32413023752712256,5.747186908472253
2.303,26,pos,-0.0,5.747186908472253
2.303,26,sbps,-0.20553917400321225,5.747186908472253
2.303,26,prculs-d,0.0,5.747186908472253
2.303,26,prcus-p,0.0,5.747186908472253
2.303,26,prcus-i,-0.0,5.747186908472253
2.303,26,prcus-a,-0.0,5.747186908472253
2.303,26,ifrms,-0.0,5.747186908472253
2.303,26,sspls-v,-0.0,5.747186908472253
2.303,27,mcgs,-0.3114522756804797,5.571591525204504
2.303,27,pos,-0.0,5.571591525204504
2.303,27,sbps,-0.04828997641219561,5.571591525204504
2.303,27,prculs-d,0.0,5.571591525204504
2.303,27,prcus-p,0.0,5.571591525204504
2.303,27,prcus-i,-0.0,5.571591525204504
2.303,27,prcus-a,-0.0,5.571591525204504
2.303,27,ifrms,-0.0,5.571591525204504
2.303,27,sspls-v,-0.0,5.571591525204504
2.462,0,mcgs,-0.029633784413155808,5.699296873500668
2.462,0,pos,-0.0,5.699296873500668
2.462,0,sbps,-0.0,5.699296873500668
2.462,0,prculs-d,-0.0,5.699296873500668
2.462,0,prcus-p,0.0,5.699296873500668
2.462,0,prcus-i,-0.0,5.699296873500668
2.462,0,prcus-a,-0.0,5.699296873500668
2.462,0,ifrms,-0.0,5.699296873500668
2.462,0,sspls-v,-0.0,5.699296873500668
2.462,1,mcgs,-0.5055465943770239,5.480633300532515
2.462,1,pos,-0.0,5.480633300532515
2.462,1,sbps,-0.0,5.480633300532515
2.462,1,prculs-d,-0.0,5.480633300532515
2.462,1,prcus-p,0.0,5.480633300532515
2.462,1,prcus-i,-0.0,5.480633300532515
2.462,1,prcus-a,-0.0,5.480633300532515
2.462,1,ifrms,-0.0,5.480633300532515
2.462,1,sspls-v,-0.0,5.480633300532515
2.462,2,mcgs,-0.08235343231699709,4.9239943551585315
2.462,2,pos,-0.0,4.9239943551585315
2.462,2,sbps,-1.3905696331669792,4.9239943551585315
2.462,2,prculs-d,0.0,4.9239943551585315
2.462,2,prcus-p,0.0,4.9239943551585315
2.462,2,prcus-i,-0.0,4.9239943551585315
2.462,2,prcus-a,-0.0,4.9239943551585315
2.462,2,ifrms,-0.0,4.9239943551585315
2.462,2,sspls-v,-0.0,4.9239943551585315
2.462,3,mcgs,-0.0,5.389079117390177
2.462,3,pos,-0.0,5.389079117390177
2.462,3,sbps,-0.3430826810549587,5.389079117390177
2.462,3,prculs-d,0.0,5.389079117390177
2.462,3,prcus-p,0.0,5.389079117390177
2.462,3,prcus-i,-0.0,5.389079117390177
2.462,3,prcus-a,-0.0,5.389079117390177
2.462,3,ifrms,-0.0,5.389079117390177
2.462,3,sspls-v,-0.0,5.389079117390177
2.462,4,mcgs,-0.08815904522402856,5.695532368496931
2.462,4,pos,-0.0,5.695532368496931
2.462,4,sbps,-0.1508253005273267,5.695532368496931
2.462,4,prculs-d,-0.0,5.695532368496931
2.462,4,prcus-p,0.0,5.695532368496931
2.462,4,prcus-i,-0.0,5.695532368496931
2.462,4,prcus-a,-0.0,5.695532368496931
2.462,4,ifrms,-0.0,5.695532368496931
2.462,4,sspls-v,-0.0,5.695532368496931
2.462,5,mcgs,-0.0,5.312366441127251
2.462,5,pos,-0.0,5.312366441127251
2.462,5,sbps,-0.0,5.312366441127251
2.462,5,prculs-d,0.0,5.312366441127251
2.462,5,prcus-p,0.0,5.312366441127251
2.462,5,prcus-i,-0.0,5.312366441127251
2.462,5,prcus-a,-0.0,5.312366441127251
2.462,5,ifrms,-0.0,5.312366441127251
2.462,5,sspls-v,-0.0,5.312366441127251
2.462,6,mcgs,-0.1057795895292223,5.725799877036833
2.462,6,pos,-0.0,5.725799877036833
2.462,6,sbps,-0.07990694200220438,5.725799877036833
2.462,6,prculs-d,-0.0,5.725799877036833
2.462,6,prcus-p,0.0,5.725799877036833
2.462,6,prcus-i,-0.0,5.725799877036833
2.462,6,prcus-a,-0.0,5.725799877036833
2.462,6,ifrms,-0.0,5.725799877036833
2.462,6,sspls-v,-0.0,5.725799877036833
2.462,7,mcgs,-0.13084004100049954,5.748402765737584
2.462,7,pos,-0.0,5.748402765737584
2.462,7,sbps,-0.0760772038549162,5.748402765737584
2.462,7,prculs-d,0.0,5.748402765737584
2.462,7,prcus-p,0.0,5.748402765737584
2.462,7,prcus-i,-0.0,5.748402765737584
2.462,7,prcus-a,-0.0,5.748402765737584
2.462,7,ifrms,-0.0,5.748402765737584
2.462,7,sspls-v,-0.0,5.748402765737584
2.462,8,mcgs,-0.6960468104227411,5.222853455393923
2.462,8,pos,-0.05466879601243273,5.222853455393923
2.462,8,sbps,-0.0,5.222853455393923
2.462,8,prculs-d,0.0,5.222853455393923
2.462,8,prcus-p,0.0,5.222853455393923
2.462,8,prcus-i,-0.0,5.222853455393923
2.462,8,prcus-a,-0.0,5.222853455393923
2.462,8,ifrms,-0.0,5.222853455393923
2.462,8,sspls-v,-0.0,5.222853455393923
2.462,9,mcgs,-0.03470103721898105,5.299281079567078
2.462,9,pos,-0.0,5.299281079567078
2.462,9,sbps,-0.0,5.299281079567078
2.462,9,prculs-d,-0.0,5.299281079567078
2.462,9,prcus-p,0.0,5.299281079567078
2.462,9,prcus-i,-0.0,5.299281079567078
2.462,9,prcus-a,-0.0,5.299281079567078
2.462,9,ifrms,-0.0,5.299281079567078
2.462,9,sspls-v,-0.0,5.299281079567078
2.462,10,mcgs,-0.03224304965088562,5.644185219279511
2.462,10,pos,-0.0,5.644185219279511
2.462,10,sbps,-0.0,5.644185219279511
2.462,10,prculs-d,-0.0,5.644185219279511
2.462,10,prcus-p,0.0,5.644185219279511
2.462,10,prcus-i,-0.0,5.644185219279511
2.462,10,prcus-a,-0.0,5.644185219279511
2.462,10,ifrms,-0.0,5.644185219279511
2.462,10,sspls-v,-0.0,5.644185219279511
2.462,11,mcgs,-0.0,5.266195857485358
2.462,11,pos,-0.0,5.266195857485358
2.462,11,sbps,-0.0,5.266195857485358
2.462,11,prculs-d,0.0,5.266195857485358
2.462,11,prcus-p,0.0,5.266195857485358
2.462,11,prcus-i,-0.0,5.266195857485358
2.462,11,prcus-a,-0.0,5.266195857485358
2.462,11,ifrms,-0.0,5.266195857485358
2.462,11,sspls-v,-0.0,5.266195857485358
2.462,12,mcgs,-0.16318336128247202,5.7187204249806145
2.462,12,pos,-0.0,5.7187204249806145
2.462,12,sbps,-0.005116139939806992,5.7187204249806145
2.462,12,prculs-d,-0.0,5.7187204249806145
2.462,12,prcus-p,0.0,5.7187204249806145
2.462,12,prcus-i,-0.0,5.7187204249806145
2.462,12,prcus-a,-0.0,5.7187204249806145
2.462,12,ifrms,-0.0,5.7187204249806145
2.462,12,sspls-v,-0.0,5.7187204249806145
2.462,13,mcgs,-0.17737302069090888,5.418530932760951
2.462,13,pos,-0.0,5.418530932760951
2.462,13,sbps,-0.0,5.418530932760951
2.462,13,prculs-d,-0.0,5.418530932760951
2.462,13,prcus-p,0.0,5.418530932760951
2.462,13,prcus-i,-0.0,5.418530932760951
2.462,13,prcus-a,-0.0,5.418530932760951
2.462,13,ifrms,-0.0,5.418530932760951
2.462,13,sspls-v,-0.0,5.418530932760951
2.462,14,mcgs,-0.18482666373564413,5.783277831977414
2.462,14,pos,-0.0,5.783277831977414
2.462,14,sbps,-0.09245105943596942,5.783277831977414
2.462,14,prculs-d,-0.0,5.783277831977414
2.462,14,prcus-p,0.0,5.783277831977414
2.462,14,prcus-i,-0.0,5.783277831977414
2.462,14,prcus-a,-0.0,5.783277831977414
2.462,14,ifrms,-0.0,5.783277831977414
2.462,14,sspls-v,-0.0,5.783277831977414
2.462,15,mcgs,-0.0,5.591385279089424
2.462,15,pos,-0.0,5.591385279089424
2.462,15,sbps,-0.03237645585132201,5.591385279089424
2.462,15,prculs-d,-0.0,5.591385279089424
2.462,15,prcus-p,0.0,5.591385279089424
2.462,15,prcus-i,-0.0,5.591385279089424
2.462,15,prcus-a,-0.0,5.591385279089424
2.462,15,ifrms,-0.0,5.591385279089424
2.462,15,sspls-v,-0.0,5.591385279089424
2.462,16,mcgs,-0.3044543739839725,5.709065460132706
2.462,16,pos,-0.0,5.709065460132706
2.462,16,sbps,-0.04362616552521421,5.709065460132706
2.462,16,prculs-d,-0.0,5.709065460132706
2.462,16,prcus-p,0.0,5.709065460132706
2.462,16,prcus-i,-0.0,5.709065460132706
2.462,16,prcus-a,-0.0,5.709065460132706
2.462,16,ifrms,-0.0,5.709065460132706
2.462,16,sspls-v,-0.0,5.709065460132706
2.462,17,mcgs,-0.0,5.437274018082102
2.462,17,pos,-0.0,5.437274018082102
2.462,17,sbps,-0.3869731847433632,5.437274018082102
2.462,17,prculs-d,-0.0,5.437274018082102
2.462,17,prcus-p,0.0,5.437274018082102
2.462,17,prcus-i,-0.0,5.437274018082102
2.462,17,prcus-a,-0.0,5.437274018082102
2.462,17,ifrms,-0.0,5.437274018082102
2.462,17,sspls-v,0.0,5.437274018082102
2.462,18,mcgs,-0.1496983153065867,5.825054119425808
2.462,18,pos,-0.0,5.825054119425808
2.462,18,sbps,-0.08680973386050439,5.825054119425808
2.462,18,prculs-d,0.0,5.825054119425808
2.462,18,prcus-p,0.0,5.825054119425808
2.462,18,prcus-i,-0.0,5.825054119425808
2.462,18,prcus-a,-0.0,5.825054119425808
2.462,18,ifrms,-0.0,5.825054119425808
2.462,18,sspls-v,-0.0,5.825054119425808
2.462,19,mcgs,-0.11042148965649201,5.746305765025155
2.462,19,pos,-0.0,5.746305765025155
2.462,19,sbps,-0.028695403578607993,5.746305765025155
2.462,19,prculs-d,0.0,5.746305765025155
2.462,19,prcus-p,0.0,5.746305765025155
2.462,19,prcus-i,-0.0,5.746305765025155
2.462,19,prcus-a,-0.0,5.746305765025155
2.462,19,ifrms,-0.0,5.746305765025155
2.462,19,sspls-v,-0.0,5.746305765025155
2.462,20,mcgs,-0.10534064806398807,5.76166541884263
2.462,20,pos,-0.0,5.76166541884263
2.462,20,sbps,-0.13101387649096224,5.76166541884263
2.462,20,prculs-d,0.0,5.76166541884263
2.462,20,prcus-p,0.0,5.76166541884263
2.462,20,prcus-i,-0.0,5.76166541884263
2.462,20,prcus-a,-0.0,5.76166541884263
2.462,20,ifrms,-0.0,5.76166541884263
2.462,20,sspls-v,-0.0,5.76166541884263
2.462,21,mcgs,-0.1497554787821427,5.807970484812993
2.462,21,pos,-0.0,5.807970484812993
2.462,21,sbps,-0.0779840800614693,5.807970484812993
2.462,21,prculs-d,0.0,5.807970484812993
2.462,21,prcus-p,0.0,5.807970484812993
2.462,21,prcus-i,-0.0,5.807970484812993
2.462,21,prcus-a,-0.0,5.807970484812993
2.462,21,ifrms,-0.0,5.807970484812993
2.462,21,sspls-v,-0.0,5.807970484812993
2.462,22,mcgs,-0.13280742677492569,5.796516940934961
2.462,22,pos,-0.0,5.796516940934961
2.462,22,sbps,-0.15786375426308272,5.796516940934961
2.462,22,prculs-d,0.0,5.796516940934961
2.462,22,prcus-p,0.0,5.796516940934961
2.462,22,prcus-i,-0.0,5.796516940934961
2.462,22,prcus-a,-0.0,5.796516940934961
2.462,22,ifrms,-0.0,5.796516940934961
2.462,22,sspls-v,-0.0,5.796516940934961
2.462,23,mcgs,-0.12367922655362633,5.330309747942882
2.462,23,pos,-0.0,5.330309747942882
2.462,23,sbps,-0.0,5.330309747942882
2.462,23,prculs-d,0.0,5.330309747942882
2.462,23,prcus-p,0.0,5.330309747942882
2.462,23,prcus-i,-0.0,5.330309747942882
2.462,23,prcus-a,-0.0,5.330309747942882
2.462,23,ifrms,-0.0,5.330309747942882
2.462,23,sspls-v,-0.0,5.330309747942882
2.462,24,mcgs,-0.0,5.67908515074865
2.462,24,pos,-0.0,5.67908515074865
2.462,24,sbps,-0.0,5.67908515074865
2.462,24,prculs-d,-0.0,5.67908515074865
2.462,24,prcus-p,0.12345667855760052,5.67908515074865
2.462,24,prcus-i,-0.0,5.67908515074865
2.462,24,prcus-a,-0.0,5.67908515074865
2.462,24,ifrms,-0.0,5.67908515074865
2.462,24,sspls-v,-0.0,5.67908515074865
2.462,25,mcgs,-0.0,5.465869657180811
2.462,25,pos,-0.028755903946147934,5.465869657180811
2.462,25,sbps,-0.0,5.465869657180811
2.462,25,prculs-d,0.0,5.465869657180811
2.462,25,prcus-p,0.0,5.465869657180811
2.462,25,prcus-i,-0.0,5.465869657180811
2.462,25,prcus-a,-0.0,5.465869657180811
2.462,25,ifrms,-0.0,5.465869657180811
2.462,25,sspls-v,0.0,5.465869657180811
2.462,26,mcgs,-0.18483240849684587,5.7768898499324735
2.462,26,pos,-0.0,5.7768898499324735
2.462,26,sbps,-0.06624152503119808,5.7768898499324735
2.462,26,prculs-d,0.0,5.7768898499324735
2.462,26,prcus-p,0.0,5.7768898499324735
2.462,26,prcus-i,-0.0,5.7768898499324735
2.462,26,prcus-a,-0.0,5.7768898499324735
2.462,26,ifrms,-0.0,5.7768898499324735
2.462,26,sspls-v,-0.0,5.7768898499324735
2.462,27,mcgs,-0.15933558371166187,5.566802672148949
2.462,27,pos,-0.0,5.566802672148949
2.462,27,sbps,-0.0,5.566802672148949
2.462,27,prculs-d,0.0,5.566802672148949
2.462,27,prcus-p,0.0,5.566802672148949
2.462,27,prcus-i,-0.0,5.566802672148949
2.462,27,prcus-a,-0.0,5.566802672148949
2.462,27,ifrms,-0.0,5.566802672148949
2.462,27,sspls-v,-0.0,5.566802672148949
2.632,0,mcgs,-0.0,5.624124918849424
2.632,0,pos,-0.0,5.624124918849424
2.632,0,sbps,-0.0,5.624124918849424
2.632,0,prculs-d,-0.0,5.624124918849424
2.632,0,prcus-p,0.0,5.624124918849424
2.632,0,prcus-i,-0.0,5.624124918849424
2.632,0,prcus-a,-0.0,5.624124918849424
2.632,0,ifrms,-0.0,5.624124918849424
2.632,0,sspls-v,-0.0,5.624124918849424
2.632,1,mcgs,-0.33554659437702383,5.489858418985596
2.632,1,pos,-0.0,5.489858418985596
2.632,1,sbps,-0.0,5.489858418985596
2.632,1,prculs-d,-0.0,5.489858418985596
2.632,1,prcus-p,0.0,5.489858418985596
2.632,1,prcus-i,-0.0,5.489858418985596
2.632,1,prcus-a,-0.0,5.489858418985596
2.632,1,ifrms,-0.0,5.489858418985596
2.632,1,sspls-v,-0.0,5.489858418985596
2.632,2,mcgs,-0.0,5.008346201710343
2.632,2,pos,-0.0,5.008346201710343
2.632,2,sbps,-1.2304697063288137,5.008346201710343
2.632,2,prculs-d,0.0,5.008346201710343
2.632,2,prcus-p,0.0,5.008346201710343
2.632,2,prcus-i,-0.0,5.008346201710343
2.632,2,prcus-a,-0.0,5.008346201710343
2.632,2,ifrms,-0.0,5.008346201710343
2.632,2,sspls-v,-0.0,5.008346201710343
2.632,3,mcgs,-0.0,5.379311636273019
2.632,3,pos,-0.0,5.379311636273019
2.632,3,sbps,-0.17308268105495858,5.379311636273019
2.632,3,prculs-d,0.0,5.379311636273019
2.632,3,prcus-p,0.0,5.379311636273019
2.632,3,prcus-i,-0.0,5.379311636273019
2.632,3,prcus-a,-0.0,5.379311636273019
2.632,3,ifrms,-0.0,5.379311636273019
2.632,3,sspls-v,-0.0,5.379311636273019
2.632,4,mcgs,-0.0,5.664770609225071
2.632,4,pos,-0.0,5.664770609225071
2.632,4,sbps,-0.0,5.664770609225071
2.632,4,prculs-d,-0.0,5.664770609225071
2.632,4,prcus-p,0.0,5.664770609225071
2.632,4,prcus-i,-0.0,5.664770609225071
2.632,4,prcus-a,-0.0,5.664770609225071
2.632,4,ifrms,-0.0,5.664770609225071
2.632,4,sspls-v,-0.0,5.664770609225071
2.632,5,mcgs,-0.0,5.252260560016331
2.632,5,pos,-0.0,5.252260560016331
2.632,5,sbps,-0.0,5.252260560016331
2.632,5,prculs-d,0.0,5.252260560016331
2.632,5,prcus-p,0.0,5.252260560016331
2.632,5,prcus-i,-0.0,5.252260560016331
2.632,5,prcus-a,-0.0,5.252260560016331
2.632,5,ifrms,-0.0,5.252260560016331
2.632,5,sspls-v,-0.0,5.252260560016331
2.632,6,mcgs,-0.0,5.692011141414731
2.632,6,pos,-0.0,5.692011141414731
2.632,6,sbps,-0.0,5.692011141414731
2.632,6,prculs-d,-0.0,5.692011141414731
2.632,6,prcus-p,0.0,5.692011141414731
2.632,6,prcus-i,-0.0,5.692011141414731
2.632,6,prcus-a,-0.0,5.692011141414731
2.632,6,ifrms,-0.0,5.692011141414731
2.632,6,sspls-v,-0.0,5.692011141414731
2.632,7,mcgs,-0.0,5.708774505035774
2.632,7,pos,-0.0,5.708774505035774
2.632,7,sbps,-0.0,5.708774505035774
2.632,7,prculs-d,0.0,5.708774505035774
2.632,7,prcus-p,0.0,5.708774505035774
2.632,7,prcus-i,-0.0,5.708774505035774
2.632,7,prcus-a,-0.0,5.708774505035774
2.632,7,ifrms,-0.0,5.708774505035774
2.632,7,sspls-v,-0.0,5.708774505035774
2.632,8,mcgs,-0.5424892781642373,5.264024220923527
2.632,8,pos,-0.0,5.264024220923527
2.632,8,sbps,-0.0,5.264024220923527
2.632,8,prculs-d,0.0,5.264024220923527
2.632,8,prcus-p,0.0,5.264024220923527
2.632,8,prcus-i,-0.0,5.264024220923527
2.632,8,prcus-a,-0.0,5.264024220923527
2.632,8,ifrms,-0.0,5.264024220923527
2.632,8,sspls-v,-0.0,5.264024220923527
2.632,9,mcgs,-0.0,5.2285015310691465
2.632,9,pos,-0.0,5.2285015310691465
2.632,9,sbps,-0.0,5.2285015310691465
2.632,9,prculs-d,-0.0,5.2285015310691465
2.632,9,prcus-p,0.0,5.2285015310691465
2.632,9,prcus-i,-0.0,5.2285015310691465
2.632,9,prcus-a,-0.0,5.2285015310691465
2.632,9,ifrms,-0.0,5.2285015310691465
2.632,9,sspls-v,-0.0,5.2285015310691465
2.632,10,mcgs,-0.0,5.579773646901022
2.632,10,pos,-0.0,5.579773646901022
2.632,10,sbps,-0.0,5.579773646901022
2.632,10,prculs-d,-0.0,5.579773646901022
2.632,10,prcus-p,0.0,5.579773646901022
2.632,10,prcus-i,-0.0,5.579773646901022
2.632,10,prcus-a,-0.0,5.579773646901022
2.632,10,ifrms,-0.0,5.579773646901022
2.632,10,sspls-v,-0.0,5.579773646901022
2.632,11,mcgs,-0.0,5.2197844704335115
2.632,11,pos,-0.0,5.2197844704335115
2.632,11,sbps,-0.0,5.2197844704335115
2.632,11,prculs-d,0.0,5.2197844704335115
2.632,11,prcus-p,0.0,5.2197844704335115
2.632,11,prcus-i,-0.0,5.2197844704335115
2.632,11,prcus-a,-0.0,5.2197844704335115
2.632,11,ifrms,-0.0,5.2197844704335115
2.632,11,sspls-v,-0.0,5.2197844704335115
2.632,12,mcgs,-0.0,5.679680180628153
2.632,12,pos,-0.0,5.679680180628153
2.632,12,sbps,-0.0,5.679680180628153
2.632,12,prculs-d,-0.0,5.679680180628153
2.632,12,prcus-p,0.0,5.679680180628153
2.632,12,prcus-i,-0.0,5.679680180628153
2.632,12,prcus-a,-0.0,5.679680180628153
2.632,12,ifrms,-0.0,5.679680180628153
2.632,12,sspls-v,-0.0,5.679680180628153
2.632,13,mcgs,-0.007373020690908803,5.3967479367192315
2.632,13,pos,-0.0,5.3967479367192315
2.632,13,sbps,-0.0,5.3967479367192315
2.632,13,prculs-d,-0.0,5.3967479367192315
2.632,13,prcus-p,0.0,5.3967479367192315
2.632,13,prcus-i,-0.0,5.3967479367192315
2.632,13,prcus-a,-0.0,5.3967479367192315
2.632,13,ifrms,-0.0,5.3967479367192315
2.632,13,sspls-v,-0.0,5.3967479367192315
2.632,14,mcgs,-0.027087460229197894,5.765156812582377
2.632,14,pos,-0.0,5.765156812582377
2.632,14,sbps,-0.0,5.765156812582377
2.632,14,prculs-d,-0.0,5.765156812582377
2.632,14,prcus-p,0.0,5.765156812582377
2.632,14,prcus-i,-0.0,5.765156812582377
2.632,14,prcus-a,-0.0,5.765156812582377
2.632,14,ifrms,-0.0,5.765156812582377
2.632,14,sspls-v,-0.0,5.765156812582377
2.632,15,mcgs,-0.0,5.528675169390838
2.632,15,pos,-0.0,5.528675169390838
2.632,15,sbps,-0.0,5.528675169390838
2.632,15,prculs-d,-0.0,5.528675169390838
2.632,15,prcus-p,0.0,5.528675169390838
2.632,15,prcus-i,-0.0,5.528675169390838
2.632,15,prcus-a,-0.0,5.528675169390838
2.632,15,ifrms,-0.0,5.528675169390838
2.632,15,sspls-v,-0.0,5.528675169390838
2.632,16,mcgs,-0.1415823463434686,5.72584577275317
2.632,16,pos,-0.0,5.72584577275317
2.632,16,sbps,-0.0,5.72584577275317
2.632,16,prculs-d,-0.0,5.72584577275317
2.632,16,prcus-p,0.0,5.72584577275317
2.632,16,prcus-i,-0.0,5.72584577275317
2.632,16,prcus-a,-0.0,5.72584577275317
2.632,16,ifrms,-0.0,5.72584577275317
2.632,16,sspls-v,-0.0,5.72584577275317
2.632,17,mcgs,-0.0,5.420742461077727
2.632,17,pos,-0.0,5.420742461077727
2.632,17,sbps,-0.21697318474336302,5.420742461077727
2.632,17,prculs-d,-0.0,5.420742461077727
2.632,17,prcus-p,0.0,5.420742461077727
2.632,17,prcus-i,-0.0,5.420742461077727
2.632,17,prcus-a,-0.0,5.420742461077727
2.632,17,ifrms,-0.0,5.420742461077727
2.632,17,sspls-v,0.0,5.420742461077727
2.632,18,mcgs,-0.0,5.793341983876386
2.632,18,pos,-0.0,5.793341983876386
2.632,18,sbps,-0.0,5.793341983876386
2.632,18,prculs-d,-0.0,5.793341983876386
2.632,18,prcus-p,0.0,5.793341983876386
2.632,18,prcus-i,-0.0,5.793341983876386
2.632,18,prcus-a,-0.0,5.793341983876386
2.632,18,ifrms,-0.0,5.793341983876386
2.632,18,sspls-v,-0.0,5.793341983876386
2.632,19,mcgs,-0.0,5.687628025383283
2.632,19,pos,-0.0,5.687628025383283
2.632,19,sbps,-0.0,5.687628025383283
2.632,19,prculs-d,0.0,5.687628025383283
2.632,19,prcus-p,0.0,5.687628025383283
2.632,19,prcus-i,-0.0,5.687628025383283
2.632,19,prcus-a,-0.0,5.687628025383283
2.632,19,ifrms,-0.0,5.687628025383283
2.632,19,sspls-v,-0.0,5.687628025383283
2.632,20,mcgs,-0.0,5.7365302838903345
2.632,20,pos,-0.0,5.7365302838903345
2.632,20,sbps,-0.0,5.7365302838903345
2.632,20,prculs-d,-0.0,5.7365302838903345
2.632,20,prcus-p,0.0,5.7365302838903345
2.632,20,prcus-i,-0.0,5.7365302838903345
2.632,20,prcus-a,-0.0,5.7365302838903345
2.632,20,ifrms,-0.0,5.7365302838903345
2.632,20,sspls-v,-0.0,5.7365302838903345
2.632,21,mcgs,-0.0,5.762762516229315
2.632,21,pos,-0.0,5.762762516229315
2.632,21,sbps,-0.0,5.762762516229315
2.632,21,prculs-d,0.0,5.762762516229315
2.632,21,prcus-p,0.0,5.762762516229315
2.632,21,prcus-i,-0.0,5.762762516229315
2.632,21,prcus-a,-0.0,5.762762516229315
2.632,21,ifrms,-0.0,5.762762516229315
2.632,21,sspls-v,-0.0,5.762762516229315
2.632,22,mcgs,-0.0,5.781119980172785
2.632,22,pos,-0.0,5.781119980172785
2.632,22,sbps,-0.010963322699770064,5.781119980172785
2.632,22,prculs-d,0.0,5.781119980172785
2.632,22,prcus-p,0.0,5.781119980172785
2.632,22,prcus-i,-0.0,5.781119980172785
2.632,22,prcus-a,-0.0,5.781119980172785
2.632,22,ifrms,-0.0,5.781119980172785
2.632,22,sspls-v,-0.0,5.781119980172785
2.632,23,mcgs,-0.0,5.298725947791394
2.632,23,pos,-0.0,5.298725947791394
2.632,23,sbps,-0.0,5.298725947791394
2.632,23,prculs-d,0.0,5.298725947791394
2.632,23,prcus-p,0.0,5.298725947791394
2.632,23,prcus-i,-0.0,5.298725947791394
2.632,23,prcus-a,-0.0,5.298725947791394
2.632,23,ifrms,-0.0,5.298725947791394
2.632,23,sspls-v,-0.0,5.298725947791394
2.632,24,mcgs,-0.0,5.6067884879623255
2.632,24,pos,-0.0,5.6067884879623255
2.632,24,sbps,-0.0,5.6067884879623255
2.632,24,prculs-d,-0.0,5.6067884879623255
2.632,24,prcus-p,0.0,5.6067884879623255
2.632,24,prcus-i,-0.0,5.6067884879623255
2.632,24,prcus-a,-0.0,5.6067884879623255
2.632,24,ifrms,-0.0,5.6067884879623255
2.632,24,sspls-v,-0.0,5.6067884879623255
2.632,25,mcgs,-0.0,5.387700930954326
2.632,25,pos,-0.0,5.387700930954326
2.632,25,sbps,-0.0,5.387700930954326
2.632,25,prculs-d,0.0,5.387700930954326
2.632,25,prcus-p,0.0,5.387700930954326
2.632,25,prcus-i,-0.0,5.387700930954326
2.632,25,prcus-a,-0.0,5.387700930954326
2.632,25,ifrms,-0.0,5.387700930954326
2.632,25,sspls-v,0.0,5.387700930954326
2.632,26,mcgs,-0.02420156771160062,5.756168327439137
2.632,26,pos,-0.0,5.756168327439137
2.632,26,sbps,-0.0,5.756168327439137
2.632,26,prculs-d,-0.0,5.756168327439137
2.632,26,prcus-p,0.0,5.756168327439137
2.632,26,prcus-i,-0.0,5.756168327439137
2.632,26,prcus-a,-0.0,5.756168327439137
2.632,26,ifrms,-0.0,5.756168327439137
2.632,26,sspls-v,-0.0,5.756168327439137
2.632,27,mcgs,-0.0,5.531600518988087
2.632,27,pos,-0.0,5.531600518988087
2.632,27,sbps,-0.0,5.531600518988087
2.632,27,prculs-d,0.0,5.531600518988087
2.632,27,prcus-p,0.0,5.531600518988087
2.632,27,prcus-i,-0.0,5.531600518988087
2.632,27,prcus-a,-0.0,5.531600518988087
2.632,27,ifrms,-0.0,5.531600518988087
2.632,27,sspls-v,-0.0,5.531600518988087
2.814,0,mcgs,-0.0,5.56838344216095
2.814,0,pos,-0.0,5.56838344216095
2.814,0,sbps,-0.0,5.56838344216095
2.814,0,prculs-d,-0.0,5.56838344216095
2.814,0,prcus-p,0.0,5.56838344216095
2.814,0,prcus-i,-0.0,5.56838344216095
2.814,0,prcus-a,-0.0,5.56838344216095
2.814,0,ifrms,-0.0,5.56838344216095
2.814,0,sspls-v,-0.0,5.56838344216095
2.814,1,mcgs,-0.1535465943770238,5.502241299137273
2.814,1,pos,-0.0,5.502241299137273
2.814,1,sbps,-0.0,5.502241299137273
2.814,1,prculs-d,-0.0,5.502241299137273
2.814,1,prcus-p,0.0,5.502241299137273
2.814,1,prcus-i,-0.0,5.502241299137273
2.814,1,prcus-a,-0.0,5.502241299137273
2.814,1,ifrms,-0.0,5.502241299137273
2.814,1,sspls-v,-0.0,5.502241299137273
2.814,2,mcgs,-0.0,5.079920097086597
2.814,2,pos,-0.0,5.079920097086597
2.814,2,sbps,-1.0484697063288133,5.079920097086597
2.814,2,prculs-d,0.0,5.079920097086597
2.814,2,prcus-p,0.0,5.079920097086597
2.814,2,prcus-i,-0.0,5.079920097086597
2.814,2,prcus-a,-0.0,5.079920097086597
2.814,2,ifrms,-0.0,5.079920097086597
2.814,2,sspls-v,-0.0,5.079920097086597
2.814,3,mcgs,-0.0,5.34879143463884
2.814,3,pos,-0.0,5.34879143463884
2.814,3,sbps,-0.0,5.34879143463884
2.814,3,prculs-d,0.0,5.34879143463884
2.814,3,prcus-p,0.0,5.34879143463884
2.814,3,prcus-i,-0.0,5.34879143463884
2.814,3,prcus-a,-0.0,5.34879143463884
2.814,3,ifrms,-0.0,5.34879143463884
2.814,3,sspls-v,-0.0,5.34879143463884
2.814,4,mcgs,-0.0,5.602131769297736
2.814,4,pos,-0.0,5.602131769297736
2.814,4,sbps,-0.0,5.602131769297736
2.814,4,prculs-d,-0.0,5.602131769297736
2.814,4,prcus-p,0.0,5.602131769297736
2.814,4,prcus-i,-0.0,5.602131769297736
2.814,4,prcus-a,-0.0,5.602131769297736
2.814,4,ifrms,-0.0,5.602131769297736
2.814,4,sspls-v,-0.0,5.602131769297736
2.814,5,mcgs,-0.0,5.209670114871219
2.814,5,pos,-0.0,5.209670114871219
2.814,5,sbps,-0.0,5.209670114871219
2.814,5,prculs-d,0.0,5.209670114871219
2.814,5,prcus-p,0.0,5.209670114871219
2.814,5,prcus-i,-0.0,5.209670114871219
2.814,5,prcus-a,-0.0,5.209670114871219
2.814,5,ifrms,-0.0,5.209670114871219
2.814,5,sspls-v,-0.0,5.209670114871219
2.814,6,mcgs,-0.0,5.62638041993565
2.814,6,pos,-0.0,5.62638041993565
2.814,6,sbps,-0.0,5.62638041993565
2.814,6,prculs-d,-0.0,5.62638041993565
2.814,6,prcus-p,0.0,5.62638041993565
2.814,6,prcus-i,-0.0,5.62638041993565
2.814,6,prcus-a,-0.0,5.62638041993565
2.814,6,ifrms,-0.0,5.62638041993565
2.814,6,sspls-v,-0.0,5.62638041993565
2.814,7,mcgs,-0.0,5.640686934801972
2.814,7,pos,-0.0,5.640686934801972
2.814,7,sbps,-0.0,5.640686934801972
2.814,7,prculs-d,0.0,5.640686934801972
2.814,7,prcus-p,0.0,5.640686934801972
2.814,7,prcus-i,-0.0,5.640686934801972
2.814,7,prcus-a,-0.0,5.640686934801972
2.814,7,ifrms,-0.0,5.640686934801972
2.814,7,sspls-v,-0.0,5.640686934801972
2.814,8,mcgs,-0.3604892781642372,5.290314550305076
2.814,8,pos,-0.0,5.290314550305076
2.814,8,sbps,-0.0,5.290314550305076
2.814,8,prculs-d,0.0,5.290314550305076
2.814,8,prcus-p,0.0,5.290314550305076
2.814,8,prcus-i,-0.0,5.290314550305076
2.814,8,prcus-a,-0.0,5.290314550305076
2.814,8,ifrms,-0.0,5.290314550305076
2.814,8,sspls-v,-0.0,5.290314550305076
2.814,9,mcgs,-0.0,5.175618957012291
2.814,9,pos,-0.0,5.175618957012291
2.814,9,sbps,-0.0,5.175618957012291
2.814,9,prculs-d,-0.0,5.175618957012291
2.814,9,prcus-p,0.0,5.175618957012291
2.814,9,prcus-i,-0.0,5.175618957012291
2.814,9,prcus-a,-0.0,5.175618957012291
2.814,9,ifrms,-0.0,5.175618957012291
2.814,9,sspls-v,-0.0,5.175618957012291
2.814,10,mcgs,-0.0,5.5294561255916
2.814,10,pos,-0.0,5.5294561255916
2.814,10,sbps,-0.0,5.5294561255916
2.814,10,prculs-d,-0.0,5.5294561255916
2.814,10,prcus-p,0.0,5.5294561255916
2.814,10,prcus-i,-0.0,5.5294561255916
2.814,10,prcus-a,-0.0,5.5294561255916
2.814,10,ifrms,-0.0,5.5294561255916
2.814,10,sspls-v,-0.0,5.5294561255916
2.814,11,mcgs,-0.0,5.18137594838998
2.814,11,pos,-0.0,5.18137594838998
2.814,11,sbps,-0.0,5.18137594838998
2.814,11,prculs-d,0.0,5.18137594838998
2.814,11,prcus-p,0.0,5.18137594838998
2.814,11,prcus-i,-0.0,5.18137594838998
2.814,11,prcus-a,-0.0,5.18137594838998
2.814,11,ifrms,-0.0,5.18137594838998
2.814,11,sspls-v,-0.0,5.18137594838998
2.814,12,mcgs,-0.0,5.619038014488983
2.814,12,pos,-0.0,5.619038014488983
2.814,12,sbps,-0.0,5.619038014488983
2.814,12,prculs-d,-0.0,5.619038014488983
2.814,12,prcus-p,0.0,5.619038014488983
2.814,12,prcus-i,-0.0,5.619038014488983
2.814,12,prcus-a,-0.0,5.619038014488983
2.814,12,ifrms,-0.0,5.619038014488983
2.814,12,sspls-v,-0.0,5.619038014488983
2.814,13,mcgs,-0.0,5.348054981382086
2.814,13,pos,-0.0,5.348054981382086
2.814,13,sbps,-0.0,5.348054981382086
2.814,13,prculs-d,-0.0,5.348054981382086
2.814,13,prcus-p,0.0,5.348054981382086
2.814,13,prcus-i,-0.0,5.348054981382086
2.814,13,prcus-a,-0.0,5.348054981382086
2.814,13,ifrms,-0.0,5.348054981382086
2.814,13,sspls-v,-0.0,5.348054981382086
2.814,14,mcgs,-0.0,5.7032180969824005
2.814,14,pos,-0.0,5.7032180969824005
2.814,14,sbps,-0.0,5.7032180969824005
2.814,14,prculs-d,-0.0,5.7032180969824005
2.814,14,prcus-p,0.0,5.7032180969824005
2.814,14,prcus-i,-0.0,5.7032180969824005
2.814,14,prcus-a,-0.0,5.7032180969824005
2.814,14,ifrms,-0.0,5.7032180969824005
2.814,14,sspls-v,-0.0,5.7032180969824005
2.814,15,mcgs,-0.0,5.475988843266116
2.814,15,pos,-0.0,5.475988843266116
2.814,15,sbps,-0.0,5.475988843266116
2.814,15,prculs-d,-0.0,5.475988843266116
2.814,15,prcus-p,0.0,5.475988843266116
2.814,15,prcus-i,-0.0,5.475988843266116
2.814,15,prcus-a,-0.0,5.475988843266116
2.814,15,ifrms,-0.0,5.475988843266116
2.814,15,sspls-v,-0.0,5.475988843266116
2.814,16,mcgs,-0.0,5.703555247913778
2.814,16,pos,-0.0,5.703555247913778
2.814,16,sbps,-0.0,5.703555247913778
2.814,16,prculs-d,-0.0,5.703555247913778
2.814,16,prcus-p,0.0,5.703555247913778
2.814,16,prcus-i,-0.0,5.703555247913778
2.814,16,prcus-a,-0.0,5.703555247913778
2.814,16,ifrms,-0.0,5.703555247913778
2.814,16,sspls-v,-0.0,5.703555247913778
2.814,17,mcgs,-0.0,5.394604275054235
2.814,17,pos,-0.0,5.394604275054235
2.814,17,sbps,-0.03497318474336295,5.394604275054235
2.814,17,prculs-d,-0.0,5.394604275054235
2.814,17,prcus-p,0.0,5.394604275054235
2.814,17,prcus-i,-0.0,5.394604275054235
2.814,17,prcus-a,-0.0,5.394604275054235
2.814,17,ifrms,-0.0,5.394604275054235
2.814,17,sspls-v,0.0,5.394604275054235
2.814,18,mcgs,-0.0,5.726407314754727
2.814,18,pos,-0.0,5.726407314754727
2.814,18,sbps,-0.0,5.726407314754727
2.814,18,prculs-d,-0.0,5.726407314754727
2.814,18,prcus-p,0.0,5.726407314754727
2.814,18,prcus-i,-0.0,5.726407314754727
2.814,18,prcus-a,-0.0,5.726407314754727
2.814,18,ifrms,-0.0,5.726407314754727
2.814,18,sspls-v,-0.0,5.726407314754727
2.814,19,mcgs,-0.0,5.617421807144934
2.814,19,pos,-0.0,5.617421807144934
2.814,19,sbps,-0.0,5.617421807144934
2.814,19,prculs-d,0.0,5.617421807144934
2.814,19,prcus-p,0.0,5.617421807144934
2.814,19,prcus-i,-0.0,5.617421807144934
2.814,19,prcus-a,-0.0,5.617421807144934
2.814,19,ifrms,-0.0,5.617421807144934
2.814,19,sspls-v,-0.0,5.617421807144934
2.814,20,mcgs,-0.0,5.671448988079082
2.814,20,pos,-0.0,5.671448988079082
2.814,20,sbps,-0.0,5.671448988079082
2.814,20,prculs-d,-0.0,5.671448988079082
2.814,20,prcus-p,0.0,5.671448988079082
2.814,20,prcus-i,-0.0,5.671448988079082
2.814,20,prcus-a,-0.0,5.671448988079082
2.814,20,ifrms,-0.0,5.671448988079082
2.814,20,sspls-v,-0.0,5.671448988079082
2.814,21,mcgs,-0.0,5.693106205991747
2.814,21,pos,-0.0,5.693106205991747
2.814,21,sbps,-0.0,5.693106205991747
2.814,21,prculs-d,0.0,5.693106205991747
2.814,21,prcus-p,0.0,5.693106205991747
2.814,21,prcus-i,-0.0,5.693106205991747
2.814,21,prcus-a,-0.0,5.693106205991747
2.814,21,ifrms,-0.0,5.693106205991747
2.814,21,sspls-v,-0.0,5.693106205991747
2.814,22,mcgs,-0.0,5.717332654230808
2.814,22,pos,-0.0,5.717332654230808
2.814,22,sbps,-0.0,5.717332654230808
2.814,22,prculs-d,0.0,5.717332654230808
2.814,22,prcus-p,0.0,5.717332654230808
2.814,22,prcus-i,-0.0,5.717332654230808
2.814,22,prcus-a,-0.0,5.717332654230808
2.814,22,ifrms,-0.0,5.717332654230808
2.814,22,sspls-v,-0.0,5.717332654230808
2.814,23,mcgs,-0.0,5.245016438621649
2.814,23,pos,-0.0,5.245016438621649
2.814,23,sbps,-0.0,5.245016438621649
2.814,23,prculs-d,0.0,5.245016438621649
2.814,23,prcus-p,0.0,5.245016438621649
2.814,23,prcus-i,-0.0,5.245016438621649
2.814,23,prcus-a,-0.0,5.245016438621649
2.814,23,ifrms,-0.0,5.245016438621649
2.814,23,sspls-v,-0.0,5.245016438621649
2.814,24,mcgs,-0.0,5.517336206871981
2.814,24,pos,-0.0,5.517336206871981
2.814,24,sbps,-0.0,5.517336206871981
2.814,24,prculs-d,-0.0,5.517336206871981
2.814,24,prcus-p,0.0,5.517336206871981
2.814,24,prcus-i,-0.0,5.517336206871981
2.814,24,prcus-a,-0.0,5.517336206871981
2.814,24,ifrms,-0.0,5.517336206871981
2.814,24,sspls-v,-0.0,5.517336206871981
2.814,25,mcgs,-0.0,5.322555878535302
2.814,25,pos,-0.0,5.322555878535302
2.814,25,sbps,-0.0,5.322555878535302
2.814,25,prculs-d,0.0,5.322555878535302
2.814,25,prcus-p,0.0,5.322555878535302
2.814,25,prcus-i,-0.0,5.322555878535302
2.814,25,prcus-a,-0.0,5.322555878535302
2.814,25,ifrms,-0.0,5.322555878535302
2.814,25,sspls-v,0.0,5.322555878535302
2.814,26,mcgs,-0.0,5.696076156732448
2.814,26,pos,-0.0,5.696076156732448
2.814,26,sbps,-0.0,5.696076156732448
2.814,26,prculs-d,-0.0,5.696076156732448
2.814,26,prcus-p,0.0,5.696076156732448
2.814,26,prcus-i,-0.0,5.696076156732448
2.814,26,prcus-a,-0.0,5.696076156732448
2.814,26,ifrms,-0.0,5.696076156732448
2.814,26,sspls-v,-0.0,5.696076156732448
2.814,27,mcgs,-0.0,5.473188134193574
2.814,27,pos,-0.0,5.473188134193574
2.814,27,sbps,-0.0,5.473188134193574
2.814,27,prculs-d,0.0,5.473188134193574
2.814,27,prcus-p,0.0,5.473188134193574
2.814,27,prcus-i,-0.0,5.473188134193574
2.814,27,prcus-a,-0.0,5.473188134193574
2.814,27,ifrms,-0.0,5.473188134193574
2.814,27,sspls-v,-0.0,5.473188134193574
3.008,0,mcgs,-0.0,5.52802418707722
3.008,0,pos,-0.0,5.52802418707722
3.008,0,sbps,-0.0,5.52802418707722
3.008,0,prculs-d,-0.0,5.52802418707722
3.008,0,prcus-p,0.0,5.52802418707722
3.008,0,prcus-i,-0.0,5.52802418707722
3.008,0,prcus-a,-0.0,5.52802418707722
3.008,0,ifrms,-0.0,5.52802418707722
3.008,0,sspls-v,-0.0,5.52802418707722
3.008,1,mcgs,-0.0,5.484003006083412
3.008,1,pos,-0.0,5.484003006083412
3.008,1,sbps,-0.0,5.484003006083412
3.008,1,prculs-d,-0.0,5.484003006083412
3.008,1,prcus-p,0.0,5.484003006083412
3.008,1,prcus-i,-0.0,5.484003006083412
3.008,1,prcus-a,-0.0,5.484003006083412
3.008,1,ifrms,-0.0,5.484003006083412
3.008,1,sspls-v,-0.0,5.484003006083412
3.008,2,mcgs,-0.0,5.16535722007107
3.008,2,pos,-0.0,5.16535722007107
3.008,2,sbps,-0.8544697063288144,5.16535722007107
3.008,2,prculs-d,0.0,5.16535722007107
3.008,2,prcus-p,0.0,5.16535722007107
3.008,2,prcus-i,-0.0,5.16535722007107
3.008,2,prcus-a,-0.0,5.16535722007107
3.008,2,ifrms,-0.0,5.16535722007107
3.008,2,sspls-v,-0.0,5.16535722007107
3.008,3,mcgs,-0.0,5.294999717460592
3.008,3,pos,-0.0,5.294999717460592
3.008,3,sbps,-0.0,5.294999717460592
3.008,3,prculs-d,0.0,5.294999717460592
3.008,3,prcus-p,0.0,5.294999717460592
3.008,3,prcus-i,-0.0,5.294999717460592
3.008,3,prcus-a,-0.0,5.294999717460592
3.008,3,ifrms,-0.0,5.294999717460592
3.008,3,sspls-v,-0.0,5.294999717460592
3.008,4,mcgs,-0.0,5.548224670255492
3.008,4,pos,-0.0,5.548224670255492
3.008,4,sbps,-0.0,5.548224670255492
3.008,4,prculs-d,-0.0,5.548224670255492
3.008,4,prcus-p,0.0,5.548224670255492
3.008,4,prcus-i,-0.0,5.548224670255492
3.008,4,prcus-a,-0.0,5.548224670255492
3.008,4,ifrms,-0.0,5.548224670255492
3.008,4,sspls-v,-0.0,5.548224670255492
3.008,5,mcgs,-0.0,5.180286116994789
3.008,5,pos,-0.0,5.180286116994789
3.008,5,sbps,-0.0,5.180286116994789
3.008,5,prculs-d,0.0,5.180286116994789
3.008,5,prcus-p,0.0,5.180286116994789
3.008,5,prcus-i,-0.0,5.180286116994789
3.008,5,prcus-a,-0.0,5.180286116994789
3.008,5,ifrms,-0.0,5.180286116994789
3.008,5,sspls-v,-0.0,5.180286116994789
3.008,6,mcgs,-0.0,5.57797050031178
3.008,6,pos,-0.0,5.57797050031178
3.008,6,sbps,-0.0,5.57797050031178
3.008,6,prculs-d,-0.0,5.57797050031178
3.008,6,prcus-p,0.0,5.57797050031178
3.008,6,prcus-i,-0.0,5.57797050031178
3.008,6,prcus-a,-0.0,5.57797050031178
3.008,6,ifrms,-0.0,5.57797050031178
3.008,6,sspls-v,-0.0,5.57797050031178
3.008,7,mcgs,-0.0,5.5892732671776875
3.008,7,pos,-0.0,5.5892732671776875
3.008,7,sbps,-0.0,5.5892732671776875
3.008,7,prculs-d,0.0,5.5892732671776875
3.008,7,prcus-p,0.0,5.5892732671776875
3.008,7,prcus-i,-0.0,5.5892732671776875
3.008,7,prcus-a,-0.0,5.5892732671776875
3.008,7,ifrms,-0.0,5.5892732671776875
3.008,7,sspls-v,-0.0,5.5892732671776875
3.008,8,mcgs,-0.16648927816423775,5.303038844199869
3.008,8,pos,-0.0,5.303038844199869
3.008,8,sbps,-0.0,5.303038844199869
3.008,8,prculs-d,0.0,5.303038844199869
3.008,8,prcus-p,0.0,5.303038844199869
3.008,8,prcus-i,-0.0,5.303038844199869
3.008,8,prcus-a,-0.0,5.303038844199869
3.008,8,ifrms,-0.0,5.303038844199869
3.008,8,sspls-v,-0.0,5.303038844199869
3.008,9,mcgs,-0.0,5.159781825041858
3.008,9,pos,-0.0,5.159781825041858
3.008,9,sbps,-0.0,5.159781825041858
3.008,9,prculs-d,-0.0,5.159781825041858
3.008,9,prcus-p,0.0,5.159781825041858
3.008,9,prcus-i,-0.0,5.159781825041858
3.008,9,prcus-a,-0.0,5.159781825041858
3.008,9,ifrms,-0.0,5.159781825041858
3.008,9,sspls-v,-0.0,5.159781825041858
3.008,10,mcgs,-0.0,5.4888947292554935
3.008,10,pos,-0.0,5.4888947292554935
3.008,10,sbps,-0.0,5.4888947292554935
3.008,10,prculs-d,-0.0,5.4888947292554935
3.008,10,prcus-p,0.0,5.4888947292554935
3.008,10,prcus-i,-0.0,5.4888947292554935
3.008,10,prcus-a,-0.0,5.4888947292554935
3.008,10,ifrms,-0.0,5.4888947292554935
3.008,10,sspls-v,-0.0,5.4888947292554935
3.008,11,mcgs,-0.0,5.156695156695157
3.008,11,pos,-0.0,5.156695156695157
3.008,11,sbps,-0.0,5.156695156695157
3.008,11,prculs-d,0.0,5.156695156695157
3.008,11,prcus-p,0.0,5.156695156695157
3.008,11,prcus-i,-0.0,5.156695156695157
3.008,11,prcus-a,-0.0,5.156695156695157
3.008,11,ifrms,-0.0,5.156695156695157
3.008,11,sspls-v,-0.0,5.156695156695157
3.008,12,mcgs,-0.0,5.571140625493367
3.008,12,pos,-0.0,5.571140625493367
3.008,12,sbps,-0.0,5.571140625493367
3.008,12,prculs-d,-0.0,5.571140625493367
3.008,12,prcus-p,0.0,5.571140625493367
3.008,12,prcus-i,-0.0,5.571140625493367
3.008,12,prcus-a,-0.0,5.571140625493367
3.008,12,ifrms,-0.0,5.571140625493367
3.008,12,sspls-v,-0.0,5.571140625493367
3.008,13,mcgs,-0.0,5.31114914999009
3.008,13,pos,-0.0,5.31114914999009
3.008,13,sbps,-0.0,5.31114914999009
3.008,13,prculs-d,-0.0,5.31114914999009
3.008,13,prcus-p,0.0,5.31114914999009
3.008,13,prcus-i,-0.0,5.31114914999009
3.008,13,prcus-a,-0.0,5.31114914999009
3.008,13,ifrms,-0.0,5.31114914999009
3.008,13,sspls-v,-0.0,5.31114914999009
3.008,14,mcgs,-0.0,5.650662936008833
3.008,14,pos,-0.0,5.650662936008833
3.008,14,sbps,-0.0,5.650662936008833
3.008,14,prculs-d,-0.0,5.650662936008833
3.008,14,prcus-p,0.0,5.650662936008833
3.008,14,prcus-i,-0.0,5.650662936008833
3.008,14,prcus-a,-0.0,5.650662936008833
3.008,14,ifrms,-0.0,5.650662936008833
3.008,14,sspls-v,-0.0,5.650662936008833
3.008,15,mcgs,-0.0,5.438133277279658
3.008,15,pos,-0.0,5.438133277279658
3.008,15,sbps,-0.0,5.438133277279658
3.008,15,prculs-d,-0.0,5.438133277279658
3.008,15,prcus-p,0.0,5.438133277279658
3.008,15,prcus-i,-0.0,5.438133277279658
3.008,15,prcus-a,-0.0,5.438133277279658
3.008,15,ifrms,-0.0,5.438133277279658
3.008,15,sspls-v,-0.0,5.438133277279658
3.008,16,mcgs,-0.0,5.651658215478394
3.008,16,pos,-0.0,5.651658215478394
3.008,16,sbps,-0.0,5.651658215478394
3.008,16,prculs-d,-0.0,5.651658215478394
3.008,16,prcus-p,0.0,5.651658215478394
3.008,16,prcus-i,-0.0,5.651658215478394
3.008,16,prcus-a,-0.0,5.651658215478394
3.008,16,ifrms,-0.0,5.651658215478394
3.008,16,sspls-v,-0.0,5.651658215478394
3.008,17,mcgs,-0.0,5.345428449970846
3.008,17,pos,-0.0,5.345428449970846
3.008,17,sbps,-0.0,5.345428449970846
3.008,17,prculs-d,-0.0,5.345428449970846
3.008,17,prcus-p,0.0,5.345428449970846
3.008,17,prcus-i,-0.0,5.345428449970846
3.008,17,prcus-a,-0.0,5.345428449970846
3.008,17,ifrms,-0.0,5.345428449970846
3.008,17,sspls-v,0.0,5.345428449970846
3.008,18,mcgs,-0.0,5.674207989628305
3.008,18,pos,-0.0,5.674207989628305
3.008,18,sbps,-0.0,5.674207989628305
3.008,18,prculs-d,-0.0,5.674207989628305
3.008,18,prcus-p,0.0,5.674207989628305
3.008,18,prcus-i,-0.0,5.674207989628305
3.008,18,prcus-a,-0.0,5.674207989628305
3.008,18,ifrms,-0.0,5.674207989628305
3.008,18,sspls-v,-0.0,5.674207989628305
3.008,19,mcgs,-0.0,5.569893001363501
3.008,19,pos,-0.0,5.569893001363501
3.008,19,sbps,-0.0,5.569893001363501
3.008,19,prculs-d,0.0,5.569893001363501
3.008,19,prcus-p,0.0,5.569893001363501
3.008,19,prcus-i,-0.0,5.569893001363501
3.008,19,prcus-a,-0.0,5.569893001363501
3.008,19,ifrms,-0.0,5.569893001363501
3.008,19,sspls-v,-0.0,5.569893001363501
3.008,20,mcgs,-0.0,5.619476894435193
3.008,20,pos,-0.0,5.619476894435193
3.008,20,sbps,-0.0,5.619476894435193
3.008,20,prculs-d,-0.0,5.619476894435193
3.008,20,prcus-p,0.0,5.619476894435193
3.008,20,prcus-i,-0.0,5.619476894435193
3.008,20,prcus-a,-0.0,5.619476894435193
3.008,20,ifrms,-0.0,5.619476894435193
3.008,20,sspls-v,-0.0,5.619476894435193
3.008,21,mcgs,-0.0,5.641666538847866
3.008,21,pos,-0.0,5.641666538847866
3.008,21,sbps,-0.0,5.641666538847866
3.008,21,prculs-d,0.0,5.641666538847866
3.008,21,prcus-p,0.0,5.641666538847866
3.008,21,prcus-i,-0.0,5.641666538847866
3.008,21,prcus-a,-0.0,5.641666538847866
3.008,21,ifrms,-0.0,5.641666538847866
3.008,21,sspls-v,-0.0,5.641666538847866
3.008,22,mcgs,-0.0,5.661142324593965
3.008,22,pos,-0.0,5.661142324593965
3.008,22,sbps,-0.0,5.661142324593965
3.008,22,prculs-d,0.0,5.661142324593965
3.008,22,prcus-p,0.0,5.661142324593965
3.008,22,prcus-i,-0.0,5.661142324593965
3.008,22,prcus-a,-0.0,5.661142324593965
3.008,22,ifrms,-0.0,5.661142324593965
3.008,22,sspls-v,-0.0,5.661142324593965
3.008,23,mcgs,-0.0,5.20919484166862
3.008,23,pos,-0.0,5.20919484166862
3.008,23,sbps,-0.0,5.20919484166862
3.008,23,prculs-d,0.0,5.20919484166862
3.008,23,prcus-p,0.0,5.20919484166862
3.008,23,prcus-i,-0.0,5.20919484166862
3.008,23,prcus-a,-0.0,5.20919484166862
3.008,23,ifrms,-0.0,5.20919484166862
3.008,23,sspls-v,-0.0,5.20919484166862
3.008,24,mcgs,-0.0,5.463426704291102
3.008,24,pos,-0.0,5.463426704291102
3.008,24,sbps,-0.0,5.463426704291102
3.008,24,prculs-d,-0.0,5.463426704291102
3.008,24,prcus-p,0.0,5.463426704291102
3.008,24,prcus-i,-0.0,5.463426704291102
3.008,24,prcus-a,-0.0,5.463426704291102
3.008,24,ifrms,-0.0,5.463426704291102
3.008,24,sspls-v,-0.0,5.463426704291102
3.008,25,mcgs,-0.0,5.280238291054608
3.008,25,pos,-0.0,5.280238291054608
3.008,25,sbps,-0.0,5.280238291054608
3.008,25,prculs-d,0.0,5.280238291054608
3.008,25,prcus-p,0.0,5.280238291054608
3.008,25,prcus-i,-0.0,5.280238291054608
3.008,25,prcus-a,-0.0,5.280238291054608
3.008,25,ifrms,-0.0,5.280238291054608
3.008,25,sspls-v,0.0,5.280238291054608
3.008,26,mcgs,-0.0,5.644967626939115
3.008,26,pos,-0.0,5.644967626939115
3.008,26,sbps,-0.0,5.644967626939115
3.008,26,prculs-d,-0.0,5.644967626939115
3.008,26,prcus-p,0.0,5.644967626939115
3.008,26,prcus-i,-0.0,5.644967626939115
3.008,26,prcus-a,-0.0,5.644967626939115
3.008,26,ifrms,-0.0,5.644967626939115
3.008,26,sspls-v,-0.0,5.644967626939115
3.008,27,mcgs,-0.0,5.424670537046137
3.008,27,pos,-0.0,5.424670537046137
3.008,27,sbps,-0.0,5.424670537046137
3.008,27,prculs-d,0.0,5.424670537046137
3.008,27,prcus-p,0.0,5.424670537046137
3.008,27,prcus-i,-0.0,5.424670537046137
3.008,27,prcus-a,-0.0,5.424670537046137
3.008,27,ifrms,-0.0,5.424670537046137
3.008,27,sspls-v,-0.0,5.424670537046137
3.215,0,mcgs,-0.0,5.493312805454302
3.215,0,pos,-0.0,5.493312805454302
3.215,0,sbps,-0.0,5.493312805454302
3.215,0,prculs-d,-0.0,5.493312805454302
3.215,0,prcus-p,0.0,5.493312805454302
3.215,0,prcus-i,-0.0,5.493312805454302
3.215,0,prcus-a,-0.0,5.493312805454302
3.215,0,ifrms,-0.0,5.493312805454302
3.215,0,sspls-v,-0.0,5.493312805454302
3.215,1,mcgs,-0.0,5.443211102723088
3.215,1,pos,-0.0,5.443211102723088
3.215,1,sbps,-0.0,5.443211102723088
3.215,1,prculs-d,-0.0,5.443211102723088
3.215,1,prcus-p,0.0,5.443211102723088
3.215,1,prcus-i,-0.0,5.443211102723088
3.215,1,prcus-a,-0.0,5.443211102723088
3.215,1,ifrms,-0.0,5.443211102723088
3.215,1,sspls-v,-0.0,5.443211102723088
3.215,2,mcgs,-0.0,5.2700284877496655
3.215,2,pos,-0.0,5.2700284877496655
3.215,2,sbps,-0.647469706328814,5.2700284877496655
3.215,2,prculs-d,0.0,5.2700284877496655
3.215,2,prcus-p,0.0,5.2700284877496655
3.215,2,prcus-i,-0.0,5.2700284877496655
3.215,2,prcus-a,-0.0,5.2700284877496655
3.215,2,ifrms,-0.0,5.2700284877496655
3.215,2,sspls-v,-0.0,5.2700284877496655
3.215,3,mcgs,-0.0,5.254916917445439
3.215,3,pos,-0.0,5.254916917445439
3.215,3,sbps,-0.0,5.254916917445439
3.215,3,prculs-d,0.0,5.254916917445439
3.215,3,prcus-p,0.0,5.254916917445439
3.215,3,prcus-i,-0.0,5.254916917445439
3.215,3,prcus-a,-0.0,5.254916917445439
3.215,3,ifrms,-0.0,5.254916917445439
3.215,3,sspls-v,-0.0,5.254916917445439
3.215,4,mcgs,-0.0,5.50994236346811
3.215,4,pos,-0.0,5.50994236346811
3.215,4,sbps,-0.0,5.50994236346811
3.215,4,prculs-d,-0.0,5.50994236346811
3.215,4,prcus-p,0.0,5.50994236346811
3.215,4,prcus-i,-0.0,5.50994236346811
3.215,4,prcus-a,-0.0,5.50994236346811
3.215,4,ifrms,-0.0,5.50994236346811
3.215,4,sspls-v,-0.0,5.50994236346811
3.215,5,mcgs,-0.0,5.156695156695156
3.215,5,pos,-0.0,5.156695156695156
3.215,5,sbps,-0.0,5.156695156695156
3.215,5,prculs-d,0.0,5.156695156695156
3.215,5,prcus-p,0.0,5.156695156695156
3.215,5,prcus-i,-0.0,5.156695156695156
3.215,5,prcus-a,-0.0,5.156695156695156
3.215,5,ifrms,-0.0,5.156695156695156
3.215,5,sspls-v,-0.0,5.156695156695156
3.215,6,mcgs,-0.0,5.540120534216642
3.215,6,pos,-0.0,5.540120534216642
3.215,6,sbps,-0.0,5.540120534216642
3.215,6,prculs-d,-0.0,5.540120534216642
3.215,6,prcus-p,0.0,5.540120534216642
3.215,6,prcus-i,-0.0,5.540120534216642
3.215,6,prcus-a,-0.0,5.540120534216642
3.215,6,ifrms,-0.0,5.540120534216642
3.215,6,sspls-v,-0.0,5.540120534216642
3.215,7,mcgs,-0.0,5.548904738957341
3.215,7,pos,-0.0,5.548904738957341
3.215,7,sbps,-0.0,5.548904738957341
3.215,7,prculs-d,0.0,5.548904738957341
3.215,7,prcus-p,0.0,5.548904738957341
3.215,7,prcus-i,-0.0,5.548904738957341
3.215,7,prcus-a,-0.0,5.548904738957341
3.215,7,ifrms,-0.0,5.548904738957341
3.215,7,sspls-v,-0.0,5.548904738957341
3.215,8,mcgs,-0.0,5.297662919575315
3.215,8,pos,-0.0,5.297662919575315
3.215,8,sbps,-0.0,5.297662919575315
3.215,8,prculs-d,0.0,5.297662919575315
3.215,8,prcus-p,0.0,5.297662919575315
3.215,8,prcus-i,-0.0,5.297662919575315
3.215,8,prcus-a,-0.0,5.297662919575315
3.215,8,ifrms,-0.0,5.297662919575315
3.215,8,sspls-v,-0.0,5.297662919575315
3.215,9,mcgs,-0.0,5.156695156695157
3.215,9,pos,-0.0,5.156695156695157
3.215,9,sbps,-0.0,5.156695156695157
3.215,9,prculs-d,-0.0,5.156695156695157
3.215,9,prcus-p,0.0,5.156695156695157
3.215,9,prcus-i,-0.0,5.156695156695157
3.215,9,prcus-a,-0.0,5.156695156695157
3.215,9,ifrms,-0.0,5.156695156695157
3.215,9,sspls-v,-0.0,5.156695156695157
3.215,10,mcgs,-0.0,5.4558404558404545
3.215,10,pos,-0.0,5.4558404558404545
3.215,10,sbps,-0.0,5.4558404558404545
3.215,10,prculs-d,-0.0,5.4558404558404545
3.215,10,prcus-p,0.0,5.4558404558404545
3.215,10,prcus-i,-0.0,5.4558404558404545
3.215,10,prcus-a,-0.0,5.4558404558404545
3.215,10,ifrms,-0.0,5.4558404558404545
3.215,10,sspls-v,-0.0,5.4558404558404545
3.215,11,mcgs,-0.0,5.156695156695157
3.215,11,pos,-0.0,5.156695156695157
3.215,11,sbps,-0.0,5.156695156695157
3.215,11,prculs-d,0.0,5.156695156695157
3.215,11,prcus-p,0.0,5.156695156695157
3.215,11,prcus-i,-0.0,5.156695156695157
3.215,11,prcus-a,-0.0,5.156695156695157
3.215,11,ifrms,-0.0,5.156695156695157
3.215,11,sspls-v,-0.0,5.156695156695157
3.215,12,mcgs,-0.0,5.53090625604371
3.215,12,pos,-0.0,5.53090625604371
3.215,12,sbps,-0.0,5.53090625604371
3.215,12,prculs-d,-0.0,5.53090625604371
3.215,12,prcus-p,0.0,5.53090625604371
3.215,12,prcus-i,-0.0,5.53090625604371
3.215,12,prcus-a,-0.0,5.53090625604371
3.215,12,ifrms,-0.0,5.53090625604371
3.215,12,sspls-v,-0.0,5.53090625604371
3.215,13,mcgs,-0.0,5.300808536011733
3.215,13,pos,-0.0,5.300808536011733
3.215,13,sbps,-0.0,5.300808536011733
3.215,13,prculs-d,-0.0,5.300808536011733
3.215,13,prcus-p,0.0,5.300808536011733
3.215,13,prcus-i,-0.0,5.300808536011733
3.215,13,prcus-a,-0.0,5.300808536011733
3.215,13,ifrms,-0.0,5.300808536011733
3.215,13,sspls-v,-0.0,5.300808536011733
3.215,14,mcgs,-0.0,5.608392639210757
3.215,14,pos,-0.0,5.608392639210757
3.215,14,sbps,-0.0,5.608392639210757
3.215,14,prculs-d,-0.0,5.608392639210757
3.215,14,prcus-p,0.0,5.608392639210757
3.215,14,prcus-i,-0.0,5.608392639210757
3.215,14,prcus-a,-0.0,5.608392639210757
3.215,14,ifrms,-0.0,5.608392639210757
3.215,14,sspls-v,-0.0,5.608392639210757
3.215,15,mcgs,-0.0,5.407405200929718
3.215,15,pos,-0.0,5.407405200929718
3.215,15,sbps,-0.0,5.407405200929718
3.215,15,prculs-d,-0.0,5.407405200929718
3.215,15,prcus-p,0.0,5.407405200929718
3.215,15,prcus-i,-0.0,5.407405200929718
3.215,15,prcus-a,-0.0,5.407405200929718
3.215,15,ifrms,-0.0,5.407405200929718
3.215,15,sspls-v,-0.0,5.407405200929718
3.215,16,mcgs,-0.0,5.604960799107836
3.215,16,pos,-0.0,5.604960799107836
3.215,16,sbps,-0.0,5.604960799107836
3.215,16,prculs-d,-0.0,5.604960799107836
3.215,16,prcus-p,0.0,5.604960799107836
3.215,16,prcus-i,-0.0,5.604960799107836
3.215,16,prcus-a,-0.0,5.604960799107836
3.215,16,ifrms,-0.0,5.604960799107836
3.215,16,sspls-v,-0.0,5.604960799107836
3.215,17,mcgs,-0.0,5.308508149528302
3.215,17,pos,-0.0,5.308508149528302
3.215,17,sbps,-0.0,5.308508149528302
3.215,17,prculs-d,-0.0,5.308508149528302
3.215,17,prcus-p,0.0,5.308508149528302
3.215,17,prcus-i,-0.0,5.308508149528302
3.215,17,prcus-a,-0.0,5.308508149528302
3.215,17,ifrms,-0.0,5.308508149528302
3.215,17,sspls-v,0.0,5.308508149528302
3.215,18,mcgs,-0.0,5.634491439939292
3.215,18,pos,-0.0,5.634491439939292
3.215,18,sbps,-0.0,5.634491439939292
3.215,18,prculs-d,-0.0,5.634491439939292
3.215,18,prcus-p,0.0,5.634491439939292
3.215,18,prcus-i,-0.0,5.634491439939292
3.215,18,prcus-a,-0.0,5.634491439939292
3.215,18,ifrms,-0.0,5.634491439939292
3.215,18,sspls-v,-0.0,5.634491439939292
3.215,19,mcgs,-0.0,5.531621053320675
3.215,19,pos,-0.0,5.531621053320675
3.215,19,sbps,-0.0,5.531621053320675
3.215,19,prculs-d,0.0,5.531621053320675
3.215,19,prcus-p,0.0,5.531621053320675
3.215,19,prcus-i,-0.0,5.531621053320675
3.215,19,prcus-a,-0.0,5.531621053320675
3.215,19,ifrms,-0.0,5.531621053320675
3.215,19,sspls-v,-0.0,5.531621053320675
3.215,20,mcgs,-0.0,5.5807768424598425
3.215,20,pos,-0.0,5.5807768424598425
3.215,20,sbps,-0.0,5.5807768424598425
3.215,20,prculs-d,-0.0,5.5807768424598425
3.215,20,prcus-p,0.0,5.5807768424598425
3.215,20,prcus-i,-0.0,5.5807768424598425
3.215,20,prcus-a,-0.0,5.5807768424598425
3.215,20,ifrms,-0.0,5.5807768424598425
3.215,20,sspls-v,-0.0,5.5807768424598425
3.215,21,mcgs,-0.0,5.60205289805029
3.215,21,pos,-0.0,5.60205289805029
3.215,21,sbps,-0.0,5.60205289805029
3.215,21,prculs-d,0.0,5.60205289805029
3.215,21,prcus-p,0.0,5.60205289805029
3.215,21,prcus-i,-0.0,5.60205289805029
3.215,21,prcus-a,-0.0,5.60205289805029
3.215,21,ifrms,-0.0,5.60205289805029
3.215,21,sspls-v,-0.0,5.60205289805029
3.215,22,mcgs,-0.0,5.619923867216968
3.215,22,pos,-0.0,5.619923867216968
3.215,22,sbps,-0.0,5.619923867216968
3.215,22,prculs-d,0.0,5.619923867216968
3.215,22,prcus-p,0.0,5.619923867216968
3.215,22,prcus-i,-0.0,5.619923867216968
3.215,22,prcus-a,-0.0,5.619923867216968
3.215,22,ifrms,-0.0,5.619923867216968
3.215,22,sspls-v,-0.0,5.619923867216968
3.215,23,mcgs,-0.0,5.202279202279203
3.215,23,pos,-0.0,5.202279202279203
3.215,23,sbps,-0.0,5.202279202279203
3.215,23,prculs-d,0.0,5.202279202279203
3.215,23,prcus-p,0.0,5.202279202279203
3.215,23,prcus-i,-0.0,5.202279202279203
3.215,23,prcus-a,-0.0,5.202279202279203
3.215,23,ifrms,-0.0,5.202279202279203
3.215,23,sspls-v,-0.0,5.202279202279203
3.215,24,mcgs,-0.0,5.428502072261817
3.215,24,pos,-0.0,5.428502072261817
3.215,24,sbps,-0.0,5.428502072261817
3.215,24,prculs-d,-0.0,5.428502072261817
3.215,24,prcus-p,0.0,5.428502072261817
3.215,24,prcus-i,-0.0,5.428502072261817
3.215,24,prcus-a,-0.0,5.428502072261817
3.215,24,ifrms,-0.0,5.428502072261817
3.215,24,sspls-v,-0.0,5.428502072261817
3.215,25,mcgs,-0.0,5.247863247863247
3.215,25,pos,-0.0,5.247863247863247
3.215,25,sbps,-0.0,5.247863247863247
3.215,25,prculs-d,0.0,5.247863247863247
3.215,25,prcus-p,0.0,5.247863247863247
3.215,25,prcus-i,-0.0,5.247863247863247
3.215,25,prcus-a,-0.0,5.247863247863247
3.215,25,ifrms,-0.0,5.247863247863247
3.215,25,sspls-v,0.0,5.247863247863247
3.215,26,mcgs,-0.0,5.6033068458672695
3.215,26,pos,-0.0,5.6033068458672695
3.215,26,sbps,-0.0,5.6033068458672695
3.215,26,prculs-d,-0.0,5.6033068458672695
3.215,26,prcus-p,0.0,5.6033068458672695
3.215,26,prcus-i,-0.0,5.6033068458672695
3.215,26,prcus-a,-0.0,5.6033068458672695
3.215,26,ifrms,-0.0,5.6033068458672695
3.215,26,sspls-v,-0.0,5.6033068458672695
3.215,27,mcgs,-0.0,5.384615384615386
3.215,27,pos,-0.0,5.384615384615386
3.215,27,sbps,-0.0,5.384615384615386
3.215,27,prculs-d,0.0,5.384615384615386
3.215,27,prcus-p,0.0,5.384615384615386
3.215,27,prcus-i,-0.0,5.384615384615386
3.215,27,prcus-a,-0.0,5.384615384615386
3.215,27,ifrms,-0.0,5.384615384615386
3.215,27,sspls-v,-0.0,5.384615384615386
3.437,0,mcgs,-0.0,5.487179487179486
3.437,0,pos,-0.0,5.487179487179486
3.437,0,sbps,-0.0,5.487179487179486
3.437,0,prculs-d,-0.0,5.487179487179486
3.437,0,prcus-p,0.0,5.487179487179486
3.437,0,prcus-i,-0.0,5.487179487179486
3.437,0,prcus-a,-0.0,5.487179487179486
3.437,0,ifrms,-0.0,5.487179487179486
3.437,0,sspls-v,-0.0,5.487179487179486
3.437,1,mcgs,-0.0,5.432949955766751
3.437,1,pos,-0.0,5.432949955766751
3.437,1,sbps,-0.0,5.432949955766751
3.437,1,prculs-d,-0.0,5.432949955766751
3.437,1,prcus-p,0.0,5.432949955766751
3.437,1,prcus-i,-0.0,5.432949955766751
3.437,1,prcus-a,-0.0,5.432949955766751
3.437,1,ifrms,-0.0,5.432949955766751
3.437,1,sspls-v,-0.0,5.432949955766751
3.437,2,mcgs,-0.0,5.3709646190766325
3.437,2,pos,-0.0,5.3709646190766325
3.437,2,sbps,-0.425469706328814,5.3709646190766325
3.437,2,prculs-d,0.0,5.3709646190766325
3.437,2,prcus-p,0.0,5.3709646190766325
3.437,2,prcus-i,-0.0,5.3709646190766325
3.437,2,prcus-a,-0.0,5.3709646190766325
3.437,2,ifrms,-0.0,5.3709646190766325
3.437,2,sspls-v,-0.0,5.3709646190766325
3.437,3,mcgs,-0.0,5.221856551518339
3.437,3,pos,-0.0,5.221856551518339
3.437,3,sbps,-0.0,5.221856551518339
3.437,3,prculs-d,0.0,5.221856551518339
3.437,3,prcus-p,0.0,5.221856551518339
3.437,3,prcus-i,-0.0,5.221856551518339
3.437,3,prcus-a,-0.0,5.221856551518339
3.437,3,ifrms,-0.0,5.221856551518339
3.437,3,sspls-v,-0.0,5.221856551518339
3.437,4,mcgs,-0.0,5.48148148148148
3.437,4,pos,-0.0,5.48148148148148
3.437,4,sbps,-0.0,5.48148148148148
3.437,4,prculs-d,-0.0,5.48148148148148
3.437,4,prcus-p,0.0,5.48148148148148
3.437,4,prcus-i,-0.0,5.48148148148148
3.437,4,prcus-a,-0.0,5.48148148148148
3.437,4,ifrms,-0.0,5.48148148148148
3.437,4,sspls-v,-0.0,5.48148148148148
3.437,5,mcgs,-0.0,5.156695156695156
3.437,5,pos,-0.0,5.156695156695156
3.437,5,sbps,-0.0,5.156695156695156
3.437,5,prculs-d,0.0,5.156695156695156
3.437,5,prcus-p,0.0,5.156695156695156
3.437,5,prcus-i,-0.0,5.156695156695156
3.437,5,prcus-a,-0.0,5.156695156695156
3.437,5,ifrms,-0.0,5.156695156695156
3.437,5,sspls-v,-0.0,5.156695156695156
3.437,6,mcgs,-0.0,5.518518518518518
3.437,6,pos,-0.0,5.518518518518518
3.437,6,sbps,-0.0,5.518518518518518
3.437,6,prculs-d,-0.0,5.518518518518518
3.437,6,prcus-p,0.0,5.518518518518518
3.437,6,prcus-i,-0.0,5.518518518518518
3.437,6,prcus-a,-0.0,5.518518518518518
3.437,6,ifrms,-0.0,5.518518518518518
3.437,6,sspls-v,-0.0,5.518518518518518
3.437,7,mcgs,-0.0,5.529914529914531
3.437,7,pos,-0.0,5.529914529914531
3.437,7,sbps,-0.0,5.529914529914531
3.437,7,prculs-d,0.0,5.529914529914531
3.437,7,prcus-p,0.0,5.529914529914531
3.437,7,prcus-i,-0.0,5.529914529914531
3.437,7,prcus-a,-0.0,5.529914529914531
3.437,7,ifrms,-0.0,5.529914529914531
3.437,7,sspls-v,-0.0,5.529914529914531
3.437,8,mcgs,-0.0,5.2762450849294575
3.437,8,pos,-0.0,5.2762450849294575
3.437,8,sbps,-0.0,5.2762450849294575
3.437,8,prculs-d,0.0,5.2762450849294575
3.437,8,prcus-p,0.0,5.2762450849294575
3.437,8,prcus-i,-0.0,5.2762450849294575
3.437,8,prcus-a,-0.0,5.2762450849294575
3.437,8,ifrms,-0.0,5.2762450849294575
3.437,8,sspls-v,-0.0,5.2762450849294575
3.437,9,mcgs,-0.0,5.156695156695157
3.437,9,pos,-0.0,5.156695156695157
3.437,9,sbps,-0.0,5.156695156695157
3.437,9,prculs-d,-0.0,5.156695156695157
3.437,9,prcus-p,0.0,5.156695156695157
3.437,9,prcus-i,-0.0,5.156695156695157
3.437,9,prcus-a,-0.0,5.156695156695157
3.437,9,ifrms,-0.0,5.156695156695157
3.437,9,sspls-v,-0.0,5.156695156695157
3.437,10,mcgs,-0.0,5.4558404558404545
3.437,10,pos,-0.0,5.4558404558404545
3.437,10,sbps,-0.0,5.4558404558404545
3.437,10,prculs-d,-0.0,5.4558404558404545
3.437,10,prcus-p,0.0,5.4558404558404545
3.437,10,prcus-i,-0.0,5.4558404558404545
3.437,10,prcus-a,-0.0,5.4558404558404545
3.437,10,ifrms,-0.0,5.4558404558404545
3.437,10,sspls-v,-0.0,5.4558404558404545
3.437,11,mcgs,-0.0,5.156695156695157
3.437,11,pos,-0.0,5.156695156695157
3.437,11,sbps,-0.0,5.156695156695157
3.437,11,prculs-d,0.0,5.156695156695157
3.437,11,prcus-p,0.0,5.156695156695157
3.437,11,prcus-i,-0.0,5.156695156695157
3.437,11,prcus-a,-0.0,5.156695156695157
3.437,11,ifrms,-0.0,5.156695156695157
3.437,11,sspls-v,-0.0,5.156695156695157
3.437,12,mcgs,-0.0,5.51851851851852
3.437,12,pos,-0.0,5.51851851851852
3.437,12,sbps,-0.0,5.51851851851852
3.437,12,prculs-d,-0.0,5.51851851851852
3.437,12,prcus-p,0.0,5.51851851851852
3.437,12,prcus-i,-0.0,5.51851851851852
3.437,12,prcus-a,-0.0,5.51851851851852
3.437,12,ifrms,-0.0,5.51851851851852
3.437,12,sspls-v,-0.0,5.51851851851852
3.437,13,mcgs,-0.0,5.299145299145299
3.437,13,pos,-0.0,5.299145299145299
3.437,13,sbps,-0.0,5.299145299145299
3.437,13,prculs-d,-0.0,5.299145299145299
3.437,13,prcus-p,0.0,5.299145299145299
3.437,13,prcus-i,-0.0,5.299145299145299
3.437,13,prcus-a,-0.0,5.299145299145299
3.437,13,ifrms,-0.0,5.299145299145299
3.437,13,sspls-v,-0.0,5.299145299145299
3.437,14,mcgs,-0.0,5.581196581196581
3.437,14,pos,-0.0,5.581196581196581
3.437,14,sbps,-0.0,5.581196581196581
3.437,14,prculs-d,-0.0,5.581196581196581
3.437,14,prcus-p,0.0,5.581196581196581
3.437,14,prcus-i,-0.0,5.581196581196581
3.437,14,prcus-a,-0.0,5.581196581196581
3.437,14,ifrms,-0.0,5.581196581196581
3.437,14,sspls-v,-0.0,5.581196581196581
3.437,15,mcgs,-0.0,5.393162393162393
3.437,15,pos,-0.0,5.393162393162393
3.437,15,sbps,-0.0,5.393162393162393
3.437,15,prculs-d,-0.0,5.393162393162393
3.437,15,prcus-p,0.0,5.393162393162393
3.437,15,prcus-i,-0.0,5.393162393162393
3.437,15,prcus-a,-0.0,5.393162393162393
3.437,15,ifrms,-0.0,5.393162393162393
3.437,15,sspls-v,-0.0,5.393162393162393
3.437,16,mcgs,-0.0,5.5783475783475795
3.437,16,pos,-0.0,5.5783475783475795
3.437,16,sbps,-0.0,5.5783475783475795
3.437,16,prculs-d,-0.0,5.5783475783475795
3.437,16,prcus-p,0.0,5.5783475783475795
3.437,16,prcus-i,-0.0,5.5783475783475795
3.437,16,prcus-a,-0.0,5.5783475783475795
3.437,16,ifrms,-0.0,5.5783475783475795
3.437,16,sspls-v,-0.0,5.5783475783475795
3.437,17,mcgs,-0.0,5.27527135194454
3.437,17,pos,-0.0,5.27527135194454
3.437,17,sbps,-0.0,5.27527135194454
3.437,17,prculs-d,-0.0,5.27527135194454
3.437,17,prcus-p,0.0,5.27527135194454
3.437,17,prcus-i,-0.0,5.27527135194454
3.437,17,prcus-a,-0.0,5.27527135194454
3.437,17,ifrms,-0.0,5.27527135194454
3.437,17,sspls-v,0.0,5.27527135194454
3.437,18,mcgs,-0.0,5.612535612535612
3.437,18,pos,-0.0,5.612535612535612
3.437,18,sbps,-0.0,5.612535612535612
3.437,18,prculs-d,-0.0,5.612535612535612
3.437,18,prcus-p,0.0,5.612535612535612
3.437,18,prcus-i,-0.0,5.612535612535612
3.437,18,prcus-a,-0.0,5.612535612535612
3.437,18,ifrms,-0.0,5.612535612535612
3.437,18,sspls-v,-0.0,5.612535612535612
3.437,19,mcgs,-0.0,5.518518518518518
3.437,19,pos,-0.0,5.518518518518518
3.437,19,sbps,-0.0,5.518518518518518
3.437,19,prculs-d,0.0,5.518518518518518
3.437,19,prcus-p,0.0,5.518518518518518
3.437,19,prcus-i,-0.0,5.518518518518518
3.437,19,prcus-a,-0.0,5.518518518518518
3.437,19,ifrms,-0.0,5.518518518518518
3.437,19,sspls-v,-0.0,5.518518518518518
3.437,20,mcgs,-0.0,5.549857549857548
3.437,20,pos,-0.0,5.549857549857548
3.437,20,sbps,-0.0,5.549857549857548
3.437,20,prculs-d,-0.0,5.549857549857548
3.437,20,prcus-p,0.0,5.549857549857548
3.437,20,prcus-i,-0.0,5.549857549857548
3.437,20,prcus-a,-0.0,5.549857549857548
3.437,20,ifrms,-0.0,5.549857549857548
3.437,20,sspls-v,-0.0,5.549857549857548
3.437,21,mcgs,-0.0,5.581196581196581
3.437,21,pos,-0.0,5.581196581196581
3.437,21,sbps,-0.0,5.581196581196581
3.437,21,prculs-d,0.0,5.581196581196581
3.437,21,prcus-p,0.0,5.581196581196581
3.437,21,prcus-i,-0.0,5.581196581196581
3.437,21,prcus-a,-0.0,5.581196581196581
3.437,21,ifrms,-0.0,5.581196581196581
3.437,21,sspls-v,-0.0,5.581196581196581
3.437,22,mcgs,-0.0,5.585043963345064
3.437,22,pos,-0.0,5.585043963345064
3.437,22,sbps,-0.0,5.585043963345064
3.437,22,prculs-d,0.0,5.585043963345064
3.437,22,prcus-p,0.0,5.585043963345064
3.437,22,prcus-i,-0.0,5.585043963345064
3.437,22,prcus-a,-0.0,5.585043963345064
3.437,22,ifrms,-0.0,5.585043963345064
3.437,22,sspls-v,-0.0,5.585043963345064
3.437,23,mcgs,-0.0,5.202279202279203
3.437,23,pos,-0.0,5.202279202279203
3.437,23,sbps,-0.0,5.202279202279203
3.437,23,prculs-d,0.0,5.202279202279203
3.437,23,prcus-p,0.0,5.202279202279203
3.437,23,prcus-i,-0.0,5.202279202279203
3.437,23,prcus-a,-0.0,5.202279202279203
3.437,23,ifrms,-0.0,5.202279202279203
3.437,23,sspls-v,-0.0,5.202279202279203
3.437,24,mcgs,-0.0,5.4245014245014245
3.437,24,pos,-0.0,5.4245014245014245
3.437,24,sbps,-0.0,5.4245014245014245
3.437,24,prculs-d,-0.0,5.4245014245014245
3.437,24,prcus-p,0.0,5.4245014245014245
3.437,24,prcus-i,-0.0,5.4245014245014245
3.437,24,prcus-a,-0.0,5.4245014245014245
3.437,24,ifrms,-0.0,5.4245014245014245
3.437,24,sspls-v,-0.0,5.4245014245014245
3.437,25,mcgs,-0.0,5.247863247863247
3.437,25,pos,-0.0,5.247863247863247
3.437,25,sbps,-0.0,5.247863247863247
3.437,25,prculs-d,0.0,5.247863247863247
3.437,25,prcus-p,0.0,5.247863247863247
3.437,25,prcus-i,-0.0,5.247863247863247
3.437,25,prcus-a,-0.0,5.247863247863247
3.437,25,ifrms,-0.0,5.247863247863247
3.437,25,sspls-v,0.0,5.247863247863247
3.437,26,mcgs,-0.0,5.581196581196581
3.437,26,pos,-0.0,5.581196581196581
3.437,26,sbps,-0.0,5.581196581196581
3.437,26,prculs-d,-0.0,5.581196581196581
3.437,26,prcus-p,0.0,5.581196581196581
3.437,26,prcus-i,-0.0,5.581196581196581
3.437,26,prcus-a,-0.0,5.581196581196581
3.437,26,ifrms,-0.0,5.581196581196581
3.437,26,sspls-v,-0.0,5.581196581196581
3.437,27,mcgs,-0.0,5.384615384615386
3.437,27,pos,-0.0,5.384615384615386
3.437,27,sbps,-0.0,5.384615384615386
3.437,27,prculs-d,0.0,5.384615384615386
3.437,27,prcus-p,0.0,5.384615384615386
3.437,27,prcus-i,-0.0,5.384615384615386
3.437,27,prcus-a,-0.0,5.384615384615386
3.437,27,ifrms,-0.0,5.384615384615386
3.437,27,sspls-v,-0.0,5.384615384615386
3.675,0,mcgs,-0.0,5.487179487179486
3.675,0,pos,-0.0,5.487179487179486
3.675,0,sbps,-0.0,5.487179487179486
3.675,0,prculs-d,-0.0,5.487179487179486
3.675,0,prcus-p,0.0,5.487179487179486
3.675,0,prcus-i,-0.0,5.487179487179486
3.675,0,prcus-a,-0.0,5.487179487179486
3.675,0,ifrms,-0.0,5.487179487179486
3.675,0,sspls-v,-0.0,5.487179487179486
3.675,1,mcgs,-0.0,5.4245014245014245
3.675,1,pos,-0.0,5.4245014245014245
3.675,1,sbps,-0.0,5.4245014245014245
3.675,1,prculs-d,-0.0,5.4245014245014245
3.675,1,prcus-p,0.0,5.4245014245014245
3.675,1,prcus-i,-0.0,5.4245014245014245
3.675,1,prcus-a,-0.0,5.4245014245014245
3.675,1,ifrms,-0.0,5.4245014245014245
3.675,1,sspls-v,-0.0,5.4245014245014245
3.675,2,mcgs,-0.0,5.439211859898214
3.675,2,pos,-0.0,5.439211859898214
3.675,2,sbps,-0.18746970632881396,5.439211859898214
3.675,2,prculs-d,-0.0,5.439211859898214
3.675,2,prcus-p,0.0,5.439211859898214
3.675,2,prcus-i,-0.0,5.439211859898214
3.675,2,prcus-a,-0.0,5.439211859898214
3.675,2,ifrms,-0.0,5.439211859898214
3.675,2,sspls-v,-0.0,5.439211859898214
3.675,3,mcgs,-0.0,5.202279202279202
3.675,3,pos,-0.0,5.202279202279202
3.675,3,sbps,-0.0,5.202279202279202
3.675,3,prculs-d,0.0,5.202279202279202
3.675,3,prcus-p,0.0,5.202279202279202
3.675,3,prcus-i,-0.0,5.202279202279202
3.675,3,prcus-a,-0.0,5.202279202279202
3.675,3,ifrms,-0.0,5.202279202279202
3.675,3,sspls-v,-0.0,5.202279202279202
3.675,4,mcgs,-0.0,5.48148148148148
3.675,4,pos,-0.0,5.48148148148148
3.675,4,sbps,-0.0,5.48148148148148
3.675,4,prculs-d,-0.0,5.48148148148148
3.675,4,prcus-p,0.0,5.48148148148148
3.675,4,prcus-i,-0.0,5.48148148148148
3.675,4,prcus-a,-0.0,5.48148148148148
3.675,4,ifrms,-0.0,5.48148148148148
3.675,4,sspls-v,-0.0,5.48148148148148
3.675,5,mcgs,-0.0,5.156695156695156
3.675,5,pos,-0.0,5.156695156695156
3.675,5,sbps,-0.0,5.156695156695156
3.675,5,prculs-d,0.0,5.156695156695156
3.675,5,prcus-p,0.0,5.156695156695156
3.675,5,prcus-i,-0.0,5.156695156695156
3.675,5,prcus-a,-0.0,5.156695156695156
3.675,5,ifrms,-0.0,5.156695156695156
3.675,5,sspls-v,-0.0,5.156695156695156
3.675,6,mcgs,-0.0,5.518518518518518
3.675,6,pos,-0.0,5.518518518518518
3.675,6,sbps,-0.0,5.518518518518518
3.675,6,prculs-d,-0.0,5.518518518518518
3.675,6,prcus-p,0.0,5.518518518518518
3.675,6,prcus-i,-0.0,5.518518518518518
3.675,6,prcus-a,-0.0,5.518518518518518
3.675,6,ifrms,-0.0,5.518518518518518
3.675,6,sspls-v,-0.0,5.518518518518518
3.675,7,mcgs,-0.0,5.529914529914531
3.675,7,pos,-0.0,5.529914529914531
3.675,7,sbps,-0.0,5.529914529914531
3.675,7,prculs-d,0.0,5.529914529914531
3.675,7,prcus-p,0.0,5.529914529914531
3.675,7,prcus-i,-0.0,5.529914529914531
3.675,7,prcus-a,-0.0,5.529914529914531
3.675,7,ifrms,-0.0,5.529914529914531
3.675,7,sspls-v,-0.0,5.529914529914531
3.675,8,mcgs,-0.0,5.267806267806268
3.675,8,pos,-0.0,5.267806267806268
3.675,8,sbps,-0.0,5.267806267806268
3.675,8,prculs-d,0.0,5.267806267806268
3.675,8,prcus-p,0.0,5.267806267806268
3.675,8,prcus-i,-0.0,5.267806267806268
3.675,8,prcus-a,-0.0,5.267806267806268
3.675,8,ifrms,-0.0,5.267806267806268
3.675,8,sspls-v,-0.0,5.267806267806268
3.675,9,mcgs,-0.0,5.156695156695157
3.675,9,pos,-0.0,5.156695156695157
3.675,9,sbps,-0.0,5.156695156695157
3.675,9,prculs-d,-0.0,5.156695156695157
3.675,9,prcus-p,0.0,5.156695156695157
3.675,9,prcus-i,-0.0,5.156695156695157
3.675,9,prcus-a,-0.0,5.156695156695157
3.675,9,ifrms,-0.0,5.156695156695157
3.675,9,sspls-v,-0.0,5.156695156695157
3.675,10,mcgs,-0.0,5.4558404558404545
3.675,10,pos,-0.0,5.4558404558404545
3.675,10,sbps,-0.0,5.4558404558404545
3.675,10,prculs-d,-0.0,5.4558404558404545
3.675,10,prcus-p,0.0,5.4558404558404545
3.675,10,prcus-i,-0.0,5.4558404558404545
3.675,10,prcus-a,-0.0,5.4558404558404545
3.675,10,ifrms,-0.0,5.4558404558404545
3.675,10,sspls-v,-0.0,5.4558404558404545
3.675,11,mcgs,-0.0,5.156695156695157
3.675,11,pos,-0.0,5.156695156695157
3.675,11,sbps,-0.0,5.156695156695157
3.675,11,prculs-d,0.0,5.156695156695157
3.675,11,prcus-p,0.0,5.156695156695157
3.675,11,prcus-i,-0.0,5.156695156695157
3.675,11,prcus-a,-0.0,5.156695156695157
3.675,11,ifrms,-0.0,5.156695156695157
3.675,11,sspls-v,-0.0,5.156695156695157
3.675,12,mcgs,-0.0,5.51851851851852
3.675,12,pos,-0.0,5.51851851851852
3.675,12,sbps,-0.0,5.51851851851852
3.675,12,prculs-d,-0.0,5.51851851851852
3.675,12,prcus-p,0.0,5.51851851851852
3.675,12,prcus-i,-0.0,5.51851851851852
3.675,12,prcus-a,-0.0,5.51851851851852
3.675,12,ifrms,-0.0,5.51851851851852
3.675,12,sspls-v,-0.0,5.51851851851852
3.675,13,mcgs,-0.0,5.299145299145299
3.675,13,pos,-0.0,5.299145299145299
3.675,13,sbps,-0.0,5.299145299145299
3.675,13,prculs-d,-0.0,5.299145299145299
3.675,13,prcus-p,0.0,5.299145299145299
3.675,13,prcus-i,-0.0,5.299145299145299
3.675,13,prcus-a,-0.0,5.299145299145299
3.675,13,ifrms,-0.0,5.299145299145299
3.675,13,sspls-v,-0.0,5.299145299145299
3.675,14,mcgs,-0.0,5.581196581196581
3.675,14,pos,-0.0,5.581196581196581
3.675,14,sbps,-0.0,5.581196581196581
3.675,14,prculs-d,-0.0,5.581196581196581
3.675,14,prcus-p,0.0,5.581196581196581
3.675,14,prcus-i,-0.0,5.581196581196581
3.675,14,prcus-a,-0.0,5.581196581196581
3.675,14,ifrms,-0.0,5.581196581196581
3.675,14,sspls-v,-0.0,5.581196581196581
3.675,15,mcgs,-0.0,5.393162393162393
3.675,15,pos,-0.0,5.393162393162393
3.675,15,sbps,-0.0,5.393162393162393
3.675,15,prculs-d,-0.0,5.393162393162393
3.675,15,prcus-p,0.0,5.393162393162393
3.675,15,prcus-i,-0.0,5.393162393162393
3.675,15,prcus-a,-0.0,5.393162393162393
3.675,15,ifrms,-0.0,5.393162393162393
3.675,15,sspls-v,-0.0,5.393162393162393
3.675,16,mcgs,-0.0,5.5783475783475795
3.675,16,pos,-0.0,5.5783475783475795
3.675,16,sbps,-0.0,5.5783475783475795
3.675,16,prculs-d,-0.0,5.5783475783475795
3.675,16,prcus-p,0.0,5.5783475783475795
3.675,16,prcus-i,-0.0,5.5783475783475795
3.675,16,prcus-a,-0.0,5.5783475783475795
3.675,16,ifrms,-0.0,5.5783475783475795
3.675,16,sspls-v,-0.0,5.5783475783475795
3.675,17,mcgs,-0.0,5.247863247863247
3.675,17,pos,-0.0,5.247863247863247
3.675,17,sbps,-0.0,5.247863247863247
3.675,17,prculs-d,-0.0,5.247863247863247
3.675,17,prcus-p,0.0,5.247863247863247
3.675,17,prcus-i,-0.0,5.247863247863247
3.675,17,prcus-a,-0.0,5.247863247863247
3.675,17,ifrms,-0.0,5.247863247863247
3.675,17,sspls-v,0.0,5.247863247863247
3.675,18,mcgs,-0.0,5.612535612535612
3.675,18,pos,-0.0,5.612535612535612
3.675,18,sbps,-0.0,5.612535612535612
3.675,18,prculs-d,-0.0,5.612535612535612
3.675,18,prcus-p,0.0,5.612535612535612
3.675,18,prcus-i,-0.0,5.612535612535612
3.675,18,prcus-a,-0.0,5.612535612535612
3.675,18,ifrms,-0.0,5.612535612535612
3.675,18,sspls-v,-0.0,5.612535612535612
3.675,19,mcgs,-0.0,5.518518518518518
3.675,19,pos,-0.0,5.518518518518518
3.675,19,sbps,-0.0,5.518518518518518
3.675,19,prculs-d,0.0,5.518518518518518
3.675,19,prcus-p,0.0,5.518518518518518
3.675,19,prcus-i,-0.0,5.518518518518518
3.675,19,prcus-a,-0.0,5.518518518518518
3.675,19,ifrms,-0.0,5.518518518518518
3.675,19,sspls-v,-0.0,5.518518518518518
3.675,20,mcgs,-0.0,5.549857549857548
3.675,20,pos,-0.0,5.549857549857548
3.675,20,sbps,-0.0,5.549857549857548
3.675,20,prculs-d,-0.0,5.549857549857548
3.675,20,prcus-p,0.0,5.549857549857548
3.675,20,prcus-i,-0.0,5.549857549857548
3.675,20,prcus-a,-0.0,5.549857549857548
3.675,20,ifrms,-0.0,5.549857549857548
3.675,20,sspls-v,-0.0,5.549857549857548
3.675,21,mcgs,-0.0,5.581196581196581
3.675,21,pos,-0.0,5.581196581196581
3.675,21,sbps,-0.0,5.581196581196581
3.675,21,prculs-d,0.0,5.581196581196581
3.675,21,prcus-p,0.0,5.581196581196581
3.675,21,prcus-i,-0.0,5.581196581196581
3.675,21,prcus-a,-0.0,5.581196581196581
3.675,21,ifrms,-0.0,5.581196581196581
3.675,21,sspls-v,-0.0,5.581196581196581
3.675,22,mcgs,-0.0,5.581196581196581
3.675,22,pos,-0.0,5.581196581196581
3.675,22,sbps,-0.0,5.581196581196581
3.675,22,prculs-d,0.0,5.581196581196581
3.675,22,prcus-p,0.0,5.581196581196581
3.675,22,prcus-i,-0.0,5.581196581196581
3.675,22,prcus-a,-0.0,5.581196581196581
3.675,22,ifrms,-0.0,5.581196581196581
3.675,22,sspls-v,-0.0,5.581196581196581
3.675,23,mcgs,-0.0,5.202279202279203
3.675,23,pos,-0.0,5.202279202279203
3.675,23,sbps,-0.0,5.202279202279203
3.675,23,prculs-d,0.0,5.202279202279203
3.675,23,prcus-p,0.0,5.202279202279203
3.675,23,prcus-i,-0.0,5.202279202279203
3.675,23,prcus-a,-0.0,5.202279202279203
3.675,23,ifrms,-0.0,5.202279202279203
3.675,23,sspls-v,-0.0,5.202279202279203
3.675,24,mcgs,-0.0,5.4245014245014245
3.675,24,pos,-0.0,5.4245014245014245
3.675,24,sbps,-0.0,5.4245014245014245
3.675,24,prculs-d,-0.0,5.4245014245014245
3.675,24,prcus-p,0.0,5.4245014245014245
3.675,24,prcus-i,-0.0,5.4245014245014245
3.675,24,prcus-a,-0.0,5.4245014245014245
3.675,24,ifrms,-0.0,5.4245014245014245
3.675,24,sspls-v,-0.0,5.4245014245014245
3.675,25,mcgs,-0.0,5.247863247863247
3.675,25,pos,-0.0,5.247863247863247
3.675,25,sbps,-0.0,5.247863247863247
3.675,25,prculs-d,0.0,5.247863247863247
3.675,25,prcus-p,0.0,5.247863247863247
3.675,25,prcus-i,-0.0,5.247863247863247
3.675,25,prcus-a,-0.0,5.247863247863247
3.675,25,ifrms,-0.0,5.247863247863247
3.675,25,sspls-v,0.0,5.247863247863247
3.675,26,mcgs,-0.0,5.581196581196581
3.675,26,pos,-0.0,5.581196581196581
3.675,26,sbps,-0.0,5.581196581196581
3.675,26,prculs-d,-0.0,5.581196581196581
3.675,26,prcus-p,0.0,5.581196581196581
3.675,26,prcus-i,-0.0,5.581196581196581
3.675,26,prcus-a,-0.0,5.581196581196581
3.675,26,ifrms,-0.0,5.581196581196581
3.675,26,sspls-v,-0.0,5.581196581196581
3.675,27,mcgs,-0.0,5.384615384615386
3.675,27,pos,-0.0,5.384615384615386
3.675,27,sbps,-0.0,5.384615384615386
3.675,27,prculs-d,0.0,5.384615384615386
3.675,27,prcus-p,0.0,5.384615384615386
3.675,27,prcus-i,-0.0,5.384615384615386
3.675,27,prcus-a,-0.0,5.384615384615386
3.675,27,ifrms,-0.0,5.384615384615386
3.675,27,sspls-v,-0.0,5.384615384615386
3.928,0,mcgs,-0.0,5.487179487179486
3.928,0,pos,-0.0,5.487179487179486
3.928,0,sbps,-0.0,5.487179487179486
3.928,0,prculs-d,-0.0,5.487179487179486
3.928,0,prcus-p,0.0,5.487179487179486
3.928,0,prcus-i,-0.0,5.487179487179486
3.928,0,prcus-a,-0.0,5.487179487179486
3.928,0,ifrms,-0.0,5.487179487179486
3.928,0,sspls-v,-0.0,5.487179487179486
3.928,1,mcgs,-0.0,5.4245014245014245
3.928,1,pos,-0.0,5.4245014245014245
3.928,1,sbps,-0.0,5.4245014245014245
3.928,1,prculs-d,-0.0,5.4245014245014245
3.928,1,prcus-p,0.0,5.4245014245014245
3.928,1,prcus-i,-0.0,5.4245014245014245
3.928,1,prcus-a,-0.0,5.4245014245014245
3.928,1,ifrms,-0.0,5.4245014245014245
3.928,1,sspls-v,-0.0,5.4245014245014245
3.928,2,mcgs,-0.0,5.454421280352945
3.928,2,pos,-0.0,5.454421280352945
3.928,2,sbps,-0.0,5.454421280352945
3.928,2,prculs-d,-0.0,5.454421280352945
3.928,2,prcus-p,0.0,5.454421280352945
3.928,2,prcus-i,-0.0,5.454421280352945
3.928,2,prcus-a,-0.0,5.454421280352945
3.928,2,ifrms,-0.0,5.454421280352945
3.928,2,sspls-v,-0.0,5.454421280352945
3.928,3,mcgs,-0.0,5.202279202279202
3.928,3,pos,-0.0,5.202279202279202
3.928,3,sbps,-0.0,5.202279202279202
3.928,3,prculs-d,0.0,5.202279202279202
3.928,3,prcus-p,0.0,5.202279202279202
3.928,3,prcus-i,-0.0,5.202279202279202
3.928,3,prcus-a,-0.0,5.202279202279202
3.928,3,ifrms,-0.0,5.202279202279202
3.928,3,sspls-v,-0.0,5.202279202279202
3.928,4,mcgs,-0.0,5.48148148148148
3.928,4,pos,-0.0,5.48148148148148
3.928,4,sbps,-0.0,5.48148148148148
3.928,4,prculs-d,-0.0,5.48148148148148
3.928,4,prcus-p,0.0,5.48148148148148
3.928,4,prcus-i,-0.0,5.48148148148148
3.928,4,prcus-a,-0.0,5.48148148148148
3.928,4,ifrms,-0.0,5.48148148148148
3.928,4,sspls-v,-0.0,5.48148148148148
3.928,5,mcgs,-0.0,5.156695156695156
3.928,5,pos,-0.0,5.156695156695156
3.928,5,sbps,-0.0,5.156695156695156
3.928,5,prculs-d,0.0,5.156695156695156
3.928,5,prcus-p,0.0,5.156695156695156
3.928,5,prcus-i,-0.0,5.156695156695156
3.928,5,prcus-a,-0.0,5.156695156695156
3.928,5,ifrms,-0.0,5.156695156695156
3.928,5,sspls-v,-0.0,5.156695156695156
3.928,6,mcgs,-0.0,5.518518518518518
3.928,6,pos,-0.0,5.518518518518518
3.928,6,sbps,-0.0,5.518518518518518
3.928,6,prculs-d,-0.0,5.518518518518518
3.928,6,prcus-p,0.0,5.518518518518518
3.928,6,prcus-i,-0.0,5.518518518518518
3.928,6,prcus-a,-0.0,5.518518518518518
3.928,6,ifrms,-0.0,5.518518518518518
3.928,6,sspls-v,-0.0,5.518518518518518
3.928,7,mcgs,-0.0,5.529914529914531
3.928,7,pos,-0.0,5.529914529914531
3.928,7,sbps,-0.0,5.529914529914531
3.928,7,prculs-d,0.0,5.529914529914531
3.928,7,prcus-p,0.0,5.529914529914531
3.928,7,prcus-i,-0.0,5.529914529914531
3.928,7,prcus-a,-0.0,5.529914529914531
3.928,7,ifrms,-0.0,5.529914529914531
3.928,7,sspls-v,-0.0,5.529914529914531
3.928,8,mcgs,-0.0,5.267806267806268
3.928,8,pos,-0.0,5.267806267806268
3.928,8,sbps,-0.0,5.267806267806268
3.928,8,prculs-d,0.0,5.267806267806268
3.928,8,prcus-p,0.0,5.267806267806268
3.928,8,prcus-i,-0.0,5.267806267806268
3.928,8,prcus-a,-0.0,5.267806267806268
3.928,8,ifrms,-0.0,5.267806267806268
3.928,8,sspls-v,-0.0,5.267806267806268
3.928,9,mcgs,-0.0,5.156695156695157
3.928,9,pos,-0.0,5.156695156695157
3.928,9,sbps,-0.0,5.156695156695157
3.928,9,prculs-d,-0.0,5.156695156695157
3.928,9,prcus-p,0.0,5.156695156695157
3.928,9,prcus-i,-0.0,5.156695156695157
3.928,9,prcus-a,-0.0,5.156695156695157
3.928,9,ifrms,-0.0,5.156695156695157
3.928,9,sspls-v,-0.0,5.156695156695157
3.928,10,mcgs,-0.0,5.4558404558404545
3.928,10,pos,-0.0,5.4558404558404545
3.928,10,sbps,-0.0,5.4558404558404545
3.928,10,prculs-d,-0.0,5.4558404558404545
3.928,10,prcus-p,0.0,5.4558404558404545
3.928,10,prcus-i,-0.0,5.4558404558404545
3.928,10,prcus-a,-0.0,5.4558404558404545
3.928,10,ifrms,-0.0,5.4558404558404545
3.928,10,sspls-v,-0.0,5.4558404558404545
3.928,11,mcgs,-0.0,5.156695156695157
3.928,11,pos,-0.0,5.156695156695157
3.928,11,sbps,-0.0,5.156695156695157
3.928,11,prculs-d,0.0,5.156695156695157
3.928,11,prcus-p,0.0,5.156695156695157
3.928,11,prcus-i,-0.0,5.156695156695157
3.928,11,prcus-a,-0.0,5.156695156695157
3.928,11,ifrms,-0.0,5.156695156695157
3.928,11,sspls-v,-0.0,5.156695156695157
3.928,12,mcgs,-0.0,5.51851851851852
3.928,12,pos,-0.0,5.51851851851852
3.928,12,sbps,-0.0,5.51851851851852
3.928,12,prculs-d,-0.0,5.51851851851852
3.928,12,prcus-p,0.0,5.51851851851852
3.928,12,prcus-i,-0.0,5.51851851851852
3.928,12,prcus-a,-0.0,5.51851851851852
3.928,12,ifrms,-0.0,5.51851851851852
3.928,12,sspls-v,-0.0,5.51851851851852
3.928,13,mcgs,-0.0,5.299145299145299
3.928,13,pos,-0.0,5.299145299145299
3.928,13,sbps,-0.0,5.299145299145299
3.928,13,prculs-d,-0.0,5.299145299145299
3.928,13,prcus-p,0.0,5.299145299145299
3.928,13,prcus-i,-0.0,5.299145299145299
3.928,13,prcus-a,-0.0,5.299145299145299
3.928,13,ifrms,-0.0,5.299145299145299
3.928,13,sspls-v,-0.0,5.299145299145299
3.928,14,mcgs,-0.0,5.581196581196581
3.928,14,pos,-0.0,5.581196581196581
3.928,14,sbps,-0.0,5.581196581196581
3.928,14,prculs-d,-0.0,5.581196581196581
3.928,14,prcus-p,0.0,5.581196581196581
3.928,14,prcus-i,-0.0,5.581196581196581
3.928,14,prcus-a,-0.0,5.581196581196581
3.928,14,ifrms,-0.0,5.581196581196581
3.928,14,sspls-v,-0.0,5.581196581196581
3.928,15,mcgs,-0.0,5.393162393162393
3.928,15,pos,-0.0,5.393162393162393
3.928,15,sbps,-0.0,5.393162393162393
3.928,15,prculs-d,-0.0,5.393162393162393
3.928,15,prcus-p,0.0,5.393162393162393
3.928,15,prcus-i,-0.0,5.393162393162393
3.928,15,prcus-a,-0.0,5.393162393162393
3.928,15,ifrms,-0.0,5.393162393162393
3.928,15,sspls-v,-0.0,5.393162393162393
3.928,16,mcgs,-0.0,5.5783475783475795
3.928,16,pos,-0.0,5.5783475783475795
3.928,16,sbps,-0.0,5.5783475783475795
3.928,16,prculs-d,-0.0,5.5783475783475795
3.928,16,prcus-p,0.0,5.5783475783475795
3.928,16,prcus-i,-0.0,5.5783475783475795
3.928,16,prcus-a,-0.0,5.5783475783475795
3.928,16,ifrms,-0.0,5.5783475783475795
3.928,16,sspls-v,-0.0,5.5783475783475795
3.928,17,mcgs,-0.0,5.247863247863247
3.928,17,pos,-0.0,5.247863247863247
3.928,17,sbps,-0.0,5.247863247863247
3.928,17,prculs-d,-0.0,5.247863247863247
3.928,17,prcus-p,0.0,5.247863247863247
3.928,17,prcus-i,-0.0,5.247863247863247
3.928,17,prcus-a,-0.0,5.247863247863247
3.928,17,ifrms,-0.0,5.247863247863247
3.928,17,sspls-v,0.0,5.247863247863247
3.928,18,mcgs,-0.0,5.612535612535612
3.928,18,pos,-0.0,5.612535612535612
3.928,18,sbps,-0.0,5.612535612535612
3.928,18,prculs-d,-0.0,5.612535612535612
3.928,18,prcus-p,0.0,5.612535612535612
3.928,18,prcus-i,-0.0,5.612535612535612
3.928,18,prcus-a,-0.0,5.612535612535612
3.928,18,ifrms,-0.0,5.612535612535612
3.928,18,sspls-v,-0.0,5.612535612535612
3.928,19,mcgs,-0.0,5.518518518518518
3.928,19,pos,-0.0,5.518518518518518
3.928,19,sbps,-0.0,5.518518518518518
3.928,19,prculs-d,0.0,5.518518518518518
3.928,19,prcus-p,0.0,5.518518518518518
3.928,19,prcus-i,-0.0,5.518518518518518
3.928,19,prcus-a,-0.0,5.518518518518518
3.928,19,ifrms,-0.0,5.518518518518518
3.928,19,sspls-v,-0.0,5.518518518518518
3.928,20,mcgs,-0.0,5.549857549857548
3.928,20,pos,-0.0,5.549857549857548
3.928,20,sbps,-0.0,5.549857549857548
3.928,20,prculs-d,-0.0,5.549857549857548
3.928,20,prcus-p,0.0,5.549857549857548
3.928,20,prcus-i,-0.0,5.549857549857548
3.928,20,prcus-a,-0.0,5.549857549857548
3.928,20,ifrms,-0.0,5.549857549857548
3.928,20,sspls-v,-0.0,5.549857549857548
3.928,21,mcgs,-0.0,5.581196581196581
3.928,21,pos,-0.0,5.581196581196581
3.928,21,sbps,-0.0,5.581196581196581
3.928,21,prculs-d,0.0,5.581196581196581
3.928,21,prcus-p,0.0,5.581196581196581
3.928,21,prcus-i,-0.0,5.581196581196581
3.928,21,prcus-a,-0.0,5.581196581196581
3.928,21,ifrms,-0.0,5.581196581196581
3.928,21,sspls-v,-0.0,5.581196581196581
3.928,22,mcgs,-0.0,5.581196581196581
3.928,22,pos,-0.0,5.581196581196581
3.928,22,sbps,-0.0,5.581196581196581
3.928,22,prculs-d,0.0,5.581196581196581
3.928,22,prcus-p,0.0,5.581196581196581
3.928,22,prcus-i,-0.0,5.581196581196581
3.928,22,prcus-a,-0.0,5.581196581196581
3.928,22,ifrms,-0.0,5.581196581196581
3.928,22,sspls-v,-0.0,5.581196581196581
3.928,23,mcgs,-0.0,5.202279202279203
3.928,23,pos,-0.0,5.202279202279203
3.928,23,sbps,-0.0,5.202279202279203
3.928,23,prculs-d,0.0,5.202279202279203
3.928,23,prcus-p,0.0,5.202279202279203
3.928,23,prcus-i,-0.0,5.202279202279203
3.928,23,prcus-a,-0.0,5.202279202279203
3.928,23,ifrms,-0.0,5.202279202279203
3.928,23,sspls-v,-0.0,5.202279202279203
3.928,24,mcgs,-0.0,5.4245014245014245
3.928,24,pos,-0.0,5.4245014245014245
3.928,24,sbps,-0.0,5.4245014245014245
3.928,24,prculs-d,-0.0,5.4245014245014245
3.928,24,prcus-p,0.0,5.4245014245014245
3.928,24,prcus-i,-0.0,5.4245014245014245
3.928,24,prcus-a,-0.0,5.4245014245014245
3.928,24,ifrms,-0.0,5.4245014245014245
3.928,24,sspls-v,-0.0,5.4245014245014245
3.928,25,mcgs,-0.0,5.247863247863247
3.928,25,pos,-0.0,5.247863247863247
3.928,25,sbps,-0.0,5.247863247863247
3.928,25,prculs-d,0.0,5.247863247863247
3.928,25,prcus-p,0.0,5.247863247863247
3.928,25,prcus-i,-0.0,5.247863247863247
3.928,25,prcus-a,-0.0,5.247863247863247
3.928,25,ifrms,-0.0,5.247863247863247
3.928,25,sspls-v,0.0,5.247863247863247
3.928,26,mcgs,-0.0,5.581196581196581
3.928,26,pos,-0.0,5.581196581196581
3.928,26,sbps,-0.0,5.581196581196581
3.928,26,prculs-d,-0.0,5.581196581196581
3.928,26,prcus-p,0.0,5.581196581196581
3.928,26,prcus-i,-0.0,5.581196581196581
3.928,26,prcus-a,-0.0,5.581196581196581
3.928,26,ifrms,-0.0,5.581196581196581
3.928,26,sspls-v,-0.0,5.581196581196581
3.928,27,mcgs,-0.0,5.384615384615386
3.928,27,pos,-0.0,5.384615384615386
3.928,27,sbps,-0.0,5.384615384615386
3.928,27,prculs-d,0.0,5.384615384615386
3.928,27,prcus-p,0.0,5.384615384615386
3.928,27,prcus-i,-0.0,5.384615384615386
3.928,27,prcus-a,-0.0,5.384615384615386
3.928,27,ifrms,-0.0,5.384615384615386
3.928,27,sspls-v,-0.0,5.384615384615386
4.199,0,mcgs,-0.0,5.487179487179486
4.199,0,pos,-0.0,5.487179487179486
4.199,0,sbps,-0.0,5.487179487179486
4.199,0,prculs-d,-0.0,5.487179487179486
4.199,0,prcus-p,0.0,5.487179487179486
4.199,0,prcus-i,-0.0,5.487179487179486
4.199,0,prcus-a,-0.0,5.487179487179486
4.199,0,ifrms,-0.0,5.487179487179486
4.199,0,sspls-v,-0.0,5.487179487179486
4.199,1,mcgs,-0.0,5.4245014245014245
4.199,1,pos,-0.0,5.4245014245014245
4.199,1,sbps,-0.0,5.4245014245014245
4.199,1,prculs-d,-0.0,5.4245014245014245
4.199,1,prcus-p,0.0,5.4245014245014245
4.199,1,prcus-i,-0.0,5.4245014245014245
4.199,1,prcus-a,-0.0,5.4245014245014245
4.199,1,ifrms,-0.0,5.4245014245014245
4.199,1,sspls-v,-0.0,5.4245014245014245
4.199,2,mcgs,-0.0,5.428004674027196
4.199,2,pos,-0.0,5.428004674027196
4.199,2,sbps,-0.0,5.428004674027196
4.199,2,prculs-d,-0.0,5.428004674027196
4.199,2,prcus-p,0.0,5.428004674027196
4.199,2,prcus-i,-0.0,5.428004674027196
4.199,2,prcus-a,-0.0,5.428004674027196
4.199,2,ifrms,-0.0,5.428004674027196
4.199,2,sspls-v,-0.0,5.428004674027196
4.199,3,mcgs,-0.0,5.202279202279202
4.199,3,pos,-0.0,5.202279202279202
4.199,3,sbps,-0.0,5.202279202279202
4.199,3,prculs-d,0.0,5.202279202279202
4.199,3,prcus-p,0.0,5.202279202279202
4.199,3,prcus-i,-0.0,5.202279202279202
4.199,3,prcus-a,-0.0,5.202279202279202
4.199,3,ifrms,-0.0,5.202279202279202
4.199,3,sspls-v,-0.0,5.202279202279202
4.199,4,mcgs,-0.0,5.48148148148148
4.199,4,pos,-0.0,5.48148148148148
4.199,4,sbps,-0.0,5.48148148148148
4.199,4,prculs-d,-0.0,5.48148148148148
4.199,4,prcus-p,0.0,5.48148148148148
4.199,4,prcus-i,-0.0,5.48148148148148
4.199,4,prcus-a,-0.0,5.48148148148148
4.199,4,ifrms,-0.0,5.48148148148148
4.199,4,sspls-v,-0.0,5.48148148148148
4.199,5,mcgs,-0.0,5.156695156695156
4.199,5,pos,-0.0,5.156695156695156
4.199,5,sbps,-0.0,5.156695156695156
4.199,5,prculs-d,0.0,5.156695156695156
4.199,5,prcus-p,0.0,5.156695156695156
4.199,5,prcus-i,-0.0,5.156695156695156
4.199,5,prcus-a,-0.0,5.156695156695156
4.199,5,ifrms,-0.0,5.156695156695156
4.199,5,sspls-v,-0.0,5.156695156695156
4.199,6,mcgs,-0.0,5.518518518518518
4.199,6,pos,-0.0,5.518518518518518
4.199,6,sbps,-0.0,5.518518518518518
4.199,6,prculs-d,-0.0,5.518518518518518
4.199,6,prcus-p,0.0,5.518518518518518
4.199,6,prcus-i,-0.0,5.518518518518518
4.199,6,prcus-a,-0.0,5.518518518518518
4.199,6,ifrms,-0.0,5.518518518518518
4.199,6,sspls-v,-0.0,5.518518518518518
4.199,7,mcgs,-0.0,5.529914529914531
4.199,7,pos,-0.0,5.529914529914531
4.199,7,sbps,-0.0,5.529914529914531
4.199,7,prculs-d,0.0,5.529914529914531
4.199,7,prcus-p,0.0,5.529914529914531
4.199,7,prcus-i,-0.0,5.529914529914531
4.199,7,prcus-a,-0.0,5.529914529914531
4.199,7,ifrms,-0.0,5.529914529914531
4.199,7,sspls-v,-0.0,5.529914529914531
4.199,8,mcgs,-0.0,5.267806267806268
4.199,8,pos,-0.0,5.267806267806268
4.199,8,sbps,-0.0,5.267806267806268
4.199,8,prculs-d,0.0,5.267806267806268
4.199,8,prcus-p,0.0,5.267806267806268
4.199,8,prcus-i,-0.0,5.267806267806268
4.199,8,prcus-a,-0.0,5.267806267806268
4.199,8,ifrms,-0.0,5.267806267806268
4.199,8,sspls-v,-0.0,5.267806267806268
4.199,9,mcgs,-0.0,5.156695156695157
4.199,9,pos,-0.0,5.156695156695157
4.199,9,sbps,-0.0,5.156695156695157
4.199,9,prculs-d,-0.0,5.156695156695157
4.199,9,prcus-p,0.0,5.156695156695157
4.199,9,prcus-i,-0.0,5.156695156695157
4.199,9,prcus-a,-0.0,5.156695156695157
4.199,9,ifrms,-0.0,5.156695156695157
4.199,9,sspls-v,-0.0,5.156695156695157
4.199,10,mcgs,-0.0,5.4558404558404545
4.199,10,pos,-0.0,5.4558404558404545
4.199,10,sbps,-0.0,5.4558404558404545
4.199,10,prculs-d,-0.0,5.4558404558404545
4.199,10,prcus-p,0.0,5.4558404558404545
4.199,10,prcus-i,-0.0,5.4558404558404545
4.199,10,prcus-a,-0.0,5.4558404558404545
4.199,10,ifrms,-0.0,5.4558404558404545
4.199,10,sspls-v,-0.0,5.4558404558404545
4.199,11,mcgs,-0.0,5.156695156695157
4.199,11,pos,-0.0,5.156695156695157
4.199,11,sbps,-0.0,5.156695156695157
4.199,11,prculs-d,0.0,5.156695156695157
4.199,11,prcus-p,0.0,5.156695156695157
4.199,11,prcus-i,-0.0,5.156695156695157
4.199,11,prcus-a,-0.0,5.156695156695157
4.199,11,ifrms,-0.0,5.156695156695157
4.199,11,sspls-v,-0.0,5.156695156695157
4.199,12,mcgs,-0.0,5.51851851851852
4.199,12,pos,-0.0,5.51851851851852
4.199,12,sbps,-0.0,5.51851851851852
4.199,12,prculs-d,-0.0,5.51851851851852
4.199,12,prcus-p,0.0,5.51851851851852
4.199,12,prcus-i,-0.0,5.51851851851852
4.199,12,prcus-a,-0.0,5.51851851851852
4.199,12,ifrms,-0.0,5.51851851851852
4.199,12,sspls-v,-0.0,5.51851851851852
4.199,13,mcgs,-0.0,5.299145299145299
4.199,13,pos,-0.0,5.299145299145299
4.199,13,sbps,-0.0,5.299145299145299
4.199,13,prculs-d,-0.0,5.299145299145299
4.199,13,prcus-p,0.0,5.299145299145299
4.199,13,prcus-i,-0.0,5.299145299145299
4.199,13,prcus-a,-0.0,5.299145299145299
4.199,13,ifrms,-0.0,5.299145299145299
4.199,13,sspls-v,-0.0,5.299145299145299
4.199,14,mcgs,-0.0,5.581196581196581
4.199,14,pos,-0.0,5.581196581196581
4.199,14,sbps,-0.0,5.581196581196581
4.199,14,prculs-d,-0.0,5.581196581196581
4.199,14,prcus-p,0.0,5.581196581196581
4.199,14,prcus-i,-0.0,5.581196581196581
4.199,14,prcus-a,-0.0,5.581196581196581
4.199,14,ifrms,-0.0,5.581196581196581
4.199,14,sspls-v,-0.0,5.581196581196581
4.199,15,mcgs,-0.0,5.393162393162393
4.199,15,pos,-0.0,5.393162393162393
4.199,15,sbps,-0.0,5.393162393162393
4.199,15,prculs-d,-0.0,5.393162393162393
4.199,15,prcus-p,0.0,5.393162393162393
4.199,15,prcus-i,-0.0,5.393162393162393
4.199,15,prcus-a,-0.0,5.393162393162393
4.199,15,ifrms,-0.0,5.393162393162393
4.199,15,sspls-v,-0.0,5.393162393162393
4.199,16,mcgs,-0.0,5.5783475783475795
4.199,16,pos,-0.0,5.5783475783475795
4.199,16,sbps,-0.0,5.5783475783475795
4.199,16,prculs-d,-0.0,5.5783475783475795
4.199,16,prcus-p,0.0,5.5783475783475795
4.199,16,prcus-i,-0.0,5.5783475783475795
4.199,16,prcus-a,-0.0,5.5783475783475795
4.199,16,ifrms,-0.0,5.5783475783475795
4.199,16,sspls-v,-0.0,5.5783475783475795
4.199,17,mcgs,-0.0,5.247863247863247
4.199,17,pos,-0.0,5.247863247863247
4.199,17,sbps,-0.0,5.247863247863247
4.199,17,prculs-d,-0.0,5.247863247863247
4.199,17,prcus-p,0.0,5.247863247863247
4.199,17,prcus-i,-0.0,5.247863247863247
4.199,17,prcus-a,-0.0,5.247863247863247
4.199,17,ifrms,-0.0,5.247863247863247
4.199,17,sspls-v,0.0,5.247863247863247
4.199,18,mcgs,-0.0,5.612535612535612
4.199,18,pos,-0.0,5.612535612535612
4.199,18,sbps,-0.0,5.612535612535612
4.199,18,prculs-d,-0.0,5.612535612535612
4.199,18,prcus-p,0.0,5.612535612535612
4.199,18,prcus-i,-0.0,5.612535612535612
4.199,18,prcus-a,-0.0,5.612535612535612
4.199,18,ifrms,-0.0,5.612535612535612
4.199,18,sspls-v,-0.0,5.612535612535612
4.199,19,mcgs,-0.0,5.518518518518518
4.199,19,pos,-0.0,5.518518518518518
4.199,19,sbps,-0.0,5.518518518518518
4.199,19,prculs-d,0.0,5.518518518518518
4.199,19,prcus-p,0.0,5.518518518518518
4.199,19,prcus-i,-0.0,5.518518518518518
4.199,19,prcus-a,-0.0,5.518518518518518
4.199,19,ifrms,-0.0,5.518518518518518
4.199,19,sspls-v,-0.0,5.518518518518518
4.199,20,mcgs,-0.0,5.549857549857548
4.199,20,pos,-0.0,5.549857549857548
4.199,20,sbps,-0.0,5.549857549857548
4.199,20,prculs-d,-0.0,5.549857549857548
4.199,20,prcus-p,0.0,5.549857549857548
4.199,20,prcus-i,-0.0,5.549857549857548
4.199,20,prcus-a,-0.0,5.549857549857548
4.199,20,ifrms,-0.0,5.549857549857548
4.199,20,sspls-v,-0.0,5.549857549857548
4.199,21,mcgs,-0.0,5.581196581196581
4.199,21,pos,-0.0,5.581196581196581
4.199,21,sbps,-0.0,5.581196581196581
4.199,21,prculs-d,0.0,5.581196581196581
4.199,21,prcus-p,0.0,5.581196581196581
4.199,21,prcus-i,-0.0,5.581196581196581
4.199,21,prcus-a,-0.0,5.581196581196581
4.199,21,ifrms,-0.0,5.581196581196581
4.199,21,sspls-v,-0.0,5.581196581196581
4.199,22,mcgs,-0.0,5.581196581196581
4.199,22,pos,-0.0,5.581196581196581
4.199,22,sbps,-0.0,5.581196581196581
4.199,22,prculs-d,0.0,5.581196581196581
4.199,22,prcus-p,0.0,5.581196581196581
4.199,22,prcus-i,-0.0,5.581196581196581
4.199,22,prcus-a,-0.0,5.581196581196581
4.199,22,ifrms,-0.0,5.581196581196581
4.199,22,sspls-v,-0.0,5.581196581196581
4.199,23,mcgs,-0.0,5.202279202279203
4.199,23,pos,-0.0,5.202279202279203
4.199,23,sbps,-0.0,5.202279202279203
4.199,23,prculs-d,0.0,5.202279202279203
4.199,23,prcus-p,0.0,5.202279202279203
4.199,23,prcus-i,-0.0,5.202279202279203
4.199,23,prcus-a,-0.0,5.202279202279203
4.199,23,ifrms,-0.0,5.202279202279203
4.199,23,sspls-v,-0.0,5.202279202279203
4.199,24,mcgs,-0.0,5.4245014245014245
4.199,24,pos,-0.0,5.4245014245014245
4.199,24,sbps,-0.0,5.4245014245014245
4.199,24,prculs-d,-0.0,5.4245014245014245
4.199,24,prcus-p,0.0,5.4245014245014245
4.199,24,prcus-i,-0.0,5.4245014245014245
4.199,24,prcus-a,-0.0,5.4245014245014245
4.199,24,ifrms,-0.0,5.4245014245014245
4.199,24,sspls-v,-0.0,5.4245014245014245
4.199,25,mcgs,-0.0,5.247863247863247
4.199,25,pos,-0.0,5.247863247863247
4.199,25,sbps,-0.0,5.247863247863247
4.199,25,prculs-d,0.0,5.247863247863247
4.199,25,prcus-p,0.0,5.247863247863247
4.199,25,prcus-i,-0.0,5.247863247863247
4.199,25,prcus-a,-0.0,5.247863247863247
4.199,25,ifrms,-0.0,5.247863247863247
4.199,25,sspls-v,0.0,5.247863247863247
4.199,26,mcgs,-0.0,5.581196581196581
4.199,26,pos,-0.0,5.581196581196581
4.199,26,sbps,-0.0,5.581196581196581
4.199,26,prculs-d,-0.0,5.581196581196581
4.199,26,prcus-p,0.0,5.581196581196581
4.199,26,prcus-i,-0.0,5.581196581196581
4.199,26,prcus-a,-0.0,5.581196581196581
4.199,26,ifrms,-0.0,5.581196581196581
4.199,26,sspls-v,-0.0,5.581196581196581
4.199,27,mcgs,-0.0,5.384615384615386
4.199,27,pos,-0.0,5.384615384615386
4.199,27,sbps,-0.0,5.384615384615386
4.199,27,prculs-d,0.0,5.384615384615386
4.199,27,prcus-p,0.0,5.384615384615386
4.199,27,prcus-i,-0.0,5.384615384615386
4.199,27,prcus-a,-0.0,5.384615384615386
4.199,27,ifrms,-0.0,5.384615384615386
4.199,27,sspls-v,-0.0,5.384615384615386
4.489,0,mcgs,-0.0,5.487179487179486
4.489,0,pos,-0.0,5.487179487179486
4.489,0,sbps,-0.0,5.487179487179486
4.489,0,prculs-d,-0.0,5.487179487179486
4.489,0,prcus-p,0.0,5.487179487179486
4.489,0,prcus-i,-0.0,5.487179487179486
4.489,0,prcus-a,-0.0,5.487179487179486
4.489,0,ifrms,-0.0,5.487179487179486
4.489,0,sspls-v,-0.0,5.487179487179486
4.489,1,mcgs,-0.0,5.4245014245014245
4.489,1,pos,-0.0,5.4245014245014245
4.489,1,sbps,-0.0,5.4245014245014245
4.489,1,prculs-d,-0.0,5.4245014245014245
4.489,1,prcus-p,0.0,5.4245014245014245
4.489,1,prcus-i,-0.0,5.4245014245014245
4.489,1,prcus-a,-0.0,5.4245014245014245
4.489,1,ifrms,-0.0,5.4245014245014245
4.489,1,sspls-v,-0.0,5.4245014245014245
4.489,2,mcgs,-0.0,5.4245014245014245
4.489,2,pos,-0.0,5.4245014245014245
4.489,2,sbps,-0.0,5.4245014245014245
4.489,2,prculs-d,-0.0,5.4245014245014245
4.489,2,prcus-p,0.0,5.4245014245014245
4.489,2,prcus-i,-0.0,5.4245014245014245
4.489,2,prcus-a,-0.0,5.4245014245014245
4.489,2,ifrms,-0.0,5.4245014245014245
4.489,2,sspls-v,-0.0,5.4245014245014245
4.489,3,mcgs,-0.0,5.202279202279202
4.489,3,pos,-0.0,5.202279202279202
4.489,3,sbps,-0.0,5.202279202279202
4.489,3,prculs-d,0.0,5.202279202279202
4.489,3,prcus-p,0.0,5.202279202279202
4.489,3,prcus-i,-0.0,5.202279202279202
4.489,3,prcus-a,-0.0,5.202279202279202
4.489,3,ifrms,-0.0,5.202279202279202
4.489,3,sspls-v,-0.0,5.202279202279202
4.489,4,mcgs,-0.0,5.48148148148148
4.489,4,pos,-0.0,5.48148148148148
4.489,4,sbps,-0.0,5.48148148148148
4.489,4,prculs-d,-0.0,5.48148148148148
4.489,4,prcus-p,0.0,5.48148148148148
4.489,4,prcus-i,-0.0,5.48148148148148
4.489,4,prcus-a,-0.0,5.48148148148148
4.489,4,ifrms,-0.0,5.48148148148148
4.489,4,sspls-v,-0.0,5.48148148148148
4.489,5,mcgs,-0.0,5.156695156695156
4.489,5,pos,-0.0,5.156695156695156
4.489,5,sbps,-0.0,5.156695156695156
4.489,5,prculs-d,0.0,5.156695156695156
4.489,5,prcus-p,0.0,5.156695156695156
4.489,5,prcus-i,-0.0,5.156695156695156
4.489,5,prcus-a,-0.0,5.156695156695156
4.489,5,ifrms,-0.0,5.156695156695156
4.489,5,sspls-v,-0.0,5.156695156695156
4.489,6,mcgs,-0.0,5.518518518518518
4.489,6,pos,-0.0,5.518518518518518
4.489,6,sbps,-0.0,5.518518518518518
4.489,6,prculs-d,-0.0,5.518518518518518
4.489,6,prcus-p,0.0,5.518518518518518
4.489,6,prcus-i,-0.0,5.518518518518518
4.489,6,prcus-a,-0.0,5.518518518518518
4.489,6,ifrms,-0.0,5.518518518518518
4.489,6,sspls-v,-0.0,5.518518518518518
4.489,7,mcgs,-0.0,5.529914529914531
4.489,7,pos,-0.0,5.529914529914531
4.489,7,sbps,-0.0,5.529914529914531
4.489,7,prculs-d,0.0,5.529914529914531
4.489,7,prcus-p,0.0,5.529914529914531
4.489,7,prcus-i,-0.0,5.529914529914531
4.489,7,prcus-a,-0.0,5.529914529914531
4.489,7,ifrms,-0.0,5.529914529914531
4.489,7,sspls-v,-0.0,5.529914529914531
4.489,8,mcgs,-0.0,5.267806267806268
4.489,8,pos,-0.0,5.267806267806268
4.489,8,sbps,-0.0,5.267806267806268
4.489,8,prculs-d,0.0,5.267806267806268
4.489,8,prcus-p,0.0,5.267806267806268
4.489,8,prcus-i,-0.0,5.267806267806268
4.489,8,prcus-a,-0.0,5.267806267806268
4.489,8,ifrms,-0.0,5.267806267806268
4.489,8,sspls-v,-0.0,5.267806267806268
4.489,9,mcgs,-0.0,5.156695156695157
4.489,9,pos,-0.0,5.156695156695157
4.489,9,sbps,-0.0,5.156695156695157
4.489,9,prculs-d,-0.0,5.156695156695157
4.489,9,prcus-p,0.0,5.156695156695157
4.489,9,prcus-i,-0.0,5.156695156695157
4.489,9,prcus-a,-0.0,5.156695156695157
4.489,9,ifrms,-0.0,5.156695156695157
4.489,9,sspls-v,-0.0,5.156695156695157
4.489,10,mcgs,-0.0,5.4558404558404545
4.489,10,pos,-0.0,5.4558404558404545
4.489,10,sbps,-0.0,5.4558404558404545
4.489,10,prculs-d,-0.0,5.4558404558404545
4.489,10,prcus-p,0.0,5.4558404558404545
4.489,10,prcus-i,-0.0,5.4558404558404545
4.489,10,prcus-a,-0.0,5.4558404558404545
4.489,10,ifrms,-0.0,5.4558404558404545
4.489,10,sspls-v,-0.0,5.4558404558404545
4.489,11,mcgs,-0.0,5.156695156695157
4.489,11,pos,-0.0,5.156695156695157
4.489,11,sbps,-0.0,5.156695156695157
4.489,11,prculs-d,0.0,5.156695156695157
4.489,11,prcus-p,0.0,5.156695156695157
4.489,11,prcus-i,-0.0,5.156695156695157
4.489,11,prcus-a,-0.0,5.156695156695157
4.489,11,ifrms,-0.0,5.156695156695157
4.489,11,sspls-v,-0.0,5.156695156695157
4.489,12,mcgs,-0.0,5.51851851851852
4.489,12,pos,-0.0,5.51851851851852
4.489,12,sbps,-0.0,5.51851851851852
4.489,12,prculs-d,-0.0,5.51851851851852
4.489,12,prcus-p,0.0,5.51851851851852
4.489,12,prcus-i,-0.0,5.51851851851852
4.489,12,prcus-a,-0.0,5.51851851851852
4.489,12,ifrms,-0.0,5.51851851851852
4.489,12,sspls-v,-0.0,5.51851851851852
4.489,13,mcgs,-0.0,5.299145299145299
4.489,13,pos,-0.0,5.299145299145299
4.489,13,sbps,-0.0,5.299145299145299
4.489,13,prculs-d,-0.0,5.299145299145299
4.489,13,prcus-p,0.0,5.299145299145299
4.489,13,prcus-i,-0.0,5.299145299145299
4.489,13,prcus-a,-0.0,5.299145299145299
4.489,13,ifrms,-0.0,5.299145299145299
4.489,13,sspls-v,-0.0,5.299145299145299
4.489,14,mcgs,-0.0,5.581196581196581
4.489,14,pos,-0.0,5.581196581196581
4.489,14,sbps,-0.0,5.581196581196581
4.489,14,prculs-d,-0.0,5.581196581196581
4.489,14,prcus-p,0.0,5.581196581196581
4.489,14,prcus-i,-0.0,5.581196581196581
4.489,14,prcus-a,-0.0,5.581196581196581
4.489,14,ifrms,-0.0,5.581196581196581
4.489,14,sspls-v,-0.0,5.581196581196581
4.489,15,mcgs,-0.0,5.393162393162393
4.489,15,pos,-0.0,5.393162393162393
4.489,15,sbps,-0.0,5.393162393162393
4.489,15,prculs-d,-0.0,5.393162393162393
4.489,15,prcus-p,0.0,5.393162393162393
4.489,15,prcus-i,-0.0,5.393162393162393
4.489,15,prcus-a,-0.0,5.393162393162393
4.489,15,ifrms,-0.0,5.393162393162393
4.489,15,sspls-v,-0.0,5.393162393162393
4.489,16,mcgs,-0.0,5.5783475783475795
4.489,16,pos,-0.0,5.5783475783475795
4.489,16,sbps,-0.0,5.5783475783475795
4.489,16,prculs-d,-0.0,5.5783475783475795
4.489,16,prcus-p,0.0,5.5783475783475795
4.489,16,prcus-i,-0.0,5.5783475783475795
4.489,16,prcus-a,-0.0,5.5783475783475795
4.489,16,ifrms,-0.0,5.5783475783475795
4.489,16,sspls-v,-0.0,5.5783475783475795
4.489,17,mcgs,-0.0,5.247863247863247
4.489,17,pos,-0.0,5.247863247863247
4.489,17,sbps,-0.0,5.247863247863247
4.489,17,prculs-d,-0.0,5.247863247863247
4.489,17,prcus-p,0.0,5.247863247863247
4.489,17,prcus-i,-0.0,5.247863247863247
4.489,17,prcus-a,-0.0,5.247863247863247
4.489,17,ifrms,-0.0,5.247863247863247
4.489,17,sspls-v,0.0,5.247863247863247
4.489,18,mcgs,-0.0,5.612535612535612
4.489,18,pos,-0.0,5.612535612535612
4.489,18,sbps,-0.0,5.612535612535612
4.489,18,prculs-d,-0.0,5.612535612535612
4.489,18,prcus-p,0.0,5.612535612535612
4.489,18,prcus-i,-0.0,5.612535612535612
4.489,18,prcus-a,-0.0,5.612535612535612
4.489,18,ifrms,-0.0,5.612535612535612
4.489,18,sspls-v,-0.0,5.612535612535612
4.489,19,mcgs,-0.0,5.518518518518518
4.489,19,pos,-0.0,5.518518518518518
4.489,19,sbps,-0.0,5.518518518518518
4.489,19,prculs-d,0.0,5.518518518518518
4.489,19,prcus-p,0.0,5.518518518518518
4.489,19,prcus-i,-0.0,5.518518518518518
4.489,19,prcus-a,-0.0,5.518518518518518
4.489,19,ifrms,-0.0,5.518518518518518
4.489,19,sspls-v,-0.0,5.518518518518518
4.489,20,mcgs,-0.0,5.549857549857548
4.489,20,pos,-0.0,5.549857549857548
4.489,20,sbps,-0.0,5.549857549857548
4.489,20,prculs-d,-0.0,5.549857549857548
4.489,20,prcus-p,0.0,5.549857549857548
4.489,20,prcus-i,-0.0,5.549857549857548
4.489,20,prcus-a,-0.0,5.549857549857548
4.489,20,ifrms,-0.0,5.549857549857548
4.489,20,sspls-v,-0.0,5.549857549857548
4.489,21,mcgs,-0.0,5.581196581196581
4.489,21,pos,-0.0,5.581196581196581
4.489,21,sbps,-0.0,5.581196581196581
4.489,21,prculs-d,0.0,5.581196581196581
4.489,21,prcus-p,0.0,5.581196581196581
4.489,21,prcus-i,-0.0,5.581196581196581
4.489,21,prcus-a,-0.0,5.581196581196581
4.489,21,ifrms,-0.0,5.581196581196581
4.489,21,sspls-v,-0.0,5.581196581196581
4.489,22,mcgs,-0.0,5.581196581196581
4.489,22,pos,-0.0,5.581196581196581
4.489,22,sbps,-0.0,5.581196581196581
4.489,22,prculs-d,0.0,5.581196581196581
4.489,22,prcus-p,0.0,5.581196581196581
4.489,22,prcus-i,-0.0,5.581196581196581
4.489,22,prcus-a,-0.0,5.581196581196581
4.489,22,ifrms,-0.0,5.581196581196581
4.489,22,sspls-v,-0.0,5.581196581196581
4.489,23,mcgs,-0.0,5.202279202279203
4.489,23,pos,-0.0,5.202279202279203
4.489,23,sbps,-0.0,5.202279202279203
4.489,23,prculs-d,0.0,5.202279202279203
4.489,23,prcus-p,0.0,5.202279202279203
4.489,23,prcus-i,-0.0,5.202279202279203
4.489,23,prcus-a,-0.0,5.202279202279203
4.489,23,ifrms,-0.0,5.202279202279203
4.489,23,sspls-v,-0.0,5.202279202279203
4.489,24,mcgs,-0.0,5.4245014245014245
4.489,24,pos,-0.0,5.4245014245014245
4.489,24,sbps,-0.0,5.4245014245014245
4.489,24,prculs-d,-0.0,5.4245014245014245
4.489,24,prcus-p,0.0,5.4245014245014245
4.489,24,prcus-i,-0.0,5.4245014245014245
4.489,24,prcus-a,-0.0,5.4245014245014245
4.489,24,ifrms,-0.0,5.4245014245014245
4.489,24,sspls-v,-0.0,5.4245014245014245
4.489,25,mcgs,-0.0,5.247863247863247
4.489,25,pos,-0.0,5.247863247863247
4.489,25,sbps,-0.0,5.247863247863247
4.489,25,prculs-d,0.0,5.247863247863247
4.489,25,prcus-p,0.0,5.247863247863247
4.489,25,prcus-i,-0.0,5.247863247863247
4.489,25,prcus-a,-0.0,5.247863247863247
4.489,25,ifrms,-0.0,5.247863247863247
4.489,25,sspls-v,0.0,5.247863247863247
4.489,26,mcgs,-0.0,5.581196581196581
4.489,26,pos,-0.0,5.581196581196581
4.489,26,sbps,-0.0,5.581196581196581
4.489,26,prculs-d,-0.0,5.581196581196581
4.489,26,prcus-p,0.0,5.581196581196581
4.489,26,prcus-i,-0.0,5.581196581196581
4.489,26,prcus-a,-0.0,5.581196581196581
4.489,26,ifrms,-0.0,5.581196581196581
4.489,26,sspls-v,-0.0,5.581196581196581
4.489,27,mcgs,-0.0,5.384615384615386
4.489,27,pos,-0.0,5.384615384615386
4.489,27,sbps,-0.0,5.384615384615386
4.489,27,prculs-d,0.0,5.384615384615386
4.489,27,prcus-p,0.0,5.384615384615386
4.489,27,prcus-i,-0.0,5.384615384615386
4.489,27,prcus-a,-0.0,5.384615384615386
4.489,27,ifrms,-0.0,5.384615384615386
4.489,27,sspls-v,-0.0,5.384615384615386
4.799,0,mcgs,-0.0,5.487179487179486
4.799,0,pos,-0.0,5.487179487179486
4.799,0,sbps,-0.0,5.487179487179486
4.799,0,prculs-d,-0.0,5.487179487179486
4.799,0,prcus-p,0.0,5.487179487179486
4.799,0,prcus-i,-0.0,5.487179487179486
4.799,0,prcus-a,-0.0,5.487179487179486
4.799,0,ifrms,-0.0,5.487179487179486
4.799,0,sspls-v,-0.0,5.487179487179486
4.799,1,mcgs,-0.0,5.4245014245014245
4.799,1,pos,-0.0,5.4245014245014245
4.799,1,sbps,-0.0,5.4245014245014245
4.799,1,prculs-d,-0.0,5.4245014245014245
4.799,1,prcus-p,0.0,5.4245014245014245
4.799,1,prcus-i,-0.0,5.4245014245014245
4.799,1,prcus-a,-0.0,5.4245014245014245
4.799,1,ifrms,-0.0,5.4245014245014245
4.799,1,sspls-v,-0.0,5.4245014245014245
4.799,2,mcgs,-0.0,5.4245014245014245
4.799,2,pos,-0.0,5.4245014245014245
4.799,2,sbps,-0.0,5.4245014245014245
4.799,2,prculs-d,-0.0,5.4245014245014245
4.799,2,prcus-p,0.0,5.4245014245014245
4.799,2,prcus-i,-0.0,5.4245014245014245
4.799,2,prcus-a,-0.0,5.4245014245014245
4.799,2,ifrms,-0.0,5.4245014245014245
4.799,2,sspls-v,-0.0,5.4245014245014245
4.799,3,mcgs,-0.0,5.202279202279202
4.799,3,pos,-0.0,5.202279202279202
4.799,3,sbps,-0.0,5.202279202279202
4.799,3,prculs-d,0.0,5.202279202279202
4.799,3,prcus-p,0.0,5.202279202279202
4.799,3,prcus-i,-0.0,5.202279202279202
4.799,3,prcus-a,-0.0,5.202279202279202
4.799,3,ifrms,-0.0,5.202279202279202
4.799,3,sspls-v,-0.0,5.202279202279202
4.799,4,mcgs,-0.0,5.48148148148148
4.799,4,pos,-0.0,5.48148148148148
4.799,4,sbps,-0.0,5.48148148148148
4.799,4,prculs-d,-0.0,5.48148148148148
4.799,4,prcus-p,0.0,5.48148148148148
4.799,4,prcus-i,-0.0,5.48148148148148
4.799,4,prcus-a,-0.0,5.48148148148148
4.799,4,ifrms,-0.0,5.48148148148148
4.799,4,sspls-v,-0.0,5.48148148148148
4.799,5,mcgs,-0.0,5.156695156695156
4.799,5,pos,-0.0,5.156695156695156
4.799,5,sbps,-0.0,5.156695156695156
4.799,5,prculs-d,0.0,5.156695156695156
4.799,5,prcus-p,0.0,5.156695156695156
4.799,5,prcus-i,-0.0,5.156695156695156
4.799,5,prcus-a,-0.0,5.156695156695156
4.799,5,ifrms,-0.0,5.156695156695156
4.799,5,sspls-v,-0.0,5.156695156695156
4.799,6,mcgs,-0.0,5.518518518518518
4.799,6,pos,-0.0,5.518518518518518
4.799,6,sbps,-0.0,5.518518518518518
4.799,6,prculs-d,-0.0,5.518518518518518
4.799,6,prcus-p,0.0,5.518518518518518
4.799,6,prcus-i,-0.0,5.518518518518518
4.799,6,prcus-a,-0.0,5.518518518518518
4.799,6,ifrms,-0.0,5.518518518518518
4.799,6,sspls-v,-0.0,5.518518518518518
4.799,7,mcgs,-0.0,5.529914529914531
4.799,7,pos,-0.0,5.529914529914531
4.799,7,sbps,-0.0,5.529914529914531
4.799,7,prculs-d,0.0,5.529914529914531
4.799,7,prcus-p,0.0,5.529914529914531
4.799,7,prcus-i,-0.0,5.529914529914531
4.799,7,prcus-a,-0.0,5.529914529914531
4.799,7,ifrms,-0.0,5.529914529914531
4.799,7,sspls-v,-0.0,5.529914529914531
4.799,8,mcgs,-0.0,5.267806267806268
4.799,8,pos,-0.0,5.267806267806268
4.799,8,sbps,-0.0,5.267806267806268
4.799,8,prculs-d,0.0,5.267806267806268
4.799,8,prcus-p,0.0,5.267806267806268
4.799,8,prcus-i,-0.0,5.267806267806268
4.799,8,prcus-a,-0.0,5.267806267806268
4.799,8,ifrms,-0.0,5.267806267806268
4.799,8,sspls-v,-0.0,5.267806267806268
4.799,9,mcgs,-0.0,5.156695156695157
4.799,9,pos,-0.0,5.156695156695157
4.799,9,sbps,-0.0,5.156695156695157
4.799,9,prculs-d,-0.0,5.156695156695157
4.799,9,prcus-p,0.0,5.156695156695157
4.799,9,prcus-i,-0.0,5.156695156695157
4.799,9,prcus-a,-0.0,5.156695156695157
4.799,9,ifrms,-0.0,5.156695156695157
4.799,9,sspls-v,-0.0,5.156695156695157
4.799,10,mcgs,-0.0,5.4558404558404545
4.799,10,pos,-0.0,5.4558404558404545
4.799,10,sbps,-0.0,5.4558404558404545
4.799,10,prculs-d,-0.0,5.4558404558404545
4.799,10,prcus-p,0.0,5.4558404558404545
4.799,10,prcus-i,-0.0,5.4558404558404545
4.799,10,prcus-a,-0.0,5.4558404558404545
4.799,10,ifrms,-0.0,5.4558404558404545
4.799,10,sspls-v,-0.0,5.4558404558404545
4.799,11,mcgs,-0.0,5.156695156695157
4.799,11,pos,-0.0,5.156695156695157
4.799,11,sbps,-0.0,5.156695156695157
4.799,11,prculs-d,0.0,5.156695156695157
4.799,11,prcus-p,0.0,5.156695156695157
4.799,11,prcus-i,-0.0,5.156695156695157
4.799,11,prcus-a,-0.0,5.156695156695157
4.799,11,ifrms,-0.0,5.156695156695157
4.799,11,sspls-v,-0.0,5.156695156695157
4.799,12,mcgs,-0.0,5.51851851851852
4.799,12,pos,-0.0,5.51851851851852
4.799,12,sbps,-0.0,5.51851851851852
4.799,12,prculs-d,-0.0,5.51851851851852
4.799,12,prcus-p,0.0,5.51851851851852
4.799,12,prcus-i,-0.0,5.51851851851852
4.799,12,prcus-a,-0.0,5.51851851851852
4.799,12,ifrms,-0.0,5.51851851851852
4.799,12,sspls-v,-0.0,5.51851851851852
4.799,13,mcgs,-0.0,5.299145299145299
4.799,13,pos,-0.0,5.299145299145299
4.799,13,sbps,-0.0,5.299145299145299
4.799,13,prculs-d,-0.0,5.299145299145299
4.799,13,prcus-p,0.0,5.299145299145299
4.799,13,prcus-i,-0.0,5.299145299145299
4.799,13,prcus-a,-0.0,5.299145299145299
4.799,13,ifrms,-0.0,5.299145299145299
4.799,13,sspls-v,-0.0,5.299145299145299
4.799,14,mcgs,-0.0,5.581196581196581
4.799,14,pos,-0.0,5.581196581196581
4.799,14,sbps,-0.0,5.581196581196581
4.799,14,prculs-d,-0.0,5.581196581196581
4.799,14,prcus-p,0.0,5.581196581196581
4.799,14,prcus-i,-0.0,5.581196581196581
4.799,14,prcus-a,-0.0,5.581196581196581
4.799,14,ifrms,-0.0,5.581196581196581
4.799,14,sspls-v,-0.0,5.581196581196581
4.799,15,mcgs,-0.0,5.393162393162393
4.799,15,pos,-0.0,5.393162393162393
4.799,15,sbps,-0.0,5.393162393162393
4.799,15,prculs-d,-0.0,5.393162393162393
4.799,15,prcus-p,0.0,5.393162393162393
4.799,15,prcus-i,-0.0,5.393162393162393
4.799,15,prcus-a,-0.0,5.393162393162393
4.799,15,ifrms,-0.0,5.393162393162393
4.799,15,sspls-v,-0.0,5.393162393162393
4.799,16,mcgs,-0.0,5.5783475783475795
4.799,16,pos,-0.0,5.5783475783475795
4.799,16,sbps,-0.0,5.5783475783475795
4.799,16,prculs-d,-0.0,5.5783475783475795
4.799,16,prcus-p,0.0,5.5783475783475795
4.799,16,prcus-i,-0.0,5.5783475783475795
4.799,16,prcus-a,-0.0,5.5783475783475795
4.799,16,ifrms,-0.0,5.5783475783475795
4.799,16,sspls-v,-0.0,5.5783475783475795
4.799,17,mcgs,-0.0,5.247863247863247
4.799,17,pos,-0.0,5.247863247863247
4.799,17,sbps,-0.0,5.247863247863247
4.799,17,prculs-d,-0.0,5.247863247863247
4.799,17,prcus-p,0.0,5.247863247863247
4.799,17,prcus-i,-0.0,5.247863247863247
4.799,17,prcus-a,-0.0,5.247863247863247
4.799,17,ifrms,-0.0,5.247863247863247
4.799,17,sspls-v,0.0,5.247863247863247
4.799,18,mcgs,-0.0,5.612535612535612
4.799,18,pos,-0.0,5.612535612535612
4.799,18,sbps,-0.0,5.612535612535612
4.799,18,prculs-d,-0.0,5.612535612535612
4.799,18,prcus-p,0.0,5.612535612535612
4.799,18,prcus-i,-0.0,5.612535612535612
4.799,18,prcus-a,-0.0,5.612535612535612
4.799,18,ifrms,-0.0,5.612535612535612
4.799,18,sspls-v,-0.0,5.612535612535612
4.799,19,mcgs,-0.0,5.518518518518518
4.799,19,pos,-0.0,5.518518518518518
4.799,19,sbps,-0.0,5.518518518518518
4.799,19,prculs-d,0.0,5.518518518518518
4.799,19,prcus-p,0.0,5.518518518518518
4.799,19,prcus-i,-0.0,5.518518518518518
4.799,19,prcus-a,-0.0,5.518518518518518
4.799,19,ifrms,-0.0,5.518518518518518
4.799,19,sspls-v,-0.0,5.518518518518518
4.799,20,mcgs,-0.0,5.549857549857548
4.799,20,pos,-0.0,5.549857549857548
4.799,20,sbps,-0.0,5.549857549857548
4.799,20,prculs-d,-0.0,5.549857549857548
4.799,20,prcus-p,0.0,5.549857549857548
4.799,20,prcus-i,-0.0,5.549857549857548
4.799,20,prcus-a,-0.0,5.549857549857548
4.799,20,ifrms,-0.0,5.549857549857548
4.799,20,sspls-v,-0.0,5.549857549857548
4.799,21,mcgs,-0.0,5.581196581196581
4.799,21,pos,-0.0,5.581196581196581
4.799,21,sbps,-0.0,5.581196581196581
4.799,21,prculs-d,0.0,5.581196581196581
4.799,21,prcus-p,0.0,5.581196581196581
4.799,21,prcus-i,-0.0,5.581196581196581
4.799,21,prcus-a,-0.0,5.581196581196581
4.799,21,ifrms,-0.0,5.581196581196581
4.799,21,sspls-v,-0.0,5.581196581196581
4.799,22,mcgs,-0.0,5.581196581196581
4.799,22,pos,-0.0,5.581196581196581
4.799,22,sbps,-0.0,5.581196581196581
4.799,22,prculs-d,0.0,5.581196581196581
4.799,22,prcus-p,0.0,5.581196581196581
4.799,22,prcus-i,-0.0,5.581196581196581
4.799,22,prcus-a,-0.0,5.581196581196581
4.799,22,ifrms,-0.0,5.581196581196581
4.799,22,sspls-v,-0.0,5.581196581196581
4.799,23,mcgs,-0.0,5.202279202279203
4.799,23,pos,-0.0,5.202279202279203
4.799,23,sbps,-0.0,5.202279202279203
4.799,23,prculs-d,0.0,5.202279202279203
4.799,23,prcus-p,0.0,5.202279202279203
4.799,23,prcus-i,-0.0,5.202279202279203
4.799,23,prcus-a,-0.0,5.202279202279203
4.799,23,ifrms,-0.0,5.202279202279203
4.799,23,sspls-v,-0.0,5.202279202279203
4.799,24,mcgs,-0.0,5.4245014245014245
4.799,24,pos,-0.0,5.4245014245014245
4.799,24,sbps,-0.0,5.4245014245014245
4.799,24,prculs-d,-0.0,5.4245014245014245
4.799,24,prcus-p,0.0,5.4245014245014245
4.799,24,prcus-i,-0.0,5.4245014245014245
4.799,24,prcus-a,-0.0,5.4245014245014245
4.799,24,ifrms,-0.0,5.4245014245014245
4.799,24,sspls-v,-0.0,5.4245014245014245
4.799,25,mcgs,-0.0,5.247863247863247
4.799,25,pos,-0.0,5.247863247863247
4.799,25,sbps,-0.0,5.247863247863247
4.799,25,prculs-d,0.0,5.247863247863247
4.799,25,prcus-p,0.0,5.247863247863247
4.799,25,prcus-i,-0.0,5.247863247863247
4.799,25,prcus-a,-0.0,5.247863247863247
4.799,25,ifrms,-0.0,5.247863247863247
4.799,25,sspls-v,0.0,5.247863247863247
4.799,26,mcgs,-0.0,5.581196581196581
4.799,26,pos,-0.0,5.581196581196581
4.799,26,sbps,-0.0,5.581196581196581
4.799,26,prculs-d,-0.0,5.581196581196581
4.799,26,prcus-p,0.0,5.581196581196581
4.799,26,prcus-i,-0.0,5.581196581196581
4.799,26,prcus-a,-0.0,5.581196581196581
4.799,26,ifrms,-0.0,5.581196581196581
4.799,26,sspls-v,-0.0,5.581196581196581
4.799,27,mcgs,-0.0,5.384615384615386
4.799,27,pos,-0.0,5.384615384615386
4.799,27,sbps,-0.0,5.384615384615386
4.799,27,prculs-d,0.0,5.384615384615386
4.799,27,prcus-p,0.0,5.384615384615386
4.799,27,prcus-i,-0.0,5.384615384615386
4.799,27,prcus-a,-0.0,5.384615384615386
4.799,27,ifrms,-0.0,5.384615384615386
4.799,27,sspls-v,-0.0,5.384615384615386
5.13,0,mcgs,-0.0,5.487179487179486
5.13,0,pos,-0.0,5.487179487179486
5.13,0,sbps,-0.0,5.487179487179486
5.13,0,prculs-d,-0.0,5.487179487179486
5.13,0,prcus-p,0.0,5.487179487179486
5.13,0,prcus-i,-0.0,5.487179487179486
5.13,0,prcus-a,-0.0,5.487179487179486
5.13,0,ifrms,-0.0,5.487179487179486
5.13,0,sspls-v,-0.0,5.487179487179486
5.13,1,mcgs,-0.0,5.4245014245014245
5.13,1,pos,-0.0,5.4245014245014245
5.13,1,sbps,-0.0,5.4245014245014245
5.13,1,prculs-d,-0.0,5.4245014245014245
5.13,1,prcus-p,0.0,5.4245014245014245
5.13,1,prcus-i,-0.0,5.4245014245014245
5.13,1,prcus-a,-0.0,5.4245014245014245
5.13,1,ifrms,-0.0,5.4245014245014245
5.13,1,sspls-v,-0.0,5.4245014245014245
5.13,2,mcgs,-0.0,5.4245014245014245
5.13,2,pos,-0.0,5.4245014245014245
5.13,2,sbps,-0.0,5.4245014245014245
5.13,2,prculs-d,-0.0,5.4245014245014245
5.13,2,prcus-p,0.0,5.4245014245014245
5.13,2,prcus-i,-0.0,5.4245014245014245
5.13,2,prcus-a,-0.0,5.4245014245014245
5.13,2,ifrms,-0.0,5.4245014245014245
5.13,2,sspls-v,-0.0,5.4245014245014245
5.13,3,mcgs,-0.0,5.202279202279202
5.13,3,pos,-0.0,5.202279202279202
5.13,3,sbps,-0.0,5.202279202279202
5.13,3,prculs-d,0.0,5.202279202279202
5.13,3,prcus-p,0.0,5.202279202279202
5.13,3,prcus-i,-0.0,5.202279202279202
5.13,3,prcus-a,-0.0,5.202279202279202
5.13,3,ifrms,-0.0,5.202279202279202
5.13,3,sspls-v,-0.0,5.202279202279202
5.13,4,mcgs,-0.0,5.48148148148148
5.13,4,pos,-0.0,5.48148148148148
5.13,4,sbps,-0.0,5.48148148148148
5.13,4,prculs-d,-0.0,5.48148148148148
5.13,4,prcus-p,0.0,5.48148148148148
5.13,4,prcus-i,-0.0,5.48148148148148
5.13,4,prcus-a,-0.0,5.48148148148148
5.13,4,ifrms,-0.0,5.48148148148148
5.13,4,sspls-v,-0.0,5.48148148148148
5.13,5,mcgs,-0.0,5.156695156695156
5.13,5,pos,-0.0,5.156695156695156
5.13,5,sbps,-0.0,5.156695156695156
5.13,5,prculs-d,0.0,5.156695156695156
5.13,5,prcus-p,0.0,5.156695156695156
5.13,5,prcus-i,-0.0,5.156695156695156
5.13,5,prcus-a,-0.0,5.156695156695156
5.13,5,ifrms,-0.0,5.156695156695156
5.13,5,sspls-v,-0.0,5.156695156695156
5.13,6,mcgs,-0.0,5.518518518518518
5.13,6,pos,-0.0,5.518518518518518
5.13,6,sbps,-0.0,5.518518518518518
5.13,6,prculs-d,-0.0,5.518518518518518
5.13,6,prcus-p,0.0,5.518518518518518
5.13,6,prcus-i,-0.0,5.518518518518518
5.13,6,prcus-a,-0.0,5.518518518518518
5.13,6,ifrms,-0.0,5.518518518518518
5.13,6,sspls-v,-0.0,5.518518518518518
5.13,7,mcgs,-0.0,5.529914529914531
5.13,7,pos,-0.0,5.529914529914531
5.13,7,sbps,-0.0,5.529914529914531
5.13,7,prculs-d,0.0,5.529914529914531
5.13,7,prcus-p,0.0,5.529914529914531
5.13,7,prcus-i,-0.0,5.529914529914531
5.13,7,prcus-a,-0.0,5.529914529914531
5.13,7,ifrms,-0.0,5.529914529914531
5.13,7,sspls-v,-0.0,5.529914529914531
5.13,8,mcgs,-0.0,5.267806267806268
5.13,8,pos,-0.0,5.267806267806268
5.13,8,sbps,-0.0,5.267806267806268
5.13,8,prculs-d,0.0,5.267806267806268
5.13,8,prcus-p,0.0,5.267806267806268
5.13,8,prcus-i,-0.0,5.267806267806268
5.13,8,prcus-a,-0.0,5.267806267806268
5.13,8,ifrms,-0.0,5.267806267806268
5.13,8,sspls-v,-0.0,5.267806267806268
5.13,9,mcgs,-0.0,5.156695156695157
5.13,9,pos,-0.0,5.156695156695157
5.13,9,sbps,-0.0,5.156695156695157
5.13,9,prculs-d,-0.0,5.156695156695157
5.13,9,prcus-p,0.0,5.156695156695157
5.13,9,prcus-i,-0.0,5.156695156695157
5.13,9,prcus-a,-0.0,5.156695156695157
5.13,9,ifrms,-0.0,5.156695156695157
5.13,9,sspls-v,-0.0,5.156695156695157
5.13,10,mcgs,-0.0,5.4558404558404545
5.13,10,pos,-0.0,5.4558404558404545
5.13,10,sbps,-0.0,5.4558404558404545
5.13,10,prculs-d,-0.0,5.4558404558404545
5.13,10,prcus-p,0.0,5.4558404558404545
5.13,10,prcus-i,-0.0,5.4558404558404545
5.13,10,prcus-a,-0.0,5.4558404558404545
5.13,10,ifrms,-0.0,5.4558404558404545
5.13,10,sspls-v,-0.0,5.4558404558404545
5.13,11,mcgs,-0.0,5.156695156695157
5.13,11,pos,-0.0,5.156695156695157
5.13,11,sbps,-0.0,5.156695156695157
5.13,11,prculs-d,0.0,5.156695156695157
5.13,11,prcus-p,0.0,5.156695156695157
5.13,11,prcus-i,-0.0,5.156695156695157
5.13,11,prcus-a,-0.0,5.156695156695157
5.13,11,ifrms,-0.0,5.156695156695157
5.13,11,sspls-v,-0.0,5.156695156695157
5.13,12,mcgs,-0.0,5.51851851851852
5.13,12,pos,-0.0,5.51851851851852
5.13,12,sbps,-0.0,5.51851851851852
5.13,12,prculs-d,-0.0,5.51851851851852
5.13,12,prcus-p,0.0,5.51851851851852
5.13,12,prcus-i,-0.0,5.51851851851852
5.13,12,prcus-a,-0.0,5.51851851851852
5.13,12,ifrms,-0.0,5.51851851851852
5.13,12,sspls-v,-0.0,5.51851851851852
5.13,13,mcgs,-0.0,5.299145299145299
5.13,13,pos,-0.0,5.299145299145299
5.13,13,sbps,-0.0,5.299145299145299
5.13,13,prculs-d,-0.0,5.299145299145299
5.13,13,prcus-p,0.0,5.299145299145299
5.13,13,prcus-i,-0.0,5.299145299145299
5.13,13,prcus-a,-0.0,5.299145299145299
5.13,13,ifrms,-0.0,5.299145299145299
5.13,13,sspls-v,-0.0,5.299145299145299
5.13,14,mcgs,-0.0,5.581196581196581
5.13,14,pos,-0.0,5.581196581196581
5.13,14,sbps,-0.0,5.581196581196581
5.13,14,prculs-d,-0.0,5.581196581196581
5.13,14,prcus-p,0.0,5.581196581196581
5.13,14,prcus-i,-0.0,5.581196581196581
5.13,14,prcus-a,-0.0,5.581196581196581
5.13,14,ifrms,-0.0,5.581196581196581
5.13,14,sspls-v,-0.0,5.581196581196581
5.13,15,mcgs,-0.0,5.393162393162393
5.13,15,pos,-0.0,5.393162393162393
5.13,15,sbps,-0.0,5.393162393162393
5.13,15,prculs-d,-0.0,5.393162393162393
5.13,15,prcus-p,0.0,5.393162393162393
5.13,15,prcus-i,-0.0,5.393162393162393
5.13,15,prcus-a,-0.0,5.393162393162393
5.13,15,ifrms,-0.0,5.393162393162393
5.13,15,sspls-v,-0.0,5.393162393162393
5.13,16,mcgs,-0.0,5.5783475783475795
5.13,16,pos,-0.0,5.5783475783475795
5.13,16,sbps,-0.0,5.5783475783475795
5.13,16,prculs-d,-0.0,5.5783475783475795
5.13,16,prcus-p,0.0,5.5783475783475795
5.13,16,prcus-i,-0.0,5.5783475783475795
5.13,16,prcus-a,-0.0,5.5783475783475795
5.13,16,ifrms,-0.0,5.5783475783475795
5.13,16,sspls-v,-0.0,5.5783475783475795
5.13,17,mcgs,-0.0,5.247863247863247
5.13,17,pos,-0.0,5.247863247863247
5.13,17,sbps,-0.0,5.247863247863247
5.13,17,prculs-d,-0.0,5.247863247863247
5.13,17,prcus-p,0.0,5.247863247863247
5.13,17,prcus-i,-0.0,5.247863247863247
5.13,17,prcus-a,-0.0,5.247863247863247
5.13,17,ifrms,-0.0,5.247863247863247
5.13,17,sspls-v,0.0,5.247863247863247
5.13,18,mcgs,-0.0,5.612535612535612
5.13,18,pos,-0.0,5.612535612535612
5.13,18,sbps,-0.0,5.612535612535612
5.13,18,prculs-d,-0.0,5.612535612535612
5.13,18,prcus-p,0.0,5.612535612535612
5.13,18,prcus-i,-0.0,5.612535612535612
5.13,18,prcus-a,-0.0,5.612535612535612
5.13,18,ifrms,-0.0,5.612535612535612
5.13,18,sspls-v,-0.0,5.612535612535612
5.13,19,mcgs,-0.0,5.518518518518518
5.13,19,pos,-0.0,5.518518518518518
5.13,19,sbps,-0.0,5.518518518518518
5.13,19,prculs-d,0.0,5.518518518518518
5.13,19,prcus-p,0.0,5.518518518518518
5.13,19,prcus-i,-0.0,5.518518518518518
5.13,19,prcus-a,-0.0,5.518518518518518
5.13,19,ifrms,-0.0,5.518518518518518
5.13,19,sspls-v,-0.0,5.518518518518518
5.13,20,mcgs,-0.0,5.549857549857548
5.13,20,pos,-0.0,5.549857549857548
5.13,20,sbps,-0.0,5.549857549857548
5.13,20,prculs-d,-0.0,5.549857549857548
5.13,20,prcus-p,0.0,5.549857549857548
5.13,20,prcus-i,-0.0,5.549857549857548
5.13,20,prcus-a,-0.0,5.549857549857548
5.13,20,ifrms,-0.0,5.549857549857548
5.13,20,sspls-v,-0.0,5.549857549857548
5.13,21,mcgs,-0.0,5.581196581196581
5.13,21,pos,-0.0,5.581196581196581
5.13,21,sbps,-0.0,5.581196581196581
5.13,21,prculs-d,0.0,5.581196581196581
5.13,21,prcus-p,0.0,5.581196581196581
5.13,21,prcus-i,-0.0,5.581196581196581
5.13,21,prcus-a,-0.0,5.581196581196581
5.13,21,ifrms,-0.0,5.581196581196581
5.13,21,sspls-v,-0.0,5.581196581196581
5.13,22,mcgs,-0.0,5.581196581196581
5.13,22,pos,-0.0,5.581196581196581
5.13,22,sbps,-0.0,5.581196581196581
5.13,22,prculs-d,0.0,5.581196581196581
5.13,22,prcus-p,0.0,5.581196581196581
5.13,22,prcus-i,-0.0,5.581196581196581
5.13,22,prcus-a,-0.0,5.581196581196581
5.13,22,ifrms,-0.0,5.581196581196581
5.13,22,sspls-v,-0.0,5.581196581196581
5.13,23,mcgs,-0.0,5.202279202279203
5.13,23,pos,-0.0,5.202279202279203
5.13,23,sbps,-0.0,5.202279202279203
5.13,23,prculs-d,0.0,5.202279202279203
5.13,23,prcus-p,0.0,5.202279202279203
5.13,23,prcus-i,-0.0,5.202279202279203
5.13,23,prcus-a,-0.0,5.202279202279203
5.13,23,ifrms,-0.0,5.202279202279203
5.13,23,sspls-v,-0.0,5.202279202279203
5.13,24,mcgs,-0.0,5.4245014245014245
5.13,24,pos,-0.0,5.4245014245014245
5.13,24,sbps,-0.0,5.4245014245014245
5.13,24,prculs-d,-0.0,5.4245014245014245
5.13,24,prcus-p,0.0,5.4245014245014245
5.13,24,prcus-i,-0.0,5.4245014245014245
5.13,24,prcus-a,-0.0,5.4245014245014245
5.13,24,ifrms,-0.0,5.4245014245014245
5.13,24,sspls-v,-0.0,5.4245014245014245
5.13,25,mcgs,-0.0,5.247863247863247
5.13,25,pos,-0.0,5.247863247863247
5.13,25,sbps,-0.0,5.247863247863247
5.13,25,prculs-d,0.0,5.247863247863247
5.13,25,prcus-p,0.0,5.247863247863247
5.13,25,prcus-i,-0.0,5.247863247863247
5.13,25,prcus-a,-0.0,5.247863247863247
5.13,25,ifrms,-0.0,5.247863247863247
5.13,25,sspls-v,0.0,5.247863247863247
5.13,26,mcgs,-0.0,5.581196581196581
5.13,26,pos,-0.0,5.581196581196581
5.13,26,sbps,-0.0,5.581196581196581
5.13,26,prculs-d,-0.0,5.581196581196581
5.13,26,prcus-p,0.0,5.581196581196581
5.13,26,prcus-i,-0.0,5.581196581196581
5.13,26,prcus-a,-0.0,5.581196581196581
5.13,26,ifrms,-0.0,5.581196581196581
5.13,26,sspls-v,-0.0,5.581196581196581
5.13,27,mcgs,-0.0,5.384615384615386
5.13,27,pos,-0.0,5.384615384615386
5.13,27,sbps,-0.0,5.384615384615386
5.13,27,prculs-d,0.0,5.384615384615386
5.13,27,prcus-p,0.0,5.384615384615386
5.13,27,prcus-i,-0.0,5.384615384615386
5.13,27,prcus-a,-0.0,5.384615384615386
5.13,27,ifrms,-0.0,5.384615384615386
5.13,27,sspls-v,-0.0,5.384615384615386
5.484,0,mcgs,-0.0,5.487179487179486
5.484,0,pos,-0.0,5.487179487179486
5.484,0,sbps,-0.0,5.487179487179486
5.484,0,prculs-d,-0.0,5.487179487179486
5.484,0,prcus-p,0.0,5.487179487179486
5.484,0,prcus-i,-0.0,5.487179487179486
5.484,0,prcus-a,-0.0,5.487179487179486
5.484,0,ifrms,-0.0,5.487179487179486
5.484,0,sspls-v,-0.0,5.487179487179486
5.484,1,mcgs,-0.0,5.4245014245014245
5.484,1,pos,-0.0,5.4245014245014245
5.484,1,sbps,-0.0,5.4245014245014245
5.484,1,prculs-d,-0.0,5.4245014245014245
5.484,1,prcus-p,0.0,5.4245014245014245
5.484,1,prcus-i,-0.0,5.4245014245014245
5.484,1,prcus-a,-0.0,5.4245014245014245
5.484,1,ifrms,-0.0,5.4245014245014245
5.484,1,sspls-v,-0.0,5.4245014245014245
5.484,2,mcgs,-0.0,5.4245014245014245
5.484,2,pos,-0.0,5.4245014245014245
5.484,2,sbps,-0.0,5.4245014245014245
5.484,2,prculs-d,-0.0,5.4245014245014245
5.484,2,prcus-p,0.0,5.4245014245014245
5.484,2,prcus-i,-0.0,5.4245014245014245
5.484,2,prcus-a,-0.0,5.4245014245014245
5.484,2,ifrms,-0.0,5.4245014245014245
5.484,2,sspls-v,-0.0,5.4245014245014245
5.484,3,mcgs,-0.0,5.202279202279202
5.484,3,pos,-0.0,5.202279202279202
5.484,3,sbps,-0.0,5.202279202279202
5.484,3,prculs-d,0.0,5.202279202279202
5.484,3,prcus-p,0.0,5.202279202279202
5.484,3,prcus-i,-0.0,5.202279202279202
5.484,3,prcus-a,-0.0,5.202279202279202
5.484,3,ifrms,-0.0,5.202279202279202
5.484,3,sspls-v,-0.0,5.202279202279202
5.484,4,mcgs,-0.0,5.48148148148148
5.484,4,pos,-0.0,5.48148148148148
5.484,4,sbps,-0.0,5.48148148148148
5.484,4,prculs-d,-0.0,5.48148148148148
5.484,4,prcus-p,0.0,5.48148148148148
5.484,4,prcus-i,-0.0,5.48148148148148
5.484,4,prcus-a,-0.0,5.48148148148148
5.484,4,ifrms,-0.0,5.48148148148148
5.484,4,sspls-v,-0.0,5.48148148148148
5.484,5,mcgs,-0.0,5.156695156695156
5.484,5,pos,-0.0,5.156695156695156
5.484,5,sbps,-0.0,5.156695156695156
5.484,5,prculs-d,0.0,5.156695156695156
5.484,5,prcus-p,0.0,5.156695156695156
5.484,5,prcus-i,-0.0,5.156695156695156
5.484,5,prcus-a,-0.0,5.156695156695156
5.484,5,ifrms,-0.0,5.156695156695156
5.484,5,sspls-v,-0.0,5.156695156695156
5.484,6,mcgs,-0.0,5.518518518518518
5.484,6,pos,-0.0,5.518518518518518
5.484,6,sbps,-0.0,5.518518518518518
5.484,6,prculs-d,-0.0,5.518518518518518
5.484,6,prcus-p,0.0,5.518518518518518
5.484,6,prcus-i,-0.0,5.518518518518518
5.484,6,prcus-a,-0.0,5.518518518518518
5.484,6,ifrms,-0.0,5.518518518518518
5.484,6,sspls-v,-0.0,5.518518518518518
5.484,7,mcgs,-0.0,5.529914529914531
5.484,7,pos,-0.0,5.529914529914531
5.484,7,sbps,-0.0,5.529914529914531
5.484,7,prculs-d,0.0,5.529914529914531
5.484,7,prcus-p,0.0,5.529914529914531
5.484,7,prcus-i,-0.0,5.529914529914531
5.484,7,prcus-a,-0.0,5.529914529914531
5.484,7,ifrms,-0.0,5.529914529914531
5.484,7,sspls-v,-0.0,5.529914529914531
5.484,8,mcgs,-0.0,5.267806267806268
5.484,8,pos,-0.0,5.267806267806268
5.484,8,sbps,-0.0,5.267806267806268
5.484,8,prculs-d,0.0,5.267806267806268
5.484,8,prcus-p,0.0,5.267806267806268
5.484,8,prcus-i,-0.0,5.267806267806268
5.484,8,prcus-a,-0.0,5.267806267806268
5.484,8,ifrms,-0.0,5.267806267806268
5.484,8,sspls-v,-0.0,5.267806267806268
5.484,9,mcgs,-0.0,5.156695156695157
5.484,9,pos,-0.0,5.156695156695157
5.484,9,sbps,-0.0,5.156695156695157
5.484,9,prculs-d,-0.0,5.156695156695157
5.484,9,prcus-p,0.0,5.156695156695157
5.484,9,prcus-i,-0.0,5.156695156695157
5.484,9,prcus-a,-0.0,5.156695156695157
5.484,9,ifrms,-0.0,5.156695156695157
5.484,9,sspls-v,-0.0,5.156695156695157
5.484,10,mcgs,-0.0,5.4558404558404545
5.484,10,pos,-0.0,5.4558404558404545
5.484,10,sbps,-0.0,5.4558404558404545
5.484,10,prculs-d,-0.0,5.4558404558404545
5.484,10,prcus-p,0.0,5.4558404558404545
5.484,10,prcus-i,-0.0,5.4558404558404545
5.484,10,prcus-a,-0.0,5.4558404558404545
5.484,10,ifrms,-0.0,5.4558404558404545
5.484,10,sspls-v,-0.0,5.4558404558404545
5.484,11,mcgs,-0.0,5.156695156695157
5.484,11,pos,-0.0,5.156695156695157
5.484,11,sbps,-0.0,5.156695156695157
5.484,11,prculs-d,0.0,5.156695156695157
5.484,11,prcus-p,0.0,5.156695156695157
5.484,11,prcus-i,-0.0,5.156695156695157
5.484,11,prcus-a,-0.0,5.156695156695157
5.484,11,ifrms,-0.0,5.156695156695157
5.484,11,sspls-v,-0.0,5.156695156695157
5.484,12,mcgs,-0.0,5.51851851851852
5.484,12,pos,-0.0,5.51851851851852
5.484,12,sbps,-0.0,5.51851851851852
5.484,12,prculs-d,-0.0,5.51851851851852
5.484,12,prcus-p,0.0,5.51851851851852
5.484,12,prcus-i,-0.0,5.51851851851852
5.484,12,prcus-a,-0.0,5.51851851851852
5.484,12,ifrms,-0.0,5.51851851851852
5.484,12,sspls-v,-0.0,5.51851851851852
5.484,13,mcgs,-0.0,5.299145299145299
5.484,13,pos,-0.0,5.299145299145299
5.484,13,sbps,-0.0,5.299145299145299
5.484,13,prculs-d,-0.0,5.299145299145299
5.484,13,prcus-p,0.0,5.299145299145299
5.484,13,prcus-i,-0.0,5.299145299145299
5.484,13,prcus-a,-0.0,5.299145299145299
5.484,13,ifrms,-0.0,5.299145299145299
5.484,13,sspls-v,-0.0,5.299145299145299
5.484,14,mcgs,-0.0,5.581196581196581
5.484,14,pos,-0.0,5.581196581196581
5.484,14,sbps,-0.0,5.581196581196581
5.484,14,prculs-d,-0.0,5.581196581196581
5.484,14,prcus-p,0.0,5.581196581196581
5.484,14,prcus-i,-0.0,5.581196581196581
5.484,14,prcus-a,-0.0,5.581196581196581
5.484,14,ifrms,-0.0,5.581196581196581
5.484,14,sspls-v,-0.0,5.581196581196581
5.484,15,mcgs,-0.0,5.393162393162393
5.484,15,pos,-0.0,5.393162393162393
5.484,15,sbps,-0.0,5.393162393162393
5.484,15,prculs-d,-0.0,5.393162393162393
5.484,15,prcus-p,0.0,5.393162393162393
5.484,15,prcus-i,-0.0,5.393162393162393
5.484,15,prcus-a,-0.0,5.393162393162393
5.484,15,ifrms,-0.0,5.393162393162393
5.484,15,sspls-v,-0.0,5.393162393162393
5.484,16,mcgs,-0.0,5.5783475783475795
5.484,16,pos,-0.0,5.5783475783475795
5.484,16,sbps,-0.0,5.5783475783475795
5.484,16,prculs-d,-0.0,5.5783475783475795
5.484,16,prcus-p,0.0,5.5783475783475795
5.484,16,prcus-i,-0.0,5.5783475783475795
5.484,16,prcus-a,-0.0,5.5783475783475795
5.484,16,ifrms,-0.0,5.5783475783475795
5.484,16,sspls-v,-0.0,5.5783475783475795
5.484,17,mcgs,-0.0,5.247863247863247
5.484,17,pos,-0.0,5.247863247863247
5.484,17,sbps,-0.0,5.247863247863247
5.484,17,prculs-d,-0.0,5.247863247863247
5.484,17,prcus-p,0.0,5.247863247863247
5.484,17,prcus-i,-0.0,5.247863247863247
5.484,17,prcus-a,-0.0,5.247863247863247
5.484,17,ifrms,-0.0,5.247863247863247
5.484,17,sspls-v,0.0,5.247863247863247
5.484,18,mcgs,-0.0,5.612535612535612
5.484,18,pos,-0.0,5.612535612535612
5.484,18,sbps,-0.0,5.612535612535612
5.484,18,prculs-d,-0.0,5.612535612535612
5.484,18,prcus-p,0.0,5.612535612535612
5.484,18,prcus-i,-0.0,5.612535612535612
5.484,18,prcus-a,-0.0,5.612535612535612
5.484,18,ifrms,-0.0,5.612535612535612
5.484,18,sspls-v,-0.0,5.612535612535612
5.484,19,mcgs,-0.0,5.518518518518518
5.484,19,pos,-0.0,5.518518518518518
5.484,19,sbps,-0.0,5.518518518518518
5.484,19,prculs-d,0.0,5.518518518518518
5.484,19,prcus-p,0.0,5.518518518518518
5.484,19,prcus-i,-0.0,5.518518518518518
5.484,19,prcus-a,-0.0,5.518518518518518
5.484,19,ifrms,-0.0,5.518518518518518
5.484,19,sspls-v,-0.0,5.518518518518518
5.484,20,mcgs,-0.0,5.549857549857548
5.484,20,pos,-0.0,5.549857549857548
5.484,20,sbps,-0.0,5.549857549857548
5.484,20,prculs-d,-0.0,5.549857549857548
5.484,20,prcus-p,0.0,5.549857549857548
5.484,20,prcus-i,-0.0,5.549857549857548
5.484,20,prcus-a,-0.0,5.549857549857548
5.484,20,ifrms,-0.0,5.549857549857548
5.484,20,sspls-v,-0.0,5.549857549857548
5.484,21,mcgs,-0.0,5.581196581196581
5.484,21,pos,-0.0,5.581196581196581
5.484,21,sbps,-0.0,5.581196581196581
5.484,21,prculs-d,0.0,5.581196581196581
5.484,21,prcus-p,0.0,5.581196581196581
5.484,21,prcus-i,-0.0,5.581196581196581
5.484,21,prcus-a,-0.0,5.581196581196581
5.484,21,ifrms,-0.0,5.581196581196581
5.484,21,sspls-v,-0.0,5.581196581196581
5.484,22,mcgs,-0.0,5.581196581196581
5.484,22,pos,-0.0,5.581196581196581
5.484,22,sbps,-0.0,5.581196581196581
5.484,22,prculs-d,0.0,5.581196581196581
5.484,22,prcus-p,0.0,5.581196581196581
5.484,22,prcus-i,-0.0,5.581196581196581
5.484,22,prcus-a,-0.0,5.581196581196581
5.484,22,ifrms,-0.0,5.581196581196581
5.484,22,sspls-v,-0.0,5.581196581196581
5.484,23,mcgs,-0.0,5.202279202279203
5.484,23,pos,-0.0,5.202279202279203
5.484,23,sbps,-0.0,5.202279202279203
5.484,23,prculs-d,0.0,5.202279202279203
5.484,23,prcus-p,0.0,5.202279202279203
5.484,23,prcus-i,-0.0,5.202279202279203
5.484,23,prcus-a,-0.0,5.202279202279203
5.484,23,ifrms,-0.0,5.202279202279203
5.484,23,sspls-v,-0.0,5.202279202279203
5.484,24,mcgs,-0.0,5.4245014245014245
5.484,24,pos,-0.0,5.4245014245014245
5.484,24,sbps,-0.0,5.4245014245014245
5.484,24,prculs-d,-0.0,5.4245014245014245
5.484,24,prcus-p,0.0,5.4245014245014245
5.484,24,prcus-i,-0.0,5.4245014245014245
5.484,24,prcus-a,-0.0,5.4245014245014245
5.484,24,ifrms,-0.0,5.4245014245014245
5.484,24,sspls-v,-0.0,5.4245014245014245
5.484,25,mcgs,-0.0,5.247863247863247
5.484,25,pos,-0.0,5.247863247863247
5.484,25,sbps,-0.0,5.247863247863247
5.484,25,prculs-d,0.0,5.247863247863247
5.484,25,prcus-p,0.0,5.247863247863247
5.484,25,prcus-i,-0.0,5.247863247863247
5.484,25,prcus-a,-0.0,5.247863247863247
5.484,25,ifrms,-0.0,5.247863247863247
5.484,25,sspls-v,0.0,5.247863247863247
5.484,26,mcgs,-0.0,5.581196581196581
5.484,26,pos,-0.0,5.581196581196581
5.484,26,sbps,-0.0,5.581196581196581
5.484,26,prculs-d,-0.0,5.581196581196581
5.484,26,prcus-p,0.0,5.581196581196581
5.484,26,prcus-i,-0.0,5.581196581196581
5.484,26,prcus-a,-0.0,5.581196581196581
5.484,26,ifrms,-0.0,5.581196581196581
5.484,26,sspls-v,-0.0,5.581196581196581
5.484,27,mcgs,-0.0,5.384615384615386
5.484,27,pos,-0.0,5.384615384615386
5.484,27,sbps,-0.0,5.384615384615386
5.484,27,prculs-d,0.0,5.384615384615386
5.484,27,prcus-p,0.0,5.384615384615386
5.484,27,prcus-i,-0.0,5.384615384615386
5.484,27,prcus-a,-0.0,5.384615384615386
5.484,27,ifrms,-0.0,5.384615384615386
5.484,27,sspls-v,-0.0,5.384615384615386
5.863,0,mcgs,-0.0,5.487179487179486
5.863,0,pos,-0.0,5.487179487179486
5.863,0,sbps,-0.0,5.487179487179486
5.863,0,prculs-d,-0.0,5.487179487179486
5.863,0,prcus-p,0.0,5.487179487179486
5.863,0,prcus-i,-0.0,5.487179487179486
5.863,0,prcus-a,-0.0,5.487179487179486
5.863,0,ifrms,-0.0,5.487179487179486
5.863,0,sspls-v,-0.0,5.487179487179486
5.863,1,mcgs,-0.0,5.4245014245014245
5.863,1,pos,-0.0,5.4245014245014245
5.863,1,sbps,-0.0,5.4245014245014245
5.863,1,prculs-d,-0.0,5.4245014245014245
5.863,1,prcus-p,0.0,5.4245014245014245
5.863,1,prcus-i,-0.0,5.4245014245014245
5.863,1,prcus-a,-0.0,5.4245014245014245
5.863,1,ifrms,-0.0,5.4245014245014245
5.863,1,sspls-v,-0.0,5.4245014245014245
5.863,2,mcgs,-0.0,5.4245014245014245
5.863,2,pos,-0.0,5.4245014245014245
5.863,2,sbps,-0.0,5.4245014245014245
5.863,2,prculs-d,-0.0,5.4245014245014245
5.863,2,prcus-p,0.0,5.4245014245014245
5.863,2,prcus-i,-0.0,5.4245014245014245
5.863,2,prcus-a,-0.0,5.4245014245014245
5.863,2,ifrms,-0.0,5.4245014245014245
5.863,2,sspls-v,-0.0,5.4245014245014245
5.863,3,mcgs,-0.0,5.202279202279202
5.863,3,pos,-0.0,5.202279202279202
5.863,3,sbps,-0.0,5.202279202279202
5.863,3,prculs-d,0.0,5.202279202279202
5.863,3,prcus-p,0.0,5.202279202279202
5.863,3,prcus-i,-0.0,5.202279202279202
5.863,3,prcus-a,-0.0,5.202279202279202
5.863,3,ifrms,-0.0,5.202279202279202
5.863,3,sspls-v,-0.0,5.202279202279202
5.863,4,mcgs,-0.0,5.48148148148148
5.863,4,pos,-0.0,5.48148148148148
5.863,4,sbps,-0.0,5.48148148148148
5.863,4,prculs-d,-0.0,5.48148148148148
5.863,4,prcus-p,0.0,5.48148148148148
5.863,4,prcus-i,-0.0,5.48148148148148
5.863,4,prcus-a,-0.0,5.48148148148148
5.863,4,ifrms,-0.0,5.48148148148148
5.863,4,sspls-v,-0.0,5.48148148148148
5.863,5,mcgs,-0.0,5.156695156695156
5.863,5,pos,-0.0,5.156695156695156
5.863,5,sbps,-0.0,5.156695156695156
5.863,5,prculs-d,0.0,5.156695156695156
5.863,5,prcus-p,0.0,5.156695156695156
5.863,5,prcus-i,-0.0,5.156695156695156
5.863,5,prcus-a,-0.0,5.156695156695156
5.863,5,ifrms,-0.0,5.156695156695156
5.863,5,sspls-v,-0.0,5.156695156695156
5.863,6,mcgs,-0.0,5.518518518518518
5.863,6,pos,-0.0,5.518518518518518
5.863,6,sbps,-0.0,5.518518518518518
5.863,6,prculs-d,-0.0,5.518518518518518
5.863,6,prcus-p,0.0,5.518518518518518
5.863,6,prcus-i,-0.0,5.518518518518518
5.863,6,prcus-a,-0.0,5.518518518518518
5.863,6,ifrms,-0.0,5.518518518518518
5.863,6,sspls-v,-0.0,5.518518518518518
5.863,7,mcgs,-0.0,5.529914529914531
5.863,7,pos,-0.0,5.529914529914531
5.863,7,sbps,-0.0,5.529914529914531
5.863,7,prculs-d,0.0,5.529914529914531
5.863,7,prcus-p,0.0,5.529914529914531
5.863,7,prcus-i,-0.0,5.529914529914531
5.863,7,prcus-a,-0.0,5.529914529914531
5.863,7,ifrms,-0.0,5.529914529914531
5.863,7,sspls-v,-0.0,5.529914529914531
5.863,8,mcgs,-0.0,5.267806267806268
5.863,8,pos,-0.0,5.267806267806268
5.863,8,sbps,-0.0,5.267806267806268
5.863,8,prculs-d,0.0,5.267806267806268
5.863,8,prcus-p,0.0,5.267806267806268
5.863,8,prcus-i,-0.0,5.267806267806268
5.863,8,prcus-a,-0.0,5.267806267806268
5.863,8,ifrms,-0.0,5.267806267806268
5.863,8,sspls-v,-0.0,5.267806267806268
5.863,9,mcgs,-0.0,5.156695156695157
5.863,9,pos,-0.0,5.156695156695157
5.863,9,sbps,-0.0,5.156695156695157
5.863,9,prculs-d,-0.0,5.156695156695157
5.863,9,prcus-p,0.0,5.156695156695157
5.863,9,prcus-i,-0.0,5.156695156695157
5.863,9,prcus-a,-0.0,5.156695156695157
5.863,9,ifrms,-0.0,5.156695156695157
5.863,9,sspls-v,-0.0,5.156695156695157
5.863,10,mcgs,-0.0,5.4558404558404545
5.863,10,pos,-0.0,5.4558404558404545
5.863,10,sbps,-0.0,5.4558404558404545
5.863,10,prculs-d,-0.0,5.4558404558404545
5.863,10,prcus-p,0.0,5.4558404558404545
5.863,10,prcus-i,-0.0,5.4558404558404545
5.863,10,prcus-a,-0.0,5.4558404558404545
5.863,10,ifrms,-0.0,5.4558404558404545
5.863,10,sspls-v,-0.0,5.4558404558404545
5.863,11,mcgs,-0.0,5.156695156695157
5.863,11,pos,-0.0,5.156695156695157
5.863,11,sbps,-0.0,5.156695156695157
5.863,11,prculs-d,0.0,5.156695156695157
5.863,11,prcus-p,0.0,5.156695156695157
5.863,11,prcus-i,-0.0,5.156695156695157
5.863,11,prcus-a,-0.0,5.156695156695157
5.863,11,ifrms,-0.0,5.156695156695157
5.863,11,sspls-v,-0.0,5.156695156695157
5.863,12,mcgs,-0.0,5.51851851851852
5.863,12,pos,-0.0,5.51851851851852
5.863,12,sbps,-0.0,5.51851851851852
5.863,12,prculs-d,-0.0,5.51851851851852
5.863,12,prcus-p,0.0,5.51851851851852
5.863,12,prcus-i,-0.0,5.51851851851852
5.863,12,prcus-a,-0.0,5.51851851851852
5.863,12,ifrms,-0.0,5.51851851851852
5.863,12,sspls-v,-0.0,5.51851851851852
5.863,13,mcgs,-0.0,5.299145299145299
5.863,13,pos,-0.0,5.299145299145299
5.863,13,sbps,-0.0,5.299145299145299
5.863,13,prculs-d,-0.0,5.299145299145299
5.863,13,prcus-p,0.0,5.299145299145299
5.863,13,prcus-i,-0.0,5.299145299145299
5.863,13,prcus-a,-0.0,5.299145299145299
5.863,13,ifrms,-0.0,5.299145299145299
5.863,13,sspls-v,-0.0,5.299145299145299
5.863,14,mcgs,-0.0,5.581196581196581
5.863,14,pos,-0.0,5.581196581196581
5.863,14,sbps,-0.0,5.581196581196581
5.863,14,prculs-d,-0.0,5.581196581196581
5.863,14,prcus-p,0.0,5.581196581196581
5.863,14,prcus-i,-0.0,5.581196581196581
5.863,14,prcus-a,-0.0,5.581196581196581
5.863,14,ifrms,-0.0,5.581196581196581
5.863,14,sspls-v,-0.0,5.581196581196581
5.863,15,mcgs,-0.0,5.393162393162393
5.863,15,pos,-0.0,5.393162393162393
5.863,15,sbps,-0.0,5.393162393162393
5.863,15,prculs-d,-0.0,5.393162393162393
5.863,15,prcus-p,0.0,5.393162393162393
5.863,15,prcus-i,-0.0,5.393162393162393
5.863,15,prcus-a,-0.0,5.393162393162393
5.863,15,ifrms,-0.0,5.393162393162393
5.863,15,sspls-v,-0.0,5.393162393162393
5.863,16,mcgs,-0.0,5.5783475783475795
5.863,16,pos,-0.0,5.5783475783475795
5.863,16,sbps,-0.0,5.5783475783475795
5.863,16,prculs-d,-0.0,5.5783475783475795
5.863,16,prcus-p,0.0,5.5783475783475795
5.863,16,prcus-i,-0.0,5.5783475783475795
5.863,16,prcus-a,-0.0,5.5783475783475795
5.863,16,ifrms,-0.0,5.5783475783475795
5.863,16,sspls-v,-0.0,5.5783475783475795
5.863,17,mcgs,-0.0,5.247863247863247
5.863,17,pos,-0.0,5.247863247863247
5.863,17,sbps,-0.0,5.247863247863247
5.863,17,prculs-d,-0.0,5.247863247863247
5.863,17,prcus-p,0.0,5.247863247863247
5.863,17,prcus-i,-0.0,5.247863247863247
5.863,17,prcus-a,-0.0,5.247863247863247
5.863,17,ifrms,-0.0,5.247863247863247
5.863,17,sspls-v,0.0,5.247863247863247
5.863,18,mcgs,-0.0,5.612535612535612
5.863,18,pos,-0.0,5.612535612535612
5.863,18,sbps,-0.0,5.612535612535612
5.863,18,prculs-d,-0.0,5.612535612535612
5.863,18,prcus-p,0.0,5.612535612535612
5.863,18,prcus-i,-0.0,5.612535612535612
5.863,18,prcus-a,-0.0,5.612535612535612
5.863,18,ifrms,-0.0,5.612535612535612
5.863,18,sspls-v,-0.0,5.612535612535612
5.863,19,mcgs,-0.0,5.518518518518518
5.863,19,pos,-0.0,5.518518518518518
5.863,19,sbps,-0.0,5.518518518518518
5.863,19,prculs-d,0.0,5.518518518518518
5.863,19,prcus-p,0.0,5.518518518518518
5.863,19,prcus-i,-0.0,5.518518518518518
5.863,19,prcus-a,-0.0,5.518518518518518
5.863,19,ifrms,-0.0,5.518518518518518
5.863,19,sspls-v,-0.0,5.518518518518518
5.863,20,mcgs,-0.0,5.549857549857548
5.863,20,pos,-0.0,5.549857549857548
5.863,20,sbps,-0.0,5.549857549857548
5.863,20,prculs-d,-0.0,5.549857549857548
5.863,20,prcus-p,0.0,5.549857549857548
5.863,20,prcus-i,-0.0,5.549857549857548
5.863,20,prcus-a,-0.0,5.549857549857548
5.863,20,ifrms,-0.0,5.549857549857548
5.863,20,sspls-v,-0.0,5.549857549857548
5.863,21,mcgs,-0.0,5.581196581196581
5.863,21,pos,-0.0,5.581196581196581
5.863,21,sbps,-0.0,5.581196581196581
5.863,21,prculs-d,0.0,5.581196581196581
5.863,21,prcus-p,0.0,5.581196581196581
5.863,21,prcus-i,-0.0,5.581196581196581
5.863,21,prcus-a,-0.0,5.581196581196581
5.863,21,ifrms,-0.0,5.581196581196581
5.863,21,sspls-v,-0.0,5.581196581196581
5.863,22,mcgs,-0.0,5.581196581196581
5.863,22,pos,-0.0,5.581196581196581
5.863,22,sbps,-0.0,5.581196581196581
5.863,22,prculs-d,0.0,5.581196581196581
5.863,22,prcus-p,0.0,5.581196581196581
5.863,22,prcus-i,-0.0,5.581196581196581
5.863,22,prcus-a,-0.0,5.581196581196581
5.863,22,ifrms,-0.0,5.581196581196581
5.863,22,sspls-v,-0.0,5.581196581196581
5.863,23,mcgs,-0.0,5.202279202279203
5.863,23,pos,-0.0,5.202279202279203
5.863,23,sbps,-0.0,5.202279202279203
5.863,23,prculs-d,0.0,5.202279202279203
5.863,23,prcus-p,0.0,5.202279202279203
5.863,23,prcus-i,-0.0,5.202279202279203
5.863,23,prcus-a,-0.0,5.202279202279203
5.863,23,ifrms,-0.0,5.202279202279203
5.863,23,sspls-v,-0.0,5.202279202279203
5.863,24,mcgs,-0.0,5.4245014245014245
5.863,24,pos,-0.0,5.4245014245014245
5.863,24,sbps,-0.0,5.4245014245014245
5.863,24,prculs-d,-0.0,5.4245014245014245
5.863,24,prcus-p,0.0,5.4245014245014245
5.863,24,prcus-i,-0.0,5.4245014245014245
5.863,24,prcus-a,-0.0,5.4245014245014245
5.863,24,ifrms,-0.0,5.4245014245014245
5.863,24,sspls-v,-0.0,5.4245014245014245
5.863,25,mcgs,-0.0,5.247863247863247
5.863,25,pos,-0.0,5.247863247863247
5.863,25,sbps,-0.0,5.247863247863247
5.863,25,prculs-d,0.0,5.247863247863247
5.863,25,prcus-p,0.0,5.247863247863247
5.863,25,prcus-i,-0.0,5.247863247863247
5.863,25,prcus-a,-0.0,5.247863247863247
5.863,25,ifrms,-0.0,5.247863247863247
5.863,25,sspls-v,0.0,5.247863247863247
5.863,26,mcgs,-0.0,5.581196581196581
5.863,26,pos,-0.0,5.581196581196581
5.863,26,sbps,-0.0,5.581196581196581
5.863,26,prculs-d,-0.0,5.581196581196581
5.863,26,prcus-p,0.0,5.581196581196581
5.863,26,prcus-i,-0.0,5.581196581196581
5.863,26,prcus-a,-0.0,5.581196581196581
5.863,26,ifrms,-0.0,5.581196581196581
5.863,26,sspls-v,-0.0,5.581196581196581
5.863,27,mcgs,-0.0,5.384615384615386
5.863,27,pos,-0.0,5.384615384615386
5.863,27,sbps,-0.0,5.384615384615386
5.863,27,prculs-d,0.0,5.384615384615386
5.863,27,prcus-p,0.0,5.384615384615386
5.863,27,prcus-i,-0.0,5.384615384615386
5.863,27,prcus-a,-0.0,5.384615384615386
5.863,27,ifrms,-0.0,5.384615384615386
5.863,27,sspls-v,-0.0,5.384615384615386
6.268,0,mcgs,-0.0,5.487179487179486
6.268,0,pos,-0.0,5.487179487179486
6.268,0,sbps,-0.0,5.487179487179486
6.268,0,prculs-d,-0.0,5.487179487179486
6.268,0,prcus-p,0.0,5.487179487179486
6.268,0,prcus-i,-0.0,5.487179487179486
6.268,0,prcus-a,-0.0,5.487179487179486
6.268,0,ifrms,-0.0,5.487179487179486
6.268,0,sspls-v,-0.0,5.487179487179486
6.268,1,mcgs,-0.0,5.4245014245014245
6.268,1,pos,-0.0,5.4245014245014245
6.268,1,sbps,-0.0,5.4245014245014245
6.268,1,prculs-d,-0.0,5.4245014245014245
6.268,1,prcus-p,0.0,5.4245014245014245
6.268,1,prcus-i,-0.0,5.4245014245014245
6.268,1,prcus-a,-0.0,5.4245014245014245
6.268,1,ifrms,-0.0,5.4245014245014245
6.268,1,sspls-v,-0.0,5.4245014245014245
6.268,2,mcgs,-0.0,5.4245014245014245
6.268,2,pos,-0.0,5.4245014245014245
6.268,2,sbps,-0.0,5.4245014245014245
6.268,2,prculs-d,-0.0,5.4245014245014245
6.268,2,prcus-p,0.0,5.4245014245014245
6.268,2,prcus-i,-0.0,5.4245014245014245
6.268,2,prcus-a,-0.0,5.4245014245014245
6.268,2,ifrms,-0.0,5.4245014245014245
6.268,2,sspls-v,-0.0,5.4245014245014245
6.268,3,mcgs,-0.0,5.202279202279202
6.268,3,pos,-0.0,5.202279202279202
6.268,3,sbps,-0.0,5.202279202279202
6.268,3,prculs-d,0.0,5.202279202279202
6.268,3,prcus-p,0.0,5.202279202279202
6.268,3,prcus-i,-0.0,5.202279202279202
6.268,3,prcus-a,-0.0,5.202279202279202
6.268,3,ifrms,-0.0,5.202279202279202
6.268,3,sspls-v,-0.0,5.202279202279202
6.268,4,mcgs,-0.0,5.48148148148148
6.268,4,pos,-0.0,5.48148148148148
6.268,4,sbps,-0.0,5.48148148148148
6.268,4,prculs-d,-0.0,5.48148148148148
6.268,4,prcus-p,0.0,5.48148148148148
6.268,4,prcus-i,-0.0,5.48148148148148
6.268,4,prcus-a,-0.0,5.48148148148148
6.268,4,ifrms,-0.0,5.48148148148148
6.268,4,sspls-v,-0.0,5.48148148148148
6.268,5,mcgs,-0.0,5.156695156695156
6.268,5,pos,-0.0,5.156695156695156
6.268,5,sbps,-0.0,5.156695156695156
6.268,5,prculs-d,0.0,5.156695156695156
6.268,5,prcus-p,0.0,5.156695156695156
6.268,5,prcus-i,-0.0,5.156695156695156
6.268,5,prcus-a,-0.0,5.156695156695156
6.268,5,ifrms,-0.0,5.156695156695156
6.268,5,sspls-v,-0.0,5.156695156695156
6.268,6,mcgs,-0.0,5.518518518518518
6.268,6,pos,-0.0,5.518518518518518
6.268,6,sbps,-0.0,5.518518518518518
6.268,6,prculs-d,-0.0,5.518518518518518
6.268,6,prcus-p,0.0,5.518518518518518
6.268,6,prcus-i,-0.0,5.518518518518518
6.268,6,prcus-a,-0.0,5.518518518518518
6.268,6,ifrms,-0.0,5.518518518518518
6.268,6,sspls-v,-0.0,5.518518518518518
6.268,7,mcgs,-0.0,5.529914529914531
6.268,7,pos,-0.0,5.529914529914531
6.268,7,sbps,-0.0,5.529914529914531
6.268,7,prculs-d,0.0,5.529914529914531
6.268,7,prcus-p,0.0,5.529914529914531
6.268,7,prcus-i,-0.0,5.529914529914531
6.268,7,prcus-a,-0.0,5.529914529914531
6.268,7,ifrms,-0.0,5.529914529914531
6.268,7,sspls-v,-0.0,5.529914529914531
6.268,8,mcgs,-0.0,5.267806267806268
6.268,8,pos,-0.0,5.267806267806268
6.268,8,sbps,-0.0,5.267806267806268
6.268,8,prculs-d,0.0,5.267806267806268
6.268,8,prcus-p,0.0,5.267806267806268
6.268,8,prcus-i,-0.0,5.267806267806268
6.268,8,prcus-a,-0.0,5.267806267806268
6.268,8,ifrms,-0.0,5.267806267806268
6.268,8,sspls-v,-0.0,5.267806267806268
6.268,9,mcgs,-0.0,5.156695156695157
6.268,9,pos,-0.0,5.156695156695157
6.268,9,sbps,-0.0,5.156695156695157
6.268,9,prculs-d,-0.0,5.156695156695157
6.268,9,prcus-p,0.0,5.156695156695157
6.268,9,prcus-i,-0.0,5.156695156695157
6.268,9,prcus-a,-0.0,5.156695156695157
6.268,9,ifrms,-0.0,5.156695156695157
6.268,9,sspls-v,-0.0,5.156695156695157
6.268,10,mcgs,-0.0,5.4558404558404545
6.268,10,pos,-0.0,5.4558404558404545
6.268,10,sbps,-0.0,5.4558404558404545
6.268,10,prculs-d,-0.0,5.4558404558404545
6.268,10,prcus-p,0.0,5.4558404558404545
6.268,10,prcus-i,-0.0,5.4558404558404545
6.268,10,prcus-a,-0.0,5.4558404558404545
6.268,10,ifrms,-0.0,5.4558404558404545
6.268,10,sspls-v,-0.0,5.4558404558404545
6.268,11,mcgs,-0.0,5.156695156695157
6.268,11,pos,-0.0,5.156695156695157
6.268,11,sbps,-0.0,5.156695156695157
6.268,11,prculs-d,0.0,5.156695156695157
6.268,11,prcus-p,0.0,5.156695156695157
6.268,11,prcus-i,-0.0,5.156695156695157
6.268,11,prcus-a,-0.0,5.156695156695157
6.268,11,ifrms,-0.0,5.156695156695157
6.268,11,sspls-v,-0.0,5.156695156695157
6.268,12,mcgs,-0.0,5.51851851851852
6.268,12,pos,-0.0,5.51851851851852
6.268,12,sbps,-0.0,5.51851851851852
6.268,12,prculs-d,-0.0,5.51851851851852
6.268,12,prcus-p,0.0,5.51851851851852
6.268,12,prcus-i,-0.0,5.51851851851852
6.268,12,prcus-a,-0.0,5.51851851851852
6.268,12,ifrms,-0.0,5.51851851851852
6.268,12,sspls-v,-0.0,5.51851851851852
6.268,13,mcgs,-0.0,5.299145299145299
6.268,13,pos,-0.0,5.299145299145299
6.268,13,sbps,-0.0,5.299145299145299
6.268,13,prculs-d,-0.0,5.299145299145299
6.268,13,prcus-p,0.0,5.299145299145299
6.268,13,prcus-i,-0.0,5.299145299145299
6.268,13,prcus-a,-0.0,5.299145299145299
6.268,13,ifrms,-0.0,5.299145299145299
6.268,13,sspls-v,-0.0,5.299145299145299
6.268,14,mcgs,-0.0,5.581196581196581
6.268,14,pos,-0.0,5.581196581196581
6.268,14,sbps,-0.0,5.581196581196581
6.268,14,prculs-d,-0.0,5.581196581196581
6.268,14,prcus-p,0.0,5.581196581196581
6.268,14,prcus-i,-0.0,5.581196581196581
6.268,14,prcus-a,-0.0,5.581196581196581
6.268,14,ifrms,-0.0,5.581196581196581
6.268,14,sspls-v,-0.0,5.581196581196581
6.268,15,mcgs,-0.0,5.393162393162393
6.268,15,pos,-0.0,5.393162393162393
6.268,15,sbps,-0.0,5.393162393162393
6.268,15,prculs-d,-0.0,5.393162393162393
6.268,15,prcus-p,0.0,5.393162393162393
6.268,15,prcus-i,-0.0,5.393162393162393
6.268,15,prcus-a,-0.0,5.393162393162393
6.268,15,ifrms,-0.0,5.393162393162393
6.268,15,sspls-v,-0.0,5.393162393162393
6.268,16,mcgs,-0.0,5.5783475783475795
6.268,16,pos,-0.0,5.5783475783475795
6.268,16,sbps,-0.0,5.5783475783475795
6.268,16,prculs-d,-0.0,5.5783475783475795
6.268,16,prcus-p,0.0,5.5783475783475795
6.268,16,prcus-i,-0.0,5.5783475783475795
6.268,16,prcus-a,-0.0,5.5783475783475795
6.268,16,ifrms,-0.0,5.5783475783475795
6.268,16,sspls-v,-0.0,5.5783475783475795
6.268,17,mcgs,-0.0,5.247863247863247
6.268,17,pos,-0.0,5.247863247863247
6.268,17,sbps,-0.0,5.247863247863247
6.268,17,prculs-d,-0.0,5.247863247863247
6.268,17,prcus-p,0.0,5.247863247863247
6.268,17,prcus-i,-0.0,5.247863247863247
6.268,17,prcus-a,-0.0,5.247863247863247
6.268,17,ifrms,-0.0,5.247863247863247
6.268,17,sspls-v,0.0,5.247863247863247
6.268,18,mcgs,-0.0,5.612535612535612
6.268,18,pos,-0.0,5.612535612535612
6.268,18,sbps,-0.0,5.612535612535612
6.268,18,prculs-d,-0.0,5.612535612535612
6.268,18,prcus-p,0.0,5.612535612535612
6.268,18,prcus-i,-0.0,5.612535612535612
6.268,18,prcus-a,-0.0,5.612535612535612
6.268,18,ifrms,-0.0,5.612535612535612
6.268,18,sspls-v,-0.0,5.612535612535612
6.268,19,mcgs,-0.0,5.518518518518518
6.268,19,pos,-0.0,5.518518518518518
6.268,19,sbps,-0.0,5.518518518518518
6.268,19,prculs-d,0.0,5.518518518518518
6.268,19,prcus-p,0.0,5.518518518518518
6.268,19,prcus-i,-0.0,5.518518518518518
6.268,19,prcus-a,-0.0,5.518518518518518
6.268,19,ifrms,-0.0,5.518518518518518
6.268,19,sspls-v,-0.0,5.518518518518518
6.268,20,mcgs,-0.0,5.549857549857548
6.268,20,pos,-0.0,5.549857549857548
6.268,20,sbps,-0.0,5.549857549857548
6.268,20,prculs-d,-0.0,5.549857549857548
6.268,20,prcus-p,0.0,5.549857549857548
6.268,20,prcus-i,-0.0,5.549857549857548
6.268,20,prcus-a,-0.0,5.549857549857548
6.268,20,ifrms,-0.0,5.549857549857548
6.268,20,sspls-v,-0.0,5.549857549857548
6.268,21,mcgs,-0.0,5.581196581196581
6.268,21,pos,-0.0,5.581196581196581
6.268,21,sbps,-0.0,5.581196581196581
6.268,21,prculs-d,0.0,5.581196581196581
6.268,21,prcus-p,0.0,5.581196581196581
6.268,21,prcus-i,-0.0,5.581196581196581
6.268,21,prcus-a,-0.0,5.581196581196581
6.268,21,ifrms,-0.0,5.581196581196581
6.268,21,sspls-v,-0.0,5.581196581196581
6.268,22,mcgs,-0.0,5.581196581196581
6.268,22,pos,-0.0,5.581196581196581
6.268,22,sbps,-0.0,5.581196581196581
6.268,22,prculs-d,0.0,5.581196581196581
6.268,22,prcus-p,0.0,5.581196581196581
6.268,22,prcus-i,-0.0,5.581196581196581
6.268,22,prcus-a,-0.0,5.581196581196581
6.268,22,ifrms,-0.0,5.581196581196581
6.268,22,sspls-v,-0.0,5.581196581196581
6.268,23,mcgs,-0.0,5.202279202279203
6.268,23,pos,-0.0,5.202279202279203
6.268,23,sbps,-0.0,5.202279202279203
6.268,23,prculs-d,0.0,5.202279202279203
6.268,23,prcus-p,0.0,5.202279202279203
6.268,23,prcus-i,-0.0,5.202279202279203
6.268,23,prcus-a,-0.0,5.202279202279203
6.268,23,ifrms,-0.0,5.202279202279203
6.268,23,sspls-v,-0.0,5.202279202279203
6.268,24,mcgs,-0.0,5.4245014245014245
6.268,24,pos,-0.0,5.4245014245014245
6.268,24,sbps,-0.0,5.4245014245014245
6.268,24,prculs-d,-0.0,5.4245014245014245
6.268,24,prcus-p,0.0,5.4245014245014245
6.268,24,prcus-i,-0.0,5.4245014245014245
6.268,24,prcus-a,-0.0,5.4245014245014245
6.268,24,ifrms,-0.0,5.4245014245014245
6.268,24,sspls-v,-0.0,5.4245014245014245
6.268,25,mcgs,-0.0,5.247863247863247
6.268,25,pos,-0.0,5.247863247863247
6.268,25,sbps,-0.0,5.247863247863247
6.268,25,prculs-d,0.0,5.247863247863247
6.268,25,prcus-p,0.0,5.247863247863247
6.268,25,prcus-i,-0.0,5.247863247863247
6.268,25,prcus-a,-0.0,5.247863247863247
6.268,25,ifrms,-0.0,5.247863247863247
6.268,25,sspls-v,0.0,5.247863247863247
6.268,26,mcgs,-0.0,5.581196581196581
6.268,26,pos,-0.0,5.581196581196581
6.268,26,sbps,-0.0,5.581196581196581
6.268,26,prculs-d,-0.0,5.581196581196581
6.268,26,prcus-p,0.0,5.581196581196581
6.268,26,prcus-i,-0.0,5.581196581196581
6.268,26,prcus-a,-0.0,5.581196581196581
6.268,26,ifrms,-0.0,5.581196581196581
6.268,26,sspls-v,-0.0,5.581196581196581
6.268,27,mcgs,-0.0,5.384615384615386
6.268,27,pos,-0.0,5.384615384615386
6.268,27,sbps,-0.0,5.384615384615386
6.268,27,prculs-d,0.0,5.384615384615386
6.268,27,prcus-p,0.0,5.384615384615386
6.268,27,prcus-i,-0.0,5.384615384615386
6.268,27,prcus-a,-0.0,5.384615384615386
6.268,27,ifrms,-0.0,5.384615384615386
6.268,27,sspls-v,-0.0,5.384615384615386
6.7,0,mcgs,-0.0,5.487179487179486
6.7,0,pos,-0.0,5.487179487179486
6.7,0,sbps,-0.0,5.487179487179486
6.7,0,prculs-d,-0.0,5.487179487179486
6.7,0,prcus-p,0.0,5.487179487179486
6.7,0,prcus-i,-0.0,5.487179487179486
6.7,0,prcus-a,-0.0,5.487179487179486
6.7,0,ifrms,-0.0,5.487179487179486
6.7,0,sspls-v,-0.0,5.487179487179486
6.7,1,mcgs,-0.0,5.4245014245014245
6.7,1,pos,-0.0,5.4245014245014245
6.7,1,sbps,-0.0,5.4245014245014245
6.7,1,prculs-d,-0.0,5.4245014245014245
6.7,1,prcus-p,0.0,5.4245014245014245
6.7,1,prcus-i,-0.0,5.4245014245014245
6.7,1,prcus-a,-0.0,5.4245014245014245
6.7,1,ifrms,-0.0,5.4245014245014245
6.7,1,sspls-v,-0.0,5.4245014245014245
6.7,2,mcgs,-0.0,5.4245014245014245
6.7,2,pos,-0.0,5.4245014245014245
6.7,2,sbps,-0.0,5.4245014245014245
6.7,2,prculs-d,-0.0,5.4245014245014245
6.7,2,prcus-p,0.0,5.4245014245014245
6.7,2,prcus-i,-0.0,5.4245014245014245
6.7,2,prcus-a,-0.0,5.4245014245014245
6.7,2,ifrms,-0.0,5.4245014245014245
6.7,2,sspls-v,-0.0,5.4245014245014245
6.7,3,mcgs,-0.0,5.202279202279202
6.7,3,pos,-0.0,5.202279202279202
6.7,3,sbps,-0.0,5.202279202279202
6.7,3,prculs-d,0.0,5.202279202279202
6.7,3,prcus-p,0.0,5.202279202279202
6.7,3,prcus-i,-0.0,5.202279202279202
6.7,3,prcus-a,-0.0,5.202279202279202
6.7,3,ifrms,-0.0,5.202279202279202
6.7,3,sspls-v,-0.0,5.202279202279202
6.7,4,mcgs,-0.0,5.48148148148148
6.7,4,pos,-0.0,5.48148148148148
6.7,4,sbps,-0.0,5.48148148148148
6.7,4,prculs-d,-0.0,5.48148148148148
6.7,4,prcus-p,0.0,5.48148148148148
6.7,4,prcus-i,-0.0,5.48148148148148
6.7,4,prcus-a,-0.0,5.48148148148148
6.7,4,ifrms,-0.0,5.48148148148148
6.7,4,sspls-v,-0.0,5.48148148148148
6.7,5,mcgs,-0.0,5.156695156695156
6.7,5,pos,-0.0,5.156695156695156
6.7,5,sbps,-0.0,5.156695156695156
6.7,5,prculs-d,0.0,5.156695156695156
6.7,5,prcus-p,0.0,5.156695156695156
6.7,5,prcus-i,-0.0,5.156695156695156
6.7,5,prcus-a,-0.0,5.156695156695156
6.7,5,ifrms,-0.0,5.156695156695156
6.7,5,sspls-v,-0.0,5.156695156695156
6.7,6,mcgs,-0.0,5.518518518518518
6.7,6,pos,-0.0,5.518518518518518
6.7,6,sbps,-0.0,5.518518518518518
6.7,6,prculs-d,-0.0,5.518518518518518
6.7,6,prcus-p,0.0,5.518518518518518
6.7,6,prcus-i,-0.0,5.518518518518518
6.7,6,prcus-a,-0.0,5.518518518518518
6.7,6,ifrms,-0.0,5.518518518518518
6.7,6,sspls-v,-0.0,5.518518518518518
6.7,7,mcgs,-0.0,5.529914529914531
6.7,7,pos,-0.0,5.529914529914531
6.7,7,sbps,-0.0,5.529914529914531
6.7,7,prculs-d,0.0,5.529914529914531
6.7,7,prcus-p,0.0,5.529914529914531
6.7,7,prcus-i,-0.0,5.529914529914531
6.7,7,prcus-a,-0.0,5.529914529914531
6.7,7,ifrms,-0.0,5.529914529914531
6.7,7,sspls-v,-0.0,5.529914529914531
6.7,8,mcgs,-0.0,5.267806267806268
6.7,8,pos,-0.0,5.267806267806268
6.7,8,sbps,-0.0,5.267806267806268
6.7,8,prculs-d,0.0,5.267806267806268
6.7,8,prcus-p,0.0,5.267806267806268
6.7,8,prcus-i,-0.0,5.267806267806268
6.7,8,prcus-a,-0.0,5.267806267806268
6.7,8,ifrms,-0.0,5.267806267806268
6.7,8,sspls-v,-0.0,5.267806267806268
6.7,9,mcgs,-0.0,5.156695156695157
6.7,9,pos,-0.0,5.156695156695157
6.7,9,sbps,-0.0,5.156695156695157
6.7,9,prculs-d,-0.0,5.156695156695157
6.7,9,prcus-p,0.0,5.156695156695157
6.7,9,prcus-i,-0.0,5.156695156695157
6.7,9,prcus-a,-0.0,5.156695156695157
6.7,9,ifrms,-0.0,5.156695156695157
6.7,9,sspls-v,-0.0,5.156695156695157
6.7,10,mcgs,-0.0,5.4558404558404545
6.7,10,pos,-0.0,5.4558404558404545
6.7,10,sbps,-0.0,5.4558404558404545
6.7,10,prculs-d,-0.0,5.4558404558404545
6.7,10,prcus-p,0.0,5.4558404558404545
6.7,10,prcus-i,-0.0,5.4558404558404545
6.7,10,prcus-a,-0.0,5.4558404558404545
6.7,10,ifrms,-0.0,5.4558404558404545
6.7,10,sspls-v,-0.0,5.4558404558404545
6.7,11,mcgs,-0.0,5.156695156695157
6.7,11,pos,-0.0,5.156695156695157
6.7,11,sbps,-0.0,5.156695156695157
6.7,11,prculs-d,0.0,5.156695156695157
6.7,11,prcus-p,0.0,5.156695156695157
6.7,11,prcus-i,-0.0,5.156695156695157
6.7,11,prcus-a,-0.0,5.156695156695157
6.7,11,ifrms,-0.0,5.156695156695157
6.7,11,sspls-v,-0.0,5.156695156695157
6.7,12,mcgs,-0.0,5.51851851851852
6.7,12,pos,-0.0,5.51851851851852
6.7,12,sbps,-0.0,5.51851851851852
6.7,12,prculs-d,-0.0,5.51851851851852
6.7,12,prcus-p,0.0,5.51851851851852
6.7,12,prcus-i,-0.0,5.51851851851852
6.7,12,prcus-a,-0.0,5.51851851851852
6.7,12,ifrms,-0.0,5.51851851851852
6.7,12,sspls-v,-0.0,5.51851851851852
6.7,13,mcgs,-0.0,5.299145299145299
6.7,13,pos,-0.0,5.299145299145299
6.7,13,sbps,-0.0,5.299145299145299
6.7,13,prculs-d,-0.0,5.299145299145299
6.7,13,prcus-p,0.0,5.299145299145299
6.7,13,prcus-i,-0.0,5.299145299145299
6.7,13,prcus-a,-0.0,5.299145299145299
6.7,13,ifrms,-0.0,5.299145299145299
6.7,13,sspls-v,-0.0,5.299145299145299
6.7,14,mcgs,-0.0,5.581196581196581
6.7,14,pos,-0.0,5.581196581196581
6.7,14,sbps,-0.0,5.581196581196581
6.7,14,prculs-d,-0.0,5.581196581196581
6.7,14,prcus-p,0.0,5.581196581196581
6.7,14,prcus-i,-0.0,5.581196581196581
6.7,14,prcus-a,-0.0,5.581196581196581
6.7,14,ifrms,-0.0,5.581196581196581
6.7,14,sspls-v,-0.0,5.581196581196581
6.7,15,mcgs,-0.0,5.393162393162393
6.7,15,pos,-0.0,5.393162393162393
6.7,15,sbps,-0.0,5.393162393162393
6.7,15,prculs-d,-0.0,5.393162393162393
6.7,15,prcus-p,0.0,5.393162393162393
6.7,15,prcus-i,-0.0,5.393162393162393
6.7,15,prcus-a,-0.0,5.393162393162393
6.7,15,ifrms,-0.0,5.393162393162393
6.7,15,sspls-v,-0.0,5.393162393162393
6.7,16,mcgs,-0.0,5.5783475783475795
6.7,16,pos,-0.0,5.5783475783475795
6.7,16,sbps,-0.0,5.5783475783475795
6.7,16,prculs-d,-0.0,5.5783475783475795
6.7,16,prcus-p,0.0,5.5783475783475795
6.7,16,prcus-i,-0.0,5.5783475783475795
6.7,16,prcus-a,-0.0,5.5783475783475795
6.7,16,ifrms,-0.0,5.5783475783475795
6.7,16,sspls-v,-0.0,5.5783475783475795
6.7,17,mcgs,-0.0,5.247863247863247
6.7,17,pos,-0.0,5.247863247863247
6.7,17,sbps,-0.0,5.247863247863247
6.7,17,prculs-d,-0.0,5.247863247863247
6.7,17,prcus-p,0.0,5.247863247863247
6.7,17,prcus-i,-0.0,5.247863247863247
6.7,17,prcus-a,-0.0,5.247863247863247
6.7,17,ifrms,-0.0,5.247863247863247
6.7,17,sspls-v,0.0,5.247863247863247
6.7,18,mcgs,-0.0,5.612535612535612
6.7,18,pos,-0.0,5.612535612535612
6.7,18,sbps,-0.0,5.612535612535612
6.7,18,prculs-d,-0.0,5.612535612535612
6.7,18,prcus-p,0.0,5.612535612535612
6.7,18,prcus-i,-0.0,5.612535612535612
6.7,18,prcus-a,-0.0,5.612535612535612
6.7,18,ifrms,-0.0,5.612535612535612
6.7,18,sspls-v,-0.0,5.612535612535612
6.7,19,mcgs,-0.0,5.518518518518518
6.7,19,pos,-0.0,5.518518518518518
6.7,19,sbps,-0.0,5.518518518518518
6.7,19,prculs-d,0.0,5.518518518518518
6.7,19,prcus-p,0.0,5.518518518518518
6.7,19,prcus-i,-0.0,5.518518518518518
6.7,19,prcus-a,-0.0,5.518518518518518
6.7,19,ifrms,-0.0,5.518518518518518
6.7,19,sspls-v,-0.0,5.518518518518518
6.7,20,mcgs,-0.0,5.549857549857548
6.7,20,pos,-0.0,5.549857549857548
6.7,20,sbps,-0.0,5.549857549857548
6.7,20,prculs-d,-0.0,5.549857549857548
6.7,20,prcus-p,0.0,5.549857549857548
6.7,20,prcus-i,-0.0,5.549857549857548
6.7,20,prcus-a,-0.0,5.549857549857548
6.7,20,ifrms,-0.0,5.549857549857548
6.7,20,sspls-v,-0.0,5.549857549857548
6.7,21,mcgs,-0.0,5.581196581196581
6.7,21,pos,-0.0,5.581196581196581
6.7,21,sbps,-0.0,5.581196581196581
6.7,21,prculs-d,0.0,5.581196581196581
6.7,21,prcus-p,0.0,5.581196581196581
6.7,21,prcus-i,-0.0,5.581196581196581
6.7,21,prcus-a,-0.0,5.581196581196581
6.7,21,ifrms,-0.0,5.581196581196581
6.7,21,sspls-v,-0.0,5.581196581196581
6.7,22,mcgs,-0.0,5.581196581196581
6.7,22,pos,-0.0,5.581196581196581
6.7,22,sbps,-0.0,5.581196581196581
6.7,22,prculs-d,0.0,5.581196581196581
6.7,22,prcus-p,0.0,5.581196581196581
6.7,22,prcus-i,-0.0,5.581196581196581
6.7,22,prcus-a,-0.0,5.581196581196581
6.7,22,ifrms,-0.0,5.581196581196581
6.7,22,sspls-v,-0.0,5.581196581196581
6.7,23,mcgs,-0.0,5.202279202279203
6.7,23,pos,-0.0,5.202279202279203
6.7,23,sbps,-0.0,5.202279202279203
6.7,23,prculs-d,0.0,5.202279202279203
6.7,23,prcus-p,0.0,5.202279202279203
6.7,23,prcus-i,-0.0,5.202279202279203
6.7,23,prcus-a,-0.0,5.202279202279203
6.7,23,ifrms,-0.0,5.202279202279203
6.7,23,sspls-v,-0.0,5.202279202279203
6.7,24,mcgs,-0.0,5.4245014245014245
6.7,24,pos,-0.0,5.4245014245014245
6.7,24,sbps,-0.0,5.4245014245014245
6.7,24,prculs-d,-0.0,5.4245014245014245
6.7,24,prcus-p,0.0,5.4245014245014245
6.7,24,prcus-i,-0.0,5.4245014245014245
6.7,24,prcus-a,-0.0,5.4245014245014245
6.7,24,ifrms,-0.0,5.4245014245014245
6.7,24,sspls-v,-0.0,5.4245014245014245
6.7,25,mcgs,-0.0,5.247863247863247
6.7,25,pos,-0.0,5.247863247863247
6.7,25,sbps,-0.0,5.247863247863247
6.7,25,prculs-d,0.0,5.247863247863247
6.7,25,prcus-p,0.0,5.247863247863247
6.7,25,prcus-i,-0.0,5.247863247863247
6.7,25,prcus-a,-0.0,5.247863247863247
6.7,25,ifrms,-0.0,5.247863247863247
6.7,25,sspls-v,0.0,5.247863247863247
6.7,26,mcgs,-0.0,5.581196581196581
6.7,26,pos,-0.0,5.581196581196581
6.7,26,sbps,-0.0,5.581196581196581
6.7,26,prculs-d,-0.0,5.581196581196581
6.7,26,prcus-p,0.0,5.581196581196581
6.7,26,prcus-i,-0.0,5.581196581196581
6.7,26,prcus-a,-0.0,5.581196581196581
6.7,26,ifrms,-0.0,5.581196581196581
6.7,26,sspls-v,-0.0,5.581196581196581
6.7,27,mcgs,-0.0,5.384615384615386
6.7,27,pos,-0.0,5.384615384615386
6.7,27,sbps,-0.0,5.384615384615386
6.7,27,prculs-d,0.0,5.384615384615386
6.7,27,prcus-p,0.0,5.384615384615386
6.7,27,prcus-i,-0.0,5.384615384615386
6.7,27,prcus-a,-0.0,5.384615384615386
6.7,27,ifrms,-0.0,5.384615384615386
6.7,27,sspls-v,-0.0,5.384615384615386
7.163,0,mcgs,-0.0,5.487179487179486
7.163,0,pos,-0.0,5.487179487179486
7.163,0,sbps,-0.0,5.487179487179486
7.163,0,prculs-d,-0.0,5.487179487179486
7.163,0,prcus-p,0.0,5.487179487179486
7.163,0,prcus-i,-0.0,5.487179487179486
7.163,0,prcus-a,-0.0,5.487179487179486
7.163,0,ifrms,-0.0,5.487179487179486
7.163,0,sspls-v,-0.0,5.487179487179486
7.163,1,mcgs,-0.0,5.4245014245014245
7.163,1,pos,-0.0,5.4245014245014245
7.163,1,sbps,-0.0,5.4245014245014245
7.163,1,prculs-d,-0.0,5.4245014245014245
7.163,1,prcus-p,0.0,5.4245014245014245
7.163,1,prcus-i,-0.0,5.4245014245014245
7.163,1,prcus-a,-0.0,5.4245014245014245
7.163,1,ifrms,-0.0,5.4245014245014245
7.163,1,sspls-v,-0.0,5.4245014245014245
7.163,2,mcgs,-0.0,5.4245014245014245
7.163,2,pos,-0.0,5.4245014245014245
7.163,2,sbps,-0.0,5.4245014245014245
7.163,2,prculs-d,-0.0,5.4245014245014245
7.163,2,prcus-p,0.0,5.4245014245014245
7.163,2,prcus-i,-0.0,5.4245014245014245
7.163,2,prcus-a,-0.0,5.4245014245014245
7.163,2,ifrms,-0.0,5.4245014245014245
7.163,2,sspls-v,-0.0,5.4245014245014245
7.163,3,mcgs,-0.0,5.202279202279202
7.163,3,pos,-0.0,5.202279202279202
7.163,3,sbps,-0.0,5.202279202279202
7.163,3,prculs-d,0.0,5.202279202279202
7.163,3,prcus-p,0.0,5.202279202279202
7.163,3,prcus-i,-0.0,5.202279202279202
7.163,3,prcus-a,-0.0,5.202279202279202
7.163,3,ifrms,-0.0,5.202279202279202
7.163,3,sspls-v,-0.0,5.202279202279202
7.163,4,mcgs,-0.0,5.48148148148148
7.163,4,pos,-0.0,5.48148148148148
7.163,4,sbps,-0.0,5.48148148148148
7.163,4,prculs-d,-0.0,5.48148148148148
7.163,4,prcus-p,0.0,5.48148148148148
7.163,4,prcus-i,-0.0,5.48148148148148
7.163,4,prcus-a,-0.0,5.48148148148148
7.163,4,ifrms,-0.0,5.48148148148148
7.163,4,sspls-v,-0.0,5.48148148148148
7.163,5,mcgs,-0.0,5.156695156695156
7.163,5,pos,-0.0,5.156695156695156
7.163,5,sbps,-0.0,5.156695156695156
7.163,5,prculs-d,0.0,5.156695156695156
7.163,5,prcus-p,0.0,5.156695156695156
7.163,5,prcus-i,-0.0,5.156695156695156
7.163,5,prcus-a,-0.0,5.156695156695156
7.163,5,ifrms,-0.0,5.156695156695156
7.163,5,sspls-v,-0.0,5.156695156695156
7.163,6,mcgs,-0.0,5.518518518518518
7.163,6,pos,-0.0,5.518518518518518
7.163,6,sbps,-0.0,5.518518518518518
7.163,6,prculs-d,-0.0,5.518518518518518
7.163,6,prcus-p,0.0,5.518518518518518
7.163,6,prcus-i,-0.0,5.518518518518518
7.163,6,prcus-a,-0.0,5.518518518518518
7.163,6,ifrms,-0.0,5.518518518518518
7.163,6,sspls-v,-0.0,5.518518518518518
7.163,7,mcgs,-0.0,5.529914529914531
7.163,7,pos,-0.0,5.529914529914531
7.163,7,sbps,-0.0,5.529914529914531
7.163,7,prculs-d,0.0,5.529914529914531
7.163,7,prcus-p,0.0,5.529914529914531
7.163,7,prcus-i,-0.0,5.529914529914531
7.163,7,prcus-a,-0.0,5.529914529914531
7.163,7,ifrms,-0.0,5.529914529914531
7.163,7,sspls-v,-0.0,5.529914529914531
7.163,8,mcgs,-0.0,5.267806267806268
7.163,8,pos,-0.0,5.267806267806268
7.163,8,sbps,-0.0,5.267806267806268
7.163,8,prculs-d,0.0,5.267806267806268
7.163,8,prcus-p,0.0,5.267806267806268
7.163,8,prcus-i,-0.0,5.267806267806268
7.163,8,prcus-a,-0.0,5.267806267806268
7.163,8,ifrms,-0.0,5.267806267806268
7.163,8,sspls-v,-0.0,5.267806267806268
7.163,9,mcgs,-0.0,5.156695156695157
7.163,9,pos,-0.0,5.156695156695157
7.163,9,sbps,-0.0,5.156695156695157
7.163,9,prculs-d,-0.0,5.156695156695157
7.163,9,prcus-p,0.0,5.156695156695157
7.163,9,prcus-i,-0.0,5.156695156695157
7.163,9,prcus-a,-0.0,5.156695156695157
7.163,9,ifrms,-0.0,5.156695156695157
7.163,9,sspls-v,-0.0,5.156695156695157
7.163,10,mcgs,-0.0,5.4558404558404545
7.163,10,pos,-0.0,5.4558404558404545
7.163,10,sbps,-0.0,5.4558404558404545
7.163,10,prculs-d,-0.0,5.4558404558404545
7.163,10,prcus-p,0.0,5.4558404558404545
7.163,10,prcus-i,-0.0,5.4558404558404545
7.163,10,prcus-a,-0.0,5.4558404558404545
7.163,10,ifrms,-0.0,5.4558404558404545
7.163,10,sspls-v,-0.0,5.4558404558404545
7.163,11,mcgs,-0.0,5.156695156695157
7.163,11,pos,-0.0,5.156695156695157
7.163,11,sbps,-0.0,5.156695156695157
7.163,11,prculs-d,0.0,5.156695156695157
7.163,11,prcus-p,0.0,5.156695156695157
7.163,11,prcus-i,-0.0,5.156695156695157
7.163,11,prcus-a,-0.0,5.156695156695157
7.163,11,ifrms,-0.0,5.156695156695157
7.163,11,sspls-v,-0.0,5.156695156695157
7.163,12,mcgs,-0.0,5.51851851851852
7.163,12,pos,-0.0,5.51851851851852
7.163,12,sbps,-0.0,5.51851851851852
7.163,12,prculs-d,-0.0,5.51851851851852
7.163,12,prcus-p,0.0,5.51851851851852
7.163,12,prcus-i,-0.0,5.51851851851852
7.163,12,prcus-a,-0.0,5.51851851851852
7.163,12,ifrms,-0.0,5.51851851851852
7.163,12,sspls-v,-0.0,5.51851851851852
7.163,13,mcgs,-0.0,5.299145299145299
7.163,13,pos,-0.0,5.299145299145299
7.163,13,sbps,-0.0,5.299145299145299
7.163,13,prculs-d,-0.0,5.299145299145299
7.163,13,prcus-p,0.0,5.299145299145299
7.163,13,prcus-i,-0.0,5.299145299145299
7.163,13,prcus-a,-0.0,5.299145299145299
7.163,13,ifrms,-0.0,5.299145299145299
7.163,13,sspls-v,-0.0,5.299145299145299
7.163,14,mcgs,-0.0,5.581196581196581
7.163,14,pos,-0.0,5.581196581196581
7.163,14,sbps,-0.0,5.581196581196581
7.163,14,prculs-d,-0.0,5.581196581196581
7.163,14,prcus-p,0.0,5.581196581196581
7.163,14,prcus-i,-0.0,5.581196581196581
7.163,14,prcus-a,-0.0,5.581196581196581
7.163,14,ifrms,-0.0,5.581196581196581
7.163,14,sspls-v,-0.0,5.581196581196581
7.163,15,mcgs,-0.0,5.393162393162393
7.163,15,pos,-0.0,5.393162393162393
7.163,15,sbps,-0.0,5.393162393162393
7.163,15,prculs-d,-0.0,5.393162393162393
7.163,15,prcus-p,0.0,5.393162393162393
7.163,15,prcus-i,-0.0,5.393162393162393
7.163,15,prcus-a,-0.0,5.393162393162393
7.163,15,ifrms,-0.0,5.393162393162393
7.163,15,sspls-v,-0.0,5.393162393162393
7.163,16,mcgs,-0.0,5.5783475783475795
7.163,16,pos,-0.0,5.5783475783475795
7.163,16,sbps,-0.0,5.5783475783475795
7.163,16,prculs-d,-0.0,5.5783475783475795
7.163,16,prcus-p,0.0,5.5783475783475795
7.163,16,prcus-i,-0.0,5.5783475783475795
7.163,16,prcus-a,-0.0,5.5783475783475795
7.163,16,ifrms,-0.0,5.5783475783475795
7.163,16,sspls-v,-0.0,5.5783475783475795
7.163,17,mcgs,-0.0,5.247863247863247
7.163,17,pos,-0.0,5.247863247863247
7.163,17,sbps,-0.0,5.247863247863247
7.163,17,prculs-d,-0.0,5.247863247863247
7.163,17,prcus-p,0.0,5.247863247863247
7.163,17,prcus-i,-0.0,5.247863247863247
7.163,17,prcus-a,-0.0,5.247863247863247
7.163,17,ifrms,-0.0,5.247863247863247
7.163,17,sspls-v,0.0,5.247863247863247
7.163,18,mcgs,-0.0,5.612535612535612
7.163,18,pos,-0.0,5.612535612535612
7.163,18,sbps,-0.0,5.612535612535612
7.163,18,prculs-d,-0.0,5.612535612535612
7.163,18,prcus-p,0.0,5.612535612535612
7.163,18,prcus-i,-0.0,5.612535612535612
7.163,18,prcus-a,-0.0,5.612535612535612
7.163,18,ifrms,-0.0,5.612535612535612
7.163,18,sspls-v,-0.0,5.612535612535612
7.163,19,mcgs,-0.0,5.518518518518518
7.163,19,pos,-0.0,5.518518518518518
7.163,19,sbps,-0.0,5.518518518518518
7.163,19,prculs-d,0.0,5.518518518518518
7.163,19,prcus-p,0.0,5.518518518518518
7.163,19,prcus-i,-0.0,5.518518518518518
7.163,19,prcus-a,-0.0,5.518518518518518
7.163,19,ifrms,-0.0,5.518518518518518
7.163,19,sspls-v,-0.0,5.518518518518518
7.163,20,mcgs,-0.0,5.549857549857548
7.163,20,pos,-0.0,5.549857549857548
7.163,20,sbps,-0.0,5.549857549857548
7.163,20,prculs-d,-0.0,5.549857549857548
7.163,20,prcus-p,0.0,5.549857549857548
7.163,20,prcus-i,-0.0,5.549857549857548
7.163,20,prcus-a,-0.0,5.549857549857548
7.163,20,ifrms,-0.0,5.549857549857548
7.163,20,sspls-v,-0.0,5.549857549857548
7.163,21,mcgs,-0.0,5.581196581196581
7.163,21,pos,-0.0,5.581196581196581
7.163,21,sbps,-0.0,5.581196581196581
7.163,21,prculs-d,0.0,5.581196581196581
7.163,21,prcus-p,0.0,5.581196581196581
7.163,21,prcus-i,-0.0,5.581196581196581
7.163,21,prcus-a,-0.0,5.581196581196581
7.163,21,ifrms,-0.0,5.581196581196581
7.163,21,sspls-v,-0.0,5.581196581196581
7.163,22,mcgs,-0.0,5.581196581196581
7.163,22,pos,-0.0,5.581196581196581
7.163,22,sbps,-0.0,5.581196581196581
7.163,22,prculs-d,0.0,5.581196581196581
7.163,22,prcus-p,0.0,5.581196581196581
7.163,22,prcus-i,-0.0,5.581196581196581
7.163,22,prcus-a,-0.0,5.581196581196581
7.163,22,ifrms,-0.0,5.581196581196581
7.163,22,sspls-v,-0.0,5.581196581196581
7.163,23,mcgs,-0.0,5.202279202279203
7.163,23,pos,-0.0,5.202279202279203
7.163,23,sbps,-0.0,5.202279202279203
7.163,23,prculs-d,0.0,5.202279202279203
7.163,23,prcus-p,0.0,5.202279202279203
7.163,23,prcus-i,-0.0,5.202279202279203
7.163,23,prcus-a,-0.0,5.202279202279203
7.163,23,ifrms,-0.0,5.202279202279203
7.163,23,sspls-v,-0.0,5.202279202279203
7.163,24,mcgs,-0.0,5.4245014245014245
7.163,24,pos,-0.0,5.4245014245014245
7.163,24,sbps,-0.0,5.4245014245014245
7.163,24,prculs-d,-0.0,5.4245014245014245
7.163,24,prcus-p,0.0,5.4245014245014245
7.163,24,prcus-i,-0.0,5.4245014245014245
7.163,24,prcus-a,-0.0,5.4245014245014245
7.163,24,ifrms,-0.0,5.4245014245014245
7.163,24,sspls-v,-0.0,5.4245014245014245
7.163,25,mcgs,-0.0,5.247863247863247
7.163,25,pos,-0.0,5.247863247863247
7.163,25,sbps,-0.0,5.247863247863247
7.163,25,prculs-d,0.0,5.247863247863247
7.163,25,prcus-p,0.0,5.247863247863247
7.163,25,prcus-i,-0.0,5.247863247863247
7.163,25,prcus-a,-0.0,5.247863247863247
7.163,25,ifrms,-0.0,5.247863247863247
7.163,25,sspls-v,0.0,5.247863247863247
7.163,26,mcgs,-0.0,5.581196581196581
7.163,26,pos,-0.0,5.581196581196581
7.163,26,sbps,-0.0,5.581196581196581
7.163,26,prculs-d,-0.0,5.581196581196581
7.163,26,prcus-p,0.0,5.581196581196581
7.163,26,prcus-i,-0.0,5.581196581196581
7.163,26,prcus-a,-0.0,5.581196581196581
7.163,26,ifrms,-0.0,5.581196581196581
7.163,26,sspls-v,-0.0,5.581196581196581
7.163,27,mcgs,-0.0,5.384615384615386
7.163,27,pos,-0.0,5.384615384615386
7.163,27,sbps,-0.0,5.384615384615386
7.163,27,prculs-d,0.0,5.384615384615386
7.163,27,prcus-p,0.0,5.384615384615386
7.163,27,prcus-i,-0.0,5.384615384615386
7.163,27,prcus-a,-0.0,5.384615384615386
7.163,27,ifrms,-0.0,5.384615384615386
7.163,27,sspls-v,-0.0,5.384615384615386
7.657,0,mcgs,-0.0,5.487179487179486
7.657,0,pos,-0.0,5.487179487179486
7.657,0,sbps,-0.0,5.487179487179486
7.657,0,prculs-d,-0.0,5.487179487179486
7.657,0,prcus-p,0.0,5.487179487179486
7.657,0,prcus-i,-0.0,5.487179487179486
7.657,0,prcus-a,-0.0,5.487179487179486
7.657,0,ifrms,-0.0,5.487179487179486
7.657,0,sspls-v,-0.0,5.487179487179486
7.657,1,mcgs,-0.0,5.4245014245014245
7.657,1,pos,-0.0,5.4245014245014245
7.657,1,sbps,-0.0,5.4245014245014245
7.657,1,prculs-d,-0.0,5.4245014245014245
7.657,1,prcus-p,0.0,5.4245014245014245
7.657,1,prcus-i,-0.0,5.4245014245014245
7.657,1,prcus-a,-0.0,5.4245014245014245
7.657,1,ifrms,-0.0,5.4245014245014245
7.657,1,sspls-v,-0.0,5.4245014245014245
7.657,2,mcgs,-0.0,5.4245014245014245
7.657,2,pos,-0.0,5.4245014245014245
7.657,2,sbps,-0.0,5.4245014245014245
7.657,2,prculs-d,-0.0,5.4245014245014245
7.657,2,prcus-p,0.0,5.4245014245014245
7.657,2,prcus-i,-0.0,5.4245014245014245
7.657,2,prcus-a,-0.0,5.4245014245014245
7.657,2,ifrms,-0.0,5.4245014245014245
7.657,2,sspls-v,-0.0,5.4245014245014245
7.657,3,mcgs,-0.0,5.202279202279202
7.657,3,pos,-0.0,5.202279202279202
7.657,3,sbps,-0.0,5.202279202279202
7.657,3,prculs-d,0.0,5.202279202279202
7.657,3,prcus-p,0.0,5.202279202279202
7.657,3,prcus-i,-0.0,5.202279202279202
7.657,3,prcus-a,-0.0,5.202279202279202
7.657,3,ifrms,-0.0,5.202279202279202
7.657,3,sspls-v,-0.0,5.202279202279202
7.657,4,mcgs,-0.0,5.48148148148148
7.657,4,pos,-0.0,5.48148148148148
7.657,4,sbps,-0.0,5.48148148148148
7.657,4,prculs-d,-0.0,5.48148148148148
7.657,4,prcus-p,0.0,5.48148148148148
7.657,4,prcus-i,-0.0,5.48148148148148
7.657,4,prcus-a,-0.0,5.48148148148148
7.657,4,ifrms,-0.0,5.48148148148148
7.657,4,sspls-v,-0.0,5.48148148148148
7.657,5,mcgs,-0.0,5.156695156695156
7.657,5,pos,-0.0,5.156695156695156
7.657,5,sbps,-0.0,5.156695156695156
7.657,5,prculs-d,0.0,5.156695156695156
7.657,5,prcus-p,0.0,5.156695156695156
7.657,5,prcus-i,-0.0,5.156695156695156
7.657,5,prcus-a,-0.0,5.156695156695156
7.657,5,ifrms,-0.0,5.156695156695156
7.657,5,sspls-v,-0.0,5.156695156695156
7.657,6,mcgs,-0.0,5.518518518518518
7.657,6,pos,-0.0,5.518518518518518
7.657,6,sbps,-0.0,5.518518518518518
7.657,6,prculs-d,-0.0,5.518518518518518
7.657,6,prcus-p,0.0,5.518518518518518
7.657,6,prcus-i,-0.0,5.518518518518518
7.657,6,prcus-a,-0.0,5.518518518518518
7.657,6,ifrms,-0.0,5.518518518518518
7.657,6,sspls-v,-0.0,5.518518518518518
7.657,7,mcgs,-0.0,5.529914529914531
7.657,7,pos,-0.0,5.529914529914531
7.657,7,sbps,-0.0,5.529914529914531
7.657,7,prculs-d,0.0,5.529914529914531
7.657,7,prcus-p,0.0,5.529914529914531
7.657,7,prcus-i,-0.0,5.529914529914531
7.657,7,prcus-a,-0.0,5.529914529914531
7.657,7,ifrms,-0.0,5.529914529914531
7.657,7,sspls-v,-0.0,5.529914529914531
7.657,8,mcgs,-0.0,5.267806267806268
7.657,8,pos,-0.0,5.267806267806268
7.657,8,sbps,-0.0,5.267806267806268
7.657,8,prculs-d,0.0,5.267806267806268
7.657,8,prcus-p,0.0,5.267806267806268
7.657,8,prcus-i,-0.0,5.267806267806268
7.657,8,prcus-a,-0.0,5.267806267806268
7.657,8,ifrms,-0.0,5.267806267806268
7.657,8,sspls-v,-0.0,5.267806267806268
7.657,9,mcgs,-0.0,5.156695156695157
7.657,9,pos,-0.0,5.156695156695157
7.657,9,sbps,-0.0,5.156695156695157
7.657,9,prculs-d,-0.0,5.156695156695157
7.657,9,prcus-p,0.0,5.156695156695157
7.657,9,prcus-i,-0.0,5.156695156695157
7.657,9,prcus-a,-0.0,5.156695156695157
7.657,9,ifrms,-0.0,5.156695156695157
7.657,9,sspls-v,-0.0,5.156695156695157
7.657,10,mcgs,-0.0,5.4558404558404545
7.657,10,pos,-0.0,5.4558404558404545
7.657,10,sbps,-0.0,5.4558404558404545
7.657,10,prculs-d,-0.0,5.4558404558404545
7.657,10,prcus-p,0.0,5.4558404558404545
7.657,10,prcus-i,-0.0,5.4558404558404545
7.657,10,prcus-a,-0.0,5.4558404558404545
7.657,10,ifrms,-0.0,5.4558404558404545
7.657,10,sspls-v,-0.0,5.4558404558404545
7.657,11,mcgs,-0.0,5.156695156695157
7.657,11,pos,-0.0,5.156695156695157
7.657,11,sbps,-0.0,5.156695156695157
7.657,11,prculs-d,0.0,5.156695156695157
7.657,11,prcus-p,0.0,5.156695156695157
7.657,11,prcus-i,-0.0,5.156695156695157
7.657,11,prcus-a,-0.0,5.156695156695157
7.657,11,ifrms,-0.0,5.156695156695157
7.657,11,sspls-v,-0.0,5.156695156695157
7.657,12,mcgs,-0.0,5.51851851851852
7.657,12,pos,-0.0,5.51851851851852
7.657,12,sbps,-0.0,5.51851851851852
7.657,12,prculs-d,-0.0,5.51851851851852
7.657,12,prcus-p,0.0,5.51851851851852
7.657,12,prcus-i,-0.0,5.51851851851852
7.657,12,prcus-a,-0.0,5.51851851851852
7.657,12,ifrms,-0.0,5.51851851851852
7.657,12,sspls-v,-0.0,5.51851851851852
7.657,13,mcgs,-0.0,5.299145299145299
7.657,13,pos,-0.0,5.299145299145299
7.657,13,sbps,-0.0,5.299145299145299
7.657,13,prculs-d,-0.0,5.299145299145299
7.657,13,prcus-p,0.0,5.299145299145299
7.657,13,prcus-i,-0.0,5.299145299145299
7.657,13,prcus-a,-0.0,5.299145299145299
7.657,13,ifrms,-0.0,5.299145299145299
7.657,13,sspls-v,-0.0,5.299145299145299
7.657,14,mcgs,-0.0,5.581196581196581
7.657,14,pos,-0.0,5.581196581196581
7.657,14,sbps,-0.0,5.581196581196581
7.657,14,prculs-d,-0.0,5.581196581196581
7.657,14,prcus-p,0.0,5.581196581196581
7.657,14,prcus-i,-0.0,5.581196581196581
7.657,14,prcus-a,-0.0,5.581196581196581
7.657,14,ifrms,-0.0,5.581196581196581
7.657,14,sspls-v,-0.0,5.581196581196581
7.657,15,mcgs,-0.0,5.393162393162393
7.657,15,pos,-0.0,5.393162393162393
7.657,15,sbps,-0.0,5.393162393162393
7.657,15,prculs-d,-0.0,5.393162393162393
7.657,15,prcus-p,0.0,5.393162393162393
7.657,15,prcus-i,-0.0,5.393162393162393
7.657,15,prcus-a,-0.0,5.393162393162393
7.657,15,ifrms,-0.0,5.393162393162393
7.657,15,sspls-v,-0.0,5.393162393162393
7.657,16,mcgs,-0.0,5.5783475783475795
7.657,16,pos,-0.0,5.5783475783475795
7.657,16,sbps,-0.0,5.5783475783475795
7.657,16,prculs-d,-0.0,5.5783475783475795
7.657,16,prcus-p,0.0,5.5783475783475795
7.657,16,prcus-i,-0.0,5.5783475783475795
7.657,16,prcus-a,-0.0,5.5783475783475795
7.657,16,ifrms,-0.0,5.5783475783475795
7.657,16,sspls-v,-0.0,5.5783475783475795
7.657,17,mcgs,-0.0,5.247863247863247
7.657,17,pos,-0.0,5.247863247863247
7.657,17,sbps,-0.0,5.247863247863247
7.657,17,prculs-d,-0.0,5.247863247863247
7.657,17,prcus-p,0.0,5.247863247863247
7.657,17,prcus-i,-0.0,5.247863247863247
7.657,17,prcus-a,-0.0,5.247863247863247
7.657,17,ifrms,-0.0,5.247863247863247
7.657,17,sspls-v,0.0,5.247863247863247
7.657,18,mcgs,-0.0,5.612535612535612
7.657,18,pos,-0.0,5.612535612535612
7.657,18,sbps,-0.0,5.612535612535612
7.657,18,prculs-d,-0.0,5.612535612535612
7.657,18,prcus-p,0.0,5.612535612535612
7.657,18,prcus-i,-0.0,5.612535612535612
7.657,18,prcus-a,-0.0,5.612535612535612
7.657,18,ifrms,-0.0,5.612535612535612
7.657,18,sspls-v,-0.0,5.612535612535612
7.657,19,mcgs,-0.0,5.518518518518518
7.657,19,pos,-0.0,5.518518518518518
7.657,19,sbps,-0.0,5.518518518518518
7.657,19,prculs-d,0.0,5.518518518518518
7.657,19,prcus-p,0.0,5.518518518518518
7.657,19,prcus-i,-0.0,5.518518518518518
7.657,19,prcus-a,-0.0,5.518518518518518
7.657,19,ifrms,-0.0,5.518518518518518
7.657,19,sspls-v,-0.0,5.518518518518518
7.657,20,mcgs,-0.0,5.549857549857548
7.657,20,pos,-0.0,5.549857549857548
7.657,20,sbps,-0.0,5.549857549857548
7.657,20,prculs-d,-0.0,5.549857549857548
7.657,20,prcus-p,0.0,5.549857549857548
7.657,20,prcus-i,-0.0,5.549857549857548
7.657,20,prcus-a,-0.0,5.549857549857548
7.657,20,ifrms,-0.0,5.549857549857548
7.657,20,sspls-v,-0.0,5.549857549857548
7.657,21,mcgs,-0.0,5.581196581196581
7.657,21,pos,-0.0,5.581196581196581
7.657,21,sbps,-0.0,5.581196581196581
7.657,21,prculs-d,0.0,5.581196581196581
7.657,21,prcus-p,0.0,5.581196581196581
7.657,21,prcus-i,-0.0,5.581196581196581
7.657,21,prcus-a,-0.0,5.581196581196581
7.657,21,ifrms,-0.0,5.581196581196581
7.657,21,sspls-v,-0.0,5.581196581196581
7.657,22,mcgs,-0.0,5.581196581196581
7.657,22,pos,-0.0,5.581196581196581
7.657,22,sbps,-0.0,5.581196581196581
7.657,22,prculs-d,0.0,5.581196581196581
7.657,22,prcus-p,0.0,5.581196581196581
7.657,22,prcus-i,-0.0,5.581196581196581
7.657,22,prcus-a,-0.0,5.581196581196581
7.657,22,ifrms,-0.0,5.581196581196581
7.657,22,sspls-v,-0.0,5.581196581196581
7.657,23,mcgs,-0.0,5.202279202279203
7.657,23,pos,-0.0,5.202279202279203
7.657,23,sbps,-0.0,5.202279202279203
7.657,23,prculs-d,0.0,5.202279202279203
7.657,23,prcus-p,0.0,5.202279202279203
7.657,23,prcus-i,-0.0,5.202279202279203
7.657,23,prcus-a,-0.0,5.202279202279203
7.657,23,ifrms,-0.0,5.202279202279203
7.657,23,sspls-v,-0.0,5.202279202279203
7.657,24,mcgs,-0.0,5.4245014245014245
7.657,24,pos,-0.0,5.4245014245014245
7.657,24,sbps,-0.0,5.4245014245014245
7.657,24,prculs-d,-0.0,5.4245014245014245
7.657,24,prcus-p,0.0,5.4245014245014245
7.657,24,prcus-i,-0.0,5.4245014245014245
7.657,24,prcus-a,-0.0,5.4245014245014245
7.657,24,ifrms,-0.0,5.4245014245014245
7.657,24,sspls-v,-0.0,5.4245014245014245
7.657,25,mcgs,-0.0,5.247863247863247
7.657,25,pos,-0.0,5.247863247863247
7.657,25,sbps,-0.0,5.247863247863247
7.657,25,prculs-d,0.0,5.247863247863247
7.657,25,prcus-p,0.0,5.247863247863247
7.657,25,prcus-i,-0.0,5.247863247863247
7.657,25,prcus-a,-0.0,5.247863247863247
7.657,25,ifrms,-0.0,5.247863247863247
7.657,25,sspls-v,0.0,5.247863247863247
7.657,26,mcgs,-0.0,5.581196581196581
7.657,26,pos,-0.0,5.581196581196581
7.657,26,sbps,-0.0,5.581196581196581
7.657,26,prculs-d,-0.0,5.581196581196581
7.657,26,prcus-p,0.0,5.581196581196581
7.657,26,prcus-i,-0.0,5.581196581196581
7.657,26,prcus-a,-0.0,5.581196581196581
7.657,26,ifrms,-0.0,5.581196581196581
7.657,26,sspls-v,-0.0,5.581196581196581
7.657,27,mcgs,-0.0,5.384615384615386
7.657,27,pos,-0.0,5.384615384615386
7.657,27,sbps,-0.0,5.384615384615386
7.657,27,prculs-d,0.0,5.384615384615386
7.657,27,prcus-p,0.0,5.384615384615386
7.657,27,prcus-i,-0.0,5.384615384615386
7.657,27,prcus-a,-0.0,5.384615384615386
7.657,27,ifrms,-0.0,5.384615384615386
7.657,27,sspls-v,-0.0,5.384615384615386
8.185,0,mcgs,-0.0,5.487179487179486
8.185,0,pos,-0.0,5.487179487179486
8.185,0,sbps,-0.0,5.487179487179486
8.185,0,prculs-d,-0.0,5.487179487179486
8.185,0,prcus-p,0.0,5.487179487179486
8.185,0,prcus-i,-0.0,5.487179487179486
8.185,0,prcus-a,-0.0,5.487179487179486
8.185,0,ifrms,-0.0,5.487179487179486
8.185,0,sspls-v,-0.0,5.487179487179486
8.185,1,mcgs,-0.0,5.4245014245014245
8.185,1,pos,-0.0,5.4245014245014245
8.185,1,sbps,-0.0,5.4245014245014245
8.185,1,prculs-d,-0.0,5.4245014245014245
8.185,1,prcus-p,0.0,5.4245014245014245
8.185,1,prcus-i,-0.0,5.4245014245014245
8.185,1,prcus-a,-0.0,5.4245014245014245
8.185,1,ifrms,-0.0,5.4245014245014245
8.185,1,sspls-v,-0.0,5.4245014245014245
8.185,2,mcgs,-0.0,5.4245014245014245
8.185,2,pos,-0.0,5.4245014245014245
8.185,2,sbps,-0.0,5.4245014245014245
8.185,2,prculs-d,-0.0,5.4245014245014245
8.185,2,prcus-p,0.0,5.4245014245014245
8.185,2,prcus-i,-0.0,5.4245014245014245
8.185,2,prcus-a,-0.0,5.4245014245014245
8.185,2,ifrms,-0.0,5.4245014245014245
8.185,2,sspls-v,-0.0,5.4245014245014245
8.185,3,mcgs,-0.0,5.202279202279202
8.185,3,pos,-0.0,5.202279202279202
8.185,3,sbps,-0.0,5.202279202279202
8.185,3,prculs-d,0.0,5.202279202279202
8.185,3,prcus-p,0.0,5.202279202279202
8.185,3,prcus-i,-0.0,5.202279202279202
8.185,3,prcus-a,-0.0,5.202279202279202
8.185,3,ifrms,-0.0,5.202279202279202
8.185,3,sspls-v,-0.0,5.202279202279202
8.185,4,mcgs,-0.0,5.48148148148148
8.185,4,pos,-0.0,5.48148148148148
8.185,4,sbps,-0.0,5.48148148148148
8.185,4,prculs-d,-0.0,5.48148148148148
8.185,4,prcus-p,0.0,5.48148148148148
8.185,4,prcus-i,-0.0,5.48148148148148
8.185,4,prcus-a,-0.0,5.48148148148148
8.185,4,ifrms,-0.0,5.48148148148148
8.185,4,sspls-v,-0.0,5.48148148148148
8.185,5,mcgs,-0.0,5.156695156695156
8.185,5,pos,-0.0,5.156695156695156
8.185,5,sbps,-0.0,5.156695156695156
8.185,5,prculs-d,0.0,5.156695156695156
8.185,5,prcus-p,0.0,5.156695156695156
8.185,5,prcus-i,-0.0,5.156695156695156
8.185,5,prcus-a,-0.0,5.156695156695156
8.185,5,ifrms,-0.0,5.156695156695156
8.185,5,sspls-v,-0.0,5.156695156695156
8.185,6,mcgs,-0.0,5.518518518518518
8.185,6,pos,-0.0,5.518518518518518
8.185,6,sbps,-0.0,5.518518518518518
8.185,6,prculs-d,-0.0,5.518518518518518
8.185,6,prcus-p,0.0,5.518518518518518
8.185,6,prcus-i,-0.0,5.518518518518518
8.185,6,prcus-a,-0.0,5.518518518518518
8.185,6,ifrms,-0.0,5.518518518518518
8.185,6,sspls-v,-0.0,5.518518518518518
8.185,7,mcgs,-0.0,5.529914529914531
8.185,7,pos,-0.0,5.529914529914531
8.185,7,sbps,-0.0,5.529914529914531
8.185,7,prculs-d,0.0,5.529914529914531
8.185,7,prcus-p,0.0,5.529914529914531
8.185,7,prcus-i,-0.0,5.529914529914531
8.185,7,prcus-a,-0.0,5.529914529914531
8.185,7,ifrms,-0.0,5.529914529914531
8.185,7,sspls-v,-0.0,5.529914529914531
8.185,8,mcgs,-0.0,5.267806267806268
8.185,8,pos,-0.0,5.267806267806268
8.185,8,sbps,-0.0,5.267806267806268
8.185,8,prculs-d,0.0,5.267806267806268
8.185,8,prcus-p,0.0,5.267806267806268
8.185,8,prcus-i,-0.0,5.267806267806268
8.185,8,prcus-a,-0.0,5.267806267806268
8.185,8,ifrms,-0.0,5.267806267806268
8.185,8,sspls-v,-0.0,5.267806267806268
8.185,9,mcgs,-0.0,5.156695156695157
8.185,9,pos,-0.0,5.156695156695157
8.185,9,sbps,-0.0,5.156695156695157
8.185,9,prculs-d,-0.0,5.156695156695157
8.185,9,prcus-p,0.0,5.156695156695157
8.185,9,prcus-i,-0.0,5.156695156695157
8.185,9,prcus-a,-0.0,5.156695156695157
8.185,9,ifrms,-0.0,5.156695156695157
8.185,9,sspls-v,-0.0,5.156695156695157
8.185,10,mcgs,-0.0,5.4558404558404545
8.185,10,pos,-0.0,5.4558404558404545
8.185,10,sbps,-0.0,5.4558404558404545
8.185,10,prculs-d,-0.0,5.4558404558404545
8.185,10,prcus-p,0.0,5.4558404558404545
8.185,10,prcus-i,-0.0,5.4558404558404545
8.185,10,prcus-a,-0.0,5.4558404558404545
8.185,10,ifrms,-0.0,5.4558404558404545
8.185,10,sspls-v,-0.0,5.4558404558404545
8.185,11,mcgs,-0.0,5.156695156695157
8.185,11,pos,-0.0,5.156695156695157
8.185,11,sbps,-0.0,5.156695156695157
8.185,11,prculs-d,0.0,5.156695156695157
8.185,11,prcus-p,0.0,5.156695156695157
8.185,11,prcus-i,-0.0,5.156695156695157
8.185,11,prcus-a,-0.0,5.156695156695157
8.185,11,ifrms,-0.0,5.156695156695157
8.185,11,sspls-v,-0.0,5.156695156695157
8.185,12,mcgs,-0.0,5.51851851851852
8.185,12,pos,-0.0,5.51851851851852
8.185,12,sbps,-0.0,5.51851851851852
8.185,12,prculs-d,-0.0,5.51851851851852
8.185,12,prcus-p,0.0,5.51851851851852
8.185,12,prcus-i,-0.0,5.51851851851852
8.185,12,prcus-a,-0.0,5.51851851851852
8.185,12,ifrms,-0.0,5.51851851851852
8.185,12,sspls-v,-0.0,5.51851851851852
8.185,13,mcgs,-0.0,5.299145299145299
8.185,13,pos,-0.0,5.299145299145299
8.185,13,sbps,-0.0,5.299145299145299
8.185,13,prculs-d,-0.0,5.299145299145299
8.185,13,prcus-p,0.0,5.299145299145299
8.185,13,prcus-i,-0.0,5.299145299145299
8.185,13,prcus-a,-0.0,5.299145299145299
8.185,13,ifrms,-0.0,5.299145299145299
8.185,13,sspls-v,-0.0,5.299145299145299
8.185,14,mcgs,-0.0,5.581196581196581
8.185,14,pos,-0.0,5.581196581196581
8.185,14,sbps,-0.0,5.581196581196581
8.185,14,prculs-d,-0.0,5.581196581196581
8.185,14,prcus-p,0.0,5.581196581196581
8.185,14,prcus-i,-0.0,5.581196581196581
8.185,14,prcus-a,-0.0,5.581196581196581
8.185,14,ifrms,-0.0,5.581196581196581
8.185,14,sspls-v,-0.0,5.581196581196581
8.185,15,mcgs,-0.0,5.393162393162393
8.185,15,pos,-0.0,5.393162393162393
8.185,15,sbps,-0.0,5.393162393162393
8.185,15,prculs-d,-0.0,5.393162393162393
8.185,15,prcus-p,0.0,5.393162393162393
8.185,15,prcus-i,-0.0,5.393162393162393
8.185,15,prcus-a,-0.0,5.393162393162393
8.185,15,ifrms,-0.0,5.393162393162393
8.185,15,sspls-v,-0.0,5.393162393162393
8.185,16,mcgs,-0.0,5.5783475783475795
8.185,16,pos,-0.0,5.5783475783475795
8.185,16,sbps,-0.0,5.5783475783475795
8.185,16,prculs-d,-0.0,5.5783475783475795
8.185,16,prcus-p,0.0,5.5783475783475795
8.185,16,prcus-i,-0.0,5.5783475783475795
8.185,16,prcus-a,-0.0,5.5783475783475795
8.185,16,ifrms,-0.0,5.5783475783475795
8.185,16,sspls-v,-0.0,5.5783475783475795
8.185,17,mcgs,-0.0,5.247863247863247
8.185,17,pos,-0.0,5.247863247863247
8.185,17,sbps,-0.0,5.247863247863247
8.185,17,prculs-d,-0.0,5.247863247863247
8.185,17,prcus-p,0.0,5.247863247863247
8.185,17,prcus-i,-0.0,5.247863247863247
8.185,17,prcus-a,-0.0,5.247863247863247
8.185,17,ifrms,-0.0,5.247863247863247
8.185,17,sspls-v,0.0,5.247863247863247
8.185,18,mcgs,-0.0,5.612535612535612
8.185,18,pos,-0.0,5.612535612535612
8.185,18,sbps,-0.0,5.612535612535612
8.185,18,prculs-d,-0.0,5.612535612535612
8.185,18,prcus-p,0.0,5.612535612535612
8.185,18,prcus-i,-0.0,5.612535612535612
8.185,18,prcus-a,-0.0,5.612535612535612
8.185,18,ifrms,-0.0,5.612535612535612
8.185,18,sspls-v,-0.0,5.612535612535612
8.185,19,mcgs,-0.0,5.518518518518518
8.185,19,pos,-0.0,5.518518518518518
8.185,19,sbps,-0.0,5.518518518518518
8.185,19,prculs-d,0.0,5.518518518518518
8.185,19,prcus-p,0.0,5.518518518518518
8.185,19,prcus-i,-0.0,5.518518518518518
8.185,19,prcus-a,-0.0,5.518518518518518
8.185,19,ifrms,-0.0,5.518518518518518
8.185,19,sspls-v,-0.0,5.518518518518518
8.185,20,mcgs,-0.0,5.549857549857548
8.185,20,pos,-0.0,5.549857549857548
8.185,20,sbps,-0.0,5.549857549857548
8.185,20,prculs-d,-0.0,5.549857549857548
8.185,20,prcus-p,0.0,5.549857549857548
8.185,20,prcus-i,-0.0,5.549857549857548
8.185,20,prcus-a,-0.0,5.549857549857548
8.185,20,ifrms,-0.0,5.549857549857548
8.185,20,sspls-v,-0.0,5.549857549857548
8.185,21,mcgs,-0.0,5.581196581196581
8.185,21,pos,-0.0,5.581196581196581
8.185,21,sbps,-0.0,5.581196581196581
8.185,21,prculs-d,0.0,5.581196581196581
8.185,21,prcus-p,0.0,5.581196581196581
8.185,21,prcus-i,-0.0,5.581196581196581
8.185,21,prcus-a,-0.0,5.581196581196581
8.185,21,ifrms,-0.0,5.581196581196581
8.185,21,sspls-v,-0.0,5.581196581196581
8.185,22,mcgs,-0.0,5.581196581196581
8.185,22,pos,-0.0,5.581196581196581
8.185,22,sbps,-0.0,5.581196581196581
8.185,22,prculs-d,0.0,5.581196581196581
8.185,22,prcus-p,0.0,5.581196581196581
8.185,22,prcus-i,-0.0,5.581196581196581
8.185,22,prcus-a,-0.0,5.581196581196581
8.185,22,ifrms,-0.0,5.581196581196581
8.185,22,sspls-v,-0.0,5.581196581196581
8.185,23,mcgs,-0.0,5.202279202279203
8.185,23,pos,-0.0,5.202279202279203
8.185,23,sbps,-0.0,5.202279202279203
8.185,23,prculs-d,0.0,5.202279202279203
8.185,23,prcus-p,0.0,5.202279202279203
8.185,23,prcus-i,-0.0,5.202279202279203
8.185,23,prcus-a,-0.0,5.202279202279203
8.185,23,ifrms,-0.0,5.202279202279203
8.185,23,sspls-v,-0.0,5.202279202279203
8.185,24,mcgs,-0.0,5.4245014245014245
8.185,24,pos,-0.0,5.4245014245014245
8.185,24,sbps,-0.0,5.4245014245014245
8.185,24,prculs-d,-0.0,5.4245014245014245
8.185,24,prcus-p,0.0,5.4245014245014245
8.185,24,prcus-i,-0.0,5.4245014245014245
8.185,24,prcus-a,-0.0,5.4245014245014245
8.185,24,ifrms,-0.0,5.4245014245014245
8.185,24,sspls-v,-0.0,5.4245014245014245
8.185,25,mcgs,-0.0,5.247863247863247
8.185,25,pos,-0.0,5.247863247863247
8.185,25,sbps,-0.0,5.247863247863247
8.185,25,prculs-d,0.0,5.247863247863247
8.185,25,prcus-p,0.0,5.247863247863247
8.185,25,prcus-i,-0.0,5.247863247863247
8.185,25,prcus-a,-0.0,5.247863247863247
8.185,25,ifrms,-0.0,5.247863247863247
8.185,25,sspls-v,0.0,5.247863247863247
8.185,26,mcgs,-0.0,5.581196581196581
8.185,26,pos,-0.0,5.581196581196581
8.185,26,sbps,-0.0,5.581196581196581
8.185,26,prculs-d,-0.0,5.581196581196581
8.185,26,prcus-p,0.0,5.581196581196581
8.185,26,prcus-i,-0.0,5.581196581196581
8.185,26,prcus-a,-0.0,5.581196581196581
8.185,26,ifrms,-0.0,5.581196581196581
8.185,26,sspls-v,-0.0,5.581196581196581
8.185,27,mcgs,-0.0,5.384615384615386
8.185,27,pos,-0.0,5.384615384615386
8.185,27,sbps,-0.0,5.384615384615386
8.185,27,prculs-d,0.0,5.384615384615386
8.185,27,prcus-p,0.0,5.384615384615386
8.185,27,prcus-i,-0.0,5.384615384615386
8.185,27,prcus-a,-0.0,5.384615384615386
8.185,27,ifrms,-0.0,5.384615384615386
8.185,27,sspls-v,-0.0,5.384615384615386
8.75,0,mcgs,-0.0,5.487179487179486
8.75,0,pos,-0.0,5.487179487179486
8.75,0,sbps,-0.0,5.487179487179486
8.75,0,prculs-d,-0.0,5.487179487179486
8.75,0,prcus-p,0.0,5.487179487179486
8.75,0,prcus-i,-0.0,5.487179487179486
8.75,0,prcus-a,-0.0,5.487179487179486
8.75,0,ifrms,-0.0,5.487179487179486
8.75,0,sspls-v,-0.0,5.487179487179486
8.75,1,mcgs,-0.0,5.4245014245014245
8.75,1,pos,-0.0,5.4245014245014245
8.75,1,sbps,-0.0,5.4245014245014245
8.75,1,prculs-d,-0.0,5.4245014245014245
8.75,1,prcus-p,0.0,5.4245014245014245
8.75,1,prcus-i,-0.0,5.4245014245014245
8.75,1,prcus-a,-0.0,5.4245014245014245
8.75,1,ifrms,-0.0,5.4245014245014245
8.75,1,sspls-v,-0.0,5.4245014245014245
8.75,2,mcgs,-0.0,5.4245014245014245
8.75,2,pos,-0.0,5.4245014245014245
8.75,2,sbps,-0.0,5.4245014245014245
8.75,2,prculs-d,-0.0,5.4245014245014245
8.75,2,prcus-p,0.0,5.4245014245014245
8.75,2,prcus-i,-0.0,5.4245014245014245
8.75,2,prcus-a,-0.0,5.4245014245014245
8.75,2,ifrms,-0.0,5.4245014245014245
8.75,2,sspls-v,-0.0,5.4245014245014245
8.75,3,mcgs,-0.0,5.202279202279202
8.75,3,pos,-0.0,5.202279202279202
8.75,3,sbps,-0.0,5.202279202279202
8.75,3,prculs-d,0.0,5.202279202279202
8.75,3,prcus-p,0.0,5.202279202279202
8.75,3,prcus-i,-0.0,5.202279202279202
8.75,3,prcus-a,-0.0,5.202279202279202
8.75,3,ifrms,-0.0,5.202279202279202
8.75,3,sspls-v,-0.0,5.202279202279202
8.75,4,mcgs,-0.0,5.48148148148148
8.75,4,pos,-0.0,5.48148148148148
8.75,4,sbps,-0.0,5.48148148148148
8.75,4,prculs-d,-0.0,5.48148148148148
8.75,4,prcus-p,0.0,5.48148148148148
8.75,4,prcus-i,-0.0,5.48148148148148
8.75,4,prcus-a,-0.0,5.48148148148148
8.75,4,ifrms,-0.0,5.48148148148148
8.75,4,sspls-v,-0.0,5.48148148148148
8.75,5,mcgs,-0.0,5.156695156695156
8.75,5,pos,-0.0,5.156695156695156
8.75,5,sbps,-0.0,5.156695156695156
8.75,5,prculs-d,0.0,5.156695156695156
8.75,5,prcus-p,0.0,5.156695156695156
8.75,5,prcus-i,-0.0,5.156695156695156
8.75,5,prcus-a,-0.0,5.156695156695156
8.75,5,ifrms,-0.0,5.156695156695156
8.75,5,sspls-v,-0.0,5.156695156695156
8.75,6,mcgs,-0.0,5.518518518518518
8.75,6,pos,-0.0,5.518518518518518
8.75,6,sbps,-0.0,5.518518518518518
8.75,6,prculs-d,-0.0,5.518518518518518
8.75,6,prcus-p,0.0,5.518518518518518
8.75,6,prcus-i,-0.0,5.518518518518518
8.75,6,prcus-a,-0.0,5.518518518518518
8.75,6,ifrms,-0.0,5.518518518518518
8.75,6,sspls-v,-0.0,5.518518518518518
8.75,7,mcgs,-0.0,5.529914529914531
8.75,7,pos,-0.0,5.529914529914531
8.75,7,sbps,-0.0,5.529914529914531
8.75,7,prculs-d,0.0,5.529914529914531
8.75,7,prcus-p,0.0,5.529914529914531
8.75,7,prcus-i,-0.0,5.529914529914531
8.75,7,prcus-a,-0.0,5.529914529914531
8.75,7,ifrms,-0.0,5.529914529914531
8.75,7,sspls-v,-0.0,5.529914529914531
8.75,8,mcgs,-0.0,5.267806267806268
8.75,8,pos,-0.0,5.267806267806268
8.75,8,sbps,-0.0,5.267806267806268
8.75,8,prculs-d,0.0,5.267806267806268
8.75,8,prcus-p,0.0,5.267806267806268
8.75,8,prcus-i,-0.0,5.267806267806268
8.75,8,prcus-a,-0.0,5.267806267806268
8.75,8,ifrms,-0.0,5.267806267806268
8.75,8,sspls-v,-0.0,5.267806267806268
8.75,9,mcgs,-0.0,5.156695156695157
8.75,9,pos,-0.0,5.156695156695157
8.75,9,sbps,-0.0,5.156695156695157
8.75,9,prculs-d,-0.0,5.156695156695157
8.75,9,prcus-p,0.0,5.156695156695157
8.75,9,prcus-i,-0.0,5.156695156695157
8.75,9,prcus-a,-0.0,5.156695156695157
8.75,9,ifrms,-0.0,5.156695156695157
8.75,9,sspls-v,-0.0,5.156695156695157
8.75,10,mcgs,-0.0,5.4558404558404545
8.75,10,pos,-0.0,5.4558404558404545
8.75,10,sbps,-0.0,5.4558404558404545
8.75,10,prculs-d,-0.0,5.4558404558404545
8.75,10,prcus-p,0.0,5.4558404558404545
8.75,10,prcus-i,-0.0,5.4558404558404545
8.75,10,prcus-a,-0.0,5.4558404558404545
8.75,10,ifrms,-0.0,5.4558404558404545
8.75,10,sspls-v,-0.0,5.4558404558404545
8.75,11,mcgs,-0.0,5.156695156695157
8.75,11,pos,-0.0,5.156695156695157
8.75,11,sbps,-0.0,5.156695156695157
8.75,11,prculs-d,0.0,5.156695156695157
8.75,11,prcus-p,0.0,5.156695156695157
8.75,11,prcus-i,-0.0,5.156695156695157
8.75,11,prcus-a,-0.0,5.156695156695157
8.75,11,ifrms,-0.0,5.156695156695157
8.75,11,sspls-v,-0.0,5.156695156695157
8.75,12,mcgs,-0.0,5.51851851851852
8.75,12,pos,-0.0,5.51851851851852
8.75,12,sbps,-0.0,5.51851851851852
8.75,12,prculs-d,-0.0,5.51851851851852
8.75,12,prcus-p,0.0,5.51851851851852
8.75,12,prcus-i,-0.0,5.51851851851852
8.75,12,prcus-a,-0.0,5.51851851851852
8.75,12,ifrms,-0.0,5.51851851851852
8.75,12,sspls-v,-0.0,5.51851851851852
8.75,13,mcgs,-0.0,5.299145299145299
8.75,13,pos,-0.0,5.299145299145299
8.75,13,sbps,-0.0,5.299145299145299
8.75,13,prculs-d,-0.0,5.299145299145299
8.75,13,prcus-p,0.0,5.299145299145299
8.75,13,prcus-i,-0.0,5.299145299145299
8.75,13,prcus-a,-0.0,5.299145299145299
8.75,13,ifrms,-0.0,5.299145299145299
8.75,13,sspls-v,-0.0,5.299145299145299
8.75,14,mcgs,-0.0,5.581196581196581
8.75,14,pos,-0.0,5.581196581196581
8.75,14,sbps,-0.0,5.581196581196581
8.75,14,prculs-d,-0.0,5.581196581196581
8.75,14,prcus-p,0.0,5.581196581196581
8.75,14,prcus-i,-0.0,5.581196581196581
8.75,14,prcus-a,-0.0,5.581196581196581
8.75,14,ifrms,-0.0,5.581196581196581
8.75,14,sspls-v,-0.0,5.581196581196581
8.75,15,mcgs,-0.0,5.393162393162393
8.75,15,pos,-0.0,5.393162393162393
8.75,15,sbps,-0.0,5.393162393162393
8.75,15,prculs-d,-0.0,5.393162393162393
8.75,15,prcus-p,0.0,5.393162393162393
8.75,15,prcus-i,-0.0,5.393162393162393
8.75,15,prcus-a,-0.0,5.393162393162393
8.75,15,ifrms,-0.0,5.393162393162393
8.75,15,sspls-v,-0.0,5.393162393162393
8.75,16,mcgs,-0.0,5.5783475783475795
8.75,16,pos,-0.0,5.5783475783475795
8.75,16,sbps,-0.0,5.5783475783475795
8.75,16,prculs-d,-0.0,5.5783475783475795
8.75,16,prcus-p,0.0,5.5783475783475795
8.75,16,prcus-i,-0.0,5.5783475783475795
8.75,16,prcus-a,-0.0,5.5783475783475795
8.75,16,ifrms,-0.0,5.5783475783475795
8.75,16,sspls-v,-0.0,5.5783475783475795
8.75,17,mcgs,-0.0,5.247863247863247
8.75,17,pos,-0.0,5.247863247863247
8.75,17,sbps,-0.0,5.247863247863247
8.75,17,prculs-d,-0.0,5.247863247863247
8.75,17,prcus-p,0.0,5.247863247863247
8.75,17,prcus-i,-0.0,5.247863247863247
8.75,17,prcus-a,-0.0,5.247863247863247
8.75,17,ifrms,-0.0,5.247863247863247
8.75,17,sspls-v,0.0,5.247863247863247
8.75,18,mcgs,-0.0,5.612535612535612
8.75,18,pos,-0.0,5.612535612535612
8.75,18,sbps,-0.0,5.612535612535612
8.75,18,prculs-d,-0.0,5.612535612535612
8.75,18,prcus-p,0.0,5.612535612535612
8.75,18,prcus-i,-0.0,5.612535612535612
8.75,18,prcus-a,-0.0,5.612535612535612
8.75,18,ifrms,-0.0,5.612535612535612
8.75,18,sspls-v,-0.0,5.612535612535612
8.75,19,mcgs,-0.0,5.518518518518518
8.75,19,pos,-0.0,5.518518518518518
8.75,19,sbps,-0.0,5.518518518518518
8.75,19,prculs-d,0.0,5.518518518518518
8.75,19,prcus-p,0.0,5.518518518518518
8.75,19,prcus-i,-0.0,5.518518518518518
8.75,19,prcus-a,-0.0,5.518518518518518
8.75,19,ifrms,-0.0,5.518518518518518
8.75,19,sspls-v,-0.0,5.518518518518518
8.75,20,mcgs,-0.0,5.549857549857548
8.75,20,pos,-0.0,5.549857549857548
8.75,20,sbps,-0.0,5.549857549857548
8.75,20,prculs-d,-0.0,5.549857549857548
8.75,20,prcus-p,0.0,5.549857549857548
8.75,20,prcus-i,-0.0,5.549857549857548
8.75,20,prcus-a,-0.0,5.549857549857548
8.75,20,ifrms,-0.0,5.549857549857548
8.75,20,sspls-v,-0.0,5.549857549857548
8.75,21,mcgs,-0.0,5.581196581196581
8.75,21,pos,-0.0,5.581196581196581
8.75,21,sbps,-0.0,5.581196581196581
8.75,21,prculs-d,0.0,5.581196581196581
8.75,21,prcus-p,0.0,5.581196581196581
8.75,21,prcus-i,-0.0,5.581196581196581
8.75,21,prcus-a,-0.0,5.581196581196581
8.75,21,ifrms,-0.0,5.581196581196581
8.75,21,sspls-v,-0.0,5.581196581196581
8.75,22,mcgs,-0.0,5.581196581196581
8.75,22,pos,-0.0,5.581196581196581
8.75,22,sbps,-0.0,5.581196581196581
8.75,22,prculs-d,0.0,5.581196581196581
8.75,22,prcus-p,0.0,5.581196581196581
8.75,22,prcus-i,-0.0,5.581196581196581
8.75,22,prcus-a,-0.0,5.581196581196581
8.75,22,ifrms,-0.0,5.581196581196581
8.75,22,sspls-v,-0.0,5.581196581196581
8.75,23,mcgs,-0.0,5.202279202279203
8.75,23,pos,-0.0,5.202279202279203
8.75,23,sbps,-0.0,5.202279202279203
8.75,23,prculs-d,0.0,5.202279202279203
8.75,23,prcus-p,0.0,5.202279202279203
8.75,23,prcus-i,-0.0,5.202279202279203
8.75,23,prcus-a,-0.0,5.202279202279203
8.75,23,ifrms,-0.0,5.202279202279203
8.75,23,sspls-v,-0.0,5.202279202279203
8.75,24,mcgs,-0.0,5.4245014245014245
8.75,24,pos,-0.0,5.4245014245014245
8.75,24,sbps,-0.0,5.4245014245014245
8.75,24,prculs-d,-0.0,5.4245014245014245
8.75,24,prcus-p,0.0,5.4245014245014245
8.75,24,prcus-i,-0.0,5.4245014245014245
8.75,24,prcus-a,-0.0,5.4245014245014245
8.75,24,ifrms,-0.0,5.4245014245014245
8.75,24,sspls-v,-0.0,5.4245014245014245
8.75,25,mcgs,-0.0,5.247863247863247
8.75,25,pos,-0.0,5.247863247863247
8.75,25,sbps,-0.0,5.247863247863247
8.75,25,prculs-d,0.0,5.247863247863247
8.75,25,prcus-p,0.0,5.247863247863247
8.75,25,prcus-i,-0.0,5.247863247863247
8.75,25,prcus-a,-0.0,5.247863247863247
8.75,25,ifrms,-0.0,5.247863247863247
8.75,25,sspls-v,0.0,5.247863247863247
8.75,26,mcgs,-0.0,5.581196581196581
8.75,26,pos,-0.0,5.581196581196581
8.75,26,sbps,-0.0,5.581196581196581
8.75,26,prculs-d,-0.0,5.581196581196581
8.75,26,prcus-p,0.0,5.581196581196581
8.75,26,prcus-i,-0.0,5.581196581196581
8.75,26,prcus-a,-0.0,5.581196581196581
8.75,26,ifrms,-0.0,5.581196581196581
8.75,26,sspls-v,-0.0,5.581196581196581
8.75,27,mcgs,-0.0,5.384615384615386
8.75,27,pos,-0.0,5.384615384615386
8.75,27,sbps,-0.0,5.384615384615386
8.75,27,prculs-d,0.0,5.384615384615386
8.75,27,prcus-p,0.0,5.384615384615386
8.75,27,prcus-i,-0.0,5.384615384615386
8.75,27,prcus-a,-0.0,5.384615384615386
8.75,27,ifrms,-0.0,5.384615384615386
8.75,27,sspls-v,-0.0,5.384615384615386
9.354,0,mcgs,-0.0,5.487179487179486
9.354,0,pos,-0.0,5.487179487179486
9.354,0,sbps,-0.0,5.487179487179486
9.354,0,prculs-d,-0.0,5.487179487179486
9.354,0,prcus-p,0.0,5.487179487179486
9.354,0,prcus-i,-0.0,5.487179487179486
9.354,0,prcus-a,-0.0,5.487179487179486
9.354,0,ifrms,-0.0,5.487179487179486
9.354,0,sspls-v,-0.0,5.487179487179486
9.354,1,mcgs,-0.0,5.4245014245014245
9.354,1,pos,-0.0,5.4245014245014245
9.354,1,sbps,-0.0,5.4245014245014245
9.354,1,prculs-d,-0.0,5.4245014245014245
9.354,1,prcus-p,0.0,5.4245014245014245
9.354,1,prcus-i,-0.0,5.4245014245014245
9.354,1,prcus-a,-0.0,5.4245014245014245
9.354,1,ifrms,-0.0,5.4245014245014245
9.354,1,sspls-v,-0.0,5.4245014245014245
9.354,2,mcgs,-0.0,5.4245014245014245
9.354,2,pos,-0.0,5.4245014245014245
9.354,2,sbps,-0.0,5.4245014245014245
9.354,2,prculs-d,-0.0,5.4245014245014245
9.354,2,prcus-p,0.0,5.4245014245014245
9.354,2,prcus-i,-0.0,5.4245014245014245
9.354,2,prcus-a,-0.0,5.4245014245014245
9.354,2,ifrms,-0.0,5.4245014245014245
9.354,2,sspls-v,-0.0,5.4245014245014245
9.354,3,mcgs,-0.0,5.202279202279202
9.354,3,pos,-0.0,5.202279202279202
9.354,3,sbps,-0.0,5.202279202279202
9.354,3,prculs-d,0.0,5.202279202279202
9.354,3,prcus-p,0.0,5.202279202279202
9.354,3,prcus-i,-0.0,5.202279202279202
9.354,3,prcus-a,-0.0,5.202279202279202
9.354,3,ifrms,-0.0,5.202279202279202
9.354,3,sspls-v,-0.0,5.202279202279202
9.354,4,mcgs,-0.0,5.48148148148148
9.354,4,pos,-0.0,5.48148148148148
9.354,4,sbps,-0.0,5.48148148148148
9.354,4,prculs-d,-0.0,5.48148148148148
9.354,4,prcus-p,0.0,5.48148148148148
9.354,4,prcus-i,-0.0,5.48148148148148
9.354,4,prcus-a,-0.0,5.48148148148148
9.354,4,ifrms,-0.0,5.48148148148148
9.354,4,sspls-v,-0.0,5.48148148148148
9.354,5,mcgs,-0.0,5.156695156695156
9.354,5,pos,-0.0,5.156695156695156
9.354,5,sbps,-0.0,5.156695156695156
9.354,5,prculs-d,0.0,5.156695156695156
9.354,5,prcus-p,0.0,5.156695156695156
9.354,5,prcus-i,-0.0,5.156695156695156
9.354,5,prcus-a,-0.0,5.156695156695156
9.354,5,ifrms,-0.0,5.156695156695156
9.354,5,sspls-v,-0.0,5.156695156695156
9.354,6,mcgs,-0.0,5.518518518518518
9.354,6,pos,-0.0,5.518518518518518
9.354,6,sbps,-0.0,5.518518518518518
9.354,6,prculs-d,-0.0,5.518518518518518
9.354,6,prcus-p,0.0,5.518518518518518
9.354,6,prcus-i,-0.0,5.518518518518518
9.354,6,prcus-a,-0.0,5.518518518518518
9.354,6,ifrms,-0.0,5.518518518518518
9.354,6,sspls-v,-0.0,5.518518518518518
9.354,7,mcgs,-0.0,5.529914529914531
9.354,7,pos,-0.0,5.529914529914531
9.354,7,sbps,-0.0,5.529914529914531
9.354,7,prculs-d,0.0,5.529914529914531
9.354,7,prcus-p,0.0,5.529914529914531
9.354,7,prcus-i,-0.0,5.529914529914531
9.354,7,prcus-a,-0.0,5.529914529914531
9.354,7,ifrms,-0.0,5.529914529914531
9.354,7,sspls-v,-0.0,5.529914529914531
9.354,8,mcgs,-0.0,5.267806267806268
9.354,8,pos,-0.0,5.267806267806268
9.354,8,sbps,-0.0,5.267806267806268
9.354,8,prculs-d,0.0,5.267806267806268
9.354,8,prcus-p,0.0,5.267806267806268
9.354,8,prcus-i,-0.0,5.267806267806268
9.354,8,prcus-a,-0.0,5.267806267806268
9.354,8,ifrms,-0.0,5.267806267806268
9.354,8,sspls-v,-0.0,5.267806267806268
9.354,9,mcgs,-0.0,5.156695156695157
9.354,9,pos,-0.0,5.156695156695157
9.354,9,sbps,-0.0,5.156695156695157
9.354,9,prculs-d,-0.0,5.156695156695157
9.354,9,prcus-p,0.0,5.156695156695157
9.354,9,prcus-i,-0.0,5.156695156695157
9.354,9,prcus-a,-0.0,5.156695156695157
9.354,9,ifrms,-0.0,5.156695156695157
9.354,9,sspls-v,-0.0,5.156695156695157
9.354,10,mcgs,-0.0,5.4558404558404545
9.354,10,pos,-0.0,5.4558404558404545
9.354,10,sbps,-0.0,5.4558404558404545
9.354,10,prculs-d,-0.0,5.4558404558404545
9.354,10,prcus-p,0.0,5.4558404558404545
9.354,10,prcus-i,-0.0,5.4558404558404545
9.354,10,prcus-a,-0.0,5.4558404558404545
9.354,10,ifrms,-0.0,5.4558404558404545
9.354,10,sspls-v,-0.0,5.4558404558404545
9.354,11,mcgs,-0.0,5.156695156695157
9.354,11,pos,-0.0,5.156695156695157
9.354,11,sbps,-0.0,5.156695156695157
9.354,11,prculs-d,0.0,5.156695156695157
9.354,11,prcus-p,0.0,5.156695156695157
9.354,11,prcus-i,-0.0,5.156695156695157
9.354,11,prcus-a,-0.0,5.156695156695157
9.354,11,ifrms,-0.0,5.156695156695157
9.354,11,sspls-v,-0.0,5.156695156695157
9.354,12,mcgs,-0.0,5.51851851851852
9.354,12,pos,-0.0,5.51851851851852
9.354,12,sbps,-0.0,5.51851851851852
9.354,12,prculs-d,-0.0,5.51851851851852
9.354,12,prcus-p,0.0,5.51851851851852
9.354,12,prcus-i,-0.0,5.51851851851852
9.354,12,prcus-a,-0.0,5.51851851851852
9.354,12,ifrms,-0.0,5.51851851851852
9.354,12,sspls-v,-0.0,5.51851851851852
9.354,13,mcgs,-0.0,5.299145299145299
9.354,13,pos,-0.0,5.299145299145299
9.354,13,sbps,-0.0,5.299145299145299
9.354,13,prculs-d,-0.0,5.299145299145299
9.354,13,prcus-p,0.0,5.299145299145299
9.354,13,prcus-i,-0.0,5.299145299145299
9.354,13,prcus-a,-0.0,5.299145299145299
9.354,13,ifrms,-0.0,5.299145299145299
9.354,13,sspls-v,-0.0,5.299145299145299
9.354,14,mcgs,-0.0,5.581196581196581
9.354,14,pos,-0.0,5.581196581196581
9.354,14,sbps,-0.0,5.581196581196581
9.354,14,prculs-d,-0.0,5.581196581196581
9.354,14,prcus-p,0.0,5.581196581196581
9.354,14,prcus-i,-0.0,5.581196581196581
9.354,14,prcus-a,-0.0,5.581196581196581
9.354,14,ifrms,-0.0,5.581196581196581
9.354,14,sspls-v,-0.0,5.581196581196581
9.354,15,mcgs,-0.0,5.393162393162393
9.354,15,pos,-0.0,5.393162393162393
9.354,15,sbps,-0.0,5.393162393162393
9.354,15,prculs-d,-0.0,5.393162393162393
9.354,15,prcus-p,0.0,5.393162393162393
9.354,15,prcus-i,-0.0,5.393162393162393
9.354,15,prcus-a,-0.0,5.393162393162393
9.354,15,ifrms,-0.0,5.393162393162393
9.354,15,sspls-v,-0.0,5.393162393162393
9.354,16,mcgs,-0.0,5.5783475783475795
9.354,16,pos,-0.0,5.5783475783475795
9.354,16,sbps,-0.0,5.5783475783475795
9.354,16,prculs-d,-0.0,5.5783475783475795
9.354,16,prcus-p,0.0,5.5783475783475795
9.354,16,prcus-i,-0.0,5.5783475783475795
9.354,16,prcus-a,-0.0,5.5783475783475795
9.354,16,ifrms,-0.0,5.5783475783475795
9.354,16,sspls-v,-0.0,5.5783475783475795
9.354,17,mcgs,-0.0,5.247863247863247
9.354,17,pos,-0.0,5.247863247863247
9.354,17,sbps,-0.0,5.247863247863247
9.354,17,prculs-d,-0.0,5.247863247863247
9.354,17,prcus-p,0.0,5.247863247863247
9.354,17,prcus-i,-0.0,5.247863247863247
9.354,17,prcus-a,-0.0,5.247863247863247
9.354,17,ifrms,-0.0,5.247863247863247
9.354,17,sspls-v,0.0,5.247863247863247
9.354,18,mcgs,-0.0,5.612535612535612
9.354,18,pos,-0.0,5.612535612535612
9.354,18,sbps,-0.0,5.612535612535612
9.354,18,prculs-d,-0.0,5.612535612535612
9.354,18,prcus-p,0.0,5.612535612535612
9.354,18,prcus-i,-0.0,5.612535612535612
9.354,18,prcus-a,-0.0,5.612535612535612
9.354,18,ifrms,-0.0,5.612535612535612
9.354,18,sspls-v,-0.0,5.612535612535612
9.354,19,mcgs,-0.0,5.518518518518518
9.354,19,pos,-0.0,5.518518518518518
9.354,19,sbps,-0.0,5.518518518518518
9.354,19,prculs-d,0.0,5.518518518518518
9.354,19,prcus-p,0.0,5.518518518518518
9.354,19,prcus-i,-0.0,5.518518518518518
9.354,19,prcus-a,-0.0,5.518518518518518
9.354,19,ifrms,-0.0,5.518518518518518
9.354,19,sspls-v,-0.0,5.518518518518518
9.354,20,mcgs,-0.0,5.549857549857548
9.354,20,pos,-0.0,5.549857549857548
9.354,20,sbps,-0.0,5.549857549857548
9.354,20,prculs-d,-0.0,5.549857549857548
9.354,20,prcus-p,0.0,5.549857549857548
9.354,20,prcus-i,-0.0,5.549857549857548
9.354,20,prcus-a,-0.0,5.549857549857548
9.354,20,ifrms,-0.0,5.549857549857548
9.354,20,sspls-v,-0.0,5.549857549857548
9.354,21,mcgs,-0.0,5.581196581196581
9.354,21,pos,-0.0,5.581196581196581
9.354,21,sbps,-0.0,5.581196581196581
9.354,21,prculs-d,0.0,5.581196581196581
9.354,21,prcus-p,0.0,5.581196581196581
9.354,21,prcus-i,-0.0,5.581196581196581
9.354,21,prcus-a,-0.0,5.581196581196581
9.354,21,ifrms,-0.0,5.581196581196581
9.354,21,sspls-v,-0.0,5.581196581196581
9.354,22,mcgs,-0.0,5.581196581196581
9.354,22,pos,-0.0,5.581196581196581
9.354,22,sbps,-0.0,5.581196581196581
9.354,22,prculs-d,0.0,5.581196581196581
9.354,22,prcus-p,0.0,5.581196581196581
9.354,22,prcus-i,-0.0,5.581196581196581
9.354,22,prcus-a,-0.0,5.581196581196581
9.354,22,ifrms,-0.0,5.581196581196581
9.354,22,sspls-v,-0.0,5.581196581196581
9.354,23,mcgs,-0.0,5.202279202279203
9.354,23,pos,-0.0,5.202279202279203
9.354,23,sbps,-0.0,5.202279202279203
9.354,23,prculs-d,0.0,5.202279202279203
9.354,23,prcus-p,0.0,5.202279202279203
9.354,23,prcus-i,-0.0,5.202279202279203
9.354,23,prcus-a,-0.0,5.202279202279203
9.354,23,ifrms,-0.0,5.202279202279203
9.354,23,sspls-v,-0.0,5.202279202279203
9.354,24,mcgs,-0.0,5.4245014245014245
9.354,24,pos,-0.0,5.4245014245014245
9.354,24,sbps,-0.0,5.4245014245014245
9.354,24,prculs-d,-0.0,5.4245014245014245
9.354,24,prcus-p,0.0,5.4245014245014245
9.354,24,prcus-i,-0.0,5.4245014245014245
9.354,24,prcus-a,-0.0,5.4245014245014245
9.354,24,ifrms,-0.0,5.4245014245014245
9.354,24,sspls-v,-0.0,5.4245014245014245
9.354,25,mcgs,-0.0,5.247863247863247
9.354,25,pos,-0.0,5.247863247863247
9.354,25,sbps,-0.0,5.247863247863247
9.354,25,prculs-d,0.0,5.247863247863247
9.354,25,prcus-p,0.0,5.247863247863247
9.354,25,prcus-i,-0.0,5.247863247863247
9.354,25,prcus-a,-0.0,5.247863247863247
9.354,25,ifrms,-0.0,5.247863247863247
9.354,25,sspls-v,0.0,5.247863247863247
9.354,26,mcgs,-0.0,5.581196581196581
9.354,26,pos,-0.0,5.581196581196581
9.354,26,sbps,-0.0,5.581196581196581
9.354,26,prculs-d,-0.0,5.581196581196581
9.354,26,prcus-p,0.0,5.581196581196581
9.354,26,prcus-i,-0.0,5.581196581196581
9.354,26,prcus-a,-0.0,5.581196581196581
9.354,26,ifrms,-0.0,5.581196581196581
9.354,26,sspls-v,-0.0,5.581196581196581
9.354,27,mcgs,-0.0,5.384615384615386
9.354,27,pos,-0.0,5.384615384615386
9.354,27,sbps,-0.0,5.384615384615386
9.354,27,prculs-d,0.0,5.384615384615386
9.354,27,prcus-p,0.0,5.384615384615386
9.354,27,prcus-i,-0.0,5.384615384615386
9.354,27,prcus-a,-0.0,5.384615384615386
9.354,27,ifrms,-0.0,5.384615384615386
9.354,27,sspls-v,-0.0,5.384615384615386
10.0,0,mcgs,-0.0,5.487179487179486
10.0,0,pos,-0.0,5.487179487179486
10.0,0,sbps,-0.0,5.487179487179486
10.0,0,prculs-d,-0.0,5.487179487179486
10.0,0,prcus-p,0.0,5.487179487179486
10.0,0,prcus-i,-0.0,5.487179487179486
10.0,0,prcus-a,-0.0,5.487179487179486
10.0,0,ifrms,-0.0,5.487179487179486
10.0,0,sspls-v,-0.0,5.487179487179486
10.0,1,mcgs,-0.0,5.4245014245014245
10.0,1,pos,-0.0,5.4245014245014245
10.0,1,sbps,-0.0,5.4245014245014245
10.0,1,prculs-d,-0.0,5.4245014245014245
10.0,1,prcus-p,0.0,5.4245014245014245
10.0,1,prcus-i,-0.0,5.4245014245014245
10.0,1,prcus-a,-0.0,5.4245014245014245
10.0,1,ifrms,-0.0,5.4245014245014245
10.0,1,sspls-v,-0.0,5.4245014245014245
10.0,2,mcgs,-0.0,5.4245014245014245
10.0,2,pos,-0.0,5.4245014245014245
10.0,2,sbps,-0.0,5.4245014245014245
10.0,2,prculs-d,-0.0,5.4245014245014245
10.0,2,prcus-p,0.0,5.4245014245014245
10.0,2,prcus-i,-0.0,5.4245014245014245
10.0,2,prcus-a,-0.0,5.4245014245014245
10.0,2,ifrms,-0.0,5.4245014245014245
10.0,2,sspls-v,-0.0,5.4245014245014245
10.0,3,mcgs,-0.0,5.202279202279202
10.0,3,pos,-0.0,5.202279202279202
10.0,3,sbps,-0.0,5.202279202279202
10.0,3,prculs-d,0.0,5.202279202279202
10.0,3,prcus-p,0.0,5.202279202279202
10.0,3,prcus-i,-0.0,5.202279202279202
10.0,3,prcus-a,-0.0,5.202279202279202
10.0,3,ifrms,-0.0,5.202279202279202
10.0,3,sspls-v,-0.0,5.202279202279202
10.0,4,mcgs,-0.0,5.48148148148148
10.0,4,pos,-0.0,5.48148148148148
10.0,4,sbps,-0.0,5.48148148148148
10.0,4,prculs-d,-0.0,5.48148148148148
10.0,4,prcus-p,0.0,5.48148148148148
10.0,4,prcus-i,-0.0,5.48148148148148
10.0,4,prcus-a,-0.0,5.48148148148148
10.0,4,ifrms,-0.0,5.48148148148148
10.0,4,sspls-v,-0.0,5.48148148148148
10.0,5,mcgs,-0.0,5.156695156695156
10.0,5,pos,-0.0,5.156695156695156
10.0,5,sbps,-0.0,5.156695156695156
10.0,5,prculs-d,0.0,5.156695156695156
10.0,5,prcus-p,0.0,5.156695156695156
10.0,5,prcus-i,-0.0,5.156695156695156
10.0,5,prcus-a,-0.0,5.156695156695156
10.0,5,ifrms,-0.0,5.156695156695156
10.0,5,sspls-v,-0.0,5.156695156695156
10.0,6,mcgs,-0.0,5.518518518518518
10.0,6,pos,-0.0,5.518518518518518
10.0,6,sbps,-0.0,5.518518518518518
10.0,6,prculs-d,-0.0,5.518518518518518
10.0,6,prcus-p,0.0,5.518518518518518
10.0,6,prcus-i,-0.0,5.518518518518518
10.0,6,prcus-a,-0.0,5.518518518518518
10.0,6,ifrms,-0.0,5.518518518518518
10.0,6,sspls-v,-0.0,5.518518518518518
10.0,7,mcgs,-0.0,5.529914529914531
10.0,7,pos,-0.0,5.529914529914531
10.0,7,sbps,-0.0,5.529914529914531
10.0,7,prculs-d,0.0,5.529914529914531
10.0,7,prcus-p,0.0,5.529914529914531
10.0,7,prcus-i,-0.0,5.529914529914531
10.0,7,prcus-a,-0.0,5.529914529914531
10.0,7,ifrms,-0.0,5.529914529914531
10.0,7,sspls-v,-0.0,5.529914529914531
10.0,8,mcgs,-0.0,5.267806267806268
10.0,8,pos,-0.0,5.267806267806268
10.0,8,sbps,-0.0,5.267806267806268
10.0,8,prculs-d,0.0,5.267806267806268
10.0,8,prcus-p,0.0,5.267806267806268
10.0,8,prcus-i,-0.0,5.267806267806268
10.0,8,prcus-a,-0.0,5.267806267806268
10.0,8,ifrms,-0.0,5.267806267806268
10.0,8,sspls-v,-0.0,5.267806267806268
10.0,9,mcgs,-0.0,5.156695156695157
10.0,9,pos,-0.0,5.156695156695157
10.0,9,sbps,-0.0,5.156695156695157
10.0,9,prculs-d,-0.0,5.156695156695157
10.0,9,prcus-p,0.0,5.156695156695157
10.0,9,prcus-i,-0.0,5.156695156695157
10.0,9,prcus-a,-0.0,5.156695156695157
10.0,9,ifrms,-0.0,5.156695156695157
10.0,9,sspls-v,-0.0,5.156695156695157
10.0,10,mcgs,-0.0,5.4558404558404545
10.0,10,pos,-0.0,5.4558404558404545
10.0,10,sbps,-0.0,5.4558404558404545
10.0,10,prculs-d,-0.0,5.4558404558404545
10.0,10,prcus-p,0.0,5.4558404558404545
10.0,10,prcus-i,-0.0,5.4558404558404545
10.0,10,prcus-a,-0.0,5.4558404558404545
10.0,10,ifrms,-0.0,5.4558404558404545
10.0,10,sspls-v,-0.0,5.4558404558404545
10.0,11,mcgs,-0.0,5.156695156695157
10.0,11,pos,-0.0,5.156695156695157
10.0,11,sbps,-0.0,5.156695156695157
10.0,11,prculs-d,0.0,5.156695156695157
10.0,11,prcus-p,0.0,5.156695156695157
10.0,11,prcus-i,-0.0,5.156695156695157
10.0,11,prcus-a,-0.0,5.156695156695157
10.0,11,ifrms,-0.0,5.156695156695157
10.0,11,sspls-v,-0.0,5.156695156695157
10.0,12,mcgs,-0.0,5.51851851851852
10.0,12,pos,-0.0,5.51851851851852
10.0,12,sbps,-0.0,5.51851851851852
10.0,12,prculs-d,-0.0,5.51851851851852
10.0,12,prcus-p,0.0,5.51851851851852
10.0,12,prcus-i,-0.0,5.51851851851852
10.0,12,prcus-a,-0.0,5.51851851851852
10.0,12,ifrms,-0.0,5.51851851851852
10.0,12,sspls-v,-0.0,5.51851851851852
10.0,13,mcgs,-0.0,5.299145299145299
10.0,13,pos,-0.0,5.299145299145299
10.0,13,sbps,-0.0,5.299145299145299
10.0,13,prculs-d,-0.0,5.299145299145299
10.0,13,prcus-p,0.0,5.299145299145299
10.0,13,prcus-i,-0.0,5.299145299145299
10.0,13,prcus-a,-0.0,5.299145299145299
10.0,13,ifrms,-0.0,5.299145299145299
10.0,13,sspls-v,-0.0,5.299145299145299
10.0,14,mcgs,-0.0,5.581196581196581
10.0,14,pos,-0.0,5.581196581196581
10.0,14,sbps,-0.0,5.581196581196581
10.0,14,prculs-d,-0.0,5.581196581196581
10.0,14,prcus-p,0.0,5.581196581196581
10.0,14,prcus-i,-0.0,5.581196581196581
10.0,14,prcus-a,-0.0,5.581196581196581
10.0,14,ifrms,-0.0,5.581196581196581
10.0,14,sspls-v,-0.0,5.581196581196581
10.0,15,mcgs,-0.0,5.393162393162393
10.0,15,pos,-0.0,5.393162393162393
10.0,15,sbps,-0.0,5.393162393162393
10.0,15,prculs-d,-0.0,5.393162393162393
10.0,15,prcus-p,0.0,5.393162393162393
10.0,15,prcus-i,-0.0,5.393162393162393
10.0,15,prcus-a,-0.0,5.393162393162393
10.0,15,ifrms,-0.0,5.393162393162393
10.0,15,sspls-v,-0.0,5.393162393162393
10.0,16,mcgs,-0.0,5.5783475783475795
10.0,16,pos,-0.0,5.5783475783475795
10.0,16,sbps,-0.0,5.5783475783475795
10.0,16,prculs-d,-0.0,5.5783475783475795
10.0,16,prcus-p,0.0,5.5783475783475795
10.0,16,prcus-i,-0.0,5.5783475783475795
10.0,16,prcus-a,-0.0,5.5783475783475795
10.0,16,ifrms,-0.0,5.5783475783475795
10.0,16,sspls-v,-0.0,5.5783475783475795
10.0,17,mcgs,-0.0,5.247863247863247
10.0,17,pos,-0.0,5.247863247863247
10.0,17,sbps,-0.0,5.247863247863247
10.0,17,prculs-d,-0.0,5.247863247863247
10.0,17,prcus-p,0.0,5.247863247863247
10.0,17,prcus-i,-0.0,5.247863247863247
10.0,17,prcus-a,-0.0,5.247863247863247
10.0,17,ifrms,-0.0,5.247863247863247
10.0,17,sspls-v,0.0,5.247863247863247
10.0,18,mcgs,-0.0,5.612535612535612
10.0,18,pos,-0.0,5.612535612535612
10.0,18,sbps,-0.0,5.612535612535612
10.0,18,prculs-d,-0.0,5.612535612535612
10.0,18,prcus-p,0.0,5.612535612535612
10.0,18,prcus-i,-0.0,5.612535612535612
10.0,18,prcus-a,-0.0,5.612535612535612
10.0,18,ifrms,-0.0,5.612535612535612
10.0,18,sspls-v,-0.0,5.612535612535612
10.0,19,mcgs,-0.0,5.518518518518518
10.0,19,pos,-0.0,5.518518518518518
10.0,19,sbps,-0.0,5.518518518518518
10.0,19,prculs-d,0.0,5.518518518518518
10.0,19,prcus-p,0.0,5.518518518518518
10.0,19,prcus-i,-0.0,5.518518518518518
10.0,19,prcus-a,-0.0,5.518518518518518
10.0,19,ifrms,-0.0,5.518518518518518
10.0,19,sspls-v,-0.0,5.518518518518518
10.0,20,mcgs,-0.0,5.549857549857548
10.0,20,pos,-0.0,5.549857549857548
10.0,20,sbps,-0.0,5.549857549857548
10.0,20,prculs-d,-0.0,5.549857549857548
10.0,20,prcus-p,0.0,5.549857549857548
10.0,20,prcus-i,-0.0,5.549857549857548
10.0,20,prcus-a,-0.0,5.549857549857548
10.0,20,ifrms,-0.0,5.549857549857548
10.0,20,sspls-v,-0.0,5.549857549857548
10.0,21,mcgs,-0.0,5.581196581196581
10.0,21,pos,-0.0,5.581196581196581
10.0,21,sbps,-0.0,5.581196581196581
10.0,21,prculs-d,0.0,5.581196581196581
10.0,21,prcus-p,0.0,5.581196581196581
10.0,21,prcus-i,-0.0,5.581196581196581
10.0,21,prcus-a,-0.0,5.581196581196581
10.0,21,ifrms,-0.0,5.581196581196581
10.0,21,sspls-v,-0.0,5.581196581196581
10.0,22,mcgs,-0.0,5.581196581196581
10.0,22,pos,-0.0,5.581196581196581
10.0,22,sbps,-0.0,5.581196581196581
10.0,22,prculs-d,0.0,5.581196581196581
10.0,22,prcus-p,0.0,5.581196581196581
10.0,22,prcus-i,-0.0,5.581196581196581
10.0,22,prcus-a,-0.0,5.581196581196581
10.0,22,ifrms,-0.0,5.581196581196581
10.0,22,sspls-v,-0.0,5.581196581196581
10.0,23,mcgs,-0.0,5.202279202279203
10.0,23,pos,-0.0,5.202279202279203
10.0,23,sbps,-0.0,5.202279202279203
10.0,23,prculs-d,0.0,5.202279202279203
10.0,23,prcus-p,0.0,5.202279202279203
10.0,23,prcus-i,-0.0,5.202279202279203
10.0,23,prcus-a,-0.0,5.202279202279203
10.0,23,ifrms,-0.0,5.202279202279203
10.0,23,sspls-v,-0.0,5.202279202279203
10.0,24,mcgs,-0.0,5.4245014245014245
10.0,24,pos,-0.0,5.4245014245014245
10.0,24,sbps,-0.0,5.4245014245014245
10.0,24,prculs-d,-0.0,5.4245014245014245
10.0,24,prcus-p,0.0,5.4245014245014245
10.0,24,prcus-i,-0.0,5.4245014245014245
10.0,24,prcus-a,-0.0,5.4245014245014245
10.0,24,ifrms,-0.0,5.4245014245014245
10.0,24,sspls-v,-0.0,5.4245014245014245
10.0,25,mcgs,-0.0,5.247863247863247
10.0,25,pos,-0.0,5.247863247863247
10.0,25,sbps,-0.0,5.247863247863247
10.0,25,prculs-d,0.0,5.247863247863247
10.0,25,prcus-p,0.0,5.247863247863247
10.0,25,prcus-i,-0.0,5.247863247863247
10.0,25,prcus-a,-0.0,5.247863247863247
10.0,25,ifrms,-0.0,5.247863247863247
10.0,25,sspls-v,0.0,5.247863247863247
10.0,26,mcgs,-0.0,5.581196581196581
10.0,26,pos,-0.0,5.581196581196581
10.0,26,sbps,-0.0,5.581196581196581
10.0,26,prculs-d,-0.0,5.581196581196581
10.0,26,prcus-p,0.0,5.581196581196581
10.0,26,prcus-i,-0.0,5.581196581196581
10.0,26,prcus-a,-0.0,5.581196581196581
10.0,26,ifrms,-0.0,5.581196581196581
10.0,26,sspls-v,-0.0,5.581196581196581
10.0,27,mcgs,-0.0,5.384615384615386
10.0,27,pos,-0.0,5.384615384615386
10.0,27,sbps,-0.0,5.384615384615386
10.0,27,prculs-d,0.0,5.384615384615386
10.0,27,prcus-p,0.0,5.384615384615386
10.0,27,prcus-i,-0.0,5.384615384615386
10.0,27,prcus-a,-0.0,5.384615384615386
10.0,27,ifrms,-0.0,5.384615384615386
10.0,27,sspls-v,-0.0,5.384615384615386
