sub,hemi,sulcus,stat,threshold_pct,window
DP10,lh,ifrms,0.0,5.0,0 mm
DP10,lh,mcgs,0.0,5.0,0 mm
DP10,lh,pos,0.0,5.0,0 mm
DP10,lh,prculs-d,0.0,5.0,0 mm
DP10,lh,prcus-a,0.0,5.0,0 mm
DP10,lh,prcus-i,0.1918878900879962,5.0,0 mm
DP10,lh,prcus-p,0.2335830195357368,5.0,0 mm
DP10,lh,sbps,0.2180693591553709,5.0,0 mm
DP10,rh,ifrms,0.0,5.0,0 mm
DP10,rh,mcgs,0.0,5.0,0 mm
DP10,rh,pos,0.1364263836467654,5.0,0 mm
DP10,rh,prculs-d,0.3039671968358677,5.0,0 mm
DP10,rh,prcus-a,0.0,5.0,0 mm
DP10,rh,prcus-i,0.0,5.0,0 mm
DP10,rh,prcus-p,0.0,5.0,0 mm
DP10,rh,sbps,0.0,5.0,0 mm
DP11,lh,ifrms,0.0,5.0,0 mm
DP11,lh,mcgs,0.0,5.0,0 mm
DP11,lh,pos,0.0212727781689187,5.0,0 mm
DP11,lh,prculs-d,0.0,5.0,0 mm
DP11,lh,prcus-a,0.0,5.0,0 mm
DP11,lh,prcus-i,0.0,5.0,0 mm
DP11,lh,prcus-p,0.4415802208139172,5.0,0 mm
DP11,lh,sbps,0.0,5.0,0 mm
DP11,rh,ifrms,0.0,5.0,0 mm
DP11,rh,mcgs,0.0,5.0,0 mm
DP11,rh,pos,0.0,5.0,0 mm
DP11,rh,prculs-d,0.0727635106052763,5.0,0 mm
DP11,rh,prcus-a,0.0,5.0,0 mm
DP11,rh,prcus-i,0.0,5.0,0 mm
DP11,rh,prcus-p,0.0795094720754303,5.0,0 mm
DP11,rh,sbps,0.2261448231312061,5.0,0 mm
DP12,lh,ifrms,0.0,5.0,0 mm
DP12,lh,mcgs,0.0,5.0,0 mm
DP12,lh,pos,0.0,5.0,0 mm
DP12,lh,prculs-d,0.0,5.0,0 mm
DP12,lh,prcus-a,0.0,5.0,0 mm
DP12,lh,prcus-i,0.0,5.0,0 mm
DP12,lh,prcus-p,0.4669098109681313,5.0,0 mm
DP12,lh,sbps,0.0045284242305005,5.0,0 mm
DP12,rh,ifrms,0.0,5.0,0 mm
DP12,rh,mcgs,0.0,5.0,0 mm
DP12,rh,pos,0.0,5.0,0 mm
DP12,rh,prculs-d,0.0,5.0,0 mm
DP12,rh,prcus-a,0.0,5.0,0 mm
DP12,rh,prcus-i,0.0,5.0,0 mm
DP12,rh,prcus-p,0.3369272138879946,5.0,0 mm
DP12,rh,sbps,0.0029133216653831,5.0,0 mm
DP13,lh,ifrms,0.0,5.0,0 mm
DP13,lh,mcgs,0.0,5.0,0 mm
DP13,lh,pos,0.0,5.0,0 mm
DP13,lh,prculs-d,0.0,5.0,0 mm
DP13,lh,prcus-a,0.0,5.0,0 mm
DP13,lh,prcus-i,0.0,5.0,0 mm
DP13,lh,prcus-p,0.063403660003442,5.0,0 mm
DP13,lh,sbps,0.2409019318108532,5.0,0 mm
DP13,rh,ifrms,0.0,5.0,0 mm
DP13,rh,mcgs,0.0,5.0,0 mm
DP13,rh,pos,0.0,5.0,0 mm
DP13,rh,prculs-d,0.0881982126086798,5.0,0 mm
DP13,rh,prcus-a,0.0,5.0,0 mm
DP13,rh,prcus-i,0.0,5.0,0 mm
DP13,rh,prcus-p,0.2030775540945662,5.0,0 mm
DP13,rh,sbps,0.0,5.0,0 mm
DP14,lh,ifrms,0.0,5.0,0 mm
DP14,lh,mcgs,0.0,5.0,0 mm
DP14,lh,pos,0.0,5.0,0 mm
DP14,lh,prculs-d,0.5597609610289871,5.0,0 mm
DP14,lh,prcus-a,0.0,5.0,0 mm
DP14,lh,prcus-i,0.0,5.0,0 mm
DP14,lh,prcus-p,0.0,5.0,0 mm
DP14,lh,sbps,0.0,5.0,0 mm
DP14,rh,ifrms,0.0,5.0,0 mm
DP14,rh,mcgs,0.0,5.0,0 mm
DP14,rh,pos,0.0,5.0,0 mm
DP14,rh,prculs-d,0.0,5.0,0 mm
DP14,rh,prcus-a,0.0,5.0,0 mm
DP14,rh,prcus-i,0.0,5.0,0 mm
DP14,rh,prcus-p,0.0674662045356718,5.0,0 mm
DP14,rh,sbps,0.0,5.0,0 mm
DP15,lh,ifrms,0.0,5.0,0 mm
DP15,lh,mcgs,0.0,5.0,0 mm
DP15,lh,pos,0.0,5.0,0 mm
DP15,lh,prculs-d,0.0,5.0,0 mm
DP15,lh,prcus-a,0.1716538088332774,5.0,0 mm
DP15,lh,prcus-i,0.0,5.0,0 mm
DP15,lh,prcus-p,0.0,5.0,0 mm
DP15,lh,sbps,0.2343756750813644,5.0,0 mm
DP15,rh,ifrms,0.0,5.0,0 mm
DP15,rh,mcgs,0.0,5.0,0 mm
DP15,rh,pos,0.0,5.0,0 mm
DP15,rh,prculs-d,0.0,5.0,0 mm
DP15,rh,prcus-a,0.0,5.0,0 mm
DP15,rh,prcus-i,0.0,5.0,0 mm
DP15,rh,prcus-p,0.0088306042943659,5.0,0 mm
DP15,rh,sbps,0.2418297302893516,5.0,0 mm
DP16,lh,ifrms,0.0,5.0,0 mm
DP16,lh,mcgs,0.0,5.0,0 mm
DP16,lh,pos,0.0256136451730252,5.0,0 mm
DP16,lh,prculs-d,0.0,5.0,0 mm
DP16,lh,prcus-a,0.0,5.0,0 mm
DP16,lh,prcus-i,0.0,5.0,0 mm
DP16,lh,prcus-p,0.1238362900273266,5.0,0 mm
DP16,lh,sbps,0.0,5.0,0 mm
DP16,rh,ifrms,0.0,5.0,0 mm
DP16,rh,mcgs,0.0,5.0,0 mm
DP16,rh,pos,0.003154551221616,5.0,0 mm
DP16,rh,prculs-d,0.0,5.0,0 mm
DP16,rh,prcus-a,0.0,5.0,0 mm
DP16,rh,prcus-i,0.0,5.0,0 mm
DP16,rh,prcus-p,0.0892173537150655,5.0,0 mm
DP16,rh,sbps,0.0,5.0,0 mm
DP17,lh,ifrms,0.0,5.0,0 mm
DP17,lh,mcgs,0.0,5.0,0 mm
DP17,lh,pos,0.023039136210312,5.0,0 mm
DP17,lh,prculs-d,0.0,5.0,0 mm
DP17,lh,prcus-a,0.0,5.0,0 mm
DP17,lh,prcus-i,0.0,5.0,0 mm
DP17,lh,prcus-p,0.0,5.0,0 mm
DP17,lh,sbps,0.2184353483402085,5.0,0 mm
DP17,rh,ifrms,0.0,5.0,0 mm
DP17,rh,mcgs,0.0,5.0,0 mm
DP17,rh,pos,0.0,5.0,0 mm
DP17,rh,prculs-d,0.0,5.0,0 mm
DP17,rh,prcus-a,0.3646790725547396,5.0,0 mm
DP17,rh,prcus-i,0.0,5.0,0 mm
DP17,rh,prcus-p,0.0,5.0,0 mm
DP17,rh,sbps,0.140220956127061,5.0,0 mm
DP18,lh,ifrms,0.0,5.0,0 mm
DP18,lh,mcgs,0.0,5.0,0 mm
DP18,lh,pos,0.0,5.0,0 mm
DP18,lh,prculs-d,0.0,5.0,0 mm
DP18,lh,prcus-a,0.4592612491603803,5.0,0 mm
DP18,lh,prcus-i,0.0551838100552553,5.0,0 mm
DP18,lh,prcus-p,0.0,5.0,0 mm
DP18,lh,sbps,0.1994603940628389,5.0,0 mm
DP18,rh,ifrms,0.0,5.0,0 mm
DP18,rh,mcgs,0.0,5.0,0 mm
DP18,rh,pos,0.0,5.0,0 mm
DP18,rh,prculs-d,0.010312314594769,5.0,0 mm
DP18,rh,prcus-a,0.0,5.0,0 mm
DP18,rh,prcus-i,0.0,5.0,0 mm
DP18,rh,prcus-p,0.4165334300517879,5.0,0 mm
DP18,rh,sbps,0.1132311654411664,5.0,0 mm
DP19,lh,ifrms,0.0,5.0,0 mm
DP19,lh,mcgs,0.0,5.0,0 mm
DP19,lh,pos,0.0,5.0,0 mm
DP19,lh,prculs-d,0.0,5.0,0 mm
DP19,lh,prcus-a,0.0,5.0,0 mm
DP19,lh,prcus-i,0.0,5.0,0 mm
DP19,lh,prcus-p,0.0,5.0,0 mm
DP19,lh,sbps,0.2548926543637005,5.0,0 mm
DP19,rh,ifrms,0.0,5.0,0 mm
DP19,rh,mcgs,0.0,5.0,0 mm
DP19,rh,pos,0.0,5.0,0 mm
DP19,rh,prculs-d,0.0797160404963997,5.0,0 mm
DP19,rh,prcus-a,0.0,5.0,0 mm
DP19,rh,prcus-i,0.0,5.0,0 mm
DP19,rh,prcus-p,0.0,5.0,0 mm
DP19,rh,sbps,0.2305559520945467,5.0,0 mm
DP2,lh,ifrms,0.0,5.0,0 mm
DP2,lh,mcgs,0.0,5.0,0 mm
DP2,lh,pos,0.0,5.0,0 mm
DP2,lh,prculs-d,0.037724868894366,5.0,0 mm
DP2,lh,prcus-a,0.0,5.0,0 mm
DP2,lh,prcus-i,0.0,5.0,0 mm
DP2,lh,prcus-p,0.1188102660758368,5.0,0 mm
DP2,lh,sbps,0.0,5.0,0 mm
DP2,rh,ifrms,0.0,5.0,0 mm
DP2,rh,mcgs,0.0,5.0,0 mm
DP2,rh,pos,0.0,5.0,0 mm
DP2,rh,prculs-d,0.0660291422383997,5.0,0 mm
DP2,rh,prcus-a,0.0,5.0,0 mm
DP2,rh,prcus-i,0.0,5.0,0 mm
DP2,rh,prcus-p,0.2725083516452146,5.0,0 mm
DP2,rh,sbps,0.0,5.0,0 mm
DP20,lh,ifrms,0.0,5.0,0 mm
DP20,lh,mcgs,0.0,5.0,0 mm
DP20,lh,pos,0.1017058735687695,5.0,0 mm
DP20,lh,prculs-d,0.0,5.0,0 mm
DP20,lh,prcus-a,0.0,5.0,0 mm
DP20,lh,prcus-i,0.0,5.0,0 mm
DP20,lh,prcus-p,0.5486356634810284,5.0,0 mm
DP20,lh,sbps,0.0,5.0,0 mm
DP20,rh,ifrms,0.0,5.0,0 mm
DP20,rh,mcgs,0.0,5.0,0 mm
DP20,rh,pos,0.0,5.0,0 mm
DP20,rh,prculs-d,0.0,5.0,0 mm
DP20,rh,prcus-a,0.0,5.0,0 mm
DP20,rh,prcus-i,0.565437444036553,5.0,0 mm
DP20,rh,prcus-p,0.0145601433367448,5.0,0 mm
DP20,rh,sbps,0.175857071662996,5.0,0 mm
DP21,lh,ifrms,0.0,5.0,0 mm
DP21,lh,mcgs,0.0,5.0,0 mm
DP21,lh,pos,0.0,5.0,0 mm
DP21,lh,prculs-d,0.4882940802296669,5.0,0 mm
DP21,lh,prcus-a,0.0,5.0,0 mm
DP21,lh,prcus-i,0.0,5.0,0 mm
DP21,lh,prcus-p,0.0,5.0,0 mm
DP21,lh,sbps,0.0,5.0,0 mm
DP21,rh,ifrms,0.0,5.0,0 mm
DP21,rh,mcgs,0.0,5.0,0 mm
DP21,rh,pos,0.0,5.0,0 mm
DP21,rh,prculs-d,0.6742200817138075,5.0,0 mm
DP21,rh,prcus-a,0.0,5.0,0 mm
DP21,rh,prcus-i,0.0,5.0,0 mm
DP21,rh,prcus-p,0.0,5.0,0 mm
DP21,rh,sbps,0.0,5.0,0 mm
DP22,lh,ifrms,0.0,5.0,0 mm
DP22,lh,mcgs,0.0,5.0,0 mm
DP22,lh,pos,0.0,5.0,0 mm
DP22,lh,prculs-d,0.0,5.0,0 mm
DP22,lh,prcus-a,0.0,5.0,0 mm
DP22,lh,prcus-i,0.0,5.0,0 mm
DP22,lh,prcus-p,0.0,5.0,0 mm
DP22,lh,sbps,0.3332377099854643,5.0,0 mm
DP22,rh,ifrms,0.0,5.0,0 mm
DP22,rh,mcgs,0.0,5.0,0 mm
DP22,rh,pos,0.0,5.0,0 mm
DP22,rh,prculs-d,0.0,5.0,0 mm
DP22,rh,prcus-a,0.0,5.0,0 mm
DP22,rh,prcus-i,0.0,5.0,0 mm
DP22,rh,prcus-p,0.0199593802860281,5.0,0 mm
DP22,rh,sbps,0.2612188234279916,5.0,0 mm
DP23,lh,ifrms,0.0,5.0,0 mm
DP23,lh,mcgs,0.0,5.0,0 mm
DP23,lh,pos,0.0,5.0,0 mm
DP23,lh,prculs-d,0.0,5.0,0 mm
DP23,lh,prcus-a,0.0310076062662469,5.0,0 mm
DP23,lh,prcus-i,0.2111519149414644,5.0,0 mm
DP23,lh,prcus-p,0.0,5.0,0 mm
DP23,lh,sbps,0.2466776926905497,5.0,0 mm
DP23,rh,ifrms,0.0,5.0,0 mm
DP23,rh,mcgs,0.0,5.0,0 mm
DP23,rh,pos,0.0,5.0,0 mm
DP23,rh,prculs-d,0.0835921141118648,5.0,0 mm
DP23,rh,prcus-a,0.0,5.0,0 mm
DP23,rh,prcus-i,0.1772457915882518,5.0,0 mm
DP23,rh,prcus-p,0.1693370139340687,5.0,0 mm
DP23,rh,sbps,0.0,5.0,0 mm
DP24,lh,ifrms,0.0,5.0,0 mm
DP24,lh,mcgs,0.0,5.0,0 mm
DP24,lh,pos,0.0,5.0,0 mm
DP24,lh,prculs-d,0.2887155007253037,5.0,0 mm
DP24,lh,prcus-a,0.0,5.0,0 mm
DP24,lh,prcus-i,0.0,5.0,0 mm
DP24,lh,prcus-p,0.4913919719476719,5.0,0 mm
DP24,lh,sbps,0.0,5.0,0 mm
DP24,rh,ifrms,0.0,5.0,0 mm
DP24,rh,mcgs,0.0,5.0,0 mm
DP24,rh,pos,0.0,5.0,0 mm
DP24,rh,prculs-d,0.3369474146265578,5.0,0 mm
DP24,rh,prcus-a,0.0,5.0,0 mm
DP24,rh,prcus-i,0.0,5.0,0 mm
DP24,rh,prcus-p,0.3118308783649992,5.0,0 mm
DP24,rh,sbps,0.0,5.0,0 mm
DP3,lh,ifrms,0.0,5.0,0 mm
DP3,lh,mcgs,0.0,5.0,0 mm
DP3,lh,pos,0.0,5.0,0 mm
DP3,lh,prculs-d,0.0,5.0,0 mm
DP3,lh,prcus-a,0.0,5.0,0 mm
DP3,lh,prcus-i,0.0541335449984577,5.0,0 mm
DP3,lh,prcus-p,0.5050817917755248,5.0,0 mm
DP3,lh,sbps,0.0,5.0,0 mm
DP3,rh,ifrms,0.0,5.0,0 mm
DP3,rh,mcgs,0.0,5.0,0 mm
DP3,rh,pos,0.0,5.0,0 mm
DP3,rh,prculs-d,0.0,5.0,0 mm
DP3,rh,prcus-a,0.0,5.0,0 mm
DP3,rh,prcus-i,0.0303656473087469,5.0,0 mm
DP3,rh,prcus-p,0.4778108827928403,5.0,0 mm
DP3,rh,sbps,0.0,5.0,0 mm
DP4,lh,ifrms,0.0,5.0,0 mm
DP4,lh,mcgs,0.0,5.0,0 mm
DP4,lh,pos,0.0,5.0,0 mm
DP4,lh,prculs-d,0.0,5.0,0 mm
DP4,lh,prcus-a,0.0,5.0,0 mm
DP4,lh,prcus-i,0.0,5.0,0 mm
DP4,lh,prcus-p,0.0,5.0,0 mm
DP4,lh,sbps,0.2216421381858733,5.0,0 mm
DP4,rh,ifrms,0.0,5.0,0 mm
DP4,rh,mcgs,0.0,5.0,0 mm
DP4,rh,pos,0.0,5.0,0 mm
DP4,rh,prculs-d,0.0,5.0,0 mm
DP4,rh,prcus-a,0.0,5.0,0 mm
DP4,rh,prcus-i,0.0,5.0,0 mm
DP4,rh,prcus-p,0.4106202040350266,5.0,0 mm
DP4,rh,sbps,0.0,5.0,0 mm
DP5,lh,ifrms,0.0,5.0,0 mm
DP5,lh,mcgs,0.0,5.0,0 mm
DP5,lh,pos,0.0,5.0,0 mm
DP5,lh,prculs-d,0.0,5.0,0 mm
DP5,lh,prcus-a,0.0,5.0,0 mm
DP5,lh,prcus-i,0.075860959562275,5.0,0 mm
DP5,lh,prcus-p,0.0160597942529183,5.0,0 mm
DP5,lh,sbps,0.2498118443328017,5.0,0 mm
DP5,rh,ifrms,0.0,5.0,0 mm
DP5,rh,mcgs,0.0,5.0,0 mm
DP5,rh,pos,0.0,5.0,0 mm
DP5,rh,prculs-d,0.0,5.0,0 mm
DP5,rh,prcus-a,0.0,5.0,0 mm
DP5,rh,prcus-i,0.0,5.0,0 mm
DP5,rh,prcus-p,0.2689980764696121,5.0,0 mm
DP5,rh,sbps,0.0,5.0,0 mm
DP7,lh,ifrms,0.0,5.0,0 mm
DP7,lh,mcgs,0.0,5.0,0 mm
DP7,lh,pos,0.0,5.0,0 mm
DP7,lh,prculs-d,0.0,5.0,0 mm
DP7,lh,prcus-a,0.0,5.0,0 mm
DP7,lh,prcus-i,0.311082352267182,5.0,0 mm
DP7,lh,prcus-p,0.0464436510733871,5.0,0 mm
DP7,lh,sbps,0.2442295902529803,5.0,0 mm
DP7,rh,ifrms,0.0,5.0,0 mm
DP7,rh,mcgs,0.0,5.0,0 mm
DP7,rh,pos,0.0033955189269887,5.0,0 mm
DP7,rh,prculs-d,0.0,5.0,0 mm
DP7,rh,prcus-a,0.0,5.0,0 mm
DP7,rh,prcus-i,0.0,5.0,0 mm
DP7,rh,prcus-p,0.335149729016005,5.0,0 mm
DP7,rh,sbps,0.0,5.0,0 mm
DP8,lh,ifrms,0.0,5.0,0 mm
DP8,lh,mcgs,0.0,5.0,0 mm
DP8,lh,pos,0.0,5.0,0 mm
DP8,lh,prculs-d,0.0,5.0,0 mm
DP8,lh,prcus-a,0.4764771202123244,5.0,0 mm
DP8,lh,prcus-i,0.0,5.0,0 mm
DP8,lh,prcus-p,0.0,5.0,0 mm
DP8,lh,sbps,0.0,5.0,0 mm
DP8,rh,ifrms,0.0,5.0,0 mm
DP8,rh,mcgs,0.0,5.0,0 mm
DP8,rh,pos,0.0,5.0,0 mm
DP8,rh,prculs-d,0.0,5.0,0 mm
DP8,rh,prcus-a,0.0,5.0,0 mm
DP8,rh,prcus-i,0.3021522843444833,5.0,0 mm
DP8,rh,prcus-p,0.0,5.0,0 mm
DP8,rh,sbps,0.0,5.0,0 mm
DP9,lh,ifrms,0.0,5.0,0 mm
DP9,lh,mcgs,0.0,5.0,0 mm
DP9,lh,pos,0.0,5.0,0 mm
DP9,lh,prculs-d,0.0,5.0,0 mm
DP9,lh,prcus-a,0.0,5.0,0 mm
DP9,lh,prcus-i,0.0,5.0,0 mm
DP9,lh,prcus-p,0.2497617676424879,5.0,0 mm
DP9,lh,sbps,0.2145593512088818,5.0,0 mm
DP9,rh,ifrms,0.0,5.0,0 mm
DP9,rh,mcgs,0.0,5.0,0 mm
DP9,rh,pos,0.0113139792598069,5.0,0 mm
DP9,rh,prculs-d,0.0,5.0,0 mm
DP9,rh,prcus-a,0.0,5.0,0 mm
DP9,rh,prcus-i,0.0,5.0,0 mm
DP9,rh,prcus-p,0.0,5.0,0 mm
DP9,rh,sbps,0.1893646171667315,5.0,0 mm
NT1,lh,ifrms,0.0,5.0,0 mm
NT1,lh,mcgs,0.0,5.0,0 mm
NT1,lh,pos,0.0,5.0,0 mm
NT1,lh,prculs-d,0.0,5.0,0 mm
NT1,lh,prcus-a,0.0186814844153065,5.0,0 mm
NT1,lh,prcus-i,0.671636196795911,5.0,0 mm
NT1,lh,prcus-p,0.0,5.0,0 mm
NT1,lh,sbps,0.0,5.0,0 mm
NT1,rh,ifrms,0.0,5.0,0 mm
NT1,rh,mcgs,0.0,5.0,0 mm
NT1,rh,pos,0.0,5.0,0 mm
NT1,rh,prculs-d,0.0204483896837769,5.0,0 mm
NT1,rh,prcus-a,0.0,5.0,0 mm
NT1,rh,prcus-i,0.0,5.0,0 mm
NT1,rh,prcus-p,0.1784073380062696,5.0,0 mm
NT1,rh,sbps,0.0450739667428906,5.0,0 mm
NT10,lh,ifrms,0.0,5.0,0 mm
NT10,lh,mcgs,0.0,5.0,0 mm
NT10,lh,pos,0.0,5.0,0 mm
NT10,lh,prculs-d,0.0,5.0,0 mm
NT10,lh,prcus-a,0.0,5.0,0 mm
NT10,lh,prcus-i,0.001532855588397,5.0,0 mm
NT10,lh,prcus-p,0.2520279047405618,5.0,0 mm
NT10,lh,sbps,0.2384051269113937,5.0,0 mm
NT10,rh,ifrms,0.0,5.0,0 mm
NT10,rh,mcgs,0.0,5.0,0 mm
NT10,rh,pos,0.0,5.0,0 mm
NT10,rh,prculs-d,0.0,5.0,0 mm
NT10,rh,prcus-a,0.0,5.0,0 mm
NT10,rh,prcus-i,0.0,5.0,0 mm
NT10,rh,prcus-p,0.0,5.0,0 mm
NT10,rh,sbps,0.0,5.0,0 mm
NT11,lh,ifrms,0.0,5.0,0 mm
NT11,lh,mcgs,0.0,5.0,0 mm
NT11,lh,pos,0.0,5.0,0 mm
NT11,lh,prculs-d,0.0893388907665703,5.0,0 mm
NT11,lh,prcus-a,0.0,5.0,0 mm
NT11,lh,prcus-i,0.0,5.0,0 mm
NT11,lh,prcus-p,0.0,5.0,0 mm
NT11,lh,sbps,0.0,5.0,0 mm
NT11,rh,ifrms,0.0,5.0,0 mm
NT11,rh,mcgs,0.0,5.0,0 mm
NT11,rh,pos,0.0157623729831712,5.0,0 mm
NT11,rh,prculs-d,0.3332928895034983,5.0,0 mm
NT11,rh,prcus-a,0.0,5.0,0 mm
NT11,rh,prcus-i,0.0,5.0,0 mm
NT11,rh,prcus-p,0.0,5.0,0 mm
NT11,rh,sbps,0.0,5.0,0 mm
NT12,lh,ifrms,0.0,5.0,0 mm
NT12,lh,mcgs,0.0,5.0,0 mm
NT12,lh,pos,0.0,5.0,0 mm
NT12,lh,prculs-d,0.4868497359612871,5.0,0 mm
NT12,lh,prcus-a,0.0,5.0,0 mm
NT12,lh,prcus-i,0.0,5.0,0 mm
NT12,lh,prcus-p,0.0,5.0,0 mm
NT12,lh,sbps,0.0,5.0,0 mm
NT12,rh,ifrms,0.0,5.0,0 mm
NT12,rh,mcgs,0.0,5.0,0 mm
NT12,rh,pos,0.0,5.0,0 mm
NT12,rh,prculs-d,0.6624736093206584,5.0,0 mm
NT12,rh,prcus-a,0.0,5.0,0 mm
NT12,rh,prcus-i,0.0,5.0,0 mm
NT12,rh,prcus-p,0.0,5.0,0 mm
NT12,rh,sbps,0.0,5.0,0 mm
NT13,lh,ifrms,0.0,5.0,0 mm
NT13,lh,mcgs,0.0,5.0,0 mm
NT13,lh,pos,0.0,5.0,0 mm
NT13,lh,prculs-d,0.0130867851597599,5.0,0 mm
NT13,lh,prcus-a,0.0,5.0,0 mm
NT13,lh,prcus-i,0.0,5.0,0 mm
NT13,lh,prcus-p,0.4009885594158855,5.0,0 mm
NT13,lh,sbps,0.0,5.0,0 mm
NT13,rh,ifrms,0.0,5.0,0 mm
NT13,rh,mcgs,0.0,5.0,0 mm
NT13,rh,pos,0.0,5.0,0 mm
NT13,rh,prculs-d,0.0,5.0,0 mm
NT13,rh,prcus-a,0.0,5.0,0 mm
NT13,rh,prcus-i,0.0,5.0,0 mm
NT13,rh,prcus-p,0.0080059608355237,5.0,0 mm
NT13,rh,sbps,0.2136887528072734,5.0,0 mm
NT14,lh,ifrms,0.0,5.0,0 mm
NT14,lh,mcgs,0.0,5.0,0 mm
NT14,lh,pos,0.0,5.0,0 mm
NT14,lh,prculs-d,0.0,5.0,0 mm
NT14,lh,prcus-a,0.0,5.0,0 mm
NT14,lh,prcus-i,0.049411570807577,5.0,0 mm
NT14,lh,prcus-p,0.5901587896039343,5.0,0 mm
NT14,lh,sbps,0.0,5.0,0 mm
NT14,rh,ifrms,0.0,5.0,0 mm
NT14,rh,mcgs,0.0082240922159856,5.0,0 mm
NT14,rh,pos,0.0,5.0,0 mm
NT14,rh,prculs-d,0.0,5.0,0 mm
NT14,rh,prcus-a,0.0,5.0,0 mm
NT14,rh,prcus-i,0.0,5.0,0 mm
NT14,rh,prcus-p,0.0,5.0,0 mm
NT14,rh,sbps,0.0,5.0,0 mm
NT15,lh,ifrms,0.0,5.0,0 mm
NT15,lh,mcgs,0.0,5.0,0 mm
NT15,lh,pos,0.0,5.0,0 mm
NT15,lh,prculs-d,0.0,5.0,0 mm
NT15,lh,prcus-a,0.0,5.0,0 mm
NT15,lh,prcus-i,0.0,5.0,0 mm
NT15,lh,prcus-p,0.0,5.0,0 mm
NT15,lh,sbps,0.3740364823558879,5.0,0 mm
NT15,rh,ifrms,0.0,5.0,0 mm
NT15,rh,mcgs,0.0,5.0,0 mm
NT15,rh,pos,0.0,5.0,0 mm
NT15,rh,prculs-d,0.0,5.0,0 mm
NT15,rh,prcus-a,0.0,5.0,0 mm
NT15,rh,prcus-i,0.0224616961205953,5.0,0 mm
NT15,rh,prcus-p,0.2047284179379272,5.0,0 mm
NT15,rh,sbps,0.3993501363336053,5.0,0 mm
NT16,lh,ifrms,0.0,5.0,0 mm
NT16,lh,mcgs,0.0,5.0,0 mm
NT16,lh,pos,0.0,5.0,0 mm
NT16,lh,prculs-d,0.0,5.0,0 mm
NT16,lh,prcus-a,0.0,5.0,0 mm
NT16,lh,prcus-i,0.3103204944484797,5.0,0 mm
NT16,lh,prcus-p,0.2662768409179403,5.0,0 mm
NT16,lh,sbps,0.0,5.0,0 mm
NT16,rh,ifrms,0.0,5.0,0 mm
NT16,rh,mcgs,0.0,5.0,0 mm
NT16,rh,pos,0.0,5.0,0 mm
NT16,rh,prculs-d,0.0,5.0,0 mm
NT16,rh,prcus-a,0.0,5.0,0 mm
NT16,rh,prcus-i,0.5696732714734498,5.0,0 mm
NT16,rh,prcus-p,0.0,5.0,0 mm
NT16,rh,sbps,0.0,5.0,0 mm
NT17,lh,ifrms,0.0,5.0,0 mm
NT17,lh,mcgs,0.0,5.0,0 mm
NT17,lh,pos,0.0,5.0,0 mm
NT17,lh,prculs-d,0.0,5.0,0 mm
NT17,lh,prcus-a,0.0053046093908888,5.0,0 mm
NT17,lh,prcus-i,0.0847555236229955,5.0,0 mm
NT17,lh,prcus-p,0.2554414383124503,5.0,0 mm
NT17,lh,sbps,0.2220040513585129,5.0,0 mm
NT17,rh,ifrms,0.0,5.0,0 mm
NT17,rh,mcgs,0.0,5.0,0 mm
NT17,rh,pos,0.0600628898067074,5.0,0 mm
NT17,rh,prculs-d,0.0,5.0,0 mm
NT17,rh,prcus-a,0.0,5.0,0 mm
NT17,rh,prcus-i,0.0,5.0,0 mm
NT17,rh,prcus-p,0.0,5.0,0 mm
NT17,rh,sbps,0.0,5.0,0 mm
NT18,lh,ifrms,0.0,5.0,0 mm
NT18,lh,mcgs,0.0,5.0,0 mm
NT18,lh,pos,0.0,5.0,0 mm
NT18,lh,prculs-d,0.0487941918625562,5.0,0 mm
NT18,lh,prcus-a,0.0,5.0,0 mm
NT18,lh,prcus-i,0.0,5.0,0 mm
NT18,lh,prcus-p,0.0798877260336272,5.0,0 mm
NT18,lh,sbps,0.1893290171969956,5.0,0 mm
NT18,rh,ifrms,0.0,5.0,0 mm
NT18,rh,mcgs,0.0,5.0,0 mm
NT18,rh,pos,0.0,5.0,0 mm
NT18,rh,prculs-d,0.2326938942078727,5.0,0 mm
NT18,rh,prcus-a,0.0,5.0,0 mm
NT18,rh,prcus-i,0.0,5.0,0 mm
NT18,rh,prcus-p,0.157911548986128,5.0,0 mm
NT18,rh,sbps,0.0,5.0,0 mm
NT19,lh,ifrms,0.0,5.0,0 mm
NT19,lh,mcgs,0.0,5.0,0 mm
NT19,lh,pos,0.0,5.0,0 mm
NT19,lh,prculs-d,0.0,5.0,0 mm
NT19,lh,prcus-a,0.0,5.0,0 mm
NT19,lh,prcus-i,0.0,5.0,0 mm
NT19,lh,prcus-p,0.4722238183270446,5.0,0 mm
NT19,lh,sbps,0.0,5.0,0 mm
NT19,rh,ifrms,0.0,5.0,0 mm
NT19,rh,mcgs,0.0,5.0,0 mm
NT19,rh,pos,0.0,5.0,0 mm
NT19,rh,prculs-d,0.0,5.0,0 mm
NT19,rh,prcus-a,0.0,5.0,0 mm
NT19,rh,prcus-i,0.4422545093017719,5.0,0 mm
NT19,rh,prcus-p,0.0,5.0,0 mm
NT19,rh,sbps,0.0,5.0,0 mm
NT20,lh,ifrms,0.0,5.0,0 mm
NT20,lh,mcgs,0.0,5.0,0 mm
NT20,lh,pos,0.0065367861311805,5.0,0 mm
NT20,lh,prculs-d,0.0,5.0,0 mm
NT20,lh,prcus-a,0.0,5.0,0 mm
NT20,lh,prcus-i,0.0307240387254589,5.0,0 mm
NT20,lh,prcus-p,0.5336758668051047,5.0,0 mm
NT20,lh,sbps,0.0,5.0,0 mm
NT20,rh,ifrms,0.0,5.0,0 mm
NT20,rh,mcgs,0.0269152266960952,5.0,0 mm
NT20,rh,pos,0.0,5.0,0 mm
NT20,rh,prculs-d,0.0,5.0,0 mm
NT20,rh,prcus-a,0.0,5.0,0 mm
NT20,rh,prcus-i,0.0329912971654127,5.0,0 mm
NT20,rh,prcus-p,0.0,5.0,0 mm
NT20,rh,sbps,0.0,5.0,0 mm
NT21,lh,ifrms,0.0,5.0,0 mm
NT21,lh,mcgs,0.0,5.0,0 mm
NT21,lh,pos,0.0,5.0,0 mm
NT21,lh,prculs-d,0.0,5.0,0 mm
NT21,lh,prcus-a,0.0,5.0,0 mm
NT21,lh,prcus-i,0.2384712714275796,5.0,0 mm
NT21,lh,prcus-p,0.0,5.0,0 mm
NT21,lh,sbps,0.2165883553044664,5.0,0 mm
NT21,rh,ifrms,0.0,5.0,0 mm
NT21,rh,mcgs,0.0,5.0,0 mm
NT21,rh,pos,0.0,5.0,0 mm
NT21,rh,prculs-d,0.0,5.0,0 mm
NT21,rh,prcus-a,0.0,5.0,0 mm
NT21,rh,prcus-i,0.0,5.0,0 mm
NT21,rh,prcus-p,0.3655221257932261,5.0,0 mm
NT21,rh,sbps,0.0150623837621358,5.0,0 mm
NT22,lh,ifrms,0.0,5.0,0 mm
NT22,lh,mcgs,0.0,5.0,0 mm
NT22,lh,pos,0.0,5.0,0 mm
NT22,lh,prculs-d,0.0,5.0,0 mm
NT22,lh,prcus-a,0.0,5.0,0 mm
NT22,lh,prcus-i,0.3036861403747394,5.0,0 mm
NT22,lh,prcus-p,0.0,5.0,0 mm
NT22,lh,sbps,0.0,5.0,0 mm
NT22,rh,ifrms,0.0,5.0,0 mm
NT22,rh,mcgs,0.0,5.0,0 mm
NT22,rh,pos,0.0,5.0,0 mm
NT22,rh,prculs-d,0.0,5.0,0 mm
NT22,rh,prcus-a,0.0,5.0,0 mm
NT22,rh,prcus-i,0.0,5.0,0 mm
NT22,rh,prcus-p,0.0535745559314935,5.0,0 mm
NT22,rh,sbps,0.2797965921358772,5.0,0 mm
NT23,lh,ifrms,0.0,5.0,0 mm
NT23,lh,mcgs,0.0,5.0,0 mm
NT23,lh,pos,0.0,5.0,0 mm
NT23,lh,prculs-d,0.0,5.0,0 mm
NT23,lh,prcus-a,0.0,5.0,0 mm
NT23,lh,prcus-i,0.0071730767435807,5.0,0 mm
NT23,lh,prcus-p,0.0,5.0,0 mm
NT23,lh,sbps,0.0,5.0,0 mm
NT23,rh,ifrms,0.0,5.0,0 mm
NT23,rh,mcgs,0.0,5.0,0 mm
NT23,rh,pos,0.1568435502860888,5.0,0 mm
NT23,rh,prculs-d,0.0341226554103527,5.0,0 mm
NT23,rh,prcus-a,0.0,5.0,0 mm
NT23,rh,prcus-i,0.0,5.0,0 mm
NT23,rh,prcus-p,0.0,5.0,0 mm
NT23,rh,sbps,0.0,5.0,0 mm
NT24,lh,ifrms,0.0,5.0,0 mm
NT24,lh,mcgs,0.0,5.0,0 mm
NT24,lh,pos,0.0,5.0,0 mm
NT24,lh,prculs-d,0.0,5.0,0 mm
NT24,lh,prcus-a,0.0,5.0,0 mm
NT24,lh,prcus-i,0.3180731904531027,5.0,0 mm
NT24,lh,prcus-p,0.0,5.0,0 mm
NT24,lh,sbps,0.0,5.0,0 mm
NT24,rh,ifrms,0.0,5.0,0 mm
NT24,rh,mcgs,0.0,5.0,0 mm
NT24,rh,pos,0.0089301407802659,5.0,0 mm
NT24,rh,prculs-d,0.0,5.0,0 mm
NT24,rh,prcus-a,0.0,5.0,0 mm
NT24,rh,prcus-i,0.0,5.0,0 mm
NT24,rh,prcus-p,0.0384715004071492,5.0,0 mm
NT24,rh,sbps,0.0211118127030285,5.0,0 mm
NT25,lh,ifrms,0.0,5.0,0 mm
NT25,lh,mcgs,0.0,5.0,0 mm
NT25,lh,pos,0.0163956730428974,5.0,0 mm
NT25,lh,prculs-d,0.6348359056697306,5.0,0 mm
NT25,lh,prcus-a,0.0,5.0,0 mm
NT25,lh,prcus-i,0.0,5.0,0 mm
NT25,lh,prcus-p,0.0,5.0,0 mm
NT25,lh,sbps,0.0,5.0,0 mm
NT25,rh,ifrms,0.0,5.0,0 mm
NT25,rh,mcgs,0.0,5.0,0 mm
NT25,rh,pos,0.0,5.0,0 mm
NT25,rh,prculs-d,0.0888719762503045,5.0,0 mm
NT25,rh,prcus-a,0.0,5.0,0 mm
NT25,rh,prcus-i,0.0,5.0,0 mm
NT25,rh,prcus-p,0.1466907242641509,5.0,0 mm
NT25,rh,sbps,0.0,5.0,0 mm
NT26,lh,ifrms,0.0,5.0,0 mm
NT26,lh,mcgs,0.0,5.0,0 mm
NT26,lh,pos,0.0,5.0,0 mm
NT26,lh,prculs-d,0.0939080397915127,5.0,0 mm
NT26,lh,prcus-a,0.0,5.0,0 mm
NT26,lh,prcus-i,0.0,5.0,0 mm
NT26,lh,prcus-p,0.2336579676276145,5.0,0 mm
NT26,lh,sbps,0.0,5.0,0 mm
NT26,rh,ifrms,0.0,5.0,0 mm
NT26,rh,mcgs,0.0,5.0,0 mm
NT26,rh,pos,0.0,5.0,0 mm
NT26,rh,prculs-d,0.0132812851809372,5.0,0 mm
NT26,rh,prcus-a,0.0,5.0,0 mm
NT26,rh,prcus-i,0.0,5.0,0 mm
NT26,rh,prcus-p,0.0722373855038133,5.0,0 mm
NT26,rh,sbps,0.0,5.0,0 mm
NT27,lh,ifrms,0.0,5.0,0 mm
NT27,lh,mcgs,0.0,5.0,0 mm
NT27,lh,pos,0.0,5.0,0 mm
NT27,lh,prculs-d,0.0,5.0,0 mm
NT27,lh,prcus-a,0.0,5.0,0 mm
NT27,lh,prcus-i,0.0,5.0,0 mm
NT27,lh,prcus-p,0.1957616485997469,5.0,0 mm
NT27,lh,sbps,0.0,5.0,0 mm
NT27,rh,ifrms,0.0,5.0,0 mm
NT27,rh,mcgs,0.0,5.0,0 mm
NT27,rh,pos,0.0,5.0,0 mm
NT27,rh,prculs-d,0.2391756221152242,5.0,0 mm
NT27,rh,prcus-a,0.0,5.0,0 mm
NT27,rh,prcus-i,0.2391629905855806,5.0,0 mm
NT27,rh,prcus-p,0.0,5.0,0 mm
NT27,rh,sbps,0.0,5.0,0 mm
NT3,lh,ifrms,0.0,5.0,0 mm
NT3,lh,mcgs,0.0,5.0,0 mm
NT3,lh,pos,0.003410465027147,5.0,0 mm
NT3,lh,prculs-d,0.5883070088167144,5.0,0 mm
NT3,lh,prcus-a,0.0,5.0,0 mm
NT3,lh,prcus-i,0.0,5.0,0 mm
NT3,lh,prcus-p,0.0,5.0,0 mm
NT3,lh,sbps,0.0,5.0,0 mm
NT3,rh,ifrms,0.0,5.0,0 mm
NT3,rh,mcgs,0.0,5.0,0 mm
NT3,rh,pos,0.2461867626515533,5.0,0 mm
NT3,rh,prculs-d,0.1344808640067621,5.0,0 mm
NT3,rh,prcus-a,0.0,5.0,0 mm
NT3,rh,prcus-i,0.0,5.0,0 mm
NT3,rh,prcus-p,0.0,5.0,0 mm
NT3,rh,sbps,0.0,5.0,0 mm
NT5,lh,ifrms,0.0,5.0,0 mm
NT5,lh,mcgs,0.0,5.0,0 mm
NT5,lh,pos,0.0,5.0,0 mm
NT5,lh,prculs-d,0.0,5.0,0 mm
NT5,lh,prcus-a,0.0,5.0,0 mm
NT5,lh,prcus-i,0.6010530701607654,5.0,0 mm
NT5,lh,prcus-p,0.0242444848244376,5.0,0 mm
NT5,lh,sbps,0.0,5.0,0 mm
NT5,rh,ifrms,0.0,5.0,0 mm
NT5,rh,mcgs,0.0,5.0,0 mm
NT5,rh,pos,0.0,5.0,0 mm
NT5,rh,prculs-d,0.0,5.0,0 mm
NT5,rh,prcus-a,0.0960988443632039,5.0,0 mm
NT5,rh,prcus-i,0.4476481331984212,5.0,0 mm
NT5,rh,prcus-p,0.0,5.0,0 mm
NT5,rh,sbps,0.0,5.0,0 mm
NT6,lh,ifrms,0.0,5.0,0 mm
NT6,lh,mcgs,0.0,5.0,0 mm
NT6,lh,pos,0.0,5.0,0 mm
NT6,lh,prculs-d,0.0,5.0,0 mm
NT6,lh,prcus-a,0.0,5.0,0 mm
NT6,lh,prcus-i,0.0,5.0,0 mm
NT6,lh,prcus-p,0.1509949026388855,5.0,0 mm
NT6,lh,sbps,0.1175677323129819,5.0,0 mm
NT6,rh,ifrms,0.0,5.0,0 mm
NT6,rh,mcgs,0.0,5.0,0 mm
NT6,rh,pos,0.0,5.0,0 mm
NT6,rh,prculs-d,0.1952395347507069,5.0,0 mm
NT6,rh,prcus-a,0.0,5.0,0 mm
NT6,rh,prcus-i,0.0,5.0,0 mm
NT6,rh,prcus-p,0.3120058404719411,5.0,0 mm
NT6,rh,sbps,0.0,5.0,0 mm
NT7,lh,ifrms,0.0,5.0,0 mm
NT7,lh,mcgs,0.0,5.0,0 mm
NT7,lh,pos,0.0,5.0,0 mm
NT7,lh,prculs-d,0.0921559605916547,5.0,0 mm
NT7,lh,prcus-a,0.0,5.0,0 mm
NT7,lh,prcus-i,0.0,5.0,0 mm
NT7,lh,prcus-p,0.2298088271771339,5.0,0 mm
NT7,lh,sbps,0.0,5.0,0 mm
NT7,rh,ifrms,0.0,5.0,0 mm
NT7,rh,mcgs,0.0,5.0,0 mm
NT7,rh,pos,0.0,5.0,0 mm
NT7,rh,prculs-d,0.1123463638186128,5.0,0 mm
NT7,rh,prcus-a,0.0,5.0,0 mm
NT7,rh,prcus-i,0.0,5.0,0 mm
NT7,rh,prcus-p,0.2634591565970272,5.0,0 mm
NT7,rh,sbps,0.0,5.0,0 mm
NT8,lh,ifrms,0.0,5.0,0 mm
NT8,lh,mcgs,0.0,5.0,0 mm
NT8,lh,pos,0.0,5.0,0 mm
NT8,lh,prculs-d,0.0,5.0,0 mm
NT8,lh,prcus-a,0.0,5.0,0 mm
NT8,lh,prcus-i,0.0476534010819416,5.0,0 mm
NT8,lh,prcus-p,0.1782254442041333,5.0,0 mm
NT8,lh,sbps,0.0,5.0,0 mm
NT8,rh,ifrms,0.0,5.0,0 mm
NT8,rh,mcgs,0.0,5.0,0 mm
NT8,rh,pos,0.0,5.0,0 mm
NT8,rh,prculs-d,0.0,5.0,0 mm
NT8,rh,prcus-a,0.0,5.0,0 mm
NT8,rh,prcus-i,0.2073941611829182,5.0,0 mm
NT8,rh,prcus-p,0.3030246209262375,5.0,0 mm
NT8,rh,sbps,0.0,5.0,0 mm
NT9,lh,ifrms,0.0,5.0,0 mm
NT9,lh,mcgs,0.0,5.0,0 mm
NT9,lh,pos,0.0040563484442209,5.0,0 mm
NT9,lh,prculs-d,0.0,5.0,0 mm
NT9,lh,prcus-a,0.0,5.0,0 mm
NT9,lh,prcus-i,0.3729226648709898,5.0,0 mm
NT9,lh,prcus-p,0.0359494706210477,5.0,0 mm
NT9,lh,sbps,0.0,5.0,0 mm
NT9,rh,ifrms,0.0,5.0,0 mm
NT9,rh,mcgs,0.0,5.0,0 mm
NT9,rh,pos,0.0,5.0,0 mm
NT9,rh,prculs-d,0.0,5.0,0 mm
NT9,rh,prcus-a,0.0,5.0,0 mm
NT9,rh,prcus-i,0.0,5.0,0 mm
NT9,rh,prcus-p,0.2148634572012921,5.0,0 mm
NT9,rh,sbps,0.0883679245023148,5.0,0 mm
DP10,lh,ifrms,0.0,5.0,0-5 mm
DP10,lh,mcgs,0.0,5.0,0-5 mm
DP10,lh,pos,0.000223321773763225,5.0,0-5 mm
DP10,lh,prculs-d,0.0,5.0,0-5 mm
DP10,lh,prcus-a,0.00256147201738985,5.0,0-5 mm
DP10,lh,prcus-i,0.21802165994536282,5.0,0-5 mm
DP10,lh,prcus-p,0.3513434344516988,5.0,0-5 mm
DP10,lh,sbps,0.24895157428106268,5.0,0-5 mm
DP10,rh,ifrms,0.0,5.0,0-5 mm
DP10,rh,mcgs,0.0,5.0,0-5 mm
DP10,rh,pos,0.12860904491389016,5.0,0-5 mm
DP10,rh,prculs-d,0.36532685227899775,5.0,0-5 mm
DP10,rh,prcus-a,0.0,5.0,0-5 mm
DP10,rh,prcus-i,0.0,5.0,0-5 mm
DP10,rh,prcus-p,0.0,5.0,0-5 mm
DP10,rh,sbps,0.0,5.0,0-5 mm
DP11,lh,ifrms,0.0,5.0,0-5 mm
DP11,lh,mcgs,0.0,5.0,0-5 mm
DP11,lh,pos,0.04670959605990723,5.0,0-5 mm
DP11,lh,prculs-d,0.0,5.0,0-5 mm
DP11,lh,prcus-a,0.0,5.0,0-5 mm
DP11,lh,prcus-i,0.07499023093049187,5.0,0-5 mm
DP11,lh,prcus-p,0.5966758051357548,5.0,0-5 mm
DP11,lh,sbps,0.015241157348280326,5.0,0-5 mm
DP11,rh,ifrms,0.0,5.0,0-5 mm
DP11,rh,mcgs,0.0,5.0,0-5 mm
DP11,rh,pos,0.014866369040131375,5.0,0-5 mm
DP11,rh,prculs-d,0.0908677262901311,5.0,0-5 mm
DP11,rh,prcus-a,0.0,5.0,0-5 mm
DP11,rh,prcus-i,0.000808697440649425,5.0,0-5 mm
DP11,rh,prcus-p,0.20234825127079087,5.0,0-5 mm
DP11,rh,sbps,0.21081365136938063,5.0,0-5 mm
DP12,lh,ifrms,0.0,5.0,0-5 mm
DP12,lh,mcgs,0.0,5.0,0-5 mm
DP12,lh,pos,0.0008618140801752749,5.0,0-5 mm
DP12,lh,prculs-d,0.042224905694819424,5.0,0-5 mm
DP12,lh,prcus-a,0.0,5.0,0-5 mm
DP12,lh,prcus-i,0.009644025535901575,5.0,0-5 mm
DP12,lh,prcus-p,0.4286896242241851,5.0,0-5 mm
DP12,lh,sbps,0.04436747215461517,5.0,0-5 mm
DP12,rh,ifrms,0.0,5.0,0-5 mm
DP12,rh,mcgs,0.0,5.0,0-5 mm
DP12,rh,pos,0.0,5.0,0-5 mm
DP12,rh,prculs-d,0.0,5.0,0-5 mm
DP12,rh,prcus-a,0.0,5.0,0-5 mm
DP12,rh,prcus-i,0.03405302735409385,5.0,0-5 mm
DP12,rh,prcus-p,0.3262400999207236,5.0,0-5 mm
DP12,rh,sbps,0.0164320883564135,5.0,0-5 mm
DP13,lh,ifrms,0.0,5.0,0-5 mm
DP13,lh,mcgs,0.0,5.0,0-5 mm
DP13,lh,pos,0.0,5.0,0-5 mm
DP13,lh,prculs-d,0.0,5.0,0-5 mm
DP13,lh,prcus-a,0.0,5.0,0-5 mm
DP13,lh,prcus-i,0.0,5.0,0-5 mm
DP13,lh,prcus-p,0.09599189141364735,5.0,0-5 mm
DP13,lh,sbps,0.22732473240678025,5.0,0-5 mm
DP13,rh,ifrms,0.0,5.0,0-5 mm
DP13,rh,mcgs,0.0,5.0,0-5 mm
DP13,rh,pos,0.0009032146452466752,5.0,0-5 mm
DP13,rh,prculs-d,0.10469044121050268,5.0,0-5 mm
DP13,rh,prcus-a,0.0,5.0,0-5 mm
DP13,rh,prcus-i,0.0,5.0,0-5 mm
DP13,rh,prcus-p,0.273226237723767,5.0,0-5 mm
DP13,rh,sbps,0.0,5.0,0-5 mm
DP14,lh,ifrms,0.0,5.0,0-5 mm
DP14,lh,mcgs,0.0,5.0,0-5 mm
DP14,lh,pos,0.0044751196748846755,5.0,0-5 mm
DP14,lh,prculs-d,0.4647781910245395,5.0,0-5 mm
DP14,lh,prcus-a,0.0,5.0,0-5 mm
DP14,lh,prcus-i,0.0,5.0,0-5 mm
DP14,lh,prcus-p,0.0,5.0,0-5 mm
DP14,lh,sbps,0.0,5.0,0-5 mm
DP14,rh,ifrms,0.0,5.0,0-5 mm
DP14,rh,mcgs,0.0,5.0,0-5 mm
DP14,rh,pos,0.0,5.0,0-5 mm
DP14,rh,prculs-d,0.022481418397395425,5.0,0-5 mm
DP14,rh,prcus-a,0.0,5.0,0-5 mm
DP14,rh,prcus-i,0.0,5.0,0-5 mm
DP14,rh,prcus-p,0.10532724258887247,5.0,0-5 mm
DP14,rh,sbps,0.0,5.0,0-5 mm
DP15,lh,ifrms,0.0,5.0,0-5 mm
DP15,lh,mcgs,0.0,5.0,0-5 mm
DP15,lh,pos,0.0,5.0,0-5 mm
DP15,lh,prculs-d,0.0,5.0,0-5 mm
DP15,lh,prcus-a,0.16380126231033537,5.0,0-5 mm
DP15,lh,prcus-i,0.0,5.0,0-5 mm
DP15,lh,prcus-p,0.0,5.0,0-5 mm
DP15,lh,sbps,0.3002270857588455,5.0,0-5 mm
DP15,rh,ifrms,0.0,5.0,0-5 mm
DP15,rh,mcgs,0.0,5.0,0-5 mm
DP15,rh,pos,0.0,5.0,0-5 mm
DP15,rh,prculs-d,0.0057777115462158,5.0,0-5 mm
DP15,rh,prcus-a,0.0,5.0,0-5 mm
DP15,rh,prcus-i,0.0,5.0,0-5 mm
DP15,rh,prcus-p,0.06817228089514414,5.0,0-5 mm
DP15,rh,sbps,0.24047625240550366,5.0,0-5 mm
DP16,lh,ifrms,0.0,5.0,0-5 mm
DP16,lh,mcgs,0.0,5.0,0-5 mm
DP16,lh,pos,0.05423451926989268,5.0,0-5 mm
DP16,lh,prculs-d,0.005140187829433675,5.0,0-5 mm
DP16,lh,prcus-a,0.0,5.0,0-5 mm
DP16,lh,prcus-i,0.0,5.0,0-5 mm
DP16,lh,prcus-p,0.22050539181100803,5.0,0-5 mm
DP16,lh,sbps,0.0,5.0,0-5 mm
DP16,rh,ifrms,0.0,5.0,0-5 mm
DP16,rh,mcgs,0.0,5.0,0-5 mm
DP16,rh,pos,0.016975461054819552,5.0,0-5 mm
DP16,rh,prculs-d,0.01843016425748665,5.0,0-5 mm
DP16,rh,prcus-a,0.0,5.0,0-5 mm
DP16,rh,prcus-i,0.0,5.0,0-5 mm
DP16,rh,prcus-p,0.18714510041563287,5.0,0-5 mm
DP16,rh,sbps,0.0,5.0,0-5 mm
DP17,lh,ifrms,0.0,5.0,0-5 mm
DP17,lh,mcgs,0.0,5.0,0-5 mm
DP17,lh,pos,0.025805726114128902,5.0,0-5 mm
DP17,lh,prculs-d,0.0,5.0,0-5 mm
DP17,lh,prcus-a,0.0,5.0,0-5 mm
DP17,lh,prcus-i,0.005563937334349325,5.0,0-5 mm
DP17,lh,prcus-p,0.0,5.0,0-5 mm
DP17,lh,sbps,0.216352623302334,5.0,0-5 mm
DP17,rh,ifrms,0.0,5.0,0-5 mm
DP17,rh,mcgs,0.0,5.0,0-5 mm
DP17,rh,pos,0.0,5.0,0-5 mm
DP17,rh,prculs-d,0.0,5.0,0-5 mm
DP17,rh,prcus-a,0.37162306098083714,5.0,0-5 mm
DP17,rh,prcus-i,0.009287664679801974,5.0,0-5 mm
DP17,rh,prcus-p,0.0015705358978763,5.0,0-5 mm
DP17,rh,sbps,0.1764213320281049,5.0,0-5 mm
DP18,lh,ifrms,0.0,5.0,0-5 mm
DP18,lh,mcgs,0.0,5.0,0-5 mm
DP18,lh,pos,0.0,5.0,0-5 mm
DP18,lh,prculs-d,0.0,5.0,0-5 mm
DP18,lh,prcus-a,0.41533228806002265,5.0,0-5 mm
DP18,lh,prcus-i,0.09840285622615068,5.0,0-5 mm
DP18,lh,prcus-p,0.0,5.0,0-5 mm
DP18,lh,sbps,0.22953163740448407,5.0,0-5 mm
DP18,rh,ifrms,0.0,5.0,0-5 mm
DP18,rh,mcgs,0.0,5.0,0-5 mm
DP18,rh,pos,0.015251411106280074,5.0,0-5 mm
DP18,rh,prculs-d,0.030209730032360698,5.0,0-5 mm
DP18,rh,prcus-a,0.0,5.0,0-5 mm
DP18,rh,prcus-i,0.0,5.0,0-5 mm
DP18,rh,prcus-p,0.4241443993289266,5.0,0-5 mm
DP18,rh,sbps,0.1412409730841519,5.0,0-5 mm
DP19,lh,ifrms,0.0,5.0,0-5 mm
DP19,lh,mcgs,0.0,5.0,0-5 mm
DP19,lh,pos,0.0,5.0,0-5 mm
DP19,lh,prculs-d,0.00032745604524705,5.0,0-5 mm
DP19,lh,prcus-a,0.0,5.0,0-5 mm
DP19,lh,prcus-i,0.0,5.0,0-5 mm
DP19,lh,prcus-p,0.021170363176416476,5.0,0-5 mm
DP19,lh,sbps,0.26415260221744535,5.0,0-5 mm
DP19,rh,ifrms,0.0,5.0,0-5 mm
DP19,rh,mcgs,0.0,5.0,0-5 mm
DP19,rh,pos,0.0041535395767082,5.0,0-5 mm
DP19,rh,prculs-d,0.09714546301258672,5.0,0-5 mm
DP19,rh,prcus-a,0.0,5.0,0-5 mm
DP19,rh,prcus-i,0.0,5.0,0-5 mm
DP19,rh,prcus-p,0.000310228154268725,5.0,0-5 mm
DP19,rh,sbps,0.26138317695826485,5.0,0-5 mm
DP2,lh,ifrms,0.0,5.0,0-5 mm
DP2,lh,mcgs,0.0,5.0,0-5 mm
DP2,lh,pos,0.006508866068806849,5.0,0-5 mm
DP2,lh,prculs-d,0.05013183888208478,5.0,0-5 mm
DP2,lh,prcus-a,0.0,5.0,0-5 mm
DP2,lh,prcus-i,0.001036707805961025,5.0,0-5 mm
DP2,lh,prcus-p,0.18929058889674422,5.0,0-5 mm
DP2,lh,sbps,0.0008496944383045501,5.0,0-5 mm
DP2,rh,ifrms,0.0,5.0,0-5 mm
DP2,rh,mcgs,0.0,5.0,0-5 mm
DP2,rh,pos,0.0,5.0,0-5 mm
DP2,rh,prculs-d,0.1406633544143153,5.0,0-5 mm
DP2,rh,prcus-a,0.0,5.0,0-5 mm
DP2,rh,prcus-i,0.0,5.0,0-5 mm
DP2,rh,prcus-p,0.31291497745312347,5.0,0-5 mm
DP2,rh,sbps,0.0,5.0,0-5 mm
DP20,lh,ifrms,0.0,5.0,0-5 mm
DP20,lh,mcgs,0.0,5.0,0-5 mm
DP20,lh,pos,0.08633223867481628,5.0,0-5 mm
DP20,lh,prculs-d,0.0019785753885423,5.0,0-5 mm
DP20,lh,prcus-a,0.0,5.0,0-5 mm
DP20,lh,prcus-i,0.0,5.0,0-5 mm
DP20,lh,prcus-p,0.45989876364561466,5.0,0-5 mm
DP20,lh,sbps,0.002528725841663775,5.0,0-5 mm
DP20,rh,ifrms,0.0,5.0,0-5 mm
DP20,rh,mcgs,0.001185715852281075,5.0,0-5 mm
DP20,rh,pos,0.0,5.0,0-5 mm
DP20,rh,prculs-d,0.0,5.0,0-5 mm
DP20,rh,prcus-a,0.011853253963947276,5.0,0-5 mm
DP20,rh,prcus-i,0.6136215828544463,5.0,0-5 mm
DP20,rh,prcus-p,0.04452395906479158,5.0,0-5 mm
DP20,rh,sbps,0.18618449486792074,5.0,0-5 mm
DP21,lh,ifrms,0.0,5.0,0-5 mm
DP21,lh,mcgs,0.0,5.0,0-5 mm
DP21,lh,pos,0.00099003817921895,5.0,0-5 mm
DP21,lh,prculs-d,0.42755265625389505,5.0,0-5 mm
DP21,lh,prcus-a,0.0,5.0,0-5 mm
DP21,lh,prcus-i,0.000593183393283875,5.0,0-5 mm
DP21,lh,prcus-p,0.0,5.0,0-5 mm
DP21,lh,sbps,0.0,5.0,0-5 mm
DP21,rh,ifrms,0.0,5.0,0-5 mm
DP21,rh,mcgs,0.0,5.0,0-5 mm
DP21,rh,pos,0.003767519529453975,5.0,0-5 mm
DP21,rh,prculs-d,0.5720794992500637,5.0,0-5 mm
DP21,rh,prcus-a,0.0,5.0,0-5 mm
DP21,rh,prcus-i,0.0,5.0,0-5 mm
DP21,rh,prcus-p,0.0,5.0,0-5 mm
DP21,rh,sbps,0.0,5.0,0-5 mm
DP22,lh,ifrms,0.0,5.0,0-5 mm
DP22,lh,mcgs,0.0,5.0,0-5 mm
DP22,lh,pos,0.001048068361983925,5.0,0-5 mm
DP22,lh,prculs-d,0.0,5.0,0-5 mm
DP22,lh,prcus-a,0.0,5.0,0-5 mm
DP22,lh,prcus-i,0.010535109436298675,5.0,0-5 mm
DP22,lh,prcus-p,0.0,5.0,0-5 mm
DP22,lh,sbps,0.3087434544138362,5.0,0-5 mm
DP22,rh,ifrms,0.0,5.0,0-5 mm
DP22,rh,mcgs,0.0,5.0,0-5 mm
DP22,rh,pos,0.0,5.0,0-5 mm
DP22,rh,prculs-d,0.03741372987571405,5.0,0-5 mm
DP22,rh,prcus-a,0.0,5.0,0-5 mm
DP22,rh,prcus-i,0.002226729313634725,5.0,0-5 mm
DP22,rh,prcus-p,0.06362529350279375,5.0,0-5 mm
DP22,rh,sbps,0.28442045263862825,5.0,0-5 mm
DP23,lh,ifrms,0.0,5.0,0-5 mm
DP23,lh,mcgs,0.0,5.0,0-5 mm
DP23,lh,pos,0.0,5.0,0-5 mm
DP23,lh,prculs-d,0.0,5.0,0-5 mm
DP23,lh,prcus-a,0.07572528114713697,5.0,0-5 mm
DP23,lh,prcus-i,0.2471370095165452,5.0,0-5 mm
DP23,lh,prcus-p,0.0360243703621505,5.0,0-5 mm
DP23,lh,sbps,0.23575523945445226,5.0,0-5 mm
DP23,rh,ifrms,0.0,5.0,0-5 mm
DP23,rh,mcgs,0.0,5.0,0-5 mm
DP23,rh,pos,0.0,5.0,0-5 mm
DP23,rh,prculs-d,0.0993988577445867,5.0,0-5 mm
DP23,rh,prcus-a,0.0039832455131011,5.0,0-5 mm
DP23,rh,prcus-i,0.22199181766842074,5.0,0-5 mm
DP23,rh,prcus-p,0.20950876547049796,5.0,0-5 mm
DP23,rh,sbps,0.0,5.0,0-5 mm
DP24,lh,ifrms,0.0,5.0,0-5 mm
DP24,lh,mcgs,0.0,5.0,0-5 mm
DP24,lh,pos,0.0,5.0,0-5 mm
DP24,lh,prculs-d,0.3243891948623553,5.0,0-5 mm
DP24,lh,prcus-a,0.0,5.0,0-5 mm
DP24,lh,prcus-i,0.0060632413195034,5.0,0-5 mm
DP24,lh,prcus-p,0.5040105382167678,5.0,0-5 mm
DP24,lh,sbps,0.0,5.0,0-5 mm
DP24,rh,ifrms,0.0,5.0,0-5 mm
DP24,rh,mcgs,0.0,5.0,0-5 mm
DP24,rh,pos,0.0,5.0,0-5 mm
DP24,rh,prculs-d,0.2973374090447069,5.0,0-5 mm
DP24,rh,prcus-a,0.0,5.0,0-5 mm
DP24,rh,prcus-i,0.0,5.0,0-5 mm
DP24,rh,prcus-p,0.266330901845914,5.0,0-5 mm
DP24,rh,sbps,0.0,5.0,0-5 mm
DP3,lh,ifrms,0.0,5.0,0-5 mm
DP3,lh,mcgs,0.0,5.0,0-5 mm
DP3,lh,pos,0.013027476073559249,5.0,0-5 mm
DP3,lh,prculs-d,0.0,5.0,0-5 mm
DP3,lh,prcus-a,0.02041669291268395,5.0,0-5 mm
DP3,lh,prcus-i,0.08160006031127989,5.0,0-5 mm
DP3,lh,prcus-p,0.5852786532333323,5.0,0-5 mm
DP3,lh,sbps,0.014960621633772125,5.0,0-5 mm
DP3,rh,ifrms,0.0,5.0,0-5 mm
DP3,rh,mcgs,0.0,5.0,0-5 mm
DP3,rh,pos,0.0016801251741084503,5.0,0-5 mm
DP3,rh,prculs-d,0.0028422170412952,5.0,0-5 mm
DP3,rh,prcus-a,0.0,5.0,0-5 mm
DP3,rh,prcus-i,0.0776457120836908,5.0,0-5 mm
DP3,rh,prcus-p,0.5114027624104691,5.0,0-5 mm
DP3,rh,sbps,0.0,5.0,0-5 mm
DP4,lh,ifrms,0.0,5.0,0-5 mm
DP4,lh,mcgs,0.0,5.0,0-5 mm
DP4,lh,pos,0.002578687712269325,5.0,0-5 mm
DP4,lh,prculs-d,0.0,5.0,0-5 mm
DP4,lh,prcus-a,0.0,5.0,0-5 mm
DP4,lh,prcus-i,0.0,5.0,0-5 mm
DP4,lh,prcus-p,0.0,5.0,0-5 mm
DP4,lh,sbps,0.18622451264360285,5.0,0-5 mm
DP4,rh,ifrms,0.0,5.0,0-5 mm
DP4,rh,mcgs,0.0,5.0,0-5 mm
DP4,rh,pos,0.00297278505408435,5.0,0-5 mm
DP4,rh,prculs-d,0.05147328057880864,5.0,0-5 mm
DP4,rh,prcus-a,0.0,5.0,0-5 mm
DP4,rh,prcus-i,0.0,5.0,0-5 mm
DP4,rh,prcus-p,0.44867480612352717,5.0,0-5 mm
DP4,rh,sbps,0.0,5.0,0-5 mm
DP5,lh,ifrms,0.0,5.0,0-5 mm
DP5,lh,mcgs,0.0,5.0,0-5 mm
DP5,lh,pos,0.0,5.0,0-5 mm
DP5,lh,prculs-d,0.0,5.0,0-5 mm
DP5,lh,prcus-a,0.000472829296555725,5.0,0-5 mm
DP5,lh,prcus-i,0.1591501917287873,5.0,0-5 mm
DP5,lh,prcus-p,0.10358992605878437,5.0,0-5 mm
DP5,lh,sbps,0.24734122177832144,5.0,0-5 mm
DP5,rh,ifrms,0.0,5.0,0-5 mm
DP5,rh,mcgs,0.0,5.0,0-5 mm
DP5,rh,pos,0.002502081555858375,5.0,0-5 mm
DP5,rh,prculs-d,0.0,5.0,0-5 mm
DP5,rh,prcus-a,0.0,5.0,0-5 mm
DP5,rh,prcus-i,0.0169926649603852,5.0,0-5 mm
DP5,rh,prcus-p,0.3149547651948395,5.0,0-5 mm
DP5,rh,sbps,0.0,5.0,0-5 mm
DP7,lh,ifrms,0.0,5.0,0-5 mm
DP7,lh,mcgs,0.0,5.0,0-5 mm
DP7,lh,pos,0.0,5.0,0-5 mm
DP7,lh,prculs-d,0.0,5.0,0-5 mm
DP7,lh,prcus-a,0.007946541469100576,5.0,0-5 mm
DP7,lh,prcus-i,0.30478597405440755,5.0,0-5 mm
DP7,lh,prcus-p,0.09952340257047182,5.0,0-5 mm
DP7,lh,sbps,0.26586308925997193,5.0,0-5 mm
DP7,rh,ifrms,0.0,5.0,0-5 mm
DP7,rh,mcgs,0.0,5.0,0-5 mm
DP7,rh,pos,0.017603393626186372,5.0,0-5 mm
DP7,rh,prculs-d,0.0,5.0,0-5 mm
DP7,rh,prcus-a,0.0,5.0,0-5 mm
DP7,rh,prcus-i,0.0,5.0,0-5 mm
DP7,rh,prcus-p,0.3562104947581434,5.0,0-5 mm
DP7,rh,sbps,0.0,5.0,0-5 mm
DP8,lh,ifrms,0.0,5.0,0-5 mm
DP8,lh,mcgs,0.004169119795087725,5.0,0-5 mm
DP8,lh,pos,0.0,5.0,0-5 mm
DP8,lh,prculs-d,0.0,5.0,0-5 mm
DP8,lh,prcus-a,0.4265424464934169,5.0,0-5 mm
DP8,lh,prcus-i,0.0,5.0,0-5 mm
DP8,lh,prcus-p,0.0,5.0,0-5 mm
DP8,lh,sbps,0.008979798962180327,5.0,0-5 mm
DP8,rh,ifrms,0.0,5.0,0-5 mm
DP8,rh,mcgs,0.0,5.0,0-5 mm
DP8,rh,pos,0.0,5.0,0-5 mm
DP8,rh,prculs-d,0.0,5.0,0-5 mm
DP8,rh,prcus-a,0.0,5.0,0-5 mm
DP8,rh,prcus-i,0.2626220521375018,5.0,0-5 mm
DP8,rh,prcus-p,0.0053794056461908,5.0,0-5 mm
DP8,rh,sbps,0.0,5.0,0-5 mm
DP9,lh,ifrms,0.0,5.0,0-5 mm
DP9,lh,mcgs,0.0,5.0,0-5 mm
DP9,lh,pos,0.005342011987689425,5.0,0-5 mm
DP9,lh,prculs-d,0.0,5.0,0-5 mm
DP9,lh,prcus-a,0.0,5.0,0-5 mm
DP9,lh,prcus-i,0.00555114948217405,5.0,0-5 mm
DP9,lh,prcus-p,0.3326270757203468,5.0,0-5 mm
DP9,lh,sbps,0.2258961760873754,5.0,0-5 mm
DP9,rh,ifrms,0.0,5.0,0-5 mm
DP9,rh,mcgs,0.0,5.0,0-5 mm
DP9,rh,pos,0.043310017154891356,5.0,0-5 mm
DP9,rh,prculs-d,0.0,5.0,0-5 mm
DP9,rh,prcus-a,0.0,5.0,0-5 mm
DP9,rh,prcus-i,0.0,5.0,0-5 mm
DP9,rh,prcus-p,0.0,5.0,0-5 mm
DP9,rh,sbps,0.20695627526640736,5.0,0-5 mm
NT1,lh,ifrms,0.0,5.0,0-5 mm
NT1,lh,mcgs,0.0,5.0,0-5 mm
NT1,lh,pos,0.0,5.0,0-5 mm
NT1,lh,prculs-d,0.0,5.0,0-5 mm
NT1,lh,prcus-a,0.10763473103910597,5.0,0-5 mm
NT1,lh,prcus-i,0.5578296818908293,5.0,0-5 mm
NT1,lh,prcus-p,0.009769368479806998,5.0,0-5 mm
NT1,lh,sbps,0.025403114342688677,5.0,0-5 mm
NT1,rh,ifrms,0.0,5.0,0-5 mm
NT1,rh,mcgs,0.0,5.0,0-5 mm
NT1,rh,pos,0.0,5.0,0-5 mm
NT1,rh,prculs-d,0.07302416202883637,5.0,0-5 mm
NT1,rh,prcus-a,0.0,5.0,0-5 mm
NT1,rh,prcus-i,0.0064075266390451495,5.0,0-5 mm
NT1,rh,prcus-p,0.20992637193796054,5.0,0-5 mm
NT1,rh,sbps,0.07192869449386188,5.0,0-5 mm
NT10,lh,ifrms,0.0,5.0,0-5 mm
NT10,lh,mcgs,0.0,5.0,0-5 mm
NT10,lh,pos,0.0,5.0,0-5 mm
NT10,lh,prculs-d,0.024010483542448998,5.0,0-5 mm
NT10,lh,prcus-a,0.0,5.0,0-5 mm
NT10,lh,prcus-i,0.0261960530176786,5.0,0-5 mm
NT10,lh,prcus-p,0.38671847859705716,5.0,0-5 mm
NT10,lh,sbps,0.2595897655067324,5.0,0-5 mm
NT10,rh,ifrms,0.0,5.0,0-5 mm
NT10,rh,mcgs,0.0,5.0,0-5 mm
NT10,rh,pos,0.0,5.0,0-5 mm
NT10,rh,prculs-d,0.001371890875711775,5.0,0-5 mm
NT10,rh,prcus-a,0.0,5.0,0-5 mm
NT10,rh,prcus-i,0.0,5.0,0-5 mm
NT10,rh,prcus-p,0.0,5.0,0-5 mm
NT10,rh,sbps,0.005654726089568124,5.0,0-5 mm
NT11,lh,ifrms,0.0,5.0,0-5 mm
NT11,lh,mcgs,0.0,5.0,0-5 mm
NT11,lh,pos,0.0,5.0,0-5 mm
NT11,lh,prculs-d,0.08856330895010386,5.0,0-5 mm
NT11,lh,prcus-a,0.0,5.0,0-5 mm
NT11,lh,prcus-i,0.02271606793563718,5.0,0-5 mm
NT11,lh,prcus-p,0.04677238140854765,5.0,0-5 mm
NT11,lh,sbps,0.0,5.0,0-5 mm
NT11,rh,ifrms,0.0,5.0,0-5 mm
NT11,rh,mcgs,0.0,5.0,0-5 mm
NT11,rh,pos,0.018058084567239452,5.0,0-5 mm
NT11,rh,prculs-d,0.2824848240338488,5.0,0-5 mm
NT11,rh,prcus-a,0.0,5.0,0-5 mm
NT11,rh,prcus-i,0.0,5.0,0-5 mm
NT11,rh,prcus-p,0.000977212250473,5.0,0-5 mm
NT11,rh,sbps,0.0,5.0,0-5 mm
NT12,lh,ifrms,0.0,5.0,0-5 mm
NT12,lh,mcgs,0.0,5.0,0-5 mm
NT12,lh,pos,0.0025024981501035,5.0,0-5 mm
NT12,lh,prculs-d,0.4175143887034024,5.0,0-5 mm
NT12,lh,prcus-a,0.0,5.0,0-5 mm
NT12,lh,prcus-i,0.0,5.0,0-5 mm
NT12,lh,prcus-p,0.0,5.0,0-5 mm
NT12,lh,sbps,0.0,5.0,0-5 mm
NT12,rh,ifrms,0.0,5.0,0-5 mm
NT12,rh,mcgs,0.0,5.0,0-5 mm
NT12,rh,pos,0.011483581584448926,5.0,0-5 mm
NT12,rh,prculs-d,0.5080443679400537,5.0,0-5 mm
NT12,rh,prcus-a,0.0,5.0,0-5 mm
NT12,rh,prcus-i,0.0,5.0,0-5 mm
NT12,rh,prcus-p,0.0047107969238581,5.0,0-5 mm
NT12,rh,sbps,0.0,5.0,0-5 mm
NT13,lh,ifrms,0.0,5.0,0-5 mm
NT13,lh,mcgs,0.0,5.0,0-5 mm
NT13,lh,pos,0.0,5.0,0-5 mm
NT13,lh,prculs-d,0.0318768174530522,5.0,0-5 mm
NT13,lh,prcus-a,0.0,5.0,0-5 mm
NT13,lh,prcus-i,0.0,5.0,0-5 mm
NT13,lh,prcus-p,0.3407150784376939,5.0,0-5 mm
NT13,lh,sbps,0.0,5.0,0-5 mm
NT13,rh,ifrms,0.0,5.0,0-5 mm
NT13,rh,mcgs,0.0,5.0,0-5 mm
NT13,rh,pos,0.00231331739572435,5.0,0-5 mm
NT13,rh,prculs-d,0.0,5.0,0-5 mm
NT13,rh,prcus-a,0.0,5.0,0-5 mm
NT13,rh,prcus-i,0.0,5.0,0-5 mm
NT13,rh,prcus-p,0.05948079792310897,5.0,0-5 mm
NT13,rh,sbps,0.23448574590984714,5.0,0-5 mm
NT14,lh,ifrms,0.0,5.0,0-5 mm
NT14,lh,mcgs,0.0,5.0,0-5 mm
NT14,lh,pos,0.0,5.0,0-5 mm
NT14,lh,prculs-d,0.008973402932631375,5.0,0-5 mm
NT14,lh,prcus-a,0.0,5.0,0-5 mm
NT14,lh,prcus-i,0.07186749764336935,5.0,0-5 mm
NT14,lh,prcus-p,0.5824576813289781,5.0,0-5 mm
NT14,lh,sbps,0.00874468174212935,5.0,0-5 mm
NT14,rh,ifrms,0.0,5.0,0-5 mm
NT14,rh,mcgs,0.04454313907909785,5.0,0-5 mm
NT14,rh,pos,0.0,5.0,0-5 mm
NT14,rh,prculs-d,0.0,5.0,0-5 mm
NT14,rh,prcus-a,0.0,5.0,0-5 mm
NT14,rh,prcus-i,0.012451120933725851,5.0,0-5 mm
NT14,rh,prcus-p,0.0,5.0,0-5 mm
NT14,rh,sbps,0.0,5.0,0-5 mm
NT15,lh,ifrms,0.0,5.0,0-5 mm
NT15,lh,mcgs,0.0,5.0,0-5 mm
NT15,lh,pos,0.0,5.0,0-5 mm
NT15,lh,prculs-d,0.0,5.0,0-5 mm
NT15,lh,prcus-a,0.0,5.0,0-5 mm
NT15,lh,prcus-i,0.0,5.0,0-5 mm
NT15,lh,prcus-p,0.06184710635865215,5.0,0-5 mm
NT15,lh,sbps,0.3871380744833034,5.0,0-5 mm
NT15,rh,ifrms,0.0,5.0,0-5 mm
NT15,rh,mcgs,0.0,5.0,0-5 mm
NT15,rh,pos,0.0,5.0,0-5 mm
NT15,rh,prculs-d,0.0,5.0,0-5 mm
NT15,rh,prcus-a,0.0,5.0,0-5 mm
NT15,rh,prcus-i,0.05207773570255838,5.0,0-5 mm
NT15,rh,prcus-p,0.2433953404731554,5.0,0-5 mm
NT15,rh,sbps,0.43255011980477176,5.0,0-5 mm
NT16,lh,ifrms,0.0,5.0,0-5 mm
NT16,lh,mcgs,0.0,5.0,0-5 mm
NT16,lh,pos,0.0,5.0,0-5 mm
NT16,lh,prculs-d,0.0,5.0,0-5 mm
NT16,lh,prcus-a,0.0,5.0,0-5 mm
NT16,lh,prcus-i,0.3250754812230763,5.0,0-5 mm
NT16,lh,prcus-p,0.3080323697807028,5.0,0-5 mm
NT16,lh,sbps,0.0013937179878856,5.0,0-5 mm
NT16,rh,ifrms,0.0,5.0,0-5 mm
NT16,rh,mcgs,0.0,5.0,0-5 mm
NT16,rh,pos,0.0,5.0,0-5 mm
NT16,rh,prculs-d,0.012334616665882297,5.0,0-5 mm
NT16,rh,prcus-a,0.010077769701969249,5.0,0-5 mm
NT16,rh,prcus-i,0.6007502031070462,5.0,0-5 mm
NT16,rh,prcus-p,0.029458344074906977,5.0,0-5 mm
NT16,rh,sbps,0.0,5.0,0-5 mm
NT17,lh,ifrms,0.0,5.0,0-5 mm
NT17,lh,mcgs,0.0,5.0,0-5 mm
NT17,lh,pos,0.0,5.0,0-5 mm
NT17,lh,prculs-d,0.0,5.0,0-5 mm
NT17,lh,prcus-a,0.03462507049112198,5.0,0-5 mm
NT17,lh,prcus-i,0.10866003536216362,5.0,0-5 mm
NT17,lh,prcus-p,0.462054432963273,5.0,0-5 mm
NT17,lh,sbps,0.2613118834424327,5.0,0-5 mm
NT17,rh,ifrms,0.0,5.0,0-5 mm
NT17,rh,mcgs,0.0,5.0,0-5 mm
NT17,rh,pos,0.07767894374246047,5.0,0-5 mm
NT17,rh,prculs-d,0.00782720418883245,5.0,0-5 mm
NT17,rh,prcus-a,0.0,5.0,0-5 mm
NT17,rh,prcus-i,0.0,5.0,0-5 mm
NT17,rh,prcus-p,0.004436585876961175,5.0,0-5 mm
NT17,rh,sbps,0.007652463617227626,5.0,0-5 mm
NT18,lh,ifrms,0.0,5.0,0-5 mm
NT18,lh,mcgs,0.0,5.0,0-5 mm
NT18,lh,pos,0.0023983601931302,5.0,0-5 mm
NT18,lh,prculs-d,0.07062623967513765,5.0,0-5 mm
NT18,lh,prcus-a,0.0,5.0,0-5 mm
NT18,lh,prcus-i,0.0,5.0,0-5 mm
NT18,lh,prcus-p,0.18702404516451557,5.0,0-5 mm
NT18,lh,sbps,0.20071039777149974,5.0,0-5 mm
NT18,rh,ifrms,0.0,5.0,0-5 mm
NT18,rh,mcgs,0.0,5.0,0-5 mm
NT18,rh,pos,0.011699404810901275,5.0,0-5 mm
NT18,rh,prculs-d,0.27092200047230514,5.0,0-5 mm
NT18,rh,prcus-a,0.0,5.0,0-5 mm
NT18,rh,prcus-i,0.0,5.0,0-5 mm
NT18,rh,prcus-p,0.18499022709639146,5.0,0-5 mm
NT18,rh,sbps,0.0,5.0,0-5 mm
NT19,lh,ifrms,0.0,5.0,0-5 mm
NT19,lh,mcgs,0.0,5.0,0-5 mm
NT19,lh,pos,0.0,5.0,0-5 mm
NT19,lh,prculs-d,0.003988695580886775,5.0,0-5 mm
NT19,lh,prcus-a,0.0,5.0,0-5 mm
NT19,lh,prcus-i,0.008056947214534324,5.0,0-5 mm
NT19,lh,prcus-p,0.5206287359886808,5.0,0-5 mm
NT19,lh,sbps,0.004401422098019975,5.0,0-5 mm
NT19,rh,ifrms,0.0,5.0,0-5 mm
NT19,rh,mcgs,0.0,5.0,0-5 mm
NT19,rh,pos,0.0,5.0,0-5 mm
NT19,rh,prculs-d,0.0,5.0,0-5 mm
NT19,rh,prcus-a,0.006411109754360875,5.0,0-5 mm
NT19,rh,prcus-i,0.40520636855102643,5.0,0-5 mm
NT19,rh,prcus-p,0.013116197887603676,5.0,0-5 mm
NT19,rh,sbps,0.0,5.0,0-5 mm
NT20,lh,ifrms,0.0,5.0,0-5 mm
NT20,lh,mcgs,0.0,5.0,0-5 mm
NT20,lh,pos,0.029893279577911748,5.0,0-5 mm
NT20,lh,prculs-d,0.0,5.0,0-5 mm
NT20,lh,prcus-a,0.0,5.0,0-5 mm
NT20,lh,prcus-i,0.05044496910727815,5.0,0-5 mm
NT20,lh,prcus-p,0.6230629288504576,5.0,0-5 mm
NT20,lh,sbps,0.00535058007388495,5.0,0-5 mm
NT20,rh,ifrms,0.0,5.0,0-5 mm
NT20,rh,mcgs,0.045171959360143774,5.0,0-5 mm
NT20,rh,pos,0.0,5.0,0-5 mm
NT20,rh,prculs-d,0.0,5.0,0-5 mm
NT20,rh,prcus-a,0.0,5.0,0-5 mm
NT20,rh,prcus-i,0.07783274309674369,5.0,0-5 mm
NT20,rh,prcus-p,0.0,5.0,0-5 mm
NT20,rh,sbps,0.0,5.0,0-5 mm
NT21,lh,ifrms,0.0,5.0,0-5 mm
NT21,lh,mcgs,0.0,5.0,0-5 mm
NT21,lh,pos,0.0,5.0,0-5 mm
NT21,lh,prculs-d,0.0,5.0,0-5 mm
NT21,lh,prcus-a,0.0009749854973145251,5.0,0-5 mm
NT21,lh,prcus-i,0.2896323541320792,5.0,0-5 mm
NT21,lh,prcus-p,0.0,5.0,0-5 mm
NT21,lh,sbps,0.2252745028337979,5.0,0-5 mm
NT21,rh,ifrms,0.0,5.0,0-5 mm
NT21,rh,mcgs,0.0,5.0,0-5 mm
NT21,rh,pos,0.0,5.0,0-5 mm
NT21,rh,prculs-d,0.02517457247838175,5.0,0-5 mm
NT21,rh,prcus-a,0.0,5.0,0-5 mm
NT21,rh,prcus-i,0.0,5.0,0-5 mm
NT21,rh,prcus-p,0.48157230139109064,5.0,0-5 mm
NT21,rh,sbps,0.039085056693881876,5.0,0-5 mm
NT22,lh,ifrms,0.0,5.0,0-5 mm
NT22,lh,mcgs,0.0,5.0,0-5 mm
NT22,lh,pos,0.0,5.0,0-5 mm
NT22,lh,prculs-d,0.0,5.0,0-5 mm
NT22,lh,prcus-a,0.041008170840182226,5.0,0-5 mm
NT22,lh,prcus-i,0.32435366170624297,5.0,0-5 mm
NT22,lh,prcus-p,0.05742814807523751,5.0,0-5 mm
NT22,lh,sbps,0.0004090037577687,5.0,0-5 mm
NT22,rh,ifrms,0.0,5.0,0-5 mm
NT22,rh,mcgs,0.0,5.0,0-5 mm
NT22,rh,pos,0.0004946519262836,5.0,0-5 mm
NT22,rh,prculs-d,0.0,5.0,0-5 mm
NT22,rh,prcus-a,0.0,5.0,0-5 mm
NT22,rh,prcus-i,0.0,5.0,0-5 mm
NT22,rh,prcus-p,0.13751506761430662,5.0,0-5 mm
NT22,rh,sbps,0.2754953101154817,5.0,0-5 mm
NT23,lh,ifrms,0.0,5.0,0-5 mm
NT23,lh,mcgs,0.0,5.0,0-5 mm
NT23,lh,pos,0.0,5.0,0-5 mm
NT23,lh,prculs-d,0.0,5.0,0-5 mm
NT23,lh,prcus-a,0.0,5.0,0-5 mm
NT23,lh,prcus-i,0.06183758716032772,5.0,0-5 mm
NT23,lh,prcus-p,0.0,5.0,0-5 mm
NT23,lh,sbps,0.0,5.0,0-5 mm
NT23,rh,ifrms,0.0,5.0,0-5 mm
NT23,rh,mcgs,0.0,5.0,0-5 mm
NT23,rh,pos,0.12796457078080023,5.0,0-5 mm
NT23,rh,prculs-d,0.05809640958318709,5.0,0-5 mm
NT23,rh,prcus-a,0.0,5.0,0-5 mm
NT23,rh,prcus-i,0.0,5.0,0-5 mm
NT23,rh,prcus-p,0.0,5.0,0-5 mm
NT23,rh,sbps,0.0,5.0,0-5 mm
NT24,lh,ifrms,0.0,5.0,0-5 mm
NT24,lh,mcgs,0.0,5.0,0-5 mm
NT24,lh,pos,0.0,5.0,0-5 mm
NT24,lh,prculs-d,0.0,5.0,0-5 mm
NT24,lh,prcus-a,0.0024590716082758,5.0,0-5 mm
NT24,lh,prcus-i,0.3796132439240125,5.0,0-5 mm
NT24,lh,prcus-p,0.03180986292650127,5.0,0-5 mm
NT24,lh,sbps,0.0,5.0,0-5 mm
NT24,rh,ifrms,0.0,5.0,0-5 mm
NT24,rh,mcgs,0.0,5.0,0-5 mm
NT24,rh,pos,0.026440623773421074,5.0,0-5 mm
NT24,rh,prculs-d,0.018463813539898278,5.0,0-5 mm
NT24,rh,prcus-a,0.0,5.0,0-5 mm
NT24,rh,prcus-i,0.00288034615108545,5.0,0-5 mm
NT24,rh,prcus-p,0.11004406455178932,5.0,0-5 mm
NT24,rh,sbps,0.07332926983384636,5.0,0-5 mm
NT25,lh,ifrms,0.0,5.0,0-5 mm
NT25,lh,mcgs,0.0,5.0,0-5 mm
NT25,lh,pos,0.030532062774034426,5.0,0-5 mm
NT25,lh,prculs-d,0.5197136240584184,5.0,0-5 mm
NT25,lh,prcus-a,0.0,5.0,0-5 mm
NT25,lh,prcus-i,0.0,5.0,0-5 mm
NT25,lh,prcus-p,0.0,5.0,0-5 mm
NT25,lh,sbps,0.0,5.0,0-5 mm
NT25,rh,ifrms,0.0,5.0,0-5 mm
NT25,rh,mcgs,0.0,5.0,0-5 mm
NT25,rh,pos,0.016448141007399376,5.0,0-5 mm
NT25,rh,prculs-d,0.1338341917531622,5.0,0-5 mm
NT25,rh,prcus-a,0.0,5.0,0-5 mm
NT25,rh,prcus-i,0.0,5.0,0-5 mm
NT25,rh,prcus-p,0.17307490750538573,5.0,0-5 mm
NT25,rh,sbps,0.0,5.0,0-5 mm
NT26,lh,ifrms,0.0,5.0,0-5 mm
NT26,lh,mcgs,0.0,5.0,0-5 mm
NT26,lh,pos,0.0,5.0,0-5 mm
NT26,lh,prculs-d,0.09874033484129885,5.0,0-5 mm
NT26,lh,prcus-a,0.0,5.0,0-5 mm
NT26,lh,prcus-i,0.0021972837051839,5.0,0-5 mm
NT26,lh,prcus-p,0.21710021615341274,5.0,0-5 mm
NT26,lh,sbps,0.0,5.0,0-5 mm
NT26,rh,ifrms,0.0,5.0,0-5 mm
NT26,rh,mcgs,0.0,5.0,0-5 mm
NT26,rh,pos,0.00133199564299345,5.0,0-5 mm
NT26,rh,prculs-d,0.0556222553180941,5.0,0-5 mm
NT26,rh,prcus-a,0.0,5.0,0-5 mm
NT26,rh,prcus-i,0.0,5.0,0-5 mm
NT26,rh,prcus-p,0.1231302360217078,5.0,0-5 mm
NT26,rh,sbps,0.0,5.0,0-5 mm
NT27,lh,ifrms,0.0,5.0,0-5 mm
NT27,lh,mcgs,0.0,5.0,0-5 mm
NT27,lh,pos,0.0,5.0,0-5 mm
NT27,lh,prculs-d,0.00746955509937515,5.0,0-5 mm
NT27,lh,prcus-a,0.0,5.0,0-5 mm
NT27,lh,prcus-i,0.023684913845380372,5.0,0-5 mm
NT27,lh,prcus-p,0.2751323535747261,5.0,0-5 mm
NT27,lh,sbps,0.0,5.0,0-5 mm
NT27,rh,ifrms,0.0,5.0,0-5 mm
NT27,rh,mcgs,0.0,5.0,0-5 mm
NT27,rh,pos,0.0,5.0,0-5 mm
NT27,rh,prculs-d,0.264110447298334,5.0,0-5 mm
NT27,rh,prcus-a,0.0,5.0,0-5 mm
NT27,rh,prcus-i,0.2407289901330374,5.0,0-5 mm
NT27,rh,prcus-p,0.03443097939894743,5.0,0-5 mm
NT27,rh,sbps,0.0,5.0,0-5 mm
NT3,lh,ifrms,0.0,5.0,0-5 mm
NT3,lh,mcgs,0.0,5.0,0-5 mm
NT3,lh,pos,0.012997541022087649,5.0,0-5 mm
NT3,lh,prculs-d,0.5594737933472901,5.0,0-5 mm
NT3,lh,prcus-a,0.0,5.0,0-5 mm
NT3,lh,prcus-i,0.017715801412133952,5.0,0-5 mm
NT3,lh,prcus-p,0.018196805021156302,5.0,0-5 mm
NT3,lh,sbps,0.0,5.0,0-5 mm
NT3,rh,ifrms,0.0,5.0,0-5 mm
NT3,rh,mcgs,0.0,5.0,0-5 mm
NT3,rh,pos,0.23126763415825718,5.0,0-5 mm
NT3,rh,prculs-d,0.17434680578603828,5.0,0-5 mm
NT3,rh,prcus-a,0.0,5.0,0-5 mm
NT3,rh,prcus-i,0.0,5.0,0-5 mm
NT3,rh,prcus-p,0.0,5.0,0-5 mm
NT3,rh,sbps,0.0,5.0,0-5 mm
NT5,lh,ifrms,0.0,5.0,0-5 mm
NT5,lh,mcgs,0.0,5.0,0-5 mm
NT5,lh,pos,0.0,5.0,0-5 mm
NT5,lh,prculs-d,0.0,5.0,0-5 mm
NT5,lh,prcus-a,0.025451832750044274,5.0,0-5 mm
NT5,lh,prcus-i,0.5170425290277847,5.0,0-5 mm
NT5,lh,prcus-p,0.1203553771039771,5.0,0-5 mm
NT5,lh,sbps,0.012862231875939475,5.0,0-5 mm
NT5,rh,ifrms,0.0,5.0,0-5 mm
NT5,rh,mcgs,0.0,5.0,0-5 mm
NT5,rh,pos,0.0,5.0,0-5 mm
NT5,rh,prculs-d,0.002971755815891925,5.0,0-5 mm
NT5,rh,prcus-a,0.1746492872166671,5.0,0-5 mm
NT5,rh,prcus-i,0.5919152462061161,5.0,0-5 mm
NT5,rh,prcus-p,0.025606234233854903,5.0,0-5 mm
NT5,rh,sbps,0.0017761513180888997,5.0,0-5 mm
NT6,lh,ifrms,0.0,5.0,0-5 mm
NT6,lh,mcgs,0.0,5.0,0-5 mm
NT6,lh,pos,0.0,5.0,0-5 mm
NT6,lh,prculs-d,0.0,5.0,0-5 mm
NT6,lh,prcus-a,0.0,5.0,0-5 mm
NT6,lh,prcus-i,0.000316641060950325,5.0,0-5 mm
NT6,lh,prcus-p,0.20150748607388363,5.0,0-5 mm
NT6,lh,sbps,0.13179452560124133,5.0,0-5 mm
NT6,rh,ifrms,0.0,5.0,0-5 mm
NT6,rh,mcgs,0.0,5.0,0-5 mm
NT6,rh,pos,0.0,5.0,0-5 mm
NT6,rh,prculs-d,0.21256457954488078,5.0,0-5 mm
NT6,rh,prcus-a,0.0,5.0,0-5 mm
NT6,rh,prcus-i,0.0009008345504861002,5.0,0-5 mm
NT6,rh,prcus-p,0.3098101288482039,5.0,0-5 mm
NT6,rh,sbps,0.0,5.0,0-5 mm
NT7,lh,ifrms,0.0,5.0,0-5 mm
NT7,lh,mcgs,0.0,5.0,0-5 mm
NT7,lh,pos,0.0,5.0,0-5 mm
NT7,lh,prculs-d,0.11516248734294625,5.0,0-5 mm
NT7,lh,prcus-a,0.0,5.0,0-5 mm
NT7,lh,prcus-i,0.0,5.0,0-5 mm
NT7,lh,prcus-p,0.26101228627284756,5.0,0-5 mm
NT7,lh,sbps,0.0,5.0,0-5 mm
NT7,rh,ifrms,0.0,5.0,0-5 mm
NT7,rh,mcgs,0.0,5.0,0-5 mm
NT7,rh,pos,0.009958831646884051,5.0,0-5 mm
NT7,rh,prculs-d,0.13202298655775552,5.0,0-5 mm
NT7,rh,prcus-a,0.0,5.0,0-5 mm
NT7,rh,prcus-i,0.011643183678908452,5.0,0-5 mm
NT7,rh,prcus-p,0.34383250043139035,5.0,0-5 mm
NT7,rh,sbps,0.0,5.0,0-5 mm
NT8,lh,ifrms,0.0,5.0,0-5 mm
NT8,lh,mcgs,0.0,5.0,0-5 mm
NT8,lh,pos,0.0,5.0,0-5 mm
NT8,lh,prculs-d,0.0,5.0,0-5 mm
NT8,lh,prcus-a,0.0,5.0,0-5 mm
NT8,lh,prcus-i,0.0826583843168736,5.0,0-5 mm
NT8,lh,prcus-p,0.2960126675161773,5.0,0-5 mm
NT8,lh,sbps,0.013424888954532675,5.0,0-5 mm
NT8,rh,ifrms,0.0,5.0,0-5 mm
NT8,rh,mcgs,0.0,5.0,0-5 mm
NT8,rh,pos,0.0,5.0,0-5 mm
NT8,rh,prculs-d,0.0,5.0,0-5 mm
NT8,rh,prcus-a,0.0,5.0,0-5 mm
NT8,rh,prcus-i,0.2279653356058516,5.0,0-5 mm
NT8,rh,prcus-p,0.3831830678496936,5.0,0-5 mm
NT8,rh,sbps,0.02673332718165868,5.0,0-5 mm
NT9,lh,ifrms,0.0,5.0,0-5 mm
NT9,lh,mcgs,0.0,5.0,0-5 mm
NT9,lh,pos,0.022146012709367148,5.0,0-5 mm
NT9,lh,prculs-d,0.016780381902539124,5.0,0-5 mm
NT9,lh,prcus-a,0.001443285133931575,5.0,0-5 mm
NT9,lh,prcus-i,0.3915217233950263,5.0,0-5 mm
NT9,lh,prcus-p,0.15459766465564997,5.0,0-5 mm
NT9,lh,sbps,0.000771591554166025,5.0,0-5 mm
NT9,rh,ifrms,0.0,5.0,0-5 mm
NT9,rh,mcgs,0.0,5.0,0-5 mm
NT9,rh,pos,0.0,5.0,0-5 mm
NT9,rh,prculs-d,0.0051995225519872,5.0,0-5 mm
NT9,rh,prcus-a,0.0,5.0,0-5 mm
NT9,rh,prcus-i,0.0,5.0,0-5 mm
NT9,rh,prcus-p,0.26995914977338886,5.0,0-5 mm
NT9,rh,sbps,0.08067860460411255,5.0,0-5 mm
DP10,lh,ifrms,0.0,5.0,0-10 mm
DP10,lh,mcgs,0.0,5.0,0-10 mm
DP10,lh,pos,0.002496634099982663,5.0,0-10 mm
DP10,lh,prculs-d,0.0,5.0,0-10 mm
DP10,lh,prcus-a,0.021946468685225727,5.0,0-10 mm
DP10,lh,prcus-i,0.23381531868316907,5.0,0-10 mm
DP10,lh,prcus-p,0.3748128618701224,5.0,0-10 mm
DP10,lh,sbps,0.24125801449168965,5.0,0-10 mm
DP10,rh,ifrms,0.0,5.0,0-10 mm
DP10,rh,mcgs,0.0,5.0,0-10 mm
DP10,rh,pos,0.11307888915052593,5.0,0-10 mm
DP10,rh,prculs-d,0.3546283974632053,5.0,0-10 mm
DP10,rh,prcus-a,0.0,5.0,0-10 mm
DP10,rh,prcus-i,0.0,5.0,0-10 mm
DP10,rh,prcus-p,0.0,5.0,0-10 mm
DP10,rh,sbps,0.0,5.0,0-10 mm
DP11,lh,ifrms,0.0,5.0,0-10 mm
DP11,lh,mcgs,0.0,5.0,0-10 mm
DP11,lh,pos,0.0668717290582241,5.0,0-10 mm
DP11,lh,prculs-d,0.0,5.0,0-10 mm
DP11,lh,prcus-a,0.002605836226291075,5.0,0-10 mm
DP11,lh,prcus-i,0.13361403032342092,5.0,0-10 mm
DP11,lh,prcus-p,0.6024820321419682,5.0,0-10 mm
DP11,lh,sbps,0.0486671936844522,5.0,0-10 mm
DP11,rh,ifrms,0.0,5.0,0-10 mm
DP11,rh,mcgs,0.0,5.0,0-10 mm
DP11,rh,pos,0.0427460011832334,5.0,0-10 mm
DP11,rh,prculs-d,0.0871093479244343,5.0,0-10 mm
DP11,rh,prcus-a,0.011369383411176825,5.0,0-10 mm
DP11,rh,prcus-i,0.02180890752690808,5.0,0-10 mm
DP11,rh,prcus-p,0.3226107472438018,5.0,0-10 mm
DP11,rh,sbps,0.19700732876839214,5.0,0-10 mm
DP12,lh,ifrms,0.0,5.0,0-10 mm
DP12,lh,mcgs,0.0,5.0,0-10 mm
DP12,lh,pos,0.006343027268811937,5.0,0-10 mm
DP12,lh,prculs-d,0.0972400695029905,5.0,0-10 mm
DP12,lh,prcus-a,0.0,5.0,0-10 mm
DP12,lh,prcus-i,0.035809058200932185,5.0,0-10 mm
DP12,lh,prcus-p,0.3771142587964876,5.0,0-10 mm
DP12,lh,sbps,0.07189661662174743,5.0,0-10 mm
DP12,rh,ifrms,0.0,5.0,0-10 mm
DP12,rh,mcgs,0.0,5.0,0-10 mm
DP12,rh,pos,0.0,5.0,0-10 mm
DP12,rh,prculs-d,0.0,5.0,0-10 mm
DP12,rh,prcus-a,0.0,5.0,0-10 mm
DP12,rh,prcus-i,0.06683607081667424,5.0,0-10 mm
DP12,rh,prcus-p,0.2844910803876904,5.0,0-10 mm
DP12,rh,sbps,0.027660585962215673,5.0,0-10 mm
DP13,lh,ifrms,0.0,5.0,0-10 mm
DP13,lh,mcgs,0.0,5.0,0-10 mm
DP13,lh,pos,0.0,5.0,0-10 mm
DP13,lh,prculs-d,0.0,5.0,0-10 mm
DP13,lh,prcus-a,0.0001725589353053375,5.0,0-10 mm
DP13,lh,prcus-i,0.0036017849404974753,5.0,0-10 mm
DP13,lh,prcus-p,0.11711404939095424,5.0,0-10 mm
DP13,lh,sbps,0.19302126285238314,5.0,0-10 mm
DP13,rh,ifrms,0.0,5.0,0-10 mm
DP13,rh,mcgs,0.0,5.0,0-10 mm
DP13,rh,pos,0.008879905536528575,5.0,0-10 mm
DP13,rh,prculs-d,0.11438033079504321,5.0,0-10 mm
DP13,rh,prcus-a,0.0,5.0,0-10 mm
DP13,rh,prcus-i,0.0,5.0,0-10 mm
DP13,rh,prcus-p,0.28850679266264323,5.0,0-10 mm
DP13,rh,sbps,0.003967750882572913,5.0,0-10 mm
DP14,lh,ifrms,0.0,5.0,0-10 mm
DP14,lh,mcgs,0.0,5.0,0-10 mm
DP14,lh,pos,0.015729127229918587,5.0,0-10 mm
DP14,lh,prculs-d,0.3729913592161475,5.0,0-10 mm
DP14,lh,prcus-a,0.0,5.0,0-10 mm
DP14,lh,prcus-i,0.0,5.0,0-10 mm
DP14,lh,prcus-p,0.0005184104726739375,5.0,0-10 mm
DP14,lh,sbps,0.0003096296544610875,5.0,0-10 mm
DP14,rh,ifrms,0.0,5.0,0-10 mm
DP14,rh,mcgs,0.0,5.0,0-10 mm
DP14,rh,pos,0.0,5.0,0-10 mm
DP14,rh,prculs-d,0.05847918673157382,5.0,0-10 mm
DP14,rh,prcus-a,0.0,5.0,0-10 mm
DP14,rh,prcus-i,0.001045297090305475,5.0,0-10 mm
DP14,rh,prcus-p,0.12905349006830374,5.0,0-10 mm
DP14,rh,sbps,0.0020311179331440874,5.0,0-10 mm
DP15,lh,ifrms,0.011897368572112675,5.0,0-10 mm
DP15,lh,mcgs,0.0,5.0,0-10 mm
DP15,lh,pos,0.0,5.0,0-10 mm
DP15,lh,prculs-d,0.0,5.0,0-10 mm
DP15,lh,prcus-a,0.16078664553334215,5.0,0-10 mm
DP15,lh,prcus-i,0.0,5.0,0-10 mm
DP15,lh,prcus-p,0.0,5.0,0-10 mm
DP15,lh,sbps,0.3028091301822716,5.0,0-10 mm
DP15,rh,ifrms,0.0,5.0,0-10 mm
DP15,rh,mcgs,0.0,5.0,0-10 mm
DP15,rh,pos,0.005423204562450488,5.0,0-10 mm
DP15,rh,prculs-d,0.029397694973162674,5.0,0-10 mm
DP15,rh,prcus-a,0.0,5.0,0-10 mm
DP15,rh,prcus-i,0.001124591239238175,5.0,0-10 mm
DP15,rh,prcus-p,0.15444464590757878,5.0,0-10 mm
DP15,rh,sbps,0.2248881852546072,5.0,0-10 mm
DP16,lh,ifrms,0.0,5.0,0-10 mm
DP16,lh,mcgs,0.0,5.0,0-10 mm
DP16,lh,pos,0.07125898882121752,5.0,0-10 mm
DP16,lh,prculs-d,0.027451603550739962,5.0,0-10 mm
DP16,lh,prcus-a,0.0,5.0,0-10 mm
DP16,lh,prcus-i,0.0008165765549798126,5.0,0-10 mm
DP16,lh,prcus-p,0.25110405375776695,5.0,0-10 mm
DP16,lh,sbps,0.0010619586394262125,5.0,0-10 mm
DP16,rh,ifrms,0.0,5.0,0-10 mm
DP16,rh,mcgs,0.0,5.0,0-10 mm
DP16,rh,pos,0.030151625192900315,5.0,0-10 mm
DP16,rh,prculs-d,0.04296092952248836,5.0,0-10 mm
DP16,rh,prcus-a,0.0,5.0,0-10 mm
DP16,rh,prcus-i,0.0,5.0,0-10 mm
DP16,rh,prcus-p,0.22558618993386553,5.0,0-10 mm
DP16,rh,sbps,0.001333499551478875,5.0,0-10 mm
DP17,lh,ifrms,0.0,5.0,0-10 mm
DP17,lh,mcgs,0.0,5.0,0-10 mm
DP17,lh,pos,0.03002912683692719,5.0,0-10 mm
DP17,lh,prculs-d,0.0,5.0,0-10 mm
DP17,lh,prcus-a,0.0056466884755422995,5.0,0-10 mm
DP17,lh,prcus-i,0.03004365408231129,5.0,0-10 mm
DP17,lh,prcus-p,0.0049875543251700245,5.0,0-10 mm
DP17,lh,sbps,0.19940205043742665,5.0,0-10 mm
DP17,rh,ifrms,0.0007395620186246625,5.0,0-10 mm
DP17,rh,mcgs,0.0,5.0,0-10 mm
DP17,rh,pos,0.0,5.0,0-10 mm
DP17,rh,prculs-d,0.0,5.0,0-10 mm
DP17,rh,prcus-a,0.33208816308440403,5.0,0-10 mm
DP17,rh,prcus-i,0.03718040988102294,5.0,0-10 mm
DP17,rh,prcus-p,0.010854684323450787,5.0,0-10 mm
DP17,rh,sbps,0.1780957547858128,5.0,0-10 mm
DP18,lh,ifrms,0.0,5.0,0-10 mm
DP18,lh,mcgs,0.0008811327176023625,5.0,0-10 mm
DP18,lh,pos,0.0,5.0,0-10 mm
DP18,lh,prculs-d,0.0,5.0,0-10 mm
DP18,lh,prcus-a,0.34950931771486216,5.0,0-10 mm
DP18,lh,prcus-i,0.12079012038948997,5.0,0-10 mm
DP18,lh,prcus-p,0.0,5.0,0-10 mm
DP18,lh,sbps,0.21606555317045778,5.0,0-10 mm
DP18,rh,ifrms,0.0,5.0,0-10 mm
DP18,rh,mcgs,0.0,5.0,0-10 mm
DP18,rh,pos,0.041694453353443676,5.0,0-10 mm
DP18,rh,prculs-d,0.045356018628230875,5.0,0-10 mm
DP18,rh,prcus-a,0.0016422211994867875,5.0,0-10 mm
DP18,rh,prcus-i,0.0034617482111811496,5.0,0-10 mm
DP18,rh,prcus-p,0.4064552532488161,5.0,0-10 mm
DP18,rh,sbps,0.1698127476836751,5.0,0-10 mm
DP19,lh,ifrms,0.0,5.0,0-10 mm
DP19,lh,mcgs,0.0,5.0,0-10 mm
DP19,lh,pos,1.0322964175250166e-05,5.0,0-10 mm
DP19,lh,prculs-d,0.011708479152346362,5.0,0-10 mm
DP19,lh,prcus-a,0.0,5.0,0-10 mm
DP19,lh,prcus-i,0.0,5.0,0-10 mm
DP19,lh,prcus-p,0.0758914247787793,5.0,0-10 mm
DP19,lh,sbps,0.23828749081602854,5.0,0-10 mm
DP19,rh,ifrms,0.0,5.0,0-10 mm
DP19,rh,mcgs,0.0,5.0,0-10 mm
DP19,rh,pos,0.025491950125317096,5.0,0-10 mm
DP19,rh,prculs-d,0.10534874945854396,5.0,0-10 mm
DP19,rh,prcus-a,0.0,5.0,0-10 mm
DP19,rh,prcus-i,0.0,5.0,0-10 mm
DP19,rh,prcus-p,0.0089436690322058,5.0,0-10 mm
DP19,rh,sbps,0.2503591547701187,5.0,0-10 mm
DP2,lh,ifrms,0.0,5.0,0-10 mm
DP2,lh,mcgs,0.0,5.0,0-10 mm
DP2,lh,pos,0.015921638192941363,5.0,0-10 mm
DP2,lh,prculs-d,0.07303484407773357,5.0,0-10 mm
DP2,lh,prcus-a,0.0,5.0,0-10 mm
DP2,lh,prcus-i,0.007649462831880149,5.0,0-10 mm
DP2,lh,prcus-p,0.20844398426811991,5.0,0-10 mm
DP2,lh,sbps,0.01781989517639481,5.0,0-10 mm
DP2,rh,ifrms,0.0,5.0,0-10 mm
DP2,rh,mcgs,0.0,5.0,0-10 mm
DP2,rh,pos,0.00231433486073475,5.0,0-10 mm
DP2,rh,prculs-d,0.18435864450986666,5.0,0-10 mm
DP2,rh,prcus-a,0.0,5.0,0-10 mm
DP2,rh,prcus-i,0.0,5.0,0-10 mm
DP2,rh,prcus-p,0.313018205676196,5.0,0-10 mm
DP2,rh,sbps,0.0,5.0,0-10 mm
DP20,lh,ifrms,0.0,5.0,0-10 mm
DP20,lh,mcgs,0.0,5.0,0-10 mm
DP20,lh,pos,0.07656545930872491,5.0,0-10 mm
DP20,lh,prculs-d,0.01965217320827144,5.0,0-10 mm
DP20,lh,prcus-a,0.000174919698007425,5.0,0-10 mm
DP20,lh,prcus-i,0.0112982568444135,5.0,0-10 mm
DP20,lh,prcus-p,0.38067522901420975,5.0,0-10 mm
DP20,lh,sbps,0.0200752369303086,5.0,0-10 mm
DP20,rh,ifrms,0.0,5.0,0-10 mm
DP20,rh,mcgs,0.007211838283959213,5.0,0-10 mm
DP20,rh,pos,0.0,5.0,0-10 mm
DP20,rh,prculs-d,0.0,5.0,0-10 mm
DP20,rh,prcus-a,0.07122827019749833,5.0,0-10 mm
DP20,rh,prcus-i,0.5711089632134471,5.0,0-10 mm
DP20,rh,prcus-p,0.08248966201336938,5.0,0-10 mm
DP20,rh,sbps,0.19099592744220054,5.0,0-10 mm
DP21,lh,ifrms,0.0,5.0,0-10 mm
DP21,lh,mcgs,0.0,5.0,0-10 mm
DP21,lh,pos,0.014082363376139074,5.0,0-10 mm
DP21,lh,prculs-d,0.3468866503322544,5.0,0-10 mm
DP21,lh,prcus-a,0.0,5.0,0-10 mm
DP21,lh,prcus-i,0.019271296708085087,5.0,0-10 mm
DP21,lh,prcus-p,0.0,5.0,0-10 mm
DP21,lh,sbps,0.0,5.0,0-10 mm
DP21,rh,ifrms,0.0,5.0,0-10 mm
DP21,rh,mcgs,0.0,5.0,0-10 mm
DP21,rh,pos,0.0199171360812187,5.0,0-10 mm
DP21,rh,prculs-d,0.45462640149638656,5.0,0-10 mm
DP21,rh,prcus-a,0.0,5.0,0-10 mm
DP21,rh,prcus-i,0.0,5.0,0-10 mm
DP21,rh,prcus-p,0.0009551312316497751,5.0,0-10 mm
DP21,rh,sbps,0.0,5.0,0-10 mm
DP22,lh,ifrms,0.0,5.0,0-10 mm
DP22,lh,mcgs,0.0,5.0,0-10 mm
DP22,lh,pos,0.010629122276737011,5.0,0-10 mm
DP22,lh,prculs-d,0.0,5.0,0-10 mm
DP22,lh,prcus-a,0.0,5.0,0-10 mm
DP22,lh,prcus-i,0.03941494498536247,5.0,0-10 mm
DP22,lh,prcus-p,0.0,5.0,0-10 mm
DP22,lh,sbps,0.2560472346648923,5.0,0-10 mm
DP22,rh,ifrms,0.0,5.0,0-10 mm
DP22,rh,mcgs,0.0,5.0,0-10 mm
DP22,rh,pos,0.0,5.0,0-10 mm
DP22,rh,prculs-d,0.10184516301069924,5.0,0-10 mm
DP22,rh,prcus-a,0.0,5.0,0-10 mm
DP22,rh,prcus-i,0.026886188599920487,5.0,0-10 mm
DP22,rh,prcus-p,0.08190568601761243,5.0,0-10 mm
DP22,rh,sbps,0.2647932249660859,5.0,0-10 mm
DP23,lh,ifrms,0.0,5.0,0-10 mm
DP23,lh,mcgs,0.0,5.0,0-10 mm
DP23,lh,pos,0.0,5.0,0-10 mm
DP23,lh,prculs-d,0.0,5.0,0-10 mm
DP23,lh,prcus-a,0.1164867056888577,5.0,0-10 mm
DP23,lh,prcus-i,0.24908912552990453,5.0,0-10 mm
DP23,lh,prcus-p,0.05969910582261342,5.0,0-10 mm
DP23,lh,sbps,0.20955105539561486,5.0,0-10 mm
DP23,rh,ifrms,0.0,5.0,0-10 mm
DP23,rh,mcgs,0.0,5.0,0-10 mm
DP23,rh,pos,0.005110294467791687,5.0,0-10 mm
DP23,rh,prculs-d,0.10507792469662436,5.0,0-10 mm
DP23,rh,prcus-a,0.024071007719066673,5.0,0-10 mm
DP23,rh,prcus-i,0.2036461101354426,5.0,0-10 mm
DP23,rh,prcus-p,0.2176555715951074,5.0,0-10 mm
DP23,rh,sbps,0.0023679450905411876,5.0,0-10 mm
DP24,lh,ifrms,0.0,5.0,0-10 mm
DP24,lh,mcgs,0.0,5.0,0-10 mm
DP24,lh,pos,0.007712542731616426,5.0,0-10 mm
DP24,lh,prculs-d,0.31982804986717206,5.0,0-10 mm
DP24,lh,prcus-a,0.0,5.0,0-10 mm
DP24,lh,prcus-i,0.02881988683282095,5.0,0-10 mm
DP24,lh,prcus-p,0.45151802488341464,5.0,0-10 mm
DP24,lh,sbps,0.0003970019512945625,5.0,0-10 mm
DP24,rh,ifrms,0.0,5.0,0-10 mm
DP24,rh,mcgs,0.0,5.0,0-10 mm
DP24,rh,pos,0.0016546827796367874,5.0,0-10 mm
DP24,rh,prculs-d,0.26122824028625313,5.0,0-10 mm
DP24,rh,prcus-a,0.0,5.0,0-10 mm
DP24,rh,prcus-i,0.0,5.0,0-10 mm
DP24,rh,prcus-p,0.2441944981401328,5.0,0-10 mm
DP24,rh,sbps,0.0,5.0,0-10 mm
DP3,lh,ifrms,0.0,5.0,0-10 mm
DP3,lh,mcgs,0.0,5.0,0-10 mm
DP3,lh,pos,0.035506169137578716,5.0,0-10 mm
DP3,lh,prculs-d,0.0,5.0,0-10 mm
DP3,lh,prcus-a,0.051538907813318026,5.0,0-10 mm
DP3,lh,prcus-i,0.10451769933105573,5.0,0-10 mm
DP3,lh,prcus-p,0.5738118944370845,5.0,0-10 mm
DP3,lh,sbps,0.04439458749959051,5.0,0-10 mm
DP3,rh,ifrms,0.0,5.0,0-10 mm
DP3,rh,mcgs,0.0,5.0,0-10 mm
DP3,rh,pos,0.011283699052847238,5.0,0-10 mm
DP3,rh,prculs-d,0.02374265206833561,5.0,0-10 mm
DP3,rh,prcus-a,0.0,5.0,0-10 mm
DP3,rh,prcus-i,0.11732951928375464,5.0,0-10 mm
DP3,rh,prcus-p,0.47398213500024095,5.0,0-10 mm
DP3,rh,sbps,0.009419032481003412,5.0,0-10 mm
DP4,lh,ifrms,0.0,5.0,0-10 mm
DP4,lh,mcgs,0.0,5.0,0-10 mm
DP4,lh,pos,0.014301430136964577,5.0,0-10 mm
DP4,lh,prculs-d,0.0,5.0,0-10 mm
DP4,lh,prcus-a,0.0,5.0,0-10 mm
DP4,lh,prcus-i,0.00075180539860725,5.0,0-10 mm
DP4,lh,prcus-p,0.0,5.0,0-10 mm
DP4,lh,sbps,0.14739504401609058,5.0,0-10 mm
DP4,rh,ifrms,0.0,5.0,0-10 mm
DP4,rh,mcgs,0.0,5.0,0-10 mm
DP4,rh,pos,0.018315867697452214,5.0,0-10 mm
DP4,rh,prculs-d,0.11998758875498575,5.0,0-10 mm
DP4,rh,prcus-a,0.0,5.0,0-10 mm
DP4,rh,prcus-i,0.0009962940570645,5.0,0-10 mm
DP4,rh,prcus-p,0.42803008444616797,5.0,0-10 mm
DP4,rh,sbps,0.0,5.0,0-10 mm
DP5,lh,ifrms,0.0,5.0,0-10 mm
DP5,lh,mcgs,0.0,5.0,0-10 mm
DP5,lh,pos,0.0,5.0,0-10 mm
DP5,lh,prculs-d,0.007537257610712224,5.0,0-10 mm
DP5,lh,prcus-a,0.01537232987896935,5.0,0-10 mm
DP5,lh,prcus-i,0.196715832468393,5.0,0-10 mm
DP5,lh,prcus-p,0.1347885690444783,5.0,0-10 mm
DP5,lh,sbps,0.21219486547577207,5.0,0-10 mm
DP5,rh,ifrms,0.0,5.0,0-10 mm
DP5,rh,mcgs,0.0,5.0,0-10 mm
DP5,rh,pos,0.012861221133423612,5.0,0-10 mm
DP5,rh,prculs-d,0.03756435292897372,5.0,0-10 mm
DP5,rh,prcus-a,0.0,5.0,0-10 mm
DP5,rh,prcus-i,0.053410187150038924,5.0,0-10 mm
DP5,rh,prcus-p,0.3002853376973763,5.0,0-10 mm
DP5,rh,sbps,0.0,5.0,0-10 mm
DP7,lh,ifrms,0.0,5.0,0-10 mm
DP7,lh,mcgs,0.0,5.0,0-10 mm
DP7,lh,pos,7.22465762591625e-05,5.0,0-10 mm
DP7,lh,prculs-d,0.0,5.0,0-10 mm
DP7,lh,prcus-a,0.03300241636174345,5.0,0-10 mm
DP7,lh,prcus-i,0.2950823286191562,5.0,0-10 mm
DP7,lh,prcus-p,0.14750608613412844,5.0,0-10 mm
DP7,lh,sbps,0.24918975906112334,5.0,0-10 mm
DP7,rh,ifrms,0.0,5.0,0-10 mm
DP7,rh,mcgs,0.0,5.0,0-10 mm
DP7,rh,pos,0.03842516806083015,5.0,0-10 mm
DP7,rh,prculs-d,0.018535158011473978,5.0,0-10 mm
DP7,rh,prcus-a,0.0,5.0,0-10 mm
DP7,rh,prcus-i,0.0,5.0,0-10 mm
DP7,rh,prcus-p,0.3181951235063633,5.0,0-10 mm
DP7,rh,sbps,0.007992701300096414,5.0,0-10 mm
DP8,lh,ifrms,0.0,5.0,0-10 mm
DP8,lh,mcgs,0.0158711116555482,5.0,0-10 mm
DP8,lh,pos,0.0,5.0,0-10 mm
DP8,lh,prculs-d,0.0,5.0,0-10 mm
DP8,lh,prcus-a,0.36324386319386315,5.0,0-10 mm
DP8,lh,prcus-i,0.0011499432027652875,5.0,0-10 mm
DP8,lh,prcus-p,0.0,5.0,0-10 mm
DP8,lh,sbps,0.029565438280343314,5.0,0-10 mm
DP8,rh,ifrms,0.0,5.0,0-10 mm
DP8,rh,mcgs,0.0,5.0,0-10 mm
DP8,rh,pos,0.0,5.0,0-10 mm
DP8,rh,prculs-d,0.0003429367902319875,5.0,0-10 mm
DP8,rh,prcus-a,0.0010215137232508374,5.0,0-10 mm
DP8,rh,prcus-i,0.20961236197617777,5.0,0-10 mm
DP8,rh,prcus-p,0.03981926265203886,5.0,0-10 mm
DP8,rh,sbps,0.000768036006020025,5.0,0-10 mm
DP9,lh,ifrms,0.0,5.0,0-10 mm
DP9,lh,mcgs,0.0,5.0,0-10 mm
DP9,lh,pos,0.019302281235825385,5.0,0-10 mm
DP9,lh,prculs-d,0.0,5.0,0-10 mm
DP9,lh,prcus-a,0.0004632610238465125,5.0,0-10 mm
DP9,lh,prcus-i,0.0230975357344498,5.0,0-10 mm
DP9,lh,prcus-p,0.31471026633011057,5.0,0-10 mm
DP9,lh,sbps,0.22317396205398823,5.0,0-10 mm
DP9,rh,ifrms,0.0,5.0,0-10 mm
DP9,rh,mcgs,0.0,5.0,0-10 mm
DP9,rh,pos,0.07431804087930068,5.0,0-10 mm
DP9,rh,prculs-d,0.00293842250112075,5.0,0-10 mm
DP9,rh,prcus-a,0.0,5.0,0-10 mm
DP9,rh,prcus-i,0.0,5.0,0-10 mm
DP9,rh,prcus-p,0.01249268804111825,5.0,0-10 mm
DP9,rh,sbps,0.205829750035137,5.0,0-10 mm
NT1,lh,ifrms,0.0,5.0,0-10 mm
NT1,lh,mcgs,0.0,5.0,0-10 mm
NT1,lh,pos,0.0,5.0,0-10 mm
NT1,lh,prculs-d,0.0,5.0,0-10 mm
NT1,lh,prcus-a,0.17960359588820882,5.0,0-10 mm
NT1,lh,prcus-i,0.44470709237412615,5.0,0-10 mm
NT1,lh,prcus-p,0.04017873175735183,5.0,0-10 mm
NT1,lh,sbps,0.05681833763288544,5.0,0-10 mm
NT1,rh,ifrms,0.0,5.0,0-10 mm
NT1,rh,mcgs,0.0,5.0,0-10 mm
NT1,rh,pos,0.0,5.0,0-10 mm
NT1,rh,prculs-d,0.1175240320708801,5.0,0-10 mm
NT1,rh,prcus-a,0.0,5.0,0-10 mm
NT1,rh,prcus-i,0.03803562027193423,5.0,0-10 mm
NT1,rh,prcus-p,0.19312089592350207,5.0,0-10 mm
NT1,rh,sbps,0.09276553569527417,5.0,0-10 mm
NT10,lh,ifrms,0.0,5.0,0-10 mm
NT10,lh,mcgs,0.0,5.0,0-10 mm
NT10,lh,pos,0.003040260397619888,5.0,0-10 mm
NT10,lh,prculs-d,0.053548395729634456,5.0,0-10 mm
NT10,lh,prcus-a,0.0,5.0,0-10 mm
NT10,lh,prcus-i,0.05222589826929001,5.0,0-10 mm
NT10,lh,prcus-p,0.44259556956991125,5.0,0-10 mm
NT10,lh,sbps,0.25553555475916706,5.0,0-10 mm
NT10,rh,ifrms,0.0,5.0,0-10 mm
NT10,rh,mcgs,0.0,5.0,0-10 mm
NT10,rh,pos,0.0053058367355215495,5.0,0-10 mm
NT10,rh,prculs-d,0.0097874528370288,5.0,0-10 mm
NT10,rh,prcus-a,0.0,5.0,0-10 mm
NT10,rh,prcus-i,0.0,5.0,0-10 mm
NT10,rh,prcus-p,0.01686028280484026,5.0,0-10 mm
NT10,rh,sbps,0.02702078005968648,5.0,0-10 mm
NT11,lh,ifrms,0.0,5.0,0-10 mm
NT11,lh,mcgs,0.0,5.0,0-10 mm
NT11,lh,pos,0.0,5.0,0-10 mm
NT11,lh,prculs-d,0.08577090341071021,5.0,0-10 mm
NT11,lh,prcus-a,0.0,5.0,0-10 mm
NT11,lh,prcus-i,0.05377310544765046,5.0,0-10 mm
NT11,lh,prcus-p,0.08355645022864969,5.0,0-10 mm
NT11,lh,sbps,0.0,5.0,0-10 mm
NT11,rh,ifrms,0.0,5.0,0-10 mm
NT11,rh,mcgs,0.0,5.0,0-10 mm
NT11,rh,pos,0.02101875489532711,5.0,0-10 mm
NT11,rh,prculs-d,0.23401230826381467,5.0,0-10 mm
NT11,rh,prcus-a,0.0,5.0,0-10 mm
NT11,rh,prcus-i,0.0,5.0,0-10 mm
NT11,rh,prcus-p,0.01695875274425615,5.0,0-10 mm
NT11,rh,sbps,0.0021300671700085123,5.0,0-10 mm
NT12,lh,ifrms,0.0,5.0,0-10 mm
NT12,lh,mcgs,0.0,5.0,0-10 mm
NT12,lh,pos,0.019440711834526864,5.0,0-10 mm
NT12,lh,prculs-d,0.33262834268695707,5.0,0-10 mm
NT12,lh,prcus-a,0.0,5.0,0-10 mm
NT12,lh,prcus-i,0.0,5.0,0-10 mm
NT12,lh,prcus-p,0.0054572555390655,5.0,0-10 mm
NT12,lh,sbps,0.0,5.0,0-10 mm
NT12,rh,ifrms,0.0,5.0,0-10 mm
NT12,rh,mcgs,0.0,5.0,0-10 mm
NT12,rh,pos,0.026948777124164925,5.0,0-10 mm
NT12,rh,prculs-d,0.3955654038240183,5.0,0-10 mm
NT12,rh,prcus-a,0.0,5.0,0-10 mm
NT12,rh,prcus-i,0.0,5.0,0-10 mm
NT12,rh,prcus-p,0.03524801498460162,5.0,0-10 mm
NT12,rh,sbps,0.0,5.0,0-10 mm
NT13,lh,ifrms,0.0,5.0,0-10 mm
NT13,lh,mcgs,0.0,5.0,0-10 mm
NT13,lh,pos,0.0,5.0,0-10 mm
NT13,lh,prculs-d,0.04548211763566904,5.0,0-10 mm
NT13,lh,prcus-a,0.0,5.0,0-10 mm
NT13,lh,prcus-i,0.0009688939014567373,5.0,0-10 mm
NT13,lh,prcus-p,0.29693778248942654,5.0,0-10 mm
NT13,lh,sbps,0.0,5.0,0-10 mm
NT13,rh,ifrms,0.0,5.0,0-10 mm
NT13,rh,mcgs,0.0,5.0,0-10 mm
NT13,rh,pos,0.014378114364824049,5.0,0-10 mm
NT13,rh,prculs-d,0.000892334286357775,5.0,0-10 mm
NT13,rh,prcus-a,0.0,5.0,0-10 mm
NT13,rh,prcus-i,0.00255568239324765,5.0,0-10 mm
NT13,rh,prcus-p,0.09963112786457509,5.0,0-10 mm
NT13,rh,sbps,0.22272798396232935,5.0,0-10 mm
NT14,lh,ifrms,0.0,5.0,0-10 mm
NT14,lh,mcgs,0.0,5.0,0-10 mm
NT14,lh,pos,0.0,5.0,0-10 mm
NT14,lh,prculs-d,0.029556529621244054,5.0,0-10 mm
NT14,lh,prcus-a,0.0,5.0,0-10 mm
NT14,lh,prcus-i,0.08970142089713916,5.0,0-10 mm
NT14,lh,prcus-p,0.5112722297706263,5.0,0-10 mm
NT14,lh,sbps,0.048385435745198394,5.0,0-10 mm
NT14,rh,ifrms,0.0,5.0,0-10 mm
NT14,rh,mcgs,0.05479237793048876,5.0,0-10 mm
NT14,rh,pos,0.0,5.0,0-10 mm
NT14,rh,prculs-d,0.0,5.0,0-10 mm
NT14,rh,prcus-a,0.0,5.0,0-10 mm
NT14,rh,prcus-i,0.026323309444779914,5.0,0-10 mm
NT14,rh,prcus-p,0.0,5.0,0-10 mm
NT14,rh,sbps,0.0,5.0,0-10 mm
NT15,lh,ifrms,0.0,5.0,0-10 mm
NT15,lh,mcgs,0.0,5.0,0-10 mm
NT15,lh,pos,0.00025021708498425,5.0,0-10 mm
NT15,lh,prculs-d,0.0072432738188764004,5.0,0-10 mm
NT15,lh,prcus-a,0.0,5.0,0-10 mm
NT15,lh,prcus-i,0.015641423761333338,5.0,0-10 mm
NT15,lh,prcus-p,0.11532061391315578,5.0,0-10 mm
NT15,lh,sbps,0.3337429567185031,5.0,0-10 mm
NT15,rh,ifrms,0.0,5.0,0-10 mm
NT15,rh,mcgs,0.0,5.0,0-10 mm
NT15,rh,pos,0.009977051176977163,5.0,0-10 mm
NT15,rh,prculs-d,0.0,5.0,0-10 mm
NT15,rh,prcus-a,0.0,5.0,0-10 mm
NT15,rh,prcus-i,0.08668087670896456,5.0,0-10 mm
NT15,rh,prcus-p,0.26825865771996565,5.0,0-10 mm
NT15,rh,sbps,0.38863543545475265,5.0,0-10 mm
NT16,lh,ifrms,0.0,5.0,0-10 mm
NT16,lh,mcgs,0.0026150242044077746,5.0,0-10 mm
NT16,lh,pos,0.0,5.0,0-10 mm
NT16,lh,prculs-d,0.0,5.0,0-10 mm
NT16,lh,prcus-a,0.009873255051710425,5.0,0-10 mm
NT16,lh,prcus-i,0.32516171969729524,5.0,0-10 mm
NT16,lh,prcus-p,0.3044156869061209,5.0,0-10 mm
NT16,lh,sbps,0.02323033229686785,5.0,0-10 mm
NT16,rh,ifrms,0.0,5.0,0-10 mm
NT16,rh,mcgs,0.0,5.0,0-10 mm
NT16,rh,pos,0.0,5.0,0-10 mm
NT16,rh,prculs-d,0.028413185795930662,5.0,0-10 mm
NT16,rh,prcus-a,0.03378615194663258,5.0,0-10 mm
NT16,rh,prcus-i,0.5323948792475497,5.0,0-10 mm
NT16,rh,prcus-p,0.08685107695332372,5.0,0-10 mm
NT16,rh,sbps,0.0,5.0,0-10 mm
NT17,lh,ifrms,0.0,5.0,0-10 mm
NT17,lh,mcgs,0.0,5.0,0-10 mm
NT17,lh,pos,0.0,5.0,0-10 mm
NT17,lh,prculs-d,0.0022761027839041624,5.0,0-10 mm
NT17,lh,prcus-a,0.08465439256691547,5.0,0-10 mm
NT17,lh,prcus-i,0.13106453517696567,5.0,0-10 mm
NT17,lh,prcus-p,0.5139022024976917,5.0,0-10 mm
NT17,lh,sbps,0.27022864797793317,5.0,0-10 mm
NT17,rh,ifrms,0.0,5.0,0-10 mm
NT17,rh,mcgs,0.0,5.0,0-10 mm
NT17,rh,pos,0.0778019890996217,5.0,0-10 mm
NT17,rh,prculs-d,0.02653172300345551,5.0,0-10 mm
NT17,rh,prcus-a,0.0,5.0,0-10 mm
NT17,rh,prcus-i,0.0,5.0,0-10 mm
NT17,rh,prcus-p,0.023755385461802586,5.0,0-10 mm
NT17,rh,sbps,0.039226506506051764,5.0,0-10 mm
NT18,lh,ifrms,0.0,5.0,0-10 mm
NT18,lh,mcgs,0.0,5.0,0-10 mm
NT18,lh,pos,0.014172625475804449,5.0,0-10 mm
NT18,lh,prculs-d,0.10116687662427201,5.0,0-10 mm
NT18,lh,prcus-a,0.0,5.0,0-10 mm
NT18,lh,prcus-i,0.0,5.0,0-10 mm
NT18,lh,prcus-p,0.23319397503573974,5.0,0-10 mm
NT18,lh,sbps,0.1815767772391091,5.0,0-10 mm
NT18,rh,ifrms,0.0,5.0,0-10 mm
NT18,rh,mcgs,0.0,5.0,0-10 mm
NT18,rh,pos,0.02443329481401075,5.0,0-10 mm
NT18,rh,prculs-d,0.27296596801975737,5.0,0-10 mm
NT18,rh,prcus-a,0.0,5.0,0-10 mm
NT18,rh,prcus-i,0.0001471713319431,5.0,0-10 mm
NT18,rh,prcus-p,0.21003147160343363,5.0,0-10 mm
NT18,rh,sbps,0.0,5.0,0-10 mm
NT19,lh,ifrms,0.0,5.0,0-10 mm
NT19,lh,mcgs,0.0,5.0,0-10 mm
NT19,lh,pos,0.0,5.0,0-10 mm
NT19,lh,prculs-d,0.030788725329926027,5.0,0-10 mm
NT19,lh,prcus-a,0.0,5.0,0-10 mm
NT19,lh,prcus-i,0.03692783990863892,5.0,0-10 mm
NT19,lh,prcus-p,0.46747975520157176,5.0,0-10 mm
NT19,lh,sbps,0.0208206073863212,5.0,0-10 mm
NT19,rh,ifrms,0.0,5.0,0-10 mm
NT19,rh,mcgs,0.0,5.0,0-10 mm
NT19,rh,pos,0.0,5.0,0-10 mm
NT19,rh,prculs-d,0.0,5.0,0-10 mm
NT19,rh,prcus-a,0.02760189342816885,5.0,0-10 mm
NT19,rh,prcus-i,0.33345441910337054,5.0,0-10 mm
NT19,rh,prcus-p,0.058064061004581426,5.0,0-10 mm
NT19,rh,sbps,0.0,5.0,0-10 mm
NT20,lh,ifrms,0.0,5.0,0-10 mm
NT20,lh,mcgs,0.0,5.0,0-10 mm
NT20,lh,pos,0.050672180733369224,5.0,0-10 mm
NT20,lh,prculs-d,0.013962380368288563,5.0,0-10 mm
NT20,lh,prcus-a,0.0,5.0,0-10 mm
NT20,lh,prcus-i,0.0644532805692503,5.0,0-10 mm
NT20,lh,prcus-p,0.5785305743210887,5.0,0-10 mm
NT20,lh,sbps,0.025265273913321812,5.0,0-10 mm
NT20,rh,ifrms,0.0,5.0,0-10 mm
NT20,rh,mcgs,0.06286982652580296,5.0,0-10 mm
NT20,rh,pos,0.0,5.0,0-10 mm
NT20,rh,prculs-d,0.0,5.0,0-10 mm
NT20,rh,prcus-a,0.018893156796146733,5.0,0-10 mm
NT20,rh,prcus-i,0.10278885702021714,5.0,0-10 mm
NT20,rh,prcus-p,0.0,5.0,0-10 mm
NT20,rh,sbps,0.0,5.0,0-10 mm
NT21,lh,ifrms,0.0,5.0,0-10 mm
NT21,lh,mcgs,0.0,5.0,0-10 mm
NT21,lh,pos,0.0,5.0,0-10 mm
NT21,lh,prculs-d,0.0,5.0,0-10 mm
NT21,lh,prcus-a,0.012284646523503962,5.0,0-10 mm
NT21,lh,prcus-i,0.2711754213421537,5.0,0-10 mm
NT21,lh,prcus-p,0.000754042186500875,5.0,0-10 mm
NT21,lh,sbps,0.19743134968297363,5.0,0-10 mm
NT21,rh,ifrms,0.0,5.0,0-10 mm
NT21,rh,mcgs,0.0,5.0,0-10 mm
NT21,rh,pos,0.0008686770870487874,5.0,0-10 mm
NT21,rh,prculs-d,0.07021454067606285,5.0,0-10 mm
NT21,rh,prcus-a,0.0,5.0,0-10 mm
NT21,rh,prcus-i,0.006076450859569162,5.0,0-10 mm
NT21,rh,prcus-p,0.5056040996700721,5.0,0-10 mm
NT21,rh,sbps,0.06680499839085699,5.0,0-10 mm
NT22,lh,ifrms,0.0,5.0,0-10 mm
NT22,lh,mcgs,0.0,5.0,0-10 mm
NT22,lh,pos,0.0,5.0,0-10 mm
NT22,lh,prculs-d,0.0,5.0,0-10 mm
NT22,lh,prcus-a,0.06649441226157445,5.0,0-10 mm
NT22,lh,prcus-i,0.3187700727063903,5.0,0-10 mm
NT22,lh,prcus-p,0.13304947992681715,5.0,0-10 mm
NT22,lh,sbps,0.012253510542762963,5.0,0-10 mm
NT22,rh,ifrms,0.0,5.0,0-10 mm
NT22,rh,mcgs,0.0,5.0,0-10 mm
NT22,rh,pos,0.004127983352341299,5.0,0-10 mm
NT22,rh,prculs-d,0.0,5.0,0-10 mm
NT22,rh,prcus-a,0.0068546667482626625,5.0,0-10 mm
NT22,rh,prcus-i,0.0,5.0,0-10 mm
NT22,rh,prcus-p,0.1892383162420256,5.0,0-10 mm
NT22,rh,sbps,0.25149965111379313,5.0,0-10 mm
NT23,lh,ifrms,0.0,5.0,0-10 mm
NT23,lh,mcgs,0.0,5.0,0-10 mm
NT23,lh,pos,0.0,5.0,0-10 mm
NT23,lh,prculs-d,0.0011219403696212124,5.0,0-10 mm
NT23,lh,prcus-a,0.0009206384453055875,5.0,0-10 mm
NT23,lh,prcus-i,0.10875177528429822,5.0,0-10 mm
NT23,lh,prcus-p,0.0,5.0,0-10 mm
NT23,lh,sbps,0.0,5.0,0-10 mm
NT23,rh,ifrms,0.0,5.0,0-10 mm
NT23,rh,mcgs,0.0,5.0,0-10 mm
NT23,rh,pos,0.10501535936955234,5.0,0-10 mm
NT23,rh,prculs-d,0.08089802216763295,5.0,0-10 mm
NT23,rh,prcus-a,0.0,5.0,0-10 mm
NT23,rh,prcus-i,0.0,5.0,0-10 mm
NT23,rh,prcus-p,0.0,5.0,0-10 mm
NT23,rh,sbps,0.0,5.0,0-10 mm
NT24,lh,ifrms,0.0,5.0,0-10 mm
NT24,lh,mcgs,0.0,5.0,0-10 mm
NT24,lh,pos,0.0,5.0,0-10 mm
NT24,lh,prculs-d,0.004919000430413175,5.0,0-10 mm
NT24,lh,prcus-a,0.022173110140305523,5.0,0-10 mm
NT24,lh,prcus-i,0.3378126228277537,5.0,0-10 mm
NT24,lh,prcus-p,0.07148844163697612,5.0,0-10 mm
NT24,lh,sbps,0.0,5.0,0-10 mm
NT24,rh,ifrms,0.0,5.0,0-10 mm
NT24,rh,mcgs,0.0,5.0,0-10 mm
NT24,rh,pos,0.045228722533567384,5.0,0-10 mm
NT24,rh,prculs-d,0.06351666735651279,5.0,0-10 mm
NT24,rh,prcus-a,0.00055641691559645,5.0,0-10 mm
NT24,rh,prcus-i,0.012094906830244112,5.0,0-10 mm
NT24,rh,prcus-p,0.15606813774034944,5.0,0-10 mm
NT24,rh,sbps,0.10105129591994429,5.0,0-10 mm
NT25,lh,ifrms,0.0,5.0,0-10 mm
NT25,lh,mcgs,0.0,5.0,0-10 mm
NT25,lh,pos,0.047730736379656205,5.0,0-10 mm
NT25,lh,prculs-d,0.41934223571913937,5.0,0-10 mm
NT25,lh,prcus-a,0.0,5.0,0-10 mm
NT25,lh,prcus-i,0.0005715850837746875,5.0,0-10 mm
NT25,lh,prcus-p,0.0,5.0,0-10 mm
NT25,lh,sbps,0.0,5.0,0-10 mm
NT25,rh,ifrms,0.0,5.0,0-10 mm
NT25,rh,mcgs,0.0,5.0,0-10 mm
NT25,rh,pos,0.04202779115271356,5.0,0-10 mm
NT25,rh,prculs-d,0.1567855859647184,5.0,0-10 mm
NT25,rh,prcus-a,0.0,5.0,0-10 mm
NT25,rh,prcus-i,0.00051664489360865,5.0,0-10 mm
NT25,rh,prcus-p,0.17077070529982874,5.0,0-10 mm
NT25,rh,sbps,0.0,5.0,0-10 mm
NT26,lh,ifrms,0.0,5.0,0-10 mm
NT26,lh,mcgs,0.0,5.0,0-10 mm
NT26,lh,pos,0.0,5.0,0-10 mm
NT26,lh,prculs-d,0.09720043557621469,5.0,0-10 mm
NT26,lh,prcus-a,0.0,5.0,0-10 mm
NT26,lh,prcus-i,0.013446210594923836,5.0,0-10 mm
NT26,lh,prcus-p,0.20169064790318697,5.0,0-10 mm
NT26,lh,sbps,0.0,5.0,0-10 mm
NT26,rh,ifrms,0.0,5.0,0-10 mm
NT26,rh,mcgs,0.0,5.0,0-10 mm
NT26,rh,pos,0.012568457941220851,5.0,0-10 mm
NT26,rh,prculs-d,0.10429467467623735,5.0,0-10 mm
NT26,rh,prcus-a,0.0,5.0,0-10 mm
NT26,rh,prcus-i,0.0,5.0,0-10 mm
NT26,rh,prcus-p,0.16764197526944685,5.0,0-10 mm
NT26,rh,sbps,0.005112225709261313,5.0,0-10 mm
NT27,lh,ifrms,0.0,5.0,0-10 mm
NT27,lh,mcgs,0.0,5.0,0-10 mm
NT27,lh,pos,0.0,5.0,0-10 mm
NT27,lh,prculs-d,0.037362654989605996,5.0,0-10 mm
NT27,lh,prcus-a,0.0,5.0,0-10 mm
NT27,lh,prcus-i,0.06085672002198065,5.0,0-10 mm
NT27,lh,prcus-p,0.29879716857322497,5.0,0-10 mm
NT27,lh,sbps,0.0,5.0,0-10 mm
NT27,rh,ifrms,0.0,5.0,0-10 mm
NT27,rh,mcgs,0.0,5.0,0-10 mm
NT27,rh,pos,0.0016199536962996249,5.0,0-10 mm
NT27,rh,prculs-d,0.2718899208586327,5.0,0-10 mm
NT27,rh,prcus-a,0.017354551048835216,5.0,0-10 mm
NT27,rh,prcus-i,0.22868683783212723,5.0,0-10 mm
NT27,rh,prcus-p,0.1374057857419472,5.0,0-10 mm
NT27,rh,sbps,0.00398969318964645,5.0,0-10 mm
NT3,lh,ifrms,0.0,5.0,0-10 mm
NT3,lh,mcgs,0.0,5.0,0-10 mm
NT3,lh,pos,0.02375961217155546,5.0,0-10 mm
NT3,lh,prculs-d,0.48661378496403157,5.0,0-10 mm
NT3,lh,prcus-a,0.0,5.0,0-10 mm
NT3,lh,prcus-i,0.06801504785156036,5.0,0-10 mm
NT3,lh,prcus-p,0.05150793554493527,5.0,0-10 mm
NT3,lh,sbps,0.0,5.0,0-10 mm
NT3,rh,ifrms,0.0,5.0,0-10 mm
NT3,rh,mcgs,0.0,5.0,0-10 mm
NT3,rh,pos,0.2063987960670019,5.0,0-10 mm
NT3,rh,prculs-d,0.19744551959568474,5.0,0-10 mm
NT3,rh,prcus-a,0.0,5.0,0-10 mm
NT3,rh,prcus-i,0.0,5.0,0-10 mm
NT3,rh,prcus-p,0.0003673403087804625,5.0,0-10 mm
NT3,rh,sbps,0.0,5.0,0-10 mm
NT5,lh,ifrms,0.0,5.0,0-10 mm
NT5,lh,mcgs,0.0001973911625316,5.0,0-10 mm
NT5,lh,pos,0.0003023402546319875,5.0,0-10 mm
NT5,lh,prculs-d,0.0011047014831439,5.0,0-10 mm
NT5,lh,prcus-a,0.09639052025519797,5.0,0-10 mm
NT5,lh,prcus-i,0.44609176518320187,5.0,0-10 mm
NT5,lh,prcus-p,0.19660776566788427,5.0,0-10 mm
NT5,lh,sbps,0.03756091046752014,5.0,0-10 mm
NT5,rh,ifrms,0.0,5.0,0-10 mm
NT5,rh,mcgs,0.0,5.0,0-10 mm
NT5,rh,pos,0.0,5.0,0-10 mm
NT5,rh,prculs-d,0.026523455130126987,5.0,0-10 mm
NT5,rh,prcus-a,0.2052211689344665,5.0,0-10 mm
NT5,rh,prcus-i,0.5684725452382928,5.0,0-10 mm
NT5,rh,prcus-p,0.07231468758753339,5.0,0-10 mm
NT5,rh,sbps,0.02358971596202191,5.0,0-10 mm
NT6,lh,ifrms,0.0,5.0,0-10 mm
NT6,lh,mcgs,0.0,5.0,0-10 mm
NT6,lh,pos,0.0,5.0,0-10 mm
NT6,lh,prculs-d,0.0,5.0,0-10 mm
NT6,lh,prcus-a,0.0,5.0,0-10 mm
NT6,lh,prcus-i,0.007214995074952113,5.0,0-10 mm
NT6,lh,prcus-p,0.19384063383799152,5.0,0-10 mm
NT6,lh,sbps,0.12708365281548803,5.0,0-10 mm
NT6,rh,ifrms,0.0,5.0,0-10 mm
NT6,rh,mcgs,0.0,5.0,0-10 mm
NT6,rh,pos,0.0,5.0,0-10 mm
NT6,rh,prculs-d,0.2162637911900859,5.0,0-10 mm
NT6,rh,prcus-a,0.0,5.0,0-10 mm
NT6,rh,prcus-i,0.02183234970546293,5.0,0-10 mm
NT6,rh,prcus-p,0.2892462825623788,5.0,0-10 mm
NT6,rh,sbps,0.0,5.0,0-10 mm
NT7,lh,ifrms,0.0,5.0,0-10 mm
NT7,lh,mcgs,0.0,5.0,0-10 mm
NT7,lh,pos,0.00047677636028151257,5.0,0-10 mm
NT7,lh,prculs-d,0.1325352034571224,5.0,0-10 mm
NT7,lh,prcus-a,0.0,5.0,0-10 mm
NT7,lh,prcus-i,0.0,5.0,0-10 mm
NT7,lh,prcus-p,0.2512239153504105,5.0,0-10 mm
NT7,lh,sbps,0.0,5.0,0-10 mm
NT7,rh,ifrms,0.0,5.0,0-10 mm
NT7,rh,mcgs,0.0,5.0,0-10 mm
NT7,rh,pos,0.031071471526212924,5.0,0-10 mm
NT7,rh,prculs-d,0.1490962958221894,5.0,0-10 mm
NT7,rh,prcus-a,0.0,5.0,0-10 mm
NT7,rh,prcus-i,0.038988220816080506,5.0,0-10 mm
NT7,rh,prcus-p,0.3412097980767161,5.0,0-10 mm
NT7,rh,sbps,0.00097352856429765,5.0,0-10 mm
NT8,lh,ifrms,0.0,5.0,0-10 mm
NT8,lh,mcgs,0.0,5.0,0-10 mm
NT8,lh,pos,0.0,5.0,0-10 mm
NT8,lh,prculs-d,0.0,5.0,0-10 mm
NT8,lh,prcus-a,0.007270616228611387,5.0,0-10 mm
NT8,lh,prcus-i,0.09778698604340441,5.0,0-10 mm
NT8,lh,prcus-p,0.33924172402163366,5.0,0-10 mm
NT8,lh,sbps,0.05351626696738589,5.0,0-10 mm
NT8,rh,ifrms,0.0,5.0,0-10 mm
NT8,rh,mcgs,0.0,5.0,0-10 mm
NT8,rh,pos,0.000174532094856075,5.0,0-10 mm
NT8,rh,prculs-d,0.0,5.0,0-10 mm
NT8,rh,prcus-a,0.0,5.0,0-10 mm
NT8,rh,prcus-i,0.24451524249430395,5.0,0-10 mm
NT8,rh,prcus-p,0.41708389020990405,5.0,0-10 mm
NT8,rh,sbps,0.065578126749022,5.0,0-10 mm
NT9,lh,ifrms,0.0,5.0,0-10 mm
NT9,lh,mcgs,0.0,5.0,0-10 mm
NT9,lh,pos,0.03944018093944159,5.0,0-10 mm
NT9,lh,prculs-d,0.05110473974989589,5.0,0-10 mm
NT9,lh,prcus-a,0.015822193935251312,5.0,0-10 mm
NT9,lh,prcus-i,0.3604916801015124,5.0,0-10 mm
NT9,lh,prcus-p,0.2602426376094844,5.0,0-10 mm
NT9,lh,sbps,0.01038645871363875,5.0,0-10 mm
NT9,rh,ifrms,0.0,5.0,0-10 mm
NT9,rh,mcgs,0.0,5.0,0-10 mm
NT9,rh,pos,0.0,5.0,0-10 mm
NT9,rh,prculs-d,0.024020908178815,5.0,0-10 mm
NT9,rh,prcus-a,0.0,5.0,0-10 mm
NT9,rh,prcus-i,0.0006995526501670126,5.0,0-10 mm
NT9,rh,prcus-p,0.2891887876966494,5.0,0-10 mm
NT9,rh,sbps,0.08603783493524227,5.0,0-10 mm
DP10,lh,ifrms,0.0,2.5,0 mm
DP10,lh,mcgs,0.0,2.5,0 mm
DP10,lh,pos,0.0,2.5,0 mm
DP10,lh,prculs-d,0.0,2.5,0 mm
DP10,lh,prcus-a,0.0,2.5,0 mm
DP10,lh,prcus-i,0.1258479146376767,2.5,0 mm
DP10,lh,prcus-p,0.1900188916481946,2.5,0 mm
DP10,lh,sbps,0.1614386624205131,2.5,0 mm
DP10,rh,ifrms,0.0,2.5,0 mm
DP10,rh,mcgs,0.0,2.5,0 mm
DP10,rh,pos,0.1037285215988274,2.5,0 mm
DP10,rh,prculs-d,0.2073529167646211,2.5,0 mm
DP10,rh,prcus-a,0.0,2.5,0 mm
DP10,rh,prcus-i,0.0,2.5,0 mm
DP10,rh,prcus-p,0.0,2.5,0 mm
DP10,rh,sbps,0.0,2.5,0 mm
DP11,lh,ifrms,0.0,2.5,0 mm
DP11,lh,mcgs,0.0,2.5,0 mm
DP11,lh,pos,0.0101056300996775,2.5,0 mm
DP11,lh,prculs-d,0.0,2.5,0 mm
DP11,lh,prcus-a,0.0,2.5,0 mm
DP11,lh,prcus-i,0.0,2.5,0 mm
DP11,lh,prcus-p,0.4131874759382919,2.5,0 mm
DP11,lh,sbps,0.0,2.5,0 mm
DP11,rh,ifrms,0.0,2.5,0 mm
DP11,rh,mcgs,0.0,2.5,0 mm
DP11,rh,pos,0.0,2.5,0 mm
DP11,rh,prculs-d,0.0,2.5,0 mm
DP11,rh,prcus-a,0.0,2.5,0 mm
DP11,rh,prcus-i,0.0,2.5,0 mm
DP11,rh,prcus-p,0.0510172714355637,2.5,0 mm
DP11,rh,sbps,0.1742301970932709,2.5,0 mm
DP12,lh,ifrms,0.0,2.5,0 mm
DP12,lh,mcgs,0.0,2.5,0 mm
DP12,lh,pos,0.0,2.5,0 mm
DP12,lh,prculs-d,0.0,2.5,0 mm
DP12,lh,prcus-a,0.0,2.5,0 mm
DP12,lh,prcus-i,0.0,2.5,0 mm
DP12,lh,prcus-p,0.4042328480036741,2.5,0 mm
DP12,lh,sbps,0.0,2.5,0 mm
DP12,rh,ifrms,0.0,2.5,0 mm
DP12,rh,mcgs,0.0,2.5,0 mm
DP12,rh,pos,0.0,2.5,0 mm
DP12,rh,prculs-d,0.0,2.5,0 mm
DP12,rh,prcus-a,0.0,2.5,0 mm
DP12,rh,prcus-i,0.0,2.5,0 mm
DP12,rh,prcus-p,0.2424146175516787,2.5,0 mm
DP12,rh,sbps,0.0,2.5,0 mm
DP13,lh,ifrms,0.0,2.5,0 mm
DP13,lh,mcgs,0.0,2.5,0 mm
DP13,lh,pos,0.0,2.5,0 mm
DP13,lh,prculs-d,0.0,2.5,0 mm
DP13,lh,prcus-a,0.0,2.5,0 mm
DP13,lh,prcus-i,0.0,2.5,0 mm
DP13,lh,prcus-p,0.1918654965404348,2.5,0 mm
DP13,lh,sbps,0.0,2.5,0 mm
DP13,rh,ifrms,0.0,2.5,0 mm
DP13,rh,mcgs,0.0,2.5,0 mm
DP13,rh,pos,0.0,2.5,0 mm
DP13,rh,prculs-d,0.0220265637728092,2.5,0 mm
DP13,rh,prcus-a,0.0,2.5,0 mm
DP13,rh,prcus-i,0.0,2.5,0 mm
DP13,rh,prcus-p,0.1229200232013051,2.5,0 mm
DP13,rh,sbps,0.0,2.5,0 mm
DP14,lh,ifrms,0.0,2.5,0 mm
DP14,lh,mcgs,0.0,2.5,0 mm
DP14,lh,pos,0.0,2.5,0 mm
DP14,lh,prculs-d,0.4417402985756668,2.5,0 mm
DP14,lh,prcus-a,0.0,2.5,0 mm
DP14,lh,prcus-i,0.0,2.5,0 mm
DP14,lh,prcus-p,0.0,2.5,0 mm
DP14,lh,sbps,0.0,2.5,0 mm
DP14,rh,ifrms,0.0,2.5,0 mm
DP14,rh,mcgs,0.0,2.5,0 mm
DP14,rh,pos,0.0,2.5,0 mm
DP14,rh,prculs-d,0.0,2.5,0 mm
DP14,rh,prcus-a,0.0,2.5,0 mm
DP14,rh,prcus-i,0.0,2.5,0 mm
DP14,rh,prcus-p,0.0,2.5,0 mm
DP14,rh,sbps,0.1868334302198638,2.5,0 mm
DP15,lh,ifrms,0.0,2.5,0 mm
DP15,lh,mcgs,0.0,2.5,0 mm
DP15,lh,pos,0.0,2.5,0 mm
DP15,lh,prculs-d,0.0,2.5,0 mm
DP15,lh,prcus-a,0.0596426502307968,2.5,0 mm
DP15,lh,prcus-i,0.0,2.5,0 mm
DP15,lh,prcus-p,0.0,2.5,0 mm
DP15,lh,sbps,0.1669036204406695,2.5,0 mm
DP15,rh,ifrms,0.0,2.5,0 mm
DP15,rh,mcgs,0.0,2.5,0 mm
DP15,rh,pos,0.0,2.5,0 mm
DP15,rh,prculs-d,0.0,2.5,0 mm
DP15,rh,prcus-a,0.0,2.5,0 mm
DP15,rh,prcus-i,0.0,2.5,0 mm
DP15,rh,prcus-p,0.0,2.5,0 mm
DP15,rh,sbps,0.1338347600130806,2.5,0 mm
DP16,lh,ifrms,0.0,2.5,0 mm
DP16,lh,mcgs,0.0,2.5,0 mm
DP16,lh,pos,0.0206085503783207,2.5,0 mm
DP16,lh,prculs-d,0.0,2.5,0 mm
DP16,lh,prcus-a,0.0,2.5,0 mm
DP16,lh,prcus-i,0.0,2.5,0 mm
DP16,lh,prcus-p,0.0151446110580033,2.5,0 mm
DP16,lh,sbps,0.0,2.5,0 mm
DP16,rh,ifrms,0.0,2.5,0 mm
DP16,rh,mcgs,0.0,2.5,0 mm
DP16,rh,pos,0.0,2.5,0 mm
DP16,rh,prculs-d,0.0,2.5,0 mm
DP16,rh,prcus-a,0.0,2.5,0 mm
DP16,rh,prcus-i,0.0,2.5,0 mm
DP16,rh,prcus-p,0.0149506566923217,2.5,0 mm
DP16,rh,sbps,0.0,2.5,0 mm
DP17,lh,ifrms,0.0,2.5,0 mm
DP17,lh,mcgs,0.0,2.5,0 mm
DP17,lh,pos,0.0,2.5,0 mm
DP17,lh,prculs-d,0.0,2.5,0 mm
DP17,lh,prcus-a,0.0,2.5,0 mm
DP17,lh,prcus-i,0.0,2.5,0 mm
DP17,lh,prcus-p,0.0,2.5,0 mm
DP17,lh,sbps,0.0313410115643241,2.5,0 mm
DP17,rh,ifrms,0.0,2.5,0 mm
DP17,rh,mcgs,0.0,2.5,0 mm
DP17,rh,pos,0.0,2.5,0 mm
DP17,rh,prculs-d,0.0,2.5,0 mm
DP17,rh,prcus-a,0.2589863187505573,2.5,0 mm
DP17,rh,prcus-i,0.0,2.5,0 mm
DP17,rh,prcus-p,0.0,2.5,0 mm
DP17,rh,sbps,0.1009782042493914,2.5,0 mm
DP18,lh,ifrms,0.0,2.5,0 mm
DP18,lh,mcgs,0.0,2.5,0 mm
DP18,lh,pos,0.0,2.5,0 mm
DP18,lh,prculs-d,0.0,2.5,0 mm
DP18,lh,prcus-a,0.0,2.5,0 mm
DP18,lh,prcus-i,0.0,2.5,0 mm
DP18,lh,prcus-p,0.2464141544051507,2.5,0 mm
DP18,lh,sbps,0.0,2.5,0 mm
DP18,rh,ifrms,0.0,2.5,0 mm
DP18,rh,mcgs,0.0,2.5,0 mm
DP18,rh,pos,0.0,2.5,0 mm
DP18,rh,prculs-d,0.0,2.5,0 mm
DP18,rh,prcus-a,0.0,2.5,0 mm
DP18,rh,prcus-i,0.0,2.5,0 mm
DP18,rh,prcus-p,0.1760525913316023,2.5,0 mm
DP18,rh,sbps,0.0123656512282635,2.5,0 mm
DP19,lh,ifrms,0.0,2.5,0 mm
DP19,lh,mcgs,0.0,2.5,0 mm
DP19,lh,pos,0.0,2.5,0 mm
DP19,lh,prculs-d,0.0,2.5,0 mm
DP19,lh,prcus-a,0.0,2.5,0 mm
DP19,lh,prcus-i,0.0,2.5,0 mm
DP19,lh,prcus-p,0.0,2.5,0 mm
DP19,lh,sbps,0.1847694650118717,2.5,0 mm
DP19,rh,ifrms,0.0,2.5,0 mm
DP19,rh,mcgs,0.0,2.5,0 mm
DP19,rh,pos,0.0,2.5,0 mm
DP19,rh,prculs-d,0.0,2.5,0 mm
DP19,rh,prcus-a,0.0,2.5,0 mm
DP19,rh,prcus-i,0.0,2.5,0 mm
DP19,rh,prcus-p,0.0,2.5,0 mm
DP19,rh,sbps,0.1667926378969209,2.5,0 mm
DP2,lh,ifrms,0.0,2.5,0 mm
DP2,lh,mcgs,0.0,2.5,0 mm
DP2,lh,pos,0.0,2.5,0 mm
DP2,lh,prculs-d,0.0,2.5,0 mm
DP2,lh,prcus-a,0.0,2.5,0 mm
DP2,lh,prcus-i,0.0,2.5,0 mm
DP2,lh,prcus-p,0.090082534440574,2.5,0 mm
DP2,lh,sbps,0.0,2.5,0 mm
DP2,rh,ifrms,0.0,2.5,0 mm
DP2,rh,mcgs,0.0,2.5,0 mm
DP2,rh,pos,0.0,2.5,0 mm
DP2,rh,prculs-d,0.0,2.5,0 mm
DP2,rh,prcus-a,0.0,2.5,0 mm
DP2,rh,prcus-i,0.0,2.5,0 mm
DP2,rh,prcus-p,0.1712923622060631,2.5,0 mm
DP2,rh,sbps,0.0,2.5,0 mm
DP20,lh,ifrms,0.0,2.5,0 mm
DP20,lh,mcgs,0.0,2.5,0 mm
DP20,lh,pos,0.0,2.5,0 mm
DP20,lh,prculs-d,0.0,2.5,0 mm
DP20,lh,prcus-a,0.0,2.5,0 mm
DP20,lh,prcus-i,0.0,2.5,0 mm
DP20,lh,prcus-p,0.421702237135702,2.5,0 mm
DP20,lh,sbps,0.0,2.5,0 mm
DP20,rh,ifrms,0.0,2.5,0 mm
DP20,rh,mcgs,0.0,2.5,0 mm
DP20,rh,pos,0.0,2.5,0 mm
DP20,rh,prculs-d,0.0,2.5,0 mm
DP20,rh,prcus-a,0.0,2.5,0 mm
DP20,rh,prcus-i,0.5018045833208639,2.5,0 mm
DP20,rh,prcus-p,0.0054927751051363,2.5,0 mm
DP20,rh,sbps,0.0961318175012788,2.5,0 mm
DP21,lh,ifrms,0.0,2.5,0 mm
DP21,lh,mcgs,0.0,2.5,0 mm
DP21,lh,pos,0.0,2.5,0 mm
DP21,lh,prculs-d,0.4225199821948814,2.5,0 mm
DP21,lh,prcus-a,0.0,2.5,0 mm
DP21,lh,prcus-i,0.0,2.5,0 mm
DP21,lh,prcus-p,0.0,2.5,0 mm
DP21,lh,sbps,0.0,2.5,0 mm
DP21,rh,ifrms,0.0,2.5,0 mm
DP21,rh,mcgs,0.0,2.5,0 mm
DP21,rh,pos,0.0,2.5,0 mm
DP21,rh,prculs-d,0.5051686988458459,2.5,0 mm
DP21,rh,prcus-a,0.0,2.5,0 mm
DP21,rh,prcus-i,0.0,2.5,0 mm
DP21,rh,prcus-p,0.0,2.5,0 mm
DP21,rh,sbps,0.0,2.5,0 mm
DP22,lh,ifrms,0.0,2.5,0 mm
DP22,lh,mcgs,0.0,2.5,0 mm
DP22,lh,pos,0.0,2.5,0 mm
DP22,lh,prculs-d,0.0,2.5,0 mm
DP22,lh,prcus-a,0.0,2.5,0 mm
DP22,lh,prcus-i,0.0,2.5,0 mm
DP22,lh,prcus-p,0.0,2.5,0 mm
DP22,lh,sbps,0.1982448716329675,2.5,0 mm
DP22,rh,ifrms,0.0,2.5,0 mm
DP22,rh,mcgs,0.0,2.5,0 mm
DP22,rh,pos,0.0,2.5,0 mm
DP22,rh,prculs-d,0.0,2.5,0 mm
DP22,rh,prcus-a,0.0,2.5,0 mm
DP22,rh,prcus-i,0.0,2.5,0 mm
DP22,rh,prcus-p,0.0,2.5,0 mm
DP22,rh,sbps,0.2521255775137108,2.5,0 mm
DP23,lh,ifrms,0.0,2.5,0 mm
DP23,lh,mcgs,0.0,2.5,0 mm
DP23,lh,pos,0.0,2.5,0 mm
DP23,lh,prculs-d,0.0,2.5,0 mm
DP23,lh,prcus-a,0.0221953813836664,2.5,0 mm
DP23,lh,prcus-i,0.012551895094901,2.5,0 mm
DP23,lh,prcus-p,0.0,2.5,0 mm
DP23,lh,sbps,0.2569230127499176,2.5,0 mm
DP23,rh,ifrms,0.0,2.5,0 mm
DP23,rh,mcgs,0.0,2.5,0 mm
DP23,rh,pos,0.0,2.5,0 mm
DP23,rh,prculs-d,0.0866841571570375,2.5,0 mm
DP23,rh,prcus-a,0.0,2.5,0 mm
DP23,rh,prcus-i,0.0,2.5,0 mm
DP23,rh,prcus-p,0.0,2.5,0 mm
DP23,rh,sbps,0.0,2.5,0 mm
DP24,lh,ifrms,0.0,2.5,0 mm
DP24,lh,mcgs,0.0,2.5,0 mm
DP24,lh,pos,0.0,2.5,0 mm
DP24,lh,prculs-d,0.1744146592471312,2.5,0 mm
DP24,lh,prcus-a,0.0,2.5,0 mm
DP24,lh,prcus-i,0.0,2.5,0 mm
DP24,lh,prcus-p,0.3785903617814011,2.5,0 mm
DP24,lh,sbps,0.0,2.5,0 mm
DP24,rh,ifrms,0.0,2.5,0 mm
DP24,rh,mcgs,0.0,2.5,0 mm
DP24,rh,pos,0.0,2.5,0 mm
DP24,rh,prculs-d,0.3492380341102838,2.5,0 mm
DP24,rh,prcus-a,0.0,2.5,0 mm
DP24,rh,prcus-i,0.0,2.5,0 mm
DP24,rh,prcus-p,0.0,2.5,0 mm
DP24,rh,sbps,0.0,2.5,0 mm
DP3,lh,ifrms,0.0,2.5,0 mm
DP3,lh,mcgs,0.0,2.5,0 mm
DP3,lh,pos,0.0,2.5,0 mm
DP3,lh,prculs-d,0.0,2.5,0 mm
DP3,lh,prcus-a,0.0,2.5,0 mm
DP3,lh,prcus-i,0.0335767388269532,2.5,0 mm
DP3,lh,prcus-p,0.413990601934816,2.5,0 mm
DP3,lh,sbps,0.0,2.5,0 mm
DP3,rh,ifrms,0.0,2.5,0 mm
DP3,rh,mcgs,0.0,2.5,0 mm
DP3,rh,pos,0.0,2.5,0 mm
DP3,rh,prculs-d,0.0,2.5,0 mm
DP3,rh,prcus-a,0.0,2.5,0 mm
DP3,rh,prcus-i,0.0,2.5,0 mm
DP3,rh,prcus-p,0.3393833887517218,2.5,0 mm
DP3,rh,sbps,0.0,2.5,0 mm
DP4,lh,ifrms,0.0,2.5,0 mm
DP4,lh,mcgs,0.0,2.5,0 mm
DP4,lh,pos,0.0,2.5,0 mm
DP4,lh,prculs-d,0.0,2.5,0 mm
DP4,lh,prcus-a,0.0,2.5,0 mm
DP4,lh,prcus-i,0.0,2.5,0 mm
DP4,lh,prcus-p,0.0,2.5,0 mm
DP4,lh,sbps,0.1810378605280366,2.5,0 mm
DP4,rh,ifrms,0.0,2.5,0 mm
DP4,rh,mcgs,0.0,2.5,0 mm
DP4,rh,pos,0.0,2.5,0 mm
DP4,rh,prculs-d,0.0,2.5,0 mm
DP4,rh,prcus-a,0.0,2.5,0 mm
DP4,rh,prcus-i,0.0,2.5,0 mm
DP4,rh,prcus-p,0.2470582506992502,2.5,0 mm
DP4,rh,sbps,0.0,2.5,0 mm
DP5,lh,ifrms,0.0,2.5,0 mm
DP5,lh,mcgs,0.0,2.5,0 mm
DP5,lh,pos,0.0,2.5,0 mm
DP5,lh,prculs-d,0.0,2.5,0 mm
DP5,lh,prcus-a,0.1865096003205298,2.5,0 mm
DP5,lh,prcus-i,0.0,2.5,0 mm
DP5,lh,prcus-p,0.0,2.5,0 mm
DP5,lh,sbps,0.0,2.5,0 mm
DP5,rh,ifrms,0.0,2.5,0 mm
DP5,rh,mcgs,0.0,2.5,0 mm
DP5,rh,pos,0.0,2.5,0 mm
DP5,rh,prculs-d,0.0,2.5,0 mm
DP5,rh,prcus-a,0.0,2.5,0 mm
DP5,rh,prcus-i,0.0,2.5,0 mm
DP5,rh,prcus-p,0.2060037928253199,2.5,0 mm
DP5,rh,sbps,0.0,2.5,0 mm
DP7,lh,ifrms,0.0,2.5,0 mm
DP7,lh,mcgs,0.0,2.5,0 mm
DP7,lh,pos,0.0,2.5,0 mm
DP7,lh,prculs-d,0.0,2.5,0 mm
DP7,lh,prcus-a,0.0,2.5,0 mm
DP7,lh,prcus-i,0.28851734217943,2.5,0 mm
DP7,lh,prcus-p,0.0228790552680183,2.5,0 mm
DP7,lh,sbps,0.1113951959172942,2.5,0 mm
DP7,rh,ifrms,0.0,2.5,0 mm
DP7,rh,mcgs,0.0,2.5,0 mm
DP7,rh,pos,0.0,2.5,0 mm
DP7,rh,prculs-d,0.0,2.5,0 mm
DP7,rh,prcus-a,0.0,2.5,0 mm
DP7,rh,prcus-i,0.0,2.5,0 mm
DP7,rh,prcus-p,0.2460888973535376,2.5,0 mm
DP7,rh,sbps,0.0,2.5,0 mm
DP8,lh,ifrms,0.0,2.5,0 mm
DP8,lh,mcgs,0.0,2.5,0 mm
DP8,lh,pos,0.0,2.5,0 mm
DP8,lh,prculs-d,0.0,2.5,0 mm
DP8,lh,prcus-a,0.3719732722353929,2.5,0 mm
DP8,lh,prcus-i,0.0,2.5,0 mm
DP8,lh,prcus-p,0.0,2.5,0 mm
DP8,lh,sbps,0.0,2.5,0 mm
DP8,rh,ifrms,0.0,2.5,0 mm
DP8,rh,mcgs,0.0,2.5,0 mm
DP8,rh,pos,0.0,2.5,0 mm
DP8,rh,prculs-d,0.0,2.5,0 mm
DP8,rh,prcus-a,0.0,2.5,0 mm
DP8,rh,prcus-i,0.2317396585503243,2.5,0 mm
DP8,rh,prcus-p,0.0,2.5,0 mm
DP8,rh,sbps,0.0,2.5,0 mm
DP9,lh,ifrms,0.0,2.5,0 mm
DP9,lh,mcgs,0.0,2.5,0 mm
DP9,lh,pos,0.0,2.5,0 mm
DP9,lh,prculs-d,0.0,2.5,0 mm
DP9,lh,prcus-a,0.0,2.5,0 mm
DP9,lh,prcus-i,0.0,2.5,0 mm
DP9,lh,prcus-p,0.2871248502249834,2.5,0 mm
DP9,lh,sbps,0.0606403857708251,2.5,0 mm
DP9,rh,ifrms,0.0,2.5,0 mm
DP9,rh,mcgs,0.0,2.5,0 mm
DP9,rh,pos,0.0,2.5,0 mm
DP9,rh,prculs-d,0.0,2.5,0 mm
DP9,rh,prcus-a,0.0,2.5,0 mm
DP9,rh,prcus-i,0.0,2.5,0 mm
DP9,rh,prcus-p,0.0,2.5,0 mm
DP9,rh,sbps,0.1440201483613563,2.5,0 mm
NT1,lh,ifrms,0.0,2.5,0 mm
NT1,lh,mcgs,0.0,2.5,0 mm
NT1,lh,pos,0.0,2.5,0 mm
NT1,lh,prculs-d,0.0,2.5,0 mm
NT1,lh,prcus-a,0.0,2.5,0 mm
NT1,lh,prcus-i,0.5072305954689151,2.5,0 mm
NT1,lh,prcus-p,0.0,2.5,0 mm
NT1,lh,sbps,0.0,2.5,0 mm
NT1,rh,ifrms,0.0,2.5,0 mm
NT1,rh,mcgs,0.0,2.5,0 mm
NT1,rh,pos,0.0,2.5,0 mm
NT1,rh,prculs-d,0.0,2.5,0 mm
NT1,rh,prcus-a,0.0,2.5,0 mm
NT1,rh,prcus-i,0.0,2.5,0 mm
NT1,rh,prcus-p,0.1406337219275791,2.5,0 mm
NT1,rh,sbps,0.0088215922603757,2.5,0 mm
NT10,lh,ifrms,0.0,2.5,0 mm
NT10,lh,mcgs,0.0,2.5,0 mm
NT10,lh,pos,0.0,2.5,0 mm
NT10,lh,prculs-d,0.0,2.5,0 mm
NT10,lh,prcus-a,0.0,2.5,0 mm
NT10,lh,prcus-i,0.0,2.5,0 mm
NT10,lh,prcus-p,0.0,2.5,0 mm
NT10,lh,sbps,0.2344984358553158,2.5,0 mm
NT10,rh,ifrms,0.0,2.5,0 mm
NT10,rh,mcgs,0.0,2.5,0 mm
NT10,rh,pos,0.0,2.5,0 mm
NT10,rh,prculs-d,0.0,2.5,0 mm
NT10,rh,prcus-a,0.0,2.5,0 mm
NT10,rh,prcus-i,0.0,2.5,0 mm
NT10,rh,prcus-p,0.0,2.5,0 mm
NT10,rh,sbps,0.0,2.5,0 mm
NT11,lh,ifrms,0.0,2.5,0 mm
NT11,lh,mcgs,0.0,2.5,0 mm
NT11,lh,pos,0.0,2.5,0 mm
NT11,lh,prculs-d,0.0745945513014189,2.5,0 mm
NT11,lh,prcus-a,0.0,2.5,0 mm
NT11,lh,prcus-i,0.0,2.5,0 mm
NT11,lh,prcus-p,0.0,2.5,0 mm
NT11,lh,sbps,0.0,2.5,0 mm
NT11,rh,ifrms,0.0,2.5,0 mm
NT11,rh,mcgs,0.0,2.5,0 mm
NT11,rh,pos,0.0,2.5,0 mm
NT11,rh,prculs-d,0.29144899154946,2.5,0 mm
NT11,rh,prcus-a,0.0,2.5,0 mm
NT11,rh,prcus-i,0.0,2.5,0 mm
NT11,rh,prcus-p,0.0,2.5,0 mm
NT11,rh,sbps,0.0,2.5,0 mm
NT12,lh,ifrms,0.0,2.5,0 mm
NT12,lh,mcgs,0.0,2.5,0 mm
NT12,lh,pos,0.0,2.5,0 mm
NT12,lh,prculs-d,0.4116097742912245,2.5,0 mm
NT12,lh,prcus-a,0.0,2.5,0 mm
NT12,lh,prcus-i,0.0,2.5,0 mm
NT12,lh,prcus-p,0.0,2.5,0 mm
NT12,lh,sbps,0.0,2.5,0 mm
NT12,rh,ifrms,0.0,2.5,0 mm
NT12,rh,mcgs,0.0,2.5,0 mm
NT12,rh,pos,0.0,2.5,0 mm
NT12,rh,prculs-d,0.4027814484753538,2.5,0 mm
NT12,rh,prcus-a,0.0,2.5,0 mm
NT12,rh,prcus-i,0.0,2.5,0 mm
NT12,rh,prcus-p,0.0,2.5,0 mm
NT12,rh,sbps,0.0,2.5,0 mm
NT13,lh,ifrms,0.0,2.5,0 mm
NT13,lh,mcgs,0.0,2.5,0 mm
NT13,lh,pos,0.0,2.5,0 mm
NT13,lh,prculs-d,0.0,2.5,0 mm
NT13,lh,prcus-a,0.0,2.5,0 mm
NT13,lh,prcus-i,0.0,2.5,0 mm
NT13,lh,prcus-p,0.2293388971154208,2.5,0 mm
NT13,lh,sbps,0.0,2.5,0 mm
NT13,rh,ifrms,0.0,2.5,0 mm
NT13,rh,mcgs,0.0,2.5,0 mm
NT13,rh,pos,0.0,2.5,0 mm
NT13,rh,prculs-d,0.0,2.5,0 mm
NT13,rh,prcus-a,0.0,2.5,0 mm
NT13,rh,prcus-i,0.0,2.5,0 mm
NT13,rh,prcus-p,0.0,2.5,0 mm
NT13,rh,sbps,0.1729731745872189,2.5,0 mm
NT14,lh,ifrms,0.0,2.5,0 mm
NT14,lh,mcgs,0.0,2.5,0 mm
NT14,lh,pos,0.0,2.5,0 mm
NT14,lh,prculs-d,0.0,2.5,0 mm
NT14,lh,prcus-a,0.0,2.5,0 mm
NT14,lh,prcus-i,0.0043042515649385,2.5,0 mm
NT14,lh,prcus-p,0.4845169754585736,2.5,0 mm
NT14,lh,sbps,0.0,2.5,0 mm
NT14,rh,ifrms,0.0,2.5,0 mm
NT14,rh,mcgs,0.0045914779543725,2.5,0 mm
NT14,rh,pos,0.0,2.5,0 mm
NT14,rh,prculs-d,0.0,2.5,0 mm
NT14,rh,prcus-a,0.0,2.5,0 mm
NT14,rh,prcus-i,0.0,2.5,0 mm
NT14,rh,prcus-p,0.0,2.5,0 mm
NT14,rh,sbps,0.0,2.5,0 mm
NT15,lh,ifrms,0.0,2.5,0 mm
NT15,lh,mcgs,0.0,2.5,0 mm
NT15,lh,pos,0.0,2.5,0 mm
NT15,lh,prculs-d,0.0,2.5,0 mm
NT15,lh,prcus-a,0.0,2.5,0 mm
NT15,lh,prcus-i,0.0,2.5,0 mm
NT15,lh,prcus-p,0.0,2.5,0 mm
NT15,lh,sbps,0.2272287318621575,2.5,0 mm
NT15,rh,ifrms,0.0,2.5,0 mm
NT15,rh,mcgs,0.0,2.5,0 mm
NT15,rh,pos,0.0,2.5,0 mm
NT15,rh,prculs-d,0.0,2.5,0 mm
NT15,rh,prcus-a,0.0,2.5,0 mm
NT15,rh,prcus-i,0.0,2.5,0 mm
NT15,rh,prcus-p,0.0866411598817381,2.5,0 mm
NT15,rh,sbps,0.2748856362668097,2.5,0 mm
NT16,lh,ifrms,0.0,2.5,0 mm
NT16,lh,mcgs,0.0,2.5,0 mm
NT16,lh,pos,0.0,2.5,0 mm
NT16,lh,prculs-d,0.0,2.5,0 mm
NT16,lh,prcus-a,0.0,2.5,0 mm
NT16,lh,prcus-i,0.0760764662921964,2.5,0 mm
NT16,lh,prcus-p,0.2937158893659385,2.5,0 mm
NT16,lh,sbps,0.0,2.5,0 mm
NT16,rh,ifrms,0.0,2.5,0 mm
NT16,rh,mcgs,0.0,2.5,0 mm
NT16,rh,pos,0.0,2.5,0 mm
NT16,rh,prculs-d,0.0,2.5,0 mm
NT16,rh,prcus-a,0.0,2.5,0 mm
NT16,rh,prcus-i,0.5271566160328497,2.5,0 mm
NT16,rh,prcus-p,0.0,2.5,0 mm
NT16,rh,sbps,0.0,2.5,0 mm
NT17,lh,ifrms,0.0,2.5,0 mm
NT17,lh,mcgs,0.0,2.5,0 mm
NT17,lh,pos,0.0,2.5,0 mm
NT17,lh,prculs-d,0.0,2.5,0 mm
NT17,lh,prcus-a,0.0,2.5,0 mm
NT17,lh,prcus-i,0.0,2.5,0 mm
NT17,lh,prcus-p,0.1345703400052673,2.5,0 mm
NT17,lh,sbps,0.214864276555144,2.5,0 mm
NT17,rh,ifrms,0.0,2.5,0 mm
NT17,rh,mcgs,0.0,2.5,0 mm
NT17,rh,pos,0.0404898506926259,2.5,0 mm
NT17,rh,prculs-d,0.0,2.5,0 mm
NT17,rh,prcus-a,0.0,2.5,0 mm
NT17,rh,prcus-i,0.0,2.5,0 mm
NT17,rh,prcus-p,0.0,2.5,0 mm
NT17,rh,sbps,0.0,2.5,0 mm
NT18,lh,ifrms,0.0,2.5,0 mm
NT18,lh,mcgs,0.0,2.5,0 mm
NT18,lh,pos,0.0,2.5,0 mm
NT18,lh,prculs-d,0.0,2.5,0 mm
NT18,lh,prcus-a,0.0,2.5,0 mm
NT18,lh,prcus-i,0.0,2.5,0 mm
NT18,lh,prcus-p,0.0,2.5,0 mm
NT18,lh,sbps,0.1906781395442287,2.5,0 mm
NT18,rh,ifrms,0.0,2.5,0 mm
NT18,rh,mcgs,0.0,2.5,0 mm
NT18,rh,pos,0.0,2.5,0 mm
NT18,rh,prculs-d,0.0539970562598209,2.5,0 mm
NT18,rh,prcus-a,0.0,2.5,0 mm
NT18,rh,prcus-i,0.0,2.5,0 mm
NT18,rh,prcus-p,0.1357425028262866,2.5,0 mm
NT18,rh,sbps,0.0,2.5,0 mm
NT19,lh,ifrms,0.0,2.5,0 mm
NT19,lh,mcgs,0.0,2.5,0 mm
NT19,lh,pos,0.0,2.5,0 mm
NT19,lh,prculs-d,0.0,2.5,0 mm
NT19,lh,prcus-a,0.0,2.5,0 mm
NT19,lh,prcus-i,0.0,2.5,0 mm
NT19,lh,prcus-p,0.4311565248648774,2.5,0 mm
NT19,lh,sbps,0.0,2.5,0 mm
NT19,rh,ifrms,0.0,2.5,0 mm
NT19,rh,mcgs,0.0,2.5,0 mm
NT19,rh,pos,0.0,2.5,0 mm
NT19,rh,prculs-d,0.0,2.5,0 mm
NT19,rh,prcus-a,0.0,2.5,0 mm
NT19,rh,prcus-i,0.3195207775497181,2.5,0 mm
NT19,rh,prcus-p,0.0,2.5,0 mm
NT19,rh,sbps,0.0,2.5,0 mm
NT20,lh,ifrms,0.0,2.5,0 mm
NT20,lh,mcgs,0.0,2.5,0 mm
NT20,lh,pos,0.0014770707678934,2.5,0 mm
NT20,lh,prculs-d,0.0,2.5,0 mm
NT20,lh,prcus-a,0.0,2.5,0 mm
NT20,lh,prcus-i,0.0022185372520256,2.5,0 mm
NT20,lh,prcus-p,0.5035288019282755,2.5,0 mm
NT20,lh,sbps,0.0,2.5,0 mm
NT20,rh,ifrms,0.0,2.5,0 mm
NT20,rh,mcgs,0.0,2.5,0 mm
NT20,rh,pos,0.0,2.5,0 mm
NT20,rh,prculs-d,0.0,2.5,0 mm
NT20,rh,prcus-a,0.0,2.5,0 mm
NT20,rh,prcus-i,0.0,2.5,0 mm
NT20,rh,prcus-p,0.0,2.5,0 mm
NT20,rh,sbps,0.0,2.5,0 mm
NT21,lh,ifrms,0.0,2.5,0 mm
NT21,lh,mcgs,0.0,2.5,0 mm
NT21,lh,pos,0.0,2.5,0 mm
NT21,lh,prculs-d,0.0,2.5,0 mm
NT21,lh,prcus-a,0.0,2.5,0 mm
NT21,lh,prcus-i,0.1573763233130866,2.5,0 mm
NT21,lh,prcus-p,0.0,2.5,0 mm
NT21,lh,sbps,0.1485273226295762,2.5,0 mm
NT21,rh,ifrms,0.0,2.5,0 mm
NT21,rh,mcgs,0.0,2.5,0 mm
NT21,rh,pos,0.0,2.5,0 mm
NT21,rh,prculs-d,0.0,2.5,0 mm
NT21,rh,prcus-a,0.0,2.5,0 mm
NT21,rh,prcus-i,0.0,2.5,0 mm
NT21,rh,prcus-p,0.21381412004189,2.5,0 mm
NT21,rh,sbps,0.0,2.5,0 mm
NT22,lh,ifrms,0.0,2.5,0 mm
NT22,lh,mcgs,0.0,2.5,0 mm
NT22,lh,pos,0.0,2.5,0 mm
NT22,lh,prculs-d,0.0,2.5,0 mm
NT22,lh,prcus-a,0.0,2.5,0 mm
NT22,lh,prcus-i,0.0185787718068828,2.5,0 mm
NT22,lh,prcus-p,0.0,2.5,0 mm
NT22,lh,sbps,0.0,2.5,0 mm
NT22,rh,ifrms,0.0,2.5,0 mm
NT22,rh,mcgs,0.0,2.5,0 mm
NT22,rh,pos,0.0,2.5,0 mm
NT22,rh,prculs-d,0.0,2.5,0 mm
NT22,rh,prcus-a,0.0,2.5,0 mm
NT22,rh,prcus-i,0.0,2.5,0 mm
NT22,rh,prcus-p,0.0086512033449306,2.5,0 mm
NT22,rh,sbps,0.2481131122622526,2.5,0 mm
NT23,lh,ifrms,0.0,2.5,0 mm
NT23,lh,mcgs,0.0,2.5,0 mm
NT23,lh,pos,0.0,2.5,0 mm
NT23,lh,prculs-d,0.0,2.5,0 mm
NT23,lh,prcus-a,0.0,2.5,0 mm
NT23,lh,prcus-i,0.0,2.5,0 mm
NT23,lh,prcus-p,0.0,2.5,0 mm
NT23,lh,sbps,0.0,2.5,0 mm
NT23,rh,ifrms,0.0,2.5,0 mm
NT23,rh,mcgs,0.0,2.5,0 mm
NT23,rh,pos,0.1001447602485917,2.5,0 mm
NT23,rh,prculs-d,0.0,2.5,0 mm
NT23,rh,prcus-a,0.0,2.5,0 mm
NT23,rh,prcus-i,0.0,2.5,0 mm
NT23,rh,prcus-p,0.0,2.5,0 mm
NT23,rh,sbps,0.0,2.5,0 mm
NT24,lh,ifrms,0.0,2.5,0 mm
NT24,lh,mcgs,0.0,2.5,0 mm
NT24,lh,pos,0.0,2.5,0 mm
NT24,lh,prculs-d,0.0,2.5,0 mm
NT24,lh,prcus-a,0.0,2.5,0 mm
NT24,lh,prcus-i,0.0,2.5,0 mm
NT24,lh,prcus-p,0.0,2.5,0 mm
NT24,lh,sbps,0.1168758903467707,2.5,0 mm
NT24,rh,ifrms,0.0,2.5,0 mm
NT24,rh,mcgs,0.0,2.5,0 mm
NT24,rh,pos,0.0035182973683424,2.5,0 mm
NT24,rh,prculs-d,0.0,2.5,0 mm
NT24,rh,prcus-a,0.0,2.5,0 mm
NT24,rh,prcus-i,0.0,2.5,0 mm
NT24,rh,prcus-p,0.0,2.5,0 mm
NT24,rh,sbps,0.0124856788395565,2.5,0 mm
NT25,lh,ifrms,0.0,2.5,0 mm
NT25,lh,mcgs,0.0,2.5,0 mm
NT25,lh,pos,0.0,2.5,0 mm
NT25,lh,prculs-d,0.4674008906438347,2.5,0 mm
NT25,lh,prcus-a,0.0,2.5,0 mm
NT25,lh,prcus-i,0.0,2.5,0 mm
NT25,lh,prcus-p,0.0,2.5,0 mm
NT25,lh,sbps,0.0,2.5,0 mm
NT25,rh,ifrms,0.0,2.5,0 mm
NT25,rh,mcgs,0.0,2.5,0 mm
NT25,rh,pos,0.0,2.5,0 mm
NT25,rh,prculs-d,0.0485924273473466,2.5,0 mm
NT25,rh,prcus-a,0.0,2.5,0 mm
NT25,rh,prcus-i,0.0,2.5,0 mm
NT25,rh,prcus-p,0.0925751598675726,2.5,0 mm
NT25,rh,sbps,0.0,2.5,0 mm
NT26,lh,ifrms,0.0,2.5,0 mm
NT26,lh,mcgs,0.0,2.5,0 mm
NT26,lh,pos,0.0,2.5,0 mm
NT26,lh,prculs-d,0.0595586208872995,2.5,0 mm
NT26,lh,prcus-a,0.0,2.5,0 mm
NT26,lh,prcus-i,0.0,2.5,0 mm
NT26,lh,prcus-p,0.1442218846254051,2.5,0 mm
NT26,lh,sbps,0.0,2.5,0 mm
NT26,rh,ifrms,0.0,2.5,0 mm
NT26,rh,mcgs,0.0,2.5,0 mm
NT26,rh,pos,0.0,2.5,0 mm
NT26,rh,prculs-d,0.0,2.5,0 mm
NT26,rh,prcus-a,0.0,2.5,0 mm
NT26,rh,prcus-i,0.0,2.5,0 mm
NT26,rh,prcus-p,0.0256846639382256,2.5,0 mm
NT26,rh,sbps,0.0,2.5,0 mm
NT27,lh,ifrms,0.0,2.5,0 mm
NT27,lh,mcgs,0.0,2.5,0 mm
NT27,lh,pos,0.0,2.5,0 mm
NT27,lh,prculs-d,0.0,2.5,0 mm
NT27,lh,prcus-a,0.0,2.5,0 mm
NT27,lh,prcus-i,0.0,2.5,0 mm
NT27,lh,prcus-p,0.1204343975682359,2.5,0 mm
NT27,lh,sbps,0.0,2.5,0 mm
NT27,rh,ifrms,0.0,2.5,0 mm
NT27,rh,mcgs,0.0,2.5,0 mm
NT27,rh,pos,0.0,2.5,0 mm
NT27,rh,prculs-d,0.1422015064139395,2.5,0 mm
NT27,rh,prcus-a,0.0,2.5,0 mm
NT27,rh,prcus-i,0.0,2.5,0 mm
NT27,rh,prcus-p,0.0,2.5,0 mm
NT27,rh,sbps,0.0,2.5,0 mm
NT3,lh,ifrms,0.0,2.5,0 mm
NT3,lh,mcgs,0.0,2.5,0 mm
NT3,lh,pos,0.0,2.5,0 mm
NT3,lh,prculs-d,0.393207672862816,2.5,0 mm
NT3,lh,prcus-a,0.0,2.5,0 mm
NT3,lh,prcus-i,0.0,2.5,0 mm
NT3,lh,prcus-p,0.0,2.5,0 mm
NT3,lh,sbps,0.0,2.5,0 mm
NT3,rh,ifrms,0.0,2.5,0 mm
NT3,rh,mcgs,0.0,2.5,0 mm
NT3,rh,pos,0.1832967030694657,2.5,0 mm
NT3,rh,prculs-d,0.0821436257934097,2.5,0 mm
NT3,rh,prcus-a,0.0,2.5,0 mm
NT3,rh,prcus-i,0.0,2.5,0 mm
NT3,rh,prcus-p,0.0,2.5,0 mm
NT3,rh,sbps,0.0,2.5,0 mm
NT5,lh,ifrms,0.0,2.5,0 mm
NT5,lh,mcgs,0.0,2.5,0 mm
NT5,lh,pos,0.0,2.5,0 mm
NT5,lh,prculs-d,0.0,2.5,0 mm
NT5,lh,prcus-a,0.0,2.5,0 mm
NT5,lh,prcus-i,0.4164035650145475,2.5,0 mm
NT5,lh,prcus-p,0.0,2.5,0 mm
NT5,lh,sbps,0.0,2.5,0 mm
NT5,rh,ifrms,0.0,2.5,0 mm
NT5,rh,mcgs,0.0,2.5,0 mm
NT5,rh,pos,0.0,2.5,0 mm
NT5,rh,prculs-d,0.0,2.5,0 mm
NT5,rh,prcus-a,0.0821911675496817,2.5,0 mm
NT5,rh,prcus-i,0.3697839029062595,2.5,0 mm
NT5,rh,prcus-p,0.0,2.5,0 mm
NT5,rh,sbps,0.0,2.5,0 mm
NT6,lh,ifrms,0.0,2.5,0 mm
NT6,lh,mcgs,0.0,2.5,0 mm
NT6,lh,pos,0.0,2.5,0 mm
NT6,lh,prculs-d,0.0,2.5,0 mm
NT6,lh,prcus-a,0.0,2.5,0 mm
NT6,lh,prcus-i,0.0,2.5,0 mm
NT6,lh,prcus-p,0.1141923526674925,2.5,0 mm
NT6,lh,sbps,0.0886125497665046,2.5,0 mm
NT6,rh,ifrms,0.0,2.5,0 mm
NT6,rh,mcgs,0.0,2.5,0 mm
NT6,rh,pos,0.0,2.5,0 mm
NT6,rh,prculs-d,0.1514749223412096,2.5,0 mm
NT6,rh,prcus-a,0.0,2.5,0 mm
NT6,rh,prcus-i,0.0,2.5,0 mm
NT6,rh,prcus-p,0.3422127989938817,2.5,0 mm
NT6,rh,sbps,0.0,2.5,0 mm
NT7,lh,ifrms,0.0,2.5,0 mm
NT7,lh,mcgs,0.0,2.5,0 mm
NT7,lh,pos,0.0,2.5,0 mm
NT7,lh,prculs-d,0.0025577895384013,2.5,0 mm
NT7,lh,prcus-a,0.0,2.5,0 mm
NT7,lh,prcus-i,0.0,2.5,0 mm
NT7,lh,prcus-p,0.1323998467778473,2.5,0 mm
NT7,lh,sbps,0.0,2.5,0 mm
NT7,rh,ifrms,0.0,2.5,0 mm
NT7,rh,mcgs,0.0,2.5,0 mm
NT7,rh,pos,0.0,2.5,0 mm
NT7,rh,prculs-d,0.0,2.5,0 mm
NT7,rh,prcus-a,0.0,2.5,0 mm
NT7,rh,prcus-i,0.0,2.5,0 mm
NT7,rh,prcus-p,0.0,2.5,0 mm
NT7,rh,sbps,0.0520731051449211,2.5,0 mm
NT8,lh,ifrms,0.0,2.5,0 mm
NT8,lh,mcgs,0.0,2.5,0 mm
NT8,lh,pos,0.0,2.5,0 mm
NT8,lh,prculs-d,0.0,2.5,0 mm
NT8,lh,prcus-a,0.0,2.5,0 mm
NT8,lh,prcus-i,0.0084485779022571,2.5,0 mm
NT8,lh,prcus-p,0.1578591304514209,2.5,0 mm
NT8,lh,sbps,0.0,2.5,0 mm
NT8,rh,ifrms,0.0,2.5,0 mm
NT8,rh,mcgs,0.0,2.5,0 mm
NT8,rh,pos,0.0,2.5,0 mm
NT8,rh,prculs-d,0.0,2.5,0 mm
NT8,rh,prcus-a,0.0,2.5,0 mm
NT8,rh,prcus-i,0.1477422390446698,2.5,0 mm
NT8,rh,prcus-p,0.2680370286699235,2.5,0 mm
NT8,rh,sbps,0.0,2.5,0 mm
NT9,lh,ifrms,0.0,2.5,0 mm
NT9,lh,mcgs,0.0,2.5,0 mm
NT9,lh,pos,0.0,2.5,0 mm
NT9,lh,prculs-d,0.0,2.5,0 mm
NT9,lh,prcus-a,0.0,2.5,0 mm
NT9,lh,prcus-i,0.4292661104673377,2.5,0 mm
NT9,lh,prcus-p,0.0,2.5,0 mm
NT9,lh,sbps,0.0,2.5,0 mm
NT9,rh,ifrms,0.0,2.5,0 mm
NT9,rh,mcgs,0.0,2.5,0 mm
NT9,rh,pos,0.0,2.5,0 mm
NT9,rh,prculs-d,0.0,2.5,0 mm
NT9,rh,prcus-a,0.0,2.5,0 mm
NT9,rh,prcus-i,0.0,2.5,0 mm
NT9,rh,prcus-p,0.0,2.5,0 mm
NT9,rh,sbps,0.0,2.5,0 mm
DP10,lh,ifrms,0.0,2.5,0-5 mm
DP10,lh,mcgs,0.0,2.5,0-5 mm
DP10,lh,pos,0.0,2.5,0-5 mm
DP10,lh,prculs-d,0.0,2.5,0-5 mm
DP10,lh,prcus-a,0.0,2.5,0-5 mm
DP10,lh,prcus-i,0.15356385544140658,2.5,0-5 mm
DP10,lh,prcus-p,0.27913187118779115,2.5,0-5 mm
DP10,lh,sbps,0.157956643230881,2.5,0-5 mm
DP10,rh,ifrms,0.0,2.5,0-5 mm
DP10,rh,mcgs,0.0,2.5,0-5 mm
DP10,rh,pos,0.09107675840800372,2.5,0-5 mm
DP10,rh,prculs-d,0.2665322922407302,2.5,0-5 mm
DP10,rh,prcus-a,0.0,2.5,0-5 mm
DP10,rh,prcus-i,0.0,2.5,0-5 mm
DP10,rh,prcus-p,0.0,2.5,0-5 mm
DP10,rh,sbps,0.0,2.5,0-5 mm
DP11,lh,ifrms,0.0,2.5,0-5 mm
DP11,lh,mcgs,0.0,2.5,0-5 mm
DP11,lh,pos,0.027080303489926728,2.5,0-5 mm
DP11,lh,prculs-d,0.0,2.5,0-5 mm
DP11,lh,prcus-a,0.0,2.5,0-5 mm
DP11,lh,prcus-i,0.027146177378290802,2.5,0-5 mm
DP11,lh,prcus-p,0.5225899905596472,2.5,0-5 mm
DP11,lh,sbps,0.00329740601862825,2.5,0-5 mm
DP11,rh,ifrms,0.0,2.5,0-5 mm
DP11,rh,mcgs,0.0,2.5,0-5 mm
DP11,rh,pos,0.00679074652179505,2.5,0-5 mm
DP11,rh,prculs-d,0.0,2.5,0-5 mm
DP11,rh,prcus-a,0.0,2.5,0-5 mm
DP11,rh,prcus-i,0.0,2.5,0-5 mm
DP11,rh,prcus-p,0.16532846084425168,2.5,0-5 mm
DP11,rh,sbps,0.15290640073394363,2.5,0-5 mm
DP12,lh,ifrms,0.0,2.5,0-5 mm
DP12,lh,mcgs,0.0,2.5,0-5 mm
DP12,lh,pos,0.0,2.5,0-5 mm
DP12,lh,prculs-d,0.00107467352448135,2.5,0-5 mm
DP12,lh,prcus-a,0.0,2.5,0-5 mm
DP12,lh,prcus-i,0.002411775696937275,2.5,0-5 mm
DP12,lh,prcus-p,0.3244011959786678,2.5,0-5 mm
DP12,lh,sbps,0.014123458105095549,2.5,0-5 mm
DP12,rh,ifrms,0.0,2.5,0-5 mm
DP12,rh,mcgs,0.0,2.5,0-5 mm
DP12,rh,pos,0.0,2.5,0-5 mm
DP12,rh,prculs-d,0.0,2.5,0-5 mm
DP12,rh,prcus-a,0.0,2.5,0-5 mm
DP12,rh,prcus-i,0.024798248975405772,2.5,0-5 mm
DP12,rh,prcus-p,0.2337960998764387,2.5,0-5 mm
DP12,rh,sbps,0.000485004417451075,2.5,0-5 mm
DP13,lh,ifrms,0.0,2.5,0-5 mm
DP13,lh,mcgs,0.0,2.5,0-5 mm
DP13,lh,pos,0.0,2.5,0-5 mm
DP13,lh,prculs-d,0.0,2.5,0-5 mm
DP13,lh,prcus-a,0.0,2.5,0-5 mm
DP13,lh,prcus-i,0.0,2.5,0-5 mm
DP13,lh,prcus-p,0.17287348924050963,2.5,0-5 mm
DP13,lh,sbps,0.0,2.5,0-5 mm
DP13,rh,ifrms,0.0,2.5,0-5 mm
DP13,rh,mcgs,0.0,2.5,0-5 mm
DP13,rh,pos,0.0,2.5,0-5 mm
DP13,rh,prculs-d,0.04207998376690272,2.5,0-5 mm
DP13,rh,prcus-a,0.0,2.5,0-5 mm
DP13,rh,prcus-i,0.0,2.5,0-5 mm
DP13,rh,prcus-p,0.18855460813768418,2.5,0-5 mm
DP13,rh,sbps,0.0,2.5,0-5 mm
DP14,lh,ifrms,0.0,2.5,0-5 mm
DP14,lh,mcgs,0.0,2.5,0-5 mm
DP14,lh,pos,0.0008398492664521501,2.5,0-5 mm
DP14,lh,prculs-d,0.3352843045888681,2.5,0-5 mm
DP14,lh,prcus-a,0.0,2.5,0-5 mm
DP14,lh,prcus-i,0.0,2.5,0-5 mm
DP14,lh,prcus-p,0.0,2.5,0-5 mm
DP14,lh,sbps,0.0,2.5,0-5 mm
DP14,rh,ifrms,0.0,2.5,0-5 mm
DP14,rh,mcgs,0.0,2.5,0-5 mm
DP14,rh,pos,0.0,2.5,0-5 mm
DP14,rh,prculs-d,0.0,2.5,0-5 mm
DP14,rh,prcus-a,0.0,2.5,0-5 mm
DP14,rh,prcus-i,0.0,2.5,0-5 mm
DP14,rh,prcus-p,0.0,2.5,0-5 mm
DP14,rh,sbps,0.17623407086642706,2.5,0-5 mm
DP15,lh,ifrms,0.0,2.5,0-5 mm
DP15,lh,mcgs,0.0,2.5,0-5 mm
DP15,lh,pos,0.0,2.5,0-5 mm
DP15,lh,prculs-d,0.0,2.5,0-5 mm
DP15,lh,prcus-a,0.06098866248503134,2.5,0-5 mm
DP15,lh,prcus-i,0.0,2.5,0-5 mm
DP15,lh,prcus-p,0.0,2.5,0-5 mm
DP15,lh,sbps,0.2109539132844501,2.5,0-5 mm
DP15,rh,ifrms,0.0,2.5,0-5 mm
DP15,rh,mcgs,0.0,2.5,0-5 mm
DP15,rh,pos,0.0,2.5,0-5 mm
DP15,rh,prculs-d,0.0,2.5,0-5 mm
DP15,rh,prcus-a,0.0,2.5,0-5 mm
DP15,rh,prcus-i,0.0,2.5,0-5 mm
DP15,rh,prcus-p,0.012526167450727075,2.5,0-5 mm
DP15,rh,sbps,0.14141401103067572,2.5,0-5 mm
DP16,lh,ifrms,0.0,2.5,0-5 mm
DP16,lh,mcgs,0.0,2.5,0-5 mm
DP16,lh,pos,0.04200748820228754,2.5,0-5 mm
DP16,lh,prculs-d,0.000672393098416075,2.5,0-5 mm
DP16,lh,prcus-a,0.0,2.5,0-5 mm
DP16,lh,prcus-i,0.0,2.5,0-5 mm
DP16,lh,prcus-p,0.0942539656433934,2.5,0-5 mm
DP16,lh,sbps,0.0,2.5,0-5 mm
DP16,rh,ifrms,0.0,2.5,0-5 mm
DP16,rh,mcgs,0.0,2.5,0-5 mm
DP16,rh,pos,0.0103173280234572,2.5,0-5 mm
DP16,rh,prculs-d,0.010740081246823924,2.5,0-5 mm
DP16,rh,prcus-a,0.0,2.5,0-5 mm
DP16,rh,prcus-i,0.0,2.5,0-5 mm
DP16,rh,prcus-p,0.10041525026863449,2.5,0-5 mm
DP16,rh,sbps,0.0,2.5,0-5 mm
DP17,lh,ifrms,0.0,2.5,0-5 mm
DP17,lh,mcgs,0.0,2.5,0-5 mm
DP17,lh,pos,0.0,2.5,0-5 mm
DP17,lh,prculs-d,0.0,2.5,0-5 mm
DP17,lh,prcus-a,0.0,2.5,0-5 mm
DP17,lh,prcus-i,0.0,2.5,0-5 mm
DP17,lh,prcus-p,0.0,2.5,0-5 mm
DP17,lh,sbps,0.04959084591560388,2.5,0-5 mm
DP17,rh,ifrms,0.0,2.5,0-5 mm
DP17,rh,mcgs,0.0,2.5,0-5 mm
DP17,rh,pos,0.0,2.5,0-5 mm
DP17,rh,prculs-d,0.0,2.5,0-5 mm
DP17,rh,prcus-a,0.2715565233978087,2.5,0-5 mm
DP17,rh,prcus-i,0.002470020583977775,2.5,0-5 mm
DP17,rh,prcus-p,0.0,2.5,0-5 mm
DP17,rh,sbps,0.12943243131270718,2.5,0-5 mm
DP18,lh,ifrms,0.0,2.5,0-5 mm
DP18,lh,mcgs,0.0,2.5,0-5 mm
DP18,lh,pos,0.00322348581197055,2.5,0-5 mm
DP18,lh,prculs-d,0.0,2.5,0-5 mm
DP18,lh,prcus-a,0.0,2.5,0-5 mm
DP18,lh,prcus-i,0.0,2.5,0-5 mm
DP18,lh,prcus-p,0.23515408307820512,2.5,0-5 mm
DP18,lh,sbps,0.0,2.5,0-5 mm
DP18,rh,ifrms,0.0,2.5,0-5 mm
DP18,rh,mcgs,0.0,2.5,0-5 mm
DP18,rh,pos,0.00738897299774125,2.5,0-5 mm
DP18,rh,prculs-d,0.017801257070859576,2.5,0-5 mm
DP18,rh,prcus-a,0.0,2.5,0-5 mm
DP18,rh,prcus-i,0.0,2.5,0-5 mm
DP18,rh,prcus-p,0.2086970125845995,2.5,0-5 mm
DP18,rh,sbps,0.046857519712403484,2.5,0-5 mm
DP19,lh,ifrms,0.0,2.5,0-5 mm
DP19,lh,mcgs,0.0,2.5,0-5 mm
DP19,lh,pos,0.0,2.5,0-5 mm
DP19,lh,prculs-d,0.0,2.5,0-5 mm
DP19,lh,prcus-a,0.0,2.5,0-5 mm
DP19,lh,prcus-i,0.0,2.5,0-5 mm
DP19,lh,prcus-p,0.009646840604862426,2.5,0-5 mm
DP19,lh,sbps,0.18222115729565141,2.5,0-5 mm
DP19,rh,ifrms,0.0,2.5,0-5 mm
DP19,rh,mcgs,0.0,2.5,0-5 mm
DP19,rh,pos,0.002018332544241775,2.5,0-5 mm
DP19,rh,prculs-d,0.0,2.5,0-5 mm
DP19,rh,prcus-a,0.0,2.5,0-5 mm
DP19,rh,prcus-i,0.0,2.5,0-5 mm
DP19,rh,prcus-p,0.0,2.5,0-5 mm
DP19,rh,sbps,0.18175309855735694,2.5,0-5 mm
DP2,lh,ifrms,0.0,2.5,0-5 mm
DP2,lh,mcgs,0.0,2.5,0-5 mm
DP2,lh,pos,0.0,2.5,0-5 mm
DP2,lh,prculs-d,0.004560797571292024,2.5,0-5 mm
DP2,lh,prcus-a,0.0,2.5,0-5 mm
DP2,lh,prcus-i,0.0,2.5,0-5 mm
DP2,lh,prcus-p,0.14981654369351907,2.5,0-5 mm
DP2,lh,sbps,0.0,2.5,0-5 mm
DP2,rh,ifrms,0.0,2.5,0-5 mm
DP2,rh,mcgs,0.0,2.5,0-5 mm
DP2,rh,pos,0.0,2.5,0-5 mm
DP2,rh,prculs-d,0.051345332763163554,2.5,0-5 mm
DP2,rh,prcus-a,0.0,2.5,0-5 mm
DP2,rh,prcus-i,0.0,2.5,0-5 mm
DP2,rh,prcus-p,0.21281394588225505,2.5,0-5 mm
DP2,rh,sbps,0.0,2.5,0-5 mm
DP20,lh,ifrms,0.0,2.5,0-5 mm
DP20,lh,mcgs,0.0,2.5,0-5 mm
DP20,lh,pos,0.0,2.5,0-5 mm
DP20,lh,prculs-d,0.0,2.5,0-5 mm
DP20,lh,prcus-a,0.0,2.5,0-5 mm
DP20,lh,prcus-i,0.0,2.5,0-5 mm
DP20,lh,prcus-p,0.3025001095053287,2.5,0-5 mm
DP20,lh,sbps,0.0,2.5,0-5 mm
DP20,rh,ifrms,0.0,2.5,0-5 mm
DP20,rh,mcgs,0.0,2.5,0-5 mm
DP20,rh,pos,0.0,2.5,0-5 mm
DP20,rh,prculs-d,0.0,2.5,0-5 mm
DP20,rh,prcus-a,0.000979946485866425,2.5,0-5 mm
DP20,rh,prcus-i,0.5146397561219321,2.5,0-5 mm
DP20,rh,prcus-p,0.029973441132981678,2.5,0-5 mm
DP20,rh,sbps,0.10554537751723767,2.5,0-5 mm
DP21,lh,ifrms,0.0,2.5,0-5 mm
DP21,lh,mcgs,0.0,2.5,0-5 mm
DP21,lh,pos,0.000445974751471575,2.5,0-5 mm
DP21,lh,prculs-d,0.35293522065000993,2.5,0-5 mm
DP21,lh,prcus-a,0.0,2.5,0-5 mm
DP21,lh,prcus-i,0.0,2.5,0-5 mm
DP21,lh,prcus-p,0.0,2.5,0-5 mm
DP21,lh,sbps,0.0,2.5,0-5 mm
DP21,rh,ifrms,0.0,2.5,0-5 mm
DP21,rh,mcgs,0.0,2.5,0-5 mm
DP21,rh,pos,0.000507859763820475,2.5,0-5 mm
DP21,rh,prculs-d,0.38948935487177605,2.5,0-5 mm
DP21,rh,prcus-a,0.0,2.5,0-5 mm
DP21,rh,prcus-i,0.0,2.5,0-5 mm
DP21,rh,prcus-p,0.0,2.5,0-5 mm
DP21,rh,sbps,0.0,2.5,0-5 mm
DP22,lh,ifrms,0.0,2.5,0-5 mm
DP22,lh,mcgs,0.0,2.5,0-5 mm
DP22,lh,pos,0.0,2.5,0-5 mm
DP22,lh,prculs-d,0.0,2.5,0-5 mm
DP22,lh,prcus-a,0.0,2.5,0-5 mm
DP22,lh,prcus-i,0.0043683805587481,2.5,0-5 mm
DP22,lh,prcus-p,0.0,2.5,0-5 mm
DP22,lh,sbps,0.16957499611151852,2.5,0-5 mm
DP22,rh,ifrms,0.0,2.5,0-5 mm
DP22,rh,mcgs,0.0,2.5,0-5 mm
DP22,rh,pos,0.0,2.5,0-5 mm
DP22,rh,prculs-d,0.010620787331102825,2.5,0-5 mm
DP22,rh,prcus-a,0.0,2.5,0-5 mm
DP22,rh,prcus-i,0.0,2.5,0-5 mm
DP22,rh,prcus-p,0.0,2.5,0-5 mm
DP22,rh,sbps,0.24363372756472482,2.5,0-5 mm
DP23,lh,ifrms,0.0,2.5,0-5 mm
DP23,lh,mcgs,0.0,2.5,0-5 mm
DP23,lh,pos,0.0,2.5,0-5 mm
DP23,lh,prculs-d,0.0,2.5,0-5 mm
DP23,lh,prcus-a,0.07303399699624553,2.5,0-5 mm
DP23,lh,prcus-i,0.04555094997805349,2.5,0-5 mm
DP23,lh,prcus-p,0.0,2.5,0-5 mm
DP23,lh,sbps,0.22475767353764162,2.5,0-5 mm
DP23,rh,ifrms,0.0,2.5,0-5 mm
DP23,rh,mcgs,0.0,2.5,0-5 mm
DP23,rh,pos,0.0,2.5,0-5 mm
DP23,rh,prculs-d,0.0791530973747516,2.5,0-5 mm
DP23,rh,prcus-a,0.0,2.5,0-5 mm
DP23,rh,prcus-i,0.0,2.5,0-5 mm
DP23,rh,prcus-p,0.0,2.5,0-5 mm
DP23,rh,sbps,0.0,2.5,0-5 mm
DP24,lh,ifrms,0.0,2.5,0-5 mm
DP24,lh,mcgs,0.0,2.5,0-5 mm
DP24,lh,pos,0.0,2.5,0-5 mm
DP24,lh,prculs-d,0.18135318496372754,2.5,0-5 mm
DP24,lh,prcus-a,0.0,2.5,0-5 mm
DP24,lh,prcus-i,0.00301735300254295,2.5,0-5 mm
DP24,lh,prcus-p,0.36060518288180915,2.5,0-5 mm
DP24,lh,sbps,0.0,2.5,0-5 mm
DP24,rh,ifrms,0.0,2.5,0-5 mm
DP24,rh,mcgs,0.0,2.5,0-5 mm
DP24,rh,pos,0.0,2.5,0-5 mm
DP24,rh,prculs-d,0.2734107315279183,2.5,0-5 mm
DP24,rh,prcus-a,0.0,2.5,0-5 mm
DP24,rh,prcus-i,0.0,2.5,0-5 mm
DP24,rh,prcus-p,0.0037821555188196,2.5,0-5 mm
DP24,rh,sbps,0.0,2.5,0-5 mm
DP3,lh,ifrms,0.0,2.5,0-5 mm
DP3,lh,mcgs,0.0,2.5,0-5 mm
DP3,lh,pos,0.003989027363572875,2.5,0-5 mm
DP3,lh,prculs-d,0.0,2.5,0-5 mm
DP3,lh,prcus-a,0.0054328994793337495,2.5,0-5 mm
DP3,lh,prcus-i,0.057379649285873156,2.5,0-5 mm
DP3,lh,prcus-p,0.437979173442436,2.5,0-5 mm
DP3,lh,sbps,0.0022637507761652,2.5,0-5 mm
DP3,rh,ifrms,0.0,2.5,0-5 mm
DP3,rh,mcgs,0.0,2.5,0-5 mm
DP3,rh,pos,0.0,2.5,0-5 mm
DP3,rh,prculs-d,0.0,2.5,0-5 mm
DP3,rh,prcus-a,0.0,2.5,0-5 mm
DP3,rh,prcus-i,0.0,2.5,0-5 mm
DP3,rh,prcus-p,0.26086849594011796,2.5,0-5 mm
DP3,rh,sbps,0.0,2.5,0-5 mm
DP4,lh,ifrms,0.0,2.5,0-5 mm
DP4,lh,mcgs,0.0,2.5,0-5 mm
DP4,lh,pos,0.0011201254623749,2.5,0-5 mm
DP4,lh,prculs-d,0.0,2.5,0-5 mm
DP4,lh,prcus-a,0.0,2.5,0-5 mm
DP4,lh,prcus-i,0.0,2.5,0-5 mm
DP4,lh,prcus-p,0.0,2.5,0-5 mm
DP4,lh,sbps,0.14232267989647193,2.5,0-5 mm
DP4,rh,ifrms,0.0,2.5,0-5 mm
DP4,rh,mcgs,0.0,2.5,0-5 mm
DP4,rh,pos,0.0,2.5,0-5 mm
DP4,rh,prculs-d,0.011674628863946376,2.5,0-5 mm
DP4,rh,prcus-a,0.0,2.5,0-5 mm
DP4,rh,prcus-i,0.0,2.5,0-5 mm
DP4,rh,prcus-p,0.2375950572824658,2.5,0-5 mm
DP4,rh,sbps,0.0,2.5,0-5 mm
DP5,lh,ifrms,0.0,2.5,0-5 mm
DP5,lh,mcgs,0.0,2.5,0-5 mm
DP5,lh,pos,0.0,2.5,0-5 mm
DP5,lh,prculs-d,0.0,2.5,0-5 mm
DP5,lh,prcus-a,0.16922384040060018,2.5,0-5 mm
DP5,lh,prcus-i,0.001002920388436225,2.5,0-5 mm
DP5,lh,prcus-p,0.0,2.5,0-5 mm
DP5,lh,sbps,0.001389183737055575,2.5,0-5 mm
DP5,rh,ifrms,0.0,2.5,0-5 mm
DP5,rh,mcgs,0.0,2.5,0-5 mm
DP5,rh,pos,0.0,2.5,0-5 mm
DP5,rh,prculs-d,0.0,2.5,0-5 mm
DP5,rh,prcus-a,0.0,2.5,0-5 mm
DP5,rh,prcus-i,0.006625135607542601,2.5,0-5 mm
DP5,rh,prcus-p,0.22852600533599166,2.5,0-5 mm
DP5,rh,sbps,0.0,2.5,0-5 mm
DP7,lh,ifrms,0.0,2.5,0-5 mm
DP7,lh,mcgs,0.0,2.5,0-5 mm
DP7,lh,pos,0.0,2.5,0-5 mm
DP7,lh,prculs-d,0.0,2.5,0-5 mm
DP7,lh,prcus-a,0.0031288421421790504,2.5,0-5 mm
DP7,lh,prcus-i,0.26164356381247,2.5,0-5 mm
DP7,lh,prcus-p,0.06770073450898251,2.5,0-5 mm
DP7,lh,sbps,0.1446894463434214,2.5,0-5 mm
DP7,rh,ifrms,0.0,2.5,0-5 mm
DP7,rh,mcgs,0.0,2.5,0-5 mm
DP7,rh,pos,0.006905387967895851,2.5,0-5 mm
DP7,rh,prculs-d,0.0,2.5,0-5 mm
DP7,rh,prcus-a,0.0,2.5,0-5 mm
DP7,rh,prcus-i,0.0,2.5,0-5 mm
DP7,rh,prcus-p,0.25136745946791555,2.5,0-5 mm
DP7,rh,sbps,0.0,2.5,0-5 mm
DP8,lh,ifrms,0.0,2.5,0-5 mm
DP8,lh,mcgs,0.0031919922968496753,2.5,0-5 mm
DP8,lh,pos,0.0,2.5,0-5 mm
DP8,lh,prculs-d,0.0,2.5,0-5 mm
DP8,lh,prcus-a,0.3109239352239671,2.5,0-5 mm
DP8,lh,prcus-i,0.0,2.5,0-5 mm
DP8,lh,prcus-p,0.0,2.5,0-5 mm
DP8,lh,sbps,0.00114132422267545,2.5,0-5 mm
DP8,rh,ifrms,0.0,2.5,0-5 mm
DP8,rh,mcgs,0.0,2.5,0-5 mm
DP8,rh,pos,0.0,2.5,0-5 mm
DP8,rh,prculs-d,0.0,2.5,0-5 mm
DP8,rh,prcus-a,0.0,2.5,0-5 mm
DP8,rh,prcus-i,0.19404422333974752,2.5,0-5 mm
DP8,rh,prcus-p,0.0034616274407927,2.5,0-5 mm
DP8,rh,sbps,0.0,2.5,0-5 mm
DP9,lh,ifrms,0.0,2.5,0-5 mm
DP9,lh,mcgs,0.0,2.5,0-5 mm
DP9,lh,pos,0.0032835176662935,2.5,0-5 mm
DP9,lh,prculs-d,0.0,2.5,0-5 mm
DP9,lh,prcus-a,0.0,2.5,0-5 mm
DP9,lh,prcus-i,0.0,2.5,0-5 mm
DP9,lh,prcus-p,0.33093748505003706,2.5,0-5 mm
DP9,lh,sbps,0.08617744310921163,2.5,0-5 mm
DP9,rh,ifrms,0.0,2.5,0-5 mm
DP9,rh,mcgs,0.0,2.5,0-5 mm
DP9,rh,pos,0.008604377410618626,2.5,0-5 mm
DP9,rh,prculs-d,0.0,2.5,0-5 mm
DP9,rh,prcus-a,0.0,2.5,0-5 mm
DP9,rh,prcus-i,0.0,2.5,0-5 mm
DP9,rh,prcus-p,0.0,2.5,0-5 mm
DP9,rh,sbps,0.1651219665247673,2.5,0-5 mm
NT1,lh,ifrms,0.0,2.5,0-5 mm
NT1,lh,mcgs,0.0,2.5,0-5 mm
NT1,lh,pos,0.0,2.5,0-5 mm
NT1,lh,prculs-d,0.0,2.5,0-5 mm
NT1,lh,prcus-a,0.04454231093871515,2.5,0-5 mm
NT1,lh,prcus-i,0.3734062572373292,2.5,0-5 mm
NT1,lh,prcus-p,0.0016798114929125253,2.5,0-5 mm
NT1,lh,sbps,0.0076238113742769995,2.5,0-5 mm
NT1,rh,ifrms,0.0,2.5,0-5 mm
NT1,rh,mcgs,0.0,2.5,0-5 mm
NT1,rh,pos,0.0,2.5,0-5 mm
NT1,rh,prculs-d,0.04024567633188182,2.5,0-5 mm
NT1,rh,prcus-a,0.0,2.5,0-5 mm
NT1,rh,prcus-i,0.00202577573307225,2.5,0-5 mm
NT1,rh,prcus-p,0.15536523270789762,2.5,0-5 mm
NT1,rh,sbps,0.03379752639134762,2.5,0-5 mm
NT10,lh,ifrms,0.0,2.5,0-5 mm
NT10,lh,mcgs,0.0,2.5,0-5 mm
NT10,lh,pos,0.0,2.5,0-5 mm
NT10,lh,prculs-d,0.0,2.5,0-5 mm
NT10,lh,prcus-a,0.0,2.5,0-5 mm
NT10,lh,prcus-i,0.0,2.5,0-5 mm
NT10,lh,prcus-p,0.014696300964916725,2.5,0-5 mm
NT10,lh,sbps,0.215937459311559,2.5,0-5 mm
NT10,rh,ifrms,0.0,2.5,0-5 mm
NT10,rh,mcgs,0.0,2.5,0-5 mm
NT10,rh,pos,0.0,2.5,0-5 mm
NT10,rh,prculs-d,0.0,2.5,0-5 mm
NT10,rh,prcus-a,0.0,2.5,0-5 mm
NT10,rh,prcus-i,0.0,2.5,0-5 mm
NT10,rh,prcus-p,0.0,2.5,0-5 mm
NT10,rh,sbps,0.0,2.5,0-5 mm
NT11,lh,ifrms,0.0,2.5,0-5 mm
NT11,lh,mcgs,0.0,2.5,0-5 mm
NT11,lh,pos,0.0,2.5,0-5 mm
NT11,lh,prculs-d,0.07352619546837093,2.5,0-5 mm
NT11,lh,prcus-a,0.0,2.5,0-5 mm
NT11,lh,prcus-i,0.010708957830700276,2.5,0-5 mm
NT11,lh,prcus-p,0.015574908935665427,2.5,0-5 mm
NT11,lh,sbps,0.0,2.5,0-5 mm
NT11,rh,ifrms,0.0,2.5,0-5 mm
NT11,rh,mcgs,0.0,2.5,0-5 mm
NT11,rh,pos,0.0,2.5,0-5 mm
NT11,rh,prculs-d,0.22389344978434805,2.5,0-5 mm
NT11,rh,prcus-a,0.0,2.5,0-5 mm
NT11,rh,prcus-i,0.0,2.5,0-5 mm
NT11,rh,prcus-p,0.0,2.5,0-5 mm
NT11,rh,sbps,0.0,2.5,0-5 mm
NT12,lh,ifrms,0.0,2.5,0-5 mm
NT12,lh,mcgs,0.0,2.5,0-5 mm
NT12,lh,pos,0.0012647812653078,2.5,0-5 mm
NT12,lh,prculs-d,0.33595121128351507,2.5,0-5 mm
NT12,lh,prcus-a,0.0,2.5,0-5 mm
NT12,lh,prcus-i,0.0,2.5,0-5 mm
NT12,lh,prcus-p,0.0,2.5,0-5 mm
NT12,lh,sbps,0.0,2.5,0-5 mm
NT12,rh,ifrms,0.0,2.5,0-5 mm
NT12,rh,mcgs,0.0,2.5,0-5 mm
NT12,rh,pos,0.004046708732183524,2.5,0-5 mm
NT12,rh,prculs-d,0.29758441720603124,2.5,0-5 mm
NT12,rh,prcus-a,0.0,2.5,0-5 mm
NT12,rh,prcus-i,0.0,2.5,0-5 mm
NT12,rh,prcus-p,0.0010430092124633,2.5,0-5 mm
NT12,rh,sbps,0.0,2.5,0-5 mm
NT13,lh,ifrms,0.0,2.5,0-5 mm
NT13,lh,mcgs,0.0,2.5,0-5 mm
NT13,lh,pos,0.0,2.5,0-5 mm
NT13,lh,prculs-d,0.0,2.5,0-5 mm
NT13,lh,prcus-a,0.0,2.5,0-5 mm
NT13,lh,prcus-i,0.0,2.5,0-5 mm
NT13,lh,prcus-p,0.17651491233692884,2.5,0-5 mm
NT13,lh,sbps,0.0,2.5,0-5 mm
NT13,rh,ifrms,0.0,2.5,0-5 mm
NT13,rh,mcgs,0.0,2.5,0-5 mm
NT13,rh,pos,0.000502598931804475,2.5,0-5 mm
NT13,rh,prculs-d,0.0,2.5,0-5 mm
NT13,rh,prcus-a,0.0,2.5,0-5 mm
NT13,rh,prcus-i,0.0,2.5,0-5 mm
NT13,rh,prcus-p,0.03259488607365582,2.5,0-5 mm
NT13,rh,sbps,0.18797749663625102,2.5,0-5 mm
NT14,lh,ifrms,0.0,2.5,0-5 mm
NT14,lh,mcgs,0.0,2.5,0-5 mm
NT14,lh,pos,0.0,2.5,0-5 mm
NT14,lh,prculs-d,0.0,2.5,0-5 mm
NT14,lh,prcus-a,0.0,2.5,0-5 mm
NT14,lh,prcus-i,0.02426735904206895,2.5,0-5 mm
NT14,lh,prcus-p,0.41303205499810475,2.5,0-5 mm
NT14,lh,sbps,0.002228864377459275,2.5,0-5 mm
NT14,rh,ifrms,0.0,2.5,0-5 mm
NT14,rh,mcgs,0.039725486278022,2.5,0-5 mm
NT14,rh,pos,0.0,2.5,0-5 mm
NT14,rh,prculs-d,0.0,2.5,0-5 mm
NT14,rh,prcus-a,0.0,2.5,0-5 mm
NT14,rh,prcus-i,0.0089305472678465,2.5,0-5 mm
NT14,rh,prcus-p,0.0,2.5,0-5 mm
NT14,rh,sbps,0.0,2.5,0-5 mm
NT15,lh,ifrms,0.0,2.5,0-5 mm
NT15,lh,mcgs,0.0,2.5,0-5 mm
NT15,lh,pos,0.0,2.5,0-5 mm
NT15,lh,prculs-d,0.0,2.5,0-5 mm
NT15,lh,prcus-a,0.0,2.5,0-5 mm
NT15,lh,prcus-i,0.0,2.5,0-5 mm
NT15,lh,prcus-p,0.04285784357902385,2.5,0-5 mm
NT15,lh,sbps,0.2198995817078746,2.5,0-5 mm
NT15,rh,ifrms,0.0,2.5,0-5 mm
NT15,rh,mcgs,0.0,2.5,0-5 mm
NT15,rh,pos,0.0,2.5,0-5 mm
NT15,rh,prculs-d,0.0,2.5,0-5 mm
NT15,rh,prcus-a,0.0,2.5,0-5 mm
NT15,rh,prcus-i,0.01102848405041725,2.5,0-5 mm
NT15,rh,prcus-p,0.13305366408735994,2.5,0-5 mm
NT15,rh,sbps,0.27589843176041323,2.5,0-5 mm
NT16,lh,ifrms,0.0,2.5,0-5 mm
NT16,lh,mcgs,0.0,2.5,0-5 mm
NT16,lh,pos,0.0,2.5,0-5 mm
NT16,lh,prculs-d,0.0,2.5,0-5 mm
NT16,lh,prcus-a,0.0,2.5,0-5 mm
NT16,lh,prcus-i,0.10971377855077753,2.5,0-5 mm
NT16,lh,prcus-p,0.2944392072133072,2.5,0-5 mm
NT16,lh,sbps,0.0,2.5,0-5 mm
NT16,rh,ifrms,0.0,2.5,0-5 mm
NT16,rh,mcgs,0.0,2.5,0-5 mm
NT16,rh,pos,0.0,2.5,0-5 mm
NT16,rh,prculs-d,0.007202151900315849,2.5,0-5 mm
NT16,rh,prcus-a,0.00357148525355465,2.5,0-5 mm
NT16,rh,prcus-i,0.5040102185432127,2.5,0-5 mm
NT16,rh,prcus-p,0.00596358112663875,2.5,0-5 mm
NT16,rh,sbps,0.0,2.5,0-5 mm
NT17,lh,ifrms,0.0,2.5,0-5 mm
NT17,lh,mcgs,0.0,2.5,0-5 mm
NT17,lh,pos,0.0,2.5,0-5 mm
NT17,lh,prculs-d,0.0,2.5,0-5 mm
NT17,lh,prcus-a,0.0,2.5,0-5 mm
NT17,lh,prcus-i,0.0,2.5,0-5 mm
NT17,lh,prcus-p,0.21428629655325784,2.5,0-5 mm
NT17,lh,sbps,0.22964232879307694,2.5,0-5 mm
NT17,rh,ifrms,0.0,2.5,0-5 mm
NT17,rh,mcgs,0.0,2.5,0-5 mm
NT17,rh,pos,0.0517673540798636,2.5,0-5 mm
NT17,rh,prculs-d,0.003827243126295875,2.5,0-5 mm
NT17,rh,prcus-a,0.0,2.5,0-5 mm
NT17,rh,prcus-i,0.0,2.5,0-5 mm
NT17,rh,prcus-p,0.000777887228025525,2.5,0-5 mm
NT17,rh,sbps,0.000829615583572825,2.5,0-5 mm
NT18,lh,ifrms,0.0,2.5,0-5 mm
NT18,lh,mcgs,0.0,2.5,0-5 mm
NT18,lh,pos,0.001400340576046375,2.5,0-5 mm
NT18,lh,prculs-d,0.0,2.5,0-5 mm
NT18,lh,prcus-a,0.0,2.5,0-5 mm
NT18,lh,prcus-i,0.0,2.5,0-5 mm
NT18,lh,prcus-p,0.023405400584529352,2.5,0-5 mm
NT18,lh,sbps,0.1806399094120303,2.5,0-5 mm
NT18,rh,ifrms,0.0,2.5,0-5 mm
NT18,rh,mcgs,0.0,2.5,0-5 mm
NT18,rh,pos,0.0,2.5,0-5 mm
NT18,rh,prculs-d,0.06742691758447587,2.5,0-5 mm
NT18,rh,prcus-a,0.0,2.5,0-5 mm
NT18,rh,prcus-i,0.0,2.5,0-5 mm
NT18,rh,prcus-p,0.15150942147702415,2.5,0-5 mm
NT18,rh,sbps,0.0,2.5,0-5 mm
NT19,lh,ifrms,0.0,2.5,0-5 mm
NT19,lh,mcgs,0.0,2.5,0-5 mm
NT19,lh,pos,0.0,2.5,0-5 mm
NT19,lh,prculs-d,0.0,2.5,0-5 mm
NT19,lh,prcus-a,0.0,2.5,0-5 mm
NT19,lh,prcus-i,0.004331198090268175,2.5,0-5 mm
NT19,lh,prcus-p,0.43872740155456535,2.5,0-5 mm
NT19,lh,sbps,0.00129674441046495,2.5,0-5 mm
NT19,rh,ifrms,0.0,2.5,0-5 mm
NT19,rh,mcgs,0.0,2.5,0-5 mm
NT19,rh,pos,0.0,2.5,0-5 mm
NT19,rh,prculs-d,0.0,2.5,0-5 mm
NT19,rh,prcus-a,0.0,2.5,0-5 mm
NT19,rh,prcus-i,0.2673964271508209,2.5,0-5 mm
NT19,rh,prcus-p,0.009705183962721775,2.5,0-5 mm
NT19,rh,sbps,0.0,2.5,0-5 mm
NT20,lh,ifrms,0.0,2.5,0-5 mm
NT20,lh,mcgs,0.0,2.5,0-5 mm
NT20,lh,pos,0.016256924999084828,2.5,0-5 mm
NT20,lh,prculs-d,0.0,2.5,0-5 mm
NT20,lh,prcus-a,0.0,2.5,0-5 mm
NT20,lh,prcus-i,0.0143797464337209,2.5,0-5 mm
NT20,lh,prcus-p,0.5201397707821419,2.5,0-5 mm
NT20,lh,sbps,0.00043987084224645,2.5,0-5 mm
NT20,rh,ifrms,0.0,2.5,0-5 mm
NT20,rh,mcgs,0.0088549086614922,2.5,0-5 mm
NT20,rh,pos,0.0,2.5,0-5 mm
NT20,rh,prculs-d,0.0,2.5,0-5 mm
NT20,rh,prcus-a,0.0,2.5,0-5 mm
NT20,rh,prcus-i,0.00379217176526395,2.5,0-5 mm
NT20,rh,prcus-p,0.0,2.5,0-5 mm
NT20,rh,sbps,0.0,2.5,0-5 mm
NT21,lh,ifrms,0.0,2.5,0-5 mm
NT21,lh,mcgs,0.0,2.5,0-5 mm
NT21,lh,pos,0.0,2.5,0-5 mm
NT21,lh,prculs-d,0.0,2.5,0-5 mm
NT21,lh,prcus-a,0.0,2.5,0-5 mm
NT21,lh,prcus-i,0.18554324977453582,2.5,0-5 mm
NT21,lh,prcus-p,0.0,2.5,0-5 mm
NT21,lh,sbps,0.14941585321032597,2.5,0-5 mm
NT21,rh,ifrms,0.0,2.5,0-5 mm
NT21,rh,mcgs,0.0,2.5,0-5 mm
NT21,rh,pos,0.0,2.5,0-5 mm
NT21,rh,prculs-d,0.005476768349718475,2.5,0-5 mm
NT21,rh,prcus-a,0.0,2.5,0-5 mm
NT21,rh,prcus-i,0.0,2.5,0-5 mm
NT21,rh,prcus-p,0.2616096829880522,2.5,0-5 mm
NT21,rh,sbps,0.0039619573209965,2.5,0-5 mm
NT22,lh,ifrms,0.0,2.5,0-5 mm
NT22,lh,mcgs,0.0,2.5,0-5 mm
NT22,lh,pos,0.0,2.5,0-5 mm
NT22,lh,prculs-d,0.0,2.5,0-5 mm
NT22,lh,prcus-a,0.0,2.5,0-5 mm
NT22,lh,prcus-i,0.06463897342816795,2.5,0-5 mm
NT22,lh,prcus-p,0.012033491417731974,2.5,0-5 mm
NT22,lh,sbps,0.0,2.5,0-5 mm
NT22,rh,ifrms,0.0,2.5,0-5 mm
NT22,rh,mcgs,0.0,2.5,0-5 mm
NT22,rh,pos,0.0,2.5,0-5 mm
NT22,rh,prculs-d,0.0,2.5,0-5 mm
NT22,rh,prcus-a,0.0,2.5,0-5 mm
NT22,rh,prcus-i,0.0,2.5,0-5 mm
NT22,rh,prcus-p,0.06860663652392773,2.5,0-5 mm
NT22,rh,sbps,0.22761060349942452,2.5,0-5 mm
NT23,lh,ifrms,0.0,2.5,0-5 mm
NT23,lh,mcgs,0.0,2.5,0-5 mm
NT23,lh,pos,0.0,2.5,0-5 mm
NT23,lh,prculs-d,0.0,2.5,0-5 mm
NT23,lh,prcus-a,0.0,2.5,0-5 mm
NT23,lh,prcus-i,0.035384455728519545,2.5,0-5 mm
NT23,lh,prcus-p,0.0,2.5,0-5 mm
NT23,lh,sbps,0.0,2.5,0-5 mm
NT23,rh,ifrms,0.0,2.5,0-5 mm
NT23,rh,mcgs,0.0,2.5,0-5 mm
NT23,rh,pos,0.07775262120143911,2.5,0-5 mm
NT23,rh,prculs-d,0.011928156982221074,2.5,0-5 mm
NT23,rh,prcus-a,0.0,2.5,0-5 mm
NT23,rh,prcus-i,0.0,2.5,0-5 mm
NT23,rh,prcus-p,0.0,2.5,0-5 mm
NT23,rh,sbps,0.0,2.5,0-5 mm
NT24,lh,ifrms,0.0,2.5,0-5 mm
NT24,lh,mcgs,0.0,2.5,0-5 mm
NT24,lh,pos,0.0005494433928358,2.5,0-5 mm
NT24,lh,prculs-d,0.0,2.5,0-5 mm
NT24,lh,prcus-a,0.0,2.5,0-5 mm
NT24,lh,prcus-i,0.0,2.5,0-5 mm
NT24,lh,prcus-p,0.09284136151403757,2.5,0-5 mm
NT24,lh,sbps,0.13630285788718527,2.5,0-5 mm
NT24,rh,ifrms,0.0,2.5,0-5 mm
NT24,rh,mcgs,0.0,2.5,0-5 mm
NT24,rh,pos,0.018602569634036722,2.5,0-5 mm
NT24,rh,prculs-d,0.00595278840692705,2.5,0-5 mm
NT24,rh,prcus-a,0.0,2.5,0-5 mm
NT24,rh,prcus-i,0.0,2.5,0-5 mm
NT24,rh,prcus-p,0.0,2.5,0-5 mm
NT24,rh,sbps,0.05511936636778182,2.5,0-5 mm
NT25,lh,ifrms,0.0,2.5,0-5 mm
NT25,lh,mcgs,0.0,2.5,0-5 mm
NT25,lh,pos,0.009424844803573824,2.5,0-5 mm
NT25,lh,prculs-d,0.3584812048129239,2.5,0-5 mm
NT25,lh,prcus-a,0.0,2.5,0-5 mm
NT25,lh,prcus-i,0.0,2.5,0-5 mm
NT25,lh,prcus-p,0.0,2.5,0-5 mm
NT25,lh,sbps,0.0,2.5,0-5 mm
NT25,rh,ifrms,0.0,2.5,0-5 mm
NT25,rh,mcgs,0.0,2.5,0-5 mm
NT25,rh,pos,0.00972833551351405,2.5,0-5 mm
NT25,rh,prculs-d,0.08133155931339925,2.5,0-5 mm
NT25,rh,prcus-a,0.0,2.5,0-5 mm
NT25,rh,prcus-i,0.0,2.5,0-5 mm
NT25,rh,prcus-p,0.12001641894087309,2.5,0-5 mm
NT25,rh,sbps,0.0,2.5,0-5 mm
NT26,lh,ifrms,0.0,2.5,0-5 mm
NT26,lh,mcgs,0.0,2.5,0-5 mm
NT26,lh,pos,0.0,2.5,0-5 mm
NT26,lh,prculs-d,0.061501343580153335,2.5,0-5 mm
NT26,lh,prcus-a,0.0,2.5,0-5 mm
NT26,lh,prcus-i,0.0,2.5,0-5 mm
NT26,lh,prcus-p,0.12821455102543894,2.5,0-5 mm
NT26,lh,sbps,0.0,2.5,0-5 mm
NT26,rh,ifrms,0.0,2.5,0-5 mm
NT26,rh,mcgs,0.0,2.5,0-5 mm
NT26,rh,pos,0.000673550093248125,2.5,0-5 mm
NT26,rh,prculs-d,0.024590076926908223,2.5,0-5 mm
NT26,rh,prcus-a,0.0,2.5,0-5 mm
NT26,rh,prcus-i,0.0,2.5,0-5 mm
NT26,rh,prcus-p,0.04952999581683285,2.5,0-5 mm
NT26,rh,sbps,0.0,2.5,0-5 mm
NT27,lh,ifrms,0.0,2.5,0-5 mm
NT27,lh,mcgs,0.0,2.5,0-5 mm
NT27,lh,pos,0.0,2.5,0-5 mm
NT27,lh,prculs-d,0.0011635373071735,2.5,0-5 mm
NT27,lh,prcus-a,0.0,2.5,0-5 mm
NT27,lh,prcus-i,0.01059703143445025,2.5,0-5 mm
NT27,lh,prcus-p,0.16574511049753815,2.5,0-5 mm
NT27,lh,sbps,0.0,2.5,0-5 mm
NT27,rh,ifrms,0.0,2.5,0-5 mm
NT27,rh,mcgs,0.0,2.5,0-5 mm
NT27,rh,pos,0.0,2.5,0-5 mm
NT27,rh,prculs-d,0.17825066884961538,2.5,0-5 mm
NT27,rh,prcus-a,0.0,2.5,0-5 mm
NT27,rh,prcus-i,0.009621271642503476,2.5,0-5 mm
NT27,rh,prcus-p,0.00731341281566395,2.5,0-5 mm
NT27,rh,sbps,0.0,2.5,0-5 mm
NT3,lh,ifrms,0.0,2.5,0-5 mm
NT3,lh,mcgs,0.0,2.5,0-5 mm
NT3,lh,pos,0.000876866106972,2.5,0-5 mm
NT3,lh,prculs-d,0.3272366226077111,2.5,0-5 mm
NT3,lh,prcus-a,0.0,2.5,0-5 mm
NT3,lh,prcus-i,0.00569050005653535,2.5,0-5 mm
NT3,lh,prcus-p,0.0038699141658771253,2.5,0-5 mm
NT3,lh,sbps,0.0,2.5,0-5 mm
NT3,rh,ifrms,0.0,2.5,0-5 mm
NT3,rh,mcgs,0.0,2.5,0-5 mm
NT3,rh,pos,0.16903019060390162,2.5,0-5 mm
NT3,rh,prculs-d,0.11034488517112735,2.5,0-5 mm
NT3,rh,prcus-a,0.0,2.5,0-5 mm
NT3,rh,prcus-i,0.0,2.5,0-5 mm
NT3,rh,prcus-p,0.0,2.5,0-5 mm
NT3,rh,sbps,0.0,2.5,0-5 mm
NT5,lh,ifrms,0.0,2.5,0-5 mm
NT5,lh,mcgs,0.0,2.5,0-5 mm
NT5,lh,pos,0.0,2.5,0-5 mm
NT5,lh,prculs-d,0.0,2.5,0-5 mm
NT5,lh,prcus-a,0.013167063494273174,2.5,0-5 mm
NT5,lh,prcus-i,0.3356630364486439,2.5,0-5 mm
NT5,lh,prcus-p,0.09720773568957146,2.5,0-5 mm
NT5,lh,sbps,0.002720094102164025,2.5,0-5 mm
NT5,rh,ifrms,0.0,2.5,0-5 mm
NT5,rh,mcgs,0.0,2.5,0-5 mm
NT5,rh,pos,0.0,2.5,0-5 mm
NT5,rh,prculs-d,0.0,2.5,0-5 mm
NT5,rh,prcus-a,0.14671801354585068,2.5,0-5 mm
NT5,rh,prcus-i,0.4089425302941393,2.5,0-5 mm
NT5,rh,prcus-p,0.0,2.5,0-5 mm
NT5,rh,sbps,0.0,2.5,0-5 mm
NT6,lh,ifrms,0.0,2.5,0-5 mm
NT6,lh,mcgs,0.0,2.5,0-5 mm
NT6,lh,pos,0.0,2.5,0-5 mm
NT6,lh,prculs-d,0.0,2.5,0-5 mm
NT6,lh,prcus-a,0.0,2.5,0-5 mm
NT6,lh,prcus-i,0.0,2.5,0-5 mm
NT6,lh,prcus-p,0.1592590266547764,2.5,0-5 mm
NT6,lh,sbps,0.10178924963542035,2.5,0-5 mm
NT6,rh,ifrms,0.0,2.5,0-5 mm
NT6,rh,mcgs,0.0,2.5,0-5 mm
NT6,rh,pos,0.0,2.5,0-5 mm
NT6,rh,prculs-d,0.15780770861124097,2.5,0-5 mm
NT6,rh,prcus-a,0.0,2.5,0-5 mm
NT6,rh,prcus-i,0.0,2.5,0-5 mm
NT6,rh,prcus-p,0.29083200813219057,2.5,0-5 mm
NT6,rh,sbps,0.0,2.5,0-5 mm
NT7,lh,ifrms,0.0,2.5,0-5 mm
NT7,lh,mcgs,0.0,2.5,0-5 mm
NT7,lh,pos,0.0,2.5,0-5 mm
NT7,lh,prculs-d,0.0187822951073024,2.5,0-5 mm
NT7,lh,prcus-a,0.0,2.5,0-5 mm
NT7,lh,prcus-i,0.0,2.5,0-5 mm
NT7,lh,prcus-p,0.16882580217000098,2.5,0-5 mm
NT7,lh,sbps,0.0,2.5,0-5 mm
NT7,rh,ifrms,0.0,2.5,0-5 mm
NT7,rh,mcgs,0.0,2.5,0-5 mm
NT7,rh,pos,0.008121049347021176,2.5,0-5 mm
NT7,rh,prculs-d,0.0,2.5,0-5 mm
NT7,rh,prcus-a,0.0,2.5,0-5 mm
NT7,rh,prcus-i,0.0,2.5,0-5 mm
NT7,rh,prcus-p,0.0,2.5,0-5 mm
NT7,rh,sbps,0.058835604792353224,2.5,0-5 mm
NT8,lh,ifrms,0.0,2.5,0-5 mm
NT8,lh,mcgs,0.0,2.5,0-5 mm
NT8,lh,pos,0.0,2.5,0-5 mm
NT8,lh,prculs-d,0.0,2.5,0-5 mm
NT8,lh,prcus-a,0.0,2.5,0-5 mm
NT8,lh,prcus-i,0.035459143886855726,2.5,0-5 mm
NT8,lh,prcus-p,0.27883240483873817,2.5,0-5 mm
NT8,lh,sbps,0.008128281511892075,2.5,0-5 mm
NT8,rh,ifrms,0.0,2.5,0-5 mm
NT8,rh,mcgs,0.0,2.5,0-5 mm
NT8,rh,pos,0.0,2.5,0-5 mm
NT8,rh,prculs-d,0.0,2.5,0-5 mm
NT8,rh,prcus-a,0.0,2.5,0-5 mm
NT8,rh,prcus-i,0.17292148903694213,2.5,0-5 mm
NT8,rh,prcus-p,0.32387223708569834,2.5,0-5 mm
NT8,rh,sbps,0.013110811765754474,2.5,0-5 mm
NT9,lh,ifrms,0.0,2.5,0-5 mm
NT9,lh,mcgs,0.0,2.5,0-5 mm
NT9,lh,pos,0.0,2.5,0-5 mm
NT9,lh,prculs-d,0.004301559270766675,2.5,0-5 mm
NT9,lh,prcus-a,0.0,2.5,0-5 mm
NT9,lh,prcus-i,0.3799161009207116,2.5,0-5 mm
NT9,lh,prcus-p,0.06170107889183345,2.5,0-5 mm
NT9,lh,sbps,0.0,2.5,0-5 mm
NT9,rh,ifrms,0.0,2.5,0-5 mm
NT9,rh,mcgs,0.0,2.5,0-5 mm
NT9,rh,pos,0.0,2.5,0-5 mm
NT9,rh,prculs-d,0.0,2.5,0-5 mm
NT9,rh,prcus-a,0.0,2.5,0-5 mm
NT9,rh,prcus-i,0.0,2.5,0-5 mm
NT9,rh,prcus-p,0.0,2.5,0-5 mm
NT9,rh,sbps,0.01386217261026285,2.5,0-5 mm
DP10,lh,ifrms,0.0,2.5,0-10 mm
DP10,lh,mcgs,0.0,2.5,0-10 mm
DP10,lh,pos,0.0001916405940359875,2.5,0-10 mm
DP10,lh,prculs-d,0.0,2.5,0-10 mm
DP10,lh,prcus-a,0.009602121842638712,2.5,0-10 mm
DP10,lh,prcus-i,0.16160507258438578,2.5,0-10 mm
DP10,lh,prcus-p,0.27653319285253813,2.5,0-10 mm
DP10,lh,sbps,0.1511859435954416,2.5,0-10 mm
DP10,rh,ifrms,0.0,2.5,0-10 mm
DP10,rh,mcgs,0.0,2.5,0-10 mm
DP10,rh,pos,0.07706213304384091,2.5,0-10 mm
DP10,rh,prculs-d,0.2639104703909715,2.5,0-10 mm
DP10,rh,prcus-a,0.0,2.5,0-10 mm
DP10,rh,prcus-i,0.0,2.5,0-10 mm
DP10,rh,prcus-p,0.0,2.5,0-10 mm
DP10,rh,sbps,0.0,2.5,0-10 mm
DP11,lh,ifrms,0.0,2.5,0-10 mm
DP11,lh,mcgs,0.0,2.5,0-10 mm
DP11,lh,pos,0.04498053045787796,2.5,0-10 mm
DP11,lh,prculs-d,0.0,2.5,0-10 mm
DP11,lh,prcus-a,0.0,2.5,0-10 mm
DP11,lh,prcus-i,0.07343450044417042,2.5,0-10 mm
DP11,lh,prcus-p,0.47994475344462073,2.5,0-10 mm
DP11,lh,sbps,0.02180809540654869,2.5,0-10 mm
DP11,rh,ifrms,0.0,2.5,0-10 mm
DP11,rh,mcgs,0.0,2.5,0-10 mm
DP11,rh,pos,0.01913211026837889,2.5,0-10 mm
DP11,rh,prculs-d,0.0013867348020928,2.5,0-10 mm
DP11,rh,prcus-a,0.004236024331727362,2.5,0-10 mm
DP11,rh,prcus-i,0.0,2.5,0-10 mm
DP11,rh,prcus-p,0.20883817850409364,2.5,0-10 mm
DP11,rh,sbps,0.13996953930040962,2.5,0-10 mm
DP12,lh,ifrms,0.0,2.5,0-10 mm
DP12,lh,mcgs,0.0,2.5,0-10 mm
DP12,lh,pos,0.0,2.5,0-10 mm
DP12,lh,prculs-d,0.019764631777993674,2.5,0-10 mm
DP12,lh,prcus-a,0.0,2.5,0-10 mm
DP12,lh,prcus-i,0.015579703276243426,2.5,0-10 mm
DP12,lh,prcus-p,0.2602042921076507,2.5,0-10 mm
DP12,lh,sbps,0.030417149350227463,2.5,0-10 mm
DP12,rh,ifrms,0.0,2.5,0-10 mm
DP12,rh,mcgs,0.0,2.5,0-10 mm
DP12,rh,pos,0.0,2.5,0-10 mm
DP12,rh,prculs-d,0.0,2.5,0-10 mm
DP12,rh,prcus-a,0.0,2.5,0-10 mm
DP12,rh,prcus-i,0.045899800308922524,2.5,0-10 mm
DP12,rh,prcus-p,0.1974223197184219,2.5,0-10 mm
DP12,rh,sbps,0.0050791150165692255,2.5,0-10 mm
DP13,lh,ifrms,0.0,2.5,0-10 mm
DP13,lh,mcgs,0.0,2.5,0-10 mm
DP13,lh,pos,0.0,2.5,0-10 mm
DP13,lh,prculs-d,0.0,2.5,0-10 mm
DP13,lh,prcus-a,0.0,2.5,0-10 mm
DP13,lh,prcus-i,0.0,2.5,0-10 mm
DP13,lh,prcus-p,0.1414062459218453,2.5,0-10 mm
DP13,lh,sbps,0.0,2.5,0-10 mm
DP13,rh,ifrms,0.0,2.5,0-10 mm
DP13,rh,mcgs,0.0,2.5,0-10 mm
DP13,rh,pos,0.0027767115907776996,2.5,0-10 mm
DP13,rh,prculs-d,0.056741203982539276,2.5,0-10 mm
DP13,rh,prcus-a,0.0,2.5,0-10 mm
DP13,rh,prcus-i,0.0,2.5,0-10 mm
DP13,rh,prcus-p,0.19828509383072537,2.5,0-10 mm
DP13,rh,sbps,0.0007999417554281501,2.5,0-10 mm
DP14,lh,ifrms,0.0,2.5,0-10 mm
DP14,lh,mcgs,0.0,2.5,0-10 mm
DP14,lh,pos,0.007631579937176512,2.5,0-10 mm
DP14,lh,prculs-d,0.2596919210131762,2.5,0-10 mm
DP14,lh,prcus-a,0.0,2.5,0-10 mm
DP14,lh,prcus-i,0.0,2.5,0-10 mm
DP14,lh,prcus-p,0.0,2.5,0-10 mm
DP14,lh,sbps,0.0,2.5,0-10 mm
DP14,rh,ifrms,0.0,2.5,0-10 mm
DP14,rh,mcgs,0.0,2.5,0-10 mm
DP14,rh,pos,0.0009007740392852125,2.5,0-10 mm
DP14,rh,prculs-d,0.0,2.5,0-10 mm
DP14,rh,prcus-a,0.0,2.5,0-10 mm
DP14,rh,prcus-i,0.0,2.5,0-10 mm
DP14,rh,prcus-p,0.0036971972591755497,2.5,0-10 mm
DP14,rh,sbps,0.14214355048602856,2.5,0-10 mm
DP15,lh,ifrms,0.005890898012043913,2.5,0-10 mm
DP15,lh,mcgs,0.0,2.5,0-10 mm
DP15,lh,pos,0.0,2.5,0-10 mm
DP15,lh,prculs-d,0.0,2.5,0-10 mm
DP15,lh,prcus-a,0.06866425181885812,2.5,0-10 mm
DP15,lh,prcus-i,0.0,2.5,0-10 mm
DP15,lh,prcus-p,0.0,2.5,0-10 mm
DP15,lh,sbps,0.20467373793982452,2.5,0-10 mm
DP15,rh,ifrms,0.0,2.5,0-10 mm
DP15,rh,mcgs,0.0,2.5,0-10 mm
DP15,rh,pos,0.0032987342818848247,2.5,0-10 mm
DP15,rh,prculs-d,0.010511625111765652,2.5,0-10 mm
DP15,rh,prcus-a,0.0,2.5,0-10 mm
DP15,rh,prcus-i,0.0,2.5,0-10 mm
DP15,rh,prcus-p,0.07813734504890704,2.5,0-10 mm
DP15,rh,sbps,0.1346612971512555,2.5,0-10 mm
DP16,lh,ifrms,0.0,2.5,0-10 mm
DP16,lh,mcgs,0.0,2.5,0-10 mm
DP16,lh,pos,0.05292071177529889,2.5,0-10 mm
DP16,lh,prculs-d,0.013565545280205362,2.5,0-10 mm
DP16,lh,prcus-a,0.0,2.5,0-10 mm
DP16,lh,prcus-i,0.0,2.5,0-10 mm
DP16,lh,prcus-p,0.1270262588465665,2.5,0-10 mm
DP16,lh,sbps,0.00042450722479646255,2.5,0-10 mm
DP16,rh,ifrms,0.0,2.5,0-10 mm
DP16,rh,mcgs,0.0,2.5,0-10 mm
DP16,rh,pos,0.019966852438824238,2.5,0-10 mm
DP16,rh,prculs-d,0.03156494547825295,2.5,0-10 mm
DP16,rh,prcus-a,0.0,2.5,0-10 mm
DP16,rh,prcus-i,0.0,2.5,0-10 mm
DP16,rh,prcus-p,0.14228785476320613,2.5,0-10 mm
DP16,rh,sbps,0.00043107419124776257,2.5,0-10 mm
DP17,lh,ifrms,0.0,2.5,0-10 mm
DP17,lh,mcgs,0.0,2.5,0-10 mm
DP17,lh,pos,0.0,2.5,0-10 mm
DP17,lh,prculs-d,0.0,2.5,0-10 mm
DP17,lh,prcus-a,0.0,2.5,0-10 mm
DP17,lh,prcus-i,0.0,2.5,0-10 mm
DP17,lh,prcus-p,0.0,2.5,0-10 mm
DP17,lh,sbps,0.047486476306838485,2.5,0-10 mm
DP17,rh,ifrms,0.0,2.5,0-10 mm
DP17,rh,mcgs,0.0,2.5,0-10 mm
DP17,rh,pos,0.0,2.5,0-10 mm
DP17,rh,prculs-d,0.0,2.5,0-10 mm
DP17,rh,prcus-a,0.23751267053853292,2.5,0-10 mm
DP17,rh,prcus-i,0.0211145879996188,2.5,0-10 mm
DP17,rh,prcus-p,0.0019989326099895625,2.5,0-10 mm
DP17,rh,sbps,0.12389200425375187,2.5,0-10 mm
DP18,lh,ifrms,0.0,2.5,0-10 mm
DP18,lh,mcgs,0.0,2.5,0-10 mm
DP18,lh,pos,0.013967568436126976,2.5,0-10 mm
DP18,lh,prculs-d,0.0,2.5,0-10 mm
DP18,lh,prcus-a,0.0,2.5,0-10 mm
DP18,lh,prcus-i,0.0,2.5,0-10 mm
DP18,lh,prcus-p,0.18861543479755533,2.5,0-10 mm
DP18,lh,sbps,0.0,2.5,0-10 mm
DP18,rh,ifrms,0.0,2.5,0-10 mm
DP18,rh,mcgs,0.0,2.5,0-10 mm
DP18,rh,pos,0.02710002759400181,2.5,0-10 mm
DP18,rh,prculs-d,0.029719445264906018,2.5,0-10 mm
DP18,rh,prcus-a,0.0,2.5,0-10 mm
DP18,rh,prcus-i,0.0,2.5,0-10 mm
DP18,rh,prcus-p,0.20059272802679357,2.5,0-10 mm
DP18,rh,sbps,0.08007864023126111,2.5,0-10 mm
DP19,lh,ifrms,0.0,2.5,0-10 mm
DP19,lh,mcgs,0.0,2.5,0-10 mm
DP19,lh,pos,0.0,2.5,0-10 mm
DP19,lh,prculs-d,0.008814286341514464,2.5,0-10 mm
DP19,lh,prcus-a,0.0,2.5,0-10 mm
DP19,lh,prcus-i,0.0,2.5,0-10 mm
DP19,lh,prcus-p,0.05116476006112223,2.5,0-10 mm
DP19,lh,sbps,0.15746049337234422,2.5,0-10 mm
DP19,rh,ifrms,0.0,2.5,0-10 mm
DP19,rh,mcgs,0.0,2.5,0-10 mm
DP19,rh,pos,0.017296467184597986,2.5,0-10 mm
DP19,rh,prculs-d,0.000998252364174075,2.5,0-10 mm
DP19,rh,prcus-a,0.0,2.5,0-10 mm
DP19,rh,prcus-i,0.0,2.5,0-10 mm
DP19,rh,prcus-p,0.0,2.5,0-10 mm
DP19,rh,sbps,0.1547174003599192,2.5,0-10 mm
DP2,lh,ifrms,0.0,2.5,0-10 mm
DP2,lh,mcgs,0.0,2.5,0-10 mm
DP2,lh,pos,0.0012170754313248378,2.5,0-10 mm
DP2,lh,prculs-d,0.023428446181046888,2.5,0-10 mm
DP2,lh,prcus-a,0.0,2.5,0-10 mm
DP2,lh,prcus-i,0.0017001233914798123,2.5,0-10 mm
DP2,lh,prcus-p,0.1525289834817903,2.5,0-10 mm
DP2,lh,sbps,0.007209198525181237,2.5,0-10 mm
DP2,rh,ifrms,0.0,2.5,0-10 mm
DP2,rh,mcgs,0.0,2.5,0-10 mm
DP2,rh,pos,0.0005839585055859375,2.5,0-10 mm
DP2,rh,prculs-d,0.09631975459010866,2.5,0-10 mm
DP2,rh,prcus-a,0.0,2.5,0-10 mm
DP2,rh,prcus-i,0.0,2.5,0-10 mm
DP2,rh,prcus-p,0.20548624447262345,2.5,0-10 mm
DP2,rh,sbps,0.0,2.5,0-10 mm
DP20,lh,ifrms,0.0,2.5,0-10 mm
DP20,lh,mcgs,0.0,2.5,0-10 mm
DP20,lh,pos,0.0013339595842637,2.5,0-10 mm
DP20,lh,prculs-d,0.0,2.5,0-10 mm
DP20,lh,prcus-a,0.0,2.5,0-10 mm
DP20,lh,prcus-i,0.0018619919072272004,2.5,0-10 mm
DP20,lh,prcus-p,0.22633577804457125,2.5,0-10 mm
DP20,lh,sbps,0.005542394785120663,2.5,0-10 mm
DP20,rh,ifrms,0.0,2.5,0-10 mm
DP20,rh,mcgs,0.0021133930787706,2.5,0-10 mm
DP20,rh,pos,0.0,2.5,0-10 mm
DP20,rh,prculs-d,0.0,2.5,0-10 mm
DP20,rh,prcus-a,0.028538399063562238,2.5,0-10 mm
DP20,rh,prcus-i,0.45075658498317833,2.5,0-10 mm
DP20,rh,prcus-p,0.0619762137753677,2.5,0-10 mm
DP20,rh,sbps,0.11507061606213002,2.5,0-10 mm
DP21,lh,ifrms,0.0,2.5,0-10 mm
DP21,lh,mcgs,0.0,2.5,0-10 mm
DP21,lh,pos,0.011067826845342627,2.5,0-10 mm
DP21,lh,prculs-d,0.2754953365559703,2.5,0-10 mm
DP21,lh,prcus-a,0.0,2.5,0-10 mm
DP21,lh,prcus-i,0.009028746275067763,2.5,0-10 mm
DP21,lh,prcus-p,0.0,2.5,0-10 mm
DP21,lh,sbps,0.0,2.5,0-10 mm
DP21,rh,ifrms,0.0,2.5,0-10 mm
DP21,rh,mcgs,0.0,2.5,0-10 mm
DP21,rh,pos,0.009669179004925449,2.5,0-10 mm
DP21,rh,prculs-d,0.29904444911458533,2.5,0-10 mm
DP21,rh,prcus-a,0.0,2.5,0-10 mm
DP21,rh,prcus-i,0.0,2.5,0-10 mm
DP21,rh,prcus-p,0.0,2.5,0-10 mm
DP21,rh,sbps,0.0,2.5,0-10 mm
DP22,lh,ifrms,0.0,2.5,0-10 mm
DP22,lh,mcgs,0.0,2.5,0-10 mm
DP22,lh,pos,0.0031276262261306755,2.5,0-10 mm
DP22,lh,prculs-d,0.0,2.5,0-10 mm
DP22,lh,prcus-a,0.0,2.5,0-10 mm
DP22,lh,prcus-i,0.025810557249877547,2.5,0-10 mm
DP22,lh,prcus-p,0.0,2.5,0-10 mm
DP22,lh,sbps,0.13572615361451573,2.5,0-10 mm
DP22,rh,ifrms,0.0,2.5,0-10 mm
DP22,rh,mcgs,0.0,2.5,0-10 mm
DP22,rh,pos,0.0,2.5,0-10 mm
DP22,rh,prculs-d,0.03709961680161925,2.5,0-10 mm
DP22,rh,prcus-a,0.0,2.5,0-10 mm
DP22,rh,prcus-i,0.010965146691361526,2.5,0-10 mm
DP22,rh,prcus-p,0.0,2.5,0-10 mm
DP22,rh,sbps,0.20432850854923856,2.5,0-10 mm
DP23,lh,ifrms,0.0,2.5,0-10 mm
DP23,lh,mcgs,0.0,2.5,0-10 mm
DP23,lh,pos,0.0,2.5,0-10 mm
DP23,lh,prculs-d,0.0,2.5,0-10 mm
DP23,lh,prcus-a,0.10263708211886965,2.5,0-10 mm
DP23,lh,prcus-i,0.07001876470903946,2.5,0-10 mm
DP23,lh,prcus-p,0.0,2.5,0-10 mm
DP23,lh,sbps,0.17641885875415694,2.5,0-10 mm
DP23,rh,ifrms,0.0,2.5,0-10 mm
DP23,rh,mcgs,0.0,2.5,0-10 mm
DP23,rh,pos,0.0039055835730955127,2.5,0-10 mm
DP23,rh,prculs-d,0.06316578216663697,2.5,0-10 mm
DP23,rh,prcus-a,0.0,2.5,0-10 mm
DP23,rh,prcus-i,0.0,2.5,0-10 mm
DP23,rh,prcus-p,0.0,2.5,0-10 mm
DP23,rh,sbps,1.9953119524575e-05,2.5,0-10 mm
DP24,lh,ifrms,0.0,2.5,0-10 mm
DP24,lh,mcgs,0.0,2.5,0-10 mm
DP24,lh,pos,0.002558682524309925,2.5,0-10 mm
DP24,lh,prculs-d,0.17793133860762922,2.5,0-10 mm
DP24,lh,prcus-a,0.0,2.5,0-10 mm
DP24,lh,prcus-i,0.018543608483369927,2.5,0-10 mm
DP24,lh,prcus-p,0.3060691455302368,2.5,0-10 mm
DP24,lh,sbps,0.0,2.5,0-10 mm
DP24,rh,ifrms,0.0,2.5,0-10 mm
DP24,rh,mcgs,0.0,2.5,0-10 mm
DP24,rh,pos,0.0007028918090516,2.5,0-10 mm
DP24,rh,prculs-d,0.2138640350621112,2.5,0-10 mm
DP24,rh,prcus-a,0.0,2.5,0-10 mm
DP24,rh,prcus-i,0.0,2.5,0-10 mm
DP24,rh,prcus-p,0.021226509912352823,2.5,0-10 mm
DP24,rh,sbps,0.0,2.5,0-10 mm
DP3,lh,ifrms,0.0,2.5,0-10 mm
DP3,lh,mcgs,0.0,2.5,0-10 mm
DP3,lh,pos,0.020355239383712996,2.5,0-10 mm
DP3,lh,prculs-d,0.0,2.5,0-10 mm
DP3,lh,prcus-a,0.022401762556878625,2.5,0-10 mm
DP3,lh,prcus-i,0.07478760675942249,2.5,0-10 mm
DP3,lh,prcus-p,0.4109556885685889,2.5,0-10 mm
DP3,lh,sbps,0.015362331392422662,2.5,0-10 mm
DP3,rh,ifrms,0.0,2.5,0-10 mm
DP3,rh,mcgs,0.0,2.5,0-10 mm
DP3,rh,pos,0.0,2.5,0-10 mm
DP3,rh,prculs-d,0.0,2.5,0-10 mm
DP3,rh,prcus-a,0.0,2.5,0-10 mm
DP3,rh,prcus-i,0.0136514217398773,2.5,0-10 mm
DP3,rh,prcus-p,0.20203069697775344,2.5,0-10 mm
DP3,rh,sbps,0.002755244825399262,2.5,0-10 mm
DP4,lh,ifrms,0.0,2.5,0-10 mm
DP4,lh,mcgs,0.0,2.5,0-10 mm
DP4,lh,pos,0.0088796617394774,2.5,0-10 mm
DP4,lh,prculs-d,0.0,2.5,0-10 mm
DP4,lh,prcus-a,0.0,2.5,0-10 mm
DP4,lh,prcus-i,0.0,2.5,0-10 mm
DP4,lh,prcus-p,0.0,2.5,0-10 mm
DP4,lh,sbps,0.11064736542401107,2.5,0-10 mm
DP4,rh,ifrms,0.0,2.5,0-10 mm
DP4,rh,mcgs,0.0,2.5,0-10 mm
DP4,rh,pos,0.007151728974461249,2.5,0-10 mm
DP4,rh,prculs-d,0.05285291215025691,2.5,0-10 mm
DP4,rh,prcus-a,0.0,2.5,0-10 mm
DP4,rh,prcus-i,0.0,2.5,0-10 mm
DP4,rh,prcus-p,0.1992366788605297,2.5,0-10 mm
DP4,rh,sbps,0.0,2.5,0-10 mm
DP5,lh,ifrms,0.0,2.5,0-10 mm
DP5,lh,mcgs,0.0006326849836382625,2.5,0-10 mm
DP5,lh,pos,0.0,2.5,0-10 mm
DP5,lh,prculs-d,0.0,2.5,0-10 mm
DP5,lh,prcus-a,0.13208965483305718,2.5,0-10 mm
DP5,lh,prcus-i,0.03147815083992826,2.5,0-10 mm
DP5,lh,prcus-p,0.0,2.5,0-10 mm
DP5,lh,sbps,0.007556579459877488,2.5,0-10 mm
DP5,rh,ifrms,0.0,2.5,0-10 mm
DP5,rh,mcgs,0.0,2.5,0-10 mm
DP5,rh,pos,0.00217014973607075,2.5,0-10 mm
DP5,rh,prculs-d,0.010118825157753475,2.5,0-10 mm
DP5,rh,prcus-a,0.0,2.5,0-10 mm
DP5,rh,prcus-i,0.03280281234913006,2.5,0-10 mm
DP5,rh,prcus-p,0.1982105564005694,2.5,0-10 mm
DP5,rh,sbps,0.0,2.5,0-10 mm
DP7,lh,ifrms,0.0,2.5,0-10 mm
DP7,lh,mcgs,0.0,2.5,0-10 mm
DP7,lh,pos,0.0,2.5,0-10 mm
DP7,lh,prculs-d,0.0,2.5,0-10 mm
DP7,lh,prcus-a,0.021461628138501797,2.5,0-10 mm
DP7,lh,prcus-i,0.2350910774612433,2.5,0-10 mm
DP7,lh,prcus-p,0.09675299109982233,2.5,0-10 mm
DP7,lh,sbps,0.13976553483953547,2.5,0-10 mm
DP7,rh,ifrms,0.0,2.5,0-10 mm
DP7,rh,mcgs,0.0,2.5,0-10 mm
DP7,rh,pos,0.023570567455024068,2.5,0-10 mm
DP7,rh,prculs-d,0.0035929811462690254,2.5,0-10 mm
DP7,rh,prcus-a,0.0,2.5,0-10 mm
DP7,rh,prcus-i,0.0,2.5,0-10 mm
DP7,rh,prcus-p,0.21797560823607473,2.5,0-10 mm
DP7,rh,sbps,0.0032994061754254,2.5,0-10 mm
DP8,lh,ifrms,0.0,2.5,0-10 mm
DP8,lh,mcgs,0.011512006606487362,2.5,0-10 mm
DP8,lh,pos,0.0,2.5,0-10 mm
DP8,lh,prculs-d,0.0,2.5,0-10 mm
DP8,lh,prcus-a,0.2554593760708484,2.5,0-10 mm
DP8,lh,prcus-i,0.0,2.5,0-10 mm
DP8,lh,prcus-p,0.0,2.5,0-10 mm
DP8,lh,sbps,0.011653035525918612,2.5,0-10 mm
DP8,rh,ifrms,0.0,2.5,0-10 mm
DP8,rh,mcgs,0.0,2.5,0-10 mm
DP8,rh,pos,0.0,2.5,0-10 mm
DP8,rh,prculs-d,0.0,2.5,0-10 mm
DP8,rh,prcus-a,0.0,2.5,0-10 mm
DP8,rh,prcus-i,0.15128072354201852,2.5,0-10 mm
DP8,rh,prcus-p,0.02781251150159451,2.5,0-10 mm
DP8,rh,sbps,0.0002426568505191625,2.5,0-10 mm
DP9,lh,ifrms,0.0,2.5,0-10 mm
DP9,lh,mcgs,0.0,2.5,0-10 mm
DP9,lh,pos,0.015792626392120514,2.5,0-10 mm
DP9,lh,prculs-d,0.0,2.5,0-10 mm
DP9,lh,prcus-a,0.0,2.5,0-10 mm
DP9,lh,prcus-i,0.005326840269852575,2.5,0-10 mm
DP9,lh,prcus-p,0.279059723475499,2.5,0-10 mm
DP9,lh,sbps,0.09937810504816143,2.5,0-10 mm
DP9,rh,ifrms,0.0,2.5,0-10 mm
DP9,rh,mcgs,0.0,2.5,0-10 mm
DP9,rh,pos,0.030175091655236564,2.5,0-10 mm
DP9,rh,prculs-d,0.0,2.5,0-10 mm
DP9,rh,prcus-a,0.0,2.5,0-10 mm
DP9,rh,prcus-i,0.0,2.5,0-10 mm
DP9,rh,prcus-p,0.0015790316450328874,2.5,0-10 mm
DP9,rh,sbps,0.15259714600914207,2.5,0-10 mm
NT1,lh,ifrms,0.0,2.5,0-10 mm
NT1,lh,mcgs,0.0,2.5,0-10 mm
NT1,lh,pos,0.0,2.5,0-10 mm
NT1,lh,prculs-d,0.0,2.5,0-10 mm
NT1,lh,prcus-a,0.11150656507406084,2.5,0-10 mm
NT1,lh,prcus-i,0.28636336041552174,2.5,0-10 mm
NT1,lh,prcus-p,0.016684166061056698,2.5,0-10 mm
NT1,lh,sbps,0.02815383643301076,2.5,0-10 mm
NT1,rh,ifrms,0.0,2.5,0-10 mm
NT1,rh,mcgs,0.0,2.5,0-10 mm
NT1,rh,pos,0.0,2.5,0-10 mm
NT1,rh,prculs-d,0.08284740603324457,2.5,0-10 mm
NT1,rh,prcus-a,0.0,2.5,0-10 mm
NT1,rh,prcus-i,0.023810757064078814,2.5,0-10 mm
NT1,rh,prcus-p,0.1394341586563419,2.5,0-10 mm
NT1,rh,sbps,0.054255576518164525,2.5,0-10 mm
NT10,lh,ifrms,0.0,2.5,0-10 mm
NT10,lh,mcgs,0.0,2.5,0-10 mm
NT10,lh,pos,0.001459253836913875,2.5,0-10 mm
NT10,lh,prculs-d,0.0,2.5,0-10 mm
NT10,lh,prcus-a,0.0,2.5,0-10 mm
NT10,lh,prcus-i,0.0,2.5,0-10 mm
NT10,lh,prcus-p,0.05341250598029921,2.5,0-10 mm
NT10,lh,sbps,0.17505787669754302,2.5,0-10 mm
NT10,rh,ifrms,0.0,2.5,0-10 mm
NT10,rh,mcgs,0.0,2.5,0-10 mm
NT10,rh,pos,0.0018278389228492751,2.5,0-10 mm
NT10,rh,prculs-d,0.0018714932263801,2.5,0-10 mm
NT10,rh,prcus-a,0.0,2.5,0-10 mm
NT10,rh,prcus-i,0.0,2.5,0-10 mm
NT10,rh,prcus-p,0.004496033283914588,2.5,0-10 mm
NT10,rh,sbps,0.0085764022643712,2.5,0-10 mm
NT11,lh,ifrms,0.0,2.5,0-10 mm
NT11,lh,mcgs,0.0,2.5,0-10 mm
NT11,lh,pos,0.0,2.5,0-10 mm
NT11,lh,prculs-d,0.0698569911004948,2.5,0-10 mm
NT11,lh,prcus-a,0.0,2.5,0-10 mm
NT11,lh,prcus-i,0.03485653955095334,2.5,0-10 mm
NT11,lh,prcus-p,0.04844921237776116,2.5,0-10 mm
NT11,lh,sbps,0.0,2.5,0-10 mm
NT11,rh,ifrms,0.0,2.5,0-10 mm
NT11,rh,mcgs,0.0,2.5,0-10 mm
NT11,rh,pos,0.0020229006889336126,2.5,0-10 mm
NT11,rh,prculs-d,0.174278552360473,2.5,0-10 mm
NT11,rh,prcus-a,0.0,2.5,0-10 mm
NT11,rh,prcus-i,0.0,2.5,0-10 mm
NT11,rh,prcus-p,0.011106875612536574,2.5,0-10 mm
NT11,rh,sbps,0.0015691659962138002,2.5,0-10 mm
NT12,lh,ifrms,0.0,2.5,0-10 mm
NT12,lh,mcgs,0.0,2.5,0-10 mm
NT12,lh,pos,0.012206610853440839,2.5,0-10 mm
NT12,lh,prculs-d,0.2624915832354108,2.5,0-10 mm
NT12,lh,prcus-a,0.0,2.5,0-10 mm
NT12,lh,prcus-i,0.0,2.5,0-10 mm
NT12,lh,prcus-p,0.002212421343570375,2.5,0-10 mm
NT12,lh,sbps,0.0,2.5,0-10 mm
NT12,rh,ifrms,0.0,2.5,0-10 mm
NT12,rh,mcgs,0.0,2.5,0-10 mm
NT12,rh,pos,0.013477946455558876,2.5,0-10 mm
NT12,rh,prculs-d,0.22646423807468405,2.5,0-10 mm
NT12,rh,prcus-a,0.0,2.5,0-10 mm
NT12,rh,prcus-i,0.0,2.5,0-10 mm
NT12,rh,prcus-p,0.01652089058540749,2.5,0-10 mm
NT12,rh,sbps,0.0,2.5,0-10 mm
NT13,lh,ifrms,0.0,2.5,0-10 mm
NT13,lh,mcgs,0.0,2.5,0-10 mm
NT13,lh,pos,0.0,2.5,0-10 mm
NT13,lh,prculs-d,0.0,2.5,0-10 mm
NT13,lh,prcus-a,0.0,2.5,0-10 mm
NT13,lh,prcus-i,0.0,2.5,0-10 mm
NT13,lh,prcus-p,0.13928262254242607,2.5,0-10 mm
NT13,lh,sbps,0.0,2.5,0-10 mm
NT13,rh,ifrms,0.0,2.5,0-10 mm
NT13,rh,mcgs,0.0,2.5,0-10 mm
NT13,rh,pos,0.008364349050478625,2.5,0-10 mm
NT13,rh,prculs-d,8.76557600955875e-05,2.5,0-10 mm
NT13,rh,prcus-a,0.0,2.5,0-10 mm
NT13,rh,prcus-i,0.000337602875337025,2.5,0-10 mm
NT13,rh,prcus-p,0.06363041955871981,2.5,0-10 mm
NT13,rh,sbps,0.17311114566596575,2.5,0-10 mm
NT14,lh,ifrms,0.0,2.5,0-10 mm
NT14,lh,mcgs,0.0,2.5,0-10 mm
NT14,lh,pos,0.0,2.5,0-10 mm
NT14,lh,prculs-d,0.0,2.5,0-10 mm
NT14,lh,prcus-a,0.0,2.5,0-10 mm
NT14,lh,prcus-i,0.042821969345373814,2.5,0-10 mm
NT14,lh,prcus-p,0.3152739908813752,2.5,0-10 mm
NT14,lh,sbps,0.018564626621251114,2.5,0-10 mm
NT14,rh,ifrms,0.0,2.5,0-10 mm
NT14,rh,mcgs,0.04947633055780451,2.5,0-10 mm
NT14,rh,pos,0.0,2.5,0-10 mm
NT14,rh,prculs-d,0.0,2.5,0-10 mm
NT14,rh,prcus-a,0.0,2.5,0-10 mm
NT14,rh,prcus-i,0.02114266783893144,2.5,0-10 mm
NT14,rh,prcus-p,0.0,2.5,0-10 mm
NT14,rh,sbps,0.0,2.5,0-10 mm
NT15,lh,ifrms,0.0,2.5,0-10 mm
NT15,lh,mcgs,0.0,2.5,0-10 mm
NT15,lh,pos,0.0,2.5,0-10 mm
NT15,lh,prculs-d,0.0009822169982224875,2.5,0-10 mm
NT15,lh,prcus-a,0.0,2.5,0-10 mm
NT15,lh,prcus-i,0.002216896183109675,2.5,0-10 mm
NT15,lh,prcus-p,0.07671092317595755,2.5,0-10 mm
NT15,lh,sbps,0.18051648345143975,2.5,0-10 mm
NT15,rh,ifrms,0.0,2.5,0-10 mm
NT15,rh,mcgs,0.0,2.5,0-10 mm
NT15,rh,pos,0.00200330647940415,2.5,0-10 mm
NT15,rh,prculs-d,0.0,2.5,0-10 mm
NT15,rh,prcus-a,0.0,2.5,0-10 mm
NT15,rh,prcus-i,0.03330415677764464,2.5,0-10 mm
NT15,rh,prcus-p,0.1583636388355501,2.5,0-10 mm
NT15,rh,sbps,0.23383352844932376,2.5,0-10 mm
NT16,lh,ifrms,0.0,2.5,0-10 mm
NT16,lh,mcgs,0.0,2.5,0-10 mm
NT16,lh,pos,0.0,2.5,0-10 mm
NT16,lh,prculs-d,0.0,2.5,0-10 mm
NT16,lh,prcus-a,0.0,2.5,0-10 mm
NT16,lh,prcus-i,0.13606123576663737,2.5,0-10 mm
NT16,lh,prcus-p,0.255556879229628,2.5,0-10 mm
NT16,lh,sbps,0.009709983410680825,2.5,0-10 mm
NT16,rh,ifrms,0.0,2.5,0-10 mm
NT16,rh,mcgs,0.0,2.5,0-10 mm
NT16,rh,pos,0.0,2.5,0-10 mm
NT16,rh,prculs-d,0.019580482979217252,2.5,0-10 mm
NT16,rh,prcus-a,0.020692599076667113,2.5,0-10 mm
NT16,rh,prcus-i,0.4206131887616461,2.5,0-10 mm
NT16,rh,prcus-p,0.03731529385304899,2.5,0-10 mm
NT16,rh,sbps,0.0,2.5,0-10 mm
NT17,lh,ifrms,0.0,2.5,0-10 mm
NT17,lh,mcgs,0.0,2.5,0-10 mm
NT17,lh,pos,0.0,2.5,0-10 mm
NT17,lh,prculs-d,0.0,2.5,0-10 mm
NT17,lh,prcus-a,0.017798623748238023,2.5,0-10 mm
NT17,lh,prcus-i,0.0018645015268859374,2.5,0-10 mm
NT17,lh,prcus-p,0.24152239313712492,2.5,0-10 mm
NT17,lh,sbps,0.20336157411981945,2.5,0-10 mm
NT17,rh,ifrms,0.0,2.5,0-10 mm
NT17,rh,mcgs,0.0,2.5,0-10 mm
NT17,rh,pos,0.05155313100153151,2.5,0-10 mm
NT17,rh,prculs-d,0.016073894285767675,2.5,0-10 mm
NT17,rh,prcus-a,0.0,2.5,0-10 mm
NT17,rh,prcus-i,0.0,2.5,0-10 mm
NT17,rh,prcus-p,0.0109202328262496,2.5,0-10 mm
NT17,rh,sbps,0.019867220533400887,2.5,0-10 mm
NT18,lh,ifrms,0.0,2.5,0-10 mm
NT18,lh,mcgs,0.0,2.5,0-10 mm
NT18,lh,pos,0.010934775923743862,2.5,0-10 mm
NT18,lh,prculs-d,0.007547246858830188,2.5,0-10 mm
NT18,lh,prcus-a,0.0,2.5,0-10 mm
NT18,lh,prcus-i,0.0,2.5,0-10 mm
NT18,lh,prcus-p,0.06277774935152174,2.5,0-10 mm
NT18,lh,sbps,0.15001035564876464,2.5,0-10 mm
NT18,rh,ifrms,0.0,2.5,0-10 mm
NT18,rh,mcgs,0.0,2.5,0-10 mm
NT18,rh,pos,0.0,2.5,0-10 mm
NT18,rh,prculs-d,0.07678169223972084,2.5,0-10 mm
NT18,rh,prcus-a,0.0,2.5,0-10 mm
NT18,rh,prcus-i,0.0,2.5,0-10 mm
NT18,rh,prcus-p,0.14818623308396645,2.5,0-10 mm
NT18,rh,sbps,0.0,2.5,0-10 mm
NT19,lh,ifrms,0.0,2.5,0-10 mm
NT19,lh,mcgs,0.0,2.5,0-10 mm
NT19,lh,pos,0.0,2.5,0-10 mm
NT19,lh,prculs-d,0.014413378452212276,2.5,0-10 mm
NT19,lh,prcus-a,0.0,2.5,0-10 mm
NT19,lh,prcus-i,0.025954643964022826,2.5,0-10 mm
NT19,lh,prcus-p,0.3695344477167837,2.5,0-10 mm
NT19,lh,sbps,0.010321937300622513,2.5,0-10 mm
NT19,rh,ifrms,0.0,2.5,0-10 mm
NT19,rh,mcgs,0.0,2.5,0-10 mm
NT19,rh,pos,0.0,2.5,0-10 mm
NT19,rh,prculs-d,0.0,2.5,0-10 mm
NT19,rh,prcus-a,0.000773589158785,2.5,0-10 mm
NT19,rh,prcus-i,0.21259015207562823,2.5,0-10 mm
NT19,rh,prcus-p,0.04987644152886088,2.5,0-10 mm
NT19,rh,sbps,0.0,2.5,0-10 mm
NT20,lh,ifrms,0.0,2.5,0-10 mm
NT20,lh,mcgs,0.0,2.5,0-10 mm
NT20,lh,pos,0.031558309794217886,2.5,0-10 mm
NT20,lh,prculs-d,0.005313472662436912,2.5,0-10 mm
NT20,lh,prcus-a,0.0,2.5,0-10 mm
NT20,lh,prcus-i,0.02632264370063343,2.5,0-10 mm
NT20,lh,prcus-p,0.4386011943845031,2.5,0-10 mm
NT20,lh,sbps,0.0091838318611598,2.5,0-10 mm
NT20,rh,ifrms,0.0,2.5,0-10 mm
NT20,rh,mcgs,0.021437812417782937,2.5,0-10 mm
NT20,rh,pos,0.0,2.5,0-10 mm
NT20,rh,prculs-d,0.0,2.5,0-10 mm
NT20,rh,prcus-a,0.0,2.5,0-10 mm
NT20,rh,prcus-i,0.01551487912740714,2.5,0-10 mm
NT20,rh,prcus-p,0.0,2.5,0-10 mm
NT20,rh,sbps,0.0,2.5,0-10 mm
NT21,lh,ifrms,0.0,2.5,0-10 mm
NT21,lh,mcgs,0.0,2.5,0-10 mm
NT21,lh,pos,0.0,2.5,0-10 mm
NT21,lh,prculs-d,0.0,2.5,0-10 mm
NT21,lh,prcus-a,0.0007549182623337125,2.5,0-10 mm
NT21,lh,prcus-i,0.164461287781357,2.5,0-10 mm
NT21,lh,prcus-p,0.0,2.5,0-10 mm
NT21,lh,sbps,0.12047758335050543,2.5,0-10 mm
NT21,rh,ifrms,0.0,2.5,0-10 mm
NT21,rh,mcgs,0.0,2.5,0-10 mm
NT21,rh,pos,0.0,2.5,0-10 mm
NT21,rh,prculs-d,0.03247562744745987,2.5,0-10 mm
NT21,rh,prcus-a,0.0,2.5,0-10 mm
NT21,rh,prcus-i,0.0,2.5,0-10 mm
NT21,rh,prcus-p,0.25104882297613695,2.5,0-10 mm
NT21,rh,sbps,0.020119696569179273,2.5,0-10 mm
NT22,lh,ifrms,0.0,2.5,0-10 mm
NT22,lh,mcgs,0.0,2.5,0-10 mm
NT22,lh,pos,0.0,2.5,0-10 mm
NT22,lh,prculs-d,0.0,2.5,0-10 mm
NT22,lh,prcus-a,0.0,2.5,0-10 mm
NT22,lh,prcus-i,0.0939181577638353,2.5,0-10 mm
NT22,lh,prcus-p,0.052979235024066026,2.5,0-10 mm
NT22,lh,sbps,0.0,2.5,0-10 mm
NT22,rh,ifrms,0.0,2.5,0-10 mm
NT22,rh,mcgs,0.0,2.5,0-10 mm
NT22,rh,pos,0.0009859702053431124,2.5,0-10 mm
NT22,rh,prculs-d,0.0,2.5,0-10 mm
NT22,rh,prcus-a,0.0038108095207674995,2.5,0-10 mm
NT22,rh,prcus-i,0.0,2.5,0-10 mm
NT22,rh,prcus-p,0.11195614290884612,2.5,0-10 mm
NT22,rh,sbps,0.19262259342275218,2.5,0-10 mm
NT23,lh,ifrms,0.0,2.5,0-10 mm
NT23,lh,mcgs,0.0,2.5,0-10 mm
NT23,lh,pos,0.0,2.5,0-10 mm
NT23,lh,prculs-d,0.0009528588250733875,2.5,0-10 mm
NT23,lh,prcus-a,9.0011055566125e-05,2.5,0-10 mm
NT23,lh,prcus-i,0.0772116280417285,2.5,0-10 mm
NT23,lh,prcus-p,0.0,2.5,0-10 mm
NT23,lh,sbps,0.0,2.5,0-10 mm
NT23,rh,ifrms,0.0,2.5,0-10 mm
NT23,rh,mcgs,0.0,2.5,0-10 mm
NT23,rh,pos,0.06300453102785655,2.5,0-10 mm
NT23,rh,prculs-d,0.03364976036026977,2.5,0-10 mm
NT23,rh,prcus-a,0.0,2.5,0-10 mm
NT23,rh,prcus-i,0.0,2.5,0-10 mm
NT23,rh,prcus-p,0.0,2.5,0-10 mm
NT23,rh,sbps,0.0,2.5,0-10 mm
NT24,lh,ifrms,0.0,2.5,0-10 mm
NT24,lh,mcgs,0.0,2.5,0-10 mm
NT24,lh,pos,0.005858820507489738,2.5,0-10 mm
NT24,lh,prculs-d,0.0,2.5,0-10 mm
NT24,lh,prcus-a,0.0,2.5,0-10 mm
NT24,lh,prcus-i,0.0,2.5,0-10 mm
NT24,lh,prcus-p,0.13139296697052857,2.5,0-10 mm
NT24,lh,sbps,0.1244319482868115,2.5,0-10 mm
NT24,rh,ifrms,0.0,2.5,0-10 mm
NT24,rh,mcgs,0.0,2.5,0-10 mm
NT24,rh,pos,0.032274246152486065,2.5,0-10 mm
NT24,rh,prculs-d,0.021655555190360137,2.5,0-10 mm
NT24,rh,prcus-a,0.0,2.5,0-10 mm
NT24,rh,prcus-i,0.0,2.5,0-10 mm
NT24,rh,prcus-p,0.01395616507453126,2.5,0-10 mm
NT24,rh,sbps,0.07595520944994427,2.5,0-10 mm
NT25,lh,ifrms,0.0,2.5,0-10 mm
NT25,lh,mcgs,0.0,2.5,0-10 mm
NT25,lh,pos,0.02047017497541726,2.5,0-10 mm
NT25,lh,prculs-d,0.2816769243453079,2.5,0-10 mm
NT25,lh,prcus-a,0.0,2.5,0-10 mm
NT25,lh,prcus-i,0.0,2.5,0-10 mm
NT25,lh,prcus-p,0.0,2.5,0-10 mm
NT25,lh,sbps,0.0,2.5,0-10 mm
NT25,rh,ifrms,0.0,2.5,0-10 mm
NT25,rh,mcgs,0.0,2.5,0-10 mm
NT25,rh,pos,0.02725618864521679,2.5,0-10 mm
NT25,rh,prculs-d,0.10397203239362751,2.5,0-10 mm
NT25,rh,prcus-a,0.0,2.5,0-10 mm
NT25,rh,prcus-i,0.0,2.5,0-10 mm
NT25,rh,prcus-p,0.12060575168466799,2.5,0-10 mm
NT25,rh,sbps,0.0,2.5,0-10 mm
NT26,lh,ifrms,0.0,2.5,0-10 mm
NT26,lh,mcgs,0.0,2.5,0-10 mm
NT26,lh,pos,0.0,2.5,0-10 mm
NT26,lh,prculs-d,0.061984587518988075,2.5,0-10 mm
NT26,lh,prcus-a,0.0,2.5,0-10 mm
NT26,lh,prcus-i,0.0026657628827247877,2.5,0-10 mm
NT26,lh,prcus-p,0.12025298131138751,2.5,0-10 mm
NT26,lh,sbps,0.0,2.5,0-10 mm
NT26,rh,ifrms,0.0,2.5,0-10 mm
NT26,rh,mcgs,0.0,2.5,0-10 mm
NT26,rh,pos,0.008924447982450175,2.5,0-10 mm
NT26,rh,prculs-d,0.04413201357972439,2.5,0-10 mm
NT26,rh,prcus-a,0.0,2.5,0-10 mm
NT26,rh,prcus-i,0.0,2.5,0-10 mm
NT26,rh,prcus-p,0.06620383644689558,2.5,0-10 mm
NT26,rh,sbps,0.0015807899672570624,2.5,0-10 mm
NT27,lh,ifrms,0.0,2.5,0-10 mm
NT27,lh,mcgs,0.0,2.5,0-10 mm
NT27,lh,pos,0.0,2.5,0-10 mm
NT27,lh,prculs-d,0.018027608601264122,2.5,0-10 mm
NT27,lh,prcus-a,0.0,2.5,0-10 mm
NT27,lh,prcus-i,0.037543118483847115,2.5,0-10 mm
NT27,lh,prcus-p,0.18539455520405082,2.5,0-10 mm
NT27,lh,sbps,0.0,2.5,0-10 mm
NT27,rh,ifrms,0.0,2.5,0-10 mm
NT27,rh,mcgs,0.0,2.5,0-10 mm
NT27,rh,pos,0.0005405784569364,2.5,0-10 mm
NT27,rh,prculs-d,0.19033269848841242,2.5,0-10 mm
NT27,rh,prcus-a,0.0,2.5,0-10 mm
NT27,rh,prcus-i,0.030042553478180013,2.5,0-10 mm
NT27,rh,prcus-p,0.06280626895821664,2.5,0-10 mm
NT27,rh,sbps,0.0,2.5,0-10 mm
NT3,lh,ifrms,0.0,2.5,0-10 mm
NT3,lh,mcgs,0.0,2.5,0-10 mm
NT3,lh,pos,0.00496230622469675,2.5,0-10 mm
NT3,lh,prculs-d,0.25921222625301443,2.5,0-10 mm
NT3,lh,prcus-a,0.0,2.5,0-10 mm
NT3,lh,prcus-i,0.028731046664592502,2.5,0-10 mm
NT3,lh,prcus-p,0.0255558301835697,2.5,0-10 mm
NT3,lh,sbps,0.0,2.5,0-10 mm
NT3,rh,ifrms,0.0,2.5,0-10 mm
NT3,rh,mcgs,0.0,2.5,0-10 mm
NT3,rh,pos,0.14517025528504043,2.5,0-10 mm
NT3,rh,prculs-d,0.12802468493179733,2.5,0-10 mm
NT3,rh,prcus-a,0.0,2.5,0-10 mm
NT3,rh,prcus-i,0.0,2.5,0-10 mm
NT3,rh,prcus-p,0.0001531677727132125,2.5,0-10 mm
NT3,rh,sbps,0.0,2.5,0-10 mm
NT5,lh,ifrms,0.0,2.5,0-10 mm
NT5,lh,mcgs,0.0,2.5,0-10 mm
NT5,lh,pos,8.36798639543125e-05,2.5,0-10 mm
NT5,lh,prculs-d,0.0003219601547855625,2.5,0-10 mm
NT5,lh,prcus-a,0.061057283712243914,2.5,0-10 mm
NT5,lh,prcus-i,0.2797424961852576,2.5,0-10 mm
NT5,lh,prcus-p,0.13679545992457087,2.5,0-10 mm
NT5,lh,sbps,0.014515426963796391,2.5,0-10 mm
NT5,rh,ifrms,0.0,2.5,0-10 mm
NT5,rh,mcgs,0.0,2.5,0-10 mm
NT5,rh,pos,0.0,2.5,0-10 mm
NT5,rh,prculs-d,0.006958565397450138,2.5,0-10 mm
NT5,rh,prcus-a,0.15135631295113972,2.5,0-10 mm
NT5,rh,prcus-i,0.3675281262353721,2.5,0-10 mm
NT5,rh,prcus-p,0.023804806919734904,2.5,0-10 mm
NT5,rh,sbps,0.010904058909561889,2.5,0-10 mm
NT6,lh,ifrms,0.0,2.5,0-10 mm
NT6,lh,mcgs,0.0,2.5,0-10 mm
NT6,lh,pos,0.0,2.5,0-10 mm
NT6,lh,prculs-d,0.0,2.5,0-10 mm
NT6,lh,prcus-a,0.0,2.5,0-10 mm
NT6,lh,prcus-i,0.003553848970529212,2.5,0-10 mm
NT6,lh,prcus-p,0.14669266729240063,2.5,0-10 mm
NT6,lh,sbps,0.0951873771400123,2.5,0-10 mm
NT6,rh,ifrms,0.0,2.5,0-10 mm
NT6,rh,mcgs,0.0,2.5,0-10 mm
NT6,rh,pos,0.0,2.5,0-10 mm
NT6,rh,prculs-d,0.15049337330474852,2.5,0-10 mm
NT6,rh,prcus-a,0.0,2.5,0-10 mm
NT6,rh,prcus-i,0.015666894521659536,2.5,0-10 mm
NT6,rh,prcus-p,0.24705396708623803,2.5,0-10 mm
NT6,rh,sbps,0.0,2.5,0-10 mm
NT7,lh,ifrms,0.0,2.5,0-10 mm
NT7,lh,mcgs,0.0,2.5,0-10 mm
NT7,lh,pos,0.0,2.5,0-10 mm
NT7,lh,prculs-d,0.041976671143475155,2.5,0-10 mm
NT7,lh,prcus-a,0.0,2.5,0-10 mm
NT7,lh,prcus-i,0.0,2.5,0-10 mm
NT7,lh,prcus-p,0.16499712322070245,2.5,0-10 mm
NT7,lh,sbps,0.0,2.5,0-10 mm
NT7,rh,ifrms,0.0,2.5,0-10 mm
NT7,rh,mcgs,0.0,2.5,0-10 mm
NT7,rh,pos,0.019707694249574963,2.5,0-10 mm
NT7,rh,prculs-d,0.0,2.5,0-10 mm
NT7,rh,prcus-a,0.0,2.5,0-10 mm
NT7,rh,prcus-i,0.0,2.5,0-10 mm
NT7,rh,prcus-p,0.0,2.5,0-10 mm
NT7,rh,sbps,0.06650410411257623,2.5,0-10 mm
NT8,lh,ifrms,0.0,2.5,0-10 mm
NT8,lh,mcgs,0.0,2.5,0-10 mm
NT8,lh,pos,0.0,2.5,0-10 mm
NT8,lh,prculs-d,0.0,2.5,0-10 mm
NT8,lh,prcus-a,0.000273043422067775,2.5,0-10 mm
NT8,lh,prcus-i,0.05375684791015338,2.5,0-10 mm
NT8,lh,prcus-p,0.29866007957523355,2.5,0-10 mm
NT8,lh,sbps,0.03623881844986994,2.5,0-10 mm
NT8,rh,ifrms,0.0,2.5,0-10 mm
NT8,rh,mcgs,0.0,2.5,0-10 mm
NT8,rh,pos,0.0,2.5,0-10 mm
NT8,rh,prculs-d,0.0,2.5,0-10 mm
NT8,rh,prcus-a,0.0,2.5,0-10 mm
NT8,rh,prcus-i,0.177084007184828,2.5,0-10 mm
NT8,rh,prcus-p,0.324896785246275,2.5,0-10 mm
NT8,rh,sbps,0.04359853858169567,2.5,0-10 mm
NT9,lh,ifrms,0.0,2.5,0-10 mm
NT9,lh,mcgs,0.0,2.5,0-10 mm
NT9,lh,pos,9.40809152961875e-05,2.5,0-10 mm
NT9,lh,prculs-d,0.017005602082020548,2.5,0-10 mm
NT9,lh,prcus-a,0.007993584739473437,2.5,0-10 mm
NT9,lh,prcus-i,0.32020581325964315,2.5,0-10 mm
NT9,lh,prcus-p,0.11856203271633445,2.5,0-10 mm
NT9,lh,sbps,0.006155558766450587,2.5,0-10 mm
NT9,rh,ifrms,0.0,2.5,0-10 mm
NT9,rh,mcgs,0.0,2.5,0-10 mm
NT9,rh,pos,0.0035438744876500746,2.5,0-10 mm
NT9,rh,prculs-d,0.0,2.5,0-10 mm
NT9,rh,prcus-a,0.0,2.5,0-10 mm
NT9,rh,prcus-i,0.0,2.5,0-10 mm
NT9,rh,prcus-p,0.0,2.5,0-10 mm
NT9,rh,sbps,0.03267113472818295,2.5,0-10 mm
DP10,lh,ifrms,0.0,10.0,0 mm
DP10,lh,mcgs,0.0,10.0,0 mm
DP10,lh,pos,0.0,10.0,0 mm
DP10,lh,prculs-d,0.0,10.0,0 mm
DP10,lh,prcus-a,0.0,10.0,0 mm
DP10,lh,prcus-i,0.2140464570450294,10.0,0 mm
DP10,lh,prcus-p,0.2287710651904858,10.0,0 mm
DP10,lh,sbps,0.3425345378575493,10.0,0 mm
DP10,rh,ifrms,0.0,10.0,0 mm
DP10,rh,mcgs,0.0,10.0,0 mm
DP10,rh,pos,0.3315990410776082,10.0,0 mm
DP10,rh,prculs-d,0.2256541911863258,10.0,0 mm
DP10,rh,prcus-a,0.0,10.0,0 mm
DP10,rh,prcus-i,0.0,10.0,0 mm
DP10,rh,prcus-p,0.0,10.0,0 mm
DP10,rh,sbps,0.0,10.0,0 mm
DP11,lh,ifrms,0.0,10.0,0 mm
DP11,lh,mcgs,0.0,10.0,0 mm
DP11,lh,pos,0.0635782059479384,10.0,0 mm
DP11,lh,prculs-d,0.0,10.0,0 mm
DP11,lh,prcus-a,0.0164880687494028,10.0,0 mm
DP11,lh,prcus-i,0.0725197965034639,10.0,0 mm
DP11,lh,prcus-p,0.2633285021093946,10.0,0 mm
DP11,lh,sbps,0.1139835061406223,10.0,0 mm
DP11,rh,ifrms,0.0,10.0,0 mm
DP11,rh,mcgs,0.0,10.0,0 mm
DP11,rh,pos,0.0,10.0,0 mm
DP11,rh,prculs-d,0.1110862755678039,10.0,0 mm
DP11,rh,prcus-a,0.0,10.0,0 mm
DP11,rh,prcus-i,0.0,10.0,0 mm
DP11,rh,prcus-p,0.1468940339586649,10.0,0 mm
DP11,rh,sbps,0.322470284548051,10.0,0 mm
DP12,lh,ifrms,0.0,10.0,0 mm
DP12,lh,mcgs,0.0,10.0,0 mm
DP12,lh,pos,0.0,10.0,0 mm
DP12,lh,prculs-d,0.0059040192850099,10.0,0 mm
DP12,lh,prcus-a,0.0,10.0,0 mm
DP12,lh,prcus-i,0.0683939981063263,10.0,0 mm
DP12,lh,prcus-p,0.4393906262946523,10.0,0 mm
DP12,lh,sbps,0.1084800367766573,10.0,0 mm
DP12,rh,ifrms,0.0,10.0,0 mm
DP12,rh,mcgs,0.0,10.0,0 mm
DP12,rh,pos,0.0,10.0,0 mm
DP12,rh,prculs-d,0.0,10.0,0 mm
DP12,rh,prcus-a,0.0,10.0,0 mm
DP12,rh,prcus-i,0.0213977428081929,10.0,0 mm
DP12,rh,prcus-p,0.3612531052413658,10.0,0 mm
DP12,rh,sbps,0.0343794131050932,10.0,0 mm
DP13,lh,ifrms,0.0,10.0,0 mm
DP13,lh,mcgs,0.0,10.0,0 mm
DP13,lh,pos,0.0,10.0,0 mm
DP13,lh,prculs-d,0.0,10.0,0 mm
DP13,lh,prcus-a,0.0,10.0,0 mm
DP13,lh,prcus-i,0.0,10.0,0 mm
DP13,lh,prcus-p,0.235327296880755,10.0,0 mm
DP13,lh,sbps,0.2804235538800328,10.0,0 mm
DP13,rh,ifrms,0.0,10.0,0 mm
DP13,rh,mcgs,0.0,10.0,0 mm
DP13,rh,pos,0.0010996062474229,10.0,0 mm
DP13,rh,prculs-d,0.1951074509446401,10.0,0 mm
DP13,rh,prcus-a,0.0,10.0,0 mm
DP13,rh,prcus-i,0.0,10.0,0 mm
DP13,rh,prcus-p,0.2905089404130689,10.0,0 mm
DP13,rh,sbps,0.10514810130425,10.0,0 mm
DP14,lh,ifrms,0.0,10.0,0 mm
DP14,lh,mcgs,0.0,10.0,0 mm
DP14,lh,pos,0.0009576773055143,10.0,0 mm
DP14,lh,prculs-d,0.435123193285173,10.0,0 mm
DP14,lh,prcus-a,0.0,10.0,0 mm
DP14,lh,prcus-i,0.0,10.0,0 mm
DP14,lh,prcus-p,0.1870893560412623,10.0,0 mm
DP14,lh,sbps,0.0534407257951143,10.0,0 mm
DP14,rh,ifrms,0.0,10.0,0 mm
DP14,rh,mcgs,0.0,10.0,0 mm
DP14,rh,pos,0.0,10.0,0 mm
DP14,rh,prculs-d,0.0285537685384128,10.0,0 mm
DP14,rh,prcus-a,0.0,10.0,0 mm
DP14,rh,prcus-i,0.0,10.0,0 mm
DP14,rh,prcus-p,0.0757929153720965,10.0,0 mm
DP14,rh,sbps,0.2239983426500629,10.0,0 mm
DP15,lh,ifrms,0.0,10.0,0 mm
DP15,lh,mcgs,0.0,10.0,0 mm
DP15,lh,pos,0.0,10.0,0 mm
DP15,lh,prculs-d,0.0,10.0,0 mm
DP15,lh,prcus-a,0.2655922260815697,10.0,0 mm
DP15,lh,prcus-i,0.0143460460115386,10.0,0 mm
DP15,lh,prcus-p,0.0,10.0,0 mm
DP15,lh,sbps,0.3419689972886444,10.0,0 mm
DP15,rh,ifrms,0.0,10.0,0 mm
DP15,rh,mcgs,0.0,10.0,0 mm
DP15,rh,pos,0.0,10.0,0 mm
DP15,rh,prculs-d,0.3606377231938919,10.0,0 mm
DP15,rh,prcus-a,0.0,10.0,0 mm
DP15,rh,prcus-i,0.0,10.0,0 mm
DP15,rh,prcus-p,0.0341963846429151,10.0,0 mm
DP15,rh,sbps,0.3159620081618826,10.0,0 mm
DP16,lh,ifrms,0.0,10.0,0 mm
DP16,lh,mcgs,0.0,10.0,0 mm
DP16,lh,pos,0.0277546880363824,10.0,0 mm
DP16,lh,prculs-d,0.0,10.0,0 mm
DP16,lh,prcus-a,0.0,10.0,0 mm
DP16,lh,prcus-i,0.0434574217968011,10.0,0 mm
DP16,lh,prcus-p,0.274004360665366,10.0,0 mm
DP16,lh,sbps,0.0,10.0,0 mm
DP16,rh,ifrms,0.0,10.0,0 mm
DP16,rh,mcgs,0.0,10.0,0 mm
DP16,rh,pos,0.0149526441263025,10.0,0 mm
DP16,rh,prculs-d,0.0089327334846284,10.0,0 mm
DP16,rh,prcus-a,0.0,10.0,0 mm
DP16,rh,prcus-i,0.0159828789391733,10.0,0 mm
DP16,rh,prcus-p,0.3186561597192677,10.0,0 mm
DP16,rh,sbps,0.0,10.0,0 mm
DP17,lh,ifrms,0.0,10.0,0 mm
DP17,lh,mcgs,0.0,10.0,0 mm
DP17,lh,pos,0.0379220927852971,10.0,0 mm
DP17,lh,prculs-d,0.0,10.0,0 mm
DP17,lh,prcus-a,0.0,10.0,0 mm
DP17,lh,prcus-i,0.13290644187199,10.0,0 mm
DP17,lh,prcus-p,0.0,10.0,0 mm
DP17,lh,sbps,0.3218991950847932,10.0,0 mm
DP17,rh,ifrms,0.0,10.0,0 mm
DP17,rh,mcgs,0.0,10.0,0 mm
DP17,rh,pos,0.0,10.0,0 mm
DP17,rh,prculs-d,0.3992074952590337,10.0,0 mm
DP17,rh,prcus-a,0.0,10.0,0 mm
DP17,rh,prcus-i,0.192955700108351,10.0,0 mm
DP17,rh,prcus-p,0.0815901191482313,10.0,0 mm
DP17,rh,sbps,0.0,10.0,0 mm
DP18,lh,ifrms,0.0,10.0,0 mm
DP18,lh,mcgs,0.0,10.0,0 mm
DP18,lh,pos,0.0,10.0,0 mm
DP18,lh,prculs-d,0.0,10.0,0 mm
DP18,lh,prcus-a,0.5643598197397603,10.0,0 mm
DP18,lh,prcus-i,0.082304181309959,10.0,0 mm
DP18,lh,prcus-p,0.0,10.0,0 mm
DP18,lh,sbps,0.2300201278366835,10.0,0 mm
DP18,rh,ifrms,0.0,10.0,0 mm
DP18,rh,mcgs,0.0,10.0,0 mm
DP18,rh,pos,0.0087007830774744,10.0,0 mm
DP18,rh,prculs-d,0.0801055263110134,10.0,0 mm
DP18,rh,prcus-a,0.108370730166528,10.0,0 mm
DP18,rh,prcus-i,0.0,10.0,0 mm
DP18,rh,prcus-p,0.4436084875372835,10.0,0 mm
DP18,rh,sbps,0.1350899251992041,10.0,0 mm
DP19,lh,ifrms,0.0,10.0,0 mm
DP19,lh,mcgs,0.0,10.0,0 mm
DP19,lh,pos,0.0,10.0,0 mm
DP19,lh,prculs-d,0.0,10.0,0 mm
DP19,lh,prcus-a,0.0,10.0,0 mm
DP19,lh,prcus-i,0.0,10.0,0 mm
DP19,lh,prcus-p,0.1490584018358596,10.0,0 mm
DP19,lh,sbps,0.3035390032346874,10.0,0 mm
DP19,rh,ifrms,0.0,10.0,0 mm
DP19,rh,mcgs,0.0,10.0,0 mm
DP19,rh,pos,0.0,10.0,0 mm
DP19,rh,prculs-d,0.1391020308562557,10.0,0 mm
DP19,rh,prcus-a,0.0,10.0,0 mm
DP19,rh,prcus-i,0.0,10.0,0 mm
DP19,rh,prcus-p,0.1808341594220927,10.0,0 mm
DP19,rh,sbps,0.2351546572937667,10.0,0 mm
DP2,lh,ifrms,0.0,10.0,0 mm
DP2,lh,mcgs,0.0,10.0,0 mm
DP2,lh,pos,0.0,10.0,0 mm
DP2,lh,prculs-d,0.1669049788144626,10.0,0 mm
DP2,lh,prcus-a,0.0,10.0,0 mm
DP2,lh,prcus-i,0.0,10.0,0 mm
DP2,lh,prcus-p,0.136106321456179,10.0,0 mm
DP2,lh,sbps,0.0,10.0,0 mm
DP2,rh,ifrms,0.0,10.0,0 mm
DP2,rh,mcgs,0.0,10.0,0 mm
DP2,rh,pos,0.0,10.0,0 mm
DP2,rh,prculs-d,0.4366899610267266,10.0,0 mm
DP2,rh,prcus-a,0.0,10.0,0 mm
DP2,rh,prcus-i,0.0,10.0,0 mm
DP2,rh,prcus-p,0.2747518763774459,10.0,0 mm
DP2,rh,sbps,0.0,10.0,0 mm
DP20,lh,ifrms,0.0,10.0,0 mm
DP20,lh,mcgs,0.0,10.0,0 mm
DP20,lh,pos,0.1380911656401169,10.0,0 mm
DP20,lh,prculs-d,0.0,10.0,0 mm
DP20,lh,prcus-a,0.0,10.0,0 mm
DP20,lh,prcus-i,0.0,10.0,0 mm
DP20,lh,prcus-p,0.5069051908827445,10.0,0 mm
DP20,lh,sbps,0.0777201760411431,10.0,0 mm
DP20,rh,ifrms,0.0,10.0,0 mm
DP20,rh,mcgs,0.0,10.0,0 mm
DP20,rh,pos,0.0,10.0,0 mm
DP20,rh,prculs-d,0.0,10.0,0 mm
DP20,rh,prcus-a,0.0,10.0,0 mm
DP20,rh,prcus-i,0.4927716381778145,10.0,0 mm
DP20,rh,prcus-p,0.0267317329716519,10.0,0 mm
DP20,rh,sbps,0.2345606088073994,10.0,0 mm
DP21,lh,ifrms,0.0,10.0,0 mm
DP21,lh,mcgs,0.0,10.0,0 mm
DP21,lh,pos,0.0143197628969143,10.0,0 mm
DP21,lh,prculs-d,0.44688138231758,10.0,0 mm
DP21,lh,prcus-a,0.0,10.0,0 mm
DP21,lh,prcus-i,0.0,10.0,0 mm
DP21,lh,prcus-p,0.1139252491421776,10.0,0 mm
DP21,lh,sbps,0.0,10.0,0 mm
DP21,rh,ifrms,0.0,10.0,0 mm
DP21,rh,mcgs,0.0,10.0,0 mm
DP21,rh,pos,0.0,10.0,0 mm
DP21,rh,prculs-d,0.6685469948437279,10.0,0 mm
DP21,rh,prcus-a,0.0,10.0,0 mm
DP21,rh,prcus-i,0.0,10.0,0 mm
DP21,rh,prcus-p,0.0,10.0,0 mm
DP21,rh,sbps,0.0,10.0,0 mm
DP22,lh,ifrms,0.0,10.0,0 mm
DP22,lh,mcgs,0.0,10.0,0 mm
DP22,lh,pos,0.0,10.0,0 mm
DP22,lh,prculs-d,0.0,10.0,0 mm
DP22,lh,prcus-a,0.0,10.0,0 mm
DP22,lh,prcus-i,0.3717492636126947,10.0,0 mm
DP22,lh,prcus-p,0.045671616416625,10.0,0 mm
DP22,lh,sbps,0.0,10.0,0 mm
DP22,rh,ifrms,0.0,10.0,0 mm
DP22,rh,mcgs,0.0,10.0,0 mm
DP22,rh,pos,0.0,10.0,0 mm
DP22,rh,prculs-d,0.0093215120306002,10.0,0 mm
DP22,rh,prcus-a,0.0,10.0,0 mm
DP22,rh,prcus-i,0.0,10.0,0 mm
DP22,rh,prcus-p,0.0531786846008875,10.0,0 mm
DP22,rh,sbps,0.2859724954305639,10.0,0 mm
DP23,lh,ifrms,0.0,10.0,0 mm
DP23,lh,mcgs,0.0,10.0,0 mm
DP23,lh,pos,0.0,10.0,0 mm
DP23,lh,prculs-d,0.0,10.0,0 mm
DP23,lh,prcus-a,0.0680113802707643,10.0,0 mm
DP23,lh,prcus-i,0.3229631702925034,10.0,0 mm
DP23,lh,prcus-p,0.0899988444487239,10.0,0 mm
DP23,lh,sbps,0.2311026400622907,10.0,0 mm
DP23,rh,ifrms,0.0,10.0,0 mm
DP23,rh,mcgs,0.0,10.0,0 mm
DP23,rh,pos,0.0,10.0,0 mm
DP23,rh,prculs-d,0.1043076265540726,10.0,0 mm
DP23,rh,prcus-a,0.0,10.0,0 mm
DP23,rh,prcus-i,0.1123179980620539,10.0,0 mm
DP23,rh,prcus-p,0.3269273030278249,10.0,0 mm
DP23,rh,sbps,0.0,10.0,0 mm
DP24,lh,ifrms,0.0,10.0,0 mm
DP24,lh,mcgs,0.0,10.0,0 mm
DP24,lh,pos,0.0330538631787434,10.0,0 mm
DP24,lh,prculs-d,0.4107809235568194,10.0,0 mm
DP24,lh,prcus-a,0.0,10.0,0 mm
DP24,lh,prcus-i,0.0,10.0,0 mm
DP24,lh,prcus-p,0.4801197855544589,10.0,0 mm
DP24,lh,sbps,0.0,10.0,0 mm
DP24,rh,ifrms,0.0,10.0,0 mm
DP24,rh,mcgs,0.0,10.0,0 mm
DP24,rh,pos,0.0,10.0,0 mm
DP24,rh,prculs-d,0.4866999011564759,10.0,0 mm
DP24,rh,prcus-a,0.0,10.0,0 mm
DP24,rh,prcus-i,0.0,10.0,0 mm
DP24,rh,prcus-p,0.3594267296094379,10.0,0 mm
DP24,rh,sbps,0.0,10.0,0 mm
DP3,lh,ifrms,0.0,10.0,0 mm
DP3,lh,mcgs,0.0,10.0,0 mm
DP3,lh,pos,0.0025677849936345,10.0,0 mm
DP3,lh,prculs-d,0.0,10.0,0 mm
DP3,lh,prcus-a,0.0741623269975215,10.0,0 mm
DP3,lh,prcus-i,0.0809399403507082,10.0,0 mm
DP3,lh,prcus-p,0.315614162438445,10.0,0 mm
DP3,lh,sbps,0.1568714922202662,10.0,0 mm
DP3,rh,ifrms,0.0,10.0,0 mm
DP3,rh,mcgs,0.0,10.0,0 mm
DP3,rh,pos,0.0,10.0,0 mm
DP3,rh,prculs-d,0.0,10.0,0 mm
DP3,rh,prcus-a,0.0,10.0,0 mm
DP3,rh,prcus-i,0.0358976398399058,10.0,0 mm
DP3,rh,prcus-p,0.5887357507273242,10.0,0 mm
DP3,rh,sbps,0.0019321229788412,10.0,0 mm
DP4,lh,ifrms,0.0,10.0,0 mm
DP4,lh,mcgs,0.0,10.0,0 mm
DP4,lh,pos,0.0,10.0,0 mm
DP4,lh,prculs-d,0.0,10.0,0 mm
DP4,lh,prcus-a,0.0,10.0,0 mm
DP4,lh,prcus-i,0.0,10.0,0 mm
DP4,lh,prcus-p,0.4032075359245131,10.0,0 mm
DP4,lh,sbps,0.0,10.0,0 mm
DP4,rh,ifrms,0.0,10.0,0 mm
DP4,rh,mcgs,0.0,10.0,0 mm
DP4,rh,pos,0.0,10.0,0 mm
DP4,rh,prculs-d,0.0676762687675972,10.0,0 mm
DP4,rh,prcus-a,0.0,10.0,0 mm
DP4,rh,prcus-i,0.0,10.0,0 mm
DP4,rh,prcus-p,0.4936448152987562,10.0,0 mm
DP4,rh,sbps,0.0,10.0,0 mm
DP5,lh,ifrms,0.0,10.0,0 mm
DP5,lh,mcgs,0.0,10.0,0 mm
DP5,lh,pos,0.0,10.0,0 mm
DP5,lh,prculs-d,0.0,10.0,0 mm
DP5,lh,prcus-a,0.2826497125101346,10.0,0 mm
DP5,lh,prcus-i,0.1698370801226428,10.0,0 mm
DP5,lh,prcus-p,0.0332874703788693,10.0,0 mm
DP5,lh,sbps,0.3122069895535426,10.0,0 mm
DP5,rh,ifrms,0.0,10.0,0 mm
DP5,rh,mcgs,0.0,10.0,0 mm
DP5,rh,pos,0.0,10.0,0 mm
DP5,rh,prculs-d,0.0,10.0,0 mm
DP5,rh,prcus-a,0.0,10.0,0 mm
DP5,rh,prcus-i,0.0,10.0,0 mm
DP5,rh,prcus-p,0.5189854518463681,10.0,0 mm
DP5,rh,sbps,0.0,10.0,0 mm
DP7,lh,ifrms,0.0,10.0,0 mm
DP7,lh,mcgs,0.0,10.0,0 mm
DP7,lh,pos,0.0,10.0,0 mm
DP7,lh,prculs-d,0.0,10.0,0 mm
DP7,lh,prcus-a,0.0,10.0,0 mm
DP7,lh,prcus-i,0.2932508883347927,10.0,0 mm
DP7,lh,prcus-p,0.0720838333506513,10.0,0 mm
DP7,lh,sbps,0.4286474816592466,10.0,0 mm
DP7,rh,ifrms,0.0,10.0,0 mm
DP7,rh,mcgs,0.0,10.0,0 mm
DP7,rh,pos,0.012761672002389,10.0,0 mm
DP7,rh,prculs-d,0.0,10.0,0 mm
DP7,rh,prcus-a,0.0,10.0,0 mm
DP7,rh,prcus-i,0.0,10.0,0 mm
DP7,rh,prcus-p,0.3890212078925121,10.0,0 mm
DP7,rh,sbps,0.0,10.0,0 mm
DP8,lh,ifrms,0.0,10.0,0 mm
DP8,lh,mcgs,0.0,10.0,0 mm
DP8,lh,pos,0.0,10.0,0 mm
DP8,lh,prculs-d,0.0,10.0,0 mm
DP8,lh,prcus-a,0.5484325459985894,10.0,0 mm
DP8,lh,prcus-i,0.0,10.0,0 mm
DP8,lh,prcus-p,0.0,10.0,0 mm
DP8,lh,sbps,0.1271466540467605,10.0,0 mm
DP8,rh,ifrms,0.0,10.0,0 mm
DP8,rh,mcgs,0.0,10.0,0 mm
DP8,rh,pos,0.0,10.0,0 mm
DP8,rh,prculs-d,0.0,10.0,0 mm
DP8,rh,prcus-a,0.2870654961737647,10.0,0 mm
DP8,rh,prcus-i,0.2715507376318022,10.0,0 mm
DP8,rh,prcus-p,0.0067644552510159,10.0,0 mm
DP8,rh,sbps,0.1132453882424213,10.0,0 mm
DP9,lh,ifrms,0.0,10.0,0 mm
DP9,lh,mcgs,0.0,10.0,0 mm
DP9,lh,pos,0.0,10.0,0 mm
DP9,lh,prculs-d,0.0,10.0,0 mm
DP9,lh,prcus-a,0.0,10.0,0 mm
DP9,lh,prcus-i,0.0275072371960545,10.0,0 mm
DP9,lh,prcus-p,0.1904876524175844,10.0,0 mm
DP9,lh,sbps,0.4700981587640972,10.0,0 mm
DP9,rh,ifrms,0.0,10.0,0 mm
DP9,rh,mcgs,0.0,10.0,0 mm
DP9,rh,pos,0.0277685038416442,10.0,0 mm
DP9,rh,prculs-d,0.0,10.0,0 mm
DP9,rh,prcus-a,0.0,10.0,0 mm
DP9,rh,prcus-i,0.0,10.0,0 mm
DP9,rh,prcus-p,0.137029098399627,10.0,0 mm
DP9,rh,sbps,0.2178777191743174,10.0,0 mm
NT1,lh,ifrms,0.0,10.0,0 mm
NT1,lh,mcgs,0.0,10.0,0 mm
NT1,lh,pos,0.0,10.0,0 mm
NT1,lh,prculs-d,0.0,10.0,0 mm
NT1,lh,prcus-a,0.1177491110961868,10.0,0 mm
NT1,lh,prcus-i,0.6884894602030743,10.0,0 mm
NT1,lh,prcus-p,0.0,10.0,0 mm
NT1,lh,sbps,0.0305013178094392,10.0,0 mm
NT1,rh,ifrms,0.0,10.0,0 mm
NT1,rh,mcgs,0.0,10.0,0 mm
NT1,rh,pos,0.0,10.0,0 mm
NT1,rh,prculs-d,0.0585074271380519,10.0,0 mm
NT1,rh,prcus-a,0.0,10.0,0 mm
NT1,rh,prcus-i,0.0,10.0,0 mm
NT1,rh,prcus-p,0.1915325080613887,10.0,0 mm
NT1,rh,sbps,0.083919891829001,10.0,0 mm
NT10,lh,ifrms,0.0,10.0,0 mm
NT10,lh,mcgs,0.0,10.0,0 mm
NT10,lh,pos,0.0,10.0,0 mm
NT10,lh,prculs-d,0.0247749865796736,10.0,0 mm
NT10,lh,prcus-a,0.0,10.0,0 mm
NT10,lh,prcus-i,0.006335364466774,10.0,0 mm
NT10,lh,prcus-p,0.1844834834129185,10.0,0 mm
NT10,lh,sbps,0.2519963326767487,10.0,0 mm
NT10,rh,ifrms,0.0,10.0,0 mm
NT10,rh,mcgs,0.0,10.0,0 mm
NT10,rh,pos,0.0,10.0,0 mm
NT10,rh,prculs-d,0.2100240343256818,10.0,0 mm
NT10,rh,prcus-a,0.0,10.0,0 mm
NT10,rh,prcus-i,0.0,10.0,0 mm
NT10,rh,prcus-p,0.0,10.0,0 mm
NT10,rh,sbps,0.0,10.0,0 mm
NT11,lh,ifrms,0.0,10.0,0 mm
NT11,lh,mcgs,0.0,10.0,0 mm
NT11,lh,pos,0.0,10.0,0 mm
NT11,lh,prculs-d,0.0900099634868637,10.0,0 mm
NT11,lh,prcus-a,0.0,10.0,0 mm
NT11,lh,prcus-i,0.0,10.0,0 mm
NT11,lh,prcus-p,0.3875493064405836,10.0,0 mm
NT11,lh,sbps,0.2133591308832664,10.0,0 mm
NT11,rh,ifrms,0.0,10.0,0 mm
NT11,rh,mcgs,0.0,10.0,0 mm
NT11,rh,pos,0.0479091147844585,10.0,0 mm
NT11,rh,prculs-d,0.2583448703601587,10.0,0 mm
NT11,rh,prcus-a,0.0,10.0,0 mm
NT11,rh,prcus-i,0.0,10.0,0 mm
NT11,rh,prcus-p,0.0926334922494109,10.0,0 mm
NT11,rh,sbps,0.2230284377122738,10.0,0 mm
NT12,lh,ifrms,0.0,10.0,0 mm
NT12,lh,mcgs,0.0,10.0,0 mm
NT12,lh,pos,0.0,10.0,0 mm
NT12,lh,prculs-d,0.4734053691975197,10.0,0 mm
NT12,lh,prcus-a,0.0,10.0,0 mm
NT12,lh,prcus-i,0.0,10.0,0 mm
NT12,lh,prcus-p,0.0161241249014244,10.0,0 mm
NT12,lh,sbps,0.0,10.0,0 mm
NT12,rh,ifrms,0.0,10.0,0 mm
NT12,rh,mcgs,0.0,10.0,0 mm
NT12,rh,pos,0.0006024562408004,10.0,0 mm
NT12,rh,prculs-d,0.8429035154403359,10.0,0 mm
NT12,rh,prcus-a,0.0,10.0,0 mm
NT12,rh,prcus-i,0.0,10.0,0 mm
NT12,rh,prcus-p,0.0,10.0,0 mm
NT12,rh,sbps,0.0,10.0,0 mm
NT13,lh,ifrms,0.0,10.0,0 mm
NT13,lh,mcgs,0.0,10.0,0 mm
NT13,lh,pos,0.0,10.0,0 mm
NT13,lh,prculs-d,0.0328726295769227,10.0,0 mm
NT13,lh,prcus-a,0.0,10.0,0 mm
NT13,lh,prcus-i,0.0,10.0,0 mm
NT13,lh,prcus-p,0.5625367777181884,10.0,0 mm
NT13,lh,sbps,0.0,10.0,0 mm
NT13,rh,ifrms,0.0,10.0,0 mm
NT13,rh,mcgs,0.0,10.0,0 mm
NT13,rh,pos,0.0,10.0,0 mm
NT13,rh,prculs-d,0.0,10.0,0 mm
NT13,rh,prcus-a,0.0,10.0,0 mm
NT13,rh,prcus-i,0.0079976550212797,10.0,0 mm
NT13,rh,prcus-p,0.0299642137462073,10.0,0 mm
NT13,rh,sbps,0.4290498486563396,10.0,0 mm
NT14,lh,ifrms,0.0,10.0,0 mm
NT14,lh,mcgs,0.0,10.0,0 mm
NT14,lh,pos,0.0,10.0,0 mm
NT14,lh,prculs-d,0.0165813661031843,10.0,0 mm
NT14,lh,prcus-a,0.0,10.0,0 mm
NT14,lh,prcus-i,0.1392205284634659,10.0,0 mm
NT14,lh,prcus-p,0.5147474965908524,10.0,0 mm
NT14,lh,sbps,0.0,10.0,0 mm
NT14,rh,ifrms,0.0,10.0,0 mm
NT14,rh,mcgs,0.0245298395083354,10.0,0 mm
NT14,rh,pos,0.0,10.0,0 mm
NT14,rh,prculs-d,0.0,10.0,0 mm
NT14,rh,prcus-a,0.0,10.0,0 mm
NT14,rh,prcus-i,0.0915381088093358,10.0,0 mm
NT14,rh,prcus-p,0.0,10.0,0 mm
NT14,rh,sbps,0.0,10.0,0 mm
NT15,lh,ifrms,0.0,10.0,0 mm
NT15,lh,mcgs,0.0,10.0,0 mm
NT15,lh,pos,0.0,10.0,0 mm
NT15,lh,prculs-d,0.0,10.0,0 mm
NT15,lh,prcus-a,0.0,10.0,0 mm
NT15,lh,prcus-i,0.0185392717220235,10.0,0 mm
NT15,lh,prcus-p,0.0249436365903286,10.0,0 mm
NT15,lh,sbps,0.5826076077934371,10.0,0 mm
NT15,rh,ifrms,0.0,10.0,0 mm
NT15,rh,mcgs,0.0,10.0,0 mm
NT15,rh,pos,0.0427974723800169,10.0,0 mm
NT15,rh,prculs-d,0.0,10.0,0 mm
NT15,rh,prcus-a,0.0,10.0,0 mm
NT15,rh,prcus-i,0.0381874392354018,10.0,0 mm
NT15,rh,prcus-p,0.2369456285465017,10.0,0 mm
NT15,rh,sbps,0.3288036862341562,10.0,0 mm
NT16,lh,ifrms,0.0,10.0,0 mm
NT16,lh,mcgs,0.0,10.0,0 mm
NT16,lh,pos,0.0,10.0,0 mm
NT16,lh,prculs-d,0.0,10.0,0 mm
NT16,lh,prcus-a,0.0,10.0,0 mm
NT16,lh,prcus-i,0.4277522723637404,10.0,0 mm
NT16,lh,prcus-p,0.2278502010741195,10.0,0 mm
NT16,lh,sbps,0.0,10.0,0 mm
NT16,rh,ifrms,0.0,10.0,0 mm
NT16,rh,mcgs,0.0,10.0,0 mm
NT16,rh,pos,0.0,10.0,0 mm
NT16,rh,prculs-d,0.0,10.0,0 mm
NT16,rh,prcus-a,0.0040718148893415,10.0,0 mm
NT16,rh,prcus-i,0.5455116416007904,10.0,0 mm
NT16,rh,prcus-p,0.0194086989733208,10.0,0 mm
NT16,rh,sbps,0.0057622555373897,10.0,0 mm
NT17,lh,ifrms,0.0,10.0,0 mm
NT17,lh,mcgs,0.0,10.0,0 mm
NT17,lh,pos,0.0,10.0,0 mm
NT17,lh,prculs-d,0.0,10.0,0 mm
NT17,lh,prcus-a,0.0426186214740901,10.0,0 mm
NT17,lh,prcus-i,0.0989486665340275,10.0,0 mm
NT17,lh,prcus-p,0.2392633942786014,10.0,0 mm
NT17,lh,sbps,0.241116318337059,10.0,0 mm
NT17,rh,ifrms,0.0,10.0,0 mm
NT17,rh,mcgs,0.0,10.0,0 mm
NT17,rh,pos,0.0871443649313375,10.0,0 mm
NT17,rh,prculs-d,0.0,10.0,0 mm
NT17,rh,prcus-a,0.0,10.0,0 mm
NT17,rh,prcus-i,0.0,10.0,0 mm
NT17,rh,prcus-p,0.0,10.0,0 mm
NT17,rh,sbps,0.0,10.0,0 mm
NT18,lh,ifrms,0.0,10.0,0 mm
NT18,lh,mcgs,0.0,10.0,0 mm
NT18,lh,pos,0.0,10.0,0 mm
NT18,lh,prculs-d,0.1214638872863269,10.0,0 mm
NT18,lh,prcus-a,0.0,10.0,0 mm
NT18,lh,prcus-i,0.0,10.0,0 mm
NT18,lh,prcus-p,0.1572337231657639,10.0,0 mm
NT18,lh,sbps,0.2046710608264276,10.0,0 mm
NT18,rh,ifrms,0.0,10.0,0 mm
NT18,rh,mcgs,0.0,10.0,0 mm
NT18,rh,pos,0.0083220630401034,10.0,0 mm
NT18,rh,prculs-d,0.2775240682821259,10.0,0 mm
NT18,rh,prcus-a,0.0,10.0,0 mm
NT18,rh,prcus-i,0.0,10.0,0 mm
NT18,rh,prcus-p,0.1708929870760772,10.0,0 mm
NT18,rh,sbps,0.0361898377431704,10.0,0 mm
NT19,lh,ifrms,0.0,10.0,0 mm
NT19,lh,mcgs,0.0,10.0,0 mm
NT19,lh,pos,0.0,10.0,0 mm
NT19,lh,prculs-d,0.0043469881678791,10.0,0 mm
NT19,lh,prcus-a,0.0,10.0,0 mm
NT19,lh,prcus-i,0.2491675045770183,10.0,0 mm
NT19,lh,prcus-p,0.3305246096315845,10.0,0 mm
NT19,lh,sbps,0.0,10.0,0 mm
NT19,rh,ifrms,0.0,10.0,0 mm
NT19,rh,mcgs,0.0,10.0,0 mm
NT19,rh,pos,0.0,10.0,0 mm
NT19,rh,prculs-d,0.0,10.0,0 mm
NT19,rh,prcus-a,0.0,10.0,0 mm
NT19,rh,prcus-i,0.5139634741144785,10.0,0 mm
NT19,rh,prcus-p,0.0,10.0,0 mm
NT19,rh,sbps,0.0,10.0,0 mm
NT20,lh,ifrms,0.0,10.0,0 mm
NT20,lh,mcgs,0.0,10.0,0 mm
NT20,lh,pos,0.0183907924684018,10.0,0 mm
NT20,lh,prculs-d,0.0617009080988766,10.0,0 mm
NT20,lh,prcus-a,0.0,10.0,0 mm
NT20,lh,prcus-i,0.0563880496044959,10.0,0 mm
NT20,lh,prcus-p,0.3571177513206462,10.0,0 mm
NT20,lh,sbps,0.1796304968929977,10.0,0 mm
NT20,rh,ifrms,0.0,10.0,0 mm
NT20,rh,mcgs,0.1303310686851215,10.0,0 mm
NT20,rh,pos,0.0,10.0,0 mm
NT20,rh,prculs-d,0.0,10.0,0 mm
NT20,rh,prcus-a,0.0,10.0,0 mm
NT20,rh,prcus-i,0.0783613560111337,10.0,0 mm
NT20,rh,prcus-p,0.0,10.0,0 mm
NT20,rh,sbps,0.0,10.0,0 mm
NT21,lh,ifrms,0.0,10.0,0 mm
NT21,lh,mcgs,0.0,10.0,0 mm
NT21,lh,pos,0.0,10.0,0 mm
NT21,lh,prculs-d,0.1339613640434709,10.0,0 mm
NT21,lh,prcus-a,0.0218084364177396,10.0,0 mm
NT21,lh,prcus-i,0.4908375392679443,10.0,0 mm
NT21,lh,prcus-p,0.0095366922900007,10.0,0 mm
NT21,lh,sbps,0.1923393825834428,10.0,0 mm
NT21,rh,ifrms,0.0,10.0,0 mm
NT21,rh,mcgs,0.0,10.0,0 mm
NT21,rh,pos,0.0,10.0,0 mm
NT21,rh,prculs-d,0.0273723381233986,10.0,0 mm
NT21,rh,prcus-a,0.0,10.0,0 mm
NT21,rh,prcus-i,0.0,10.0,0 mm
NT21,rh,prcus-p,0.3084795700503791,10.0,0 mm
NT21,rh,sbps,0.1749428813040497,10.0,0 mm
NT22,lh,ifrms,0.0,10.0,0 mm
NT22,lh,mcgs,0.0,10.0,0 mm
NT22,lh,pos,0.0,10.0,0 mm
NT22,lh,prculs-d,0.0,10.0,0 mm
NT22,lh,prcus-a,0.0619427214873062,10.0,0 mm
NT22,lh,prcus-i,0.4354158200176233,10.0,0 mm
NT22,lh,prcus-p,0.0184930797608301,10.0,0 mm
NT22,lh,sbps,0.2613686951675671,10.0,0 mm
NT22,rh,ifrms,0.0,10.0,0 mm
NT22,rh,mcgs,0.0,10.0,0 mm
NT22,rh,pos,0.0614974153448928,10.0,0 mm
NT22,rh,prculs-d,0.0,10.0,0 mm
NT22,rh,prcus-a,0.0124815521017667,10.0,0 mm
NT22,rh,prcus-i,0.0871223491174562,10.0,0 mm
NT22,rh,prcus-p,0.1999502395244247,10.0,0 mm
NT22,rh,sbps,0.1934300179446704,10.0,0 mm
NT23,lh,ifrms,0.0,10.0,0 mm
NT23,lh,mcgs,0.0,10.0,0 mm
NT23,lh,pos,0.0,10.0,0 mm
NT23,lh,prculs-d,0.0,10.0,0 mm
NT23,lh,prcus-a,0.0,10.0,0 mm
NT23,lh,prcus-i,0.349638520876372,10.0,0 mm
NT23,lh,prcus-p,0.0,10.0,0 mm
NT23,lh,sbps,0.0,10.0,0 mm
NT23,rh,ifrms,0.0,10.0,0 mm
NT23,rh,mcgs,0.0,10.0,0 mm
NT23,rh,pos,0.0,10.0,0 mm
NT23,rh,prculs-d,0.0,10.0,0 mm
NT23,rh,prcus-a,0.0,10.0,0 mm
NT23,rh,prcus-i,0.249419692509246,10.0,0 mm
NT23,rh,prcus-p,0.1007487748461891,10.0,0 mm
NT23,rh,sbps,0.0,10.0,0 mm
NT24,lh,ifrms,0.0,10.0,0 mm
NT24,lh,mcgs,0.0,10.0,0 mm
NT24,lh,pos,0.0,10.0,0 mm
NT24,lh,prculs-d,0.0,10.0,0 mm
NT24,lh,prcus-a,0.0,10.0,0 mm
NT24,lh,prcus-i,0.3322232781944007,10.0,0 mm
NT24,lh,prcus-p,0.0270955161351611,10.0,0 mm
NT24,lh,sbps,0.0,10.0,0 mm
NT24,rh,ifrms,0.0,10.0,0 mm
NT24,rh,mcgs,0.0,10.0,0 mm
NT24,rh,pos,0.0174734576590767,10.0,0 mm
NT24,rh,prculs-d,0.002807966011667,10.0,0 mm
NT24,rh,prcus-a,0.0,10.0,0 mm
NT24,rh,prcus-i,0.0661942042259374,10.0,0 mm
NT24,rh,prcus-p,0.052997585177112,10.0,0 mm
NT24,rh,sbps,0.0338472029709277,10.0,0 mm
NT25,lh,ifrms,0.0,10.0,0 mm
NT25,lh,mcgs,0.0,10.0,0 mm
NT25,lh,pos,0.0323027552913104,10.0,0 mm
NT25,lh,prculs-d,0.6253311771304112,10.0,0 mm
NT25,lh,prcus-a,0.0,10.0,0 mm
NT25,lh,prcus-i,0.0012995512431709,10.0,0 mm
NT25,lh,prcus-p,0.2118471688721275,10.0,0 mm
NT25,lh,sbps,0.0,10.0,0 mm
NT25,rh,ifrms,0.0,10.0,0 mm
NT25,rh,mcgs,0.0,10.0,0 mm
NT25,rh,pos,0.0514819939282344,10.0,0 mm
NT25,rh,prculs-d,0.1162909894188855,10.0,0 mm
NT25,rh,prcus-a,0.0,10.0,0 mm
NT25,rh,prcus-i,0.0,10.0,0 mm
NT25,rh,prcus-p,0.1869783744284689,10.0,0 mm
NT25,rh,sbps,0.0,10.0,0 mm
NT26,lh,ifrms,0.0,10.0,0 mm
NT26,lh,mcgs,0.0,10.0,0 mm
NT26,lh,pos,0.0,10.0,0 mm
NT26,lh,prculs-d,0.0989092826582538,10.0,0 mm
NT26,lh,prcus-a,0.0,10.0,0 mm
NT26,lh,prcus-i,0.1196571007046462,10.0,0 mm
NT26,lh,prcus-p,0.389905246456246,10.0,0 mm
NT26,lh,sbps,0.0,10.0,0 mm
NT26,rh,ifrms,0.0,10.0,0 mm
NT26,rh,mcgs,0.0,10.0,0 mm
NT26,rh,pos,0.0,10.0,0 mm
NT26,rh,prculs-d,0.1000892003111518,10.0,0 mm
NT26,rh,prcus-a,0.0,10.0,0 mm
NT26,rh,prcus-i,0.0,10.0,0 mm
NT26,rh,prcus-p,0.1130963482627046,10.0,0 mm
NT26,rh,sbps,0.0,10.0,0 mm
NT27,lh,ifrms,0.0,10.0,0 mm
NT27,lh,mcgs,0.0,10.0,0 mm
NT27,lh,pos,0.0,10.0,0 mm
NT27,lh,prculs-d,0.0,10.0,0 mm
NT27,lh,prcus-a,0.0708881918988975,10.0,0 mm
NT27,lh,prcus-i,0.4718564257319662,10.0,0 mm
NT27,lh,prcus-p,0.1177102763922798,10.0,0 mm
NT27,lh,sbps,0.0188112410055345,10.0,0 mm
NT27,rh,ifrms,0.0,10.0,0 mm
NT27,rh,mcgs,0.0,10.0,0 mm
NT27,rh,pos,0.0,10.0,0 mm
NT27,rh,prculs-d,0.2856665830102007,10.0,0 mm
NT27,rh,prcus-a,0.0,10.0,0 mm
NT27,rh,prcus-i,0.2730839487811854,10.0,0 mm
NT27,rh,prcus-p,0.0024866074608631,10.0,0 mm
NT27,rh,sbps,0.0,10.0,0 mm
NT3,lh,ifrms,0.0,10.0,0 mm
NT3,lh,mcgs,0.0,10.0,0 mm
NT3,lh,pos,0.0378989997860358,10.0,0 mm
NT3,lh,prculs-d,0.6188926964878199,10.0,0 mm
NT3,lh,prcus-a,0.0,10.0,0 mm
NT3,lh,prcus-i,0.008900680673986,10.0,0 mm
NT3,lh,prcus-p,0.0,10.0,0 mm
NT3,lh,sbps,0.0,10.0,0 mm
NT3,rh,ifrms,0.0,10.0,0 mm
NT3,rh,mcgs,0.0,10.0,0 mm
NT3,rh,pos,0.2926398565425489,10.0,0 mm
NT3,rh,prculs-d,0.1924609542758025,10.0,0 mm
NT3,rh,prcus-a,0.0,10.0,0 mm
NT3,rh,prcus-i,0.0,10.0,0 mm
NT3,rh,prcus-p,0.0124328794198022,10.0,0 mm
NT3,rh,sbps,0.0,10.0,0 mm
NT5,lh,ifrms,0.0,10.0,0 mm
NT5,lh,mcgs,0.0,10.0,0 mm
NT5,lh,pos,0.0,10.0,0 mm
NT5,lh,prculs-d,0.0,10.0,0 mm
NT5,lh,prcus-a,0.0,10.0,0 mm
NT5,lh,prcus-i,0.6119427544963284,10.0,0 mm
NT5,lh,prcus-p,0.0553283277530724,10.0,0 mm
NT5,lh,sbps,0.0078683798056347,10.0,0 mm
NT5,rh,ifrms,0.0,10.0,0 mm
NT5,rh,mcgs,0.0,10.0,0 mm
NT5,rh,pos,0.0,10.0,0 mm
NT5,rh,prculs-d,0.0,10.0,0 mm
NT5,rh,prcus-a,0.1531411386610068,10.0,0 mm
NT5,rh,prcus-i,0.4197172160267936,10.0,0 mm
NT5,rh,prcus-p,0.0114719678179335,10.0,0 mm
NT5,rh,sbps,0.0593359845535611,10.0,0 mm
NT6,lh,ifrms,0.0,10.0,0 mm
NT6,lh,mcgs,0.0,10.0,0 mm
NT6,lh,pos,0.0,10.0,0 mm
NT6,lh,prculs-d,0.0,10.0,0 mm
NT6,lh,prcus-a,0.0,10.0,0 mm
NT6,lh,prcus-i,0.0,10.0,0 mm
NT6,lh,prcus-p,0.1391696308441947,10.0,0 mm
NT6,lh,sbps,0.1693278597701007,10.0,0 mm
NT6,rh,ifrms,0.0,10.0,0 mm
NT6,rh,mcgs,0.0,10.0,0 mm
NT6,rh,pos,0.0,10.0,0 mm
NT6,rh,prculs-d,0.2233915160720363,10.0,0 mm
NT6,rh,prcus-a,0.0,10.0,0 mm
NT6,rh,prcus-i,0.0,10.0,0 mm
NT6,rh,prcus-p,0.2907403389443838,10.0,0 mm
NT6,rh,sbps,0.0,10.0,0 mm
NT7,lh,ifrms,0.0,10.0,0 mm
NT7,lh,mcgs,0.0,10.0,0 mm
NT7,lh,pos,0.0,10.0,0 mm
NT7,lh,prculs-d,0.2303729648482681,10.0,0 mm
NT7,lh,prcus-a,0.0,10.0,0 mm
NT7,lh,prcus-i,0.0,10.0,0 mm
NT7,lh,prcus-p,0.2959442343460626,10.0,0 mm
NT7,lh,sbps,0.0,10.0,0 mm
NT7,rh,ifrms,0.0,10.0,0 mm
NT7,rh,mcgs,0.0,10.0,0 mm
NT7,rh,pos,0.0259169400168687,10.0,0 mm
NT7,rh,prculs-d,0.1756069493950467,10.0,0 mm
NT7,rh,prcus-a,0.0,10.0,0 mm
NT7,rh,prcus-i,0.0025901303710289,10.0,0 mm
NT7,rh,prcus-p,0.279604727020797,10.0,0 mm
NT7,rh,sbps,0.0786147805286248,10.0,0 mm
NT8,lh,ifrms,0.0,10.0,0 mm
NT8,lh,mcgs,0.0,10.0,0 mm
NT8,lh,pos,0.0,10.0,0 mm
NT8,lh,prculs-d,0.0,10.0,0 mm
NT8,lh,prcus-a,0.0,10.0,0 mm
NT8,lh,prcus-i,0.0867572376614561,10.0,0 mm
NT8,lh,prcus-p,0.1388142328856268,10.0,0 mm
NT8,lh,sbps,0.0,10.0,0 mm
NT8,rh,ifrms,0.0,10.0,0 mm
NT8,rh,mcgs,0.0,10.0,0 mm
NT8,rh,pos,0.0060545049955334,10.0,0 mm
NT8,rh,prculs-d,0.0,10.0,0 mm
NT8,rh,prcus-a,0.0,10.0,0 mm
NT8,rh,prcus-i,0.2692606550826391,10.0,0 mm
NT8,rh,prcus-p,0.3315575559560207,10.0,0 mm
NT8,rh,sbps,0.0749842390620419,10.0,0 mm
NT9,lh,ifrms,0.0,10.0,0 mm
NT9,lh,mcgs,0.0,10.0,0 mm
NT9,lh,pos,0.0245489632964392,10.0,0 mm
NT9,lh,prculs-d,0.0477398991357683,10.0,0 mm
NT9,lh,prcus-a,0.0,10.0,0 mm
NT9,lh,prcus-i,0.3191410355926807,10.0,0 mm
NT9,lh,prcus-p,0.0649896247833554,10.0,0 mm
NT9,lh,sbps,0.0836806495204603,10.0,0 mm
NT9,rh,ifrms,0.0,10.0,0 mm
NT9,rh,mcgs,0.0,10.0,0 mm
NT9,rh,pos,0.0,10.0,0 mm
NT9,rh,prculs-d,0.0449050038936587,10.0,0 mm
NT9,rh,prcus-a,0.0,10.0,0 mm
NT9,rh,prcus-i,0.0312828485485265,10.0,0 mm
NT9,rh,prcus-p,0.2590446028227741,10.0,0 mm
NT9,rh,sbps,0.1397228405830236,10.0,0 mm
DP10,lh,ifrms,0.0,10.0,0-5 mm
DP10,lh,mcgs,0.0,10.0,0-5 mm
DP10,lh,pos,0.001392633124371775,10.0,0-5 mm
DP10,lh,prculs-d,0.0,10.0,0-5 mm
DP10,lh,prcus-a,0.005441268716910475,10.0,0-5 mm
DP10,lh,prcus-i,0.2428437949833727,10.0,0-5 mm
DP10,lh,prcus-p,0.3506325521982331,10.0,0-5 mm
DP10,lh,sbps,0.3803578663100172,10.0,0-5 mm
DP10,rh,ifrms,0.0,10.0,0-5 mm
DP10,rh,mcgs,0.0,10.0,0-5 mm
DP10,rh,pos,0.29564561021500607,10.0,0-5 mm
DP10,rh,prculs-d,0.30083404444790124,10.0,0-5 mm
DP10,rh,prcus-a,0.0,10.0,0-5 mm
DP10,rh,prcus-i,0.0,10.0,0-5 mm
DP10,rh,prcus-p,0.0,10.0,0-5 mm
DP10,rh,sbps,0.0,10.0,0-5 mm
DP11,lh,ifrms,0.0,10.0,0-5 mm
DP11,lh,mcgs,0.0,10.0,0-5 mm
DP11,lh,pos,0.08576777695984944,10.0,0-5 mm
DP11,lh,prculs-d,0.0,10.0,0-5 mm
DP11,lh,prcus-a,0.028113521791985,10.0,0-5 mm
DP11,lh,prcus-i,0.1561678764287578,10.0,0-5 mm
DP11,lh,prcus-p,0.42867469947216585,10.0,0-5 mm
DP11,lh,sbps,0.17812458035044731,10.0,0-5 mm
DP11,rh,ifrms,0.0,10.0,0-5 mm
DP11,rh,mcgs,0.0,10.0,0-5 mm
DP11,rh,pos,0.025356906020334025,10.0,0-5 mm
DP11,rh,prculs-d,0.1497848121592691,10.0,0-5 mm
DP11,rh,prcus-a,0.018906349777388327,10.0,0-5 mm
DP11,rh,prcus-i,0.0104852295380641,10.0,0-5 mm
DP11,rh,prcus-p,0.2886771012709229,10.0,0-5 mm
DP11,rh,sbps,0.3399510852199852,10.0,0-5 mm
DP12,lh,ifrms,0.0,10.0,0-5 mm
DP12,lh,mcgs,0.0,10.0,0-5 mm
DP12,lh,pos,0.00201485378583715,10.0,0-5 mm
DP12,lh,prculs-d,0.06359348677711726,10.0,0-5 mm
DP12,lh,prcus-a,0.0,10.0,0-5 mm
DP12,lh,prcus-i,0.11028957281386557,10.0,0-5 mm
DP12,lh,prcus-p,0.4827817924893806,10.0,0-5 mm
DP12,lh,sbps,0.13493244042868882,10.0,0-5 mm
DP12,rh,ifrms,0.0,10.0,0-5 mm
DP12,rh,mcgs,0.0,10.0,0-5 mm
DP12,rh,pos,0.0,10.0,0-5 mm
DP12,rh,prculs-d,0.0,10.0,0-5 mm
DP12,rh,prcus-a,0.0,10.0,0-5 mm
DP12,rh,prcus-i,0.09481216674081358,10.0,0-5 mm
DP12,rh,prcus-p,0.3732472852285983,10.0,0-5 mm
DP12,rh,sbps,0.059408897208606745,10.0,0-5 mm
DP13,lh,ifrms,0.0,10.0,0-5 mm
DP13,lh,mcgs,0.0,10.0,0-5 mm
DP13,lh,pos,0.0,10.0,0-5 mm
DP13,lh,prculs-d,0.04637009973624042,10.0,0-5 mm
DP13,lh,prcus-a,0.0,10.0,0-5 mm
DP13,lh,prcus-i,0.013233175409202052,10.0,0-5 mm
DP13,lh,prcus-p,0.3354097422670062,10.0,0-5 mm
DP13,lh,sbps,0.29818285024417546,10.0,0-5 mm
DP13,rh,ifrms,0.0,10.0,0-5 mm
DP13,rh,mcgs,0.0,10.0,0-5 mm
DP13,rh,pos,0.013621292981287924,10.0,0-5 mm
DP13,rh,prculs-d,0.19707390094196608,10.0,0-5 mm
DP13,rh,prcus-a,0.0,10.0,0-5 mm
DP13,rh,prcus-i,0.0,10.0,0-5 mm
DP13,rh,prcus-p,0.3775801076728351,10.0,0-5 mm
DP13,rh,sbps,0.11518716824848907,10.0,0-5 mm
DP14,lh,ifrms,0.0,10.0,0-5 mm
DP14,lh,mcgs,0.0,10.0,0-5 mm
DP14,lh,pos,0.011386650813391474,10.0,0-5 mm
DP14,lh,prculs-d,0.43590912690345707,10.0,0-5 mm
DP14,lh,prcus-a,0.0,10.0,0-5 mm
DP14,lh,prcus-i,0.0,10.0,0-5 mm
DP14,lh,prcus-p,0.24989246746171653,10.0,0-5 mm
DP14,lh,sbps,0.07919940101486656,10.0,0-5 mm
DP14,rh,ifrms,0.0,10.0,0-5 mm
DP14,rh,mcgs,0.0,10.0,0-5 mm
DP14,rh,pos,0.000289831988390325,10.0,0-5 mm
DP14,rh,prculs-d,0.09015794427028292,10.0,0-5 mm
DP14,rh,prcus-a,0.0,10.0,0-5 mm
DP14,rh,prcus-i,0.0,10.0,0-5 mm
DP14,rh,prcus-p,0.14470034279109142,10.0,0-5 mm
DP14,rh,sbps,0.25763415315971977,10.0,0-5 mm
DP15,lh,ifrms,0.0,10.0,0-5 mm
DP15,lh,mcgs,0.0,10.0,0-5 mm
DP15,lh,pos,0.0,10.0,0-5 mm
DP15,lh,prculs-d,0.0,10.0,0-5 mm
DP15,lh,prcus-a,0.2901669652105097,10.0,0-5 mm
DP15,lh,prcus-i,0.057372896113931524,10.0,0-5 mm
DP15,lh,prcus-p,0.0,10.0,0-5 mm
DP15,lh,sbps,0.4447437053538442,10.0,0-5 mm
DP15,rh,ifrms,0.0,10.0,0-5 mm
DP15,rh,mcgs,0.0,10.0,0-5 mm
DP15,rh,pos,0.00711128265099905,10.0,0-5 mm
DP15,rh,prculs-d,0.3571396029907527,10.0,0-5 mm
DP15,rh,prcus-a,0.0,10.0,0-5 mm
DP15,rh,prcus-i,0.001407131346500525,10.0,0-5 mm
DP15,rh,prcus-p,0.10832421672271372,10.0,0-5 mm
DP15,rh,sbps,0.33328917867135494,10.0,0-5 mm
DP16,lh,ifrms,0.0,10.0,0-5 mm
DP16,lh,mcgs,0.0,10.0,0-5 mm
DP16,lh,pos,0.058293144205999084,10.0,0-5 mm
DP16,lh,prculs-d,0.012026182250820474,10.0,0-5 mm
DP16,lh,prcus-a,0.0,10.0,0-5 mm
DP16,lh,prcus-i,0.08725001307650655,10.0,0-5 mm
DP16,lh,prcus-p,0.3634376155234017,10.0,0-5 mm
DP16,lh,sbps,0.0,10.0,0-5 mm
DP16,rh,ifrms,0.0,10.0,0-5 mm
DP16,rh,mcgs,0.0,10.0,0-5 mm
DP16,rh,pos,0.028731458848692503,10.0,0-5 mm
DP16,rh,prculs-d,0.03261011390584113,10.0,0-5 mm
DP16,rh,prcus-a,0.0,10.0,0-5 mm
DP16,rh,prcus-i,0.0335083655313755,10.0,0-5 mm
DP16,rh,prcus-p,0.44067381032884684,10.0,0-5 mm
DP16,rh,sbps,0.0,10.0,0-5 mm
DP17,lh,ifrms,0.0,10.0,0-5 mm
DP17,lh,mcgs,0.0,10.0,0-5 mm
DP17,lh,pos,0.046769423017427925,10.0,0-5 mm
DP17,lh,prculs-d,0.0,10.0,0-5 mm
DP17,lh,prcus-a,0.015394766234415973,10.0,0-5 mm
DP17,lh,prcus-i,0.13482961277742134,10.0,0-5 mm
DP17,lh,prcus-p,0.001337216741581175,10.0,0-5 mm
DP17,lh,sbps,0.35250763007507735,10.0,0-5 mm
DP17,rh,ifrms,0.0,10.0,0-5 mm
DP17,rh,mcgs,0.0,10.0,0-5 mm
DP17,rh,pos,0.0011542756503771,10.0,0-5 mm
DP17,rh,prculs-d,0.3804688054349146,10.0,0-5 mm
DP17,rh,prcus-a,0.0,10.0,0-5 mm
DP17,rh,prcus-i,0.210322709141446,10.0,0-5 mm
DP17,rh,prcus-p,0.1620122756953625,10.0,0-5 mm
DP17,rh,sbps,0.0,10.0,0-5 mm
DP18,lh,ifrms,0.0,10.0,0-5 mm
DP18,lh,mcgs,0.0,10.0,0-5 mm
DP18,lh,pos,0.0,10.0,0-5 mm
DP18,lh,prculs-d,0.0,10.0,0-5 mm
DP18,lh,prcus-a,0.5360365411754401,10.0,0-5 mm
DP18,lh,prcus-i,0.13135898653726263,10.0,0-5 mm
DP18,lh,prcus-p,0.0,10.0,0-5 mm
DP18,lh,sbps,0.2679441003094049,10.0,0-5 mm
DP18,rh,ifrms,0.0,10.0,0-5 mm
DP18,rh,mcgs,0.0,10.0,0-5 mm
DP18,rh,pos,0.030271395984027748,10.0,0-5 mm
DP18,rh,prculs-d,0.09401301670611936,10.0,0-5 mm
DP18,rh,prcus-a,0.11087639847291038,10.0,0-5 mm
DP18,rh,prcus-i,0.0003779586527883,10.0,0-5 mm
DP18,rh,prcus-p,0.519850737876791,10.0,0-5 mm
DP18,rh,sbps,0.19959955667802146,10.0,0-5 mm
DP19,lh,ifrms,0.0,10.0,0-5 mm
DP19,lh,mcgs,0.0,10.0,0-5 mm
DP19,lh,pos,0.0,10.0,0-5 mm
DP19,lh,prculs-d,0.0032047503923089,10.0,0-5 mm
DP19,lh,prcus-a,0.0,10.0,0-5 mm
DP19,lh,prcus-i,0.018755838056928924,10.0,0-5 mm
DP19,lh,prcus-p,0.1960822305455772,10.0,0-5 mm
DP19,lh,sbps,0.35313052075740836,10.0,0-5 mm
DP19,rh,ifrms,0.0,10.0,0-5 mm
DP19,rh,mcgs,0.0,10.0,0-5 mm
DP19,rh,pos,0.00691195521739865,10.0,0-5 mm
DP19,rh,prculs-d,0.17093680686675702,10.0,0-5 mm
DP19,rh,prcus-a,0.0,10.0,0-5 mm
DP19,rh,prcus-i,0.0,10.0,0-5 mm
DP19,rh,prcus-p,0.17285808225715077,10.0,0-5 mm
DP19,rh,sbps,0.2831031098676132,10.0,0-5 mm
DP2,lh,ifrms,0.0,10.0,0-5 mm
DP2,lh,mcgs,0.0,10.0,0-5 mm
DP2,lh,pos,0.0137715068054406,10.0,0-5 mm
DP2,lh,prculs-d,0.17416778216156245,10.0,0-5 mm
DP2,lh,prcus-a,0.0,10.0,0-5 mm
DP2,lh,prcus-i,0.012101336624081999,10.0,0-5 mm
DP2,lh,prcus-p,0.21288933446686373,10.0,0-5 mm
DP2,lh,sbps,0.004033843385312525,10.0,0-5 mm
DP2,rh,ifrms,0.0,10.0,0-5 mm
DP2,rh,mcgs,0.0,10.0,0-5 mm
DP2,rh,pos,0.005246722358398525,10.0,0-5 mm
DP2,rh,prculs-d,0.4626096596280309,10.0,0-5 mm
DP2,rh,prcus-a,0.0,10.0,0-5 mm
DP2,rh,prcus-i,0.0,10.0,0-5 mm
DP2,rh,prcus-p,0.334227393550339,10.0,0-5 mm
DP2,rh,sbps,0.0,10.0,0-5 mm
DP20,lh,ifrms,0.0,10.0,0-5 mm
DP20,lh,mcgs,0.0,10.0,0-5 mm
DP20,lh,pos,0.1262280182302999,10.0,0-5 mm
DP20,lh,prculs-d,0.003672166323163325,10.0,0-5 mm
DP20,lh,prcus-a,0.0,10.0,0-5 mm
DP20,lh,prcus-i,0.008313388314801076,10.0,0-5 mm
DP20,lh,prcus-p,0.5644721099890139,10.0,0-5 mm
DP20,lh,sbps,0.12857152300632538,10.0,0-5 mm
DP20,rh,ifrms,0.0,10.0,0-5 mm
DP20,rh,mcgs,0.003257777015605875,10.0,0-5 mm
DP20,rh,pos,0.0,10.0,0-5 mm
DP20,rh,prculs-d,0.0,10.0,0-5 mm
DP20,rh,prcus-a,0.026999115155205627,10.0,0-5 mm
DP20,rh,prcus-i,0.6239605312940721,10.0,0-5 mm
DP20,rh,prcus-p,0.06646156598127077,10.0,0-5 mm
DP20,rh,sbps,0.24664485323720728,10.0,0-5 mm
DP21,lh,ifrms,0.0,10.0,0-5 mm
DP21,lh,mcgs,0.0,10.0,0-5 mm
DP21,lh,pos,0.03299922492089082,10.0,0-5 mm
DP21,lh,prculs-d,0.4429434652453776,10.0,0-5 mm
DP21,lh,prcus-a,0.0,10.0,0-5 mm
DP21,lh,prcus-i,0.04516441326503943,10.0,0-5 mm
DP21,lh,prcus-p,0.12411319219818442,10.0,0-5 mm
DP21,lh,sbps,0.000706251151174825,10.0,0-5 mm
DP21,rh,ifrms,0.0,10.0,0-5 mm
DP21,rh,mcgs,0.0,10.0,0-5 mm
DP21,rh,pos,0.006711476081574924,10.0,0-5 mm
DP21,rh,prculs-d,0.6179105474470334,10.0,0-5 mm
DP21,rh,prcus-a,0.0,10.0,0-5 mm
DP21,rh,prcus-i,0.0,10.0,0-5 mm
DP21,rh,prcus-p,0.0,10.0,0-5 mm
DP21,rh,sbps,0.0,10.0,0-5 mm
DP22,lh,ifrms,0.0,10.0,0-5 mm
DP22,lh,mcgs,0.0,10.0,0-5 mm
DP22,lh,pos,0.00272850714690545,10.0,0-5 mm
DP22,lh,prculs-d,0.0,10.0,0-5 mm
DP22,lh,prcus-a,0.0,10.0,0-5 mm
DP22,lh,prcus-i,0.4243842092403057,10.0,0-5 mm
DP22,lh,prcus-p,0.07559553121896698,10.0,0-5 mm
DP22,lh,sbps,0.0,10.0,0-5 mm
DP22,rh,ifrms,0.0,10.0,0-5 mm
DP22,rh,mcgs,0.0,10.0,0-5 mm
DP22,rh,pos,0.0,10.0,0-5 mm
DP22,rh,prculs-d,0.06917419035883313,10.0,0-5 mm
DP22,rh,prcus-a,0.0,10.0,0-5 mm
DP22,rh,prcus-i,0.016767000805766524,10.0,0-5 mm
DP22,rh,prcus-p,0.10039423834212761,10.0,0-5 mm
DP22,rh,sbps,0.3347116943274913,10.0,0-5 mm
DP23,lh,ifrms,0.0,10.0,0-5 mm
DP23,lh,mcgs,0.0,10.0,0-5 mm
DP23,lh,pos,0.0,10.0,0-5 mm
DP23,lh,prculs-d,0.0,10.0,0-5 mm
DP23,lh,prcus-a,0.15796944838479754,10.0,0-5 mm
DP23,lh,prcus-i,0.42191389513083893,10.0,0-5 mm
DP23,lh,prcus-p,0.1154766092678329,10.0,0-5 mm
DP23,lh,sbps,0.24177893537626938,10.0,0-5 mm
DP23,rh,ifrms,0.0,10.0,0-5 mm
DP23,rh,mcgs,0.0,10.0,0-5 mm
DP23,rh,pos,0.0026487286533663,10.0,0-5 mm
DP23,rh,prculs-d,0.1381420904660701,10.0,0-5 mm
DP23,rh,prcus-a,0.005223270145987575,10.0,0-5 mm
DP23,rh,prcus-i,0.2151582656136008,10.0,0-5 mm
DP23,rh,prcus-p,0.3612571691267327,10.0,0-5 mm
DP23,rh,sbps,0.0,10.0,0-5 mm
DP24,lh,ifrms,0.0,10.0,0-5 mm
DP24,lh,mcgs,0.0,10.0,0-5 mm
DP24,lh,pos,0.0353324705064316,10.0,0-5 mm
DP24,lh,prculs-d,0.4636853322659357,10.0,0-5 mm
DP24,lh,prcus-a,0.0,10.0,0-5 mm
DP24,lh,prcus-i,0.01096261479602835,10.0,0-5 mm
DP24,lh,prcus-p,0.5320970239130045,10.0,0-5 mm
DP24,lh,sbps,0.0,10.0,0-5 mm
DP24,rh,ifrms,0.0,10.0,0-5 mm
DP24,rh,mcgs,0.0,10.0,0-5 mm
DP24,rh,pos,0.008280573899439824,10.0,0-5 mm
DP24,rh,prculs-d,0.45219345640597286,10.0,0-5 mm
DP24,rh,prcus-a,0.0,10.0,0-5 mm
DP24,rh,prcus-i,0.0,10.0,0-5 mm
DP24,rh,prcus-p,0.3451656180828082,10.0,0-5 mm
DP24,rh,sbps,0.0,10.0,0-5 mm
DP3,lh,ifrms,0.0,10.0,0-5 mm
DP3,lh,mcgs,0.0,10.0,0-5 mm
DP3,lh,pos,0.022921983323886726,10.0,0-5 mm
DP3,lh,prculs-d,0.0,10.0,0-5 mm
DP3,lh,prcus-a,0.13803676105970214,10.0,0-5 mm
DP3,lh,prcus-i,0.1091276420719407,10.0,0-5 mm
DP3,lh,prcus-p,0.45764388052577,10.0,0-5 mm
DP3,lh,sbps,0.21192136716537452,10.0,0-5 mm
DP3,rh,ifrms,0.0,10.0,0-5 mm
DP3,rh,mcgs,0.0,10.0,0-5 mm
DP3,rh,pos,0.010230580579860777,10.0,0-5 mm
DP3,rh,prculs-d,0.010864049589681951,10.0,0-5 mm
DP3,rh,prcus-a,0.0,10.0,0-5 mm
DP3,rh,prcus-i,0.09089220901343206,10.0,0-5 mm
DP3,rh,prcus-p,0.6481942816328916,10.0,0-5 mm
DP3,rh,sbps,0.033048137727350727,10.0,0-5 mm
DP4,lh,ifrms,0.0,10.0,0-5 mm
DP4,lh,mcgs,0.0,10.0,0-5 mm
DP4,lh,pos,0.015625727200814697,10.0,0-5 mm
DP4,lh,prculs-d,0.0,10.0,0-5 mm
DP4,lh,prcus-a,0.0,10.0,0-5 mm
DP4,lh,prcus-i,0.03213100873158648,10.0,0-5 mm
DP4,lh,prcus-p,0.3702608323138289,10.0,0-5 mm
DP4,lh,sbps,0.0,10.0,0-5 mm
DP4,rh,ifrms,0.0,10.0,0-5 mm
DP4,rh,mcgs,0.0,10.0,0-5 mm
DP4,rh,pos,0.019524166271595398,10.0,0-5 mm
DP4,rh,prculs-d,0.13858799509544628,10.0,0-5 mm
DP4,rh,prcus-a,0.0,10.0,0-5 mm
DP4,rh,prcus-i,0.0,10.0,0-5 mm
DP4,rh,prcus-p,0.578650548172831,10.0,0-5 mm
DP4,rh,sbps,0.0051568012432424,10.0,0-5 mm
DP5,lh,ifrms,0.0,10.0,0-5 mm
DP5,lh,mcgs,0.0,10.0,0-5 mm
DP5,lh,pos,0.0,10.0,0-5 mm
DP5,lh,prculs-d,0.0018618461964216497,10.0,0-5 mm
DP5,lh,prcus-a,0.30168929641012504,10.0,0-5 mm
DP5,lh,prcus-i,0.2606298009625716,10.0,0-5 mm
DP5,lh,prcus-p,0.09976904896508072,10.0,0-5 mm
DP5,lh,sbps,0.3492026036736054,10.0,0-5 mm
DP5,rh,ifrms,0.0,10.0,0-5 mm
DP5,rh,mcgs,0.0,10.0,0-5 mm
DP5,rh,pos,0.005888800000201525,10.0,0-5 mm
DP5,rh,prculs-d,0.00245036342264435,10.0,0-5 mm
DP5,rh,prcus-a,0.0,10.0,0-5 mm
DP5,rh,prcus-i,0.025500966835050876,10.0,0-5 mm
DP5,rh,prcus-p,0.5313181435857541,10.0,0-5 mm
DP5,rh,sbps,0.0053816549847424,10.0,0-5 mm
DP7,lh,ifrms,0.0,10.0,0-5 mm
DP7,lh,mcgs,0.0,10.0,0-5 mm
DP7,lh,pos,0.0,10.0,0-5 mm
DP7,lh,prculs-d,0.0,10.0,0-5 mm
DP7,lh,prcus-a,0.019143759432575024,10.0,0-5 mm
DP7,lh,prcus-i,0.3415834442726636,10.0,0-5 mm
DP7,lh,prcus-p,0.12734840689964394,10.0,0-5 mm
DP7,lh,sbps,0.4613847330916746,10.0,0-5 mm
DP7,rh,ifrms,0.0,10.0,0-5 mm
DP7,rh,mcgs,0.0,10.0,0-5 mm
DP7,rh,pos,0.03225389522215383,10.0,0-5 mm
DP7,rh,prculs-d,0.01278112680216685,10.0,0-5 mm
DP7,rh,prcus-a,0.0,10.0,0-5 mm
DP7,rh,prcus-i,0.0,10.0,0-5 mm
DP7,rh,prcus-p,0.4407765717190701,10.0,0-5 mm
DP7,rh,sbps,0.00141272895876025,10.0,0-5 mm
DP8,lh,ifrms,0.0,10.0,0-5 mm
DP8,lh,mcgs,0.0062659671964391764,10.0,0-5 mm
DP8,lh,pos,0.0,10.0,0-5 mm
DP8,lh,prculs-d,0.0,10.0,0-5 mm
DP8,lh,prcus-a,0.5619786822048389,10.0,0-5 mm
DP8,lh,prcus-i,0.0,10.0,0-5 mm
DP8,lh,prcus-p,0.0,10.0,0-5 mm
DP8,lh,sbps,0.15026253854221122,10.0,0-5 mm
DP8,rh,ifrms,0.0,10.0,0-5 mm
DP8,rh,mcgs,0.0,10.0,0-5 mm
DP8,rh,pos,0.0,10.0,0-5 mm
DP8,rh,prculs-d,0.0,10.0,0-5 mm
DP8,rh,prcus-a,0.33421690979429136,10.0,0-5 mm
DP8,rh,prcus-i,0.2927342865893207,10.0,0-5 mm
DP8,rh,prcus-p,0.04719181095868695,10.0,0-5 mm
DP8,rh,sbps,0.15595295710328472,10.0,0-5 mm
DP9,lh,ifrms,0.0,10.0,0-5 mm
DP9,lh,mcgs,0.0,10.0,0-5 mm
DP9,lh,pos,0.0078696276054359,10.0,0-5 mm
DP9,lh,prculs-d,0.0,10.0,0-5 mm
DP9,lh,prcus-a,0.002433722555648125,10.0,0-5 mm
DP9,lh,prcus-i,0.08259986595518727,10.0,0-5 mm
DP9,lh,prcus-p,0.297949659003325,10.0,0-5 mm
DP9,lh,sbps,0.4957268532423944,10.0,0-5 mm
DP9,rh,ifrms,0.0,10.0,0-5 mm
DP9,rh,mcgs,0.0,10.0,0-5 mm
DP9,rh,pos,0.06525906417937967,10.0,0-5 mm
DP9,rh,prculs-d,0.0,10.0,0-5 mm
DP9,rh,prcus-a,0.0,10.0,0-5 mm
DP9,rh,prcus-i,0.0052379618783603,10.0,0-5 mm
DP9,rh,prcus-p,0.1450723866315766,10.0,0-5 mm
DP9,rh,sbps,0.24832498489458454,10.0,0-5 mm
NT1,lh,ifrms,0.0,10.0,0-5 mm
NT1,lh,mcgs,0.0,10.0,0-5 mm
NT1,lh,pos,0.0,10.0,0-5 mm
NT1,lh,prculs-d,0.0,10.0,0-5 mm
NT1,lh,prcus-a,0.20190234830193177,10.0,0-5 mm
NT1,lh,prcus-i,0.6987814120384289,10.0,0-5 mm
NT1,lh,prcus-p,0.03381909409150077,10.0,0-5 mm
NT1,lh,sbps,0.08146851426637507,10.0,0-5 mm
NT1,rh,ifrms,0.0,10.0,0-5 mm
NT1,rh,mcgs,0.0,10.0,0-5 mm
NT1,rh,pos,0.0,10.0,0-5 mm
NT1,rh,prculs-d,0.11425545815858662,10.0,0-5 mm
NT1,rh,prcus-a,0.0,10.0,0-5 mm
NT1,rh,prcus-i,0.015215091786284501,10.0,0-5 mm
NT1,rh,prcus-p,0.24194843144573533,10.0,0-5 mm
NT1,rh,sbps,0.11219361856001189,10.0,0-5 mm
NT10,lh,ifrms,0.0,10.0,0-5 mm
NT10,lh,mcgs,0.0,10.0,0-5 mm
NT10,lh,pos,0.0,10.0,0-5 mm
NT10,lh,prculs-d,0.0678891938465666,10.0,0-5 mm
NT10,lh,prcus-a,0.0,10.0,0-5 mm
NT10,lh,prcus-i,0.049021112637979695,10.0,0-5 mm
NT10,lh,prcus-p,0.34057288463209473,10.0,0-5 mm
NT10,lh,sbps,0.2915995115888066,10.0,0-5 mm
NT10,rh,ifrms,0.0,10.0,0-5 mm
NT10,rh,mcgs,0.0,10.0,0-5 mm
NT10,rh,pos,0.0100040289298439,10.0,0-5 mm
NT10,rh,prculs-d,0.2369775362363594,10.0,0-5 mm
NT10,rh,prcus-a,0.0,10.0,0-5 mm
NT10,rh,prcus-i,0.0,10.0,0-5 mm
NT10,rh,prcus-p,0.00897757821890965,10.0,0-5 mm
NT10,rh,sbps,0.018274318424423973,10.0,0-5 mm
NT11,lh,ifrms,0.0,10.0,0-5 mm
NT11,lh,mcgs,0.0,10.0,0-5 mm
NT11,lh,pos,0.0,10.0,0-5 mm
NT11,lh,prculs-d,0.09146647545452853,10.0,0-5 mm
NT11,lh,prcus-a,0.0,10.0,0-5 mm
NT11,lh,prcus-i,0.04727744409796868,10.0,0-5 mm
NT11,lh,prcus-p,0.5267105266666647,10.0,0-5 mm
NT11,lh,sbps,0.21412643480692992,10.0,0-5 mm
NT11,rh,ifrms,0.0,10.0,0-5 mm
NT11,rh,mcgs,0.0,10.0,0-5 mm
NT11,rh,pos,0.05470260142245635,10.0,0-5 mm
NT11,rh,prculs-d,0.27530165011557634,10.0,0-5 mm
NT11,rh,prcus-a,0.0,10.0,0-5 mm
NT11,rh,prcus-i,0.008170728371316324,10.0,0-5 mm
NT11,rh,prcus-p,0.21362582715088788,10.0,0-5 mm
NT11,rh,sbps,0.23007591619810547,10.0,0-5 mm
NT12,lh,ifrms,0.0,10.0,0-5 mm
NT12,lh,mcgs,0.0,10.0,0-5 mm
NT12,lh,pos,0.010185890876788627,10.0,0-5 mm
NT12,lh,prculs-d,0.46570724087991777,10.0,0-5 mm
NT12,lh,prcus-a,0.0,10.0,0-5 mm
NT12,lh,prcus-i,0.0,10.0,0-5 mm
NT12,lh,prcus-p,0.07745316419029732,10.0,0-5 mm
NT12,lh,sbps,0.0,10.0,0-5 mm
NT12,rh,ifrms,0.0,10.0,0-5 mm
NT12,rh,mcgs,0.0,10.0,0-5 mm
NT12,rh,pos,0.019940708867754075,10.0,0-5 mm
NT12,rh,prculs-d,0.6676174842876648,10.0,0-5 mm
NT12,rh,prcus-a,0.0,10.0,0-5 mm
NT12,rh,prcus-i,0.0,10.0,0-5 mm
NT12,rh,prcus-p,0.0093524783585077,10.0,0-5 mm
NT12,rh,sbps,0.0,10.0,0-5 mm
NT13,lh,ifrms,0.0,10.0,0-5 mm
NT13,lh,mcgs,0.0,10.0,0-5 mm
NT13,lh,pos,0.0,10.0,0-5 mm
NT13,lh,prculs-d,0.052567372142996546,10.0,0-5 mm
NT13,lh,prcus-a,0.0,10.0,0-5 mm
NT13,lh,prcus-i,0.0,10.0,0-5 mm
NT13,lh,prcus-p,0.5206811519208425,10.0,0-5 mm
NT13,lh,sbps,0.0,10.0,0-5 mm
NT13,rh,ifrms,0.0,10.0,0-5 mm
NT13,rh,mcgs,0.0,10.0,0-5 mm
NT13,rh,pos,0.005518948313175275,10.0,0-5 mm
NT13,rh,prculs-d,0.0,10.0,0-5 mm
NT13,rh,prcus-a,0.0,10.0,0-5 mm
NT13,rh,prcus-i,0.04842013438753815,10.0,0-5 mm
NT13,rh,prcus-p,0.09061855004178983,10.0,0-5 mm
NT13,rh,sbps,0.4286816881441383,10.0,0-5 mm
NT14,lh,ifrms,0.0,10.0,0-5 mm
NT14,lh,mcgs,0.0,10.0,0-5 mm
NT14,lh,pos,0.0,10.0,0-5 mm
NT14,lh,prculs-d,0.038921257855573176,10.0,0-5 mm
NT14,lh,prcus-a,0.0,10.0,0-5 mm
NT14,lh,prcus-i,0.15211807505245056,10.0,0-5 mm
NT14,lh,prcus-p,0.6037107175888158,10.0,0-5 mm
NT14,lh,sbps,0.020799062485794023,10.0,0-5 mm
NT14,rh,ifrms,0.0,10.0,0-5 mm
NT14,rh,mcgs,0.061761686868598085,10.0,0-5 mm
NT14,rh,pos,0.0,10.0,0-5 mm
NT14,rh,prculs-d,0.0,10.0,0-5 mm
NT14,rh,prcus-a,0.0,10.0,0-5 mm
NT14,rh,prcus-i,0.08863805937530099,10.0,0-5 mm
NT14,rh,prcus-p,0.0,10.0,0-5 mm
NT14,rh,sbps,0.0,10.0,0-5 mm
NT15,lh,ifrms,0.0,10.0,0-5 mm
NT15,lh,mcgs,0.0,10.0,0-5 mm
NT15,lh,pos,0.0,10.0,0-5 mm
NT15,lh,prculs-d,0.0015444672151717,10.0,0-5 mm
NT15,lh,prcus-a,0.0,10.0,0-5 mm
NT15,lh,prcus-i,0.06741839109947778,10.0,0-5 mm
NT15,lh,prcus-p,0.07976328500047825,10.0,0-5 mm
NT15,lh,sbps,0.6115105490706881,10.0,0-5 mm
NT15,rh,ifrms,0.0,10.0,0-5 mm
NT15,rh,mcgs,0.0,10.0,0-5 mm
NT15,rh,pos,0.06966986459926522,10.0,0-5 mm
NT15,rh,prculs-d,0.001508025538678725,10.0,0-5 mm
NT15,rh,prcus-a,0.0,10.0,0-5 mm
NT15,rh,prcus-i,0.07279951619271485,10.0,0-5 mm
NT15,rh,prcus-p,0.3455341886144957,10.0,0-5 mm
NT15,rh,sbps,0.41951859664587055,10.0,0-5 mm
NT16,lh,ifrms,0.0,10.0,0-5 mm
NT16,lh,mcgs,0.00160542430290125,10.0,0-5 mm
NT16,lh,pos,0.0,10.0,0-5 mm
NT16,lh,prculs-d,0.0,10.0,0-5 mm
NT16,lh,prcus-a,0.00399640983086135,10.0,0-5 mm
NT16,lh,prcus-i,0.4834736782643302,10.0,0-5 mm
NT16,lh,prcus-p,0.29247278208801664,10.0,0-5 mm
NT16,lh,sbps,0.0077502063509714,10.0,0-5 mm
NT16,rh,ifrms,0.0,10.0,0-5 mm
NT16,rh,mcgs,0.0,10.0,0-5 mm
NT16,rh,pos,0.0,10.0,0-5 mm
NT16,rh,prculs-d,0.017042633507711395,10.0,0-5 mm
NT16,rh,prcus-a,0.0256900729987871,10.0,0-5 mm
NT16,rh,prcus-i,0.6657301542619717,10.0,0-5 mm
NT16,rh,prcus-p,0.11476377941669633,10.0,0-5 mm
NT16,rh,sbps,0.015391524483001452,10.0,0-5 mm
NT17,lh,ifrms,0.0,10.0,0-5 mm
NT17,lh,mcgs,0.0,10.0,0-5 mm
NT17,lh,pos,0.0001730697224136,10.0,0-5 mm
NT17,lh,prculs-d,0.003270061868610325,10.0,0-5 mm
NT17,lh,prcus-a,0.09580838586371808,10.0,0-5 mm
NT17,lh,prcus-i,0.169867417819313,10.0,0-5 mm
NT17,lh,prcus-p,0.4311902066550289,10.0,0-5 mm
NT17,lh,sbps,0.2921782125924673,10.0,0-5 mm
NT17,rh,ifrms,0.0,10.0,0-5 mm
NT17,rh,mcgs,0.0,10.0,0-5 mm
NT17,rh,pos,0.10718546186349613,10.0,0-5 mm
NT17,rh,prculs-d,0.016307090025263902,10.0,0-5 mm
NT17,rh,prcus-a,0.0,10.0,0-5 mm
NT17,rh,prcus-i,0.0,10.0,0-5 mm
NT17,rh,prcus-p,0.014072672267184325,10.0,0-5 mm
NT17,rh,sbps,0.0212290537595466,10.0,0-5 mm
NT18,lh,ifrms,0.0,10.0,0-5 mm
NT18,lh,mcgs,0.0,10.0,0-5 mm
NT18,lh,pos,0.0031940081659685244,10.0,0-5 mm
NT18,lh,prculs-d,0.13494847896412146,10.0,0-5 mm
NT18,lh,prcus-a,0.0,10.0,0-5 mm
NT18,lh,prcus-i,0.0008102425949849,10.0,0-5 mm
NT18,lh,prcus-p,0.2570034398769244,10.0,0-5 mm
NT18,lh,sbps,0.2242186856371003,10.0,0-5 mm
NT18,rh,ifrms,0.0,10.0,0-5 mm
NT18,rh,mcgs,0.0,10.0,0-5 mm
NT18,rh,pos,0.024888497620707252,10.0,0-5 mm
NT18,rh,prculs-d,0.3264236888875214,10.0,0-5 mm
NT18,rh,prcus-a,0.0,10.0,0-5 mm
NT18,rh,prcus-i,0.0,10.0,0-5 mm
NT18,rh,prcus-p,0.23077254025673072,10.0,0-5 mm
NT18,rh,sbps,0.0614958323053188,10.0,0-5 mm
NT19,lh,ifrms,0.0,10.0,0-5 mm
NT19,lh,mcgs,0.0,10.0,0-5 mm
NT19,lh,pos,0.0,10.0,0-5 mm
NT19,lh,prculs-d,0.029017771361466882,10.0,0-5 mm
NT19,lh,prcus-a,0.0,10.0,0-5 mm
NT19,lh,prcus-i,0.2563879102569867,10.0,0-5 mm
NT19,lh,prcus-p,0.4274739383689224,10.0,0-5 mm
NT19,lh,sbps,0.007781762144508375,10.0,0-5 mm
NT19,rh,ifrms,0.0,10.0,0-5 mm
NT19,rh,mcgs,0.0,10.0,0-5 mm
NT19,rh,pos,0.0,10.0,0-5 mm
NT19,rh,prculs-d,0.0,10.0,0-5 mm
NT19,rh,prcus-a,0.017170379601814202,10.0,0-5 mm
NT19,rh,prcus-i,0.5034219338845254,10.0,0-5 mm
NT19,rh,prcus-p,0.036242568615293166,10.0,0-5 mm
NT19,rh,sbps,0.0,10.0,0-5 mm
NT20,lh,ifrms,0.0,10.0,0-5 mm
NT20,lh,mcgs,0.0,10.0,0-5 mm
NT20,lh,pos,0.05105004907419597,10.0,0-5 mm
NT20,lh,prculs-d,0.07862091711404735,10.0,0-5 mm
NT20,lh,prcus-a,0.0,10.0,0-5 mm
NT20,lh,prcus-i,0.07618696846205125,10.0,0-5 mm
NT20,lh,prcus-p,0.4782421808858361,10.0,0-5 mm
NT20,lh,sbps,0.17977310023854615,10.0,0-5 mm
NT20,rh,ifrms,0.0,10.0,0-5 mm
NT20,rh,mcgs,0.13825965213423727,10.0,0-5 mm
NT20,rh,pos,0.0,10.0,0-5 mm
NT20,rh,prculs-d,0.0,10.0,0-5 mm
NT20,rh,prcus-a,0.00299932736365415,10.0,0-5 mm
NT20,rh,prcus-i,0.12392379931555016,10.0,0-5 mm
NT20,rh,prcus-p,0.0,10.0,0-5 mm
NT20,rh,sbps,0.0,10.0,0-5 mm
NT21,lh,ifrms,0.0,10.0,0-5 mm
NT21,lh,mcgs,0.0,10.0,0-5 mm
NT21,lh,pos,0.0,10.0,0-5 mm
NT21,lh,prculs-d,0.1397477273868259,10.0,0-5 mm
NT21,lh,prcus-a,0.057641283672372576,10.0,0-5 mm
NT21,lh,prcus-i,0.640577386519058,10.0,0-5 mm
NT21,lh,prcus-p,0.048626389402667045,10.0,0-5 mm
NT21,lh,sbps,0.2282973031435509,10.0,0-5 mm
NT21,rh,ifrms,0.0,10.0,0-5 mm
NT21,rh,mcgs,0.0,10.0,0-5 mm
NT21,rh,pos,0.000246030123743975,10.0,0-5 mm
NT21,rh,prculs-d,0.07169322089906131,10.0,0-5 mm
NT21,rh,prcus-a,0.0,10.0,0-5 mm
NT21,rh,prcus-i,0.0037490948829616995,10.0,0-5 mm
NT21,rh,prcus-p,0.4558276387313498,10.0,0-5 mm
NT21,rh,sbps,0.1914956985914527,10.0,0-5 mm
NT22,lh,ifrms,0.0,10.0,0-5 mm
NT22,lh,mcgs,0.0,10.0,0-5 mm
NT22,lh,pos,0.0,10.0,0-5 mm
NT22,lh,prculs-d,0.0,10.0,0-5 mm
NT22,lh,prcus-a,0.13449467039622723,10.0,0-5 mm
NT22,lh,prcus-i,0.5608962705630051,10.0,0-5 mm
NT22,lh,prcus-p,0.08340302175738114,10.0,0-5 mm
NT22,lh,sbps,0.2683745626290573,10.0,0-5 mm
NT22,rh,ifrms,0.0,10.0,0-5 mm
NT22,rh,mcgs,0.0,10.0,0-5 mm
NT22,rh,pos,0.061540365916004626,10.0,0-5 mm
NT22,rh,prculs-d,0.001561252958288425,10.0,0-5 mm
NT22,rh,prcus-a,0.025723366549586145,10.0,0-5 mm
NT22,rh,prcus-i,0.16409784005203285,10.0,0-5 mm
NT22,rh,prcus-p,0.33462554000259986,10.0,0-5 mm
NT22,rh,sbps,0.2232411970581445,10.0,0-5 mm
NT23,lh,ifrms,0.0,10.0,0-5 mm
NT23,lh,mcgs,0.0,10.0,0-5 mm
NT23,lh,pos,0.0,10.0,0-5 mm
NT23,lh,prculs-d,0.0,10.0,0-5 mm
NT23,lh,prcus-a,0.0,10.0,0-5 mm
NT23,lh,prcus-i,0.343091976886724,10.0,0-5 mm
NT23,lh,prcus-p,0.0,10.0,0-5 mm
NT23,lh,sbps,0.0,10.0,0-5 mm
NT23,rh,ifrms,0.0,10.0,0-5 mm
NT23,rh,mcgs,0.0,10.0,0-5 mm
NT23,rh,pos,0.0,10.0,0-5 mm
NT23,rh,prculs-d,0.0,10.0,0-5 mm
NT23,rh,prcus-a,0.0,10.0,0-5 mm
NT23,rh,prcus-i,0.24779377057256008,10.0,0-5 mm
NT23,rh,prcus-p,0.13486580864434625,10.0,0-5 mm
NT23,rh,sbps,0.0,10.0,0-5 mm
NT24,lh,ifrms,0.0,10.0,0-5 mm
NT24,lh,mcgs,0.0,10.0,0-5 mm
NT24,lh,pos,0.0,10.0,0-5 mm
NT24,lh,prculs-d,0.003572466121089075,10.0,0-5 mm
NT24,lh,prcus-a,0.01941498853857675,10.0,0-5 mm
NT24,lh,prcus-i,0.4384910247185185,10.0,0-5 mm
NT24,lh,prcus-p,0.07607551133985413,10.0,0-5 mm
NT24,lh,sbps,0.0,10.0,0-5 mm
NT24,rh,ifrms,0.0,10.0,0-5 mm
NT24,rh,mcgs,0.0,10.0,0-5 mm
NT24,rh,pos,0.03629823212151655,10.0,0-5 mm
NT24,rh,prculs-d,0.039948786652081625,10.0,0-5 mm
NT24,rh,prcus-a,0.001002528894497225,10.0,0-5 mm
NT24,rh,prcus-i,0.09074999798218711,10.0,0-5 mm
NT24,rh,prcus-p,0.1503897364191229,10.0,0-5 mm
NT24,rh,sbps,0.08649169945351015,10.0,0-5 mm
NT25,lh,ifrms,0.0,10.0,0-5 mm
NT25,lh,mcgs,0.0,10.0,0-5 mm
NT25,lh,pos,0.0476166505756998,10.0,0-5 mm
NT25,lh,prculs-d,0.5865686095249307,10.0,0-5 mm
NT25,lh,prcus-a,0.0,10.0,0-5 mm
NT25,lh,prcus-i,0.027897409881466773,10.0,0-5 mm
NT25,lh,prcus-p,0.25131543381483307,10.0,0-5 mm
NT25,lh,sbps,0.0,10.0,0-5 mm
NT25,rh,ifrms,0.0,10.0,0-5 mm
NT25,rh,mcgs,0.0,10.0,0-5 mm
NT25,rh,pos,0.07381153203336974,10.0,0-5 mm
NT25,rh,prculs-d,0.1777990127142255,10.0,0-5 mm
NT25,rh,prcus-a,0.0,10.0,0-5 mm
NT25,rh,prcus-i,0.0,10.0,0-5 mm
NT25,rh,prcus-p,0.21437531597581772,10.0,0-5 mm
NT25,rh,sbps,0.0,10.0,0-5 mm
NT26,lh,ifrms,0.0,10.0,0-5 mm
NT26,lh,mcgs,0.0,10.0,0-5 mm
NT26,lh,pos,0.0,10.0,0-5 mm
NT26,lh,prculs-d,0.11283381401006976,10.0,0-5 mm
NT26,lh,prcus-a,0.0,10.0,0-5 mm
NT26,lh,prcus-i,0.11629704672468015,10.0,0-5 mm
NT26,lh,prcus-p,0.4028608067181391,10.0,0-5 mm
NT26,lh,sbps,0.0,10.0,0-5 mm
NT26,rh,ifrms,0.0,10.0,0-5 mm
NT26,rh,mcgs,0.0,10.0,0-5 mm
NT26,rh,pos,0.00280025142551625,10.0,0-5 mm
NT26,rh,prculs-d,0.19134731671516111,10.0,0-5 mm
NT26,rh,prcus-a,0.0,10.0,0-5 mm
NT26,rh,prcus-i,0.0,10.0,0-5 mm
NT26,rh,prcus-p,0.2021747263034694,10.0,0-5 mm
NT26,rh,sbps,0.001882081289406425,10.0,0-5 mm
NT27,lh,ifrms,0.0,10.0,0-5 mm
NT27,lh,mcgs,0.0,10.0,0-5 mm
NT27,lh,pos,0.0,10.0,0-5 mm
NT27,lh,prculs-d,0.008857181606933277,10.0,0-5 mm
NT27,lh,prcus-a,0.09277517172546045,10.0,0-5 mm
NT27,lh,prcus-i,0.5079962567049605,10.0,0-5 mm
NT27,lh,prcus-p,0.2142558864684238,10.0,0-5 mm
NT27,lh,sbps,0.05340972890540783,10.0,0-5 mm
NT27,rh,ifrms,0.0,10.0,0-5 mm
NT27,rh,mcgs,0.0,10.0,0-5 mm
NT27,rh,pos,0.0,10.0,0-5 mm
NT27,rh,prculs-d,0.3114494770595504,10.0,0-5 mm
NT27,rh,prcus-a,0.005993919694229725,10.0,0-5 mm
NT27,rh,prcus-i,0.3342265889952459,10.0,0-5 mm
NT27,rh,prcus-p,0.06630928668888705,10.0,0-5 mm
NT27,rh,sbps,0.0,10.0,0-5 mm
NT3,lh,ifrms,0.0,10.0,0-5 mm
NT3,lh,mcgs,0.0,10.0,0-5 mm
NT3,lh,pos,0.04747414906951865,10.0,0-5 mm
NT3,lh,prculs-d,0.6591061845042466,10.0,0-5 mm
NT3,lh,prcus-a,0.0,10.0,0-5 mm
NT3,lh,prcus-i,0.059467851368403025,10.0,0-5 mm
NT3,lh,prcus-p,0.0429514395265133,10.0,0-5 mm
NT3,lh,sbps,0.0,10.0,0-5 mm
NT3,rh,ifrms,0.0,10.0,0-5 mm
NT3,rh,mcgs,0.0,10.0,0-5 mm
NT3,rh,pos,0.2871522753359476,10.0,0-5 mm
NT3,rh,prculs-d,0.24353921654330338,10.0,0-5 mm
NT3,rh,prcus-a,0.0,10.0,0-5 mm
NT3,rh,prcus-i,0.0,10.0,0-5 mm
NT3,rh,prcus-p,0.04904972521121115,10.0,0-5 mm
NT3,rh,sbps,0.0,10.0,0-5 mm
NT5,lh,ifrms,0.0,10.0,0-5 mm
NT5,lh,mcgs,0.0,10.0,0-5 mm
NT5,lh,pos,0.0,10.0,0-5 mm
NT5,lh,prculs-d,0.0,10.0,0-5 mm
NT5,lh,prcus-a,0.04228803958268363,10.0,0-5 mm
NT5,lh,prcus-i,0.5943830950137531,10.0,0-5 mm
NT5,lh,prcus-p,0.14809534439063576,10.0,0-5 mm
NT5,lh,sbps,0.0341916318752648,10.0,0-5 mm
NT5,rh,ifrms,0.0,10.0,0-5 mm
NT5,rh,mcgs,0.0,10.0,0-5 mm
NT5,rh,pos,0.0,10.0,0-5 mm
NT5,rh,prculs-d,0.0196735451723265,10.0,0-5 mm
NT5,rh,prcus-a,0.26548958146572066,10.0,0-5 mm
NT5,rh,prcus-i,0.614826102427964,10.0,0-5 mm
NT5,rh,prcus-p,0.0663100193680207,10.0,0-5 mm
NT5,rh,sbps,0.09018569339147378,10.0,0-5 mm
NT6,lh,ifrms,0.0,10.0,0-5 mm
NT6,lh,mcgs,0.0,10.0,0-5 mm
NT6,lh,pos,0.0,10.0,0-5 mm
NT6,lh,prculs-d,0.006474516636287775,10.0,0-5 mm
NT6,lh,prcus-a,0.0,10.0,0-5 mm
NT6,lh,prcus-i,0.000706296600423225,10.0,0-5 mm
NT6,lh,prcus-p,0.21378966226982382,10.0,0-5 mm
NT6,lh,sbps,0.19390786644182062,10.0,0-5 mm
NT6,rh,ifrms,0.0,10.0,0-5 mm
NT6,rh,mcgs,0.0,10.0,0-5 mm
NT6,rh,pos,0.0,10.0,0-5 mm
NT6,rh,prculs-d,0.2447683774778763,10.0,0-5 mm
NT6,rh,prcus-a,0.0,10.0,0-5 mm
NT6,rh,prcus-i,0.004079524795892725,10.0,0-5 mm
NT6,rh,prcus-p,0.3235766586560088,10.0,0-5 mm
NT6,rh,sbps,0.0,10.0,0-5 mm
NT7,lh,ifrms,0.0,10.0,0-5 mm
NT7,lh,mcgs,0.0,10.0,0-5 mm
NT7,lh,pos,0.000164421648691925,10.0,0-5 mm
NT7,lh,prculs-d,0.23717218061223302,10.0,0-5 mm
NT7,lh,prcus-a,0.0,10.0,0-5 mm
NT7,lh,prcus-i,0.0,10.0,0-5 mm
NT7,lh,prcus-p,0.3212258084617955,10.0,0-5 mm
NT7,lh,sbps,0.0,10.0,0-5 mm
NT7,rh,ifrms,0.0,10.0,0-5 mm
NT7,rh,mcgs,0.0,10.0,0-5 mm
NT7,rh,pos,0.06633339396368085,10.0,0-5 mm
NT7,rh,prculs-d,0.19828981293345055,10.0,0-5 mm
NT7,rh,prcus-a,0.0,10.0,0-5 mm
NT7,rh,prcus-i,0.03571908920500928,10.0,0-5 mm
NT7,rh,prcus-p,0.39024270479587536,10.0,0-5 mm
NT7,rh,sbps,0.08783440120129762,10.0,0-5 mm
NT8,lh,ifrms,0.0,10.0,0-5 mm
NT8,lh,mcgs,0.0,10.0,0-5 mm
NT8,lh,pos,0.0,10.0,0-5 mm
NT8,lh,prculs-d,0.0,10.0,0-5 mm
NT8,lh,prcus-a,0.01638304088070545,10.0,0-5 mm
NT8,lh,prcus-i,0.14839774358793903,10.0,0-5 mm
NT8,lh,prcus-p,0.25430510382862215,10.0,0-5 mm
NT8,lh,sbps,0.022301452624683853,10.0,0-5 mm
NT8,rh,ifrms,0.0,10.0,0-5 mm
NT8,rh,mcgs,0.0,10.0,0-5 mm
NT8,rh,pos,0.01645066911609678,10.0,0-5 mm
NT8,rh,prculs-d,0.0,10.0,0-5 mm
NT8,rh,prcus-a,0.0,10.0,0-5 mm
NT8,rh,prcus-i,0.28524956425635617,10.0,0-5 mm
NT8,rh,prcus-p,0.5061049057711936,10.0,0-5 mm
NT8,rh,sbps,0.12879746624395164,10.0,0-5 mm
NT9,lh,ifrms,0.0,10.0,0-5 mm
NT9,lh,mcgs,0.0,10.0,0-5 mm
NT9,lh,pos,0.04977577385375938,10.0,0-5 mm
NT9,lh,prculs-d,0.08215182133725273,10.0,0-5 mm
NT9,lh,prcus-a,0.007217876141122801,10.0,0-5 mm
NT9,lh,prcus-i,0.39072580964783626,10.0,0-5 mm
NT9,lh,prcus-p,0.20718979289544825,10.0,0-5 mm
NT9,lh,sbps,0.09224063334767503,10.0,0-5 mm
NT9,rh,ifrms,0.0,10.0,0-5 mm
NT9,rh,mcgs,0.0,10.0,0-5 mm
NT9,rh,pos,0.001163642948722725,10.0,0-5 mm
NT9,rh,prculs-d,0.0563575822032782,10.0,0-5 mm
NT9,rh,prcus-a,0.0,10.0,0-5 mm
NT9,rh,prcus-i,0.05842730828792483,10.0,0-5 mm
NT9,rh,prcus-p,0.3436102756152385,10.0,0-5 mm
NT9,rh,sbps,0.19447874844620003,10.0,0-5 mm
DP10,lh,ifrms,0.0,10.0,0-10 mm
DP10,lh,mcgs,0.0,10.0,0-10 mm
DP10,lh,pos,0.006702507986281049,10.0,0-10 mm
DP10,lh,prculs-d,0.0,10.0,0-10 mm
DP10,lh,prcus-a,0.03144491206535649,10.0,0-10 mm
DP10,lh,prcus-i,0.27248731127014747,10.0,0-10 mm
DP10,lh,prcus-p,0.42309947721006436,10.0,0-10 mm
DP10,lh,sbps,0.3621191807407772,10.0,0-10 mm
DP10,rh,ifrms,0.0,10.0,0-10 mm
DP10,rh,mcgs,0.0,10.0,0-10 mm
DP10,rh,pos,0.25744801101314885,10.0,0-10 mm
DP10,rh,prculs-d,0.31677606099031086,10.0,0-10 mm
DP10,rh,prcus-a,0.0,10.0,0-10 mm
DP10,rh,prcus-i,0.0,10.0,0-10 mm
DP10,rh,prcus-p,0.0,10.0,0-10 mm
DP10,rh,sbps,0.0,10.0,0-10 mm
DP11,lh,ifrms,0.0,10.0,0-10 mm
DP11,lh,mcgs,0.0,10.0,0-10 mm
DP11,lh,pos,0.10107235999337658,10.0,0-10 mm
DP11,lh,prculs-d,0.005086496865514713,10.0,0-10 mm
DP11,lh,prcus-a,0.051878232878732986,10.0,0-10 mm
DP11,lh,prcus-i,0.22539630848025816,10.0,0-10 mm
DP11,lh,prcus-p,0.5297127310734664,10.0,0-10 mm
DP11,lh,sbps,0.22417860314938834,10.0,0-10 mm
DP11,rh,ifrms,0.0,10.0,0-10 mm
DP11,rh,mcgs,0.0,10.0,0-10 mm
DP11,rh,pos,0.06133959695228917,10.0,0-10 mm
DP11,rh,prculs-d,0.1569458219295249,10.0,0-10 mm
DP11,rh,prcus-a,0.05762036000354109,10.0,0-10 mm
DP11,rh,prcus-i,0.05949811027731765,10.0,0-10 mm
DP11,rh,prcus-p,0.4360696825629241,10.0,0-10 mm
DP11,rh,sbps,0.32501679879462053,10.0,0-10 mm
DP12,lh,ifrms,0.0,10.0,0-10 mm
DP12,lh,mcgs,0.0,10.0,0-10 mm
DP12,lh,pos,0.011009989518191562,10.0,0-10 mm
DP12,lh,prculs-d,0.12434767648053077,10.0,0-10 mm
DP12,lh,prcus-a,0.0,10.0,0-10 mm
DP12,lh,prcus-i,0.1533792501094438,10.0,0-10 mm
DP12,lh,prcus-p,0.4808331678596267,10.0,0-10 mm
DP12,lh,sbps,0.15906348228630723,10.0,0-10 mm
DP12,rh,ifrms,0.0,10.0,0-10 mm
DP12,rh,mcgs,0.0,10.0,0-10 mm
DP12,rh,pos,0.0,10.0,0-10 mm
DP12,rh,prculs-d,0.0,10.0,0-10 mm
DP12,rh,prcus-a,0.0,10.0,0-10 mm
DP12,rh,prcus-i,0.14110864159130743,10.0,0-10 mm
DP12,rh,prcus-p,0.3543364375885223,10.0,0-10 mm
DP12,rh,sbps,0.08000821157794165,10.0,0-10 mm
DP13,lh,ifrms,0.0,10.0,0-10 mm
DP13,lh,mcgs,0.0,10.0,0-10 mm
DP13,lh,pos,0.001312364299163775,10.0,0-10 mm
DP13,lh,prculs-d,0.09864709158846378,10.0,0-10 mm
DP13,lh,prcus-a,0.008095627533986748,10.0,0-10 mm
DP13,lh,prcus-i,0.03698565649026149,10.0,0-10 mm
DP13,lh,prcus-p,0.41012414818613374,10.0,0-10 mm
DP13,lh,sbps,0.29651097545898814,10.0,0-10 mm
DP13,rh,ifrms,0.0,10.0,0-10 mm
DP13,rh,mcgs,0.0,10.0,0-10 mm
DP13,rh,pos,0.036674779903653885,10.0,0-10 mm
DP13,rh,prculs-d,0.19666341004637777,10.0,0-10 mm
DP13,rh,prcus-a,0.0,10.0,0-10 mm
DP13,rh,prcus-i,0.0009783445214513375,10.0,0-10 mm
DP13,rh,prcus-p,0.41975297940945777,10.0,0-10 mm
DP13,rh,sbps,0.12123214413407095,10.0,0-10 mm
DP14,lh,ifrms,0.0,10.0,0-10 mm
DP14,lh,mcgs,0.0,10.0,0-10 mm
DP14,lh,pos,0.029177692955186484,10.0,0-10 mm
DP14,lh,prculs-d,0.41553640854512075,10.0,0-10 mm
DP14,lh,prcus-a,0.0,10.0,0-10 mm
DP14,lh,prcus-i,0.000322284627385925,10.0,0-10 mm
DP14,lh,prcus-p,0.2669357513206381,10.0,0-10 mm
DP14,lh,sbps,0.08650571360600248,10.0,0-10 mm
DP14,rh,ifrms,0.0,10.0,0-10 mm
DP14,rh,mcgs,0.0,10.0,0-10 mm
DP14,rh,pos,0.00531031267478335,10.0,0-10 mm
DP14,rh,prculs-d,0.12711213900181928,10.0,0-10 mm
DP14,rh,prcus-a,0.0,10.0,0-10 mm
DP14,rh,prcus-i,0.005647246771188913,10.0,0-10 mm
DP14,rh,prcus-p,0.21530816070893755,10.0,0-10 mm
DP14,rh,sbps,0.24567658343775428,10.0,0-10 mm
DP15,lh,ifrms,0.015630915046401676,10.0,0-10 mm
DP15,lh,mcgs,0.0,10.0,0-10 mm
DP15,lh,pos,0.0,10.0,0-10 mm
DP15,lh,prculs-d,0.0,10.0,0-10 mm
DP15,lh,prcus-a,0.2968155934611231,10.0,0-10 mm
DP15,lh,prcus-i,0.09595403457047151,10.0,0-10 mm
DP15,lh,prcus-p,0.0008576086758460375,10.0,0-10 mm
DP15,lh,sbps,0.45530747484248846,10.0,0-10 mm
DP15,rh,ifrms,0.0,10.0,0-10 mm
DP15,rh,mcgs,0.0,10.0,0-10 mm
DP15,rh,pos,0.022775133553213586,10.0,0-10 mm
DP15,rh,prculs-d,0.34128568394734504,10.0,0-10 mm
DP15,rh,prcus-a,0.0,10.0,0-10 mm
DP15,rh,prcus-i,0.02218299076332879,10.0,0-10 mm
DP15,rh,prcus-p,0.21004015933477876,10.0,0-10 mm
DP15,rh,sbps,0.31623575713957697,10.0,0-10 mm
DP16,lh,ifrms,0.0,10.0,0-10 mm
DP16,lh,mcgs,0.0,10.0,0-10 mm
DP16,lh,pos,0.07841906272327118,10.0,0-10 mm
DP16,lh,prculs-d,0.036565067324254096,10.0,0-10 mm
DP16,lh,prcus-a,0.0,10.0,0-10 mm
DP16,lh,prcus-i,0.11333817702154367,10.0,0-10 mm
DP16,lh,prcus-p,0.4328445200451986,10.0,0-10 mm
DP16,lh,sbps,0.006221260575333475,10.0,0-10 mm
DP16,rh,ifrms,0.0,10.0,0-10 mm
DP16,rh,mcgs,0.0,10.0,0-10 mm
DP16,rh,pos,0.043930199552417296,10.0,0-10 mm
DP16,rh,prculs-d,0.05918172154583927,10.0,0-10 mm
DP16,rh,prcus-a,0.0025872681378096255,10.0,0-10 mm
DP16,rh,prcus-i,0.057145490822240665,10.0,0-10 mm
DP16,rh,prcus-p,0.4860096538017987,10.0,0-10 mm
DP16,rh,sbps,0.007203502024724863,10.0,0-10 mm
DP17,lh,ifrms,0.0,10.0,0-10 mm
DP17,lh,mcgs,0.0,10.0,0-10 mm
DP17,lh,pos,0.05363215220985797,10.0,0-10 mm
DP17,lh,prculs-d,0.0001286357841763875,10.0,0-10 mm
DP17,lh,prcus-a,0.05231542716769601,10.0,0-10 mm
DP17,lh,prcus-i,0.15097446264778216,10.0,0-10 mm
DP17,lh,prcus-p,0.023097849727327414,10.0,0-10 mm
DP17,lh,sbps,0.3387678773180485,10.0,0-10 mm
DP17,rh,ifrms,0.0,10.0,0-10 mm
DP17,rh,mcgs,0.0,10.0,0-10 mm
DP17,rh,pos,0.006767349881001236,10.0,0-10 mm
DP17,rh,prculs-d,0.35189907092766276,10.0,0-10 mm
DP17,rh,prcus-a,0.0,10.0,0-10 mm
DP17,rh,prcus-i,0.20439490503907135,10.0,0-10 mm
DP17,rh,prcus-p,0.2324041357463189,10.0,0-10 mm
DP17,rh,sbps,0.0,10.0,0-10 mm
DP18,lh,ifrms,0.0,10.0,0-10 mm
DP18,lh,mcgs,0.003201157128774662,10.0,0-10 mm
DP18,lh,pos,0.0,10.0,0-10 mm
DP18,lh,prculs-d,0.0,10.0,0-10 mm
DP18,lh,prcus-a,0.4683064102536929,10.0,0-10 mm
DP18,lh,prcus-i,0.1626266011848802,10.0,0-10 mm
DP18,lh,prcus-p,0.0,10.0,0-10 mm
DP18,lh,sbps,0.2665375562007772,10.0,0-10 mm
DP18,rh,ifrms,0.0,10.0,0-10 mm
DP18,rh,mcgs,0.0001842819897613125,10.0,0-10 mm
DP18,rh,pos,0.06394995125389598,10.0,0-10 mm
DP18,rh,prculs-d,0.11133583464402727,10.0,0-10 mm
DP18,rh,prcus-a,0.11646917176447731,10.0,0-10 mm
DP18,rh,prcus-i,0.017164486742782824,10.0,0-10 mm
DP18,rh,prcus-p,0.5465211146269546,10.0,0-10 mm
DP18,rh,sbps,0.2598433576089432,10.0,0-10 mm
DP19,lh,ifrms,0.0,10.0,0-10 mm
DP19,lh,mcgs,0.0,10.0,0-10 mm
DP19,lh,pos,0.0007763020959006625,10.0,0-10 mm
DP19,lh,prculs-d,0.01945753673224264,10.0,0-10 mm
DP19,lh,prcus-a,0.0,10.0,0-10 mm
DP19,lh,prcus-i,0.04051510390302167,10.0,0-10 mm
DP19,lh,prcus-p,0.23719195587379036,10.0,0-10 mm
DP19,lh,sbps,0.3531127875643335,10.0,0-10 mm
DP19,rh,ifrms,0.0,10.0,0-10 mm
DP19,rh,mcgs,0.0,10.0,0-10 mm
DP19,rh,pos,0.03403094722852039,10.0,0-10 mm
DP19,rh,prculs-d,0.19662875836469182,10.0,0-10 mm
DP19,rh,prcus-a,0.0,10.0,0-10 mm
DP19,rh,prcus-i,0.0,10.0,0-10 mm
DP19,rh,prcus-p,0.17781340123184525,10.0,0-10 mm
DP19,rh,sbps,0.2894095856862574,10.0,0-10 mm
DP2,lh,ifrms,0.0,10.0,0-10 mm
DP2,lh,mcgs,0.0,10.0,0-10 mm
DP2,lh,pos,0.02790282426013011,10.0,0-10 mm
DP2,lh,prculs-d,0.18724899398811132,10.0,0-10 mm
DP2,lh,prcus-a,0.0,10.0,0-10 mm
DP2,lh,prcus-i,0.027408217227439535,10.0,0-10 mm
DP2,lh,prcus-p,0.24639821291261416,10.0,0-10 mm
DP2,lh,sbps,0.031392805410631185,10.0,0-10 mm
DP2,rh,ifrms,0.0,10.0,0-10 mm
DP2,rh,mcgs,0.0,10.0,0-10 mm
DP2,rh,pos,0.024346066754837276,10.0,0-10 mm
DP2,rh,prculs-d,0.45523292974191254,10.0,0-10 mm
DP2,rh,prcus-a,0.0,10.0,0-10 mm
DP2,rh,prcus-i,0.0,10.0,0-10 mm
DP2,rh,prcus-p,0.3526077025020044,10.0,0-10 mm
DP2,rh,sbps,0.0019767254124991624,10.0,0-10 mm
DP20,lh,ifrms,0.0,10.0,0-10 mm
DP20,lh,mcgs,0.0,10.0,0-10 mm
DP20,lh,pos,0.11810581760936856,10.0,0-10 mm
DP20,lh,prculs-d,0.023910353312506787,10.0,0-10 mm
DP20,lh,prcus-a,0.006946955208085376,10.0,0-10 mm
DP20,lh,prcus-i,0.04775039355118556,10.0,0-10 mm
DP20,lh,prcus-p,0.5335749543405903,10.0,0-10 mm
DP20,lh,sbps,0.17332505384833968,10.0,0-10 mm
DP20,rh,ifrms,0.0,10.0,0-10 mm
DP20,rh,mcgs,0.013946684043276,10.0,0-10 mm
DP20,rh,pos,0.0,10.0,0-10 mm
DP20,rh,prculs-d,0.0,10.0,0-10 mm
DP20,rh,prcus-a,0.09913709925720592,10.0,0-10 mm
DP20,rh,prcus-i,0.6212357171571923,10.0,0-10 mm
DP20,rh,prcus-p,0.11032993286598983,10.0,0-10 mm
DP20,rh,sbps,0.2471323952312093,10.0,0-10 mm
DP21,lh,ifrms,0.0,10.0,0-10 mm
DP21,lh,mcgs,0.0,10.0,0-10 mm
DP21,lh,pos,0.0604012889746189,10.0,0-10 mm
DP21,lh,prculs-d,0.4116686005405089,10.0,0-10 mm
DP21,lh,prcus-a,0.0035081923704536624,10.0,0-10 mm
DP21,lh,prcus-i,0.1167701982755089,10.0,0-10 mm
DP21,lh,prcus-p,0.12000637548696524,10.0,0-10 mm
DP21,lh,sbps,0.013094591797536437,10.0,0-10 mm
DP21,rh,ifrms,0.0,10.0,0-10 mm
DP21,rh,mcgs,0.0,10.0,0-10 mm
DP21,rh,pos,0.028032015524723414,10.0,0-10 mm
DP21,rh,prculs-d,0.5228234559643262,10.0,0-10 mm
DP21,rh,prcus-a,0.0,10.0,0-10 mm
DP21,rh,prcus-i,0.0,10.0,0-10 mm
DP21,rh,prcus-p,0.0062989395248831005,10.0,0-10 mm
DP21,rh,sbps,0.0,10.0,0-10 mm
DP22,lh,ifrms,0.0,10.0,0-10 mm
DP22,lh,mcgs,0.0,10.0,0-10 mm
DP22,lh,pos,0.016872593249978522,10.0,0-10 mm
DP22,lh,prculs-d,0.0,10.0,0-10 mm
DP22,lh,prcus-a,0.0,10.0,0-10 mm
DP22,lh,prcus-i,0.40844829727654064,10.0,0-10 mm
DP22,lh,prcus-p,0.11293973786003919,10.0,0-10 mm
DP22,lh,sbps,0.0,10.0,0-10 mm
DP22,rh,ifrms,0.0,10.0,0-10 mm
DP22,rh,mcgs,0.0,10.0,0-10 mm
DP22,rh,pos,4.82084990049375e-05,10.0,0-10 mm
DP22,rh,prculs-d,0.14936165742490734,10.0,0-10 mm
DP22,rh,prcus-a,0.0,10.0,0-10 mm
DP22,rh,prcus-i,0.06632059491938344,10.0,0-10 mm
DP22,rh,prcus-p,0.1312493881940701,10.0,0-10 mm
DP22,rh,sbps,0.33852517010885774,10.0,0-10 mm
DP23,lh,ifrms,0.0,10.0,0-10 mm
DP23,lh,mcgs,0.0007517717832202876,10.0,0-10 mm
DP23,lh,pos,0.0,10.0,0-10 mm
DP23,lh,prculs-d,0.0,10.0,0-10 mm
DP23,lh,prcus-a,0.22136791504819048,10.0,0-10 mm
DP23,lh,prcus-i,0.4362303601537868,10.0,0-10 mm
DP23,lh,prcus-p,0.14023594095747285,10.0,0-10 mm
DP23,lh,sbps,0.23176655498585513,10.0,0-10 mm
DP23,rh,ifrms,0.0,10.0,0-10 mm
DP23,rh,mcgs,0.0,10.0,0-10 mm
DP23,rh,pos,0.015696107802686026,10.0,0-10 mm
DP23,rh,prculs-d,0.150281269216689,10.0,0-10 mm
DP23,rh,prcus-a,0.03439704799079711,10.0,0-10 mm
DP23,rh,prcus-i,0.2561655162996869,10.0,0-10 mm
DP23,rh,prcus-p,0.36016808392434163,10.0,0-10 mm
DP23,rh,sbps,0.007650048719117388,10.0,0-10 mm
DP24,lh,ifrms,0.0,10.0,0-10 mm
DP24,lh,mcgs,0.0,10.0,0-10 mm
DP24,lh,pos,0.045800193215298025,10.0,0-10 mm
DP24,lh,prculs-d,0.4525244961333363,10.0,0-10 mm
DP24,lh,prcus-a,0.0,10.0,0-10 mm
DP24,lh,prcus-i,0.042998310422189476,10.0,0-10 mm
DP24,lh,prcus-p,0.5103562309587996,10.0,0-10 mm
DP24,lh,sbps,0.0012027916116491126,10.0,0-10 mm
DP24,rh,ifrms,0.0,10.0,0-10 mm
DP24,rh,mcgs,0.0,10.0,0-10 mm
DP24,rh,pos,0.025523179756111125,10.0,0-10 mm
DP24,rh,prculs-d,0.41769222490680813,10.0,0-10 mm
DP24,rh,prcus-a,0.0,10.0,0-10 mm
DP24,rh,prcus-i,0.0003817177215545125,10.0,0-10 mm
DP24,rh,prcus-p,0.33015090483845766,10.0,0-10 mm
DP24,rh,sbps,0.0,10.0,0-10 mm
DP3,lh,ifrms,0.0,10.0,0-10 mm
DP3,lh,mcgs,0.0,10.0,0-10 mm
DP3,lh,pos,0.0480877428291149,10.0,0-10 mm
DP3,lh,prculs-d,0.0,10.0,0-10 mm
DP3,lh,prcus-a,0.1809060523959866,10.0,0-10 mm
DP3,lh,prcus-i,0.13617583773003694,10.0,0-10 mm
DP3,lh,prcus-p,0.5512065565408273,10.0,0-10 mm
DP3,lh,sbps,0.23515319275360685,10.0,0-10 mm
DP3,rh,ifrms,0.0,10.0,0-10 mm
DP3,rh,mcgs,0.0004176968168632876,10.0,0-10 mm
DP3,rh,pos,0.03274260209537437,10.0,0-10 mm
DP3,rh,prculs-d,0.042863951746212936,10.0,0-10 mm
DP3,rh,prcus-a,0.0,10.0,0-10 mm
DP3,rh,prcus-i,0.14946106587601196,10.0,0-10 mm
DP3,rh,prcus-p,0.6438599337258851,10.0,0-10 mm
DP3,rh,sbps,0.0735512420680916,10.0,0-10 mm
DP4,lh,ifrms,0.0,10.0,0-10 mm
DP4,lh,mcgs,0.0,10.0,0-10 mm
DP4,lh,pos,0.03358749600142021,10.0,0-10 mm
DP4,lh,prculs-d,0.0024274069037027377,10.0,0-10 mm
DP4,lh,prcus-a,0.0,10.0,0-10 mm
DP4,lh,prcus-i,0.08829758751206311,10.0,0-10 mm
DP4,lh,prcus-p,0.30693507766916583,10.0,0-10 mm
DP4,lh,sbps,0.00045478282816291247,10.0,0-10 mm
DP4,rh,ifrms,0.0,10.0,0-10 mm
DP4,rh,mcgs,0.0,10.0,0-10 mm
DP4,rh,pos,0.04916038911504043,10.0,0-10 mm
DP4,rh,prculs-d,0.19973599909322096,10.0,0-10 mm
DP4,rh,prcus-a,0.0,10.0,0-10 mm
DP4,rh,prcus-i,0.010065458628242503,10.0,0-10 mm
DP4,rh,prcus-p,0.5749935373262935,10.0,0-10 mm
DP4,rh,sbps,0.01322102832762479,10.0,0-10 mm
DP5,lh,ifrms,0.0,10.0,0-10 mm
DP5,lh,mcgs,0.003638692120014962,10.0,0-10 mm
DP5,lh,pos,0.0,10.0,0-10 mm
DP5,lh,prculs-d,0.016015513285719686,10.0,0-10 mm
DP5,lh,prcus-a,0.2954719652138742,10.0,0-10 mm
DP5,lh,prcus-i,0.3660573516207902,10.0,0-10 mm
DP5,lh,prcus-p,0.14329488469641177,10.0,0-10 mm
DP5,lh,sbps,0.34584997522132416,10.0,0-10 mm
DP5,rh,ifrms,0.0,10.0,0-10 mm
DP5,rh,mcgs,0.0,10.0,0-10 mm
DP5,rh,pos,0.021146070393450678,10.0,0-10 mm
DP5,rh,prculs-d,0.051138803818999656,10.0,0-10 mm
DP5,rh,prcus-a,0.0,10.0,0-10 mm
DP5,rh,prcus-i,0.07545542892114905,10.0,0-10 mm
DP5,rh,prcus-p,0.5004991860867929,10.0,0-10 mm
DP5,rh,sbps,0.02845234115178441,10.0,0-10 mm
DP7,lh,ifrms,0.0,10.0,0-10 mm
DP7,lh,mcgs,0.0,10.0,0-10 mm
DP7,lh,pos,0.0010504420442633375,10.0,0-10 mm
DP7,lh,prculs-d,0.0,10.0,0-10 mm
DP7,lh,prcus-a,0.05557765694315514,10.0,0-10 mm
DP7,lh,prcus-i,0.3758091615999924,10.0,0-10 mm
DP7,lh,prcus-p,0.18664980534687264,10.0,0-10 mm
DP7,lh,sbps,0.4429320624780594,10.0,0-10 mm
DP7,rh,ifrms,0.0,10.0,0-10 mm
DP7,rh,mcgs,0.0,10.0,0-10 mm
DP7,rh,pos,0.055371567345972664,10.0,0-10 mm
DP7,rh,prculs-d,0.0569716569330377,10.0,0-10 mm
DP7,rh,prcus-a,0.0,10.0,0-10 mm
DP7,rh,prcus-i,0.0,10.0,0-10 mm
DP7,rh,prcus-p,0.4162495931007794,10.0,0-10 mm
DP7,rh,sbps,0.016445716095712163,10.0,0-10 mm
DP8,lh,ifrms,0.0,10.0,0-10 mm
DP8,lh,mcgs,0.021145191281902575,10.0,0-10 mm
DP8,lh,pos,0.0,10.0,0-10 mm
DP8,lh,prculs-d,0.0,10.0,0-10 mm
DP8,lh,prcus-a,0.5251533266518811,10.0,0-10 mm
DP8,lh,prcus-i,0.006453556912856576,10.0,0-10 mm
DP8,lh,prcus-p,0.0017681935583506625,10.0,0-10 mm
DP8,lh,sbps,0.15766775341579495,10.0,0-10 mm
DP8,rh,ifrms,0.0,10.0,0-10 mm
DP8,rh,mcgs,0.0,10.0,0-10 mm
DP8,rh,pos,0.0,10.0,0-10 mm
DP8,rh,prculs-d,0.0010494632101611375,10.0,0-10 mm
DP8,rh,prcus-a,0.3213406419599145,10.0,0-10 mm
DP8,rh,prcus-i,0.2912069612357534,10.0,0-10 mm
DP8,rh,prcus-p,0.12879023129203232,10.0,0-10 mm
DP8,rh,sbps,0.17804886428504085,10.0,0-10 mm
DP9,lh,ifrms,0.0,10.0,0-10 mm
DP9,lh,mcgs,0.0,10.0,0-10 mm
DP9,lh,pos,0.025431463217210203,10.0,0-10 mm
DP9,lh,prculs-d,0.00020592084171672497,10.0,0-10 mm
DP9,lh,prcus-a,0.021876555007020647,10.0,0-10 mm
DP9,lh,prcus-i,0.12765179253436482,10.0,0-10 mm
DP9,lh,prcus-p,0.34532408325013175,10.0,0-10 mm
DP9,lh,sbps,0.47263916510093973,10.0,0-10 mm
DP9,rh,ifrms,0.0,10.0,0-10 mm
DP9,rh,mcgs,0.0,10.0,0-10 mm
DP9,rh,pos,0.09905464303425095,10.0,0-10 mm
DP9,rh,prculs-d,0.009518194690203074,10.0,0-10 mm
DP9,rh,prcus-a,0.0,10.0,0-10 mm
DP9,rh,prcus-i,0.015299130384477711,10.0,0-10 mm
DP9,rh,prcus-p,0.16759880560539953,10.0,0-10 mm
DP9,rh,sbps,0.25983701407893667,10.0,0-10 mm
NT1,lh,ifrms,0.0,10.0,0-10 mm
NT1,lh,mcgs,7.77112633414779e-06,10.0,0-10 mm
NT1,lh,pos,0.0,10.0,0-10 mm
NT1,lh,prculs-d,0.0,10.0,0-10 mm
NT1,lh,prcus-a,0.26713873538335575,10.0,0-10 mm
NT1,lh,prcus-i,0.6011544856153797,10.0,0-10 mm
NT1,lh,prcus-p,0.08866411275869929,10.0,0-10 mm
NT1,lh,sbps,0.11948775980996724,10.0,0-10 mm
NT1,rh,ifrms,0.0,10.0,0-10 mm
NT1,rh,mcgs,0.0,10.0,0-10 mm
NT1,rh,pos,0.0003670409754036,10.0,0-10 mm
NT1,rh,prculs-d,0.15764653311290777,10.0,0-10 mm
NT1,rh,prcus-a,0.0,10.0,0-10 mm
NT1,rh,prcus-i,0.051921342226231015,10.0,0-10 mm
NT1,rh,prcus-p,0.23283227081460628,10.0,0-10 mm
NT1,rh,sbps,0.13179635608398677,10.0,0-10 mm
NT10,lh,ifrms,0.0,10.0,0-10 mm
NT10,lh,mcgs,0.0,10.0,0-10 mm
NT10,lh,pos,0.005136785800594889,10.0,0-10 mm
NT10,lh,prculs-d,0.10541999094057095,10.0,0-10 mm
NT10,lh,prcus-a,0.0,10.0,0-10 mm
NT10,lh,prcus-i,0.08584039913344442,10.0,0-10 mm
NT10,lh,prcus-p,0.45174102458114695,10.0,0-10 mm
NT10,lh,sbps,0.31239296055904425,10.0,0-10 mm
NT10,rh,ifrms,0.0,10.0,0-10 mm
NT10,rh,mcgs,0.0,10.0,0-10 mm
NT10,rh,pos,0.032049339251772814,10.0,0-10 mm
NT10,rh,prculs-d,0.23809049677307814,10.0,0-10 mm
NT10,rh,prcus-a,0.0,10.0,0-10 mm
NT10,rh,prcus-i,0.0,10.0,0-10 mm
NT10,rh,prcus-p,0.05313054255698535,10.0,0-10 mm
NT10,rh,sbps,0.04490768637592295,10.0,0-10 mm
NT11,lh,ifrms,0.0,10.0,0-10 mm
NT11,lh,mcgs,0.0,10.0,0-10 mm
NT11,lh,pos,0.0004458906461094874,10.0,0-10 mm
NT11,lh,prculs-d,0.0964493687112031,10.0,0-10 mm
NT11,lh,prcus-a,0.0,10.0,0-10 mm
NT11,lh,prcus-i,0.1337010628361847,10.0,0-10 mm
NT11,lh,prcus-p,0.5339448950097797,10.0,0-10 mm
NT11,lh,sbps,0.19927357696516612,10.0,0-10 mm
NT11,rh,ifrms,0.0074013380942282,10.0,0-10 mm
NT11,rh,mcgs,0.0,10.0,0-10 mm
NT11,rh,pos,0.05809253476422356,10.0,0-10 mm
NT11,rh,prculs-d,0.28906996293557097,10.0,0-10 mm
NT11,rh,prcus-a,0.0,10.0,0-10 mm
NT11,rh,prcus-i,0.03159328266181129,10.0,0-10 mm
NT11,rh,prcus-p,0.27017544668308713,10.0,0-10 mm
NT11,rh,sbps,0.2169164259528767,10.0,0-10 mm
NT12,lh,ifrms,0.0,10.0,0-10 mm
NT12,lh,mcgs,0.0,10.0,0-10 mm
NT12,lh,pos,0.037476316879668056,10.0,0-10 mm
NT12,lh,prculs-d,0.42290699215267474,10.0,0-10 mm
NT12,lh,prcus-a,0.0,10.0,0-10 mm
NT12,lh,prcus-i,0.0012638780340367124,10.0,0-10 mm
NT12,lh,prcus-p,0.1375085837384412,10.0,0-10 mm
NT12,lh,sbps,0.0,10.0,0-10 mm
NT12,rh,ifrms,0.0,10.0,0-10 mm
NT12,rh,mcgs,0.0,10.0,0-10 mm
NT12,rh,pos,0.04321302356977465,10.0,0-10 mm
NT12,rh,prculs-d,0.5300220004338152,10.0,0-10 mm
NT12,rh,prcus-a,0.0,10.0,0-10 mm
NT12,rh,prcus-i,0.0,10.0,0-10 mm
NT12,rh,prcus-p,0.04947278718159563,10.0,0-10 mm
NT12,rh,sbps,0.0,10.0,0-10 mm
NT13,lh,ifrms,0.0,10.0,0-10 mm
NT13,lh,mcgs,0.0,10.0,0-10 mm
NT13,lh,pos,0.0,10.0,0-10 mm
NT13,lh,prculs-d,0.07090323420215061,10.0,0-10 mm
NT13,lh,prcus-a,0.0,10.0,0-10 mm
NT13,lh,prcus-i,0.008286174831847338,10.0,0-10 mm
NT13,lh,prcus-p,0.4696101706794614,10.0,0-10 mm
NT13,lh,sbps,0.0,10.0,0-10 mm
NT13,rh,ifrms,0.0,10.0,0-10 mm
NT13,rh,mcgs,0.0,10.0,0-10 mm
NT13,rh,pos,0.020016020284090587,10.0,0-10 mm
NT13,rh,prculs-d,0.00168875807884995,10.0,0-10 mm
NT13,rh,prcus-a,0.0,10.0,0-10 mm
NT13,rh,prcus-i,0.07928396785255604,10.0,0-10 mm
NT13,rh,prcus-p,0.1432489744615934,10.0,0-10 mm
NT13,rh,sbps,0.3982821269213853,10.0,0-10 mm
NT14,lh,ifrms,0.0,10.0,0-10 mm
NT14,lh,mcgs,0.0,10.0,0-10 mm
NT14,lh,pos,0.0,10.0,0-10 mm
NT14,lh,prculs-d,0.07515811992124743,10.0,0-10 mm
NT14,lh,prcus-a,0.0,10.0,0-10 mm
NT14,lh,prcus-i,0.16355600370534246,10.0,0-10 mm
NT14,lh,prcus-p,0.585757176562154,10.0,0-10 mm
NT14,lh,sbps,0.07625088991964306,10.0,0-10 mm
NT14,rh,ifrms,0.0,10.0,0-10 mm
NT14,rh,mcgs,0.0714892424815206,10.0,0-10 mm
NT14,rh,pos,0.0,10.0,0-10 mm
NT14,rh,prculs-d,0.0,10.0,0-10 mm
NT14,rh,prcus-a,0.0,10.0,0-10 mm
NT14,rh,prcus-i,0.09081281436754396,10.0,0-10 mm
NT14,rh,prcus-p,0.0,10.0,0-10 mm
NT14,rh,sbps,0.0,10.0,0-10 mm
NT15,lh,ifrms,0.0011474526502387875,10.0,0-10 mm
NT15,lh,mcgs,0.0,10.0,0-10 mm
NT15,lh,pos,0.0022231753271840125,10.0,0-10 mm
NT15,lh,prculs-d,0.016256436216535424,10.0,0-10 mm
NT15,lh,prcus-a,0.0,10.0,0-10 mm
NT15,lh,prcus-i,0.12971774083096882,10.0,0-10 mm
NT15,lh,prcus-p,0.13614410057036078,10.0,0-10 mm
NT15,lh,sbps,0.5520502389732354,10.0,0-10 mm
NT15,rh,ifrms,0.0,10.0,0-10 mm
NT15,rh,mcgs,0.0,10.0,0-10 mm
NT15,rh,pos,0.09907830110613106,10.0,0-10 mm
NT15,rh,prculs-d,0.017655427285265347,10.0,0-10 mm
NT15,rh,prcus-a,0.0,10.0,0-10 mm
NT15,rh,prcus-i,0.11442890711073497,10.0,0-10 mm
NT15,rh,prcus-p,0.4112379691409485,10.0,0-10 mm
NT15,rh,sbps,0.4225055053974063,10.0,0-10 mm
NT16,lh,ifrms,0.0,10.0,0-10 mm
NT16,lh,mcgs,0.009253528360657837,10.0,0-10 mm
NT16,lh,pos,0.0,10.0,0-10 mm
NT16,lh,prculs-d,0.0,10.0,0-10 mm
NT16,lh,prcus-a,0.02624727627589297,10.0,0-10 mm
NT16,lh,prcus-i,0.49252598959835525,10.0,0-10 mm
NT16,lh,prcus-p,0.3305343039071101,10.0,0-10 mm
NT16,lh,sbps,0.048623288466580664,10.0,0-10 mm
NT16,rh,ifrms,0.0,10.0,0-10 mm
NT16,rh,mcgs,0.0,10.0,0-10 mm
NT16,rh,pos,0.0,10.0,0-10 mm
NT16,rh,prculs-d,0.038618475804141975,10.0,0-10 mm
NT16,rh,prcus-a,0.06930403784725214,10.0,0-10 mm
NT16,rh,prcus-i,0.6633444298898687,10.0,0-10 mm
NT16,rh,prcus-p,0.21691634203941357,10.0,0-10 mm
NT16,rh,sbps,0.024276961055094113,10.0,0-10 mm
NT17,lh,ifrms,0.0,10.0,0-10 mm
NT17,lh,mcgs,0.0,10.0,0-10 mm
NT17,lh,pos,0.004314130420117325,10.0,0-10 mm
NT17,lh,prculs-d,0.026913077791157137,10.0,0-10 mm
NT17,lh,prcus-a,0.15331751499961976,10.0,0-10 mm
NT17,lh,prcus-i,0.20442379864615784,10.0,0-10 mm
NT17,lh,prcus-p,0.5775158873507855,10.0,0-10 mm
NT17,lh,sbps,0.32752537224930584,10.0,0-10 mm
NT17,rh,ifrms,0.0,10.0,0-10 mm
NT17,rh,mcgs,0.0,10.0,0-10 mm
NT17,rh,pos,0.10718056261965676,10.0,0-10 mm
NT17,rh,prculs-d,0.04121076476342559,10.0,0-10 mm
NT17,rh,prcus-a,0.0,10.0,0-10 mm
NT17,rh,prcus-i,0.0,10.0,0-10 mm
NT17,rh,prcus-p,0.041142532520120845,10.0,0-10 mm
NT17,rh,sbps,0.06377158202807756,10.0,0-10 mm
NT18,lh,ifrms,0.0,10.0,0-10 mm
NT18,lh,mcgs,0.0,10.0,0-10 mm
NT18,lh,pos,0.016933259029669512,10.0,0-10 mm
NT18,lh,prculs-d,0.16422887256451077,10.0,0-10 mm
NT18,lh,prcus-a,0.0,10.0,0-10 mm
NT18,lh,prcus-i,0.004318553927914375,10.0,0-10 mm
NT18,lh,prcus-p,0.3167877032881201,10.0,0-10 mm
NT18,lh,sbps,0.21449586111573277,10.0,0-10 mm
NT18,rh,ifrms,0.0,10.0,0-10 mm
NT18,rh,mcgs,0.0,10.0,0-10 mm
NT18,rh,pos,0.046749666660218715,10.0,0-10 mm
NT18,rh,prculs-d,0.3450956328202749,10.0,0-10 mm
NT18,rh,prcus-a,0.0,10.0,0-10 mm
NT18,rh,prcus-i,0.0020922166680203877,10.0,0-10 mm
NT18,rh,prcus-p,0.30867666311116226,10.0,0-10 mm
NT18,rh,sbps,0.07358911482702965,10.0,0-10 mm
NT19,lh,ifrms,0.0,10.0,0-10 mm
NT19,lh,mcgs,0.0,10.0,0-10 mm
NT19,lh,pos,0.0,10.0,0-10 mm
NT19,lh,prculs-d,0.075709093069714,10.0,0-10 mm
NT19,lh,prcus-a,0.0125981374609067,10.0,0-10 mm
NT19,lh,prcus-i,0.2695442922675645,10.0,0-10 mm
NT19,lh,prcus-p,0.45070545975919724,10.0,0-10 mm
NT19,lh,sbps,0.026410012388784376,10.0,0-10 mm
NT19,rh,ifrms,0.0,10.0,0-10 mm
NT19,rh,mcgs,0.0,10.0,0-10 mm
NT19,rh,pos,0.0,10.0,0-10 mm
NT19,rh,prculs-d,0.0005560371661000125,10.0,0-10 mm
NT19,rh,prcus-a,0.04821310162574248,10.0,0-10 mm
NT19,rh,prcus-i,0.43549393128127195,10.0,0-10 mm
NT19,rh,prcus-p,0.09034813201870615,10.0,0-10 mm
NT19,rh,sbps,0.0003716433250865,10.0,0-10 mm
NT20,lh,ifrms,0.0,10.0,0-10 mm
NT20,lh,mcgs,0.0,10.0,0-10 mm
NT20,lh,pos,0.08977278798008148,10.0,0-10 mm
NT20,lh,prculs-d,0.102516955553514,10.0,0-10 mm
NT20,lh,prcus-a,0.0,10.0,0-10 mm
NT20,lh,prcus-i,0.09512251437175825,10.0,0-10 mm
NT20,lh,prcus-p,0.5591555623447102,10.0,0-10 mm
NT20,lh,sbps,0.18839392020371964,10.0,0-10 mm
NT20,rh,ifrms,0.0,10.0,0-10 mm
NT20,rh,mcgs,0.14650693384542665,10.0,0-10 mm
NT20,rh,pos,0.0,10.0,0-10 mm
NT20,rh,prculs-d,0.0,10.0,0-10 mm
NT20,rh,prcus-a,0.03425866495584656,10.0,0-10 mm
NT20,rh,prcus-i,0.16431498988618945,10.0,0-10 mm
NT20,rh,prcus-p,0.00013106071351025,10.0,0-10 mm
NT20,rh,sbps,0.0,10.0,0-10 mm
NT21,lh,ifrms,0.0,10.0,0-10 mm
NT21,lh,mcgs,0.0,10.0,0-10 mm
NT21,lh,pos,0.003802279420773675,10.0,0-10 mm
NT21,lh,prculs-d,0.14553998621382655,10.0,0-10 mm
NT21,lh,prcus-a,0.09954927510045868,10.0,0-10 mm
NT21,lh,prcus-i,0.6651901637672303,10.0,0-10 mm
NT21,lh,prcus-p,0.10938066404807083,10.0,0-10 mm
NT21,lh,sbps,0.2554827701680564,10.0,0-10 mm
NT21,rh,ifrms,0.0,10.0,0-10 mm
NT21,rh,mcgs,0.0,10.0,0-10 mm
NT21,rh,pos,0.004235853048950912,10.0,0-10 mm
NT21,rh,prculs-d,0.13473216924338902,10.0,0-10 mm
NT21,rh,prcus-a,0.0,10.0,0-10 mm
NT21,rh,prcus-i,0.02147654653226705,10.0,0-10 mm
NT21,rh,prcus-p,0.5526937540702569,10.0,0-10 mm
NT21,rh,sbps,0.20512708070422683,10.0,0-10 mm
NT22,lh,ifrms,0.0,10.0,0-10 mm
NT22,lh,mcgs,0.0008946052801856624,10.0,0-10 mm
NT22,lh,pos,0.0,10.0,0-10 mm
NT22,lh,prculs-d,0.0,10.0,0-10 mm
NT22,lh,prcus-a,0.19529576895700607,10.0,0-10 mm
NT22,lh,prcus-i,0.6051312304685936,10.0,0-10 mm
NT22,lh,prcus-p,0.17290249353055218,10.0,0-10 mm
NT22,lh,sbps,0.2561930319949105,10.0,0-10 mm
NT22,rh,ifrms,0.0,10.0,0-10 mm
NT22,rh,mcgs,0.0,10.0,0-10 mm
NT22,rh,pos,0.06055008767635377,10.0,0-10 mm
NT22,rh,prculs-d,0.01208781788924855,10.0,0-10 mm
NT22,rh,prcus-a,0.052578258047732994,10.0,0-10 mm
NT22,rh,prcus-i,0.22979358301095512,10.0,0-10 mm
NT22,rh,prcus-p,0.45764978850764315,10.0,0-10 mm
NT22,rh,sbps,0.24495575426477645,10.0,0-10 mm
NT23,lh,ifrms,0.0,10.0,0-10 mm
NT23,lh,mcgs,0.0,10.0,0-10 mm
NT23,lh,pos,0.0,10.0,0-10 mm
NT23,lh,prculs-d,0.0018108322139471626,10.0,0-10 mm
NT23,lh,prcus-a,0.006427127855749464,10.0,0-10 mm
NT23,lh,prcus-i,0.33412478960918357,10.0,0-10 mm
NT23,lh,prcus-p,0.0,10.0,0-10 mm
NT23,lh,sbps,0.0006001442224038,10.0,0-10 mm
NT23,rh,ifrms,0.0,10.0,0-10 mm
NT23,rh,mcgs,0.0,10.0,0-10 mm
NT23,rh,pos,0.0,10.0,0-10 mm
NT23,rh,prculs-d,0.0,10.0,0-10 mm
NT23,rh,prcus-a,0.0,10.0,0-10 mm
NT23,rh,prcus-i,0.23141453940415407,10.0,0-10 mm
NT23,rh,prcus-p,0.1588975245363006,10.0,0-10 mm
NT23,rh,sbps,0.005311215570654525,10.0,0-10 mm
NT24,lh,ifrms,0.0,10.0,0-10 mm
NT24,lh,mcgs,0.0,10.0,0-10 mm
NT24,lh,pos,0.0,10.0,0-10 mm
NT24,lh,prculs-d,0.026194204551006774,10.0,0-10 mm
NT24,lh,prcus-a,0.06165014655982459,10.0,0-10 mm
NT24,lh,prcus-i,0.4516975270238014,10.0,0-10 mm
NT24,lh,prcus-p,0.1256859903857004,10.0,0-10 mm
NT24,lh,sbps,0.0,10.0,0-10 mm
NT24,rh,ifrms,0.0,10.0,0-10 mm
NT24,rh,mcgs,0.0,10.0,0-10 mm
NT24,rh,pos,0.05703615857449986,10.0,0-10 mm
NT24,rh,prculs-d,0.10213918961087734,10.0,0-10 mm
NT24,rh,prcus-a,0.015252742493614274,10.0,0-10 mm
NT24,rh,prcus-i,0.09734189476762312,10.0,0-10 mm
NT24,rh,prcus-p,0.24968414083760382,10.0,0-10 mm
NT24,rh,sbps,0.12182283660674176,10.0,0-10 mm
NT25,lh,ifrms,0.0,10.0,0-10 mm
NT25,lh,mcgs,0.0,10.0,0-10 mm
NT25,lh,pos,0.06733000955800829,10.0,0-10 mm
NT25,lh,prculs-d,0.5281920810444651,10.0,0-10 mm
NT25,lh,prcus-a,0.0,10.0,0-10 mm
NT25,lh,prcus-i,0.058705558177324216,10.0,0-10 mm
NT25,lh,prcus-p,0.24743352384708564,10.0,0-10 mm
NT25,lh,sbps,0.0008870940364955001,10.0,0-10 mm
NT25,rh,ifrms,0.0,10.0,0-10 mm
NT25,rh,mcgs,0.0,10.0,0-10 mm
NT25,rh,pos,0.10260550739719343,10.0,0-10 mm
NT25,rh,prculs-d,0.2246260747596298,10.0,0-10 mm
NT25,rh,prcus-a,0.0,10.0,0-10 mm
NT25,rh,prcus-i,0.003484894222617813,10.0,0-10 mm
NT25,rh,prcus-p,0.2143232049070316,10.0,0-10 mm
NT25,rh,sbps,0.0,10.0,0-10 mm
NT26,lh,ifrms,0.0,10.0,0-10 mm
NT26,lh,mcgs,0.0,10.0,0-10 mm
NT26,lh,pos,0.0,10.0,0-10 mm
NT26,lh,prculs-d,0.11857913384615508,10.0,0-10 mm
NT26,lh,prcus-a,0.000320927485392625,10.0,0-10 mm
NT26,lh,prcus-i,0.1229373583735069,10.0,0-10 mm
NT26,lh,prcus-p,0.37941092023946793,10.0,0-10 mm
NT26,lh,sbps,0.008605342637271475,10.0,0-10 mm
NT26,rh,ifrms,0.0,10.0,0-10 mm
NT26,rh,mcgs,0.0,10.0,0-10 mm
NT26,rh,pos,0.01744662201924635,10.0,0-10 mm
NT26,rh,prculs-d,0.2686936808512533,10.0,0-10 mm
NT26,rh,prcus-a,0.0,10.0,0-10 mm
NT26,rh,prcus-i,0.0,10.0,0-10 mm
NT26,rh,prcus-p,0.26655387648402024,10.0,0-10 mm
NT26,rh,sbps,0.014416122338404646,10.0,0-10 mm
NT27,lh,ifrms,0.0,10.0,0-10 mm
NT27,lh,mcgs,0.0,10.0,0-10 mm
NT27,lh,pos,0.0,10.0,0-10 mm
NT27,lh,prculs-d,0.03902843345341004,10.0,0-10 mm
NT27,lh,prcus-a,0.10578021192092726,10.0,0-10 mm
NT27,lh,prcus-i,0.5048942334915549,10.0,0-10 mm
NT27,lh,prcus-p,0.28529030459057075,10.0,0-10 mm
NT27,lh,sbps,0.08224857353691853,10.0,0-10 mm
NT27,rh,ifrms,0.0,10.0,0-10 mm
NT27,rh,mcgs,0.0,10.0,0-10 mm
NT27,rh,pos,0.004098801753611388,10.0,0-10 mm
NT27,rh,prculs-d,0.32019423446201095,10.0,0-10 mm
NT27,rh,prcus-a,0.03874019435416669,10.0,0-10 mm
NT27,rh,prcus-i,0.34460695912019607,10.0,0-10 mm
NT27,rh,prcus-p,0.1713699006401295,10.0,0-10 mm
NT27,rh,sbps,0.008352218370047463,10.0,0-10 mm
NT3,lh,ifrms,0.0,10.0,0-10 mm
NT3,lh,mcgs,0.0,10.0,0-10 mm
NT3,lh,pos,0.0590771005135214,10.0,0-10 mm
NT3,lh,prculs-d,0.6219793441755519,10.0,0-10 mm
NT3,lh,prcus-a,0.0,10.0,0-10 mm
NT3,lh,prcus-i,0.11583798789249311,10.0,0-10 mm
NT3,lh,prcus-p,0.08623882544932876,10.0,0-10 mm
NT3,lh,sbps,0.0,10.0,0-10 mm
NT3,rh,ifrms,0.0,10.0,0-10 mm
NT3,rh,mcgs,0.0,10.0,0-10 mm
NT3,rh,pos,0.2789510875108707,10.0,0-10 mm
NT3,rh,prculs-d,0.3035387231458152,10.0,0-10 mm
NT3,rh,prcus-a,0.0,10.0,0-10 mm
NT3,rh,prcus-i,0.0,10.0,0-10 mm
NT3,rh,prcus-p,0.07841399838889344,10.0,0-10 mm
NT3,rh,sbps,0.0,10.0,0-10 mm
NT5,lh,ifrms,0.0,10.0,0-10 mm
NT5,lh,mcgs,0.0007378199775296625,10.0,0-10 mm
NT5,lh,pos,0.00097159814545765,10.0,0-10 mm
NT5,lh,prculs-d,0.0027680253437893376,10.0,0-10 mm
NT5,lh,prcus-a,0.121440170172007,10.0,0-10 mm
NT5,lh,prcus-i,0.5474366766731287,10.0,0-10 mm
NT5,lh,prcus-p,0.24902019904713574,10.0,0-10 mm
NT5,lh,sbps,0.06342894197588775,10.0,0-10 mm
NT5,rh,ifrms,0.0,10.0,0-10 mm
NT5,rh,mcgs,0.0,10.0,0-10 mm
NT5,rh,pos,0.0,10.0,0-10 mm
NT5,rh,prculs-d,0.06938871177875558,10.0,0-10 mm
NT5,rh,prcus-a,0.31966756252622924,10.0,0-10 mm
NT5,rh,prcus-i,0.6736053328994099,10.0,0-10 mm
NT5,rh,prcus-p,0.15212317239224799,10.0,0-10 mm
NT5,rh,sbps,0.11510848119972339,10.0,0-10 mm
NT6,lh,ifrms,0.0,10.0,0-10 mm
NT6,lh,mcgs,0.0,10.0,0-10 mm
NT6,lh,pos,0.0,10.0,0-10 mm
NT6,lh,prculs-d,0.025470938846178136,10.0,0-10 mm
NT6,lh,prcus-a,0.0,10.0,0-10 mm
NT6,lh,prcus-i,0.009357975626396325,10.0,0-10 mm
NT6,lh,prcus-p,0.2537518228121309,10.0,0-10 mm
NT6,lh,sbps,0.21239403454912376,10.0,0-10 mm
NT6,rh,ifrms,0.0,10.0,0-10 mm
NT6,rh,mcgs,0.0,10.0,0-10 mm
NT6,rh,pos,0.0,10.0,0-10 mm
NT6,rh,prculs-d,0.252608324441551,10.0,0-10 mm
NT6,rh,prcus-a,0.0,10.0,0-10 mm
NT6,rh,prcus-i,0.03233161963081528,10.0,0-10 mm
NT6,rh,prcus-p,0.314443148085995,10.0,0-10 mm
NT6,rh,sbps,0.0,10.0,0-10 mm
NT7,lh,ifrms,0.0,10.0,0-10 mm
NT7,lh,mcgs,0.0,10.0,0-10 mm
NT7,lh,pos,0.006731171578586287,10.0,0-10 mm
NT7,lh,prculs-d,0.2424220184959406,10.0,0-10 mm
NT7,lh,prcus-a,0.0,10.0,0-10 mm
NT7,lh,prcus-i,0.00022266768909553748,10.0,0-10 mm
NT7,lh,prcus-p,0.31621117571837537,10.0,0-10 mm
NT7,lh,sbps,0.00089779355767025,10.0,0-10 mm
NT7,rh,ifrms,0.0,10.0,0-10 mm
NT7,rh,mcgs,0.0,10.0,0-10 mm
NT7,rh,pos,0.11291518675062026,10.0,0-10 mm
NT7,rh,prculs-d,0.21791239502779242,10.0,0-10 mm
NT7,rh,prcus-a,0.0,10.0,0-10 mm
NT7,rh,prcus-i,0.07483191741129193,10.0,0-10 mm
NT7,rh,prcus-p,0.42437506664111935,10.0,0-10 mm
NT7,rh,sbps,0.10207946522467437,10.0,0-10 mm
NT8,lh,ifrms,0.0,10.0,0-10 mm
NT8,lh,mcgs,0.0006246065470375375,10.0,0-10 mm
NT8,lh,pos,0.0,10.0,0-10 mm
NT8,lh,prculs-d,0.0,10.0,0-10 mm
NT8,lh,prcus-a,0.0460630826823855,10.0,0-10 mm
NT8,lh,prcus-i,0.16905555354818616,10.0,0-10 mm
NT8,lh,prcus-p,0.32337528111818786,10.0,0-10 mm
NT8,lh,sbps,0.06946000622792811,10.0,0-10 mm
NT8,rh,ifrms,0.0,10.0,0-10 mm
NT8,rh,mcgs,0.0,10.0,0-10 mm
NT8,rh,pos,0.026484369821431143,10.0,0-10 mm
NT8,rh,prculs-d,0.002858022705651237,10.0,0-10 mm
NT8,rh,prcus-a,0.007903843188328225,10.0,0-10 mm
NT8,rh,prcus-i,0.30952154398282195,10.0,0-10 mm
NT8,rh,prcus-p,0.601955810822248,10.0,0-10 mm
NT8,rh,sbps,0.17618072055890932,10.0,0-10 mm
NT9,lh,ifrms,0.0,10.0,0-10 mm
NT9,lh,mcgs,0.0,10.0,0-10 mm
NT9,lh,pos,0.075370662517023,10.0,0-10 mm
NT9,lh,prculs-d,0.11970399168899959,10.0,0-10 mm
NT9,lh,prcus-a,0.046722610572004275,10.0,0-10 mm
NT9,lh,prcus-i,0.41737481045668084,10.0,0-10 mm
NT9,lh,prcus-p,0.3697149650816155,10.0,0-10 mm
NT9,lh,sbps,0.09786788305123914,10.0,0-10 mm
NT9,rh,ifrms,0.0,10.0,0-10 mm
NT9,rh,mcgs,0.0,10.0,0-10 mm
NT9,rh,pos,0.014794459974889124,10.0,0-10 mm
NT9,rh,prculs-d,0.08551841530870974,10.0,0-10 mm
NT9,rh,prcus-a,0.0010242308304700375,10.0,0-10 mm
NT9,rh,prcus-i,0.07739123840512349,10.0,0-10 mm
NT9,rh,prcus-p,0.3915109219789691,10.0,0-10 mm
NT9,rh,sbps,0.23405687757861066,10.0,0-10 mm
