alpha,fold,sulcus,beta,RMSE
0.1,0,mcgs,0.583778574398998,5.995719209644373
0.1,0,pos,0.0,5.995719209644373
0.1,0,sbps,-1.7068066881120378,5.995719209644373
0.1,0,prculs-d,-0.0774379442608229,5.995719209644373
0.1,0,prcus-p,1.948075094440396,5.995719209644373
0.1,0,prcus-i,-0.3120068610867031,5.995719209644373
0.1,0,prcus-a,-0.0,5.995719209644373
0.1,0,ifrms,-2.064621654288496,5.995719209644373
0.1,0,sspls-v,1.4773718018156135,5.995719209644373
0.1,1,mcgs,0.4887594855797883,5.997351179388717
0.1,1,pos,-0.0,5.997351179388717
0.1,1,sbps,-1.590189793758985,5.997351179388717
0.1,1,prculs-d,-0.15641668297956451,5.997351179388717
0.1,1,prcus-p,1.946265449196567,5.997351179388717
0.1,1,prcus-i,-0.35812511613257064,5.997351179388717
0.1,1,prcus-a,0.0,5.997351179388717
0.1,1,ifrms,-2.0109443296722764,5.997351179388717
0.1,1,sspls-v,1.4593365759063244,5.997351179388717
0.1,2,mcgs,0.5897634155441261,5.897144722818054
0.1,2,pos,0.0,5.897144722818054
0.1,2,sbps,-1.7035034534411824,5.897144722818054
0.1,2,prculs-d,-0.42788743337873103,5.897144722818054
0.1,2,prcus-p,1.6619170437751571,5.897144722818054
0.1,2,prcus-i,-0.13170175439732787,5.897144722818054
0.1,2,prcus-a,-0.0,5.897144722818054
0.1,2,ifrms,-2.066781557402368,5.897144722818054
0.1,2,sspls-v,1.3095648649867477,5.897144722818054
0.1,3,mcgs,0.5481633904964197,5.974827816314834
0.1,3,pos,0.16786179787953612,5.974827816314834
0.1,3,sbps,-1.7485419264320194,5.974827816314834
0.1,3,prculs-d,-0.46235828189274475,5.974827816314834
0.1,3,prcus-p,1.372940220826381,5.974827816314834
0.1,3,prcus-i,-0.20137570462008417,5.974827816314834
0.1,3,prcus-a,0.1948906895183922,5.974827816314834
0.1,3,ifrms,-2.344791278346614,5.974827816314834
0.1,3,sspls-v,1.725956374824285,5.974827816314834
0.1,4,mcgs,1.1224870873423962,5.842948300123861
0.1,4,pos,0.5844644253661299,5.842948300123861
0.1,4,sbps,-1.3260227647442144,5.842948300123861
0.1,4,prculs-d,-0.6696202029576768,5.842948300123861
0.1,4,prcus-p,1.4380367496073878,5.842948300123861
0.1,4,prcus-i,-0.5755206136904577,5.842948300123861
0.1,4,prcus-a,-0.0,5.842948300123861
0.1,4,ifrms,-2.9605153630976964,5.842948300123861
0.1,4,sspls-v,1.4634674627790267,5.842948300123861
0.1,5,mcgs,0.1818342348476967,5.65861523052459
0.1,5,pos,0.0,5.65861523052459
0.1,5,sbps,-1.6882849719112862,5.65861523052459
0.1,5,prculs-d,-0.22305300969012734,5.65861523052459
0.1,5,prcus-p,1.97832760719481,5.65861523052459
0.1,5,prcus-i,-0.975108132305869,5.65861523052459
0.1,5,prcus-a,-0.2920222887337084,5.65861523052459
0.1,5,ifrms,-1.9030356042289853,5.65861523052459
0.1,5,sspls-v,1.571397257444687,5.65861523052459
0.1,6,mcgs,0.6288880174347727,5.69200754166218
0.1,6,pos,-0.34380453146585677,5.69200754166218
0.1,6,sbps,-2.1832437932789865,5.69200754166218
0.1,6,prculs-d,0.0,5.69200754166218
0.1,6,prcus-p,2.3396434612912085,5.69200754166218
0.1,6,prcus-i,-0.06488373359858592,5.69200754166218
0.1,6,prcus-a,0.33801426806748874,5.69200754166218
0.1,6,ifrms,-2.112474263929897,5.69200754166218
0.1,6,sspls-v,1.7987485175373794,5.69200754166218
0.1,7,mcgs,0.3458786577077177,5.955587969800034
0.1,7,pos,-0.0,5.955587969800034
0.1,7,sbps,-1.4869924329559001,5.955587969800034
0.1,7,prculs-d,-0.3463429940199357,5.955587969800034
0.1,7,prcus-p,1.6264323310956834,5.955587969800034
0.1,7,prcus-i,-0.2208391758832084,5.955587969800034
0.1,7,prcus-a,0.028660158939703168,5.955587969800034
0.1,7,ifrms,-1.703776609053845,5.955587969800034
0.1,7,sspls-v,1.2039805934961683,5.955587969800034
0.1,8,mcgs,0.7640488831418574,5.984149905812192
0.1,8,pos,-0.032255650790021434,5.984149905812192
0.1,8,sbps,-1.449491731970131,5.984149905812192
0.1,8,prculs-d,-0.19240209451616824,5.984149905812192
0.1,8,prcus-p,1.634555851240634,5.984149905812192
0.1,8,prcus-i,-0.4050069018224971,5.984149905812192
0.1,8,prcus-a,0.08623175415761501,5.984149905812192
0.1,8,ifrms,-1.9974417173355397,5.984149905812192
0.1,8,sspls-v,1.2020351734098034,5.984149905812192
0.1,9,mcgs,0.4446271921435993,5.919550319442521
0.1,9,pos,-0.0,5.919550319442521
0.1,9,sbps,-1.7364846015558417,5.919550319442521
0.1,9,prculs-d,-0.30985450665669834,5.919550319442521
0.1,9,prcus-p,1.9997615141305478,5.919550319442521
0.1,9,prcus-i,-0.06886492728277455,5.919550319442521
0.1,9,prcus-a,0.0,5.919550319442521
0.1,9,ifrms,-2.0697727003036066,5.919550319442521
0.1,9,sspls-v,1.4652415760332058,5.919550319442521
0.1,10,mcgs,0.3879896326923456,5.836532714615925
0.1,10,pos,-0.0,5.836532714615925
0.1,10,sbps,-1.7913522585722947,5.836532714615925
0.1,10,prculs-d,-0.0,5.836532714615925
0.1,10,prcus-p,1.9273730803891425,5.836532714615925
0.1,10,prcus-i,-0.46907771305180035,5.836532714615925
0.1,10,prcus-a,-0.0,5.836532714615925
0.1,10,ifrms,-1.9521810814501797,5.836532714615925
0.1,10,sspls-v,1.6191172434281775,5.836532714615925
0.1,11,mcgs,0.5542690876760918,6.033285166037566
0.1,11,pos,-0.0,6.033285166037566
0.1,11,sbps,-1.6234468348307254,6.033285166037566
0.1,11,prculs-d,-0.24425084487588375,6.033285166037566
0.1,11,prcus-p,1.931859837469693,6.033285166037566
0.1,11,prcus-i,-0.3040696992601123,6.033285166037566
0.1,11,prcus-a,0.0,6.033285166037566
0.1,11,ifrms,-2.0948155990420623,6.033285166037566
0.1,11,sspls-v,1.4798175924029768,6.033285166037566
0.1,12,mcgs,0.3109690145386839,5.673157146154115
0.1,12,pos,-0.3098103692580312,5.673157146154115
0.1,12,sbps,-1.6475287578900286,5.673157146154115
0.1,12,prculs-d,-0.10371368623945336,5.673157146154115
0.1,12,prcus-p,2.4137615500275666,5.673157146154115
0.1,12,prcus-i,-0.0,5.673157146154115
0.1,12,prcus-a,-0.09597442763790213,5.673157146154115
0.1,12,ifrms,-2.032199235191526,5.673157146154115
0.1,12,sspls-v,1.274916047909763,5.673157146154115
0.1,13,mcgs,1.083269874004256,5.627723800731508
0.1,13,pos,0.32207093314654384,5.627723800731508
0.1,13,sbps,-2.113702669356201,5.627723800731508
0.1,13,prculs-d,-0.375625523955736,5.627723800731508
0.1,13,prcus-p,1.9486973230732014,5.627723800731508
0.1,13,prcus-i,-0.26027860583710766,5.627723800731508
0.1,13,prcus-a,0.476997069728892,5.627723800731508
0.1,13,ifrms,-2.2757219284432972,5.627723800731508
0.1,13,sspls-v,1.3287816362920657,5.627723800731508
0.1,14,mcgs,0.3446041613898226,5.896272713674757
0.1,14,pos,0.1539937427261084,5.896272713674757
0.1,14,sbps,-1.205217898268561,5.896272713674757
0.1,14,prculs-d,-0.029517692045461442,5.896272713674757
0.1,14,prcus-p,2.1053015806704383,5.896272713674757
0.1,14,prcus-i,-0.19566645775880603,5.896272713674757
0.1,14,prcus-a,0.4722600069249971,5.896272713674757
0.1,14,ifrms,-1.907212682370392,5.896272713674757
0.1,14,sspls-v,1.2784476418447297,5.896272713674757
0.1,15,mcgs,1.0319817115515133,5.5368821787223474
0.1,15,pos,-0.0,5.5368821787223474
0.1,15,sbps,-1.8110079786110336,5.5368821787223474
0.1,15,prculs-d,0.2259148113397678,5.5368821787223474
0.1,15,prcus-p,1.9865864417869417,5.5368821787223474
0.1,15,prcus-i,-0.34810459899219015,5.5368821787223474
0.1,15,prcus-a,-0.0,5.5368821787223474
0.1,15,ifrms,-1.409533121666559,5.5368821787223474
0.1,15,sspls-v,2.0744720924975693,5.5368821787223474
0.1,16,mcgs,0.2653057661667043,5.805180112136604
0.1,16,pos,-0.061487085073973206,5.805180112136604
0.1,16,sbps,-1.7076959782344394,5.805180112136604
0.1,16,prculs-d,-0.26243500314855267,5.805180112136604
0.1,16,prcus-p,2.1949325341968127,5.805180112136604
0.1,16,prcus-i,-0.09325895841886137,5.805180112136604
0.1,16,prcus-a,-0.0,5.805180112136604
0.1,16,ifrms,-2.2104011463051143,5.805180112136604
0.1,16,sspls-v,1.063938591390221,5.805180112136604
0.1,17,mcgs,0.4189941266174376,5.966797666780968
0.1,17,pos,-0.07750206943210755,5.966797666780968
0.1,17,sbps,-1.356878963262887,5.966797666780968
0.1,17,prculs-d,-0.14279931033652998,5.966797666780968
0.1,17,prcus-p,1.9567421964325016,5.966797666780968
0.1,17,prcus-i,-0.1308334192939869,5.966797666780968
0.1,17,prcus-a,0.0,5.966797666780968
0.1,17,ifrms,-1.8108431190949874,5.966797666780968
0.1,17,sspls-v,1.5033964231738406,5.966797666780968
0.1,18,mcgs,0.4633108429834226,5.9109280712989
0.1,18,pos,0.0022268382880681723,5.9109280712989
0.1,18,sbps,-1.5585443986992584,5.9109280712989
0.1,18,prculs-d,-0.23325206645865534,5.9109280712989
0.1,18,prcus-p,2.039056457947093,5.9109280712989
0.1,18,prcus-i,-0.21443369162345535,5.9109280712989
0.1,18,prcus-a,-0.0,5.9109280712989
0.1,18,ifrms,-1.9219320549021905,5.9109280712989
0.1,18,sspls-v,1.5710030674282682,5.9109280712989
0.1,19,mcgs,0.7241015276376422,5.613707855194569
0.1,19,pos,-0.0,5.613707855194569
0.1,19,sbps,-1.8100503993455177,5.613707855194569
0.1,19,prculs-d,-0.15684276941126435,5.613707855194569
0.1,19,prcus-p,2.2230235358722505,5.613707855194569
0.1,19,prcus-i,-0.4004459334071193,5.613707855194569
0.1,19,prcus-a,0.0051246183280937154,5.613707855194569
0.1,19,ifrms,-2.217569810031977,5.613707855194569
0.1,19,sspls-v,1.2608046531296238,5.613707855194569
0.1,20,mcgs,0.2806333330985206,5.950547208940776
0.1,20,pos,0.0,5.950547208940776
0.1,20,sbps,-1.2500666594495422,5.950547208940776
0.1,20,prculs-d,-0.0,5.950547208940776
0.1,20,prcus-p,1.796352808855943,5.950547208940776
0.1,20,prcus-i,-0.20999782152161497,5.950547208940776
0.1,20,prcus-a,-0.0,5.950547208940776
0.1,20,ifrms,-2.0498264218784614,5.950547208940776
0.1,20,sspls-v,1.4957384010862032,5.950547208940776
0.1,21,mcgs,0.521623386643856,6.0304096793419815
0.1,21,pos,-0.0,6.0304096793419815
0.1,21,sbps,-1.6798214057013083,6.0304096793419815
0.1,21,prculs-d,-0.18954326076024425,6.0304096793419815
0.1,21,prcus-p,1.955772743383711,6.0304096793419815
0.1,21,prcus-i,-0.2879861865466198,6.0304096793419815
0.1,21,prcus-a,0.0,6.0304096793419815
0.1,21,ifrms,-1.9798252745682527,6.0304096793419815
0.1,21,sspls-v,1.4727180255165133,6.0304096793419815
0.1,22,mcgs,0.5336398468046897,6.04741423874429
0.1,22,pos,-0.0,6.04741423874429
0.1,22,sbps,-1.587697986601545,6.04741423874429
0.1,22,prculs-d,-0.1965197356448216,6.04741423874429
0.1,22,prcus-p,1.9464218126655077,6.04741423874429
0.1,22,prcus-i,-0.3033119307299986,6.04741423874429
0.1,22,prcus-a,0.0,6.04741423874429
0.1,22,ifrms,-2.054492633464872,6.04741423874429
0.1,22,sspls-v,1.4739912324578308,6.04741423874429
0.1,23,mcgs,0.5260591555182893,5.912724308608631
0.1,23,pos,-0.0,5.912724308608631
0.1,23,sbps,-1.59816809175843,5.912724308608631
0.1,23,prculs-d,-0.36610547732114757,5.912724308608631
0.1,23,prcus-p,1.9126721934808715,5.912724308608631
0.1,23,prcus-i,-0.5001046860982662,5.912724308608631
0.1,23,prcus-a,0.12459463476190932,5.912724308608631
0.1,23,ifrms,-2.181142471762716,5.912724308608631
0.1,23,sspls-v,1.5540280246577387,5.912724308608631
0.1,24,mcgs,0.440082048939479,5.760165604215172
0.1,24,pos,-0.0,5.760165604215172
0.1,24,sbps,-2.0499529274529933,5.760165604215172
0.1,24,prculs-d,-0.5386931208118957,5.760165604215172
0.1,24,prcus-p,1.6320183866057785,5.760165604215172
0.1,24,prcus-i,-0.2721591940467145,5.760165604215172
0.1,24,prcus-a,-0.0,5.760165604215172
0.1,24,ifrms,-2.308302326510263,5.760165604215172
0.1,24,sspls-v,1.61922011158391,5.760165604215172
0.1,25,mcgs,0.5377776813381611,5.996302749095239
0.1,25,pos,-0.0200327285654329,5.996302749095239
0.1,25,sbps,-1.6193062967114449,5.996302749095239
0.1,25,prculs-d,-0.28885277630419565,5.996302749095239
0.1,25,prcus-p,1.7552036790613046,5.996302749095239
0.1,25,prcus-i,-0.41338398970619905,5.996302749095239
0.1,25,prcus-a,0.0,5.996302749095239
0.1,25,ifrms,-2.1577020073733384,5.996302749095239
0.1,25,sspls-v,1.5487852874638708,5.996302749095239
0.1,26,mcgs,0.638931444555869,5.998174804305957
0.1,26,pos,0.0,5.998174804305957
0.1,26,sbps,-1.7055003840912173,5.998174804305957
0.1,26,prculs-d,-0.16240576637238177,5.998174804305957
0.1,26,prcus-p,1.9306381222341873,5.998174804305957
0.1,26,prcus-i,-0.2909729095826978,5.998174804305957
0.1,26,prcus-a,0.05353288631840991,5.998174804305957
0.1,26,ifrms,-2.081766171108027,5.998174804305957
0.1,26,sspls-v,1.5030306395471917,5.998174804305957
0.1,27,mcgs,0.5238257000288343,6.049579498869639
0.1,27,pos,-0.0,6.049579498869639
0.1,27,sbps,-1.6615548243597362,6.049579498869639
0.1,27,prculs-d,-0.1762276031949291,6.049579498869639
0.1,27,prcus-p,1.948694219876324,6.049579498869639
0.1,27,prcus-i,-0.3095014440611872,6.049579498869639
0.1,27,prcus-a,0.0,6.049579498869639
0.1,27,ifrms,-2.073501540083592,6.049579498869639
0.1,27,sspls-v,1.4657739491614632,6.049579498869639
0.1,28,mcgs,0.5371802286974202,6.027005997155592
0.1,28,pos,-0.0,6.027005997155592
0.1,28,sbps,-1.6699726859835748,6.027005997155592
0.1,28,prculs-d,-0.15916432372373612,6.027005997155592
0.1,28,prcus-p,1.9171420674826418,6.027005997155592
0.1,28,prcus-i,-0.3549864240853047,6.027005997155592
0.1,28,prcus-a,0.0,6.027005997155592
0.1,28,ifrms,-2.0744570910629494,6.027005997155592
0.1,28,sspls-v,1.4464676121821214,6.027005997155592
0.1,29,mcgs,0.40623927363445766,5.851230118004495
0.1,29,pos,0.0,5.851230118004495
0.1,29,sbps,-1.6284027870780882,5.851230118004495
0.1,29,prculs-d,0.07880311210051136,5.851230118004495
0.1,29,prcus-p,1.4269680615710514,5.851230118004495
0.1,29,prcus-i,0.0,5.851230118004495
0.1,29,prcus-a,0.3331973011422321,5.851230118004495
0.1,29,ifrms,-2.154164191604939,5.851230118004495
0.1,29,sspls-v,1.2078828452506536,5.851230118004495
0.1,30,mcgs,0.25550345358827975,5.968098137310712
0.1,30,pos,-0.0,5.968098137310712
0.1,30,sbps,-1.719025122319553,5.968098137310712
0.1,30,prculs-d,-0.19179897275167376,5.968098137310712
0.1,30,prcus-p,1.906020309349122,5.968098137310712
0.1,30,prcus-i,-0.31922983310533143,5.968098137310712
0.1,30,prcus-a,0.12550522409597886,5.968098137310712
0.1,30,ifrms,-2.1490906431035737,5.968098137310712
0.1,30,sspls-v,1.3232942347488577,5.968098137310712
0.1,31,mcgs,0.39874231274066785,5.766516498500096
0.1,31,pos,-0.0,5.766516498500096
0.1,31,sbps,-1.7511643547764189,5.766516498500096
0.1,31,prculs-d,-0.04667906961146174,5.766516498500096
0.1,31,prcus-p,1.8913535291358883,5.766516498500096
0.1,31,prcus-i,-0.39284373231904357,5.766516498500096
0.1,31,prcus-a,0.0,5.766516498500096
0.1,31,ifrms,-1.9327233077341044,5.766516498500096
0.1,31,sspls-v,1.4842893368905037,5.766516498500096
0.1,32,mcgs,0.5983360662739242,5.865004315319174
0.1,32,pos,-0.2636733187315116,5.865004315319174
0.1,32,sbps,-1.6765298156672312,5.865004315319174
0.1,32,prculs-d,-0.12990912589353293,5.865004315319174
0.1,32,prcus-p,1.9019331614637542,5.865004315319174
0.1,32,prcus-i,-0.46860306771239196,5.865004315319174
0.1,32,prcus-a,0.0,5.865004315319174
0.1,32,ifrms,-1.8674391422688332,5.865004315319174
0.1,32,sspls-v,1.2979545406500157,5.865004315319174
0.1,33,mcgs,0.4769144686355747,6.040440977252238
0.1,33,pos,0.0,6.040440977252238
0.1,33,sbps,-1.5538328492174562,6.040440977252238
0.1,33,prculs-d,-0.37098764203844653,6.040440977252238
0.1,33,prcus-p,1.9248721815070846,6.040440977252238
0.1,33,prcus-i,-0.28358110402813524,6.040440977252238
0.1,33,prcus-a,0.051731914987325656,6.040440977252238
0.1,33,ifrms,-2.079596588052798,6.040440977252238
0.1,33,sspls-v,1.5183152875526809,6.040440977252238
0.1,34,mcgs,0.3182684794271616,5.92511516996177
0.1,34,pos,-0.03869817884900504,5.92511516996177
0.1,34,sbps,-1.6392420886752528,5.92511516996177
0.1,34,prculs-d,-0.2204966699782924,5.92511516996177
0.1,34,prcus-p,2.072608674308755,5.92511516996177
0.1,34,prcus-i,-0.4134865848043653,5.92511516996177
0.1,34,prcus-a,-0.12526096762475086,5.92511516996177
0.1,34,ifrms,-2.0301495812258388,5.92511516996177
0.1,34,sspls-v,1.3036159079793106,5.92511516996177
0.107,0,mcgs,0.5746967100696638,5.981409441174869
0.107,0,pos,0.0,5.981409441174869
0.107,0,sbps,-1.692330567549201,5.981409441174869
0.107,0,prculs-d,-0.071156098912043,5.981409441174869
0.107,0,prcus-p,1.9416598198948751,5.981409441174869
0.107,0,prcus-i,-0.3037159249471061,5.981409441174869
0.107,0,prcus-a,-0.0,5.981409441174869
0.107,0,ifrms,-2.050858284581205,5.981409441174869
0.107,0,sspls-v,1.4639587716780706,5.981409441174869
0.107,1,mcgs,0.4782668610414486,5.988124103235766
0.107,1,pos,-0.0,5.988124103235766
0.107,1,sbps,-1.574421827375454,5.988124103235766
0.107,1,prculs-d,-0.14915798567582297,5.988124103235766
0.107,1,prcus-p,1.939770016053446,5.988124103235766
0.107,1,prcus-i,-0.3507355503854202,5.988124103235766
0.107,1,prcus-a,0.0,5.988124103235766
0.107,1,ifrms,-1.9957864276888833,5.988124103235766
0.107,1,sspls-v,1.4452577408108374,5.988124103235766
0.107,2,mcgs,0.5803310406174623,5.88664244993963
0.107,2,pos,-0.0,5.88664244993963
0.107,2,sbps,-1.6897539449558499,5.88664244993963
0.107,2,prculs-d,-0.42241400174404836,5.88664244993963
0.107,2,prcus-p,1.6553458262640097,5.88664244993963
0.107,2,prcus-i,-0.12311251584764686,5.88664244993963
0.107,2,prcus-a,-0.0,5.88664244993963
0.107,2,ifrms,-2.0532169914496112,5.88664244993963
0.107,2,sspls-v,1.296098485007924,5.88664244993963
0.107,3,mcgs,0.5321480577585159,5.968550534991708
0.107,3,pos,0.14482090602350212,5.968550534991708
0.107,3,sbps,-1.7334137444935005,5.968550534991708
0.107,3,prculs-d,-0.44409198776016673,5.968550534991708
0.107,3,prcus-p,1.377351241351381,5.968550534991708
0.107,3,prcus-i,-0.19606048579178392,5.968550534991708
0.107,3,prcus-a,0.18550789207890328,5.968550534991708
0.107,3,ifrms,-2.3152350879996466,5.968550534991708
0.107,3,sspls-v,1.711085600804666,5.968550534991708
0.107,4,mcgs,1.1060552308764617,5.841682347223332
0.107,4,pos,0.5589326747949108,5.841682347223332
0.107,4,sbps,-1.3129600816360345,5.841682347223332
0.107,4,prculs-d,-0.6509523454905529,5.841682347223332
0.107,4,prcus-p,1.440815950330576,5.841682347223332
0.107,4,prcus-i,-0.5642143322420986,5.841682347223332
0.107,4,prcus-a,-0.0,5.841682347223332
0.107,4,ifrms,-2.93071957515111,5.841682347223332
0.107,4,sspls-v,1.4480415887137608,5.841682347223332
0.107,5,mcgs,0.1778512404659807,5.649606191033574
0.107,5,pos,0.0,5.649606191033574
0.107,5,sbps,-1.6729888882965194,5.649606191033574
0.107,5,prculs-d,-0.21755199883940493,5.649606191033574
0.107,5,prcus-p,1.9692059420757129,5.649606191033574
0.107,5,prcus-i,-0.9593876222608233,5.649606191033574
0.107,5,prcus-a,-0.2763211325702713,5.649606191033574
0.107,5,ifrms,-1.8941458204357848,5.649606191033574
0.107,5,sspls-v,1.5548274019946176,5.649606191033574
0.107,6,mcgs,0.6150913837167103,5.686792288487332
0.107,6,pos,-0.3365639332134312,5.686792288487332
0.107,6,sbps,-2.163154145886634,5.686792288487332
0.107,6,prculs-d,0.0,5.686792288487332
0.107,6,prcus-p,2.328533764146797,5.686792288487332
0.107,6,prcus-i,-0.0641853795941231,5.686792288487332
0.107,6,prcus-a,0.3242153444726257,5.686792288487332
0.107,6,ifrms,-2.098088350227875,5.686792288487332
0.107,6,sspls-v,1.7837808081548514,5.686792288487332
0.107,7,mcgs,0.3315388327051091,5.94499612435835
0.107,7,pos,-0.0,5.94499612435835
0.107,7,sbps,-1.4704062506675302,5.94499612435835
0.107,7,prculs-d,-0.34154226788053627,5.94499612435835
0.107,7,prcus-p,1.618523581648649,5.94499612435835
0.107,7,prcus-i,-0.2149639355261846,5.94499612435835
0.107,7,prcus-a,0.020762654962285562,5.94499612435835
0.107,7,ifrms,-1.685168321499229,5.94499612435835
0.107,7,sspls-v,1.1892985904272788,5.94499612435835
0.107,8,mcgs,0.7541275892294955,5.978189404352557
0.107,8,pos,-0.033143520217034754,5.978189404352557
0.107,8,sbps,-1.4344201905688982,5.978189404352557
0.107,8,prculs-d,-0.18490156761737253,5.978189404352557
0.107,8,prcus-p,1.6286778599816112,5.978189404352557
0.107,8,prcus-i,-0.40136334350208686,5.978189404352557
0.107,8,prcus-a,0.07795998339306034,5.978189404352557
0.107,8,ifrms,-1.980582554264883,5.978189404352557
0.107,8,sspls-v,1.1896929300210495,5.978189404352557
0.107,9,mcgs,0.43467851645956934,5.907435070538439
0.107,9,pos,-0.0,5.907435070538439
0.107,9,sbps,-1.722500008119896,5.907435070538439
0.107,9,prculs-d,-0.3038885687022414,5.907435070538439
0.107,9,prcus-p,1.9935436410376417,5.907435070538439
0.107,9,prcus-i,-0.06121911638729156,5.907435070538439
0.107,9,prcus-a,0.0,5.907435070538439
0.107,9,ifrms,-2.055990733776643,5.907435070538439
0.107,9,sspls-v,1.4519217404939555,5.907435070538439
0.107,10,mcgs,0.37848632757742184,5.8246280286960195
0.107,10,pos,-0.0,5.8246280286960195
0.107,10,sbps,-1.7763092141525847,5.8246280286960195
0.107,10,prculs-d,-0.0,5.8246280286960195
0.107,10,prcus-p,1.9197120462877797,5.8246280286960195
0.107,10,prcus-i,-0.4595980791659261,5.8246280286960195
0.107,10,prcus-a,-0.0,5.8246280286960195
0.107,10,ifrms,-1.9405069287513954,5.8246280286960195
0.107,10,sspls-v,1.605526712509421,5.8246280286960195
0.107,11,mcgs,0.544268010119385,6.026086598655064
0.107,11,pos,-0.0,6.026086598655064
0.107,11,sbps,-1.6097299460777936,6.026086598655064
0.107,11,prculs-d,-0.23733037620860328,6.026086598655064
0.107,11,prcus-p,1.9257021446241562,6.026086598655064
0.107,11,prcus-i,-0.2960726416430748,6.026086598655064
0.107,11,prcus-a,0.0,6.026086598655064
0.107,11,ifrms,-2.080995169401092,6.026086598655064
0.107,11,sspls-v,1.466555449539703,6.026086598655064
0.107,12,mcgs,0.3043514690421614,5.660072069602158
0.107,12,pos,-0.30936533515608344,5.660072069602158
0.107,12,sbps,-1.633706598287364,5.660072069602158
0.107,12,prculs-d,-0.09565691605585581,5.660072069602158
0.107,12,prcus-p,2.405035589350029,5.660072069602158
0.107,12,prcus-i,-0.0,5.660072069602158
0.107,12,prcus-a,-0.08946021612906617,5.660072069602158
0.107,12,ifrms,-2.0204026076063175,5.660072069602158
0.107,12,sspls-v,1.2625168638294277,5.660072069602158
0.107,13,mcgs,1.0653593579471154,5.625782171947852
0.107,13,pos,0.2993170843599972,5.625782171947852
0.107,13,sbps,-2.0971399159884525,5.625782171947852
0.107,13,prculs-d,-0.3585037373066319,5.625782171947852
0.107,13,prcus-p,1.9498191706884924,5.625782171947852
0.107,13,prcus-i,-0.2544070224678854,5.625782171947852
0.107,13,prcus-a,0.4669217560565597,5.625782171947852
0.107,13,ifrms,-2.247468348030928,5.625782171947852
0.107,13,sspls-v,1.3157583267600421,5.625782171947852
0.107,14,mcgs,0.32952983842088374,5.886239760599366
0.107,14,pos,0.1345047037510512,5.886239760599366
0.107,14,sbps,-1.190897502504072,5.886239760599366
0.107,14,prculs-d,-0.013714843062870253,5.886239760599366
0.107,14,prcus-p,2.1061744240427456,5.886239760599366
0.107,14,prcus-i,-0.189143763843006,5.886239760599366
0.107,14,prcus-a,0.4656310212086013,5.886239760599366
0.107,14,ifrms,-1.8805450614122992,5.886239760599366
0.107,14,sspls-v,1.2644805602421831,5.886239760599366
0.107,15,mcgs,1.0211060962456884,5.525805552181979
0.107,15,pos,-0.0,5.525805552181979
0.107,15,sbps,-1.7948034179770733,5.525805552181979
0.107,15,prculs-d,0.21352663809030717,5.525805552181979
0.107,15,prcus-p,1.9759600236891122,5.525805552181979
0.107,15,prcus-i,-0.33675057373478345,5.525805552181979
0.107,15,prcus-a,-0.0,5.525805552181979
0.107,15,ifrms,-1.4034245114691903,5.525805552181979
0.107,15,sspls-v,2.0594929288669186,5.525805552181979
0.107,16,mcgs,0.25537486305984747,5.794418617709027
0.107,16,pos,-0.06225045953832694,5.794418617709027
0.107,16,sbps,-1.693369166822184,5.794418617709027
0.107,16,prculs-d,-0.2557743037924518,5.794418617709027
0.107,16,prcus-p,2.1896656825574503,5.794418617709027
0.107,16,prcus-i,-0.08463851585247062,5.794418617709027
0.107,16,prcus-a,-0.0,5.794418617709027
0.107,16,ifrms,-2.1972292217054936,5.794418617709027
0.107,16,sspls-v,1.0509010381382404,5.794418617709027
0.107,17,mcgs,0.40844851149812383,5.953843143828877
0.107,17,pos,-0.07919643904804034,5.953843143828877
0.107,17,sbps,-1.341258295973443,5.953843143828877
0.107,17,prculs-d,-0.13549753493897268,5.953843143828877
0.107,17,prcus-p,1.9508199240398039,5.953843143828877
0.107,17,prcus-i,-0.12150877025802191,5.953843143828877
0.107,17,prcus-a,0.0,5.953843143828877
0.107,17,ifrms,-1.7950423424694057,5.953843143828877
0.107,17,sspls-v,1.4904410324297421,5.953843143828877
0.107,18,mcgs,0.453242609534367,5.8984883225925975
0.107,18,pos,0.0,5.8984883225925975
0.107,18,sbps,-1.5450791901061085,5.8984883225925975
0.107,18,prculs-d,-0.22571964721072074,5.8984883225925975
0.107,18,prcus-p,2.034125772951467,5.8984883225925975
0.107,18,prcus-i,-0.20628106058673548,5.8984883225925975
0.107,18,prcus-a,-0.0,5.8984883225925975
0.107,18,ifrms,-1.9074202594895056,5.8984883225925975
0.107,18,sspls-v,1.557942706873701,5.8984883225925975
0.107,19,mcgs,0.7125728502438088,5.605634596102777
0.107,19,pos,-0.0,5.605634596102777
0.107,19,sbps,-1.7957064234455387,5.605634596102777
0.107,19,prculs-d,-0.14995902650941934,5.605634596102777
0.107,19,prcus-p,2.2173549735903464,5.605634596102777
0.107,19,prcus-i,-0.3944140518107657,5.605634596102777
0.107,19,prcus-a,0.0,5.605634596102777
0.107,19,ifrms,-2.2020158519067046,5.605634596102777
0.107,19,sspls-v,1.249052792512719,5.605634596102777
0.107,20,mcgs,0.2694343205713612,5.931335852547591
0.107,20,pos,0.0,5.931335852547591
0.107,20,sbps,-1.233439993764982,5.931335852547591
0.107,20,prculs-d,-0.0,5.931335852547591
0.107,20,prcus-p,1.7871591864112795,5.931335852547591
0.107,20,prcus-i,-0.19951790738691363,5.931335852547591
0.107,20,prcus-a,-0.0,5.931335852547591
0.107,20,ifrms,-2.0389490517916946,5.931335852547591
0.107,20,sspls-v,1.482715161456288,5.931335852547591
0.107,21,mcgs,0.512585322426618,6.020804693809083
0.107,21,pos,-0.0,6.020804693809083
0.107,21,sbps,-1.6646958713015962,6.020804693809083
0.107,21,prculs-d,-0.18340385714874016,6.020804693809083
0.107,21,prcus-p,1.9496422228786392,6.020804693809083
0.107,21,prcus-i,-0.27857667065961333,6.020804693809083
0.107,21,prcus-a,0.0,6.020804693809083
0.107,21,ifrms,-1.9653658779082033,6.020804693809083
0.107,21,sspls-v,1.4587053543418513,6.020804693809083
0.107,22,mcgs,0.5238931397028371,6.039381498831054
0.107,22,pos,-0.0,6.039381498831054
0.107,22,sbps,-1.5745273180469368,6.039381498831054
0.107,22,prculs-d,-0.189937235066371,6.039381498831054
0.107,22,prcus-p,1.9402046263324635,6.039381498831054
0.107,22,prcus-i,-0.2955871277463247,6.039381498831054
0.107,22,prcus-a,0.0,6.039381498831054
0.107,22,ifrms,-2.041128369809364,6.039381498831054
0.107,22,sspls-v,1.4611330579263675,6.039381498831054
0.107,23,mcgs,0.5133534549728299,5.906852250476182
0.107,23,pos,-0.0,5.906852250476182
0.107,23,sbps,-1.584663352949259,5.906852250476182
0.107,23,prculs-d,-0.35829250006714286,5.906852250476182
0.107,23,prcus-p,1.908150056779748,5.906852250476182
0.107,23,prcus-i,-0.49575286814903685,5.906852250476182
0.107,23,prcus-a,0.11499673993436112,5.906852250476182
0.107,23,ifrms,-2.1641056113313786,5.906852250476182
0.107,23,sspls-v,1.5423358747433797,5.906852250476182
0.107,24,mcgs,0.4305671264914901,5.748914739068546
0.107,24,pos,-0.0,5.748914739068546
0.107,24,sbps,-2.035401152959246,5.748914739068546
0.107,24,prculs-d,-0.5312193048600273,5.748914739068546
0.107,24,prcus-p,1.626956420603565,5.748914739068546
0.107,24,prcus-i,-0.26406619716103086,5.748914739068546
0.107,24,prcus-a,-0.0,5.748914739068546
0.107,24,ifrms,-2.2938391073629094,5.748914739068546
0.107,24,sspls-v,1.605580003042066,5.748914739068546
0.107,25,mcgs,0.5278333038601905,5.99092874128408
0.107,25,pos,-0.01968634387344422,5.99092874128408
0.107,25,sbps,-1.6060824972498042,5.99092874128408
0.107,25,prculs-d,-0.2810764961559237,5.99092874128408
0.107,25,prcus-p,1.751175627635225,5.99092874128408
0.107,25,prcus-i,-0.4043006003827003,5.99092874128408
0.107,25,prcus-a,0.0,5.99092874128408
0.107,25,ifrms,-2.1429596975858436,5.99092874128408
0.107,25,sspls-v,1.5350232096715974,5.99092874128408
0.107,26,mcgs,0.6245429508236641,5.989704388207596
0.107,26,pos,0.0,5.989704388207596
0.107,26,sbps,-1.6914720539698909,5.989704388207596
0.107,26,prculs-d,-0.15618156228491473,5.989704388207596
0.107,26,prcus-p,1.9261856512555529,5.989704388207596
0.107,26,prcus-i,-0.287811910737973,5.989704388207596
0.107,26,prcus-a,0.04304039026008205,5.989704388207596
0.107,26,ifrms,-2.064246779929501,5.989704388207596
0.107,26,sspls-v,1.4914492360970588,5.989704388207596
0.107,27,mcgs,0.5150835475025011,6.041352086352378
0.107,27,pos,-0.0,6.041352086352378
0.107,27,sbps,-1.6463119308131469,6.041352086352378
0.107,27,prculs-d,-0.16946069145999645,6.041352086352378
0.107,27,prcus-p,1.942114913380162,6.041352086352378
0.107,27,prcus-i,-0.3004990846055877,6.041352086352378
0.107,27,prcus-a,0.0,6.041352086352378
0.107,27,ifrms,-2.060047383544255,6.041352086352378
0.107,27,sspls-v,1.4516234252836133,6.041352086352378
0.107,28,mcgs,0.527484222353482,6.017491084147403
0.107,28,pos,-0.0,6.017491084147403
0.107,28,sbps,-1.655894731043757,6.017491084147403
0.107,28,prculs-d,-0.15281311451642948,6.017491084147403
0.107,28,prcus-p,1.9109455235174309,6.017491084147403
0.107,28,prcus-i,-0.3467336456599681,6.017491084147403
0.107,28,prcus-a,0.0,6.017491084147403
0.107,28,ifrms,-2.060649570303193,6.017491084147403
0.107,28,sspls-v,1.4337198380951268,6.017491084147403
0.107,29,mcgs,0.39326785238275774,5.838049784393782
0.107,29,pos,0.0,5.838049784393782
0.107,29,sbps,-1.6138495336300953,5.838049784393782
0.107,29,prculs-d,0.07195928039456685,5.838049784393782
0.107,29,prcus-p,1.4194255339238808,5.838049784393782
0.107,29,prcus-i,0.0,5.838049784393782
0.107,29,prcus-a,0.321574416222248,5.838049784393782
0.107,29,ifrms,-2.1419328145363834,5.838049784393782
0.107,29,sspls-v,1.1974031424009874,5.838049784393782
0.107,30,mcgs,0.24524557589261095,5.960103431642175
0.107,30,pos,-0.0,5.960103431642175
0.107,30,sbps,-1.7052099090153199,5.960103431642175
0.107,30,prculs-d,-0.18478042511818504,5.960103431642175
0.107,30,prcus-p,1.900957808621675,5.960103431642175
0.107,30,prcus-i,-0.31490660070618887,5.960103431642175
0.107,30,prcus-a,0.11785291111519303,5.960103431642175
0.107,30,ifrms,-2.134146094077876,5.960103431642175
0.107,30,sspls-v,1.311775935458115,5.960103431642175
0.107,31,mcgs,0.38881572802127284,5.753986249422208
0.107,31,pos,-0.0,5.753986249422208
0.107,31,sbps,-1.7368242290770493,5.753986249422208
0.107,31,prculs-d,-0.039970500179525185,5.753986249422208
0.107,31,prcus-p,1.8849869987470196,5.753986249422208
0.107,31,prcus-i,-0.3846560370096524,5.753986249422208
0.107,31,prcus-a,0.0,5.753986249422208
0.107,31,ifrms,-1.9186776074100185,5.753986249422208
0.107,31,sspls-v,1.47089295096515,5.753986249422208
0.107,32,mcgs,0.5885828684952339,5.859336585925289
0.107,32,pos,-0.26455121292201705,5.859336585925289
0.107,32,sbps,-1.6620604038515265,5.859336585925289
0.107,32,prculs-d,-0.12307262419309663,5.859336585925289
0.107,32,prcus-p,1.8958619862250445,5.859336585925289
0.107,32,prcus-i,-0.46049785791282316,5.859336585925289
0.107,32,prcus-a,0.0,5.859336585925289
0.107,32,ifrms,-1.8532551174175038,5.859336585925289
0.107,32,sspls-v,1.2848001476141897,5.859336585925289
0.107,33,mcgs,0.4644838653258131,6.032511155439048
0.107,33,pos,0.0,6.032511155439048
0.107,33,sbps,-1.5409700273753433,6.032511155439048
0.107,33,prculs-d,-0.36365468278192126,6.032511155439048
0.107,33,prcus-p,1.9203057113836755,6.032511155439048
0.107,33,prcus-i,-0.2799257459318735,6.032511155439048
0.107,33,prcus-a,0.0422849741214227,6.032511155439048
0.107,33,ifrms,-2.063216046191772,6.032511155439048
0.107,33,sspls-v,1.5069629641586877,6.032511155439048
0.107,34,mcgs,0.3138809758433845,5.9187130051699866
0.107,34,pos,-0.03960555386141913,5.9187130051699866
0.107,34,sbps,-1.6241268438986634,5.9187130051699866
0.107,34,prculs-d,-0.21458081475399668,5.9187130051699866
0.107,34,prcus-p,2.0635500001917295,5.9187130051699866
0.107,34,prcus-i,-0.3979557043960996,5.9187130051699866
0.107,34,prcus-a,-0.11011506566891785,5.9187130051699866
0.107,34,ifrms,-2.0204306195374953,5.9187130051699866
0.107,34,sspls-v,1.2881271809298898,5.9187130051699866
0.114,0,mcgs,0.5656148457403296,5.969399631087121
0.114,0,pos,0.0,5.969399631087121
0.114,0,sbps,-1.6778544469863643,5.969399631087121
0.114,0,prculs-d,-0.06487425356326255,5.969399631087121
0.114,0,prcus-p,1.935244545349354,5.969399631087121
0.114,0,prcus-i,-0.2954249888075083,5.969399631087121
0.114,0,prcus-a,-0.0,5.969399631087121
0.114,0,ifrms,-2.037094914873915,5.969399631087121
0.114,0,sspls-v,1.4505457415405287,5.969399631087121
0.114,1,mcgs,0.46777423650310945,5.980043574083627
0.114,1,pos,-0.0,5.980043574083627
0.114,1,sbps,-1.558653860991923,5.980043574083627
0.114,1,prculs-d,-0.14189928837208118,5.980043574083627
0.114,1,prcus-p,1.933274582910325,5.980043574083627
0.114,1,prcus-i,-0.34334598463826976,5.980043574083627
0.114,1,prcus-a,0.0,5.980043574083627
0.114,1,ifrms,-1.980628525705489,5.980043574083627
0.114,1,sspls-v,1.4311789057153503,5.980043574083627
0.114,2,mcgs,0.5708986656907984,5.878107064331665
0.114,2,pos,-0.0,5.878107064331665
0.114,2,sbps,-1.6760044364705176,5.878107064331665
0.114,2,prculs-d,-0.41694057010936464,5.878107064331665
0.114,2,prcus-p,1.6487746087528619,5.878107064331665
0.114,2,prcus-i,-0.11452327729796605,5.878107064331665
0.114,2,prcus-a,-0.0,5.878107064331665
0.114,2,ifrms,-2.0396524254968535,5.878107064331665
0.114,2,sspls-v,1.2826321050290996,5.878107064331665
0.114,3,mcgs,0.5161327250206107,5.96060066058601
0.114,3,pos,0.12178001416746706,5.96060066058601
0.114,3,sbps,-1.7182855625549798,5.96060066058601
0.114,3,prculs-d,-0.42582569362758743,5.96060066058601
0.114,3,prcus-p,1.38176226187638,5.96060066058601
0.114,3,prcus-i,-0.19074526696348387,5.96060066058601
0.114,3,prcus-a,0.17612509463941284,5.96060066058601
0.114,3,ifrms,-2.285678897652677,5.96060066058601
0.114,3,sspls-v,1.6962148267850479,5.96060066058601
0.114,4,mcgs,1.0896200534197524,5.8403922015281
0.114,4,pos,0.5333940279929346,5.8403922015281
0.114,4,sbps,-1.2998981617875291,5.8403922015281
0.114,4,prculs-d,-0.6322789465002174,5.8403922015281
0.114,4,prcus-p,1.44359879722837,5.8403922015281
0.114,4,prcus-i,-0.552907227936715,5.8403922015281
0.114,4,prcus-a,-0.0,5.8403922015281
0.114,4,ifrms,-2.9009182976343486,5.8403922015281
0.114,4,sspls-v,1.4326151805278347,5.8403922015281
0.114,5,mcgs,0.1738685902274543,5.64114941196859
0.114,5,pos,-0.0,5.64114941196859
0.114,5,sbps,-1.657692647171636,5.64114941196859
0.114,5,prculs-d,-0.2120512644070548,5.64114941196859
0.114,5,prcus-p,1.9600841089855816,5.64114941196859
0.114,5,prcus-i,-0.9436665211931228,5.64114941196859
0.114,5,prcus-a,-0.2606194526185578,5.64114941196859
0.114,5,ifrms,-1.8852562877447496,5.64114941196859
0.114,5,sspls-v,1.5382573615629032,5.64114941196859
0.114,6,mcgs,0.6012947499986472,5.6820507139056495
0.114,6,pos,-0.32932333496100474,5.6820507139056495
0.114,6,sbps,-2.1430644984942795,5.6820507139056495
0.114,6,prculs-d,0.0,5.6820507139056495
0.114,6,prcus-p,2.3174240670023867,5.6820507139056495
0.114,6,prcus-i,-0.06348702558966166,5.6820507139056495
0.114,6,prcus-a,0.31041642087776156,5.6820507139056495
0.114,6,ifrms,-2.083702436525853,5.6820507139056495
0.114,6,sspls-v,1.7688130987723225,5.6820507139056495
0.114,7,mcgs,0.31719978424683637,5.9351507415024605
0.114,7,pos,-0.0,5.9351507415024605
0.114,7,sbps,-1.4538177574787032,5.9351507415024605
0.114,7,prculs-d,-0.33674410788301296,5.9351507415024605
0.114,7,prcus-p,1.6106132781492046,5.9351507415024605
0.114,7,prcus-i,-0.20908481081113198,5.9351507415024605
0.114,7,prcus-a,0.012867967274865529,5.9351507415024605
0.114,7,ifrms,-1.6665606386326817,5.9351507415024605
0.114,7,sspls-v,1.1746147916995642,5.9351507415024605
0.114,8,mcgs,0.7442062953171338,5.972810840613886
0.114,8,pos,-0.034031389644050024,5.972810840613886
0.114,8,sbps,-1.4193486491676643,5.972810840613886
0.114,8,prculs-d,-0.17740104071857657,5.972810840613886
0.114,8,prcus-p,1.6227998687225882,5.972810840613886
0.114,8,prcus-i,-0.39771978518167694,5.972810840613886
0.114,8,prcus-a,0.0696882126285057,5.972810840613886
0.114,8,ifrms,-1.9637233911942238,5.972810840613886
0.114,8,sspls-v,1.1773506866322943,5.972810840613886
0.114,9,mcgs,0.4247298407755404,5.895409981979379
0.114,9,pos,-0.0,5.895409981979379
0.114,9,sbps,-1.7085154146839516,5.895409981979379
0.114,9,prculs-d,-0.2979226307477842,5.895409981979379
0.114,9,prcus-p,1.9873257679447374,5.895409981979379
0.114,9,prcus-i,-0.05357330549180828,5.895409981979379
0.114,9,prcus-a,0.0,5.895409981979379
0.114,9,ifrms,-2.0422087672496794,5.895409981979379
0.114,9,sspls-v,1.4386019049547056,5.895409981979379
0.114,10,mcgs,0.3690152096122924,5.813104927200496
0.114,10,pos,-0.0,5.813104927200496
0.114,10,sbps,-1.7612721631100372,5.813104927200496
0.114,10,prculs-d,-0.0,5.813104927200496
0.114,10,prcus-p,1.9120303927627726,5.813104927200496
0.114,10,prcus-i,-0.45013248573186065,5.813104927200496
0.114,10,prcus-a,-0.0,5.813104927200496
0.114,10,ifrms,-1.9288430106706769,5.813104927200496
0.114,10,sspls-v,1.5919413432062393,5.813104927200496
0.114,11,mcgs,0.5342669325626778,6.01925615647832
0.114,11,pos,-0.0,6.01925615647832
0.114,11,sbps,-1.5960130573248623,6.01925615647832
0.114,11,prculs-d,-0.23040990754132085,6.01925615647832
0.114,11,prcus-p,1.9195444517786213,6.01925615647832
0.114,11,prcus-i,-0.2880755840260371,6.01925615647832
0.114,11,prcus-a,0.0,6.01925615647832
0.114,11,ifrms,-2.0671747397601217,6.01925615647832
0.114,11,sspls-v,1.4532933066764295,6.01925615647832
0.114,12,mcgs,0.2977339235456385,5.647146505066955
0.114,12,pos,-0.3089203010541361,5.647146505066955
0.114,12,sbps,-1.6198844386847018,5.647146505066955
0.114,12,prculs-d,-0.08760014587225717,5.647146505066955
0.114,12,prcus-p,2.3963096286724923,5.647146505066955
0.114,12,prcus-i,0.0,5.647146505066955
0.114,12,prcus-a,-0.08294600462022979,5.647146505066955
0.114,12,ifrms,-2.008605980021108,5.647146505066955
0.114,12,sspls-v,1.2501176797490925,5.647146505066955
0.114,13,mcgs,1.0474488418899752,5.623817456327299
0.114,13,pos,0.2765632355734506,5.623817456327299
0.114,13,sbps,-2.080577162620704,5.623817456327299
0.114,13,prculs-d,-0.3413819506575264,5.623817456327299
0.114,13,prcus-p,1.9509410183037819,5.623817456327299
0.114,13,prcus-i,-0.2485354390986607,5.623817456327299
0.114,13,prcus-a,0.45684644238423133,5.623817456327299
0.114,13,ifrms,-2.2192147676185585,5.623817456327299
0.114,13,sspls-v,1.302735017228019,5.623817456327299
0.114,14,mcgs,0.3146236328043591,5.875527630277562
0.114,14,pos,0.11588177255378501,5.875527630277562
0.114,14,sbps,-1.176497949883629,5.875527630277562
0.114,14,prculs-d,-0.0,5.875527630277562
0.114,14,prcus-p,2.106372868794835,5.875527630277562
0.114,14,prcus-i,-0.1823531278477298,5.875527630277562
0.114,14,prcus-a,0.45910436014042005,5.875527630277562
0.114,14,ifrms,-1.854931659095634,5.875527630277562
0.114,14,sspls-v,1.2505206988412545,5.875527630277562
0.114,15,mcgs,1.0102304809398637,5.514893785241835
0.114,15,pos,-0.0,5.514893785241835
0.114,15,sbps,-1.7785988573431135,5.514893785241835
0.114,15,prculs-d,0.20113846484084563,5.514893785241835
0.114,15,prcus-p,1.9653336055912836,5.514893785241835
0.114,15,prcus-i,-0.3253965484773769,5.514893785241835
0.114,15,prcus-a,-0.0,5.514893785241835
0.114,15,ifrms,-1.3973159012718228,5.514893785241835
0.114,15,sspls-v,2.0445137652362675,5.514893785241835
0.114,16,mcgs,0.24544395995299131,5.7842743120781535
0.114,16,pos,-0.06301383400268151,5.7842743120781535
0.114,16,sbps,-1.679042355409928,5.7842743120781535
0.114,16,prculs-d,-0.24911360443635017,5.7842743120781535
0.114,16,prcus-p,2.184398830918088,5.7842743120781535
0.114,16,prcus-i,-0.07601807328608064,5.7842743120781535
0.114,16,prcus-a,-0.0,5.7842743120781535
0.114,16,ifrms,-2.1840572971058716,5.7842743120781535
0.114,16,sspls-v,1.037863484886261,5.7842743120781535
0.114,17,mcgs,0.3978653286194369,5.940898961293009
0.114,17,pos,-0.08099062746006165,5.940898961293009
0.114,17,sbps,-1.3256272394860455,5.940898961293009
0.114,17,prculs-d,-0.1281173381307128,5.940898961293009
0.114,17,prcus-p,1.9449412730028908,5.940898961293009
0.114,17,prcus-i,-0.11217229509514552,5.940898961293009
0.114,17,prcus-a,0.0,5.940898961293009
0.114,17,ifrms,-1.7791686703369647,5.940898961293009
0.114,17,sspls-v,1.4774745999057484,5.940898961293009
0.114,18,mcgs,0.4434730252151573,5.886552128832336
0.114,18,pos,0.0,5.886552128832336
0.114,18,sbps,-1.5315957804087175,5.886552128832336
0.114,18,prculs-d,-0.21920916815644698,5.886552128832336
0.114,18,prcus-p,2.028857565954649,5.886552128832336
0.114,18,prcus-i,-0.1981859556141541,5.886552128832336
0.114,18,prcus-a,-0.0,5.886552128832336
0.114,18,ifrms,-1.8939886012726728,5.886552128832336
0.114,18,sspls-v,1.5452174408812533,5.886552128832336
0.114,19,mcgs,0.702602488145397,5.597764157411035
0.114,19,pos,-0.0,5.597764157411035
0.114,19,sbps,-1.7810768756545239,5.597764157411035
0.114,19,prculs-d,-0.14345372567620787,5.597764157411035
0.114,19,prcus-p,2.2108161029290483,5.597764157411035
0.114,19,prcus-i,-0.3860655622210235,5.597764157411035
0.114,19,prcus-a,0.0,5.597764157411035
0.114,19,ifrms,-2.1879800844043182,5.597764157411035
0.114,19,sspls-v,1.2362568526542397,5.597764157411035
0.114,20,mcgs,0.2582179014632691,5.912054870005381
0.114,20,pos,0.0,5.912054870005381
0.114,20,sbps,-1.2168333886119598,5.912054870005381
0.114,20,prculs-d,-0.0,5.912054870005381
0.114,20,prcus-p,1.777982963265036,5.912054870005381
0.114,20,prcus-i,-0.18903676857079485,5.912054870005381
0.114,20,prcus-a,-0.0,5.912054870005381
0.114,20,ifrms,-2.0280695004484195,5.912054870005381
0.114,20,sspls-v,1.4696959280436772,5.912054870005381
0.114,21,mcgs,0.5035472582093804,6.011706174449471
0.114,21,pos,-0.0,6.011706174449471
0.114,21,sbps,-1.6495703369018853,6.011706174449471
0.114,21,prculs-d,-0.17726445353723716,6.011706174449471
0.114,21,prcus-p,1.9435117023735666,6.011706174449471
0.114,21,prcus-i,-0.26916715477260805,6.011706174449471
0.114,21,prcus-a,0.0,6.011706174449471
0.114,21,ifrms,-1.9509064812481556,6.011706174449471
0.114,21,sspls-v,1.4446926831671902,6.011706174449471
0.114,22,mcgs,0.5141464326009849,6.032415311865201
0.114,22,pos,-0.0,6.032415311865201
0.114,22,sbps,-1.5613566494923268,6.032415311865201
0.114,22,prculs-d,-0.18335473448792095,6.032415311865201
0.114,22,prcus-p,1.9339874399994197,6.032415311865201
0.114,22,prcus-i,-0.2878623247626504,6.032415311865201
0.114,22,prcus-a,0.0,6.032415311865201
0.114,22,ifrms,-2.027764106153857,6.032415311865201
0.114,22,sspls-v,1.4482748833949042,6.032415311865201
0.114,23,mcgs,0.5006478283213784,5.901976523803586
0.114,23,pos,-0.0,5.901976523803586
0.114,23,sbps,-1.5711585558871488,5.901976523803586
0.114,23,prculs-d,-0.3504796152132373,5.901976523803586
0.114,23,prcus-p,1.903627869168362,5.901976523803586
0.114,23,prcus-i,-0.49140090761026656,5.901976523803586
0.114,23,prcus-a,0.10539897014808516,5.901976523803586
0.114,23,ifrms,-2.1470688128852085,5.901976523803586
0.114,23,sspls-v,1.5306436736837927,5.901976523803586
0.114,24,mcgs,0.42105668407475794,5.737661981175516
0.114,24,pos,-0.0,5.737661981175516
0.114,24,sbps,-2.0208501034581765,5.737661981175516
0.114,24,prculs-d,-0.5237402095397649,5.737661981175516
0.114,24,prcus-p,1.621894028802534,5.737661981175516
0.114,24,prcus-i,-0.25597523889200896,5.737661981175516
0.114,24,prcus-a,-0.0,5.737661981175516
0.114,24,ifrms,-2.279375414857904,5.737661981175516
0.114,24,sspls-v,1.5919406156809577,5.737661981175516
0.114,25,mcgs,0.5178890167180992,5.98593271940984
0.114,25,pos,-0.019339722214361307,5.98593271940984
0.114,25,sbps,-1.59285866180271,5.98593271940984
0.114,25,prculs-d,-0.27330045460463775,5.98593271940984
0.114,25,prcus-p,1.7471474451582727,5.98593271940984
0.114,25,prcus-i,-0.3952172173142725,5.98593271940984
0.114,25,prcus-a,0.0,5.98593271940984
0.114,25,ifrms,-2.1282175685333447,5.98593271940984
0.114,25,sspls-v,1.5212611411478332,5.98593271940984
0.114,26,mcgs,0.610154457091459,5.981465865311464
0.114,26,pos,0.0,5.981465865311464
0.114,26,sbps,-1.6774437238485662,5.981465865311464
0.114,26,prculs-d,-0.14995735819744863,5.981465865311464
0.114,26,prcus-p,1.921733180276919,5.981465865311464
0.114,26,prcus-i,-0.28465091189325015,5.981465865311464
0.114,26,prcus-a,0.03254789420175225,5.981465865311464
0.114,26,ifrms,-2.0467273887509747,5.981465865311464
0.114,26,sspls-v,1.4798678326469272,5.981465865311464
0.114,27,mcgs,0.506341394976169,6.033263881066235
0.114,27,pos,-0.0,6.033263881066235
0.114,27,sbps,-1.6310690372665584,6.033263881066235
0.114,27,prculs-d,-0.16269377972506535,6.033263881066235
0.114,27,prcus-p,1.9355356068840006,6.033263881066235
0.114,27,prcus-i,-0.2914967251499892,6.033263881066235
0.114,27,prcus-a,0.0,6.033263881066235
0.114,27,ifrms,-2.0465932270049185,6.033263881066235
0.114,27,sspls-v,1.4374729014057637,6.033263881066235
0.114,28,mcgs,0.5177880984660171,6.008198100001008
0.114,28,pos,-0.0,6.008198100001008
0.114,28,sbps,-1.6418165809099392,6.008198100001008
0.114,28,prculs-d,-0.14646208091597038,6.008198100001008
0.114,28,prcus-p,1.9047489442167835,6.008198100001008
0.114,28,prcus-i,-0.33848077701669543,6.008198100001008
0.114,28,prcus-a,0.0,6.008198100001008
0.114,28,ifrms,-2.0468420388779403,6.008198100001008
0.114,28,sspls-v,1.4209719959588256,6.008198100001008
0.114,29,mcgs,0.3802964311310573,5.826821981868994
0.114,29,pos,0.0,5.826821981868994
0.114,29,sbps,-1.599296280182102,5.826821981868994
0.114,29,prculs-d,0.06511544868862305,5.826821981868994
0.114,29,prcus-p,1.4118830062767096,5.826821981868994
0.114,29,prcus-i,0.0,5.826821981868994
0.114,29,prcus-a,0.3099515313022649,5.826821981868994
0.114,29,ifrms,-2.1297014374678267,5.826821981868994
0.114,29,sspls-v,1.1869234395513213,5.826821981868994
0.114,30,mcgs,0.23498769819694224,5.952939021543975
0.114,30,pos,-0.0,5.952939021543975
0.114,30,sbps,-1.6913946957110868,5.952939021543975
0.114,30,prculs-d,-0.17776187748469585,5.952939021543975
0.114,30,prcus-p,1.895895307894229,5.952939021543975
0.114,30,prcus-i,-0.31058336830704625,5.952939021543975
0.114,30,prcus-a,0.11020059813440669,5.952939021543975
0.114,30,ifrms,-2.1192015450521793,5.952939021543975
0.114,30,sspls-v,1.3002576361673726,5.952939021543975
0.114,31,mcgs,0.3788891433018773,5.741532664117827
0.114,31,pos,-0.0,5.741532664117827
0.114,31,sbps,-1.722484103377681,5.741532664117827
0.114,31,prculs-d,-0.033261930747587896,5.741532664117827
0.114,31,prcus-p,1.8786204683581542,5.741532664117827
0.114,31,prcus-i,-0.37646834170026183,5.741532664117827
0.114,31,prcus-a,0.0,5.741532664117827
0.114,31,ifrms,-1.9046319070859312,5.741532664117827
0.114,31,sspls-v,1.4574965650397984,5.741532664117827
0.114,32,mcgs,0.5788296707165432,5.853748499336752
0.114,32,pos,-0.2654291071125222,5.853748499336752
0.114,32,sbps,-1.6475909920358218,5.853748499336752
0.114,32,prculs-d,-0.11623612249266184,5.853748499336752
0.114,32,prcus-p,1.8897908109863348,5.853748499336752
0.114,32,prcus-i,-0.4523926481132534,5.853748499336752
0.114,32,prcus-a,0.0,5.853748499336752
0.114,32,ifrms,-1.8390710925661762,5.853748499336752
0.114,32,sspls-v,1.2716457545783626,5.853748499336752
0.114,33,mcgs,0.4520880439628841,6.025616346388479
0.114,33,pos,0.0,6.025616346388479
0.114,33,sbps,-1.5280514386743376,6.025616346388479
0.114,33,prculs-d,-0.35639819332392453,6.025616346388479
0.114,33,prcus-p,1.9157064521621487,6.025616346388479
0.114,33,prcus-i,-0.2761637957975762,6.025616346388479
0.114,33,prcus-a,0.03292201932201963,6.025616346388479
0.114,33,ifrms,-2.0468735343673736,6.025616346388479
0.114,33,sspls-v,1.4955792464442226,6.025616346388479
0.114,34,mcgs,0.3094934722596072,5.913278889806783
0.114,34,pos,-0.040512928873832205,5.913278889806783
0.114,34,sbps,-1.6090115991220748,5.913278889806783
0.114,34,prculs-d,-0.2086649595297014,5.913278889806783
0.114,34,prcus-p,2.0544913260747046,5.913278889806783
0.114,34,prcus-i,-0.38242482398783506,5.913278889806783
0.114,34,prcus-a,-0.09496916371308602,5.913278889806783
0.114,34,ifrms,-2.010711657849152,5.913278889806783
0.114,34,sspls-v,1.2726384538804703,5.913278889806783
0.122,0,mcgs,0.5552354556773632,5.957045471582645
0.122,0,pos,0.0,5.957045471582645
0.122,0,sbps,-1.6613101971478486,5.957045471582645
0.122,0,prculs-d,-0.057694971459850565,5.957045471582645
0.122,0,prcus-p,1.9279128467347544,5.957045471582645
0.122,0,prcus-i,-0.28594957672078725,5.957045471582645
0.122,0,prcus-a,-0.0,5.957045471582645
0.122,0,ifrms,-2.0213652842910994,5.957045471582645
0.122,0,sspls-v,1.4352165183147445,5.957045471582645
0.122,1,mcgs,0.45578266560215064,5.9708478091492125
0.122,1,pos,-0.0,5.9708478091492125
0.122,1,sbps,-1.5406333279821727,5.9708478091492125
0.122,1,prculs-d,-0.1336036343106621,5.9708478091492125
0.122,1,prcus-p,1.925851230746758,5.9708478091492125
0.122,1,prcus-i,-0.33490076664152596,5.9708478091492125
0.122,1,prcus-a,0.0,5.9708478091492125
0.122,1,ifrms,-1.9633052091530387,5.9708478091492125
0.122,1,sspls-v,1.4150888084633633,5.9708478091492125
0.122,2,mcgs,0.5601188086317546,5.870326040490075
0.122,2,pos,-0.0,5.870326040490075
0.122,2,sbps,-1.660290712487281,5.870326040490075
0.122,2,prculs-d,-0.4106852196697265,5.870326040490075
0.122,2,prcus-p,1.6412646458829803,5.870326040490075
0.122,2,prcus-i,-0.10470700466975966,5.870326040490075
0.122,2,prcus-a,-0.0,5.870326040490075
0.122,2,ifrms,-2.0241500644079897,5.870326040490075
0.122,2,sspls-v,1.2672419564818738,5.870326040490075
0.122,3,mcgs,0.4978294876058629,5.955095609003246
0.122,3,pos,0.09544756633199925,5.955095609003246
0.122,3,sbps,-1.7009962117680997,5.955095609003246
0.122,3,prculs-d,-0.40494992890464115,5.955095609003246
0.122,3,prcus-p,1.3868034281906663,5.955095609003246
0.122,3,prcus-i,-0.18467073115971186,5.955095609003246
0.122,3,prcus-a,0.16540189756571053,5.955095609003246
0.122,3,ifrms,-2.2519003943989997,5.955095609003246
0.122,3,sspls-v,1.679219656476912,5.955095609003246
0.122,4,mcgs,1.0708363974127764,5.839632437964146
0.122,4,pos,0.5042057665978278,5.839632437964146
0.122,4,sbps,-1.2849703926285139,5.839632437964146
0.122,4,prculs-d,-0.61093692451797,5.839632437964146
0.122,4,prcus-p,1.4467798484905332,5.839632437964146
0.122,4,prcus-i,-0.5399846760036965,5.839632437964146
0.122,4,prcus-a,-0.0,5.839632437964146
0.122,4,ifrms,-2.8668587102995535,5.839632437964146
0.122,4,sspls-v,1.4149849047046914,5.839632437964146
0.122,5,mcgs,0.16931698995485034,5.631724746180885
0.122,5,pos,-0.0,5.631724746180885
0.122,5,sbps,-1.6402112287431971,5.631724746180885
0.122,5,prculs-d,-0.20576471077008354,5.631724746180885
0.122,5,prcus-p,1.9496591568825763,5.631724746180885
0.122,5,prcus-i,-0.9256995485443228,5.631724746180885
0.122,5,prcus-a,-0.24267467553088676,5.631724746180885
0.122,5,ifrms,-1.875096821812137,5.631724746180885
0.122,5,sspls-v,1.5193201724980878,5.631724746180885
0.122,6,mcgs,0.5855271686065753,5.677093517447239
0.122,6,pos,-0.3210483655296604,5.677093517447239
0.122,6,sbps,-2.1201049014744466,5.677093517447239
0.122,6,prculs-d,0.0,5.677093517447239
0.122,6,prcus-p,2.3047272702659156,5.677093517447239
0.122,6,prcus-i,-0.06268890672741931,5.677093517447239
0.122,6,prcus-a,0.2946462224836309,5.677093517447239
0.122,6,ifrms,-2.067261392294972,5.677093517447239
0.122,6,sspls-v,1.7517071451922908,5.677093517447239
0.122,7,mcgs,0.30081758908812717,5.924424965599074
0.122,7,pos,-0.0,5.924424965599074
0.122,7,sbps,-1.4348453511444892,5.924424965599074
0.122,7,prculs-d,-0.3312766143830964,5.924424965599074
0.122,7,prcus-p,1.6015631880869465,5.924424965599074
0.122,7,prcus-i,-0.20234137768601546,5.924424965599074
0.122,7,prcus-a,0.003863365991501213,5.924424965599074
0.122,7,ifrms,-1.6452987868943894,5.924424965599074
0.122,7,sspls-v,1.1578221541950395,5.924424965599074
0.122,8,mcgs,0.732867673703006,5.966954498336919
0.122,8,pos,-0.03504609756063657,5.966954498336919
0.122,8,sbps,-1.4021240304233973,5.966954498336919
0.122,8,prculs-d,-0.16882900997709702,5.966954498336919
0.122,8,prcus-p,1.6160821644265604,5.966954498336919
0.122,8,prcus-i,-0.39355571852978066,5.966954498336919
0.122,8,prcus-a,0.06023476032615688,5.966954498336919
0.122,8,ifrms,-1.9444557762563301,5.966954498336919
0.122,8,sspls-v,1.1632452656165753,5.966954498336919
0.122,9,mcgs,0.41335992570807734,5.881448681903471
0.122,9,pos,-0.0,5.881448681903471
0.122,9,sbps,-1.6925330221857284,5.881448681903471
0.122,9,prculs-d,-0.2911044159426901,5.881448681903471
0.122,9,prcus-p,1.980219627267131,5.881448681903471
0.122,9,prcus-i,-0.04483523589697023,5.881448681903471
0.122,9,prcus-a,0.0,5.881448681903471
0.122,9,ifrms,-2.0264579483617204,5.881448681903471
0.122,9,sspls-v,1.4233792357669908,5.881448681903471
0.122,10,mcgs,0.3581910747950002,5.800877330996367
0.122,10,pos,-0.0,5.800877330996367
0.122,10,sbps,-1.7440869619185528,5.800877330996367
0.122,10,prculs-d,-0.0,5.800877330996367
0.122,10,prcus-p,1.9032513601627647,5.800877330996367
0.122,10,prcus-i,-0.4393146646643577,5.800877330996367
0.122,10,prcus-a,-0.0,5.800877330996367
0.122,10,ifrms,-1.9155128185784258,5.800877330996367
0.122,10,sspls-v,1.5764152068597446,5.800877330996367
0.122,11,mcgs,0.5228371296407267,6.012033732256466
0.122,11,pos,-0.0,6.012033732256466
0.122,11,sbps,-1.5803366130357976,6.012033732256466
0.122,11,prculs-d,-0.22250080049299878,6.012033732256466
0.122,11,prcus-p,1.912507088526579,6.012033732256466
0.122,11,prcus-i,-0.27893608960656613,6.012033732256466
0.122,11,prcus-a,0.0,6.012033732256466
0.122,11,ifrms,-2.0513799630275833,6.012033732256466
0.122,11,sspls-v,1.438136571975546,6.012033732256466
0.122,12,mcgs,0.29017374973632365,5.633002032939544
0.122,12,pos,-0.30840705435936216,5.633002032939544
0.122,12,sbps,-1.6040874522634518,5.633002032939544
0.122,12,prculs-d,-0.07839634563601837,5.633002032939544
0.122,12,prcus-p,2.386334250218161,5.633002032939544
0.122,12,prcus-i,0.0,5.633002032939544
0.122,12,prcus-a,-0.07549957197169375,5.633002032939544
0.122,12,ifrms,-1.9951279149506727,5.633002032939544
0.122,12,sspls-v,1.2359474325389173,5.633002032939544
0.122,13,mcgs,1.0269796806818168,5.62160455305845
0.122,13,pos,0.2505588369602552,5.62160455305845
0.122,13,sbps,-2.061648301628991,5.62160455305845
0.122,13,prculs-d,-0.32181419448712245,5.62160455305845
0.122,13,prcus-p,1.952223129864113,5.62160455305845
0.122,13,prcus-i,-0.24182505810526211,5.62160455305845
0.122,13,prcus-a,0.44533179818728313,5.62160455305845
0.122,13,ifrms,-2.186924961432994,5.62160455305845
0.122,13,sspls-v,1.2878512349057065,5.62160455305845
0.122,14,mcgs,0.29859440551636274,5.862476552833554
0.122,14,pos,0.10059169096199526,5.862476552833554
0.122,14,sbps,-1.1593721816212552,5.862476552833554
0.122,14,prculs-d,-0.0,5.862476552833554
0.122,14,prcus-p,2.1017156999375257,5.862476552833554
0.122,14,prcus-i,-0.17246671108922365,5.862476552833554
0.122,14,prcus-a,0.4522813925999737,5.862476552833554
0.122,14,ifrms,-1.833289421968029,5.862476552833554
0.122,14,sspls-v,1.2345517275960298,5.862476552833554
0.122,15,mcgs,0.9978012063046352,5.502721021849837
0.122,15,pos,-0.0,5.502721021849837
0.122,15,sbps,-1.7600793594757311,5.502721021849837
0.122,15,prculs-d,0.18698055255574744,5.502721021849837
0.122,15,prcus-p,1.9531891277651936,5.502721021849837
0.122,15,prcus-i,-0.31242051961176903,5.502721021849837
0.122,15,prcus-a,-0.0,5.502721021849837
0.122,15,ifrms,-1.3903346324748291,5.502721021849837
0.122,15,sspls-v,2.027394721086953,5.502721021849837
0.122,16,mcgs,0.23405126067137924,5.7726497217676425
0.122,16,pos,-0.06399200837427009,5.7726497217676425
0.122,16,sbps,-1.6626671238918382,5.7726497217676425
0.122,16,prculs-d,-0.24141931919018605,5.7726497217676425
0.122,16,prcus-p,2.1784277400250467,5.7726497217676425
0.122,16,prcus-i,-0.06615522943281468,5.7726497217676425
0.122,16,prcus-a,-0.0,5.7726497217676425
0.122,16,ifrms,-2.168937012529144,5.7726497217676425
0.122,16,sspls-v,1.022946202851527,5.7726497217676425
0.122,17,mcgs,0.3858149112822045,5.926347424423825
0.122,17,pos,-0.08292249493260764,5.926347424423825
0.122,17,sbps,-1.3077755222938026,5.926347424423825
0.122,17,prculs-d,-0.11977603053639824,5.926347424423825
0.122,17,prcus-p,1.9381709711747899,5.926347424423825
0.122,17,prcus-i,-0.10151609294529201,5.926347424423825
0.122,17,prcus-a,0.0,5.926347424423825
0.122,17,ifrms,-1.7611139662608057,5.926347424423825
0.122,17,sspls-v,1.4626689428857667,5.926347424423825
0.122,18,mcgs,0.43230778599320463,5.8732396539698755
0.122,18,pos,0.0,5.8732396539698755
0.122,18,sbps,-1.5161861693259857,5.8732396539698755
0.122,18,prculs-d,-0.21176862066585025,5.8732396539698755
0.122,18,prcus-p,2.0228367579582853,5.8732396539698755
0.122,18,prcus-i,-0.18893440707406084,5.8732396539698755
0.122,18,prcus-a,-0.0,5.8732396539698755
0.122,18,ifrms,-1.8786381347391503,5.8732396539698755
0.122,18,sspls-v,1.5306742797470276,5.8732396539698755
0.122,19,mcgs,0.691207660398233,5.588703854586124
0.122,19,pos,-0.0,5.588703854586124
0.122,19,sbps,-1.7643570801978494,5.588703854586124
0.122,19,prculs-d,-0.1360193855805115,5.588703854586124
0.122,19,prcus-p,2.2033430379186916,5.588703854586124
0.122,19,prcus-i,-0.3765242977325536,5.588703854586124
0.122,19,prcus-a,0.0,5.588703854586124
0.122,19,ifrms,-2.1719392104910056,5.588703854586124
0.122,19,sspls-v,1.2216328155868525,5.588703854586124
0.122,20,mcgs,0.24539981046320244,5.891015094478034
0.122,20,pos,0.0,5.891015094478034
0.122,20,sbps,-1.1978541813434962,5.891015094478034
0.122,20,prculs-d,-0.0,5.891015094478034
0.122,20,prcus-p,1.7674953975858079,5.891015094478034
0.122,20,prcus-i,-0.17705845929004516,5.891015094478034
0.122,20,prcus-a,-0.0,5.891015094478034
0.122,20,ifrms,-2.0156358790516817,5.891015094478034
0.122,20,sspls-v,1.4548167874972595,5.891015094478034
0.122,21,mcgs,0.49321804196110935,6.001825832592701
0.122,21,pos,-0.0,6.001825832592701
0.122,21,sbps,-1.6322840118736415,6.001825832592701
0.122,21,prculs-d,-0.1702479922669482,6.001825832592701
0.122,21,prcus-p,1.9365053932249134,6.001825832592701
0.122,21,prcus-i,-0.2584134223303146,6.001825832592701
0.122,21,prcus-a,0.0,6.001825832592701
0.122,21,ifrms,-1.9343814564938153,6.001825832592701
0.122,21,sspls-v,1.4286782018247184,6.001825832592701
0.122,22,mcgs,0.5030073387702968,6.023914969574186
0.122,22,pos,-0.0,6.023914969574186
0.122,22,sbps,-1.5463044568584872,6.023914969574186
0.122,22,prculs-d,-0.17583187668397798,6.023914969574186
0.122,22,prcus-p,1.9268820841902259,6.023914969574186
0.122,22,prcus-i,-0.2790339784955934,6.023914969574186
0.122,22,prcus-a,0.0,6.023914969574186
0.122,22,ifrms,-2.012490661976135,6.023914969574186
0.122,22,sspls-v,1.433579826787517,6.023914969574186
0.122,23,mcgs,0.48612711214829185,5.895674363449104
0.122,23,pos,-0.0,5.895674363449104
0.122,23,sbps,-1.5557245021018806,5.895674363449104
0.122,23,prculs-d,-0.34155060395163056,5.895674363449104
0.122,23,prcus-p,1.898459654755348,5.895674363449104
0.122,23,prcus-i,-0.4864272384230991,5.895674363449104
0.122,23,prcus-a,0.09443009039234411,5.895674363449104
0.122,23,ifrms,-2.1275981860895854,5.895674363449104
0.122,23,sspls-v,1.5172811581871202,5.895674363449104
0.122,24,mcgs,0.4101906012740655,5.7263258378623085
0.122,24,pos,-0.0,5.7263258378623085
0.122,24,sbps,-2.004220786968708,5.7263258378623085
0.122,24,prculs-d,-0.5151896812732738,5.7263258378623085
0.122,24,prcus-p,1.616108091494382,5.7263258378623085
0.122,24,prcus-i,-0.2467297206861962,5.7263258378623085
0.122,24,prcus-a,-0.0,5.7263258378623085
0.122,24,ifrms,-2.2628453417753454,5.7263258378623085
0.122,24,sspls-v,1.5763532151242317,5.7263258378623085
0.122,25,mcgs,0.5065241171271412,5.980267379774538
0.122,25,pos,-0.018943583175406998,5.980267379774538
0.122,25,sbps,-1.5777457070060308,5.980267379774538
0.122,25,prculs-d,-0.26441354997459826,5.980267379774538
0.122,25,prcus-p,1.7425438080417532,5.980267379774538
0.122,25,prcus-i,-0.38483620809321145,5.980267379774538
0.122,25,prcus-a,0.0,5.980267379774538
0.122,25,ifrms,-2.111369421044776,5.980267379774538
0.122,25,sspls-v,1.5055330628349592,5.980267379774538
0.122,26,mcgs,0.5936604890499001,5.97176637458832
0.122,26,pos,0.0,5.97176637458832
0.122,26,sbps,-1.6614370668166454,5.97176637458832
0.122,26,prculs-d,-0.14279924429877314,5.97176637458832
0.122,26,prcus-p,1.9166718990749554,5.97176637458832
0.122,26,prcus-i,-0.28112441303104463,5.97176637458832
0.122,26,prcus-a,0.020480032245311572,5.97176637458832
0.122,26,ifrms,-2.026665138542725,5.97176637458832
0.122,26,sspls-v,1.4666591395236184,5.97176637458832
0.122,27,mcgs,0.4963503635175034,6.024214422248659
0.122,27,pos,-0.0,6.024214422248659
0.122,27,sbps,-1.6136485874990276,6.024214422248659
0.122,27,prculs-d,-0.15496016631371448,6.024214422248659
0.122,27,prcus-p,1.9280163994598156,6.024214422248659
0.122,27,prcus-i,-0.2812083143435906,6.024214422248659
0.122,27,prcus-a,0.0,6.024214422248659
0.122,27,ifrms,-2.03121704810282,6.024214422248659
0.122,27,sspls-v,1.4213008741167932,6.024214422248659
0.122,28,mcgs,0.5067068140231996,5.999087133203052
0.122,28,pos,-0.0,5.999087133203052
0.122,28,sbps,-1.6257272664712905,5.999087133203052
0.122,28,prculs-d,-0.13920375680116048,5.999087133203052
0.122,28,prcus-p,1.897667139301756,5.999087133203052
0.122,28,prcus-i,-0.3290489271386689,5.999087133203052
0.122,28,prcus-a,0.0,5.999087133203052
0.122,28,ifrms,-2.031062002963365,5.999087133203052
0.122,28,sspls-v,1.4064030335173399,5.999087133203052
0.122,29,mcgs,0.36547200417523684,5.814615314508692
0.122,29,pos,0.0,5.814615314508692
0.122,29,sbps,-1.582663954221079,5.814615314508692
0.122,29,prculs-d,0.05729391807089105,5.814615314508692
0.122,29,prcus-p,1.4032629264851144,5.814615314508692
0.122,29,prcus-i,0.0,5.814615314508692
0.122,29,prcus-a,0.2966682764387258,5.814615314508692
0.122,29,ifrms,-2.1157227412866746,5.814615314508692
0.122,29,sspls-v,1.174946622794042,5.814615314508692
0.122,30,mcgs,0.22326439113420993,5.944682201923368
0.122,30,pos,-0.0,5.944682201923368
0.122,30,sbps,-1.6756059012183289,5.944682201923368
0.122,30,prculs-d,-0.16974064441110412,5.944682201923368
0.122,30,prcus-p,1.8901096135398954,5.944682201923368
0.122,30,prcus-i,-0.3056425918370107,5.944682201923368
0.122,30,prcus-a,0.10145504462364896,5.944682201923368
0.122,30,ifrms,-2.1021220353386663,5.944682201923368
0.122,30,sspls-v,1.2870938874375812,5.944682201923368
0.122,31,mcgs,0.3675443841250123,5.729723481123473
0.122,31,pos,-0.0,5.729723481123473
0.122,31,sbps,-1.7060951001605584,5.729723481123473
0.122,31,prculs-d,-0.025595270848801168,5.729723481123473
0.122,31,prcus-p,1.8713443689397238,5.729723481123473
0.122,31,prcus-i,-0.367110846525664,5.729723481123473
0.122,31,prcus-a,0.0,5.729723481123473
0.122,31,ifrms,-1.8885796911900135,5.729723481123473
0.122,31,sspls-v,1.4421863082536175,5.729723481123473
0.122,32,mcgs,0.5676831589694689,5.847099938843508
0.122,32,pos,-0.26643241475881546,5.847099938843508
0.122,32,sbps,-1.6310545213893033,5.847099938843508
0.122,32,prculs-d,-0.10842297769216347,5.847099938843508
0.122,32,prcus-p,1.8828523249992382,5.847099938843508
0.122,32,prcus-i,-0.4431295511994602,5.847099938843508
0.122,32,prcus-a,0.0,5.847099938843508
0.122,32,ifrms,-1.8228607784503712,5.847099938843508
0.122,32,sspls-v,1.2566121625374178,5.847099938843508
0.122,33,mcgs,0.4379213909766802,6.019063067520269
0.122,33,pos,0.0,6.019063067520269
0.122,33,sbps,-1.5132873373017581,6.019063067520269
0.122,33,prculs-d,-0.3481050625147861,6.019063067520269
0.122,33,prcus-p,1.910450155908973,6.019063067520269
0.122,33,prcus-i,-0.27186442421552254,6.019063067520269
0.122,33,prcus-a,0.022221499551272395,6.019063067520269
0.122,33,ifrms,-2.028196377996634,6.019063067520269
0.122,33,sspls-v,1.482569283341976,6.019063067520269
0.122,34,mcgs,0.30447918244957506,5.906818174869964
0.122,34,pos,-0.041549928888017375,5.906818174869964
0.122,34,sbps,-1.5917370336631151,5.906818174869964
0.122,34,prculs-d,-0.20190398213050786,5.906818174869964
0.122,34,prcus-p,2.0441385556552443,5.906818174869964
0.122,34,prcus-i,-0.3646752463783899,5.906818174869964
0.122,34,prcus-a,-0.0776595614778491,5.906818174869964
0.122,34,ifrms,-1.999604273062475,5.906818174869964
0.122,34,sspls-v,1.254937051538275,5.906818174869964
0.131,0,mcgs,0.543558363681212,5.943770639218005
0.131,0,pos,0.0,5.943770639218005
0.131,0,sbps,-1.6426976486244012,5.943770639218005
0.131,0,prculs-d,-0.04961820682792291,5.943770639218005
0.131,0,prcus-p,1.9196647901549975,5.943770639218005
0.131,0,prcus-i,-0.2752896032681024,5.943770639218005
0.131,0,prcus-a,-0.0,5.943770639218005
0.131,0,ifrms,-2.0036692942538905,5.943770639218005
0.131,0,sspls-v,1.4179710325667414,5.943770639218005
0.131,1,mcgs,0.44229214833857156,5.9604664827386875
0.131,1,pos,-0.0,5.9604664827386875
0.131,1,sbps,-1.520360228346204,5.9604664827386875
0.131,1,prculs-d,-0.12427102349156632,5.9604664827386875
0.131,1,prcus-p,1.9174999595627444,5.9604664827386875
0.131,1,prcus-i,-0.3253998963951894,5.9604664827386875
0.131,1,prcus-a,0.0,5.9604664827386875
0.131,1,ifrms,-1.9438164780315332,5.9604664827386875
0.131,1,sspls-v,1.3969874490548795,5.9604664827386875
0.131,2,mcgs,0.5479914694403288,5.861573736576347
0.131,2,pos,-0.0,5.861573736576347
0.131,2,sbps,-1.6426127730061395,5.861573736576347
0.131,2,prculs-d,-0.40364795042513346,5.861573736576347
0.131,2,prcus-p,1.632815937654362,5.861573736576347
0.131,2,prcus-i,-0.09366369796302708,5.861573736576347
0.131,2,prcus-a,-0.0,5.861573736576347
0.131,2,ifrms,-2.006709908183015,5.861573736576347
0.131,2,sspls-v,1.2499280393662429,5.861573736576347
0.131,3,mcgs,0.4772383455142717,5.948197724517415
0.131,3,pos,0.06582356251709735,5.948197724517415
0.131,3,sbps,-1.6815456921328595,5.948197724517415
0.131,3,prculs-d,-0.381464693591325,5.948197724517415
0.131,3,prcus-p,1.3924747402942381,5.948197724517415
0.131,3,prcus-i,-0.17783687838046977,5.948197724517415
0.131,3,prcus-a,0.15333830085779496,5.948197724517415
0.131,3,ifrms,-2.2138995782386104,5.948197724517415
0.131,3,sspls-v,1.6601000898802603,5.948197724517415
0.131,4,mcgs,1.049704519535672,5.838749884266745
0.131,4,pos,0.4713684230482733,5.838749884266745
0.131,4,sbps,-1.2681767142179847,5.838749884266745
0.131,4,prculs-d,-0.5869267078035546,5.838749884266745
0.131,4,prcus-p,1.4503588221469712,5.838749884266745
0.131,4,prcus-i,-0.525446739758992,5.838749884266745
0.131,4,prcus-a,-0.0,5.838749884266745
0.131,4,ifrms,-2.8285412370676384,5.838749884266745
0.131,4,sspls-v,1.3951508021760055,5.838749884266745
0.131,5,mcgs,0.16419643964817277,5.620473370367469
0.131,5,pos,-0.0,5.620473370367469
0.131,5,sbps,-1.6205446330112039,5.620473370367469
0.131,5,prculs-d,-0.19869233792849136,5.620473370367469
0.131,5,prcus-p,1.9379310857666923,5.620473370367469
0.131,5,prcus-i,-0.9054867043144228,5.620473370367469
0.131,5,prcus-a,-0.22248680130725665,5.620473370367469
0.131,5,ifrms,-1.863667422637949,5.620473370367469
0.131,5,sspls-v,1.49801583480017,5.620473370367469
0.131,6,mcgs,0.5677886395404941,5.672678281215418
0.131,6,pos,-0.31173902491939814,5.672678281215418
0.131,6,sbps,-2.094275354827134,5.672678281215418
0.131,6,prculs-d,0.0,5.672678281215418
0.131,6,prcus-p,2.290443373937386,5.672678281215418
0.131,6,prcus-i,-0.06179102300739617,5.672678281215418
0.131,6,prcus-a,0.27690474929023484,5.672678281215418
0.131,6,ifrms,-2.0487652175352298,5.672678281215418
0.131,6,sspls-v,1.7324629474147537,5.672678281215418
0.131,7,mcgs,0.2842180729884561,5.913336126237368
0.131,7,pos,-0.0,5.913336126237368
0.131,7,sbps,-1.412990063422055,5.913336126237368
0.131,7,prculs-d,-0.32572657046931924,5.913336126237368
0.131,7,prcus-p,1.590126303811816,5.913336126237368
0.131,7,prcus-i,-0.1917320837179949,5.913336126237368
0.131,7,prcus-a,0.0,5.913336126237368
0.131,7,ifrms,-1.6229793639953796,5.913336126237368
0.131,7,sspls-v,1.13749617429818,5.913336126237368
0.131,8,mcgs,0.7201117243871124,5.960288599573169
0.131,8,pos,-0.03618764396679822,5.960288599573169
0.131,8,sbps,-1.3827463343360966,5.960288599573169
0.131,8,prculs-d,-0.15918547539293149,5.960288599573169
0.131,8,prcus-p,1.6085247470935304,5.960288599573169
0.131,8,prcus-i,-0.38887114354639535,5.960288599573169
0.131,8,prcus-a,0.049599626486014785,5.960288599573169
0.131,8,ifrms,-1.9227797094511976,5.960288599573169
0.131,8,sspls-v,1.14737666697389,5.960288599573169
0.131,9,mcgs,0.4005687555231466,5.867119473555346
0.131,9,pos,-0.0,5.867119473555346
0.131,9,sbps,-1.6745528071390359,5.867119473555346
0.131,9,prculs-d,-0.28343397175309104,5.867119473555346
0.131,9,prcus-p,1.9722252114221515,5.867119473555346
0.131,9,prcus-i,-0.03500488909635136,5.867119473555346
0.131,9,prcus-a,0.0,5.867119473555346
0.131,9,ifrms,-2.0087382833502416,5.867119473555346
0.131,9,sspls-v,1.4062537228340564,5.867119473555346
0.131,10,mcgs,0.34600728508980133,5.788010219808316
0.131,10,pos,-0.0,5.788010219808316
0.131,10,sbps,-1.7247500881661924,5.788010219808316
0.131,10,prculs-d,-0.0,5.788010219808316
0.131,10,prcus-p,1.8933788787308743,5.788010219808316
0.131,10,prcus-i,-0.427141075210846,5.788010219808316
0.131,10,prcus-a,-0.0,5.788010219808316
0.131,10,ifrms,-1.9005138285468344,5.788010219808316
0.131,10,sspls-v,1.5589464653249046,5.788010219808316
0.131,11,mcgs,0.5099786013535313,6.003633918677131
0.131,11,pos,-0.0,6.003633918677131
0.131,11,sbps,-1.5627006132105998,6.003633918677131
0.131,11,prculs-d,-0.21360305506363605,6.003633918677131
0.131,11,prcus-p,1.9045900548680321,6.003633918677131
0.131,11,prcus-i,-0.2686541583846604,6.003633918677131
0.131,11,prcus-a,0.0,6.003633918677131
0.131,11,ifrms,-2.0336108392034777,6.003633918677131
0.131,11,sspls-v,1.4210852454370504,6.003633918677131
0.131,12,mcgs,0.28166926257124125,5.6167028194264175
0.131,12,pos,-0.30782845115851765,5.6167028194264175
0.131,12,sbps,-1.5863157822949983,5.6167028194264175
0.131,12,prculs-d,-0.06804308997404807,5.6167028194264175
0.131,12,prcus-p,2.37511121087605,5.6167028194264175
0.131,12,prcus-i,0.0,5.6167028194264175
0.131,12,prcus-a,-0.06712191583908278,5.6167028194264175
0.131,12,ifrms,-1.979966074549221,5.6167028194264175
0.131,12,sspls-v,1.2200059688778848,5.6167028194264175
0.131,13,mcgs,1.0039518743226357,5.619112944837596
0.131,13,pos,0.22130388852040828,5.619112944837596
0.131,13,sbps,-2.040353333013315,5.619112944837596
0.131,13,prculs-d,-0.29980046879541594,5.619112944837596
0.131,13,prcus-p,1.9536655053694882,5.619112944837596
0.131,13,prcus-i,-0.23427587948769002,5.619112944837596
0.131,13,prcus-a,0.4323778234657143,5.619112944837596
0.131,13,ifrms,-2.1505989294742323,5.619112944837596
0.131,13,sspls-v,1.271106979793105,5.619112944837596
0.131,14,mcgs,0.28053032715826715,5.846467354896563
0.131,14,pos,0.08341189272988415,5.846467354896563
0.131,14,sbps,-1.1401389433761389,5.846467354896563
0.131,14,prculs-d,-0.0,5.846467354896563
0.131,14,prcus-p,2.0964785274211186,5.846467354896563
0.131,14,prcus-i,-0.16143254737650692,5.846467354896563
0.131,14,prcus-a,0.44453934257080063,5.846467354896563
0.131,14,ifrms,-1.808937216810419,5.846467354896563
0.131,14,sspls-v,1.2166192094625414,5.846467354896563
0.131,15,mcgs,0.9838182723400036,5.48953277377214
0.131,15,pos,-0.0,5.48953277377214
0.131,15,sbps,-1.739244924374924,5.48953277377214
0.131,15,prculs-d,0.17105290123501085,5.48953277377214
0.131,15,prcus-p,1.93952659021084,5.48953277377214
0.131,15,prcus-i,-0.29782248713796117,5.48953277377214
0.131,15,prcus-a,-0.0,5.48953277377214
0.131,15,ifrms,-1.3824807050782129,5.48953277377214
0.131,15,sspls-v,2.0081357964189723,5.48953277377214
0.131,16,mcgs,0.22128414545702496,5.759577105080359
0.131,16,pos,-0.06497057280719673,5.759577105080359
0.131,16,sbps,-1.644246986104837,5.759577105080359
0.131,16,prculs-d,-0.23285782624925394,5.759577105080359
0.131,16,prcus-p,2.1716547450465686,5.759577105080359
0.131,16,prcus-i,-0.055072104361437016,5.759577105080359
0.131,16,prcus-a,-0.0,5.759577105080359
0.131,16,ifrms,-2.1520035196239427,5.759577105080359
0.131,16,sspls-v,1.0061841095922912,5.759577105080359
0.131,17,mcgs,0.37225819177781855,5.911331346804656
0.131,17,pos,-0.08509584583922233,5.911331346804656
0.131,17,sbps,-1.2876923404525287,5.911331346804656
0.131,17,prculs-d,-0.11039205949279396,5.911331346804656
0.131,17,prcus-p,1.930554381618174,5.911331346804656
0.131,17,prcus-i,-0.08952786552670669,5.911331346804656
0.131,17,prcus-a,0.0,5.911331346804656
0.131,17,ifrms,-1.740802424175128,5.911331346804656
0.131,17,sspls-v,1.4460125787382871,5.911331346804656
0.131,18,mcgs,0.41974689186850644,5.85937300662525
0.131,18,pos,0.0,5.85937300662525
0.131,18,sbps,-1.4988503568579112,5.85937300662525
0.131,18,prculs-d,-0.20339800473892802,5.85937300662525
0.131,18,prcus-p,2.0160633489623763,5.85937300662525
0.131,18,prcus-i,-0.17852641496645544,5.85937300662525
0.131,18,prcus-a,0.0,5.85937300662525
0.131,18,ifrms,-1.8613688598889346,5.85937300662525
0.131,18,sspls-v,1.5143132234710237,5.85937300662525
0.131,19,mcgs,0.6783883995566652,5.5798853076284205
0.131,19,pos,-0.0,5.5798853076284205
0.131,19,sbps,-1.745547116366943,5.5798853076284205
0.131,19,prculs-d,-0.12765593273021295,5.5798853076284205
0.131,19,prcus-p,2.1949357963259084,5.5798853076284205
0.131,19,prcus-i,-0.36579029225123955,5.5798853076284205
0.131,19,prcus-a,0.0,5.5798853076284205
0.131,19,ifrms,-2.153893229346019,5.5798853076284205
0.131,19,sspls-v,1.2051807081756414,5.5798853076284205
0.131,20,mcgs,0.23097945041988197,5.868126550967067
0.131,20,pos,0.0,5.868126550967067
0.131,20,sbps,-1.1765025537487028,5.868126550967067
0.131,20,prculs-d,-0.0,5.868126550967067
0.131,20,prcus-p,1.755696882191939,5.868126550967067
0.131,20,prcus-i,-0.16358285623824345,5.868126550967067
0.131,20,prcus-a,-0.0,5.868126550967067
0.131,20,ifrms,-2.00164805055054,5.868126550967067
0.131,20,sspls-v,1.4380777489825203,5.868126550967067
0.131,21,mcgs,0.4815976736818044,5.990650573316522
0.131,21,pos,-0.0,5.990650573316522
0.131,21,sbps,-1.6128368962168693,5.990650573316522
0.131,21,prculs-d,-0.1623544733378724,5.990650573316522
0.131,21,prcus-p,1.9286232954326767,5.990650573316522
0.131,21,prcus-i,-0.24631547333273537,5.990650573316522
0.131,21,prcus-a,0.0,5.990650573316522
0.131,21,ifrms,-1.9157908036451816,5.990650573316522
0.131,21,sspls-v,1.41066191031444,5.990650573316522
0.131,22,mcgs,0.4904758582107723,6.0139184105311685
0.131,22,pos,-0.0,6.0139184105311685
0.131,22,sbps,-1.5293707401454175,6.0139184105311685
0.131,22,prculs-d,-0.16736866165454217,6.0139184105311685
0.131,22,prcus-p,1.918888558904884,6.0139184105311685
0.131,22,prcus-i,-0.2691020889451546,6.0139184105311685
0.131,22,prcus-a,0.0,6.0139184105311685
0.131,22,ifrms,-1.995308037276198,6.0139184105311685
0.131,22,sspls-v,1.417047888104207,6.0139184105311685
0.131,23,mcgs,0.46979130645356965,5.8888675280134395
0.131,23,pos,-0.0,5.8888675280134395
0.131,23,sbps,-1.5383611915934534,5.8888675280134395
0.131,23,prculs-d,-0.33150546628232275,5.8888675280134395
0.131,23,prcus-p,1.8926454135407078,5.8888675280134395
0.131,23,prcus-i,-0.48083186058753685,5.8888675280134395
0.131,23,prcus-a,0.08209010066713207,5.8888675280134395
0.131,23,ifrms,-2.1056937309445094,5.8888675280134395
0.131,23,sspls-v,1.5022483282533652,5.8888675280134395
0.131,24,mcgs,0.39796719933339814,5.716503885254667
0.131,24,pos,-0.0,5.716503885254667
0.131,24,sbps,-1.9855130344831702,5.716503885254667
0.131,24,prculs-d,-0.5055697453894968,5.716503885254667
0.131,24,prcus-p,1.6095986788723755,5.716503885254667
0.131,24,prcus-i,-0.23632888475974922,5.716503885254667
0.131,24,prcus-a,-0.0,5.716503885254667
0.131,24,ifrms,-2.244249105557309,5.716503885254667
0.131,24,sspls-v,1.5588175598871776,5.716503885254667
0.131,25,mcgs,0.49373860508730977,5.975108408535616
0.131,25,pos,-0.018497926756584772,5.975108408535616
0.131,25,sbps,-1.560743632859768,5.975108408535616
0.131,25,prculs-d,-0.2544157822658022,5.975108408535616
0.131,25,prcus-p,1.7373647162856722,5.975108408535616
0.131,25,prcus-i,-0.3731575727195192,5.975108408535616
0.131,25,prcus-a,0.0,5.975108408535616
0.131,25,ifrms,-2.092415255120135,5.975108408535616
0.131,25,sspls-v,1.487838974732977,5.975108408535616
0.131,26,mcgs,0.5751364821913978,5.963329879984603
0.131,26,pos,0.0,5.963329879984603
0.131,26,sbps,-1.6434130511286484,5.963329879984603
0.131,26,prculs-d,-0.1347751014326133,5.963329879984603
0.131,26,prcus-p,1.9109608307970936,5.963329879984603
0.131,26,prcus-i,-0.2771013961403349,5.963329879984603
0.131,26,prcus-a,0.006952798868403811,5.963329879984603
0.131,26,ifrms,-2.0041207043499787,5.963329879984603
0.131,26,sspls-v,1.4517817997205287,5.963329879984603
0.131,27,mcgs,0.4851104531265045,6.014164451221194
0.131,27,pos,-0.0,6.014164451221194
0.131,27,sbps,-1.5940505815105561,6.014164451221194
0.131,27,prculs-d,-0.14625985122594504,6.014164451221194
0.131,27,prcus-p,1.919557291107608,6.014164451221194
0.131,27,prcus-i,-0.2696338521863923,6.014164451221194
0.131,27,prcus-a,0.0,6.014164451221194
0.131,27,ifrms,-2.013918846837957,6.014164451221194
0.131,27,sspls-v,1.4031073434167012,6.014164451221194
0.131,28,mcgs,0.4942403690250302,5.990459783482061
0.131,28,pos,-0.0,5.990459783482061
0.131,28,sbps,-1.60762678772781,5.990459783482061
0.131,28,prculs-d,-0.1310381421719984,5.990459783482061
0.131,28,prcus-p,1.8897001087723506,5.990459783482061
0.131,28,prcus-i,-0.3184380960258898,5.990459783482061
0.131,28,prcus-a,0.0,5.990459783482061
0.131,28,ifrms,-2.0133094625594685,5.990459783482061
0.131,28,sspls-v,1.3900129507706664,5.990459783482061
0.131,29,mcgs,0.3487296420339269,5.799822610916089
0.131,29,pos,0.0,5.799822610916089
0.131,29,sbps,-1.5639918151792795,5.799822610916089
0.131,29,prculs-d,0.04850648745435948,5.799822610916089
0.131,29,prcus-p,1.3936212763454525,5.799822610916089
0.131,29,prcus-i,0.0,5.799822610916089
0.131,29,prcus-a,0.2816746859114292,5.799822610916089
0.131,29,ifrms,-2.0999712304150457,5.799822610916089
0.131,29,sspls-v,1.1614874880266852,5.799822610916089
0.131,30,mcgs,0.21007533179271393,5.93613919336774
0.131,30,pos,-0.0,5.93613919336774
0.131,30,sbps,-1.6578438916575524,5.93613919336774
0.131,30,prculs-d,-0.16071609345857865,5.93613919336774
0.131,30,prcus-p,1.8836010925748288,5.93613919336774
0.131,30,prcus-i,-0.30008534175169455,5.93613919336774
0.131,30,prcus-a,0.09161531440399946,5.93613919336774
0.131,30,ifrms,-2.082907121028279,5.93613919336774
0.131,30,sspls-v,1.2722850761791162,5.93613919336774
0.131,31,mcgs,0.354783072315032,5.718757966574699
0.131,31,pos,-0.0,5.718757966574699
0.131,31,sbps,-1.6876821537663163,5.718757966574699
0.131,31,prculs-d,-0.01693650733942871,5.718757966574699
0.131,31,prcus-p,1.8631701462595465,5.718757966574699
0.131,31,prcus-i,-0.3565936298869788,5.718757966574699
0.131,31,prcus-a,0.0,5.718757966574699
0.131,31,ifrms,-1.870514552235404,5.718757966574699
0.131,31,sspls-v,1.424970347282251,5.718757966574699
0.131,32,mcgs,0.5551433332540112,5.840981365082078
0.131,32,pos,-0.2675611358608951,5.840981365082078
0.131,32,sbps,-1.6124509919119678,5.840981365082078
0.131,32,prculs-d,-0.09963318979160349,5.840981365082078
0.131,32,prcus-p,1.8750465282637527,5.840981365082078
0.131,32,prcus-i,-0.43270856717144246,5.840981365082078
0.131,32,prcus-a,0.0,5.840981365082078
0.131,32,ifrms,-1.8046241750700904,5.840981365082078
0.131,32,sspls-v,1.239699371491354,5.840981365082078
0.131,33,mcgs,0.4219553465324181,6.011330717261018
0.131,33,pos,0.0,6.011330717261018
0.131,33,sbps,-1.4967233679502217,6.011330717261018
0.131,33,prculs-d,-0.33871281363773476,6.011330717261018
0.131,33,prcus-p,1.9045637538520699,6.011330717261018
0.131,33,prcus-i,-0.2671146432731816,6.011330717261018
0.131,33,prcus-a,0.010114767503002716,6.011330717261018
0.131,33,ifrms,-2.0071534745393187,6.011330717261018
0.131,33,sspls-v,1.4679587338533358,6.011330717261018
0.131,34,mcgs,0.298838106413291,5.899584360148779
0.131,34,pos,-0.04271655390397691,5.899584360148779
0.131,34,sbps,-1.5723031475217872,5.899584360148779
0.131,34,prculs-d,-0.19429788255641475,5.899584360148779
0.131,34,prcus-p,2.032491688933354,5.899584360148779
0.131,34,prcus-i,-0.34470697156776325,5.899584360148779
0.131,34,prcus-a,-0.05818625896320788,5.899584360148779
0.131,34,ifrms,-1.987108465177462,5.899584360148779
0.131,34,sspls-v,1.2350229739033063,5.899584360148779
0.14,0,mcgs,0.5318812716850605,5.931799645856977
0.14,0,pos,0.0,5.931799645856977
0.14,0,sbps,-1.6240851001009542,5.931799645856977
0.14,0,prculs-d,-0.041541442195995565,5.931799645856977
0.14,0,prcus-p,1.9114167335752403,5.931799645856977
0.14,0,prcus-i,-0.2646296298154174,5.931799645856977
0.14,0,prcus-a,-0.0,5.931799645856977
0.14,0,ifrms,-1.9859733042166814,5.931799645856977
0.14,0,sspls-v,1.4007255468187398,5.931799645856977
0.14,1,mcgs,0.42880163107499264,5.95048420053539
0.14,1,pos,-0.0,5.95048420053539
0.14,1,sbps,-1.500087128710236,5.95048420053539
0.14,1,prculs-d,-0.11493841267247014,5.95048420053539
0.14,1,prcus-p,1.909148688378732,5.95048420053539
0.14,1,prcus-i,-0.3158990261488532,5.95048420053539
0.14,1,prcus-a,0.0,5.95048420053539
0.14,1,ifrms,-1.9243277469100264,5.95048420053539
0.14,1,sspls-v,1.3788860896463955,5.95048420053539
0.14,2,mcgs,0.5358641302489034,5.852823240265768
0.14,2,pos,-0.0,5.852823240265768
0.14,2,sbps,-1.6249348335249987,5.852823240265768
0.14,2,prculs-d,-0.3966106811805401,5.852823240265768
0.14,2,prcus-p,1.6243672294257443,5.852823240265768
0.14,2,prcus-i,-0.08262039125629494,5.852823240265768
0.14,2,prcus-a,-0.0,5.852823240265768
0.14,2,ifrms,-1.9892697519580418,5.852823240265768
0.14,2,sspls-v,1.2326141222506128,5.852823240265768
0.14,3,mcgs,0.4565982896714445,5.938924696752714
0.14,3,pos,0.03611832137388482,5.938924696752714
0.14,3,sbps,-1.6621055590091567,5.938924696752714
0.14,3,prculs-d,-0.35788997264195377,5.938924696752714
0.14,3,prcus-p,1.3982064647485326,5.938924696752714
0.14,3,prcus-i,-0.17104915208887728,5.938924696752714
0.14,3,prcus-a,0.14121938176636215,5.938924696752714
0.14,3,ifrms,-2.1758186999622273,5.938924696752714
0.14,3,sspls-v,1.6409816421570973,5.938924696752714
0.14,4,mcgs,1.02857268513248,5.83593218266059
0.14,4,pos,0.4385311696897901,5.83593218266059
0.14,4,sbps,-1.2513830256470815,5.83593218266059
0.14,4,prculs-d,-0.5629165636367036,5.83593218266059
0.14,4,prcus-p,1.4539377480418236,5.83593218266059
0.14,4,prcus-i,-0.5109088142348115,5.83593218266059
0.14,4,prcus-a,-0.0,5.83593218266059
0.14,4,ifrms,-2.790223835642791,5.83593218266059
0.14,4,sspls-v,1.375316706577943,5.83593218266059
0.14,5,mcgs,0.15907588934149414,5.6102641428751445
0.14,5,pos,-0.0,5.6102641428751445
0.14,5,sbps,-1.6008780372792113,5.6102641428751445
0.14,5,prculs-d,-0.19161996508689874,5.6102641428751445
0.14,5,prcus-p,1.9262030146508096,5.6102641428751445
0.14,5,prcus-i,-0.8852738600845222,5.6102641428751445
0.14,5,prcus-a,-0.2022989270836264,5.6102641428751445
0.14,5,ifrms,-1.8522380234637603,5.6102641428751445
0.14,5,sspls-v,1.4767114971022528,5.6102641428751445
0.14,6,mcgs,0.5500501187809068,5.671341584158643
0.14,6,pos,-0.30242970470213615,5.671341584158643
0.14,6,sbps,-2.0684458150005116,5.671341584158643
0.14,6,prculs-d,0.0,5.671341584158643
0.14,6,prcus-p,2.2761594864611405,5.671341584158643
0.14,6,prcus-i,-0.060893109410453734,5.671341584158643
0.14,6,prcus-a,0.25916329778066943,5.671341584158643
0.14,6,ifrms,-2.0302690429220127,5.671341584158643
0.14,6,sspls-v,1.713218746628464,5.671341584158643
0.14,7,mcgs,0.2687631605315309,5.9030869919915085
0.14,7,pos,-0.0,5.9030869919915085
0.14,7,sbps,-1.3909011918677179,5.9030869919915085
0.14,7,prculs-d,-0.32048522534013785,5.9030869919915085
0.14,7,prcus-p,1.577946652121712,5.9030869919915085
0.14,7,prcus-i,-0.1793417089807898,5.9030869919915085
0.14,7,prcus-a,0.0,5.9030869919915085
0.14,7,ifrms,-1.6016627230069083,5.9030869919915085
0.14,7,sspls-v,1.1163292082833798,5.9030869919915085
0.14,8,mcgs,0.7073557750712185,5.9529879017886955
0.14,8,pos,-0.03732919037295944,5.9529879017886955
0.14,8,sbps,-1.363368638248797,5.9529879017886955
0.14,8,prculs-d,-0.14954194080876596,5.9529879017886955
0.14,8,prcus-p,1.6009673297605014,5.9529879017886955
0.14,8,prcus-i,-0.3841865685630117,5.9529879017886955
0.14,8,prcus-a,0.0389644926458718,5.9529879017886955
0.14,8,ifrms,-1.9011036426460663,5.9529879017886955
0.14,8,sspls-v,1.1315080683312064,5.9529879017886955
0.14,9,mcgs,0.3877777517314864,5.853563488592521
0.14,9,pos,-0.0,5.853563488592521
0.14,9,sbps,-1.656572607578026,5.853563488592521
0.14,9,prculs-d,-0.27576344118074714,5.853563488592521
0.14,9,prcus-p,1.9642307132825152,5.853563488592521
0.14,9,prcus-i,-0.025174636847944826,5.853563488592521
0.14,9,prcus-a,0.0,5.853563488592521
0.14,9,ifrms,-1.9910186443272133,5.853563488592521
0.14,9,sspls-v,1.3891282378587837,5.853563488592521
0.14,10,mcgs,0.3338232491395969,5.775763592302889
0.14,10,pos,-0.0,5.775763592302889
0.14,10,sbps,-1.70541308374621,5.775763592302889
0.14,10,prculs-d,-0.0,5.775763592302889
0.14,10,prcus-p,1.8835065430955378,5.775763592302889
0.14,10,prcus-i,-0.41496735440934757,5.775763592302889
0.14,10,prcus-a,-0.0,5.775763592302889
0.14,10,ifrms,-1.8855147448874547,5.775763592302889
0.14,10,sspls-v,1.5414776556021186,5.775763592302889
0.14,11,mcgs,0.49712007306633704,5.994167549378158
0.14,11,pos,-0.0,5.994167549378158
0.14,11,sbps,-1.5450646133854025,5.994167549378158
0.14,11,prculs-d,-0.20470530963427377,5.994167549378158
0.14,11,prcus-p,1.8966730212094849,5.994167549378158
0.14,11,prcus-i,-0.25837222716275476,5.994167549378158
0.14,11,prcus-a,0.0,5.994167549378158
0.14,11,ifrms,-2.0158417153793726,5.994167549378158
0.14,11,sspls-v,1.4040339188985558,5.994167549378158
0.14,12,mcgs,0.273165717449316,5.601145188227699
0.14,12,pos,-0.30724825114638094,5.601145188227699
0.14,12,sbps,-1.5685440320534056,5.601145188227699
0.14,12,prculs-d,-0.057691190340145526,5.601145188227699
0.14,12,prcus-p,2.3638871892379143,5.601145188227699
0.14,12,prcus-i,0.0,5.601145188227699
0.14,12,prcus-a,-0.0587437019389026,5.601145188227699
0.14,12,ifrms,-1.9648055411768741,5.601145188227699
0.14,12,sspls-v,1.2040645908889525,5.601145188227699
0.14,13,mcgs,0.9809240679634558,5.616611174529633
0.14,13,pos,0.1920489400805633,5.616611174529633
0.14,13,sbps,-2.0190583643976376,5.616611174529633
0.14,13,prculs-d,-0.27778674310371,5.616611174529633
0.14,13,prcus-p,1.955107880874861,5.616611174529633
0.14,13,prcus-i,-0.22672670087011637,5.616611174529633
0.14,13,prcus-a,0.41942384874414745,5.616611174529633
0.14,13,ifrms,-2.114272897515471,5.616611174529633
0.14,13,sspls-v,1.2543627246805027,5.616611174529633
0.14,14,mcgs,0.2624986720521849,5.829099607168996
0.14,14,pos,0.06620937126966328,5.829099607168996
0.14,14,sbps,-1.1208708514483592,5.829099607168996
0.14,14,prculs-d,-0.0,5.829099607168996
0.14,14,prcus-p,2.091239224527367,5.829099607168996
0.14,14,prcus-i,-0.15030624656114058,5.829099607168996
0.14,14,prcus-a,0.4368664572316386,5.829099607168996
0.14,14,ifrms,-1.7845897600857774,5.829099607168996
0.14,14,sspls-v,1.1986525817343645,5.829099607168996
0.14,15,mcgs,0.969835338375372,5.4767943717405085
0.14,15,pos,-0.0,5.4767943717405085
0.14,15,sbps,-1.7184104892741188,5.4767943717405085
0.14,15,prculs-d,0.15512524991427504,5.4767943717405085
0.14,15,prcus-p,1.9258640526564885,5.4767943717405085
0.14,15,prcus-i,-0.28322445466415175,5.4767943717405085
0.14,15,prcus-a,-0.0,5.4767943717405085
0.14,15,ifrms,-1.3746267776815964,5.4767943717405085
0.14,15,sspls-v,1.9888768717509933,5.4767943717405085
0.14,16,mcgs,0.20851746625103623,5.746053024394642
0.14,16,pos,-0.0659480652326685,5.746053024394642
0.14,16,sbps,-1.6258268656202255,5.746053024394642
0.14,16,prculs-d,-0.22429716567680313,5.746053024394642
0.14,16,prcus-p,2.1648812623138003,5.746053024394642
0.14,16,prcus-i,-0.043989089260207836,5.746053024394642
0.14,16,prcus-a,-0.0,5.746053024394642
0.14,16,ifrms,-2.135070702517762,5.746053024394642
0.14,16,sspls-v,0.9894221905792459,5.746053024394642
0.14,17,mcgs,0.3587014722734313,5.898612526870742
0.14,17,pos,-0.08726919674583662,5.898612526870742
0.14,17,sbps,-1.2676091586112548,5.898612526870742
0.14,17,prculs-d,-0.10100808844918861,5.898612526870742
0.14,17,prcus-p,1.9229377920615605,5.898612526870742
0.14,17,prcus-i,-0.07753963810812158,5.898612526870742
0.14,17,prcus-a,0.0,5.898612526870742
0.14,17,ifrms,-1.720490882089449,5.898612526870742
0.14,17,sspls-v,1.4293562145908074,5.898612526870742
0.14,18,mcgs,0.40718599774380937,5.847144859141482
0.14,18,pos,0.0,5.847144859141482
0.14,18,sbps,-1.4815145443898385,5.847144859141482
0.14,18,prculs-d,-0.19502738881200538,5.847144859141482
0.14,18,prcus-p,2.0092899399664668,5.847144859141482
0.14,18,prcus-i,-0.1681184228588512,5.847144859141482
0.14,18,prcus-a,0.0,5.847144859141482
0.14,18,ifrms,-1.8440995850387218,5.847144859141482
0.14,18,sspls-v,1.4979521671950198,5.847144859141482
0.14,19,mcgs,0.6655691387150982,5.571115884024152
0.14,19,pos,-0.0,5.571115884024152
0.14,19,sbps,-1.7267371525360384,5.571115884024152
0.14,19,prculs-d,-0.11929247987991645,5.571115884024152
0.14,19,prcus-p,2.186528554733126,5.571115884024152
0.14,19,prcus-i,-0.3550562867699271,5.571115884024152
0.14,19,prcus-a,0.0,5.571115884024152
0.14,19,ifrms,-2.135847248201034,5.571115884024152
0.14,19,sspls-v,1.18872860076443,5.571115884024152
0.14,20,mcgs,0.21655909037656118,5.8463512207524415
0.14,20,pos,0.0,5.8463512207524415
0.14,20,sbps,-1.1551509261539101,5.8463512207524415
0.14,20,prculs-d,-0.0,5.8463512207524415
0.14,20,prcus-p,1.7438983667980696,5.8463512207524415
0.14,20,prcus-i,-0.15010725318644205,5.8463512207524415
0.14,20,prcus-a,-0.0,5.8463512207524415
0.14,20,ifrms,-1.9876602220493993,5.8463512207524415
0.14,20,sspls-v,1.4213387104677813,5.8463512207524415
0.14,21,mcgs,0.4699773160643119,5.979552151598803
0.14,21,pos,-0.0,5.979552151598803
0.14,21,sbps,-1.593389836849217,5.979552151598803
0.14,21,prculs-d,-0.15446090844582067,5.979552151598803
0.14,21,prcus-p,1.920741211086964,5.979552151598803
0.14,21,prcus-i,-0.23421754845988058,5.979552151598803
0.14,21,prcus-a,0.0,5.979552151598803
0.14,21,ifrms,-1.897200153238616,5.979552151598803
0.14,21,sspls-v,1.3926456389699335,5.979552151598803
0.14,22,mcgs,0.47794437765124764,6.004014332472285
0.14,22,pos,-0.0,6.004014332472285
0.14,22,sbps,-1.5124370234323479,6.004014332472285
0.14,22,prculs-d,-0.15890544662510653,6.004014332472285
0.14,22,prcus-p,1.9108950336195405,6.004014332472285
0.14,22,prcus-i,-0.2591701993947162,6.004014332472285
0.14,22,prcus-a,0.0,6.004014332472285
0.14,22,ifrms,-1.9781254125762602,6.004014332472285
0.14,22,sspls-v,1.400515949420897,6.004014332472285
0.14,23,mcgs,0.45345550075884633,5.886581800509721
0.14,23,pos,-0.0,5.886581800509721
0.14,23,sbps,-1.5209978810850273,5.886581800509721
0.14,23,prculs-d,-0.32146032861301516,5.886581800509721
0.14,23,prcus-p,1.8868311723260673,5.886581800509721
0.14,23,prcus-i,-0.4752364827519747,5.886581800509721
0.14,23,prcus-a,0.0697501109419206,5.886581800509721
0.14,23,ifrms,-2.083789275799434,5.886581800509721
0.14,23,sspls-v,1.4872154983196102,5.886581800509721
0.14,24,mcgs,0.38574389154233407,5.707359325595449
0.14,24,pos,-0.0,5.707359325595449
0.14,24,sbps,-1.9668053090743476,5.707359325595449
0.14,24,prculs-d,-0.49594988770668175,5.707359325595449
0.14,24,prcus-p,1.6030892003425956,5.707359325595449
0.14,24,prcus-i,-0.22592806970949159,5.707359325595449
0.14,24,prcus-a,-0.0,5.707359325595449
0.14,24,ifrms,-2.2256529277842696,5.707359325595449
0.14,24,sspls-v,1.5412819217216664,5.707359325595449
0.14,25,mcgs,0.4809530930474789,5.971296377515097
0.14,25,pos,-0.018052270337762934,5.971296377515097
0.14,25,sbps,-1.5437415587135037,5.971296377515097
0.14,25,prculs-d,-0.2444180145570071,5.971296377515097
0.14,25,prcus-p,1.7321856245295886,5.971296377515097
0.14,25,prcus-i,-0.3614789373458251,5.971296377515097
0.14,25,prcus-a,0.0,5.971296377515097
0.14,25,ifrms,-2.073461089195494,5.971296377515097
0.14,25,sspls-v,1.4701448866309932,5.971296377515097
0.14,26,mcgs,0.5589656422031644,5.9562528184665
0.14,26,pos,-0.0,5.9562528184665
0.14,26,sbps,-1.6250443374852228,5.9562528184665
0.14,26,prculs-d,-0.12724701212121356,5.9562528184665
0.14,26,prcus-p,1.9040269646997492,5.9562528184665
0.14,26,prcus-i,-0.269875106305099,5.9562528184665
0.14,26,prcus-a,0.0,5.9562528184665
0.14,26,ifrms,-1.9838649269935227,5.9562528184665
0.14,26,sspls-v,1.4356037498284764,5.9562528184665
0.14,27,mcgs,0.47387054273550516,6.0030041621856105
0.14,27,pos,-0.0,6.0030041621856105
0.14,27,sbps,-1.5744525755220835,6.0030041621856105
0.14,27,prculs-d,-0.13755953613817554,6.0030041621856105
0.14,27,prcus-p,1.9110981827553999,6.0030041621856105
0.14,27,prcus-i,-0.2580593900291936,6.0030041621856105
0.14,27,prcus-a,0.0,6.0030041621856105
0.14,27,ifrms,-1.9966206455730946,6.0030041621856105
0.14,27,sspls-v,1.384913812716609,6.0030041621856105
0.14,28,mcgs,0.4817739240268609,5.981918904483868
0.14,28,pos,-0.0,5.981918904483868
0.14,28,sbps,-1.5895263089843301,5.981918904483868
0.14,28,prculs-d,-0.12287252754283735,5.981918904483868
0.14,28,prcus-p,1.8817330782429458,5.981918904483868
0.14,28,prcus-i,-0.30782726491311035,5.981918904483868
0.14,28,prcus-a,0.0,5.981918904483868
0.14,28,ifrms,-1.9955569221555707,5.981918904483868
0.14,28,sspls-v,1.3736228680239944,5.981918904483868
0.14,29,mcgs,0.332054918651241,5.786388268504161
0.14,29,pos,0.0,5.786388268504161
0.14,29,sbps,-1.5452787691725343,5.786388268504161
0.14,29,prculs-d,0.03970676901775509,5.786388268504161
0.14,29,prcus-p,1.383921305067469,5.786388268504161
0.14,29,prcus-i,0.0,5.786388268504161
0.14,29,prcus-a,0.26673314674935755,5.786388268504161
0.14,29,ifrms,-2.0842462764001257,5.786388268504161
0.14,29,sspls-v,1.148012936954675,5.786388268504161
0.14,30,mcgs,0.19688627245121848,5.927101863793054
0.14,30,pos,-0.0,5.927101863793054
0.14,30,sbps,-1.640081882096774,5.927101863793054
0.14,30,prculs-d,-0.15169154250605152,5.927101863793054
0.14,30,prcus-p,1.8770925716097635,5.927101863793054
0.14,30,prcus-i,-0.2945280916663789,5.927101863793054
0.14,30,prcus-a,0.0817755841843494,5.927101863793054
0.14,30,ifrms,-2.0636922067178887,5.927101863793054
0.14,30,sspls-v,1.257476264920651,5.927101863793054
0.14,31,mcgs,0.3420189774847296,5.70835845191916
0.14,31,pos,-0.0,5.70835845191916
0.14,31,sbps,-1.6692368537487052,5.70835845191916
0.14,31,prculs-d,-0.008321002980016751,5.70835845191916
0.14,31,prcus-p,1.8549816445131224,5.70835845191916
0.14,31,prcus-i,-0.34606321345509833,5.70835845191916
0.14,31,prcus-a,0.0,5.70835845191916
0.14,31,ifrms,-1.852457233105655,5.70835845191916
0.14,31,sspls-v,1.4077437247968192,5.70835845191916
0.14,32,mcgs,0.5426035075385518,5.836783004149502
0.14,32,pos,-0.2686898569629747,5.836783004149502
0.14,32,sbps,-1.5938474624346346,5.836783004149502
0.14,32,prculs-d,-0.09084340189104347,5.836783004149502
0.14,32,prcus-p,1.8672407315282686,5.836783004149502
0.14,32,prcus-i,-0.42228758314342535,5.836783004149502
0.14,32,prcus-a,0.0,5.836783004149502
0.14,32,ifrms,-1.786387571689811,5.836783004149502
0.14,32,sspls-v,1.2227865804452913,5.836783004149502
0.14,33,mcgs,0.4066140709413709,6.002872484260268
0.14,33,pos,-0.0,6.002872484260268
0.14,33,sbps,-1.4798856803019191,6.002872484260268
0.14,33,prculs-d,-0.32973947406195603,6.002872484260268
0.14,33,prcus-p,1.898270443986919,6.002872484260268
0.14,33,prcus-i,-0.26126031739726296,6.002872484260268
0.14,33,prcus-a,0.0,6.002872484260268
0.14,33,ifrms,-1.9867415225974299,6.002872484260268
0.14,33,sspls-v,1.4529635467592992,6.002872484260268
0.14,34,mcgs,0.29319703037700556,5.89138480237105
0.14,34,pos,-0.043883178919936004,5.89138480237105
0.14,34,sbps,-1.5528692613804569,5.89138480237105
0.14,34,prculs-d,-0.18669178298232106,5.89138480237105
0.14,34,prcus-p,2.020844822211462,5.89138480237105
0.14,34,prcus-i,-0.32473869675713724,5.89138480237105
0.14,34,prcus-a,-0.038712956448566316,5.89138480237105
0.14,34,ifrms,-1.9746126572924492,5.89138480237105
0.14,34,sspls-v,1.2151088962683372,5.89138480237105
0.149,0,mcgs,0.5202041796889096,5.920950115567656
0.149,0,pos,0.0,5.920950115567656
0.149,0,sbps,-1.6054725515775061,5.920950115567656
0.149,0,prculs-d,-0.033464677564067645,5.920950115567656
0.149,0,prcus-p,1.9031686769954828,5.920950115567656
0.149,0,prcus-i,-0.25396965636273283,5.920950115567656
0.149,0,prcus-a,-0.0,5.920950115567656
0.149,0,ifrms,-1.9682773141794723,5.920950115567656
0.149,0,sspls-v,1.3834800610707365,5.920950115567656
0.149,1,mcgs,0.4153111138114139,5.940690363329694
0.149,1,pos,-0.0,5.940690363329694
0.149,1,sbps,-1.4798140290742665,5.940690363329694
0.149,1,prculs-d,-0.10560580185337441,5.940690363329694
0.149,1,prcus-p,1.9007974171947188,5.940690363329694
0.149,1,prcus-i,-0.30639815590251646,5.940690363329694
0.149,1,prcus-a,0.0,5.940690363329694
0.149,1,ifrms,-1.9048390157885209,5.940690363329694
0.149,1,sspls-v,1.360784730237911,5.940690363329694
0.149,2,mcgs,0.523737281193992,5.843937431633672
0.149,2,pos,-0.0,5.843937431633672
0.149,2,sbps,-1.6072582840113139,5.843937431633672
0.149,2,prculs-d,-0.38957009684518257,5.843937431633672
0.149,2,prcus-p,1.6159194659320713,5.843937431633672
0.149,2,prcus-i,-0.07157840489368675,5.843937431633672
0.149,2,prcus-a,-0.0,5.843937431633672
0.149,2,ifrms,-1.9718290887909282,5.843937431633672
0.149,2,sspls-v,1.215300979359217,5.843937431633672
0.149,3,mcgs,0.4359899417224117,5.929092818636857
0.149,3,pos,0.00646890169902488,5.929092818636857
0.149,3,sbps,-1.6426608823605156,5.929092818636857
0.149,3,prculs-d,-0.3343730403287345,5.929092818636857
0.149,3,prcus-p,1.4038985012920122,5.929092818636857
0.149,3,prcus-i,-0.16423627165761678,5.929092818636857
0.149,3,prcus-a,0.12913372442478216,5.929092818636857
0.149,3,ifrms,-2.1377907623431396,5.929092818636857
0.149,3,sspls-v,1.6218643929704546,5.929092818636857
0.149,4,mcgs,1.0074407735822677,5.834021043957203
0.149,4,pos,0.4056937562842409,5.834021043957203
0.149,4,sbps,-1.234589355105264,5.834021043957203
0.149,4,prculs-d,-0.5389062907322744,5.834021043957203
0.149,4,prcus-p,1.4575167586917244,5.834021043957203
0.149,4,prcus-i,-0.49637086968594546,5.834021043957203
0.149,4,prcus-a,-0.0,5.834021043957203
0.149,4,ifrms,-2.7519063067935394,5.834021043957203
0.149,4,sspls-v,1.3554825986808574,5.834021043957203
0.149,5,mcgs,0.1539553390348162,5.5999932920527735
0.149,5,pos,-0.0,5.5999932920527735
0.149,5,sbps,-1.5812114415472178,5.5999932920527735
0.149,5,prculs-d,-0.18454759224530665,5.5999932920527735
0.149,5,prcus-p,1.9144749435349264,5.5999932920527735
0.149,5,prcus-i,-0.8650610158546221,5.5999932920527735
0.149,5,prcus-a,-0.18211105285999557,5.5999932920527735
0.149,5,ifrms,-1.8408086242895725,5.5999932920527735
0.149,5,sspls-v,1.4554071594043347,5.5999932920527735
0.149,6,mcgs,0.5323116493915646,5.673563305878445
0.149,6,pos,-0.29312051060229877,5.673563305878445
0.149,6,sbps,-2.042616317355426,5.673563305878445
0.149,6,prculs-d,0.0,5.673563305878445
0.149,6,prcus-p,2.261875653730501,5.673563305878445
0.149,6,prcus-i,-0.05999501104422067,5.673563305878445
0.149,6,prcus-a,0.24142198037147722,5.673563305878445
0.149,6,ifrms,-2.011772869214962,5.673563305878445
0.149,6,sspls-v,1.6939745272349993,5.673563305878445
0.149,7,mcgs,0.2533061420100333,5.893073125504047
0.149,7,pos,-0.0,5.893073125504047
0.149,7,sbps,-1.3688102497974952,5.893073125504047
0.149,7,prculs-d,-0.3152379968934235,5.893073125504047
0.149,7,prcus-p,1.5657678770816446,5.893073125504047
0.149,7,prcus-i,-0.1669505795323416,5.893073125504047
0.149,7,prcus-a,0.0,5.893073125504047
0.149,7,ifrms,-1.580342913960932,5.893073125504047
0.149,7,sspls-v,1.0951612949451783,5.893073125504047
0.149,8,mcgs,0.6946001387284626,5.946038971202076
0.149,8,pos,-0.038470526975277565,5.946038971202076
0.149,8,sbps,-1.3439907326315599,5.946038971202076
0.149,8,prculs-d,-0.13989880988878162,5.946038971202076
0.149,8,prcus-p,1.5934096469902421,5.946038971202076
0.149,8,prcus-i,-0.3795015650289527,5.946038971202076
0.149,8,prcus-a,0.028329783757567322,5.946038971202076
0.149,8,ifrms,-1.8794278774782152,5.946038971202076
0.149,8,sspls-v,1.1156392958934551,5.946038971202076
0.149,9,mcgs,0.37498676466490105,5.839752770590783
0.149,9,pos,-0.0,5.839752770590783
0.149,9,sbps,-1.638592413813185,5.839752770590783
0.149,9,prculs-d,-0.2680928943600479,5.839752770590783
0.149,9,prcus-p,1.9562362098289374,5.839752770590783
0.149,9,prcus-i,-0.015344395945047218,5.839752770590783
0.149,9,prcus-a,0.0,5.839752770590783
0.149,9,ifrms,-1.9732990062424884,5.839752770590783
0.149,9,sspls-v,1.372002757128544,5.839752770590783
0.149,10,mcgs,0.321639266907868,5.764156931812871
0.149,10,pos,-0.0,5.764156931812871
0.149,10,sbps,-1.686076057385595,5.764156931812871
0.149,10,prculs-d,-0.0,5.764156931812871
0.149,10,prcus-p,1.8736341710265279,5.764156931812871
0.149,10,prcus-i,-0.4027936459896329,5.764156931812871
0.149,10,prcus-a,-0.0,5.764156931812871
0.149,10,ifrms,-1.8705156723077223,5.764156931812871
0.149,10,sspls-v,1.5240088433459387,5.764156931812871
0.149,11,mcgs,0.4842615447791419,5.986145743524709
0.149,11,pos,-0.0,5.986145743524709
0.149,11,sbps,-1.527428613560205,5.986145743524709
0.149,11,prculs-d,-0.19580756420491113,5.986145743524709
0.149,11,prcus-p,1.8887559875509377,5.986145743524709
0.149,11,prcus-i,-0.24809029594085003,5.986145743524709
0.149,11,prcus-a,0.0,5.986145743524709
0.149,11,ifrms,-1.9980725915552682,5.986145743524709
0.149,11,sspls-v,1.3869825923600612,5.986145743524709
0.149,12,mcgs,0.26466217232739114,5.587285745458566
0.149,12,pos,-0.3066680511342442,5.587285745458566
0.149,12,sbps,-1.5507722818118128,5.587285745458566
0.149,12,prculs-d,-0.04733929070624336,5.587285745458566
0.149,12,prcus-p,2.3526631675997787,5.587285745458566
0.149,12,prcus-i,0.0,5.587285745458566
0.149,12,prcus-a,-0.050365488038722914,5.587285745458566
0.149,12,ifrms,-1.9496450078045275,5.587285745458566
0.149,12,sspls-v,1.1881232129000185,5.587285745458566
0.149,13,mcgs,0.9578962616042747,5.613196314213228
0.149,13,pos,0.1627939916407175,5.613196314213228
0.149,13,sbps,-1.997763395781962,5.613196314213228
0.149,13,prculs-d,-0.25577301741200403,5.613196314213228
0.149,13,prcus-p,1.956550256380235,5.613196314213228
0.149,13,prcus-i,-0.21917752225254383,5.613196314213228
0.149,13,prcus-a,0.4064698740225794,5.613196314213228
0.149,13,ifrms,-2.0779468655567097,5.613196314213228
0.149,13,sspls-v,1.2376184695679018,5.613196314213228
0.149,14,mcgs,0.24446772437176456,5.811413893258502
0.149,14,pos,0.04900657642775561,5.811413893258502
0.149,14,sbps,-1.1016021958853501,5.811413893258502
0.149,14,prculs-d,-0.0,5.811413893258502
0.149,14,prcus-p,2.0859998107765305,5.811413893258502
0.149,14,prcus-i,-0.13917835016508834,5.811413893258502
0.149,14,prcus-a,0.4291948466527077,5.811413893258502
0.149,14,ifrms,-1.7602424896846338,5.811413893258502
0.149,14,sspls-v,1.1806853797163757,5.811413893258502
0.149,15,mcgs,0.9558524044107406,5.466286319371435
0.149,15,pos,-0.0,5.466286319371435
0.149,15,sbps,-1.6975760541733131,5.466286319371435
0.149,15,prculs-d,0.13919759859353928,5.466286319371435
0.149,15,prcus-p,1.9122015151021359,5.466286319371435
0.149,15,prcus-i,-0.26862642219034366,5.466286319371435
0.149,15,prcus-a,0.0,5.466286319371435
0.149,15,ifrms,-1.3667728502849794,5.466286319371435
0.149,15,sspls-v,1.9696179470830142,5.466286319371435
0.149,16,mcgs,0.19575096192751723,5.732383892063332
0.149,16,pos,-0.0669251276771435,5.732383892063332
0.149,16,sbps,-1.6074067520755817,5.732383892063332
0.149,16,prculs-d,-0.2157368389664224,5.732383892063332
0.149,16,prcus-p,2.15810758394333,5.732383892063332
0.149,16,prcus-i,-0.032906118267882534,5.732383892063332
0.149,16,prcus-a,-0.0,5.732383892063332
0.149,16,ifrms,-2.1181381564738158,5.732383892063332
0.149,16,sspls-v,0.9726603414561542,5.732383892063332
0.149,17,mcgs,0.34514475276904405,5.887381723857497
0.149,17,pos,-0.0894425476524514,5.887381723857497
0.149,17,sbps,-1.2475259767699807,5.887381723857497
0.149,17,prculs-d,-0.0916241174055836,5.887381723857497
0.149,17,prcus-p,1.915321202504947,5.887381723857497
0.149,17,prcus-i,-0.06555141068953614,5.887381723857497
0.149,17,prcus-a,0.0,5.887381723857497
0.149,17,ifrms,-1.7001793400037692,5.887381723857497
0.149,17,sspls-v,1.412699850443328,5.887381723857497
0.149,18,mcgs,0.39462510361911185,5.837552650322779
0.149,18,pos,0.0,5.837552650322779
0.149,18,sbps,-1.4641787319217647,5.837552650322779
0.149,18,prculs-d,-0.18665677288508256,5.837552650322779
0.149,18,prcus-p,2.002516530970558,5.837552650322779
0.149,18,prcus-i,-0.1577104307512456,5.837552650322779
0.149,18,prcus-a,0.0,5.837552650322779
0.149,18,ifrms,-1.8268303101885068,5.837552650322779
0.149,18,sspls-v,1.4815911109190156,5.837552650322779
0.149,19,mcgs,0.6527498778735301,5.563254165302387
0.149,19,pos,-0.0,5.563254165302387
0.149,19,sbps,-1.7079271887051322,5.563254165302387
0.149,19,prculs-d,-0.11092902702961799,5.563254165302387
0.149,19,prcus-p,2.1781213131403434,5.563254165302387
0.149,19,prcus-i,-0.34432228128861425,5.563254165302387
0.149,19,prcus-a,0.0,5.563254165302387
0.149,19,ifrms,-2.117801267056048,5.563254165302387
0.149,19,sspls-v,1.1722764933532175,5.563254165302387
0.149,20,mcgs,0.2021387303332403,5.828309497405008
0.149,20,pos,0.0,5.828309497405008
0.149,20,sbps,-1.133799298559117,5.828309497405008
0.149,20,prculs-d,-0.0,5.828309497405008
0.149,20,prcus-p,1.7320998514042008,5.828309497405008
0.149,20,prcus-i,-0.1366316501346404,5.828309497405008
0.149,20,prcus-a,-0.0,5.828309497405008
0.149,20,ifrms,-1.9736723935482579,5.828309497405008
0.149,20,sspls-v,1.4045996719530423,5.828309497405008
0.149,21,mcgs,0.45835696272582793,5.969080595672708
0.149,21,pos,-0.0,5.969080595672708
0.149,21,sbps,-1.5739428000726106,5.969080595672708
0.149,21,prculs-d,-0.14656732510701184,5.969080595672708
0.149,21,prcus-p,1.912859132137872,5.969080595672708
0.149,21,prcus-i,-0.2221196332692297,5.969080595672708
0.149,21,prcus-a,0.0,5.969080595672708
0.149,21,ifrms,-1.8786095038121493,5.969080595672708
0.149,21,sspls-v,1.3746293757187482,5.969080595672708
0.149,22,mcgs,0.46541289709172345,5.995544415279454
0.149,22,pos,-0.0,5.995544415279454
0.149,22,sbps,-1.4955033067192782,5.995544415279454
0.149,22,prculs-d,-0.15044223159567072,5.995544415279454
0.149,22,prcus-p,1.9029015083341978,5.995544415279454
0.149,22,prcus-i,-0.24923830984427772,5.995544415279454
0.149,22,prcus-a,0.0,5.995544415279454
0.149,22,ifrms,-1.9609427878763217,5.995544415279454
0.149,22,sspls-v,1.383984010737587,5.995544415279454
0.149,23,mcgs,0.437119695064124,5.884665548230504
0.149,23,pos,-0.0,5.884665548230504
0.149,23,sbps,-1.5036345705765997,5.884665548230504
0.149,23,prculs-d,-0.31141519094370823,5.884665548230504
0.149,23,prcus-p,1.881016931111426,5.884665548230504
0.149,23,prcus-i,-0.46964110491641214,5.884665548230504
0.149,23,prcus-a,0.05741012121671041,5.884665548230504
0.149,23,ifrms,-2.0618848206543583,5.884665548230504
0.149,23,sspls-v,1.4721826683858548,5.884665548230504
0.149,24,mcgs,0.3735205998173966,5.69858678319285
0.149,24,pos,-0.0,5.69858678319285
0.149,24,sbps,-1.9480975882860208,5.69858678319285
0.149,24,prculs-d,-0.4863300433684422,5.69858678319285
0.149,24,prcus-p,1.596579710566006,5.69858678319285
0.149,24,prcus-i,-0.21552725822164448,5.69858678319285
0.149,24,prcus-a,-0.0,5.69858678319285
0.149,24,ifrms,-2.207056759984557,5.69858678319285
0.149,24,sspls-v,1.523746286469322,5.69858678319285
0.149,25,mcgs,0.46816772044441907,5.967833224663212
0.149,25,pos,-0.017606248157747632,5.967833224663212
0.149,25,sbps,-1.5267394290238168,5.967833224663212
0.149,25,prculs-d,-0.23442061512555137,5.967833224663212
0.149,25,prcus-p,1.7270063304925491,5.967833224663212
0.149,25,prcus-i,-0.34980031162871816,5.967833224663212
0.149,25,prcus-a,0.0,5.967833224663212
0.149,25,ifrms,-2.054507202238635,5.967833224663212
0.149,25,sspls-v,1.4524508128359936,5.967833224663212
0.149,26,mcgs,0.5451510053383949,5.948033134695735
0.149,26,pos,-0.0,5.948033134695735
0.149,26,sbps,-1.6063458607307433,5.948033134695735
0.149,26,prculs-d,-0.12013134584346391,5.948033134695735
0.149,26,prcus-p,1.8958422624608489,5.948033134695735
0.149,26,prcus-i,-0.2594643407464059,5.948033134695735
0.149,26,prcus-a,0.0,5.948033134695735
0.149,26,ifrms,-1.9659643875992596,5.948033134695735
0.149,26,sspls-v,1.4180829606845473,5.948033134695735
0.149,27,mcgs,0.46263058395654716,5.99172272357052
0.149,27,pos,-0.0,5.99172272357052
0.149,27,sbps,-1.5548544362757852,5.99172272357052
0.149,27,prculs-d,-0.1288593047367826,5.99172272357052
0.149,27,prcus-p,1.902639063968104,5.99172272357052
0.149,27,prcus-i,-0.2464848580500428,5.99172272357052
0.149,27,prcus-a,0.0,5.99172272357052
0.149,27,ifrms,-1.9793224350094396,5.99172272357052
0.149,27,sspls-v,1.36672022983621,5.99172272357052
0.149,28,mcgs,0.46930746464537154,5.973981627595254
0.149,28,pos,-0.0,5.973981627595254
0.149,28,sbps,-1.5714258058952721,5.973981627595254
0.149,28,prculs-d,-0.1147069358499279,5.973981627595254
0.149,28,prcus-p,1.8737660428212137,5.973981627595254
0.149,28,prcus-i,-0.2972164225530038,5.973981627595254
0.149,28,prcus-a,0.0,5.973981627595254
0.149,28,ifrms,-1.9778043808577166,5.973981627595254
0.149,28,sspls-v,1.3572327768305863,5.973981627595254
0.149,29,mcgs,0.3153801952685558,5.774806947189872
0.149,29,pos,0.0,5.774806947189872
0.149,29,sbps,-1.52656572316579,5.774806947189872
0.149,29,prculs-d,0.030907050581150026,5.774806947189872
0.149,29,prcus-p,1.3742213337894862,5.774806947189872
0.149,29,prcus-i,-0.0,5.774806947189872
0.149,29,prcus-a,0.251791607587286,5.774806947189872
0.149,29,ifrms,-2.068521322385207,5.774806947189872
0.149,29,sspls-v,1.1345383858826648,5.774806947189872
0.149,30,mcgs,0.18369723700717977,5.916918581833033
0.149,30,pos,-0.0,5.916918581833033
0.149,30,sbps,-1.6223198454930077,5.916918581833033
0.149,30,prculs-d,-0.14266703841317305,5.916918581833033
0.149,30,prcus-p,1.8705840234955589,5.916918581833033
0.149,30,prcus-i,-0.28897076225589285,5.916918581833033
0.149,30,prcus-a,0.07193592334710486,5.916918581833033
0.149,30,ifrms,-2.0444773253128177,5.916918581833033
0.149,30,sspls-v,1.2426674250073069,5.916918581833033
0.149,31,mcgs,0.3292254181697349,5.698290879349708
0.149,31,pos,-0.0,5.698290879349708
0.149,31,sbps,-1.6507484952443074,5.698290879349708
0.149,31,prculs-d,-0.0,5.698290879349708
0.149,31,prcus-p,1.8467378631970846,5.698290879349708
0.149,31,prcus-i,-0.33546812921402613,5.698290879349708
0.149,31,prcus-a,0.0,5.698290879349708
0.149,31,ifrms,-1.8344833613963005,5.698290879349708
0.149,31,sspls-v,1.3904966842801347,5.698290879349708
0.149,32,mcgs,0.5300636842006555,5.8330009256799515
0.149,32,pos,-0.26981856955627753,5.8330009256799515
0.149,32,sbps,-1.5752439332809824,5.8330009256799515
0.149,32,prculs-d,-0.08205362081132664,5.8330009256799515
0.149,32,prcus-p,1.8594349314272607,5.8330009256799515
0.149,32,prcus-i,-0.4118665992028982,5.8330009256799515
0.149,32,prcus-a,0.0,5.8330009256799515
0.149,32,ifrms,-1.7681509744601183,5.8330009256799515
0.149,32,sspls-v,1.2058737906135237,5.8330009256799515
0.149,33,mcgs,0.39426587769676036,5.99419575008017
0.149,33,pos,-0.0,5.99419575008017
0.149,33,sbps,-1.4621799828651278,5.99419575008017
0.149,33,prculs-d,-0.3221075531658026,5.99419575008017
0.149,33,prcus-p,1.8901307847119853,5.99419575008017
0.149,33,prcus-i,-0.250590655033967,5.99419575008017
0.149,33,prcus-a,0.0,5.99419575008017
0.149,33,ifrms,-1.969350633455914,5.99419575008017
0.149,33,sspls-v,1.4361983064605004,5.99419575008017
0.149,34,mcgs,0.2875559543407205,5.881804130901912
0.149,34,pos,-0.04504980393589556,5.881804130901912
0.149,34,sbps,-1.5334353752391288,5.881804130901912
0.149,34,prculs-d,-0.17908568340822725,5.881804130901912
0.149,34,prcus-p,2.0091979554895723,5.881804130901912
0.149,34,prcus-i,-0.30477042194651016,5.881804130901912
0.149,34,prcus-a,-0.019239653933925117,5.881804130901912
0.149,34,ifrms,-1.9621168494074364,5.881804130901912
0.149,34,sspls-v,1.1951948186333683,5.881804130901912
0.16,0,mcgs,0.5059321783602804,5.907840228712499
0.16,0,pos,0.0,5.907840228712499
0.16,0,sbps,-1.5827238811599595,5.907840228712499
0.16,0,prculs-d,-0.02359307634726705,5.907840228712499
0.16,0,prcus-p,1.8930877189535589,5.907840228712499
0.16,0,prcus-i,-0.24094079992056266,5.907840228712499
0.16,0,prcus-a,-0.0,5.907840228712499
0.16,0,ifrms,-1.946648881911772,5.907840228712499
0.16,0,sspls-v,1.3624022451565123,5.907840228712499
0.16,1,mcgs,0.398822663643722,5.928450868533174
0.16,1,pos,-0.0,5.928450868533174
0.16,1,sbps,-1.455035725622977,5.928450868533174
0.16,1,prculs-d,-0.09419935359898793,5.928450868533174
0.16,1,prcus-p,1.8905902946562905,5.928450868533174
0.16,1,prcus-i,-0.29478594650482465,5.928450868533174
0.16,1,prcus-a,0.0,5.928450868533174
0.16,1,ifrms,-1.8810194542408663,5.928450868533174
0.16,1,sspls-v,1.3386608189802234,5.928450868533174
0.16,2,mcgs,0.5089156871260669,5.8333021983594096
0.16,2,pos,-0.0,5.8333021983594096
0.16,2,sbps,-1.5856539074556113,5.8333021983594096
0.16,2,prculs-d,-0.3809642464693498,5.8333021983594096
0.16,2,prcus-p,1.6055946165661816,5.8333021983594096
0.16,2,prcus-i,-0.05808292383618238,5.8333021983594096
0.16,2,prcus-a,-0.0,5.8333021983594096
0.16,2,ifrms,-1.9505126203350505,5.8333021983594096
0.16,2,sspls-v,1.194140635382659,5.8333021983594096
0.16,3,mcgs,0.4151290410541522,5.91620562598997
0.16,3,pos,0.0,5.91620562598997
0.16,3,sbps,-1.620499652477766,5.91620562598997
0.16,3,prculs-d,-0.31927159858074583,5.91620562598997
0.16,3,prcus-p,1.4010363149295788,5.91620562598997
0.16,3,prcus-i,-0.1581982940847886,5.91620562598997
0.16,3,prcus-a,0.11382329129598757,5.91620562598997
0.16,3,ifrms,-2.1075130358043688,5.91620562598997
0.16,3,sspls-v,1.6030333108278523,5.91620562598997
0.16,4,mcgs,0.9816128517982252,5.830773843206661
0.16,4,pos,0.36555907789208186,5.830773843206661
0.16,4,sbps,-1.2140637647614485,5.830773843206661
0.16,4,prculs-d,-0.5095603517496082,5.830773843206661
0.16,4,prcus-p,1.4618911378785515,5.830773843206661
0.16,4,prcus-i,-0.47860226342208656,5.830773843206661
0.16,4,prcus-a,-0.0,5.830773843206661
0.16,4,ifrms,-2.705073722164858,5.830773843206661
0.16,4,sspls-v,1.3312409064860322,5.830773843206661
0.16,5,mcgs,0.14769688865998762,5.586577677310437
0.16,5,pos,-0.0,5.586577677310437
0.16,5,sbps,-1.5571744912081162,5.586577677310437
0.16,5,prculs-d,-0.17590358099447057,5.586577677310437
0.16,5,prcus-p,1.9001406343932923,5.586577677310437
0.16,5,prcus-i,-0.840356428462522,5.586577677310437
0.16,5,prcus-a,-0.15743698436444759,5.586577677310437
0.16,5,ifrms,-1.826839358632231,5.586577677310437
0.16,5,sspls-v,1.4293685244402135,5.586577677310437
0.16,6,mcgs,0.510631297915703,5.678976861139748
0.16,6,pos,-0.28174260670249707,5.678976861139748
0.16,6,sbps,-2.0110469313447648,5.678976861139748
0.16,6,prculs-d,0.0,5.678976861139748
0.16,6,prcus-p,2.244417635948608,5.678976861139748
0.16,6,prcus-i,-0.05889733526326992,5.678976861139748
0.16,6,prcus-a,0.21973814798246377,5.678976861139748
0.16,6,ifrms,-1.9891664346841245,5.678976861139748
0.16,6,sspls-v,1.6704538146429873,5.678976861139748
0.16,7,mcgs,0.23443212450546852,5.8811714775985395
0.16,7,pos,-0.0,5.8811714775985395
0.16,7,sbps,-1.3418324058633695,5.8811714775985395
0.16,7,prculs-d,-0.3088475136771163,5.8811714775985395
0.16,7,prcus-p,1.550881549588024,5.8811714775985395
0.16,7,prcus-i,-0.151814855891639,5.8811714775985395
0.16,7,prcus-a,0.0,5.8811714775985395
0.16,7,ifrms,-1.5543052163954647,5.8811714775985395
0.16,7,sspls-v,1.0692996031991562,5.8811714775985395
0.16,8,mcgs,0.6790107289214408,5.938599980878323
0.16,8,pos,-0.03986494934227377,5.938599980878323
0.16,8,sbps,-1.3203060818856371,5.938599980878323
0.16,8,prculs-d,-0.1281138087845416,5.938599980878323
0.16,8,prcus-p,1.584171790160009,5.938599980878323
0.16,8,prcus-i,-0.3737743372021795,5.938599980878323
0.16,8,prcus-a,0.015332909282108276,5.938599980878323
0.16,8,ifrms,-1.8529360585713988,5.938599980878323
0.16,8,sspls-v,1.096243678457846,5.938599980878323
0.16,9,mcgs,0.35935496593704896,5.822858412169886
0.16,9,pos,-0.0,5.822858412169886
0.16,9,sbps,-1.616614126690454,5.822858412169886
0.16,9,prculs-d,-0.2587197322572701,5.822858412169886
0.16,9,prcus-p,1.9464632659793821,5.822858412169886
0.16,9,prcus-i,-0.003329401876106034,5.822858412169886
0.16,9,prcus-a,0.0,5.822858412169886
0.16,9,ifrms,-1.9516422851913384,5.822858412169886
0.16,9,sspls-v,1.3510709733773654,5.822858412169886
0.16,10,mcgs,0.3067477426700991,5.7493148992471825
0.16,10,pos,-0.0,5.7493148992471825
0.16,10,sbps,-1.6624419101345436,5.7493148992471825
0.16,10,prculs-d,-0.0,5.7493148992471825
0.16,10,prcus-p,1.8615679319860101,5.7493148992471825
0.16,10,prcus-i,-0.38791467124517864,5.7493148992471825
0.16,10,prcus-a,-0.0,5.7493148992471825
0.16,10,ifrms,-1.8521834744682963,5.7493148992471825
0.16,10,sspls-v,1.5026580723578198,5.7493148992471825
0.16,11,mcgs,0.46854556576145945,5.977403317141949
0.16,11,pos,-0.0,5.977403317141949
0.16,11,sbps,-1.5058735026627412,5.977403317141949
0.16,11,prculs-d,-0.1849325420134677,5.977403317141949
0.16,11,prcus-p,1.8790796130793808,5.977403317141949
0.16,11,prcus-i,-0.23552349111407628,5.977403317141949
0.16,11,prcus-a,0.0,5.977403317141949
0.16,11,ifrms,-1.9763547735480291,5.977403317141949
0.16,11,sspls-v,1.3661420821463452,5.977403317141949
0.16,12,mcgs,0.25419610206366977,5.569967757757937
0.16,12,pos,-0.3060824008924136,5.569967757757937
0.16,12,sbps,-1.529057467380416,5.569967757757937
0.16,12,prculs-d,-0.03458210473561286,5.569967757757937
0.16,12,prcus-p,2.339020882758896,5.569967757757937
0.16,12,prcus-i,0.0,5.569967757757937
0.16,12,prcus-a,-0.0401685815796558,5.569967757757937
0.16,12,ifrms,-1.9310143940203655,5.569967757757937
0.16,12,sspls-v,1.1686326830519513,5.569967757757937
0.16,13,mcgs,0.9297511649430543,5.604846879593729
0.16,13,pos,0.12703794354757336,5.604846879593729
0.16,13,sbps,-1.9717362119183572,5.604846879593729
0.16,13,prculs-d,-0.22886735267769706,5.604846879593729
0.16,13,prcus-p,1.9583131597756913,5.604846879593729
0.16,13,prcus-i,-0.2099507483866214,5.604846879593729
0.16,13,prcus-a,0.3906372382517747,5.604846879593729
0.16,13,ifrms,-2.033548382051558,5.604846879593729
0.16,13,sspls-v,1.2171532688747222,5.604846879593729
0.16,14,mcgs,0.22243084363167626,5.787916464104404
0.16,14,pos,0.027980573404482234,5.787916464104404
0.16,14,sbps,-1.078050864578667,5.787916464104404
0.16,14,prculs-d,-0.0,5.787916464104404
0.16,14,prcus-p,2.079595934897639,5.787916464104404
0.16,14,prcus-i,-0.1255754582780566,5.787916464104404
0.16,14,prcus-a,0.41982013514829775,5.787916464104404
0.16,14,ifrms,-1.730484963436299,5.787916464104404
0.16,14,sspls-v,1.1587246996329061,5.787916464104404
0.16,15,mcgs,0.9387621517873016,5.45549424960071
0.16,15,pos,-0.0,5.45549424960071
0.16,15,sbps,-1.6721117446056615,5.45549424960071
0.16,15,prculs-d,0.11973046920152873,5.45549424960071
0.16,15,prcus-p,1.895502858091262,5.45549424960071
0.16,15,prcus-i,-0.2507843825001333,5.45549424960071
0.16,15,prcus-a,0.0,5.45549424960071
0.16,15,ifrms,-1.3571736056891155,5.45549424960071
0.16,15,sspls-v,1.946079261377705,5.45549424960071
0.16,16,mcgs,0.18014788896307107,5.715209640424195
0.16,16,pos,-0.06811825048900669,5.715209640424195
0.16,16,sbps,-1.5848932959834974,5.715209640424195
0.16,16,prculs-d,-0.20527504482083575,5.715209640424195
0.16,16,prcus-p,2.1498281595216575,5.715209640424195
0.16,16,prcus-i,-0.019360373264184046,5.715209640424195
0.16,16,prcus-a,-0.0,5.715209640424195
0.16,16,ifrms,-2.0974434936166215,5.715209640424195
0.16,16,sspls-v,0.952173809449312,5.715209640424195
0.16,17,mcgs,0.328575428930349,5.8730898578265744
0.16,17,pos,-0.09209886542720222,5.8730898578265744
0.16,17,sbps,-1.2229798656306468,5.8730898578265744
0.16,17,prculs-d,-0.08015481946340042,5.8730898578265744
0.16,17,prcus-p,1.9060120374913065,5.8730898578265744
0.16,17,prcus-i,-0.05089913273348756,5.8730898578265744
0.16,17,prcus-a,0.0,5.8730898578265744
0.16,17,ifrms,-1.675354121899051,5.8730898578265744
0.16,17,sspls-v,1.3923420720408526,5.8730898578265744
0.16,18,mcgs,0.37927294170815085,5.827116869903608
0.16,18,pos,0.0,5.827116869903608
0.16,18,sbps,-1.4429908310714419,5.827116869903608
0.16,18,prculs-d,-0.17642570171337818,5.827116869903608
0.16,18,prcus-p,1.9942380290709973,5.827116869903608
0.16,18,prcus-i,-0.14498966622357468,5.827116869903608
0.16,18,prcus-a,0.0,5.827116869903608
0.16,18,ifrms,-1.8057233858569366,5.827116869903608
0.16,18,sspls-v,1.461594350328272,5.827116869903608
0.16,19,mcgs,0.6370818924005034,5.555443939900962
0.16,19,pos,-0.0,5.555443939900962
0.16,19,sbps,-1.6849372329118026,5.555443939900962
0.16,19,prculs-d,-0.10070702910147646,5.555443939900962
0.16,19,prcus-p,2.167845795638054,5.555443939900962
0.16,19,prcus-i,-0.3312029412558985,5.555443939900962
0.16,19,prcus-a,0.0,5.555443939900962
0.16,19,ifrms,-2.095745067878842,5.555443939900962
0.16,19,sspls-v,1.1521683620728473,5.555443939900962
0.16,20,mcgs,0.18451398197263563,5.809022412356023
0.16,20,pos,0.0,5.809022412356023
0.16,20,sbps,-1.107702957342653,5.809022412356023
0.16,20,prculs-d,-0.0,5.809022412356023
0.16,20,prcus-p,1.7176794125070187,5.809022412356023
0.16,20,prcus-i,-0.12016151880965611,5.809022412356023
0.16,20,prcus-a,-0.0,5.809022412356023
0.16,20,ifrms,-1.9565762063777168,5.809022412356023
0.16,20,sspls-v,1.384140879067781,5.809022412356023
0.16,21,mcgs,0.44415430864545635,5.9559695295859
0.16,21,pos,-0.0,5.9559695295859
0.16,21,sbps,-1.5501741995678704,5.9559695295859
0.16,21,prculs-d,-0.13691961213735637,5.9559695295859
0.16,21,prcus-p,1.9032254800889803,5.9559695295859
0.16,21,prcus-i,-0.20733329248065585,5.9559695295859
0.16,21,prcus-a,0.0,5.9559695295859
0.16,21,ifrms,-1.8558875989575783,5.9559695295859
0.16,21,sspls-v,1.3526094984117438,5.9559695295859
0.16,22,mcgs,0.45009640157342,5.986746427376494
0.16,22,pos,-0.0,5.986746427376494
0.16,22,sbps,-1.4748057357660929,5.986746427376494
0.16,22,prculs-d,-0.1400991601145674,5.986746427376494
0.16,22,prcus-p,1.8931314837614395,5.986746427376494
0.16,22,prcus-i,-0.23709893227456297,5.986746427376494
0.16,22,prcus-a,0.0,5.986746427376494
0.16,22,ifrms,-1.939941877320209,5.986746427376494
0.16,22,sspls-v,1.3637780677163294,5.986746427376494
0.16,23,mcgs,0.4171551397959896,5.882708207015066
0.16,23,pos,-0.0,5.882708207015066
0.16,23,sbps,-1.4824116199487511,5.882708207015066
0.16,23,prculs-d,-0.299139588416223,5.882708207015066
0.16,23,prcus-p,1.873909652136378,5.882708207015066
0.16,23,prcus-i,-0.4627995489843349,5.882708207015066
0.16,23,prcus-a,0.042330331707644664,5.882708207015066
0.16,23,ifrms,-2.035113908251876,5.882708207015066
0.16,23,sspls-v,1.4538082196715068,5.882708207015066
0.16,24,mcgs,0.3585810210424723,5.688790810823866
0.16,24,pos,-0.0,5.688790810823866
0.16,24,sbps,-1.9252325962114,5.688790810823866
0.16,24,prculs-d,-0.4745724558439266,5.688790810823866
0.16,24,prcus-p,1.5886236675057313,5.688790810823866
0.16,24,prcus-i,-0.2028151552920525,5.688790810823866
0.16,24,prcus-a,-0.0,5.688790810823866
0.16,24,ifrms,-2.1843281104515766,5.688790810823866
0.16,24,sspls-v,1.502313843383124,5.688790810823866
0.16,25,mcgs,0.4525413920350566,5.963887825416132
0.16,25,pos,-0.017060485355362972,5.963887825416132
0.16,25,sbps,-1.5059589534447275,5.963887825416132
0.16,25,prculs-d,-0.22220220025499274,5.963887825416132
0.16,25,prcus-p,1.720675736805363,5.963887825416132
0.16,25,prcus-i,-0.3355264522420642,5.963887825416132
0.16,25,prcus-a,0.0,5.963887825416132
0.16,25,ifrms,-2.0313418167743764,5.963887825416132
0.16,25,sspls-v,1.430824747073041,5.963887825416132
0.16,26,mcgs,0.5282664491703427,5.938406707023851
0.16,26,pos,-0.0,5.938406707023851
0.16,26,sbps,-1.583492166919714,5.938406707023851
0.16,26,prculs-d,-0.11143442039288101,5.938406707023851
0.16,26,prcus-p,1.8858387375021932,5.938406707023851
0.16,26,prcus-i,-0.2467400717302261,5.938406707023851
0.16,26,prcus-a,0.0,5.938406707023851
0.16,26,ifrms,-1.9440859505618282,5.938406707023851
0.16,26,sspls-v,1.3966686628419698,5.938406707023851
0.16,27,mcgs,0.4488927943987733,5.978846668838038
0.16,27,pos,-0.0,5.978846668838038
0.16,27,sbps,-1.5309009837859802,5.978846668838038
0.16,27,prculs-d,-0.11822579608666416,5.978846668838038
0.16,27,prcus-p,1.8923001276004912,5.978846668838038
0.16,27,prcus-i,-0.23233811815699862,5.978846668838038
0.16,27,prcus-a,0.0,5.978846668838038
0.16,27,ifrms,-1.9581801657082285,5.978846668838038
0.16,27,sspls-v,1.3444835615048658,5.978846668838038
0.16,28,mcgs,0.4540706422498293,5.964421626006216
0.16,28,pos,-0.0,5.964421626006216
0.16,28,sbps,-1.5493029032698722,5.964421626006216
0.16,28,prculs-d,-0.10472682994916302,5.964421626006216
0.16,28,prcus-p,1.8640285419177707,5.964421626006216
0.16,28,prcus-i,-0.28424758495622426,5.964421626006216
0.16,28,prcus-a,0.0,5.964421626006216
0.16,28,ifrms,-1.9561068279768246,5.964421626006216
0.16,28,sspls-v,1.3372004204186863,5.964421626006216
0.16,29,mcgs,0.29499997780082793,5.760784640090123
0.16,29,pos,0.0,5.760784640090123
0.16,29,sbps,-1.5036942224908805,5.760784640090123
0.16,29,prculs-d,0.020151839158633417,5.760784640090123
0.16,29,prcus-p,1.3623658133386183,5.760784640090123
0.16,29,prcus-i,-0.0,5.760784640090123
0.16,29,prcus-a,0.23352972638919794,5.760784640090123
0.16,29,ifrms,-2.049301934144749,5.760784640090123
0.16,29,sspls-v,1.1180694901279868,5.760784640090123
0.16,30,mcgs,0.16757736374909335,5.903763903146197
0.16,30,pos,-0.0,5.903763903146197
0.16,30,sbps,-1.6006106229331292,5.903763903146197
0.16,30,prculs-d,-0.13163720456175715,5.903763903146197
0.16,30,prcus-p,1.8626290643832937,5.903763903146197
0.16,30,prcus-i,-0.28217827507137655,5.903763903146197
0.16,30,prcus-a,0.059909842368253766,5.903763903146197
0.16,30,ifrms,-2.0209925514344538,5.903763903146197
0.16,30,sspls-v,1.2245676610927763,5.903763903146197
0.16,31,mcgs,0.31349479898870225,5.688411068739245
0.16,31,pos,-0.0,5.688411068739245
0.16,31,sbps,-1.627274110686292,5.688411068739245
0.16,31,prculs-d,-0.0,5.688411068739245
0.16,31,prcus-p,1.834360749512127,5.688411068739245
0.16,31,prcus-i,-0.32070507097970913,5.688411068739245
0.16,31,prcus-a,0.0,5.688411068739245
0.16,31,ifrms,-1.8157748162902076,5.688411068739245
0.16,31,sspls-v,1.368994535736515,5.688411068739245
0.16,32,mcgs,0.514738438702454,5.829245000003667
0.16,32,pos,-0.27119379386936393,5.829245000003667
0.16,32,sbps,-1.5525064506463149,5.829245000003667
0.16,32,prculs-d,-0.07131401268396118,5.829245000003667
0.16,32,prcus-p,1.8498928030232318,5.829245000003667
0.16,32,prcus-i,-0.3991298854127783,5.829245000003667
0.16,32,prcus-a,0.0,5.829245000003667
0.16,32,ifrms,-1.7458649179507555,5.829245000003667
0.16,32,sspls-v,1.1852032186055146,5.829245000003667
0.16,33,mcgs,0.3791981900079078,5.984858812162522
0.16,33,pos,-0.0,5.984858812162522
0.16,33,sbps,-1.4405876662064558,5.984858812162522
0.16,33,prculs-d,-0.31275518955886916,5.984858812162522
0.16,33,prcus-p,1.880188352290432,5.984858812162522
0.16,33,prcus-i,-0.23756587692063982,5.984858812162522
0.16,33,prcus-a,0.0,5.984858812162522
0.16,33,ifrms,-1.9481026704974151,5.984858812162522
0.16,33,sspls-v,1.4157201869754588,5.984858812162522
0.16,34,mcgs,0.2789846999524183,5.869685939499671
0.16,34,pos,-0.046497207401785035,5.869685939499671
0.16,34,sbps,-1.5098120322847035,5.869685939499671
0.16,34,prculs-d,-0.1695652474971802,5.869685939499671
0.16,34,prcus-p,1.9959681202609194,5.869685939499671
0.16,34,prcus-i,-0.2825013073058067,5.869685939499671
0.16,34,prcus-a,-0.0,5.869685939499671
0.16,34,ifrms,-1.9454814863758103,5.869685939499671
0.16,34,sspls-v,1.171460760529813,5.869685939499671
0.171,0,mcgs,0.4916588378688064,5.89479622918103
0.171,0,pos,0.0,5.89479622918103
0.171,0,sbps,-1.5599736592222102,5.89479622918103
0.171,0,prculs-d,-0.013721697745164607,5.89479622918103
0.171,0,prcus-p,1.883006988569221,5.89479622918103
0.171,0,prcus-i,-0.22791124987382602,5.89479622918103
0.171,0,prcus-a,0.0,5.89479622918103
0.171,0,ifrms,-1.9250198607909932,5.89479622918103
0.171,0,sspls-v,1.3413238318834377,5.89479622918103
0.171,1,mcgs,0.382334132172092,5.918549958148107
0.171,1,pos,-0.0,5.918549958148107
0.171,1,sbps,-1.4302572793841979,5.918549958148107
0.171,1,prculs-d,-0.08279305929638019,5.918549958148107
0.171,1,prcus-p,1.8803831451772897,5.918549958148107
0.171,1,prcus-i,-0.28317366698675095,5.918549958148107
0.171,1,prcus-a,0.0,5.918549958148107
0.171,1,ifrms,-1.8571998900868087,5.918549958148107
0.171,1,sspls-v,1.3165368520016592,5.918549958148107
0.171,2,mcgs,0.49409409305814217,5.823093667415843
0.171,2,pos,-0.0,5.823093667415843
0.171,2,sbps,-1.5640495308999087,5.823093667415843
0.171,2,prculs-d,-0.3723583960935177,5.823093667415843
0.171,2,prcus-p,1.5952697672002925,5.823093667415843
0.171,2,prcus-i,-0.04458744277867899,5.823093667415843
0.171,2,prcus-a,-0.0,5.823093667415843
0.171,2,ifrms,-1.9291961518791738,5.823093667415843
0.171,2,sspls-v,1.1729802914061014,5.823093667415843
0.171,3,mcgs,0.3951678122796966,5.902793447261853
0.171,3,pos,0.0,5.902793447261853
0.171,3,sbps,-1.598672397642673,5.902793447261853
0.171,3,prculs-d,-0.30708808822153716,5.902793447261853
0.171,3,prcus-p,1.39607501664572,5.902793447261853
0.171,3,prcus-i,-0.1526512346446493,5.902793447261853
0.171,3,prcus-a,0.09836221156996228,5.902793447261853
0.171,3,ifrms,-2.080718091758997,5.902793447261853
0.171,3,sspls-v,1.5851811512096,5.902793447261853
0.171,4,mcgs,0.9557119313620192,5.824762592416766
0.171,4,pos,0.325272958174128,5.824762592416766
0.171,4,sbps,-1.1935552341808082,5.824762592416766
0.171,4,prculs-d,-0.48009259735410387,5.824762592416766
0.171,4,prcus-p,1.4663457147447039,5.824762592416766
0.171,4,prcus-i,-0.4608156555369506,5.824762592416766
0.171,4,prcus-a,-0.0,5.824762592416766
0.171,4,ifrms,-2.658120564806288,5.824762592416766
0.171,4,sspls-v,1.306987576638494,5.824762592416766
0.171,5,mcgs,0.14143937056814262,5.573405581572564
0.171,5,pos,-0.0,5.573405581572564
0.171,5,sbps,-1.53313711409397,5.573405581572564
0.171,5,prculs-d,-0.16726031860306764,5.573405581572564
0.171,5,prcus-p,1.8858058701710063,5.573405581572564
0.171,5,prcus-i,-0.8156502399818903,5.573405581572564
0.171,5,prcus-a,-0.13276149691107864,5.573405581572564
0.171,5,ifrms,-1.8128707732139686,5.573405581572564
0.171,5,sspls-v,1.4033293883351166,5.573405581572564
0.171,6,mcgs,0.48895094643984,5.682976904005522
0.171,6,pos,-0.2703647028026955,5.682976904005522
0.171,6,sbps,-1.9794775453341031,5.682976904005522
0.171,6,prculs-d,0.0,5.682976904005522
0.171,6,prcus-p,2.226959618166716,5.682976904005522
0.171,6,prcus-i,-0.05779965948231909,5.682976904005522
0.171,6,prcus-a,0.19805431559344977,5.682976904005522
0.171,6,ifrms,-1.9665600001532846,5.682976904005522
0.171,6,sspls-v,1.6469331020509745,5.682976904005522
0.171,7,mcgs,0.2153688982992051,5.868891817074445
0.171,7,pos,-0.0008999581484549393,5.868891817074445
0.171,7,sbps,-1.3147770891501676,5.868891817074445
0.171,7,prculs-d,-0.3020729661972557,5.868891817074445
0.171,7,prcus-p,1.536212831712273,5.868891817074445
0.171,7,prcus-i,-0.13659255129814146,5.868891817074445
0.171,7,prcus-a,0.0,5.868891817074445
0.171,7,ifrms,-1.5277659790139573,5.868891817074445
0.171,7,sspls-v,1.0433121403561174,5.868891817074445
0.171,8,mcgs,0.6634213191144198,5.9318178056000415
0.171,8,pos,-0.04125937170927101,5.9318178056000415
0.171,8,sbps,-1.2966214311397155,5.9318178056000415
0.171,8,prculs-d,-0.1163288076803006,5.9318178056000415
0.171,8,prcus-p,1.5749339333297754,5.9318178056000415
0.171,8,prcus-i,-0.36804710937540613,5.9318178056000415
0.171,8,prcus-a,0.002336034806648476,5.9318178056000415
0.171,8,ifrms,-1.8264442396645837,5.9318178056000415
0.171,8,sspls-v,1.076848061022237,5.9318178056000415
0.171,9,mcgs,0.3450136903759546,5.806553452738467
0.171,9,pos,-0.0,5.806553452738467
0.171,9,sbps,-1.5947159316431034,5.806553452738467
0.171,9,prculs-d,-0.24673537628558434,5.806553452738467
0.171,9,prcus-p,1.9356000741508756,5.806553452738467
0.171,9,prcus-i,-0.0,5.806553452738467
0.171,9,prcus-a,0.0,5.806553452738467
0.171,9,ifrms,-1.9299681246237224,5.806553452738467
0.171,9,sspls-v,1.331745529998648,5.806553452738467
0.171,10,mcgs,0.29185621843232923,5.735944414468022
0.171,10,pos,-0.0,5.735944414468022
0.171,10,sbps,-1.638807762883493,5.735944414468022
0.171,10,prculs-d,-0.0,5.735944414468022
0.171,10,prcus-p,1.8495016929454922,5.735944414468022
0.171,10,prcus-i,-0.3730356965007249,5.735944414468022
0.171,10,prcus-a,-0.0,5.735944414468022
0.171,10,ifrms,-1.83385127662887,5.735944414468022
0.171,10,sspls-v,1.4813073013697007,5.735944414468022
0.171,11,mcgs,0.45282958674377605,5.970062020831072
0.171,11,pos,-0.0,5.970062020831072
0.171,11,sbps,-1.4843183917652776,5.970062020831072
0.171,11,prculs-d,-0.1740575198220251,5.970062020831072
0.171,11,prcus-p,1.8694032386078236,5.970062020831072
0.171,11,prcus-i,-0.2229566862873035,5.970062020831072
0.171,11,prcus-a,0.0,5.970062020831072
0.171,11,ifrms,-1.9546369555407896,5.970062020831072
0.171,11,sspls-v,1.3453015719326298,5.970062020831072
0.171,12,mcgs,0.24381857113178568,5.552980351859922
0.171,12,pos,-0.3053466749632394,5.552980351859922
0.171,12,sbps,-1.5073351155529935,5.552980351859922
0.171,12,prculs-d,-0.021952363464531215,5.552980351859922
0.171,12,prcus-p,2.3252862788138144,5.552980351859922
0.171,12,prcus-i,0.0,5.552980351859922
0.171,12,prcus-a,-0.029919253146896526,5.552980351859922
0.171,12,ifrms,-1.9125066223466358,5.552980351859922
0.171,12,sspls-v,1.1491502070445472,5.552980351859922
0.171,13,mcgs,0.9016060682818344,5.593869016206821
0.171,13,pos,0.09128189545442869,5.593869016206821
0.171,13,sbps,-1.9457090280547518,5.593869016206821
0.171,13,prculs-d,-0.20196168794338953,5.593869016206821
0.171,13,prcus-p,1.960076063171148,5.593869016206821
0.171,13,prcus-i,-0.20072397452069862,5.593869016206821
0.171,13,prcus-a,0.3748046024809706,5.593869016206821
0.171,13,ifrms,-1.989149898546405,5.593869016206821
0.171,13,sspls-v,1.1966880681815422,5.593869016206821
0.171,14,mcgs,0.20039899689843554,5.763831721410359
0.171,14,pos,0.00695386818550137,5.763831721410359
0.171,14,sbps,-1.0544966277814207,5.763831721410359
0.171,14,prculs-d,-0.0,5.763831721410359
0.171,14,prcus-p,2.0731909114829254,5.763831721410359
0.171,14,prcus-i,-0.11196353594243773,5.763831721410359
0.171,14,prcus-a,0.41045318110228296,5.763831721410359
0.171,14,ifrms,-1.700729225894138,5.763831721410359
0.171,14,sspls-v,1.1367608857236462,5.763831721410359
0.171,15,mcgs,0.9216718991638629,5.444058006332284
0.171,15,pos,-0.0,5.444058006332284
0.171,15,sbps,-1.6466474350380094,5.444058006332284
0.171,15,prculs-d,0.10026333980951835,5.444058006332284
0.171,15,prcus-p,1.8788042010803871,5.444058006332284
0.171,15,prcus-i,-0.23294234280992263,5.444058006332284
0.171,15,prcus-a,0.0,5.444058006332284
0.171,15,ifrms,-1.3475743610932507,5.444058006332284
0.171,15,sspls-v,1.9225405756723963,5.444058006332284
0.171,16,mcgs,0.16454564268263117,5.698771539660196
0.171,16,pos,-0.06930933739557221,5.698771539660196
0.171,16,sbps,-1.5623798700401021,5.698771539660196
0.171,16,prculs-d,-0.19481483312429967,5.698771539660196
0.171,16,prcus-p,2.141547809090599,5.698771539660196
0.171,16,prcus-i,-0.005814835434733198,5.698771539660196
0.171,16,prcus-a,-0.0,5.698771539660196
0.171,16,ifrms,-2.076750114314456,5.698771539660196
0.171,16,sspls-v,0.9316876071045984,5.698771539660196
0.171,17,mcgs,0.3120064337908233,5.857740184618258
0.171,17,pos,-0.0947543097683893,5.857740184618258
0.171,17,sbps,-1.198433845367602,5.857740184618258
0.171,17,prculs-d,-0.06868620773710962,5.857740184618258
0.171,17,prcus-p,1.8967024907878307,5.857740184618258
0.171,17,prcus-i,-0.036246958241403546,5.857740184618258
0.171,17,prcus-a,0.0,5.857740184618258
0.171,17,ifrms,-1.6505295416346515,5.857740184618258
0.171,17,sspls-v,1.371984390245223,5.857740184618258
0.171,18,mcgs,0.3639207978301531,5.816379500790654
0.171,18,pos,0.0,5.816379500790654
0.171,18,sbps,-1.4218030651440035,5.816379500790654
0.171,18,prculs-d,-0.16619449390914348,5.816379500790654
0.171,18,prcus-p,1.9859595739908158,5.816379500790654
0.171,18,prcus-i,-0.13226895092695476,5.816379500790654
0.171,18,prcus-a,0.0,5.816379500790654
0.171,18,ifrms,-1.7846164474283348,5.816379500790654
0.171,18,sspls-v,1.4415976266318895,5.816379500790654
0.171,19,mcgs,0.6214139069274757,5.54895560732542
0.171,19,pos,-0.0,5.54895560732542
0.171,19,sbps,-1.661947277118474,5.54895560732542
0.171,19,prculs-d,-0.09048503117333477,5.54895560732542
0.171,19,prcus-p,2.157570278135763,5.54895560732542
0.171,19,prcus-i,-0.3180836012231822,5.54895560732542
0.171,19,prcus-a,0.0,5.54895560732542
0.171,19,ifrms,-2.0736888687016375,5.54895560732542
0.171,19,sspls-v,1.1320602307924774,5.54895560732542
0.171,20,mcgs,0.16688934163673036,5.78960594927493
0.171,20,pos,-0.0,5.78960594927493
0.171,20,sbps,-1.0816067452746585,5.78960594927493
0.171,20,prculs-d,-0.0,5.78960594927493
0.171,20,prcus-p,1.7032589715923296,5.78960594927493
0.171,20,prcus-i,-0.10369143628424564,5.78960594927493
0.171,20,prcus-a,-0.0,5.78960594927493
0.171,20,ifrms,-1.9394800638743102,5.78960594927493
0.171,20,sspls-v,1.3636821256739515,5.78960594927493
0.171,21,mcgs,0.42994719393633624,5.944690692523665
0.171,21,pos,-0.0,5.944690692523665
0.171,21,sbps,-1.526446143233239,5.944690692523665
0.171,21,prculs-d,-0.12722473873588,5.944690692523665
0.171,21,prcus-p,1.8936164163432991,5.944690692523665
0.171,21,prcus-i,-0.19255710548263733,5.944690692523665
0.171,21,prcus-a,0.0,5.944690692523665
0.171,21,ifrms,-1.8331584148229783,5.944690692523665
0.171,21,sspls-v,1.3306021917741035,5.944690692523665
0.171,22,mcgs,0.4347798945199224,5.978831851345055
0.171,22,pos,-0.0,5.978831851345055
0.171,22,sbps,-1.454108126310768,5.978831851345055
0.171,22,prculs-d,-0.12975612961542865,5.978831851345055
0.171,22,prcus-p,1.8833614515303438,5.978831851345055
0.171,22,prcus-i,-0.22495953552964368,5.978831851345055
0.171,22,prcus-a,0.0,5.978831851345055
0.171,22,ifrms,-1.9189409703554303,5.978831851345055
0.171,22,sspls-v,1.3435721132226868,5.978831851345055
0.171,23,mcgs,0.39719354738270024,5.879844796759285
0.171,23,pos,-0.0,5.879844796759285
0.171,23,sbps,-1.46118633419836,5.879844796759285
0.171,23,prculs-d,-0.2868676915514999,5.879844796759285
0.171,23,prcus-p,1.866800333160526,5.879844796759285
0.171,23,prcus-i,-0.455952271576214,5.879844796759285
0.171,23,prcus-a,0.027255558008010064,5.879844796759285
0.171,23,ifrms,-2.0083454818207547,5.879844796759285
0.171,23,sspls-v,1.4354317194108546,5.879844796759285
0.171,24,mcgs,0.3436414422675488,5.680605769383397
0.171,24,pos,-0.0,5.680605769383397
0.171,24,sbps,-1.9023676041367787,5.680605769383397
0.171,24,prculs-d,-0.4628148683194114,5.680605769383397
0.171,24,prcus-p,1.580667624445455,5.680605769383397
0.171,24,prcus-i,-0.19010305236246114,5.680605769383397
0.171,24,prcus-a,-0.0,5.680605769383397
0.171,24,ifrms,-2.161599460918594,5.680605769383397
0.171,24,sspls-v,1.4808814002969253,5.680605769383397
0.171,25,mcgs,0.4369150636256941,5.960238990666097
0.171,25,pos,-0.016514722552978704,5.960238990666097
0.171,25,sbps,-1.4851784778656385,5.960238990666097
0.171,25,prculs-d,-0.20998378538443424,5.960238990666097
0.171,25,prcus-p,1.7143451431181773,5.960238990666097
0.171,25,prcus-i,-0.32125259285541025,5.960238990666097
0.171,25,prcus-a,0.0,5.960238990666097
0.171,25,ifrms,-2.008176431310119,5.960238990666097
0.171,25,sspls-v,1.4091986813100892,5.960238990666097
0.171,26,mcgs,0.51138189300229,5.928703301630713
0.171,26,pos,-0.0,5.928703301630713
0.171,26,sbps,-1.5606384731086826,5.928703301630713
0.171,26,prculs-d,-0.10273749494229846,5.928703301630713
0.171,26,prcus-p,1.8758352125435354,5.928703301630713
0.171,26,prcus-i,-0.2340158027140456,5.928703301630713
0.171,26,prcus-a,0.0,5.928703301630713
0.171,26,ifrms,-1.9222075135243963,5.928703301630713
0.171,26,sspls-v,1.3752543649993902,5.928703301630713
0.171,27,mcgs,0.4351597805324176,5.965913283222626
0.171,27,pos,-0.0,5.965913283222626
0.171,27,sbps,-1.506980593022576,5.965913283222626
0.171,27,prculs-d,-0.10755136152897082,5.965913283222626
0.171,27,prcus-p,1.8819755671725904,5.965913283222626
0.171,27,prcus-i,-0.21820663634543447,5.965913283222626
0.171,27,prcus-a,0.0,5.965913283222626
0.171,27,ifrms,-1.9370312788539583,5.965913283222626
0.171,27,sspls-v,1.32225884689416,5.965913283222626
0.171,28,mcgs,0.4388338198542881,5.9569324597583755
0.171,28,pos,-0.0,5.9569324597583755
0.171,28,sbps,-1.5271800006444725,5.9569324597583755
0.171,28,prculs-d,-0.09474672404839894,5.9569324597583755
0.171,28,prcus-p,1.8542910410143267,5.9569324597583755
0.171,28,prcus-i,-0.2712787473594446,5.9569324597583755
0.171,28,prcus-a,0.0,5.9569324597583755
0.171,28,ifrms,-1.9344092750959319,5.9569324597583755
0.171,28,sspls-v,1.3171680640067867,5.9569324597583755
0.171,29,mcgs,0.27461976033310126,5.7482276844461095
0.171,29,pos,0.0,5.7482276844461095
0.171,29,sbps,-1.48082272181597,5.7482276844461095
0.171,29,prculs-d,0.009396627736116601,5.7482276844461095
0.171,29,prcus-p,1.35051029288775,5.7482276844461095
0.171,29,prcus-i,-0.0,5.7482276844461095
0.171,29,prcus-a,0.21526784519111045,5.7482276844461095
0.171,29,ifrms,-2.0300825459042917,5.7482276844461095
0.171,29,sspls-v,1.1016005943733072,5.7482276844461095
0.171,30,mcgs,0.15145749049100726,5.889995100029838
0.171,30,pos,-0.0,5.889995100029838
0.171,30,sbps,-1.5789014003732502,5.889995100029838
0.171,30,prculs-d,-0.12060737071034104,5.889995100029838
0.171,30,prcus-p,1.8546741052710285,5.889995100029838
0.171,30,prcus-i,-0.2753857878868608,5.889995100029838
0.171,30,prcus-a,0.047883761389403645,5.889995100029838
0.171,30,ifrms,-1.997507777556089,5.889995100029838
0.171,30,sspls-v,1.206467897178246,5.889995100029838
0.171,31,mcgs,0.29776231089323285,5.678819893455299
0.171,31,pos,-0.0,5.678819893455299
0.171,31,sbps,-1.6037988044066491,5.678819893455299
0.171,31,prculs-d,-0.0,5.678819893455299
0.171,31,prcus-p,1.821984518017556,5.678819893455299
0.171,31,prcus-i,-0.3059411601594891,5.678819893455299
0.171,31,prcus-a,0.0,5.678819893455299
0.171,31,ifrms,-1.7970655586288036,5.678819893455299
0.171,31,sspls-v,1.3474919005492496,5.678819893455299
0.171,32,mcgs,0.4994132643483014,5.826997965995567
0.171,32,pos,-0.2725687635747149,5.826997965995567
0.171,32,sbps,-1.5297689776989594,5.826997965995567
0.171,32,prculs-d,-0.06057460865565846,5.826997965995567
0.171,32,prcus-p,1.8403505739131611,5.826997965995567
0.171,32,prcus-i,-0.3863931742411983,5.826997965995567
0.171,32,prcus-a,0.0,5.826997965995567
0.171,32,ifrms,-1.7235790454853852,5.826997965995567
0.171,32,sspls-v,1.1645326829334126,5.826997965995567
0.171,33,mcgs,0.3641052404889942,5.975469160916505
0.171,33,pos,-0.0,5.975469160916505
0.171,33,sbps,-1.4189460289204587,5.975469160916505
0.171,33,prculs-d,-0.30342792942688396,5.975469160916505
0.171,33,prcus-p,1.8702397356272173,5.975469160916505
0.171,33,prcus-i,-0.2245247270965771,5.975469160916505
0.171,33,prcus-a,0.0,5.975469160916505
0.171,33,ifrms,-1.9268469073490542,5.975469160916505
0.171,33,sspls-v,1.3952289769325867,5.975469160916505
0.171,34,mcgs,0.263199301264692,5.856909823924756
0.171,34,pos,-0.04793240856953597,5.856909823924756
0.171,34,sbps,-1.4868680386885595,5.856909823924756
0.171,34,prculs-d,-0.15897528831368957,5.856909823924756
0.171,34,prcus-p,1.9870387048522336,5.856909823924756
0.171,34,prcus-i,-0.2696239331580712,5.856909823924756
0.171,34,prcus-a,-0.0,5.856909823924756
0.171,34,ifrms,-1.9230922216642337,5.856909823924756
0.171,34,sspls-v,1.150370674293113,5.856909823924756
0.182,0,mcgs,0.47738368274460763,5.881137548772019
0.182,0,pos,-0.0,5.881137548772019
0.182,0,sbps,-1.5372211892736343,5.881137548772019
0.182,0,prculs-d,-0.0038509893126178287,5.881137548772019
0.182,0,prcus-p,1.8729263808029888,5.881137548772019
0.182,0,prcus-i,-0.21488074632951165,5.881137548772019
0.182,0,prcus-a,0.0,5.881137548772019
0.182,0,ifrms,-1.9033901519886962,5.881137548772019
0.182,0,sspls-v,1.3202445731342802,5.881137548772019
0.182,1,mcgs,0.36584560070046296,5.908863875605543
0.182,1,pos,-0.0,5.908863875605543
0.182,1,sbps,-1.4054788331454187,5.908863875605543
0.182,1,prculs-d,-0.07138676499377349,5.908863875605543
0.182,1,prcus-p,1.870175995698288,5.908863875605543
0.182,1,prcus-i,-0.27156138746867775,5.908863875605543
0.182,1,prcus-a,0.0,5.908863875605543
0.182,1,ifrms,-1.8333803259327521,5.908863875605543
0.182,1,sspls-v,1.2944128850230934,5.908863875605543
0.182,2,mcgs,0.47927249899021807,5.81215853806885
0.182,2,pos,-0.0,5.81215853806885
0.182,2,sbps,-1.5424451543442066,5.81215853806885
0.182,2,prculs-d,-0.36375254571768617,5.81215853806885
0.182,2,prcus-p,1.5849449178344013,5.81215853806885
0.182,2,prcus-i,-0.031091961721174205,5.81215853806885
0.182,2,prcus-a,-0.0,5.81215853806885
0.182,2,ifrms,-1.907879683423296,5.81215853806885
0.182,2,sspls-v,1.1518199474295425,5.81215853806885
0.182,3,mcgs,0.3752065835052422,5.890239042429634
0.182,3,pos,0.0,5.890239042429634
0.182,3,sbps,-1.57684514280758,5.890239042429634
0.182,3,prculs-d,-0.294904577862328,5.890239042429634
0.182,3,prcus-p,1.3911137183618612,5.890239042429634
0.182,3,prcus-i,-0.1471041752045109,5.890239042429634
0.182,3,prcus-a,0.0829011318439365,5.890239042429634
0.182,3,ifrms,-2.0539231477136264,5.890239042429634
0.182,3,sspls-v,1.56732899159135,5.890239042429634
0.182,4,mcgs,0.9298900888115006,5.820647374783427
0.182,4,pos,0.2851508916195293,5.820647374783427
0.182,4,sbps,-1.173028223122183,5.820647374783427
0.182,4,prculs-d,-0.45075680300120774,5.820647374783427
0.182,4,prcus-p,1.4707134151724812,5.820647374783427
0.182,4,prcus-i,-0.44304854842498753,5.820647374783427
0.182,4,prcus-a,-0.0,5.820647374783427
0.182,4,ifrms,-2.6112980213185546,5.820647374783427
0.182,4,sspls-v,1.2827468536124114,5.820647374783427
0.182,5,mcgs,0.1351827616930852,5.5605864872043655
0.182,5,pos,-0.0,5.5605864872043655
0.182,5,sbps,-1.5090993207638892,5.5605864872043655
0.182,5,prculs-d,-0.15861778654309666,5.5605864872043655
0.182,5,prcus-p,1.8714706621275032,5.5605864872043655
0.182,5,prcus-i,-0.7909424900262638,5.5605864872043655
0.182,5,prcus-a,-0.10808462560721313,5.5605864872043655
0.182,5,ifrms,-1.798902851204564,5.5605864872043655
0.182,5,sspls-v,1.377289763488089,5.5605864872043655
0.182,6,mcgs,0.4672705949639775,5.685512862911883
0.182,6,pos,-0.25898679890289333,5.685512862911883
0.182,6,sbps,-1.947908159323441,5.685512862911883
0.182,6,prculs-d,0.0,5.685512862911883
0.182,6,prcus-p,2.209501600384822,5.685512862911883
0.182,6,prcus-i,-0.056701983701368315,5.685512862911883
0.182,6,prcus-a,0.17637048320443607,5.685512862911883
0.182,6,ifrms,-1.9439535656224456,5.685512862911883
0.182,6,sspls-v,1.6234123894589625,5.685512862911883
0.182,7,mcgs,0.1960010109823236,5.857505158170177
0.182,7,pos,-0.0035848590941721724,5.857505158170177
0.182,7,sbps,-1.2876016627972013,5.857505158170177
0.182,7,prculs-d,-0.29459983017031016,5.857505158170177
0.182,7,prcus-p,1.5219646929156398,5.857505158170177
0.182,7,prcus-i,-0.1212110892487369,5.857505158170177
0.182,7,prcus-a,0.0,5.857505158170177
0.182,7,ifrms,-1.5002817637489965,5.857505158170177
0.182,7,sspls-v,1.0170944888162818,5.857505158170177
0.182,8,mcgs,0.6515003581906345,5.925689572589273
0.182,8,pos,-0.04363677206612184,5.925689572589273
0.182,8,sbps,-1.2716792751741353,5.925689572589273
0.182,8,prculs-d,-0.10502032443558008,5.925689572589273
0.182,8,prcus-p,1.563370803233163,5.925689572589273
0.182,8,prcus-i,-0.35760598598871396,5.925689572589273
0.182,8,prcus-a,0.0,5.925689572589273
0.182,8,ifrms,-1.8023975525717106,5.925689572589273
0.182,8,sspls-v,1.0546445922759058,5.925689572589273
0.182,9,mcgs,0.33117857395138145,5.7942103691454125
0.182,9,pos,-0.0,5.7942103691454125
0.182,9,sbps,-1.572846925340993,5.7942103691454125
0.182,9,prculs-d,-0.23373509684193286,5.7942103691454125
0.182,9,prcus-p,1.9243122612896153,5.7942103691454125
0.182,9,prcus-i,-0.0,5.7942103691454125
0.182,9,prcus-a,0.0,5.7942103691454125
0.182,9,ifrms,-1.908285471556403,5.7942103691454125
0.182,9,sspls-v,1.3130356600116073,5.7942103691454125
0.182,10,mcgs,0.2769642542704901,5.725288852682045
0.182,10,pos,-0.0,5.725288852682045
0.182,10,sbps,-1.6151735164160825,5.725288852682045
0.182,10,prculs-d,-0.0,5.725288852682045
0.182,10,prcus-p,1.8374357446358314,5.725288852682045
0.182,10,prcus-i,-0.3581565121821309,5.725288852682045
0.182,10,prcus-a,-0.0,5.725288852682045
0.182,10,ifrms,-1.8155189344974707,5.725288852682045
0.182,10,sspls-v,1.4599564517797028,5.725288852682045
0.182,11,mcgs,0.43711360772609376,5.962431728014636
0.182,11,pos,-0.0,5.962431728014636
0.182,11,sbps,-1.4627632808678133,5.962431728014636
0.182,11,prculs-d,-0.1631824976305816,5.962431728014636
0.182,11,prcus-p,1.8597268641362656,5.962431728014636
0.182,11,prcus-i,-0.21038988146053036,5.962431728014636
0.182,11,prcus-a,0.0,5.962431728014636
0.182,11,ifrms,-1.9329191375335488,5.962431728014636
0.182,11,sspls-v,1.3244610617189139,5.962431728014636
0.182,12,mcgs,0.23344961266588948,5.536444812753267
0.182,12,pos,-0.3045964213552711,5.536444812753267
0.182,12,sbps,-1.485612051267064,5.536444812753267
0.182,12,prculs-d,-0.00933495586909959,5.536444812753267
0.182,12,prcus-p,2.311542743671221,5.536444812753267
0.182,12,prcus-i,0.0,5.536444812753267
0.182,12,prcus-a,-0.019664850349072543,5.536444812753267
0.182,12,ifrms,-1.8940107445772458,5.536444812753267
0.182,12,sspls-v,1.1296685154985087,5.536444812753267
0.182,13,mcgs,0.8733902428008506,5.579957901417991
0.182,13,pos,0.05544987978283008,5.579957901417991
0.182,13,sbps,-1.9196925158990117,5.579957901417991
0.182,13,prculs-d,-0.17496586082262772,5.579957901417991
0.182,13,prcus-p,1.9618921661610893,5.579957901417991
0.182,13,prcus-i,-0.1915638917508677,5.579957901417991
0.182,13,prcus-a,0.35889597088405,5.579957901417991
0.182,13,ifrms,-1.9446699668575236,5.579957901417991
0.182,13,sspls-v,1.1762406811271706,5.579957901417991
0.182,14,mcgs,0.1799862466188294,5.741036508319093
0.182,14,pos,0.0,5.741036508319093
0.182,14,sbps,-1.0311869233354942,5.741036508319093
0.182,14,prculs-d,-0.0,5.741036508319093
0.182,14,prcus-p,2.064792119800291,5.741036508319093
0.182,14,prcus-i,-0.10085147668753545,5.741036508319093
0.182,14,prcus-a,0.4007077558975222,5.741036508319093
0.182,14,ifrms,-1.6760355443958328,5.741036508319093
0.182,14,sspls-v,1.1163680737240056,5.741036508319093
0.182,15,mcgs,0.904582045823315,5.4324940461974425
0.182,15,pos,-0.0,5.4324940461974425
0.182,15,sbps,-1.621183688600992,5.4324940461974425
0.182,15,prculs-d,0.08079691271584227,5.4324940461974425
0.182,15,prcus-p,1.8621056938600342,5.4324940461974425
0.182,15,prcus-i,-0.21510058629499582,5.4324940461974425
0.182,15,prcus-a,0.0,5.4324940461974425
0.182,15,ifrms,-1.3379749654417987,5.4324940461974425
0.182,15,sspls-v,1.8990021744066,5.4324940461974425
0.182,16,mcgs,0.15016828895760315,5.6836939775234825
0.182,16,pos,-0.06941405920528987,5.6836939775234825
0.182,16,sbps,-1.5405406618846929,5.6836939775234825
0.182,16,prculs-d,-0.18318910956604345,5.6836939775234825
0.182,16,prcus-p,2.13182705941753,5.6836939775234825
0.182,16,prcus-i,-0.0,5.6836939775234825
0.182,16,prcus-a,-0.0,5.6836939775234825
0.182,16,ifrms,-2.056153229984097,5.6836939775234825
0.182,16,sspls-v,0.9132845836062682,5.6836939775234825
0.182,17,mcgs,0.2954393661198691,5.842333327148977
0.182,17,pos,-0.09740463238210305,5.842333327148977
0.182,17,sbps,-1.1738883580010746,5.842333327148977
0.182,17,prculs-d,-0.057221619909472075,5.842333327148977
0.182,17,prcus-p,1.8873907058897184,5.842333327148977
0.182,17,prcus-i,-0.02159539045662659,5.842333327148977
0.182,17,prcus-a,0.0,5.842333327148977
0.182,17,ifrms,-1.625708701605453,5.842333327148977
0.182,17,sspls-v,1.3516272749452354,5.842333327148977
0.182,18,mcgs,0.34856865395215614,5.805894639477456
0.182,18,pos,0.0,5.805894639477456
0.182,18,sbps,-1.4006152992165652,5.805894639477456
0.182,18,prculs-d,-0.15596328610490914,5.805894639477456
0.182,18,prcus-p,1.977681118910634,5.805894639477456
0.182,18,prcus-i,-0.11954823563033536,5.805894639477456
0.182,18,prcus-a,0.0,5.805894639477456
0.182,18,ifrms,-1.7635095089997326,5.805894639477456
0.182,18,sspls-v,1.4216009029355092,5.805894639477456
0.182,19,mcgs,0.6057455464603456,5.542998040993056
0.182,19,pos,-0.0,5.542998040993056
0.182,19,sbps,-1.638956465046589,5.542998040993056
0.182,19,prculs-d,-0.08026379353954576,5.542998040993056
0.182,19,prcus-p,2.147294589980976,5.542998040993056
0.182,19,prcus-i,-0.30496389030803295,5.542998040993056
0.182,19,prcus-a,0.0,5.542998040993056
0.182,19,ifrms,-2.0516326607708315,5.542998040993056
0.182,19,sspls-v,1.1119518073102408,5.542998040993056
0.182,20,mcgs,0.14926472691119266,5.774461312244419
0.182,20,pos,-0.0,5.774461312244419
0.182,20,sbps,-1.055510446301634,5.774461312244419
0.182,20,prculs-d,-0.0,5.774461312244419
0.182,20,prcus-p,1.6888384831661747,5.774461312244419
0.182,20,prcus-i,-0.08722134651557219,5.774461312244419
0.182,20,prcus-a,0.0,5.774461312244419
0.182,20,ifrms,-1.922383917520158,5.774461312244419
0.182,20,sspls-v,1.343223351885363,5.774461312244419
0.182,21,mcgs,0.4157445404518605,5.934270800888885
0.182,21,pos,-0.0,5.934270800888885
0.182,21,sbps,-1.502676115057064,5.934270800888885
0.182,21,prculs-d,-0.11757849865036794,5.934270800888885
0.182,21,prcus-p,1.8839820893887809,5.934270800888885
0.182,21,prcus-i,-0.17777031552923528,5.934270800888885
0.182,21,prcus-a,0.0,5.934270800888885
0.182,21,ifrms,-1.8104366480692815,5.934270800888885
0.182,21,sspls-v,1.3085818467591008,5.934270800888885
0.182,22,mcgs,0.4194633874664234,5.9709351327792595
0.182,22,pos,-0.0,5.9709351327792595
0.182,22,sbps,-1.4334105168554419,5.9709351327792595
0.182,22,prculs-d,-0.11941309911629006,5.9709351327792595
0.182,22,prcus-p,1.8735914192992482,5.9709351327792595
0.182,22,prcus-i,-0.21282013878472467,5.9709351327792595
0.182,22,prcus-a,0.0,5.9709351327792595
0.182,22,ifrms,-1.8979400633906516,5.9709351327792595
0.182,22,sspls-v,1.3233661587290442,5.9709351327792595
0.182,23,mcgs,0.37724219086563937,5.876781268937662
0.182,23,pos,-0.0,5.876781268937662
0.182,23,sbps,-1.4399530031460168,5.876781268937662
0.182,23,prculs-d,-0.2746085790136944,5.876781268937662
0.182,23,prcus-p,1.859683963347044,5.876781268937662
0.182,23,prcus-i,-0.4490852803738401,5.876781268937662
0.182,23,prcus-a,0.012198084650527212,5.876781268937662
0.182,23,ifrms,-1.9815856383559147,5.876781268937662
0.182,23,sspls-v,1.417048149918241,5.876781268937662
0.182,24,mcgs,0.3287018634926245,5.673036641811188
0.182,24,pos,-0.0,5.673036641811188
0.182,24,sbps,-1.8795026120621576,5.673036641811188
0.182,24,prculs-d,-0.45105728079489665,5.673036641811188
0.182,24,prcus-p,1.5727115813851795,5.673036641811188
0.182,24,prcus-i,-0.17739094943286918,5.673036641811188
0.182,24,prcus-a,-0.0,5.673036641811188
0.182,24,ifrms,-2.1388708113856127,5.673036641811188
0.182,24,sspls-v,1.4594489572107272,5.673036641811188
0.182,25,mcgs,0.4212887352163315,5.9573535162524065
0.182,25,pos,-0.015968959750594983,5.9573535162524065
0.182,25,sbps,-1.4643980022865495,5.9573535162524065
0.182,25,prculs-d,-0.19776537051387494,5.9573535162524065
0.182,25,prcus-p,1.7080145494309908,5.9573535162524065
0.182,25,prcus-i,-0.3069787334687558,5.9573535162524065
0.182,25,prcus-a,0.0,5.9573535162524065
0.182,25,ifrms,-1.9850110458458616,5.9573535162524065
0.182,25,sspls-v,1.3875726155471366,5.9573535162524065
0.182,26,mcgs,0.49449733683423897,5.9192792437862884
0.182,26,pos,-0.0,5.9192792437862884
0.182,26,sbps,-1.5377847792976527,5.9192792437862884
0.182,26,prculs-d,-0.09404056949171553,5.9192792437862884
0.182,26,prcus-p,1.8658316875848788,5.9192792437862884
0.182,26,prcus-i,-0.22129153369786528,5.9192792437862884
0.182,26,prcus-a,0.0,5.9192792437862884
0.182,26,ifrms,-1.9003290764869643,5.9192792437862884
0.182,26,sspls-v,1.3538400671568123,5.9192792437862884
0.182,27,mcgs,0.42142126903824934,5.9531160753320576
0.182,27,pos,-0.0,5.9531160753320576
0.182,27,sbps,-1.4830245722465887,5.9531160753320576
0.182,27,prculs-d,-0.09692015970094978,5.9531160753320576
0.182,27,prcus-p,1.8716360353945751,5.9531160753320576
0.182,27,prcus-i,-0.20405861714372997,5.9531160753320576
0.182,27,prcus-a,0.0,5.9531160753320576
0.182,27,ifrms,-1.9158891276786434,5.9531160753320576
0.182,27,sspls-v,1.300021204730795,5.9531160753320576
0.182,28,mcgs,0.4235969974587458,5.950249387274475
0.182,28,pos,-0.0,5.950249387274475
0.182,28,sbps,-1.5050570980190725,5.950249387274475
0.182,28,prculs-d,-0.08476661814763367,5.950249387274475
0.182,28,prcus-p,1.8445535401108837,5.950249387274475
0.182,28,prcus-i,-0.25830990976266527,5.950249387274475
0.182,28,prcus-a,0.0,5.950249387274475
0.182,28,ifrms,-1.9127117222150398,5.950249387274475
0.182,28,sspls-v,1.2971357075948864,5.950249387274475
0.182,29,mcgs,0.2542084908619564,5.738953807438359
0.182,29,pos,0.0,5.738953807438359
0.182,29,sbps,-1.4580279730303214,5.738953807438359
0.182,29,prculs-d,0.0,5.738953807438359
0.182,29,prcus-p,1.3387773226713677,5.738953807438359
0.182,29,prcus-i,-0.0,5.738953807438359
0.182,29,prcus-a,0.19713250367696467,5.738953807438359
0.182,29,ifrms,-2.0104577621197994,5.738953807438359
0.182,29,sspls-v,1.0850469564310874,5.738953807438359
0.182,30,mcgs,0.13533761723292123,5.876850931147004
0.182,30,pos,-0.0,5.876850931147004
0.182,30,sbps,-1.5571921778133722,5.876850931147004
0.182,30,prculs-d,-0.10957753685892549,5.876850931147004
0.182,30,prcus-p,1.8467191461587626,5.876850931147004
0.182,30,prcus-i,-0.26859330070234433,5.876850931147004
0.182,30,prcus-a,0.0358576804105536,5.876850931147004
0.182,30,ifrms,-1.9740230036777258,5.876850931147004
0.182,30,sspls-v,1.1883681332637144,5.876850931147004
0.182,31,mcgs,0.28202990583406745,5.670258998049045
0.182,31,pos,-0.0,5.670258998049045
0.182,31,sbps,-1.5803235051242135,5.670258998049045
0.182,31,prculs-d,-0.0,5.670258998049045
0.182,31,prcus-p,1.8096082416543404,5.670258998049045
0.182,31,prcus-i,-0.2911772792278474,5.670258998049045
0.182,31,prcus-a,0.0,5.670258998049045
0.182,31,ifrms,-1.7783563259705328,5.670258998049045
0.182,31,sspls-v,1.3259892763950931,5.670258998049045
0.182,32,mcgs,0.4840880899941495,5.825337783377207
0.182,32,pos,-0.27394373328006577,5.825337783377207
0.182,32,sbps,-1.5070315047516047,5.825337783377207
0.182,32,prculs-d,-0.049835204627354544,5.825337783377207
0.182,32,prcus-p,1.830808344803091,5.825337783377207
0.182,32,prcus-i,-0.37365646306961864,5.825337783377207
0.182,32,prcus-a,0.0,5.825337783377207
0.182,32,ifrms,-1.7012931730200156,5.825337783377207
0.182,32,sspls-v,1.1438621472613106,5.825337783377207
0.182,33,mcgs,0.3490122909700802,5.966709430730706
0.182,33,pos,-0.0,5.966709430730706
0.182,33,sbps,-1.3973043916344627,5.966709430730706
0.182,33,prculs-d,-0.2941006692948999,5.966709430730706
0.182,33,prcus-p,1.860291118964003,5.966709430730706
0.182,33,prcus-i,-0.21148357727251504,5.966709430730706
0.182,33,prcus-a,0.0,5.966709430730706
0.182,33,ifrms,-1.9055911442006934,5.966709430730706
0.182,33,sspls-v,1.3747377668897145,5.966709430730706
0.182,34,mcgs,0.24736412255578386,5.844260811883169
0.182,34,pos,-0.04949459616484856,5.844260811883169
0.182,34,sbps,-1.4639210162261047,5.844260811883169
0.182,34,prculs-d,-0.1482849483549985,5.844260811883169
0.182,34,prcus-p,1.9781674732762278,5.844260811883169
0.182,34,prcus-i,-0.2567383714149078,5.844260811883169
0.182,34,prcus-a,-0.0,5.844260811883169
0.182,34,ifrms,-1.9006143166215486,5.844260811883169
0.182,34,sspls-v,1.1292628717411863,5.844260811883169
0.195,0,mcgs,0.4597886122054157,5.864549689726495
0.195,0,pos,-0.0,5.864549689726495
0.195,0,sbps,-1.509584656820626,5.864549689726495
0.195,0,prculs-d,-0.0,5.864549689726495
0.195,0,prcus-p,1.8592854511271366,5.864549689726495
0.195,0,prcus-i,-0.19831722815069108,5.864549689726495
0.195,0,prcus-a,0.0,5.864549689726495
0.195,0,ifrms,-1.8802203005469202,5.864549689726495
0.195,0,sspls-v,1.2950703864682094,5.864549689726495
0.195,1,mcgs,0.34635929298571144,5.89808264862212
0.195,1,pos,-0.0,5.89808264862212
0.195,1,sbps,-1.3761955780929216,5.89808264862212
0.195,1,prculs-d,-0.05790601480547788,5.89808264862212
0.195,1,prcus-p,1.8581131437129716,5.89808264862212
0.195,1,prcus-i,-0.25783797633410543,5.89808264862212
0.195,1,prcus-a,0.0,5.89808264862212
0.195,1,ifrms,-1.8052298523589616,5.89808264862212
0.195,1,sspls-v,1.2682665154853126,5.89808264862212
0.195,2,mcgs,0.46175616748181153,5.800105309719998
0.195,2,pos,-0.0,5.800105309719998
0.195,2,sbps,-1.516912901084544,5.800105309719998
0.195,2,prculs-d,-0.3535815930626737,5.800105309719998
0.195,2,prcus-p,1.5727429270466597,5.800105309719998
0.195,2,prcus-i,-0.01514293828591029,5.800105309719998
0.195,2,prcus-a,-0.0,5.800105309719998
0.195,2,ifrms,-1.8826874479976656,5.800105309719998
0.195,2,sspls-v,1.1268123734816782,5.800105309719998
0.195,3,mcgs,0.351616146317256,5.876986512783086
0.195,3,pos,0.0,5.876986512783086
0.195,3,sbps,-1.5510492123969322,5.876986512783086
0.195,3,prculs-d,-0.280506048194499,5.876986512783086
0.195,3,prcus-p,1.3852502669788758,5.876986512783086
0.195,3,prcus-i,-0.14054832382133509,5.876986512783086
0.195,3,prcus-a,0.06462914771888384,5.876986512783086
0.195,3,ifrms,-2.022256500319752,5.876986512783086
0.195,3,sspls-v,1.5462309176314657,5.876986512783086
0.195,4,mcgs,0.8993733657972534,5.816289341128493
0.195,4,pos,0.23773390387318272,5.816289341128493
0.195,4,sbps,-1.148769028234718,5.816289341128493
0.195,4,prculs-d,-0.41608722785687463,5.816289341128493
0.195,4,prcus-p,1.4758752429507627,5.816289341128493
0.195,4,prcus-i,-0.42205105820175676,5.816289341128493
0.195,4,prcus-a,-0.0,5.816289341128493
0.195,4,ifrms,-2.555962288105775,5.816289341128493
0.195,4,sspls-v,1.2540987263997678,5.816289341128493
0.195,5,mcgs,0.12778858756801725,5.549316604111489
0.195,5,pos,-0.0,5.549316604111489
0.195,5,sbps,-1.4806910195556124,5.549316604111489
0.195,5,prculs-d,-0.14840388501767454,5.549316604111489
0.195,5,prcus-p,1.8545290526215457,5.549316604111489
0.195,5,prcus-i,-0.7617424218968876,5.549316604111489
0.195,5,prcus-a,-0.07892105042991857,5.549316604111489
0.195,5,ifrms,-1.7823953070116307,5.549316604111489
0.195,5,sspls-v,1.3465156613961466,5.549316604111489
0.195,6,mcgs,0.44162230786678586,5.687470837040029
0.195,6,pos,-0.2454733318709342,5.687470837040029
0.195,6,sbps,-1.9105710554422226,5.687470837040029
0.195,6,prculs-d,0.0,5.687470837040029
0.195,6,prcus-p,2.18883870399117,5.687470837040029
0.195,6,prcus-i,-0.05549861504599075,5.687470837040029
0.195,6,prcus-a,0.1506758033070483,5.687470837040029
0.195,6,ifrms,-1.917235995993085,5.687470837040029
0.195,6,sspls-v,1.5956222250064043,5.687470837040029
0.195,7,mcgs,0.173111689607827,5.844348267500762
0.195,7,pos,-0.006757923848200196,5.844348267500762
0.195,7,sbps,-1.2554852498346063,5.844348267500762
0.195,7,prculs-d,-0.2857679421384654,5.844348267500762
0.195,7,prcus-p,1.505125983428711,5.844348267500762
0.195,7,prcus-i,-0.10303299773580449,5.844348267500762
0.195,7,prcus-a,0.0,5.844348267500762
0.195,7,ifrms,-1.4678004184358633,5.844348267500762
0.195,7,sspls-v,0.9861099915419309,5.844348267500762
0.195,8,mcgs,0.6383334100721516,5.918073227545482
0.195,8,pos,-0.046701423235802786,5.918073227545482
0.195,8,sbps,-1.2419102062073557,5.918073227545482
0.195,8,prculs-d,-0.09174352794931957,5.918073227545482
0.195,8,prcus-p,1.5491241607026145,5.918073227545482
0.195,8,prcus-i,-0.34409626329885645,5.918073227545482
0.195,8,prcus-a,0.0,5.918073227545482
0.195,8,ifrms,-1.7746041673851256,5.918073227545482
0.195,8,sspls-v,1.0276961678032799,5.918073227545482
0.195,9,mcgs,0.31482798181325117,5.783025108773056
0.195,9,pos,-0.0,5.783025108773056
0.195,9,sbps,-1.547001736074863,5.783025108773056
0.195,9,prculs-d,-0.21837113022671065,5.783025108773056
0.195,9,prcus-p,1.9109721188172155,5.783025108773056
0.195,9,prcus-i,-0.0,5.783025108773056
0.195,9,prcus-a,0.0,5.783025108773056
0.195,9,ifrms,-1.8826605179313929,5.783025108773056
0.195,9,sspls-v,1.2909239954814677,5.783025108773056
0.195,10,mcgs,0.2593634050700118,5.713452787423142
0.195,10,pos,-0.0,5.713452787423142
0.195,10,sbps,-1.5872418516043467,5.713452787423142
0.195,10,prculs-d,-0.0,5.713452787423142
0.195,10,prcus-p,1.82317681708974,5.713452787423142
0.195,10,prcus-i,-0.34057142383283934,5.713452787423142
0.195,10,prcus-a,-0.0,5.713452787423142
0.195,10,ifrms,-1.7938530276444011,5.713452787423142
0.195,10,sspls-v,1.4347234054323261,5.713452787423142
0.195,11,mcgs,0.4185401779779229,5.952601788978505
0.195,11,pos,-0.0,5.952601788978505
0.195,11,sbps,-1.4372890588980836,5.952601788978505
0.195,11,prculs-d,-0.15033019867705827,5.952601788978505
0.195,11,prcus-p,1.8482911488516989,5.952601788978505
0.195,11,prcus-i,-0.19553820302888902,5.952601788978505
0.195,11,prcus-a,0.0,5.952601788978505
0.195,11,ifrms,-1.9072526253431747,5.952601788978505
0.195,11,sspls-v,1.2998313678299764,5.952601788978505
0.195,12,mcgs,0.22149139453809302,5.517961630502638
0.195,12,pos,-0.3012267405554953,5.517961630502638
0.195,12,sbps,-1.4597154341248657,5.517961630502638
0.195,12,prculs-d,-0.0,5.517961630502638
0.195,12,prcus-p,2.2934831520711847,5.517961630502638
0.195,12,prcus-i,0.0,5.517961630502638
0.195,12,prcus-a,-0.007601979617656494,5.517961630502638
0.195,12,ifrms,-1.8748511750949175,5.517961630502638
0.195,12,sspls-v,1.1068350363597146,5.517961630502638
0.195,13,mcgs,0.8401699605223691,5.561575673409824
0.195,13,pos,0.013239406075132867,5.561575673409824
0.195,13,sbps,-1.8889276569248177,5.561575673409824
0.195,13,prculs-d,-0.14322170393018147,5.561575673409824
0.195,13,prcus-p,1.9639436395191714,5.561575673409824
0.195,13,prcus-i,-0.18062228647934478,5.561575673409824
0.195,13,prcus-a,0.3402285169138962,5.561575673409824
0.195,13,ifrms,-1.8922478869632855,5.561575673409824
0.195,13,sspls-v,1.1520448235387788,5.561575673409824
0.195,14,mcgs,0.1568085713855163,5.713652228824616
0.195,14,pos,0.0,5.713652228824616
0.195,14,sbps,-1.003791164149797,5.713652228824616
0.195,14,prculs-d,-0.0,5.713652228824616
0.195,14,prcus-p,2.0537003859141914,5.713652228824616
0.195,14,prcus-i,-0.08919278783202303,5.713652228824616
0.195,14,prcus-a,0.3889629437645168,5.713652228824616
0.195,14,ifrms,-1.6498096470931887,5.713652228824616
0.195,14,sspls-v,1.0931907124414257,5.713652228824616
0.195,15,mcgs,0.8843862854159124,5.420164011652962
0.195,15,pos,-0.0,5.420164011652962
0.195,15,sbps,-1.5910920469799832,5.420164011652962
0.195,15,prculs-d,0.05779347409989145,5.420164011652962
0.195,15,prcus-p,1.842371588329818,5.420164011652962
0.195,15,prcus-i,-0.19401582100401313,5.420164011652962
0.195,15,prcus-a,0.0,5.420164011652962
0.195,15,ifrms,-1.3266297232592281,5.420164011652962
0.195,15,sspls-v,1.8711850131678545,5.420164011652962
0.195,16,mcgs,0.13424849014167028,5.665608002758354
0.195,16,pos,-0.06859671302332093,5.665608002758354
0.195,16,sbps,-1.5153289666332068,5.665608002758354
0.195,16,prculs-d,-0.16840028246332941,5.665608002758354
0.195,16,prcus-p,2.119075387756684,5.665608002758354
0.195,16,prcus-i,-0.0,5.665608002758354
0.195,16,prcus-a,-0.0,5.665608002758354
0.195,16,ifrms,-2.031882845583309,5.665608002758354
0.195,16,sspls-v,0.8933825253181872,5.665608002758354
0.195,17,mcgs,0.27586092757663355,5.82492068029073
0.195,17,pos,-0.10053464436570121,5.82492068029073
0.195,17,sbps,-1.1448802823564066,5.82492068029073
0.195,17,prculs-d,-0.04367428015480833,5.82492068029073
0.195,17,prcus-p,1.8763849132487747,5.82492068029073
0.195,17,prcus-i,-0.004280160392322361,5.82492068029073
0.195,17,prcus-a,0.0,5.82492068029073
0.195,17,ifrms,-1.59637657902063,5.82492068029073
0.195,17,sspls-v,1.327569107907636,5.82492068029073
0.195,18,mcgs,0.33042521118725016,5.793474731910358
0.195,18,pos,-0.0,5.793474731910358
0.195,18,sbps,-1.3755752122114124,5.793474731910358
0.195,18,prculs-d,-0.14387185869990463,5.793474731910358
0.195,18,prcus-p,1.9678974901795105,5.793474731910358
0.195,18,prcus-i,-0.10451466300705714,5.793474731910358
0.195,18,prcus-a,0.0,5.793474731910358
0.195,18,ifrms,-1.7385649454022947,5.793474731910358
0.195,18,sspls-v,1.3979684112943305,5.793474731910358
0.195,19,mcgs,0.5872280194581352,5.535827154625468
0.195,19,pos,-0.0,5.535827154625468
0.195,19,sbps,-1.6117846332492725,5.535827154625468
0.195,19,prculs-d,-0.0681849341690182,5.535827154625468
0.195,19,prcus-p,2.135150414198585,5.535827154625468
0.195,19,prcus-i,-0.28945840116340316,5.535827154625468
0.195,19,prcus-a,0.0,5.535827154625468
0.195,19,ifrms,-2.0255662301301647,5.535827154625468
0.195,19,sspls-v,1.0881870099310547,5.535827154625468
0.195,20,mcgs,0.12843564907956656,5.758662914899567
0.195,20,pos,-0.0,5.758662914899567
0.195,20,sbps,-1.0246693239638047,5.758662914899567
0.195,20,prculs-d,-0.0,5.758662914899567
0.195,20,prcus-p,1.6717960649375923,5.758662914899567
0.195,20,prcus-i,-0.06775669149243178,5.758662914899567
0.195,20,prcus-a,0.0,5.758662914899567
0.195,20,ifrms,-1.902179379070599,5.758662914899567
0.195,20,sspls-v,1.3190447912503775,5.758662914899567
0.195,21,mcgs,0.39895950984681416,5.922023751408863
0.195,21,pos,-0.0,5.922023751408863
0.195,21,sbps,-1.4745836565669672,5.922023751408863
0.195,21,prculs-d,-0.10617893060279056,5.922023751408863
0.195,21,prcus-p,1.872595874850861,5.922023751408863
0.195,21,prcus-i,-0.16029478138280223,5.922023751408863
0.195,21,prcus-a,0.0,5.922023751408863
0.195,21,ifrms,-1.7835836513589503,5.922023751408863
0.195,21,sspls-v,1.2825575913460374,5.922023751408863
0.195,22,mcgs,0.40136206094865257,5.961599365070109
0.195,22,pos,-0.0,5.961599365070109
0.195,22,sbps,-1.4089497056809668,5.961599365070109
0.195,22,prculs-d,-0.1071895176173082,5.961599365070109
0.195,22,prcus-p,1.862045017571589,5.961599365070109
0.195,22,prcus-i,-0.19847357899527482,5.961599365070109
0.195,22,prcus-a,0.0,5.961599365070109
0.195,22,ifrms,-1.8731208097050036,5.961599365070109
0.195,22,sspls-v,1.2994863943274668,5.961599365070109
0.195,23,mcgs,0.35545601164544993,5.872885688976705
0.195,23,pos,-0.0,5.872885688976705
0.195,23,sbps,-1.4144883413477538,5.872885688976705
0.195,23,prculs-d,-0.2606924500938708,5.872885688976705
0.195,23,prcus-p,1.8502333879004333,5.872885688976705
0.195,23,prcus-i,-0.43849859389526724,5.872885688976705
0.195,23,prcus-a,0.0,5.872885688976705
0.195,23,ifrms,-1.9517289245925993,5.872885688976705
0.195,23,sspls-v,1.3942085712296923,5.872885688976705
0.195,24,mcgs,0.3110459954600837,5.6653556952018125
0.195,24,pos,-0.0,5.6653556952018125
0.195,24,sbps,-1.8524803483089958,5.6653556952018125
0.195,24,prculs-d,-0.43716202604472026,5.6653556952018125
0.195,24,prcus-p,1.5633089617918932,5.6653556952018125
0.195,24,prcus-i,-0.1623675442969892,5.6653556952018125
0.195,24,prcus-a,-0.0,5.6653556952018125
0.195,24,ifrms,-2.1120097058722043,5.6653556952018125
0.195,24,sspls-v,1.4341197050943153,5.6653556952018125
0.195,25,mcgs,0.40282125618708675,5.9560972354004305
0.195,25,pos,-0.015323967347776005,5.9560972354004305
0.195,25,sbps,-1.439839258420352,5.9560972354004305
0.195,25,prculs-d,-0.1833254256668513,5.9560972354004305
0.195,25,prcus-p,1.7005329387097696,5.9560972354004305
0.195,25,prcus-i,-0.2901096269208932,5.9560972354004305
0.195,25,prcus-a,0.0,5.9560972354004305
0.195,25,ifrms,-1.9576337721153767,5.9560972354004305
0.195,25,sspls-v,1.3620145378272834,5.9560972354004305
0.195,26,mcgs,0.4745428613629031,5.910332091074259
0.195,26,pos,-0.0,5.910332091074259
0.195,26,sbps,-1.5107758684300712,5.910332091074259
0.195,26,prculs-d,-0.08376238486829934,5.910332091074259
0.195,26,prcus-p,1.8540093399064665,5.910332091074259
0.195,26,prcus-i,-0.2062537612241978,5.910332091074259
0.195,26,prcus-a,0.0,5.910332091074259
0.195,26,ifrms,-1.8744727418063625,5.910332091074259
0.195,26,sspls-v,1.3285322606155832,5.910332091074259
0.195,27,mcgs,0.4051848463633245,5.939822481026755
0.195,27,pos,-0.0,5.939822481026755
0.195,27,sbps,-1.4547129113295143,5.939822481026755
0.195,27,prculs-d,-0.08435601208601749,5.939822481026755
0.195,27,prcus-p,1.85941658874783,5.939822481026755
0.195,27,prcus-i,-0.18733823081444353,5.939822481026755
0.195,27,prcus-a,0.0,5.939822481026755
0.195,27,ifrms,-1.890902949016909,5.939822481026755
0.195,27,sspls-v,1.273740354901363,5.939822481026755
0.195,28,mcgs,0.4055898437185606,5.9428141952801665
0.195,28,pos,-0.0,5.9428141952801665
0.195,28,sbps,-1.4789118494617812,5.9428141952801665
0.195,28,prculs-d,-0.07297194753764016,5.9428141952801665
0.195,28,prcus-p,1.8330455844977227,5.9428141952801665
0.195,28,prcus-i,-0.2429831016937437,5.9428141952801665
0.195,28,prcus-a,0.0,5.9428141952801665
0.195,28,ifrms,-1.887069159719441,5.9428141952801665
0.195,28,sspls-v,1.2734611045626405,5.9428141952801665
0.195,29,mcgs,0.2297706965143635,5.726943286997404
0.195,29,pos,0.0,5.726943286997404
0.195,29,sbps,-1.4317612942628442,5.726943286997404
0.195,29,prculs-d,0.0,5.726943286997404
0.195,29,prcus-p,1.3259661115840067,5.726943286997404
0.195,29,prcus-i,-0.0,5.726943286997404
0.195,29,prcus-a,0.17667355022431583,5.726943286997404
0.195,29,ifrms,-1.9839287544711108,5.726943286997404
0.195,29,sspls-v,1.0648095729943792,5.726943286997404
0.195,30,mcgs,0.1162670207783535,5.861352036599122
0.195,30,pos,-0.0,5.861352036599122
0.195,30,sbps,-1.531558384948934,5.861352036599122
0.195,30,prculs-d,-0.09650339374795865,5.861352036599122
0.195,30,prcus-p,1.8373404105256974,5.861352036599122
0.195,30,prcus-i,-0.26063158849314777,5.861352036599122
0.195,30,prcus-a,0.021587505419570677,5.861352036599122
0.195,30,ifrms,-1.94624099374715,5.861352036599122
0.195,30,sspls-v,1.1670012964100576,5.861352036599122
0.195,31,mcgs,0.2634370850158614,5.659091255764154
0.195,31,pos,-0.0,5.659091255764154
0.195,31,sbps,-1.5525799714224062,5.659091255764154
0.195,31,prculs-d,-0.0,5.659091255764154
0.195,31,prcus-p,1.7949817215943575,5.659091255764154
0.195,31,prcus-i,-0.27372906405627123,5.659091255764154
0.195,31,prcus-a,0.0,5.659091255764154
0.195,31,ifrms,-1.7562454211283671,5.659091255764154
0.195,31,sspls-v,1.3005770870728797,5.659091255764154
0.195,32,mcgs,0.4659765203028794,5.823606695515203
0.195,32,pos,-0.2755686974772992,5.823606695515203
0.195,32,sbps,-1.480159945813821,5.823606695515203
0.195,32,prculs-d,-0.037143181684813856,5.823606695515203
0.195,32,prcus-p,1.819531164945735,5.823606695515203
0.195,32,prcus-i,-0.3586039862304786,5.823606695515203
0.195,32,prcus-a,0.0,5.823606695515203
0.195,32,ifrms,-1.6749553237427597,5.823606695515203
0.195,32,sspls-v,1.1194333323760988,5.823606695515203
0.195,33,mcgs,0.3311751688113641,5.9567727567286965
0.195,33,pos,-0.0,5.9567727567286965
0.195,33,sbps,-1.3717279112055567,5.9567727567286965
0.195,33,prculs-d,-0.28307754368437266,5.9567727567286965
0.195,33,prcus-p,1.8485336629074762,5.9567727567286965
0.195,33,prcus-i,-0.19607130929862307,5.9567727567286965
0.195,33,prcus-a,0.0,5.9567727567286965
0.195,33,ifrms,-1.88047069684354,5.9567727567286965
0.195,33,sspls-v,1.3505208822935921,5.9567727567286965
0.195,34,mcgs,0.2286927634119802,5.830972677878766
0.195,34,pos,-0.051231806767496356,5.830972677878766
0.195,34,sbps,-1.4368045885829068,5.830972677878766
0.195,34,prculs-d,-0.13573699055348348,5.830972677878766
0.195,34,prcus-p,1.9676332823177058,5.830972677878766
0.195,34,prcus-i,-0.2415171204075286,5.830972677878766
0.195,34,prcus-a,-0.0,5.830972677878766
0.195,34,ifrms,-1.8741256695402544,5.830972677878766
0.195,34,sspls-v,1.1043325826057473,5.830972677878766
0.208,0,mcgs,0.4418565318949914,5.848187319998757
0.208,0,pos,-0.0,5.848187319998757
0.208,0,sbps,-1.4816051151858662,5.848187319998757
0.208,0,prculs-d,-0.0,5.848187319998757
0.208,0,prcus-p,1.844793387476606,5.848187319998757
0.208,0,prcus-i,-0.1811866419732173,5.848187319998757
0.208,0,prcus-a,0.0,5.848187319998757
0.208,0,ifrms,-1.85823921958103,5.848187319998757
0.208,0,sspls-v,1.2697759326914182,5.848187319998757
0.208,1,mcgs,0.3268688018427894,5.887600403318925
0.208,1,pos,-0.0,5.887600403318925
0.208,1,sbps,-1.3469239102861963,5.887600403318925
0.208,1,prculs-d,-0.04438256936128354,5.887600403318925
0.208,1,prcus-p,1.846064177453313,5.887600403318925
0.208,1,prcus-i,-0.24412236473294063,5.887600403318925
0.208,1,prcus-a,0.0,5.887600403318925
0.208,1,ifrms,-1.7770660486522658,5.887600403318925
0.208,1,sspls-v,1.2421238994858188,5.887600403318925
0.208,2,mcgs,0.44428086781992404,5.788685368859911
0.208,2,pos,-0.0,5.788685368859911
0.208,2,sbps,-1.4914337060008798,5.788685368859911
0.208,2,prculs-d,-0.34319413753230416,5.788685368859911
0.208,2,prcus-p,1.5605440486391597,5.788685368859911
0.208,2,prcus-i,-0.0,5.788685368859911
0.208,2,prcus-a,-0.0,5.788685368859911
0.208,2,ifrms,-1.8574892435235617,5.788685368859911
0.208,2,sspls-v,1.1019961039029704,5.788685368859911
0.208,3,mcgs,0.32802621482215855,5.8652423224774015
0.208,3,pos,0.0,5.8652423224774015
0.208,3,sbps,-1.5252528818740592,5.8652423224774015
0.208,3,prculs-d,-0.2661083035275062,5.8652423224774015
0.208,3,prcus-p,1.3793863435349114,5.8652423224774015
0.208,3,prcus-i,-0.13399134697238183,5.8652423224774015
0.208,3,prcus-a,0.046358123430388386,5.8652423224774015
0.208,3,ifrms,-1.9905903526754054,5.8652423224774015
0.208,3,sspls-v,1.525132523059775,5.8652423224774015
0.208,4,mcgs,0.8688566427830064,5.811469063798711
0.208,4,pos,0.1903169161268381,5.811469063798711
0.208,4,sbps,-1.1245098333472532,5.811469063798711
0.208,4,prculs-d,-0.38141765271254235,5.811469063798711
0.208,4,prcus-p,1.4810370707290443,5.811469063798711
0.208,4,prcus-i,-0.40105356797852754,5.811469063798711
0.208,4,prcus-a,-0.0,5.811469063798711
0.208,4,ifrms,-2.500626554892998,5.811469063798711
0.208,4,sspls-v,1.2254505991871245,5.811469063798711
0.208,5,mcgs,0.120394413442949,5.537602712046305
0.208,5,pos,-0.0,5.537602712046305
0.208,5,sbps,-1.4522827183473357,5.537602712046305
0.208,5,prculs-d,-0.13818998349225325,5.537602712046305
0.208,5,prcus-p,1.8375874431155879,5.537602712046305
0.208,5,prcus-i,-0.7325423537675104,5.537602712046305
0.208,5,prcus-a,-0.0497574752526228,5.537602712046305
0.208,5,ifrms,-1.7658877628186977,5.537602712046305
0.208,5,sspls-v,1.3157415593042048,5.537602712046305
0.208,6,mcgs,0.4160010347074271,5.68803562571978
0.208,6,pos,-0.23203161070670514,5.68803562571978
0.208,6,sbps,-1.873263726812754,5.68803562571978
0.208,6,prculs-d,-0.0,5.68803562571978
0.208,6,prcus-p,2.1682089352315765,5.68803562571978
0.208,6,prcus-i,-0.054195509262926135,5.68803562571978
0.208,6,prcus-a,0.1250533458313544,5.68803562571978
0.208,6,ifrms,-1.8905188986838117,5.68803562571978
0.208,6,sspls-v,1.5678246588387097,5.68803562571978
0.208,7,mcgs,0.15022312675409738,5.829259498003178
0.208,7,pos,-0.009929179503189122,5.829259498003178
0.208,7,sbps,-1.2233691389802788,5.829259498003178
0.208,7,prculs-d,-0.27693730939966094,5.829259498003178
0.208,7,prcus-p,1.4882867400777362,5.829259498003178
0.208,7,prcus-i,-0.08485513167335734,5.829259498003178
0.208,7,prcus-a,0.0,5.829259498003178
0.208,7,ifrms,-1.4353203828602763,5.829259498003178
0.208,7,sspls-v,0.9551258354968364,5.829259498003178
0.208,8,mcgs,0.6251665668266237,5.9103544871424845
0.208,8,pos,-0.049765556753742154,5.9103544871424845
0.208,8,sbps,-1.2121411938293238,5.9103544871424845
0.208,8,prculs-d,-0.07846714851781315,5.9103544871424845
0.208,8,prcus-p,1.534877349934063,5.9103544871424845
0.208,8,prcus-i,-0.33058655083582594,5.9103544871424845
0.208,8,prcus-a,0.0,5.9103544871424845
0.208,8,ifrms,-1.7468111461249105,5.9103544871424845
0.208,8,sspls-v,1.0007478211940082,5.9103544871424845
0.208,9,mcgs,0.2984773198745496,5.772095224645684
0.208,9,pos,-0.0,5.772095224645684
0.208,9,sbps,-1.5211560822188126,5.772095224645684
0.208,9,prculs-d,-0.20300759781900438,5.772095224645684
0.208,9,prcus-p,1.8976317300185277,5.772095224645684
0.208,9,prcus-i,-0.0,5.772095224645684
0.208,9,prcus-a,0.0,5.772095224645684
0.208,9,ifrms,-1.8570356090129616,5.772095224645684
0.208,9,sspls-v,1.2688122007849263,5.772095224645684
0.208,10,mcgs,0.24176255586953482,5.701967153014694
0.208,10,pos,-0.0,5.701967153014694
0.208,10,sbps,-1.5593101867926111,5.701967153014694
0.208,10,prculs-d,-0.0,5.701967153014694
0.208,10,prcus-p,1.80891788954365,5.701967153014694
0.208,10,prcus-i,-0.3229863354835484,5.701967153014694
0.208,10,prcus-a,-0.0,5.701967153014694
0.208,10,ifrms,-1.772187120791332,5.701967153014694
0.208,10,sspls-v,1.4094903590849495,5.701967153014694
0.208,11,mcgs,0.3999667482297523,5.9437232507885
0.208,11,pos,-0.0,5.9437232507885
0.208,11,sbps,-1.4118148369283545,5.9437232507885
0.208,11,prculs-d,-0.1374778997235342,5.9437232507885
0.208,11,prcus-p,1.836855433567131,5.9437232507885
0.208,11,prcus-i,-0.1806865245972478,5.9437232507885
0.208,11,prcus-a,0.0,5.9437232507885
0.208,11,ifrms,-1.8815861131528004,5.9437232507885
0.208,11,sspls-v,1.2752016739410403,5.9437232507885
0.208,12,mcgs,0.20853329025369613,5.502248707601285
0.208,12,pos,-0.2938549026121034,5.502248707601285
0.208,12,sbps,-1.4334641847994054,5.502248707601285
0.208,12,prculs-d,-0.0,5.502248707601285
0.208,12,prcus-p,2.27341217929859,5.502248707601285
0.208,12,prcus-i,0.0,5.502248707601285
0.208,12,prcus-a,-0.0,5.502248707601285
0.208,12,ifrms,-1.858896415017494,5.502248707601285
0.208,12,sspls-v,1.0847730526221457,5.502248707601285
0.208,13,mcgs,0.8124055059609971,5.540799339420817
0.208,13,pos,0.0,5.540799339420817
0.208,13,sbps,-1.8606813022487734,5.540799339420817
0.208,13,prculs-d,-0.1239423337168932,5.540799339420817
0.208,13,prcus-p,1.9583714078286452,5.540799339420817
0.208,13,prcus-i,-0.17253181931712486,5.540799339420817
0.208,13,prcus-a,0.32111484047114,5.540799339420817
0.208,13,ifrms,-1.8548395299341844,5.540799339420817
0.208,13,sspls-v,1.1306887255495361,5.540799339420817
0.208,14,mcgs,0.13363208374180635,5.6879808692839635
0.208,14,pos,0.0,5.6879808692839635
0.208,14,sbps,-0.9763941041496127,5.6879808692839635
0.208,14,prculs-d,-0.0,5.6879808692839635
0.208,14,prcus-p,2.0426085212625966,5.6879808692839635
0.208,14,prcus-i,-0.07753079627721574,5.6879808692839635
0.208,14,prcus-a,0.37722066168093676,5.6879808692839635
0.208,14,ifrms,-1.6235841866311491,5.6879808692839635
0.208,14,sspls-v,1.0700121642476195,5.6879808692839635
0.208,15,mcgs,0.8641912136846008,5.409829715991795
0.208,15,pos,-0.0,5.409829715991795
0.208,15,sbps,-1.5610012282854182,5.409829715991795
0.208,15,prculs-d,0.03479103768305663,5.409829715991795
0.208,15,prcus-p,1.8226376332505214,5.409829715991795
0.208,15,prcus-i,-0.17293150981773706,5.409829715991795
0.208,15,prcus-a,0.0,5.409829715991795
0.208,15,ifrms,-1.3152842808089928,5.409829715991795
0.208,15,sspls-v,1.8433682845379467,5.409829715991795
0.208,16,mcgs,0.11832869132573665,5.648477183398762
0.208,16,pos,-0.06777936684135209,5.648477183398762
0.208,16,sbps,-1.4901172713817203,5.648477183398762
0.208,16,prculs-d,-0.15361145536061627,5.648477183398762
0.208,16,prcus-p,2.1063237160958375,5.648477183398762
0.208,16,prcus-i,-0.0,5.648477183398762
0.208,16,prcus-a,-0.0,5.648477183398762
0.208,16,ifrms,-2.00761246118252,5.648477183398762
0.208,16,sspls-v,0.8734804670301054,5.648477183398762
0.208,17,mcgs,0.2578791350405926,5.8089831459082095
0.208,17,pos,-0.10188261409454138,5.8089831459082095
0.208,17,sbps,-1.117838860651669,5.8089831459082095
0.208,17,prculs-d,-0.02838320580515634,5.8089831459082095
0.208,17,prcus-p,1.8638254474622178,5.8089831459082095
0.208,17,prcus-i,-0.0,5.8089831459082095
0.208,17,prcus-a,0.0,5.8089831459082095
0.208,17,ifrms,-1.5684619787935363,5.8089831459082095
0.208,17,sspls-v,1.3059566164478253,5.8089831459082095
0.208,18,mcgs,0.312281768422344,5.781634707383407
0.208,18,pos,-0.0,5.781634707383407
0.208,18,sbps,-1.350535125206258,5.781634707383407
0.208,18,prculs-d,-0.13178043129490088,5.781634707383407
0.208,18,prcus-p,1.958113861448387,5.781634707383407
0.208,18,prcus-i,-0.08948109038377887,5.781634707383407
0.208,18,prcus-a,0.0,5.781634707383407
0.208,18,ifrms,-1.7136203818048557,5.781634707383407
0.208,18,sspls-v,1.3743359196531528,5.781634707383407
0.208,19,mcgs,0.568711060730257,5.527966465240974
0.208,19,pos,-0.0,5.527966465240974
0.208,19,sbps,-1.584614762780015,5.527966465240974
0.208,19,prculs-d,-0.056103893541326645,5.527966465240974
0.208,19,prcus-p,2.1230069023276577,5.527966465240974
0.208,19,prcus-i,-0.2739537024114259,5.527966465240974
0.208,19,prcus-a,0.0,5.527966465240974
0.208,19,ifrms,-1.9994995919099992,5.527966465240974
0.208,19,sspls-v,1.0644228556936952,5.527966465240974
0.208,20,mcgs,0.10760629529905517,5.741369924583044
0.208,20,pos,-0.0,5.741369924583044
0.208,20,sbps,-0.9938277470394183,5.741369924583044
0.208,20,prculs-d,-0.0,5.741369924583044
0.208,20,prcus-p,1.6547536031688606,5.741369924583044
0.208,20,prcus-i,-0.04829189201295188,5.741369924583044
0.208,20,prcus-a,0.0,5.741369924583044
0.208,20,ifrms,-1.8819747111897025,5.741369924583044
0.208,20,sspls-v,1.294866098200935,5.741369924583044
0.208,21,mcgs,0.38217430149487813,5.909482336385993
0.208,21,pos,-0.0,5.909482336385993
0.208,21,sbps,-1.446490103753369,5.909482336385993
0.208,21,prculs-d,-0.09478027679284994,5.909482336385993
0.208,21,prcus-p,1.8612093637364566,5.909482336385993
0.208,21,prcus-i,-0.14281879643139403,5.909482336385993
0.208,21,prcus-a,0.0,5.909482336385993
0.208,21,ifrms,-1.7567306249648076,5.909482336385993
0.208,21,sspls-v,1.2565329485520536,5.909482336385993
0.208,22,mcgs,0.3832607344308813,5.951840750030401
0.208,22,pos,-0.0,5.951840750030401
0.208,22,sbps,-1.3844888945064915,5.951840750030401
0.208,22,prculs-d,-0.09496593611832631,5.951840750030401
0.208,22,prcus-p,1.8504986158439312,5.951840750030401
0.208,22,prcus-i,-0.18412701920582453,5.951840750030401
0.208,22,prcus-a,0.0,5.951840750030401
0.208,22,ifrms,-1.8483015560193563,5.951840750030401
0.208,22,sspls-v,1.2756066299258897,5.951840750030401
0.208,23,mcgs,0.3375146390775423,5.869017002384405
0.208,23,pos,-0.0,5.869017002384405
0.208,23,sbps,-1.388233312246078,5.869017002384405
0.208,23,prculs-d,-0.2479520808656334,5.869017002384405
0.208,23,prcus-p,1.8385423245164578,5.869017002384405
0.208,23,prcus-i,-0.4226192790264734,5.869017002384405
0.208,23,prcus-a,0.0,5.869017002384405
0.208,23,ifrms,-1.9256943180686454,5.869017002384405
0.208,23,sspls-v,1.3689595083643953,5.869017002384405
0.208,24,mcgs,0.29339012654655433,5.656870829788192
0.208,24,pos,-0.0,5.656870829788192
0.208,24,sbps,-1.8254580843993022,5.656870829788192
0.208,24,prculs-d,-0.4232668016077791,5.656870829788192
0.208,24,prcus-p,1.553906332920612,5.656870829788192
0.208,24,prcus-i,-0.14734413486535436,5.656870829788192
0.208,24,prcus-a,-0.0,5.656870829788192
0.208,24,ifrms,-2.0851486106358585,5.656870829788192
0.208,24,sspls-v,1.4087904525004786,5.656870829788192
0.208,25,mcgs,0.3843537771578396,5.955394533381328
0.208,25,pos,-0.014678974944958907,5.955394533381328
0.208,25,sbps,-1.4152805145541558,5.955394533381328
0.208,25,prculs-d,-0.16888548081982646,5.955394533381328
0.208,25,prcus-p,1.6930513279885513,5.955394533381328
0.208,25,prcus-i,-0.27324052037302893,5.955394533381328
0.208,25,prcus-a,0.0,5.955394533381328
0.208,25,ifrms,-1.930256498384889,5.955394533381328
0.208,25,sspls-v,1.3364564601074311,5.955394533381328
0.208,26,mcgs,0.45458838589156897,5.9024160364619584
0.208,26,pos,-0.0,5.9024160364619584
0.208,26,sbps,-1.48376695756249,5.9024160364619584
0.208,26,prculs-d,-0.07348420024488393,5.9024160364619584
0.208,26,prcus-p,1.842186992228054,5.9024160364619584
0.208,26,prcus-i,-0.1912159887505299,5.9024160364619584
0.208,26,prcus-a,0.0,5.9024160364619584
0.208,26,ifrms,-1.8486164071257605,5.9024160364619584
0.208,26,sspls-v,1.3032244540743534,5.9024160364619584
0.208,27,mcgs,0.38894846666361166,5.928456328211958
0.208,27,pos,-0.0,5.928456328211958
0.208,27,sbps,-1.4264013187054627,5.928456328211958
0.208,27,prculs-d,-0.07179186651877999,5.928456328211958
0.208,27,prcus-p,1.8471971215043623,5.928456328211958
0.208,27,prcus-i,-0.1706178845896604,5.928456328211958
0.208,27,prcus-a,0.0,5.928456328211958
0.208,27,ifrms,-1.8659167954658311,5.928456328211958
0.208,27,sspls-v,1.247459534075942,5.928456328211958
0.208,28,mcgs,0.3875958002737151,5.936133950127674
0.208,28,pos,-0.0,5.936133950127674
0.208,28,sbps,-1.4527945016925734,5.936133950127674
0.208,28,prculs-d,-0.0611381814487485,5.936133950127674
0.208,28,prcus-p,1.8215492993240407,5.936133950127674
0.208,28,prcus-i,-0.22766907434470876,5.936133950127674
0.208,28,prcus-a,0.0,5.936133950127674
0.208,28,ifrms,-1.861422219119744,5.936133950127674
0.208,28,sspls-v,1.2497956716812058,5.936133950127674
0.208,29,mcgs,0.20532947296198018,5.714577286946389
0.208,29,pos,0.0,5.714577286946389
0.208,29,sbps,-1.4054967015903623,5.714577286946389
0.208,29,prculs-d,0.0,5.714577286946389
0.208,29,prcus-p,1.3131578448199435,5.714577286946389
0.208,29,prcus-i,-0.0,5.714577286946389
0.208,29,prcus-a,0.15621194590012988,5.714577286946389
0.208,29,ifrms,-1.9573986021240017,5.714577286946389
0.208,29,sspls-v,1.0445730180486053,5.714577286946389
0.208,30,mcgs,0.09721089206932511,5.844414643977953
0.208,30,pos,-0.0,5.844414643977953
0.208,30,sbps,-1.505908955170069,5.844414643977953
0.208,30,prculs-d,-0.08345748921459735,5.844414643977953
0.208,30,prcus-p,1.8279456366342317,5.844414643977953
0.208,30,prcus-i,-0.25262164356564637,5.844414643977953
0.208,30,prcus-a,0.00735936977799357,5.844414643977953
0.208,30,ifrms,-1.9184789716732464,5.844414643977953
0.208,30,sspls-v,1.1456172723211977,5.844414643977953
0.208,31,mcgs,0.24484337629794625,5.646128901351786
0.208,31,pos,-0.0,5.646128901351786
0.208,31,sbps,-1.5248362028060694,5.646128901351786
0.208,31,prculs-d,-0.0,5.646128901351786
0.208,31,prcus-p,1.780355654306221,5.646128901351786
0.208,31,prcus-i,-0.25628048321996827,5.646128901351786
0.208,31,prcus-a,0.0,5.646128901351786
0.208,31,ifrms,-1.7341342161892916,5.646128901351786
0.208,31,sspls-v,1.2751647284016159,5.646128901351786
0.208,32,mcgs,0.4478416317568893,5.821900048770163
0.208,32,pos,-0.27727711231300595,5.821900048770163
0.208,32,sbps,-1.4532852144820823,5.821900048770163
0.208,32,prculs-d,-0.024384261726929878,5.821900048770163
0.208,32,prcus-p,1.8082869939372521,5.821900048770163
0.208,32,prcus-i,-0.34355065166506593,5.821900048770163
0.208,32,prcus-a,0.0,5.821900048770163
0.208,32,ifrms,-1.6485571519455202,5.821900048770163
0.208,32,sspls-v,1.094992608793339,5.821900048770163
0.208,33,mcgs,0.31333804665264836,5.94807686372055
0.208,33,pos,-0.0,5.94807686372055
0.208,33,sbps,-1.3461514307766516,5.94807686372055
0.208,33,prculs-d,-0.2720544180738454,5.94807686372055
0.208,33,prcus-p,1.8367762068509492,5.94807686372055
0.208,33,prcus-i,-0.18065904132473126,5.94807686372055
0.208,33,prcus-a,0.0,5.94807686372055
0.208,33,ifrms,-1.8553502494863858,5.94807686372055
0.208,33,sspls-v,1.3263039976974702,5.94807686372055
0.208,34,mcgs,0.21001969353334393,5.8178286484091295
0.208,34,pos,-0.052973365300723656,5.8178286484091295
0.208,34,sbps,-1.4096880520317754,5.8178286484091295
0.208,34,prculs-d,-0.12318559841103728,5.8178286484091295
0.208,34,prcus-p,1.9571010854038582,5.8178286484091295
0.208,34,prcus-i,-0.226295585786297,5.8178286484091295
0.208,34,prcus-a,-0.0,5.8178286484091295
0.208,34,ifrms,-1.8476339857718618,5.8178286484091295
0.208,34,sspls-v,1.0794016843296659,5.8178286484091295
0.223,0,mcgs,0.4211656699983487,5.832566158618363
0.223,0,pos,-0.0,5.832566158618363
0.223,0,sbps,-1.4493210286842197,5.832566158618363
0.223,0,prculs-d,-0.0,5.832566158618363
0.223,0,prcus-p,1.8280717755721467,5.832566158618363
0.223,0,prcus-i,-0.16142058099920814,5.832566158618363
0.223,0,prcus-a,0.0,5.832566158618363
0.223,0,ifrms,-1.8328764338511563,5.832566158618363
0.223,0,sspls-v,1.240590024487427,5.832566158618363
0.223,1,mcgs,0.30438388394986227,5.878033002138922
0.223,1,pos,-0.0,5.878033002138922
0.223,1,sbps,-1.3131340422574722,5.878033002138922
0.223,1,prculs-d,-0.028829828554658786,5.878033002138922
0.223,1,prcus-p,1.8321450773053085,5.878033002138922
0.223,1,prcus-i,-0.22828690133636,5.878033002138922
0.223,1,prcus-a,0.0,5.878033002138922
0.223,1,ifrms,-1.744584868034628,5.878033002138922
0.223,1,sspls-v,1.211954437277348,5.878033002138922
0.223,2,mcgs,0.42504774792105615,5.77549121353942
0.223,2,pos,-0.0,5.77549121353942
0.223,2,sbps,-1.4631968562435689,5.77549121353942
0.223,2,prculs-d,-0.3263823556816254,5.77549121353942
0.223,2,prcus-p,1.5465284412873253,5.77549121353942
0.223,2,prcus-i,-0.0,5.77549121353942
0.223,2,prcus-a,-0.0,5.77549121353942
0.223,2,ifrms,-1.828260423543329,5.77549121353942
0.223,2,sspls-v,1.0775151752541525,5.77549121353942
0.223,3,mcgs,0.30078114606445994,5.854528235637047
0.223,3,pos,0.0,5.854528235637047
0.223,3,sbps,-1.495508354919752,5.854528235637047
0.223,3,prculs-d,-0.24945534332071115,5.854528235637047
0.223,3,prcus-p,1.3726444747301594,5.854528235637047
0.223,3,prcus-i,-0.12648315578492836,5.854528235637047
0.223,3,prcus-a,0.02522705245777729,5.854528235637047
0.223,3,ifrms,-1.9540268986324671,5.854528235637047
0.223,3,sspls-v,1.5008046168495375,5.854528235637047
0.223,4,mcgs,0.8336484737553681,5.8036996375618735
0.223,4,pos,0.1356121322199603,5.8036996375618735
0.223,4,sbps,-1.0965176520008095,5.8036996375618735
0.223,4,prculs-d,-0.34142002796422294,5.8036996375618735
0.223,4,prcus-p,1.4869892527067543,5.8036996375618735
0.223,4,prcus-i,-0.3768265415867044,5.8036996375618735
0.223,4,prcus-a,-0.0,5.8036996375618735
0.223,4,ifrms,-2.4367833046767493,5.8036996375618735
0.223,4,sspls-v,1.1923956153176893,5.8036996375618735
0.223,5,mcgs,0.11186267406787026,5.523059893925607
0.223,5,pos,-0.0,5.523059893925607
0.223,5,sbps,-1.4195039092608621,5.523059893925607
0.223,5,prculs-d,-0.12640471250138258,5.523059893925607
0.223,5,prcus-p,1.8180394321471756,5.523059893925607
0.223,5,prcus-i,-0.6988499674643837,5.523059893925607
0.223,5,prcus-a,-0.016107196201898436,5.523059893925607
0.223,5,ifrms,-1.7468405964422362,5.523059893925607
0.223,5,sspls-v,1.2802329799673484,5.523059893925607
0.223,6,mcgs,0.3864380272158596,5.687174373661109
0.223,6,pos,-0.21652193244028692,5.687174373661109
0.223,6,sbps,-1.830216809163369,5.687174373661109
0.223,6,prculs-d,-0.0,5.687174373661109
0.223,6,prcus-p,2.1444053558935843,5.687174373661109
0.223,6,prcus-i,-0.05269192566708232,5.687174373661109
0.223,6,prcus-a,0.09548897182094039,5.687174373661109
0.223,6,ifrms,-1.8596914787115735,5.687174373661109
0.223,6,sspls-v,1.5357505440298316,5.687174373661109
0.223,7,mcgs,0.12381346723830233,5.808635111394061
0.223,7,pos,-0.013587792990602702,5.808635111394061
0.223,7,sbps,-1.1863121751742591,5.808635111394061
0.223,7,prculs-d,-0.26674848437025295,5.808635111394061
0.223,7,prcus-p,1.4688566879310572,5.808635111394061
0.223,7,prcus-i,-0.06388073619027212,5.808635111394061
0.223,7,prcus-a,0.0,5.808635111394061
0.223,7,ifrms,-1.3978438004217768,5.808635111394061
0.223,7,sspls-v,0.9193749853142096,5.808635111394061
0.223,8,mcgs,0.6099740553894761,5.902411560846842
0.223,8,pos,-0.05330109542828804,5.902411560846842
0.223,8,sbps,-1.1777923333931348,5.902411560846842
0.223,8,prculs-d,-0.06314824917376849,5.902411560846842
0.223,8,prcus-p,1.518438722124195,5.902411560846842
0.223,8,prcus-i,-0.31499842107079107,5.902411560846842
0.223,8,prcus-a,0.0,5.902411560846842
0.223,8,ifrms,-1.7147422754400479,5.902411560846842
0.223,8,sspls-v,0.9696535751063875,5.902411560846842
0.223,9,mcgs,0.27961125631248634,5.760551987077424
0.223,9,pos,-0.0,5.760551987077424
0.223,9,sbps,-1.4913348183961643,5.760551987077424
0.223,9,prculs-d,-0.18527968242487547,5.760551987077424
0.223,9,prcus-p,1.8822393695871893,5.760551987077424
0.223,9,prcus-i,-0.0,5.760551987077424
0.223,9,prcus-a,0.0,5.760551987077424
0.223,9,ifrms,-1.8274682861451752,5.760551987077424
0.223,9,sspls-v,1.2432987699087803,5.760551987077424
0.223,10,mcgs,0.22145388371513672,5.6862550287160065
0.223,10,pos,-0.0,5.6862550287160065
0.223,10,sbps,-1.5270813427790697,5.6862550287160065
0.223,10,prculs-d,-0.0,5.6862550287160065
0.223,10,prcus-p,1.792465280836623,5.6862550287160065
0.223,10,prcus-i,-0.3026958489266734,5.6862550287160065
0.223,10,prcus-a,-0.0,5.6862550287160065
0.223,10,ifrms,-1.7471879974993283,5.6862550287160065
0.223,10,sspls-v,1.3803753056072072,5.6862550287160065
0.223,11,mcgs,0.3785358677510939,5.936481179322235
0.223,11,pos,-0.0,5.936481179322235
0.223,11,sbps,-1.3824215038863583,5.936481179322235
0.223,11,prculs-d,-0.12264832400792984,5.936481179322235
0.223,11,prcus-p,1.8236603774695526,5.936481179322235
0.223,11,prcus-i,-0.16354997256073917,5.936481179322235
0.223,11,prcus-a,0.0,5.936481179322235
0.223,11,ifrms,-1.8519709067792915,5.936481179322235
0.223,11,sspls-v,1.2467827963768823,5.936481179322235
0.223,12,mcgs,0.19036637565985304,5.484485646119091
0.223,12,pos,-0.2854918082173437,5.484485646119091
0.223,12,sbps,-1.403317351219299,5.484485646119091
0.223,12,prculs-d,-0.0,5.484485646119091
0.223,12,prcus-p,2.252458473810767,5.484485646119091
0.223,12,prcus-i,0.0,5.484485646119091
0.223,12,prcus-a,-0.0,5.484485646119091
0.223,12,ifrms,-1.8378721187592146,5.484485646119091
0.223,12,sspls-v,1.060255470783052,5.484485646119091
0.223,13,mcgs,0.7832158851122166,5.520793534181649
0.223,13,pos,0.0,5.520793534181649
0.223,13,sbps,-1.8294033215539731,5.520793534181649
0.223,13,prculs-d,-0.10825416271511396,5.520793534181649
0.223,13,prcus-p,1.947940817481513,5.520793534181649
0.223,13,prcus-i,-0.16467622385602002,5.520793534181649
0.223,13,prcus-a,0.2988151929476458,5.520793534181649
0.223,13,ifrms,-1.8195745951201183,5.520793534181649
0.223,13,sspls-v,1.1075374500683737,5.520793534181649
0.223,14,mcgs,0.10685985010956267,5.662044854285092
0.223,14,pos,0.0,5.662044854285092
0.223,14,sbps,-0.944809648067802,5.662044854285092
0.223,14,prculs-d,-0.0,5.662044854285092
0.223,14,prcus-p,2.0298151174401067,5.662044854285092
0.223,14,prcus-i,-0.06414695242860982,5.662044854285092
0.223,14,prcus-a,0.3636145958193522,5.662044854285092
0.223,14,ifrms,-1.593312702773294,5.662044854285092
0.223,14,sspls-v,1.0432934535961174,5.662044854285092
0.223,15,mcgs,0.8408603658191853,5.396618188947731
0.223,15,pos,-0.0,5.396618188947731
0.223,15,sbps,-1.526264342254779,5.396618188947731
0.223,15,prculs-d,0.008232366562205757,5.396618188947731
0.223,15,prcus-p,1.7998740136543088,5.396618188947731
0.223,15,prcus-i,-0.14858862826046068,5.396618188947731
0.223,15,prcus-a,0.0,5.396618188947731
0.223,15,ifrms,-1.3021947196122372,5.396618188947731
0.223,15,sspls-v,1.8112608639729821,5.396618188947731
0.223,16,mcgs,0.09996003520182664,5.631972951412042
0.223,16,pos,-0.06683535592857039,5.631972951412042
0.223,16,sbps,-1.461026858142699,5.631972951412042
0.223,16,prculs-d,-0.1365481817659152,5.631972951412042
0.223,16,prcus-p,2.0916098599271953,5.631972951412042
0.223,16,prcus-i,-0.0,5.631972951412042
0.223,16,prcus-a,-0.0,5.631972951412042
0.223,16,ifrms,-1.9796087621390275,5.631972951412042
0.223,16,sspls-v,0.8505166752113816,5.631972951412042
0.223,17,mcgs,0.23775077997386315,5.789486489294438
0.223,17,pos,-0.10271238824230103,5.789486489294438
0.223,17,sbps,-1.087383401379547,5.789486489294438
0.223,17,prculs-d,-0.010124257852077028,5.789486489294438
0.223,17,prcus-p,1.8487253369709198,5.789486489294438
0.223,17,prcus-i,-0.0,5.789486489294438
0.223,17,prcus-a,0.0,5.789486489294438
0.223,17,ifrms,-1.5368263476897965,5.789486489294438
0.223,17,sspls-v,1.2819493782070315,5.789486489294438
0.223,18,mcgs,0.2913470267705296,5.769295674391383
0.223,18,pos,-0.0,5.769295674391383
0.223,18,sbps,-1.3216427171233884,5.769295674391383
0.223,18,prculs-d,-0.11782878428912628,5.769295674391383
0.223,18,prcus-p,1.946825059066322,5.769295674391383
0.223,18,prcus-i,-0.0721346604338427,5.769295674391383
0.223,18,prcus-a,0.0,5.769295674391383
0.223,18,ifrms,-1.6848381930385805,5.769295674391383
0.223,18,sspls-v,1.3470676600671776,5.769295674391383
0.223,19,mcgs,0.5473454594543898,5.521093137478027
0.223,19,pos,-0.0,5.521093137478027
0.223,19,sbps,-1.55326532755369,5.521093137478027
0.223,19,prculs-d,-0.042163769393055314,5.521093137478027
0.223,19,prcus-p,2.108995298445778,5.521093137478027
0.223,19,prcus-i,-0.25606383275713235,5.521093137478027
0.223,19,prcus-a,0.0,5.521093137478027
0.223,19,ifrms,-1.969422657700593,5.521093137478027
0.223,19,sspls-v,1.0370028139140757,5.521093137478027
0.223,20,mcgs,0.08354568288341593,5.7205157300969685
0.223,20,pos,-0.0,5.7205157300969685
0.223,20,sbps,-0.9582404132901182,5.7205157300969685
0.223,20,prculs-d,-0.0,5.7205157300969685
0.223,20,prcus-p,1.6351023360824464,5.7205157300969685
0.223,20,prcus-i,-0.025825424729222966,5.7205157300969685
0.223,20,prcus-a,0.0,5.7205157300969685
0.223,20,ifrms,-1.858654391634688,5.7205157300969685
0.223,20,sspls-v,1.2669657027021075,5.7205157300969685
0.223,21,mcgs,0.3628065292949693,5.894984520991697
0.223,21,pos,-0.0,5.894984520991697
0.223,21,sbps,-1.4140732009917543,5.894984520991697
0.223,21,prculs-d,-0.08162901810998933,5.894984520991697
0.223,21,prcus-p,1.8480707618764984,5.894984520991697
0.223,21,prcus-i,-0.12265366626297365,5.894984520991697
0.223,21,prcus-a,0.0,5.894984520991697
0.223,21,ifrms,-1.7257463152351997,5.894984520991697
0.223,21,sspls-v,1.2265040637828313,5.894984520991697
0.223,22,mcgs,0.362374588448838,5.941287994554049
0.223,22,pos,-0.0,5.941287994554049
0.223,22,sbps,-1.356264881612866,5.941287994554049
0.223,22,prculs-d,-0.08086180361950118,5.941287994554049
0.223,22,prcus-p,1.8371758446197088,5.941287994554049
0.223,22,prcus-i,-0.16757329637184395,5.941287994554049
0.223,22,prcus-a,0.0,5.941287994554049
0.223,22,ifrms,-1.8196639556128396,5.941287994554049
0.223,22,sspls-v,1.2480530556163774,5.941287994554049
0.223,23,mcgs,0.3168130553453417,5.865051088753358
0.223,23,pos,-0.0,5.865051088753358
0.223,23,sbps,-1.3579390478979894,5.865051088753358
0.223,23,prculs-d,-0.23325165483305196,5.865051088753358
0.223,23,prcus-p,1.8250526359964854,5.865051088753358
0.223,23,prcus-i,-0.40429699263940205,5.865051088753358
0.223,23,prcus-a,0.0,5.865051088753358
0.223,23,ifrms,-1.8956543874640857,5.865051088753358
0.223,23,sspls-v,1.3398259742890508,5.865051088753358
0.223,24,mcgs,0.27301796148405894,5.647873287119534
0.223,24,pos,-0.0,5.647873287119534
0.223,24,sbps,-1.7942785461536386,5.647873287119534
0.223,24,prculs-d,-0.4072338952143115,5.647873287119534
0.223,24,prcus-p,1.5430571352640536,5.647873287119534
0.223,24,prcus-i,-0.13000942266064472,5.647873287119534
0.223,24,prcus-a,-0.0,5.647873287119534
0.223,24,ifrms,-2.0541550518426277,5.647873287119534
0.223,24,sspls-v,1.3795643894956415,5.647873287119534
0.223,25,mcgs,0.36304514750870936,5.952333243906719
0.223,25,pos,-0.013934752941707021,5.952333243906719
0.223,25,sbps,-1.3869435024008525,5.952333243906719
0.223,25,prculs-d,-0.15222400599633845,5.952333243906719
0.223,25,prcus-p,1.6844187002332949,5.952333243906719
0.223,25,prcus-i,-0.25377616666395486,5.952333243906719
0.223,25,prcus-a,0.0,5.952333243906719
0.223,25,ifrms,-1.8986673363881759,5.952333243906719
0.223,25,sspls-v,1.3069663704306782,5.952333243906719
0.223,26,mcgs,0.4315637970965207,5.89421046300392
0.223,26,pos,-0.0,5.89421046300392
0.223,26,sbps,-1.4526027036377598,5.89421046300392
0.223,26,prculs-d,-0.06162468776434313,5.89421046300392
0.223,26,prcus-p,1.8285458993550379,5.89421046300392
0.223,26,prcus-i,-0.17386465612609164,5.89421046300392
0.223,26,prcus-a,0.0,5.89421046300392
0.223,26,ifrms,-1.8187820633236362,5.89421046300392
0.223,26,sspls-v,1.2740230821311036,5.89421046300392
0.223,27,mcgs,0.3702143242858646,5.916471421437555
0.223,27,pos,-0.0,5.916471421437555
0.223,27,sbps,-1.3937343219298473,5.916471421437555
0.223,27,prculs-d,-0.05729478224053552,5.916471421437555
0.223,27,prcus-p,1.8330976682192957,5.916471421437555
0.223,27,prcus-i,-0.15132530982015396,5.916471421437555
0.223,27,prcus-a,0.0,5.916471421437555
0.223,27,ifrms,-1.837086701199312,5.916471421437555
0.223,27,sspls-v,1.217135605809079,5.916471421437555
0.223,28,mcgs,0.3668164643269795,5.927713106799152
0.223,28,pos,-0.0,5.927713106799152
0.223,28,sbps,-1.422623344290169,5.927713106799152
0.223,28,prculs-d,-0.04753335417100781,5.927713106799152
0.223,28,prcus-p,1.8082696801176978,5.927713106799152
0.223,28,prcus-i,-0.20998265697454555,5.927713106799152
0.223,28,prcus-a,0.0,5.927713106799152
0.223,28,ifrms,-1.8318349542824546,5.927713106799152
0.223,28,sspls-v,1.2224776268331825,5.927713106799152
0.223,29,mcgs,0.177126488087245,5.702119421332667
0.223,29,pos,0.0,5.702119421332667
0.223,29,sbps,-1.3751923815488667,5.702119421332667
0.223,29,prculs-d,0.0,5.702119421332667
0.223,29,prcus-p,1.2983804320130619,5.702119421332667
0.223,29,prcus-i,-0.0,5.702119421332667
0.223,29,prcus-a,0.1326011852457874,5.702119421332667
0.223,29,ifrms,-1.9267863663821296,5.702119421332667
0.223,29,sspls-v,1.02122353337947,5.702119421332667
0.223,30,mcgs,0.07682546606315381,5.826998133313495
0.223,30,pos,-0.0,5.826998133313495
0.223,30,sbps,-1.4759059618024986,5.826998133313495
0.223,30,prculs-d,-0.06919296663873807,5.826998133313495
0.223,30,prcus-p,1.8153395872362417,5.826998133313495
0.223,30,prcus-i,-0.23912695841673184,5.826998133313495
0.223,30,prcus-a,0.0,5.826998133313495
0.223,30,ifrms,-1.8895669104135389,5.826998133313495
0.223,30,sspls-v,1.1185884215314017,5.826998133313495
0.223,31,mcgs,0.2233874351985435,5.6314999202442
0.223,31,pos,-0.0,5.6314999202442
0.223,31,sbps,-1.4928237224245382,5.6314999202442
0.223,31,prculs-d,-0.0,5.6314999202442
0.223,31,prcus-p,1.7634802702360612,5.6314999202442
0.223,31,prcus-i,-0.23614682094707082,5.6314999202442
0.223,31,prcus-a,0.0,5.6314999202442
0.223,31,ifrms,-1.7086207257465178,5.6314999202442
0.223,31,sspls-v,1.2458424591318067,5.6314999202442
0.223,32,mcgs,0.42695443282591866,5.819268735072732
0.223,32,pos,-0.27911353795459976,5.819268735072732
0.223,32,sbps,-1.4222810360154774,5.819268735072732
0.223,32,prculs-d,-0.009770508580994007,5.819268735072732
0.223,32,prcus-p,1.7952596229737996,5.819268735072732
0.223,32,prcus-i,-0.3261828052383084,5.819268735072732
0.223,32,prcus-a,0.0,5.819268735072732
0.223,32,ifrms,-1.6181951793085692,5.819268735072732
0.223,32,sspls-v,1.0668110139173788,5.819268735072732
0.223,33,mcgs,0.2927567518541296,5.9406769681733955
0.223,33,pos,-0.0,5.9406769681733955
0.223,33,sbps,-1.3166401072048382,5.9406769681733955
0.223,33,prculs-d,-0.259335426984776,5.9406769681733955
0.223,33,prcus-p,1.8232099114011122,5.9406769681733955
0.223,33,prcus-i,-0.16287565520100927,5.9406769681733955
0.223,33,prcus-a,0.0,5.9406769681733955
0.223,33,ifrms,-1.8263651179204403,5.9406769681733955
0.223,33,sspls-v,1.2983614385480993,5.9406769681733955
0.223,34,mcgs,0.18847378559798575,5.80445270570177
0.223,34,pos,-0.05498300504882771,5.80445270570177
0.223,34,sbps,-1.3783997374886814,5.80445270570177
0.223,34,prculs-d,-0.10870310476558162,5.80445270570177
0.223,34,prcus-p,1.9449486187424285,5.80445270570177
0.223,34,prcus-i,-0.2087322672266518,5.80445270570177
0.223,34,prcus-a,-0.0,5.80445270570177
0.223,34,ifrms,-1.8170665543550812,5.80445270570177
0.223,34,sspls-v,1.0506352426250567,5.80445270570177
0.238,0,mcgs,0.40044493426326916,5.819673941985104
0.238,0,pos,-0.0,5.819673941985104
0.238,0,sbps,-1.4170336547787175,5.819673941985104
0.238,0,prculs-d,-0.0,5.819673941985104
0.238,0,prcus-p,1.8113659639083166,5.819673941985104
0.238,0,prcus-i,-0.14164450527775088,5.819673941985104
0.238,0,prcus-a,0.0,5.819673941985104
0.238,0,ifrms,-1.8075045447106064,5.819673941985104
0.238,0,sspls-v,1.2114002830214456,5.819673941985104
0.238,1,mcgs,0.28189758598692666,5.866217786338739
0.238,1,pos,-0.0,5.866217786338739
0.238,1,sbps,-1.279342069846032,5.866217786338739
0.238,1,prculs-d,-0.013278898774080408,5.866217786338739
0.238,1,prcus-p,1.8182257659712893,5.866217786338739
0.238,1,prcus-i,-0.21245043256844878,5.866217786338739
0.238,1,prcus-a,0.0,5.866217786338739
0.238,1,ifrms,-1.712103438636117,5.866217786338739
0.238,1,sspls-v,1.1817841405125082,5.866217786338739
0.238,2,mcgs,0.40581462802218904,5.764729046983753
0.238,2,pos,-0.0,5.764729046983753
0.238,2,sbps,-1.4349600064862582,5.764729046983753
0.238,2,prculs-d,-0.3095705738309473,5.764729046983753
0.238,2,prcus-p,1.5325128339354905,5.764729046983753
0.238,2,prcus-i,-0.0,5.764729046983753
0.238,2,prcus-a,-0.0,5.764729046983753
0.238,2,ifrms,-1.7990316035630987,5.764729046983753
0.238,2,sspls-v,1.0530342466053337,5.764729046983753
0.238,3,mcgs,0.27356409245021973,5.842101842609365
0.238,3,pos,0.0,5.842101842609365
0.238,3,sbps,-1.4657417715176249,5.842101842609365
0.238,3,prculs-d,-0.2328458740450462,5.842101842609365
0.238,3,prcus-p,1.365876508524039,5.842101842609365
0.238,3,prcus-i,-0.11891255545461453,5.842101842609365
0.238,3,prcus-a,0.004149181026857985,5.842101842609365
0.238,3,ifrms,-1.9174911538546047,5.842101842609365
0.238,3,sspls-v,1.4764589667104928,5.842101842609365
0.238,4,mcgs,0.7983965567950537,5.795873826068827
0.238,4,pos,0.08081658981437279,5.795873826068827
0.238,4,sbps,-1.0685356945497408,5.795873826068827
0.238,4,prculs-d,-0.30134939946296807,5.795873826068827
0.238,4,prcus-p,1.4929894969903874,5.795873826068827
0.238,4,prcus-i,-0.3525887268703668,5.795873826068827
0.238,4,prcus-a,-0.0,5.795873826068827
0.238,4,ifrms,-2.3728677954594977,5.795873826068827
0.238,4,sspls-v,1.159333657031264,5.795873826068827
0.238,5,mcgs,0.0973455359513301,5.5083858687514535
0.238,5,pos,-0.0,5.5083858687514535
0.238,5,sbps,-1.3876262249567664,5.5083858687514535
0.238,5,prculs-d,-0.11346405502005934,5.5083858687514535
0.238,5,prcus-p,1.8015478257828823,5.5083858687514535
0.238,5,prcus-i,-0.6740806218720525,5.5083858687514535
0.238,5,prcus-a,-0.0,5.5083858687514535
0.238,5,ifrms,-1.7223720493732708,5.5083858687514535
0.238,5,sspls-v,1.2483522792664483,5.5083858687514535
0.238,6,mcgs,0.3568761666939582,5.686452737124425
0.238,6,pos,-0.20101902741202476,5.686452737124425
0.238,6,sbps,-1.7871725301076997,5.686452737124425
0.238,6,prculs-d,-0.0,5.686452737124425
0.238,6,prcus-p,2.1206051728513726,5.686452737124425
0.238,6,prcus-i,-0.05118041743411675,5.686452737124425
0.238,6,prcus-a,0.06592977782656044,5.686452737124425
0.238,6,ifrms,-1.8288634058046875,5.686452737124425
0.238,6,sspls-v,1.5036759425221056,5.686452737124425
0.238,7,mcgs,0.09740380772250669,5.789387203813006
0.238,7,pos,-0.017246406478016934,5.789387203813006
0.238,7,sbps,-1.1492552113682397,5.789387203813006
0.238,7,prculs-d,-0.2565596593408455,5.789387203813006
0.238,7,prcus-p,1.4494266357843775,5.789387203813006
0.238,7,prcus-i,-0.04290634070718672,5.789387203813006
0.238,7,prcus-a,0.0,5.789387203813006
0.238,7,ifrms,-1.360367217983277,5.789387203813006
0.238,7,sspls-v,0.8836241351315829,5.789387203813006
0.238,8,mcgs,0.594782053973608,5.89768166153643
0.238,8,pos,-0.05683412799626373,5.89768166153643
0.238,8,sbps,-1.143443745109741,5.89768166153643
0.238,8,prculs-d,-0.04783136950611145,5.89768166153643
0.238,8,prcus-p,1.501999277821116,5.89768166153643
0.238,8,prcus-i,-0.29941034114157405,5.89768166153643
0.238,8,prcus-a,0.0,5.89768166153643
0.238,8,ifrms,-1.6826751668845181,5.89768166153643
0.238,8,sspls-v,0.9385597052395989,5.89768166153643
0.238,9,mcgs,0.2607452608377442,5.751093910246922
0.238,9,pos,-0.0,5.751093910246922
0.238,9,sbps,-1.4615140627165335,5.751093910246922
0.238,9,prculs-d,-0.16755118180811032,5.751093910246922
0.238,9,prcus-p,1.866847315856577,5.751093910246922
0.238,9,prcus-i,-0.0,5.751093910246922
0.238,9,prcus-a,0.0,5.751093910246922
0.238,9,ifrms,-1.7979008742902076,5.751093910246922
0.238,9,sspls-v,1.2177854799040306,5.751093910246922
0.238,10,mcgs,0.20114521156073953,5.678076048460866
0.238,10,pos,-0.0,5.678076048460866
0.238,10,sbps,-1.4948524987655287,5.678076048460866
0.238,10,prculs-d,-0.0,5.678076048460866
0.238,10,prcus-p,1.7760126721295948,5.678076048460866
0.238,10,prcus-i,-0.2824053623697988,5.678076048460866
0.238,10,prcus-a,-0.0,5.678076048460866
0.238,10,ifrms,-1.7221888742073244,5.678076048460866
0.238,10,sspls-v,1.3512602521294652,5.678076048460866
0.238,11,mcgs,0.3571047792972469,5.9309944898736395
0.238,11,pos,-0.0,5.9309944898736395
0.238,11,sbps,-1.3530269534096069,5.9309944898736395
0.238,11,prculs-d,-0.10782014865240214,5.9309944898736395
0.238,11,prcus-p,1.8104649550418557,5.9309944898736395
0.238,11,prcus-i,-0.14641283857375492,5.9309944898736395
0.238,11,prcus-a,0.0,5.9309944898736395
0.238,11,ifrms,-1.822355957008396,5.9309944898736395
0.238,11,sspls-v,1.218363498099731,5.9309944898736395
0.238,12,mcgs,0.1721850815610331,5.467272980259774
0.238,12,pos,-0.27714487209579003,5.467272980259774
0.238,12,sbps,-1.3731685174889787,5.467272980259774
0.238,12,prculs-d,-0.0,5.467272980259774
0.238,12,prcus-p,2.2315099203257542,5.467272980259774
0.238,12,prcus-i,0.0,5.467272980259774
0.238,12,prcus-a,-0.0,5.467272980259774
0.238,12,ifrms,-1.8168387668557442,5.467272980259774
0.238,12,sspls-v,1.0357353571508974,5.467272980259774
0.238,13,mcgs,0.754026264263436,5.505241246794377
0.238,13,pos,0.0,5.505241246794377
0.238,13,sbps,-1.7981253408591735,5.505241246794377
0.238,13,prculs-d,-0.09256599171333421,5.505241246794377
0.238,13,prcus-p,1.9375102271343807,5.505241246794377
0.238,13,prcus-i,-0.15682062839491392,5.505241246794377
0.238,13,prcus-a,0.2765155454241529,5.505241246794377
0.238,13,ifrms,-1.7843096603060513,5.505241246794377
0.238,13,sspls-v,1.0843861745872119,5.505241246794377
0.238,14,mcgs,0.08012587605413041,5.635482588654977
0.238,14,pos,0.0,5.635482588654977
0.238,14,sbps,-0.9131892906537057,5.635482588654977
0.238,14,prculs-d,-0.0,5.635482588654977
0.238,14,prcus-p,2.01701575386749,5.635482588654977
0.238,14,prcus-i,-0.05066935929988807,5.635482588654977
0.238,14,prcus-a,0.35008243074305906,5.635482588654977
0.238,14,ifrms,-1.5630555688605643,5.635482588654977
0.238,14,sspls-v,1.016541284745915,5.635482588654977
0.238,15,mcgs,0.8191727724363931,5.382894763636368
0.238,15,pos,-0.0,5.382894763636368
0.238,15,sbps,-1.493325019419824,5.382894763636368
0.238,15,prculs-d,0.0,5.382894763636368
0.238,15,prcus-p,1.781271041582813,5.382894763636368
0.238,15,prcus-i,-0.127391374709489,5.382894763636368
0.238,15,prcus-a,0.0,5.382894763636368
0.238,15,ifrms,-1.282534243328704,5.382894763636368
0.238,15,sspls-v,1.781347078638315,5.382894763636368
0.238,16,mcgs,0.08159182912627498,5.616988444541372
0.238,16,pos,-0.06589013725956995,5.616988444541372
0.238,16,sbps,-1.4319364506310825,5.616988444541372
0.238,16,prculs-d,-0.11948590373843651,5.616988444541372
0.238,16,prcus-p,2.0768954927973318,5.616988444541372
0.238,16,prcus-i,-0.0,5.616988444541372
0.238,16,prcus-a,-0.0,5.616988444541372
0.238,16,ifrms,-1.9516058391927211,5.616988444541372
0.238,16,sspls-v,0.8275530431593046,5.616988444541372
0.238,17,mcgs,0.21820975179964652,5.7690372270948345
0.238,17,pos,-0.09978546900749555,5.7690372270948345
0.238,17,sbps,-1.0568020580488697,5.7690372270948345
0.238,17,prculs-d,-0.0,5.7690372270948345
0.238,17,prcus-p,1.8309650298907159,5.7690372270948345
0.238,17,prcus-i,-0.0,5.7690372270948345
0.238,17,prcus-a,0.0,5.7690372270948345
0.238,17,ifrms,-1.5093580854055442,5.7690372270948345
0.238,17,sspls-v,1.258140659496655,5.7690372270948345
0.238,18,mcgs,0.2704123380095005,5.756640851393432
0.238,18,pos,-0.0,5.756640851393432
0.238,18,sbps,-1.2927500681273798,5.756640851393432
0.238,18,prculs-d,-0.1038774830191057,5.756640851393432
0.238,18,prcus-p,1.9355360775987356,5.756640851393432
0.238,18,prcus-i,-0.05478816259125631,5.756640851393432
0.238,18,prcus-a,0.0,5.756640851393432
0.238,18,ifrms,-1.6560560910702857,5.756640851393432
0.238,18,sspls-v,1.3197993328304107,5.756640851393432
0.238,19,mcgs,0.5259798581785229,5.515633913449753
0.238,19,pos,-0.0,5.515633913449753
0.238,19,sbps,-1.521915892327364,5.515633913449753
0.238,19,prculs-d,-0.02822364524478381,5.515633913449753
0.238,19,prcus-p,2.094983694563897,5.515633913449753
0.238,19,prcus-i,-0.2381739631028396,5.515633913449753
0.238,19,prcus-a,0.0,5.515633913449753
0.238,19,ifrms,-1.9393457234911855,5.515633913449753
0.238,19,sspls-v,1.0095827721344548,5.515633913449753
0.238,20,mcgs,0.05951456589381748,5.701198423444219
0.238,20,pos,-0.0,5.701198423444219
0.238,20,sbps,-0.9226469807244755,5.701198423444219
0.238,20,prculs-d,-0.0,5.701198423444219
0.238,20,prcus-p,1.6154338237283792,5.701198423444219
0.238,20,prcus-i,-0.0033656424467108743,5.701198423444219
0.238,20,prcus-a,0.0,5.701198423444219
0.238,20,ifrms,-1.8353411871500493,5.701198423444219
0.238,20,sspls-v,1.2390656130361526,5.701198423444219
0.238,21,mcgs,0.3434389316051511,5.882842349640153
0.238,21,pos,-0.0,5.882842349640153
0.238,21,sbps,-1.3816553019433597,5.882842349640153
0.238,21,prculs-d,-0.06847902024322598,5.882842349640153
0.238,21,prcus-p,1.8349314600804159,5.882842349640153
0.238,21,prcus-i,-0.10248833342878473,5.882842349640153
0.238,21,prcus-a,0.0,5.882842349640153
0.238,21,ifrms,-1.694762243670222,5.882842349640153
0.238,21,sspls-v,1.1964748821674707,5.882842349640153
0.238,22,mcgs,0.34148844246679555,5.932536733083128
0.238,22,pos,-0.0,5.932536733083128
0.238,22,sbps,-1.328040868719241,5.932536733083128
0.238,22,prculs-d,-0.06675767112067633,5.932536733083128
0.238,22,prcus-p,1.8238530733954865,5.932536733083128
0.238,22,prcus-i,-0.15101957353786302,5.932536733083128
0.238,22,prcus-a,0.0,5.932536733083128
0.238,22,ifrms,-1.7910263552063237,5.932536733083128
0.238,22,sspls-v,1.2204994813068655,5.932536733083128
0.238,23,mcgs,0.29611147161314116,5.861481004517839
0.238,23,pos,-0.0,5.861481004517839
0.238,23,sbps,-1.3276447835499012,5.861481004517839
0.238,23,prculs-d,-0.21855122880046973,5.861481004517839
0.238,23,prcus-p,1.8115629474765123,5.861481004517839
0.238,23,prcus-i,-0.38597470625233155,5.861481004517839
0.238,23,prcus-a,0.0,5.861481004517839
0.238,23,ifrms,-1.8656144568595237,5.861481004517839
0.238,23,sspls-v,1.3106924402137077,5.861481004517839
0.238,24,mcgs,0.25264576878434963,5.6401394686755335
0.238,24,pos,-0.0,5.6401394686755335
0.238,24,sbps,-1.7630989984050696,5.6401394686755335
0.238,24,prculs-d,-0.3912011326501459,5.6401394686755335
0.238,24,prcus-p,1.532207903965906,5.6401394686755335
0.238,24,prcus-i,-0.11267468156709046,5.6401394686755335
0.238,24,prcus-a,-0.0,5.6401394686755335
0.238,24,ifrms,-2.0231615335361424,5.6401394686755335
0.238,24,sspls-v,1.3503383190569136,5.6401394686755335
0.238,25,mcgs,0.3417365178595794,5.950072923659367
0.238,25,pos,-0.01319053093845584,5.950072923659367
0.238,25,sbps,-1.3586064902475488,5.950072923659367
0.238,25,prculs-d,-0.1355625311728483,5.950072923659367
0.238,25,prcus-p,1.675786072478042,5.950072923659367
0.238,25,prcus-i,-0.23431181295488113,5.950072923659367
0.238,25,prcus-a,0.0,5.950072923659367
0.238,25,ifrms,-1.8670781743914602,5.950072923659367
0.238,25,sspls-v,1.2774762807539244,5.950072923659367
0.238,26,mcgs,0.4085387530925379,5.8869028882856105
0.238,26,pos,-0.0,5.8869028882856105
0.238,26,sbps,-1.4214381540915966,5.8869028882856105
0.238,26,prculs-d,-0.04976501413735715,5.8869028882856105
0.238,26,prcus-p,1.8149049883708115,5.8869028882856105
0.238,26,prcus-i,-0.15651319048840082,5.8869028882856105
0.238,26,prcus-a,0.0,5.8869028882856105
0.238,26,ifrms,-1.7889474579720341,5.8869028882856105
0.238,26,sspls-v,1.2448215771509348,5.8869028882856105
0.238,27,mcgs,0.351480181908117,5.904456643356199
0.238,27,pos,-0.0,5.904456643356199
0.238,27,sbps,-1.3610673251542325,5.904456643356199
0.238,27,prculs-d,-0.042797697962290035,5.904456643356199
0.238,27,prcus-p,1.8189982149342299,5.904456643356199
0.238,27,prcus-i,-0.13203273505064786,5.904456643356199
0.238,27,prcus-a,0.0,5.904456643356199
0.238,27,ifrms,-1.8082566069327926,5.904456643356199
0.238,27,sspls-v,1.186811677542216,5.904456643356199
0.238,28,mcgs,0.3460371283802445,5.9195329828218135
0.238,28,pos,-0.0,5.9195329828218135
0.238,28,sbps,-1.3924521868877668,5.9195329828218135
0.238,28,prculs-d,-0.033928526893266205,5.9195329828218135
0.238,28,prcus-p,1.7949900609113552,5.9195329828218135
0.238,28,prcus-i,-0.19229623960438277,5.9195329828218135
0.238,28,prcus-a,0.0,5.9195329828218135
0.238,28,ifrms,-1.8022476894451671,5.9195329828218135
0.238,28,sspls-v,1.1951595819851615,5.9195329828218135
0.238,29,mcgs,0.14892256593564585,5.687867682834383
0.238,29,pos,0.0,5.687867682834383
0.238,29,sbps,-1.3448886322408906,5.687867682834383
0.238,29,prculs-d,0.0,5.687867682834383
0.238,29,prcus-p,1.2836038227065192,5.687867682834383
0.238,29,prcus-i,-0.0,5.687867682834383
0.238,29,prcus-a,0.10898970061248861,5.687867682834383
0.238,29,ifrms,-1.8961738180182663,5.687867682834383
0.238,29,sspls-v,0.9978742751297155,5.687867682834383
0.238,30,mcgs,0.05769635235085023,5.810272725170148
0.238,30,pos,-0.0,5.810272725170148
0.238,30,sbps,-1.4456668664366656,5.810272725170148
0.238,30,prculs-d,-0.05541442570336764,5.810272725170148
0.238,30,prcus-p,1.801357820973356,5.810272725170148
0.238,30,prcus-i,-0.22233747213976524,5.810272725170148
0.238,30,prcus-a,0.0,5.810272725170148
0.238,30,ifrms,-1.8631565768412937,5.810272725170148
0.238,30,sspls-v,1.0896850362929904,5.810272725170148
0.238,31,mcgs,0.2019314940991409,5.6208069632448066
0.238,31,pos,-0.0,5.6208069632448066
0.238,31,sbps,-1.460811242043007,5.6208069632448066
0.238,31,prculs-d,-0.0,5.6208069632448066
0.238,31,prcus-p,1.7466048861659005,5.6208069632448066
0.238,31,prcus-i,-0.21601315867417262,5.6208069632448066
0.238,31,prcus-a,0.0,5.6208069632448066
0.238,31,ifrms,-1.6831072353037428,5.6208069632448066
0.238,31,sspls-v,1.2165201898619975,5.6208069632448066
0.238,32,mcgs,0.40626602378030735,5.818302468782021
0.238,32,pos,-0.27884475159882666,5.818302468782021
0.238,32,sbps,-1.3910286234618516,5.818302468782021
0.238,32,prculs-d,-0.0,5.818302468782021
0.238,32,prcus-p,1.7807539960959522,5.818302468782021
0.238,32,prcus-i,-0.3082303598610983,5.818302468782021
0.238,32,prcus-a,0.0,5.818302468782021
0.238,32,ifrms,-1.590220181467586,5.818302468782021
0.238,32,sspls-v,1.0387300453624344,5.818302468782021
0.238,33,mcgs,0.2721754570556112,5.934491087733029
0.238,33,pos,-0.0,5.934491087733029
0.238,33,sbps,-1.2871287836330252,5.934491087733029
0.238,33,prculs-d,-0.24661643589570564,5.934491087733029
0.238,33,prcus-p,1.8096436159512739,5.934491087733029
0.238,33,prcus-i,-0.14509226907728842,5.934491087733029
0.238,33,prcus-a,0.0,5.934491087733029
0.238,33,ifrms,-1.797379986354493,5.934491087733029
0.238,33,sspls-v,1.2704188793987279,5.934491087733029
0.238,34,mcgs,0.16692733520004754,5.792889939633875
0.238,34,pos,-0.056994022103395436,5.792889939633875
0.238,34,sbps,-1.3471113879172432,5.792889939633875
0.238,34,prculs-d,-0.09421952348132,5.792889939633875
0.238,34,prcus-p,1.9327967838863718,5.792889939633875
0.238,34,prcus-i,-0.19116885851433427,5.792889939633875
0.238,34,prcus-a,-0.0,5.792889939633875
0.238,34,ifrms,-1.7864981608481778,5.792889939633875
0.238,34,sspls-v,1.021868607714219,5.792889939633875
0.255,0,mcgs,0.3769961886833691,5.806456518918952
0.255,0,pos,-0.0,5.806456518918952
0.255,0,sbps,-1.3804447047228194,5.806456518918952
0.255,0,prculs-d,-0.0,5.806456518918952
0.255,0,prcus-p,1.792414272828797,5.806456518918952
0.255,0,prcus-i,-0.11924314635093548,5.806456518918952
0.255,0,prcus-a,0.0,5.806456518918952
0.255,0,ifrms,-1.7787602406314784,5.806456518918952
0.255,0,sspls-v,1.178322900984518,5.806456518918952
0.255,1,mcgs,0.25636433488884425,5.850301957407398
0.255,1,pos,-0.0,5.850301957407398
0.255,1,sbps,-1.240811475121093,5.850301957407398
0.255,1,prculs-d,-0.0,5.850301957407398
0.255,1,prcus-p,1.8014659011773897,5.850301957407398
0.255,1,prcus-i,-0.1936930892551277,5.850301957407398
0.255,1,prcus-a,0.0,5.850301957407398
0.255,1,ifrms,-1.676718851631019,5.850301957407398
0.255,1,sspls-v,1.147457579163158,5.850301957407398
0.255,2,mcgs,0.3840170921368055,5.754043719850775
0.255,2,pos,-0.0,5.754043719850775
0.255,2,sbps,-1.4029582434279728,5.754043719850775
0.255,2,prculs-d,-0.2905172210668456,5.754043719850775
0.255,2,prcus-p,1.5166284789367437,5.754043719850775
0.255,2,prcus-i,-0.0,5.754043719850775
0.255,2,prcus-a,-0.0,5.754043719850775
0.255,2,ifrms,-1.7659056075855024,5.754043719850775
0.255,2,sspls-v,1.0252891941366726,5.754043719850775
0.255,3,mcgs,0.24878293586529404,5.8250227274664725
0.255,3,pos,0.0,5.8250227274664725
0.255,3,sbps,-1.4310484783316628,5.8250227274664725
0.255,3,prculs-d,-0.21600867735939,5.8250227274664725
0.255,3,prcus-p,1.3539295380280452,5.8250227274664725
0.255,3,prcus-i,-0.10098694566577804,5.8250227274664725
0.255,3,prcus-a,0.0,5.8250227274664725
0.255,3,ifrms,-1.8822727685133258,5.8250227274664725
0.255,3,sspls-v,1.4456010346299604,5.8250227274664725
0.255,4,mcgs,0.758439354085982,5.783479265662972
0.255,4,pos,0.018704533395249148,5.783479265662972
0.255,4,sbps,-1.036823987520263,5.783479265662972
0.255,4,prculs-d,-0.2559276203239688,5.783479265662972
0.255,4,prcus-p,1.4997953018418275,5.783479265662972
0.255,4,prcus-i,-0.32511796424473827,5.783479265662972
0.255,4,prcus-a,-0.0,5.783479265662972
0.255,4,ifrms,-2.3004219059982587,5.783479265662972
0.255,4,sspls-v,1.1218626361744113,5.783479265662972
0.255,5,mcgs,0.0745826184836636,5.491125066697835
0.255,5,pos,-0.0,5.491125066697835
0.255,5,sbps,-1.3524897803854459,5.491125066697835
0.255,5,prculs-d,-0.09748004777215791,5.491125066697835
0.255,5,prcus-p,1.7860776929538882,5.491125066697835
0.255,5,prcus-i,-0.6554350570952898,5.491125066697835
0.255,5,prcus-a,-0.0,5.491125066697835
0.255,5,ifrms,-1.6889540570029602,5.491125066697835
0.255,5,sspls-v,1.2160278062150132,5.491125066697835
0.255,6,mcgs,0.32337430485985763,5.684276259457569
0.255,6,pos,-0.18345413773943148,5.684276259457569
0.255,6,sbps,-1.7383908497942768,5.684276259457569
0.255,6,prculs-d,-0.0,5.684276259457569
0.255,6,prcus-p,2.0936339770527073,5.684276259457569
0.255,6,prcus-i,-0.04946056301585423,5.684276259457569
0.255,6,prcus-a,0.03243413320186354,5.684276259457569
0.255,6,ifrms,-1.7939247535205212,5.684276259457569
0.255,6,sspls-v,1.467324147000848,5.684276259457569
0.255,7,mcgs,0.06744684095464373,5.766803950775723
0.255,7,pos,-0.02145415883209032,5.766803950775723
0.255,7,sbps,-1.107246540784135,5.766803950775723
0.255,7,prculs-d,-0.24497004096564143,5.766803950775723
0.255,7,prcus-p,1.4274238557243297,5.766803950775723
0.255,7,prcus-i,-0.019127488113762442,5.766803950775723
0.255,7,prcus-a,0.0,5.766803950775723
0.255,7,ifrms,-1.3178491778440162,5.766803950775723
0.255,7,sspls-v,0.843094693879149,5.766803950775723
0.255,8,mcgs,0.5775500950888646,5.893870862663616
0.255,8,pos,-0.06090929235270817,5.893870862663616
0.255,8,sbps,-1.104507024379247,5.893870862663616
0.255,8,prculs-d,-0.030415197428255922,5.893870862663616
0.255,8,prcus-p,1.4833908307433619,5.893870862663616
0.255,8,prcus-i,-0.2817423174339045,5.893870862663616
0.255,8,prcus-a,0.0,5.893870862663616
0.255,8,ifrms,-1.6462824083448733,5.893870862663616
0.255,8,sspls-v,0.9033090903276422,5.893870862663616
0.255,9,mcgs,0.2393637992997031,5.741271881290506
0.255,9,pos,-0.0,5.741271881290506
0.255,9,sbps,-1.4277172062796186,5.741271881290506
0.255,9,prculs-d,-0.14745888110911057,5.741271881290506
0.255,9,prcus-p,1.8494029882952168,5.741271881290506
0.255,9,prcus-i,-0.0,5.741271881290506
0.255,9,prcus-a,0.0,5.741271881290506
0.255,9,ifrms,-1.7643911408545776,5.741271881290506
0.255,9,sspls-v,1.1888704178986467,5.741271881290506
0.255,10,mcgs,0.1781287164524215,5.6698467415744105
0.255,10,pos,-0.0,5.6698467415744105
0.255,10,sbps,-1.458326475550182,5.6698467415744105
0.255,10,prculs-d,-0.0,5.6698467415744105
0.255,10,prcus-p,1.7573663822616301,5.6698467415744105
0.255,10,prcus-i,-0.25940947760534055,5.6698467415744105
0.255,10,prcus-a,-0.0,5.6698467415744105
0.255,10,ifrms,-1.693856534476387,5.6698467415744105
0.255,10,sspls-v,1.3182631915213572,5.6698467415744105
0.255,11,mcgs,0.3328161050623962,5.924628949918767
0.255,11,pos,-0.0,5.924628949918767
0.255,11,sbps,-1.3197125013086315,5.924628949918767
0.255,11,prculs-d,-0.09101560587091477,5.924628949918767
0.255,11,prcus-p,1.7955099539214672,5.924628949918767
0.255,11,prcus-i,-0.12699045308724768,5.924628949918767
0.255,11,prcus-a,0.0,5.924628949918767
0.255,11,ifrms,-1.7887924796815255,5.924628949918767
0.255,11,sspls-v,1.18615474295368,5.924628949918767
0.255,12,mcgs,0.1515794420884214,5.448262425749978
0.255,12,pos,-0.2676851984749057,5.448262425749978
0.255,12,sbps,-1.3389998690509712,5.448262425749978
0.255,12,prculs-d,-0.0,5.448262425749978
0.255,12,prcus-p,2.2077683008470372,5.448262425749978
0.255,12,prcus-i,0.0,5.448262425749978
0.255,12,prcus-a,-0.0,5.448262425749978
0.255,12,ifrms,-1.7930008719220167,5.448262425749978
0.255,12,sspls-v,1.007945879862986,5.448262425749978
0.255,13,mcgs,0.7209452163099767,5.48716795850107
0.255,13,pos,0.0,5.48716795850107
0.255,13,sbps,-1.7626766706489225,5.48716795850107
0.255,13,prculs-d,-0.07478668710272199,5.48716795850107
0.255,13,prcus-p,1.9256885893967346,5.48716795850107
0.255,13,prcus-i,-0.14791657054779492,5.48716795850107
0.255,13,prcus-a,0.2512435058631362,5.48716795850107
0.255,13,ifrms,-1.7443431507735345,5.48716795850107
0.255,13,sspls-v,1.0581477112561382,5.48716795850107
0.255,14,mcgs,0.04978027977651761,5.606538934355166
0.255,14,pos,0.0,5.606538934355166
0.255,14,sbps,-0.8773845615488493,5.606538934355166
0.255,14,prculs-d,-0.0,5.606538934355166
0.255,14,prcus-p,2.002520350600889,5.606538934355166
0.255,14,prcus-i,-0.03548502197763439,5.606538934355166
0.255,14,prcus-a,0.33467018612335625,5.606538934355166
0.255,14,ifrms,-1.528745834520804,5.606538934355166
0.255,14,sspls-v,0.9862536711696047,5.606538934355166
0.255,15,mcgs,0.7953796095904837,5.367399876639832
0.255,15,pos,-0.0,5.367399876639832
0.255,15,sbps,-1.456849265754971,5.367399876639832
0.255,15,prculs-d,0.0,5.367399876639832
0.255,15,prcus-p,1.7623120037541862,5.367399876639832
0.255,15,prcus-i,-0.10494596702437325,5.367399876639832
0.255,15,prcus-a,0.0,5.367399876639832
0.255,15,ifrms,-1.2568938369782496,5.367399876639832
0.255,15,sspls-v,1.748535662800447,5.367399876639832
0.255,16,mcgs,0.06077500799754323,5.599932002928114
0.255,16,pos,-0.06481760373356336,5.599932002928114
0.255,16,sbps,-1.3989673282053436,5.599932002928114
0.255,16,prculs-d,-0.10014971512702357,5.599932002928114
0.255,16,prcus-p,2.0602186661115307,5.599932002928114
0.255,16,prcus-i,-0.0,5.599932002928114
0.255,16,prcus-a,-0.0,5.599932002928114
0.255,16,ifrms,-1.9198700193703686,5.599932002928114
0.255,16,sspls-v,0.8015277635749412,5.599932002928114
0.255,17,mcgs,0.19681347887974768,5.7485950534492085
0.255,17,pos,-0.09140087797836934,5.7485950534492085
0.255,17,sbps,-1.0219679664145274,5.7485950534492085
0.255,17,prculs-d,-0.0,5.7485950534492085
0.255,17,prcus-p,1.8071429863037805,5.7485950534492085
0.255,17,prcus-i,-0.0,5.7485950534492085
0.255,17,prcus-a,0.0,5.7485950534492085
0.255,17,ifrms,-1.4840069037504404,5.7485950534492085
0.255,17,sspls-v,1.23142269755663,5.7485950534492085
0.255,18,mcgs,0.2466865795948499,5.742812839531396
0.255,18,pos,-0.0,5.742812839531396
0.255,18,sbps,-1.2600040539150485,5.742812839531396
0.255,18,prculs-d,-0.08806746059729688,5.742812839531396
0.255,18,prcus-p,1.922741146307899,5.742812839531396
0.255,18,prcus-i,-0.03512851316933089,5.742812839531396
0.255,18,prcus-a,0.0,5.742812839531396
0.255,18,ifrms,-1.6234367401231884,5.742812839531396
0.255,18,sspls-v,1.2888949444443951,5.742812839531396
0.255,19,mcgs,0.5017646222689949,5.510854573288107
0.255,19,pos,-0.0,5.510854573288107
0.255,19,sbps,-1.4863851148620175,5.510854573288107
0.255,19,prculs-d,-0.012425682217308831,5.510854573288107
0.255,19,prcus-p,2.079103847675108,5.510854573288107
0.255,19,prcus-i,-0.21789811014853133,5.510854573288107
0.255,19,prcus-a,0.0,5.510854573288107
0.255,19,ifrms,-1.9052583043381244,5.510854573288107
0.255,19,sspls-v,0.9785062170741604,5.510854573288107
0.255,20,mcgs,0.03510919080723696,5.679037136873414
0.255,20,pos,-0.0,5.679037136873414
0.255,20,sbps,-0.8855191504105041,5.679037136873414
0.255,20,prculs-d,-0.0,5.679037136873414
0.255,20,prcus-p,1.5909784407204872,5.679037136873414
0.255,20,prcus-i,-0.0,5.679037136873414
0.255,20,prcus-a,0.0,5.679037136873414
0.255,20,ifrms,-1.8098700719108445,5.679037136873414
0.255,20,sspls-v,1.21141528736134,5.679037136873414
0.255,21,mcgs,0.3214890972788952,5.869702111224008
0.255,21,pos,-0.0,5.869702111224008
0.255,21,sbps,-1.34491438994566,5.869702111224008
0.255,21,prculs-d,-0.053576482058351915,5.869702111224008
0.255,21,prcus-p,1.820039811297419,5.869702111224008
0.255,21,prcus-i,-0.07963416212511473,5.869702111224008
0.255,21,prcus-a,0.0,5.869702111224008
0.255,21,ifrms,-1.6596471123078744,5.869702111224008
0.255,21,sspls-v,1.1624416230297794,5.869702111224008
0.255,22,mcgs,0.31781747702047985,5.92720217013883
0.255,22,pos,-0.0,5.92720217013883
0.255,22,sbps,-1.2960536541064644,5.92720217013883
0.255,22,prculs-d,-0.05077298762200798,5.92720217013883
0.255,22,prcus-p,1.8087539326747024,5.92720217013883
0.255,22,prcus-i,-0.1322586876593521,5.92720217013883
0.255,22,prcus-a,0.0,5.92720217013883
0.255,22,ifrms,-1.7585704080789388,5.92720217013883
0.255,22,sspls-v,1.1892720970894177,5.92720217013883
0.255,23,mcgs,0.27264967671664747,5.85710348276284
0.255,23,pos,-0.0,5.85710348276284
0.255,23,sbps,-1.2933112839554022,5.85710348276284
0.255,23,prculs-d,-0.20189074596354312,5.85710348276284
0.255,23,prcus-p,1.7962746338205449,5.85710348276284
0.255,23,prcus-i,-0.3652094483469857,5.85710348276284
0.255,23,prcus-a,0.0,5.85710348276284
0.255,23,ifrms,-1.831569202174354,5.85710348276284
0.255,23,sspls-v,1.2776744349283187,5.85710348276284
0.255,24,mcgs,0.22955728372467843,5.630714344107847
0.255,24,pos,-0.0,5.630714344107847
0.255,24,sbps,-1.727762177623359,5.630714344107847
0.255,24,prculs-d,-0.3730306684107593,5.630714344107847
0.255,24,prcus-p,1.519912108494673,5.630714344107847
0.255,24,prcus-i,-0.09302864166106228,5.630714344107847
0.255,24,prcus-a,-0.0,5.630714344107847
0.255,24,ifrms,-1.9880355461221262,5.630714344107847
0.255,24,sspls-v,1.3172154392263558,5.630714344107847
0.255,25,mcgs,0.3175867375905636,5.9496540083878715
0.255,25,pos,-0.012347079334771908,5.9496540083878715
0.255,25,sbps,-1.3264912098071377,5.9496540083878715
0.255,25,prculs-d,-0.11667952637289325,5.9496540083878715
0.255,25,prcus-p,1.666002427688755,5.9496540083878715
0.255,25,prcus-i,-0.21225221208459713,5.9496540083878715
0.255,25,prcus-a,0.0,5.9496540083878715
0.255,25,ifrms,-1.8312771241285157,5.9496540083878715
0.255,25,sspls-v,1.2440541791202702,5.9496540083878715
0.255,26,mcgs,0.38244370322135673,5.880756947993259
0.255,26,pos,-0.0,5.880756947993259
0.255,26,sbps,-1.3861183312726115,5.880756947993259
0.255,26,prculs-d,-0.036324050693439504,5.880756947993259
0.255,26,prcus-p,1.7994452892553534,5.880756947993259
0.255,26,prcus-i,-0.13684819609901738,5.880756947993259
0.255,26,prcus-a,0.0,5.880756947993259
0.255,26,ifrms,-1.7551349052402183,5.880756947993259
0.255,26,sspls-v,1.2117265381734101,5.880756947993259
0.255,27,mcgs,0.3302481538800026,5.892731030093511
0.255,27,pos,-0.0,5.892731030093511
0.255,27,sbps,-1.3240447288085342,5.892731030093511
0.255,27,prculs-d,-0.02636766911361267,5.892731030093511
0.255,27,prcus-p,1.8030188345444862,5.892731030093511
0.255,27,prcus-i,-0.1101678169785405,5.892731030093511
0.255,27,prcus-a,0.0,5.892731030093511
0.255,27,ifrms,-1.7755825000974041,5.892731030093511
0.255,27,sspls-v,1.152444558839771,5.892731030093511
0.255,28,mcgs,0.3224857616914992,5.911041727719433
0.255,28,pos,-0.0,5.911041727719433
0.255,28,sbps,-1.3582558892722845,5.911041727719433
0.255,28,prculs-d,-0.01851158677760351,5.911041727719433
0.255,28,prcus-p,1.7799395081270726,5.911041727719433
0.255,28,prcus-i,-0.17225056173983208,5.911041727719433
0.255,28,prcus-a,0.0,5.911041727719433
0.255,28,ifrms,-1.768715236490606,5.911041727719433
0.255,28,sspls-v,1.1641983141990286,5.911041727719433
0.255,29,mcgs,0.11695624096182501,5.671162678527376
0.255,29,pos,0.0,5.671162678527376
0.255,29,sbps,-1.310545444644161,5.671162678527376
0.255,29,prculs-d,0.0,5.671162678527376
0.255,29,prcus-p,1.2668585792694917,5.671162678527376
0.255,29,prcus-i,-0.0,5.671162678527376
0.255,29,prcus-a,0.08222857419227428,5.671162678527376
0.255,29,ifrms,-1.861478957059084,5.671162678527376
0.255,29,sspls-v,0.9714122115688493,5.671162678527376
0.255,30,mcgs,0.036020131544769886,5.7915471252613955
0.255,30,pos,-0.0,5.7915471252613955
0.255,30,sbps,-1.4113433240007747,5.7915471252613955
0.255,30,prculs-d,-0.039852676641542684,5.7915471252613955
0.255,30,prcus-p,1.7854854317843083,5.7915471252613955
0.255,30,prcus-i,-0.2032947916584224,5.7915471252613955
0.255,30,prcus-a,0.0,5.7915471252613955
0.255,30,ifrms,-1.833233505464562,5.7915471252613955
0.255,30,sspls-v,1.0569131299902694,5.7915471252613955
0.255,31,mcgs,0.17761476085315098,5.6078451884165545
0.255,31,pos,-0.0,5.6078451884165545
0.255,31,sbps,-1.4245304309439386,5.6078451884165545
0.255,31,prculs-d,-0.0,5.6078451884165545
0.255,31,prcus-p,1.7274794508863867,5.6078451884165545
0.255,31,prcus-i,-0.1931950080982209,5.6078451884165545
0.255,31,prcus-a,0.0,5.6078451884165545
0.255,31,ifrms,-1.6541919461352654,5.6078451884165545
0.255,31,sspls-v,1.1832882846895472,5.6078451884165545
0.255,32,mcgs,0.3832713430814656,5.820424263014135
0.255,32,pos,-0.27382193376116754,5.820424263014135
0.255,32,sbps,-1.3550598916473724,5.820424263014135
0.255,32,prculs-d,-0.0,5.820424263014135
0.255,32,prcus-p,1.7609469055213696,5.820424263014135
0.255,32,prcus-i,-0.28654540774856546,5.820424263014135
0.255,32,prcus-a,0.0,5.820424263014135
0.255,32,ifrms,-1.5639395438243024,5.820424263014135
0.255,32,sspls-v,1.007127598276324,5.820424263014135
0.255,33,mcgs,0.24884998961729038,5.923541979821446
0.255,33,pos,-0.0,5.923541979821446
0.255,33,sbps,-1.2536826169183033,5.923541979821446
0.255,33,prculs-d,-0.2322015793280933,5.923541979821446
0.255,33,prcus-p,1.794268481108124,5.923541979821446
0.255,33,prcus-i,-0.12493776480373757,5.923541979821446
0.255,33,prcus-a,0.0,5.923541979821446
0.255,33,ifrms,-1.7645301705797545,5.923541979821446
0.255,33,sspls-v,1.2387506456961064,5.923541979821446
0.255,34,mcgs,0.1425090845434098,5.7803898345432305
0.255,34,pos,-0.05927048472711485,5.7803898345432305
0.255,34,sbps,-1.3116513271202412,5.7803898345432305
0.255,34,prculs-d,-0.07780692215781118,5.7803898345432305
0.255,34,prcus-p,1.9190234703166202,5.7803898345432305
0.255,34,prcus-i,-0.17126383822711375,5.7803898345432305
0.255,34,prcus-a,-0.0,5.7803898345432305
0.255,34,ifrms,-1.751855860696465,5.7803898345432305
0.255,34,sspls-v,0.9892667989757311,5.7803898345432305
0.272,0,mcgs,0.353546943866588,5.795851760076764
0.272,0,pos,-0.0,5.795851760076764
0.272,0,sbps,-1.343855767349345,5.795851760076764
0.272,0,prculs-d,-0.0,5.795851760076764
0.272,0,prcus-p,1.773462854438211,5.795851760076764
0.272,0,prcus-i,-0.0968416412299231,5.795851760076764
0.272,0,prcus-a,0.0,5.795851760076764
0.272,0,ifrms,-1.7500157987223053,5.795851760076764
0.272,0,sspls-v,1.1452454768648868,5.795851760076764
0.272,1,mcgs,0.23070788626436858,5.833082452571067
0.272,1,pos,-0.0,5.833082452571067
0.272,1,sbps,-1.2016252649298806,5.833082452571067
0.272,1,prculs-d,-0.0,5.833082452571067
0.272,1,prcus-p,1.781696761543624,5.833082452571067
0.272,1,prcus-i,-0.1724768300016254,5.833082452571067
0.272,1,prcus-a,0.0,5.833082452571067
0.272,1,ifrms,-1.6457169569188879,5.833082452571067
0.272,1,sspls-v,1.1127433192411869,5.833082452571067
0.272,2,mcgs,0.36221955625142177,5.745209896866144
0.272,2,pos,-0.0,5.745209896866144
0.272,2,sbps,-1.3709564803696876,5.745209896866144
0.272,2,prculs-d,-0.27146386830274316,5.745209896866144
0.272,2,prcus-p,1.5007441239379973,5.745209896866144
0.272,2,prcus-i,-0.0,5.745209896866144
0.272,2,prcus-a,-0.0,5.745209896866144
0.272,2,ifrms,-1.7327796116079066,5.745209896866144
0.272,2,sspls-v,0.9975441416680124,5.745209896866144
0.272,3,mcgs,0.22523694165164418,5.809448931842505
0.272,3,pos,0.0,5.809448931842505
0.272,3,sbps,-1.3961496705623073,5.809448931842505
0.272,3,prculs-d,-0.19956184445939118,5.809448931842505
0.272,3,prcus-p,1.3411007766830536,5.809448931842505
0.272,3,prcus-i,-0.08115130127765038,5.809448931842505
0.272,3,prcus-a,0.0,5.809448931842505
0.272,3,ifrms,-1.8483367732717932,5.809448931842505
0.272,3,sspls-v,1.4140601054281998,5.809448931842505
0.272,4,mcgs,0.7289277104008398,5.768589311050213
0.272,4,pos,0.0,5.768589311050213
0.272,4,sbps,-1.0044864458678873,5.768589311050213
0.272,4,prculs-d,-0.23067577361969663,5.768589311050213
0.272,4,prcus-p,1.4920873386781068,5.768589311050213
0.272,4,prcus-i,-0.30236461560727795,5.768589311050213
0.272,4,prcus-a,-0.0,5.768589311050213
0.272,4,ifrms,-2.2546246603594673,5.768589311050213
0.272,4,sspls-v,1.088243384986201,5.768589311050213
0.272,5,mcgs,0.05181524362650246,5.4745103983398185
0.272,5,pos,-0.0,5.4745103983398185
0.272,5,sbps,-1.317333064296042,5.4745103983398185
0.272,5,prculs-d,-0.08151836765771696,5.4745103983398185
0.272,5,prcus-p,1.7705999234730228,5.4745103983398185
0.272,5,prcus-i,-0.6367819820278035,5.4745103983398185
0.272,5,prcus-a,-0.0,5.4745103983398185
0.272,5,ifrms,-1.6555384442475103,5.4745103983398185
0.272,5,sspls-v,1.1836964186901475,5.4745103983398185
0.272,6,mcgs,0.2901625466827727,5.679655357689076
0.272,6,pos,-0.16612749768750681,5.679655357689076
0.272,6,sbps,-1.6896581118283123,5.679655357689076
0.272,6,prculs-d,-0.0,5.679655357689076
0.272,6,prcus-p,2.0666375977451605,5.679655357689076
0.272,6,prcus-i,-0.04714506460589201,5.679655357689076
0.272,6,prcus-a,0.0,5.679655357689076
0.272,6,ifrms,-1.7592058549739624,5.679655357689076
0.272,6,sspls-v,1.4308255457659633,5.679655357689076
0.272,7,mcgs,0.038138822626541384,5.752179104177635
0.272,7,pos,-0.025026952448461034,5.752179104177635
0.272,7,sbps,-1.0658450880731425,5.752179104177635
0.272,7,prculs-d,-0.23265854156161025,5.752179104177635
0.272,7,prcus-p,1.405057288002839,5.752179104177635
0.272,7,prcus-i,-0.0,5.752179104177635
0.272,7,prcus-a,0.0,5.752179104177635
0.272,7,ifrms,-1.275856952026362,5.752179104177635
0.272,7,sspls-v,0.8036851824830964,5.752179104177635
0.272,8,mcgs,0.5603378786314553,5.890258175233552
0.272,8,pos,-0.06488693322668809,5.890258175233552
0.272,8,sbps,-1.065581497244607,5.890258175233552
0.272,8,prculs-d,-0.013077393810362211,5.890258175233552
0.272,8,prcus-p,1.4647508389371418,5.890258175233552
0.272,8,prcus-i,-0.2640763527583466,5.890258175233552
0.272,8,prcus-a,0.0,5.890258175233552
0.272,8,ifrms,-1.609958291945243,5.890258175233552
0.272,8,sspls-v,0.868073343472735,5.890258175233552
0.272,9,mcgs,0.21798233776166226,5.73162133486196
0.272,9,pos,-0.0,5.73162133486196
0.272,9,sbps,-1.3939203498427037,5.73162133486196
0.272,9,prculs-d,-0.12736658041011029,5.73162133486196
0.272,9,prcus-p,1.8319586607338552,5.73162133486196
0.272,9,prcus-i,-0.0,5.73162133486196
0.272,9,prcus-a,0.0,5.73162133486196
0.272,9,ifrms,-1.7308814074189476,5.73162133486196
0.272,9,sspls-v,1.1599553558932638,5.73162133486196
0.272,10,mcgs,0.1551122213441053,5.663844365626418
0.272,10,pos,-0.0,5.663844365626418
0.272,10,sbps,-1.421800452334835,5.663844365626418
0.272,10,prculs-d,-0.0,5.663844365626418
0.272,10,prcus-p,1.7387200923936643,5.663844365626418
0.272,10,prcus-i,-0.23641359284088276,5.663844365626418
0.272,10,prcus-a,-0.0,5.663844365626418
0.272,10,ifrms,-1.66552419474545,5.663844365626418
0.272,10,sspls-v,1.2852661309132498,5.663844365626418
0.272,11,mcgs,0.3085275278375271,5.919984140401444
0.272,11,pos,-0.0,5.919984140401444
0.272,11,sbps,-1.286399456113953,5.919984140401444
0.272,11,prculs-d,-0.07420925753079119,5.919984140401444
0.272,11,prcus-p,1.7805554946153677,5.919984140401444
0.272,11,prcus-i,-0.1075687213746242,5.919984140401444
0.272,11,prcus-a,0.0,5.919984140401444
0.272,11,ifrms,-1.7552285924789697,5.919984140401444
0.272,11,sspls-v,1.1539464607424028,5.919984140401444
0.272,12,mcgs,0.13092313236019804,5.430121960479939
0.272,12,pos,-0.2582848486904182,5.430121960479939
0.272,12,sbps,-1.3048040094345588,5.430121960479939
0.272,12,prculs-d,-0.0,5.430121960479939
0.272,12,prcus-p,2.184040124483665,5.430121960479939
0.272,12,prcus-i,0.0,5.430121960479939
0.272,12,prcus-a,-0.0,5.430121960479939
0.272,12,ifrms,-1.7691263753451227,5.430121960479939
0.272,12,sspls-v,0.9801417798494605,5.430121960479939
0.272,13,mcgs,0.6878654513682805,5.474771007499461
0.272,13,pos,0.0,5.474771007499461
0.272,13,sbps,-1.727227282931567,5.474771007499461
0.272,13,prculs-d,-0.05700891161295315,5.474771007499461
0.272,13,prcus-p,1.9138662098109407,5.474771007499461
0.272,13,prcus-i,-0.139009934432047,5.474771007499461
0.272,13,prcus-a,0.22597366296122318,5.474771007499461
0.272,13,ifrms,-1.7043776645029571,5.474771007499461
0.272,13,sspls-v,1.0319083854603515,5.474771007499461
0.272,14,mcgs,0.019497826556217932,5.582437481696251
0.272,14,pos,0.0,5.582437481696251
0.272,14,sbps,-0.8415343246855257,5.582437481696251
0.272,14,prculs-d,-0.0,5.582437481696251
0.272,14,prcus-p,1.988011505541058,5.582437481696251
0.272,14,prcus-i,-0.020173786311322113,5.582437481696251
0.272,14,prcus-a,0.3193631196850483,5.582437481696251
0.272,14,ifrms,-1.4944604865873476,5.582437481696251
0.272,14,sspls-v,0.9559215136252434,5.582437481696251
0.272,15,mcgs,0.7715864467445747,5.353231059247227
0.272,15,pos,-0.0,5.353231059247227
0.272,15,sbps,-1.4203735120901173,5.353231059247227
0.272,15,prculs-d,0.0,5.353231059247227
0.272,15,prcus-p,1.7433529659255602,5.353231059247227
0.272,15,prcus-i,-0.08250055933925765,5.353231059247227
0.272,15,prcus-a,0.0,5.353231059247227
0.272,15,ifrms,-1.231253430627796,5.353231059247227
0.272,15,sspls-v,1.7157242469625793,5.353231059247227
0.272,16,mcgs,0.03992319331947069,5.583660788491844
0.272,16,pos,-0.06383897613611131,5.583660788491844
0.272,16,sbps,-1.3659977564167032,5.583660788491844
0.272,16,prculs-d,-0.08073611946875658,5.583660788491844
0.272,16,prcus-p,2.04358156724307,5.583660788491844
0.272,16,prcus-i,-0.0,5.583660788491844
0.272,16,prcus-a,-0.0,5.583660788491844
0.272,16,ifrms,-1.8880738558493477,5.583660788491844
0.272,16,sspls-v,0.7754900605566115,5.583660788491844
0.272,17,mcgs,0.17541739806243553,5.730023570488
0.272,17,pos,-0.0830160586947045,5.730023570488
0.272,17,sbps,-0.9871339981908607,5.730023570488
0.272,17,prculs-d,-0.0,5.730023570488
0.272,17,prcus-p,1.7833208966148246,5.730023570488
0.272,17,prcus-i,-0.0,5.730023570488
0.272,17,prcus-a,0.0,5.730023570488
0.272,17,ifrms,-1.4586558724543446,5.730023570488
0.272,17,sspls-v,1.2047047863708589,5.730023570488
0.272,18,mcgs,0.22296056851787677,5.726855240891869
0.272,18,pos,-0.0,5.726855240891869
0.272,18,sbps,-1.227257714164514,5.726855240891869
0.272,18,prculs-d,-0.07225754815284297,5.726855240891869
0.272,18,prcus-p,1.9099463165328334,5.726855240891869
0.272,18,prcus-i,-0.015468702694919978,5.726855240891869
0.272,18,prcus-a,0.0,5.726855240891869
0.272,18,ifrms,-1.5908172831198362,5.726855240891869
0.272,18,sspls-v,1.257990470746811,5.726855240891869
0.272,19,mcgs,0.4774278274273546,5.506456322650207
0.272,19,pos,-0.0,5.506456322650207
0.272,19,sbps,-1.4505514966771773,5.506456322650207
0.272,19,prculs-d,-0.0,5.506456322650207
0.272,19,prcus-p,2.0624622770232297,5.506456322650207
0.272,19,prcus-i,-0.19701328640112573,5.506456322650207
0.272,19,prcus-a,0.0,5.506456322650207
0.272,19,ifrms,-1.872197595476633,5.506456322650207
0.272,19,sspls-v,0.9472824987564731,5.506456322650207
0.272,20,mcgs,0.0111177102337604,5.657233560445523
0.272,20,pos,-0.0,5.657233560445523
0.272,20,sbps,-0.8488798480090605,5.657233560445523
0.272,20,prculs-d,-0.0,5.657233560445523
0.272,20,prcus-p,1.5662033594577083,5.657233560445523
0.272,20,prcus-i,-0.0,5.657233560445523
0.272,20,prcus-a,-0.0,5.657233560445523
0.272,20,ifrms,-1.7845388488101455,5.657233560445523
0.272,20,sspls-v,1.1843692203303773,5.657233560445523
0.272,21,mcgs,0.2995391659056736,5.857374085939095
0.272,21,pos,-0.0,5.857374085939095
0.272,21,sbps,-1.308176581039659,5.857374085939095
0.272,21,prculs-d,-0.038670654196718154,5.857374085939095
0.272,21,prcus-p,1.8051497516112693,5.857374085939095
0.272,21,prcus-i,-0.056780904684687696,5.857374085939095
0.272,21,prcus-a,0.0,5.857374085939095
0.272,21,ifrms,-1.6245316152536073,5.857374085939095
0.272,21,sspls-v,1.128409364549041,5.857374085939095
0.272,22,mcgs,0.2941459853719386,5.9214791501629644
0.272,22,pos,-0.0,5.9214791501629644
0.272,22,sbps,-1.2640647725166536,5.9214791501629644
0.272,22,prculs-d,-0.03479003894956107,5.9214791501629644
0.272,22,prcus-p,1.7936544813604234,5.9214791501629644
0.272,22,prcus-i,-0.11349697361468507,5.9214791501629644
0.272,22,prcus-a,0.0,5.9214791501629644
0.272,22,ifrms,-1.7261145928802846,5.9214791501629644
0.272,22,sspls-v,1.1580442132548416,5.9214791501629644
0.272,23,mcgs,0.24918788182015272,5.854234031448253
0.272,23,pos,-0.0,5.854234031448253
0.272,23,sbps,-1.2589777843609014,5.854234031448253
0.272,23,prculs-d,-0.1852302631266177,5.854234031448253
0.272,23,prcus-p,1.7809863201645753,5.854234031448253
0.272,23,prcus-i,-0.34444419044163904,5.854234031448253
0.272,23,prcus-a,0.0,5.854234031448253
0.272,23,ifrms,-1.7975239474891846,5.854234031448253
0.272,23,sspls-v,1.2446564296429288,5.854234031448253
0.272,24,mcgs,0.20646879866500722,5.62323459455618
0.272,24,pos,-0.0,5.62323459455618
0.272,24,sbps,-1.6924253568416467,5.62323459455618
0.272,24,prculs-d,-0.35486020417137304,5.62323459455618
0.272,24,prcus-p,1.5076163130234392,5.62323459455618
0.272,24,prcus-i,-0.07338260175503433,5.62323459455618
0.272,24,prcus-a,-0.0,5.62323459455618
0.272,24,ifrms,-1.9529095587081098,5.62323459455618
0.272,24,sspls-v,1.284092559395798,5.62323459455618
0.272,25,mcgs,0.293404975403793,5.948761475348585
0.272,25,pos,-0.01158753277102295,5.948761475348585
0.272,25,sbps,-1.2943886793842154,5.948761475348585
0.272,25,prculs-d,-0.09771203564299512,5.948761475348585
0.272,25,prcus-p,1.6562651848331913,5.948761475348585
0.272,25,prcus-i,-0.19019040026848932,5.948761475348585
0.272,25,prcus-a,0.0,5.948761475348585
0.272,25,ifrms,-1.795412081342553,5.948761475348585
0.272,25,sspls-v,1.2106287984406037,5.948761475348585
0.272,26,mcgs,0.356348615749385,5.875379109856304
0.272,26,pos,-0.0,5.875379109856304
0.272,26,sbps,-1.3507984079026798,5.875379109856304
0.272,26,prculs-d,-0.022883188741476455,5.875379109856304
0.272,26,prcus-p,1.78398556320498,5.875379109856304
0.272,26,prcus-i,-0.1171831568891502,5.875379109856304
0.272,26,prcus-a,0.0,5.875379109856304
0.272,26,ifrms,-1.721322348883549,5.875379109856304
0.272,26,sspls-v,1.1786314626115078,5.875379109856304
0.272,27,mcgs,0.309015275391841,5.884493071395365
0.272,27,pos,-0.0,5.884493071395365
0.272,27,sbps,-1.2870191252301921,5.884493071395365
0.272,27,prculs-d,-0.009940145141253858,5.884493071395365
0.272,27,prcus-p,1.7870388598463403,5.884493071395365
0.272,27,prcus-i,-0.08830138430886833,5.884493071395365
0.272,27,prcus-a,0.0,5.884493071395365
0.272,27,ifrms,-1.7429084608681795,5.884493071395365
0.272,27,sspls-v,1.1180762935077044,5.884493071395365
0.272,28,mcgs,0.29893348287894694,5.906619029025033
0.272,28,pos,-0.0,5.906619029025033
0.272,28,sbps,-1.324058061394644,5.906619029025033
0.272,28,prculs-d,-0.0030961005523925567,5.906619029025033
0.272,28,prcus-p,1.7648886409830862,5.906619029025033
0.272,28,prcus-i,-0.1522041787087121,5.906619029025033
0.272,28,prcus-a,0.0,5.906619029025033
0.272,28,ifrms,-1.7351827304006295,5.906619029025033
0.272,28,sspls-v,1.133236515932352,5.906619029025033
0.272,29,mcgs,0.08494088417338572,5.651991018109362
0.272,29,pos,0.0,5.651991018109362
0.272,29,sbps,-1.2762269067397978,5.651991018109362
0.272,29,prculs-d,0.0,5.651991018109362
0.272,29,prcus-p,1.2501534080063639,5.651991018109362
0.272,29,prcus-i,-0.0,5.651991018109362
0.272,29,prcus-a,0.05543008668589193,5.651991018109362
0.272,29,ifrms,-1.8267669605364834,5.651991018109362
0.272,29,sspls-v,0.9449604254337608,5.651991018109362
0.272,30,mcgs,0.014343910738689807,5.770705156481923
0.272,30,pos,-0.0,5.770705156481923
0.272,30,sbps,-1.377019781564885,5.770705156481923
0.272,30,prculs-d,-0.0242909275797181,5.770705156481923
0.272,30,prcus-p,1.7696130425952608,5.770705156481923
0.272,30,prcus-i,-0.18425211117707999,5.770705156481923
0.272,30,prcus-a,0.0,5.770705156481923
0.272,30,ifrms,-1.8033104340878292,5.770705156481923
0.272,30,sspls-v,1.0241412236875491,5.770705156481923
0.272,31,mcgs,0.15329802760716157,5.594438739637601
0.272,31,pos,-0.0,5.594438739637601
0.272,31,sbps,-1.3882496198448693,5.594438739637601
0.272,31,prculs-d,-0.0,5.594438739637601
0.272,31,prcus-p,1.7083540156068717,5.594438739637601
0.272,31,prcus-i,-0.17037685752226947,5.594438739637601
0.272,31,prcus-a,0.0,5.594438739637601
0.272,31,ifrms,-1.6252766569667878,5.594438739637601
0.272,31,sspls-v,1.1500563795170968,5.594438739637601
0.272,32,mcgs,0.3602766623826236,5.822718523052169
0.272,32,pos,-0.2687991159235087,5.822718523052169
0.272,32,sbps,-1.3190911598328932,5.822718523052169
0.272,32,prculs-d,-0.0,5.822718523052169
0.272,32,prcus-p,1.7411398149467878,5.822718523052169
0.272,32,prcus-i,-0.2648604556360317,5.822718523052169
0.272,32,prcus-a,0.0,5.822718523052169
0.272,32,ifrms,-1.5376589061810184,5.822718523052169
0.272,32,sspls-v,0.9755251511902127,5.822718523052169
0.272,33,mcgs,0.22552452217896965,5.909962929925023
0.272,33,pos,-0.0,5.909962929925023
0.272,33,sbps,-1.2202364502035803,5.909962929925023
0.272,33,prculs-d,-0.21778672276048128,5.909962929925023
0.272,33,prcus-p,1.778893346264974,5.909962929925023
0.272,33,prcus-i,-0.10478326053018604,5.909962929925023
0.272,33,prcus-a,0.0,5.909962929925023
0.272,33,ifrms,-1.731680354805016,5.909962929925023
0.272,33,sspls-v,1.2070824119934853,5.909962929925023
0.272,34,mcgs,0.11809094893352606,5.768468034291808
0.272,34,pos,-0.06154665530258375,5.768468034291808
0.272,34,sbps,-1.2761912737719716,5.768468034291808
0.272,34,prculs-d,-0.06139455144989078,5.768468034291808
0.272,34,prcus-p,1.9052500227714169,5.768468034291808
0.272,34,prcus-i,-0.15135883706843717,5.768468034291808
0.272,34,prcus-a,-0.0,5.768468034291808
0.272,34,ifrms,-1.7172137645551386,5.768468034291808
0.272,34,sspls-v,0.9566650312150919,5.768468034291808
0.291,0,mcgs,0.3273389643654797,5.787652882371493
0.291,0,pos,-0.0,5.787652882371493
0.291,0,sbps,-1.3029622491084043,5.787652882371493
0.291,0,prculs-d,-0.0,5.787652882371493
0.291,0,prcus-p,1.7522818574134373,5.787652882371493
0.291,0,prcus-i,-0.07180466491820305,5.787652882371493
0.291,0,prcus-a,0.0,5.787652882371493
0.291,0,ifrms,-1.717889657764995,5.787652882371493
0.291,0,sspls-v,1.1082765910841224,5.787652882371493
0.291,1,mcgs,0.20203303191936522,5.8177982714344445
0.291,1,pos,-0.0,5.8177982714344445
0.291,1,sbps,-1.157828912363231,5.8177982714344445
0.291,1,prculs-d,-0.0,5.8177982714344445
0.291,1,prcus-p,1.7596018407764742,5.8177982714344445
0.291,1,prcus-i,-0.14876454024771063,5.8177982714344445
0.291,1,prcus-a,0.0,5.8177982714344445
0.291,1,ifrms,-1.6110677804759166,5.8177982714344445
0.291,1,sspls-v,1.0739450287401608,5.8177982714344445
0.291,2,mcgs,0.33785760437952217,5.736434186971735
0.291,2,pos,-0.0,5.736434186971735
0.291,2,sbps,-1.3351898040104273,5.736434186971735
0.291,2,prculs-d,-0.2501689446252171,5.736434186971735
0.291,2,prcus-p,1.4829910212923403,5.736434186971735
0.291,2,prcus-i,-0.0,5.736434186971735
0.291,2,prcus-a,-0.0,5.736434186971735
0.291,2,ifrms,-1.6957564396329472,5.736434186971735
0.291,2,sspls-v,0.9665349653795088,5.736434186971735
0.291,3,mcgs,0.19892083047168313,5.7913367824883695
0.291,3,pos,-0.0,5.7913367824883695
0.291,3,sbps,-1.357145120702439,5.7913367824883695
0.291,3,prculs-d,-0.18118009004174573,5.7913367824883695
0.291,3,prcus-p,1.3267627492974763,5.7913367824883695
0.291,3,prcus-i,-0.058982051667389936,5.7913367824883695
0.291,3,prcus-a,0.0,5.7913367824883695
0.291,3,ifrms,-1.8104083080018447,5.7913367824883695
0.291,3,sspls-v,1.37880847867329,5.7913367824883695
0.291,4,mcgs,0.7008616263810913,5.7526904480914585
0.291,4,pos,0.0,5.7526904480914585
0.291,4,sbps,-0.9679969328187547,5.7526904480914585
0.291,4,prculs-d,-0.2121018783179372,5.7526904480914585
0.291,4,prcus-p,1.476535719952885,5.7526904480914585
0.291,4,prcus-i,-0.2791706956763478,5.7526904480914585
0.291,4,prcus-a,-0.0,5.7526904480914585
0.291,4,ifrms,-2.2162068350796558,5.7526904480914585
0.291,4,sspls-v,1.0524991900136929,5.7526904480914585
0.291,5,mcgs,0.02636939021707446,5.46051743666419
0.291,5,pos,-0.0,5.46051743666419
0.291,5,sbps,-1.2780401343898902,5.46051743666419
0.291,5,prculs-d,-0.0636791250351455,5.46051743666419
0.291,5,prcus-p,1.7533011158174463,5.46051743666419
0.291,5,prcus-i,-0.6159343877775353,5.46051743666419
0.291,5,prcus-a,-0.0,5.46051743666419
0.291,5,ifrms,-1.6181916646119068,5.46051743666419
0.291,5,sspls-v,1.1475613001071585,5.46051743666419
0.291,6,mcgs,0.2641855006642158,5.6742893800981165
0.291,6,pos,-0.1521930409189982,5.6742893800981165
0.291,6,sbps,-1.637780460001478,5.6742893800981165
0.291,6,prculs-d,-0.0,5.6742893800981165
0.291,6,prcus-p,2.034421646022185,5.6742893800981165
0.291,6,prcus-i,-0.02644324919781279,5.6742893800981165
0.291,6,prcus-a,0.0,5.6742893800981165
0.291,6,ifrms,-1.7294288443709958,5.6742893800981165
0.291,6,sspls-v,1.3857427000676639,5.6742893800981165
0.291,7,mcgs,0.008189505388924895,5.736040127264316
0.291,7,pos,-0.026488090545074748,5.736040127264316
0.291,7,sbps,-1.022285624038554,5.736040127264316
0.291,7,prculs-d,-0.21531801217027968,5.736040127264316
0.291,7,prcus-p,1.378499892838334,5.736040127264316
0.291,7,prcus-i,-0.0,5.736040127264316
0.291,7,prcus-a,0.0,5.736040127264316
0.291,7,ifrms,-1.2310559560888497,5.736040127264316
0.291,7,sspls-v,0.7647167669361462,5.736040127264316
0.291,8,mcgs,0.5412710031338843,5.886043174188051
0.291,8,pos,-0.06665314081362568,5.886043174188051
0.291,8,sbps,-1.021846844289927,5.886043174188051
0.291,8,prculs-d,-0.0,5.886043174188051
0.291,8,prcus-p,1.4421353725281736,5.886043174188051
0.291,8,prcus-i,-0.24358166023431255,5.886043174188051
0.291,8,prcus-a,0.0,5.886043174188051
0.291,8,ifrms,-1.572388378634258,5.886043174188051
0.291,8,sspls-v,0.8288396146951754,5.886043174188051
0.291,9,mcgs,0.19408539208023418,5.721457904244299
0.291,9,pos,-0.0,5.721457904244299
0.291,9,sbps,-1.3561472840313975,5.721457904244299
0.291,9,prculs-d,-0.10491055848126306,5.721457904244299
0.291,9,prcus-p,1.8124620094206063,5.721457904244299
0.291,9,prcus-i,-0.0,5.721457904244299
0.291,9,prcus-a,0.0,5.721457904244299
0.291,9,ifrms,-1.6934293546044161,5.721457904244299
0.291,9,sspls-v,1.1276384911438917,5.721457904244299
0.291,10,mcgs,0.1293609390816173,5.654881752850952
0.291,10,pos,-0.0,5.654881752850952
0.291,10,sbps,-1.3809809704186788,5.654881752850952
0.291,10,prculs-d,-0.0,5.654881752850952
0.291,10,prcus-p,1.7178993446024813,5.654881752850952
0.291,10,prcus-i,-0.21070261739091561,5.654881752850952
0.291,10,prcus-a,-0.0,5.654881752850952
0.291,10,ifrms,-1.633851591635402,5.654881752850952
0.291,10,sspls-v,1.2483856348925328,5.654881752850952
0.291,11,mcgs,0.2813815248492839,5.9123927364828015
0.291,11,pos,-0.0,5.9123927364828015
0.291,11,sbps,-1.2491680109740366,5.9123927364828015
0.291,11,prculs-d,-0.05542468835845477,5.9123927364828015
0.291,11,prcus-p,1.7638419882512644,5.9123927364828015
0.291,11,prcus-i,-0.08586244336230425,5.9123927364828015
0.291,11,prcus-a,0.0,5.9123927364828015
0.291,11,ifrms,-1.717715784889278,5.9123927364828015
0.291,11,sspls-v,1.117949231677314,5.9123927364828015
0.291,12,mcgs,0.10789746699126461,5.40967108974862
0.291,12,pos,-0.24770741448887937,5.40967108974862
0.291,12,sbps,-1.2666175879991035,5.40967108974862
0.291,12,prculs-d,-0.0,5.40967108974862
0.291,12,prcus-p,2.15750422814704,5.40967108974862
0.291,12,prcus-i,0.0,5.40967108974862
0.291,12,prcus-a,-0.0,5.40967108974862
0.291,12,ifrms,-1.74248699240741,5.40967108974862
0.291,12,sspls-v,0.9490841067662217,5.40967108974862
0.291,13,mcgs,0.6508495019654542,5.468807239634906
0.291,13,pos,0.0,5.468807239634906
0.291,13,sbps,-1.687632229516473,5.468807239634906
0.291,13,prculs-d,-0.03708670815638652,5.468807239634906
0.291,13,prcus-p,1.9006786977964543,5.468807239634906
0.291,13,prcus-i,-0.12914461905779095,5.468807239634906
0.291,13,prcus-a,0.19765488576694348,5.468807239634906
0.291,13,ifrms,-1.6596749301021885,5.468807239634906
0.291,13,sspls-v,1.00261191977977,5.468807239634906
0.291,14,mcgs,0.0,5.556237282232057
0.291,14,pos,0.0,5.556237282232057
0.291,14,sbps,-0.8020733111726505,5.556237282232057
0.291,14,prculs-d,-0.0,5.556237282232057
0.291,14,prcus-p,1.9690696936676404,5.556237282232057
0.291,14,prcus-i,-0.0015175071797049028,5.556237282232057
0.291,14,prcus-a,0.30745350057085924,5.556237282232057
0.291,14,ifrms,-1.4608514061686793,5.556237282232057
0.291,14,sspls-v,0.9220961813324784,5.556237282232057
0.291,15,mcgs,0.744994081195182,5.339216110605654
0.291,15,pos,-0.0,5.339216110605654
0.291,15,sbps,-1.37960545478264,5.339216110605654
0.291,15,prculs-d,0.0,5.339216110605654
0.291,15,prcus-p,1.7221632579043735,5.339216110605654
0.291,15,prcus-i,-0.0574142636924031,5.339216110605654
0.291,15,prcus-a,0.0,5.339216110605654
0.291,15,ifrms,-1.2025963886985878,5.339216110605654
0.291,15,sspls-v,1.6790523426502815,5.339216110605654
0.291,16,mcgs,0.016668734331332757,5.5652961174951034
0.291,16,pos,-0.0626096692605117,5.5652961174951034
0.291,16,sbps,-1.329150058851491,5.5652961174951034
0.291,16,prculs-d,-0.059150303231917715,5.5652961174951034
0.291,16,prcus-p,2.0249298181114668,5.5652961174951034
0.291,16,prcus-i,-0.0,5.5652961174951034
0.291,16,prcus-a,-0.0,5.5652961174951034
0.291,16,ifrms,-1.852624069014097,5.5652961174951034
0.291,16,sspls-v,0.7464070303456131,5.5652961174951034
0.291,17,mcgs,0.15150416058962274,5.709975634232357
0.291,17,pos,-0.07364475524222207,5.709975634232357
0.291,17,sbps,-0.9482019348962302,5.709975634232357
0.291,17,prculs-d,-0.0,5.709975634232357
0.291,17,prcus-p,1.7566962011018072,5.709975634232357
0.291,17,prcus-i,-0.0,5.709975634232357
0.291,17,prcus-a,0.0,5.709975634232357
0.291,17,ifrms,-1.430322389839284,5.709975634232357
0.291,17,sspls-v,1.1748435992634254,5.709975634232357
0.291,18,mcgs,0.19710098953084462,5.707782283961215
0.291,18,pos,-0.0,5.707782283961215
0.291,18,sbps,-1.1914296918214429,5.707782283961215
0.291,18,prculs-d,-0.0532263126742466,5.707782283961215
0.291,18,prcus-p,1.8945822812174242,5.707782283961215
0.291,18,prcus-i,-0.0,5.707782283961215
0.291,18,prcus-a,0.0,5.707782283961215
0.291,18,ifrms,-1.5546017457967627,5.707782283961215
0.291,18,sspls-v,1.2243467648008972,5.707782283961215
0.291,19,mcgs,0.4499235941195738,5.503731261377014
0.291,19,pos,-0.0,5.503731261377014
0.291,19,sbps,-1.4093338631659544,5.503731261377014
0.291,19,prculs-d,-0.0,5.503731261377014
0.291,19,prcus-p,2.0406368700153603,5.503731261377014
0.291,19,prcus-i,-0.17124044131475694,5.503731261377014
0.291,19,prcus-a,0.0,5.503731261377014
0.291,19,ifrms,-1.8395435679281933,5.503731261377014
0.291,19,sspls-v,0.9118206203388098,5.503731261377014
0.291,20,mcgs,0.0,5.632825258093054
0.291,20,pos,-0.0,5.632825258093054
0.291,20,sbps,-0.8099858715202412,5.632825258093054
0.291,20,prculs-d,-0.0,5.632825258093054
0.291,20,prcus-p,1.5375780350492962,5.632825258093054
0.291,20,prcus-i,-0.0,5.632825258093054
0.291,20,prcus-a,-0.0,5.632825258093054
0.291,20,ifrms,-1.7594287921460712,5.632825258093054
0.291,20,sspls-v,1.1550060793375383,5.632825258093054
0.291,21,mcgs,0.27500685758933874,5.844072470336939
0.291,21,pos,-0.0,5.844072470336939
0.291,21,sbps,-1.2671177025929228,5.844072470336939
0.291,21,prculs-d,-0.02201011223361442,5.844072470336939
0.291,21,prcus-p,1.7885084454209217,5.844072470336939
0.291,21,prcus-i,-0.03123933076922988,5.844072470336939
0.291,21,prcus-a,0.0,5.844072470336939
0.291,21,ifrms,-1.5852847623843704,5.844072470336939
0.291,21,sspls-v,1.0903736416870924,5.844072470336939
0.291,22,mcgs,0.26768980217435334,5.913637038739183
0.291,22,pos,-0.0,5.913637038739183
0.291,22,sbps,-1.2283138287033541,5.913637038739183
0.291,22,prculs-d,-0.01692500551123649,5.913637038739183
0.291,22,prcus-p,1.7767790578344405,5.913637038739183
0.291,22,prcus-i,-0.09252868300648752,5.913637038739183
0.291,22,prcus-a,0.0,5.913637038739183
0.291,22,ifrms,-1.6898401353836454,5.913637038739183
0.291,22,sspls-v,1.1231428361909461,5.913637038739183
0.291,23,mcgs,0.2229755945663952,5.848290751431928
0.291,23,pos,-0.0,5.848290751431928
0.291,23,sbps,-1.2206434208532346,5.848290751431928
0.291,23,prculs-d,-0.1665746007057327,5.848290751431928
0.291,23,prcus-p,1.763912756473973,5.848290751431928
0.291,23,prcus-i,-0.32124867161797077,5.848290751431928
0.291,23,prcus-a,0.0,5.848290751431928
0.291,23,ifrms,-1.7594711931249891,5.848290751431928
0.291,23,sspls-v,1.2077664302320688,5.848290751431928
0.291,24,mcgs,0.18066398379253337,5.615644869492129
0.291,24,pos,-0.0,5.615644869492129
0.291,24,sbps,-1.6529312460570522,5.615644869492129
0.291,24,prculs-d,-0.33455226888038164,5.615644869492129
0.291,24,prcus-p,1.493873896687138,5.615644869492129
0.291,24,prcus-i,-0.051425217445485095,5.615644869492129
0.291,24,prcus-a,-0.0,5.615644869492129
0.291,24,ifrms,-1.9136511684400996,5.615644869492129
0.291,24,sspls-v,1.2470728582400765,5.615644869492129
0.291,25,mcgs,0.2664184896328337,5.9443374727068194
0.291,25,pos,-0.010633191355636408,5.9443374727068194
0.291,25,sbps,-1.2584933600771635,5.9443374727068194
0.291,25,prculs-d,-0.0766192412160471,5.9443374727068194
0.291,25,prcus-p,1.6453240745247426,5.9443374727068194
0.291,25,prcus-i,-0.16553586007126708,5.9443374727068194
0.291,25,prcus-a,0.0,5.9443374727068194
0.291,25,ifrms,-1.7554080360850988,5.9443374727068194
0.291,25,sspls-v,1.1732751409518105,5.9443374727068194
0.291,26,mcgs,0.3271827628033803,5.868730706305273
0.291,26,pos,-0.0,5.868730706305273
0.291,26,sbps,-1.311322402689486,5.868730706305273
0.291,26,prculs-d,-0.007861237100906658,5.868730706305273
0.291,26,prcus-p,1.7667071802947334,5.868730706305273
0.291,26,prcus-i,-0.0952042278653701,5.868730706305273
0.291,26,prcus-a,0.0,5.868730706305273
0.291,26,ifrms,-1.683531481300021,5.868730706305273
0.291,26,sspls-v,1.1416425251721183,5.868730706305273
0.291,27,mcgs,0.2849714423514095,5.873193654483446
0.291,27,pos,-0.0,5.873193654483446
0.291,27,sbps,-1.2450653482715524,5.873193654483446
0.291,27,prculs-d,-0.0,5.873193654483446
0.291,27,prcus-p,1.7672403770738714,5.873193654483446
0.291,27,prcus-i,-0.0625835948778433,5.873193654483446
0.291,27,prcus-a,0.0,5.873193654483446
0.291,27,ifrms,-1.7089659382569529,5.873193654483446
0.291,27,sspls-v,1.0794336878085562,5.873193654483446
0.291,28,mcgs,0.27182215203009125,5.89798655443246
0.291,28,pos,-0.0,5.89798655443246
0.291,28,sbps,-1.2848577810670998,5.89798655443246
0.291,28,prculs-d,-0.0,5.89798655443246
0.291,28,prcus-p,1.744526591846222,5.89798655443246
0.291,28,prcus-i,-0.12703012076514847,5.89798655443246
0.291,28,prcus-a,0.0,5.89798655443246
0.291,28,ifrms,-1.7020072482972175,5.89798655443246
0.291,28,sspls-v,1.098343386195164,5.89798655443246
0.291,29,mcgs,0.049243294653884356,5.629588702407972
0.291,29,pos,0.0,5.629588702407972
0.291,29,sbps,-1.2378263890667287,5.629588702407972
0.291,29,prculs-d,0.0,5.629588702407972
0.291,29,prcus-p,1.231413236511566,5.629588702407972
0.291,29,prcus-i,-0.0,5.629588702407972
0.291,29,prcus-a,0.02554326451228144,5.629588702407972
0.291,29,ifrms,-1.7880003332936543,5.629588702407972
0.291,29,sspls-v,0.915378356153537,5.629588702407972
0.291,30,mcgs,0.0,5.747704248426004
0.291,30,pos,-0.0,5.747704248426004
0.291,30,sbps,-1.3387136429438034,5.747704248426004
0.291,30,prculs-d,-0.006680344003590196,5.747704248426004
0.291,30,prcus-p,1.7509102320175645,5.747704248426004
0.291,30,prcus-i,-0.16332928205487887,5.747704248426004
0.291,30,prcus-a,0.0,5.747704248426004
0.291,30,ifrms,-1.7708973639751693,5.747704248426004
0.291,30,sspls-v,0.9892939424023529,5.747704248426004
0.291,31,mcgs,0.1261205022145851,5.581551971407996
0.291,31,pos,-0.0,5.581551971407996
0.291,31,sbps,-1.3477004780282638,5.581551971407996
0.291,31,prculs-d,-0.0,5.581551971407996
0.291,31,prcus-p,1.6869785291180037,5.581551971407996
0.291,31,prcus-i,-0.14487421864326547,5.581551971407996
0.291,31,prcus-a,0.0,5.581551971407996
0.291,31,ifrms,-1.5929595690726073,5.581551971407996
0.291,31,sspls-v,1.112914838442006,5.581551971407996
0.291,32,mcgs,0.3345767251309773,5.8249083551522425
0.291,32,pos,-0.26318537834024264,5.8249083551522425
0.291,32,sbps,-1.2788908125108285,5.8249083551522425
0.291,32,prculs-d,-0.0,5.8249083551522425
0.291,32,prcus-p,1.7190024784222566,5.8249083551522425
0.291,32,prcus-i,-0.24062433268672923,5.8249083551522425
0.291,32,prcus-a,0.0,5.8249083551522425
0.291,32,ifrms,-1.508286428814997,5.8249083551522425
0.291,32,sspls-v,0.9402047691527949,5.8249083551522425
0.291,33,mcgs,0.19945472819822818,5.892914790011955
0.291,33,pos,-0.0,5.892914790011955
0.291,33,sbps,-1.1828551952711357,5.892914790011955
0.291,33,prculs-d,-0.20167608821785277,5.892914790011955
0.291,33,prcus-p,1.7617093668921415,5.892914790011955
0.291,33,prcus-i,-0.08225754895940073,5.892914790011955
0.291,33,prcus-a,0.0,5.892914790011955
0.291,33,ifrms,-1.694965796145014,5.892914790011955
0.291,33,sspls-v,1.171688433640673,5.892914790011955
0.291,34,mcgs,0.09076621878626605,5.754398855463512
0.291,34,pos,-0.06417657718018355,5.754398855463512
0.291,34,sbps,-1.2365572486019358,5.754398855463512
0.291,34,prculs-d,-0.04298343431875751,5.754398855463512
0.291,34,prcus-p,1.8898956081755103,5.754398855463512
0.291,34,prcus-i,-0.1291064358061176,5.754398855463512
0.291,34,prcus-a,-0.0,5.754398855463512
0.291,34,ifrms,-1.6784360735679984,5.754398855463512
0.291,34,sspls-v,0.920215695485071,5.754398855463512
0.311,0,mcgs,0.2997519433620967,5.776889313041486
0.311,0,pos,-0.0,5.776889313041486
0.311,0,sbps,-1.2599141416136757,5.776889313041486
0.311,0,prculs-d,-0.0,5.776889313041486
0.311,0,prcus-p,1.72998554125125,5.776889313041486
0.311,0,prcus-i,-0.04544936346045274,5.776889313041486
0.311,0,prcus-a,0.0,5.776889313041486
0.311,0,ifrms,-1.6840722798357224,5.776889313041486
0.311,0,sspls-v,1.0693612610768986,5.776889313041486
0.311,1,mcgs,0.17184897471409996,5.8023792861066426
0.311,1,pos,-0.0,5.8023792861066426
0.311,1,sbps,-1.1117274886088633,5.8023792861066426
0.311,1,prculs-d,-0.0,5.8023792861066426
0.311,1,prcus-p,1.736344029442631,5.8023792861066426
0.311,1,prcus-i,-0.12380423524359063,5.8023792861066426
0.311,1,prcus-a,0.0,5.8023792861066426
0.311,1,ifrms,-1.574594963167526,5.8023792861066426
0.311,1,sspls-v,1.0331047229496075,5.8023792861066426
0.311,2,mcgs,0.31221344451436583,5.7315750585085254
0.311,2,pos,-0.0,5.7315750585085254
0.311,2,sbps,-1.2975406710006805,5.7315750585085254
0.311,2,prculs-d,-0.22775323549097906,5.7315750585085254
0.311,2,prcus-p,1.4643035448232273,5.7315750585085254
0.311,2,prcus-i,-0.0,5.7315750585085254
0.311,2,prcus-a,-0.0,5.7315750585085254
0.311,2,ifrms,-1.656784679659305,5.7315750585085254
0.311,2,sspls-v,0.9338937271810853,5.7315750585085254
0.311,3,mcgs,0.17121971326610913,5.771780783776121
0.311,3,pos,-0.0,5.771780783776121
0.311,3,sbps,-1.3160873334186236,5.771780783776121
0.311,3,prculs-d,-0.16183170664820504,5.771780783776121
0.311,3,prcus-p,1.3116697361979532,5.771780783776121
0.311,3,prcus-i,-0.0356458673949286,5.771780783776121
0.311,3,prcus-a,0.0,5.771780783776121
0.311,3,ifrms,-1.7704838420514175,5.771780783776121
0.311,3,sspls-v,1.34170141953166,5.771780783776121
0.311,4,mcgs,0.6713183800445132,5.7416503732220034
0.311,4,pos,0.0,5.7416503732220034
0.311,4,sbps,-0.9295869190828253,5.7416503732220034
0.311,4,prculs-d,-0.19255040957924321,5.7416503732220034
0.311,4,prcus-p,1.4601655949789676,5.7416503732220034
0.311,4,prcus-i,-0.25475604311747385,5.7416503732220034
0.311,4,prcus-a,-0.0,5.7416503732220034
0.311,4,ifrms,-2.1757670189956437,5.7416503732220034
0.311,4,sspls-v,1.0148737216215782,5.7416503732220034
0.311,5,mcgs,0.0,5.4466250425833005
0.311,5,pos,-0.0,5.4466250425833005
0.311,5,sbps,-1.2366912366327503,5.4466250425833005
0.311,5,prculs-d,-0.044895379954758834,5.4466250425833005
0.311,5,prcus-p,1.73503786456963,5.4466250425833005
0.311,5,prcus-i,-0.5939996891676291,5.4466250425833005
0.311,5,prcus-a,-0.0,5.4466250425833005
0.311,5,ifrms,-1.57897718495535,5.4466250425833005
0.311,5,sspls-v,1.1095572195907548,5.4466250425833005
0.311,6,mcgs,0.23684847892020927,5.668658792059243
0.311,6,pos,-0.13751371090163897,5.668658792059243
0.311,6,sbps,-1.5831662512304197,5.668658792059243
0.311,6,prculs-d,-0.0,5.668658792059243
0.311,6,prcus-p,2.0005029282869082,5.668658792059243
0.311,6,prcus-i,-0.004654134382419612,5.668658792059243
0.311,6,prcus-a,0.0,5.668658792059243
0.311,6,ifrms,-1.6980891377535234,5.668658792059243
0.311,6,sspls-v,1.3382854867243472,5.668658792059243
0.311,7,mcgs,0.0,5.719032722752233
0.311,7,pos,-0.022910255267388414,5.719032722752233
0.311,7,sbps,-0.9786478218003585,5.719032722752233
0.311,7,prculs-d,-0.19816791635141537,5.719032722752233
0.311,7,prcus-p,1.3484246391724632,5.719032722752233
0.311,7,prcus-i,-0.0,5.719032722752233
0.311,7,prcus-a,0.0,5.719032722752233
0.311,7,ifrms,-1.1929760848208406,5.719032722752233
0.311,7,sspls-v,0.7271583260575778,5.719032722752233
0.311,8,mcgs,0.5215704998069982,5.87977743918225
0.311,8,pos,-0.0627042907554379,5.87977743918225
0.311,8,sbps,-0.9753663698774079,5.87977743918225
0.311,8,prculs-d,-0.0,5.87977743918225
0.311,8,prcus-p,1.4144497120704687,5.87977743918225
0.311,8,prcus-i,-0.2203751376306347,5.87977743918225
0.311,8,prcus-a,0.0,5.87977743918225
0.311,8,ifrms,-1.539454977694505,5.87977743918225
0.311,8,sspls-v,0.7878780740326395,5.87977743918225
0.311,9,mcgs,0.16893060171320176,5.707661882284322
0.311,9,pos,-0.0,5.707661882284322
0.311,9,sbps,-1.316385549276751,5.707661882284322
0.311,9,prculs-d,-0.08127295842187189,5.707661882284322
0.311,9,prcus-p,1.7919389797568779,5.707661882284322
0.311,9,prcus-i,-0.0,5.707661882284322
0.311,9,prcus-a,0.0,5.707661882284322
0.311,9,ifrms,-1.6540061075133567,5.707661882284322
0.311,9,sspls-v,1.0936205636375358,5.707661882284322
0.311,10,mcgs,0.10228348424233687,5.6436134831417135
0.311,10,pos,-0.0,5.6436134831417135
0.311,10,sbps,-1.338008572301407,5.6436134831417135
0.311,10,prculs-d,-0.0,5.6436134831417135
0.311,10,prcus-p,1.6959619801253107,5.6436134831417135
0.311,10,prcus-i,-0.18364871794746576,5.6436134831417135
0.311,10,prcus-a,-0.0,5.6436134831417135
0.311,10,ifrms,-1.6005195332267477,5.6436134831417135
0.311,10,sspls-v,1.2095654266048192,5.6436134831417135
0.311,11,mcgs,0.25280674141146436,5.902755282186925
0.311,11,pos,-0.0,5.902755282186925
0.311,11,sbps,-1.2099765460081573,5.902755282186925
0.311,11,prculs-d,-0.035652044170994546,5.902755282186925
0.311,11,prcus-p,1.7462486528987577,5.902755282186925
0.311,11,prcus-i,-0.06301350959737798,5.902755282186925
0.311,11,prcus-a,0.0,5.902755282186925
0.311,11,ifrms,-1.678228746257957,5.902755282186925
0.311,11,sspls-v,1.0800572525245125,5.902755282186925
0.311,12,mcgs,0.08365635751263671,5.388725656989783
0.311,12,pos,-0.2365773881845519,5.388725656989783
0.311,12,sbps,-1.2264199384377328,5.388725656989783
0.311,12,prculs-d,-0.0,5.388725656989783
0.311,12,prcus-p,2.129572768528717,5.388725656989783
0.311,12,prcus-i,0.0,5.388725656989783
0.311,12,prcus-a,-0.0,5.388725656989783
0.311,12,ifrms,-1.7144430770478403,5.388725656989783
0.311,12,sspls-v,0.9163909312036098,5.388725656989783
0.311,13,mcgs,0.6119389461751673,5.463675102465852
0.311,13,pos,0.0,5.463675102465852
0.311,13,sbps,-1.6459232507476003,5.463675102465852
0.311,13,prculs-d,-0.016179803683370318,5.463675102465852
0.311,13,prcus-p,1.8867660729911777,5.463675102465852
0.311,13,prcus-i,-0.11865252552174746,5.463675102465852
0.311,13,prcus-a,0.16793732897182337,5.463675102465852
0.311,13,ifrms,-1.6126621466414197,5.463675102465852
0.311,13,sspls-v,0.971737541328058,5.463675102465852
0.311,14,mcgs,0.0,5.530647820630646
0.311,14,pos,0.0,5.530647820630646
0.311,14,sbps,-0.7639524408072835,5.530647820630646
0.311,14,prculs-d,-0.0,5.530647820630646
0.311,14,prcus-p,1.9442388140973477,5.530647820630646
0.311,14,prcus-i,-0.0,5.530647820630646
0.311,14,prcus-a,0.29188875859626695,5.530647820630646
0.311,14,ifrms,-1.430971856333953,5.530647820630646
0.311,14,sspls-v,0.8921265483188563,5.530647820630646
0.311,15,mcgs,0.7170021061756708,5.327513298898625
0.311,15,pos,-0.0,5.327513298898625
0.311,15,sbps,-1.3366900539206465,5.327513298898625
0.311,15,prculs-d,0.0,5.327513298898625
0.311,15,prcus-p,1.6998579908387819,5.327513298898625
0.311,15,prcus-i,-0.03100723515442645,5.327513298898625
0.311,15,prcus-a,0.0,5.327513298898625
0.311,15,ifrms,-1.1724308945052708,5.327513298898625
0.311,15,sspls-v,1.6404498246995778,5.327513298898625
0.311,16,mcgs,0.0,5.546598169389568
0.311,16,pos,-0.05955391018059387,5.546598169389568
0.311,16,sbps,-1.2906264986148415,5.546598169389568
0.311,16,prculs-d,-0.03702425267218826,5.546598169389568
0.311,16,prcus-p,2.0035359696809953,5.546598169389568
0.311,16,prcus-i,-0.0,5.546598169389568
0.311,16,prcus-a,-0.0,5.546598169389568
0.311,16,ifrms,-1.8174410638029557,5.546598169389568
0.311,16,sspls-v,0.7169782051425906,5.546598169389568
0.311,17,mcgs,0.12633233167087143,5.690924437451435
0.311,17,pos,-0.06378022529224049,5.690924437451435
0.311,17,sbps,-0.9072208156387257,5.690924437451435
0.311,17,prculs-d,-0.0,5.690924437451435
0.311,17,prcus-p,1.7286702058249486,5.690924437451435
0.311,17,prcus-i,-0.0,5.690924437451435
0.311,17,prcus-a,0.0,5.690924437451435
0.311,17,ifrms,-1.4004976712971149,5.690924437451435
0.311,17,sspls-v,1.1434107707292849,5.690924437451435
0.311,18,mcgs,0.17153433405235832,5.6891902985107725
0.311,18,pos,-0.0,5.6891902985107725
0.311,18,sbps,-1.1555667214253416,5.6891902985107725
0.311,18,prculs-d,-0.029858451016009983,5.6891902985107725
0.311,18,prcus-p,1.875687589988121,5.6891902985107725
0.311,18,prcus-i,-0.0,5.6891902985107725
0.311,18,prcus-a,0.0,5.6891902985107725
0.311,18,ifrms,-1.517099800118332,5.6891902985107725
0.311,18,sspls-v,1.1911551919396661,5.6891902985107725
0.311,19,mcgs,0.42097176958506816,5.500631210680025
0.311,19,pos,-0.0,5.500631210680025
0.311,19,sbps,-1.3659468805225616,5.500631210680025
0.311,19,prculs-d,-0.0,5.500631210680025
0.311,19,prcus-p,2.0176627573754975,5.500631210680025
0.311,19,prcus-i,-0.14411113069752696,5.500631210680025
0.311,19,prcus-a,0.0,5.500631210680025
0.311,19,ifrms,-1.8051709073508888,5.500631210680025
0.311,19,sspls-v,0.8744923272675851,5.500631210680025
0.311,20,mcgs,0.0,5.609603598201339
0.311,20,pos,-0.0,5.609603598201339
0.311,20,sbps,-0.7705783355513285,5.609603598201339
0.311,20,prculs-d,-0.0,5.609603598201339
0.311,20,prcus-p,1.506750759989355,5.609603598201339
0.311,20,prcus-i,-0.0,5.609603598201339
0.311,20,prcus-a,-0.0,5.609603598201339
0.311,20,ifrms,-1.735383547217024,5.609603598201339
0.311,20,sspls-v,1.1247424527226526,5.609603598201339
0.311,21,mcgs,0.24915221057698844,5.828141819783328
0.311,21,pos,-0.0,5.828141819783328
0.311,21,sbps,-1.2238799025827436,5.828141819783328
0.311,21,prculs-d,-0.004455786630035508,5.828141819783328
0.311,21,prcus-p,1.7710222192000111,5.828141819783328
0.311,21,prcus-i,-0.004328447396512942,5.828141819783328
0.311,21,prcus-a,0.0,5.828141819783328
0.311,21,ifrms,-1.5439508001202373,5.828141819783328
0.311,21,sspls-v,1.0503250329979588,5.828141819783328
0.311,22,mcgs,0.2398153984907666,5.902158755898334
0.311,22,pos,-0.0,5.902158755898334
0.311,22,sbps,-1.1904780132882558,5.902158755898334
0.311,22,prculs-d,-0.0,5.902158755898334
0.311,22,prcus-p,1.7585741004558546,5.902158755898334
0.311,22,prcus-i,-0.07009449262659043,5.902158755898334
0.311,22,prcus-a,0.0,5.902158755898334
0.311,22,ifrms,-1.6522620222112492,5.902158755898334
0.311,22,sspls-v,1.0863464639236582,5.902158755898334
0.311,23,mcgs,0.19537270093524536,5.840527769462673
0.311,23,pos,-0.0,5.840527769462673
0.311,23,sbps,-1.1802475018872873,5.840527769462673
0.311,23,prculs-d,-0.14697753235879282,5.840527769462673
0.311,23,prcus-p,1.7459251199704084,5.840527769462673
0.311,23,prcus-i,-0.29681782667559936,5.840527769462673
0.311,23,prcus-a,0.0,5.840527769462673
0.311,23,ifrms,-1.7194182742341144,5.840527769462673
0.311,23,sspls-v,1.1689205783644663,5.840527769462673
0.311,24,mcgs,0.15350096095026758,5.607741101661893
0.311,24,pos,-0.0,5.607741101661893
0.311,24,sbps,-1.6113584707591553,5.607741101661893
0.311,24,prculs-d,-0.31317586323533714,5.607741101661893
0.311,24,prcus-p,1.4794081047336882,5.607741101661893
0.311,24,prcus-i,-0.028312108513449192,5.607741101661893
0.311,24,prcus-a,-0.0,5.607741101661893
0.311,24,ifrms,-1.8723266529236133,5.607741101661893
0.311,24,sspls-v,1.2081047327007897,5.607741101661893
0.311,25,mcgs,0.2380125868971249,5.937066063807983
0.311,25,pos,-0.009626196754009443,5.937066063807983
0.311,25,sbps,-1.2207084452875279,5.937066063807983
0.311,25,prculs-d,-0.05441874106214885,5.937066063807983
0.311,25,prcus-p,1.6338057753309696,5.937066063807983
0.311,25,prcus-i,-0.13958377654744605,5.937066063807983
0.311,25,prcus-a,0.0,5.937066063807983
0.311,25,ifrms,-1.713300364105942,5.937066063807983
0.311,25,sspls-v,1.1339555963569623,5.937066063807983
0.311,26,mcgs,0.29617981422360545,5.858865301089992
0.311,26,pos,-0.0,5.858865301089992
0.311,26,sbps,-1.2690532943255912,5.858865301089992
0.311,26,prculs-d,-0.0,5.858865301089992
0.311,26,prcus-p,1.7466458761174128,5.858865301089992
0.311,26,prcus-i,-0.07065617353341894,5.858865301089992
0.311,26,prcus-a,0.0,5.858865301089992
0.311,26,ifrms,-1.6457236698752713,5.858865301089992
0.311,26,sspls-v,1.102323662650432,5.858865301089992
0.311,27,mcgs,0.2592808756199203,5.858797438100419
0.311,27,pos,-0.0,5.858797438100419
0.311,27,sbps,-1.2002138215288802,5.858797438100419
0.311,27,prculs-d,-0.0,5.858797438100419
0.311,27,prcus-p,1.743991702071763,5.858797438100419
0.311,27,prcus-i,-0.03393063778936313,5.858797438100419
0.311,27,prcus-a,0.0,5.858797438100419
0.311,27,ifrms,-1.6764431212930675,5.858797438100419
0.311,27,sspls-v,1.0384782350184856,5.858797438100419
0.311,28,mcgs,0.2431350672899183,5.890136872336113
0.311,28,pos,-0.0,5.890136872336113
0.311,28,sbps,-1.2433904984873623,5.890136872336113
0.311,28,prculs-d,-0.0,5.890136872336113
0.311,28,prcus-p,1.7222649929967868,5.890136872336113
0.311,28,prcus-i,-0.09990641439687167,5.890136872336113
0.311,28,prcus-a,0.0,5.890136872336113
0.311,28,ifrms,-1.6680911383208201,5.890136872336113
0.311,28,sspls-v,1.0615565901006203,5.890136872336113
0.311,29,mcgs,0.013597413109680385,5.604804665414772
0.311,29,pos,-0.0,5.604804665414772
0.311,29,sbps,-1.1972742371069909,5.604804665414772
0.311,29,prculs-d,0.0,5.604804665414772
0.311,29,prcus-p,1.2101614917081651,5.604804665414772
0.311,29,prcus-i,-0.0,5.604804665414772
0.311,29,prcus-a,0.0,5.604804665414772
0.311,29,ifrms,-1.7490177102168374,5.604804665414772
0.311,29,sspls-v,0.8834489087896884,5.604804665414772
0.311,30,mcgs,0.0,5.726129822453039
0.311,30,pos,-0.0,5.726129822453039
0.311,30,sbps,-1.2974409406914675,5.726129822453039
0.311,30,prculs-d,-0.0,5.726129822453039
0.311,30,prcus-p,1.7268942552964135,5.726129822453039
0.311,30,prcus-i,-0.13971029997527193,5.726129822453039
0.311,30,prcus-a,0.0,5.726129822453039
0.311,30,ifrms,-1.7420313971916828,5.726129822453039
0.311,30,sspls-v,0.9548601304797592,5.726129822453039
0.311,31,mcgs,0.09751218845542424,5.56857021804224
0.311,31,pos,-0.0,5.56857021804224
0.311,31,sbps,-1.3050171496009173,5.56857021804224
0.311,31,prculs-d,-0.0,5.56857021804224
0.311,31,prcus-p,1.6644782332080197,5.56857021804224
0.311,31,prcus-i,-0.11802919798916639,5.56857021804224
0.311,31,prcus-a,0.0,5.56857021804224
0.311,31,ifrms,-1.558941466077107,5.56857021804224
0.311,31,sspls-v,1.0738184311893832,5.56857021804224
0.311,32,mcgs,0.3075241596029273,5.824839705223315
0.311,32,pos,-0.2572761808841724,5.824839705223315
0.311,32,sbps,-1.2365746574349705,5.824839705223315
0.311,32,prculs-d,-0.0,5.824839705223315
0.311,32,prcus-p,1.6957000189227482,5.824839705223315
0.311,32,prcus-i,-0.21511262431904227,5.824839705223315
0.311,32,prcus-a,0.0,5.824839705223315
0.311,32,ifrms,-1.4773680315876043,5.824839705223315
0.311,32,sspls-v,0.903025419639723,5.824839705223315
0.311,33,mcgs,0.17201268160349706,5.874167406230717
0.311,33,pos,-0.0,5.874167406230717
0.311,33,sbps,-1.1435062539602185,5.874167406230717
0.311,33,prculs-d,-0.18471761548482746,5.874167406230717
0.311,33,prcus-p,1.743620962272728,5.874167406230717
0.311,33,prcus-i,-0.0585461819885919,5.874167406230717
0.311,33,prcus-a,0.0,5.874167406230717
0.311,33,ifrms,-1.6563188319798092,5.874167406230717
0.311,33,sspls-v,1.134431542270437,5.874167406230717
0.311,34,mcgs,0.06204754751693799,5.73906385397786
0.311,34,pos,-0.06683272805699461,5.73906385397786
0.311,34,sbps,-1.1948400922049445,5.73906385397786
0.311,34,prculs-d,-0.02369189577821118,5.73906385397786
0.311,34,prcus-p,1.8736815989228934,5.73906385397786
0.311,34,prcus-i,-0.10569020850569782,5.73906385397786
0.311,34,prcus-a,-0.0,5.73906385397786
0.311,34,ifrms,-1.6376958227003702,5.73906385397786
0.311,34,sspls-v,0.8818637189370909,5.73906385397786
0.332,0,mcgs,0.2707856326130712,5.761078362451256
0.332,0,pos,-0.0,5.761078362451256
0.332,0,sbps,-1.2147131962370896,5.761078362451256
0.332,0,prculs-d,-0.0,5.761078362451256
0.332,0,prcus-p,1.7065743095989188,5.761078362451256
0.332,0,prcus-i,-0.01777618600992604,5.761078362451256
0.332,0,prcus-a,0.0,5.761078362451256
0.332,0,ifrms,-1.6485639601143418,5.761078362451256
0.332,0,sspls-v,1.0285000303488023,5.761078362451256
0.332,1,mcgs,0.1401554681904221,5.787148266178892
0.332,1,pos,-0.0,5.787148266178892
0.332,1,sbps,-1.0633208843222282,5.787148266178892
0.332,1,prculs-d,-0.0,5.787148266178892
0.332,1,prcus-p,1.7119234216784107,5.787148266178892
0.332,1,prcus-i,-0.09759583246230286,5.787148266178892
0.332,1,prcus-a,0.0,5.787148266178892
0.332,1,ifrms,-1.5362984095068808,5.787148266178892
0.332,1,sspls-v,0.9902223420123012,5.787148266178892
0.332,2,mcgs,0.2852870729258973,5.72531476085184
0.332,2,pos,-0.0,5.72531476085184
0.332,2,sbps,-1.2580091249729415,5.72531476085184
0.332,2,prculs-d,-0.20421666584428172,5.72531476085184
0.332,2,prcus-p,1.4446817327789747,5.72531476085184
0.332,2,prcus-i,-0.0,5.72531476085184
0.332,2,prcus-a,-0.0,5.72531476085184
0.332,2,ifrms,-1.6158643172106522,5.72531476085184
0.332,2,sspls-v,0.899620441752474,5.72531476085184
0.332,3,mcgs,0.1421335810839851,5.748437312135357
0.332,3,pos,-0.0,5.748437312135357
0.332,3,sbps,-1.2729763712267894,5.748437312135357
0.332,3,prculs-d,-0.14151655234998228,5.748437312135357
0.332,3,prcus-p,1.2958217975653101,5.748437312135357
0.332,3,prcus-i,-0.011142770992415488,5.748437312135357
0.332,3,prcus-a,0.0,5.748437312135357
0.332,3,ifrms,-1.728563335435678,5.748437312135357
0.332,3,sspls-v,1.3027389422698772,5.748437312135357
0.332,4,mcgs,0.6402980428978109,5.73621695038769
0.332,4,pos,0.0,5.73621695038769
0.332,4,sbps,-0.8892564434024004,5.73621695038769
0.332,4,prculs-d,-0.17202137877300946,5.73621695038769
0.332,4,prcus-p,1.4429769250063231,5.73621695038769
0.332,4,prcus-i,-0.22912069502070706,5.73621695038769
0.332,4,prcus-a,-0.0,5.73621695038769
0.332,4,ifrms,-2.133305247409763,5.73621695038769
0.332,4,sspls-v,0.9753669998795336,5.73621695038769
0.332,5,mcgs,0.0,5.431169454716588
0.332,5,pos,-0.0,5.431169454716588
0.332,5,sbps,-1.1945507189988933,5.431169454716588
0.332,5,prculs-d,-0.02421567093000795,5.431169454716588
0.332,5,prcus-p,1.7124938235782323,5.431169454716588
0.332,5,prcus-i,-0.5718078082587482,5.431169454716588
0.332,5,prcus-a,-0.0,5.431169454716588
0.332,5,ifrms,-1.5442192180533956,5.431169454716588
0.332,5,sspls-v,1.071995404211735,5.431169454716588
0.332,6,mcgs,0.21016053062505935,5.658967014368131
0.332,6,pos,-0.11841052821188075,5.658967014368131
0.332,6,sbps,-1.5261867981312471,5.658967014368131
0.332,6,prculs-d,-0.0,5.658967014368131
0.332,6,prcus-p,1.9610500847405536,5.658967014368131
0.332,6,prcus-i,-0.0,5.658967014368131
0.332,6,prcus-a,0.0,5.658967014368131
0.332,6,ifrms,-1.6674035589399077,5.658967014368131
0.332,6,sspls-v,1.2912398880642397,5.658967014368131
0.332,7,mcgs,0.0,5.702642946787385
0.332,7,pos,-0.017261332050882316,5.702642946787385
0.332,7,sbps,-0.9336396215094547,5.702642946787385
0.332,7,prculs-d,-0.18057223659849259,5.702642946787385
0.332,7,prcus-p,1.3160604610405824,5.702642946787385
0.332,7,prcus-i,-0.0,5.702642946787385
0.332,7,prcus-a,0.0,5.702642946787385
0.332,7,ifrms,-1.156340411611795,5.702642946787385
0.332,7,sspls-v,0.6889963198977245,5.702642946787385
0.332,8,mcgs,0.5008850280063438,5.872311671854225
0.332,8,pos,-0.058557822677892696,5.872311671854225
0.332,8,sbps,-0.9265620141155996,5.872311671854225
0.332,8,prculs-d,-0.0,5.872311671854225
0.332,8,prcus-p,1.38537975947161,5.872311671854225
0.332,8,prcus-i,-0.1960083406035107,5.872311671854225
0.332,8,prcus-a,0.0,5.872311671854225
0.332,8,ifrms,-1.5048750218648475,5.872311671854225
0.332,8,sspls-v,0.7448685296607511,5.872311671854225
0.332,9,mcgs,0.14251805603880535,5.693395981348134
0.332,9,pos,-0.0,5.693395981348134
0.332,9,sbps,-1.2746356429524355,5.693395981348134
0.332,9,prculs-d,-0.056453515536083056,5.693395981348134
0.332,9,prcus-p,1.7703897678488059,5.693395981348134
0.332,9,prcus-i,-0.0,5.693395981348134
0.332,9,prcus-a,0.0,5.693395981348134
0.332,9,ifrms,-1.6126116909518542,5.693395981348134
0.332,9,sspls-v,1.0579017154229962,5.693395981348134
0.332,10,mcgs,0.07385236468384246,5.6336447328607395
0.332,10,pos,-0.0,5.6336447328607395
0.332,10,sbps,-1.2928875199591725,5.6336447328607395
0.332,10,prculs-d,-0.0,5.6336447328607395
0.332,10,prcus-p,1.6729276010502265,5.6336447328607395
0.332,10,prcus-i,-0.15524219420833107,5.6336447328607395
0.332,10,prcus-a,-0.0,5.6336447328607395
0.332,10,ifrms,-1.5655209249787387,5.6336447328607395
0.332,10,sspls-v,1.1688042165970431,5.6336447328607395
0.332,11,mcgs,0.2228016203979383,5.888144357895642
0.332,11,pos,-0.0,5.888144357895642
0.332,11,sbps,-1.1688481280109513,5.888144357895642
0.332,11,prculs-d,-0.01485787986559514,5.888144357895642
0.332,11,prcus-p,1.7277868825417992,5.888144357895642
0.332,11,prcus-i,-0.03903221957363917,5.888144357895642
0.332,11,prcus-a,0.0,5.888144357895642
0.332,11,ifrms,-1.63675837376931,5.888144357895642
0.332,11,sspls-v,1.0402779878025006,5.888144357895642
0.332,12,mcgs,0.05820279617263971,5.3695085652851136
0.332,12,pos,-0.22489132370787632,5.3695085652851136
0.332,12,sbps,-1.1842122011720733,5.3695085652851136
0.332,12,prculs-d,-0.0,5.3695085652851136
0.332,12,prcus-p,2.10024484287741,5.3695085652851136
0.332,12,prcus-i,0.0,5.3695085652851136
0.332,12,prcus-a,-0.0,5.3695085652851136
0.332,12,ifrms,-1.6849966813826975,5.3695085652851136
0.332,12,sspls-v,0.8820629846348951,5.3695085652851136
0.332,13,mcgs,0.5711983856115962,5.455389795498872
0.332,13,pos,0.0,5.455389795498872
0.332,13,sbps,-1.6016395909085428,5.455389795498872
0.332,13,prculs-d,-0.0,5.455389795498872
0.332,13,prcus-p,1.870712389358128,5.455389795498872
0.332,13,prcus-i,-0.10629056767430027,5.455389795498872
0.332,13,prcus-a,0.13741662910551555,5.455389795498872
0.332,13,ifrms,-1.5652577876006448,5.455389795498872
0.332,13,sspls-v,0.9389176558752739,5.455389795498872
0.332,14,mcgs,0.0,5.50994669873173
0.332,14,pos,0.0,5.50994669873173
0.332,14,sbps,-0.7240981774590989,5.50994669873173
0.332,14,prculs-d,-0.0,5.50994669873173
0.332,14,prcus-p,1.918091333450639,5.50994669873173
0.332,14,prcus-i,-0.0,5.50994669873173
0.332,14,prcus-a,0.2747364105988934,5.50994669873173
0.332,14,ifrms,-1.3994961087447626,5.50994669873173
0.332,14,sspls-v,0.8610828209682607,5.50994669873173
0.332,15,mcgs,0.6876120015544434,5.320971878904267
0.332,15,pos,-0.0,5.320971878904267
0.332,15,sbps,-1.291624685415993,5.320971878904267
0.332,15,prculs-d,0.0,5.320971878904267
0.332,15,prcus-p,1.6764357920491577,5.320971878904267
0.332,15,prcus-i,-0.003279504768923216,5.320971878904267
0.332,15,prcus-a,0.0,5.320971878904267
0.332,15,ifrms,-1.140756802313369,5.320971878904267
0.332,15,sspls-v,1.5999161553241146,5.320971878904267
0.332,16,mcgs,0.0,5.528052186294551
0.332,16,pos,-0.05230887654031579,5.528052186294551
0.332,16,sbps,-1.2507592679159942,5.528052186294551
0.332,16,prculs-d,-0.015197778000508562,5.528052186294551
0.332,16,prcus-p,1.9770949946129033,5.528052186294551
0.332,16,prcus-i,-0.0,5.528052186294551
0.332,16,prcus-a,-0.0,5.528052186294551
0.332,16,ifrms,-1.785328227224712,5.528052186294551
0.332,16,sspls-v,0.6887388109055941,5.528052186294551
0.332,17,mcgs,0.09990191130618324,5.671575761178894
0.332,17,pos,-0.053422468844759846,5.671575761178894
0.332,17,sbps,-0.8641906404183458,5.671575761178894
0.332,17,prculs-d,-0.0,5.671575761178894
0.332,17,prcus-p,1.699242910784247,5.671575761178894
0.332,17,prcus-i,-0.0,5.671575761178894
0.332,17,prcus-a,0.0,5.671575761178894
0.332,17,ifrms,-1.3691817168278382,5.671575761178894
0.332,17,sspls-v,1.1104063007684373,5.671575761178894
0.332,18,mcgs,0.1446891445569461,5.669901172855994
0.332,18,pos,-0.0,5.669901172855994
0.332,18,sbps,-1.1179040398186897,5.669901172855994
0.332,18,prculs-d,-0.005326352048167564,5.669901172855994
0.332,18,prcus-p,1.855844723874375,5.669901172855994
0.332,18,prcus-i,-0.0,5.669901172855994
0.332,18,prcus-a,0.0,5.669901172855994
0.332,18,ifrms,-1.4777230957554504,5.669901172855994
0.332,18,sspls-v,1.1563023095564666,5.669901172855994
0.332,19,mcgs,0.3905723538238366,5.499967868221722
0.332,19,pos,-0.0,5.499967868221722
0.332,19,sbps,-1.3203905487469985,5.499967868221722
0.332,19,prculs-d,-0.0,5.499967868221722
0.332,19,prcus-p,1.993539939103643,5.499967868221722
0.332,19,prcus-i,-0.11562535454943505,5.499967868221722
0.332,19,prcus-a,0.0,5.499967868221722
0.332,19,ifrms,-1.7690796137447184,5.499967868221722
0.332,19,sspls-v,0.8352976195427989,5.499967868221722
0.332,20,mcgs,0.0,5.590932575895143
0.332,20,pos,-0.0,5.590932575895143
0.332,20,sbps,-0.7292004227839699,5.590932575895143
0.332,20,prculs-d,0.0,5.590932575895143
0.332,20,prcus-p,1.474382121176416,5.590932575895143
0.332,20,prcus-i,-0.0,5.590932575895143
0.332,20,prcus-a,0.0,5.590932575895143
0.332,20,ifrms,-1.7101360400415246,5.590932575895143
0.332,20,sspls-v,1.0929656447770222,5.590932575895143
0.332,21,mcgs,0.22313475062673613,5.807562688203399
0.332,21,pos,-0.0,5.807562688203399
0.332,21,sbps,-1.1801676795447256,5.807562688203399
0.332,21,prculs-d,-0.0,5.807562688203399
0.332,21,prcus-p,1.7453720634843501,5.807562688203399
0.332,21,prcus-i,-0.0,5.807562688203399
0.332,21,prcus-a,0.0,5.807562688203399
0.332,21,ifrms,-1.5083829962532247,5.807562688203399
0.332,21,sspls-v,1.0134233285268681,5.807562688203399
0.332,22,mcgs,0.2103439055853979,5.885447326683426
0.332,22,pos,-0.0,5.885447326683426
0.332,22,sbps,-1.14889152992677,5.885447326683426
0.332,22,prculs-d,-0.0,5.885447326683426
0.332,22,prcus-p,1.7352770467051426,5.885447326683426
0.332,22,prcus-i,-0.04313687197200882,5.885447326683426
0.332,22,prcus-a,0.0,5.885447326683426
0.332,22,ifrms,-1.6185514508720462,5.885447326683426
0.332,22,sspls-v,1.0471819586618365,5.885447326683426
0.332,23,mcgs,0.16638953918813207,5.8330083223557985
0.332,23,pos,-0.0,5.8330083223557985
0.332,23,sbps,-1.1378311866970359,5.8330083223557985
0.332,23,prculs-d,-0.12640121562142556,5.8330083223557985
0.332,23,prcus-p,1.7270378588948379,5.8330083223557985
0.332,23,prcus-i,-0.27116525282706216,5.8330083223557985
0.332,23,prcus-a,0.0,5.8330083223557985
0.332,23,ifrms,-1.6773627717020174,5.8330083223557985
0.332,23,sspls-v,1.1281322434188221,5.8330083223557985
0.332,24,mcgs,0.12497977276326451,5.597753817430975
0.332,24,pos,-0.0,5.597753817430975
0.332,24,sbps,-1.5677070414096768,5.597753817430975
0.332,24,prculs-d,-0.29073081790546274,5.597753817430975
0.332,24,prcus-p,1.4642189726445023,5.597753817430975
0.332,24,prcus-i,-0.004043310963323619,5.597753817430975
0.332,24,prcus-a,-0.0,5.597753817430975
0.332,24,ifrms,-1.8289359669423897,5.597753817430975
0.332,24,sspls-v,1.1671881921877032,5.597753817430975
0.332,25,mcgs,0.2081866633196703,5.92708132346516
0.332,25,pos,-0.00856813291444587,5.92708132346516
0.332,25,sbps,-1.1810341755173357,5.92708132346516
0.332,25,prculs-d,-0.03110894034639149,5.92708132346516
0.332,25,prcus-p,1.6217111632672017,5.92708132346516
0.332,25,prcus-i,-0.11233410784869682,5.92708132346516
0.332,25,prcus-a,0.0,5.92708132346516
0.332,25,ifrms,-1.6690878573003918,5.92708132346516
0.332,25,sspls-v,1.0926701026809067,5.92708132346516
0.332,26,mcgs,0.2633346022976233,5.846862233018909
0.332,26,pos,-0.0,5.846862233018909
0.332,26,sbps,-1.2239608736253995,5.846862233018909
0.332,26,prculs-d,-0.0,5.846862233018909
0.332,26,prcus-p,1.7236343905131533,5.846862233018909
0.332,26,prcus-i,-0.043425262673960394,5.846862233018909
0.332,26,prcus-a,0.0,5.846862233018909
0.332,26,ifrms,-1.6080860076642385,5.846862233018909
0.332,26,sspls-v,1.0606532733664316,5.846862233018909
0.332,27,mcgs,0.23230650124980112,5.839953303256103
0.332,27,pos,-0.0,5.839953303256103
0.332,27,sbps,-1.153118701805598,5.839953303256103
0.332,27,prculs-d,-0.0,5.839953303256103
0.332,27,prcus-p,1.7195801061698912,5.839953303256103
0.332,27,prcus-i,-0.0038448104890305666,5.839953303256103
0.332,27,prcus-a,0.0,5.839953303256103
0.332,27,ifrms,-1.642294180746155,5.839953303256103
0.332,27,sspls-v,0.9954746892854397,5.839953303256103
0.332,28,mcgs,0.21301362831273604,5.87856708140543
0.332,28,pos,-0.0,5.87856708140543
0.332,28,sbps,-1.1998498517786373,5.87856708140543
0.332,28,prculs-d,-0.0,5.87856708140543
0.332,28,prcus-p,1.6988903142048803,5.87856708140543
0.332,28,prcus-i,-0.07142652271018021,5.87856708140543
0.332,28,prcus-a,0.0,5.87856708140543
0.332,28,ifrms,-1.6324792228456027,5.87856708140543
0.332,28,sspls-v,1.0229304542013495,5.87856708140543
0.332,29,mcgs,0.0,5.580280357302642
0.332,29,pos,-0.0,5.580280357302642
0.332,29,sbps,-1.1548151355065397,5.580280357302642
0.332,29,prculs-d,0.0,5.580280357302642
0.332,29,prcus-p,1.180081705505361,5.580280357302642
0.332,29,prcus-i,-0.0,5.580280357302642
0.332,29,prcus-a,0.0,5.580280357302642
0.332,29,ifrms,-1.71967713587319,5.580280357302642
0.332,29,sspls-v,0.8477488440094838,5.580280357302642
0.332,30,mcgs,0.0,5.706910601822589
0.332,30,pos,-0.0,5.706910601822589
0.332,30,sbps,-1.2535108509430026,5.706910601822589
0.332,30,prculs-d,-0.0,5.706910601822589
0.332,30,prcus-p,1.7000303036831554,5.706910601822589
0.332,30,prcus-i,-0.11367913976430348,5.706910601822589
0.332,30,prcus-a,0.0,5.706910601822589
0.332,30,ifrms,-1.7138392899561308,5.706910601822589
0.332,30,sspls-v,0.9184336858970913,5.706910601822589
0.332,31,mcgs,0.06744581075639347,5.556714154529309
0.332,31,pos,-0.0,5.556714154529309
0.332,31,sbps,-1.2601941075562157,5.556714154529309
0.332,31,prculs-d,-0.0,5.556714154529309
0.332,31,prcus-p,1.6408676219045037,5.556714154529309
0.332,31,prcus-i,-0.0898310050316002,5.556714154529309
0.332,31,prcus-a,0.0,5.556714154529309
0.332,31,ifrms,-1.5232134596326294,5.556714154529309
0.332,31,sspls-v,1.0327625007074168,5.556714154529309
0.332,32,mcgs,0.2791189657984764,5.824755559210182
0.332,32,pos,-0.2510715235552993,5.824755559210182
0.332,32,sbps,-1.19214269460532,5.824755559210182
0.332,32,prculs-d,-0.0,5.824755559210182
0.332,32,prcus-p,1.6712324364482642,5.824755559210182
0.332,32,prcus-i,-0.18832533053297115,5.824755559210182
0.332,32,prcus-a,0.0,5.824755559210182
0.332,32,ifrms,-1.4449037144988424,5.824755559210182
0.332,32,sspls-v,0.8639871026509983,5.824755559210182
0.332,33,mcgs,0.14319857277565454,5.857432262018993
0.332,33,pos,-0.0,5.857432262018993
0.332,33,sbps,-1.1021890681742288,5.857432262018993
0.332,33,prculs-d,-0.1669122681479939,5.857432262018993
0.332,33,prcus-p,1.7246276064823296,5.857432262018993
0.332,33,prcus-i,-0.033649118534625204,5.857432262018993
0.332,33,prcus-a,0.0,5.857432262018993
0.332,33,ifrms,-1.615739727557523,5.857432262018993
0.332,33,sspls-v,1.095311680915435,5.857432262018993
0.332,34,mcgs,0.03188071403597396,5.719939298752086
0.332,34,pos,-0.06965252825909621,5.719939298752086
0.332,34,sbps,-1.151036207375885,5.719939298752086
0.332,34,prculs-d,-0.003411467869861221,5.719939298752086
0.332,34,prcus-p,1.8566710565780284,5.719939298752086
0.332,34,prcus-i,-0.08110110278251619,5.719939298752086
0.332,34,prcus-a,-0.0,5.719939298752086
0.332,34,ifrms,-1.5948969927661882,5.719939298752086
0.332,34,sspls-v,0.8415897780066035,5.719939298752086
0.355,0,mcgs,0.23977777867576577,5.741578170299073
0.355,0,pos,-0.0,5.741578170299073
0.355,0,sbps,-1.1661205873751181,5.741578170299073
0.355,0,prculs-d,-0.0,5.741578170299073
0.355,0,prcus-p,1.6792838103648153,5.741578170299073
0.355,0,prcus-i,-0.0,5.741578170299073
0.355,0,prcus-a,0.0,5.741578170299073
0.355,0,ifrms,-1.6102996925831423,5.741578170299073
0.355,0,sspls-v,0.9861692745254999,5.741578170299073
0.355,1,mcgs,0.10544343801834627,5.767756782105885
0.355,1,pos,-0.0,5.767756782105885
0.355,1,sbps,-1.0103040861308834,5.767756782105885
0.355,1,prculs-d,-0.0,5.767756782105885
0.355,1,prcus-p,1.6851770780011726,5.767756782105885
0.355,1,prcus-i,-0.06889135983914245,5.767756782105885
0.355,1,prcus-a,0.0,5.767756782105885
0.355,1,ifrms,-1.4943545286103035,5.767756782105885
0.355,1,sspls-v,0.9432559021120746,5.767756782105885
0.355,2,mcgs,0.2557962684354092,5.718524669258663
0.355,2,pos,-0.0,5.718524669258663
0.355,2,sbps,-1.2147128635142124,5.718524669258663
0.355,2,prculs-d,-0.17843818491217062,5.718524669258663
0.355,2,prcus-p,1.4231913465409636,5.718524669258663
0.355,2,prcus-i,-0.0,5.718524669258663
0.355,2,prcus-a,-0.0,5.718524669258663
0.355,2,ifrms,-1.5710467131156096,5.718524669258663
0.355,2,sspls-v,0.8620830990754775,5.718524669258663
0.355,3,mcgs,0.11165194230221512,5.719204628157459
0.355,3,pos,-0.0,5.719204628157459
0.355,3,sbps,-1.2271447176514974,5.719204628157459
0.355,3,prculs-d,-0.11604845240652073,5.719204628157459
0.355,3,prcus-p,1.277351584591682,5.719204628157459
0.355,3,prcus-i,-0.0,5.719204628157459
0.355,3,prcus-a,0.0,5.719204628157459
0.355,3,ifrms,-1.6824825741292497,5.719204628157459
0.355,3,sspls-v,1.2628373444328702,5.719204628157459
0.355,4,mcgs,0.606323472219569,5.734434040094938
0.355,4,pos,0.0,5.734434040094938
0.355,4,sbps,-0.8450850157074709,5.734434040094938
0.355,4,prculs-d,-0.1495372155779261,5.734434040094938
0.355,4,prcus-p,1.4241511931673494,5.734434040094938
0.355,4,prcus-i,-0.20104392892211478,5.734434040094938
0.355,4,prcus-a,0.0,5.734434040094938
0.355,4,ifrms,-2.086799539191925,5.734434040094938
0.355,4,sspls-v,0.932097756867767,5.734434040094938
0.355,5,mcgs,0.0,5.4182812585153375
0.355,5,pos,-0.0,5.4182812585153375
0.355,5,sbps,-1.1483463966502472,5.4182812585153375
0.355,5,prculs-d,-0.0016183676517712903,5.4182812585153375
0.355,5,prcus-p,1.6877819836883625,5.4182812585153375
0.355,5,prcus-i,-0.5474847943612433,5.4182812585153375
0.355,5,prcus-a,-0.0,5.4182812585153375
0.355,5,ifrms,-1.5061583686192546,5.4182812585153375
0.355,5,sspls-v,1.0308399359869271,5.4182812585153375
0.355,6,mcgs,0.1814654958708281,5.647393533484519
0.355,6,pos,-0.09650100240471383,5.647393533484519
0.355,6,sbps,-1.4639020269832848,5.647393533484519
0.355,6,prculs-d,-0.0,5.647393533484519
0.355,6,prcus-p,1.9167958145642672,5.647393533484519
0.355,6,prcus-i,-0.0,5.647393533484519
0.355,6,prcus-a,0.0,5.647393533484519
0.355,6,ifrms,-1.634397569225862,5.647393533484519
0.355,6,sspls-v,1.2404983213545384,5.647393533484519
0.355,7,mcgs,0.0,5.687330207137828
0.355,7,pos,-0.011074416147090293,5.687330207137828
0.355,7,sbps,-0.8843449259527507,5.687330207137828
0.355,7,prculs-d,-0.1613007778214816,5.687330207137828
0.355,7,prcus-p,1.2806139802294754,5.687330207137828
0.355,7,prcus-i,-0.0,5.687330207137828
0.355,7,prcus-a,0.0,5.687330207137828
0.355,7,ifrms,-1.116215626668555,5.687330207137828
0.355,7,sspls-v,0.6471998369607419,5.687330207137828
0.355,8,mcgs,0.4782296450612045,5.8652431133096155
0.355,8,pos,-0.05401603867710062,5.8652431133096155
0.355,8,sbps,-0.8731099604540865,5.8652431133096155
0.355,8,prculs-d,-0.0,5.8652431133096155
0.355,8,prcus-p,1.3535412184403568,5.8652431133096155
0.355,8,prcus-i,-0.16932101826329127,5.8652431133096155
0.355,8,prcus-a,0.0,5.8652431133096155
0.355,8,ifrms,-1.467002008667961,5.8652431133096155
0.355,8,sspls-v,0.697763011242729,5.8652431133096155
0.355,9,mcgs,0.11358891356364478,5.678044183911722
0.355,9,pos,-0.0,5.678044183911722
0.355,9,sbps,-1.2289137598725375,5.678044183911722
0.355,9,prculs-d,-0.02924008068790423,5.678044183911722
0.355,9,prcus-p,1.7467993404780744,5.678044183911722
0.355,9,prcus-i,-0.0,5.678044183911722
0.355,9,prcus-a,0.0,5.678044183911722
0.355,9,ifrms,-1.5672650332160478,5.678044183911722
0.355,9,sspls-v,1.0187819064795638,5.678044183911722
0.355,10,mcgs,0.042714036523478036,5.621304275662552
0.355,10,pos,-0.0,5.621304275662552
0.355,10,sbps,-1.243469139231681,5.621304275662552
0.355,10,prculs-d,-0.0,5.621304275662552
0.355,10,prcus-p,1.6476991077533416,5.621304275662552
0.355,10,prcus-i,-0.12413046293248987,5.621304275662552
0.355,10,prcus-a,0.0,5.621304275662552
0.355,10,ifrms,-1.527189247885836,5.621304275662552
0.355,10,sspls-v,1.1241610081995104,5.621304275662552
0.355,11,mcgs,0.18992398846763037,5.86755520267219
0.355,11,pos,-0.0,5.86755520267219
0.355,11,sbps,-1.122883376650594,5.86755520267219
0.355,11,prculs-d,-0.0,5.86755520267219
0.355,11,prcus-p,1.7056993415850938,5.86755520267219
0.355,11,prcus-i,-0.01125658821383739,5.86755520267219
0.355,11,prcus-a,0.0,5.86755520267219
0.355,11,ifrms,-1.5940902642025314,5.86755520267219
0.355,11,sspls-v,0.9963176288053058,5.86755520267219
0.355,12,mcgs,0.030325086133595584,5.350382922055934
0.355,12,pos,-0.21209230070961202,5.350382922055934
0.355,12,sbps,-1.137984679404922,5.350382922055934
0.355,12,prculs-d,-0.0,5.350382922055934
0.355,12,prcus-p,2.0681237814497866,5.350382922055934
0.355,12,prcus-i,0.0,5.350382922055934
0.355,12,prcus-a,-0.0,5.350382922055934
0.355,12,ifrms,-1.6527458670827786,5.350382922055934
0.355,12,sspls-v,0.8444657098215406,5.350382922055934
0.355,13,mcgs,0.5267912601997152,5.444787518554456
0.355,13,pos,0.0,5.444787518554456
0.355,13,sbps,-1.5517194173556892,5.444787518554456
0.355,13,prculs-d,-0.0,5.444787518554456
0.355,13,prcus-p,1.8487412305152222,5.444787518554456
0.355,13,prcus-i,-0.08887777838159545,5.444787518554456
0.355,13,prcus-a,0.10584418870331831,5.444787518554456
0.355,13,ifrms,-1.5192957795049202,5.444787518554456
0.355,13,sspls-v,0.9018311328932744,5.444787518554456
0.355,14,mcgs,0.0,5.494813110578518
0.355,14,pos,0.0,5.494813110578518
0.355,14,sbps,-0.6804482699825158,5.494813110578518
0.355,14,prculs-d,-0.0,5.494813110578518
0.355,14,prcus-p,1.889453616551863,5.494813110578518
0.355,14,prcus-i,-0.0,5.494813110578518
0.355,14,prcus-a,0.255950505649389,5.494813110578518
0.355,14,ifrms,-1.365022670908982,5.494813110578518
0.355,14,sspls-v,0.8270825481557039,5.494813110578518
0.355,15,mcgs,0.6574715374741156,5.312330785748353
0.355,15,pos,-0.0,5.312330785748353
0.355,15,sbps,-1.2443083686048504,5.312330785748353
0.355,15,prculs-d,0.0,5.312330785748353
0.355,15,prcus-p,1.6469930098727064,5.312330785748353
0.355,15,prcus-i,-0.0,5.312330785748353
0.355,15,prcus-a,0.0,5.312330785748353
0.355,15,ifrms,-1.1077134803855537,5.312330785748353
0.355,15,sspls-v,1.5602823603645821,5.312330785748353
0.355,16,mcgs,0.0,5.513293795196046
0.355,16,pos,-0.040662976054779726,5.513293795196046
0.355,16,sbps,-1.2066929113439513,5.513293795196046
0.355,16,prculs-d,-0.0,5.513293795196046
0.355,16,prcus-p,1.9454621287223028,5.513293795196046
0.355,16,prcus-i,-0.0,5.513293795196046
0.355,16,prcus-a,-0.0,5.513293795196046
0.355,16,ifrms,-1.754158503945013,5.513293795196046
0.355,16,sspls-v,0.6579911692114208,5.513293795196046
0.355,17,mcgs,0.07095518255426886,5.650896002049243
0.355,17,pos,-0.042077220463678795,5.650896002049243
0.355,17,sbps,-0.817062913991352,5.650896002049243
0.355,17,prculs-d,-0.0,5.650896002049243
0.355,17,prcus-p,1.6670128060801104,5.650896002049243
0.355,17,prcus-i,-0.0,5.650896002049243
0.355,17,prcus-a,0.0,5.650896002049243
0.355,17,ifrms,-1.3348839747078534,5.650896002049243
0.355,17,sspls-v,1.0742587787327635,5.650896002049243
0.355,18,mcgs,0.11501761672224019,5.65071975280597
0.355,18,pos,-0.0,5.65071975280597
0.355,18,sbps,-1.075000541185277,5.65071975280597
0.355,18,prculs-d,-0.0,5.65071975280597
0.355,18,prcus-p,1.8294558726939791,5.65071975280597
0.355,18,prcus-i,-0.0,5.65071975280597
0.355,18,prcus-a,0.0,5.65071975280597
0.355,18,ifrms,-1.4412730518843633,5.65071975280597
0.355,18,sspls-v,1.1181694953781696,5.65071975280597
0.355,19,mcgs,0.3572777556091547,5.497505981437685
0.355,19,pos,-0.0,5.497505981437685
0.355,19,sbps,-1.270495518707097,5.497505981437685
0.355,19,prculs-d,-0.0,5.497505981437685
0.355,19,prcus-p,1.967119709567801,5.497505981437685
0.355,19,prcus-i,-0.08442664733962027,5.497505981437685
0.355,19,prcus-a,0.0,5.497505981437685
0.355,19,ifrms,-1.7295510540808179,5.497505981437685
0.355,19,sspls-v,0.7923700825108903,5.497505981437685
0.355,20,mcgs,0.0,5.577141651858262
0.355,20,pos,-0.0,5.577141651858262
0.355,20,sbps,-0.6838817564197203,5.577141651858262
0.355,20,prculs-d,0.0,5.577141651858262
0.355,20,prcus-p,1.4389307548574823,5.577141651858262
0.355,20,prcus-i,-0.0,5.577141651858262
0.355,20,prcus-a,0.0,5.577141651858262
0.355,20,ifrms,-1.682484008373121,5.577141651858262
0.355,20,sspls-v,1.0581624741699032,5.577141651858262
0.355,21,mcgs,0.19479966113392283,5.78372792008458
0.355,21,pos,-0.0,5.78372792008458
0.355,21,sbps,-1.132499611401215,5.78372792008458
0.355,21,prculs-d,-0.0,5.78372792008458
0.355,21,prcus-p,1.7153390769442387,5.78372792008458
0.355,21,prcus-i,-0.0,5.78372792008458
0.355,21,prcus-a,0.0,5.78372792008458
0.355,21,ifrms,-1.4716312493140868,5.78372792008458
0.355,21,sspls-v,0.9740123440039364,5.78372792008458
0.355,22,mcgs,0.178092768651063,5.864726042279911
0.355,22,pos,-0.0,5.864726042279911
0.355,22,sbps,-1.1033380725577768,5.864726042279911
0.355,22,prculs-d,-0.0,5.864726042279911
0.355,22,prcus-p,1.7097505760792555,5.864726042279911
0.355,22,prcus-i,-0.013613482092728198,5.864726042279911
0.355,22,prcus-a,0.0,5.864726042279911
0.355,22,ifrms,-1.5816380799637022,5.864726042279911
0.355,22,sspls-v,1.0042886609636839,5.864726042279911
0.355,23,mcgs,0.13464603040127973,5.824277230010683
0.355,23,pos,-0.0,5.824277230010683
0.355,23,sbps,-1.091375002070132,5.824277230010683
0.355,23,prculs-d,-0.10386547086636329,5.824277230010683
0.355,23,prcus-p,1.7063517225903697,5.824277230010683
0.355,23,prcus-i,-0.24306950791825563,5.824277230010683
0.355,23,prcus-a,0.0,5.824277230010683
0.355,23,ifrms,-1.6313020055783611,5.824277230010683
0.355,23,sspls-v,1.0834592351206545,5.824277230010683
0.355,24,mcgs,0.09572797371168573,5.583040209662206
0.355,24,pos,-0.0,5.583040209662206
0.355,24,sbps,-1.5214977333724926,5.583040209662206
0.355,24,prculs-d,-0.2614852014629234,5.583040209662206
0.355,24,prcus-p,1.4458246952465537,5.583040209662206
0.355,24,prcus-i,-0.0,5.583040209662206
0.355,24,prcus-a,-0.0,5.583040209662206
0.355,24,ifrms,-1.7811011307156186,5.583040209662206
0.355,24,sspls-v,1.1265965158979843,5.583040209662206
0.355,25,mcgs,0.17551171325001025,5.912842365605144
0.355,25,pos,-0.007431543733128894,5.912842365605144
0.355,25,sbps,-1.1375848545151952,5.912842365605144
0.355,25,prculs-d,-0.005556724390476097,5.912842365605144
0.355,25,prcus-p,1.6084770049894133,5.912842365605144
0.355,25,prcus-i,-0.08248866352442952,5.912842365605144
0.355,25,prcus-a,0.0,5.912842365605144
0.355,25,ifrms,-1.6206476756964001,5.912842365605144
0.355,25,sspls-v,1.0474518037992684,5.912842365605144
0.355,26,mcgs,0.2273613027145063,5.833684415974792
0.355,26,pos,-0.0,5.833684415974792
0.355,26,sbps,-1.1745738305837374,5.833684415974792
0.355,26,prculs-d,-0.0,5.833684415974792
0.355,26,prcus-p,1.6984313167263247,5.833684415974792
0.355,26,prcus-i,-0.013600902560191676,5.833684415974792
0.355,26,prcus-a,0.0,5.833684415974792
0.355,26,ifrms,-1.5668637923662085,5.833684415974792
0.355,26,sspls-v,1.0150142436182588,5.833684415974792
0.355,27,mcgs,0.20370848145259293,5.817169681851086
0.355,27,pos,-0.0,5.817169681851086
0.355,27,sbps,-1.1054180208682445,5.817169681851086
0.355,27,prculs-d,-0.0,5.817169681851086
0.355,27,prcus-p,1.6894998107102754,5.817169681851086
0.355,27,prcus-i,-0.0,5.817169681851086
0.355,27,prcus-a,0.0,5.817169681851086
0.355,27,ifrms,-1.6057932339655316,5.817169681851086
0.355,27,sspls-v,0.955311016774106,5.817169681851086
0.355,28,mcgs,0.18002394883398243,5.861854681777656
0.355,28,pos,-0.0,5.861854681777656
0.355,28,sbps,-1.1521614495302226,5.861854681777656
0.355,28,prculs-d,-0.0,5.861854681777656
0.355,28,prcus-p,1.673289162157006,5.861854681777656
0.355,28,prcus-i,-0.040234126644451515,5.861854681777656
0.355,28,prcus-a,0.0,5.861854681777656
0.355,28,ifrms,-1.5934756074298095,5.861854681777656
0.355,28,sspls-v,0.9806253347395223,5.861854681777656
0.355,29,mcgs,0.0,5.556408119705661
0.355,29,pos,-0.0,5.556408119705661
0.355,29,sbps,-1.1089170025837667,5.556408119705661
0.355,29,prculs-d,0.0,5.556408119705661
0.355,29,prcus-p,1.1462410778131074,5.556408119705661
0.355,29,prcus-i,-0.0,5.556408119705661
0.355,29,prcus-a,0.0,5.556408119705661
0.355,29,ifrms,-1.6908068967833934,5.556408119705661
0.355,29,sspls-v,0.8100104725226756,5.556408119705661
0.355,30,mcgs,0.0,5.688913934496288
0.355,30,pos,-0.0,5.688913934496288
0.355,30,sbps,-1.2053976166385343,5.688913934496288
0.355,30,prculs-d,-0.0,5.688913934496288
0.355,30,prcus-p,1.6706080287402754,5.688913934496288
0.355,30,prcus-i,-0.08516897983703518,5.688913934496288
0.355,30,prcus-a,0.0,5.688913934496288
0.355,30,ifrms,-1.6829623321800444,5.688913934496288
0.355,30,sspls-v,0.8785382530067102,5.688913934496288
0.355,31,mcgs,0.03454912286865289,5.541664238026118
0.355,31,pos,-0.0,5.541664238026118
0.355,31,sbps,-1.2111078009647063,5.541664238026118
0.355,31,prculs-d,-0.0,5.541664238026118
0.355,31,prcus-p,1.6149906121830178,5.541664238026118
0.355,31,prcus-i,-0.05896005640597002,5.541664238026118
0.355,31,prcus-a,0.0,5.541664238026118
0.355,31,ifrms,-1.4840933584440679,5.541664238026118
0.355,31,sspls-v,0.9878017826391404,5.541664238026118
0.355,32,mcgs,0.24800870233457026,5.820263348902895
0.355,32,pos,-0.24427567172482606,5.820263348902895
0.355,32,sbps,-1.143479222798803,5.820263348902895
0.355,32,prculs-d,-0.0,5.820263348902895
0.355,32,prcus-p,1.6444345207307876,5.820263348902895
0.355,32,prcus-i,-0.15898694388738915,5.820263348902895
0.355,32,prcus-a,0.0,5.820263348902895
0.355,32,ifrms,-1.4093477322286452,5.820263348902895
0.355,32,sspls-v,0.8212309308488787,5.820263348902895
0.355,33,mcgs,0.11163958476500827,5.838517967773589
0.355,33,pos,-0.0,5.838517967773589
0.355,33,sbps,-1.0569356681312008,5.838517967773589
0.355,33,prculs-d,-0.14741177155541893,5.838517967773589
0.355,33,prcus-p,1.7038252299229115,5.838517967773589
0.355,33,prcus-i,-0.0063804879445935395,5.838517967773589
0.355,33,prcus-a,0.0,5.838517967773589
0.355,33,ifrms,-1.5712957276792225,5.838517967773589
0.355,33,sspls-v,1.0524657833054394,5.838517967773589
0.355,34,mcgs,0.0,5.694858770447204
0.355,34,pos,-0.06476898668673363,5.694858770447204
0.355,34,sbps,-1.1021028617630642,5.694858770447204
0.355,34,prculs-d,-0.0,5.694858770447204
0.355,34,prcus-p,1.8322422179671987,5.694858770447204
0.355,34,prcus-i,-0.05209105364068931,5.694858770447204
0.355,34,prcus-a,-0.0,5.694858770447204
0.355,34,ifrms,-1.557082927915764,5.694858770447204
0.355,34,sspls-v,0.7976587922077183,5.694858770447204
0.38,0,mcgs,0.2071313055569865,5.725059286777185
0.38,0,pos,-0.0,5.725059286777185
0.38,0,sbps,-1.1147377220433463,5.725059286777185
0.38,0,prculs-d,-0.0,5.725059286777185
0.38,0,prcus-p,1.6471180022961434,5.725059286777185
0.38,0,prcus-i,-0.0,5.725059286777185
0.38,0,prcus-a,0.0,5.725059286777185
0.38,0,ifrms,-1.569664221617683,5.725059286777185
0.38,0,sspls-v,0.9438975818163736,5.725059286777185
0.38,1,mcgs,0.0677132866522895,5.7427976653499675
0.38,1,pos,-0.0,5.7427976653499675
0.38,1,sbps,-0.9526770056621561,5.7427976653499675
0.38,1,prculs-d,-0.0,5.7427976653499675
0.38,1,prcus-p,1.6561047829305995,5.7427976653499675
0.38,1,prcus-i,-0.03769090242381027,5.7427976653499675
0.38,1,prcus-a,0.0,5.7427976653499675
0.38,1,ifrms,-1.4487634141976007,5.7427976653499675
0.38,1,sspls-v,0.8922054140978337,5.7427976653499675
0.38,2,mcgs,0.2237410461631396,5.7088947630913705
0.38,2,pos,-0.0,5.7088947630913705
0.38,2,sbps,-1.167651709754723,5.7088947630913705
0.38,2,prculs-d,-0.15041809694248523,5.7088947630913705
0.38,2,prcus-p,1.399832231064863,5.7088947630913705
0.38,2,prcus-i,-0.0,5.7088947630913705
0.38,2,prcus-a,-0.0,5.7088947630913705
0.38,2,ifrms,-1.5223319260557793,5.7088947630913705
0.38,2,sspls-v,0.8212816396439594,5.7088947630913705
0.38,3,mcgs,0.0795893533369895,5.685495122907069
0.38,3,pos,-0.0,5.685495122907069
0.38,3,sbps,-1.1784017819183312,5.685495122907069
0.38,3,prculs-d,-0.0858718940083405,5.685495122907069
0.38,3,prcus-p,1.256412320886044,5.685495122907069
0.38,3,prcus-i,-0.0,5.685495122907069
0.38,3,prcus-a,0.0,5.685495122907069
0.38,3,ifrms,-1.6322654533713257,5.685495122907069
0.38,3,sspls-v,1.2216067914399706,5.685495122907069
0.38,4,mcgs,0.569394591047567,5.7332391331524395
0.38,4,pos,0.0,5.7332391331524395
0.38,4,sbps,-0.7970725942999375,5.7332391331524395
0.38,4,prculs-d,-0.12509790775718413,5.7332391331524395
0.38,4,prcus-p,1.403688441168464,5.7332391331524395
0.38,4,prcus-i,-0.17052570490190552,5.7332391331524395
0.38,4,prcus-a,0.0,5.7332391331524395
0.38,4,ifrms,-2.0362498563464495,5.7332391331524395
0.38,4,sspls-v,0.8850659709854125,5.7332391331524395
0.38,5,mcgs,0.0,5.4059648823935165
0.38,5,pos,-0.0,5.4059648823935165
0.38,5,sbps,-1.0961940905048912,5.4059648823935165
0.38,5,prculs-d,-0.0,5.4059648823935165
0.38,5,prcus-p,1.6554633273853074,5.4059648823935165
0.38,5,prcus-i,-0.5175442059523339,5.4059648823935165
0.38,5,prcus-a,-0.0,5.4059648823935165
0.38,5,ifrms,-1.4720399471946806,5.4059648823935165
0.38,5,sspls-v,0.9851729574241397,5.4059648823935165
0.38,6,mcgs,0.15027524070318576,5.634685089979846
0.38,6,pos,-0.07268630044040139,5.634685089979846
0.38,6,sbps,-1.396201188778979,5.634685089979846
0.38,6,prculs-d,-0.0,5.634685089979846
0.38,6,prcus-p,1.8686933469813467,5.634685089979846
0.38,6,prcus-i,-0.0,5.634685089979846
0.38,6,prcus-a,0.0,5.634685089979846
0.38,6,ifrms,-1.598521493449726,5.634685089979846
0.38,6,sspls-v,1.1853444444961678,5.634685089979846
0.38,7,mcgs,0.0,5.6727100202052325
0.38,7,pos,-0.0043495075560121355,5.6727100202052325
0.38,7,sbps,-0.8307637351302454,5.6727100202052325
0.38,7,prculs-d,-0.14035354002038278,5.6727100202052325
0.38,7,prcus-p,1.2420851967391409,5.6727100202052325
0.38,7,prcus-i,-0.0,5.6727100202052325
0.38,7,prcus-a,0.0,5.6727100202052325
0.38,7,ifrms,-1.0726017299911204,5.6727100202052325
0.38,7,sspls-v,0.60176887724663,5.6727100202052325
0.38,8,mcgs,0.45360422881648854,5.857513837166186
0.38,8,pos,-0.049079316937108104,5.857513837166186
0.38,8,sbps,-0.815009902126354,5.857513837166186
0.38,8,prculs-d,-0.0,5.857513837166186
0.38,8,prcus-p,1.3189341086237776,5.857513837166186
0.38,8,prcus-i,-0.14031305919783693,5.857513837166186
0.38,8,prcus-a,0.0,5.857513837166186
0.38,8,ifrms,-1.425835689975693,5.857513837166186
0.38,8,sspls-v,0.6465613607883582,5.857513837166186
0.38,9,mcgs,0.08213463855447109,5.660662421021986
0.38,9,pos,-0.0,5.660662421021986
0.38,9,sbps,-1.1791708981592157,5.660662421021986
0.38,9,prculs-d,-0.0,5.660662421021986
0.38,9,prcus-p,1.721060651610265,5.660662421021986
0.38,9,prcus-i,-0.0,5.660662421021986
0.38,9,prcus-a,0.0,5.660662421021986
0.38,9,ifrms,-1.5180774751331028,5.660662421021986
0.38,9,sspls-v,0.9762509838657043,5.660662421021986
0.38,10,mcgs,0.00886863410734485,5.608155609678932
0.38,10,pos,-0.0,5.608155609678932
0.38,10,sbps,-1.1897536242861462,5.608155609678932
0.38,10,prculs-d,-0.0,5.608155609678932
0.38,10,prcus-p,1.6202764304614534,5.608155609678932
0.38,10,prcus-i,-0.09031364710027234,5.608155609678932
0.38,10,prcus-a,0.0,5.608155609678932
0.38,10,ifrms,-1.4855245766456437,5.608155609678932
0.38,10,sspls-v,1.0756358831787232,5.608155609678932
0.38,11,mcgs,0.15590186929623223,5.842035821576581
0.38,11,pos,-0.0,5.842035821576581
0.38,11,sbps,-1.0730212952507403,5.842035821576581
0.38,11,prculs-d,-0.0,5.842035821576581
0.38,11,prcus-p,1.6748071805134388,5.842035821576581
0.38,11,prcus-i,-0.0,5.842035821576581
0.38,11,prcus-a,0.0,5.842035821576581
0.38,11,ifrms,-1.5541638232581676,5.842035821576581
0.38,11,sspls-v,0.9519652589095514,5.842035821576581
0.38,12,mcgs,1.5270298077574292e-05,5.331533620959532
0.38,12,pos,-0.198188625650441,5.331533620959532
0.38,12,sbps,-1.0877196738783066,5.331533620959532
0.38,12,prculs-d,-0.0,5.331533620959532
0.38,12,prcus-p,2.033207901124474,5.331533620959532
0.38,12,prcus-i,0.0,5.331533620959532
0.38,12,prcus-a,-0.0,5.331533620959532
0.38,12,ifrms,-1.6176826427146267,5.331533620959532
0.38,12,sspls-v,0.8035931848759164,5.331533620959532
0.38,13,mcgs,0.4785739146454515,5.430421268143247
0.38,13,pos,0.0,5.430421268143247
0.38,13,sbps,-1.4974415327352997,5.430421268143247
0.38,13,prculs-d,-0.0,5.430421268143247
0.38,13,prcus-p,1.8248481241959453,5.430421268143247
0.38,13,prcus-i,-0.06986345981788661,5.430421268143247
0.38,13,prcus-a,0.07160224343630592,5.430421268143247
0.38,13,ifrms,-1.469357572448699,5.430421268143247
0.38,13,sspls-v,0.8614921770644812,5.430421268143247
0.38,14,mcgs,0.0,5.482270426081493
0.38,14,pos,0.0,5.482270426081493
0.38,14,sbps,-0.6329764085328469,5.482270426081493
0.38,14,prculs-d,-0.0,5.482270426081493
0.38,14,prcus-p,1.8583211260305674,5.482270426081493
0.38,14,prcus-i,-0.0,5.482270426081493
0.38,14,prcus-a,0.23553243665022167,5.482270426081493
0.38,14,ifrms,-1.3275455910786746,5.482270426081493
0.38,14,sspls-v,0.7901180966285148,5.482270426081493
0.38,15,mcgs,0.6249660601106787,5.307615985182269
0.38,15,pos,-0.0,5.307615985182269
0.38,15,sbps,-1.1931534775642767,5.307615985182269
0.38,15,prculs-d,0.0,5.307615985182269
0.38,15,prcus-p,1.6145040732972769,5.307615985182269
0.38,15,prcus-i,-0.0,5.307615985182269
0.38,15,prcus-a,0.0,5.307615985182269
0.38,15,ifrms,-1.0720129129180689,5.307615985182269
0.38,15,sspls-v,1.5178290490849438,5.307615985182269
0.38,16,mcgs,0.0,5.499225073286841
0.38,16,pos,-0.02100666809621862,5.499225073286841
0.38,16,sbps,-1.1580841147840741,5.499225073286841
0.38,16,prculs-d,-0.0,5.499225073286841
0.38,16,prcus-p,1.906023021586194,5.499225073286841
0.38,16,prcus-i,-0.0,5.499225073286841
0.38,16,prcus-a,-0.0,5.499225073286841
0.38,16,ifrms,-1.727861591461236,5.499225073286841
0.38,16,sspls-v,0.6249233147649148,5.499225073286841
0.38,17,mcgs,0.03949154189756482,5.628394414132288
0.38,17,pos,-0.029745197146550342,5.628394414132288
0.38,17,sbps,-0.7658372493914227,5.628394414132288
0.38,17,prculs-d,-0.0,5.628394414132288
0.38,17,prcus-p,1.6319800367324837,5.628394414132288
0.38,17,prcus-i,-0.0,5.628394414132288
0.38,17,prcus-a,0.0,5.628394414132288
0.38,17,ifrms,-1.2976039727511806,5.628394414132288
0.38,17,sspls-v,1.0349680453561798,5.628394414132288
0.38,18,mcgs,0.08269399423983148,5.631499771649855
0.38,18,pos,-0.0,5.631499771649855
0.38,18,sbps,-1.0279411043600126,5.631499771649855
0.38,18,prculs-d,-0.0,5.631499771649855
0.38,18,prcus-p,1.7995298042471528,5.631499771649855
0.38,18,prcus-i,-0.0,5.631499771649855
0.38,18,prcus-a,0.0,5.631499771649855
0.38,18,ifrms,-1.4034507604172974,5.631499771649855
0.38,18,sspls-v,1.0767369031730945,5.631499771649855
0.38,19,mcgs,0.32108803678429554,5.493390508742963
0.38,19,pos,-0.0,5.493390508742963
0.38,19,sbps,-1.2162599513395584,5.493390508742963
0.38,19,prculs-d,-0.0,5.493390508742963
0.38,19,prcus-p,1.938401690875463,5.493390508742963
0.38,19,prcus-i,-0.05051456616667186,5.493390508742963
0.38,19,prcus-a,0.0,5.493390508742963
0.38,19,ifrms,-1.6865848866800817,5.493390508742963
0.38,19,sspls-v,0.7457091651729163,5.493390508742963
0.38,20,mcgs,0.0,5.568618907737836
0.38,20,pos,-0.0,5.568618907737836
0.38,20,sbps,-0.6346000124400478,5.568618907737836
0.38,20,prculs-d,0.0,5.568618907737836
0.38,20,prcus-p,1.400391706685791,5.568618907737836
0.38,20,prcus-i,-0.0,5.568618907737836
0.38,20,prcus-a,0.0,5.568618907737836
0.38,20,ifrms,-1.6524231178082824,5.568618907737836
0.38,20,sspls-v,1.0203277596131748,5.568618907737836
0.38,21,mcgs,0.16400065081564746,5.760384862470808
0.38,21,pos,-0.0,5.760384862470808
0.38,21,sbps,-1.08068649385392,5.760384862470808
0.38,21,prculs-d,-0.0,5.760384862470808
0.38,21,prcus-p,1.682694526357159,5.760384862470808
0.38,21,prcus-i,-0.0,5.760384862470808
0.38,21,prcus-a,0.0,5.760384862470808
0.38,21,ifrms,-1.4316836982932846,5.760384862470808
0.38,21,sspls-v,0.9311743173485747,5.760384862470808
0.38,22,mcgs,0.14406404088885125,5.840022061935883
0.38,22,pos,-0.0,5.840022061935883
0.38,22,sbps,-1.0560914519021383,5.840022061935883
0.38,22,prculs-d,-0.0,5.840022061935883
0.38,22,prcus-p,1.6795752994198256,5.840022061935883
0.38,22,prcus-i,-0.0,5.840022061935883
0.38,22,prcus-a,0.0,5.840022061935883
0.38,22,ifrms,-1.5416610051812978,5.840022061935883
0.38,22,sspls-v,0.9605317420181999,5.840022061935883
0.38,23,mcgs,0.10014166672764063,5.808890499491019
0.38,23,pos,-0.0,5.808890499491019
0.38,23,sbps,-1.0408776133289461,5.808890499491019
0.38,23,prculs-d,-0.07937122707776854,5.808890499491019
0.38,23,prcus-p,1.6838664267662873,5.808890499491019
0.38,23,prcus-i,-0.21253008510626423,5.808890499491019
0.38,23,prcus-a,0.0,5.808890499491019
0.38,23,ifrms,-1.5812358983129882,5.808890499491019
0.38,23,sspls-v,1.0349010935465823,5.808890499491019
0.38,24,mcgs,0.0643235045197542,5.566405035374087
0.38,24,pos,-0.0,5.566405035374087
0.38,24,sbps,-1.4715817558832247,5.566405035374087
0.38,24,prculs-d,-0.22875203166819352,5.566405035374087
0.38,24,prcus-p,1.425498630317756,5.566405035374087
0.38,24,prcus-i,-0.0,5.566405035374087
0.38,24,prcus-a,-0.0,5.566405035374087
0.38,24,ifrms,-1.7290344806926774,5.566405035374087
0.38,24,sspls-v,1.0832981316815269,5.566405035374087
0.38,25,mcgs,0.14076169463742558,5.892361911913497
0.38,25,pos,-0.0,5.892361911913497
0.38,25,sbps,-1.088722458102884,5.892361911913497
0.38,25,prculs-d,-0.0,5.892361911913497
0.38,25,prcus-p,1.5869546783598412,5.892361911913497
0.38,25,prcus-i,-0.04780938273822698,5.892361911913497
0.38,25,prcus-a,0.0,5.892361911913497
0.38,25,ifrms,-1.5779592786064518,5.892361911913497
0.38,25,sspls-v,0.9995399968257486,5.892361911913497
0.38,26,mcgs,0.1896227063079196,5.817120438658877
0.38,26,pos,-0.0,5.817120438658877
0.38,26,sbps,-1.1222676390958772,5.817120438658877
0.38,26,prculs-d,-0.0,5.817120438658877
0.38,26,prcus-p,1.668430739250269,5.817120438658877
0.38,26,prcus-i,-0.0,5.817120438658877
0.38,26,prcus-a,0.0,5.817120438658877
0.38,26,ifrms,-1.522509603696469,5.817120438658877
0.38,26,sspls-v,0.9689160940732651,5.817120438658877
0.38,27,mcgs,0.17275621115859568,5.793704773673617
0.38,27,pos,-0.0,5.793704773673617
0.38,27,sbps,-1.0541569589551607,5.793704773673617
0.38,27,prculs-d,-0.0,5.793704773673617
0.38,27,prcus-p,1.6563354813417577,5.793704773673617
0.38,27,prcus-i,-0.0,5.793704773673617
0.38,27,prcus-a,0.0,5.793704773673617
0.38,27,ifrms,-1.56625180127418,5.793704773673617
0.38,27,sspls-v,0.9126596518112682,5.793704773673617
0.38,28,mcgs,0.14416648067919502,5.8423146658706875
0.38,28,pos,-0.0,5.8423146658706875
0.38,28,sbps,-1.1003253151987782,5.8423146658706875
0.38,28,prculs-d,-0.0,5.8423146658706875
0.38,28,prcus-p,1.6454613363390647,5.8423146658706875
0.38,28,prcus-i,-0.006329403391882593,5.8423146658706875
0.38,28,prcus-a,0.0,5.8423146658706875
0.38,28,ifrms,-1.551080426531053,5.8423146658706875
0.38,28,sspls-v,0.9346412778694871,5.8423146658706875
0.38,29,mcgs,0.0,5.536837704705884
0.38,29,pos,-0.0,5.536837704705884
0.38,29,sbps,-1.0590277276677091,5.536837704705884
0.38,29,prculs-d,0.0,5.536837704705884
0.38,29,prcus-p,1.1094577868432678,5.536837704705884
0.38,29,prcus-i,-0.0,5.536837704705884
0.38,29,prcus-a,0.0,5.536837704705884
0.38,29,ifrms,-1.6594262021205717,5.536837704705884
0.38,29,sspls-v,0.7689905035152753,5.536837704705884
0.38,30,mcgs,0.0,5.672334250664585
0.38,30,pos,-0.0,5.672334250664585
0.38,30,sbps,-1.1531005585067329,5.672334250664585
0.38,30,prculs-d,-0.0,5.672334250664585
0.38,30,prcus-p,1.6386273500212152,5.672334250664585
0.38,30,prcus-i,-0.0541796165916576,5.672334250664585
0.38,30,prcus-a,0.0,5.672334250664585
0.38,30,ifrms,-1.6494004089324057,5.672334250664585
0.38,30,sspls-v,0.835173630137368,5.672334250664585
0.38,31,mcgs,0.0,5.5240214501347324
0.38,31,pos,-0.0,5.5240214501347324
0.38,31,sbps,-1.1578000167296174,5.5240214501347324
0.38,31,prculs-d,-0.0,5.5240214501347324
0.38,31,prcus-p,1.5867096496671729,5.5240214501347324
0.38,31,prcus-i,-0.02550453046955116,5.5240214501347324
0.38,31,prcus-a,0.0,5.5240214501347324
0.38,31,ifrms,-1.4418649567711181,5.5240214501347324
0.38,31,sspls-v,0.9390376641027143,5.5240214501347324
0.38,32,mcgs,0.2141576061416421,5.812332786690388
0.38,32,pos,-0.23694119367205524,5.812332786690388
0.38,32,sbps,-1.0905638121653338,5.812332786690388
0.38,32,prculs-d,-0.0,5.812332786690388
0.38,32,prcus-p,1.6153229799893847,5.812332786690388
0.38,32,prcus-i,-0.12708252512817023,5.812332786690388
0.38,32,prcus-a,0.0,5.812332786690388
0.38,32,ifrms,-1.3706666762343516,5.812332786690388
0.38,32,sspls-v,0.774741556202992,5.812332786690388
0.38,33,mcgs,0.07947593016030889,5.815694897442987
0.38,33,pos,-0.0,5.815694897442987
0.38,33,sbps,-1.0100614311460434,5.815694897442987
0.38,33,prculs-d,-0.12144264962768142,5.815694897442987
0.38,33,prcus-p,1.6791833966394396,5.815694897442987
0.38,33,prcus-i,-0.0,5.815694897442987
0.38,33,prcus-a,0.0,5.815694897442987
0.38,33,ifrms,-1.5228565965703056,5.815694897442987
0.38,33,sspls-v,1.0100346891883354,5.815694897442987
0.38,34,mcgs,0.0,5.6658050562561275
0.38,34,pos,-0.05041711762630162,5.6658050562561275
0.38,34,sbps,-1.0511058716344501,5.6658050562561275
0.38,34,prculs-d,-0.0,5.6658050562561275
0.38,34,prcus-p,1.7979216235495452,5.6658050562561275
0.38,34,prcus-i,-0.0236443403793278,5.6658050562561275
0.38,34,prcus-a,-0.0,5.6658050562561275
0.38,34,ifrms,-1.5283541570600878,5.6658050562561275
0.38,34,sspls-v,0.7550667413243257,5.6658050562561275
0.406,0,mcgs,0.17317899863781233,5.713542455079255
0.406,0,pos,-0.0,5.713542455079255
0.406,0,sbps,-1.0612995762514348,5.713542455079255
0.406,0,prculs-d,-0.0,5.713542455079255
0.406,0,prcus-p,1.6136655642810158,5.713542455079255
0.406,0,prcus-i,-0.0,5.713542455079255
0.406,0,prcus-a,0.0,5.713542455079255
0.406,0,ifrms,-1.52740334488318,5.713542455079255
0.406,0,sspls-v,0.8999350320358722,5.713542455079255
0.406,1,mcgs,0.028473748461584392,5.715515161783631
0.406,1,pos,-0.0,5.715515161783631
0.406,1,sbps,-0.892743916089171,5.715515161783631
0.406,1,prculs-d,-0.0,5.715515161783631
0.406,1,prcus-p,1.6258694611686124,5.715515161783631
0.406,1,prcus-i,-0.005242207047159934,5.715515161783631
0.406,1,prcus-a,0.0,5.715515161783631
0.406,1,ifrms,-1.4013483880410944,5.715515161783631
0.406,1,sspls-v,0.839112586807069,5.715515161783631
0.406,2,mcgs,0.19039602412115997,5.698886645632261
0.406,2,pos,-0.0,5.698886645632261
0.406,2,sbps,-1.1187104924870674,5.698886645632261
0.406,2,prculs-d,-0.12124742378331306,5.698886645632261
0.406,2,prcus-p,1.3755503357185113,5.698886645632261
0.406,2,prcus-i,-0.0,5.698886645632261
0.406,2,prcus-a,-0.0,5.698886645632261
0.406,2,ifrms,-1.4716580985527958,5.698886645632261
0.406,2,sspls-v,0.7788496848304274,5.698886645632261
0.406,3,mcgs,0.046243767440118044,5.657410043139201
0.406,3,pos,-0.0,5.657410043139201
0.406,3,sbps,-1.1277069280433554,5.657410043139201
0.406,3,prculs-d,-0.05448989971628661,5.657410043139201
0.406,3,prcus-p,1.2346346534890917,5.657410043139201
0.406,3,prcus-i,-0.0,5.657410043139201
0.406,3,prcus-a,0.0,5.657410043139201
0.406,3,ifrms,-1.580039653417767,5.657410043139201
0.406,3,sspls-v,1.1787264394580288,5.657410043139201
0.406,4,mcgs,0.5309885546286854,5.733489839203037
0.406,4,pos,0.0,5.733489839203037
0.406,4,sbps,-0.7471396760361034,5.733489839203037
0.406,4,prculs-d,-0.09968102762361196,5.733489839203037
0.406,4,prcus-p,1.3824071790896235,5.733489839203037
0.406,4,prcus-i,-0.13878675192088877,5.733489839203037
0.406,4,prcus-a,0.0,5.733489839203037
0.406,4,ifrms,-1.9836781861871549,5.733489839203037
0.406,4,sspls-v,0.8361529136677646,5.733489839203037
0.406,5,mcgs,0.0,5.401894563186684
0.406,5,pos,-0.0,5.401894563186684
0.406,5,sbps,-1.0418274879582479,5.401894563186684
0.406,5,prculs-d,-0.0,5.401894563186684
0.406,5,prcus-p,1.6214535330178124,5.401894563186684
0.406,5,prcus-i,-0.486151754288318,5.401894563186684
0.406,5,prcus-a,-0.0,5.401894563186684
0.406,5,ifrms,-1.4370913969607557,5.401894563186684
0.406,5,sspls-v,0.9376149745640823,5.401894563186684
0.406,6,mcgs,0.11783737532883763,5.623645273069229
0.406,6,pos,-0.04791901039751727,5.623645273069229
0.406,6,sbps,-1.3257923170465007,5.623645273069229
0.406,6,prculs-d,-0.0,5.623645273069229
0.406,6,prcus-p,1.8186667806951087,5.623645273069229
0.406,6,prcus-i,-0.0,5.623645273069229
0.406,6,prcus-a,0.0,5.623645273069229
0.406,6,ifrms,-1.5612103746425452,5.623645273069229
0.406,6,sspls-v,1.1279844125634635,5.623645273069229
0.406,7,mcgs,0.0,5.66022062843563
0.406,7,pos,-0.0,5.66022062843563
0.406,7,sbps,-0.774895122900908,5.66022062843563
0.406,7,prculs-d,-0.11745002327551118,5.66022062843563
0.406,7,prcus-p,1.2025998918686287,5.66022062843563
0.406,7,prcus-i,-0.0,5.66022062843563
0.406,7,prcus-a,0.0,5.66022062843563
0.406,7,ifrms,-1.025958987114288,5.66022062843563
0.406,7,sspls-v,0.5542774152081529,5.66022062843563
0.406,8,mcgs,0.42799379592198383,5.849366163701001
0.406,8,pos,-0.04394512632751556,5.849366163701001
0.406,8,sbps,-0.7545858414655123,5.849366163701001
0.406,8,prculs-d,-0.0,5.849366163701001
0.406,8,prcus-p,1.2829427144145347,5.849366163701001
0.406,8,prcus-i,-0.11014478176976408,5.849366163701001
0.406,8,prcus-a,0.0,5.849366163701001
0.406,8,ifrms,-1.383022718535735,5.849366163701001
0.406,8,sspls-v,0.5933116443158113,5.849366163701001
0.406,9,mcgs,0.048768056360074384,5.641674706259453
0.406,9,pos,-0.0,5.641674706259453
0.406,9,sbps,-1.1260003078896865,5.641674706259453
0.406,9,prculs-d,-0.0,5.641674706259453
0.406,9,prcus-p,1.6867268305066958,5.641674706259453
0.406,9,prcus-i,-0.0,5.641674706259453
0.406,9,prcus-a,0.0,5.641674706259453
0.406,9,ifrms,-1.4765354045064107,5.641674706259453
0.406,9,sspls-v,0.9319337708476392,5.641674706259453
0.406,10,mcgs,0.0,5.592691320344027
0.406,10,pos,-0.0,5.592691320344027
0.406,10,sbps,-1.1343787063203286,5.592691320344027
0.406,10,prculs-d,-0.0,5.592691320344027
0.406,10,prcus-p,1.5886828831164745,5.592691320344027
0.406,10,prcus-i,-0.05663017810238323,5.592691320344027
0.406,10,prcus-a,0.0,5.592691320344027
0.406,10,ifrms,-1.4486784932664472,5.592691320344027
0.406,10,sspls-v,1.0265058328128085,5.592691320344027
0.406,11,mcgs,0.12137688497896205,5.8163109618452555
0.406,11,pos,-0.0,5.8163109618452555
0.406,11,sbps,-1.0221623082976088,5.8163109618452555
0.406,11,prculs-d,-0.0,5.8163109618452555
0.406,11,prcus-p,1.6410753547142831,5.8163109618452555
0.406,11,prcus-i,-0.0,5.8163109618452555
0.406,11,prcus-a,0.0,5.8163109618452555
0.406,11,ifrms,-1.5130564280163283,5.8163109618452555
0.406,11,sspls-v,0.9080709436261865,5.8163109618452555
0.406,12,mcgs,0.0,5.314389209390318
0.406,12,pos,-0.17820955068693303,5.314389209390318
0.406,12,sbps,-1.0368988276332782,5.314389209390318
0.406,12,prculs-d,-0.0,5.314389209390318
0.406,12,prcus-p,1.9921075934729335,5.314389209390318
0.406,12,prcus-i,0.0,5.314389209390318
0.406,12,prcus-a,-0.0,5.314389209390318
0.406,12,ifrms,-1.590333133626539,5.314389209390318
0.406,12,sspls-v,0.7638558173653901,5.314389209390318
0.406,13,mcgs,0.42842792122127776,5.418274865495168
0.406,13,pos,-0.0,5.418274865495168
0.406,13,sbps,-1.4409925177075917,5.418274865495168
0.406,13,prculs-d,-0.0,5.418274865495168
0.406,13,prcus-p,1.7999992836918377,5.418274865495168
0.406,13,prcus-i,-0.05008848941488619,5.418274865495168
0.406,13,prcus-a,0.03599068881358716,5.418274865495168
0.406,13,ifrms,-1.417421855519697,5.418274865495168
0.406,13,sspls-v,0.8195396381731728,5.418274865495168
0.406,14,mcgs,0.0,5.474546764423262
0.406,14,pos,0.0,5.474546764423262
0.406,14,sbps,-0.5836389385429858,5.474546764423262
0.406,14,prculs-d,-0.0,5.474546764423262
0.406,14,prcus-p,1.8259494248569819,5.474546764423262
0.406,14,prcus-i,-0.0,5.474546764423262
0.406,14,prcus-a,0.21429557807873179,5.474546764423262
0.406,14,ifrms,-1.2885768457036633,5.474546764423262
0.406,14,sspls-v,0.7516847712373752,5.474546764423262
0.406,15,mcgs,0.5911603636527031,5.306573532572884
0.406,15,pos,-0.0,5.306573532572884
0.406,15,sbps,-1.139952390882081,5.306573532572884
0.406,15,prculs-d,0.0,5.306573532572884
0.406,15,prcus-p,1.5807155792588308,5.306573532572884
0.406,15,prcus-i,-0.0,5.306573532572884
0.406,15,prcus-a,0.0,5.306573532572884
0.406,15,ifrms,-1.0348843227518845,5.306573532572884
0.406,15,sspls-v,1.47367760535412,5.306573532572884
0.406,16,mcgs,0.0,5.487445756103142
0.406,16,pos,-0.0005641078193148315,5.487445756103142
0.406,16,sbps,-1.107530966361803,5.487445756103142
0.406,16,prculs-d,-0.0,5.487445756103142
0.406,16,prcus-p,1.865006350164642,5.487445756103142
0.406,16,prcus-i,-0.0,5.487445756103142
0.406,16,prcus-a,-0.0,5.487445756103142
0.406,16,ifrms,-1.7005128024781102,5.487445756103142
0.406,16,sspls-v,0.590532746140549,5.487445756103142
0.406,17,mcgs,0.006742521304628352,5.605238959136036
0.406,17,pos,-0.016951863441255353,5.605238959136036
0.406,17,sbps,-0.7125446524899623,5.605238959136036
0.406,17,prculs-d,-0.0,5.605238959136036
0.406,17,prcus-p,1.5955522320689377,5.605238959136036
0.406,17,prcus-i,-0.0,5.605238959136036
0.406,17,prcus-a,0.0,5.605238959136036
0.406,17,ifrms,-1.2588115992065607,5.605238959136036
0.406,17,sspls-v,0.994098426975224,5.605238959136036
0.406,18,mcgs,0.04907778408877785,5.613026911516934
0.406,18,pos,-0.0,5.613026911516934
0.406,18,sbps,-0.9789994413046487,5.613026911516934
0.406,18,prculs-d,-0.0,5.613026911516934
0.406,18,prcus-p,1.7684065831131386,5.613026911516934
0.406,18,prcus-i,-0.0,5.613026911516934
0.406,18,prcus-a,0.0,5.613026911516934
0.406,18,ifrms,-1.3641156986670877,5.613026911516934
0.406,18,sspls-v,1.0336470439829877,5.613026911516934
0.406,19,mcgs,0.28345048748096413,5.488464169187813
0.406,19,pos,-0.0,5.488464169187813
0.406,19,sbps,-1.1598534902283888,5.488464169187813
0.406,19,prculs-d,-0.0,5.488464169187813
0.406,19,prcus-p,1.9085348114596092,5.488464169187813
0.406,19,prcus-i,-0.015245545588045454,5.488464169187813
0.406,19,prcus-a,0.0,5.488464169187813
0.406,19,ifrms,-1.641899719465855,5.488464169187813
0.406,19,sspls-v,0.6971813418797106,5.488464169187813
0.406,20,mcgs,0.0,5.561725897422159
0.406,20,pos,-0.0,5.561725897422159
0.406,20,sbps,-0.5833730080919627,5.561725897422159
0.406,20,prculs-d,0.0,5.561725897422159
0.406,20,prcus-p,1.3603168737450488,5.561725897422159
0.406,20,prcus-i,-0.0,5.561725897422159
0.406,20,prcus-a,0.0,5.561725897422159
0.406,20,ifrms,-1.621164839148168,5.561725897422159
0.406,20,sspls-v,0.9809856930375067,5.561725897422159
0.406,21,mcgs,0.13196961528522858,5.739086970106946
0.406,21,pos,-0.0,5.739086970106946
0.406,21,sbps,-1.0268007135490742,5.739086970106946
0.406,21,prculs-d,-0.0,5.739086970106946
0.406,21,prcus-p,1.6487441803181326,5.739086970106946
0.406,21,prcus-i,-0.0,5.739086970106946
0.406,21,prcus-a,0.0,5.739086970106946
0.406,21,ifrms,-1.3901381984773535,5.739086970106946
0.406,21,sspls-v,0.886622727583714,5.739086970106946
0.406,22,mcgs,0.10944894443655925,5.8154283108298355
0.406,22,pos,-0.0,5.8154283108298355
0.406,22,sbps,-1.0086978392665467,5.8154283108298355
0.406,22,prculs-d,-0.0,5.8154283108298355
0.406,22,prcus-p,1.6463401112203644,5.8154283108298355
0.406,22,prcus-i,-0.0,5.8154283108298355
0.406,22,prcus-a,0.0,5.8154283108298355
0.406,22,ifrms,-1.5001935613768218,5.8154283108298355
0.406,22,sspls-v,0.9172209883072401,5.8154283108298355
0.406,23,mcgs,0.06425676523930851,5.790696693836072
0.406,23,pos,-0.0,5.790696693836072
0.406,23,sbps,-0.988360976506456,5.790696693836072
0.406,23,prculs-d,-0.053895683150772304,5.790696693836072
0.406,23,prcus-p,1.6604825209801675,5.790696693836072
0.406,23,prcus-i,-0.1807690926610823,5.790696693836072
0.406,23,prcus-a,0.0,5.790696693836072
0.406,23,ifrms,-1.5291666228816285,5.790696693836072
0.406,23,sspls-v,0.9844007547280256,5.790696693836072
0.406,24,mcgs,0.03166105174076067,5.548642844501703
0.406,24,pos,-0.0,5.548642844501703
0.406,24,sbps,-1.4196699651109743,5.548642844501703
0.406,24,prculs-d,-0.1947533164914018,5.548642844501703
0.406,24,prcus-p,1.4043438329018993,5.548642844501703
0.406,24,prcus-i,-0.0,5.548642844501703
0.406,24,prcus-a,-0.0,5.548642844501703
0.406,24,ifrms,-1.6749003895699976,5.548642844501703
0.406,24,sspls-v,1.0382683630909704,5.548642844501703
0.406,25,mcgs,0.10331987151105056,5.866218311604708
0.406,25,pos,-0.0,5.866218311604708
0.406,25,sbps,-1.036373056692707,5.866218311604708
0.406,25,prculs-d,-0.0,5.866218311604708
0.406,25,prcus-p,1.5635390573367638,5.866218311604708
0.406,25,prcus-i,-0.010322560856756455,5.866218311604708
0.406,25,prcus-a,0.0,5.866218311604708
0.406,25,ifrms,-1.5326576650235633,5.866218311604708
0.406,25,sspls-v,0.9503230836067281,5.866218311604708
0.406,26,mcgs,0.15142701557300806,5.802124370122787
0.406,26,pos,-0.0,5.802124370122787
0.406,26,sbps,-1.0689482684490648,5.802124370122787
0.406,26,prculs-d,-0.0,5.802124370122787
0.406,26,prcus-p,1.6352786956433256,5.802124370122787
0.406,26,prcus-i,-0.0,5.802124370122787
0.406,26,prcus-a,0.0,5.802124370122787
0.406,26,ifrms,-1.476739628295091,5.802124370122787
0.406,26,sspls-v,0.9236266908902095,5.802124370122787
0.406,27,mcgs,0.14056588491829936,5.772338502957888
0.406,27,pos,-0.0,5.772338502957888
0.406,27,sbps,-1.0008455076443739,5.772338502957888
0.406,27,prculs-d,-0.0,5.772338502957888
0.406,27,prcus-p,1.6218445831422648,5.772338502957888
0.406,27,prcus-i,-0.0,5.772338502957888
0.406,27,prcus-a,0.0,5.772338502957888
0.406,27,ifrms,-1.5251287296000442,5.772338502957888
0.406,27,sspls-v,0.8683022492261742,5.772338502957888
0.406,28,mcgs,0.11029210646777465,5.819026189846518
0.406,28,pos,-0.0,5.819026189846518
0.406,28,sbps,-1.0480677630738946,5.819026189846518
0.406,28,prculs-d,-0.0,5.819026189846518
0.406,28,prcus-p,1.6135255776659387,5.819026189846518
0.406,28,prcus-i,-0.0,5.819026189846518
0.406,28,prcus-a,0.0,5.819026189846518
0.406,28,ifrms,-1.5088012275717122,5.819026189846518
0.406,28,sspls-v,0.8914261859010351,5.819026189846518
0.406,29,mcgs,0.0,5.521712962278225
0.406,29,pos,-0.0,5.521712962278225
0.406,29,sbps,-1.0071428817550099,5.521712962278225
0.406,29,prculs-d,0.0,5.521712962278225
0.406,29,prcus-p,1.0712031642346331,5.521712962278225
0.406,29,prcus-i,-0.0,5.521712962278225
0.406,29,prcus-a,0.0,5.521712962278225
0.406,29,ifrms,-1.6267902796712364,5.521712962278225
0.406,29,sspls-v,0.7263297357475794,5.521712962278225
0.406,30,mcgs,0.0,5.652987332659109
0.406,30,pos,-0.0,5.652987332659109
0.406,30,sbps,-1.098707663802027,5.652987332659109
0.406,30,prculs-d,-0.0,5.652987332659109
0.406,30,prcus-p,1.6053674850322328,5.652987332659109
0.406,30,prcus-i,-0.021949170347251124,5.652987332659109
0.406,30,prcus-a,0.0,5.652987332659109
0.406,30,ifrms,-1.614495325552047,5.652987332659109
0.406,30,sspls-v,0.7900732255259196,5.652987332659109
0.406,31,mcgs,0.0,5.503261469502045
0.406,31,pos,-0.0,5.503261469502045
0.406,31,sbps,-1.1041124437282321,5.503261469502045
0.406,31,prculs-d,-0.0,5.503261469502045
0.406,31,prcus-p,1.5519967479383243,5.503261469502045
0.406,31,prcus-i,-0.0,5.503261469502045
0.406,31,prcus-a,0.0,5.503261469502045
0.406,31,ifrms,-1.406857716987889,5.503261469502045
0.406,31,sspls-v,0.8926140286993638,5.503261469502045
0.406,32,mcgs,0.17899160600834274,5.802433536672737
0.406,32,pos,-0.2292558043179427,5.802433536672737
0.406,32,sbps,-1.0355541409556377,5.802433536672737
0.406,32,prculs-d,-0.0,5.802433536672737
0.406,32,prcus-p,1.585028691837925,5.802433536672737
0.406,32,prcus-i,-0.09391827841522585,5.802433536672737
0.406,32,prcus-a,0.0,5.802433536672737
0.406,32,ifrms,-1.3304749403903153,5.802433536672737
0.406,32,sspls-v,0.7264094028828811,5.802433536672737
0.406,33,mcgs,0.04665720343762366,5.791693919064737
0.406,33,pos,-0.0,5.791693919064737
0.406,33,sbps,-0.9620193329529949,5.791693919064737
0.406,33,prculs-d,-0.0930456291464043,5.791693919064737
0.406,33,prcus-p,1.6529876138177522,5.791693919064737
0.406,33,prcus-i,-0.0,5.791693919064737
0.406,33,prcus-a,0.0,5.791693919064737
0.406,33,ifrms,-1.4724477697377838,5.791693919064737
0.406,33,sspls-v,0.9670970900996032,5.791693919064737
0.406,34,mcgs,0.0,5.636907768066755
0.406,34,pos,-0.03460382989409092,5.636907768066755
0.406,34,sbps,-0.9985476911137678,5.636907768066755
0.406,34,prculs-d,-0.0,5.636907768066755
0.406,34,prcus-p,1.7613640063324463,5.636907768066755
0.406,34,prcus-i,-0.0,5.636907768066755
0.406,34,prcus-a,-0.0,5.636907768066755
0.406,34,ifrms,-1.4990193902812563,5.636907768066755
0.406,34,sspls-v,0.7118708654968374,5.636907768066755
0.434,0,mcgs,0.1366150202813285,5.702892614583242
0.434,0,pos,-0.0,5.702892614583242
0.434,0,sbps,-1.003750864324025,5.702892614583242
0.434,0,prculs-d,-0.0,5.702892614583242
0.434,0,prcus-p,1.5776398660101132,5.702892614583242
0.434,0,prcus-i,-0.0,5.702892614583242
0.434,0,prcus-a,0.0,5.702892614583242
0.434,0,ifrms,-1.4818916546148466,5.702892614583242
0.434,0,sspls-v,0.8525907664883424,5.702892614583242
0.434,1,mcgs,0.0,5.684249124057359
0.434,1,pos,-0.0,5.684249124057359
0.434,1,sbps,-0.8303467894280382,5.684249124057359
0.434,1,prculs-d,-0.0,5.684249124057359
0.434,1,prcus-p,1.5876334901193976,5.684249124057359
0.434,1,prcus-i,-0.0,5.684249124057359
0.434,1,prcus-a,0.0,5.684249124057359
0.434,1,ifrms,-1.3543306121963161,5.684249124057359
0.434,1,sspls-v,0.7882070220998204,5.684249124057359
0.434,2,mcgs,0.15449499201099087,5.687952483401714
0.434,2,pos,-0.0,5.687952483401714
0.434,2,sbps,-1.0660001674896291,5.687952483401714
0.434,2,prculs-d,-0.0898703712231851,5.687952483401714
0.434,2,prcus-p,1.3493856717620574,5.687952483401714
0.434,2,prcus-i,-0.0,5.687952483401714
0.434,2,prcus-a,-0.0,5.687952483401714
0.434,2,ifrms,-1.4170990076374061,5.687952483401714
0.434,2,sspls-v,0.7331513656806402,5.687952483401714
0.434,3,mcgs,0.01033309846205988,5.627583761070574
0.434,3,pos,-0.0,5.627583761070574
0.434,3,sbps,-1.0731122579458416,5.627583761070574
0.434,3,prculs-d,-0.020694111893160706,5.627583761070574
0.434,3,prcus-p,1.2111816794824333,5.627583761070574
0.434,3,prcus-i,-0.0,5.627583761070574
0.434,3,prcus-a,0.0,5.627583761070574
0.434,3,ifrms,-1.5237965051500946,5.627583761070574
0.434,3,sspls-v,1.1325475461017687,5.627583761070574
0.434,4,mcgs,0.4896282077160438,5.73519279045917
0.434,4,pos,0.0,5.73519279045917
0.434,4,sbps,-0.6933657640596675,5.73519279045917
0.434,4,prculs-d,-0.07230900286438063,5.73519279045917
0.434,4,prcus-p,1.3594888968508725,5.73519279045917
0.434,4,prcus-i,-0.1046063410182545,5.73519279045917
0.434,4,prcus-a,0.0,5.73519279045917
0.434,4,ifrms,-1.9270625414002225,5.73519279045917
0.434,4,sspls-v,0.7834773134795272,5.73519279045917
0.434,5,mcgs,0.0,5.40403779764485
0.434,5,pos,-0.0,5.40403779764485
0.434,5,sbps,-0.9832792299050414,5.40403779764485
0.434,5,prculs-d,-0.0,5.40403779764485
0.434,5,prcus-p,1.5848277501993508,5.40403779764485
0.434,5,prcus-i,-0.4523445513307388,5.40403779764485
0.434,5,prcus-a,-0.0,5.40403779764485
0.434,5,ifrms,-1.3994545661807396,5.40403779764485
0.434,5,sspls-v,0.8863988035384746,5.40403779764485
0.434,6,mcgs,0.08290433588075302,5.616361111491265
0.434,6,pos,-0.021246499375149046,5.616361111491265
0.434,6,sbps,-1.2499674146668176,5.616361111491265
0.434,6,prculs-d,-0.0,5.616361111491265
0.434,6,prcus-p,1.7647920119258738,5.616361111491265
0.434,6,prcus-i,-0.0,5.616361111491265
0.434,6,prcus-a,0.0,5.616361111491265
0.434,6,ifrms,-1.5210292038702462,5.616361111491265
0.434,6,sspls-v,1.0662120875717982,5.616361111491265
0.434,7,mcgs,0.0,5.646891832100152
0.434,7,pos,-0.0,5.646891832100152
0.434,7,sbps,-0.7145901104578392,5.646891832100152
0.434,7,prculs-d,-0.09077335936180987,5.646891832100152
0.434,7,prcus-p,1.1611670356262866,5.646891832100152
0.434,7,prcus-i,-0.0,5.646891832100152
0.434,7,prcus-a,0.0,5.646891832100152
0.434,7,ifrms,-0.9734810813268714,5.646891832100152
0.434,7,sspls-v,0.502740513399843,5.646891832100152
0.434,8,mcgs,0.4004133297279021,5.838700089957154
0.434,8,pos,-0.03841599797872387,5.838700089957154
0.434,8,sbps,-0.6895137761384524,5.838700089957154
0.434,8,prculs-d,-0.0,5.838700089957154
0.434,8,prcus-p,1.2441827514199657,5.838700089957154
0.434,8,prcus-i,-0.07765586761645432,5.838700089957154
0.434,8,prcus-a,0.0,5.838700089957154
0.434,8,ifrms,-1.3369164416003954,5.838700089957154
0.434,8,sspls-v,0.535965795806916,5.838700089957154
0.434,9,mcgs,0.012834750586366758,5.6207982867864015
0.434,9,pos,-0.0,5.6207982867864015
0.434,9,sbps,-1.0687395432385607,5.6207982867864015
0.434,9,prculs-d,-0.0,5.6207982867864015
0.434,9,prcus-p,1.649751929117955,5.6207982867864015
0.434,9,prcus-i,-0.0,5.6207982867864015
0.434,9,prcus-a,0.0,5.6207982867864015
0.434,9,ifrms,-1.4317977493474017,5.6207982867864015
0.434,9,sspls-v,0.8842075017225464,5.6207982867864015
0.434,10,mcgs,0.0,5.580768637552224
0.434,10,pos,-0.0,5.580768637552224
0.434,10,sbps,-1.0749111188142684,5.580768637552224
0.434,10,prculs-d,-0.0,5.580768637552224
0.434,10,prcus-p,1.5535489239247489,5.580768637552224
0.434,10,prcus-i,-0.020888005722927944,5.580768637552224
0.434,10,prcus-a,0.0,5.580768637552224
0.434,10,ifrms,-1.4113480833553491,5.580768637552224
0.434,10,sspls-v,0.9740770354825284,5.580768637552224
0.434,11,mcgs,0.08419613263728572,5.790792434952866
0.434,11,pos,-0.0,5.790792434952866
0.434,11,sbps,-0.9673910915788523,5.790792434952866
0.434,11,prculs-d,-0.0,5.790792434952866
0.434,11,prcus-p,1.604748773084423,5.790792434952866
0.434,11,prcus-i,-0.0,5.790792434952866
0.434,11,prcus-a,0.0,5.790792434952866
0.434,11,ifrms,-1.4687869254481944,5.790792434952866
0.434,11,sspls-v,0.860800142551794,5.790792434952866
0.434,12,mcgs,0.0,5.30057370793477
0.434,12,pos,-0.15669278063321515,5.30057370793477
0.434,12,sbps,-0.982168789500016,5.30057370793477
0.434,12,prculs-d,-0.0,5.30057370793477
0.434,12,prcus-p,1.9478435502848312,5.30057370793477
0.434,12,prcus-i,0.0,5.30057370793477
0.434,12,prcus-a,-0.0,5.30057370793477
0.434,12,ifrms,-1.5608837554330335,5.30057370793477
0.434,12,sspls-v,0.7210628604945724,5.30057370793477
0.434,13,mcgs,0.37522361226412687,5.406567928357204
0.434,13,pos,-0.0,5.406567928357204
0.434,13,sbps,-1.3801762331773286,5.406567928357204
0.434,13,prculs-d,-0.0,5.406567928357204
0.434,13,prcus-p,1.7729062157543913,5.406567928357204
0.434,13,prcus-i,-0.027704814373675585,5.406567928357204
0.434,13,prcus-a,0.0,5.406567928357204
0.434,13,ifrms,-1.3621121180989613,5.406567928357204
0.434,13,sspls-v,0.7738592697437521,5.406567928357204
0.434,14,mcgs,0.0,5.469126530569882
0.434,14,pos,0.0,5.469126530569882
0.434,14,sbps,-0.5305062785539044,5.469126530569882
0.434,14,prculs-d,-0.0,5.469126530569882
0.434,14,prcus-p,1.79108759282389,5.469126530569882
0.434,14,prcus-i,-0.0,5.469126530569882
0.434,14,prcus-a,0.19142511500174297,5.469126530569882
0.434,14,ifrms,-1.2466105045305733,5.469126530569882
0.434,14,sspls-v,0.7102950362007623,5.469126530569882
0.434,15,mcgs,0.5547542290056533,5.319214881606043
0.434,15,pos,-0.0,5.319214881606043
0.434,15,sbps,-1.0826589129166402,5.319214881606043
0.434,15,prculs-d,0.0,5.319214881606043
0.434,15,prcus-p,1.5443279702943502,5.319214881606043
0.434,15,prcus-i,-0.0,5.319214881606043
0.434,15,prcus-a,0.0,5.319214881606043
0.434,15,ifrms,-0.9948996871883011,5.319214881606043
0.434,15,sspls-v,1.426129896720925,5.319214881606043
0.434,16,mcgs,0.0,5.474732730794567
0.434,16,pos,-0.0,5.474732730794567
0.434,16,sbps,-1.05185727391617,5.474732730794567
0.434,16,prculs-d,-0.0,5.474732730794567
0.434,16,prcus-p,1.8242238900037595,5.474732730794567
0.434,16,prcus-i,-0.0,5.474732730794567
0.434,16,prcus-a,-0.0,5.474732730794567
0.434,16,ifrms,-1.664227893595963,5.474732730794567
0.434,16,sspls-v,0.5512767542061199,5.474732730794567
0.434,17,mcgs,0.0,5.5811122338494625
0.434,17,pos,-0.0,5.5811122338494625
0.434,17,sbps,-0.6569381081895297,5.5811122338494625
0.434,17,prculs-d,-0.0,5.5811122338494625
0.434,17,prcus-p,1.5525302367979565,5.5811122338494625
0.434,17,prcus-i,-0.0,5.5811122338494625
0.434,17,prcus-a,0.0,5.5811122338494625
0.434,17,ifrms,-1.2251212865009242,5.5811122338494625
0.434,17,sspls-v,0.9521570578956375,5.5811122338494625
0.434,18,mcgs,0.012875802692364583,5.59473470138965
0.434,18,pos,-0.0,5.59473470138965
0.434,18,sbps,-0.9262930734958649,5.59473470138965
0.434,18,prculs-d,-0.0,5.59473470138965
0.434,18,prcus-p,1.734889240014777,5.59473470138965
0.434,18,prcus-i,-0.0,5.59473470138965
0.434,18,prcus-a,-0.0,5.59473470138965
0.434,18,ifrms,-1.3217548938801056,5.59473470138965
0.434,18,sspls-v,0.9872425895970619,5.59473470138965
0.434,19,mcgs,0.24494139040299387,5.476646112102436
0.434,19,pos,-0.0,5.476646112102436
0.434,19,sbps,-1.100889604207762,5.476646112102436
0.434,19,prculs-d,-0.0,5.476646112102436
0.434,19,prcus-p,1.8733730299721596,5.476646112102436
0.434,19,prcus-i,-0.0,5.476646112102436
0.434,19,prcus-a,0.0,5.476646112102436
0.434,19,ifrms,-1.595147619331449,5.476646112102436
0.434,19,sspls-v,0.6490760174693734,5.476646112102436
0.434,20,mcgs,0.0,5.555409388910251
0.434,20,pos,-0.0,5.555409388910251
0.434,20,sbps,-0.5282054649478702,5.555409388910251
0.434,20,prculs-d,0.0,5.555409388910251
0.434,20,prcus-p,1.3171593613473256,5.555409388910251
0.434,20,prcus-i,-0.0,5.555409388910251
0.434,20,prcus-a,0.0,5.555409388910251
0.434,20,ifrms,-1.5875020775141995,5.555409388910251
0.434,20,sspls-v,0.9386173136483262,5.555409388910251
0.434,21,mcgs,0.09747443531496337,5.717801552344147
0.434,21,pos,-0.0,5.717801552344147
0.434,21,sbps,-0.9687694102005032,5.717801552344147
0.434,21,prculs-d,-0.0,5.717801552344147
0.434,21,prcus-p,1.6121822245430877,5.717801552344147
0.434,21,prcus-i,-0.0,5.717801552344147
0.434,21,prcus-a,0.0,5.717801552344147
0.434,21,ifrms,-1.345396733872247,5.717801552344147
0.434,21,sspls-v,0.8386439513754675,5.717801552344147
0.434,22,mcgs,0.07217114825716721,5.789413955206849
0.434,22,pos,-0.0,5.789413955206849
0.434,22,sbps,-0.9576585641205246,5.789413955206849
0.434,22,prculs-d,-0.0,5.789413955206849
0.434,22,prcus-p,1.6105483700824827,5.789413955206849
0.434,22,prcus-i,-0.0,5.789413955206849
0.434,22,prcus-a,0.0,5.789413955206849
0.434,22,ifrms,-1.4555363142027689,5.789413955206849
0.434,22,sspls-v,0.870578638156975,5.789413955206849
0.434,23,mcgs,0.025611312777750438,5.768451578378354
0.434,23,pos,-0.0,5.768451578378354
0.434,23,sbps,-0.9318039437653368,5.768451578378354
0.434,23,prculs-d,-0.02646105819953432,5.768451578378354
0.434,23,prcus-p,1.6352996379755387,5.768451578378354
0.434,23,prcus-i,-0.14656472527709408,5.768451578378354
0.434,23,prcus-a,0.0,5.768451578378354
0.434,23,ifrms,-1.4730920448440574,5.768451578378354
0.434,23,sspls-v,0.9300155598935047,5.768451578378354
0.434,24,mcgs,0.0,5.527868027275679
0.434,24,pos,-0.0,5.527868027275679
0.434,24,sbps,-1.3638231123306168,5.527868027275679
0.434,24,prculs-d,-0.1580565659118039,5.527868027275679
0.434,24,prcus-p,1.3811902669011735,5.527868027275679
0.434,24,prcus-i,-0.0,5.527868027275679
0.434,24,prcus-a,-0.0,5.527868027275679
0.434,24,ifrms,-1.617376025579353,5.527868027275679
0.434,24,sspls-v,0.9900067330690339,5.527868027275679
0.434,25,mcgs,0.0657755565650407,5.835684027209423
0.434,25,pos,-0.0,5.835684027209423
0.434,25,sbps,-0.9815163906068968,5.835684027209423
0.434,25,prculs-d,-0.0,5.835684027209423
0.434,25,prcus-p,1.5324718907473494,5.835684027209423
0.434,25,prcus-i,-0.0,5.835684027209423
0.434,25,prcus-a,0.0,5.835684027209423
0.434,25,ifrms,-1.486459895841357,5.835684027209423
0.434,25,sspls-v,0.9051960329126502,5.835684027209423
0.434,26,mcgs,0.11029319478156606,5.78826053263411
0.434,26,pos,-0.0,5.78826053263411
0.434,26,sbps,-1.0115274077524976,5.78826053263411
0.434,26,prculs-d,-0.0,5.78826053263411
0.434,26,prcus-p,1.599576494835846,5.78826053263411
0.434,26,prcus-i,-0.0,5.78826053263411
0.434,26,prcus-a,0.0,5.78826053263411
0.434,26,ifrms,-1.4274488855551468,5.78826053263411
0.434,26,sspls-v,0.8748534874623031,5.78826053263411
0.434,27,mcgs,0.10589937973644066,5.749391972503126
0.434,27,pos,-0.0,5.749391972503126
0.434,27,sbps,-0.9434331754635248,5.749391972503126
0.434,27,prculs-d,-0.0,5.749391972503126
0.434,27,prcus-p,1.584700538927426,5.749391972503126
0.434,27,prcus-i,-0.0,5.749391972503126
0.434,27,prcus-a,0.0,5.749391972503126
0.434,27,ifrms,-1.4808423447202055,5.749391972503126
0.434,27,sspls-v,0.8205327387499177,5.749391972503126
0.434,28,mcgs,0.07460335845921182,5.792338380361504
0.434,28,pos,-0.0,5.792338380361504
0.434,28,sbps,-0.9921821657855323,5.792338380361504
0.434,28,prculs-d,-0.0,5.792338380361504
0.434,28,prcus-p,1.5784361010910148,5.792338380361504
0.434,28,prcus-i,-0.0,5.792338380361504
0.434,28,prcus-a,0.0,5.792338380361504
0.434,28,ifrms,-1.463693281870104,5.792338380361504
0.434,28,sspls-v,0.8459728484060891,5.792338380361504
0.434,29,mcgs,0.0,5.507642306317609
0.434,29,pos,-0.0,5.507642306317609
0.434,29,sbps,-0.9512668938490253,5.507642306317609
0.434,29,prculs-d,0.0,5.507642306317609
0.434,29,prcus-p,1.0300058783484116,5.507642306317609
0.434,29,prcus-i,-0.0,5.507642306317609
0.434,29,prcus-a,0.0,5.507642306317609
0.434,29,ifrms,-1.5916439016488753,5.507642306317609
0.434,29,sspls-v,0.6803873704592909,5.507642306317609
0.434,30,mcgs,0.0,5.632971435872633
0.434,30,pos,-0.0,5.632971435872633
0.434,30,sbps,-1.0411679003218792,5.632971435872633
0.434,30,prculs-d,-0.0,5.632971435872633
0.434,30,prcus-p,1.567764126316987,5.632971435872633
0.434,30,prcus-i,-0.0,5.632971435872633
0.434,30,prcus-a,0.0,5.632971435872633
0.434,30,ifrms,-1.5777777326228462,5.632971435872633
0.434,30,sspls-v,0.7435554500153512,5.632971435872633
0.434,31,mcgs,0.0,5.484267649057476
0.434,31,pos,-0.0,5.484267649057476
0.434,31,sbps,-1.0483634255497352,5.484267649057476
0.434,31,prculs-d,-0.0,5.484267649057476
0.434,31,prcus-p,1.5109863291656929,5.484267649057476
0.434,31,prcus-i,-0.0,5.484267649057476
0.434,31,prcus-a,0.0,5.484267649057476
0.434,31,ifrms,-1.3701157191045161,5.484267649057476
0.434,31,sspls-v,0.8476598343528869,5.484267649057476
0.434,32,mcgs,0.14112052894171298,5.789556327714181
0.434,32,pos,-0.2209792311673604,5.789556327714181
0.434,32,sbps,-0.9763129565759638,5.789556327714181
0.434,32,prculs-d,-0.0,5.789556327714181
0.434,32,prcus-p,1.5524040738286609,5.789556327714181
0.434,32,prcus-i,-0.05820293580128604,5.789556327714181
0.434,32,prcus-a,0.0,5.789556327714181
0.434,32,ifrms,-1.2871915325582752,5.789556327714181
0.434,32,sspls-v,0.6743593916150687,5.789556327714181
0.434,33,mcgs,0.01129454033113058,5.764030287853385
0.434,33,pos,-0.0,5.764030287853385
0.434,33,sbps,-0.9102250763384916,5.764030287853385
0.434,33,prculs-d,-0.0624904553769007,5.764030287853385
0.434,33,prcus-p,1.6247587255114633,5.764030287853385
0.434,33,prcus-i,-0.0,5.764030287853385
0.434,33,prcus-a,0.0,5.764030287853385
0.434,33,ifrms,-1.418154713508818,5.764030287853385
0.434,33,sspls-v,0.9208444652038158,5.764030287853385
0.434,34,mcgs,0.0,5.610613464448857
0.434,34,pos,-0.01388080063513478,5.610613464448857
0.434,34,sbps,-0.9439888306056133,5.610613464448857
0.434,34,prculs-d,-0.0,5.610613464448857
0.434,34,prcus-p,1.7183377571823286,5.610613464448857
0.434,34,prcus-i,-0.0,5.610613464448857
0.434,34,prcus-a,-0.0,5.610613464448857
0.434,34,ifrms,-1.4697155079112711,5.610613464448857
0.434,34,sspls-v,0.6700544322323206,5.610613464448857
0.464,0,mcgs,0.09743932918509621,5.692822869167111
0.464,0,pos,-0.0,5.692822869167111
0.464,0,sbps,-0.9420915301160852,5.692822869167111
0.464,0,prculs-d,-0.0,5.692822869167111
0.464,0,prcus-p,1.539040903577004,5.692822869167111
0.464,0,prcus-i,-0.0,5.692822869167111
0.464,0,prcus-a,0.0,5.692822869167111
0.464,0,ifrms,-1.4331291293273474,5.692822869167111
0.464,0,sspls-v,0.8018647676874167,5.692822869167111
0.464,1,mcgs,0.0,5.659351246763413
0.464,1,pos,-0.0,5.659351246763413
0.464,1,sbps,-0.7660370784966452,5.659351246763413
0.464,1,prculs-d,-0.0,5.659351246763413
0.464,1,prcus-p,1.5424307510429554,5.659351246763413
0.464,1,prcus-i,-0.0,5.659351246763413
0.464,1,prcus-a,0.0,5.659351246763413
0.464,1,ifrms,-1.3118458155336084,5.659351246763413
0.464,1,sspls-v,0.7373804785437564,5.659351246763413
0.464,2,mcgs,0.11602911976546273,5.67633381294915
0.464,2,pos,-0.0,5.67633381294915
0.464,2,sbps,-1.0095261624970513,5.67633381294915
0.464,2,prculs-d,-0.05624852017360096,5.67633381294915
0.464,2,prcus-p,1.3213537503450694,5.67633381294915
0.464,2,prcus-i,-0.0,5.67633381294915
0.464,2,prcus-a,-0.0,5.67633381294915
0.464,2,ifrms,-1.3586419154807328,5.67633381294915
0.464,2,sspls-v,0.6841893704143176,5.67633381294915
0.464,3,mcgs,0.0,5.5927023920326935
0.464,3,pos,-0.0,5.5927023920326935
0.464,3,sbps,-1.0145474354641433,5.5927023920326935
0.464,3,prculs-d,-0.0,5.5927023920326935
0.464,3,prcus-p,1.1787004233500638,5.5927023920326935
0.464,3,prcus-i,-0.0,5.5927023920326935
0.464,3,prcus-a,0.0,5.5927023920326935
0.464,3,ifrms,-1.4751474236938062,5.5927023920326935
0.464,3,sspls-v,1.0851111198014942,5.5927023920326935
0.464,4,mcgs,0.4453133182213698,5.735028891526929
0.464,4,pos,0.0,5.735028891526929
0.464,4,sbps,-0.635748115910003,5.735028891526929
0.464,4,prculs-d,-0.04298456852460863,5.735028891526929
0.464,4,prcus-p,1.3349326856184405,5.735028891526929
0.464,4,prcus-i,-0.06798341066630544,5.735028891526929
0.464,4,prcus-a,0.0,5.735028891526929
0.464,4,ifrms,-1.8664033621024632,5.735028891526929
0.464,4,sspls-v,0.7270382370294461,5.735028891526929
0.464,5,mcgs,0.0,5.408532490087123
0.464,5,pos,-0.0,5.408532490087123
0.464,5,sbps,-0.9205490474034216,5.408532490087123
0.464,5,prculs-d,-0.0,5.408532490087123
0.464,5,prcus-p,1.545585876004763,5.408532490087123
0.464,5,prcus-i,-0.4161225608297223,5.408532490087123
0.464,5,prcus-a,-0.0,5.408532490087123
0.464,5,ifrms,-1.359129407050544,5.408532490087123
0.464,5,sspls-v,0.831524363007382,5.408532490087123
0.464,6,mcgs,0.04439242057919496,5.610834646887703
0.464,6,pos,-0.0,5.610834646887703
0.464,6,sbps,-1.1691697853387701,5.610834646887703
0.464,6,prculs-d,-0.0,5.610834646887703
0.464,6,prcus-p,1.7087812222347534,5.610834646887703
0.464,6,prcus-i,-0.0,5.610834646887703
0.464,6,prcus-a,0.0,5.610834646887703
0.464,6,ifrms,-1.4752846168341964,5.610834646887703
0.464,6,sspls-v,1.0000811763763087,5.610834646887703
0.464,7,mcgs,0.0,5.6311133819622405
0.464,7,pos,-0.0,5.6311133819622405
0.464,7,sbps,-0.649953957338778,5.6311133819622405
0.464,7,prculs-d,-0.062184500503417305,5.6311133819622405
0.464,7,prcus-p,1.1167660470567504,5.6311133819622405
0.464,7,prcus-i,-0.0,5.6311133819622405
0.464,7,prcus-a,0.0,5.6311133819622405
0.464,7,ifrms,-0.917245134887933,5.6311133819622405
0.464,7,sspls-v,0.44751467465250966,5.6311133819622405
0.464,8,mcgs,0.37086292703429463,5.82225264640325
0.464,8,pos,-0.03249189712130702,5.82225264640325
0.464,8,sbps,-0.6197935983158159,5.82225264640325
0.464,8,prculs-d,-0.0,5.82225264640325
0.464,8,prcus-p,1.202654143847839,5.82225264640325
0.464,8,prcus-i,-0.042846323612953784,5.82225264640325
0.464,8,prcus-a,0.0,5.82225264640325
0.464,8,ifrms,-1.2875168630632243,5.82225264640325
0.464,8,sspls-v,0.47452377746360014,5.82225264640325
0.464,9,mcgs,0.0,5.602016550913984
0.464,9,pos,-0.0,5.602016550913984
0.464,9,sbps,-1.0078564447187668,5.602016550913984
0.464,9,prculs-d,-0.0,5.602016550913984
0.464,9,prcus-p,1.6068197353923976,5.602016550913984
0.464,9,prcus-i,-0.0,5.602016550913984
0.464,9,prcus-a,0.0,5.602016550913984
0.464,9,ifrms,-1.3899117799030738,5.602016550913984
0.464,9,sspls-v,0.8347619918247909,5.602016550913984
0.464,10,mcgs,0.0,5.569634939890498
0.464,10,pos,-0.0,5.569634939890498
0.464,10,sbps,-1.0127819356613816,5.569634939890498
0.464,10,prculs-d,-0.0,5.569634939890498
0.464,10,prcus-p,1.5134270010202584,5.569634939890498
0.464,10,prcus-i,-0.0,5.569634939890498
0.464,10,prcus-a,0.0,5.569634939890498
0.464,10,ifrms,-1.3718674100638297,5.569634939890498
0.464,10,sspls-v,0.9215545669389037,5.569634939890498
0.464,11,mcgs,0.04435961227120409,5.766086142620051
0.464,11,pos,-0.0,5.766086142620051
0.464,11,sbps,-0.9087076450944691,5.766086142620051
0.464,11,prculs-d,-0.0,5.766086142620051
0.464,11,prcus-p,1.5658274356238595,5.766086142620051
0.464,11,prcus-i,-0.0,5.766086142620051
0.464,11,prcus-a,0.0,5.766086142620051
0.464,11,ifrms,-1.4213553155537642,5.766086142620051
0.464,11,sspls-v,0.8101528556863729,5.766086142620051
0.464,12,mcgs,0.0,5.292993750270065
0.464,12,pos,-0.1336384028685334,5.292993750270065
0.464,12,sbps,-0.9235304046360732,5.292993750270065
0.464,12,prculs-d,-0.0,5.292993750270065
0.464,12,prcus-p,1.9004178683235693,5.292993750270065
0.464,12,prcus-i,0.0,5.292993750270065
0.464,12,prcus-a,-0.0,5.292993750270065
0.464,12,ifrms,-1.529331268116882,5.292993750270065
0.464,12,sspls-v,0.675213568693556,5.292993750270065
0.464,13,mcgs,0.3327470919548724,5.392979114467099
0.464,13,pos,-0.0,5.392979114467099
0.464,13,sbps,-1.3159229846428167,5.392979114467099
0.464,13,prculs-d,-0.0,5.392979114467099
0.464,13,prcus-p,1.7363902878762372,5.392979114467099
0.464,13,prcus-i,-0.0,5.392979114467099
0.464,13,prcus-a,0.0,5.392979114467099
0.464,13,ifrms,-1.3138261700177887,5.392979114467099
0.464,13,sspls-v,0.7193581633367517,5.392979114467099
0.464,14,mcgs,0.0,5.463635585785681
0.464,14,pos,0.0,5.463635585785681
0.464,14,sbps,-0.47357842856560356,5.463635585785681
0.464,14,prculs-d,-0.0,5.463635585785681
0.464,14,prcus-p,1.7537356299312916,5.463635585785681
0.464,14,prcus-i,-0.0,5.463635585785681
0.464,14,prcus-a,0.16692104741925537,5.463635585785681
0.464,14,ifrms,-1.201646567559406,5.463635585785681
0.464,14,sspls-v,0.6659488915186781,5.463635585785681
0.464,15,mcgs,0.5157476523345894,5.336487794971608
0.464,15,pos,-0.0,5.336487794971608
0.464,15,sbps,-1.0212730259529739,5.336487794971608
0.464,15,prculs-d,0.0,5.336487794971608
0.464,15,prcus-p,1.505341242264052,5.336487794971608
0.464,15,prcus-i,-0.0,5.336487794971608
0.464,15,prcus-a,0.0,5.336487794971608
0.464,15,ifrms,-0.9520590043776617,5.336487794971608
0.464,15,sspls-v,1.3751859178049344,5.336487794971608
0.464,16,mcgs,0.0,5.464451504751298
0.464,16,pos,-0.0,5.464451504751298
0.464,16,sbps,-0.9921617570196354,5.464451504751298
0.464,16,prculs-d,-0.0,5.464451504751298
0.464,16,prcus-p,1.780621978095792,5.464451504751298
0.464,16,prcus-i,-0.0,5.464451504751298
0.464,16,prcus-a,-0.0,5.464451504751298
0.464,16,ifrms,-1.6251579159491212,5.464451504751298
0.464,16,sspls-v,0.5091515299398686,5.464451504751298
0.464,17,mcgs,0.0,5.566196171629531
0.464,17,pos,-0.0,5.566196171629531
0.464,17,sbps,-0.5961915617063173,5.566196171629531
0.464,17,prculs-d,-0.0,5.566196171629531
0.464,17,prcus-p,1.508005460199974,5.566196171629531
0.464,17,prcus-i,-0.0,5.566196171629531
0.464,17,prcus-a,0.0,5.566196171629531
0.464,17,ifrms,-1.184155574446468,5.566196171629531
0.464,17,sspls-v,0.9063961938983813,5.566196171629531
0.464,18,mcgs,0.0,5.576510237857338
0.464,18,pos,-0.0,5.576510237857338
0.464,18,sbps,-0.8709465799453742,5.576510237857338
0.464,18,prculs-d,-0.0,5.576510237857338
0.464,18,prcus-p,1.6952892736444782,5.576510237857338
0.464,18,prcus-i,-0.0,5.576510237857338
0.464,18,prcus-a,-0.0,5.576510237857338
0.464,18,ifrms,-1.2827361825072807,5.576510237857338
0.464,18,sspls-v,0.9388177120672376,5.576510237857338
0.464,19,mcgs,0.20510764869832876,5.464172431726636
0.464,19,pos,-0.0,5.464172431726636
0.464,19,sbps,-1.0390104829531515,5.464172431726636
0.464,19,prculs-d,-0.0,5.464172431726636
0.464,19,prcus-p,1.8335699271871873,5.464172431726636
0.464,19,prcus-i,-0.0,5.464172431726636
0.464,19,prcus-a,0.0,5.464172431726636
0.464,19,ifrms,-1.5460359935938865,5.464172431726636
0.464,19,sspls-v,0.6005231521928236,5.464172431726636
0.464,20,mcgs,0.0,5.5501044633214125
0.464,20,pos,-0.0,5.5501044633214125
0.464,20,sbps,-0.46909738300777193,5.5501044633214125
0.464,20,prculs-d,0.0,5.5501044633214125
0.464,20,prcus-p,1.2709191694926232,5.5501044633214125
0.464,20,prcus-i,-0.0,5.5501044633214125
0.464,20,prcus-a,0.0,5.5501044633214125
0.464,20,ifrms,-1.5514348329063754,5.5501044633214125
0.464,20,sspls-v,0.8932226214456319,5.5501044633214125
0.464,21,mcgs,0.06051533709969278,5.695927704572764
0.464,21,pos,-0.0,5.695927704572764
0.464,21,sbps,-0.9065930725980479,5.695927704572764
0.464,21,prculs-d,-0.0,5.695927704572764
0.464,21,prcus-p,1.5730087075218542,5.695927704572764
0.464,21,prcus-i,-0.0,5.695927704572764
0.464,21,prcus-a,0.0,5.695927704572764
0.464,21,ifrms,-1.2974594692600079,5.695927704572764
0.464,21,sspls-v,0.7872381374072949,5.695927704572764
0.464,22,mcgs,0.03223070381976999,5.762706467846935
0.464,22,pos,-0.0,5.762706467846935
0.464,22,sbps,-0.9029736411742495,5.762706467846935
0.464,22,prculs-d,-0.0,5.762706467846935
0.464,22,prcus-p,1.5722000680818573,5.762706467846935
0.464,22,prcus-i,-0.0,5.762706467846935
0.464,22,prcus-a,0.0,5.762706467846935
0.464,22,ifrms,-1.4076892834010843,5.762706467846935
0.464,22,sspls-v,0.8206046999323323,5.762706467846935
0.464,23,mcgs,0.0,5.741665869090841
0.464,23,pos,-0.0,5.741665869090841
0.464,23,sbps,-0.8716029517841515,5.741665869090841
0.464,23,prculs-d,-0.0,5.741665869090841
0.464,23,prcus-p,1.6055315723577395,5.741665869090841
0.464,23,prcus-i,-0.11068994318110402,5.741665869090841
0.464,23,prcus-a,0.0,5.741665869090841
0.464,23,ifrms,-1.4176714519323823,5.741665869090841
0.464,23,sspls-v,0.8729886566085897,5.741665869090841
0.464,24,mcgs,0.0,5.506032154474547
0.464,24,pos,-0.0,5.506032154474547
0.464,24,sbps,-1.3045490656022771,5.506032154474547
0.464,24,prculs-d,-0.11796120655447935,5.506032154474547
0.464,24,prcus-p,1.3527889112255687,5.506032154474547
0.464,24,prcus-i,-0.0,5.506032154474547
0.464,24,prcus-a,-0.0,5.506032154474547
0.464,24,ifrms,-1.5632214169547243,5.506032154474547
0.464,24,sspls-v,0.9405375549540215,5.506032154474547
0.464,25,mcgs,0.026579632420430755,5.803750514086459
0.464,25,pos,-0.0,5.803750514086459
0.464,25,sbps,-0.9232989567735616,5.803750514086459
0.464,25,prculs-d,-0.0,5.803750514086459
0.464,25,prcus-p,1.497031291880435,5.803750514086459
0.464,25,prcus-i,-0.0,5.803750514086459
0.464,25,prcus-a,0.0,5.803750514086459
0.464,25,ifrms,-1.4379167124915015,5.803750514086459
0.464,25,sspls-v,0.8597446814236661,5.803750514086459
0.464,26,mcgs,0.06622171631425766,5.7720057425784
0.464,26,pos,-0.0,5.7720057425784
0.464,26,sbps,-0.950005428588319,5.7720057425784
0.464,26,prculs-d,-0.0,5.7720057425784
0.464,26,prcus-p,1.5613241145413617,5.7720057425784
0.464,26,prcus-i,-0.0,5.7720057425784
0.464,26,prcus-a,0.0,5.7720057425784
0.464,26,ifrms,-1.3746376062879915,5.7720057425784
0.464,26,sspls-v,0.8225966189467897,5.7720057425784
0.464,27,mcgs,0.06875655965412675,5.731167001997463
0.464,27,pos,-0.0,5.731167001997463
0.464,27,sbps,-0.8819196681544781,5.731167001997463
0.464,27,prculs-d,-0.0,5.731167001997463
0.464,27,prcus-p,1.5449033095028495,5.731167001997463
0.464,27,prcus-i,-0.0,5.731167001997463
0.464,27,prcus-a,0.0,5.731167001997463
0.464,27,ifrms,-1.4333925599276167,5.731167001997463
0.464,27,sspls-v,0.7693510283865926,5.731167001997463
0.464,28,mcgs,0.036365220871346575,5.766504140188832
0.464,28,pos,-0.0,5.766504140188832
0.464,28,sbps,-0.9323041757541394,5.766504140188832
0.464,28,prculs-d,-0.0,5.766504140188832
0.464,28,prcus-p,1.5408401974628398,5.766504140188832
0.464,28,prcus-i,-0.0,5.766504140188832
0.464,28,prcus-a,0.0,5.766504140188832
0.464,28,ifrms,-1.415363175096956,5.766504140188832
0.464,28,sspls-v,0.7972726733044645,5.766504140188832
0.464,29,mcgs,0.0,5.492617344477774
0.464,29,pos,-0.0,5.492617344477774
0.464,29,sbps,-0.8913998212047565,5.492617344477774
0.464,29,prculs-d,0.0,5.492617344477774
0.464,29,prcus-p,0.9858659438185434,5.492617344477774
0.464,29,prcus-i,0.0,5.492617344477774
0.464,29,prcus-a,0.0,5.492617344477774
0.464,29,ifrms,-1.5539870786406043,5.492617344477774
0.464,29,sspls-v,0.6311634236037408,5.492617344477774
0.464,30,mcgs,0.0,5.61159618677283
0.464,30,pos,-0.0,5.61159618677283
0.464,30,sbps,-0.9814571514472888,5.61159618677283
0.464,30,prculs-d,-0.0,5.61159618677283
0.464,30,prcus-p,1.5242045071646955,5.61159618677283
0.464,30,prcus-i,-0.0,5.61159618677283
0.464,30,prcus-a,0.0,5.61159618677283
0.464,30,ifrms,-1.5400492893282751,5.61159618677283
0.464,30,sspls-v,0.6975042470198765,5.61159618677283
0.464,31,mcgs,0.0,5.46848410742573
0.464,31,pos,-0.0,5.46848410742573
0.464,31,sbps,-0.9886322357882186,5.46848410742573
0.464,31,prculs-d,-0.0,5.46848410742573
0.464,31,prcus-p,1.467046571304945,5.46848410742573
0.464,31,prcus-i,-0.0,5.46848410742573
0.464,31,prcus-a,0.0,5.46848410742573
0.464,31,ifrms,-1.3307492728291166,5.46848410742573
0.464,31,sspls-v,0.7994945989351492,5.46848410742573
0.464,32,mcgs,0.10054758289197357,5.771874454032565
0.464,32,pos,-0.2121067567354776,5.771874454032565
0.464,32,sbps,-0.9128420522133849,5.771874454032565
0.464,32,prculs-d,-0.0,5.771874454032565
0.464,32,prcus-p,1.5174476259753817,5.771874454032565
0.464,32,prcus-i,-0.019937824342089454,5.771874454032565
0.464,32,prcus-a,0.0,5.771874454032565
0.464,32,ifrms,-1.2408194404812471,5.771874454032565
0.464,32,sspls-v,0.6185928870513148,5.771874454032565
0.464,33,mcgs,0.0,5.735694543041918
0.464,33,pos,-0.0,5.735694543041918
0.464,33,sbps,-0.8563200209272664,5.735694543041918
0.464,33,prculs-d,-0.028241862370478803,5.735694543041918
0.464,33,prcus-p,1.5914626649565473,5.735694543041918
0.464,33,prcus-i,-0.0,5.735694543041918
0.464,33,prcus-a,0.0,5.735694543041918
0.464,33,ifrms,-1.3660348046967494,5.735694543041918
0.464,33,sspls-v,0.8725749984599761,5.735694543041918
0.464,34,mcgs,0.0,5.586194816623506
0.464,34,pos,-0.0,5.586194816623506
0.464,34,sbps,-0.8849347310563822,5.586194816623506
0.464,34,prculs-d,-0.0,5.586194816623506
0.464,34,prcus-p,1.6735407477068158,5.586194816623506
0.464,34,prcus-i,-0.0,5.586194816623506
0.464,34,prcus-a,-0.0,5.586194816623506
0.464,34,ifrms,-1.4354261628757405,5.586194816623506
0.464,34,sspls-v,0.6243477337010558,5.586194816623506
0.496,0,mcgs,0.055651925349114624,5.682121475026585
0.496,0,pos,-0.0,5.682121475026585
0.496,0,sbps,-0.8763215736276162,5.682121475026585
0.496,0,prculs-d,-0.0,5.682121475026585
0.496,0,prcus-p,1.4978686769816876,5.682121475026585
0.496,0,prcus-i,-0.0,5.682121475026585
0.496,0,prcus-a,0.0,5.682121475026585
0.496,0,ifrms,-1.3811157690206812,5.682121475026585
0.496,0,sspls-v,0.7477570356330966,5.682121475026585
0.496,1,mcgs,0.0,5.643440253240829
0.496,1,pos,-0.0,5.643440253240829
0.496,1,sbps,-0.6974400535031594,5.643440253240829
0.496,1,prculs-d,-0.0,5.643440253240829
0.496,1,prcus-p,1.4942144960280828,5.643440253240829
0.496,1,prcus-i,-0.0,5.643440253240829
0.496,1,prcus-a,0.0,5.643440253240829
0.496,1,ifrms,-1.2665286990933866,5.643440253240829
0.496,1,sspls-v,0.6831654987506217,5.643440253240829
0.496,2,mcgs,0.07499904441432155,5.661108842690657
0.496,2,pos,-0.0,5.661108842690657
0.496,2,sbps,-0.9492859855414452,5.661108842690657
0.496,2,prculs-d,-0.0203876297148126,5.661108842690657
0.496,2,prcus-p,1.2914518424996706,5.661108842690657
0.496,2,prcus-i,-0.0,5.661108842690657
0.496,2,prcus-a,-0.0,5.661108842690657
0.496,2,ifrms,-1.2962882026914808,5.661108842690657
0.496,2,sspls-v,0.6319628169996824,5.661108842690657
0.496,3,mcgs,0.0,5.563635813432618
0.496,3,pos,-0.0,5.563635813432618
0.496,3,sbps,-0.9510623074189903,5.563635813432618
0.496,3,prculs-d,-0.0,5.563635813432618
0.496,3,prcus-p,1.1366396758476993,5.563635813432618
0.496,3,prcus-i,-0.0,5.563635813432618
0.496,3,prcus-a,0.0,5.563635813432618
0.496,3,ifrms,-1.4330798851749862,5.563635813432618
0.496,3,sspls-v,1.0356866626042014,5.563635813432618
0.496,4,mcgs,0.39802331006650654,5.730432190012429
0.496,4,pos,-0.0,5.730432190012429
0.496,4,sbps,-0.574321667463117,5.730432190012429
0.496,4,prculs-d,-0.011656095133828785,5.730432190012429
0.496,4,prcus-p,1.308767948317363,5.730432190012429
0.496,4,prcus-i,-0.02892374779819594,5.730432190012429
0.496,4,prcus-a,0.0,5.730432190012429
0.496,4,ifrms,-1.8016808632914603,5.730432190012429
0.496,4,sspls-v,0.6668451894113371,5.730432190012429
0.496,5,mcgs,0.0,5.417113362509151
0.496,5,pos,-0.0,5.417113362509151
0.496,5,sbps,-0.8536368527350267,5.417113362509151
0.496,5,prculs-d,-0.0,5.417113362509151
0.496,5,prcus-p,1.5037278768638696,5.417113362509151
0.496,5,prcus-i,-0.3774857709619721,5.417113362509151
0.496,5,prcus-a,-0.0,5.417113362509151
0.496,5,ifrms,-1.3161159039783354,5.417113362509151
0.496,5,sspls-v,0.7729916264408828,5.417113362509151
0.496,6,mcgs,0.0,5.6040021414648304
0.496,6,pos,-0.0,5.6040021414648304
0.496,6,sbps,-1.0843580654707639,5.6040021414648304
0.496,6,prculs-d,-0.0,5.6040021414648304
0.496,6,prcus-p,1.6543218029712865,5.6040021414648304
0.496,6,prcus-i,-0.0,5.6040021414648304
0.496,6,prcus-a,0.0,5.6040021414648304
0.496,6,ifrms,-1.4181735421182875,5.6040021414648304
0.496,6,sspls-v,0.9297106179602088,5.6040021414648304
0.496,7,mcgs,0.0,5.616671668261805
0.496,7,pos,-0.0,5.616671668261805
0.496,7,sbps,-0.5810093037216199,5.616671668261805
0.496,7,prculs-d,-0.03168939116894881,5.616671668261805
0.496,7,prcus-p,1.0694052856023453,5.616671668261805
0.496,7,prcus-i,-0.0,5.616671668261805
0.496,7,prcus-a,0.0,5.616671668261805
0.496,7,ifrms,-0.8572602036848436,5.616671668261805
0.496,7,sspls-v,0.3886073050344909,5.616671668261805
0.496,8,mcgs,0.33934322533707645,5.803939377123045
0.496,8,pos,-0.02617243996080495,5.803939377123045
0.496,8,sbps,-0.5454248029925474,5.803939377123045
0.496,8,prculs-d,-0.0,5.803939377123045
0.496,8,prcus-p,1.1583564277207221,5.803939377123045
0.496,8,prcus-i,-0.0057162426197148826,5.803939377123045
0.496,8,prcus-a,0.0,5.803939377123045
0.496,8,ifrms,-1.2348241212072104,5.803939377123045
0.496,8,sspls-v,0.40898543562655687,5.803939377123045
0.496,9,mcgs,0.0,5.588738102551195
0.496,9,pos,-0.0,5.588738102551195
0.496,9,sbps,-0.9431622436362505,5.588738102551195
0.496,9,prculs-d,-0.0,5.588738102551195
0.496,9,prcus-p,1.5592564569691676,5.588738102551195
0.496,9,prcus-i,-0.0,5.588738102551195
0.496,9,prcus-a,0.0,5.588738102551195
0.496,9,ifrms,-1.3484587451240333,5.588738102551195
0.496,9,sspls-v,0.7829210123675608,5.588738102551195
0.496,10,mcgs,0.0,5.5592489446587265
0.496,10,pos,-0.0,5.5592489446587265
0.496,10,sbps,-0.9485659500820832,5.5592489446587265
0.496,10,prculs-d,-0.0,5.5592489446587265
0.496,10,prcus-p,1.4674831751500965,5.5592489446587265
0.496,10,prcus-i,-0.0,5.5592489446587265
0.496,10,prcus-a,0.0,5.5592489446587265
0.496,10,ifrms,-1.3304184290812626,5.5592489446587265
0.496,10,sspls-v,0.870211560964569,5.5592489446587265
0.496,11,mcgs,0.0018675496814241407,5.739412723260292
0.496,11,pos,-0.0,5.739412723260292
0.496,11,sbps,-0.8461121702486673,5.739412723260292
0.496,11,prculs-d,-0.0,5.739412723260292
0.496,11,prcus-p,1.5243113448440326,5.739412723260292
0.496,11,prcus-i,-0.0,5.739412723260292
0.496,11,prcus-a,0.0,5.739412723260292
0.496,11,ifrms,-1.3707616950464239,5.739412723260292
0.496,11,sspls-v,0.7561291529623331,5.739412723260292
0.496,12,mcgs,0.0,5.2889095081973
0.496,12,pos,-0.10904639746794519,5.2889095081973
0.496,12,sbps,-0.8609834490988446,5.2889095081973
0.496,12,prculs-d,-0.0,5.2889095081973
0.496,12,prcus-p,1.8498304838453534,5.2889095081973
0.496,12,prcus-i,0.0,5.2889095081973
0.496,12,prcus-a,-0.0,5.2889095081973
0.496,12,ifrms,-1.4956756352988163,5.2889095081973
0.496,12,sspls-v,0.6263078817003996,5.2889095081973
0.496,13,mcgs,0.2902025104545669,5.385779539062203
0.496,13,pos,-0.0,5.385779539062203
0.496,13,sbps,-1.2500156807645004,5.385779539062203
0.496,13,prculs-d,-0.0,5.385779539062203
0.496,13,prcus-p,1.6934939449320376,5.385779539062203
0.496,13,prcus-i,-0.0,5.385779539062203
0.496,13,prcus-a,0.0,5.385779539062203
0.496,13,ifrms,-1.263888127364842,5.385779539062203
0.496,13,sspls-v,0.6666988323987076,5.385779539062203
0.496,14,mcgs,0.0,5.456412452309715
0.496,14,pos,0.0,5.456412452309715
0.496,14,sbps,-0.4128553885780821,5.456412452309715
0.496,14,prculs-d,-0.0,5.456412452309715
0.496,14,prcus-p,1.7138935361791872,5.456412452309715
0.496,14,prcus-i,-0.0,5.456412452309715
0.496,14,prcus-a,0.1407833753312683,5.456412452309715
0.496,14,ifrms,-1.1536850347901606,5.456412452309715
0.496,14,sspls-v,0.6186463371911212,5.456412452309715
0.496,15,mcgs,0.4741406040424972,5.357991386412919
0.496,15,pos,-0.0,5.357991386412919
0.496,15,sbps,-0.9557945932716957,5.357991386412919
0.496,15,prculs-d,0.0,5.357991386412919
0.496,15,prcus-p,1.4637553632182192,5.357991386412919
0.496,15,prcus-i,-0.0,5.357991386412919
0.496,15,prcus-a,0.0,5.357991386412919
0.496,15,ifrms,-0.9063622600448075,5.357991386412919
0.496,15,sspls-v,1.3208456270814926,5.357991386412919
0.496,16,mcgs,0.0,5.455622203749325
0.496,16,pos,-0.0,5.455622203749325
0.496,16,sbps,-0.9284865389966651,5.455622203749325
0.496,16,prculs-d,-0.0,5.455622203749325
0.496,16,prcus-p,1.7341132720606254,5.455622203749325
0.496,16,prcus-i,-0.0,5.455622203749325
0.496,16,prcus-a,-0.0,5.455622203749325
0.496,16,ifrms,-1.5834832731258246,5.455622203749325
0.496,16,sspls-v,0.4642179573892014,5.455622203749325
0.496,17,mcgs,0.0,5.559685940901786
0.496,17,pos,-0.0,5.559685940901786
0.496,17,sbps,-0.5313901144292915,5.559685940901786
0.496,17,prculs-d,-0.0,5.559685940901786
0.496,17,prcus-p,1.4605111902475352,5.559685940901786
0.496,17,prcus-i,-0.0,5.559685940901786
0.496,17,prcus-a,0.0,5.559685940901786
0.496,17,ifrms,-1.140457738333348,5.559685940901786
0.496,17,sspls-v,0.8575833688522575,5.559685940901786
0.496,18,mcgs,0.0,5.5645579494028725
0.496,18,pos,-0.0,5.5645579494028725
0.496,18,sbps,-0.8125057888190262,5.5645579494028725
0.496,18,prculs-d,-0.0,5.5645579494028725
0.496,18,prcus-p,1.6510945381564122,5.5645579494028725
0.496,18,prcus-i,-0.0,5.5645579494028725
0.496,18,prcus-a,-0.0,5.5645579494028725
0.496,18,ifrms,-1.2444912380922013,5.5645579494028725
0.496,18,sspls-v,0.8878503801306764,5.5645579494028725
0.496,19,mcgs,0.16261838182816565,5.450639313675539
0.496,19,pos,-0.0,5.450639313675539
0.496,19,sbps,-0.9730061931057693,5.450639313675539
0.496,19,prculs-d,-0.0,5.450639313675539
0.496,19,prcus-p,1.7911132965834293,5.450639313675539
0.496,19,prcus-i,-0.0,5.450639313675539
0.496,19,prcus-a,0.0,5.450639313675539
0.496,19,ifrms,-1.4936502937292506,5.450639313675539
0.496,19,sspls-v,0.5487334596675965,5.450639313675539
0.496,20,mcgs,0.0,5.541947711977098
0.496,20,pos,-0.0,5.541947711977098
0.496,20,sbps,-0.40604876227166653,5.541947711977098
0.496,20,prculs-d,0.0,5.541947711977098
0.496,20,prcus-p,1.2215962981809403,5.541947711977098
0.496,20,prcus-i,-0.0,5.541947711977098
0.496,20,prcus-a,0.0,5.541947711977098
0.496,20,ifrms,-1.5129631053246964,5.541947711977098
0.496,20,sspls-v,0.8448016164294249,5.541947711977098
0.496,21,mcgs,0.02109243085254797,5.677167455804387
0.496,21,pos,-0.0,5.677167455804387
0.496,21,sbps,-0.8402719222374341,5.677167455804387
0.496,21,prculs-d,-0.0,5.677167455804387
0.496,21,prcus-p,1.5312236489560735,5.677167455804387
0.496,21,prcus-i,-0.0,5.677167455804387
0.496,21,prcus-a,0.0,5.677167455804387
0.496,21,ifrms,-1.2463264811049062,5.677167455804387
0.496,21,sspls-v,0.7324053534653782,5.677167455804387
0.496,22,mcgs,0.0,5.739380468663247
0.496,22,pos,-0.0,5.739380468663247
0.496,22,sbps,-0.8446204064943228,5.739380468663247
0.496,22,prculs-d,-0.0,5.739380468663247
0.496,22,prcus-p,1.5299667979556983,5.739380468663247
0.496,22,prcus-i,-0.0,5.739380468663247
0.496,22,prcus-a,0.0,5.739380468663247
0.496,22,ifrms,-1.3593090846477922,5.739380468663247
0.496,22,sspls-v,0.7682612742954931,5.739380468663247
0.496,23,mcgs,0.0,5.71395207449396
0.496,23,pos,-0.0,5.71395207449396
0.496,23,sbps,-0.8058989701135569,5.71395207449396
0.496,23,prculs-d,-0.0,5.71395207449396
0.496,23,prcus-p,1.5634913979277336,5.71395207449396
0.496,23,prcus-i,-0.07066084834519595,5.71395207449396
0.496,23,prcus-a,0.0,5.71395207449396
0.496,23,ifrms,-1.3741006431445852,5.71395207449396
0.496,23,sspls-v,0.8136821610828128,5.71395207449396
0.496,24,mcgs,0.0,5.489296677879631
0.496,24,pos,-0.0,5.489296677879631
0.496,24,sbps,-1.2413232878787854,5.489296677879631
0.496,24,prculs-d,-0.07519415821298683,5.489296677879631
0.496,24,prcus-p,1.3224936202709148,5.489296677879631
0.496,24,prcus-i,-0.0,5.489296677879631
0.496,24,prcus-a,-0.0,5.489296677879631
0.496,24,ifrms,-1.505456942827898,5.489296677879631
0.496,24,sspls-v,0.8877704068460361,5.489296677879631
0.496,25,mcgs,0.0,5.771456068651906
0.496,25,pos,-0.0,5.771456068651906
0.496,25,sbps,-0.8616655767874006,5.771456068651906
0.496,25,prculs-d,-0.0,5.771456068651906
0.496,25,prcus-p,1.4572683274697744,5.771456068651906
0.496,25,prcus-i,-0.0,5.771456068651906
0.496,25,prcus-a,0.0,5.771456068651906
0.496,25,ifrms,-1.3897288661003453,5.771456068651906
0.496,25,sspls-v,0.8124756067842552,5.771456068651906
0.496,26,mcgs,0.019213659544827295,5.755654971984872
0.496,26,pos,-0.0,5.755654971984872
0.496,26,sbps,-0.8843831800090854,5.755654971984872
0.496,26,prculs-d,-0.0,5.755654971984872
0.496,26,prcus-p,1.5205215038360438,5.755654971984872
0.496,26,prcus-i,-0.0,5.755654971984872
0.496,26,prcus-a,0.0,5.755654971984872
0.496,26,ifrms,-1.3183063178897245,5.755654971984872
0.496,26,sspls-v,0.7668563941733731,5.755654971984872
0.496,27,mcgs,0.029137446890889564,5.714940529667541
0.496,27,pos,-0.0,5.714940529667541
0.496,27,sbps,-0.8163049705057893,5.714940529667541
0.496,27,prculs-d,-0.0,5.714940529667541
0.496,27,prcus-p,1.5024528851287386,5.714940529667541
0.496,27,prcus-i,-0.0,5.714940529667541
0.496,27,prcus-a,0.0,5.714940529667541
0.496,27,ifrms,-1.3827793783321412,5.714940529667541
0.496,27,sspls-v,0.7147571144604746,5.714940529667541
0.496,28,mcgs,0.0,5.745236054088984
0.496,28,pos,-0.0,5.745236054088984
0.496,28,sbps,-0.8684754057092307,5.745236054088984
0.496,28,prculs-d,-0.0,5.745236054088984
0.496,28,prcus-p,1.500416496614464,5.745236054088984
0.496,28,prcus-i,-0.0,5.745236054088984
0.496,28,prcus-a,0.0,5.745236054088984
0.496,28,ifrms,-1.36484648983767,5.745236054088984
0.496,28,sspls-v,0.7454582407745242,5.745236054088984
0.496,29,mcgs,0.0,5.478343027483032
0.496,29,pos,-0.0,5.478343027483032
0.496,29,sbps,-0.8275416582699885,5.478343027483032
0.496,29,prculs-d,0.0,5.478343027483032
0.496,29,prcus-p,0.9387833592259245,5.478343027483032
0.496,29,prcus-i,0.0,5.478343027483032
0.496,29,prcus-a,0.0,5.478343027483032
0.496,29,ifrms,-1.5138198096197546,5.478343027483032
0.496,29,sspls-v,0.578657893633879,5.478343027483032
0.496,30,mcgs,0.0,5.596502539795087
0.496,30,pos,-0.0,5.596502539795087
0.496,30,sbps,-0.9177656859810596,5.596502539795087
0.496,30,prculs-d,-0.0,5.596502539795087
0.496,30,prcus-p,1.4777409134022519,5.596502539795087
0.496,30,prcus-i,-0.0,5.596502539795087
0.496,30,prcus-a,0.0,5.596502539795087
0.496,30,ifrms,-1.4998056164807336,5.596502539795087
0.496,30,sspls-v,0.6483829638247036,5.596502539795087
0.496,31,mcgs,0.0,5.459370968146372
0.496,31,pos,-0.0,5.459370968146372
0.496,31,sbps,-0.924918966709268,5.459370968146372
0.496,31,prculs-d,-0.0,5.459370968146372
0.496,31,prcus-p,1.4201774962534817,5.459370968146372
0.496,31,prcus-i,-0.0,5.459370968146372
0.496,31,prcus-a,0.0,5.459370968146372
0.496,31,ifrms,-1.2887583968020242,5.459370968146372
0.496,31,sspls-v,0.7481183478228957,5.459370968146372
0.496,32,mcgs,0.05977796516306507,5.747865170643485
0.496,32,pos,-0.20008853047383968,5.747865170643485
0.496,32,sbps,-0.8469029343956522,5.747865170643485
0.496,32,prculs-d,-0.0,5.747865170643485
0.496,32,prcus-p,1.4765474451718086,5.747865170643485
0.496,32,prcus-i,-0.0,5.747865170643485
0.496,32,prcus-a,0.0,5.747865170643485
0.496,32,ifrms,-1.1933554558643371,5.747865170643485
0.496,32,sspls-v,0.5628425434136131,5.747865170643485
0.496,33,mcgs,0.0,5.712546395930339
0.496,33,pos,-0.0,5.712546395930339
0.496,33,sbps,-0.798290373608766,5.712546395930339
0.496,33,prculs-d,-0.0,5.712546395930339
0.496,33,prcus-p,1.5523155205664796,5.712546395930339
0.496,33,prcus-i,-0.0,5.712546395930339
0.496,33,prcus-a,0.0,5.712546395930339
0.496,33,ifrms,-1.3158661331432384,5.712546395930339
0.496,33,sspls-v,0.8221710084761171,5.712546395930339
0.496,34,mcgs,0.0,5.563987313054339
0.496,34,pos,-0.0,5.563987313054339
0.496,34,sbps,-0.8209035140832226,5.563987313054339
0.496,34,prculs-d,-0.0,5.563987313054339
0.496,34,prcus-p,1.62808074334102,5.563987313054339
0.496,34,prcus-i,-0.0,5.563987313054339
0.496,34,prcus-a,-0.0,5.563987313054339
0.496,34,ifrms,-1.393709605742165,5.563987313054339
0.496,34,sspls-v,0.5739934680429901,5.563987313054339
0.53,0,mcgs,0.011253202820298657,5.67154081965063
0.53,0,pos,-0.0,5.67154081965063
0.53,0,sbps,-0.8064414430601733,5.67154081965063
0.53,0,prculs-d,-0.0,5.67154081965063
0.53,0,prcus-p,1.4541232004768094,5.67154081965063
0.53,0,prcus-i,-0.0,5.67154081965063
0.53,0,prcus-a,0.0,5.67154081965063
0.53,0,ifrms,-1.3258517614064946,5.67154081965063
0.53,0,sspls-v,0.6902677131102065,5.67154081965063
0.53,1,mcgs,0.0,5.632323286591937
0.53,1,pos,-0.0,5.632323286591937
0.53,1,sbps,-0.6245556606923097,5.632323286591937
0.53,1,prculs-d,-0.0,5.632323286591937
0.53,1,prcus-p,1.4429847128211222,5.632323286591937
0.53,1,prcus-i,-0.0,5.632323286591937
0.53,1,prcus-a,0.0,5.632323286591937
0.53,1,ifrms,-1.2183792498075536,5.632323286591937
0.53,1,sspls-v,0.6255620668430959,5.632323286591937
0.53,2,mcgs,0.03181103977963536,5.6438896253781845
0.53,2,pos,-0.0,5.6438896253781845
0.53,2,sbps,-0.8844832436601923,5.6438896253781845
0.53,2,prculs-d,-0.0,5.6438896253781845
0.53,2,prcus-p,1.2540179324612872,5.6438896253781845
0.53,2,prcus-i,-0.0,5.6438896253781845
0.53,2,prcus-a,-0.0,5.6438896253781845
0.53,2,ifrms,-1.235413902861733,5.6438896253781845
0.53,2,sspls-v,0.5755795143346082,5.6438896253781845
0.53,3,mcgs,0.0,5.543619959590935
0.53,3,pos,-0.0,5.543619959590935
0.53,3,sbps,-0.8836093588710154,5.543619959590935
0.53,3,prculs-d,-0.0,5.543619959590935
0.53,3,prcus-p,1.0919501316264357,5.543619959590935
0.53,3,prcus-i,-0.0,5.543619959590935
0.53,3,prcus-a,0.0,5.543619959590935
0.53,3,ifrms,-1.38838312549874,5.543619959590935
0.53,3,sspls-v,0.9831731768320777,5.543619959590935
0.53,4,mcgs,0.3498488431163418,5.717150751126202
0.53,4,pos,-0.0,5.717150751126202
0.53,4,sbps,-0.5075775084694772,5.717150751126202
0.53,4,prculs-d,-0.0,5.717150751126202
0.53,4,prcus-p,1.2729936359695513,5.717150751126202
0.53,4,prcus-i,-0.0,5.717150751126202
0.53,4,prcus-a,0.0,5.717150751126202
0.53,4,ifrms,-1.7416041617050566,5.717150751126202
0.53,4,sspls-v,0.6047732405005513,5.717150751126202
0.53,5,mcgs,0.0,5.424262046440519
0.53,5,pos,-0.0,5.424262046440519
0.53,5,sbps,-0.7825426458998578,5.424262046440519
0.53,5,prculs-d,-0.0,5.424262046440519
0.53,5,prcus-p,1.45925375277667,5.424262046440519
0.53,5,prcus-i,-0.3364341817274871,5.424262046440519
0.53,5,prcus-a,-0.0,5.424262046440519
0.53,5,ifrms,-1.2704140569641122,5.424262046440519
0.53,5,sspls-v,0.7108005938389775,5.424262046440519
0.53,6,mcgs,0.0,5.60151043657918
0.53,6,pos,-0.0,5.60151043657918
0.53,6,sbps,-0.9971575106066299,5.60151043657918
0.53,6,prculs-d,-0.0,5.60151043657918
0.53,6,prcus-p,1.5915699502950948,5.60151043657918
0.53,6,prcus-i,-0.0,5.60151043657918
0.53,6,prcus-a,0.0,5.60151043657918
0.53,6,ifrms,-1.3687372906751472,5.60151043657918
0.53,6,sspls-v,0.8592600324244851,5.60151043657918
0.53,7,mcgs,0.0,5.602945798406174
0.53,7,pos,-0.0,5.602945798406174
0.53,7,sbps,-0.5076606287279342,5.602945798406174
0.53,7,prculs-d,-0.0,5.602945798406174
0.53,7,prcus-p,1.0188620700801216,5.602945798406174
0.53,7,prcus-i,-0.0,5.602945798406174
0.53,7,prcus-a,0.0,5.602945798406174
0.53,7,ifrms,-0.7937018342747567,5.602945798406174
0.53,7,sspls-v,0.32597513631903213,5.602945798406174
0.53,8,mcgs,0.3112276825185299,5.778046759630755
0.53,8,pos,-0.014854573171835339,5.778046759630755
0.53,8,sbps,-0.4673405115065787,5.778046759630755
0.53,8,prculs-d,-0.0,5.778046759630755
0.53,8,prcus-p,1.1038494735223565,5.778046759630755
0.53,8,prcus-i,-0.0,5.778046759630755
0.53,8,prcus-a,0.0,5.778046759630755
0.53,8,ifrms,-1.1818683763430657,5.778046759630755
0.53,8,sspls-v,0.3440282981105984,5.778046759630755
0.53,9,mcgs,0.0,5.579432593802255
0.53,9,pos,-0.0,5.579432593802255
0.53,9,sbps,-0.8744246549860772,5.579432593802255
0.53,9,prculs-d,-0.0,5.579432593802255
0.53,9,prcus-p,1.5087204736444852,5.579432593802255
0.53,9,prcus-i,-0.0,5.579432593802255
0.53,9,prcus-a,0.0,5.579432593802255
0.53,9,ifrms,-1.3044148956713024,5.579432593802255
0.53,9,sspls-v,0.7278399716942543,5.579432593802255
0.53,10,mcgs,0.0,5.553171262299247
0.53,10,pos,-0.0,5.553171262299247
0.53,10,sbps,-0.8803364654040788,5.553171262299247
0.53,10,prculs-d,-0.0,5.553171262299247
0.53,10,prcus-p,1.41866786016305,5.553171262299247
0.53,10,prcus-i,-0.0,5.553171262299247
0.53,10,prcus-a,0.0,5.553171262299247
0.53,10,ifrms,-1.2863788867872858,5.553171262299247
0.53,10,sspls-v,0.8156596171168385,5.553171262299247
0.53,11,mcgs,0.0,5.716795740233012
0.53,11,pos,-0.0,5.716795740233012
0.53,11,sbps,-0.7802347986949406,5.716795740233012
0.53,11,prculs-d,-0.0,5.716795740233012
0.53,11,prcus-p,1.4748400252792375,5.716795740233012
0.53,11,prcus-i,-0.0,5.716795740233012
0.53,11,prcus-a,0.0,5.716795740233012
0.53,11,ifrms,-1.328180037169489,5.716795740233012
0.53,11,sspls-v,0.7017109325573734,5.716795740233012
0.53,12,mcgs,0.0,5.286549499545104
0.53,12,pos,-0.08291663080262475,5.286549499545104
0.53,12,sbps,-0.7945279867378652,5.286549499545104
0.53,12,prculs-d,-0.0,5.286549499545104
0.53,12,prcus-p,1.7960813811595684,5.286549499545104
0.53,12,prcus-i,0.0,5.286549499545104
0.53,12,prcus-a,-0.0,5.286549499545104
0.53,12,ifrms,-1.4599169147043387,5.286549499545104
0.53,12,sspls-v,0.5743458258911502,5.286549499545104
0.53,13,mcgs,0.24499889261049249,5.381920710198246
0.53,13,pos,-0.0,5.381920710198246
0.53,13,sbps,-1.1799891703937886,5.381920710198246
0.53,13,prculs-d,-0.0,5.381920710198246
0.53,13,prcus-p,1.6479165805538258,5.381920710198246
0.53,13,prcus-i,-0.0,5.381920710198246
0.53,13,prcus-a,0.0,5.381920710198246
0.53,13,ifrms,-1.2108289570460853,5.381920710198246
0.53,13,sspls-v,0.6107482932770356,5.381920710198246
0.53,14,mcgs,0.0,5.448720570312002
0.53,14,pos,0.0,5.448720570312002
0.53,14,sbps,-0.34835970394263965,5.448720570312002
0.53,14,prculs-d,-0.0,5.448720570312002
0.53,14,prcus-p,1.6715814878599573,5.448720570312002
0.53,14,prcus-i,-0.0,5.448720570312002
0.53,14,prcus-a,0.11299695844452146,5.448720570312002
0.53,14,ifrms,-1.1027260918804327,5.448720570312002
0.53,14,sspls-v,0.5683963308102551,5.448720570312002
0.53,15,mcgs,0.4299331152321488,5.3828427763901585
0.53,15,pos,-0.0,5.3828427763901585
0.53,15,sbps,-0.8862237585478374,5.3828427763901585
0.53,15,prculs-d,0.0,5.3828427763901585
0.53,15,prcus-p,1.4195703667320216,5.3828427763901585
0.53,15,prcus-i,-0.0,5.3828427763901585
0.53,15,prcus-a,0.0,5.3828427763901585
0.53,15,ifrms,-0.857809469191149,5.3828427763901585
0.53,15,sspls-v,1.2631090681878343,5.3828427763901585
0.53,16,mcgs,0.0,5.4516053097231
0.53,16,pos,-0.0,5.4516053097231
0.53,16,sbps,-0.8608313380636416,5.4516053097231
0.53,16,prculs-d,-0.0,5.4516053097231
0.53,16,prcus-p,1.684697722734315,5.4516053097231
0.53,16,prcus-i,-0.0,5.4516053097231
0.53,16,prcus-a,-0.0,5.4516053097231
0.53,16,ifrms,-1.5392039433775566,5.4516053097231
0.53,16,sspls-v,0.41647596396829617,5.4516053097231
0.53,17,mcgs,0.0,5.5568739041940205
0.53,17,pos,-0.0,5.5568739041940205
0.53,17,sbps,-0.46253857669745313,5.5568739041940205
0.53,17,prculs-d,-0.0,5.5568739041940205
0.53,17,prcus-p,1.4100485284230695,5.5568739041940205
0.53,17,prcus-i,-0.0,5.5568739041940205
0.53,17,prcus-a,0.0,5.5568739041940205
0.53,17,ifrms,-1.094028787463159,5.5568739041940205
0.53,17,sspls-v,0.8057197422407508,5.5568739041940205
0.53,18,mcgs,0.0,5.562510519869974
0.53,18,pos,-0.0,5.562510519869974
0.53,18,sbps,-0.7504124482472823,5.562510519869974
0.53,18,prculs-d,-0.0,5.562510519869974
0.53,18,prcus-p,1.6041376317003417,5.562510519869974
0.53,18,prcus-i,-0.0,5.562510519869974
0.53,18,prcus-a,0.0,5.562510519869974
0.53,18,ifrms,-1.2038559846511794,5.562510519869974
0.53,18,sspls-v,0.8336975899480801,5.562510519869974
0.53,19,mcgs,0.11747353577861733,5.4393419469169695
0.53,19,pos,-0.0,5.4393419469169695
0.53,19,sbps,-0.9028766351429256,5.4393419469169695
0.53,19,prculs-d,-0.0,5.4393419469169695
0.53,19,prcus-p,1.7460031265669362,5.4393419469169695
0.53,19,prcus-i,-0.0,5.4393419469169695
0.53,19,prcus-a,0.0,5.4393419469169695
0.53,19,ifrms,-1.4379904876230754,5.4393419469169695
0.53,19,sspls-v,0.49370691135954226,5.4393419469169695
0.53,20,mcgs,0.0,5.533877658841108
0.53,20,pos,-0.0,5.533877658841108
0.53,20,sbps,-0.33905984326928523,5.533877658841108
0.53,20,prculs-d,0.0,5.533877658841108
0.53,20,prcus-p,1.1691908044466042,5.533877658841108
0.53,20,prcus-i,-0.0,5.533877658841108
0.53,20,prcus-a,0.0,5.533877658841108
0.53,20,ifrms,-1.4720869398841117,5.533877658841108
0.53,20,sspls-v,0.7933543543772468,5.533877658841108
0.53,21,mcgs,0.0,5.658941191327881
0.53,21,pos,-0.0,5.658941191327881
0.53,21,sbps,-0.7703223876507223,5.658941191327881
0.53,21,prculs-d,-0.0,5.658941191327881
0.53,21,prcus-p,1.4843204271511679,5.658941191327881
0.53,21,prcus-i,-0.0,5.658941191327881
0.53,21,prcus-a,0.0,5.658941191327881
0.53,21,ifrms,-1.1961088642116768,5.658941191327881
0.53,21,sspls-v,0.675480425886901,5.658941191327881
0.53,22,mcgs,0.0,5.721219118840189
0.53,22,pos,-0.0,5.721219118840189
0.53,22,sbps,-0.7825430416458375,5.721219118840189
0.53,22,prculs-d,-0.0,5.721219118840189
0.53,22,prcus-p,1.4807085328542908,5.721219118840189
0.53,22,prcus-i,-0.0,5.721219118840189
0.53,22,prcus-a,0.0,5.721219118840189
0.53,22,ifrms,-1.3166750030802032,5.721219118840189
0.53,22,sspls-v,0.7158222825170173,5.721219118840189
0.53,23,mcgs,0.0,5.686045269244057
0.53,23,pos,-0.0,5.686045269244057
0.53,23,sbps,-0.7360868190256021,5.686045269244057
0.53,23,prculs-d,-0.0,5.686045269244057
0.53,23,prcus-p,1.518824606322151,5.686045269244057
0.53,23,prcus-i,-0.028128487245057225,5.686045269244057
0.53,23,prcus-a,0.0,5.686045269244057
0.53,23,ifrms,-1.327806134331017,5.686045269244057
0.53,23,sspls-v,0.750668325891753,5.686045269244057
0.53,24,mcgs,0.0,5.47348327493868
0.53,24,pos,-0.0,5.47348327493868
0.53,24,sbps,-1.1741379539332288,5.47348327493868
0.53,24,prculs-d,-0.02972398021196878,5.47348327493868
0.53,24,prcus-p,1.2903145577117021,5.47348327493868
0.53,24,prcus-i,-0.0,5.47348327493868
0.53,24,prcus-a,-0.0,5.47348327493868
0.53,24,ifrms,-1.4440697343239743,5.47348327493868
0.53,24,sspls-v,0.8317026892161481,5.47348327493868
0.53,25,mcgs,0.0,5.741258985647658
0.53,25,pos,-0.0,5.741258985647658
0.53,25,sbps,-0.7970184004787658,5.741258985647658
0.53,25,prculs-d,-0.0,5.741258985647658
0.53,25,prcus-p,1.411380323839779,5.741258985647658
0.53,25,prcus-i,-0.0,5.741258985647658
0.53,25,prcus-a,0.0,5.741258985647658
0.53,25,ifrms,-1.3451848621921025,5.741258985647658
0.53,25,sspls-v,0.764495302221439,5.741258985647658
0.53,26,mcgs,0.0,5.740835716716539
0.53,26,pos,-0.0,5.740835716716539
0.53,26,sbps,-0.8159149912995566,5.740835716716539
0.53,26,prculs-d,-0.0,5.740835716716539
0.53,26,prcus-p,1.4732998798941137,5.740835716716539
0.53,26,prcus-i,-0.0,5.740835716716539
0.53,26,prcus-a,0.0,5.740835716716539
0.53,26,ifrms,-1.2679752145842587,5.740835716716539
0.53,26,sspls-v,0.7101444630356663,5.740835716716539
0.53,27,mcgs,0.0,5.699517619248942
0.53,27,pos,-0.0,5.699517619248942
0.53,27,sbps,-0.7465509628838001,5.699517619248942
0.53,27,prculs-d,-0.0,5.699517619248942
0.53,27,prcus-p,1.4555527365068293,5.699517619248942
0.53,27,prcus-i,-0.0,5.699517619248942
0.53,27,prcus-a,-0.0,5.699517619248942
0.53,27,ifrms,-1.3321660228707861,5.699517619248942
0.53,27,sspls-v,0.6572762109489725,5.699517619248942
0.53,28,mcgs,0.0,5.726672430847185
0.53,28,pos,-0.0,5.726672430847185
0.53,28,sbps,-0.8010030677484725,5.726672430847185
0.53,28,prculs-d,-0.0,5.726672430847185
0.53,28,prcus-p,1.4546578564336978,5.726672430847185
0.53,28,prcus-i,-0.0,5.726672430847185
0.53,28,prcus-a,0.0,5.726672430847185
0.53,28,ifrms,-1.3202166648858933,5.726672430847185
0.53,28,sspls-v,0.69155852880491,5.726672430847185
0.53,29,mcgs,0.0,5.46818771660332
0.53,29,pos,-0.0,5.46818771660332
0.53,29,sbps,-0.7596923601517979,5.46818771660332
0.53,29,prculs-d,0.0,5.46818771660332
0.53,29,prcus-p,0.8887581130962672,5.46818771660332
0.53,29,prcus-i,0.0,5.46818771660332
0.53,29,prcus-a,0.0,5.46818771660332
0.53,29,ifrms,-1.4711420862851023,5.46818771660332
0.53,29,sspls-v,0.5228707680409015,5.46818771660332
0.53,30,mcgs,0.0,5.583163695331332
0.53,30,pos,-0.0,5.583163695331332
0.53,30,sbps,-0.8500935039231905,5.583163695331332
0.53,30,prculs-d,-0.0,5.583163695331332
0.53,30,prcus-p,1.4283733450296556,5.583163695331332
0.53,30,prcus-i,-0.0,5.583163695331332
0.53,30,prcus-a,0.0,5.583163695331332
0.53,30,ifrms,-1.4570467140802201,5.583163695331332
0.53,30,sspls-v,0.5961916004298329,5.583163695331332
0.53,31,mcgs,0.0,5.451926742616684
0.53,31,pos,-0.0,5.451926742616684
0.53,31,sbps,-0.8572236183128835,5.451926742616684
0.53,31,prculs-d,-0.0,5.451926742616684
0.53,31,prcus-p,1.370379104011302,5.451926742616684
0.53,31,prcus-i,-0.0,5.451926742616684
0.53,31,prcus-a,0.0,5.451926742616684
0.53,31,ifrms,-1.244143091023238,5.451926742616684
0.53,31,sspls-v,0.6935310810161265,5.451926742616684
0.53,32,mcgs,0.01896923531248304,5.719165322741946
0.53,32,pos,-0.1847772830371088,5.719165322741946
0.53,32,sbps,-0.7786206321506765,5.719165322741946
0.53,32,prculs-d,-0.0,5.719165322741946
0.53,32,prcus-p,1.4294463581202812,5.719165322741946
0.53,32,prcus-i,-0.0,5.719165322741946
0.53,32,prcus-a,0.0,5.719165322741946
0.53,32,ifrms,-1.144923165211551,5.719165322741946
0.53,32,sspls-v,0.5073862343143377,5.719165322741946
0.53,33,mcgs,0.0,5.693228259412024
0.53,33,pos,-0.0,5.693228259412024
0.53,33,sbps,-0.7324580278967199,5.693228259412024
0.53,33,prculs-d,-0.0,5.693228259412024
0.53,33,prcus-p,1.5032041607475561,5.693228259412024
0.53,33,prcus-i,-0.0,5.693228259412024
0.53,33,prcus-a,0.0,5.693228259412024
0.53,33,ifrms,-1.2715391720116969,5.693228259412024
0.53,33,sspls-v,0.7702915894336914,5.693228259412024
0.53,34,mcgs,0.0,5.548542983318169
0.53,34,pos,-0.0,5.548542983318169
0.53,34,sbps,-0.7528686757547891,5.548542983318169
0.53,34,prculs-d,-0.0,5.548542983318169
0.53,34,prcus-p,1.579779177366714,5.548542983318169
0.53,34,prcus-i,-0.0,5.548542983318169
0.53,34,prcus-a,-0.0,5.548542983318169
0.53,34,ifrms,-1.3493854489449304,5.548542983318169
0.53,34,sspls-v,0.5204915941220906,5.548542983318169
0.567,0,mcgs,0.0,5.661184535308631
0.567,0,pos,-0.0,5.661184535308631
0.567,0,sbps,-0.7318707059341091,5.661184535308631
0.567,0,prculs-d,-0.0,5.661184535308631
0.567,0,prcus-p,1.4013768510041744,5.661184535308631
0.567,0,prcus-i,-0.0,5.661184535308631
0.567,0,prcus-a,0.0,5.661184535308631
0.567,0,ifrms,-1.274611525533675,5.661184535308631
0.567,0,sspls-v,0.6300907376559941,5.661184535308631
0.567,1,mcgs,0.0,5.626965194872063
0.567,1,pos,-0.0,5.626965194872063
0.567,1,sbps,-0.5452400687359863,5.626965194872063
0.567,1,prculs-d,-0.0,5.626965194872063
0.567,1,prcus-p,1.3872346037213714,5.626965194872063
0.567,1,prcus-i,-0.0,5.626965194872063
0.567,1,prcus-a,0.0,5.626965194872063
0.567,1,ifrms,-1.1659812654151183,5.626965194872063
0.567,1,sspls-v,0.5628759132217296,5.626965194872063
0.567,2,mcgs,0.0,5.634444612041626
0.567,2,pos,-0.0,5.634444612041626
0.567,2,sbps,-0.8136586564986401,5.634444612041626
0.567,2,prculs-d,-0.0,5.634444612041626
0.567,2,prcus-p,1.2040238005348143,5.634444612041626
0.567,2,prcus-i,-0.0,5.634444612041626
0.567,2,prcus-a,-0.0,5.634444612041626
0.567,2,ifrms,-1.1791055189438693,5.634444612041626
0.567,2,sspls-v,0.5138458113759728,5.634444612041626
0.567,3,mcgs,0.0,5.529888935481518
0.567,3,pos,-0.0,5.529888935481518
0.567,3,sbps,-0.8102046794251644,5.529888935481518
0.567,3,prculs-d,-0.0,5.529888935481518
0.567,3,prcus-p,1.0433173923283103,5.529888935481518
0.567,3,prcus-i,-0.0,5.529888935481518
0.567,3,prcus-a,0.0,5.529888935481518
0.567,3,ifrms,-1.3397425340502183,5.529888935481518
0.567,3,sspls-v,0.9260261481557852,5.529888935481518
0.567,4,mcgs,0.30140315011905333,5.692876342104184
0.567,4,pos,-0.0,5.692876342104184
0.567,4,sbps,-0.43537297501652844,5.692876342104184
0.567,4,prculs-d,-0.0,5.692876342104184
0.567,4,prcus-p,1.2256176194597392,5.692876342104184
0.567,4,prcus-i,-0.0,5.692876342104184
0.567,4,prcus-a,0.0,5.692876342104184
0.567,4,ifrms,-1.6835653422595975,5.692876342104184
0.567,4,sspls-v,0.5427422325043882,5.692876342104184
0.567,5,mcgs,0.0,5.436343161434171
0.567,5,pos,-0.0,5.436343161434171
0.567,5,sbps,-0.7051754270270264,5.436343161434171
0.567,5,prculs-d,-0.0,5.436343161434171
0.567,5,prcus-p,1.410855222033209,5.436343161434171
0.567,5,prcus-i,-0.2917605321428316,5.436343161434171
0.567,5,prcus-a,-0.0,5.436343161434171
0.567,5,ifrms,-1.2206797225278356,5.436343161434171
0.567,5,sspls-v,0.6431221355101386,5.436343161434171
0.567,6,mcgs,0.0,5.613107767228355
0.567,6,pos,-0.0,5.613107767228355
0.567,6,sbps,-0.9022627891368376,5.613107767228355
0.567,6,prculs-d,-0.0,5.613107767228355
0.567,6,prcus-p,1.5232811694415926,5.613107767228355
0.567,6,prcus-i,-0.0,5.613107767228355
0.567,6,prcus-a,0.0,5.613107767228355
0.567,6,ifrms,-1.3149390170458477,5.613107767228355
0.567,6,sspls-v,0.7825932187532572,5.613107767228355
0.567,7,mcgs,0.0,5.588671892903565
0.567,7,pos,-0.0,5.588671892903565
0.567,7,sbps,-0.42420193807781575,5.588671892903565
0.567,7,prculs-d,-0.0,5.588671892903565
0.567,7,prcus-p,0.9534727554122376,5.588671892903565
0.567,7,prcus-i,-0.0,5.588671892903565
0.567,7,prcus-a,0.0,5.588671892903565
0.567,7,ifrms,-0.7333499549802852,5.588671892903565
0.567,7,sspls-v,0.2560451007432985,5.588671892903565
0.567,8,mcgs,0.281608753257372,5.744374390019977
0.567,8,pos,-0.001658869580381129,5.744374390019977
0.567,8,sbps,-0.38259698771469897,5.744374390019977
0.567,8,prculs-d,-0.0,5.744374390019977
0.567,8,prcus-p,1.0431848878488303,5.744374390019977
0.567,8,prcus-i,-0.0,5.744374390019977
0.567,8,prcus-a,0.0,5.744374390019977
0.567,8,ifrms,-1.124822641731775,5.744374390019977
0.567,8,sspls-v,0.27422722007111006,5.744374390019977
0.567,9,mcgs,0.0,5.577980430189517
0.567,9,pos,-0.0,5.577980430189517
0.567,9,sbps,-0.7996219849844186,5.577980430189517
0.567,9,prculs-d,-0.0,5.577980430189517
0.567,9,prcus-p,1.4537254329676252,5.577980430189517
0.567,9,prcus-i,-0.0,5.577980430189517
0.567,9,prcus-a,0.0,5.577980430189517
0.567,9,ifrms,-1.256484824208037,5.577980430189517
0.567,9,sspls-v,0.6678988391968325,5.577980430189517
0.567,10,mcgs,0.0,5.549449545451791
0.567,10,pos,-0.0,5.549449545451791
0.567,10,sbps,-0.8060867320780147,5.549449545451791
0.567,10,prculs-d,-0.0,5.549449545451791
0.567,10,prcus-p,1.3655453115006768,5.549449545451791
0.567,10,prcus-i,-0.0,5.549449545451791
0.567,10,prcus-a,0.0,5.549449545451791
0.567,10,ifrms,-1.2384535025261938,5.549449545451791
0.567,10,sspls-v,0.7562942664590135,5.549449545451791
0.567,11,mcgs,0.0,5.704986583646748
0.567,11,pos,-0.0,5.704986583646748
0.567,11,sbps,-0.7085736583573211,5.704986583646748
0.567,11,prculs-d,-0.0,5.704986583646748
0.567,11,prcus-p,1.4207518833360284,5.704986583646748
0.567,11,prcus-i,-0.0,5.704986583646748
0.567,11,prcus-a,0.0,5.704986583646748
0.567,11,ifrms,-1.282365735234035,5.704986583646748
0.567,11,sspls-v,0.6426309528525981,5.704986583646748
0.567,12,mcgs,0.0,5.29012858672511
0.567,12,pos,-0.05448129649036394,5.29012858672511
0.567,12,sbps,-0.7222088071097404,5.29012858672511
0.567,12,prculs-d,-0.0,5.29012858672511
0.567,12,prcus-p,1.7375897105897424,5.29012858672511
0.567,12,prcus-i,0.0,5.29012858672511
0.567,12,prcus-a,-0.0,5.29012858672511
0.567,12,ifrms,-1.4210030128809374,5.29012858672511
0.567,12,sspls-v,0.5177988828046131,5.29012858672511
0.567,13,mcgs,0.19580672025076412,5.377143661097055
0.567,13,pos,-0.0,5.377143661097055
0.567,13,sbps,-1.1037838502844852,5.377143661097055
0.567,13,prculs-d,-0.0,5.377143661097055
0.567,13,prcus-p,1.5983176840245958,5.377143661097055
0.567,13,prcus-i,-0.0,5.377143661097055
0.567,13,prcus-a,0.0,5.377143661097055
0.567,13,ifrms,-1.153088095228615,5.377143661097055
0.567,13,sspls-v,0.5498609418799224,5.377143661097055
0.567,14,mcgs,0.0,5.437237293249922
0.567,14,pos,0.0,5.437237293249922
0.567,14,sbps,-0.27813291046007976,5.437237293249922
0.567,14,prculs-d,-0.0,5.437237293249922
0.567,14,prcus-p,1.6255068967346573,5.437237293249922
0.567,14,prcus-i,-0.0,5.437237293249922
0.567,14,prcus-a,0.08277990285584619,5.437237293249922
0.567,14,ifrms,-1.047268338145172,5.437237293249922
0.567,14,sspls-v,0.5136975168024486,5.437237293249922
0.567,15,mcgs,0.38182496564441737,5.412288906502534
0.567,15,pos,-0.0,5.412288906502534
0.567,15,sbps,-0.8105143207601095,5.412288906502534
0.567,15,prculs-d,0.0,5.412288906502534
0.567,15,prcus-p,1.371486694085278,5.412288906502534
0.567,15,prcus-i,-0.0,5.412288906502534
0.567,15,prcus-a,0.0,5.412288906502534
0.567,15,ifrms,-0.804972608556286,5.412288906502534
0.567,15,sspls-v,1.2002781070388548,5.412288906502534
0.567,16,mcgs,0.0,5.449423699127543
0.567,16,pos,-0.0,5.449423699127543
0.567,16,sbps,-0.7872065329020763,5.449423699127543
0.567,16,prculs-d,-0.0,5.449423699127543
0.567,16,prcus-p,1.6309219730504818,5.449423699127543
0.567,16,prcus-i,-0.0,5.449423699127543
0.567,16,prcus-a,-0.0,5.449423699127543
0.567,16,ifrms,-1.491017611809506,5.449423699127543
0.567,16,sspls-v,0.36452143458705943,5.449423699127543
0.567,17,mcgs,0.0,5.550015650350628
0.567,17,pos,-0.0,5.550015650350628
0.567,17,sbps,-0.3876112724419855,5.550015650350628
0.567,17,prculs-d,-0.0,5.550015650350628
0.567,17,prcus-p,1.355133133555872,5.550015650350628
0.567,17,prcus-i,-0.0,5.550015650350628
0.567,17,prcus-a,0.0,5.550015650350628
0.567,17,ifrms,-1.0435030321777852,5.550015650350628
0.567,17,sspls-v,0.7492797611963664,5.550015650350628
0.567,18,mcgs,0.0,5.567504507101506
0.567,18,pos,-0.0,5.567504507101506
0.567,18,sbps,-0.6828402835074431,5.567504507101506
0.567,18,prculs-d,-0.0,5.567504507101506
0.567,18,prcus-p,1.5530374687922657,5.567504507101506
0.567,18,prcus-i,-0.0,5.567504507101506
0.567,18,prcus-a,0.0,5.567504507101506
0.567,18,ifrms,-1.1596352676712434,5.567504507101506
0.567,18,sspls-v,0.7747666123964314,5.567504507101506
0.567,19,mcgs,0.0683453209599924,5.428568166961568
0.567,19,pos,-0.0,5.428568166961568
0.567,19,sbps,-0.8265591750068901,5.428568166961568
0.567,19,prculs-d,-0.0,5.428568166961568
0.567,19,prcus-p,1.6969126474313405,5.428568166961568
0.567,19,prcus-i,-0.0,5.428568166961568
0.567,19,prcus-a,0.0,5.428568166961568
0.567,19,ifrms,-1.377419522154591,5.428568166961568
0.567,19,sspls-v,0.43382507937724823,5.428568166961568
0.567,20,mcgs,0.0,5.520304620720688
0.567,20,pos,-0.0,5.520304620720688
0.567,20,sbps,-0.2661511078041946,5.520304620720688
0.567,20,prculs-d,0.0,5.520304620720688
0.567,20,prcus-p,1.1121602330902787,5.520304620720688
0.567,20,prcus-i,-0.0,5.520304620720688
0.567,20,prcus-a,0.0,5.520304620720688
0.567,20,ifrms,-1.4276018928461367,5.520304620720688
0.567,20,sspls-v,0.7373655199483266,5.520304620720688
0.567,21,mcgs,0.0,5.647673194568651
0.567,21,pos,-0.0,5.647673194568651
0.567,21,sbps,-0.6947686602085138,5.647673194568651
0.567,21,prculs-d,-0.0,5.647673194568651
0.567,21,prcus-p,1.4305119942080988,5.647673194568651
0.567,21,prcus-i,-0.0,5.647673194568651
0.567,21,prcus-a,0.0,5.647673194568651
0.567,21,ifrms,-1.1459976045826283,5.647673194568651
0.567,21,sspls-v,0.6150055389201644,5.647673194568651
0.567,22,mcgs,0.0,5.713840996367716
0.567,22,pos,-0.0,5.713840996367716
0.567,22,sbps,-0.7149883207126294,5.713840996367716
0.567,22,prculs-d,-0.0,5.713840996367716
0.567,22,prcus-p,1.4271039640108294,5.713840996367716
0.567,22,prcus-i,-0.0,5.713840996367716
0.567,22,prcus-a,0.0,5.713840996367716
0.567,22,ifrms,-1.2702791047658673,5.713840996367716
0.567,22,sspls-v,0.6587563349061278,5.713840996367716
0.567,23,mcgs,0.0,5.661725264072703
0.567,23,pos,-0.0,5.661725264072703
0.567,23,sbps,-0.6611038652192756,5.661725264072703
0.567,23,prculs-d,-0.0,5.661725264072703
0.567,23,prcus-p,1.4680577251918006,5.661725264072703
0.567,23,prcus-i,-0.0,5.661725264072703
0.567,23,prcus-a,0.0,5.661725264072703
0.567,23,ifrms,-1.2781583460250285,5.661725264072703
0.567,23,sspls-v,0.6857701761735641,5.661725264072703
0.567,24,mcgs,0.0,5.456921086498327
0.567,24,pos,-0.0,5.456921086498327
0.567,24,sbps,-1.101178509123089,5.456921086498327
0.567,24,prculs-d,-0.0,5.456921086498327
0.567,24,prcus-p,1.2496209583658198,5.456921086498327
0.567,24,prcus-i,-0.0,5.456921086498327
0.567,24,prcus-a,-0.0,5.456921086498327
0.567,24,ifrms,-1.3841268140772411,5.456921086498327
0.567,24,sspls-v,0.7709681090790563,5.456921086498327
0.567,25,mcgs,0.0,5.724644565443197
0.567,25,pos,-0.0,5.724644565443197
0.567,25,sbps,-0.726667055796317,5.724644565443197
0.567,25,prculs-d,-0.0,5.724644565443197
0.567,25,prcus-p,1.3614432329422481,5.724644565443197
0.567,25,prcus-i,-0.0,5.724644565443197
0.567,25,prcus-a,0.0,5.724644565443197
0.567,25,ifrms,-1.2967105686959888,5.724644565443197
0.567,25,sspls-v,0.7122814551451824,5.724644565443197
0.567,26,mcgs,0.0,5.733920176418285
0.567,26,pos,-0.0,5.733920176418285
0.567,26,sbps,-0.742251521889899,5.733920176418285
0.567,26,prculs-d,-0.0,5.733920176418285
0.567,26,prcus-p,1.4192793668221297,5.733920176418285
0.567,26,prcus-i,-0.0,5.733920176418285
0.567,26,prcus-a,0.0,5.733920176418285
0.567,26,ifrms,-1.219678679527663,5.733920176418285
0.567,26,sspls-v,0.6501354287931935,5.733920176418285
0.567,27,mcgs,0.0,5.687646053782215
0.567,27,pos,-0.0,5.687646053782215
0.567,27,sbps,-0.670546339769648,5.687646053782215
0.567,27,prculs-d,-0.0,5.687646053782215
0.567,27,prcus-p,1.4001177081211644,5.687646053782215
0.567,27,prcus-i,-0.0,5.687646053782215
0.567,27,prcus-a,-0.0,5.687646053782215
0.567,27,ifrms,-1.2848267886572693,5.687646053782215
0.567,27,sspls-v,0.5960079189479852,5.687646053782215
0.567,28,mcgs,0.0,5.715365962776748
0.567,28,pos,-0.0,5.715365962776748
0.567,28,sbps,-0.7275772882029417,5.715365962776748
0.567,28,prculs-d,-0.0,5.715365962776748
0.567,28,prcus-p,1.4048616891781576,5.715365962776748
0.567,28,prcus-i,-0.0,5.715365962776748
0.567,28,prcus-a,0.0,5.715365962776748
0.567,28,ifrms,-1.271648914203077,5.715365962776748
0.567,28,sspls-v,0.6329029598968003,5.715365962776748
0.567,29,mcgs,0.0,5.46086471481848
0.567,29,pos,-0.0,5.46086471481848
0.567,29,sbps,-0.6858563592584725,5.46086471481848
0.567,29,prculs-d,0.0,5.46086471481848
0.567,29,prcus-p,0.8343188746610515,5.46086471481848
0.567,29,prcus-i,0.0,5.46086471481848
0.567,29,prcus-a,0.0,5.46086471481848
0.567,29,ifrms,-1.424698681479745,5.46086471481848
0.567,29,sspls-v,0.46216124901324834,5.46086471481848
0.567,30,mcgs,0.0,5.574515786698289
0.567,30,pos,-0.0,5.574515786698289
0.567,30,sbps,-0.7764502469778626,5.574515786698289
0.567,30,prculs-d,-0.0,5.574515786698289
0.567,30,prcus-p,1.3746498147418296,5.574515786698289
0.567,30,prcus-i,-0.0,5.574515786698289
0.567,30,prcus-a,0.0,5.574515786698289
0.567,30,ifrms,-1.4105149673502495,5.574515786698289
0.567,30,sspls-v,0.5393951167354144,5.574515786698289
0.567,31,mcgs,0.0,5.447703867480192
0.567,31,pos,-0.0,5.447703867480192
0.567,31,sbps,-0.783555150940347,5.447703867480192
0.567,31,prculs-d,-0.0,5.447703867480192
0.567,31,prcus-p,1.3161867359830477,5.447703867480192
0.567,31,prcus-i,-0.0,5.447703867480192
0.567,31,prcus-a,0.0,5.447703867480192
0.567,31,ifrms,-1.1955911406169124,5.447703867480192
0.567,31,sspls-v,0.6341272906675841,5.447703867480192
0.567,32,mcgs,0.0,5.6876969303708975
0.567,32,pos,-0.1645019245407227,5.6876969303708975
0.567,32,sbps,-0.7054043197210038,5.6876969303708975
0.567,32,prculs-d,-0.0,5.6876969303708975
0.567,32,prcus-p,1.3744346490118038,5.6876969303708975
0.567,32,prcus-i,-0.0,5.6876969303708975
0.567,32,prcus-a,0.0,5.6876969303708975
0.567,32,ifrms,-1.0992774036109219,5.6876969303708975
0.567,32,sspls-v,0.4488464033955755,5.6876969303708975
0.567,33,mcgs,0.0,5.678326758936171
0.567,33,pos,-0.0,5.678326758936171
0.567,33,sbps,-0.660816945798316,5.678326758936171
0.567,33,prculs-d,-0.0,5.678326758936171
0.567,33,prcus-p,1.4497594456504919,5.678326758936171
0.567,33,prcus-i,-0.0,5.678326758936171
0.567,33,prcus-a,0.0,5.678326758936171
0.567,33,ifrms,-1.2233010084273728,5.678326758936171
0.567,33,sspls-v,0.7138345745934053,5.678326758936171
0.567,34,mcgs,0.0,5.53899468866703
0.567,34,pos,-0.0,5.53899468866703
0.567,34,sbps,-0.6788312209368499,5.53899468866703
0.567,34,prculs-d,-0.0,5.53899468866703
0.567,34,prcus-p,1.52721579421195,5.53899468866703
0.567,34,prcus-i,-0.0,5.53899468866703
0.567,34,prcus-a,-0.0,5.53899468866703
0.567,34,ifrms,-1.3011504232469753,5.53899468866703
0.567,34,sspls-v,0.462269094434116,5.53899468866703
0.606,0,mcgs,0.0,5.658935557991961
0.606,0,pos,-0.0,5.658935557991961
0.606,0,sbps,-0.6537396924423531,5.658935557991961
0.606,0,prculs-d,-0.0,5.658935557991961
0.606,0,prcus-p,1.3441341989918318,5.658935557991961
0.606,0,prcus-i,-0.0,5.658935557991961
0.606,0,prcus-a,0.0,5.658935557991961
0.606,0,ifrms,-1.2234494727788883,5.658935557991961
0.606,0,sspls-v,0.5674238030923819,5.658935557991961
0.606,1,mcgs,0.0,5.631122838004186
0.606,1,pos,-0.0,5.631122838004186
0.606,1,sbps,-0.4616371474847263,5.631122838004186
0.606,1,prculs-d,-0.0,5.631122838004186
0.606,1,prcus-p,1.3284709752108232,5.631122838004186
0.606,1,prcus-i,-0.0,5.631122838004186
0.606,1,prcus-a,0.0,5.631122838004186
0.606,1,ifrms,-1.11075095754201,5.631122838004186
0.606,1,sspls-v,0.49680131886407386,5.631122838004186
0.606,2,mcgs,0.0,5.623795473371521
0.606,2,pos,-0.0,5.623795473371521
0.606,2,sbps,-0.7405565334514675,5.623795473371521
0.606,2,prculs-d,-0.0,5.623795473371521
0.606,2,prcus-p,1.1463702592908676,5.623795473371521
0.606,2,prcus-i,-0.0,5.623795473371521
0.606,2,prcus-a,-0.0,5.623795473371521
0.606,2,ifrms,-1.127062995103696,5.623795473371521
0.606,2,sspls-v,0.45046130253590916,5.623795473371521
0.606,3,mcgs,0.0,5.519590080935601
0.606,3,pos,-0.0,5.519590080935601
0.606,3,sbps,-0.7328321630315657,5.519590080935601
0.606,3,prculs-d,-0.0,5.519590080935601
0.606,3,prcus-p,0.9920558564811937,5.519590080935601
0.606,3,prcus-i,-0.0,5.519590080935601
0.606,3,prcus-a,0.0,5.519590080935601
0.606,3,ifrms,-1.28847271730727,5.519590080935601
0.606,3,sspls-v,0.8657900861051268,5.519590080935601
0.606,4,mcgs,0.2503453636614662,5.6679109995721895
0.606,4,pos,-0.0,5.6679109995721895
0.606,4,sbps,-0.3592951883149675,5.6679109995721895
0.606,4,prculs-d,-0.0,5.6679109995721895
0.606,4,prcus-p,1.1756863148998533,5.6679109995721895
0.606,4,prcus-i,-0.0,5.6679109995721895
0.606,4,prcus-a,0.0,5.6679109995721895
0.606,4,ifrms,-1.6223956620127205,5.6679109995721895
0.606,4,sspls-v,0.47736696010180363,5.6679109995721895
0.606,5,mcgs,0.0,5.451254969234098
0.606,5,pos,-0.0,5.451254969234098
0.606,5,sbps,-0.6236261964620653,5.451254969234098
0.606,5,prculs-d,-0.0,5.451254969234098
0.606,5,prcus-p,1.3598405495934274,5.451254969234098
0.606,5,prcus-i,-0.2446720937883218,5.451254969234098
0.606,5,prcus-a,-0.0,5.451254969234098
0.606,5,ifrms,-1.1682570463262982,5.451254969234098
0.606,5,sspls-v,0.5717853825460414,5.451254969234098
0.606,6,mcgs,0.0,5.631846259668976
0.606,6,pos,-0.0,5.631846259668976
0.606,6,sbps,-0.8022386367207855,5.631846259668976
0.606,6,prculs-d,-0.0,5.631846259668976
0.606,6,prcus-p,1.4513011079611275,5.631846259668976
0.606,6,prcus-i,-0.0,5.631846259668976
0.606,6,prcus-a,0.0,5.631846259668976
0.606,6,ifrms,-1.25823273146896,5.631846259668976
0.606,6,sspls-v,0.7017822581394245,5.631846259668976
0.606,7,mcgs,0.0,5.565220312516165
0.606,7,pos,-0.0,5.565220312516165
0.606,7,sbps,-0.33622866161441545,5.565220312516165
0.606,7,prculs-d,-0.0,5.565220312516165
0.606,7,prcus-p,0.8845475741545262,5.565220312516165
0.606,7,prcus-i,-0.0,5.565220312516165
0.606,7,prcus-a,0.0,5.565220312516165
0.606,7,ifrms,-0.6697347799568436,5.565220312516165
0.606,7,sspls-v,0.18233398222803707,5.565220312516165
0.606,8,mcgs,0.24943435659294658,5.7150975885291295
0.606,8,pos,-0.0,5.7150975885291295
0.606,8,sbps,-0.29161087974388283,5.7150975885291295
0.606,8,prculs-d,-0.0,5.7150975885291295
0.606,8,prcus-p,0.9802520626189853,5.7150975885291295
0.606,8,prcus-i,-0.0,5.7150975885291295
0.606,8,prcus-a,0.0,5.7150975885291295
0.606,8,ifrms,-1.0596452678863446,5.7150975885291295
0.606,8,sspls-v,0.19868685742321837,5.7150975885291295
0.606,9,mcgs,0.0,5.5796875206102206
0.606,9,pos,-0.0,5.5796875206102206
0.606,9,sbps,-0.7207759274151023,5.5796875206102206
0.606,9,prculs-d,-0.0,5.5796875206102206
0.606,9,prcus-p,1.3957576873893138,5.5796875206102206
0.606,9,prcus-i,-0.0,5.5796875206102206
0.606,9,prcus-a,0.0,5.5796875206102206
0.606,9,ifrms,-1.205963938071081,5.5796875206102206
0.606,9,sspls-v,0.6047176454833343,5.5796875206102206
0.606,10,mcgs,0.0,5.553998625534854
0.606,10,pos,-0.0,5.553998625534854
0.606,10,sbps,-0.7278234996532452,5.553998625534854
0.606,10,prculs-d,-0.0,5.553998625534854
0.606,10,prcus-p,1.3095512737214172,5.553998625534854
0.606,10,prcus-i,-0.0,5.553998625534854
0.606,10,prcus-a,0.0,5.553998625534854
0.606,10,ifrms,-1.1879375569536912,5.553998625534854
0.606,10,sspls-v,0.693719977927793,5.553998625534854
0.606,11,mcgs,0.0,5.70200390407404
0.606,11,pos,-0.0,5.70200390407404
0.606,11,sbps,-0.6330391315556222,5.70200390407404
0.606,11,prculs-d,-0.0,5.70200390407404
0.606,11,prcus-p,1.3637401052280926,5.70200390407404
0.606,11,prcus-i,-0.0,5.70200390407404
0.606,11,prcus-a,0.0,5.70200390407404
0.606,11,ifrms,-1.234075017233406,5.70200390407404
0.606,11,sspls-v,0.5803575130436931,5.70200390407404
0.606,12,mcgs,0.0,5.293658335809673
0.606,12,pos,-0.024508917080143314,5.293658335809673
0.606,12,sbps,-0.6459804826368528,5.293658335809673
0.606,12,prculs-d,-0.0,5.293658335809673
0.606,12,prcus-p,1.6759363280972237,5.293658335809673
0.606,12,prcus-i,0.0,5.293658335809673
0.606,12,prcus-a,-0.0,5.293658335809673
0.606,12,ifrms,-1.37998565690492,5.293658335809673
0.606,12,sspls-v,0.4581953481998861,5.293658335809673
0.606,13,mcgs,0.14395551154726682,5.3734669117219775
0.606,13,pos,-0.0,5.3734669117219775
0.606,13,sbps,-1.0234593236827862,5.3734669117219775
0.606,13,prculs-d,-0.0,5.3734669117219775
0.606,13,prcus-p,1.5460377660613531,5.3734669117219775
0.606,13,prcus-i,-0.0,5.3734669117219775
0.606,13,prcus-a,0.0,5.3734669117219775
0.606,13,ifrms,-1.0922261057453364,5.3734669117219775
0.606,13,sspls-v,0.4856823822991809,5.3734669117219775
0.606,14,mcgs,0.0,5.425021079361322
0.606,14,pos,0.0,5.425021079361322
0.606,14,sbps,-0.20410876863701838,5.425021079361322
0.606,14,prculs-d,-0.0,5.425021079361322
0.606,14,prcus-p,1.576941414102181,5.425021079361322
0.606,14,prcus-i,-0.0,5.425021079361322
0.606,14,prcus-a,0.050929689217539605,5.425021079361322
0.606,14,ifrms,-0.9888126174433651,5.425021079361322
0.606,14,sspls-v,0.45604160937813076,5.425021079361322
0.606,15,mcgs,0.3311164958243084,5.442638961252111
0.606,15,pos,-0.0,5.442638961252111
0.606,15,sbps,-0.7307130489015933,5.442638961252111
0.606,15,prculs-d,0.0,5.442638961252111
0.606,15,prcus-p,1.3208040368146579,5.442638961252111
0.606,15,prcus-i,-0.0,5.442638961252111
0.606,15,prcus-a,-0.0,5.442638961252111
0.606,15,ifrms,-0.7492797607792107,5.442638961252111
0.606,15,sspls-v,1.1340510498562768,5.442638961252111
0.606,16,mcgs,0.0,5.454058290756363
0.606,16,pos,-0.0,5.454058290756363
0.606,16,sbps,-0.7096022251211878,5.454058290756363
0.606,16,prculs-d,-0.0,5.454058290756363
0.606,16,prcus-p,1.5742394638734367,5.454058290756363
0.606,16,prcus-i,-0.0,5.454058290756363
0.606,16,prcus-a,-0.0,5.454058290756363
0.606,16,ifrms,-1.440226630385655,5.454058290756363
0.606,16,sspls-v,0.3097586080557232,5.454058290756363
0.606,17,mcgs,0.0,5.545876792652532
0.606,17,pos,-0.0,5.545876792652532
0.606,17,sbps,-0.3086338103664377,5.545876792652532
0.606,17,prculs-d,-0.0,5.545876792652532
0.606,17,prcus-p,1.2972493313075613,5.545876792652532
0.606,17,prcus-i,-0.0,5.545876792652532
0.606,17,prcus-a,0.0,5.545876792652532
0.606,17,ifrms,-0.9902461480096858,5.545876792652532
0.606,17,sspls-v,0.6897889623460144,5.545876792652532
0.606,18,mcgs,0.0,5.575315462763377
0.606,18,pos,-0.0,5.575315462763377
0.606,18,sbps,-0.6115951590868215,5.575315462763377
0.606,18,prculs-d,-0.0,5.575315462763377
0.606,18,prcus-p,1.4991687127611328,5.575315462763377
0.606,18,prcus-i,-0.0,5.575315462763377
0.606,18,prcus-a,0.0,5.575315462763377
0.606,18,ifrms,-1.1130211871770235,5.575315462763377
0.606,18,sspls-v,0.7126448310664236,5.575315462763377
0.606,19,mcgs,0.016561798202515018,5.4186378310179215
0.606,19,pos,-0.0,5.4186378310179215
0.606,19,sbps,-0.7461169108421145,5.4186378310179215
0.606,19,prculs-d,-0.0,5.4186378310179215
0.606,19,prcus-p,1.6451686784729171,5.4186378310179215
0.606,19,prcus-i,-0.0,5.4186378310179215
0.606,19,prcus-a,0.0,5.4186378310179215
0.606,19,ifrms,-1.31357460495933,5.4186378310179215
0.606,19,sspls-v,0.3707065255153649,5.4186378310179215
0.606,20,mcgs,0.0,5.507612969324047
0.606,20,pos,-0.0,5.507612969324047
0.606,20,sbps,-0.18932143390974573,5.507612969324047
0.606,20,prculs-d,0.0,5.507612969324047
0.606,20,prcus-p,1.0520494747070548,5.507612969324047
0.606,20,prcus-i,-0.0,5.507612969324047
0.606,20,prcus-a,0.0,5.507612969324047
0.606,20,ifrms,-1.380716974178382,5.507612969324047
0.606,20,sspls-v,0.6783549463002647,5.507612969324047
0.606,21,mcgs,0.0,5.642561397392914
0.606,21,pos,-0.0,5.642561397392914
0.606,21,sbps,-0.6151310030689578,5.642561397392914
0.606,21,prculs-d,-0.0,5.642561397392914
0.606,21,prcus-p,1.3737950084269859,5.642561397392914
0.606,21,prcus-i,-0.0,5.642561397392914
0.606,21,prcus-a,0.0,5.642561397392914
0.606,21,ifrms,-1.0931776414775414,5.642561397392914
0.606,21,sspls-v,0.5512617546336331,5.642561397392914
0.606,22,mcgs,0.0,5.713399706936834
0.606,22,pos,-0.0,5.713399706936834
0.606,22,sbps,-0.6437819932424909,5.713399706936834
0.606,22,prculs-d,-0.0,5.713399706936834
0.606,22,prcus-p,1.3706018509055584,5.713399706936834
0.606,22,prcus-i,-0.0,5.713399706936834
0.606,22,prcus-a,0.0,5.713399706936834
0.606,22,ifrms,-1.2213753200561608,5.713399706936834
0.606,22,sspls-v,0.5986057414784334,5.713399706936834
0.606,23,mcgs,0.0,5.637270920340476
0.606,23,pos,-0.0,5.637270920340476
0.606,23,sbps,-0.5837085439162369,5.637270920340476
0.606,23,prculs-d,-0.0,5.637270920340476
0.606,23,prcus-p,1.41103860151304,5.637270920340476
0.606,23,prcus-i,-0.0,5.637270920340476
0.606,23,prcus-a,0.0,5.637270920340476
0.606,23,ifrms,-1.2270252432032374,5.637270920340476
0.606,23,sspls-v,0.6233736398804655,5.637270920340476
0.606,24,mcgs,0.0,5.442371646579019
0.606,24,pos,-0.0,5.442371646579019
0.606,24,sbps,-1.0245099232369517,5.442371646579019
0.606,24,prculs-d,-0.0,5.442371646579019
0.606,24,prcus-p,1.1977373944598915,5.442371646579019
0.606,24,prcus-i,-0.0,5.442371646579019
0.606,24,prcus-a,-0.0,5.442371646579019
0.606,24,ifrms,-1.3318197731881387,5.442371646579019
0.606,24,sspls-v,0.7073925286404219,5.442371646579019
0.606,25,mcgs,0.0,5.717936859806472
0.606,25,pos,-0.0,5.717936859806472
0.606,25,sbps,-0.6525150906488199,5.717936859806472
0.606,25,prculs-d,-0.0,5.717936859806472
0.606,25,prcus-p,1.3088070035385484,5.717936859806472
0.606,25,prcus-i,-0.0,5.717936859806472
0.606,25,prcus-a,0.0,5.717936859806472
0.606,25,ifrms,-1.2456166114774478,5.717936859806472
0.606,25,sspls-v,0.6572457257809714,5.717936859806472
0.606,26,mcgs,0.0,5.735991234776779
0.606,26,pos,-0.0,5.735991234776779
0.606,26,sbps,-0.6646064288911556,5.735991234776779
0.606,26,prculs-d,-0.0,5.735991234776779
0.606,26,prcus-p,1.3623388668968817,5.735991234776779
0.606,26,prcus-i,-0.0,5.735991234776779
0.606,26,prcus-a,0.0,5.735991234776779
0.606,26,ifrms,-1.1687715617384042,5.735991234776779
0.606,26,sspls-v,0.5868827144135784,5.735991234776779
0.606,27,mcgs,0.0,5.684397084908175
0.606,27,pos,-0.0,5.684397084908175
0.606,27,sbps,-0.5904333586493251,5.684397084908175
0.606,27,prculs-d,-0.0,5.684397084908175
0.606,27,prcus-p,1.3416861917146512,5.684397084908175
0.606,27,prcus-i,-0.0,5.684397084908175
0.606,27,prcus-a,-0.0,5.684397084908175
0.606,27,ifrms,-1.2349286769186971,5.684397084908175
0.606,27,sspls-v,0.5314278273793771,5.684397084908175
0.606,28,mcgs,0.0,5.7125963305536445
0.606,28,pos,-0.0,5.7125963305536445
0.606,28,sbps,-0.6501828587994511,5.7125963305536445
0.606,28,prculs-d,-0.0,5.7125963305536445
0.606,28,prcus-p,1.3523738747459357,5.7125963305536445
0.606,28,prcus-i,-0.0,5.7125963305536445
0.606,28,prcus-a,0.0,5.7125963305536445
0.606,28,ifrms,-1.2204559451617762,5.7125963305536445
0.606,28,sspls-v,0.57107691075171,5.7125963305536445
0.606,29,mcgs,0.0,5.451007872781366
0.606,29,pos,-0.0,5.451007872781366
0.606,29,sbps,-0.6080292876178484,5.451007872781366
0.606,29,prculs-d,0.0,5.451007872781366
0.606,29,prcus-p,0.7769369911560808,5.451007872781366
0.606,29,prcus-i,0.0,5.451007872781366
0.606,29,prcus-a,0.0,5.451007872781366
0.606,29,ifrms,-1.3757448342763947,5.451007872781366
0.606,29,sspls-v,0.3981701523165875,5.451007872781366
0.606,30,mcgs,0.0,5.572982103451481
0.606,30,pos,-0.0,5.572982103451481
0.606,30,sbps,-0.6988264920573659,5.572982103451481
0.606,30,prculs-d,-0.0,5.572982103451481
0.606,30,prcus-p,1.3180223647872196,5.572982103451481
0.606,30,prcus-i,-0.0,5.572982103451481
0.606,30,prcus-a,0.0,5.572982103451481
0.606,30,ifrms,-1.361468021506141,5.572982103451481
0.606,30,sspls-v,0.47952860958405136,5.572982103451481
0.606,31,mcgs,0.0,5.445746698634628
0.606,31,pos,-0.0,5.445746698634628
0.606,31,sbps,-0.7059046042503764,5.445746698634628
0.606,31,prculs-d,-0.0,5.445746698634628
0.606,31,prcus-p,1.2590650507640766,5.445746698634628
0.606,31,prcus-i,-0.0,5.445746698634628
0.606,31,prcus-a,0.0,5.445746698634628
0.606,31,ifrms,-1.144414760458894,5.445746698634628
0.606,31,sspls-v,0.5715124846245256,5.445746698634628
0.606,32,mcgs,0.0,5.66582075012177
0.606,32,pos,-0.14027789366175186,5.66582075012177
0.606,32,sbps,-0.6291036053071791,5.66582075012177
0.606,32,prculs-d,-0.0,5.66582075012177
0.606,32,prcus-p,1.313500254049435,5.66582075012177
0.606,32,prcus-i,-0.0,5.66582075012177
0.606,32,prcus-a,0.0,5.66582075012177
0.606,32,ifrms,-1.0567217005582341,5.66582075012177
0.606,32,sspls-v,0.38857052773828604,5.66582075012177
0.606,33,mcgs,0.0,5.669098875780212
0.606,33,pos,-0.0,5.669098875780212
0.606,33,sbps,-0.5853033727756746,5.669098875780212
0.606,33,prculs-d,-0.0,5.669098875780212
0.606,33,prcus-p,1.3934258270346687,5.669098875780212
0.606,33,prcus-i,-0.0,5.669098875780212
0.606,33,prcus-a,0.0,5.669098875780212
0.606,33,ifrms,-1.1724553765411936,5.669098875780212
0.606,33,sspls-v,0.654325829221212,5.669098875780212
0.606,34,mcgs,0.0,5.534306336606151
0.606,34,pos,-0.0,5.534306336606151
0.606,34,sbps,-0.6007912131183026,5.534306336606151
0.606,34,prculs-d,-0.0,5.534306336606151
0.606,34,prcus-p,1.471811048180026,5.534306336606151
0.606,34,prcus-i,-0.0,5.534306336606151
0.606,34,prcus-a,-0.0,5.534306336606151
0.606,34,ifrms,-1.2503079993850066,5.534306336606151
0.606,34,sspls-v,0.400899284968309,5.534306336606151
0.648,0,mcgs,0.0,5.661460364649919
0.648,0,pos,-0.0,5.661460364649919
0.648,0,sbps,-0.5695987138811495,5.661460364649919
0.648,0,prculs-d,-0.0,5.661460364649919
0.648,0,prcus-p,1.2824882924214114,5.661460364649919
0.648,0,prcus-i,-0.0,5.661460364649919
0.648,0,prcus-a,0.0,5.661460364649919
0.648,0,ifrms,-1.168351900451787,5.661460364649919
0.648,0,sspls-v,0.49993636603060426,5.661460364649919
0.648,1,mcgs,0.0,5.627092241162103
0.648,1,pos,-0.0,5.627092241162103
0.648,1,sbps,-0.3716032322910618,5.627092241162103
0.648,1,prculs-d,-0.0,5.627092241162103
0.648,1,prcus-p,1.2651870675840793,5.627092241162103
0.648,1,prcus-i,-0.0,5.627092241162103
0.648,1,prcus-a,0.0,5.627092241162103
0.648,1,ifrms,-1.0512721644478946,5.627092241162103
0.648,1,sspls-v,0.4256440634019831,5.627092241162103
0.648,2,mcgs,0.0,5.612422273694852
0.648,2,pos,-0.0,5.612422273694852
0.648,2,sbps,-0.6618311701698981,5.612422273694852
0.648,2,prculs-d,-0.0,5.612422273694852
0.648,2,prcus-p,1.0842818302589252,5.612422273694852
0.648,2,prcus-i,-0.0,5.612422273694852
0.648,2,prcus-a,-0.0,5.612422273694852
0.648,2,ifrms,-1.0710172001988933,5.612422273694852
0.648,2,sspls-v,0.38220106224661,5.612422273694852
0.648,3,mcgs,0.0,5.512227526411552
0.648,3,pos,-0.0,5.512227526411552
0.648,3,sbps,-0.6495080543932118,5.512227526411552
0.648,3,prculs-d,-0.0,5.512227526411552
0.648,3,prcus-p,0.9368511276354738,5.512227526411552
0.648,3,prcus-i,-0.0,5.512227526411552
0.648,3,prcus-a,0.0,5.512227526411552
0.648,3,ifrms,-1.2332591026690427,5.512227526411552
0.648,3,sspls-v,0.8009205214323976,5.512227526411552
0.648,4,mcgs,0.1953600551686801,5.637885277787723
0.648,4,pos,-0.0,5.637885277787723
0.648,4,sbps,-0.2773652641748246,5.637885277787723
0.648,4,prculs-d,-0.0,5.637885277787723
0.648,4,prcus-p,1.1219141407584377,5.637885277787723
0.648,4,prcus-i,-0.0,5.637885277787723
0.648,4,prcus-a,0.0,5.637885277787723
0.648,4,ifrms,-1.5565206217468541,5.637885277787723
0.648,4,sspls-v,0.4069628205913292,5.637885277787723
0.648,5,mcgs,0.0,5.4669612770017855
0.648,5,pos,-0.0,5.4669612770017855
0.648,5,sbps,-0.5358007343890866,5.4669612770017855
0.648,5,prculs-d,-0.0,5.4669612770017855
0.648,5,prcus-p,1.304916134286962,5.4669612770017855
0.648,5,prcus-i,-0.19395116723308226,5.4669612770017855
0.648,5,prcus-a,0.0,5.4669612770017855
0.648,5,ifrms,-1.111799330840874,5.4669612770017855
0.648,5,sspls-v,0.4949590322968623,5.4669612770017855
0.648,6,mcgs,0.0,5.656259329435897
0.648,6,pos,-0.0,5.656259329435897
0.648,6,sbps,-0.6945203365243839,5.656259329435897
0.648,6,prculs-d,-0.0,5.656259329435897
0.648,6,prcus-p,1.3737841250523113,5.656259329435897
0.648,6,prcus-i,-0.0,5.656259329435897
0.648,6,prcus-a,0.0,5.656259329435897
0.648,6,ifrms,-1.1971644276831588,5.656259329435897
0.648,6,sspls-v,0.6147550765910945,5.656259329435897
0.648,7,mcgs,0.0,5.542537931017919
0.648,7,pos,-0.0,5.542537931017919
0.648,7,sbps,-0.24148779873862444,5.542537931017919
0.648,7,prculs-d,-0.0,5.542537931017919
0.648,7,prcus-p,0.8103202930740311,5.542537931017919
0.648,7,prcus-i,-0.0,5.542537931017919
0.648,7,prcus-a,0.0,5.542537931017919
0.648,7,ifrms,-0.601226001664652,5.542537931017919
0.648,7,sspls-v,0.10295264317342137,5.542537931017919
0.648,8,mcgs,0.21465248151808694,5.690684065742282
0.648,8,pos,-0.0,5.690684065742282
0.648,8,sbps,-0.1933337401325533,5.690684065742282
0.648,8,prculs-d,-0.0,5.690684065742282
0.648,8,prcus-p,0.9126060975054963,5.690684065742282
0.648,8,prcus-i,-0.0,5.690684065742282
0.648,8,prcus-a,0.0,5.690684065742282
0.648,8,ifrms,-0.9887058955593863,5.690684065742282
0.648,8,sspls-v,0.11703102149913913,5.690684065742282
0.648,9,mcgs,0.0,5.584998796173445
0.648,9,pos,-0.0,5.584998796173445
0.648,9,sbps,-0.6358655028159389,5.584998796173445
0.648,9,prculs-d,-0.0,5.584998796173445
0.648,9,prcus-p,1.3333310570501957,5.584998796173445
0.648,9,prcus-i,-0.0,5.584998796173445
0.648,9,prcus-a,0.0,5.584998796173445
0.648,9,ifrms,-1.1515569681925468,5.584998796173445
0.648,9,sspls-v,0.5366765595557245,5.584998796173445
0.648,10,mcgs,0.0,5.567199602965492
0.648,10,pos,-0.0,5.567199602965492
0.648,10,sbps,-0.6435403245005074,5.567199602965492
0.648,10,prculs-d,-0.0,5.567199602965492
0.648,10,prcus-p,1.2492500671314541,5.567199602965492
0.648,10,prcus-i,-0.0,5.567199602965492
0.648,10,prcus-a,0.0,5.567199602965492
0.648,10,ifrms,-1.1335358250090168,5.567199602965492
0.648,10,sspls-v,0.6263323704054412,5.567199602965492
0.648,11,mcgs,0.0,5.702638468016122
0.648,11,pos,-0.0,5.702638468016122
0.648,11,sbps,-0.5516945977658133,5.702638468016122
0.648,11,prculs-d,-0.0,5.702638468016122
0.648,11,prcus-p,1.3023428910540669,5.702638468016122
0.648,11,prcus-i,-0.0,5.702638468016122
0.648,11,prcus-a,0.0,5.702638468016122
0.648,11,ifrms,-1.1820696877301846,5.702638468016122
0.648,11,sspls-v,0.5132939032361777,5.702638468016122
0.648,12,mcgs,0.0,5.296368848161969
0.648,12,pos,-0.0,5.296368848161969
0.648,12,sbps,-0.5634153595297051,5.296368848161969
0.648,12,prculs-d,-0.0,5.296368848161969
0.648,12,prcus-p,1.610714569137051,5.296368848161969
0.648,12,prcus-i,0.0,5.296368848161969
0.648,12,prcus-a,-0.0,5.296368848161969
0.648,12,ifrms,-1.3331415352173446,5.296368848161969
0.648,12,sspls-v,0.39334925340858035,5.296368848161969
0.648,13,mcgs,0.08811575960357049,5.387087182475536
0.648,13,pos,-0.0,5.387087182475536
0.648,13,sbps,-0.9369559925204242,5.387087182475536
0.648,13,prculs-d,-0.0,5.387087182475536
0.648,13,prcus-p,1.4897363143666078,5.387087182475536
0.648,13,prcus-i,-0.0,5.387087182475536
0.648,13,prcus-a,0.0,5.387087182475536
0.648,13,ifrms,-1.0266824284878782,5.387087182475536
0.648,13,sspls-v,0.41656701221560083,5.387087182475536
0.648,14,mcgs,0.0,5.413291679619007
0.648,14,pos,-0.0,5.413291679619007
0.648,14,sbps,-0.12439046205833672,5.413291679619007
0.648,14,prculs-d,-0.0,5.413291679619007
0.648,14,prcus-p,1.5246401251133606,5.413291679619007
0.648,14,prcus-i,-0.0,5.413291679619007
0.648,14,prcus-a,0.016629459145516903,5.413291679619007
0.648,14,ifrms,-0.9258603028414184,5.413291679619007
0.648,14,sspls-v,0.39395063215194215,5.413291679619007
0.648,15,mcgs,0.2765073889696346,5.4759114139590475
0.648,15,pos,-0.0,5.4759114139590475
0.648,15,sbps,-0.6447732860892188,5.4759114139590475
0.648,15,prculs-d,0.0,5.4759114139590475
0.648,15,prcus-p,1.2662227295996846,5.4759114139590475
0.648,15,prcus-i,-0.0,5.4759114139590475
0.648,15,prcus-a,-0.0,5.4759114139590475
0.648,15,ifrms,-0.6893028549414673,5.4759114139590475
0.648,15,sspls-v,1.0627296243958348,5.4759114139590475
0.648,16,mcgs,0.0,5.459166646745066
0.648,16,pos,-0.0,5.459166646745066
0.648,16,sbps,-0.6260283552033077,5.459166646745066
0.648,16,prculs-d,-0.0,5.459166646745066
0.648,16,prcus-p,1.5131967616827728,5.459166646745066
0.648,16,prcus-i,-0.0,5.459166646745066
0.648,16,prcus-a,0.0,5.459166646745066
0.648,16,ifrms,-1.385528650390739,5.459166646745066
0.648,16,sspls-v,0.25078325640659105,5.459166646745066
0.648,17,mcgs,0.0,5.538670092223549
0.648,17,pos,-0.0,5.538670092223549
0.648,17,sbps,-0.2235644307530692,5.538670092223549
0.648,17,prculs-d,-0.0,5.538670092223549
0.648,17,prcus-p,1.2349090774665574,5.538670092223549
0.648,17,prcus-i,-0.0,5.538670092223549
0.648,17,prcus-a,0.0,5.538670092223549
0.648,17,ifrms,-0.9328890727826766,5.538670092223549
0.648,17,sspls-v,0.6257179153294736,5.538670092223549
0.648,18,mcgs,0.0,5.592083862520888
0.648,18,pos,-0.0,5.592083862520888
0.648,18,sbps,-0.5348954748835055,5.592083862520888
0.648,18,prculs-d,-0.0,5.592083862520888
0.648,18,prcus-p,1.4411643354440244,5.592083862520888
0.648,18,prcus-i,-0.0,5.592083862520888
0.648,18,prcus-a,0.0,5.592083862520888
0.648,18,ifrms,-1.0628252743884528,5.592083862520888
0.648,18,sspls-v,0.6457512173661631,5.592083862520888
0.648,19,mcgs,0.0,5.400167798159053
0.648,19,pos,-0.0,5.400167798159053
0.648,19,sbps,-0.6611306059223863,5.400167798159053
0.648,19,prculs-d,-0.0,5.400167798159053
0.648,19,prcus-p,1.5855771943605244,5.400167798159053
0.648,19,prcus-i,-0.0,5.400167798159053
0.648,19,prcus-a,0.0,5.400167798159053
0.648,19,ifrms,-1.2542419880072553,5.400167798159053
0.648,19,sspls-v,0.30489097507604845,5.400167798159053
0.648,20,mcgs,0.0,5.49214944924352
0.648,20,pos,-0.0,5.49214944924352
0.648,20,sbps,-0.10657126031631681,5.49214944924352
0.648,20,prculs-d,0.0,5.49214944924352
0.648,20,prcus-p,0.9873134766930939,5.49214944924352
0.648,20,prcus-i,-0.0,5.49214944924352
0.648,20,prcus-a,0.0,5.49214944924352
0.648,20,ifrms,-1.3302230457620585,5.49214944924352
0.648,20,sspls-v,0.6148026418366691,5.49214944924352
0.648,21,mcgs,0.0,5.650787001175814
0.648,21,pos,-0.0,5.650787001175814
0.648,21,sbps,-0.5293672951625081,5.650787001175814
0.648,21,prculs-d,-0.0,5.650787001175814
0.648,21,prcus-p,1.3127151621865294,5.650787001175814
0.648,21,prcus-i,-0.0,5.650787001175814
0.648,21,prcus-a,0.0,5.650787001175814
0.648,21,ifrms,-1.0362945858685242,5.650787001175814
0.648,21,sspls-v,0.48261458082341674,5.650787001175814
0.648,22,mcgs,0.0,5.714940550304648
0.648,22,pos,-0.0,5.714940550304648
0.648,22,sbps,-0.5670982801645599,5.714940550304648
0.648,22,prculs-d,-0.0,5.714940550304648
0.648,22,prcus-p,1.3097534269711812,5.714940550304648
0.648,22,prcus-i,-0.0,5.714940550304648
0.648,22,prcus-a,0.0,5.714940550304648
0.648,22,ifrms,-1.168709711508518,5.714940550304648
0.648,22,sspls-v,0.5338281851249854,5.714940550304648
0.648,23,mcgs,0.0,5.623318990326218
0.648,23,pos,-0.0,5.623318990326218
0.648,23,sbps,-0.5003596990399007,5.623318990326218
0.648,23,prculs-d,-0.0,5.623318990326218
0.648,23,prcus-p,1.3496333826222864,5.623318990326218
0.648,23,prcus-i,-0.0,5.623318990326218
0.648,23,prcus-a,0.0,5.623318990326218
0.648,23,ifrms,-1.1719588171217776,5.623318990326218
0.648,23,sspls-v,0.5561773599199948,5.623318990326218
0.648,24,mcgs,0.0,5.432605650692023
0.648,24,pos,-0.0,5.432605650692023
0.648,24,sbps,-0.9419437538211127,5.432605650692023
0.648,24,prculs-d,-0.0,5.432605650692023
0.648,24,prcus-p,1.141862787176586,5.432605650692023
0.648,24,prcus-i,-0.0,5.432605650692023
0.648,24,prcus-a,-0.0,5.432605650692023
0.648,24,ifrms,-1.2754891137691056,5.432605650692023
0.648,24,sspls-v,0.6389265189372778,5.432605650692023
0.648,25,mcgs,0.0,5.7185007230357146
0.648,25,pos,-0.0,5.7185007230357146
0.648,25,sbps,-0.572659524386004,5.7185007230357146
0.648,25,prculs-d,-0.0,5.7185007230357146
0.648,25,prcus-p,1.2521218635101632,5.7185007230357146
0.648,25,prcus-i,-0.0,5.7185007230357146
0.648,25,prcus-a,0.0,5.7185007230357146
0.648,25,ifrms,-1.190592454355743,5.7185007230357146
0.648,25,sspls-v,0.597976568464626,5.7185007230357146
0.648,26,mcgs,0.0,5.742270056670304
0.648,26,pos,-0.0,5.742270056670304
0.648,26,sbps,-0.5809891173211832,5.742270056670304
0.648,26,prculs-d,-0.0,5.742270056670304
0.648,26,prcus-p,1.3010184344594422,5.742270056670304
0.648,26,prcus-i,-0.0,5.742270056670304
0.648,26,prcus-a,0.0,5.742270056670304
0.648,26,ifrms,-1.113948617492627,5.742270056670304
0.648,26,sspls-v,0.5187645399331735,5.742270056670304
0.648,27,mcgs,0.0,5.683838586765379
0.648,27,pos,-0.0,5.683838586765379
0.648,27,sbps,-0.5041578405197461,5.683838586765379
0.648,27,prculs-d,-0.0,5.683838586765379
0.648,27,prcus-p,1.2787599432768684,5.683838586765379
0.648,27,prcus-i,-0.0,5.683838586765379
0.648,27,prcus-a,-0.0,5.683838586765379
0.648,27,ifrms,-1.1811922488925424,5.683838586765379
0.648,27,sspls-v,0.4618800364593372,5.683838586765379
0.648,28,mcgs,0.0,5.711920458007975
0.648,28,pos,-0.0,5.711920458007975
0.648,28,sbps,-0.5668351572187832,5.711920458007975
0.648,28,prculs-d,-0.0,5.711920458007975
0.648,28,prcus-p,1.2958485536761255,5.711920458007975
0.648,28,prcus-i,-0.0,5.711920458007975
0.648,28,prcus-a,0.0,5.711920458007975
0.648,28,ifrms,-1.165325086024739,5.711920458007975
0.648,28,sspls-v,0.5044950542360244,5.711920458007975
0.648,29,mcgs,0.0,5.436324491776746
0.648,29,pos,-0.0,5.436324491776746
0.648,29,sbps,-0.5242159274571563,5.436324491776746
0.648,29,prculs-d,0.0,5.436324491776746
0.648,29,prcus-p,0.7151412212124989,5.436324491776746
0.648,29,prcus-i,0.0,5.436324491776746
0.648,29,prcus-a,0.0,5.436324491776746
0.648,29,ifrms,-1.323025382208201,5.436324491776746
0.648,29,sspls-v,0.3292567776108776,5.436324491776746
0.648,30,mcgs,0.0,5.5778708531864
0.648,30,pos,-0.0,5.5778708531864
0.648,30,sbps,-0.6152319886422112,5.5778708531864
0.648,30,prculs-d,-0.0,5.5778708531864
0.648,30,prcus-p,1.2570390349480596,5.5778708531864
0.648,30,prcus-i,-0.0,5.5778708531864
0.648,30,prcus-a,0.0,5.5778708531864
0.648,30,ifrms,-1.3086482767775052,5.5778708531864
0.648,30,sspls-v,0.41505706684969057,5.5778708531864
0.648,31,mcgs,0.0,5.445535659797296
0.648,31,pos,-0.0,5.445535659797296
0.648,31,sbps,-0.6222809274889295,5.445535659797296
0.648,31,prculs-d,-0.0,5.445535659797296
0.648,31,prcus-p,1.1975493871239866,5.445535659797296
0.648,31,prcus-i,-0.0,5.445535659797296
0.648,31,prcus-a,0.0,5.445535659797296
0.648,31,ifrms,-1.0893017334314417,5.445535659797296
0.648,31,sspls-v,0.5040811519879604,5.445535659797296
0.648,32,mcgs,0.0,5.6493715245602685
0.648,32,pos,-0.11419038502880863,5.6493715245602685
0.648,32,sbps,-0.5469336728405193,5.6493715245602685
0.648,32,prculs-d,-0.0,5.6493715245602685
0.648,32,prcus-p,1.2478785984426717,5.6493715245602685
0.648,32,prcus-i,-0.0,5.6493715245602685
0.648,32,prcus-a,0.0,5.6493715245602685
0.648,32,ifrms,-1.0108925328506448,5.6493715245602685
0.648,32,sspls-v,0.3236580759775764,5.6493715245602685
0.648,33,mcgs,0.0,5.670399037797628
0.648,33,pos,-0.0,5.670399037797628
0.648,33,sbps,-0.5039810424083028,5.670399037797628
0.648,33,prculs-d,-0.0,5.670399037797628
0.648,33,prcus-p,1.332758848167042,5.670399037797628
0.648,33,prcus-i,-0.0,5.670399037797628
0.648,33,prcus-a,0.0,5.670399037797628
0.648,33,ifrms,-1.1176985381637792,5.670399037797628
0.648,33,sspls-v,0.5902394830072121,5.670399037797628
0.648,34,mcgs,0.0,5.528511409844421
0.648,34,pos,-0.0,5.528511409844421
0.648,34,sbps,-0.51674809723926,5.528511409844421
0.648,34,prculs-d,-0.0,5.528511409844421
0.648,34,prcus-p,1.4121443928906499,5.528511409844421
0.648,34,prcus-i,-0.0,5.528511409844421
0.648,34,prcus-a,-0.0,5.528511409844421
0.648,34,ifrms,-1.195554614092754,5.528511409844421
0.648,34,sspls-v,0.33480871239684984,5.528511409844421
0.693,0,mcgs,0.0,5.6753231312481285
0.693,0,pos,-0.0,5.6753231312481285
0.693,0,sbps,-0.4794476654227178,5.6753231312481285
0.693,0,prculs-d,-0.0,5.6753231312481285
0.693,0,prcus-p,1.2164391068102476,5.6753231312481285
0.693,0,prcus-i,-0.0,5.6753231312481285
0.693,0,prcus-a,0.0,5.6753231312481285
0.693,0,ifrms,-1.1093187872441788,5.6753231312481285
0.693,0,sspls-v,0.427628397750129,5.6753231312481285
0.693,1,mcgs,0.0,5.608388540184201
0.693,1,pos,-0.0,5.608388540184201
0.693,1,sbps,-0.27513832315499326,5.608388540184201
0.693,1,prculs-d,-0.0,5.608388540184201
0.693,1,prcus-p,1.1973828808411393,5.608388540184201
0.693,1,prcus-i,-0.0,5.608388540184201
0.693,1,prcus-a,0.0,5.608388540184201
0.693,1,ifrms,-0.9875448861327702,5.608388540184201
0.693,1,sspls-v,0.3494041468354577,5.608388540184201
0.693,2,mcgs,0.0,5.606402954099663
0.693,2,pos,-0.0,5.606402954099663
0.693,2,sbps,-0.5774825666539306,5.606402954099663
0.693,2,prculs-d,-0.0,5.606402954099663
0.693,2,prcus-p,1.0177585134389864,5.606402954099663
0.693,2,prcus-i,-0.0,5.606402954099663
0.693,2,prcus-a,-0.0,5.606402954099663
0.693,2,ifrms,-1.0109681342294627,5.606402954099663
0.693,2,sspls-v,0.30906509050807546,5.606402954099663
0.693,3,mcgs,0.0,5.517417883532124
0.693,3,pos,-0.0,5.517417883532124
0.693,3,sbps,-0.5602323950226864,5.517417883532124
0.693,3,prculs-d,-0.0,5.517417883532124
0.693,3,prcus-p,0.8777032064048642,5.517417883532124
0.693,3,prcus-i,-0.0,5.517417883532124
0.693,3,prcus-a,0.0,5.517417883532124
0.693,3,ifrms,-1.1741017002807006,5.517417883532124
0.693,3,sspls-v,0.7314174661984574,5.517417883532124
0.693,4,mcgs,0.1364472246406944,5.5973890005730444
0.693,4,pos,-0.0,5.5973890005730444
0.693,4,sbps,-0.18958320259610062,5.5973890005730444
0.693,4,prculs-d,-0.0,5.5973890005730444
0.693,4,prcus-p,1.0643010970354931,5.5973890005730444
0.693,4,prcus-i,-0.0,5.5973890005730444
0.693,4,prcus-a,0.0,5.5973890005730444
0.693,4,ifrms,-1.4859402214619966,5.5973890005730444
0.693,4,sspls-v,0.3315298139729632,5.5973890005730444
0.693,5,mcgs,0.0,5.487598092882432
0.693,5,pos,-0.0,5.487598092882432
0.693,5,sbps,-0.4417068825080816,5.487598092882432
0.693,5,prculs-d,-0.0,5.487598092882432
0.693,5,prcus-p,1.2460503827659395,5.487598092882432
0.693,5,prcus-i,-0.13962054775867697,5.487598092882432
0.693,5,prcus-a,0.0,5.487598092882432
0.693,5,ifrms,-1.0513122764940577,5.487598092882432
0.693,5,sspls-v,0.4126480613458485,5.487598092882432
0.693,6,mcgs,0.0,5.692657140122144
0.693,6,pos,-0.0,5.692657140122144
0.693,6,sbps,-0.5791078720282401,5.692657140122144
0.693,6,prculs-d,-0.0,5.692657140122144
0.693,6,prcus-p,1.2907302147928648,5.692657140122144
0.693,6,prcus-i,-0.0,5.692657140122144
0.693,6,prcus-a,0.0,5.692657140122144
0.693,6,ifrms,-1.1317341021983733,5.692657140122144
0.693,6,sspls-v,0.5215116677893138,5.692657140122144
0.693,7,mcgs,0.0,5.529899092742696
0.693,7,pos,-0.0,5.529899092742696
0.693,7,sbps,-0.139967238583009,5.529899092742696
0.693,7,prculs-d,-0.0,5.529899092742696
0.693,7,prcus-p,0.730786118350769,5.529899092742696
0.693,7,prcus-i,-0.0,5.529899092742696
0.693,7,prcus-a,0.0,5.529899092742696
0.693,7,ifrms,-0.527819843176121,5.529899092742696
0.693,7,sspls-v,0.017897123180285968,5.529899092742696
0.693,8,mcgs,0.17737888923051806,5.670477241654078
0.693,8,pos,-0.0,5.670477241654078
0.693,8,sbps,-0.08805523196874812,5.670477241654078
0.693,8,prculs-d,-0.0,5.670477241654078
0.693,8,prcus-p,0.8401368090121187,5.670477241654078
0.693,8,prcus-i,-0.0,5.670477241654078
0.693,8,prcus-a,0.0,5.670477241654078
0.693,8,ifrms,-0.9127029459198386,5.670477241654078
0.693,8,sspls-v,0.029549456178004765,5.670477241654078
0.693,9,mcgs,0.0,5.601798086806889
0.693,9,pos,-0.0,5.601798086806889
0.693,9,sbps,-0.5448901564646343,5.601798086806889
0.693,9,prculs-d,-0.0,5.601798086806889
0.693,9,prcus-p,1.2664454079212724,5.601798086806889
0.693,9,prcus-i,-0.0,5.601798086806889
0.693,9,prcus-a,0.0,5.601798086806889
0.693,9,ifrms,-1.093263807195645,5.601798086806889
0.693,9,sspls-v,0.463775426402434,5.601798086806889
0.693,10,mcgs,0.0,5.586023082249513
0.693,10,pos,-0.0,5.586023082249513
0.693,10,sbps,-0.5532373045759797,5.586023082249513
0.693,10,prculs-d,-0.0,5.586023082249513
0.693,10,prcus-p,1.1846417125009006,5.586023082249513
0.693,10,prcus-i,-0.0,5.586023082249513
0.693,10,prcus-a,0.0,5.586023082249513
0.693,10,ifrms,-1.0752483244936415,5.586023082249513
0.693,10,sspls-v,0.554131472011755,5.586023082249513
0.693,11,mcgs,0.0,5.704725831778097
0.693,11,pos,-0.0,5.704725831778097
0.693,11,sbps,-0.4645397393531419,5.704725831778097
0.693,11,prculs-d,-0.0,5.704725831778097
0.693,11,prcus-p,1.236560161386158,5.704725831778097
0.693,11,prcus-i,-0.0,5.704725831778097
0.693,11,prcus-a,0.0,5.704725831778097
0.693,11,ifrms,-1.1263496916977076,5.704725831778097
0.693,11,sspls-v,0.4414400353687744,5.704725831778097
0.693,12,mcgs,0.0,5.297179829299749
0.693,12,pos,-0.0,5.297179829299749
0.693,12,sbps,-0.47330858411524135,5.297179829299749
0.693,12,prculs-d,-0.0,5.297179829299749
0.693,12,prcus-p,1.5447990095994233,5.297179829299749
0.693,12,prcus-i,0.0,5.297179829299749
0.693,12,prcus-a,-0.0,5.297179829299749
0.693,12,ifrms,-1.2739119155250271,5.297179829299749
0.693,12,sspls-v,0.32163613678331304,5.297179829299749
0.693,13,mcgs,0.028287606671550423,5.39818727935927
0.693,13,pos,-0.0,5.39818727935927
0.693,13,sbps,-0.8442739160048166,5.39818727935927
0.693,13,prculs-d,-0.0,5.39818727935927
0.693,13,prcus-p,1.4294133070468338,5.39818727935927
0.693,13,prcus-i,-0.0,5.39818727935927
0.693,13,prcus-a,0.0,5.39818727935927
0.693,13,ifrms,-0.9564571093032228,5.39818727935927
0.693,13,sspls-v,0.34251485241391844,5.39818727935927
0.693,14,mcgs,0.0,5.4101030374493355
0.693,14,pos,-0.0,5.4101030374493355
0.693,14,sbps,-0.036624030918889605,5.4101030374493355
0.693,14,prculs-d,-0.0,5.4101030374493355
0.693,14,prcus-p,1.4657422470023573,5.4101030374493355
0.693,14,prcus-i,-0.0,5.4101030374493355
0.693,14,prcus-a,0.0,5.4101030374493355
0.693,14,ifrms,-0.8620657657882831,5.4101030374493355
0.693,14,sspls-v,0.32393521538561654,5.4101030374493355
0.693,15,mcgs,0.21799763162534133,5.505969952015076
0.693,15,pos,-0.0,5.505969952015076
0.693,15,sbps,-0.5526949687902465,5.505969952015076
0.693,15,prculs-d,0.0,5.505969952015076
0.693,15,prcus-p,1.2077427575836426,5.505969952015076
0.693,15,prcus-i,-0.0,5.505969952015076
0.693,15,prcus-a,-0.0,5.505969952015076
0.693,15,ifrms,-0.6250418844010277,5.505969952015076
0.693,15,sspls-v,0.9863138114025048,5.505969952015076
0.693,16,mcgs,0.0,5.469146774420643
0.693,16,pos,-0.0,5.469146774420643
0.693,16,sbps,-0.5364849231484365,5.469146774420643
0.693,16,prculs-d,-0.0,5.469146774420643
0.693,16,prcus-p,1.4477938664784906,5.469146774420643
0.693,16,prcus-i,-0.0,5.469146774420643
0.693,16,prcus-a,0.0,5.469146774420643
0.693,16,ifrms,-1.3269236718247561,5.469146774420643
0.693,16,sspls-v,0.18759537963966463,5.469146774420643
0.693,17,mcgs,0.0,5.5280005649165345
0.693,17,pos,-0.0,5.5280005649165345
0.693,17,sbps,-0.13244528387524498,5.5280005649165345
0.693,17,prculs-d,-0.0,5.5280005649165345
0.693,17,prcus-p,1.1681220765367328,5.5280005649165345
0.693,17,prcus-i,-0.0,5.5280005649165345
0.693,17,prcus-a,0.0,5.5280005649165345
0.693,17,ifrms,-0.8714406448268183,5.5280005649165345
0.693,17,sspls-v,0.5570767818561344,5.5280005649165345
0.693,18,mcgs,0.0,5.60976131650972
0.693,18,pos,-0.0,5.60976131650972
0.693,18,sbps,-0.4527170828452305,5.60976131650972
0.693,18,prculs-d,-0.0,5.60976131650972
0.693,18,prcus-p,1.379016738209402,5.60976131650972
0.693,18,prcus-i,-0.0,5.60976131650972
0.693,18,prcus-a,0.0,5.60976131650972
0.693,18,ifrms,-1.0090439154756492,5.60976131650972
0.693,18,sspls-v,0.5740794467535948,5.60976131650972
0.693,19,mcgs,0.0,5.385641700130848
0.693,19,pos,-0.0,5.385641700130848
0.693,19,sbps,-0.5708144808018607,5.385641700130848
0.693,19,prculs-d,-0.0,5.385641700130848
0.693,19,prcus-p,1.5199785301582853,5.385641700130848
0.693,19,prcus-i,-0.0,5.385641700130848
0.693,19,prcus-a,0.0,5.385641700130848
0.693,19,ifrms,-1.194935827603646,5.385641700130848
0.693,19,sspls-v,0.23535029163539695,5.385641700130848
0.693,20,mcgs,0.0,5.4977213427065745
0.693,20,pos,-0.0,5.4977213427065745
0.693,20,sbps,-0.017910360037642903,5.4977213427065745
0.693,20,prculs-d,0.0,5.4977213427065745
0.693,20,prcus-p,0.9179534788209932,5.4977213427065745
0.693,20,prcus-i,-0.0,5.4977213427065745
0.693,20,prcus-a,0.0,5.4977213427065745
0.693,20,ifrms,-1.2761224081731395,5.4977213427065745
0.693,20,sspls-v,0.5467108870542451,5.4977213427065745
0.693,21,mcgs,0.0,5.657600506506349
0.693,21,pos,-0.0,5.657600506506349
0.693,21,sbps,-0.4374776081198836,5.657600506506349
0.693,21,prculs-d,-0.0,5.657600506506349
0.693,21,prcus-p,1.2472724697860413,5.657600506506349
0.693,21,prcus-i,-0.0,5.657600506506349
0.693,21,prcus-a,0.0,5.657600506506349
0.693,21,ifrms,-0.9753484548588626,5.657600506506349
0.693,21,sspls-v,0.4090640374553283,5.657600506506349
0.693,22,mcgs,0.0,5.71376954508746
0.693,22,pos,-0.0,5.71376954508746
0.693,22,sbps,-0.4849213852206409,5.71376954508746
0.693,22,prculs-d,-0.0,5.71376954508746
0.693,22,prcus-p,1.2445550588998795,5.71376954508746
0.693,22,prcus-i,-0.0,5.71376954508746
0.693,22,prcus-a,0.0,5.71376954508746
0.693,22,ifrms,-1.1122785022132131,5.71376954508746
0.693,22,sspls-v,0.46441987836580184,5.71376954508746
0.693,23,mcgs,0.0,5.617118383568968
0.693,23,pos,-0.0,5.617118383568968
0.693,23,sbps,-0.41105736524382597,5.617118383568968
0.693,23,prculs-d,-0.0,5.617118383568968
0.693,23,prcus-p,1.2838420766679073,5.617118383568968
0.693,23,prcus-i,-0.0,5.617118383568968
0.693,23,prcus-a,0.0,5.617118383568968
0.693,23,ifrms,-1.1129590748916436,5.617118383568968
0.693,23,sspls-v,0.4841813456766334,5.617118383568968
0.693,24,mcgs,0.0,5.43041815351379
0.693,24,pos,-0.0,5.43041815351379
0.693,24,sbps,-0.8534800008755696,5.43041815351379
0.693,24,prculs-d,-0.0,5.43041815351379
0.693,24,prcus-p,1.0819971365159005,5.43041815351379
0.693,24,prcus-i,-0.0,5.43041815351379
0.693,24,prcus-a,0.0,5.43041815351379
0.693,24,ifrms,-1.2151348358201404,5.43041815351379
0.693,24,sspls-v,0.5655700799696228,5.43041815351379
0.693,25,mcgs,0.0,5.718289337164405
0.693,25,pos,-0.0,5.718289337164405
0.693,25,sbps,-0.48709998910441654,5.718289337164405
0.693,25,prculs-d,-0.0,5.718289337164405
0.693,25,prcus-p,1.1913877849083216,5.718289337164405
0.693,25,prcus-i,-0.0,5.718289337164405
0.693,25,prcus-a,0.0,5.718289337164405
0.693,25,ifrms,-1.1316380002967732,5.718289337164405
0.693,25,sspls-v,0.5344738999113992,5.718289337164405
0.693,26,mcgs,0.0,5.751521729052919
0.693,26,pos,-0.0,5.751521729052919
0.693,26,sbps,-0.4913991263498543,5.751521729052919
0.693,26,prculs-d,-0.0,5.751521729052919
0.693,26,prcus-p,1.2353179679868187,5.751521729052919
0.693,26,prcus-i,-0.0,5.751521729052919
0.693,26,prcus-a,0.0,5.751521729052919
0.693,26,ifrms,-1.0552097455153076,5.751521729052919
0.693,26,sspls-v,0.44578077759998463,5.751521729052919
0.693,27,mcgs,0.0,5.680998289306731
0.693,27,pos,-0.0,5.680998289306731
0.693,27,sbps,-0.4117197642601917,5.680998289306731
0.693,27,prculs-d,-0.0,5.680998289306731
0.693,27,prcus-p,1.2113389574431879,5.680998289306731
0.693,27,prcus-i,-0.0,5.680998289306731
0.693,27,prcus-a,-0.0,5.680998289306731
0.693,27,ifrms,-1.1236175008855476,5.680998289306731
0.693,27,sspls-v,0.3873645399458648,5.680998289306731
0.693,28,mcgs,0.0,5.721206697027246
0.693,28,pos,-0.0,5.721206697027246
0.693,28,sbps,-0.4775339734868968,5.721206697027246
0.693,28,prculs-d,-0.0,5.721206697027246
0.693,28,prcus-p,1.2352857006504339,5.721206697027246
0.693,28,prcus-i,-0.0,5.721206697027246
0.693,28,prcus-a,0.0,5.721206697027246
0.693,28,ifrms,-1.1062562926197372,5.721206697027246
0.693,28,sspls-v,0.4331573289120506,5.721206697027246
0.693,29,mcgs,0.0,5.441468210497634
0.693,29,pos,-0.0,5.441468210497634
0.693,29,sbps,-0.43441620956886395,5.441468210497634
0.693,29,prculs-d,0.0,5.441468210497634
0.693,29,prcus-p,0.6489315471389671,5.441468210497634
0.693,29,prcus-i,0.0,5.441468210497634
0.693,29,prcus-a,0.0,5.441468210497634
0.693,29,ifrms,-1.2665403124783297,5.441468210497634
0.693,29,sspls-v,0.25542110561220344,5.441468210497634
0.693,30,mcgs,0.0,5.584106170940555
0.693,30,pos,-0.0,5.584106170940555
0.693,30,sbps,-0.5256664071460586,5.584106170940555
0.693,30,prculs-d,-0.0,5.584106170940555
0.693,30,prcus-p,1.191699742413761,5.584106170940555
0.693,30,prcus-i,-0.0,5.584106170940555
0.693,30,prcus-a,0.0,5.584106170940555
0.693,30,ifrms,-1.252055687273723,5.584106170940555
0.693,30,sspls-v,0.34598040298803223,5.584106170940555
0.693,31,mcgs,0.0,5.458410399256439
0.693,31,pos,-0.0,5.458410399256439
0.693,31,sbps,-0.5326844577716725,5.458410399256439
0.693,31,prculs-d,-0.0,5.458410399256439
0.693,31,prcus-p,1.1316398251227078,5.458410399256439
0.693,31,prcus-i,-0.0,5.458410399256439
0.693,31,prcus-a,0.0,5.458410399256439
0.693,31,ifrms,-1.030252127647054,5.458410399256439
0.693,31,sspls-v,0.43183338548026085,5.458410399256439
0.693,32,mcgs,0.0,5.635759561238794
0.693,32,pos,-0.08623846813179357,5.635759561238794
0.693,32,sbps,-0.4588952160909172,5.635759561238794
0.693,32,prculs-d,-0.0,5.635759561238794
0.693,32,prcus-p,1.1775696873847408,5.635759561238794
0.693,32,prcus-i,-0.0,5.635759561238794
0.693,32,prcus-a,0.0,5.635759561238794
0.693,32,ifrms,-0.9617904229793548,5.635759561238794
0.693,32,sspls-v,0.25410935276728713,5.635759561238794
0.693,33,mcgs,0.0,5.667743438267969
0.693,33,pos,-0.0,5.667743438267969
0.693,33,sbps,-0.4168499264775741,5.667743438267969
0.693,33,prculs-d,-0.0,5.667743438267969
0.693,33,prcus-p,1.2677585023510094,5.667743438267969
0.693,33,prcus-i,-0.0,5.667743438267969
0.693,33,prcus-a,0.0,5.667743438267969
0.693,33,ifrms,-1.0590304878577061,5.667743438267969
0.693,33,sspls-v,0.5215755291601754,5.667743438267969
0.693,34,mcgs,0.0,5.519329996805487
0.693,34,pos,-0.0,5.519329996805487
0.693,34,sbps,-0.42670190165457056,5.519329996805487
0.693,34,prculs-d,-0.0,5.519329996805487
0.693,34,prcus-p,1.348215833652033,5.519329996805487
0.693,34,prcus-i,-0.0,5.519329996805487
0.693,34,prcus-a,-0.0,5.519329996805487
0.693,34,ifrms,-1.1368902727081982,5.519329996805487
0.693,34,sspls-v,0.2639973846417145,5.519329996805487
0.741,0,mcgs,0.0,5.67688418333868
0.741,0,pos,-0.0,5.67688418333868
0.741,0,sbps,-0.3832865470670568,5.67688418333868
0.741,0,prculs-d,-0.0,5.67688418333868
0.741,0,prcus-p,1.145986642158338,5.67688418333868
0.741,0,prcus-i,-0.0,5.67688418333868
0.741,0,prcus-a,0.0,5.67688418333868
0.741,0,ifrms,-1.0463501331560625,5.67688418333868
0.741,0,sspls-v,0.35049989825095434,5.67688418333868
0.741,1,mcgs,0.0,5.5886509656682986
0.741,1,pos,-0.0,5.5886509656682986
0.741,1,sbps,-0.17224242007651921,5.5886509656682986
0.741,1,prculs-d,-0.0,5.5886509656682986
0.741,1,prcus-p,1.1250584149820033,5.5886509656682986
0.741,1,prcus-i,-0.0,5.5886509656682986
0.741,1,prcus-a,0.0,5.5886509656682986
0.741,1,ifrms,-0.9195691225966379,5.5886509656682986
0.741,1,sspls-v,0.2680815691644962,5.5886509656682986
0.741,2,mcgs,0.0,5.60495449646599
0.741,2,pos,-0.0,5.60495449646599
0.741,2,sbps,-0.48751060583089134,5.60495449646599
0.741,2,prculs-d,-0.0,5.60495449646599
0.741,2,prcus-p,0.9468002724979759,5.60495449646599
0.741,2,prcus-i,-0.0,5.60495449646599
0.741,2,prcus-a,-0.0,5.60495449646599
0.741,2,ifrms,-0.9469157704928781,5.60495449646599
0.741,2,sspls-v,0.23105335569179347,5.60495449646599
0.741,3,mcgs,0.0,5.528732080943329
0.741,3,pos,-0.0,5.528732080943329
0.741,3,sbps,-0.46500502502746005,5.528732080943329
0.741,3,prculs-d,-0.0,5.528732080943329
0.741,3,prcus-p,0.8146120904255467,5.528732080943329
0.741,3,prcus-i,-0.0,5.528732080943329
0.741,3,prcus-a,0.0,5.528732080943329
0.741,3,ifrms,-1.11100047106647,5.528732080943329
0.741,3,sspls-v,0.6572808739489209,5.528732080943329
0.741,4,mcgs,0.07360687207750916,5.5502107472981645
0.741,4,pos,-0.0,5.5502107472981645
0.741,4,sbps,-0.09594900357879457,5.5502107472981645
0.741,4,prculs-d,-0.0,5.5502107472981645
0.741,4,prcus-p,1.0028471837310184,5.5502107472981645
0.741,4,prcus-i,-0.0,5.5502107472981645
0.741,4,prcus-a,-0.0,5.5502107472981645
0.741,4,ifrms,-1.4106544611581482,5.5502107472981645
0.741,4,sspls-v,0.2510679402467061,5.5502107472981645
0.741,5,mcgs,0.0,5.491793835186083
0.741,5,pos,-0.0,5.491793835186083
0.741,5,sbps,-0.3413401602226067,5.491793835186083
0.741,5,prculs-d,-0.0,5.491793835186083
0.741,5,prcus-p,1.1832602665808756,5.491793835186083
0.741,5,prcus-i,-0.08166789508941064,5.491793835186083
0.741,5,prcus-a,0.0,5.491793835186083
0.741,5,ifrms,-0.9867927614770645,5.491793835186083
0.741,5,sspls-v,0.3248497084909403,5.491793835186083
0.741,6,mcgs,0.0,5.707563791313529
0.741,6,pos,-0.0,5.707563791313529
0.741,6,sbps,-0.4560012432323533,5.707563791313529
0.741,6,prculs-d,-0.0,5.707563791313529
0.741,6,prcus-p,1.202139377182788,5.707563791313529
0.741,6,prcus-i,-0.0,5.707563791313529
0.741,6,prcus-a,0.0,5.707563791313529
0.741,6,ifrms,-1.0619417550146015,5.707563791313529
0.741,6,sspls-v,0.42205203173408096,5.707563791313529
0.741,7,mcgs,0.0,5.496319367068541
0.741,7,pos,-0.0,5.496319367068541
0.741,7,sbps,-0.05643462487691721,5.496319367068541
0.741,7,prculs-d,-0.0,5.496319367068541
0.741,7,prcus-p,0.658570850029441,5.496319367068541
0.741,7,prcus-i,-0.0,5.496319367068541
0.741,7,prcus-a,0.0,5.496319367068541
0.741,7,ifrms,-0.46070907141039863,5.496319367068541
0.741,7,sspls-v,0.0,5.496319367068541
0.741,8,mcgs,0.13349249595977364,5.627890351604286
0.741,8,pos,-0.0,5.627890351604286
0.741,8,sbps,-0.0006700737361274006,5.627890351604286
0.741,8,prculs-d,-0.0,5.627890351604286
0.741,8,prcus-p,0.7763148206079987,5.627890351604286
0.741,8,prcus-i,-0.0,5.627890351604286
0.741,8,prcus-a,0.0,5.627890351604286
0.741,8,ifrms,-0.8392773323241918,5.627890351604286
0.741,8,sspls-v,0.0,5.627890351604286
0.741,9,mcgs,0.0,5.622409499076977
0.741,9,pos,-0.0,5.622409499076977
0.741,9,sbps,-0.44784978702324296,5.622409499076977
0.741,9,prculs-d,-0.0,5.622409499076977
0.741,9,prcus-p,1.1951007155170867,5.622409499076977
0.741,9,prcus-i,-0.0,5.622409499076977
0.741,9,prcus-a,0.0,5.622409499076977
0.741,9,ifrms,-1.0310844354656161,5.622409499076977
0.741,9,sspls-v,0.3860142177055909,5.622409499076977
0.741,10,mcgs,0.0,5.606612671796884
0.741,10,pos,-0.0,5.606612671796884
0.741,10,sbps,-0.456914052344406,5.606612671796884
0.741,10,prculs-d,-0.0,5.606612671796884
0.741,10,prcus-p,1.1157261276599737,5.606612671796884
0.741,10,prcus-i,-0.0,5.606612671796884
0.741,10,prcus-a,0.0,5.606612671796884
0.741,10,ifrms,-1.0130749849807474,5.606612671796884
0.741,10,sspls-v,0.47711717149891125,5.606612671796884
0.741,11,mcgs,0.0,5.703213842341005
0.741,11,pos,-0.0,5.703213842341005
0.741,11,sbps,-0.3715745570462923,5.703213842341005
0.741,11,prculs-d,-0.0,5.703213842341005
0.741,11,prcus-p,1.1663919164070564,5.703213842341005
0.741,11,prcus-i,-0.0,5.703213842341005
0.741,11,prcus-a,0.0,5.703213842341005
0.741,11,ifrms,-1.066915029263066,5.703213842341005
0.741,11,sspls-v,0.36479590964354347,5.703213842341005
0.741,12,mcgs,0.0,5.299023565347356
0.741,12,pos,-0.0,5.299023565347356
0.741,12,sbps,-0.37719348487280235,5.299023565347356
0.741,12,prculs-d,-0.0,5.299023565347356
0.741,12,prcus-p,1.4744888001373055,5.299023565347356
0.741,12,prcus-i,0.0,5.299023565347356
0.741,12,prcus-a,-0.0,5.299023565347356
0.741,12,ifrms,-1.2107334169572115,5.299023565347356
0.741,12,sspls-v,0.24514181517479514,5.299023565347356
0.741,13,mcgs,0.0,5.4058394984490565
0.741,13,pos,-0.0,5.4058394984490565
0.741,13,sbps,-0.7480310176601276,5.4058394984490565
0.741,13,prculs-d,-0.0,5.4058394984490565
0.741,13,prcus-p,1.3613988246769733,5.4058394984490565
0.741,13,prcus-i,-0.0,5.4058394984490565
0.741,13,prcus-a,0.0,5.4058394984490565
0.741,13,ifrms,-0.8892957816191295,5.4058394984490565
0.741,13,sspls-v,0.26567582993543026,5.4058394984490565
0.741,14,mcgs,0.0,5.394189671952368
0.741,14,pos,-0.0,5.394189671952368
0.741,14,sbps,-0.0,5.394189671952368
0.741,14,prculs-d,-0.0,5.394189671952368
0.741,14,prcus-p,1.4120799621198128,5.394189671952368
0.741,14,prcus-i,-0.0,5.394189671952368
0.741,14,prcus-a,0.0,5.394189671952368
0.741,14,ifrms,-0.8089764312582738,5.394189671952368
0.741,14,sspls-v,0.26288630078446684,5.394189671952368
0.741,15,mcgs,0.15558722379142842,5.53557688966374
0.741,15,pos,-0.0,5.53557688966374
0.741,15,sbps,-0.4544780970046757,5.53557688966374
0.741,15,prculs-d,0.0,5.53557688966374
0.741,15,prcus-p,1.1453641207665293,5.53557688966374
0.741,15,prcus-i,-0.0,5.53557688966374
0.741,15,prcus-a,-0.0,5.53557688966374
0.741,15,ifrms,-0.5564968491578923,5.53557688966374
0.741,15,sspls-v,0.9048036108762852,5.53557688966374
0.741,16,mcgs,0.0,5.473851098730028
0.741,16,pos,-0.0,5.473851098730028
0.741,16,sbps,-0.44097186237659625,5.473851098730028
0.741,16,prculs-d,-0.0,5.473851098730028
0.741,16,prcus-p,1.3780307666499354,5.473851098730028
0.741,16,prcus-i,-0.0,5.473851098730028
0.741,16,prcus-a,0.0,5.473851098730028
0.741,16,ifrms,-1.2644116895560957,5.473851098730028
0.741,16,sspls-v,0.12019496060369607,5.473851098730028
0.741,17,mcgs,0.0,5.51594090261839
0.741,17,pos,-0.0,5.51594090261839
0.741,17,sbps,-0.03525492900474453,5.51594090261839
0.741,17,prculs-d,-0.0,5.51594090261839
0.741,17,prcus-p,1.0968833926086785,5.51594090261839
0.741,17,prcus-i,-0.0,5.51594090261839
0.741,17,prcus-a,0.0,5.51594090261839
0.741,17,ifrms,-0.8058963682598618,5.51594090261839
0.741,17,sspls-v,0.483860392951098,5.51594090261839
0.741,18,mcgs,0.0,5.626722428649523
0.741,18,pos,-0.0,5.626722428649523
0.741,18,sbps,-0.3650594172238788,5.626722428649523
0.741,18,prculs-d,-0.0,5.626722428649523
0.741,18,prcus-p,1.31272574271951,5.626722428649523
0.741,18,prcus-i,-0.0,5.626722428649523
0.741,18,prcus-a,0.0,5.626722428649523
0.741,18,ifrms,-0.9516770257981253,5.626722428649523
0.741,18,sspls-v,0.4976293710040608,5.626722428649523
0.741,19,mcgs,0.0,5.37924477846276
0.741,19,pos,-0.0,5.37924477846276
0.741,19,sbps,-0.47447728067329953,5.37924477846276
0.741,19,prculs-d,-0.0,5.37924477846276
0.741,19,prcus-p,1.4500066216758967,5.37924477846276
0.741,19,prcus-i,-0.0,5.37924477846276
0.741,19,prcus-a,0.0,5.37924477846276
0.741,19,ifrms,-1.1316759231731288,5.37924477846276
0.741,19,sspls-v,0.1611735626320351,5.37924477846276
0.741,20,mcgs,0.0,5.482214958534978
0.741,20,pos,-0.0,5.482214958534978
0.741,20,sbps,-0.0,5.482214958534978
0.741,20,prculs-d,0.0,5.482214958534978
0.741,20,prcus-p,0.8677324093512175,5.482214958534978
0.741,20,prcus-i,-0.0,5.482214958534978
0.741,20,prcus-a,0.0,5.482214958534978
0.741,20,ifrms,-1.2270052232280217,5.482214958534978
0.741,20,sspls-v,0.4916010158222779,5.482214958534978
0.741,21,mcgs,0.0,5.652354013921754
0.741,21,pos,-0.0,5.652354013921754
0.741,21,sbps,-0.33946194194108387,5.652354013921754
0.741,21,prculs-d,-0.0,5.652354013921754
0.741,21,prcus-p,1.1774669312255197,5.652354013921754
0.741,21,prcus-i,-0.0,5.652354013921754
0.741,21,prcus-a,0.0,5.652354013921754
0.741,21,ifrms,-0.9103392484485566,5.652354013921754
0.741,21,sspls-v,0.330610124529367,5.652354013921754
0.741,22,mcgs,0.0,5.7186956651798155
0.741,22,pos,-0.0,5.7186956651798155
0.741,22,sbps,-0.3972865037585514,5.7186956651798155
0.741,22,prculs-d,-0.0,5.7186956651798155
0.741,22,prcus-p,1.1750148418927269,5.7186956651798155
0.741,22,prcus-i,-0.0,5.7186956651798155
0.741,22,prcus-a,0.0,5.7186956651798155
0.741,22,ifrms,-1.0520901068504316,5.7186956651798155
0.741,22,sspls-v,0.39038925996552787,5.7186956651798155
0.741,23,mcgs,0.0,5.6143957644697995
0.741,23,pos,-0.0,5.6143957644697995
0.741,23,sbps,-0.31580154252801274,5.6143957644697995
0.741,23,prculs-d,-0.0,5.6143957644697995
0.741,23,prcus-p,1.2136646836499032,5.6143957644697995
0.741,23,prcus-i,-0.0,5.6143957644697995
0.741,23,prcus-a,0.0,5.6143957644697995
0.741,23,ifrms,-1.0500260165128328,5.6143957644697995
0.741,23,sspls-v,0.4073855971503813,5.6143957644697995
0.741,24,mcgs,0.0,5.433728618956688
0.741,24,pos,-0.0,5.433728618956688
0.741,24,sbps,-0.7591186644003244,5.433728618956688
0.741,24,prculs-d,-0.0,5.433728618956688
0.741,24,prcus-p,1.0181404424778362,5.433728618956688
0.741,24,prcus-i,-0.0,5.433728618956688
0.741,24,prcus-a,0.0,5.433728618956688
0.741,24,ifrms,-1.150756939341245,5.433728618956688
0.741,24,sspls-v,0.48732321173745835,5.433728618956688
0.741,25,mcgs,0.0,5.726051464197515
0.741,25,pos,-0.0,5.726051464197515
0.741,25,sbps,-0.3958473798936781,5.726051464197515
0.741,25,prculs-d,-0.0,5.726051464197515
0.741,25,prcus-p,1.1266165506862813,5.726051464197515
0.741,25,prcus-i,-0.0,5.726051464197515
0.741,25,prcus-a,0.0,5.726051464197515
0.741,25,ifrms,-1.068751363227848,5.726051464197515
0.741,25,sspls-v,0.4667390624120092,5.726051464197515
0.741,26,mcgs,0.0,5.748879349244234
0.741,26,pos,-0.0,5.748879349244234
0.741,26,sbps,-0.39583646931376987,5.748879349244234
0.741,26,prculs-d,-0.0,5.748879349244234
0.741,26,prcus-p,1.165237470416019,5.748879349244234
0.741,26,prcus-i,-0.0,5.748879349244234
0.741,26,prcus-a,0.0,5.748879349244234
0.741,26,ifrms,-0.9925549487395005,5.748879349244234
0.741,26,sspls-v,0.3679314311112497,5.748879349244234
0.741,27,mcgs,0.0,5.671255922923767
0.741,27,pos,-0.0,5.671255922923767
0.741,27,sbps,-0.3131190228243723,5.671255922923767
0.741,27,prculs-d,-0.0,5.671255922923767
0.741,27,prcus-p,1.1394232070240322,5.671255922923767
0.741,27,prcus-i,-0.0,5.671255922923767
0.741,27,prcus-a,-0.0,5.671255922923767
0.741,27,ifrms,-1.0622044141791482,5.671255922923767
0.741,27,sspls-v,0.3078813062025795,5.671255922923767
0.741,28,mcgs,0.0,5.722889563969996
0.741,28,pos,-0.0,5.722889563969996
0.741,28,sbps,-0.3822793775062178,5.722889563969996
0.741,28,prculs-d,-0.0,5.722889563969996
0.741,28,prcus-p,1.1706853240896955,5.722889563969996
0.741,28,prcus-i,-0.0,5.722889563969996
0.741,28,prcus-a,0.0,5.722889563969996
0.741,28,ifrms,-1.043249579654402,5.722889563969996
0.741,28,sspls-v,0.357063755233145,5.722889563969996
0.741,29,mcgs,0.0,5.455506518848972
0.741,29,pos,-0.0,5.455506518848972
0.741,29,sbps,-0.33861212286422565,5.455506518848972
0.741,29,prculs-d,0.0,5.455506518848972
0.741,29,prcus-p,0.5783033666101439,5.455506518848972
0.741,29,prcus-i,0.0,5.455506518848972
0.741,29,prcus-a,0.0,5.455506518848972
0.741,29,ifrms,-1.206286294168601,5.455506518848972
0.741,29,sspls-v,0.1766581178559851,5.455506518848972
0.741,30,mcgs,0.0,5.581481238352402
0.741,30,pos,-0.0,5.581481238352402
0.741,30,sbps,-0.4301297868834963,5.581481238352402
0.741,30,prculs-d,-0.0,5.581481238352402
0.741,30,prcus-p,1.1220044970438399,5.581481238352402
0.741,30,prcus-i,-0.0,5.581481238352402
0.741,30,prcus-a,0.0,5.581481238352402
0.741,30,ifrms,-1.191690258469688,5.581481238352402
0.741,30,sspls-v,0.2722986282022621,5.581481238352402
0.741,31,mcgs,0.0,5.466004414797756
0.741,31,pos,-0.0,5.466004414797756
0.741,31,sbps,-0.4371152868878794,5.466004414797756
0.741,31,prculs-d,-0.0,5.466004414797756
0.741,31,prcus-p,1.0613363865594625,5.466004414797756
0.741,31,prcus-i,-0.0,5.466004414797756
0.741,31,prcus-a,0.0,5.466004414797756
0.741,31,ifrms,-0.9672659616525566,5.466004414797756
0.741,31,sspls-v,0.3547692103477666,5.466004414797756
0.741,32,mcgs,0.0,5.609018470120209
0.741,32,pos,-0.05642309010831104,5.609018470120209
0.741,32,sbps,-0.3649875288913419,5.609018470120209
0.741,32,prculs-d,-0.0,5.609018470120209
0.741,32,prcus-p,1.1025735155896161,5.609018470120209
0.741,32,prcus-i,-0.0,5.609018470120209
0.741,32,prcus-a,0.0,5.609018470120209
0.741,32,ifrms,-0.9094148391166452,5.609018470120209
0.741,32,sspls-v,0.17992404800964582,5.609018470120209
0.741,33,mcgs,0.0,5.665219983597626
0.741,33,pos,-0.0,5.665219983597626
0.741,33,sbps,-0.3238948365915509,5.665219983597626
0.741,33,prculs-d,-0.0,5.665219983597626
0.741,33,prcus-p,1.1984211851899078,5.665219983597626
0.741,33,prcus-i,-0.0,5.665219983597626
0.741,33,prcus-a,0.0,5.665219983597626
0.741,33,ifrms,-0.9964482989874379,5.665219983597626
0.741,33,sspls-v,0.44833031236649556,5.665219983597626
0.741,34,mcgs,0.0,5.504488706891172
0.741,34,pos,-0.0,5.504488706891172
0.741,34,sbps,-0.3306526014883609,5.504488706891172
0.741,34,prculs-d,-0.0,5.504488706891172
0.741,34,prcus-p,1.2800253658044907,5.504488706891172
0.741,34,prcus-i,-0.0,5.504488706891172
0.741,34,prcus-a,-0.0,5.504488706891172
0.741,34,ifrms,-1.0743149705489123,5.504488706891172
0.741,34,sspls-v,0.18846529475290522,5.504488706891172
0.792,0,mcgs,0.0,5.672454918728656
0.792,0,pos,-0.0,5.672454918728656
0.792,0,sbps,-0.2811153588141669,5.672454918728656
0.792,0,prculs-d,-0.0,5.672454918728656
0.792,0,prcus-p,1.0711308984656849,5.672454918728656
0.792,0,prcus-i,-0.0,5.672454918728656
0.792,0,prcus-a,0.0,5.672454918728656
0.792,0,ifrms,-0.979445938187439,5.672454918728656
0.792,0,sspls-v,0.26855086753308166,5.672454918728656
0.792,1,mcgs,0.0,5.593894645871814
0.792,1,pos,-0.0,5.593894645871814
0.792,1,sbps,-0.06289929965421986,5.593894645871814
0.792,1,prculs-d,-0.0,5.593894645871814
0.792,1,prcus-p,1.0482099857159664,5.593894645871814
0.792,1,prcus-i,-0.0,5.593894645871814
0.792,1,prcus-a,0.0,5.593894645871814
0.792,1,ifrms,-0.8473409285414065,5.593894645871814
0.792,1,sspls-v,0.18167153903009234,5.593894645871814
0.792,2,mcgs,0.0,5.597131968046822
0.792,2,pos,-0.0,5.597131968046822
0.792,2,sbps,-0.39191532287099895,5.597131968046822
0.792,2,prculs-d,-0.0,5.597131968046822
0.792,2,prcus-p,0.8714071183508411,5.597131968046822
0.792,2,prcus-i,-0.0,5.597131968046822
0.792,2,prcus-a,-0.0,5.597131968046822
0.792,2,ifrms,-0.8788601170109406,5.597131968046822
0.792,2,sspls-v,0.1481658672993978,5.597131968046822
0.792,3,mcgs,0.0,5.544014230760125
0.792,3,pos,-0.0,5.544014230760125
0.792,3,sbps,-0.36381566981048835,5.544014230760125
0.792,3,prculs-d,-0.0,5.544014230760125
0.792,3,prcus-p,0.7475776479200025,5.544014230760125
0.792,3,prcus-i,-0.0,5.544014230760125
0.792,3,prcus-a,0.0,5.544014230760125
0.792,3,ifrms,-1.043952898284753,5.544014230760125
0.792,3,sspls-v,0.5785077584955729,5.544014230760125
0.792,4,mcgs,0.006777174389778653,5.520509074803855
0.792,4,pos,-0.0,5.520509074803855
0.792,4,sbps,-0.0,5.520509074803855
0.792,4,prculs-d,-0.0,5.520509074803855
0.792,4,prcus-p,0.9384663887235759,5.520509074803855
0.792,4,prcus-i,-0.0,5.520509074803855
0.792,4,prcus-a,-0.0,5.520509074803855
0.792,4,ifrms,-1.3310733635070537,5.520509074803855
0.792,4,sspls-v,0.1665763709882055,5.520509074803855
0.792,5,mcgs,0.0,5.50201992558781
0.792,5,pos,-0.0,5.50201992558781
0.792,5,sbps,-0.23469624961746086,5.50201992558781
0.792,5,prculs-d,-0.0,5.50201992558781
0.792,5,prcus-p,1.1165456725195568,5.50201992558781
0.792,5,prcus-i,-0.02009167898863914,5.50201992558781
0.792,5,prcus-a,0.0,5.50201992558781
0.792,5,ifrms,-0.9182398294114112,5.50201992558781
0.792,5,sspls-v,0.23156255516836896,5.50201992558781
0.792,6,mcgs,0.0,5.717147613868226
0.792,6,pos,-0.0,5.717147613868226
0.792,6,sbps,-0.3251717772704891,5.717147613868226
0.792,6,prculs-d,-0.0,5.717147613868226
0.792,6,prcus-p,1.1080013328504952,5.717147613868226
0.792,6,prcus-i,-0.0,5.717147613868226
0.792,6,prcus-a,0.0,5.717147613868226
0.792,6,ifrms,-0.9877813283731757,5.717147613868226
0.792,6,sspls-v,0.31636520055382533,5.717147613868226
0.792,7,mcgs,0.0,5.462513673663989
0.792,7,pos,-0.0,5.462513673663989
0.792,7,sbps,-0.0,5.462513673663989
0.792,7,prculs-d,-0.0,5.462513673663989
0.792,7,prcus-p,0.5917579327167451,5.462513673663989
0.792,7,prcus-i,-0.0,5.462513673663989
0.792,7,prcus-a,0.0,5.462513673663989
0.792,7,ifrms,-0.3973595356270052,5.462513673663989
0.792,7,sspls-v,0.0,5.462513673663989
0.792,8,mcgs,0.0794657487063126,5.576406887525707
0.792,8,pos,-0.0,5.576406887525707
0.792,8,sbps,-0.0,5.576406887525707
0.792,8,prculs-d,-0.0,5.576406887525707
0.792,8,prcus-p,0.7379831080762933,5.576406887525707
0.792,8,prcus-i,-0.0,5.576406887525707
0.792,8,prcus-a,0.0,5.576406887525707
0.792,8,ifrms,-0.7792181112378791,5.576406887525707
0.792,8,sspls-v,0.0,5.576406887525707
0.792,9,mcgs,0.0,5.629651119040118
0.792,9,pos,-0.0,5.629651119040118
0.792,9,sbps,-0.34474439449176386,5.629651119040118
0.792,9,prculs-d,-0.0,5.629651119040118
0.792,9,prcus-p,1.1192969798376393,5.629651119040118
0.792,9,prcus-i,-0.0,5.629651119040118
0.792,9,prcus-a,0.0,5.629651119040118
0.792,9,ifrms,-0.9650188530024603,5.629651119040118
0.792,9,sspls-v,0.3033929334651946,5.629651119040118
0.792,10,mcgs,0.0,5.62309499306476
0.792,10,pos,-0.0,5.62309499306476
0.792,10,sbps,-0.35457059684835823,5.62309499306476
0.792,10,prculs-d,-0.0,5.62309499306476
0.792,10,prcus-p,1.0425033187664896,5.62309499306476
0.792,10,prcus-i,-0.0,5.62309499306476
0.792,10,prcus-a,0.0,5.62309499306476
0.792,10,ifrms,-0.9470158117482986,5.62309499306476
0.792,10,sspls-v,0.3952894772040136,5.62309499306476
0.792,11,mcgs,0.0,5.696367301184921
0.792,11,pos,-0.0,5.696367301184921
0.792,11,sbps,-0.27278257330020006,5.696367301184921
0.792,11,prculs-d,-0.0,5.696367301184921
0.792,11,prcus-p,1.091834035517243,5.696367301184921
0.792,11,prcus-i,-0.0,5.696367301184921
0.792,11,prcus-a,0.0,5.696367301184921
0.792,11,ifrms,-1.0037628457126246,5.696367301184921
0.792,11,sspls-v,0.2833569578020403,5.696367301184921
0.792,12,mcgs,0.0,5.30139263066082
0.792,12,pos,-0.0,5.30139263066082
0.792,12,sbps,-0.27505043274069507,5.30139263066082
0.792,12,prculs-d,-0.0,5.30139263066082
0.792,12,prcus-p,1.3997793904414166,5.30139263066082
0.792,12,prcus-i,0.0,5.30139263066082
0.792,12,prcus-a,-0.0,5.30139263066082
0.792,12,ifrms,-1.1436021753377354,5.30139263066082
0.792,12,sspls-v,0.16386090626287034,5.30139263066082
0.792,13,mcgs,0.0,5.4104604569099575
0.792,13,pos,-0.0,5.4104604569099575
0.792,13,sbps,-0.6479858775468671,5.4104604569099575
0.792,13,prculs-d,-0.0,5.4104604569099575
0.792,13,prcus-p,1.2860293501487448,5.4104604569099575
0.792,13,prcus-i,-0.0,5.4104604569099575
0.792,13,prcus-a,0.0,5.4104604569099575
0.792,13,ifrms,-0.8244887242586777,5.4104604569099575
0.792,13,sspls-v,0.18585267576218822,5.4104604569099575
0.792,14,mcgs,0.0,5.371321327309049
0.792,14,pos,-0.0,5.371321327309049
0.792,14,sbps,-0.0,5.371321327309049
0.792,14,prculs-d,-0.0,5.371321327309049
0.792,14,prcus-p,1.3627549718443515,5.371321327309049
0.792,14,prcus-i,-0.0,5.371321327309049
0.792,14,prcus-a,0.0,5.371321327309049
0.792,14,ifrms,-0.7603027925333657,5.371321327309049
0.792,14,sspls-v,0.20903004614595702,5.371321327309049
0.792,15,mcgs,0.08927616546789613,5.544863562180473
0.792,15,pos,-0.0,5.544863562180473
0.792,15,sbps,-0.35012267073250664,5.544863562180473
0.792,15,prculs-d,0.0,5.544863562180473
0.792,15,prcus-p,1.0790868191483476,5.544863562180473
0.792,15,prcus-i,-0.0,5.544863562180473
0.792,15,prcus-a,-0.0,5.544863562180473
0.792,15,ifrms,-0.48366774921206085,5.544863562180473
0.792,15,sspls-v,0.818199022817177,5.544863562180473
0.792,16,mcgs,0.0,5.465852920100922
0.792,16,pos,-0.0,5.465852920100922
0.792,16,sbps,-0.3394757295615187,5.465852920100922
0.792,16,prculs-d,-0.0,5.465852920100922
0.792,16,prcus-p,1.3039051091927936,5.465852920100922
0.792,16,prcus-i,-0.0,5.465852920100922
0.792,16,prcus-a,0.0,5.465852920100922
0.792,16,ifrms,-1.1979916568315518,5.465852920100922
0.792,16,sspls-v,0.04857853718717659,5.465852920100922
0.792,17,mcgs,0.0,5.50135424030251
0.792,17,pos,-0.0,5.50135424030251
0.792,17,sbps,-0.0,5.50135424030251
0.792,17,prculs-d,-0.0,5.50135424030251
0.792,17,prcus-p,1.03799642900364,5.50135424030251
0.792,17,prcus-i,-0.0,5.50135424030251
0.792,17,prcus-a,0.0,5.50135424030251
0.792,17,ifrms,-0.7502668336216389,5.50135424030251
0.792,17,sspls-v,0.42250302383576277,5.50135424030251
0.792,18,mcgs,0.0,5.638301210661945
0.792,18,pos,-0.0,5.638301210661945
0.792,18,sbps,-0.2719231475011936,5.638301210661945
0.792,18,prculs-d,-0.0,5.638301210661945
0.792,18,prcus-p,1.2422915600115019,5.638301210661945
0.792,18,prcus-i,-0.0,5.638301210661945
0.792,18,prcus-a,0.0,5.638301210661945
0.792,18,ifrms,-0.8907247055157582,5.638301210661945
0.792,18,sspls-v,0.41640116552018197,5.638301210661945
0.792,19,mcgs,0.0,5.359495052893017
0.792,19,pos,-0.0,5.359495052893017
0.792,19,sbps,-0.3721194113941213,5.359495052893017
0.792,19,prculs-d,-0.0,5.359495052893017
0.792,19,prcus-p,1.375661552672016,5.359495052893017
0.792,19,prcus-i,-0.0,5.359495052893017
0.792,19,prcus-a,0.0,5.359495052893017
0.792,19,ifrms,-1.0644623534227577,5.359495052893017
0.792,19,sspls-v,0.0823608947771704,5.359495052893017
0.792,20,mcgs,0.0,5.471401808476473
0.792,20,pos,-0.0,5.471401808476473
0.792,20,sbps,-0.0,5.471401808476473
0.792,20,prculs-d,0.0,5.471401808476473
0.792,20,prcus-p,0.8202690658154416,5.471401808476473
0.792,20,prcus-i,-0.0,5.471401808476473
0.792,20,prcus-a,0.0,5.471401808476473
0.792,20,ifrms,-1.1769525509126186,5.471401808476473
0.792,20,sspls-v,0.4373962135515471,5.471401808476473
0.792,21,mcgs,0.0,5.642661408130518
0.792,21,pos,-0.0,5.642661408130518
0.792,21,sbps,-0.23532029662610898,5.642661408130518
0.792,21,prculs-d,-0.0,5.642661408130518
0.792,21,prcus-p,1.1032985465049665,5.642661408130518
0.792,21,prcus-i,-0.0,5.642661408130518
0.792,21,prcus-a,0.0,5.642661408130518
0.792,21,ifrms,-0.8412669666376066,5.642661408130518
0.792,21,sspls-v,0.24725284204553338,5.642661408130518
0.792,22,mcgs,0.0,5.713598570370264
0.792,22,pos,-0.0,5.713598570370264
0.792,22,sbps,-0.30417444220508166,5.713598570370264
0.792,22,prculs-d,-0.0,5.713598570370264
0.792,22,prcus-p,1.1011283613226284,5.713598570370264
0.792,22,prcus-i,-0.0,5.713598570370264
0.792,22,prcus-a,0.0,5.713598570370264
0.792,22,ifrms,-0.9881399367774778,5.713598570370264
0.792,22,sspls-v,0.3117317279152362,5.713598570370264
0.792,23,mcgs,0.0,5.598242364204247
0.792,23,pos,-0.0,5.598242364204247
0.792,23,sbps,-0.2145779978921988,5.598242364204247
0.792,23,prculs-d,-0.0,5.598242364204247
0.792,23,prcus-p,1.1390978526170914,5.598242364204247
0.792,23,prcus-i,-0.0,5.598242364204247
0.792,23,prcus-a,0.0,5.598242364204247
0.792,23,ifrms,-0.983156720976433,5.598242364204247
0.792,23,sspls-v,0.3257862597439729,5.598242364204247
0.792,24,mcgs,0.0,5.447083332645135
0.792,24,pos,-0.0,5.447083332645135
0.792,24,sbps,-0.6588597123665453,5.447083332645135
0.792,24,prculs-d,-0.0,5.447083332645135
0.792,24,prcus-p,0.9502927001431078,5.447083332645135
0.792,24,prcus-i,-0.0,5.447083332645135
0.792,24,prcus-a,0.0,5.447083332645135
0.792,24,ifrms,-1.0823554169642637,5.447083332645135
0.792,24,sspls-v,0.4041859048515078,5.447083332645135
0.792,25,mcgs,0.0,5.726233986851427
0.792,25,pos,-0.0,5.726233986851427
0.792,25,sbps,-0.2988862249748469,5.726233986851427
0.792,25,prculs-d,-0.0,5.726233986851427
0.792,25,prcus-p,1.0577810527981508,5.726233986851427
0.792,25,prcus-i,-0.0,5.726233986851427
0.792,25,prcus-a,0.0,5.726233986851427
0.792,25,ifrms,-1.0019398147579248,5.726233986851427
0.792,25,sspls-v,0.3947712211317597,5.726233986851427
0.792,26,mcgs,0.0,5.739366075931077
0.792,26,pos,-0.0,5.739366075931077
0.792,26,sbps,-0.29430114621292963,5.739366075931077
0.792,26,prculs-d,-0.0,5.739366075931077
0.792,26,prcus-p,1.0907769417470456,5.739366075931077
0.792,26,prcus-i,-0.0,5.739366075931077
0.792,26,prcus-a,0.0,5.739366075931077
0.792,26,ifrms,-0.9259842271652048,5.739366075931077
0.792,26,sspls-v,0.28521650046696845,5.739366075931077
0.792,27,mcgs,0.0,5.6545538782454425
0.792,27,pos,-0.0,5.6545538782454425
0.792,27,sbps,-0.20835573504881305,5.6545538782454425
0.792,27,prculs-d,-0.0,5.6545538782454425
0.792,27,prcus-p,1.0630127222036778,5.6545538782454425
0.792,27,prcus-i,-0.0,5.6545538782454425
0.792,27,prcus-a,-0.0,5.6545538782454425
0.792,27,ifrms,-0.9969530095535997,5.6545538782454425
0.792,27,sspls-v,0.22343037035033883,5.6545538782454425
0.792,28,mcgs,0.0,5.71542151854908
0.792,28,pos,-0.0,5.71542151854908
0.792,28,sbps,-0.281057083437603,5.71542151854908
0.792,28,prculs-d,-0.0,5.71542151854908
0.792,28,prcus-p,1.1020457012601064,5.71542151854908
0.792,28,prcus-i,-0.0,5.71542151854908
0.792,28,prcus-a,0.0,5.71542151854908
0.792,28,ifrms,-0.9763019418632162,5.71542151854908
0.792,28,sspls-v,0.27621015321428527,5.71542151854908
0.792,29,mcgs,0.0,5.45551367024225
0.792,29,pos,-0.0,5.45551367024225
0.792,29,sbps,-0.23684986292369264,5.45551367024225
0.792,29,prculs-d,0.0,5.45551367024225
0.792,29,prcus-p,0.5032684840571686,5.45551367024225
0.792,29,prcus-i,0.0,5.45551367024225
0.792,29,prcus-a,0.0,5.45551367024225
0.792,29,ifrms,-1.1422718704695247,5.45551367024225
0.792,29,sspls-v,0.09298068592000047,5.45551367024225
0.792,30,mcgs,0.0,5.569661781786409
0.792,30,pos,-0.0,5.569661781786409
0.792,30,sbps,-0.3286073458254646,5.569661781786409
0.792,30,prculs-d,-0.0,5.569661781786409
0.792,30,prcus-p,1.047949585412259,5.569661781786409
0.792,30,prcus-i,-0.0,5.569661781786409
0.792,30,prcus-a,0.0,5.569661781786409
0.792,30,ifrms,-1.127549931980323,5.569661781786409
0.792,30,sspls-v,0.1940079058462861,5.569661781786409
0.792,31,mcgs,0.0,5.474716307816691
0.792,31,pos,-0.0,5.474716307816691
0.792,31,sbps,-0.33557304282384937,5.474716307816691
0.792,31,prculs-d,-0.0,5.474716307816691
0.792,31,prcus-p,0.9866389830860148,5.474716307816691
0.792,31,prcus-i,-0.0,5.474716307816691
0.792,31,prcus-a,0.0,5.474716307816691
0.792,31,ifrms,-0.9003431602834028,5.474716307816691
0.792,31,sspls-v,0.2728885242694924,5.474716307816691
0.792,32,mcgs,0.0,5.594885567331944
0.792,32,pos,-0.02474425095836092,5.594885567331944
0.792,32,sbps,-0.2652106112417921,5.594885567331944
0.792,32,prculs-d,-0.0,5.594885567331944
0.792,32,prcus-p,1.0228900830572953,5.594885567331944
0.792,32,prcus-i,-0.0,5.594885567331944
0.792,32,prcus-a,0.0,5.594885567331944
0.792,32,ifrms,-0.8537657812625159,5.594885567331944
0.792,32,sspls-v,0.10110216170465144,5.594885567331944
0.792,33,mcgs,0.0,5.656557047574097
0.792,33,pos,-0.0,5.656557047574097
0.792,33,sbps,-0.22515197826127006,5.656557047574097
0.792,33,prculs-d,-0.0,5.656557047574097
0.792,33,prcus-p,1.1247554887093143,5.656557047574097
0.792,33,prcus-i,-0.0,5.656557047574097
0.792,33,prcus-a,0.0,5.656557047574097
0.792,33,ifrms,-0.929958947955112,5.656557047574097
0.792,33,sspls-v,0.3705125460238263,5.656557047574097
0.792,34,mcgs,0.0,5.507019257344666
0.792,34,pos,-0.0,5.507019257344666
0.792,34,sbps,-0.22858737532265153,5.507019257344666
0.792,34,prculs-d,-0.0,5.507019257344666
0.792,34,prcus-p,1.2075705875188303,5.507019257344666
0.792,34,prcus-i,-0.0,5.507019257344666
0.792,34,prcus-a,-0.0,5.507019257344666
0.792,34,ifrms,-1.0078262942573524,5.507019257344666
0.792,34,sspls-v,0.1082088605918983,5.507019257344666
0.846,0,mcgs,0.0,5.6738061167631395
0.846,0,pos,-0.0,5.6738061167631395
0.846,0,sbps,-0.1729234775074818,5.6738061167631395
0.846,0,prculs-d,-0.0,5.6738061167631395
0.846,0,prcus-p,0.9918693946873267,5.6738061167631395
0.846,0,prcus-i,-0.0,5.6738061167631395
0.846,0,prcus-a,0.0,5.6738061167631395
0.846,0,ifrms,-0.9086040428925868,5.6738061167631395
0.846,0,sspls-v,0.18177839508073484,5.6738061167631395
0.846,1,mcgs,0.0,5.588657956843065
0.846,1,pos,-0.0,5.588657956843065
0.846,1,sbps,-0.0,5.588657956843065
0.846,1,prculs-d,-0.0,5.588657956843065
0.846,1,prcus-p,0.9797898775343784,5.588657956843065
0.846,1,prcus-i,-0.0,5.588657956843065
0.846,1,prcus-a,0.0,5.588657956843065
0.846,1,ifrms,-0.7817104860168811,5.588657956843065
0.846,1,sspls-v,0.10576761758887539,5.588657956843065
0.846,2,mcgs,0.0,5.590728488955621
0.846,2,pos,-0.0,5.590728488955621
0.846,2,sbps,-0.29069726399520346,5.590728488955621
0.846,2,prculs-d,-0.0,5.590728488955621
0.846,2,prcus-p,0.7915792204469413,5.590728488955621
0.846,2,prcus-i,-0.0,5.590728488955621
0.846,2,prcus-a,-0.0,5.590728488955621
0.846,2,ifrms,-0.8068012983330191,5.590728488955621
0.846,2,sspls-v,0.060402772891230166,5.590728488955621
0.846,3,mcgs,0.0,5.551313742540441
0.846,3,pos,-0.0,5.551313742540441
0.846,3,sbps,-0.2566893931797831,5.551313742540441
0.846,3,prculs-d,-0.0,5.551313742540441
0.846,3,prcus-p,0.6766002137931608,5.551313742540441
0.846,3,prcus-i,-0.0,5.551313742540441
0.846,3,prcus-a,0.0,5.551313742540441
0.846,3,ifrms,-0.9729651174229621,5.551313742540441
0.846,3,sspls-v,0.4951054036264807,5.551313742540441
0.846,4,mcgs,0.0,5.4591152915110746
0.846,4,pos,-0.0,5.4591152915110746
0.846,4,sbps,-0.0,5.4591152915110746
0.846,4,prculs-d,-0.0,5.4591152915110746
0.846,4,prcus-p,0.8868819131777516,5.4591152915110746
0.846,4,prcus-i,-0.0,5.4591152915110746
0.846,4,prcus-a,-0.0,5.4591152915110746
0.846,4,ifrms,-1.2777104338005139,5.4591152915110746
0.846,4,sspls-v,0.10949890788414413,5.4591152915110746
0.846,5,mcgs,0.0,5.502245411853611
0.846,5,pos,-0.0,5.502245411853611
0.846,5,sbps,-0.12480016985320651,5.502245411853611
0.846,5,prculs-d,-0.0,5.502245411853611
0.846,5,prcus-p,1.0400007049971611,5.502245411853611
0.846,5,prcus-i,-0.0,5.502245411853611
0.846,5,prcus-a,0.0,5.502245411853611
0.846,5,ifrms,-0.846738737498951,5.502245411853611
0.846,5,sspls-v,0.14101117337971705,5.502245411853611
0.846,6,mcgs,0.0,5.725026228035611
0.846,6,pos,-0.0,5.725026228035611
0.846,6,sbps,-0.1866908098118313,5.725026228035611
0.846,6,prculs-d,-0.0,5.725026228035611
0.846,6,prcus-p,1.008341656003706,5.725026228035611
0.846,6,prcus-i,-0.0,5.725026228035611
0.846,6,prcus-a,0.0,5.725026228035611
0.846,6,ifrms,-0.9092678934657984,5.725026228035611
0.846,6,sspls-v,0.20447846138651468,5.725026228035611
0.846,7,mcgs,0.0,5.432440978600176
0.846,7,pos,-0.0,5.432440978600176
0.846,7,sbps,-0.0,5.432440978600176
0.846,7,prculs-d,-0.0,5.432440978600176
0.846,7,prcus-p,0.5363220462121061,5.432440978600176
0.846,7,prcus-i,-0.0,5.432440978600176
0.846,7,prcus-a,0.0,5.432440978600176
0.846,7,ifrms,-0.3419236484928014,5.432440978600176
0.846,7,sspls-v,0.0,5.432440978600176
0.846,8,mcgs,0.022205703701934903,5.537885506792399
0.846,8,pos,-0.0,5.537885506792399
0.846,8,sbps,-0.0,5.537885506792399
0.846,8,prculs-d,-0.0,5.537885506792399
0.846,8,prcus-p,0.6976012577071631,5.537885506792399
0.846,8,prcus-i,-0.0,5.537885506792399
0.846,8,prcus-a,0.0,5.537885506792399
0.846,8,ifrms,-0.715750568422063,5.537885506792399
0.846,8,sspls-v,0.0,5.537885506792399
0.846,9,mcgs,0.0,5.641375710323021
0.846,9,pos,-0.0,5.641375710323021
0.846,9,sbps,-0.23557397887019846,5.641375710323021
0.846,9,prculs-d,-0.0,5.641375710323021
0.846,9,prcus-p,1.0390342008829305,5.641375710323021
0.846,9,prcus-i,-0.0,5.641375710323021
0.846,9,prcus-a,0.0,5.641375710323021
0.846,9,ifrms,-0.8950670598061783,5.641375710323021
0.846,9,sspls-v,0.21591157368124592,5.641375710323021
0.846,10,mcgs,0.0,5.626377106036154
0.846,10,pos,-0.0,5.626377106036154
0.846,10,sbps,-0.24620693808783808,5.626377106036154
0.846,10,prculs-d,-0.0,5.626377106036154
0.846,10,prcus-p,0.9649732858204468,5.626377106036154
0.846,10,prcus-i,-0.0,5.626377106036154
0.846,10,prcus-a,0.0,5.626377106036154
0.846,10,ifrms,-0.8770708047962943,5.626377106036154
0.846,10,sspls-v,0.30864838912706455,5.626377106036154
0.846,11,mcgs,0.0,5.695890779015599
0.846,11,pos,-0.0,5.695890779015599
0.846,11,sbps,-0.1682046938872394,5.695890779015599
0.846,11,prculs-d,-0.0,5.695890779015599
0.846,11,prcus-p,1.0128967481155613,5.695890779015599
0.846,11,prcus-i,-0.0,5.695890779015599
0.846,11,prcus-a,0.0,5.695890779015599
0.846,11,ifrms,-0.9369002278552168,5.695890779015599
0.846,11,sspls-v,0.19713452061603126,5.695890779015599
0.846,12,mcgs,0.0,5.287777925273283
0.846,12,pos,-0.0,5.287777925273283
0.846,12,sbps,-0.16693136078821424,5.287777925273283
0.846,12,prculs-d,-0.0,5.287777925273283
0.846,12,prcus-p,1.3206828190257174,5.287777925273283
0.846,12,prcus-i,0.0,5.287777925273283
0.846,12,prcus-a,-0.0,5.287777925273283
0.846,12,ifrms,-1.072528414787007,5.287777925273283
0.846,12,sspls-v,0.07780765017991327,5.287777925273283
0.846,13,mcgs,0.0,5.411355422394616
0.846,13,pos,-0.0,5.411355422394616
0.846,13,sbps,-0.5420560961730331,5.411355422394616
0.846,13,prculs-d,-0.0,5.411355422394616
0.846,13,prcus-p,1.2062264591580145,5.411355422394616
0.846,13,prcus-i,-0.0,5.411355422394616
0.846,13,prcus-a,0.0,5.411355422394616
0.846,13,ifrms,-0.7558695626800355,5.411355422394616
0.846,13,sspls-v,0.10133413594331099,5.411355422394616
0.846,14,mcgs,0.0,5.353547685029546
0.846,14,pos,-0.0,5.353547685029546
0.846,14,sbps,-0.0,5.353547685029546
0.846,14,prculs-d,-0.0,5.353547685029546
0.846,14,prcus-p,1.3105285115526875,5.353547685029546
0.846,14,prcus-i,-0.0,5.353547685029546
0.846,14,prcus-a,0.0,5.353547685029546
0.846,14,ifrms,-0.7087659985893459,5.353547685029546
0.846,14,sspls-v,0.15200577652871172,5.353547685029546
0.846,15,mcgs,0.019064466048139356,5.535741395282449
0.846,15,pos,-0.0,5.535741395282449
0.846,15,sbps,-0.23962873418377917,5.535741395282449
0.846,15,prculs-d,0.0,5.535741395282449
0.846,15,prcus-p,1.0089108630721515,5.535741395282449
0.846,15,prcus-i,-0.0,5.535741395282449
0.846,15,prcus-a,-0.0,5.535741395282449
0.846,15,ifrms,-0.40655458918038306,5.535741395282449
0.846,15,sspls-v,0.7265000606286254,5.535741395282449
0.846,16,mcgs,0.0,5.448630606721846
0.846,16,pos,-0.0,5.448630606721846
0.846,16,sbps,-0.23954691283771964,5.448630606721846
0.846,16,prculs-d,-0.0,5.448630606721846
0.846,16,prcus-p,1.226217595775323,5.448630606721846
0.846,16,prcus-i,-0.0,5.448630606721846
0.846,16,prcus-a,0.0,5.448630606721846
0.846,16,ifrms,-1.1275739846885773,5.448630606721846
0.846,16,sspls-v,0.0,5.448630606721846
0.846,17,mcgs,0.0,5.4986405125879605
0.846,17,pos,-0.0,5.4986405125879605
0.846,17,sbps,-0.0,5.4986405125879605
0.846,17,prculs-d,-0.0,5.4986405125879605
0.846,17,prcus-p,0.9848685866346553,5.4986405125879605
0.846,17,prcus-i,-0.0,5.4986405125879605
0.846,17,prcus-a,0.0,5.4986405125879605
0.846,17,ifrms,-0.6990554333838035,5.4986405125879605
0.846,17,sspls-v,0.3665571385294709,5.4986405125879605
0.846,18,mcgs,0.0,5.644150018109617
0.846,18,pos,-0.0,5.644150018109617
0.846,18,sbps,-0.17330827367717344,5.644150018109617
0.846,18,prculs-d,-0.0,5.644150018109617
0.846,18,prcus-p,1.167714190085374,5.644150018109617
0.846,18,prcus-i,-0.0,5.644150018109617
0.846,18,prcus-a,0.0,5.644150018109617
0.846,18,ifrms,-0.826186954628545,5.644150018109617
0.846,18,sspls-v,0.33039483030195677,5.644150018109617
0.846,19,mcgs,0.0,5.359438753306151
0.846,19,pos,-0.0,5.359438753306151
0.846,19,sbps,-0.2640540455223635,5.359438753306151
0.846,19,prculs-d,-0.0,5.359438753306151
0.846,19,prcus-p,1.2970251407915232,5.359438753306151
0.846,19,prcus-i,-0.0,5.359438753306151
0.846,19,prcus-a,0.0,5.359438753306151
0.846,19,ifrms,-0.993362760106336,5.359438753306151
0.846,19,sspls-v,0.0,5.359438753306151
0.846,20,mcgs,0.0,5.468458383441502
0.846,20,pos,-0.0,5.468458383441502
0.846,20,sbps,-0.0,5.468458383441502
0.846,20,prculs-d,0.0,5.468458383441502
0.846,20,prcus-p,0.7700137608952085,5.468458383441502
0.846,20,prcus-i,-0.0,5.468458383441502
0.846,20,prcus-a,0.0,5.468458383441502
0.846,20,ifrms,-1.1239556037551335,5.468458383441502
0.846,20,sspls-v,0.3800028935001855,5.468458383441502
0.846,21,mcgs,0.0,5.651801939775121
0.846,21,pos,-0.0,5.651801939775121
0.846,21,sbps,-0.1250457988153833,5.651801939775121
0.846,21,prculs-d,-0.0,5.651801939775121
0.846,21,prcus-p,1.0247659433938312,5.651801939775121
0.846,21,prcus-i,-0.0,5.651801939775121
0.846,21,prcus-a,0.0,5.651801939775121
0.846,21,ifrms,-0.7681299683275602,5.651801939775121
0.846,21,sspls-v,0.15899027417244505,5.651801939775121
0.846,22,mcgs,0.0,5.711712809729435
0.846,22,pos,-0.0,5.711712809729435
0.846,22,sbps,-0.2055852005602314,5.711712809729435
0.846,22,prculs-d,-0.0,5.711712809729435
0.846,22,prcus-p,1.0228956171895822,5.711712809729435
0.846,22,prcus-i,-0.0,5.711712809729435
0.846,22,prcus-a,0.0,5.711712809729435
0.846,22,ifrms,-0.9204279919943499,5.711712809729435
0.846,22,sspls-v,0.22844728221492783,5.711712809729435
0.846,23,mcgs,0.0,5.586582343360303
0.846,23,pos,-0.0,5.586582343360303
0.846,23,sbps,-0.10742463214929883,5.586582343360303
0.846,23,prculs-d,-0.0,5.586582343360303
0.846,23,prcus-p,1.060150506775042,5.586582343360303
0.846,23,prcus-i,-0.0,5.586582343360303
0.846,23,prcus-a,0.0,5.586582343360303
0.846,23,ifrms,-0.9123589665297864,5.586582343360303
0.846,23,sspls-v,0.23939359779769553,5.586582343360303
0.846,24,mcgs,0.0,5.4718990791912825
0.846,24,pos,-0.0,5.4718990791912825
0.846,24,sbps,-0.5527030235963307,5.4718990791912825
0.846,24,prculs-d,-0.0,5.4718990791912825
0.846,24,prcus-p,0.8784538909000864,5.4718990791912825
0.846,24,prcus-i,-0.0,5.4718990791912825
0.846,24,prcus-a,0.0,5.4718990791912825
0.846,24,ifrms,-1.0099302408125104,5.4718990791912825
0.846,24,sspls-v,0.31615812378838365,5.4718990791912825
0.846,25,mcgs,0.0,5.718592262842287
0.846,25,pos,-0.0,5.718592262842287
0.846,25,sbps,-0.19619824324678217,5.718592262842287
0.846,25,prculs-d,-0.0,5.718592262842287
0.846,25,prcus-p,0.9848918512705668,5.718592262842287
0.846,25,prcus-i,-0.0,5.718592262842287
0.846,25,prcus-a,0.0,5.718592262842287
0.846,25,ifrms,-0.9311930924797588,5.718592262842287
0.846,25,sspls-v,0.3185649920540221,5.718592262842287
0.846,26,mcgs,0.0,5.736642758193841
0.846,26,pos,-0.0,5.736642758193841
0.846,26,sbps,-0.18678174893853625,5.736642758193841
0.846,26,prculs-d,-0.0,5.736642758193841
0.846,26,prcus-p,1.0119338688438144,5.736642758193841
0.846,26,prcus-i,-0.0,5.736642758193841
0.846,26,prcus-a,0.0,5.736642758193841
0.846,26,ifrms,-0.8554950729216991,5.736642758193841
0.846,26,sspls-v,0.1976328230689904,5.736642758193841
0.846,27,mcgs,0.0,5.656243605851151
0.846,27,pos,-0.0,5.656243605851151
0.846,27,sbps,-0.0974259428054947,5.656243605851151
0.846,27,prculs-d,-0.0,5.656243605851151
0.846,27,prcus-p,0.9821064976252323,5.656243605851151
0.846,27,prcus-i,-0.0,5.656243605851151
0.846,27,prcus-a,-0.0,5.656243605851151
0.846,27,ifrms,-0.9278625948602663,5.656243605851151
0.846,27,sspls-v,0.13401056260683003,5.656243605851151
0.846,28,mcgs,0.0,5.708906521194669
0.846,28,pos,-0.0,5.708906521194669
0.846,28,sbps,-0.17390261038781163,5.708906521194669
0.846,28,prculs-d,-0.0,5.708906521194669
0.846,28,prcus-p,1.0293711158188916,5.708906521194669
0.846,28,prcus-i,-0.0,5.708906521194669
0.846,28,prcus-a,0.0,5.708906521194669
0.846,28,ifrms,-0.9054208511711305,5.708906521194669
0.846,28,sspls-v,0.190606915610804,5.708906521194669
0.846,29,mcgs,0.0,5.434612613778641
0.846,29,pos,-0.0,5.434612613778641
0.846,29,sbps,-0.12910806352894727,5.434612613778641
0.846,29,prculs-d,0.0,5.434612613778641
0.846,29,prcus-p,0.4238214401291902,5.434612613778641
0.846,29,prcus-i,0.0,5.434612613778641
0.846,29,prcus-a,0.0,5.434612613778641
0.846,29,ifrms,-1.0744930899780432,5.434612613778641
0.846,29,sspls-v,0.004382856516084599,5.434612613778641
0.846,30,mcgs,0.0,5.5715690111090135
0.846,30,pos,-0.0,5.5715690111090135
0.846,30,sbps,-0.22113623427348728,5.5715690111090135
0.846,30,prculs-d,-0.0,5.5715690111090135
0.846,30,prcus-p,0.9695443409330484,5.5715690111090135
0.846,30,prcus-i,-0.0,5.5715690111090135
0.846,30,prcus-a,0.0,5.5715690111090135
0.846,30,ifrms,-1.0596398808959109,5.5715690111090135
0.846,30,sspls-v,0.11111787824778255,5.5715690111090135
0.846,31,mcgs,0.0,5.5018913083604986
0.846,31,pos,-0.0,5.5018913083604986
0.846,31,sbps,-0.22805772557958204,5.5018913083604986
0.846,31,prculs-d,-0.0,5.5018913083604986
0.846,31,prcus-p,0.9075476147023656,5.5018913083604986
0.846,31,prcus-i,-0.0,5.5018913083604986
0.846,31,prcus-a,0.0,5.5018913083604986
0.846,31,ifrms,-0.829483723539593,5.5018913083604986
0.846,31,sspls-v,0.18619132724543694,5.5018913083604986
0.846,32,mcgs,0.0,5.574826774658951
0.846,32,pos,-0.0,5.574826774658951
0.846,32,sbps,-0.1589491445467496,5.574826774658951
0.846,32,prculs-d,-0.0,5.574826774658951
0.846,32,prcus-p,0.9395739218502391,5.574826774658951
0.846,32,prcus-i,-0.0,5.574826774658951
0.846,32,prcus-a,0.0,5.574826774658951
0.846,32,ifrms,-0.7913200024908289,5.574826774658951
0.846,32,sspls-v,0.016386092539367177,5.574826774658951
0.846,33,mcgs,0.0,5.6549002722428625
0.846,33,pos,-0.0,5.6549002722428625
0.846,33,sbps,-0.12060071649979592,5.6549002722428625
0.846,33,prculs-d,-0.0,5.6549002722428625
0.846,33,prcus-p,1.0467565159651568,5.6549002722428625
0.846,33,prcus-i,-0.0,5.6549002722428625
0.846,33,prcus-a,0.0,5.6549002722428625
0.846,33,ifrms,-0.859558458626767,5.6549002722428625
0.846,33,sspls-v,0.2881172640139407,5.6549002722428625
0.846,34,mcgs,0.0,5.509561736896843
0.846,34,pos,-0.0,5.509561736896843
0.846,34,sbps,-0.1205419726649462,5.509561736896843
0.846,34,prculs-d,-0.0,5.509561736896843
0.846,34,prcus-p,1.130858195834615,5.509561736896843
0.846,34,prcus-i,-0.0,5.509561736896843
0.846,34,prcus-a,-0.0,5.509561736896843
0.846,34,ifrms,-0.9374309728877384,5.509561736896843
0.846,34,sspls-v,0.02323807010920477,5.509561736896843
0.905,0,mcgs,0.0,5.677330783595439
0.905,0,pos,-0.0,5.677330783595439
0.905,0,sbps,-0.05474152704175291,5.677330783595439
0.905,0,prculs-d,-0.0,5.677330783595439
0.905,0,prcus-p,0.9052753413224812,5.677330783595439
0.905,0,prcus-i,-0.0,5.677330783595439
0.905,0,prcus-a,0.0,5.677330783595439
0.905,0,ifrms,-0.8312083428438007,5.677330783595439
0.905,0,sspls-v,0.08697902334561804,5.677330783595439
0.905,1,mcgs,0.0,5.561143118588702
0.905,1,pos,-0.0,5.561143118588702
0.905,1,sbps,-0.0,5.561143118588702
0.905,1,prculs-d,-0.0,5.561143118588702
0.905,1,prcus-p,0.9218653649644093,5.561143118588702
0.905,1,prcus-i,-0.0,5.561143118588702
0.905,1,prcus-a,0.0,5.561143118588702
0.905,1,ifrms,-0.7240983254546575,5.561143118588702
0.905,1,sspls-v,0.043096817253446766,5.561143118588702
0.905,2,mcgs,0.0,5.583153068066167
0.905,2,pos,-0.0,5.583153068066167
0.905,2,sbps,-0.1898046089631035,5.583153068066167
0.905,2,prculs-d,-0.0,5.583153068066167
0.905,2,prcus-p,0.7091937839864665,5.583153068066167
0.905,2,prcus-i,-0.0,5.583153068066167
0.905,2,prcus-a,-0.0,5.583153068066167
0.905,2,ifrms,-0.7311531351814136,5.583153068066167
0.905,2,sspls-v,0.0,5.583153068066167
0.905,3,mcgs,0.0,5.560084435850647
0.905,3,pos,-0.0,5.560084435850647
0.905,3,sbps,-0.13963698407003425,5.560084435850647
0.905,3,prculs-d,-0.0,5.560084435850647
0.905,3,prcus-p,0.5990511871375472,5.560084435850647
0.905,3,prcus-i,-0.0,5.560084435850647
0.905,3,prcus-a,0.0,5.560084435850647
0.905,3,ifrms,-0.8954025342656525,5.560084435850647
0.905,3,sspls-v,0.403978539173927,5.560084435850647
0.905,4,mcgs,0.0,5.4059022384758535
0.905,4,pos,-0.0,5.4059022384758535
0.905,4,sbps,-0.0,5.4059022384758535
0.905,4,prculs-d,-0.0,5.4059022384758535
0.905,4,prcus-p,0.8294387674720254,5.4059022384758535
0.905,4,prcus-i,-0.0,5.4059022384758535
0.905,4,prcus-a,-0.0,5.4059022384758535
0.905,4,ifrms,-1.2215579426775292,5.4059022384758535
0.905,4,sspls-v,0.04755193386652004,5.4059022384758535
0.905,5,mcgs,0.0,5.491003071907914
0.905,5,pos,-0.0,5.491003071907914
0.905,5,sbps,-0.006219985870244384,5.491003071907914
0.905,5,prculs-d,-0.0,5.491003071907914
0.905,5,prcus-p,0.9535075550132712,5.491003071907914
0.905,5,prcus-i,-0.0,5.491003071907914
0.905,5,prcus-a,0.0,5.491003071907914
0.905,5,ifrms,-0.7691481674111715,5.491003071907914
0.905,5,sspls-v,0.04608351604296735,5.491003071907914
0.905,6,mcgs,0.0,5.7186333289618805
0.905,6,pos,-0.0,5.7186333289618805
0.905,6,sbps,-0.03539716289028279,5.7186333289618805
0.905,6,prculs-d,-0.0,5.7186333289618805
0.905,6,prcus-p,0.8994576837221,5.7186333289618805
0.905,6,prcus-i,-0.0,5.7186333289618805
0.905,6,prcus-a,0.0,5.7186333289618805
0.905,6,ifrms,-0.8234867308144922,5.7186333289618805
0.905,6,sspls-v,0.08223552343458052,5.7186333289618805
0.905,7,mcgs,0.0,5.411585562804166
0.905,7,pos,-0.0,5.411585562804166
0.905,7,sbps,-0.0,5.411585562804166
0.905,7,prculs-d,-0.0,5.411585562804166
0.905,7,prcus-p,0.4757532072533335,5.411585562804166
0.905,7,prcus-i,-0.0,5.411585562804166
0.905,7,prcus-a,0.0,5.411585562804166
0.905,7,ifrms,-0.28135480884617153,5.411585562804166
0.905,7,sspls-v,0.0,5.411585562804166
0.905,8,mcgs,0.0,5.49856370087507
0.905,8,pos,-0.0,5.49856370087507
0.905,8,sbps,-0.0,5.49856370087507
0.905,8,prculs-d,-0.0,5.49856370087507
0.905,8,prcus-p,0.6448619430960867,5.49856370087507
0.905,8,prcus-i,-0.0,5.49856370087507
0.905,8,prcus-a,0.0,5.49856370087507
0.905,8,ifrms,-0.6540588954909922,5.49856370087507
0.905,8,sspls-v,0.0,5.49856370087507
0.905,9,mcgs,0.0,5.66620542752169
0.905,9,pos,-0.0,5.66620542752169
0.905,9,sbps,-0.11628936272349337,5.66620542752169
0.905,9,prculs-d,-0.0,5.66620542752169
0.905,9,prcus-p,0.9513382748700475,5.66620542752169
0.905,9,prcus-i,-0.0,5.66620542752169
0.905,9,prcus-a,0.0,5.66620542752169
0.905,9,ifrms,-0.8186371203754742,5.66620542752169
0.905,9,sspls-v,0.12032845921656617,5.66620542752169
0.905,10,mcgs,0.0,5.645555064629853
0.905,10,pos,-0.0,5.645555064629853
0.905,10,sbps,-0.1278020476495388,5.645555064629853
0.905,10,prculs-d,-0.0,5.645555064629853
0.905,10,prcus-p,0.8802629432778696,5.645555064629853
0.905,10,prcus-i,-0.0,5.645555064629853
0.905,10,prcus-a,0.0,5.645555064629853
0.905,10,ifrms,-0.8006480344998865,5.645555064629853
0.905,10,sspls-v,0.2139828079919877,5.645555064629853
0.905,11,mcgs,0.0,5.710663219964819
0.905,11,pos,-0.0,5.710663219964819
0.905,11,sbps,-0.0539514930565524,5.710663219964819
0.905,11,prculs-d,-0.0,5.710663219964819
0.905,11,prcus-p,0.9266523152346278,5.710663219964819
0.905,11,prcus-i,-0.0,5.710663219964819
0.905,11,prcus-a,0.0,5.710663219964819
0.905,11,ifrms,-0.8638477552595126,5.710663219964819
0.905,11,sspls-v,0.10293068161693733,5.710663219964819
0.905,12,mcgs,0.0,5.264093243839675
0.905,12,pos,-0.0,5.264093243839675
0.905,12,sbps,-0.05364716993223243,5.264093243839675
0.905,12,prculs-d,-0.0,5.264093243839675
0.905,12,prcus-p,1.2358143099383687,5.264093243839675
0.905,12,prcus-i,0.0,5.264093243839675
0.905,12,prcus-a,-0.0,5.264093243839675
0.905,12,ifrms,-0.9959610031818891,5.264093243839675
0.905,12,sspls-v,0.0,5.264093243839675
0.905,13,mcgs,0.0,5.421743380234276
0.905,13,pos,-0.0,5.421743380234276
0.905,13,sbps,-0.4263092712899567,5.421743380234276
0.905,13,prculs-d,-0.0,5.421743380234276
0.905,13,prcus-p,1.119032461749841,5.421743380234276
0.905,13,prcus-i,-0.0,5.421743380234276
0.905,13,prcus-a,0.0,5.421743380234276
0.905,13,ifrms,-0.6808949765835459,5.421743380234276
0.905,13,sspls-v,0.00898756895972131,5.421743380234276
0.905,14,mcgs,0.0,5.334298716929389
0.905,14,pos,-0.0,5.334298716929389
0.905,14,sbps,-0.0,5.334298716929389
0.905,14,prculs-d,-0.0,5.334298716929389
0.905,14,prcus-p,1.2534662679006834,5.334298716929389
0.905,14,prcus-i,-0.0,5.334298716929389
0.905,14,prcus-a,0.0,5.334298716929389
0.905,14,ifrms,-0.6524572792801392,5.334298716929389
0.905,14,sspls-v,0.08970148194690633,5.334298716929389
0.905,15,mcgs,0.0,5.511162172932155
0.905,15,pos,-0.0,5.511162172932155
0.905,15,sbps,-0.12139722392890888,5.511162172932155
0.905,15,prculs-d,0.0,5.511162172932155
0.905,15,prcus-p,0.9249447751553542,5.511162172932155
0.905,15,prcus-i,-0.0,5.511162172932155
0.905,15,prcus-a,-0.0,5.511162172932155
0.905,15,ifrms,-0.3318211781673285,5.511162172932155
0.905,15,sspls-v,0.6342278514198928,5.511162172932155
0.905,16,mcgs,0.0,5.4495165894178585
0.905,16,pos,-0.0,5.4495165894178585
0.905,16,sbps,-0.14498683583643632,5.4495165894178585
0.905,16,prculs-d,-0.0,5.4495165894178585
0.905,16,prcus-p,1.1428819698010335,5.4495165894178585
0.905,16,prcus-i,-0.0,5.4495165894178585
0.905,16,prcus-a,0.0,5.4495165894178585
0.905,16,ifrms,-1.0504556271974803,5.4495165894178585
0.905,16,sspls-v,0.0,5.4495165894178585
0.905,17,mcgs,0.0,5.500865491947872
0.905,17,pos,-0.0,5.500865491947872
0.905,17,sbps,-0.0,5.500865491947872
0.905,17,prculs-d,-0.0,5.500865491947872
0.905,17,prcus-p,0.9268214996018758,5.500865491947872
0.905,17,prcus-i,-0.0,5.500865491947872
0.905,17,prcus-a,0.0,5.500865491947872
0.905,17,ifrms,-0.6431022368276502,5.500865491947872
0.905,17,sspls-v,0.30543107865778174,5.500865491947872
0.905,18,mcgs,0.0,5.664638689239003
0.905,18,pos,-0.0,5.664638689239003
0.905,18,sbps,-0.06557396708486452,5.664638689239003
0.905,18,prculs-d,-0.0,5.664638689239003
0.905,18,prcus-p,1.0862351291348502,5.664638689239003
0.905,18,prcus-i,-0.0,5.664638689239003
0.905,18,prcus-a,0.0,5.664638689239003
0.905,18,ifrms,-0.7556752186477216,5.664638689239003
0.905,18,sspls-v,0.2364279734531434,5.664638689239003
0.905,19,mcgs,0.0,5.349442978188924
0.905,19,pos,-0.0,5.349442978188924
0.905,19,sbps,-0.17204704800742307,5.349442978188924
0.905,19,prculs-d,-0.0,5.349442978188924
0.905,19,prcus-p,1.2178883841389345,5.349442978188924
0.905,19,prcus-i,-0.0,5.349442978188924
0.905,19,prcus-a,0.0,5.349442978188924
0.905,19,ifrms,-0.9213005554398803,5.349442978188924
0.905,19,sspls-v,0.0,5.349442978188924
0.905,20,mcgs,0.0,5.466028459562089
0.905,20,pos,-0.0,5.466028459562089
0.905,20,sbps,-0.0,5.466028459562089
0.905,20,prculs-d,0.0,5.466028459562089
0.905,20,prcus-p,0.7151051870008792,5.466028459562089
0.905,20,prcus-i,-0.0,5.466028459562089
0.905,20,prcus-a,0.0,5.466028459562089
0.905,20,ifrms,-1.0660515318608441,5.466028459562089
0.905,20,sspls-v,0.31729537714777123,5.466028459562089
0.905,21,mcgs,0.0,5.647708247313657
0.905,21,pos,-0.0,5.647708247313657
0.905,21,sbps,-0.004581645958987371,5.647708247313657
0.905,21,prculs-d,-0.0,5.647708247313657
0.905,21,prcus-p,0.9389659864875769,5.647708247313657
0.905,21,prcus-i,-0.0,5.647708247313657
0.905,21,prcus-a,0.0,5.647708247313657
0.905,21,ifrms,-0.6882260259495607,5.647708247313657
0.905,21,sspls-v,0.06256108483561848,5.647708247313657
0.905,22,mcgs,0.0,5.733032055567535
0.905,22,pos,-0.0,5.733032055567535
0.905,22,sbps,-0.09785835555111548,5.733032055567535
0.905,22,prculs-d,-0.0,5.733032055567535
0.905,22,prcus-p,0.9374171147540997,5.733032055567535
0.905,22,prcus-i,-0.0,5.733032055567535
0.905,22,prcus-a,0.0,5.733032055567535
0.905,22,ifrms,-0.8464442982278907,5.733032055567535
0.905,22,sspls-v,0.1374491677643178,5.733032055567535
0.905,23,mcgs,0.0,5.5970733443020535
0.905,23,pos,-0.0,5.5970733443020535
0.905,23,sbps,-0.0,5.5970733443020535
0.905,23,prculs-d,-0.0,5.5970733443020535
0.905,23,prcus-p,0.9761832353077983,5.5970733443020535
0.905,23,prcus-i,-0.0,5.5970733443020535
0.905,23,prcus-a,0.0,5.5970733443020535
0.905,23,ifrms,-0.836644408959511,5.5970733443020535
0.905,23,sspls-v,0.14760731006568562,5.5970733443020535
0.905,24,mcgs,0.0,5.4998046024205625
0.905,24,pos,-0.0,5.4998046024205625
0.905,24,sbps,-0.4367170117918384,5.4998046024205625
0.905,24,prculs-d,-0.0,5.4998046024205625
0.905,24,prcus-p,0.7999633400604899,5.4998046024205625
0.905,24,prcus-i,-0.0,5.4998046024205625
0.905,24,prcus-a,0.0,5.4998046024205625
0.905,24,ifrms,-0.9307990298318914,5.4998046024205625
0.905,24,sspls-v,0.21997962225645207,5.4998046024205625
0.905,25,mcgs,0.0,5.73967210292775
0.905,25,pos,-0.0,5.73967210292775
0.905,25,sbps,-0.08402063630536076,5.73967210292775
0.905,25,prculs-d,-0.0,5.73967210292775
0.905,25,prcus-p,0.9052626816303612,5.73967210292775
0.905,25,prcus-i,-0.0,5.73967210292775
0.905,25,prcus-a,0.0,5.73967210292775
0.905,25,ifrms,-0.8538974103957231,5.73967210292775
0.905,25,sspls-v,0.23530604812969072,5.73967210292775
0.905,26,mcgs,0.0,5.746413542610535
0.905,26,pos,-0.0,5.746413542610535
0.905,26,sbps,-0.06932682278106744,5.746413542610535
0.905,26,prculs-d,-0.0,5.746413542610535
0.905,26,prcus-p,0.9257949459452091,5.746413542610535
0.905,26,prcus-i,-0.0,5.746413542610535
0.905,26,prcus-a,0.0,5.746413542610535
0.905,26,ifrms,-0.7784835346748701,5.746413542610535
0.905,26,sspls-v,0.1019450834930854,5.746413542610535
0.905,27,mcgs,0.0,5.643466539549612
0.905,27,pos,-0.0,5.643466539549612
0.905,27,sbps,-0.0,5.643466539549612
0.905,27,prculs-d,-0.0,5.643466539549612
0.905,27,prcus-p,0.8996531126495265,5.643466539549612
0.905,27,prcus-i,-0.0,5.643466539549612
0.905,27,prcus-a,-0.0,5.643466539549612
0.905,27,ifrms,-0.856091041099835,5.643466539549612
0.905,27,sspls-v,0.04332811608343178,5.643466539549612
0.905,28,mcgs,0.0,5.7209188980678425
0.905,28,pos,-0.0,5.7209188980678425
0.905,28,sbps,-0.056838466030370786,5.7209188980678425
0.905,28,prculs-d,-0.0,5.7209188980678425
0.905,28,prcus-p,0.9499697408862972,5.7209188980678425
0.905,28,prcus-i,-0.0,5.7209188980678425
0.905,28,prcus-a,0.0,5.7209188980678425
0.905,28,ifrms,-0.8279789525910283,5.7209188980678425
0.905,28,sspls-v,0.09708095831226296,5.7209188980678425
0.905,29,mcgs,0.0,5.402511391887574
0.905,29,pos,-0.0,5.402511391887574
0.905,29,sbps,-0.03906834442750332,5.402511391887574
0.905,29,prculs-d,0.0,5.402511391887574
0.905,29,prcus-p,0.3499058267568896,5.402511391887574
0.905,29,prcus-i,0.0,5.402511391887574
0.905,29,prcus-a,0.0,5.402511391887574
0.905,29,ifrms,-1.0056714452391717,5.402511391887574
0.905,29,sspls-v,0.0,5.402511391887574
0.905,30,mcgs,0.0,5.581918023797179
0.905,30,pos,-0.0,5.581918023797179
0.905,30,sbps,-0.10372393758022719,5.581918023797179
0.905,30,prculs-d,-0.0,5.581918023797179
0.905,30,prcus-p,0.8838818426536594,5.581918023797179
0.905,30,prcus-i,-0.0,5.581918023797179
0.905,30,prcus-a,0.0,5.581918023797179
0.905,30,ifrms,-0.985443213368075,5.581918023797179
0.905,30,sspls-v,0.020555404462878134,5.581918023797179
0.905,31,mcgs,0.0,5.517641238987956
0.905,31,pos,-0.0,5.517641238987956
0.905,31,sbps,-0.11058138520940052,5.517641238987956
0.905,31,prculs-d,-0.0,5.517641238987956
0.905,31,prcus-p,0.8211315699695166,5.517641238987956
0.905,31,prcus-i,-0.0,5.517641238987956
0.905,31,prcus-a,0.0,5.517641238987956
0.905,31,ifrms,-0.7520620354541401,5.517641238987956
0.905,31,sspls-v,0.09146498888301174,5.517641238987956
0.905,32,mcgs,0.0,5.538294652291541
0.905,32,pos,-0.0,5.538294652291541
0.905,32,sbps,-0.06471287517448056,5.538294652291541
0.905,32,prculs-d,-0.0,5.538294652291541
0.905,32,prcus-p,0.8608209234975516,5.538294652291541
0.905,32,prcus-i,-0.0,5.538294652291541
0.905,32,prcus-a,0.0,5.538294652291541
0.905,32,ifrms,-0.7192841447330998,5.538294652291541
0.905,32,sspls-v,0.0,5.538294652291541
0.905,33,mcgs,0.0,5.679253816065692
0.905,33,pos,-0.0,5.679253816065692
0.905,33,sbps,-0.006368782352999788,5.679253816065692
0.905,33,prculs-d,-0.0,5.679253816065692
0.905,33,prcus-p,0.9615354161150589,5.679253816065692
0.905,33,prcus-i,-0.0,5.679253816065692
0.905,33,prcus-a,0.0,5.679253816065692
0.905,33,ifrms,-0.7826394054717237,5.679253816065692
0.905,33,sspls-v,0.19809278922536203,5.679253816065692
0.905,34,mcgs,0.0,5.501023833000024
0.905,34,pos,-0.0,5.501023833000024
0.905,34,sbps,-0.023691799746295213,5.501023833000024
0.905,34,prculs-d,-0.0,5.501023833000024
0.905,34,prcus-p,1.052103064251489,5.501023833000024
0.905,34,prcus-i,-0.0,5.501023833000024
0.905,34,prcus-a,-0.0,5.501023833000024
0.905,34,ifrms,-0.8648374454507707,5.501023833000024
0.905,34,sspls-v,0.0,5.501023833000024
0.967,0,mcgs,0.0,5.659106233341333
0.967,0,pos,-0.0,5.659106233341333
0.967,0,sbps,-0.0,5.659106233341333
0.967,0,prculs-d,-0.0,5.659106233341333
0.967,0,prcus-p,0.8309809638143638,5.659106233341333
0.967,0,prcus-i,-0.0,5.659106233341333
0.967,0,prcus-a,0.0,5.659106233341333
0.967,0,ifrms,-0.7617184304010067,5.659106233341333
0.967,0,sspls-v,0.006352422302996028,5.659106233341333
0.967,1,mcgs,0.0,5.5502018536643325
0.967,1,pos,-0.0,5.5502018536643325
0.967,1,sbps,-0.0,5.5502018536643325
0.967,1,prculs-d,-0.0,5.5502018536643325
0.967,1,prcus-p,0.8617370747220091,5.5502018536643325
0.967,1,prcus-i,-0.0,5.5502018536643325
0.967,1,prcus-a,0.0,5.5502018536643325
0.967,1,ifrms,-0.6641848135826955,5.5502018536643325
0.967,1,sspls-v,0.0,5.5502018536643325
0.967,2,mcgs,0.0,5.571092916227015
0.967,2,pos,-0.0,5.571092916227015
0.967,2,sbps,-0.10112494876229822,5.571092916227015
0.967,2,prculs-d,-0.0,5.571092916227015
0.967,2,prcus-p,0.6312643023669059,5.571092916227015
0.967,2,prcus-i,-0.0,5.571092916227015
0.967,2,prcus-a,-0.0,5.571092916227015
0.967,2,ifrms,-0.6571717376128028,5.571092916227015
0.967,2,sspls-v,0.0,5.571092916227015
0.967,3,mcgs,0.0,5.584179262006771
0.967,3,pos,-0.0,5.584179262006771
0.967,3,sbps,-0.016647180729499868,5.584179262006771
0.967,3,prculs-d,-0.0,5.584179262006771
0.967,3,prcus-p,0.5175581854719057,5.584179262006771
0.967,3,prcus-i,-0.0,5.584179262006771
0.967,3,prcus-a,0.0,5.584179262006771
0.967,3,ifrms,-0.8138999047511712,5.584179262006771
0.967,3,sspls-v,0.3082223491975891,5.584179262006771
0.967,4,mcgs,0.0,5.363568907333185
0.967,4,pos,-0.0,5.363568907333185
0.967,4,sbps,-0.0,5.363568907333185
0.967,4,prculs-d,-0.0,5.363568907333185
0.967,4,prcus-p,0.7696823681237893,5.363568907333185
0.967,4,prcus-i,-0.0,5.363568907333185
0.967,4,prcus-a,-0.0,5.363568907333185
0.967,4,ifrms,-1.1627922517961218,5.363568907333185
0.967,4,sspls-v,0.0,5.363568907333185
0.967,5,mcgs,0.0,5.45049690467051
0.967,5,pos,-0.0,5.45049690467051
0.967,5,sbps,-0.0,5.45049690467051
0.967,5,prculs-d,-0.0,5.45049690467051
0.967,5,prcus-p,0.8918364403011478,5.45049690467051
0.967,5,prcus-i,-0.0,5.45049690467051
0.967,5,prcus-a,0.0,5.45049690467051
0.967,5,ifrms,-0.7083490627604988,5.45049690467051
0.967,5,sspls-v,0.0,5.45049690467051
0.967,6,mcgs,0.0,5.685131869622232
0.967,6,pos,-0.0,5.685131869622232
0.967,6,sbps,-0.0,5.685131869622232
0.967,6,prculs-d,-0.0,5.685131869622232
0.967,6,prcus-p,0.8245175774993749,5.685131869622232
0.967,6,prcus-i,-0.0,5.685131869622232
0.967,6,prcus-a,0.0,5.685131869622232
0.967,6,ifrms,-0.7562910297247093,5.685131869622232
0.967,6,sspls-v,0.0006227655240046624,5.685131869622232
0.967,7,mcgs,0.0,5.398303862542811
0.967,7,pos,-0.0,5.398303862542811
0.967,7,sbps,-0.0,5.398303862542811
0.967,7,prculs-d,-0.0,5.398303862542811
0.967,7,prcus-p,0.4121045968220813,5.398303862542811
0.967,7,prcus-i,-0.0,5.398303862542811
0.967,7,prcus-a,0.0,5.398303862542811
0.967,7,ifrms,-0.2177061976920859,5.398303862542811
0.967,7,sspls-v,0.0,5.398303862542811
0.967,8,mcgs,0.0,5.469764568636154
0.967,8,pos,-0.0,5.469764568636154
0.967,8,sbps,-0.0,5.469764568636154
0.967,8,prculs-d,-0.0,5.469764568636154
0.967,8,prcus-p,0.5844582229292058,5.469764568636154
0.967,8,prcus-i,-0.0,5.469764568636154
0.967,8,prcus-a,0.0,5.469764568636154
0.967,8,ifrms,-0.5936551761232449,5.469764568636154
0.967,8,sspls-v,0.0,5.469764568636154
0.967,9,mcgs,0.0,5.672578240893093
0.967,9,pos,-0.0,5.672578240893093
0.967,9,sbps,-0.0,5.672578240893093
0.967,9,prculs-d,-0.0,5.672578240893093
0.967,9,prcus-p,0.8614426420568013,5.672578240893093
0.967,9,prcus-i,-0.0,5.672578240893093
0.967,9,prcus-a,0.0,5.672578240893093
0.967,9,ifrms,-0.739787309977989,5.672578240893093
0.967,9,sspls-v,0.02241303511372027,5.672578240893093
0.967,10,mcgs,0.0,5.665102641105366
0.967,10,pos,-0.0,5.665102641105366
0.967,10,sbps,-0.003395851420844727,5.665102641105366
0.967,10,prculs-d,-0.0,5.665102641105366
0.967,10,prcus-p,0.7912493835184016,5.665102641105366
0.967,10,prcus-i,-0.0,5.665102641105366
0.967,10,prcus-a,0.0,5.665102641105366
0.967,10,ifrms,-0.7203428647358079,5.665102641105366
0.967,10,sspls-v,0.11450925787871027,5.665102641105366
0.967,11,mcgs,0.0,5.700351113460228
0.967,11,pos,-0.0,5.700351113460228
0.967,11,sbps,-0.0,5.700351113460228
0.967,11,prculs-d,-0.0,5.700351113460228
0.967,11,prcus-p,0.8520671596023722,5.700351113460228
0.967,11,prcus-i,-0.0,5.700351113460228
0.967,11,prcus-a,0.0,5.700351113460228
0.967,11,ifrms,-0.7957434537707897,5.700351113460228
0.967,11,sspls-v,0.0221693479265223,5.700351113460228
0.967,12,mcgs,0.0,5.2389359615126
0.967,12,pos,-0.0,5.2389359615126
0.967,12,sbps,-0.0,5.2389359615126
0.967,12,prculs-d,-0.0,5.2389359615126
0.967,12,prcus-p,1.1639729809208135,5.2389359615126
0.967,12,prcus-i,0.0,5.2389359615126
0.967,12,prcus-a,-0.0,5.2389359615126
0.967,12,ifrms,-0.9277362084037357,5.2389359615126
0.967,12,sspls-v,0.0,5.2389359615126
0.967,13,mcgs,0.0,5.425349709125671
0.967,13,pos,-0.0,5.425349709125671
0.967,13,sbps,-0.32924054945296455,5.425349709125671
0.967,13,prculs-d,-0.0,5.425349709125671
0.967,13,prcus-p,1.035835542937015,5.425349709125671
0.967,13,prcus-i,-0.0,5.425349709125671
0.967,13,prcus-a,0.0,5.425349709125671
0.967,13,ifrms,-0.6088329148154712,5.425349709125671
0.967,13,sspls-v,0.0,5.425349709125671
0.967,14,mcgs,0.0,5.327210481622913
0.967,14,pos,-0.0,5.327210481622913
0.967,14,sbps,-0.0,5.327210481622913
0.967,14,prculs-d,-0.0,5.327210481622913
0.967,14,prcus-p,1.1935025542324758,5.327210481622913
0.967,14,prcus-i,-0.0,5.327210481622913
0.967,14,prcus-a,0.0,5.327210481622913
0.967,14,ifrms,-0.5932854047518202,5.327210481622913
0.967,14,sspls-v,0.02422917238636531,5.327210481622913
0.967,15,mcgs,0.0,5.48650302951527
0.967,15,pos,-0.0,5.48650302951527
0.967,15,sbps,-0.0,5.48650302951527
0.967,15,prculs-d,0.0,5.48650302951527
0.967,15,prcus-p,0.834655097368567,5.48650302951527
0.967,15,prcus-i,-0.0,5.48650302951527
0.967,15,prcus-a,-0.0,5.48650302951527
0.967,15,ifrms,-0.25690446270219197,5.48650302951527
0.967,15,sspls-v,0.5405526965197849,5.48650302951527
0.967,16,mcgs,0.0,5.459360937440315
0.967,16,pos,-0.0,5.459360937440315
0.967,16,sbps,-0.045613199380092756,5.459360937440315
0.967,16,prculs-d,-0.0,5.459360937440315
0.967,16,prcus-p,1.0553075168775115,5.459360937440315
0.967,16,prcus-i,-0.0,5.459360937440315
0.967,16,prcus-a,0.0,5.459360937440315
0.967,16,ifrms,-0.969414975138038,5.459360937440315
0.967,16,sspls-v,0.0,5.459360937440315
0.967,17,mcgs,0.0,5.506764797872638
0.967,17,pos,-0.0,5.506764797872638
0.967,17,sbps,-0.0,5.506764797872638
0.967,17,prculs-d,-0.0,5.506764797872638
0.967,17,prcus-p,0.8658228657708191,5.506764797872638
0.967,17,prcus-i,-0.0,5.506764797872638
0.967,17,prcus-a,0.0,5.506764797872638
0.967,17,ifrms,-0.5843039624805061,5.506764797872638
0.967,17,sspls-v,0.24119691404685425,5.506764797872638
0.967,18,mcgs,0.0,5.677468768115007
0.967,18,pos,-0.0,5.677468768115007
0.967,18,sbps,-0.0,5.677468768115007
0.967,18,prculs-d,-0.0,5.677468768115007
0.967,18,prcus-p,1.0086294497602433,5.677468768115007
0.967,18,prcus-i,-0.0,5.677468768115007
0.967,18,prcus-a,0.0,5.677468768115007
0.967,18,ifrms,-0.6910174599203127,5.677468768115007
0.967,18,sspls-v,0.14899248430285975,5.677468768115007
0.967,19,mcgs,0.0,5.346100809663556
0.967,19,pos,-0.0,5.346100809663556
0.967,19,sbps,-0.07536172858494233,5.346100809663556
0.967,19,prculs-d,-0.0,5.346100809663556
0.967,19,prcus-p,1.134727724605707,5.346100809663556
0.967,19,prcus-i,-0.0,5.346100809663556
0.967,19,prcus-a,0.0,5.346100809663556
0.967,19,ifrms,-0.845574170875129,5.346100809663556
0.967,19,sspls-v,0.0,5.346100809663556
0.967,20,mcgs,0.0,5.467079272507302
0.967,20,pos,-0.0,5.467079272507302
0.967,20,sbps,-0.0,5.467079272507302
0.967,20,prculs-d,0.0,5.467079272507302
0.967,20,prcus-p,0.6574046517220926,5.467079272507302
0.967,20,prcus-i,-0.0,5.467079272507302
0.967,20,prcus-a,0.0,5.467079272507302
0.967,20,ifrms,-1.005203185124473,5.467079272507302
0.967,20,sspls-v,0.2513993430147257,5.467079272507302
0.967,21,mcgs,0.0,5.612791305257736
0.967,21,pos,-0.0,5.612791305257736
0.967,21,sbps,-0.0,5.612791305257736
0.967,21,prculs-d,-0.0,5.612791305257736
0.967,21,prcus-p,0.8779023993962303,5.612791305257736
0.967,21,prcus-i,-0.0,5.612791305257736
0.967,21,prcus-a,0.0,5.612791305257736
0.967,21,ifrms,-0.6272077431474433,5.612791305257736
0.967,21,sspls-v,0.0,5.612791305257736
0.967,22,mcgs,0.0,5.735934490852607
0.967,22,pos,-0.0,5.735934490852607
0.967,22,sbps,-0.0,5.735934490852607
0.967,22,prculs-d,-0.0,5.735934490852607
0.967,22,prcus-p,0.8514132475584354,5.735934490852607
0.967,22,prcus-i,-0.0,5.735934490852607
0.967,22,prcus-a,0.0,5.735934490852607
0.967,22,ifrms,-0.7705316289291563,5.735934490852607
0.967,22,sspls-v,0.04537504791294322,5.735934490852607
0.967,23,mcgs,0.0,5.569144007961039
0.967,23,pos,-0.0,5.569144007961039
0.967,23,sbps,-0.0,5.569144007961039
0.967,23,prculs-d,-0.0,5.569144007961039
0.967,23,prcus-p,0.9147355528309189,5.569144007961039
0.967,23,prcus-i,-0.0,5.569144007961039
0.967,23,prcus-a,0.0,5.569144007961039
0.967,23,ifrms,-0.7762497221178605,5.569144007961039
0.967,23,sspls-v,0.08163469737572689,5.569144007961039
0.967,24,mcgs,0.0,5.5426167788190455
0.967,24,pos,-0.0,5.5426167788190455
0.967,24,sbps,-0.31483362513507135,5.5426167788190455
0.967,24,prculs-d,-0.0,5.5426167788190455
0.967,24,prcus-p,0.7174817778963241,5.5426167788190455
0.967,24,prcus-i,-0.0,5.5426167788190455
0.967,24,prcus-a,0.0,5.5426167788190455
0.967,24,ifrms,-0.8476442483250253,5.5426167788190455
0.967,24,sspls-v,0.11891075263396986,5.5426167788190455
0.967,25,mcgs,0.0,5.751515927167079
0.967,25,pos,-0.0,5.751515927167079
0.967,25,sbps,-0.0,5.751515927167079
0.967,25,prculs-d,-0.0,5.751515927167079
0.967,25,prcus-p,0.8305090795419143,5.751515927167079
0.967,25,prcus-i,-0.0,5.751515927167079
0.967,25,prcus-a,0.0,5.751515927167079
0.967,25,ifrms,-0.7779809408309715,5.751515927167079
0.967,25,sspls-v,0.15475960944395295,5.751515927167079
0.967,26,mcgs,0.0,5.731398011477334
0.967,26,pos,-0.0,5.731398011477334
0.967,26,sbps,-0.0,5.731398011477334
0.967,26,prculs-d,-0.0,5.731398011477334
0.967,26,prcus-p,0.8483606345960562,5.731398011477334
0.967,26,prcus-i,-0.0,5.731398011477334
0.967,26,prcus-a,0.0,5.731398011477334
0.967,26,ifrms,-0.7062703410664625,5.731398011477334
0.967,26,sspls-v,0.016303190583729504,5.731398011477334
0.967,27,mcgs,0.0,5.609392239690025
0.967,27,pos,-0.0,5.609392239690025
0.967,27,sbps,-0.0,5.609392239690025
0.967,27,prculs-d,-0.0,5.609392239690025
0.967,27,prcus-p,0.8393985106901156,5.609392239690025
0.967,27,prcus-i,-0.0,5.609392239690025
0.967,27,prcus-a,-0.0,5.609392239690025
0.967,27,ifrms,-0.7969218105681236,5.609392239690025
0.967,27,sspls-v,0.0,5.609392239690025
0.967,28,mcgs,0.0,5.707947127922016
0.967,28,pos,-0.0,5.707947127922016
0.967,28,sbps,-0.0,5.707947127922016
0.967,28,prculs-d,-0.0,5.707947127922016
0.967,28,prcus-p,0.8801541137398258,5.707947127922016
0.967,28,prcus-i,-0.0,5.707947127922016
0.967,28,prcus-a,0.0,5.707947127922016
0.967,28,ifrms,-0.757950943114924,5.707947127922016
0.967,28,sspls-v,0.018040706301165114,5.707947127922016
0.967,29,mcgs,0.0,5.3801241317838375
0.967,29,pos,-0.0,5.3801241317838375
0.967,29,sbps,-0.0,5.3801241317838375
0.967,29,prculs-d,0.0,5.3801241317838375
0.967,29,prcus-p,0.2846659815756517,5.3801241317838375
0.967,29,prcus-i,0.0,5.3801241317838375
0.967,29,prcus-a,0.0,5.3801241317838375
0.967,29,ifrms,-0.9425121060727096,5.3801241317838375
0.967,29,sspls-v,0.0,5.3801241317838375
0.967,30,mcgs,0.0,5.576341302930128
0.967,30,pos,-0.0,5.576341302930128
0.967,30,sbps,-0.0014087150996688375,5.576341302930128
0.967,30,prculs-d,-0.0,5.576341302930128
0.967,30,prcus-p,0.802402603734348,5.576341302930128
0.967,30,prcus-i,-0.0,5.576341302930128
0.967,30,prcus-a,0.0,5.576341302930128
0.967,30,ifrms,-0.9090371707547765,5.576341302930128
0.967,30,sspls-v,0.0,5.576341302930128
0.967,31,mcgs,0.0,5.5136301450604135
0.967,31,pos,-0.0,5.5136301450604135
0.967,31,sbps,-0.0,5.5136301450604135
0.967,31,prculs-d,-0.0,5.5136301450604135
0.967,31,prcus-p,0.7335379601474791,5.5136301450604135
0.967,31,prcus-i,-0.0,5.5136301450604135
0.967,31,prcus-a,0.0,5.5136301450604135
0.967,31,ifrms,-0.6729631451847093,5.5136301450604135
0.967,31,sspls-v,0.0,5.5136301450604135
0.967,32,mcgs,0.0,5.5121303464700215
0.967,32,pos,-0.0,5.5121303464700215
0.967,32,sbps,-0.0,5.5121303464700215
0.967,32,prculs-d,-0.0,5.5121303464700215
0.967,32,prcus-p,0.7867407656348866,5.5121303464700215
0.967,32,prcus-i,-0.0,5.5121303464700215
0.967,32,prcus-a,0.0,5.5121303464700215
0.967,32,ifrms,-0.6497671469850789,5.5121303464700215
0.967,32,sspls-v,0.0,5.5121303464700215
0.967,33,mcgs,0.0,5.666767230752923
0.967,33,pos,-0.0,5.666767230752923
0.967,33,sbps,-0.0,5.666767230752923
0.967,33,prculs-d,-0.0,5.666767230752923
0.967,33,prcus-p,0.8980414336153006,5.666767230752923
0.967,33,prcus-i,-0.0,5.666767230752923
0.967,33,prcus-a,0.0,5.666767230752923
0.967,33,ifrms,-0.7231247992422174,5.666767230752923
0.967,33,sspls-v,0.13079304323311775,5.666767230752923
0.967,34,mcgs,0.0,5.478530593725418
0.967,34,pos,-0.0,5.478530593725418
0.967,34,sbps,-0.0,5.478530593725418
0.967,34,prculs-d,-0.0,5.478530593725418
0.967,34,prcus-p,0.9873838340258819,5.478530593725418
0.967,34,prcus-i,-0.0,5.478530593725418
0.967,34,prcus-a,-0.0,5.478530593725418
0.967,34,ifrms,-0.801678440971459,5.478530593725418
0.967,34,sspls-v,0.0,5.478530593725418
1.034,0,mcgs,0.0,5.6296209119823555
1.034,0,pos,-0.0,5.6296209119823555
1.034,0,sbps,-0.0,5.6296209119823555
1.034,0,prculs-d,-0.0,5.6296209119823555
1.034,0,prcus-p,0.7672433072770772,5.6296209119823555
1.034,0,prcus-i,-0.0,5.6296209119823555
1.034,0,prcus-a,0.0,5.6296209119823555
1.034,0,ifrms,-0.6980749394849953,5.6296209119823555
1.034,0,sspls-v,0.0,5.6296209119823555
1.034,1,mcgs,0.0,5.540149522711729
1.034,1,pos,-0.0,5.540149522711729
1.034,1,sbps,-0.0,5.540149522711729
1.034,1,prculs-d,-0.0,5.540149522711729
1.034,1,prcus-p,0.7982769937516513,5.540149522711729
1.034,1,prcus-i,-0.0,5.540149522711729
1.034,1,prcus-a,0.0,5.540149522711729
1.034,1,ifrms,-0.6007247327249337,5.540149522711729
1.034,1,sspls-v,0.0,5.540149522711729
1.034,2,mcgs,0.0,5.564358889916659
1.034,2,pos,-0.0,5.564358889916659
1.034,2,sbps,-0.00529370306142742,5.564358889916659
1.034,2,prculs-d,-0.0,5.564358889916659
1.034,2,prcus-p,0.5470501851328643,5.564358889916659
1.034,2,prcus-i,-0.0,5.564358889916659
1.034,2,prcus-a,-0.0,5.564358889916659
1.034,2,ifrms,-0.5772240983047879,5.564358889916659
1.034,2,sspls-v,0.0,5.564358889916659
1.034,3,mcgs,0.0,5.574953977203114
1.034,3,pos,-0.0,5.574953977203114
1.034,3,sbps,-0.0,5.574953977203114
1.034,3,prculs-d,-0.0,5.574953977203114
1.034,3,prcus-p,0.45420214989672525,5.574953977203114
1.034,3,prcus-i,-0.0,5.574953977203114
1.034,3,prcus-a,0.0,5.574953977203114
1.034,3,ifrms,-0.7459585080382832,5.574953977203114
1.034,3,sspls-v,0.23726268862745883,5.574953977203114
1.034,4,mcgs,0.0,5.339808194110297
1.034,4,pos,-0.0,5.339808194110297
1.034,4,sbps,-0.0,5.339808194110297
1.034,4,prculs-d,-0.0,5.339808194110297
1.034,4,prcus-p,0.7068863365829726,5.339808194110297
1.034,4,prcus-i,-0.0,5.339808194110297
1.034,4,prcus-a,-0.0,5.339808194110297
1.034,4,ifrms,-1.099996220659105,5.339808194110297
1.034,4,sspls-v,0.0,5.339808194110297
1.034,5,mcgs,0.0,5.417668960750498
1.034,5,pos,-0.0,5.417668960750498
1.034,5,sbps,-0.0,5.417668960750498
1.034,5,prculs-d,-0.0,5.417668960750498
1.034,5,prcus-p,0.8283648635383639,5.417668960750498
1.034,5,prcus-i,-0.0,5.417668960750498
1.034,5,prcus-a,0.0,5.417668960750498
1.034,5,ifrms,-0.6448774861076366,5.417668960750498
1.034,5,sspls-v,0.0,5.417668960750498
1.034,6,mcgs,0.0,5.645430549304237
1.034,6,pos,-0.0,5.645430549304237
1.034,6,sbps,-0.0,5.645430549304237
1.034,6,prculs-d,-0.0,5.645430549304237
1.034,6,prcus-p,0.7607942472548445,5.645430549304237
1.034,6,prcus-i,-0.0,5.645430549304237
1.034,6,prcus-a,0.0,5.645430549304237
1.034,6,ifrms,-0.6925951311541935,5.645430549304237
1.034,6,sspls-v,0.0,5.645430549304237
1.034,7,mcgs,0.0,5.388601647113342
1.034,7,pos,-0.0,5.388601647113342
1.034,7,sbps,-0.0,5.388601647113342
1.034,7,prculs-d,-0.0,5.388601647113342
1.034,7,prcus-p,0.34332303393669594,5.388601647113342
1.034,7,prcus-i,-0.0,5.388601647113342
1.034,7,prcus-a,0.0,5.388601647113342
1.034,7,ifrms,-0.1489246340255738,5.388601647113342
1.034,7,sspls-v,0.0,5.388601647113342
1.034,8,mcgs,0.0,5.461539331772004
1.034,8,pos,-0.0,5.461539331772004
1.034,8,sbps,-0.0,5.461539331772004
1.034,8,prculs-d,-0.0,5.461539331772004
1.034,8,prcus-p,0.5191832350069312,5.461539331772004
1.034,8,prcus-i,-0.0,5.461539331772004
1.034,8,prcus-a,0.0,5.461539331772004
1.034,8,ifrms,-0.5283801890645503,5.461539331772004
1.034,8,sspls-v,0.0,5.461539331772004
1.034,9,mcgs,0.0,5.640079327976642
1.034,9,pos,-0.0,5.640079327976642
1.034,9,sbps,-0.0,5.640079327976642
1.034,9,prculs-d,-0.0,5.640079327976642
1.034,9,prcus-p,0.7972749017500259,5.640079327976642
1.034,9,prcus-i,-0.0,5.640079327976642
1.034,9,prcus-a,0.0,5.640079327976642
1.034,9,ifrms,-0.6759092884360772,5.640079327976642
1.034,9,sspls-v,0.0,5.640079327976642
1.034,10,mcgs,0.0,5.648191073498165
1.034,10,pos,-0.0,5.648191073498165
1.034,10,sbps,-0.0,5.648191073498165
1.034,10,prculs-d,-0.0,5.648191073498165
1.034,10,prcus-p,0.7252484228287408,5.648191073498165
1.034,10,prcus-i,-0.0,5.648191073498165
1.034,10,prcus-a,0.0,5.648191073498165
1.034,10,ifrms,-0.6549804822439738,5.648191073498165
1.034,10,sspls-v,0.04464537052091884,5.648191073498165
1.034,11,mcgs,0.0,5.671912615022868
1.034,11,pos,-0.0,5.671912615022868
1.034,11,sbps,-0.0,5.671912615022868
1.034,11,prculs-d,-0.0,5.671912615022868
1.034,11,prcus-p,0.7872712513743458,5.671912615022868
1.034,11,prcus-i,-0.0,5.671912615022868
1.034,11,prcus-a,0.0,5.671912615022868
1.034,11,ifrms,-0.7311012824529477,5.671912615022868
1.034,11,sspls-v,0.0,5.671912615022868
1.034,12,mcgs,0.0,5.220510416789033
1.034,12,pos,-0.0,5.220510416789033
1.034,12,sbps,-0.0,5.220510416789033
1.034,12,prculs-d,-0.0,5.220510416789033
1.034,12,prcus-p,1.0998042647388875,5.220510416789033
1.034,12,prcus-i,0.0,5.220510416789033
1.034,12,prcus-a,-0.0,5.220510416789033
1.034,12,ifrms,-0.8635675034260828,5.220510416789033
1.034,12,sspls-v,0.0,5.220510416789033
1.034,13,mcgs,0.0,5.422426339964247
1.034,13,pos,-0.0,5.422426339964247
1.034,13,sbps,-0.2270420609099363,5.422426339964247
1.034,13,prculs-d,-0.0,5.422426339964247
1.034,13,prcus-p,0.9468561311422742,5.422426339964247
1.034,13,prcus-i,-0.0,5.422426339964247
1.034,13,prcus-a,0.0,5.422426339964247
1.034,13,ifrms,-0.5316987663333673,5.422426339964247
1.034,13,sspls-v,0.0,5.422426339964247
1.034,14,mcgs,0.0,5.31966293038686
1.034,14,pos,-0.0,5.31966293038686
1.034,14,sbps,-0.0,5.31966293038686
1.034,14,prculs-d,-0.0,5.31966293038686
1.034,14,prcus-p,1.1302467116321575,5.31966293038686
1.034,14,prcus-i,-0.0,5.31966293038686
1.034,14,prcus-a,0.0,5.31966293038686
1.034,14,ifrms,-0.5303225686634176,5.31966293038686
1.034,14,sspls-v,0.0,5.31966293038686
1.034,15,mcgs,0.0,5.465648317941881
1.034,15,pos,-0.0,5.465648317941881
1.034,15,sbps,-0.0,5.465648317941881
1.034,15,prculs-d,0.0,5.465648317941881
1.034,15,prcus-p,0.7687587592479852,5.465648317941881
1.034,15,prcus-i,-0.0,5.465648317941881
1.034,15,prcus-a,-0.0,5.465648317941881
1.034,15,ifrms,-0.19648726786209159,5.465648317941881
1.034,15,sspls-v,0.4749288839731578,5.465648317941881
1.034,16,mcgs,0.0,5.458336381255569
1.034,16,pos,-0.0,5.458336381255569
1.034,16,sbps,-0.0,5.458336381255569
1.034,16,prculs-d,-0.0,5.458336381255569
1.034,16,prcus-p,0.9763800005951777,5.458336381255569
1.034,16,prcus-i,-0.0,5.458336381255569
1.034,16,prcus-a,0.0,5.458336381255569
1.034,16,ifrms,-0.8934864547184125,5.458336381255569
1.034,16,sspls-v,0.0,5.458336381255569
1.034,17,mcgs,0.0,5.522497568152232
1.034,17,pos,-0.0,5.522497568152232
1.034,17,sbps,-0.0,5.522497568152232
1.034,17,prculs-d,-0.0,5.522497568152232
1.034,17,prcus-p,0.7999049872759676,5.522497568152232
1.034,17,prcus-i,-0.0,5.522497568152232
1.034,17,prcus-a,0.0,5.522497568152232
1.034,17,ifrms,-0.5207638918150443,5.522497568152232
1.034,17,sspls-v,0.1717825748705293,5.522497568152232
1.034,18,mcgs,0.0,5.663002679076111
1.034,18,pos,-0.0,5.663002679076111
1.034,18,sbps,-0.0,5.663002679076111
1.034,18,prculs-d,-0.0,5.663002679076111
1.034,18,prcus-p,0.9366973057418387,5.663002679076111
1.034,18,prcus-i,-0.0,5.663002679076111
1.034,18,prcus-a,0.0,5.663002679076111
1.034,18,ifrms,-0.6351836693754924,5.663002679076111
1.034,18,sspls-v,0.07132971274135194,5.663002679076111
1.034,19,mcgs,0.0,5.350490019117428
1.034,19,pos,-0.0,5.350490019117428
1.034,19,sbps,-0.0,5.350490019117428
1.034,19,prculs-d,-0.0,5.350490019117428
1.034,19,prcus-p,1.052022215095944,5.350490019117428
1.034,19,prcus-i,-0.0,5.350490019117428
1.034,19,prcus-a,0.0,5.350490019117428
1.034,19,ifrms,-0.7686627413464531,5.350490019117428
1.034,19,sspls-v,0.0,5.350490019117428
1.034,20,mcgs,0.0,5.474507424920472
1.034,20,pos,-0.0,5.474507424920472
1.034,20,sbps,-0.0,5.474507424920472
1.034,20,prculs-d,0.0,5.474507424920472
1.034,20,prcus-p,0.5950508474692107,5.474507424920472
1.034,20,prcus-i,-0.0,5.474507424920472
1.034,20,prcus-a,0.0,5.474507424920472
1.034,20,ifrms,-0.9394477136512965,5.474507424920472
1.034,20,sspls-v,0.18018911258062836,5.474507424920472
1.034,21,mcgs,0.0,5.587626906436426
1.034,21,pos,-0.0,5.587626906436426
1.034,21,sbps,-0.0,5.587626906436426
1.034,21,prculs-d,-0.0,5.587626906436426
1.034,21,prcus-p,0.8151145449446794,5.587626906436426
1.034,21,prcus-i,-0.0,5.587626906436426
1.034,21,prcus-a,0.0,5.587626906436426
1.034,21,ifrms,-0.5644198891055949,5.587626906436426
1.034,21,sspls-v,0.0,5.587626906436426
1.034,22,mcgs,0.0,5.70720643531964
1.034,22,pos,-0.0,5.70720643531964
1.034,22,sbps,-0.0,5.70720643531964
1.034,22,prculs-d,-0.0,5.70720643531964
1.034,22,prcus-p,0.7859095433410821,5.70720643531964
1.034,22,prcus-i,-0.0,5.70720643531964
1.034,22,prcus-a,0.0,5.70720643531964
1.034,22,ifrms,-0.703327201144181,5.70720643531964
1.034,22,sspls-v,0.0,5.70720643531964
1.034,23,mcgs,0.0,5.55557115497912
1.034,23,pos,-0.0,5.55557115497912
1.034,23,sbps,-0.0,5.55557115497912
1.034,23,prculs-d,-0.0,5.55557115497912
1.034,23,prcus-p,0.8483323279292055,5.55557115497912
1.034,23,prcus-i,-0.0,5.55557115497912
1.034,23,prcus-a,0.0,5.55557115497912
1.034,23,ifrms,-0.7109845020313655,5.55557115497912
1.034,23,sspls-v,0.010341709470281594,5.55557115497912
1.034,24,mcgs,0.0,5.564165732289408
1.034,24,pos,-0.0,5.564165732289408
1.034,24,sbps,-0.18312020765857606,5.564165732289408
1.034,24,prculs-d,-0.0,5.564165732289408
1.034,24,prcus-p,0.6283483658124738,5.564165732289408
1.034,24,prcus-i,-0.0,5.564165732289408
1.034,24,prcus-a,0.0,5.564165732289408
1.034,24,ifrms,-0.7577832691530544,5.564165732289408
1.034,24,sspls-v,0.009690955066911339,5.564165732289408
1.034,25,mcgs,0.0,5.732159476360735
1.034,25,pos,-0.0,5.732159476360735
1.034,25,sbps,-0.0,5.732159476360735
1.034,25,prculs-d,-0.0,5.732159476360735
1.034,25,prcus-p,0.7736430336228601,5.732159476360735
1.034,25,prcus-i,-0.0,5.732159476360735
1.034,25,prcus-a,0.0,5.732159476360735
1.034,25,ifrms,-0.7101852415647365,5.732159476360735
1.034,25,sspls-v,0.08634436057002758,5.732159476360735
1.034,26,mcgs,0.0,5.684394825099663
1.034,26,pos,-0.0,5.684394825099663
1.034,26,sbps,-0.0,5.684394825099663
1.034,26,prculs-d,-0.0,5.684394825099663
1.034,26,prcus-p,0.7845969270798199,5.684394825099663
1.034,26,prcus-i,-0.0,5.684394825099663
1.034,26,prcus-a,0.0,5.684394825099663
1.034,26,ifrms,-0.6424136875083343,5.684394825099663
1.034,26,sspls-v,0.0,5.684394825099663
1.034,27,mcgs,0.0,5.589434405125315
1.034,27,pos,-0.0,5.589434405125315
1.034,27,sbps,-0.0,5.589434405125315
1.034,27,prculs-d,-0.0,5.589434405125315
1.034,27,prcus-p,0.7759957971251917,5.589434405125315
1.034,27,prcus-i,-0.0,5.589434405125315
1.034,27,prcus-a,-0.0,5.589434405125315
1.034,27,ifrms,-0.7335190971300067,5.589434405125315
1.034,27,sspls-v,0.0,5.589434405125315
1.034,28,mcgs,0.0,5.678540142506887
1.034,28,pos,-0.0,5.678540142506887
1.034,28,sbps,-0.0,5.678540142506887
1.034,28,prculs-d,-0.0,5.678540142506887
1.034,28,prcus-p,0.8166856142920857,5.678540142506887
1.034,28,prcus-i,-0.0,5.678540142506887
1.034,28,prcus-a,0.0,5.678540142506887
1.034,28,ifrms,-0.6938587253385965,5.678540142506887
1.034,28,sspls-v,0.0,5.678540142506887
1.034,29,mcgs,0.0,5.358349877336466
1.034,29,pos,-0.0,5.358349877336466
1.034,29,sbps,-0.0,5.358349877336466
1.034,29,prculs-d,0.0,5.358349877336466
1.034,29,prcus-p,0.22335055725900563,5.358349877336466
1.034,29,prcus-i,0.0,5.358349877336466
1.034,29,prcus-a,0.0,5.358349877336466
1.034,29,ifrms,-0.8811966857004101,5.358349877336466
1.034,29,sspls-v,0.0,5.358349877336466
1.034,30,mcgs,0.0,5.5590194978035425
1.034,30,pos,-0.0,5.5590194978035425
1.034,30,sbps,-0.0,5.5590194978035425
1.034,30,prculs-d,-0.0,5.5590194978035425
1.034,30,prcus-p,0.7398131940167645,5.5590194978035425
1.034,30,prcus-i,-0.0,5.5590194978035425
1.034,30,prcus-a,0.0,5.5590194978035425
1.034,30,ifrms,-0.8464936535147464,5.5590194978035425
1.034,30,sspls-v,0.0,5.5590194978035425
1.034,31,mcgs,0.0,5.476626809978264
1.034,31,pos,-0.0,5.476626809978264
1.034,31,sbps,-0.0,5.476626809978264
1.034,31,prculs-d,-0.0,5.476626809978264
1.034,31,prcus-p,0.6695798266489934,5.476626809978264
1.034,31,prcus-i,-0.0,5.476626809978264
1.034,31,prcus-a,0.0,5.476626809978264
1.034,31,ifrms,-0.6090050279907535,5.476626809978264
1.034,31,sspls-v,0.0,5.476626809978264
1.034,32,mcgs,0.0,5.48229540187168
1.034,32,pos,-0.0,5.48229540187168
1.034,32,sbps,-0.0,5.48229540187168
1.034,32,prculs-d,-0.0,5.48229540187168
1.034,32,prcus-p,0.7228081796374534,5.48229540187168
1.034,32,prcus-i,-0.0,5.48229540187168
1.034,32,prcus-a,0.0,5.48229540187168
1.034,32,ifrms,-0.5858344108415091,5.48229540187168
1.034,32,sspls-v,0.0,5.48229540187168
1.034,33,mcgs,0.0,5.652705071477863
1.034,33,pos,-0.0,5.652705071477863
1.034,33,sbps,-0.0,5.652705071477863
1.034,33,prculs-d,-0.0,5.652705071477863
1.034,33,prcus-p,0.8310048584483368,5.652705071477863
1.034,33,prcus-i,-0.0,5.652705071477863
1.034,33,prcus-a,0.0,5.652705071477863
1.034,33,ifrms,-0.6601012331378028,5.652705071477863
1.034,33,sspls-v,0.05971895042674253,5.652705071477863
1.034,34,mcgs,0.0,5.468166168967263
1.034,34,pos,-0.0,5.468166168967263
1.034,34,sbps,-0.0,5.468166168967263
1.034,34,prculs-d,-0.0,5.468166168967263
1.034,34,prcus-p,0.9233389899246334,5.468166168967263
1.034,34,prcus-i,-0.0,5.468166168967263
1.034,34,prcus-a,-0.0,5.468166168967263
1.034,34,ifrms,-0.7376336108843432,5.468166168967263
1.034,34,sspls-v,0.0,5.468166168967263
1.105,0,mcgs,0.0,5.6233102586135
1.105,0,pos,-0.0,5.6233102586135
1.105,0,sbps,-0.0,5.6233102586135
1.105,0,prculs-d,-0.0,5.6233102586135
1.105,0,prcus-p,0.6999422859968625,5.6233102586135
1.105,0,prcus-i,-0.0,5.6233102586135
1.105,0,prcus-a,0.0,5.6233102586135
1.105,0,ifrms,-0.6307739183123469,5.6233102586135
1.105,0,sspls-v,0.0,5.6233102586135
1.105,1,mcgs,0.0,5.542421838944238
1.105,1,pos,-0.0,5.542421838944238
1.105,1,sbps,-0.0,5.542421838944238
1.105,1,prculs-d,-0.0,5.542421838944238
1.105,1,prcus-p,0.7310282512308234,5.542421838944238
1.105,1,prcus-i,-0.0,5.542421838944238
1.105,1,prcus-a,0.0,5.542421838944238
1.105,1,ifrms,-0.5334759903234244,5.542421838944238
1.105,1,sspls-v,0.0,5.542421838944238
1.105,2,mcgs,0.0,5.539927433038821
1.105,2,pos,-0.0,5.539927433038821
1.105,2,sbps,-0.0,5.539927433038821
1.105,2,prculs-d,-0.0,5.539927433038821
1.105,2,prcus-p,0.47646156277463647,5.539927433038821
1.105,2,prcus-i,-0.0,5.539927433038821
1.105,2,prcus-a,-0.0,5.539927433038821
1.105,2,ifrms,-0.5068711312767024,5.539927433038821
1.105,2,sspls-v,0.0,5.539927433038821
1.105,3,mcgs,0.0,5.567787261892042
1.105,3,pos,-0.0,5.567787261892042
1.105,3,sbps,-0.0,5.567787261892042
1.105,3,prculs-d,-0.0,5.567787261892042
1.105,3,prcus-p,0.3908110411143457,5.567787261892042
1.105,3,prcus-i,-0.0,5.567787261892042
1.105,3,prcus-a,0.0,5.567787261892042
1.105,3,ifrms,-0.6770166030468182,5.567787261892042
1.105,3,sspls-v,0.16700101588668204,5.567787261892042
1.105,4,mcgs,0.0,5.337097634539896
1.105,4,pos,-0.0,5.337097634539896
1.105,4,sbps,-0.0,5.337097634539896
1.105,4,prculs-d,-0.0,5.337097634539896
1.105,4,prcus-p,0.640341288233749,5.337097634539896
1.105,4,prcus-i,-0.0,5.337097634539896
1.105,4,prcus-a,-0.0,5.337097634539896
1.105,4,ifrms,-1.0334511727377886,5.337097634539896
1.105,4,sspls-v,0.0,5.337097634539896
1.105,5,mcgs,0.0,5.406510731339648
1.105,5,pos,-0.0,5.406510731339648
1.105,5,sbps,-0.0,5.406510731339648
1.105,5,prculs-d,-0.0,5.406510731339648
1.105,5,prcus-p,0.761103938909145,5.406510731339648
1.105,5,prcus-i,-0.0,5.406510731339648
1.105,5,prcus-a,0.0,5.406510731339648
1.105,5,ifrms,-0.5776165615949029,5.406510731339648
1.105,5,sspls-v,0.0,5.406510731339648
1.105,6,mcgs,0.0,5.636530764395997
1.105,6,pos,-0.0,5.636530764395997
1.105,6,sbps,-0.0,5.636530764395997
1.105,6,prculs-d,-0.0,5.636530764395997
1.105,6,prcus-p,0.6933120079133613,5.636530764395997
1.105,6,prcus-i,-0.0,5.636530764395997
1.105,6,prcus-a,0.0,5.636530764395997
1.105,6,ifrms,-0.6251128918869775,5.636530764395997
1.105,6,sspls-v,0.0,5.636530764395997
1.105,7,mcgs,0.0,5.378507155165956
1.105,7,pos,-0.0,5.378507155165956
1.105,7,sbps,-0.0,5.378507155165956
1.105,7,prculs-d,-0.0,5.378507155165956
1.105,7,prcus-p,0.27043510908800367,5.378507155165956
1.105,7,prcus-i,-0.0,5.378507155165956
1.105,7,prcus-a,0.0,5.378507155165956
1.105,7,ifrms,-0.07603670834912075,5.378507155165956
1.105,7,sspls-v,0.0,5.378507155165956
1.105,8,mcgs,0.0,5.465332376822536
1.105,8,pos,-0.0,5.465332376822536
1.105,8,sbps,-0.0,5.465332376822536
1.105,8,prculs-d,-0.0,5.465332376822536
1.105,8,prcus-p,0.45001123288034167,5.465332376822536
1.105,8,prcus-i,-0.0,5.465332376822536
1.105,8,prcus-a,0.0,5.465332376822536
1.105,8,ifrms,-0.45920818785309764,5.465332376822536
1.105,8,sspls-v,0.0,5.465332376822536
1.105,9,mcgs,0.0,5.625173414035427
1.105,9,pos,-0.0,5.625173414035427
1.105,9,sbps,-0.0,5.625173414035427
1.105,9,prculs-d,-0.0,5.625173414035427
1.105,9,prcus-p,0.7300736616170423,5.625173414035427
1.105,9,prcus-i,-0.0,5.625173414035427
1.105,9,prcus-a,0.0,5.625173414035427
1.105,9,ifrms,-0.6087080484340456,5.625173414035427
1.105,9,sspls-v,0.0,5.625173414035427
1.105,10,mcgs,0.0,5.6349236382545556
1.105,10,pos,-0.0,5.6349236382545556
1.105,10,sbps,-0.0,5.6349236382545556
1.105,10,prculs-d,-0.0,5.6349236382545556
1.105,10,prcus-p,0.6566144418399101,5.6349236382545556
1.105,10,prcus-i,-0.0,5.6349236382545556
1.105,10,prcus-a,0.0,5.6349236382545556
1.105,10,ifrms,-0.5866130205638973,5.6349236382545556
1.105,10,sspls-v,0.0,5.6349236382545556
1.105,11,mcgs,0.0,5.663436184897351
1.105,11,pos,-0.0,5.663436184897351
1.105,11,sbps,-0.0,5.663436184897351
1.105,11,prculs-d,-0.0,5.663436184897351
1.105,11,prcus-p,0.719399592525176,5.663436184897351
1.105,11,prcus-i,-0.0,5.663436184897351
1.105,11,prcus-a,0.0,5.663436184897351
1.105,11,ifrms,-0.6632296383743332,5.663436184897351
1.105,11,sspls-v,0.0,5.663436184897351
1.105,12,mcgs,0.0,5.217326264257661
1.105,12,pos,-0.0,5.217326264257661
1.105,12,sbps,-0.0,5.217326264257661
1.105,12,prculs-d,-0.0,5.217326264257661
1.105,12,prcus-p,1.031804580426698,5.217326264257661
1.105,12,prcus-i,0.0,5.217326264257661
1.105,12,prcus-a,-0.0,5.217326264257661
1.105,12,ifrms,-0.7955678309870774,5.217326264257661
1.105,12,sspls-v,0.0,5.217326264257661
1.105,13,mcgs,0.0,5.429770820087401
1.105,13,pos,-0.0,5.429770820087401
1.105,13,sbps,-0.11874736672888424,5.429770820087401
1.105,13,prculs-d,-0.0,5.429770820087401
1.105,13,prcus-p,0.8525663534736111,5.429770820087401
1.105,13,prcus-i,-0.0,5.429770820087401
1.105,13,prcus-a,0.0,5.429770820087401
1.105,13,ifrms,-0.4499602776875107,5.429770820087401
1.105,13,sspls-v,0.0,5.429770820087401
1.105,14,mcgs,0.0,5.3190868674143115
1.105,14,pos,-0.0,5.3190868674143115
1.105,14,sbps,-0.0,5.3190868674143115
1.105,14,prculs-d,-0.0,5.3190868674143115
1.105,14,prcus-p,1.0640662866354673,5.3190868674143115
1.105,14,prcus-i,-0.0,5.3190868674143115
1.105,14,prcus-a,0.0,5.3190868674143115
1.105,14,ifrms,-0.4641421444380093,5.3190868674143115
1.105,14,sspls-v,0.0,5.3190868674143115
1.105,15,mcgs,0.0,5.465849302640247
1.105,15,pos,-0.0,5.465849302640247
1.105,15,sbps,-0.0,5.465849302640247
1.105,15,prculs-d,0.0,5.465849302640247
1.105,15,prcus-p,0.6989301750685768,5.465849302640247
1.105,15,prcus-i,-0.0,5.465849302640247
1.105,15,prcus-a,-0.0,5.465849302640247
1.105,15,ifrms,-0.13246288643440834,5.465849302640247
1.105,15,sspls-v,0.4053872923569829,5.465849302640247
1.105,16,mcgs,0.0,5.460228115782797
1.105,16,pos,-0.0,5.460228115782797
1.105,16,sbps,-0.0,5.460228115782797
1.105,16,prculs-d,-0.0,5.460228115782797
1.105,16,prcus-p,0.9050323334262192,5.460228115782797
1.105,16,prcus-i,-0.0,5.460228115782797
1.105,16,prcus-a,0.0,5.460228115782797
1.105,16,ifrms,-0.822138787549258,5.460228115782797
1.105,16,sspls-v,0.0,5.460228115782797
1.105,17,mcgs,0.0,5.527776247136181
1.105,17,pos,-0.0,5.527776247136181
1.105,17,sbps,-0.0,5.527776247136181
1.105,17,prculs-d,-0.0,5.527776247136181
1.105,17,prcus-p,0.73005171305008,5.527776247136181
1.105,17,prcus-i,-0.0,5.527776247136181
1.105,17,prcus-a,0.0,5.527776247136181
1.105,17,ifrms,-0.45343038409492753,5.527776247136181
1.105,17,sspls-v,0.09822409604188646,5.527776247136181
1.105,18,mcgs,0.0,5.654765024952277
1.105,18,pos,-0.0,5.654765024952277
1.105,18,sbps,-0.0,5.654765024952277
1.105,18,prculs-d,-0.0,5.654765024952277
1.105,18,prcus-p,0.8623044963889397,5.654765024952277
1.105,18,prcus-i,-0.0,5.654765024952277
1.105,18,prcus-a,0.0,5.654765024952277
1.105,18,ifrms,-0.5755762531232604,5.654765024952277
1.105,18,sspls-v,0.0,5.654765024952277
1.105,19,mcgs,0.0,5.34673915844234
1.105,19,pos,-0.0,5.34673915844234
1.105,19,sbps,-0.0,5.34673915844234
1.105,19,prculs-d,-0.0,5.34673915844234
1.105,19,prcus-p,0.9840170318476356,5.34673915844234
1.105,19,prcus-i,-0.0,5.34673915844234
1.105,19,prcus-a,0.0,5.34673915844234
1.105,19,ifrms,-0.700657569858165,5.34673915844234
1.105,19,sspls-v,0.0,5.34673915844234
1.105,20,mcgs,0.0,5.476260578295931
1.105,20,pos,-0.0,5.476260578295931
1.105,20,sbps,-0.0,5.476260578295931
1.105,20,prculs-d,0.0,5.476260578295931
1.105,20,prcus-p,0.5289744280370521,5.476260578295931
1.105,20,prcus-i,-0.0,5.476260578295931
1.105,20,prcus-a,0.0,5.476260578295931
1.105,20,ifrms,-0.869766542388677,5.476260578295931
1.105,20,sspls-v,0.10472752510568911,5.476260578295931
1.105,21,mcgs,0.0,5.576190370179272
1.105,21,pos,-0.0,5.576190370179272
1.105,21,sbps,-0.0,5.576190370179272
1.105,21,prculs-d,-0.0,5.576190370179272
1.105,21,prcus-p,0.7485781618691552,5.576190370179272
1.105,21,prcus-i,-0.0,5.576190370179272
1.105,21,prcus-a,0.0,5.576190370179272
1.105,21,ifrms,-0.4978835064642342,5.576190370179272
1.105,21,sspls-v,0.0,5.576190370179272
1.105,22,mcgs,0.0,5.686868788546416
1.105,22,pos,-0.0,5.686868788546416
1.105,22,sbps,-0.0,5.686868788546416
1.105,22,prculs-d,-0.0,5.686868788546416
1.105,22,prcus-p,0.7182810382004707,5.686868788546416
1.105,22,prcus-i,-0.0,5.686868788546416
1.105,22,prcus-a,0.0,5.686868788546416
1.105,22,ifrms,-0.6356986960579076,5.686868788546416
1.105,22,sspls-v,0.0,5.686868788546416
1.105,23,mcgs,0.0,5.546428875272895
1.105,23,pos,-0.0,5.546428875272895
1.105,23,sbps,-0.0,5.546428875272895
1.105,23,prculs-d,-0.0,5.546428875272895
1.105,23,prcus-p,0.7805002914763844,5.546428875272895
1.105,23,prcus-i,-0.0,5.546428875272895
1.105,23,prcus-a,0.0,5.546428875272895
1.105,23,ifrms,-0.643317528830348,5.546428875272895
1.105,23,sspls-v,0.0,5.546428875272895
1.105,24,mcgs,0.0,5.554432402082065
1.105,24,pos,-0.0,5.554432402082065
1.105,24,sbps,-0.07682591446603965,5.554432402082065
1.105,24,prculs-d,-0.0,5.554432402082065
1.105,24,prcus-p,0.542860740709544,5.554432402082065
1.105,24,prcus-i,-0.0,5.554432402082065
1.105,24,prcus-a,0.0,5.554432402082065
1.105,24,ifrms,-0.6710037410317272,5.554432402082065
1.105,24,sspls-v,0.0,5.554432402082065
1.105,25,mcgs,0.0,5.72014454651664
1.105,25,pos,-0.0,5.72014454651664
1.105,25,sbps,-0.0,5.72014454651664
1.105,25,prculs-d,-0.0,5.72014454651664
1.105,25,prcus-p,0.7133819998877422,5.72014454651664
1.105,25,prcus-i,-0.0,5.72014454651664
1.105,25,prcus-a,0.0,5.72014454651664
1.105,25,ifrms,-0.6383420378646962,5.72014454651664
1.105,25,sspls-v,0.01384461922601708,5.72014454651664
1.105,26,mcgs,0.0,5.662208617441278
1.105,26,pos,-0.0,5.662208617441278
1.105,26,sbps,-0.0,5.662208617441278
1.105,26,prculs-d,-0.0,5.662208617441278
1.105,26,prcus-p,0.7175844340002211,5.662208617441278
1.105,26,prcus-i,-0.0,5.662208617441278
1.105,26,prcus-a,0.0,5.662208617441278
1.105,26,ifrms,-0.5754011946162686,5.662208617441278
1.105,26,sspls-v,0.0,5.662208617441278
1.105,27,mcgs,0.0,5.589846450951884
1.105,27,pos,-0.0,5.589846450951884
1.105,27,sbps,-0.0,5.589846450951884
1.105,27,prculs-d,-0.0,5.589846450951884
1.105,27,prcus-p,0.7088078469295257,5.589846450951884
1.105,27,prcus-i,-0.0,5.589846450951884
1.105,27,prcus-a,-0.0,5.589846450951884
1.105,27,ifrms,-0.6663311470687183,5.589846450951884
1.105,27,sspls-v,0.0,5.589846450951884
1.105,28,mcgs,0.0,5.673591870276539
1.105,28,pos,-0.0,5.673591870276539
1.105,28,sbps,-0.0,5.673591870276539
1.105,28,prculs-d,-0.0,5.673591870276539
1.105,28,prcus-p,0.7491710278477044,5.673591870276539
1.105,28,prcus-i,-0.0,5.673591870276539
1.105,28,prcus-a,0.0,5.673591870276539
1.105,28,ifrms,-0.626344138963599,5.673591870276539
1.105,28,sspls-v,0.0,5.673591870276539
1.105,29,mcgs,0.0,5.3490010442339155
1.105,29,pos,-0.0,5.3490010442339155
1.105,29,sbps,-0.0,5.3490010442339155
1.105,29,prculs-d,0.0,5.3490010442339155
1.105,29,prcus-p,0.15837451059509658,5.3490010442339155
1.105,29,prcus-i,0.0,5.3490010442339155
1.105,29,prcus-a,0.0,5.3490010442339155
1.105,29,ifrms,-0.816220643216332,5.3490010442339155
1.105,29,sspls-v,0.0,5.3490010442339155
1.105,30,mcgs,0.0,5.551768417834203
1.105,30,pos,-0.0,5.551768417834203
1.105,30,sbps,-0.0,5.551768417834203
1.105,30,prculs-d,-0.0,5.551768417834203
1.105,30,prcus-p,0.6738195439050612,5.551768417834203
1.105,30,prcus-i,-0.0,5.551768417834203
1.105,30,prcus-a,0.0,5.551768417834203
1.105,30,ifrms,-0.7805000044296223,5.551768417834203
1.105,30,sspls-v,0.0,5.551768417834203
1.105,31,mcgs,0.0,5.465403941465578
1.105,31,pos,-0.0,5.465403941465578
1.105,31,sbps,-0.0,5.465403941465578
1.105,31,prculs-d,-0.0,5.465403941465578
1.105,31,prcus-p,0.601803297120747,5.465403941465578
1.105,31,prcus-i,-0.0,5.465403941465578
1.105,31,prcus-a,0.0,5.465403941465578
1.105,31,ifrms,-0.5412285157404422,5.465403941465578
1.105,31,sspls-v,0.0,5.465403941465578
1.105,32,mcgs,0.0,5.477298795707871
1.105,32,pos,-0.0,5.477298795707871
1.105,32,sbps,-0.0,5.477298795707871
1.105,32,prculs-d,-0.0,5.477298795707871
1.105,32,prcus-p,0.6550585537874911,5.477298795707871
1.105,32,prcus-i,-0.0,5.477298795707871
1.105,32,prcus-a,0.0,5.477298795707871
1.105,32,ifrms,-0.5180848030384496,5.477298795707871
1.105,32,sspls-v,0.0,5.477298795707871
1.105,33,mcgs,0.0,5.647250099859275
1.105,33,pos,-0.0,5.647250099859275
1.105,33,sbps,-0.0,5.647250099859275
1.105,33,prculs-d,-0.0,5.647250099859275
1.105,33,prcus-p,0.7608538747831277,5.647250099859275
1.105,33,prcus-i,-0.0,5.647250099859275
1.105,33,prcus-a,0.0,5.647250099859275
1.105,33,ifrms,-0.5933221247489864,5.647250099859275
1.105,33,sspls-v,0.0,5.647250099859275
1.105,34,mcgs,0.0,5.467522860923218
1.105,34,pos,-0.0,5.467522860923218
1.105,34,sbps,-0.0,5.467522860923218
1.105,34,prculs-d,-0.0,5.467522860923218
1.105,34,prcus-p,0.8554705730412216,5.467522860923218
1.105,34,prcus-i,-0.0,5.467522860923218
1.105,34,prcus-a,-0.0,5.467522860923218
1.105,34,ifrms,-0.6697652088517282,5.467522860923218
1.105,34,sspls-v,0.0,5.467522860923218
1.182,0,mcgs,0.0,5.625980269210012
1.182,0,pos,-0.0,5.625980269210012
1.182,0,sbps,-0.0,5.625980269210012
1.182,0,prculs-d,-0.0,5.625980269210012
1.182,0,prcus-p,0.6269538544676148,5.625980269210012
1.182,0,prcus-i,-0.0,5.625980269210012
1.182,0,prcus-a,0.0,5.625980269210012
1.182,0,ifrms,-0.5577854868997569,5.625980269210012
1.182,0,sspls-v,0.0,5.625980269210012
1.182,1,mcgs,0.0,5.546360026941911
1.182,1,pos,-0.0,5.546360026941911
1.182,1,sbps,-0.0,5.546360026941911
1.182,1,prculs-d,-0.0,5.546360026941911
1.182,1,prcus-p,0.6580965163842928,5.546360026941911
1.182,1,prcus-i,-0.0,5.546360026941911
1.182,1,prcus-a,0.0,5.546360026941911
1.182,1,ifrms,-0.4605442556062953,5.546360026941911
1.182,1,sspls-v,0.0,5.546360026941911
1.182,2,mcgs,0.0,5.526437642091425
1.182,2,pos,-0.0,5.526437642091425
1.182,2,sbps,-0.0,5.526437642091425
1.182,2,prculs-d,-0.0,5.526437642091425
1.182,2,prcus-p,0.40102018972622766,5.526437642091425
1.182,2,prcus-i,-0.0,5.526437642091425
1.182,2,prcus-a,-0.0,5.526437642091425
1.182,2,ifrms,-0.4314297585181315,5.526437642091425
1.182,2,sspls-v,0.0,5.526437642091425
1.182,3,mcgs,0.0,5.560940379310598
1.182,3,pos,-0.0,5.560940379310598
1.182,3,sbps,-0.0,5.560940379310598
1.182,3,prculs-d,-0.0,5.560940379310598
1.182,3,prcus-p,0.32206293722359686,5.560940379310598
1.182,3,prcus-i,-0.0,5.560940379310598
1.182,3,prcus-a,0.0,5.560940379310598
1.182,3,ifrms,-0.6022486215772013,5.560940379310598
1.182,3,sspls-v,0.09080173699879734,5.560940379310598
1.182,4,mcgs,0.0,5.334921569024273
1.182,4,pos,-0.0,5.334921569024273
1.182,4,sbps,-0.0,5.334921569024273
1.182,4,prculs-d,-0.0,5.334921569024273
1.182,4,prcus-p,0.5681727146719153,5.334921569024273
1.182,4,prcus-i,-0.0,5.334921569024273
1.182,4,prcus-a,-0.0,5.334921569024273
1.182,4,ifrms,-0.9612825996400227,5.334921569024273
1.182,4,sspls-v,0.0,5.334921569024273
1.182,5,mcgs,0.0,5.411067715016859
1.182,5,pos,-0.0,5.411067715016859
1.182,5,sbps,-0.0,5.411067715016859
1.182,5,prculs-d,-0.0,5.411067715016859
1.182,5,prcus-p,0.6881589924802747,5.411067715016859
1.182,5,prcus-i,-0.0,5.411067715016859
1.182,5,prcus-a,0.0,5.411067715016859
1.182,5,ifrms,-0.5046716152923605,5.411067715016859
1.182,5,sspls-v,0.0,5.411067715016859
1.182,6,mcgs,0.0,5.638834644154044
1.182,6,pos,-0.0,5.638834644154044
1.182,6,sbps,-0.0,5.638834644154044
1.182,6,prculs-d,-0.0,5.638834644154044
1.182,6,prcus-p,0.6201270441204852,5.638834644154044
1.182,6,prcus-i,-0.0,5.638834644154044
1.182,6,prcus-a,0.0,5.638834644154044
1.182,6,ifrms,-0.551927928174645,5.638834644154044
1.182,6,sspls-v,0.0,5.638834644154044
1.182,7,mcgs,0.0,5.363881477012177
1.182,7,pos,-0.0,5.363881477012177
1.182,7,sbps,-0.0,5.363881477012177
1.182,7,prculs-d,-0.0,5.363881477012177
1.182,7,prcus-p,0.19146562525686453,5.363881477012177
1.182,7,prcus-i,-0.0,5.363881477012177
1.182,7,prcus-a,0.0,5.363881477012177
1.182,7,ifrms,-0.0,5.363881477012177
1.182,7,sspls-v,0.0,5.363881477012177
1.182,8,mcgs,0.0,5.468803024011431
1.182,8,pos,-0.0,5.468803024011431
1.182,8,sbps,-0.0,5.468803024011431
1.182,8,prculs-d,-0.0,5.468803024011431
1.182,8,prcus-p,0.37499370944728005,5.468803024011431
1.182,8,prcus-i,-0.0,5.468803024011431
1.182,8,prcus-a,0.0,5.468803024011431
1.182,8,ifrms,-0.3841906654125085,5.468803024011431
1.182,8,sspls-v,0.0,5.468803024011431
1.182,9,mcgs,0.0,5.623922414712773
1.182,9,pos,-0.0,5.623922414712773
1.182,9,sbps,-0.0,5.623922414712773
1.182,9,prculs-d,-0.0,5.623922414712773
1.182,9,prcus-p,0.6571934434446521,5.623922414712773
1.182,9,prcus-i,-0.0,5.623922414712773
1.182,9,prcus-a,0.0,5.623922414712773
1.182,9,ifrms,-0.5358278304036727,5.623922414712773
1.182,9,sspls-v,0.0,5.623922414712773
1.182,10,mcgs,0.0,5.617542890055328
1.182,10,pos,-0.0,5.617542890055328
1.182,10,sbps,-0.0,5.617542890055328
1.182,10,prculs-d,-0.0,5.617542890055328
1.182,10,prcus-p,0.5829968396075582,5.617542890055328
1.182,10,prcus-i,-0.0,5.617542890055328
1.182,10,prcus-a,0.0,5.617542890055328
1.182,10,ifrms,-0.5129954340973407,5.617542890055328
1.182,10,sspls-v,0.0,5.617542890055328
1.182,11,mcgs,0.0,5.672374503409824
1.182,11,pos,-0.0,5.672374503409824
1.182,11,sbps,-0.0,5.672374503409824
1.182,11,prculs-d,-0.0,5.672374503409824
1.182,11,prcus-p,0.6457923005338233,5.672374503409824
1.182,11,prcus-i,-0.0,5.672374503409824
1.182,11,prcus-a,0.0,5.672374503409824
1.182,11,ifrms,-0.5896223624017514,5.672374503409824
1.182,11,sspls-v,0.0,5.672374503409824
1.182,12,mcgs,0.0,5.229019291797833
1.182,12,pos,-0.0,5.229019291797833
1.182,12,sbps,-0.0,5.229019291797833
1.182,12,prculs-d,-0.0,5.229019291797833
1.182,12,prcus-p,0.9580584439191115,5.229019291797833
1.182,12,prcus-i,0.0,5.229019291797833
1.182,12,prcus-a,-0.0,5.229019291797833
1.182,12,ifrms,-0.7218217073560442,5.229019291797833
1.182,12,sspls-v,0.0,5.229019291797833
1.182,13,mcgs,0.0,5.436914876568201
1.182,13,pos,-0.0,5.436914876568201
1.182,13,sbps,-0.0012901757701128836,5.436914876568201
1.182,13,prculs-d,-0.0,5.436914876568201
1.182,13,prcus-p,0.7503045946404605,5.436914876568201
1.182,13,prcus-i,-0.0,5.436914876568201
1.182,13,prcus-a,0.0,5.436914876568201
1.182,13,ifrms,-0.3613128861042435,5.436914876568201
1.182,13,sspls-v,0.0,5.436914876568201
1.182,14,mcgs,0.0,5.329087821271232
1.182,14,pos,-0.0,5.329087821271232
1.182,14,sbps,-0.0,5.329087821271232
1.182,14,prculs-d,-0.0,5.329087821271232
1.182,14,prcus-p,0.9922931496672263,5.329087821271232
1.182,14,prcus-i,-0.0,5.329087821271232
1.182,14,prcus-a,0.0,5.329087821271232
1.182,14,ifrms,-0.3923690083062288,5.329087821271232
1.182,14,sspls-v,0.0,5.329087821271232
1.182,15,mcgs,0.0,5.467262990100874
1.182,15,pos,-0.0,5.467262990100874
1.182,15,sbps,-0.0,5.467262990100874
1.182,15,prculs-d,0.0,5.467262990100874
1.182,15,prcus-p,0.6232005837754162,5.467262990100874
1.182,15,prcus-i,-0.0,5.467262990100874
1.182,15,prcus-a,-0.0,5.467262990100874
1.182,15,ifrms,-0.06302799390016098,5.467262990100874
1.182,15,sspls-v,0.32996894651972253,5.467262990100874
1.182,16,mcgs,0.0,5.47412042251799
1.182,16,pos,-0.0,5.47412042251799
1.182,16,sbps,-0.0,5.47412042251799
1.182,16,prculs-d,-0.0,5.47412042251799
1.182,16,prcus-p,0.8276552859331225,5.47412042251799
1.182,16,prcus-i,-0.0,5.47412042251799
1.182,16,prcus-a,0.0,5.47412042251799
1.182,16,ifrms,-0.7447617400559494,5.47412042251799
1.182,16,sspls-v,0.0,5.47412042251799
1.182,17,mcgs,0.0,5.528812248513724
1.182,17,pos,-0.0,5.528812248513724
1.182,17,sbps,-0.0,5.528812248513724
1.182,17,prculs-d,-0.0,5.528812248513724
1.182,17,prcus-p,0.6542953452276383,5.528812248513724
1.182,17,prcus-i,-0.0,5.528812248513724
1.182,17,prcus-a,0.0,5.528812248513724
1.182,17,ifrms,-0.3804067207928291,5.528812248513724
1.182,17,sspls-v,0.018449407734767217,5.528812248513724
1.182,18,mcgs,0.0,5.651303779904586
1.182,18,pos,-0.0,5.651303779904586
1.182,18,sbps,-0.0,5.651303779904586
1.182,18,prculs-d,-0.0,5.651303779904586
1.182,18,prcus-p,0.7945548227444659,5.651303779904586
1.182,18,prcus-i,-0.0,5.651303779904586
1.182,18,prcus-a,0.0,5.651303779904586
1.182,18,ifrms,-0.5078269012550498,5.651303779904586
1.182,18,sspls-v,0.0,5.651303779904586
1.182,19,mcgs,0.0,5.352434022675852
1.182,19,pos,-0.0,5.352434022675852
1.182,19,sbps,-0.0,5.352434022675852
1.182,19,prculs-d,-0.0,5.352434022675852
1.182,19,prcus-p,0.9102649317051048,5.352434022675852
1.182,19,prcus-i,-0.0,5.352434022675852
1.182,19,prcus-a,0.0,5.352434022675852
1.182,19,ifrms,-0.6269054824694585,5.352434022675852
1.182,19,sspls-v,0.0,5.352434022675852
1.182,20,mcgs,0.0,5.471486671083109
1.182,20,pos,-0.0,5.471486671083109
1.182,20,sbps,-0.0,5.471486671083109
1.182,20,prculs-d,0.0,5.471486671083109
1.182,20,prcus-p,0.45731408583597855,5.471486671083109
1.182,20,prcus-i,-0.0,5.471486671083109
1.182,20,prcus-a,0.0,5.471486671083109
1.182,20,ifrms,-0.7941968214418929,5.471486671083109
1.182,20,sspls-v,0.022888902069488314,5.471486671083109
1.182,21,mcgs,0.0,5.577237092819828
1.182,21,pos,-0.0,5.577237092819828
1.182,21,sbps,-0.0,5.577237092819828
1.182,21,prculs-d,-0.0,5.577237092819828
1.182,21,prcus-p,0.6764189858576712,5.577237092819828
1.182,21,prcus-i,-0.0,5.577237092819828
1.182,21,prcus-a,0.0,5.577237092819828
1.182,21,ifrms,-0.4257243309236021,5.577237092819828
1.182,21,sspls-v,0.0,5.577237092819828
1.182,22,mcgs,0.0,5.681841952642124
1.182,22,pos,-0.0,5.681841952642124
1.182,22,sbps,-0.0,5.681841952642124
1.182,22,prculs-d,-0.0,5.681841952642124
1.182,22,prcus-p,0.6449374481183988,5.681841952642124
1.182,22,prcus-i,-0.0,5.681841952642124
1.182,22,prcus-a,0.0,5.681841952642124
1.182,22,ifrms,-0.5623551060347661,5.681841952642124
1.182,22,sspls-v,0.0,5.681841952642124
1.182,23,mcgs,0.0,5.550656110516831
1.182,23,pos,-0.0,5.550656110516831
1.182,23,sbps,-0.0,5.550656110516831
1.182,23,prculs-d,-0.0,5.550656110516831
1.182,23,prcus-p,0.7073720657168211,5.550656110516831
1.182,23,prcus-i,-0.0,5.550656110516831
1.182,23,prcus-a,0.0,5.550656110516831
1.182,23,ifrms,-0.5701893031605827,5.550656110516831
1.182,23,sspls-v,0.0,5.550656110516831
1.182,24,mcgs,0.0,5.551273165946948
1.182,24,pos,-0.0,5.551273165946948
1.182,24,sbps,-0.0,5.551273165946948
1.182,24,prculs-d,-0.0,5.551273165946948
1.182,24,prcus-p,0.45707235410608704,5.551273165946948
1.182,24,prcus-i,-0.0,5.551273165946948
1.182,24,prcus-a,0.0,5.551273165946948
1.182,24,ifrms,-0.58421813304648,5.551273165946948
1.182,24,sspls-v,0.0,5.551273165946948
1.182,25,mcgs,0.0,5.712568853591518
1.182,25,pos,-0.0,5.712568853591518
1.182,25,sbps,-0.0,5.712568853591518
1.182,25,prculs-d,-0.0,5.712568853591518
1.182,25,prcus-p,0.6431477787507359,5.712568853591518
1.182,25,prcus-i,-0.0,5.712568853591518
1.182,25,prcus-a,0.0,5.712568853591518
1.182,25,ifrms,-0.5658971505582151,5.712568853591518
1.182,25,sspls-v,0.0,5.712568853591518
1.182,26,mcgs,0.0,5.6502905258540395
1.182,26,pos,-0.0,5.6502905258540395
1.182,26,sbps,-0.0,5.6502905258540395
1.182,26,prculs-d,-0.0,5.6502905258540395
1.182,26,prcus-p,0.6449089133364311,5.6502905258540395
1.182,26,prcus-i,-0.0,5.6502905258540395
1.182,26,prcus-a,0.0,5.6502905258540395
1.182,26,ifrms,-0.5027256741558594,5.6502905258540395
1.182,26,sspls-v,0.0,5.6502905258540395
1.182,27,mcgs,0.0,5.599859544404051
1.182,27,pos,-0.0,5.599859544404051
1.182,27,sbps,-0.0,5.599859544404051
1.182,27,prculs-d,-0.0,5.599859544404051
1.182,27,prcus-p,0.6359420417877465,5.599859544404051
1.182,27,prcus-i,-0.0,5.599859544404051
1.182,27,prcus-a,-0.0,5.599859544404051
1.182,27,ifrms,-0.5934653420726738,5.599859544404051
1.182,27,sspls-v,0.0,5.599859544404051
1.182,28,mcgs,0.0,5.680848584586654
1.182,28,pos,-0.0,5.680848584586654
1.182,28,sbps,-0.0,5.680848584586654
1.182,28,prculs-d,-0.0,5.680848584586654
1.182,28,prcus-p,0.6759509833939393,5.680848584586654
1.182,28,prcus-i,-0.0,5.680848584586654
1.182,28,prcus-a,0.0,5.680848584586654
1.182,28,ifrms,-0.5531240945850806,5.680848584586654
1.182,28,sspls-v,0.0,5.680848584586654
1.182,29,mcgs,0.0,5.344788752659555
1.182,29,pos,-0.0,5.344788752659555
1.182,29,sbps,-0.0,5.344788752659555
1.182,29,prculs-d,0.0,5.344788752659555
1.182,29,prcus-p,0.08790753041029413,5.344788752659555
1.182,29,prcus-i,0.0,5.344788752659555
1.182,29,prcus-a,0.0,5.344788752659555
1.182,29,ifrms,-0.7457536675645853,5.344788752659555
1.182,29,sspls-v,0.0,5.344788752659555
1.182,30,mcgs,0.0,5.5562505940861335
1.182,30,pos,-0.0,5.5562505940861335
1.182,30,sbps,-0.0,5.5562505940861335
1.182,30,prculs-d,-0.0,5.5562505940861335
1.182,30,prcus-p,0.6022489656149034,5.5562505940861335
1.182,30,prcus-i,-0.0,5.5562505940861335
1.182,30,prcus-a,0.0,5.5562505940861335
1.182,30,ifrms,-0.7089294272527964,5.5562505940861335
1.182,30,sspls-v,0.0,5.5562505940861335
1.182,31,mcgs,0.0,5.470591982384135
1.182,31,pos,-0.0,5.470591982384135
1.182,31,sbps,-0.0,5.470591982384135
1.182,31,prculs-d,-0.0,5.470591982384135
1.182,31,prcus-p,0.5282991735478603,5.470591982384135
1.182,31,prcus-i,-0.0,5.470591982384135
1.182,31,prcus-a,0.0,5.470591982384135
1.182,31,ifrms,-0.4677244109055975,5.470591982384135
1.182,31,sspls-v,0.0,5.470591982384135
1.182,32,mcgs,0.0,5.486836424763914
1.182,32,pos,-0.0,5.486836424763914
1.182,32,sbps,-0.0,5.486836424763914
1.182,32,prculs-d,-0.0,5.486836424763914
1.182,32,prcus-p,0.5815836074431657,5.486836424763914
1.182,32,prcus-i,-0.0,5.486836424763914
1.182,32,prcus-a,0.0,5.486836424763914
1.182,32,ifrms,-0.4446098762661175,5.486836424763914
1.182,32,sspls-v,0.0,5.486836424763914
1.182,33,mcgs,0.0,5.639297830100334
1.182,33,pos,-0.0,5.639297830100334
1.182,33,sbps,-0.0,5.639297830100334
1.182,33,prculs-d,-0.0,5.639297830100334
1.182,33,prcus-p,0.6884607697321407,5.639297830100334
1.182,33,prcus-i,-0.0,5.639297830100334
1.182,33,prcus-a,0.0,5.639297830100334
1.182,33,ifrms,-0.5209290200234366,5.639297830100334
1.182,33,sspls-v,0.0,5.639297830100334
1.182,34,mcgs,0.0,5.476405296697868
1.182,34,pos,-0.0,5.476405296697868
1.182,34,sbps,-0.0,5.476405296697868
1.182,34,prculs-d,-0.0,5.476405296697868
1.182,34,prcus-p,0.7818667969845642,5.476405296697868
1.182,34,prcus-i,-0.0,5.476405296697868
1.182,34,prcus-a,-0.0,5.476405296697868
1.182,34,ifrms,-0.5961614489008645,5.476405296697868
1.182,34,sspls-v,0.0,5.476405296697868
1.263,0,mcgs,0.0,5.631605589472421
1.263,0,pos,-0.0,5.631605589472421
1.263,0,sbps,-0.0,5.631605589472421
1.263,0,prculs-d,-0.0,5.631605589472421
1.263,0,prcus-p,0.5501738161056787,5.631605589472421
1.263,0,prcus-i,-0.0,5.631605589472421
1.263,0,prcus-a,0.0,5.631605589472421
1.263,0,ifrms,-0.4810054486605393,5.631605589472421
1.263,0,sspls-v,0.0,5.631605589472421
1.263,1,mcgs,0.0,5.555161267117403
1.263,1,pos,-0.0,5.555161267117403
1.263,1,sbps,-0.0,5.555161267117403
1.263,1,prculs-d,-0.0,5.555161267117403
1.263,1,prcus-p,0.5813761199872921,5.555161267117403
1.263,1,prcus-i,-0.0,5.555161267117403
1.263,1,prcus-a,0.0,5.555161267117403
1.263,1,ifrms,-0.38382385934541896,5.555161267117403
1.263,1,sspls-v,0.0,5.555161267117403
1.263,2,mcgs,0.0,5.515908802323118
1.263,2,pos,-0.0,5.515908802323118
1.263,2,sbps,-0.0,5.515908802323118
1.263,2,prculs-d,-0.0,5.515908802323118
1.263,2,prcus-p,0.321659784311668,5.515908802323118
1.263,2,prcus-i,-0.0,5.515908802323118
1.263,2,prcus-a,-0.0,5.515908802323118
1.263,2,ifrms,-0.3520693534084657,5.515908802323118
1.263,2,sspls-v,0.0,5.515908802323118
1.263,3,mcgs,0.0,5.555892764024747
1.263,3,pos,-0.0,5.555892764024747
1.263,3,sbps,-0.0,5.555892764024747
1.263,3,prculs-d,-0.0,5.555892764024747
1.263,3,prcus-p,0.2497435032606009,5.555892764024747
1.263,3,prcus-i,-0.0,5.555892764024747
1.263,3,prcus-a,0.0,5.555892764024747
1.263,3,ifrms,-0.5235965891221495,5.555892764024747
1.263,3,sspls-v,0.010644054012840888,5.555892764024747
1.263,4,mcgs,0.0,5.342751482372145
1.263,4,pos,-0.0,5.342751482372145
1.263,4,sbps,-0.0,5.342751482372145
1.263,4,prculs-d,-0.0,5.342751482372145
1.263,4,prcus-p,0.49225512430167473,5.342751482372145
1.263,4,prcus-i,-0.0,5.342751482372145
1.263,4,prcus-a,-0.0,5.342751482372145
1.263,4,ifrms,-0.8853650097579582,5.342751482372145
1.263,4,sspls-v,0.0,5.342751482372145
1.263,5,mcgs,0.0,5.436766798648066
1.263,5,pos,-0.0,5.436766798648066
1.263,5,sbps,-0.0,5.436766798648066
1.263,5,prculs-d,-0.0,5.436766798648066
1.263,5,prcus-p,0.6114246981849696,5.436766798648066
1.263,5,prcus-i,-0.0,5.436766798648066
1.263,5,prcus-a,0.0,5.436766798648066
1.263,5,ifrms,-0.42793732112994604,5.436766798648066
1.263,5,sspls-v,0.0,5.436766798648066
1.263,6,mcgs,0.0,5.642423045722631
1.263,6,pos,-0.0,5.642423045722631
1.263,6,sbps,-0.0,5.642423045722631
1.263,6,prculs-d,-0.0,5.642423045722631
1.263,6,prcus-p,0.5431402640266813,5.642423045722631
1.263,6,prcus-i,-0.0,5.642423045722631
1.263,6,prcus-a,0.0,5.642423045722631
1.263,6,ifrms,-0.4749411481655674,5.642423045722631
1.263,6,sspls-v,0.0,5.642423045722631
1.263,7,mcgs,0.0,5.3442386248741265
1.263,7,pos,-0.0,5.3442386248741265
1.263,7,sbps,-0.0,5.3442386248741265
1.263,7,prculs-d,-0.0,5.3442386248741265
1.263,7,prcus-p,0.11046562525686457,5.3442386248741265
1.263,7,prcus-i,-0.0,5.3442386248741265
1.263,7,prcus-a,0.0,5.3442386248741265
1.263,7,ifrms,-0.0,5.3442386248741265
1.263,7,sspls-v,0.0,5.3442386248741265
1.263,8,mcgs,0.0,5.478069970342333
1.263,8,pos,-0.0,5.478069970342333
1.263,8,sbps,-0.0,5.478069970342333
1.263,8,prculs-d,-0.0,5.478069970342333
1.263,8,prcus-p,0.2960791718099033,5.478069970342333
1.263,8,prcus-i,-0.0,5.478069970342333
1.263,8,prcus-a,0.0,5.478069970342333
1.263,8,ifrms,-0.30527612881916155,5.478069970342333
1.263,8,sspls-v,0.0,5.478069970342333
1.263,9,mcgs,0.0,5.626632696252267
1.263,9,pos,-0.0,5.626632696252267
1.263,9,sbps,-0.0,5.626632696252267
1.263,9,prculs-d,-0.0,5.626632696252267
1.263,9,prcus-p,0.5805272399126573,5.626632696252267
1.263,9,prcus-i,-0.0,5.626632696252267
1.263,9,prcus-a,0.0,5.626632696252267
1.263,9,ifrms,-0.4591616270210732,5.626632696252267
1.263,9,sspls-v,0.0,5.626632696252267
1.263,10,mcgs,0.0,5.611687006269412
1.263,10,pos,-0.0,5.611687006269412
1.263,10,sbps,-0.0,5.611687006269412
1.263,10,prculs-d,-0.0,5.611687006269412
1.263,10,prcus-p,0.5055549463501489,5.611687006269412
1.263,10,prcus-i,-0.0,5.611687006269412
1.263,10,prcus-a,0.0,5.611687006269412
1.263,10,ifrms,-0.43555355742473006,5.611687006269412
1.263,10,sspls-v,0.0,5.611687006269412
1.263,11,mcgs,0.0,5.683555549701759
1.263,11,pos,-0.0,5.683555549701759
1.263,11,sbps,-0.0,5.683555549701759
1.263,11,prculs-d,-0.0,5.683555549701759
1.263,11,prcus-p,0.5683612531143484,5.683555549701759
1.263,11,prcus-i,-0.0,5.683555549701759
1.263,11,prcus-a,0.0,5.683555549701759
1.263,11,ifrms,-0.5121913318331915,5.683555549701759
1.263,11,sspls-v,0.0,5.683555549701759
1.263,12,mcgs,0.0,5.249671115863894
1.263,12,pos,-0.0,5.249671115863894
1.263,12,sbps,-0.0,5.249671115863894
1.263,12,prculs-d,-0.0,5.249671115863894
1.263,12,prcus-p,0.8804813392812605,5.249671115863894
1.263,12,prcus-i,0.0,5.249671115863894
1.263,12,prcus-a,-0.0,5.249671115863894
1.263,12,ifrms,-0.6442446162636573,5.249671115863894
1.263,12,sspls-v,0.0,5.249671115863894
1.263,13,mcgs,0.0,5.433915128214706
1.263,13,pos,-0.0,5.433915128214706
1.263,13,sbps,-0.0,5.433915128214706
1.263,13,prculs-d,-0.0,5.433915128214706
1.263,13,prcus-p,0.6737529672497878,5.433915128214706
1.263,13,prcus-i,-0.0,5.433915128214706
1.263,13,prcus-a,0.0,5.433915128214706
1.263,13,ifrms,-0.2849104656572421,5.433915128214706
1.263,13,sspls-v,0.0,5.433915128214706
1.263,14,mcgs,0.0,5.347974113608209
1.263,14,pos,-0.0,5.347974113608209
1.263,14,sbps,-0.0,5.347974113608209
1.263,14,prculs-d,-0.0,5.347974113608209
1.263,14,prcus-p,0.9167915380512838,5.347974113608209
1.263,14,prcus-i,-0.0,5.347974113608209
1.263,14,prcus-a,0.0,5.347974113608209
1.263,14,ifrms,-0.31686739757020005,5.347974113608209
1.263,14,sspls-v,0.0,5.347974113608209
1.263,15,mcgs,0.0,5.466804485099994
1.263,15,pos,-0.0,5.466804485099994
1.263,15,sbps,-0.0,5.466804485099994
1.263,15,prculs-d,0.0,5.466804485099994
1.263,15,prcus-p,0.5430442760958797,5.466804485099994
1.263,15,prcus-i,-0.0,5.466804485099994
1.263,15,prcus-a,-0.0,5.466804485099994
1.263,15,ifrms,-0.0,5.466804485099994
1.263,15,sspls-v,0.25009509426788634,5.466804485099994
1.263,16,mcgs,0.0,5.500795833530911
1.263,16,pos,-0.0,5.500795833530911
1.263,16,sbps,-0.0,5.500795833530911
1.263,16,prculs-d,-0.0,5.500795833530911
1.263,16,prcus-p,0.7462586515572674,5.500795833530911
1.263,16,prcus-i,-0.0,5.500795833530911
1.263,16,prcus-a,0.0,5.500795833530911
1.263,16,ifrms,-0.6633651056798723,5.500795833530911
1.263,16,sspls-v,0.0,5.500795833530911
1.263,17,mcgs,0.0,5.519222645876702
1.263,17,pos,-0.0,5.519222645876702
1.263,17,sbps,-0.0,5.519222645876702
1.263,17,prculs-d,-0.0,5.519222645876702
1.263,17,prcus-p,0.5768641926882515,5.519222645876702
1.263,17,prcus-i,-0.0,5.519222645876702
1.263,17,prcus-a,0.0,5.519222645876702
1.263,17,ifrms,-0.3036074009742406,5.519222645876702
1.263,17,sspls-v,0.0,5.519222645876702
1.263,18,mcgs,0.0,5.658918166868014
1.263,18,pos,-0.0,5.658918166868014
1.263,18,sbps,-0.0,5.658918166868014
1.263,18,prculs-d,-0.0,5.658918166868014
1.263,18,prcus-p,0.7232859203002315,5.658918166868014
1.263,18,prcus-i,-0.0,5.658918166868014
1.263,18,prcus-a,0.0,5.658918166868014
1.263,18,ifrms,-0.4365580704811945,5.658918166868014
1.263,18,sspls-v,0.0,5.658918166868014
1.263,19,mcgs,0.0,5.361146528371468
1.263,19,pos,-0.0,5.361146528371468
1.263,19,sbps,-0.0,5.361146528371468
1.263,19,prculs-d,-0.0,5.361146528371468
1.263,19,prcus-p,0.8326815536330912,5.361146528371468
1.263,19,prcus-i,-0.0,5.361146528371468
1.263,19,prcus-a,0.0,5.361146528371468
1.263,19,ifrms,-0.5493221178138065,5.361146528371468
1.263,19,sspls-v,0.0,5.361146528371468
1.263,20,mcgs,0.0,5.456958460981379
1.263,20,pos,-0.0,5.456958460981379
1.263,20,sbps,-0.0,5.456958460981379
1.263,20,prculs-d,0.0,5.456958460981379
1.263,20,prcus-p,0.38230748831996014,5.456958460981379
1.263,20,prcus-i,-0.0,5.456958460981379
1.263,20,prcus-a,0.0,5.456958460981379
1.263,20,ifrms,-0.7180968073586368,5.456958460981379
1.263,20,sspls-v,0.0,5.456958460981379
1.263,21,mcgs,0.0,5.592344435284058
1.263,21,pos,-0.0,5.592344435284058
1.263,21,sbps,-0.0,5.592344435284058
1.263,21,prculs-d,-0.0,5.592344435284058
1.263,21,prcus-p,0.6005112812222136,5.592344435284058
1.263,21,prcus-i,-0.0,5.592344435284058
1.263,21,prcus-a,0.0,5.592344435284058
1.263,21,ifrms,-0.34981662678345704,5.592344435284058
1.263,21,sspls-v,0.0,5.592344435284058
1.263,22,mcgs,0.0,5.679506522808916
1.263,22,pos,-0.0,5.679506522808916
1.263,22,sbps,-0.0,5.679506522808916
1.263,22,prculs-d,-0.0,5.679506522808916
1.263,22,prcus-p,0.5677838014086869,5.679506522808916
1.263,22,prcus-i,-0.0,5.679506522808916
1.263,22,prcus-a,0.0,5.679506522808916
1.263,22,ifrms,-0.4852014593870462,5.679506522808916
1.263,22,sspls-v,0.0,5.679506522808916
1.263,23,mcgs,0.0,5.559684121848105
1.263,23,pos,-0.0,5.559684121848105
1.263,23,sbps,-0.0,5.559684121848105
1.263,23,prculs-d,-0.0,5.559684121848105
1.263,23,prcus-p,0.6304449710866312,5.559684121848105
1.263,23,prcus-i,-0.0,5.559684121848105
1.263,23,prcus-a,0.0,5.559684121848105
1.263,23,ifrms,-0.4932622086248556,5.559684121848105
1.263,23,sspls-v,0.0,5.559684121848105
1.263,24,mcgs,0.0,5.541776269036156
1.263,24,pos,-0.0,5.541776269036156
1.263,24,sbps,-0.0,5.541776269036156
1.263,24,prculs-d,-0.0,5.541776269036156
1.263,24,prcus-p,0.38070032682829197,5.541776269036156
1.263,24,prcus-i,-0.0,5.541776269036156
1.263,24,prcus-a,0.0,5.541776269036156
1.263,24,ifrms,-0.5078461060117268,5.541776269036156
1.263,24,sspls-v,0.0,5.541776269036156
1.263,25,mcgs,0.0,5.705182624703195
1.263,25,pos,-0.0,5.705182624703195
1.263,25,sbps,-0.0,5.705182624703195
1.263,25,prculs-d,-0.0,5.705182624703195
1.263,25,prcus-p,0.5681687973491188,5.705182624703195
1.263,25,prcus-i,-0.0,5.705182624703195
1.263,25,prcus-a,0.0,5.705182624703195
1.263,25,ifrms,-0.4909181709008101,5.705182624703195
1.263,25,sspls-v,0.0,5.705182624703195
1.263,26,mcgs,0.0,5.644870818516553
1.263,26,pos,-0.0,5.644870818516553
1.263,26,sbps,-0.0,5.644870818516553
1.263,26,prculs-d,-0.0,5.644870818516553
1.263,26,prcus-p,0.5684580409498471,5.644870818516553
1.263,26,prcus-i,-0.0,5.644870818516553
1.263,26,prcus-a,0.0,5.644870818516553
1.263,26,ifrms,-0.4262748019832216,5.644870818516553
1.263,26,sspls-v,0.0,5.644870818516553
1.263,27,mcgs,0.0,5.613062163982171
1.263,27,pos,-0.0,5.613062163982171
1.263,27,sbps,-0.0,5.613062163982171
1.263,27,prculs-d,-0.0,5.613062163982171
1.263,27,prcus-p,0.5592910000152262,5.613062163982171
1.263,27,prcus-i,-0.0,5.613062163982171
1.263,27,prcus-a,-0.0,5.613062163982171
1.263,27,ifrms,-0.5168143004534582,5.613062163982171
1.263,27,sspls-v,0.0,5.613062163982171
1.263,28,mcgs,0.0,5.689108682623401
1.263,28,pos,-0.0,5.689108682623401
1.263,28,sbps,-0.0,5.689108682623401
1.263,28,prculs-d,-0.0,5.689108682623401
1.263,28,prcus-p,0.598927300267251,5.689108682623401
1.263,28,prcus-i,-0.0,5.689108682623401
1.263,28,prcus-a,0.0,5.689108682623401
1.263,28,ifrms,-0.47610041153754834,5.689108682623401
1.263,28,sspls-v,0.0,5.689108682623401
1.263,29,mcgs,0.0,5.344867162654509
1.263,29,pos,-0.0,5.344867162654509
1.263,29,sbps,-0.0,5.344867162654509
1.263,29,prculs-d,0.0,5.344867162654509
1.263,29,prcus-p,0.01377992787822974,5.344867162654509
1.263,29,prcus-i,0.0,5.344867162654509
1.263,29,prcus-a,0.0,5.344867162654509
1.263,29,ifrms,-0.6716260698010593,5.344867162654509
1.263,29,sspls-v,0.0,5.344867162654509
1.263,30,mcgs,0.0,5.571961124858738
1.263,30,pos,-0.0,5.571961124858738
1.263,30,sbps,-0.0,5.571961124858738
1.263,30,prculs-d,-0.0,5.571961124858738
1.263,30,prcus-p,0.5269604352057772,5.571961124858738
1.263,30,prcus-i,-0.0,5.571961124858738
1.263,30,prcus-a,0.0,5.571961124858738
1.263,30,ifrms,-0.6336408980148377,5.571961124858738
1.263,30,sspls-v,0.0,5.571961124858738
1.263,31,mcgs,0.0,5.483157812729339
1.263,31,pos,-0.0,5.483157812729339
1.263,31,sbps,-0.0,5.483157812729339
1.263,31,prculs-d,-0.0,5.483157812729339
1.263,31,prcus-p,0.45097665394521314,5.483157812729339
1.263,31,prcus-i,-0.0,5.483157812729339
1.263,31,prcus-a,0.0,5.483157812729339
1.263,31,ifrms,-0.39040191101439764,5.483157812729339
1.263,31,sspls-v,0.0,5.483157812729339
1.263,32,mcgs,0.0,5.503814939429638
1.263,32,pos,-0.0,5.503814939429638
1.263,32,sbps,-0.0,5.503814939429638
1.263,32,prculs-d,-0.0,5.503814939429638
1.263,32,prcus-p,0.5042917807692651,5.503814939429638
1.263,32,prcus-i,-0.0,5.503814939429638
1.263,32,prcus-a,0.0,5.503814939429638
1.263,32,ifrms,-0.3673180701809364,5.503814939429638
1.263,32,sspls-v,0.0,5.503814939429638
1.263,33,mcgs,0.0,5.642325386185153
1.263,33,pos,-0.0,5.642325386185153
1.263,33,sbps,-0.0,5.642325386185153
1.263,33,prculs-d,-0.0,5.642325386185153
1.263,33,prcus-p,0.6123069838992828,5.642325386185153
1.263,33,prcus-i,-0.0,5.642325386185153
1.263,33,prcus-a,0.0,5.642325386185153
1.263,33,ifrms,-0.4447752345329234,5.642325386185153
1.263,33,sspls-v,0.0,5.642325386185153
1.263,34,mcgs,0.0,5.497357598705926
1.263,34,pos,-0.0,5.497357598705926
1.263,34,sbps,-0.0,5.497357598705926
1.263,34,prculs-d,-0.0,5.497357598705926
1.263,34,prcus-p,0.7044394481457414,5.497357598705926
1.263,34,prcus-i,-0.0,5.497357598705926
1.263,34,prcus-a,-0.0,5.497357598705926
1.263,34,ifrms,-0.5187341170045008,5.497357598705926
1.263,34,sspls-v,0.0,5.497357598705926
1.35,0,mcgs,0.0,5.641063168308815
1.35,0,pos,-0.0,5.641063168308815
1.35,0,sbps,-0.0,5.641063168308815
1.35,0,prculs-d,-0.0,5.641063168308815
1.35,0,prcus-p,0.46770636749471056,5.641063168308815
1.35,0,prcus-i,-0.0,5.641063168308815
1.35,0,prcus-a,0.0,5.641063168308815
1.35,0,ifrms,-0.3985380001813783,5.641063168308815
1.35,0,sspls-v,0.0,5.641063168308815
1.35,1,mcgs,0.0,5.567857619864421
1.35,1,pos,-0.0,5.567857619864421
1.35,1,sbps,-0.0,5.567857619864421
1.35,1,prculs-d,-0.0,5.567857619864421
1.35,1,prcus-p,0.49897273126458813,5.567857619864421
1.35,1,prcus-i,-0.0,5.567857619864421
1.35,1,prcus-a,0.0,5.567857619864421
1.35,1,ifrms,-0.3014204707689215,5.567857619864421
1.35,1,sspls-v,0.0,5.567857619864421
1.35,2,mcgs,0.0,5.522750551973674
1.35,2,pos,-0.0,5.522750551973674
1.35,2,sbps,-0.0,5.522750551973674
1.35,2,prculs-d,-0.0,5.522750551973674
1.35,2,prcus-p,0.23642083034788128,5.522750551973674
1.35,2,prcus-i,-0.0,5.522750551973674
1.35,2,prcus-a,-0.0,5.522750551973674
1.35,2,ifrms,-0.2668303997721573,5.522750551973674
1.35,2,sspls-v,0.0,5.522750551973674
1.35,3,mcgs,0.0,5.548179300358153
1.35,3,pos,-0.0,5.548179300358153
1.35,3,sbps,-0.0,5.548179300358153
1.35,3,prculs-d,-0.0,5.548179300358153
1.35,3,prcus-p,0.16858190635340115,5.548179300358153
1.35,3,prcus-i,-0.0,5.548179300358153
1.35,3,prcus-a,0.0,5.548179300358153
1.35,3,ifrms,-0.4415941501537328,5.548179300358153
1.35,3,sspls-v,0.0,5.548179300358153
1.35,4,mcgs,0.0,5.367491385479122
1.35,4,pos,-0.0,5.367491385479122
1.35,4,sbps,-0.0,5.367491385479122
1.35,4,prculs-d,-0.0,5.367491385479122
1.35,4,prcus-p,0.41071400871882313,5.367491385479122
1.35,4,prcus-i,-0.0,5.367491385479122
1.35,4,prcus-a,-0.0,5.367491385479122
1.35,4,ifrms,-0.803823894699443,5.367491385479122
1.35,4,sspls-v,0.0,5.367491385479122
1.35,5,mcgs,0.0,5.46372606277703
1.35,5,pos,-0.0,5.46372606277703
1.35,5,sbps,-0.0,5.46372606277703
1.35,5,prculs-d,-0.0,5.46372606277703
1.35,5,prcus-p,0.5290063820900108,5.46372606277703
1.35,5,prcus-i,-0.0,5.46372606277703
1.35,5,prcus-a,0.0,5.46372606277703
1.35,5,ifrms,-0.34551900517772216,5.46372606277703
1.35,5,sspls-v,0.0,5.46372606277703
1.35,6,mcgs,0.0,5.663679118617658
1.35,6,pos,-0.0,5.663679118617658
1.35,6,sbps,-0.0,5.663679118617658
1.35,6,prculs-d,-0.0,5.663679118617658
1.35,6,prcus-p,0.460450759481483,5.663679118617658
1.35,6,prcus-i,-0.0,5.663679118617658
1.35,6,prcus-a,0.0,5.663679118617658
1.35,6,ifrms,-0.3922516437113727,5.663679118617658
1.35,6,sspls-v,0.0,5.663679118617658
1.35,7,mcgs,0.0,5.33199051382002
1.35,7,pos,-0.0,5.33199051382002
1.35,7,sbps,-0.0,5.33199051382002
1.35,7,prculs-d,-0.0,5.33199051382002
1.35,7,prcus-p,0.023465625256864176,5.33199051382002
1.35,7,prcus-i,-0.0,5.33199051382002
1.35,7,prcus-a,0.0,5.33199051382002
1.35,7,ifrms,-0.0,5.33199051382002
1.35,7,sspls-v,0.0,5.33199051382002
1.35,8,mcgs,0.0,5.490144492888241
1.35,8,pos,-0.0,5.490144492888241
1.35,8,sbps,-0.0,5.490144492888241
1.35,8,prculs-d,-0.0,5.490144492888241
1.35,8,prcus-p,0.21131911286605337,5.490144492888241
1.35,8,prcus-i,-0.0,5.490144492888241
1.35,8,prcus-a,0.0,5.490144492888241
1.35,8,ifrms,-0.22051607099667675,5.490144492888241
1.35,8,sspls-v,0.0,5.490144492888241
1.35,9,mcgs,0.0,5.64894564544355
1.35,9,pos,-0.0,5.64894564544355
1.35,9,sbps,-0.0,5.64894564544355
1.35,9,prculs-d,-0.0,5.64894564544355
1.35,9,prcus-p,0.49818205834125484,5.64894564544355
1.35,9,prcus-i,-0.0,5.64894564544355
1.35,9,prcus-a,0.0,5.64894564544355
1.35,9,ifrms,-0.3768164456101323,5.64894564544355
1.35,9,sspls-v,0.0,5.64894564544355
1.35,10,mcgs,0.0,5.612171702402322
1.35,10,pos,-0.0,5.612171702402322
1.35,10,sbps,-0.0,5.612171702402322
1.35,10,prculs-d,-0.0,5.612171702402322
1.35,10,prcus-p,0.4223766165551528,5.612171702402322
1.35,10,prcus-i,-0.0,5.612171702402322
1.35,10,prcus-a,0.0,5.612171702402322
1.35,10,ifrms,-0.35237524544303644,5.612171702402322
1.35,10,sspls-v,0.0,5.612171702402322
1.35,11,mcgs,0.0,5.699706754009152
1.35,11,pos,-0.0,5.699706754009152
1.35,11,sbps,-0.0,5.699706754009152
1.35,11,prculs-d,-0.0,5.699706754009152
1.35,11,prcus-p,0.4851945725526896,5.699706754009152
1.35,11,prcus-i,-0.0,5.699706754009152
1.35,11,prcus-a,0.0,5.699706754009152
1.35,11,ifrms,-0.4290246693706635,5.699706754009152
1.35,11,sspls-v,0.0,5.699706754009152
1.35,12,mcgs,0.0,5.271819857416659
1.35,12,pos,-0.0,5.271819857416659
1.35,12,sbps,-0.0,5.271819857416659
1.35,12,prculs-d,-0.0,5.271819857416659
1.35,12,prcus-p,0.7971577824480133,5.271819857416659
1.35,12,prcus-i,0.0,5.271819857416659
1.35,12,prcus-a,-0.0,5.271819857416659
1.35,12,ifrms,-0.5609210739792423,5.271819857416659
1.35,12,sspls-v,0.0,5.271819857416659
1.35,13,mcgs,0.0,5.454641771664941
1.35,13,pos,-0.0,5.454641771664941
1.35,13,sbps,-0.0,5.454641771664941
1.35,13,prculs-d,-0.0,5.454641771664941
1.35,13,prcus-p,0.591882296142658,5.454641771664941
1.35,13,prcus-i,-0.0,5.454641771664941
1.35,13,prcus-a,0.0,5.454641771664941
1.35,13,ifrms,-0.2030395874666434,5.454641771664941
1.35,13,sspls-v,0.0,5.454641771664941
1.35,14,mcgs,0.0,5.37372379056865
1.35,14,pos,-0.0,5.37372379056865
1.35,14,sbps,-0.0,5.37372379056865
1.35,14,prculs-d,-0.0,5.37372379056865
1.35,14,prcus-p,0.8356972144637899,5.37372379056865
1.35,14,prcus-i,-0.0,5.37372379056865
1.35,14,prcus-a,0.0,5.37372379056865
1.35,14,ifrms,-0.23577307492779803,5.37372379056865
1.35,14,sspls-v,0.0,5.37372379056865
1.35,15,mcgs,0.0,5.4502884985140065
1.35,15,pos,-0.0,5.4502884985140065
1.35,15,sbps,-0.0,5.4502884985140065
1.35,15,prculs-d,0.0,5.4502884985140065
1.35,15,prcus-p,0.45361902692332223,5.4502884985140065
1.35,15,prcus-i,-0.0,5.4502884985140065
1.35,15,prcus-a,-0.0,5.4502884985140065
1.35,15,ifrms,-0.0,5.4502884985140065
1.35,15,sspls-v,0.1606698472966184,5.4502884985140065
1.35,16,mcgs,0.0,5.533155454449876
1.35,16,pos,-0.0,5.533155454449876
1.35,16,sbps,-0.0,5.533155454449876
1.35,16,prculs-d,-0.0,5.533155454449876
1.35,16,prcus-p,0.6588326368572744,5.533155454449876
1.35,16,prcus-i,-0.0,5.533155454449876
1.35,16,prcus-a,0.0,5.533155454449876
1.35,16,ifrms,-0.5759390909796407,5.533155454449876
1.35,16,sspls-v,0.0,5.533155454449876
1.35,17,mcgs,0.0,5.517563037139776
1.35,17,pos,-0.0,5.517563037139776
1.35,17,sbps,-0.0,5.517563037139776
1.35,17,prculs-d,-0.0,5.517563037139776
1.35,17,prcus-p,0.4943813867192998,5.517563037139776
1.35,17,prcus-i,-0.0,5.517563037139776
1.35,17,prcus-a,0.0,5.517563037139776
1.35,17,ifrms,-0.22112463786669884,5.517563037139776
1.35,17,sspls-v,0.0,5.517563037139776
1.35,18,mcgs,0.0,5.680490375433502
1.35,18,pos,-0.0,5.680490375433502
1.35,18,sbps,-0.0,5.680490375433502
1.35,18,prculs-d,-0.0,5.680490375433502
1.35,18,prcus-p,0.6467378398971649,5.680490375433502
1.35,18,prcus-i,-0.0,5.680490375433502
1.35,18,prcus-a,0.0,5.680490375433502
1.35,18,ifrms,-0.360010067057423,5.680490375433502
1.35,18,sspls-v,0.0,5.680490375433502
1.35,19,mcgs,0.0,5.389568937408063
1.35,19,pos,-0.0,5.389568937408063
1.35,19,sbps,-0.0,5.389568937408063
1.35,19,prculs-d,-0.0,5.389568937408063
1.35,19,prcus-p,0.7493512586668537,5.389568937408063
1.35,19,prcus-i,-0.0,5.389568937408063
1.35,19,prcus-a,0.0,5.389568937408063
1.35,19,ifrms,-0.46599183725773524,5.389568937408063
1.35,19,sspls-v,0.0,5.389568937408063
1.35,20,mcgs,0.0,5.451590953449129
1.35,20,pos,-0.0,5.451590953449129
1.35,20,sbps,-0.0,5.451590953449129
1.35,20,prculs-d,0.0,5.451590953449129
1.35,20,prcus-p,0.30189120652945056,5.451590953449129
1.35,20,prcus-i,-0.0,5.451590953449129
1.35,20,prcus-a,0.0,5.451590953449129
1.35,20,ifrms,-0.6376805277130465,5.451590953449129
1.35,20,sspls-v,0.0,5.451590953449129
1.35,21,mcgs,0.0,5.61466766509342
1.35,21,pos,-0.0,5.61466766509342
1.35,21,sbps,-0.0,5.61466766509342
1.35,21,prculs-d,-0.0,5.61466766509342
1.35,21,prcus-p,0.5189807836507964,5.61466766509342
1.35,21,prcus-i,-0.0,5.61466766509342
1.35,21,prcus-a,0.0,5.61466766509342
1.35,21,ifrms,-0.2682861297440425,5.61466766509342
1.35,21,sspls-v,0.0,5.61466766509342
1.35,22,mcgs,0.0,5.687864557474935
1.35,22,pos,-0.0,5.687864557474935
1.35,22,sbps,-0.0,5.687864557474935
1.35,22,prculs-d,-0.0,5.687864557474935
1.35,22,prcus-p,0.4849150697575139,5.687864557474935
1.35,22,prcus-i,-0.0,5.687864557474935
1.35,22,prcus-a,0.0,5.687864557474935
1.35,22,ifrms,-0.40233272780245727,5.687864557474935
1.35,22,sspls-v,0.0,5.687864557474935
1.35,23,mcgs,0.0,5.567148996134453
1.35,23,pos,-0.0,5.567148996134453
1.35,23,sbps,-0.0,5.567148996134453
1.35,23,prculs-d,-0.0,5.567148996134453
1.35,23,prcus-p,0.547819573150501,5.567148996134453
1.35,23,prcus-i,-0.0,5.567148996134453
1.35,23,prcus-a,0.0,5.567148996134453
1.35,23,ifrms,-0.41063681079018527,5.567148996134453
1.35,23,sspls-v,0.0,5.567148996134453
1.35,24,mcgs,0.0,5.5489465582254125
1.35,24,pos,-0.0,5.5489465582254125
1.35,24,sbps,-0.0,5.5489465582254125
1.35,24,prculs-d,-0.0,5.5489465582254125
1.35,24,prcus-p,0.2986711123447336,5.5489465582254125
1.35,24,prcus-i,-0.0,5.5489465582254125
1.35,24,prcus-a,0.0,5.5489465582254125
1.35,24,ifrms,-0.42581689178921317,5.5489465582254125
1.35,24,sspls-v,0.0,5.5489465582254125
1.35,25,mcgs,0.0,5.7074896280716985
1.35,25,pos,-0.0,5.7074896280716985
1.35,25,sbps,-0.0,5.7074896280716985
1.35,25,prculs-d,-0.0,5.7074896280716985
1.35,25,prcus-p,0.4876358173251608,5.7074896280716985
1.35,25,prcus-i,-0.0,5.7074896280716985
1.35,25,prcus-a,0.0,5.7074896280716985
1.35,25,ifrms,-0.41038519275026303,5.7074896280716985
1.35,25,sspls-v,0.0,5.7074896280716985
1.35,26,mcgs,0.0,5.646023305281672
1.35,26,pos,-0.0,5.646023305281672
1.35,26,sbps,-0.0,5.646023305281672
1.35,26,prculs-d,-0.0,5.646023305281672
1.35,26,prcus-p,0.4863441409790706,5.646023305281672
1.35,26,prcus-i,-0.0,5.646023305281672
1.35,26,prcus-a,0.0,5.646023305281672
1.35,26,ifrms,-0.3441609022422396,5.646023305281672
1.35,26,sspls-v,0.0,5.646023305281672
1.35,27,mcgs,0.0,5.6237749879753895
1.35,27,pos,-0.0,5.6237749879753895
1.35,27,sbps,-0.0,5.6237749879753895
1.35,27,prculs-d,-0.0,5.6237749879753895
1.35,27,prcus-p,0.4769621032965926,5.6237749879753895
1.35,27,prcus-i,-0.0,5.6237749879753895
1.35,27,prcus-a,-0.0,5.6237749879753895
1.35,27,ifrms,-0.4344854038994853,5.6237749879753895
1.35,27,sspls-v,0.0,5.6237749879753895
1.35,28,mcgs,0.0,5.705094391128552
1.35,28,pos,-0.0,5.705094391128552
1.35,28,sbps,-0.0,5.705094391128552
1.35,28,prculs-d,-0.0,5.705094391128552
1.35,28,prcus-p,0.5161981591311785,5.705094391128552
1.35,28,prcus-i,-0.0,5.705094391128552
1.35,28,prcus-a,0.0,5.705094391128552
1.35,28,ifrms,-0.39337127048649434,5.705094391128552
1.35,28,sspls-v,0.0,5.705094391128552
1.35,29,mcgs,0.0,5.340590301119724
1.35,29,pos,-0.0,5.340590301119724
1.35,29,sbps,-0.0,5.340590301119724
1.35,29,prculs-d,0.0,5.340590301119724
1.35,29,prcus-p,0.0,5.340590301119724
1.35,29,prcus-i,0.0,5.340590301119724
1.35,29,prcus-a,0.0,5.340590301119724
1.35,29,ifrms,-0.585903612901523,5.340590301119724
1.35,29,sspls-v,0.0,5.340590301119724
1.35,30,mcgs,0.0,5.590124079834944
1.35,30,pos,-0.0,5.590124079834944
1.35,30,sbps,-0.0,5.590124079834944
1.35,30,prculs-d,-0.0,5.590124079834944
1.35,30,prcus-p,0.44609497661819664,5.590124079834944
1.35,30,prcus-i,-0.0,5.590124079834944
1.35,30,prcus-a,0.0,5.590124079834944
1.35,30,ifrms,-0.5527754406851773,5.590124079834944
1.35,30,sspls-v,0.0,5.590124079834944
1.35,31,mcgs,0.0,5.504117609620529
1.35,31,pos,-0.0,5.504117609620529
1.35,31,sbps,-0.0,5.504117609620529
1.35,31,prculs-d,-0.0,5.504117609620529
1.35,31,prcus-p,0.36792654029792543,5.504117609620529
1.35,31,prcus-i,-0.0,5.504117609620529
1.35,31,prcus-a,0.0,5.504117609620529
1.35,31,ifrms,-0.3073518185386632,5.504117609620529
1.35,31,sspls-v,0.0,5.504117609620529
1.35,32,mcgs,0.0,5.528132864600794
1.35,32,pos,-0.0,5.528132864600794
1.35,32,sbps,-0.0,5.528132864600794
1.35,32,prculs-d,-0.0,5.528132864600794
1.35,32,prcus-p,0.4212746336010007,5.528132864600794
1.35,32,prcus-i,-0.0,5.528132864600794
1.35,32,prcus-a,0.0,5.528132864600794
1.35,32,ifrms,-0.2843009451264826,5.528132864600794
1.35,32,sspls-v,0.0,5.528132864600794
1.35,33,mcgs,0.0,5.646132328816933
1.35,33,pos,-0.0,5.646132328816933
1.35,33,sbps,-0.0,5.646132328816933
1.35,33,prculs-d,-0.0,5.646132328816933
1.35,33,prcus-p,0.530512176893621,5.646132328816933
1.35,33,prcus-i,-0.0,5.646132328816933
1.35,33,prcus-a,0.0,5.646132328816933
1.35,33,ifrms,-0.3629804278949648,5.646132328816933
1.35,33,sspls-v,0.0,5.646132328816933
1.35,34,mcgs,0.0,5.5247987313513605
1.35,34,pos,-0.0,5.5247987313513605
1.35,34,sbps,-0.0,5.5247987313513605
1.35,34,prculs-d,-0.0,5.5247987313513605
1.35,34,prcus-p,0.6212767401336727,5.5247987313513605
1.35,34,prcus-i,-0.0,5.5247987313513605
1.35,34,prcus-a,-0.0,5.5247987313513605
1.35,34,ifrms,-0.4355714271898884,5.5247987313513605
1.35,34,sspls-v,0.0,5.5247987313513605
1.444,0,mcgs,0.0,5.665102197441453
1.444,0,pos,-0.0,5.665102197441453
1.444,0,sbps,-0.0,5.665102197441453
1.444,0,prculs-d,-0.0,5.665102197441453
1.444,0,prcus-p,0.3786036069265388,5.665102197441453
1.444,0,prcus-i,-0.0,5.665102197441453
1.444,0,prcus-a,0.0,5.665102197441453
1.444,0,ifrms,-0.3094352397556192,5.665102197441453
1.444,0,sspls-v,0.0,5.665102197441453
1.444,1,mcgs,0.0,5.581996522374621
1.444,1,pos,-0.0,5.581996522374621
1.444,1,sbps,-0.0,5.581996522374621
1.444,1,prculs-d,-0.0,5.581996522374621
1.444,1,prcus-p,0.40993929917902294,5.581996522374621
1.444,1,prcus-i,-0.0,5.581996522374621
1.444,1,prcus-a,0.0,5.581996522374621
1.444,1,ifrms,-0.21238691811219032,5.581996522374621
1.444,1,sspls-v,0.0,5.581996522374621
1.444,2,mcgs,0.0,5.531525302232194
1.444,2,pos,-0.0,5.531525302232194
1.444,2,sbps,-0.0,5.531525302232194
1.444,2,prculs-d,-0.0,5.531525302232194
1.444,2,prcus-p,0.144323569743331,5.531525302232194
1.444,2,prcus-i,-0.0,5.531525302232194
1.444,2,prcus-a,-0.0,5.531525302232194
1.444,2,ifrms,-0.17473313952143368,5.531525302232194
1.444,2,sspls-v,0.0,5.531525302232194
1.444,3,mcgs,0.0,5.543862851184974
1.444,3,pos,-0.0,5.543862851184974
1.444,3,sbps,-0.0,5.543862851184974
1.444,3,prculs-d,-0.0,5.543862851184974
1.444,3,prcus-p,0.08035890598125764,5.543862851184974
1.444,3,prcus-i,-0.0,5.543862851184974
1.444,3,prcus-a,0.0,5.543862851184974
1.444,3,ifrms,-0.35337115026684635,5.543862851184974
1.444,3,sspls-v,0.0,5.543862851184974
1.444,4,mcgs,0.0,5.3937329384301655
1.444,4,pos,-0.0,5.3937329384301655
1.444,4,sbps,-0.0,5.3937329384301655
1.444,4,prculs-d,-0.0,5.3937329384301655
1.444,4,prcus-p,0.3226121137212595,5.3937329384301655
1.444,4,prcus-i,-0.0,5.3937329384301655
1.444,4,prcus-a,-0.0,5.3937329384301655
1.444,4,ifrms,-0.7157220002684046,5.3937329384301655
1.444,4,sspls-v,0.0,5.3937329384301655
1.444,5,mcgs,0.0,5.491654110853489
1.444,5,pos,-0.0,5.491654110853489
1.444,5,sbps,-0.0,5.491654110853489
1.444,5,prculs-d,-0.0,5.491654110853489
1.444,5,prcus-p,0.4399568429657941,5.491654110853489
1.444,5,prcus-i,-0.0,5.491654110853489
1.444,5,prcus-a,0.0,5.491654110853489
1.444,5,ifrms,-0.25646932292502045,5.491654110853489
1.444,5,sspls-v,0.0,5.491654110853489
1.444,6,mcgs,0.0,5.685770518126033
1.444,6,pos,-0.0,5.685770518126033
1.444,6,sbps,-0.0,5.685770518126033
1.444,6,prculs-d,-0.0,5.685770518126033
1.444,6,prcus-p,0.3711080764096611,5.685770518126033
1.444,6,prcus-i,-0.0,5.685770518126033
1.444,6,prcus-a,0.0,5.685770518126033
1.444,6,ifrms,-0.30290896073787554,5.685770518126033
1.444,6,sspls-v,0.0,5.685770518126033
1.444,7,mcgs,0.0,5.310712451823838
1.444,7,pos,-0.0,5.310712451823838
1.444,7,sbps,-0.0,5.310712451823838
1.444,7,prculs-d,-0.0,5.310712451823838
1.444,7,prcus-p,0.0,5.310712451823838
1.444,7,prcus-i,-0.0,5.310712451823838
1.444,7,prcus-a,0.0,5.310712451823838
1.444,7,ifrms,-0.0,5.310712451823838
1.444,7,sspls-v,0.0,5.310712451823838
1.444,8,mcgs,0.0,5.488974607785159
1.444,8,pos,-0.0,5.488974607785159
1.444,8,sbps,-0.0,5.488974607785159
1.444,8,prculs-d,-0.0,5.488974607785159
1.444,8,prcus-p,0.11973927906465358,5.488974607785159
1.444,8,prcus-i,-0.0,5.488974607785159
1.444,8,prcus-a,0.0,5.488974607785159
1.444,8,ifrms,-0.12893623840686658,5.488974607785159
1.444,8,sspls-v,0.0,5.488974607785159
1.444,9,mcgs,0.0,5.674766932116514
1.444,9,pos,-0.0,5.674766932116514
1.444,9,sbps,-0.0,5.674766932116514
1.444,9,prculs-d,-0.0,5.674766932116514
1.444,9,prcus-p,0.4092114023905449,5.674766932116514
1.444,9,prcus-i,-0.0,5.674766932116514
1.444,9,prcus-a,0.0,5.674766932116514
1.444,9,ifrms,-0.28784578983279474,5.674766932116514
1.444,9,sspls-v,0.0,5.674766932116514
1.444,10,mcgs,0.0,5.62893758821161
1.444,10,pos,-0.0,5.62893758821161
1.444,10,sbps,-0.0,5.62893758821161
1.444,10,prculs-d,-0.0,5.62893758821161
1.444,10,prcus-p,0.33250577746630716,5.62893758821161
1.444,10,prcus-i,-0.0,5.62893758821161
1.444,10,prcus-a,0.0,5.62893758821161
1.444,10,ifrms,-0.2625044256007473,5.62893758821161
1.444,10,sspls-v,0.0,5.62893758821161
1.444,11,mcgs,0.0,5.721398486209104
1.444,11,pos,-0.0,5.721398486209104
1.444,11,sbps,-0.0,5.721398486209104
1.444,11,prculs-d,-0.0,5.721398486209104
1.444,11,prcus-p,0.3953363199918171,5.721398486209104
1.444,11,prcus-i,-0.0,5.721398486209104
1.444,11,prcus-a,0.0,5.721398486209104
1.444,11,ifrms,-0.3391664363651742,5.721398486209104
1.444,11,sspls-v,0.0,5.721398486209104
1.444,12,mcgs,0.0,5.292496981996247
1.444,12,pos,-0.0,5.292496981996247
1.444,12,sbps,-0.0,5.292496981996247
1.444,12,prculs-d,-0.0,5.292496981996247
1.444,12,prcus-p,0.7071300313868046,5.292496981996247
1.444,12,prcus-i,0.0,5.292496981996247
1.444,12,prcus-a,-0.0,5.292496981996247
1.444,12,ifrms,-0.470893338637461,5.292496981996247
1.444,12,sspls-v,0.0,5.292496981996247
1.444,13,mcgs,0.0,5.466627599807664
1.444,13,pos,-0.0,5.466627599807664
1.444,13,sbps,-0.0,5.466627599807664
1.444,13,prculs-d,-0.0,5.466627599807664
1.444,13,prcus-p,0.5034240337335864,5.466627599807664
1.444,13,prcus-i,-0.0,5.466627599807664
1.444,13,prcus-a,0.0,5.466627599807664
1.444,13,ifrms,-0.11458141577718056,5.466627599807664
1.444,13,sspls-v,0.0,5.466627599807664
1.444,14,mcgs,-0.0,5.394847988656221
1.444,14,pos,-0.0,5.394847988656221
1.444,14,sbps,-0.0,5.394847988656221
1.444,14,prculs-d,-0.0,5.394847988656221
1.444,14,prcus-p,0.748078362098998,5.394847988656221
1.444,14,prcus-i,-0.0,5.394847988656221
1.444,14,prcus-a,0.0,5.394847988656221
1.444,14,ifrms,-0.14815389974534826,5.394847988656221
1.444,14,sspls-v,0.0,5.394847988656221
1.444,15,mcgs,0.0,5.426016477761514
1.444,15,pos,-0.0,5.426016477761514
1.444,15,sbps,-0.0,5.426016477761514
1.444,15,prculs-d,0.0,5.426016477761514
1.444,15,prcus-p,0.3569986466221563,5.426016477761514
1.444,15,prcus-i,-0.0,5.426016477761514
1.444,15,prcus-a,0.0,5.426016477761514
1.444,15,ifrms,-0.0,5.426016477761514
1.444,15,sspls-v,0.06404946561631654,5.426016477761514
1.444,16,mcgs,0.0,5.56282073241332
1.444,16,pos,-0.0,5.56282073241332
1.444,16,sbps,-0.0,5.56282073241332
1.444,16,prculs-d,-0.0,5.56282073241332
1.444,16,prcus-p,0.5643723451124556,5.56282073241332
1.444,16,prcus-i,-0.0,5.56282073241332
1.444,16,prcus-a,0.0,5.56282073241332
1.444,16,ifrms,-0.4814787992345631,5.56282073241332
1.444,16,sspls-v,0.0,5.56282073241332
1.444,17,mcgs,0.0,5.514513490498657
1.444,17,pos,-0.0,5.514513490498657
1.444,17,sbps,-0.0,5.514513490498657
1.444,17,prculs-d,-0.0,5.514513490498657
1.444,17,prcus-p,0.40526203314365156,5.514513490498657
1.444,17,prcus-i,-0.0,5.514513490498657
1.444,17,prcus-a,0.0,5.514513490498657
1.444,17,ifrms,-0.1320053306010795,5.514513490498657
1.444,17,sspls-v,0.0,5.514513490498657
1.444,18,mcgs,0.0,5.705826638140517
1.444,18,pos,-0.0,5.705826638140517
1.444,18,sbps,-0.0,5.705826638140517
1.444,18,prculs-d,-0.0,5.705826638140517
1.444,18,prcus-p,0.5640307185421272,5.705826638140517
1.444,18,prcus-i,-0.0,5.705826638140517
1.444,18,prcus-a,0.0,5.705826638140517
1.444,18,ifrms,-0.27730302887541824,5.705826638140517
1.444,18,sspls-v,0.0,5.705826638140517
1.444,19,mcgs,0.0,5.42491162358516
1.444,19,pos,-0.0,5.42491162358516
1.444,19,sbps,-0.0,5.42491162358516
1.444,19,prculs-d,-0.0,5.42491162358516
1.444,19,prcus-p,0.6593162273240232,5.42491162358516
1.444,19,prcus-i,-0.0,5.42491162358516
1.444,19,prcus-a,0.0,5.42491162358516
1.444,19,ifrms,-0.37595682148450854,5.42491162358516
1.444,19,sspls-v,0.0,5.42491162358516
1.444,20,mcgs,0.0,5.458474085959331
1.444,20,pos,-0.0,5.458474085959331
1.444,20,sbps,-0.0,5.458474085959331
1.444,20,prculs-d,0.0,5.458474085959331
1.444,20,prcus-p,0.21500464919257922,5.458474085959331
1.444,20,prcus-i,-0.0,5.458474085959331
1.444,20,prcus-a,0.0,5.458474085959331
1.444,20,ifrms,-0.5507939726936736,5.458474085959331
1.444,20,sspls-v,0.0,5.458474085959331
1.444,21,mcgs,0.0,5.63469565763326
1.444,21,pos,-0.0,5.63469565763326
1.444,21,sbps,-0.0,5.63469565763326
1.444,21,prculs-d,-0.0,5.63469565763326
1.444,21,prcus-p,0.4308903609874267,5.63469565763326
1.444,21,prcus-i,-0.0,5.63469565763326
1.444,21,prcus-a,0.0,5.63469565763326
1.444,21,ifrms,-0.1801957076554803,5.63469565763326
1.444,21,sspls-v,0.0,5.63469565763326
1.444,22,mcgs,0.0,5.709597976598421
1.444,22,pos,-0.0,5.709597976598421
1.444,22,sbps,-0.0,5.709597976598421
1.444,22,prculs-d,-0.0,5.709597976598421
1.444,22,prcus-p,0.395378835090547,5.709597976598421
1.444,22,prcus-i,-0.0,5.709597976598421
1.444,22,prcus-a,0.0,5.709597976598421
1.444,22,ifrms,-0.31279639233483525,5.709597976598421
1.444,22,sspls-v,0.0,5.709597976598421
1.444,23,mcgs,0.0,5.58196519649929
1.444,23,pos,-0.0,5.58196519649929
1.444,23,sbps,-0.0,5.58196519649929
1.444,23,prculs-d,-0.0,5.58196519649929
1.444,23,prcus-p,0.4585461546907749,5.58196519649929
1.444,23,prcus-i,-0.0,5.58196519649929
1.444,23,prcus-a,0.0,5.58196519649929
1.444,23,ifrms,-0.3213633924400819,5.58196519649929
1.444,23,sspls-v,0.0,5.58196519649929
1.444,24,mcgs,0.0,5.5538529530917025
1.444,24,pos,-0.0,5.5538529530917025
1.444,24,sbps,-0.0,5.5538529530917025
1.444,24,prculs-d,-0.0,5.5538529530917025
1.444,24,prcus-p,0.21004184612111992,5.5538529530917025
1.444,24,prcus-i,-0.0,5.5538529530917025
1.444,24,prcus-a,0.0,5.5538529530917025
1.444,24,ifrms,-0.33718762584764717,5.5538529530917025
1.444,24,sspls-v,0.0,5.5538529530917025
1.444,25,mcgs,0.0,5.722375005845835
1.444,25,pos,-0.0,5.722375005845835
1.444,25,sbps,-0.0,5.722375005845835
1.444,25,prculs-d,-0.0,5.722375005845835
1.444,25,prcus-p,0.4006231722418039,5.722375005845835
1.444,25,prcus-i,-0.0,5.722375005845835
1.444,25,prcus-a,0.0,5.722375005845835
1.444,25,ifrms,-0.3233725496910517,5.722375005845835
1.444,25,sspls-v,0.0,5.722375005845835
1.444,26,mcgs,0.0,5.661427997963595
1.444,26,pos,-0.0,5.661427997963595
1.444,26,sbps,-0.0,5.661427997963595
1.444,26,prculs-d,-0.0,5.661427997963595
1.444,26,prcus-p,0.39762337549340543,5.661427997963595
1.444,26,prcus-i,-0.0,5.661427997963595
1.444,26,prcus-a,0.0,5.661427997963595
1.444,26,ifrms,-0.2554401370048569,5.661427997963595
1.444,26,sspls-v,0.0,5.661427997963595
1.444,27,mcgs,0.0,5.64548964136132
1.444,27,pos,-0.0,5.64548964136132
1.444,27,sbps,-0.0,5.64548964136132
1.444,27,prculs-d,-0.0,5.64548964136132
1.444,27,prcus-p,0.3880090424741622,5.64548964136132
1.444,27,prcus-i,-0.0,5.64548964136132
1.444,27,prcus-a,-0.0,5.64548964136132
1.444,27,ifrms,-0.3455323432549637,5.64548964136132
1.444,27,sspls-v,0.0,5.64548964136132
1.444,28,mcgs,0.0,5.72801208443355
1.444,28,pos,-0.0,5.72801208443355
1.444,28,sbps,-0.0,5.72801208443355
1.444,28,prculs-d,-0.0,5.72801208443355
1.444,28,prcus-p,0.4268127614849868,5.72801208443355
1.444,28,prcus-i,-0.0,5.72801208443355
1.444,28,prcus-a,0.0,5.72801208443355
1.444,28,ifrms,-0.3039857560256893,5.72801208443355
1.444,28,sspls-v,0.0,5.72801208443355
1.444,29,mcgs,0.0,5.343908868095533
1.444,29,pos,-0.0,5.343908868095533
1.444,29,sbps,-0.0,5.343908868095533
1.444,29,prculs-d,0.0,5.343908868095533
1.444,29,prcus-p,0.0,5.343908868095533
1.444,29,prcus-i,0.0,5.343908868095533
1.444,29,prcus-a,0.0,5.343908868095533
1.444,29,ifrms,-0.49190361290152335,5.343908868095533
1.444,29,sspls-v,0.0,5.343908868095533
1.444,30,mcgs,0.0,5.6099280160987535
1.444,30,pos,-0.0,5.6099280160987535
1.444,30,sbps,-0.0,5.6099280160987535
1.444,30,prculs-d,-0.0,5.6099280160987535
1.444,30,prcus-p,0.3587231018224208,5.6099280160987535
1.444,30,prcus-i,-0.0,5.6099280160987535
1.444,30,prcus-a,0.0,5.6099280160987535
1.444,30,ifrms,-0.46540356724853343,5.6099280160987535
1.444,30,sspls-v,0.0,5.6099280160987535
1.444,31,mcgs,0.0,5.522387514836306
1.444,31,pos,-0.0,5.522387514836306
1.444,31,sbps,-0.0,5.522387514836306
1.444,31,prculs-d,-0.0,5.522387514836306
1.444,31,prcus-p,0.2781942335985572,5.522387514836306
1.444,31,prcus-i,-0.0,5.522387514836306
1.444,31,prcus-a,0.0,5.522387514836306
1.444,31,ifrms,-0.21761953471430762,5.522387514836306
1.444,31,sspls-v,0.0,5.522387514836306
1.444,32,mcgs,0.0,5.553966259782995
1.444,32,pos,-0.0,5.553966259782995
1.444,32,sbps,-0.0,5.553966259782995
1.444,32,prculs-d,-0.0,5.553966259782995
1.444,32,prcus-p,0.33157794585598055,5.553966259782995
1.444,32,prcus-i,-0.0,5.553966259782995
1.444,32,prcus-a,0.0,5.553966259782995
1.444,32,ifrms,-0.19460428127454468,5.553966259782995
1.444,32,sspls-v,0.0,5.553966259782995
1.444,33,mcgs,0.0,5.665211564155176
1.444,33,pos,-0.0,5.665211564155176
1.444,33,sbps,-0.0,5.665211564155176
1.444,33,prculs-d,-0.0,5.665211564155176
1.444,33,prcus-p,0.4421361785196878,5.665211564155176
1.444,33,prcus-i,-0.0,5.665211564155176
1.444,33,prcus-a,0.0,5.665211564155176
1.444,33,ifrms,-0.2746044299183197,5.665211564155176
1.444,33,sspls-v,0.0,5.665211564155176
1.444,34,mcgs,0.0,5.558892475319148
1.444,34,pos,-0.0,5.558892475319148
1.444,34,sbps,-0.0,5.558892475319148
1.444,34,prculs-d,-0.0,5.558892475319148
1.444,34,prcus-p,0.5314227797528177,5.558892475319148
1.444,34,prcus-i,-0.0,5.558892475319148
1.444,34,prcus-a,-0.0,5.558892475319148
1.444,34,ifrms,-0.3457174864706519,5.558892475319148
1.444,34,sspls-v,0.0,5.558892475319148
1.543,0,mcgs,0.0,5.687898782182069
1.543,0,pos,-0.0,5.687898782182069
1.543,0,sbps,-0.0,5.687898782182069
1.543,0,prculs-d,-0.0,5.687898782182069
1.543,0,prcus-p,0.2847613378175069,5.687898782182069
1.543,0,prcus-i,-0.0,5.687898782182069
1.543,0,prcus-a,0.0,5.687898782182069
1.543,0,ifrms,-0.2155929707965749,5.687898782182069
1.543,0,sspls-v,0.0,5.687898782182069
1.543,1,mcgs,0.0,5.594805516696817
1.543,1,pos,-0.0,5.594805516696817
1.543,1,sbps,-0.0,5.594805516696817
1.543,1,prculs-d,-0.0,5.594805516696817
1.543,1,prcus-p,0.3161698753188894,5.594805516696817
1.543,1,prcus-i,-0.0,5.594805516696817
1.543,1,prcus-a,0.0,5.594805516696817
1.543,1,ifrms,-0.11861754772065494,5.594805516696817
1.543,1,sspls-v,0.0,5.594805516696817
1.543,2,mcgs,0.0,5.5340603734540466
1.543,2,pos,-0.0,5.5340603734540466
1.543,2,sbps,-0.0,5.5340603734540466
1.543,2,prculs-d,-0.0,5.5340603734540466
1.543,2,prcus-p,0.04732751868109125,5.5340603734540466
1.543,2,prcus-i,-0.0,5.5340603734540466
1.543,2,prcus-a,-0.0,5.5340603734540466
1.543,2,ifrms,-0.07773708883184227,5.5340603734540466
1.543,2,sspls-v,0.0,5.5340603734540466
1.543,3,mcgs,0.0,5.548716279072565
1.543,3,pos,-0.0,5.548716279072565
1.543,3,sbps,-0.0,5.548716279072565
1.543,3,prculs-d,-0.0,5.548716279072565
1.543,3,prcus-p,0.0,5.548716279072565
1.543,3,prcus-i,-0.0,5.548716279072565
1.543,3,prcus-a,0.0,5.548716279072565
1.543,3,ifrms,-0.25963319539096474,5.548716279072565
1.543,3,sspls-v,0.0,5.548716279072565
1.543,4,mcgs,0.0,5.430673516356511
1.543,4,pos,-0.0,5.430673516356511
1.543,4,sbps,-0.0,5.430673516356511
1.543,4,prculs-d,-0.0,5.430673516356511
1.543,4,prcus-p,0.22982394771318773,5.430673516356511
1.543,4,prcus-i,-0.0,5.430673516356511
1.543,4,prcus-a,-0.0,5.430673516356511
1.543,4,ifrms,-0.6229338348569915,5.430673516356511
1.543,4,sspls-v,0.0,5.430673516356511
1.543,5,mcgs,0.0,5.518575824237049
1.543,5,pos,-0.0,5.518575824237049
1.543,5,sbps,-0.0,5.518575824237049
1.543,5,prculs-d,-0.0,5.518575824237049
1.543,5,prcus-p,0.3461704336348781,5.518575824237049
1.543,5,prcus-i,-0.0,5.518575824237049
1.543,5,prcus-a,0.0,5.518575824237049
1.543,5,ifrms,-0.16268296615251146,5.518575824237049
1.543,5,sspls-v,0.0,5.518575824237049
1.543,6,mcgs,0.0,5.707088765210351
1.543,6,pos,-0.0,5.707088765210351
1.543,6,sbps,-0.0,5.707088765210351
1.543,6,prculs-d,-0.0,5.707088765210351
1.543,6,prcus-p,0.27701312296167824,5.707088765210351
1.543,6,prcus-i,-0.0,5.707088765210351
1.543,6,prcus-a,0.0,5.707088765210351
1.543,6,ifrms,-0.2088140073934476,5.707088765210351
1.543,6,sspls-v,0.0,5.707088765210351
1.543,7,mcgs,0.0,5.289112937963942
1.543,7,pos,-0.0,5.289112937963942
1.543,7,sbps,-0.0,5.289112937963942
1.543,7,prculs-d,-0.0,5.289112937963942
1.543,7,prcus-p,0.0,5.289112937963942
1.543,7,prcus-i,-0.0,5.289112937963942
1.543,7,prcus-a,0.0,5.289112937963942
1.543,7,ifrms,-0.0,5.289112937963942
1.543,7,sspls-v,0.0,5.289112937963942
1.543,8,mcgs,0.0,5.471869327392943
1.543,8,pos,-0.0,5.471869327392943
1.543,8,sbps,-0.0,5.471869327392943
1.543,8,prculs-d,-0.0,5.471869327392943
1.543,8,prcus-p,0.02328817750785941,5.471869327392943
1.543,8,prcus-i,-0.0,5.471869327392943
1.543,8,prcus-a,0.0,5.471869327392943
1.543,8,ifrms,-0.03248513812610868,5.471869327392943
1.543,8,sspls-v,0.0,5.471869327392943
1.543,9,mcgs,0.0,5.69852502255759
1.543,9,pos,-0.0,5.69852502255759
1.543,9,sbps,-0.0,5.69852502255759
1.543,9,prculs-d,-0.0,5.69852502255759
1.543,9,prcus-p,0.31550826474032845,5.69852502255759
1.543,9,prcus-i,-0.0,5.69852502255759
1.543,9,prcus-a,0.0,5.69852502255759
1.543,9,ifrms,-0.19414265236517256,5.69852502255759
1.543,9,sspls-v,0.0,5.69852502255759
1.543,10,mcgs,0.0,5.636630858144451
1.543,10,pos,-0.0,5.636630858144451
1.543,10,sbps,-0.0,5.636630858144451
1.543,10,prculs-d,-0.0,5.636630858144451
1.543,10,prcus-p,0.23785457459614037,5.636630858144451
1.543,10,prcus-i,-0.0,5.636630858144451
1.543,10,prcus-a,0.0,5.636630858144451
1.543,10,ifrms,-0.16785324300088897,5.636630858144451
1.543,10,sspls-v,0.0,5.636630858144451
1.543,11,mcgs,0.0,5.742481238226733
1.543,11,pos,-0.0,5.742481238226733
1.543,11,sbps,-0.0,5.742481238226733
1.543,11,prculs-d,-0.0,5.742481238226733
1.543,11,prcus-p,0.3006983731457924,5.742481238226733
1.543,11,prcus-i,-0.0,5.742481238226733
1.543,11,prcus-a,0.0,5.742481238226733
1.543,11,ifrms,-0.2445285101147121,5.742481238226733
1.543,11,sspls-v,0.0,5.742481238226733
1.543,12,mcgs,0.0,5.313506494511705
1.543,12,pos,-0.0,5.313506494511705
1.543,12,sbps,-0.0,5.313506494511705
1.543,12,prculs-d,-0.0,5.313506494511705
1.543,12,prcus-p,0.6123135701627649,5.313506494511705
1.543,12,prcus-i,0.0,5.313506494511705
1.543,12,prcus-a,-0.0,5.313506494511705
1.543,12,ifrms,-0.37607689396898886,5.313506494511705
1.543,12,sspls-v,0.0,5.313506494511705
1.543,13,mcgs,0.0,5.473841866809086
1.543,13,pos,-0.0,5.473841866809086
1.543,13,sbps,-0.0,5.473841866809086
1.543,13,prculs-d,-0.0,5.473841866809086
1.543,13,prcus-p,0.41026054460062783,5.473841866809086
1.543,13,prcus-i,-0.0,5.473841866809086
1.543,13,prcus-a,0.0,5.473841866809086
1.543,13,ifrms,-0.021418022189341794,5.473841866809086
1.543,13,sspls-v,0.0,5.473841866809086
1.543,14,mcgs,-0.0,5.40983682083792
1.543,14,pos,-0.0,5.40983682083792
1.543,14,sbps,-0.0,5.40983682083792
1.543,14,prculs-d,-0.0,5.40983682083792
1.543,14,prcus-p,0.6557984265530515,5.40983682083792
1.543,14,prcus-i,-0.0,5.40983682083792
1.543,14,prcus-a,0.0,5.40983682083792
1.543,14,ifrms,-0.05587416698238101,5.40983682083792
1.543,14,sspls-v,0.0,5.40983682083792
1.543,15,mcgs,0.0,5.391958335236388
1.543,15,pos,-0.0,5.391958335236388
1.543,15,sbps,-0.0,5.391958335236388
1.543,15,prculs-d,0.0,5.391958335236388
1.543,15,prcus-p,0.25626160154861727,5.391958335236388
1.543,15,prcus-i,-0.0,5.391958335236388
1.543,15,prcus-a,0.0,5.391958335236388
1.543,15,ifrms,-0.0,5.391958335236388
1.543,15,sspls-v,0.0,5.391958335236388
1.543,16,mcgs,0.0,5.586978023747323
1.543,16,pos,-0.0,5.586978023747323
1.543,16,sbps,-0.0,5.586978023747323
1.543,16,prculs-d,-0.0,5.586978023747323
1.543,16,prcus-p,0.4648875697641876,5.586978023747323
1.543,16,prcus-i,-0.0,5.586978023747323
1.543,16,prcus-a,0.0,5.586978023747323
1.543,16,ifrms,-0.3819940238860234,5.586978023747323
1.543,16,sspls-v,0.0,5.586978023747323
1.543,17,mcgs,0.0,5.504521954785487
1.543,17,pos,-0.0,5.504521954785487
1.543,17,sbps,-0.0,5.504521954785487
1.543,17,prculs-d,-0.0,5.504521954785487
1.543,17,prcus-p,0.3114022884203617,5.504521954785487
1.543,17,prcus-i,-0.0,5.504521954785487
1.543,17,prcus-a,0.0,5.504521954785487
1.543,17,ifrms,-0.03814563465111805,5.504521954785487
1.543,17,sspls-v,0.0,5.504521954785487
1.543,18,mcgs,0.0,5.726781439047352
1.543,18,pos,-0.0,5.726781439047352
1.543,18,sbps,-0.0,5.726781439047352
1.543,18,prculs-d,-0.0,5.726781439047352
1.543,18,prcus-p,0.4769242822213966,5.726781439047352
1.543,18,prcus-i,-0.0,5.726781439047352
1.543,18,prcus-a,0.0,5.726781439047352
1.543,18,ifrms,-0.19019668015181657,5.726781439047352
1.543,18,sspls-v,0.0,5.726781439047352
1.543,19,mcgs,0.0,5.46787624885547
1.543,19,pos,-0.0,5.46787624885547
1.543,19,sbps,-0.0,5.46787624885547
1.543,19,prculs-d,-0.0,5.46787624885547
1.543,19,prcus-p,0.5644920985693399,5.46787624885547
1.543,19,prcus-i,-0.0,5.46787624885547
1.543,19,prcus-a,0.0,5.46787624885547
1.543,19,ifrms,-0.28113270912760013,5.46787624885547
1.543,19,sspls-v,0.0,5.46787624885547
1.543,20,mcgs,0.0,5.467568244211094
1.543,20,pos,-0.0,5.467568244211094
1.543,20,sbps,-0.0,5.467568244211094
1.543,20,prculs-d,0.0,5.467568244211094
1.543,20,prcus-p,0.12349646646544823,5.467568244211094
1.543,20,prcus-i,-0.0,5.467568244211094
1.543,20,prcus-a,0.0,5.467568244211094
1.543,20,ifrms,-0.4592857924073133,5.467568244211094
1.543,20,sspls-v,0.0,5.467568244211094
1.543,21,mcgs,0.0,5.643471200459843
1.543,21,pos,-0.0,5.643471200459843
1.543,21,sbps,-0.0,5.643471200459843
1.543,21,prculs-d,-0.0,5.643471200459843
1.543,21,prcus-p,0.3381143957907416,5.643471200459843
1.543,21,prcus-i,-0.0,5.643471200459843
1.543,21,prcus-a,0.0,5.643471200459843
1.543,21,ifrms,-0.08741961688490613,5.643471200459843
1.543,21,sspls-v,0.0,5.643471200459843
1.543,22,mcgs,0.0,5.730312422482124
1.543,22,pos,-0.0,5.730312422482124
1.543,22,sbps,-0.0,5.730312422482124
1.543,22,prculs-d,-0.0,5.730312422482124
1.543,22,prcus-p,0.3010799045903879,5.730312422482124
1.543,22,prcus-i,-0.0,5.730312422482124
1.543,22,prcus-a,0.0,5.730312422482124
1.543,22,ifrms,-0.21849749232056048,5.730312422482124
1.543,22,sspls-v,0.0,5.730312422482124
1.543,23,mcgs,0.0,5.606935934315653
1.543,23,pos,-0.0,5.606935934315653
1.543,23,sbps,-0.0,5.606935934315653
1.543,23,prculs-d,-0.0,5.606935934315653
1.543,23,prcus-p,0.36452424445855114,5.606935934315653
1.543,23,prcus-i,-0.0,5.606935934315653
1.543,23,prcus-a,0.0,5.606935934315653
1.543,23,ifrms,-0.2273413830139764,5.606935934315653
1.543,23,sspls-v,0.0,5.606935934315653
1.543,24,mcgs,0.0,5.561214638875355
1.543,24,pos,-0.0,5.561214638875355
1.543,24,sbps,-0.0,5.561214638875355
1.543,24,prculs-d,-0.0,5.561214638875355
1.543,24,prcus-p,0.11669825722603715,5.561214638875355
1.543,24,prcus-i,-0.0,5.561214638875355
1.543,24,prcus-a,0.0,5.561214638875355
1.543,24,ifrms,-0.24384403724961537,5.561214638875355
1.543,24,sspls-v,0.0,5.561214638875355
1.543,25,mcgs,0.0,5.740209906783405
1.543,25,pos,-0.0,5.740209906783405
1.543,25,sbps,-0.0,5.740209906783405
1.543,25,prculs-d,-0.0,5.740209906783405
1.543,25,prcus-p,0.3089821949731618,5.740209906783405
1.543,25,prcus-i,-0.0,5.740209906783405
1.543,25,prcus-a,0.0,5.740209906783405
1.543,25,ifrms,-0.23173157455422289,5.740209906783405
1.543,25,sspls-v,0.0,5.740209906783405
1.543,26,mcgs,0.0,5.676543243267753
1.543,26,pos,-0.0,5.676543243267753
1.543,26,sbps,-0.0,5.676543243267753
1.543,26,prculs-d,-0.0,5.676543243267753
1.543,26,prcus-p,0.30418342035424645,5.676543243267753
1.543,26,prcus-i,-0.0,5.676543243267753
1.543,26,prcus-a,0.0,5.676543243267753
1.543,26,ifrms,-0.16200018212718825,5.676543243267753
1.543,26,sspls-v,0.0,5.676543243267753
1.543,27,mcgs,0.0,5.672820682473218
1.543,27,pos,-0.0,5.672820682473218
1.543,27,sbps,-0.0,5.672820682473218
1.543,27,prculs-d,-0.0,5.672820682473218
1.543,27,prcus-p,0.2943244358633037,5.672820682473218
1.543,27,prcus-i,-0.0,5.672820682473218
1.543,27,prcus-a,-0.0,5.672820682473218
1.543,27,ifrms,-0.25184773683147743,5.672820682473218
1.543,27,sspls-v,0.0,5.672820682473218
1.543,28,mcgs,0.0,5.748865530533796
1.543,28,pos,-0.0,5.748865530533796
1.543,28,sbps,-0.0,5.748865530533796
1.543,28,prculs-d,-0.0,5.748865530533796
1.543,28,prcus-p,0.3326726699031569,5.748865530533796
1.543,28,prcus-i,-0.0,5.748865530533796
1.543,28,prcus-a,0.0,5.748865530533796
1.543,28,ifrms,-0.20984570074487358,5.748865530533796
1.543,28,sspls-v,0.0,5.748865530533796
1.543,29,mcgs,0.0,5.353195082021818
1.543,29,pos,-0.0,5.353195082021818
1.543,29,sbps,-0.0,5.353195082021818
1.543,29,prculs-d,0.0,5.353195082021818
1.543,29,prcus-p,0.0,5.353195082021818
1.543,29,prcus-i,0.0,5.353195082021818
1.543,29,prcus-a,0.0,5.353195082021818
1.543,29,ifrms,-0.3929036129015233,5.353195082021818
1.543,29,sspls-v,0.0,5.353195082021818
1.543,30,mcgs,0.0,5.631161007815642
1.543,30,pos,-0.0,5.631161007815642
1.543,30,sbps,-0.0,5.631161007815642
1.543,30,prculs-d,-0.0,5.631161007815642
1.543,30,prcus-p,0.26670378687793256,5.631161007815642
1.543,30,prcus-i,-0.0,5.631161007815642
1.543,30,prcus-a,0.0,5.631161007815642
1.543,30,ifrms,-0.3733842537354728,5.631161007815642
1.543,30,sspls-v,0.0,5.631161007815642
1.543,31,mcgs,0.0,5.524651007460673
1.543,31,pos,-0.0,5.524651007460673
1.543,31,sbps,-0.0,5.524651007460673
1.543,31,prculs-d,-0.0,5.524651007460673
1.543,31,prcus-p,0.18368893186198818,5.524651007460673
1.543,31,prcus-i,-0.0,5.524651007460673
1.543,31,prcus-a,0.0,5.524651007460673
1.543,31,ifrms,-0.12311425706950734,5.524651007460673
1.543,31,sspls-v,0.0,5.524651007460673
1.543,32,mcgs,0.0,5.556902714802243
1.543,32,pos,-0.0,5.556902714802243
1.543,32,sbps,-0.0,5.556902714802243
1.543,32,prculs-d,-0.0,5.556902714802243
1.543,32,prcus-p,0.23711015769899071,5.556902714802243
1.543,32,prcus-i,-0.0,5.556902714802243
1.543,32,prcus-a,0.0,5.556902714802243
1.543,32,ifrms,-0.10013651828154604,5.556902714802243
1.543,32,sspls-v,0.0,5.556902714802243
1.543,33,mcgs,0.0,5.685947210856064
1.543,33,pos,-0.0,5.685947210856064
1.543,33,sbps,-0.0,5.685947210856064
1.543,33,prculs-d,-0.0,5.685947210856064
1.543,33,prcus-p,0.34905932916841764,5.685947210856064
1.543,33,prcus-i,-0.0,5.685947210856064
1.543,33,prcus-a,0.0,5.685947210856064
1.543,33,ifrms,-0.18152758098547017,5.685947210856064
1.543,33,sspls-v,0.0,5.685947210856064
1.543,34,mcgs,0.0,5.596325382183624
1.543,34,pos,-0.0,5.596325382183624
1.543,34,sbps,-0.0,5.596325382183624
1.543,34,prculs-d,-0.0,5.596325382183624
1.543,34,prcus-p,0.4367893533942572,5.596325382183624
1.543,34,prcus-i,-0.0,5.596325382183624
1.543,34,prcus-a,-0.0,5.596325382183624
1.543,34,ifrms,-0.2510840808195407,5.596325382183624
1.543,34,sspls-v,0.0,5.596325382183624
1.65,0,mcgs,0.0,5.692594401371012
1.65,0,pos,-0.0,5.692594401371012
1.65,0,sbps,-0.0,5.692594401371012
1.65,0,prculs-d,-0.0,5.692594401371012
1.65,0,prcus-p,0.18333585504309807,5.692594401371012
1.65,0,prcus-i,-0.0,5.692594401371012
1.65,0,prcus-a,-0.0,5.692594401371012
1.65,0,ifrms,-0.11416748818427432,5.692594401371012
1.65,0,sspls-v,0.0,5.692594401371012
1.65,1,mcgs,0.0,5.587509822832107
1.65,1,pos,-0.0,5.587509822832107
1.65,1,sbps,-0.0,5.587509822832107
1.65,1,prculs-d,-0.0,5.587509822832107
1.65,1,prcus-p,0.2148231242781394,5.587509822832107
1.65,1,prcus-i,-0.0,5.587509822832107
1.65,1,prcus-a,0.0,5.587509822832107
1.65,1,ifrms,-0.017270854469196788,5.587509822832107
1.65,1,sspls-v,0.0,5.587509822832107
1.65,2,mcgs,0.0,5.5073151575595505
1.65,2,pos,-0.0,5.5073151575595505
1.65,2,sbps,-0.0,5.5073151575595505
1.65,2,prculs-d,-0.0,5.5073151575595505
1.65,2,prcus-p,0.0,5.5073151575595505
1.65,2,prcus-i,-0.0,5.5073151575595505
1.65,2,prcus-a,-0.0,5.5073151575595505
1.65,2,ifrms,-0.0,5.5073151575595505
1.65,2,sspls-v,0.0,5.5073151575595505
1.65,3,mcgs,0.0,5.529398731754465
1.65,3,pos,-0.0,5.529398731754465
1.65,3,sbps,-0.0,5.529398731754465
1.65,3,prculs-d,-0.0,5.529398731754465
1.65,3,prcus-p,0.0,5.529398731754465
1.65,3,prcus-i,-0.0,5.529398731754465
1.65,3,prcus-a,0.0,5.529398731754465
1.65,3,ifrms,-0.1526331953909648,5.529398731754465
1.65,3,sspls-v,0.0,5.529398731754465
1.65,4,mcgs,0.0,5.45673702747388
1.65,4,pos,-0.0,5.45673702747388
1.65,4,sbps,-0.0,5.45673702747388
1.65,4,prculs-d,-0.0,5.45673702747388
1.65,4,prcus-p,0.1295377480883021,5.45673702747388
1.65,4,prcus-i,-0.0,5.45673702747388
1.65,4,prcus-a,-0.0,5.45673702747388
1.65,4,ifrms,-0.5226476358769795,5.45673702747388
1.65,4,sspls-v,0.0,5.45673702747388
1.65,5,mcgs,0.0,5.520607933544413
1.65,5,pos,-0.0,5.520607933544413
1.65,5,sbps,-0.0,5.520607933544413
1.65,5,prculs-d,-0.0,5.520607933544413
1.65,5,prcus-p,0.24480532456005016,5.520607933544413
1.65,5,prcus-i,-0.0,5.520607933544413
1.65,5,prcus-a,0.0,5.520607933544413
1.65,5,ifrms,-0.06131791388323462,5.520607933544413
1.65,5,sspls-v,0.0,5.520607933544413
1.65,6,mcgs,0.0,5.707471590391801
1.65,6,pos,-0.0,5.707471590391801
1.65,6,sbps,-0.0,5.707471590391801
1.65,6,prculs-d,-0.0,5.707471590391801
1.65,6,prcus-p,0.1753145780319493,5.707471590391801
1.65,6,prcus-i,-0.0,5.707471590391801
1.65,6,prcus-a,0.0,5.707471590391801
1.65,6,ifrms,-0.1071154193119931,5.707471590391801
1.65,6,sspls-v,0.0,5.707471590391801
1.65,7,mcgs,0.0,5.27744241151582
1.65,7,pos,-0.0,5.27744241151582
1.65,7,sbps,-0.0,5.27744241151582
1.65,7,prculs-d,-0.0,5.27744241151582
1.65,7,prcus-p,0.0,5.27744241151582
1.65,7,prcus-i,-0.0,5.27744241151582
1.65,7,prcus-a,0.0,5.27744241151582
1.65,7,ifrms,-0.0,5.27744241151582
1.65,7,sspls-v,0.0,5.27744241151582
1.65,8,mcgs,0.0,5.4238821708579135
1.65,8,pos,-0.0,5.4238821708579135
1.65,8,sbps,-0.0,5.4238821708579135
1.65,8,prculs-d,-0.0,5.4238821708579135
1.65,8,prcus-p,0.0,5.4238821708579135
1.65,8,prcus-i,-0.0,5.4238821708579135
1.65,8,prcus-a,0.0,5.4238821708579135
1.65,8,ifrms,-0.0,5.4238821708579135
1.65,8,sspls-v,0.0,5.4238821708579135
1.65,9,mcgs,0.0,5.70276931936895
1.65,9,pos,-0.0,5.70276931936895
1.65,9,sbps,-0.0,5.70276931936895
1.65,9,prculs-d,-0.0,5.70276931936895
1.65,9,prcus-p,0.21423320980233618,5.70276931936895
1.65,9,prcus-i,-0.0,5.70276931936895
1.65,9,prcus-a,0.0,5.70276931936895
1.65,9,ifrms,-0.09286754117271784,5.70276931936895
1.65,9,sspls-v,0.0,5.70276931936895
1.65,10,mcgs,0.0,5.623611829983978
1.65,10,pos,-0.0,5.623611829983978
1.65,10,sbps,-0.0,5.623611829983978
1.65,10,prculs-d,-0.0,5.623611829983978
1.65,10,prcus-p,0.13555478967585866,5.623611829983978
1.65,10,prcus-i,-0.0,5.623611829983978
1.65,10,prcus-a,0.0,5.623611829983978
1.65,10,ifrms,-0.06555347998892104,5.623611829983978
1.65,10,sspls-v,0.0,5.623611829983978
1.65,11,mcgs,0.0,5.74862860166837
1.65,11,pos,-0.0,5.74862860166837
1.65,11,sbps,-0.0,5.74862860166837
1.65,11,prculs-d,-0.0,5.74862860166837
1.65,11,prcus-p,0.1984129154435226,5.74862860166837
1.65,11,prcus-i,-0.0,5.74862860166837
1.65,11,prcus-a,0.0,5.74862860166837
1.65,11,ifrms,-0.14224307467229358,5.74862860166837
1.65,11,sspls-v,0.0,5.74862860166837
1.65,12,mcgs,0.0,5.332036006387689
1.65,12,pos,-0.0,5.332036006387689
1.65,12,sbps,-0.0,5.332036006387689
1.65,12,prculs-d,-0.0,5.332036006387689
1.65,12,prcus-p,0.5098351726781976,5.332036006387689
1.65,12,prcus-i,-0.0,5.332036006387689
1.65,12,prcus-a,-0.0,5.332036006387689
1.65,12,ifrms,-0.2735985143778115,5.332036006387689
1.65,12,sspls-v,0.0,5.332036006387689
1.65,13,mcgs,0.0,5.461671215190406
1.65,13,pos,-0.0,5.461671215190406
1.65,13,sbps,-0.0,5.461671215190406
1.65,13,prculs-d,-0.0,5.461671215190406
1.65,13,prcus-p,0.3046023432883361,5.461671215190406
1.65,13,prcus-i,-0.0,5.461671215190406
1.65,13,prcus-a,0.0,5.461671215190406
1.65,13,ifrms,-0.0,5.461671215190406
1.65,13,sspls-v,0.0,5.461671215190406
1.65,14,mcgs,-0.0,5.41595809033979
1.65,14,pos,-0.0,5.41595809033979
1.65,14,sbps,-0.0,5.41595809033979
1.65,14,prculs-d,-0.0,5.41595809033979
1.65,14,prcus-p,0.5528673373766513,5.41595809033979
1.65,14,prcus-i,-0.0,5.41595809033979
1.65,14,prcus-a,0.0,5.41595809033979
1.65,14,ifrms,-0.0,5.41595809033979
1.65,14,sspls-v,0.0,5.41595809033979
1.65,15,mcgs,0.0,5.357815939159951
1.65,15,pos,-0.0,5.357815939159951
1.65,15,sbps,-0.0,5.357815939159951
1.65,15,prculs-d,0.0,5.357815939159951
1.65,15,prcus-p,0.14926160154861737,5.357815939159951
1.65,15,prcus-i,-0.0,5.357815939159951
1.65,15,prcus-a,0.0,5.357815939159951
1.65,15,ifrms,-0.0,5.357815939159951
1.65,15,sspls-v,0.0,5.357815939159951
1.65,16,mcgs,0.0,5.628414394869721
1.65,16,pos,-0.0,5.628414394869721
1.65,16,sbps,-0.0,5.628414394869721
1.65,16,prculs-d,-0.0,5.628414394869721
1.65,16,prcus-p,0.3573636206504042,5.628414394869721
1.65,16,prcus-i,-0.0,5.628414394869721
1.65,16,prcus-a,0.0,5.628414394869721
1.65,16,ifrms,-0.2744700747719457,5.628414394869721
1.65,16,sspls-v,0.0,5.628414394869721
1.65,17,mcgs,0.0,5.479504809689617
1.65,17,pos,-0.0,5.479504809689617
1.65,17,sbps,-0.0,5.479504809689617
1.65,17,prculs-d,-0.0,5.479504809689617
1.65,17,prcus-p,0.20649134589934065,5.479504809689617
1.65,17,prcus-i,-0.0,5.479504809689617
1.65,17,prcus-a,0.0,5.479504809689617
1.65,17,ifrms,-0.0,5.479504809689617
1.65,17,sspls-v,0.0,5.479504809689617
1.65,18,mcgs,0.0,5.741909516943405
1.65,18,pos,-0.0,5.741909516943405
1.65,18,sbps,-0.0,5.741909516943405
1.65,18,prculs-d,-0.0,5.741909516943405
1.65,18,prcus-p,0.3827789419555555,5.741909516943405
1.65,18,prcus-i,-0.0,5.741909516943405
1.65,18,prcus-a,0.0,5.741909516943405
1.65,18,ifrms,-0.0960514345616615,5.741909516943405
1.65,18,sspls-v,0.0,5.741909516943405
1.65,19,mcgs,0.0,5.508740965196543
1.65,19,pos,-0.0,5.508740965196543
1.65,19,sbps,-0.0,5.508740965196543
1.65,19,prculs-d,-0.0,5.508740965196543
1.65,19,prcus-p,0.4620054139556925,5.508740965196543
1.65,19,prcus-i,-0.0,5.508740965196543
1.65,19,prcus-a,0.0,5.508740965196543
1.65,19,ifrms,-0.1786460422367999,5.508740965196543
1.65,19,sspls-v,0.0,5.508740965196543
1.65,20,mcgs,0.0,5.484665470143941
1.65,20,pos,-0.0,5.484665470143941
1.65,20,sbps,-0.0,5.484665470143941
1.65,20,prculs-d,0.0,5.484665470143941
1.65,20,prcus-p,0.024593683113902642,5.484665470143941
1.65,20,prcus-i,-0.0,5.484665470143941
1.65,20,prcus-a,0.0,5.484665470143941
1.65,20,ifrms,-0.36038301169377257,5.484665470143941
1.65,20,sspls-v,0.0,5.484665470143941
1.65,21,mcgs,0.0,5.635975435362795
1.65,21,pos,-0.0,5.635975435362795
1.65,21,sbps,-0.0,5.635975435362795
1.65,21,prculs-d,-0.0,5.635975435362795
1.65,21,prcus-p,0.23697885420690767,5.635975435362795
1.65,21,prcus-i,-0.0,5.635975435362795
1.65,21,prcus-a,0.0,5.635975435362795
1.65,21,ifrms,-0.0,5.635975435362795
1.65,21,sspls-v,0.0,5.635975435362795
1.65,22,mcgs,0.0,5.732374549222982
1.65,22,pos,-0.0,5.732374549222982
1.65,22,sbps,-0.0,5.732374549222982
1.65,22,prculs-d,-0.0,5.732374549222982
1.65,22,prcus-p,0.19916085849425605,5.732374549222982
1.65,22,prcus-i,-0.0,5.732374549222982
1.65,22,prcus-a,0.0,5.732374549222982
1.65,22,ifrms,-0.11657847917381983,5.732374549222982
1.65,22,sspls-v,0.0,5.732374549222982
1.65,23,mcgs,0.0,5.62240553871628
1.65,23,pos,-0.0,5.62240553871628
1.65,23,sbps,-0.0,5.62240553871628
1.65,23,prculs-d,-0.0,5.62240553871628
1.65,23,prcus-p,0.2629044600109024,5.62240553871628
1.65,23,prcus-i,-0.0,5.62240553871628
1.65,23,prcus-a,0.0,5.62240553871628
1.65,23,ifrms,-0.12572164308157302,5.62240553871628
1.65,23,sspls-v,0.0,5.62240553871628
1.65,24,mcgs,0.0,5.564266064132767
1.65,24,pos,-0.0,5.564266064132767
1.65,24,sbps,-0.0,5.564266064132767
1.65,24,prculs-d,-0.0,5.564266064132767
1.65,24,prcus-p,0.015811752056603852,5.564266064132767
1.65,24,prcus-i,-0.0,5.564266064132767
1.65,24,prcus-a,0.0,5.564266064132767
1.65,24,ifrms,-0.1429575324012371,5.564266064132767
1.65,24,sspls-v,0.0,5.564266064132767
1.65,25,mcgs,0.0,5.743889816038553
1.65,25,pos,-0.0,5.743889816038553
1.65,25,sbps,-0.0,5.743889816038553
1.65,25,prculs-d,-0.0,5.743889816038553
1.65,25,prcus-p,0.2099358862080644,5.743889816038553
1.65,25,prcus-i,-0.0,5.743889816038553
1.65,25,prcus-a,0.0,5.743889816038553
1.65,25,ifrms,-0.13268526809320533,5.743889816038553
1.65,25,sspls-v,0.0,5.743889816038553
1.65,26,mcgs,0.0,5.67143666822775
1.65,26,pos,-0.0,5.67143666822775
1.65,26,sbps,-0.0,5.67143666822775
1.65,26,prculs-d,-0.0,5.67143666822775
1.65,26,prcus-p,0.20319280712037402,5.67143666822775
1.65,26,prcus-i,-0.0,5.67143666822775
1.65,26,prcus-a,0.0,5.67143666822775
1.65,26,ifrms,-0.06100952112650654,5.67143666822775
1.65,26,sspls-v,0.0,5.67143666822775
1.65,27,mcgs,0.0,5.687514538281088
1.65,27,pos,-0.0,5.687514538281088
1.65,27,sbps,-0.0,5.687514538281088
1.65,27,prculs-d,-0.0,5.687514538281088
1.65,27,prcus-p,0.19306935599096214,5.687514538281088
1.65,27,prcus-i,-0.0,5.687514538281088
1.65,27,prcus-a,-0.0,5.687514538281088
1.65,27,ifrms,-0.15059265716164894,5.687514538281088
1.65,27,sspls-v,0.0,5.687514538281088
1.65,28,mcgs,0.0,5.751548394835296
1.65,28,pos,-0.0,5.751548394835296
1.65,28,sbps,-0.0,5.751548394835296
1.65,28,prculs-d,-0.0,5.751548394835296
1.65,28,prcus-p,0.23092529819350235,5.751548394835296
1.65,28,prcus-i,-0.0,5.751548394835296
1.65,28,prcus-a,0.0,5.751548394835296
1.65,28,ifrms,-0.10809836826964851,5.751548394835296
1.65,28,sspls-v,0.0,5.751548394835296
1.65,29,mcgs,0.0,5.365015717419612
1.65,29,pos,-0.0,5.365015717419612
1.65,29,sbps,-0.0,5.365015717419612
1.65,29,prculs-d,0.0,5.365015717419612
1.65,29,prcus-p,0.0,5.365015717419612
1.65,29,prcus-i,0.0,5.365015717419612
1.65,29,prcus-a,0.0,5.365015717419612
1.65,29,ifrms,-0.2859036129015234,5.365015717419612
1.65,29,sspls-v,0.0,5.365015717419612
1.65,30,mcgs,0.0,5.654428201796332
1.65,30,pos,-0.0,5.654428201796332
1.65,30,sbps,-0.0,5.654428201796332
1.65,30,prculs-d,-0.0,5.654428201796332
1.65,30,prcus-p,0.1672485676955062,5.654428201796332
1.65,30,prcus-i,-0.0,5.654428201796332
1.65,30,prcus-a,0.0,5.654428201796332
1.65,30,ifrms,-0.2739290361001445,5.654428201796332
1.65,30,sspls-v,0.0,5.654428201796332
1.65,31,mcgs,0.0,5.506227256082219
1.65,31,pos,-0.0,5.506227256082219
1.65,31,sbps,-0.0,5.506227256082219
1.65,31,prculs-d,-0.0,5.506227256082219
1.65,31,prcus-p,0.08154683806589909,5.506227256082219
1.65,31,prcus-i,-0.0,5.506227256082219
1.65,31,prcus-a,0.0,5.506227256082219
1.65,31,ifrms,-0.020972189311995744,5.506227256082219
1.65,31,sspls-v,0.0,5.506227256082219
1.65,32,mcgs,0.0,5.5408105929650935
1.65,32,pos,-0.0,5.5408105929650935
1.65,32,sbps,-0.0,5.5408105929650935
1.65,32,prculs-d,-0.0,5.5408105929650935
1.65,32,prcus-p,0.13491433533265695,5.5408105929650935
1.65,32,prcus-i,-0.0,5.5408105929650935
1.65,32,prcus-a,0.0,5.5408105929650935
1.65,32,ifrms,-0.0,5.5408105929650935
1.65,32,sspls-v,0.0,5.5408105929650935
1.65,33,mcgs,0.0,5.687224158680602
1.65,33,pos,-0.0,5.687224158680602
1.65,33,sbps,-0.0,5.687224158680602
1.65,33,prculs-d,-0.0,5.687224158680602
1.65,33,prcus-p,0.24846120237345595,5.687224158680602
1.65,33,prcus-i,-0.0,5.687224158680602
1.65,33,prcus-a,0.0,5.687224158680602
1.65,33,ifrms,-0.08092936516952838,5.687224158680602
1.65,33,sspls-v,0.0,5.687224158680602
1.65,34,mcgs,0.0,5.626949675442908
1.65,34,pos,-0.0,5.626949675442908
1.65,34,sbps,-0.0,5.626949675442908
1.65,34,prculs-d,-0.0,5.626949675442908
1.65,34,prcus-p,0.33450878147136875,5.626949675442908
1.65,34,prcus-i,-0.0,5.626949675442908
1.65,34,prcus-a,-0.0,5.626949675442908
1.65,34,ifrms,-0.1488035312774311,5.626949675442908
1.65,34,sspls-v,0.0,5.626949675442908
1.764,0,mcgs,0.0,5.674421032716074
1.764,0,pos,-0.0,5.674421032716074
1.764,0,sbps,-0.0,5.674421032716074
1.764,0,prculs-d,-0.0,5.674421032716074
1.764,0,prcus-p,0.0752750633649511,5.674421032716074
1.764,0,prcus-i,-0.0,5.674421032716074
1.764,0,prcus-a,-0.0,5.674421032716074
1.764,0,ifrms,-0.006106693457550621,5.674421032716074
1.764,0,sspls-v,0.0,5.674421032716074
1.764,1,mcgs,0.0,5.557322768069207
1.764,1,pos,-0.0,5.557322768069207
1.764,1,sbps,-0.0,5.557322768069207
1.764,1,prculs-d,-0.0,5.557322768069207
1.764,1,prcus-p,0.10178651476401408,5.557322768069207
1.764,1,prcus-i,-0.0,5.557322768069207
1.764,1,prcus-a,0.0,5.557322768069207
1.764,1,ifrms,-0.0,5.557322768069207
1.764,1,sspls-v,0.0,5.557322768069207
1.764,2,mcgs,0.0,5.459358571136205
1.764,2,pos,-0.0,5.459358571136205
1.764,2,sbps,-0.0,5.459358571136205
1.764,2,prculs-d,-0.0,5.459358571136205
1.764,2,prcus-p,0.0,5.459358571136205
1.764,2,prcus-i,-0.0,5.459358571136205
1.764,2,prcus-a,-0.0,5.459358571136205
1.764,2,ifrms,-0.0,5.459358571136205
1.764,2,sspls-v,0.0,5.459358571136205
1.764,3,mcgs,0.0,5.500757961472982
1.764,3,pos,-0.0,5.500757961472982
1.764,3,sbps,-0.0,5.500757961472982
1.764,3,prculs-d,-0.0,5.500757961472982
1.764,3,prcus-p,0.0,5.500757961472982
1.764,3,prcus-i,-0.0,5.500757961472982
1.764,3,prcus-a,0.0,5.500757961472982
1.764,3,ifrms,-0.03863319539096466,5.500757961472982
1.764,3,sspls-v,0.0,5.500757961472982
1.764,4,mcgs,0.0,5.474793365929334
1.764,4,pos,-0.0,5.474793365929334
1.764,4,sbps,-0.0,5.474793365929334
1.764,4,prculs-d,-0.0,5.474793365929334
1.764,4,prcus-p,0.022690769048703346,5.474793365929334
1.764,4,prcus-i,-0.0,5.474793365929334
1.764,4,prcus-a,-0.0,5.474793365929334
1.764,4,ifrms,-0.41580065752444356,5.474793365929334
1.764,4,sspls-v,0.0,5.474793365929334
1.764,5,mcgs,0.0,5.4983810858921744
1.764,5,pos,-0.0,5.4983810858921744
1.764,5,sbps,-0.0,5.4983810858921744
1.764,5,prculs-d,-0.0,5.4983810858921744
1.764,5,prcus-p,0.13421399203227893,5.4983810858921744
1.764,5,prcus-i,-0.0,5.4983810858921744
1.764,5,prcus-a,0.0,5.4983810858921744
1.764,5,ifrms,-0.0,5.4983810858921744
1.764,5,sspls-v,0.0,5.4983810858921744
1.764,6,mcgs,0.0,5.6853998999527064
1.764,6,pos,-0.0,5.6853998999527064
1.764,6,sbps,-0.0,5.6853998999527064
1.764,6,prculs-d,-0.0,5.6853998999527064
1.764,6,prcus-p,0.06689832339563478,5.6853998999527064
1.764,6,prcus-i,-0.0,5.6853998999527064
1.764,6,prcus-a,0.0,5.6853998999527064
1.764,6,ifrms,-0.0,5.6853998999527064
1.764,6,sspls-v,0.0,5.6853998999527064
1.764,7,mcgs,0.0,5.2727272727272725
1.764,7,pos,-0.0,5.2727272727272725
1.764,7,sbps,-0.0,5.2727272727272725
1.764,7,prculs-d,-0.0,5.2727272727272725
1.764,7,prcus-p,0.0,5.2727272727272725
1.764,7,prcus-i,-0.0,5.2727272727272725
1.764,7,prcus-a,0.0,5.2727272727272725
1.764,7,ifrms,-0.0,5.2727272727272725
1.764,7,sspls-v,0.0,5.2727272727272725
1.764,8,mcgs,0.0,5.389304825457266
1.764,8,pos,-0.0,5.389304825457266
1.764,8,sbps,-0.0,5.389304825457266
1.764,8,prculs-d,-0.0,5.389304825457266
1.764,8,prcus-p,0.0,5.389304825457266
1.764,8,prcus-i,-0.0,5.389304825457266
1.764,8,prcus-a,0.0,5.389304825457266
1.764,8,ifrms,-0.0,5.389304825457266
1.764,8,sspls-v,0.0,5.389304825457266
1.764,9,mcgs,0.0,5.684465666780436
1.764,9,pos,-0.0,5.684465666780436
1.764,9,sbps,-0.0,5.684465666780436
1.764,9,prculs-d,-0.0,5.684465666780436
1.764,9,prcus-p,0.10548278420244939,5.684465666780436
1.764,9,prcus-i,-0.0,5.684465666780436
1.764,9,prcus-a,0.0,5.684465666780436
1.764,9,ifrms,-0.0,5.684465666780436
1.764,9,sspls-v,0.0,5.684465666780436
1.764,10,mcgs,0.0,5.597538123632889
1.764,10,pos,-0.0,5.597538123632889
1.764,10,sbps,-0.0,5.597538123632889
1.764,10,prculs-d,-0.0,5.597538123632889
1.764,10,prcus-p,0.024566677935422717,5.597538123632889
1.764,10,prcus-i,-0.0,5.597538123632889
1.764,10,prcus-a,0.0,5.597538123632889
1.764,10,ifrms,-0.0,5.597538123632889
1.764,10,sspls-v,0.0,5.597538123632889
1.764,11,mcgs,0.0,5.727440739512195
1.764,11,pos,-0.0,5.727440739512195
1.764,11,sbps,-0.0,5.727440739512195
1.764,11,prculs-d,-0.0,5.727440739512195
1.764,11,prcus-p,0.08943588574203933,5.727440739512195
1.764,11,prcus-i,-0.0,5.727440739512195
1.764,11,prcus-a,0.0,5.727440739512195
1.764,11,ifrms,-0.03326606868691287,5.727440739512195
1.764,11,sspls-v,0.0,5.727440739512195
1.764,12,mcgs,0.0,5.346314560360227
1.764,12,pos,-0.0,5.346314560360227
1.764,12,sbps,-0.0,5.346314560360227
1.764,12,prculs-d,-0.0,5.346314560360227
1.764,12,prcus-p,0.4006525809656664,5.346314560360227
1.764,12,prcus-i,-0.0,5.346314560360227
1.764,12,prcus-a,-0.0,5.346314560360227
1.764,12,ifrms,-0.1644159417292678,5.346314560360227
1.764,12,sspls-v,0.0,5.346314560360227
1.764,13,mcgs,0.0,5.443933834209522
1.764,13,pos,-0.0,5.443933834209522
1.764,13,sbps,-0.0,5.443933834209522
1.764,13,prculs-d,-0.0,5.443933834209522
1.764,13,prcus-p,0.19060234328833595,5.443933834209522
1.764,13,prcus-i,-0.0,5.443933834209522
1.764,13,prcus-a,0.0,5.443933834209522
1.764,13,ifrms,-0.0,5.443933834209522
1.764,13,sspls-v,0.0,5.443933834209522
1.764,14,mcgs,0.0,5.412903973730614
1.764,14,pos,-0.0,5.412903973730614
1.764,14,sbps,-0.0,5.412903973730614
1.764,14,prculs-d,-0.0,5.412903973730614
1.764,14,prcus-p,0.4388673373766512,5.412903973730614
1.764,14,prcus-i,-0.0,5.412903973730614
1.764,14,prcus-a,0.0,5.412903973730614
1.764,14,ifrms,-0.0,5.412903973730614
1.764,14,sspls-v,0.0,5.412903973730614
1.764,15,mcgs,0.0,5.349328743210816
1.764,15,pos,-0.0,5.349328743210816
1.764,15,sbps,-0.0,5.349328743210816
1.764,15,prculs-d,0.0,5.349328743210816
1.764,15,prcus-p,0.03526160154861724,5.349328743210816
1.764,15,prcus-i,-0.0,5.349328743210816
1.764,15,prcus-a,0.0,5.349328743210816
1.764,15,ifrms,-0.0,5.349328743210816
1.764,15,sspls-v,0.0,5.349328743210816
1.764,16,mcgs,0.0,5.662806978784531
1.764,16,pos,-0.0,5.662806978784531
1.764,16,sbps,-0.0,5.662806978784531
1.764,16,prculs-d,-0.0,5.662806978784531
1.764,16,prcus-p,0.24280539449179378,5.662806978784531
1.764,16,prcus-i,-0.0,5.662806978784531
1.764,16,prcus-a,0.0,5.662806978784531
1.764,16,ifrms,-0.15991184861302174,5.662806978784531
1.764,16,sspls-v,0.0,5.662806978784531
1.764,17,mcgs,0.0,5.4444774272318375
1.764,17,pos,-0.0,5.4444774272318375
1.764,17,sbps,-0.0,5.4444774272318375
1.764,17,prculs-d,-0.0,5.4444774272318375
1.764,17,prcus-p,0.09249134589934042,5.4444774272318375
1.764,17,prcus-i,-0.0,5.4444774272318375
1.764,17,prcus-a,0.0,5.4444774272318375
1.764,17,ifrms,-0.0,5.4444774272318375
1.764,17,sspls-v,0.0,5.4444774272318375
1.764,18,mcgs,0.0,5.744616335013516
1.764,18,pos,-0.0,5.744616335013516
1.764,18,sbps,-0.0,5.744616335013516
1.764,18,prculs-d,-0.0,5.744616335013516
1.764,18,prcus-p,0.2818938741067034,5.744616335013516
1.764,18,prcus-i,-0.0,5.744616335013516
1.764,18,prcus-a,0.0,5.744616335013516
1.764,18,ifrms,-0.0,5.744616335013516
1.764,18,sspls-v,0.0,5.744616335013516
1.764,19,mcgs,0.0,5.527937314781091
1.764,19,pos,-0.0,5.527937314781091
1.764,19,sbps,-0.0,5.527937314781091
1.764,19,prculs-d,-0.0,5.527937314781091
1.764,19,prcus-p,0.352813992965451,5.527937314781091
1.764,19,prcus-i,-0.0,5.527937314781091
1.764,19,prcus-a,0.0,5.527937314781091
1.764,19,ifrms,-0.06945464012884461,5.527937314781091
1.764,19,sspls-v,0.0,5.527937314781091
1.764,20,mcgs,0.0,5.487929395061721
1.764,20,pos,-0.0,5.487929395061721
1.764,20,sbps,-0.0,5.487929395061721
1.764,20,prculs-d,0.0,5.487929395061721
1.764,20,prcus-p,0.0,5.487929395061721
1.764,20,prcus-i,-0.0,5.487929395061721
1.764,20,prcus-a,0.0,5.487929395061721
1.764,20,ifrms,-0.24839650856905304,5.487929395061721
1.764,20,sspls-v,0.0,5.487929395061721
1.764,21,mcgs,0.0,5.603220419804154
1.764,21,pos,-0.0,5.603220419804154
1.764,21,sbps,-0.0,5.603220419804154
1.764,21,prculs-d,-0.0,5.603220419804154
1.764,21,prcus-p,0.12297885420690756,5.603220419804154
1.764,21,prcus-i,-0.0,5.603220419804154
1.764,21,prcus-a,0.0,5.603220419804154
1.764,21,ifrms,-0.0,5.603220419804154
1.764,21,sspls-v,0.0,5.603220419804154
1.764,22,mcgs,0.0,5.710649112986665
1.764,22,pos,-0.0,5.710649112986665
1.764,22,sbps,-0.0,5.710649112986665
1.764,22,prculs-d,-0.0,5.710649112986665
1.764,22,prcus-p,0.09057421125164813,5.710649112986665
1.764,22,prcus-i,-0.0,5.710649112986665
1.764,22,prcus-a,0.0,5.710649112986665
1.764,22,ifrms,-0.007991867036169501,5.710649112986665
1.764,22,sspls-v,0.0,5.710649112986665
1.764,23,mcgs,0.0,5.613627915816696
1.764,23,pos,-0.0,5.613627915816696
1.764,23,sbps,-0.0,5.613627915816696
1.764,23,prculs-d,-0.0,5.613627915816696
1.764,23,prcus-p,0.15463665228163134,5.613627915816696
1.764,23,prcus-i,-0.0,5.613627915816696
1.764,23,prcus-a,0.0,5.613627915816696
1.764,23,ifrms,-0.017453882779760014,5.613627915816696
1.764,23,sspls-v,0.0,5.613627915816696
1.764,24,mcgs,0.0,5.533927845454013
1.764,24,pos,-0.0,5.533927845454013
1.764,24,sbps,-0.0,5.533927845454013
1.764,24,prculs-d,-0.0,5.533927845454013
1.764,24,prcus-p,0.0,5.533927845454013
1.764,24,prcus-i,-0.0,5.533927845454013
1.764,24,prcus-a,-0.0,5.533927845454013
1.764,24,ifrms,-0.02991568898892308,5.533927845454013
1.764,24,sspls-v,0.0,5.533927845454013
1.764,25,mcgs,0.0,5.72490475803705
1.764,25,pos,-0.0,5.72490475803705
1.764,25,sbps,-0.0,5.72490475803705
1.764,25,prculs-d,-0.0,5.72490475803705
1.764,25,prcus-p,0.10440991238356732,5.72490475803705
1.764,25,prcus-i,-0.0,5.72490475803705
1.764,25,prcus-a,0.0,5.72490475803705
1.764,25,ifrms,-0.027159296723523553,5.72490475803705
1.764,25,sspls-v,0.0,5.72490475803705
1.764,26,mcgs,0.0,5.643365641522946
1.764,26,pos,-0.0,5.643365641522946
1.764,26,sbps,-0.0,5.643365641522946
1.764,26,prculs-d,-0.0,5.643365641522946
1.764,26,prcus-p,0.09282306841776318,5.643365641522946
1.764,26,prcus-i,-0.0,5.643365641522946
1.764,26,prcus-a,0.0,5.643365641522946
1.764,26,ifrms,-0.0,5.643365641522946
1.764,26,sspls-v,0.0,5.643365641522946
1.764,27,mcgs,0.0,5.676692855799348
1.764,27,pos,-0.0,5.676692855799348
1.764,27,sbps,-0.0,5.676692855799348
1.764,27,prculs-d,-0.0,5.676692855799348
1.764,27,prcus-p,0.0851901370470745,5.676692855799348
1.764,27,prcus-i,-0.0,5.676692855799348
1.764,27,prcus-a,-0.0,5.676692855799348
1.764,27,ifrms,-0.04271341198101385,5.676692855799348
1.764,27,sspls-v,0.0,5.676692855799348
1.764,28,mcgs,0.0,5.729848357583005
1.764,28,pos,-0.0,5.729848357583005
1.764,28,sbps,-0.0,5.729848357583005
1.764,28,prculs-d,-0.0,5.729848357583005
1.764,28,prcus-p,0.1225057938536865,5.729848357583005
1.764,28,prcus-i,-0.0,5.729848357583005
1.764,28,prcus-a,0.0,5.729848357583005
1.764,28,ifrms,-0.0,5.729848357583005
1.764,28,sspls-v,0.0,5.729848357583005
1.764,29,mcgs,0.0,5.38203162734381
1.764,29,pos,-0.0,5.38203162734381
1.764,29,sbps,-0.0,5.38203162734381
1.764,29,prculs-d,0.0,5.38203162734381
1.764,29,prcus-p,0.0,5.38203162734381
1.764,29,prcus-i,0.0,5.38203162734381
1.764,29,prcus-a,0.0,5.38203162734381
1.764,29,ifrms,-0.17190361290152326,5.38203162734381
1.764,29,sspls-v,0.0,5.38203162734381
1.764,30,mcgs,0.0,5.675629310254286
1.764,30,pos,-0.0,5.675629310254286
1.764,30,sbps,-0.0,5.675629310254286
1.764,30,prculs-d,-0.0,5.675629310254286
1.764,30,prcus-p,0.061286932304883336,5.675629310254286
1.764,30,prcus-i,-0.0,5.675629310254286
1.764,30,prcus-a,0.0,5.675629310254286
1.764,30,ifrms,-0.1679674023578311,5.675629310254286
1.764,30,sspls-v,0.0,5.675629310254286
1.764,31,mcgs,0.0,5.464223394578471
1.764,31,pos,-0.0,5.464223394578471
1.764,31,sbps,-0.0,5.464223394578471
1.764,31,prculs-d,-0.0,5.464223394578471
1.764,31,prcus-p,0.0,5.464223394578471
1.764,31,prcus-i,-0.0,5.464223394578471
1.764,31,prcus-a,0.0,5.464223394578471
1.764,31,ifrms,-0.0,5.464223394578471
1.764,31,sspls-v,0.0,5.464223394578471
1.764,32,mcgs,0.0,5.5015991484971
1.764,32,pos,-0.0,5.5015991484971
1.764,32,sbps,-0.0,5.5015991484971
1.764,32,prculs-d,-0.0,5.5015991484971
1.764,32,prcus-p,0.02091433533265677,5.5015991484971
1.764,32,prcus-i,-0.0,5.5015991484971
1.764,32,prcus-a,0.0,5.5015991484971
1.764,32,ifrms,-0.0,5.5015991484971
1.764,32,sspls-v,0.0,5.5015991484971
1.764,33,mcgs,0.0,5.6703398874679465
1.764,33,pos,-0.0,5.6703398874679465
1.764,33,sbps,-0.0,5.6703398874679465
1.764,33,prculs-d,-0.0,5.6703398874679465
1.764,33,prcus-p,0.13961123731103403,5.6703398874679465
1.764,33,prcus-i,-0.0,5.6703398874679465
1.764,33,prcus-a,0.0,5.6703398874679465
1.764,33,ifrms,-0.0,5.6703398874679465
1.764,33,sspls-v,0.0,5.6703398874679465
1.764,34,mcgs,0.0,5.629092568612022
1.764,34,pos,-0.0,5.629092568612022
1.764,34,sbps,-0.0,5.629092568612022
1.764,34,prculs-d,-0.0,5.629092568612022
1.764,34,prcus-p,0.22553695717969238,5.629092568612022
1.764,34,prcus-i,-0.0,5.629092568612022
1.764,34,prcus-a,-0.0,5.629092568612022
1.764,34,ifrms,-0.03983173083069752,5.629092568612022
1.764,34,sspls-v,0.0,5.629092568612022
1.885,0,mcgs,0.0,5.6387687116066045
1.885,0,pos,-0.0,5.6387687116066045
1.885,0,sbps,-0.0,5.6387687116066045
1.885,0,prculs-d,-0.0,5.6387687116066045
1.885,0,prcus-p,0.0,5.6387687116066045
1.885,0,prcus-i,-0.0,5.6387687116066045
1.885,0,prcus-a,-0.0,5.6387687116066045
1.885,0,ifrms,-0.0,5.6387687116066045
1.885,0,sspls-v,0.0,5.6387687116066045
1.885,1,mcgs,0.0,5.536407460223194
1.885,1,pos,-0.0,5.536407460223194
1.885,1,sbps,-0.0,5.536407460223194
1.885,1,prculs-d,-0.0,5.536407460223194
1.885,1,prcus-p,0.0,5.536407460223194
1.885,1,prcus-i,-0.0,5.536407460223194
1.885,1,prcus-a,0.0,5.536407460223194
1.885,1,ifrms,-0.0,5.536407460223194
1.885,1,sspls-v,0.0,5.536407460223194
1.885,2,mcgs,0.0,5.43504556265556
1.885,2,pos,-0.0,5.43504556265556
1.885,2,sbps,-0.0,5.43504556265556
1.885,2,prculs-d,-0.0,5.43504556265556
1.885,2,prcus-p,0.0,5.43504556265556
1.885,2,prcus-i,-0.0,5.43504556265556
1.885,2,prcus-a,-0.0,5.43504556265556
1.885,2,ifrms,-0.0,5.43504556265556
1.885,2,sspls-v,0.0,5.43504556265556
1.885,3,mcgs,0.0,5.459134269555011
1.885,3,pos,-0.0,5.459134269555011
1.885,3,sbps,-0.0,5.459134269555011
1.885,3,prculs-d,-0.0,5.459134269555011
1.885,3,prcus-p,0.0,5.459134269555011
1.885,3,prcus-i,-0.0,5.459134269555011
1.885,3,prcus-a,0.0,5.459134269555011
1.885,3,ifrms,-0.0,5.459134269555011
1.885,3,sspls-v,0.0,5.459134269555011
1.885,4,mcgs,0.0,5.4733152251242805
1.885,4,pos,-0.0,5.4733152251242805
1.885,4,sbps,-0.0,5.4733152251242805
1.885,4,prculs-d,-0.0,5.4733152251242805
1.885,4,prcus-p,0.0,5.4733152251242805
1.885,4,prcus-i,-0.0,5.4733152251242805
1.885,4,prcus-a,-0.0,5.4733152251242805
1.885,4,ifrms,-0.2963197230484469,5.4733152251242805
1.885,4,sspls-v,0.0,5.4733152251242805
1.885,5,mcgs,0.0,5.462272926946242
1.885,5,pos,-0.0,5.462272926946242
1.885,5,sbps,-0.0,5.462272926946242
1.885,5,prculs-d,-0.0,5.462272926946242
1.885,5,prcus-p,0.013213992032278805,5.462272926946242
1.885,5,prcus-i,-0.0,5.462272926946242
1.885,5,prcus-a,0.0,5.462272926946242
1.885,5,ifrms,-0.0,5.462272926946242
1.885,5,sspls-v,0.0,5.462272926946242
1.885,6,mcgs,0.0,5.638172243279828
1.885,6,pos,-0.0,5.638172243279828
1.885,6,sbps,-0.0,5.638172243279828
1.885,6,prculs-d,-0.0,5.638172243279828
1.885,6,prcus-p,0.0,5.638172243279828
1.885,6,prcus-i,-0.0,5.638172243279828
1.885,6,prcus-a,0.0,5.638172243279828
1.885,6,ifrms,-0.0,5.638172243279828
1.885,6,sspls-v,0.0,5.638172243279828
1.885,7,mcgs,0.0,5.2727272727272725
1.885,7,pos,-0.0,5.2727272727272725
1.885,7,sbps,-0.0,5.2727272727272725
1.885,7,prculs-d,-0.0,5.2727272727272725
1.885,7,prcus-p,0.0,5.2727272727272725
1.885,7,prcus-i,-0.0,5.2727272727272725
1.885,7,prcus-a,0.0,5.2727272727272725
1.885,7,ifrms,-0.0,5.2727272727272725
1.885,7,sspls-v,0.0,5.2727272727272725
1.885,8,mcgs,0.0,5.370065245892257
1.885,8,pos,-0.0,5.370065245892257
1.885,8,sbps,-0.0,5.370065245892257
1.885,8,prculs-d,-0.0,5.370065245892257
1.885,8,prcus-p,0.0,5.370065245892257
1.885,8,prcus-i,-0.0,5.370065245892257
1.885,8,prcus-a,0.0,5.370065245892257
1.885,8,ifrms,-0.0,5.370065245892257
1.885,8,sspls-v,0.0,5.370065245892257
1.885,9,mcgs,0.0,5.642802423785523
1.885,9,pos,-0.0,5.642802423785523
1.885,9,sbps,-0.0,5.642802423785523
1.885,9,prculs-d,-0.0,5.642802423785523
1.885,9,prcus-p,0.0,5.642802423785523
1.885,9,prcus-i,-0.0,5.642802423785523
1.885,9,prcus-a,0.0,5.642802423785523
1.885,9,ifrms,-0.0,5.642802423785523
1.885,9,sspls-v,0.0,5.642802423785523
1.885,10,mcgs,0.0,5.55789493900797
1.885,10,pos,-0.0,5.55789493900797
1.885,10,sbps,-0.0,5.55789493900797
1.885,10,prculs-d,-0.0,5.55789493900797
1.885,10,prcus-p,0.0,5.55789493900797
1.885,10,prcus-i,-0.0,5.55789493900797
1.885,10,prcus-a,0.0,5.55789493900797
1.885,10,ifrms,-0.0,5.55789493900797
1.885,10,sspls-v,0.0,5.55789493900797
1.885,11,mcgs,0.0,5.685440450305964
1.885,11,pos,-0.0,5.685440450305964
1.885,11,sbps,-0.0,5.685440450305964
1.885,11,prculs-d,-0.0,5.685440450305964
1.885,11,prcus-p,0.0,5.685440450305964
1.885,11,prcus-i,-0.0,5.685440450305964
1.885,11,prcus-a,0.0,5.685440450305964
1.885,11,ifrms,-0.0,5.685440450305964
1.885,11,sspls-v,0.0,5.685440450305964
1.885,12,mcgs,0.0,5.347877393183677
1.885,12,pos,-0.0,5.347877393183677
1.885,12,sbps,-0.0,5.347877393183677
1.885,12,prculs-d,-0.0,5.347877393183677
1.885,12,prcus-p,0.2847657950251738,5.347877393183677
1.885,12,prcus-i,-0.0,5.347877393183677
1.885,12,prcus-a,-0.0,5.347877393183677
1.885,12,ifrms,-0.048529176023357504,5.347877393183677
1.885,12,sspls-v,0.0,5.347877393183677
1.885,13,mcgs,0.0,5.425956658137514
1.885,13,pos,-0.0,5.425956658137514
1.885,13,sbps,-0.0,5.425956658137514
1.885,13,prculs-d,-0.0,5.425956658137514
1.885,13,prcus-p,0.06960234328833582,5.425956658137514
1.885,13,prcus-i,-0.0,5.425956658137514
1.885,13,prcus-a,0.0,5.425956658137514
1.885,13,ifrms,-0.0,5.425956658137514
1.885,13,sspls-v,0.0,5.425956658137514
1.885,14,mcgs,0.0,5.418197256811958
1.885,14,pos,-0.0,5.418197256811958
1.885,14,sbps,-0.0,5.418197256811958
1.885,14,prculs-d,-0.0,5.418197256811958
1.885,14,prcus-p,0.317867337376651,5.418197256811958
1.885,14,prcus-i,-0.0,5.418197256811958
1.885,14,prcus-a,0.0,5.418197256811958
1.885,14,ifrms,-0.0,5.418197256811958
1.885,14,sspls-v,0.0,5.418197256811958
1.885,15,mcgs,0.0,5.331352935654598
1.885,15,pos,-0.0,5.331352935654598
1.885,15,sbps,-0.0,5.331352935654598
1.885,15,prculs-d,0.0,5.331352935654598
1.885,15,prcus-p,0.0,5.331352935654598
1.885,15,prcus-i,-0.0,5.331352935654598
1.885,15,prcus-a,0.0,5.331352935654598
1.885,15,ifrms,-0.0,5.331352935654598
1.885,15,sspls-v,0.0,5.331352935654598
1.885,16,mcgs,0.0,5.66576200067388
1.885,16,pos,-0.0,5.66576200067388
1.885,16,sbps,-0.0,5.66576200067388
1.885,16,prculs-d,-0.0,5.66576200067388
1.885,16,prcus-p,0.12121289128835562,5.66576200067388
1.885,16,prcus-i,-0.0,5.66576200067388
1.885,16,prcus-a,0.0,5.66576200067388
1.885,16,ifrms,-0.038319345409251714,5.66576200067388
1.885,16,sspls-v,0.0,5.66576200067388
1.885,17,mcgs,0.0,5.439707219845671
1.885,17,pos,-0.0,5.439707219845671
1.885,17,sbps,-0.0,5.439707219845671
1.885,17,prculs-d,-0.0,5.439707219845671
1.885,17,prcus-p,0.0,5.439707219845671
1.885,17,prcus-i,-0.0,5.439707219845671
1.885,17,prcus-a,0.0,5.439707219845671
1.885,17,ifrms,-0.0,5.439707219845671
1.885,17,sspls-v,0.0,5.439707219845671
1.885,18,mcgs,0.0,5.723822769925171
1.885,18,pos,-0.0,5.723822769925171
1.885,18,sbps,-0.0,5.723822769925171
1.885,18,prculs-d,-0.0,5.723822769925171
1.885,18,prcus-p,0.1608938741067033,5.723822769925171
1.885,18,prcus-i,-0.0,5.723822769925171
1.885,18,prcus-a,0.0,5.723822769925171
1.885,18,ifrms,-0.0,5.723822769925171
1.885,18,sspls-v,0.0,5.723822769925171
1.885,19,mcgs,0.0,5.520018082278405
1.885,19,pos,-0.0,5.520018082278405
1.885,19,sbps,-0.0,5.520018082278405
1.885,19,prculs-d,-0.0,5.520018082278405
1.885,19,prcus-p,0.23487264152391252,5.520018082278405
1.885,19,prcus-i,-0.0,5.520018082278405
1.885,19,prcus-a,0.0,5.520018082278405
1.885,19,ifrms,-0.0,5.520018082278405
1.885,19,sspls-v,0.0,5.520018082278405
1.885,20,mcgs,0.0,5.486598201997355
1.885,20,pos,-0.0,5.486598201997355
1.885,20,sbps,-0.0,5.486598201997355
1.885,20,prculs-d,0.0,5.486598201997355
1.885,20,prcus-p,0.0,5.486598201997355
1.885,20,prcus-i,-0.0,5.486598201997355
1.885,20,prcus-a,0.0,5.486598201997355
1.885,20,ifrms,-0.12739650856905294,5.486598201997355
1.885,20,sspls-v,0.0,5.486598201997355
1.885,21,mcgs,0.0,5.574971153850763
1.885,21,pos,-0.0,5.574971153850763
1.885,21,sbps,-0.0,5.574971153850763
1.885,21,prculs-d,-0.0,5.574971153850763
1.885,21,prcus-p,0.001978854206907452,5.574971153850763
1.885,21,prcus-i,-0.0,5.574971153850763
1.885,21,prcus-a,0.0,5.574971153850763
1.885,21,ifrms,-0.0,5.574971153850763
1.885,21,sspls-v,0.0,5.574971153850763
1.885,22,mcgs,0.0,5.672475370543405
1.885,22,pos,-0.0,5.672475370543405
1.885,22,sbps,-0.0,5.672475370543405
1.885,22,prculs-d,-0.0,5.672475370543405
1.885,22,prcus-p,0.0,5.672475370543405
1.885,22,prcus-i,-0.0,5.672475370543405
1.885,22,prcus-a,0.0,5.672475370543405
1.885,22,ifrms,-0.0,5.672475370543405
1.885,22,sspls-v,0.0,5.672475370543405
1.885,23,mcgs,0.0,5.580926489104672
1.885,23,pos,-0.0,5.580926489104672
1.885,23,sbps,-0.0,5.580926489104672
1.885,23,prculs-d,-0.0,5.580926489104672
1.885,23,prcus-p,0.0345607409640377,5.580926489104672
1.885,23,prcus-i,-0.0,5.580926489104672
1.885,23,prcus-a,0.0,5.580926489104672
1.885,23,ifrms,-0.0,5.580926489104672
1.885,23,sspls-v,0.0,5.580926489104672
1.885,24,mcgs,0.0,5.494752620505827
1.885,24,pos,-0.0,5.494752620505827
1.885,24,sbps,-0.0,5.494752620505827
1.885,24,prculs-d,-0.0,5.494752620505827
1.885,24,prcus-p,0.0,5.494752620505827
1.885,24,prcus-i,-0.0,5.494752620505827
1.885,24,prcus-a,-0.0,5.494752620505827
1.885,24,ifrms,-0.0,5.494752620505827
1.885,24,sspls-v,0.0,5.494752620505827
1.885,25,mcgs,0.0,5.683831736953226
1.885,25,pos,-0.0,5.683831736953226
1.885,25,sbps,-0.0,5.683831736953226
1.885,25,prculs-d,-0.0,5.683831736953226
1.885,25,prcus-p,0.0,5.683831736953226
1.885,25,prcus-i,-0.0,5.683831736953226
1.885,25,prcus-a,0.0,5.683831736953226
1.885,25,ifrms,-0.0,5.683831736953226
1.885,25,sspls-v,0.0,5.683831736953226
1.885,26,mcgs,0.0,5.607275000118994
1.885,26,pos,-0.0,5.607275000118994
1.885,26,sbps,-0.0,5.607275000118994
1.885,26,prculs-d,-0.0,5.607275000118994
1.885,26,prcus-p,0.0,5.607275000118994
1.885,26,prcus-i,-0.0,5.607275000118994
1.885,26,prcus-a,0.0,5.607275000118994
1.885,26,ifrms,-0.0,5.607275000118994
1.885,26,sspls-v,0.0,5.607275000118994
1.885,27,mcgs,0.0,5.648913314298524
1.885,27,pos,-0.0,5.648913314298524
1.885,27,sbps,-0.0,5.648913314298524
1.885,27,prculs-d,-0.0,5.648913314298524
1.885,27,prcus-p,0.0,5.648913314298524
1.885,27,prcus-i,-0.0,5.648913314298524
1.885,27,prcus-a,-0.0,5.648913314298524
1.885,27,ifrms,-0.0,5.648913314298524
1.885,27,sspls-v,0.0,5.648913314298524
1.885,28,mcgs,0.0,5.682519913816986
1.885,28,pos,-0.0,5.682519913816986
1.885,28,sbps,-0.0,5.682519913816986
1.885,28,prculs-d,-0.0,5.682519913816986
1.885,28,prcus-p,0.0015057938536863413,5.682519913816986
1.885,28,prcus-i,-0.0,5.682519913816986
1.885,28,prcus-a,0.0,5.682519913816986
1.885,28,ifrms,-0.0,5.682519913816986
1.885,28,sspls-v,0.0,5.682519913816986
1.885,29,mcgs,-0.0,5.383001757267046
1.885,29,pos,-0.0,5.383001757267046
1.885,29,sbps,-0.0,5.383001757267046
1.885,29,prculs-d,0.0,5.383001757267046
1.885,29,prcus-p,0.0,5.383001757267046
1.885,29,prcus-i,0.0,5.383001757267046
1.885,29,prcus-a,0.0,5.383001757267046
1.885,29,ifrms,-0.05090361290152313,5.383001757267046
1.885,29,sspls-v,0.0,5.383001757267046
1.885,30,mcgs,0.0,5.667129936307122
1.885,30,pos,-0.0,5.667129936307122
1.885,30,sbps,-0.0,5.667129936307122
1.885,30,prculs-d,-0.0,5.667129936307122
1.885,30,prcus-p,0.0,5.667129936307122
1.885,30,prcus-i,-0.0,5.667129936307122
1.885,30,prcus-a,0.0,5.667129936307122
1.885,30,ifrms,-0.05161669648075216,5.667129936307122
1.885,30,sspls-v,0.0,5.667129936307122
1.885,31,mcgs,0.0,5.421465188414753
1.885,31,pos,-0.0,5.421465188414753
1.885,31,sbps,-0.0,5.421465188414753
1.885,31,prculs-d,-0.0,5.421465188414753
1.885,31,prcus-p,0.0,5.421465188414753
1.885,31,prcus-i,-0.0,5.421465188414753
1.885,31,prcus-a,0.0,5.421465188414753
1.885,31,ifrms,-0.0,5.421465188414753
1.885,31,sspls-v,0.0,5.421465188414753
1.885,32,mcgs,0.0,5.458617743655623
1.885,32,pos,-0.0,5.458617743655623
1.885,32,sbps,-0.0,5.458617743655623
1.885,32,prculs-d,-0.0,5.458617743655623
1.885,32,prcus-p,0.0,5.458617743655623
1.885,32,prcus-i,-0.0,5.458617743655623
1.885,32,prcus-a,0.0,5.458617743655623
1.885,32,ifrms,-0.0,5.458617743655623
1.885,32,sspls-v,0.0,5.458617743655623
1.885,33,mcgs,0.0,5.633137210380374
1.885,33,pos,-0.0,5.633137210380374
1.885,33,sbps,-0.0,5.633137210380374
1.885,33,prculs-d,-0.0,5.633137210380374
1.885,33,prcus-p,0.018611237311033917,5.633137210380374
1.885,33,prcus-i,-0.0,5.633137210380374
1.885,33,prcus-a,0.0,5.633137210380374
1.885,33,ifrms,-0.0,5.633137210380374
1.885,33,sspls-v,0.0,5.633137210380374
1.885,34,mcgs,0.0,5.604352435314456
1.885,34,pos,-0.0,5.604352435314456
1.885,34,sbps,-0.0,5.604352435314456
1.885,34,prculs-d,-0.0,5.604352435314456
1.885,34,prcus-p,0.10637487249872261,5.604352435314456
1.885,34,prcus-i,-0.0,5.604352435314456
1.885,34,prcus-a,-0.0,5.604352435314456
1.885,34,ifrms,-0.0,5.604352435314456
1.885,34,sspls-v,0.0,5.604352435314456
2.015,0,mcgs,0.0,5.598723221681185
2.015,0,pos,-0.0,5.598723221681185
2.015,0,sbps,-0.0,5.598723221681185
2.015,0,prculs-d,-0.0,5.598723221681185
2.015,0,prcus-p,0.0,5.598723221681185
2.015,0,prcus-i,-0.0,5.598723221681185
2.015,0,prcus-a,-0.0,5.598723221681185
2.015,0,ifrms,-0.0,5.598723221681185
2.015,0,sspls-v,0.0,5.598723221681185
2.015,1,mcgs,0.0,5.504973012512623
2.015,1,pos,-0.0,5.504973012512623
2.015,1,sbps,-0.0,5.504973012512623
2.015,1,prculs-d,-0.0,5.504973012512623
2.015,1,prcus-p,0.0,5.504973012512623
2.015,1,prcus-i,-0.0,5.504973012512623
2.015,1,prcus-a,0.0,5.504973012512623
2.015,1,ifrms,-0.0,5.504973012512623
2.015,1,sspls-v,0.0,5.504973012512623
2.015,2,mcgs,0.0,5.4244365029053325
2.015,2,pos,-0.0,5.4244365029053325
2.015,2,sbps,-0.0,5.4244365029053325
2.015,2,prculs-d,-0.0,5.4244365029053325
2.015,2,prcus-p,0.0,5.4244365029053325
2.015,2,prcus-i,-0.0,5.4244365029053325
2.015,2,prcus-a,-0.0,5.4244365029053325
2.015,2,ifrms,-0.0,5.4244365029053325
2.015,2,sspls-v,0.0,5.4244365029053325
2.015,3,mcgs,0.0,5.435453059692225
2.015,3,pos,-0.0,5.435453059692225
2.015,3,sbps,-0.0,5.435453059692225
2.015,3,prculs-d,-0.0,5.435453059692225
2.015,3,prcus-p,0.0,5.435453059692225
2.015,3,prcus-i,-0.0,5.435453059692225
2.015,3,prcus-a,0.0,5.435453059692225
2.015,3,ifrms,-0.0,5.435453059692225
2.015,3,sspls-v,0.0,5.435453059692225
2.015,4,mcgs,0.0,5.4783285480923665
2.015,4,pos,-0.0,5.4783285480923665
2.015,4,sbps,-0.0,5.4783285480923665
2.015,4,prculs-d,-0.0,5.4783285480923665
2.015,4,prcus-p,0.0,5.4783285480923665
2.015,4,prcus-i,-0.0,5.4783285480923665
2.015,4,prcus-a,-0.0,5.4783285480923665
2.015,4,ifrms,-0.1663197230484469,5.4783285480923665
2.015,4,sspls-v,0.0,5.4783285480923665
2.015,5,mcgs,0.0,5.421818214153134
2.015,5,pos,-0.0,5.421818214153134
2.015,5,sbps,-0.0,5.421818214153134
2.015,5,prculs-d,-0.0,5.421818214153134
2.015,5,prcus-p,0.0,5.421818214153134
2.015,5,prcus-i,-0.0,5.421818214153134
2.015,5,prcus-a,0.0,5.421818214153134
2.015,5,ifrms,-0.0,5.421818214153134
2.015,5,sspls-v,0.0,5.421818214153134
2.015,6,mcgs,0.0,5.600853487086204
2.015,6,pos,-0.0,5.600853487086204
2.015,6,sbps,-0.0,5.600853487086204
2.015,6,prculs-d,-0.0,5.600853487086204
2.015,6,prcus-p,0.0,5.600853487086204
2.015,6,prcus-i,-0.0,5.600853487086204
2.015,6,prcus-a,0.0,5.600853487086204
2.015,6,ifrms,-0.0,5.600853487086204
2.015,6,sspls-v,0.0,5.600853487086204
2.015,7,mcgs,0.0,5.2727272727272725
2.015,7,pos,-0.0,5.2727272727272725
2.015,7,sbps,-0.0,5.2727272727272725
2.015,7,prculs-d,-0.0,5.2727272727272725
2.015,7,prcus-p,0.0,5.2727272727272725
2.015,7,prcus-i,-0.0,5.2727272727272725
2.015,7,prcus-a,0.0,5.2727272727272725
2.015,7,ifrms,-0.0,5.2727272727272725
2.015,7,sspls-v,0.0,5.2727272727272725
2.015,8,mcgs,0.0,5.363636363636363
2.015,8,pos,-0.0,5.363636363636363
2.015,8,sbps,-0.0,5.363636363636363
2.015,8,prculs-d,-0.0,5.363636363636363
2.015,8,prcus-p,0.0,5.363636363636363
2.015,8,prcus-i,-0.0,5.363636363636363
2.015,8,prcus-a,0.0,5.363636363636363
2.015,8,ifrms,-0.0,5.363636363636363
2.015,8,sspls-v,0.0,5.363636363636363
2.015,9,mcgs,0.0,5.604305664435296
2.015,9,pos,-0.0,5.604305664435296
2.015,9,sbps,-0.0,5.604305664435296
2.015,9,prculs-d,-0.0,5.604305664435296
2.015,9,prcus-p,0.0,5.604305664435296
2.015,9,prcus-i,-0.0,5.604305664435296
2.015,9,prcus-a,0.0,5.604305664435296
2.015,9,ifrms,-0.0,5.604305664435296
2.015,9,sspls-v,0.0,5.604305664435296
2.015,10,mcgs,0.0,5.530042636541532
2.015,10,pos,-0.0,5.530042636541532
2.015,10,sbps,-0.0,5.530042636541532
2.015,10,prculs-d,-0.0,5.530042636541532
2.015,10,prcus-p,0.0,5.530042636541532
2.015,10,prcus-i,-0.0,5.530042636541532
2.015,10,prcus-a,0.0,5.530042636541532
2.015,10,ifrms,-0.0,5.530042636541532
2.015,10,sspls-v,0.0,5.530042636541532
2.015,11,mcgs,0.0,5.6404436103328415
2.015,11,pos,-0.0,5.6404436103328415
2.015,11,sbps,-0.0,5.6404436103328415
2.015,11,prculs-d,-0.0,5.6404436103328415
2.015,11,prcus-p,0.0,5.6404436103328415
2.015,11,prcus-i,-0.0,5.6404436103328415
2.015,11,prcus-a,0.0,5.6404436103328415
2.015,11,ifrms,-0.0,5.6404436103328415
2.015,11,sspls-v,0.0,5.6404436103328415
2.015,12,mcgs,0.0,5.328210903193526
2.015,12,pos,-0.0,5.328210903193526
2.015,12,sbps,-0.0,5.328210903193526
2.015,12,prculs-d,-0.0,5.328210903193526
2.015,12,prcus-p,0.15690702369462048,5.328210903193526
2.015,12,prcus-i,-0.0,5.328210903193526
2.015,12,prcus-a,-0.0,5.328210903193526
2.015,12,ifrms,-0.0,5.328210903193526
2.015,12,sspls-v,0.0,5.328210903193526
2.015,13,mcgs,0.0,5.398677226279292
2.015,13,pos,-0.0,5.398677226279292
2.015,13,sbps,-0.0,5.398677226279292
2.015,13,prculs-d,-0.0,5.398677226279292
2.015,13,prcus-p,0.0,5.398677226279292
2.015,13,prcus-i,-0.0,5.398677226279292
2.015,13,prcus-a,0.0,5.398677226279292
2.015,13,ifrms,-0.0,5.398677226279292
2.015,13,sspls-v,0.0,5.398677226279292
2.015,14,mcgs,0.0,5.416018275009983
2.015,14,pos,-0.0,5.416018275009983
2.015,14,sbps,-0.0,5.416018275009983
2.015,14,prculs-d,-0.0,5.416018275009983
2.015,14,prcus-p,0.18786733737665093,5.416018275009983
2.015,14,prcus-i,-0.0,5.416018275009983
2.015,14,prcus-a,0.0,5.416018275009983
2.015,14,ifrms,-0.0,5.416018275009983
2.015,14,sspls-v,0.0,5.416018275009983
2.015,15,mcgs,0.0,5.313236310682869
2.015,15,pos,-0.0,5.313236310682869
2.015,15,sbps,-0.0,5.313236310682869
2.015,15,prculs-d,0.0,5.313236310682869
2.015,15,prcus-p,0.0,5.313236310682869
2.015,15,prcus-i,-0.0,5.313236310682869
2.015,15,prcus-a,0.0,5.313236310682869
2.015,15,ifrms,-0.0,5.313236310682869
2.015,15,sspls-v,0.0,5.313236310682869
2.015,16,mcgs,0.0,5.641971741040026
2.015,16,pos,-0.0,5.641971741040026
2.015,16,sbps,-0.0,5.641971741040026
2.015,16,prculs-d,-0.0,5.641971741040026
2.015,16,prcus-p,0.0,5.641971741040026
2.015,16,prcus-i,-0.0,5.641971741040026
2.015,16,prcus-a,0.0,5.641971741040026
2.015,16,ifrms,-0.0,5.641971741040026
2.015,16,sspls-v,0.0,5.641971741040026
2.015,17,mcgs,0.0,5.409619641603721
2.015,17,pos,-0.0,5.409619641603721
2.015,17,sbps,-0.0,5.409619641603721
2.015,17,prculs-d,-0.0,5.409619641603721
2.015,17,prcus-p,0.0,5.409619641603721
2.015,17,prcus-i,-0.0,5.409619641603721
2.015,17,prcus-a,0.0,5.409619641603721
2.015,17,ifrms,-0.0,5.409619641603721
2.015,17,sspls-v,0.0,5.409619641603721
2.015,18,mcgs,0.0,5.705776614286494
2.015,18,pos,-0.0,5.705776614286494
2.015,18,sbps,-0.0,5.705776614286494
2.015,18,prculs-d,-0.0,5.705776614286494
2.015,18,prcus-p,0.03089387410670325,5.705776614286494
2.015,18,prcus-i,-0.0,5.705776614286494
2.015,18,prcus-a,0.0,5.705776614286494
2.015,18,ifrms,-0.0,5.705776614286494
2.015,18,sspls-v,0.0,5.705776614286494
2.015,19,mcgs,0.0,5.491744150359108
2.015,19,pos,-0.0,5.491744150359108
2.015,19,sbps,-0.0,5.491744150359108
2.015,19,prculs-d,-0.0,5.491744150359108
2.015,19,prcus-p,0.10487264152391246,5.491744150359108
2.015,19,prcus-i,-0.0,5.491744150359108
2.015,19,prcus-a,0.0,5.491744150359108
2.015,19,ifrms,-0.0,5.491744150359108
2.015,19,sspls-v,0.0,5.491744150359108
2.015,20,mcgs,-0.0,5.468404682836153
2.015,20,pos,-0.0,5.468404682836153
2.015,20,sbps,-0.0,5.468404682836153
2.015,20,prculs-d,0.0,5.468404682836153
2.015,20,prcus-p,0.0,5.468404682836153
2.015,20,prcus-i,-0.0,5.468404682836153
2.015,20,prcus-a,-0.0,5.468404682836153
2.015,20,ifrms,-0.0,5.468404682836153
2.015,20,sspls-v,0.0,5.468404682836153
2.015,21,mcgs,0.0,5.538840662951936
2.015,21,pos,-0.0,5.538840662951936
2.015,21,sbps,-0.0,5.538840662951936
2.015,21,prculs-d,-0.0,5.538840662951936
2.015,21,prcus-p,0.0,5.538840662951936
2.015,21,prcus-i,-0.0,5.538840662951936
2.015,21,prcus-a,0.0,5.538840662951936
2.015,21,ifrms,-0.0,5.538840662951936
2.015,21,sspls-v,0.0,5.538840662951936
2.015,22,mcgs,0.0,5.631276762168486
2.015,22,pos,-0.0,5.631276762168486
2.015,22,sbps,-0.0,5.631276762168486
2.015,22,prculs-d,-0.0,5.631276762168486
2.015,22,prcus-p,0.0,5.631276762168486
2.015,22,prcus-i,-0.0,5.631276762168486
2.015,22,prcus-a,0.0,5.631276762168486
2.015,22,ifrms,-0.0,5.631276762168486
2.015,22,sspls-v,0.0,5.631276762168486
2.015,23,mcgs,0.0,5.551636652239157
2.015,23,pos,-0.0,5.551636652239157
2.015,23,sbps,-0.0,5.551636652239157
2.015,23,prculs-d,-0.0,5.551636652239157
2.015,23,prcus-p,0.0,5.551636652239157
2.015,23,prcus-i,-0.0,5.551636652239157
2.015,23,prcus-a,0.0,5.551636652239157
2.015,23,ifrms,-0.0,5.551636652239157
2.015,23,sspls-v,0.0,5.551636652239157
2.015,24,mcgs,0.0,5.465743826676597
2.015,24,pos,-0.0,5.465743826676597
2.015,24,sbps,-0.0,5.465743826676597
2.015,24,prculs-d,-0.0,5.465743826676597
2.015,24,prcus-p,0.0,5.465743826676597
2.015,24,prcus-i,-0.0,5.465743826676597
2.015,24,prcus-a,-0.0,5.465743826676597
2.015,24,ifrms,-0.0,5.465743826676597
2.015,24,sspls-v,0.0,5.465743826676597
2.015,25,mcgs,0.0,5.6407943713339534
2.015,25,pos,-0.0,5.6407943713339534
2.015,25,sbps,-0.0,5.6407943713339534
2.015,25,prculs-d,-0.0,5.6407943713339534
2.015,25,prcus-p,0.0,5.6407943713339534
2.015,25,prcus-i,-0.0,5.6407943713339534
2.015,25,prcus-a,0.0,5.6407943713339534
2.015,25,ifrms,-0.0,5.6407943713339534
2.015,25,sspls-v,0.0,5.6407943713339534
2.015,26,mcgs,0.0,5.569370239811708
2.015,26,pos,-0.0,5.569370239811708
2.015,26,sbps,-0.0,5.569370239811708
2.015,26,prculs-d,-0.0,5.569370239811708
2.015,26,prcus-p,0.0,5.569370239811708
2.015,26,prcus-i,-0.0,5.569370239811708
2.015,26,prcus-a,0.0,5.569370239811708
2.015,26,ifrms,-0.0,5.569370239811708
2.015,26,sspls-v,0.0,5.569370239811708
2.015,27,mcgs,0.0,5.603435860582897
2.015,27,pos,-0.0,5.603435860582897
2.015,27,sbps,-0.0,5.603435860582897
2.015,27,prculs-d,-0.0,5.603435860582897
2.015,27,prcus-p,0.0,5.603435860582897
2.015,27,prcus-i,-0.0,5.603435860582897
2.015,27,prcus-a,-0.0,5.603435860582897
2.015,27,ifrms,-0.0,5.603435860582897
2.015,27,sspls-v,0.0,5.603435860582897
2.015,28,mcgs,0.0,5.641714438374792
2.015,28,pos,-0.0,5.641714438374792
2.015,28,sbps,-0.0,5.641714438374792
2.015,28,prculs-d,-0.0,5.641714438374792
2.015,28,prcus-p,0.0,5.641714438374792
2.015,28,prcus-i,-0.0,5.641714438374792
2.015,28,prcus-a,0.0,5.641714438374792
2.015,28,ifrms,-0.0,5.641714438374792
2.015,28,sspls-v,0.0,5.641714438374792
2.015,29,mcgs,-0.0,5.363146101485997
2.015,29,pos,-0.0,5.363146101485997
2.015,29,sbps,-0.0,5.363146101485997
2.015,29,prculs-d,0.0,5.363146101485997
2.015,29,prcus-p,0.0,5.363146101485997
2.015,29,prcus-i,0.0,5.363146101485997
2.015,29,prcus-a,0.0,5.363146101485997
2.015,29,ifrms,-0.0,5.363146101485997
2.015,29,sspls-v,0.0,5.363146101485997
2.015,30,mcgs,0.0,5.623190402385886
2.015,30,pos,-0.0,5.623190402385886
2.015,30,sbps,-0.0,5.623190402385886
2.015,30,prculs-d,-0.0,5.623190402385886
2.015,30,prcus-p,0.0,5.623190402385886
2.015,30,prcus-i,-0.0,5.623190402385886
2.015,30,prcus-a,0.0,5.623190402385886
2.015,30,ifrms,-0.0,5.623190402385886
2.015,30,sspls-v,0.0,5.623190402385886
2.015,31,mcgs,0.0,5.40092581513638
2.015,31,pos,-0.0,5.40092581513638
2.015,31,sbps,-0.0,5.40092581513638
2.015,31,prculs-d,-0.0,5.40092581513638
2.015,31,prcus-p,0.0,5.40092581513638
2.015,31,prcus-i,-0.0,5.40092581513638
2.015,31,prcus-a,0.0,5.40092581513638
2.015,31,ifrms,-0.0,5.40092581513638
2.015,31,sspls-v,0.0,5.40092581513638
2.015,32,mcgs,0.0,5.4351848869983845
2.015,32,pos,-0.0,5.4351848869983845
2.015,32,sbps,-0.0,5.4351848869983845
2.015,32,prculs-d,-0.0,5.4351848869983845
2.015,32,prcus-p,0.0,5.4351848869983845
2.015,32,prcus-i,-0.0,5.4351848869983845
2.015,32,prcus-a,0.0,5.4351848869983845
2.015,32,ifrms,-0.0,5.4351848869983845
2.015,32,sspls-v,0.0,5.4351848869983845
2.015,33,mcgs,0.0,5.605922060361649
2.015,33,pos,-0.0,5.605922060361649
2.015,33,sbps,-0.0,5.605922060361649
2.015,33,prculs-d,-0.0,5.605922060361649
2.015,33,prcus-p,0.0,5.605922060361649
2.015,33,prcus-i,-0.0,5.605922060361649
2.015,33,prcus-a,0.0,5.605922060361649
2.015,33,ifrms,-0.0,5.605922060361649
2.015,33,sspls-v,0.0,5.605922060361649
2.015,34,mcgs,0.0,5.569812822132413
2.015,34,pos,-0.0,5.569812822132413
2.015,34,sbps,-0.0,5.569812822132413
2.015,34,prculs-d,-0.0,5.569812822132413
2.015,34,prcus-p,0.0,5.569812822132413
2.015,34,prcus-i,-0.0,5.569812822132413
2.015,34,prcus-a,-0.0,5.569812822132413
2.015,34,ifrms,-0.0,5.569812822132413
2.015,34,sspls-v,0.0,5.569812822132413
2.154,0,mcgs,0.0,5.579398982517867
2.154,0,pos,-0.0,5.579398982517867
2.154,0,sbps,-0.0,5.579398982517867
2.154,0,prculs-d,-0.0,5.579398982517867
2.154,0,prcus-p,0.0,5.579398982517867
2.154,0,prcus-i,-0.0,5.579398982517867
2.154,0,prcus-a,-0.0,5.579398982517867
2.154,0,ifrms,-0.0,5.579398982517867
2.154,0,sspls-v,0.0,5.579398982517867
2.154,1,mcgs,0.0,5.48910777875038
2.154,1,pos,-0.0,5.48910777875038
2.154,1,sbps,-0.0,5.48910777875038
2.154,1,prculs-d,-0.0,5.48910777875038
2.154,1,prcus-p,0.0,5.48910777875038
2.154,1,prcus-i,-0.0,5.48910777875038
2.154,1,prcus-a,0.0,5.48910777875038
2.154,1,ifrms,-0.0,5.48910777875038
2.154,1,sspls-v,0.0,5.48910777875038
2.154,2,mcgs,0.0,5.424242424242422
2.154,2,pos,-0.0,5.424242424242422
2.154,2,sbps,-0.0,5.424242424242422
2.154,2,prculs-d,-0.0,5.424242424242422
2.154,2,prcus-p,0.0,5.424242424242422
2.154,2,prcus-i,-0.0,5.424242424242422
2.154,2,prcus-a,-0.0,5.424242424242422
2.154,2,ifrms,-0.0,5.424242424242422
2.154,2,sspls-v,0.0,5.424242424242422
2.154,3,mcgs,0.0,5.42689426899809
2.154,3,pos,-0.0,5.42689426899809
2.154,3,sbps,-0.0,5.42689426899809
2.154,3,prculs-d,-0.0,5.42689426899809
2.154,3,prcus-p,0.0,5.42689426899809
2.154,3,prcus-i,-0.0,5.42689426899809
2.154,3,prcus-a,0.0,5.42689426899809
2.154,3,ifrms,-0.0,5.42689426899809
2.154,3,sspls-v,0.0,5.42689426899809
2.154,4,mcgs,0.0,5.466405392998898
2.154,4,pos,-0.0,5.466405392998898
2.154,4,sbps,-0.0,5.466405392998898
2.154,4,prculs-d,-0.0,5.466405392998898
2.154,4,prcus-p,0.0,5.466405392998898
2.154,4,prcus-i,-0.0,5.466405392998898
2.154,4,prcus-a,-0.0,5.466405392998898
2.154,4,ifrms,-0.02731972304844736,5.466405392998898
2.154,4,sspls-v,0.0,5.466405392998898
2.154,5,mcgs,0.0,5.401731649305685
2.154,5,pos,-0.0,5.401731649305685
2.154,5,sbps,-0.0,5.401731649305685
2.154,5,prculs-d,-0.0,5.401731649305685
2.154,5,prcus-p,0.0,5.401731649305685
2.154,5,prcus-i,-0.0,5.401731649305685
2.154,5,prcus-a,0.0,5.401731649305685
2.154,5,ifrms,-0.0,5.401731649305685
2.154,5,sspls-v,0.0,5.401731649305685
2.154,6,mcgs,0.0,5.582040522811642
2.154,6,pos,-0.0,5.582040522811642
2.154,6,sbps,-0.0,5.582040522811642
2.154,6,prculs-d,-0.0,5.582040522811642
2.154,6,prcus-p,0.0,5.582040522811642
2.154,6,prcus-i,-0.0,5.582040522811642
2.154,6,prcus-a,0.0,5.582040522811642
2.154,6,ifrms,-0.0,5.582040522811642
2.154,6,sspls-v,0.0,5.582040522811642
2.154,7,mcgs,0.0,5.2727272727272725
2.154,7,pos,-0.0,5.2727272727272725
2.154,7,sbps,-0.0,5.2727272727272725
2.154,7,prculs-d,-0.0,5.2727272727272725
2.154,7,prcus-p,0.0,5.2727272727272725
2.154,7,prcus-i,-0.0,5.2727272727272725
2.154,7,prcus-a,0.0,5.2727272727272725
2.154,7,ifrms,-0.0,5.2727272727272725
2.154,7,sspls-v,0.0,5.2727272727272725
2.154,8,mcgs,0.0,5.363636363636363
2.154,8,pos,-0.0,5.363636363636363
2.154,8,sbps,-0.0,5.363636363636363
2.154,8,prculs-d,-0.0,5.363636363636363
2.154,8,prcus-p,0.0,5.363636363636363
2.154,8,prcus-i,-0.0,5.363636363636363
2.154,8,prcus-a,0.0,5.363636363636363
2.154,8,ifrms,-0.0,5.363636363636363
2.154,8,sspls-v,0.0,5.363636363636363
2.154,9,mcgs,0.0,5.5841205961460565
2.154,9,pos,-0.0,5.5841205961460565
2.154,9,sbps,-0.0,5.5841205961460565
2.154,9,prculs-d,-0.0,5.5841205961460565
2.154,9,prcus-p,0.0,5.5841205961460565
2.154,9,prcus-i,-0.0,5.5841205961460565
2.154,9,prcus-a,0.0,5.5841205961460565
2.154,9,ifrms,-0.0,5.5841205961460565
2.154,9,sspls-v,0.0,5.5841205961460565
2.154,10,mcgs,0.0,5.515244582441844
2.154,10,pos,-0.0,5.515244582441844
2.154,10,sbps,-0.0,5.515244582441844
2.154,10,prculs-d,-0.0,5.515244582441844
2.154,10,prcus-p,0.0,5.515244582441844
2.154,10,prcus-i,-0.0,5.515244582441844
2.154,10,prcus-a,0.0,5.515244582441844
2.154,10,ifrms,-0.0,5.515244582441844
2.154,10,sspls-v,0.0,5.515244582441844
2.154,11,mcgs,0.0,5.618612033221224
2.154,11,pos,-0.0,5.618612033221224
2.154,11,sbps,-0.0,5.618612033221224
2.154,11,prculs-d,-0.0,5.618612033221224
2.154,11,prcus-p,0.0,5.618612033221224
2.154,11,prcus-i,-0.0,5.618612033221224
2.154,11,prcus-a,0.0,5.618612033221224
2.154,11,ifrms,-0.0,5.618612033221224
2.154,11,sspls-v,0.0,5.618612033221224
2.154,12,mcgs,0.0,5.31493405192511
2.154,12,pos,-0.0,5.31493405192511
2.154,12,sbps,-0.0,5.31493405192511
2.154,12,prculs-d,-0.0,5.31493405192511
2.154,12,prcus-p,0.017907023694620917,5.31493405192511
2.154,12,prcus-i,-0.0,5.31493405192511
2.154,12,prcus-a,-0.0,5.31493405192511
2.154,12,ifrms,-0.0,5.31493405192511
2.154,12,sspls-v,0.0,5.31493405192511
2.154,13,mcgs,0.0,5.376886440738429
2.154,13,pos,-0.0,5.376886440738429
2.154,13,sbps,-0.0,5.376886440738429
2.154,13,prculs-d,-0.0,5.376886440738429
2.154,13,prcus-p,0.0,5.376886440738429
2.154,13,prcus-i,-0.0,5.376886440738429
2.154,13,prcus-a,0.0,5.376886440738429
2.154,13,ifrms,-0.0,5.376886440738429
2.154,13,sspls-v,0.0,5.376886440738429
2.154,14,mcgs,0.0,5.4091780862794865
2.154,14,pos,-0.0,5.4091780862794865
2.154,14,sbps,-0.0,5.4091780862794865
2.154,14,prculs-d,-0.0,5.4091780862794865
2.154,14,prcus-p,0.04886733737665135,5.4091780862794865
2.154,14,prcus-i,-0.0,5.4091780862794865
2.154,14,prcus-a,0.0,5.4091780862794865
2.154,14,ifrms,-0.0,5.4091780862794865
2.154,14,sspls-v,0.0,5.4091780862794865
2.154,15,mcgs,0.0,5.303209252748222
2.154,15,pos,-0.0,5.303209252748222
2.154,15,sbps,-0.0,5.303209252748222
2.154,15,prculs-d,0.0,5.303209252748222
2.154,15,prcus-p,0.0,5.303209252748222
2.154,15,prcus-i,-0.0,5.303209252748222
2.154,15,prcus-a,0.0,5.303209252748222
2.154,15,ifrms,-0.0,5.303209252748222
2.154,15,sspls-v,0.0,5.303209252748222
2.154,16,mcgs,0.0,5.6059087616928975
2.154,16,pos,-0.0,5.6059087616928975
2.154,16,sbps,-0.0,5.6059087616928975
2.154,16,prculs-d,-0.0,5.6059087616928975
2.154,16,prcus-p,0.0,5.6059087616928975
2.154,16,prcus-i,-0.0,5.6059087616928975
2.154,16,prcus-a,0.0,5.6059087616928975
2.154,16,ifrms,-0.0,5.6059087616928975
2.154,16,sspls-v,0.0,5.6059087616928975
2.154,17,mcgs,0.0,5.397589010496599
2.154,17,pos,-0.0,5.397589010496599
2.154,17,sbps,-0.0,5.397589010496599
2.154,17,prculs-d,-0.0,5.397589010496599
2.154,17,prcus-p,0.0,5.397589010496599
2.154,17,prcus-i,-0.0,5.397589010496599
2.154,17,prcus-a,0.0,5.397589010496599
2.154,17,ifrms,-0.0,5.397589010496599
2.154,17,sspls-v,0.0,5.397589010496599
2.154,18,mcgs,0.0,5.673192633935154
2.154,18,pos,-0.0,5.673192633935154
2.154,18,sbps,-0.0,5.673192633935154
2.154,18,prculs-d,-0.0,5.673192633935154
2.154,18,prcus-p,0.0,5.673192633935154
2.154,18,prcus-i,-0.0,5.673192633935154
2.154,18,prcus-a,0.0,5.673192633935154
2.154,18,ifrms,-0.0,5.673192633935154
2.154,18,sspls-v,0.0,5.673192633935154
2.154,19,mcgs,0.0,5.465317328160843
2.154,19,pos,-0.0,5.465317328160843
2.154,19,sbps,-0.0,5.465317328160843
2.154,19,prculs-d,-0.0,5.465317328160843
2.154,19,prcus-p,0.0,5.465317328160843
2.154,19,prcus-i,-0.0,5.465317328160843
2.154,19,prcus-a,0.0,5.465317328160843
2.154,19,ifrms,-0.0,5.465317328160843
2.154,19,sspls-v,0.0,5.465317328160843
2.154,20,mcgs,-0.0,5.4394808402769455
2.154,20,pos,-0.0,5.4394808402769455
2.154,20,sbps,-0.0,5.4394808402769455
2.154,20,prculs-d,0.0,5.4394808402769455
2.154,20,prcus-p,0.0,5.4394808402769455
2.154,20,prcus-i,-0.0,5.4394808402769455
2.154,20,prcus-a,-0.0,5.4394808402769455
2.154,20,ifrms,-0.0,5.4394808402769455
2.154,20,sspls-v,0.0,5.4394808402769455
2.154,21,mcgs,0.0,5.521718091151846
2.154,21,pos,-0.0,5.521718091151846
2.154,21,sbps,-0.0,5.521718091151846
2.154,21,prculs-d,-0.0,5.521718091151846
2.154,21,prcus-p,0.0,5.521718091151846
2.154,21,prcus-i,-0.0,5.521718091151846
2.154,21,prcus-a,0.0,5.521718091151846
2.154,21,ifrms,-0.0,5.521718091151846
2.154,21,sspls-v,0.0,5.521718091151846
2.154,22,mcgs,0.0,5.610669315929985
2.154,22,pos,-0.0,5.610669315929985
2.154,22,sbps,-0.0,5.610669315929985
2.154,22,prculs-d,-0.0,5.610669315929985
2.154,22,prcus-p,0.0,5.610669315929985
2.154,22,prcus-i,-0.0,5.610669315929985
2.154,22,prcus-a,0.0,5.610669315929985
2.154,22,ifrms,-0.0,5.610669315929985
2.154,22,sspls-v,0.0,5.610669315929985
2.154,23,mcgs,0.0,5.52605872393517
2.154,23,pos,-0.0,5.52605872393517
2.154,23,sbps,-0.0,5.52605872393517
2.154,23,prculs-d,-0.0,5.52605872393517
2.154,23,prcus-p,0.0,5.52605872393517
2.154,23,prcus-i,-0.0,5.52605872393517
2.154,23,prcus-a,0.0,5.52605872393517
2.154,23,ifrms,-0.0,5.52605872393517
2.154,23,sspls-v,0.0,5.52605872393517
2.154,24,mcgs,0.0,5.455780348517718
2.154,24,pos,-0.0,5.455780348517718
2.154,24,sbps,-0.0,5.455780348517718
2.154,24,prculs-d,-0.0,5.455780348517718
2.154,24,prcus-p,0.0,5.455780348517718
2.154,24,prcus-i,-0.0,5.455780348517718
2.154,24,prcus-a,-0.0,5.455780348517718
2.154,24,ifrms,-0.0,5.455780348517718
2.154,24,sspls-v,0.0,5.455780348517718
2.154,25,mcgs,0.0,5.618463819223442
2.154,25,pos,-0.0,5.618463819223442
2.154,25,sbps,-0.0,5.618463819223442
2.154,25,prculs-d,-0.0,5.618463819223442
2.154,25,prcus-p,0.0,5.618463819223442
2.154,25,prcus-i,-0.0,5.618463819223442
2.154,25,prcus-a,0.0,5.618463819223442
2.154,25,ifrms,-0.0,5.618463819223442
2.154,25,sspls-v,0.0,5.618463819223442
2.154,26,mcgs,0.0,5.549213659425245
2.154,26,pos,-0.0,5.549213659425245
2.154,26,sbps,-0.0,5.549213659425245
2.154,26,prculs-d,-0.0,5.549213659425245
2.154,26,prcus-p,0.0,5.549213659425245
2.154,26,prcus-i,-0.0,5.549213659425245
2.154,26,prcus-a,0.0,5.549213659425245
2.154,26,ifrms,-0.0,5.549213659425245
2.154,26,sspls-v,0.0,5.549213659425245
2.154,27,mcgs,0.0,5.582198256603626
2.154,27,pos,-0.0,5.582198256603626
2.154,27,sbps,-0.0,5.582198256603626
2.154,27,prculs-d,-0.0,5.582198256603626
2.154,27,prcus-p,0.0,5.582198256603626
2.154,27,prcus-i,-0.0,5.582198256603626
2.154,27,prcus-a,-0.0,5.582198256603626
2.154,27,ifrms,-0.0,5.582198256603626
2.154,27,sspls-v,0.0,5.582198256603626
2.154,28,mcgs,0.0,5.6190105639678745
2.154,28,pos,-0.0,5.6190105639678745
2.154,28,sbps,-0.0,5.6190105639678745
2.154,28,prculs-d,-0.0,5.6190105639678745
2.154,28,prcus-p,0.0,5.6190105639678745
2.154,28,prcus-i,-0.0,5.6190105639678745
2.154,28,prcus-a,0.0,5.6190105639678745
2.154,28,ifrms,-0.0,5.6190105639678745
2.154,28,sspls-v,0.0,5.6190105639678745
2.154,29,mcgs,-0.0,5.343491967793872
2.154,29,pos,-0.0,5.343491967793872
2.154,29,sbps,-0.0,5.343491967793872
2.154,29,prculs-d,0.0,5.343491967793872
2.154,29,prcus-p,0.0,5.343491967793872
2.154,29,prcus-i,0.0,5.343491967793872
2.154,29,prcus-a,0.0,5.343491967793872
2.154,29,ifrms,-0.0,5.343491967793872
2.154,29,sspls-v,0.0,5.343491967793872
2.154,30,mcgs,0.0,5.591393086344538
2.154,30,pos,-0.0,5.591393086344538
2.154,30,sbps,-0.0,5.591393086344538
2.154,30,prculs-d,-0.0,5.591393086344538
2.154,30,prcus-p,0.0,5.591393086344538
2.154,30,prcus-i,-0.0,5.591393086344538
2.154,30,prcus-a,0.0,5.591393086344538
2.154,30,ifrms,-0.0,5.591393086344538
2.154,30,sspls-v,0.0,5.591393086344538
2.154,31,mcgs,0.0,5.393939393939394
2.154,31,pos,-0.0,5.393939393939394
2.154,31,sbps,-0.0,5.393939393939394
2.154,31,prculs-d,-0.0,5.393939393939394
2.154,31,prcus-p,0.0,5.393939393939394
2.154,31,prcus-i,-0.0,5.393939393939394
2.154,31,prcus-a,0.0,5.393939393939394
2.154,31,ifrms,-0.0,5.393939393939394
2.154,31,sspls-v,0.0,5.393939393939394
2.154,32,mcgs,0.0,5.42425176567495
2.154,32,pos,-0.0,5.42425176567495
2.154,32,sbps,-0.0,5.42425176567495
2.154,32,prculs-d,-0.0,5.42425176567495
2.154,32,prcus-p,0.0,5.42425176567495
2.154,32,prcus-i,-0.0,5.42425176567495
2.154,32,prcus-a,0.0,5.42425176567495
2.154,32,ifrms,-0.0,5.42425176567495
2.154,32,sspls-v,0.0,5.42425176567495
2.154,33,mcgs,0.0,5.583510219098961
2.154,33,pos,-0.0,5.583510219098961
2.154,33,sbps,-0.0,5.583510219098961
2.154,33,prculs-d,-0.0,5.583510219098961
2.154,33,prcus-p,0.0,5.583510219098961
2.154,33,prcus-i,-0.0,5.583510219098961
2.154,33,prcus-a,0.0,5.583510219098961
2.154,33,ifrms,-0.0,5.583510219098961
2.154,33,sspls-v,0.0,5.583510219098961
2.154,34,mcgs,0.0,5.5346813265280375
2.154,34,pos,-0.0,5.5346813265280375
2.154,34,sbps,-0.0,5.5346813265280375
2.154,34,prculs-d,-0.0,5.5346813265280375
2.154,34,prcus-p,0.0,5.5346813265280375
2.154,34,prcus-i,-0.0,5.5346813265280375
2.154,34,prcus-a,-0.0,5.5346813265280375
2.154,34,ifrms,-0.0,5.5346813265280375
2.154,34,sspls-v,0.0,5.5346813265280375
2.303,0,mcgs,0.0,5.575757575757576
2.303,0,pos,-0.0,5.575757575757576
2.303,0,sbps,-0.0,5.575757575757576
2.303,0,prculs-d,-0.0,5.575757575757576
2.303,0,prcus-p,0.0,5.575757575757576
2.303,0,prcus-i,-0.0,5.575757575757576
2.303,0,prcus-a,-0.0,5.575757575757576
2.303,0,ifrms,-0.0,5.575757575757576
2.303,0,sspls-v,0.0,5.575757575757576
2.303,1,mcgs,0.0,5.484848484848485
2.303,1,pos,-0.0,5.484848484848485
2.303,1,sbps,-0.0,5.484848484848485
2.303,1,prculs-d,-0.0,5.484848484848485
2.303,1,prcus-p,0.0,5.484848484848485
2.303,1,prcus-i,-0.0,5.484848484848485
2.303,1,prcus-a,0.0,5.484848484848485
2.303,1,ifrms,-0.0,5.484848484848485
2.303,1,sspls-v,0.0,5.484848484848485
2.303,2,mcgs,0.0,5.424242424242422
2.303,2,pos,-0.0,5.424242424242422
2.303,2,sbps,-0.0,5.424242424242422
2.303,2,prculs-d,-0.0,5.424242424242422
2.303,2,prcus-p,0.0,5.424242424242422
2.303,2,prcus-i,-0.0,5.424242424242422
2.303,2,prcus-a,-0.0,5.424242424242422
2.303,2,ifrms,-0.0,5.424242424242422
2.303,2,sspls-v,0.0,5.424242424242422
2.303,3,mcgs,0.0,5.424242424242422
2.303,3,pos,-0.0,5.424242424242422
2.303,3,sbps,-0.0,5.424242424242422
2.303,3,prculs-d,-0.0,5.424242424242422
2.303,3,prcus-p,0.0,5.424242424242422
2.303,3,prcus-i,-0.0,5.424242424242422
2.303,3,prcus-a,0.0,5.424242424242422
2.303,3,ifrms,-0.0,5.424242424242422
2.303,3,sspls-v,0.0,5.424242424242422
2.303,4,mcgs,0.0,5.438254250136122
2.303,4,pos,-0.0,5.438254250136122
2.303,4,sbps,-0.0,5.438254250136122
2.303,4,prculs-d,-0.0,5.438254250136122
2.303,4,prcus-p,0.0,5.438254250136122
2.303,4,prcus-i,-0.0,5.438254250136122
2.303,4,prcus-a,-0.0,5.438254250136122
2.303,4,ifrms,-0.0,5.438254250136122
2.303,4,sspls-v,0.0,5.438254250136122
2.303,5,mcgs,0.0,5.393939393939394
2.303,5,pos,-0.0,5.393939393939394
2.303,5,sbps,-0.0,5.393939393939394
2.303,5,prculs-d,-0.0,5.393939393939394
2.303,5,prcus-p,0.0,5.393939393939394
2.303,5,prcus-i,-0.0,5.393939393939394
2.303,5,prcus-a,0.0,5.393939393939394
2.303,5,ifrms,-0.0,5.393939393939394
2.303,5,sspls-v,0.0,5.393939393939394
2.303,6,mcgs,0.0,5.579322638146167
2.303,6,pos,-0.0,5.579322638146167
2.303,6,sbps,-0.0,5.579322638146167
2.303,6,prculs-d,-0.0,5.579322638146167
2.303,6,prcus-p,0.0,5.579322638146167
2.303,6,prcus-i,-0.0,5.579322638146167
2.303,6,prcus-a,0.0,5.579322638146167
2.303,6,ifrms,-0.0,5.579322638146167
2.303,6,sspls-v,0.0,5.579322638146167
2.303,7,mcgs,0.0,5.2727272727272725
2.303,7,pos,-0.0,5.2727272727272725
2.303,7,sbps,-0.0,5.2727272727272725
2.303,7,prculs-d,-0.0,5.2727272727272725
2.303,7,prcus-p,0.0,5.2727272727272725
2.303,7,prcus-i,-0.0,5.2727272727272725
2.303,7,prcus-a,0.0,5.2727272727272725
2.303,7,ifrms,-0.0,5.2727272727272725
2.303,7,sspls-v,0.0,5.2727272727272725
2.303,8,mcgs,0.0,5.363636363636363
2.303,8,pos,-0.0,5.363636363636363
2.303,8,sbps,-0.0,5.363636363636363
2.303,8,prculs-d,-0.0,5.363636363636363
2.303,8,prcus-p,0.0,5.363636363636363
2.303,8,prcus-i,-0.0,5.363636363636363
2.303,8,prcus-a,0.0,5.363636363636363
2.303,8,ifrms,-0.0,5.363636363636363
2.303,8,sspls-v,0.0,5.363636363636363
2.303,9,mcgs,0.0,5.579322638146167
2.303,9,pos,-0.0,5.579322638146167
2.303,9,sbps,-0.0,5.579322638146167
2.303,9,prculs-d,-0.0,5.579322638146167
2.303,9,prcus-p,0.0,5.579322638146167
2.303,9,prcus-i,-0.0,5.579322638146167
2.303,9,prcus-a,0.0,5.579322638146167
2.303,9,ifrms,-0.0,5.579322638146167
2.303,9,sspls-v,0.0,5.579322638146167
2.303,10,mcgs,0.0,5.5151515151515165
2.303,10,pos,-0.0,5.5151515151515165
2.303,10,sbps,-0.0,5.5151515151515165
2.303,10,prculs-d,-0.0,5.5151515151515165
2.303,10,prcus-p,0.0,5.5151515151515165
2.303,10,prcus-i,-0.0,5.5151515151515165
2.303,10,prcus-a,0.0,5.5151515151515165
2.303,10,ifrms,-0.0,5.5151515151515165
2.303,10,sspls-v,0.0,5.5151515151515165
2.303,11,mcgs,0.0,5.611408199643494
2.303,11,pos,-0.0,5.611408199643494
2.303,11,sbps,-0.0,5.611408199643494
2.303,11,prculs-d,-0.0,5.611408199643494
2.303,11,prcus-p,0.0,5.611408199643494
2.303,11,prcus-i,-0.0,5.611408199643494
2.303,11,prcus-a,0.0,5.611408199643494
2.303,11,ifrms,-0.0,5.611408199643494
2.303,11,sspls-v,0.0,5.611408199643494
2.303,12,mcgs,0.0,5.291486843646898
2.303,12,pos,-0.0,5.291486843646898
2.303,12,sbps,-0.0,5.291486843646898
2.303,12,prculs-d,-0.0,5.291486843646898
2.303,12,prcus-p,0.0,5.291486843646898
2.303,12,prcus-i,-0.0,5.291486843646898
2.303,12,prcus-a,-0.0,5.291486843646898
2.303,12,ifrms,-0.0,5.291486843646898
2.303,12,sspls-v,0.0,5.291486843646898
2.303,13,mcgs,0.0,5.3648599459845006
2.303,13,pos,-0.0,5.3648599459845006
2.303,13,sbps,-0.0,5.3648599459845006
2.303,13,prculs-d,-0.0,5.3648599459845006
2.303,13,prcus-p,0.0,5.3648599459845006
2.303,13,prcus-i,-0.0,5.3648599459845006
2.303,13,prcus-a,0.0,5.3648599459845006
2.303,13,ifrms,-0.0,5.3648599459845006
2.303,13,sspls-v,0.0,5.3648599459845006
2.303,14,mcgs,0.0,5.3828071245835325
2.303,14,pos,-0.0,5.3828071245835325
2.303,14,sbps,-0.0,5.3828071245835325
2.303,14,prculs-d,-0.0,5.3828071245835325
2.303,14,prcus-p,0.0,5.3828071245835325
2.303,14,prcus-i,-0.0,5.3828071245835325
2.303,14,prcus-a,0.0,5.3828071245835325
2.303,14,ifrms,-0.0,5.3828071245835325
2.303,14,sspls-v,0.0,5.3828071245835325
2.303,15,mcgs,0.0,5.303030303030303
2.303,15,pos,-0.0,5.303030303030303
2.303,15,sbps,-0.0,5.303030303030303
2.303,15,prculs-d,0.0,5.303030303030303
2.303,15,prcus-p,0.0,5.303030303030303
2.303,15,prcus-i,-0.0,5.303030303030303
2.303,15,prcus-a,0.0,5.303030303030303
2.303,15,ifrms,-0.0,5.303030303030303
2.303,15,sspls-v,0.0,5.303030303030303
2.303,16,mcgs,0.0,5.582661948464725
2.303,16,pos,-0.0,5.582661948464725
2.303,16,sbps,-0.0,5.582661948464725
2.303,16,prculs-d,-0.0,5.582661948464725
2.303,16,prcus-p,0.0,5.582661948464725
2.303,16,prcus-i,-0.0,5.582661948464725
2.303,16,prcus-a,0.0,5.582661948464725
2.303,16,ifrms,-0.0,5.582661948464725
2.303,16,sspls-v,0.0,5.582661948464725
2.303,17,mcgs,0.0,5.393939393939394
2.303,17,pos,-0.0,5.393939393939394
2.303,17,sbps,-0.0,5.393939393939394
2.303,17,prculs-d,-0.0,5.393939393939394
2.303,17,prcus-p,0.0,5.393939393939394
2.303,17,prcus-i,-0.0,5.393939393939394
2.303,17,prcus-a,0.0,5.393939393939394
2.303,17,ifrms,-0.0,5.393939393939394
2.303,17,sspls-v,0.0,5.393939393939394
2.303,18,mcgs,0.0,5.648880897936075
2.303,18,pos,-0.0,5.648880897936075
2.303,18,sbps,-0.0,5.648880897936075
2.303,18,prculs-d,-0.0,5.648880897936075
2.303,18,prcus-p,0.0,5.648880897936075
2.303,18,prcus-i,-0.0,5.648880897936075
2.303,18,prcus-a,0.0,5.648880897936075
2.303,18,ifrms,-0.0,5.648880897936075
2.303,18,sspls-v,0.0,5.648880897936075
2.303,19,mcgs,0.0,5.435981383886393
2.303,19,pos,-0.0,5.435981383886393
2.303,19,sbps,-0.0,5.435981383886393
2.303,19,prculs-d,-0.0,5.435981383886393
2.303,19,prcus-p,0.0,5.435981383886393
2.303,19,prcus-i,-0.0,5.435981383886393
2.303,19,prcus-a,0.0,5.435981383886393
2.303,19,ifrms,-0.0,5.435981383886393
2.303,19,sspls-v,0.0,5.435981383886393
2.303,20,mcgs,-0.0,5.429049873244374
2.303,20,pos,-0.0,5.429049873244374
2.303,20,sbps,-0.0,5.429049873244374
2.303,20,prculs-d,0.0,5.429049873244374
2.303,20,prcus-p,0.0,5.429049873244374
2.303,20,prcus-i,-0.0,5.429049873244374
2.303,20,prcus-a,-0.0,5.429049873244374
2.303,20,ifrms,-0.0,5.429049873244374
2.303,20,sspls-v,0.0,5.429049873244374
2.303,21,mcgs,0.0,5.5151515151515165
2.303,21,pos,-0.0,5.5151515151515165
2.303,21,sbps,-0.0,5.5151515151515165
2.303,21,prculs-d,-0.0,5.5151515151515165
2.303,21,prcus-p,0.0,5.5151515151515165
2.303,21,prcus-i,-0.0,5.5151515151515165
2.303,21,prcus-a,0.0,5.5151515151515165
2.303,21,ifrms,-0.0,5.5151515151515165
2.303,21,sspls-v,0.0,5.5151515151515165
2.303,22,mcgs,0.0,5.606060606060606
2.303,22,pos,-0.0,5.606060606060606
2.303,22,sbps,-0.0,5.606060606060606
2.303,22,prculs-d,-0.0,5.606060606060606
2.303,22,prcus-p,0.0,5.606060606060606
2.303,22,prcus-i,-0.0,5.606060606060606
2.303,22,prcus-a,0.0,5.606060606060606
2.303,22,ifrms,-0.0,5.606060606060606
2.303,22,sspls-v,0.0,5.606060606060606
2.303,23,mcgs,0.0,5.5151515151515165
2.303,23,pos,-0.0,5.5151515151515165
2.303,23,sbps,-0.0,5.5151515151515165
2.303,23,prculs-d,-0.0,5.5151515151515165
2.303,23,prcus-p,0.0,5.5151515151515165
2.303,23,prcus-i,-0.0,5.5151515151515165
2.303,23,prcus-a,0.0,5.5151515151515165
2.303,23,ifrms,-0.0,5.5151515151515165
2.303,23,sspls-v,0.0,5.5151515151515165
2.303,24,mcgs,0.0,5.454545454545456
2.303,24,pos,-0.0,5.454545454545456
2.303,24,sbps,-0.0,5.454545454545456
2.303,24,prculs-d,-0.0,5.454545454545456
2.303,24,prcus-p,0.0,5.454545454545456
2.303,24,prcus-i,-0.0,5.454545454545456
2.303,24,prcus-a,-0.0,5.454545454545456
2.303,24,ifrms,-0.0,5.454545454545456
2.303,24,sspls-v,0.0,5.454545454545456
2.303,25,mcgs,0.0,5.611408199643494
2.303,25,pos,-0.0,5.611408199643494
2.303,25,sbps,-0.0,5.611408199643494
2.303,25,prculs-d,-0.0,5.611408199643494
2.303,25,prcus-p,0.0,5.611408199643494
2.303,25,prcus-i,-0.0,5.611408199643494
2.303,25,prcus-a,0.0,5.611408199643494
2.303,25,ifrms,-0.0,5.611408199643494
2.303,25,sspls-v,0.0,5.611408199643494
2.303,26,mcgs,0.0,5.545454545454546
2.303,26,pos,-0.0,5.545454545454546
2.303,26,sbps,-0.0,5.545454545454546
2.303,26,prculs-d,-0.0,5.545454545454546
2.303,26,prcus-p,0.0,5.545454545454546
2.303,26,prcus-i,-0.0,5.545454545454546
2.303,26,prcus-a,0.0,5.545454545454546
2.303,26,ifrms,-0.0,5.545454545454546
2.303,26,sspls-v,0.0,5.545454545454546
2.303,27,mcgs,0.0,5.575757575757576
2.303,27,pos,-0.0,5.575757575757576
2.303,27,sbps,-0.0,5.575757575757576
2.303,27,prculs-d,-0.0,5.575757575757576
2.303,27,prcus-p,0.0,5.575757575757576
2.303,27,prcus-i,-0.0,5.575757575757576
2.303,27,prcus-a,-0.0,5.575757575757576
2.303,27,ifrms,-0.0,5.575757575757576
2.303,27,sspls-v,0.0,5.575757575757576
2.303,28,mcgs,0.0,5.611408199643494
2.303,28,pos,-0.0,5.611408199643494
2.303,28,sbps,-0.0,5.611408199643494
2.303,28,prculs-d,-0.0,5.611408199643494
2.303,28,prcus-p,0.0,5.611408199643494
2.303,28,prcus-i,-0.0,5.611408199643494
2.303,28,prcus-a,0.0,5.611408199643494
2.303,28,ifrms,-0.0,5.611408199643494
2.303,28,sspls-v,0.0,5.611408199643494
2.303,29,mcgs,-0.0,5.334101301742273
2.303,29,pos,-0.0,5.334101301742273
2.303,29,sbps,-0.0,5.334101301742273
2.303,29,prculs-d,0.0,5.334101301742273
2.303,29,prcus-p,0.0,5.334101301742273
2.303,29,prcus-i,0.0,5.334101301742273
2.303,29,prcus-a,0.0,5.334101301742273
2.303,29,ifrms,-0.0,5.334101301742273
2.303,29,sspls-v,0.0,5.334101301742273
2.303,30,mcgs,0.0,5.578798641857292
2.303,30,pos,-0.0,5.578798641857292
2.303,30,sbps,-0.0,5.578798641857292
2.303,30,prculs-d,-0.0,5.578798641857292
2.303,30,prcus-p,0.0,5.578798641857292
2.303,30,prcus-i,-0.0,5.578798641857292
2.303,30,prcus-a,0.0,5.578798641857292
2.303,30,ifrms,-0.0,5.578798641857292
2.303,30,sspls-v,0.0,5.578798641857292
2.303,31,mcgs,0.0,5.393939393939394
2.303,31,pos,-0.0,5.393939393939394
2.303,31,sbps,-0.0,5.393939393939394
2.303,31,prculs-d,-0.0,5.393939393939394
2.303,31,prcus-p,0.0,5.393939393939394
2.303,31,prcus-i,-0.0,5.393939393939394
2.303,31,prcus-a,0.0,5.393939393939394
2.303,31,ifrms,-0.0,5.393939393939394
2.303,31,sspls-v,0.0,5.393939393939394
2.303,32,mcgs,0.0,5.424242424242426
2.303,32,pos,-0.0,5.424242424242426
2.303,32,sbps,-0.0,5.424242424242426
2.303,32,prculs-d,-0.0,5.424242424242426
2.303,32,prcus-p,0.0,5.424242424242426
2.303,32,prcus-i,-0.0,5.424242424242426
2.303,32,prcus-a,0.0,5.424242424242426
2.303,32,ifrms,-0.0,5.424242424242426
2.303,32,sspls-v,0.0,5.424242424242426
2.303,33,mcgs,0.0,5.575757575757576
2.303,33,pos,-0.0,5.575757575757576
2.303,33,sbps,-0.0,5.575757575757576
2.303,33,prculs-d,-0.0,5.575757575757576
2.303,33,prcus-p,0.0,5.575757575757576
2.303,33,prcus-i,-0.0,5.575757575757576
2.303,33,prcus-a,0.0,5.575757575757576
2.303,33,ifrms,-0.0,5.575757575757576
2.303,33,sspls-v,0.0,5.575757575757576
2.303,34,mcgs,0.0,5.518760038856379
2.303,34,pos,-0.0,5.518760038856379
2.303,34,sbps,-0.0,5.518760038856379
2.303,34,prculs-d,-0.0,5.518760038856379
2.303,34,prcus-p,0.0,5.518760038856379
2.303,34,prcus-i,-0.0,5.518760038856379
2.303,34,prcus-a,-0.0,5.518760038856379
2.303,34,ifrms,-0.0,5.518760038856379
2.303,34,sspls-v,0.0,5.518760038856379
2.462,0,mcgs,0.0,5.575757575757576
2.462,0,pos,-0.0,5.575757575757576
2.462,0,sbps,-0.0,5.575757575757576
2.462,0,prculs-d,-0.0,5.575757575757576
2.462,0,prcus-p,0.0,5.575757575757576
2.462,0,prcus-i,-0.0,5.575757575757576
2.462,0,prcus-a,-0.0,5.575757575757576
2.462,0,ifrms,-0.0,5.575757575757576
2.462,0,sspls-v,0.0,5.575757575757576
2.462,1,mcgs,0.0,5.484848484848485
2.462,1,pos,-0.0,5.484848484848485
2.462,1,sbps,-0.0,5.484848484848485
2.462,1,prculs-d,-0.0,5.484848484848485
2.462,1,prcus-p,0.0,5.484848484848485
2.462,1,prcus-i,-0.0,5.484848484848485
2.462,1,prcus-a,0.0,5.484848484848485
2.462,1,ifrms,-0.0,5.484848484848485
2.462,1,sspls-v,0.0,5.484848484848485
2.462,2,mcgs,0.0,5.424242424242422
2.462,2,pos,-0.0,5.424242424242422
2.462,2,sbps,-0.0,5.424242424242422
2.462,2,prculs-d,-0.0,5.424242424242422
2.462,2,prcus-p,0.0,5.424242424242422
2.462,2,prcus-i,-0.0,5.424242424242422
2.462,2,prcus-a,-0.0,5.424242424242422
2.462,2,ifrms,-0.0,5.424242424242422
2.462,2,sspls-v,0.0,5.424242424242422
2.462,3,mcgs,0.0,5.424242424242422
2.462,3,pos,-0.0,5.424242424242422
2.462,3,sbps,-0.0,5.424242424242422
2.462,3,prculs-d,-0.0,5.424242424242422
2.462,3,prcus-p,0.0,5.424242424242422
2.462,3,prcus-i,-0.0,5.424242424242422
2.462,3,prcus-a,0.0,5.424242424242422
2.462,3,ifrms,-0.0,5.424242424242422
2.462,3,sspls-v,0.0,5.424242424242422
2.462,4,mcgs,0.0,5.424242424242422
2.462,4,pos,-0.0,5.424242424242422
2.462,4,sbps,-0.0,5.424242424242422
2.462,4,prculs-d,-0.0,5.424242424242422
2.462,4,prcus-p,0.0,5.424242424242422
2.462,4,prcus-i,-0.0,5.424242424242422
2.462,4,prcus-a,-0.0,5.424242424242422
2.462,4,ifrms,-0.0,5.424242424242422
2.462,4,sspls-v,0.0,5.424242424242422
2.462,5,mcgs,0.0,5.393939393939394
2.462,5,pos,-0.0,5.393939393939394
2.462,5,sbps,-0.0,5.393939393939394
2.462,5,prculs-d,-0.0,5.393939393939394
2.462,5,prcus-p,0.0,5.393939393939394
2.462,5,prcus-i,-0.0,5.393939393939394
2.462,5,prcus-a,0.0,5.393939393939394
2.462,5,ifrms,-0.0,5.393939393939394
2.462,5,sspls-v,0.0,5.393939393939394
2.462,6,mcgs,0.0,5.579322638146167
2.462,6,pos,-0.0,5.579322638146167
2.462,6,sbps,-0.0,5.579322638146167
2.462,6,prculs-d,-0.0,5.579322638146167
2.462,6,prcus-p,0.0,5.579322638146167
2.462,6,prcus-i,-0.0,5.579322638146167
2.462,6,prcus-a,0.0,5.579322638146167
2.462,6,ifrms,-0.0,5.579322638146167
2.462,6,sspls-v,0.0,5.579322638146167
2.462,7,mcgs,0.0,5.2727272727272725
2.462,7,pos,-0.0,5.2727272727272725
2.462,7,sbps,-0.0,5.2727272727272725
2.462,7,prculs-d,-0.0,5.2727272727272725
2.462,7,prcus-p,0.0,5.2727272727272725
2.462,7,prcus-i,-0.0,5.2727272727272725
2.462,7,prcus-a,0.0,5.2727272727272725
2.462,7,ifrms,-0.0,5.2727272727272725
2.462,7,sspls-v,0.0,5.2727272727272725
2.462,8,mcgs,0.0,5.363636363636363
2.462,8,pos,-0.0,5.363636363636363
2.462,8,sbps,-0.0,5.363636363636363
2.462,8,prculs-d,-0.0,5.363636363636363
2.462,8,prcus-p,0.0,5.363636363636363
2.462,8,prcus-i,-0.0,5.363636363636363
2.462,8,prcus-a,0.0,5.363636363636363
2.462,8,ifrms,-0.0,5.363636363636363
2.462,8,sspls-v,0.0,5.363636363636363
2.462,9,mcgs,0.0,5.579322638146167
2.462,9,pos,-0.0,5.579322638146167
2.462,9,sbps,-0.0,5.579322638146167
2.462,9,prculs-d,-0.0,5.579322638146167
2.462,9,prcus-p,0.0,5.579322638146167
2.462,9,prcus-i,-0.0,5.579322638146167
2.462,9,prcus-a,0.0,5.579322638146167
2.462,9,ifrms,-0.0,5.579322638146167
2.462,9,sspls-v,0.0,5.579322638146167
2.462,10,mcgs,0.0,5.5151515151515165
2.462,10,pos,-0.0,5.5151515151515165
2.462,10,sbps,-0.0,5.5151515151515165
2.462,10,prculs-d,-0.0,5.5151515151515165
2.462,10,prcus-p,0.0,5.5151515151515165
2.462,10,prcus-i,-0.0,5.5151515151515165
2.462,10,prcus-a,0.0,5.5151515151515165
2.462,10,ifrms,-0.0,5.5151515151515165
2.462,10,sspls-v,0.0,5.5151515151515165
2.462,11,mcgs,0.0,5.611408199643494
2.462,11,pos,-0.0,5.611408199643494
2.462,11,sbps,-0.0,5.611408199643494
2.462,11,prculs-d,-0.0,5.611408199643494
2.462,11,prcus-p,0.0,5.611408199643494
2.462,11,prcus-i,-0.0,5.611408199643494
2.462,11,prcus-a,0.0,5.611408199643494
2.462,11,ifrms,-0.0,5.611408199643494
2.462,11,sspls-v,0.0,5.611408199643494
2.462,12,mcgs,0.0,5.275112152120981
2.462,12,pos,-0.0,5.275112152120981
2.462,12,sbps,-0.0,5.275112152120981
2.462,12,prculs-d,-0.0,5.275112152120981
2.462,12,prcus-p,0.0,5.275112152120981
2.462,12,prcus-i,-0.0,5.275112152120981
2.462,12,prcus-a,-0.0,5.275112152120981
2.462,12,ifrms,-0.0,5.275112152120981
2.462,12,sspls-v,0.0,5.275112152120981
2.462,13,mcgs,0.0,5.363636363636363
2.462,13,pos,-0.0,5.363636363636363
2.462,13,sbps,-0.0,5.363636363636363
2.462,13,prculs-d,-0.0,5.363636363636363
2.462,13,prcus-p,0.0,5.363636363636363
2.462,13,prcus-i,-0.0,5.363636363636363
2.462,13,prcus-a,0.0,5.363636363636363
2.462,13,ifrms,-0.0,5.363636363636363
2.462,13,sspls-v,0.0,5.363636363636363
2.462,14,mcgs,0.0,5.367877557642338
2.462,14,pos,-0.0,5.367877557642338
2.462,14,sbps,-0.0,5.367877557642338
2.462,14,prculs-d,-0.0,5.367877557642338
2.462,14,prcus-p,0.0,5.367877557642338
2.462,14,prcus-i,-0.0,5.367877557642338
2.462,14,prcus-a,0.0,5.367877557642338
2.462,14,ifrms,-0.0,5.367877557642338
2.462,14,sspls-v,0.0,5.367877557642338
2.462,15,mcgs,0.0,5.303030303030303
2.462,15,pos,-0.0,5.303030303030303
2.462,15,sbps,-0.0,5.303030303030303
2.462,15,prculs-d,0.0,5.303030303030303
2.462,15,prcus-p,0.0,5.303030303030303
2.462,15,prcus-i,-0.0,5.303030303030303
2.462,15,prcus-a,0.0,5.303030303030303
2.462,15,ifrms,-0.0,5.303030303030303
2.462,15,sspls-v,0.0,5.303030303030303
2.462,16,mcgs,0.0,5.575757575757576
2.462,16,pos,-0.0,5.575757575757576
2.462,16,sbps,-0.0,5.575757575757576
2.462,16,prculs-d,-0.0,5.575757575757576
2.462,16,prcus-p,0.0,5.575757575757576
2.462,16,prcus-i,-0.0,5.575757575757576
2.462,16,prcus-a,0.0,5.575757575757576
2.462,16,ifrms,-0.0,5.575757575757576
2.462,16,sspls-v,0.0,5.575757575757576
2.462,17,mcgs,0.0,5.393939393939394
2.462,17,pos,-0.0,5.393939393939394
2.462,17,sbps,-0.0,5.393939393939394
2.462,17,prculs-d,-0.0,5.393939393939394
2.462,17,prcus-p,0.0,5.393939393939394
2.462,17,prcus-i,-0.0,5.393939393939394
2.462,17,prcus-a,0.0,5.393939393939394
2.462,17,ifrms,-0.0,5.393939393939394
2.462,17,sspls-v,0.0,5.393939393939394
2.462,18,mcgs,0.0,5.63682215366979
2.462,18,pos,-0.0,5.63682215366979
2.462,18,sbps,-0.0,5.63682215366979
2.462,18,prculs-d,-0.0,5.63682215366979
2.462,18,prcus-p,0.0,5.63682215366979
2.462,18,prcus-i,-0.0,5.63682215366979
2.462,18,prcus-a,0.0,5.63682215366979
2.462,18,ifrms,-0.0,5.63682215366979
2.462,18,sspls-v,0.0,5.63682215366979
2.462,19,mcgs,0.0,5.4264661400285465
2.462,19,pos,-0.0,5.4264661400285465
2.462,19,sbps,-0.0,5.4264661400285465
2.462,19,prculs-d,-0.0,5.4264661400285465
2.462,19,prcus-p,0.0,5.4264661400285465
2.462,19,prcus-i,-0.0,5.4264661400285465
2.462,19,prcus-a,0.0,5.4264661400285465
2.462,19,ifrms,-0.0,5.4264661400285465
2.462,19,sspls-v,0.0,5.4264661400285465
2.462,20,mcgs,-0.0,5.424242424242426
2.462,20,pos,-0.0,5.424242424242426
2.462,20,sbps,-0.0,5.424242424242426
2.462,20,prculs-d,0.0,5.424242424242426
2.462,20,prcus-p,0.0,5.424242424242426
2.462,20,prcus-i,-0.0,5.424242424242426
2.462,20,prcus-a,-0.0,5.424242424242426
2.462,20,ifrms,-0.0,5.424242424242426
2.462,20,sspls-v,0.0,5.424242424242426
2.462,21,mcgs,0.0,5.5151515151515165
2.462,21,pos,-0.0,5.5151515151515165
2.462,21,sbps,-0.0,5.5151515151515165
2.462,21,prculs-d,-0.0,5.5151515151515165
2.462,21,prcus-p,0.0,5.5151515151515165
2.462,21,prcus-i,-0.0,5.5151515151515165
2.462,21,prcus-a,0.0,5.5151515151515165
2.462,21,ifrms,-0.0,5.5151515151515165
2.462,21,sspls-v,0.0,5.5151515151515165
2.462,22,mcgs,0.0,5.606060606060606
2.462,22,pos,-0.0,5.606060606060606
2.462,22,sbps,-0.0,5.606060606060606
2.462,22,prculs-d,-0.0,5.606060606060606
2.462,22,prcus-p,0.0,5.606060606060606
2.462,22,prcus-i,-0.0,5.606060606060606
2.462,22,prcus-a,0.0,5.606060606060606
2.462,22,ifrms,-0.0,5.606060606060606
2.462,22,sspls-v,0.0,5.606060606060606
2.462,23,mcgs,0.0,5.5151515151515165
2.462,23,pos,-0.0,5.5151515151515165
2.462,23,sbps,-0.0,5.5151515151515165
2.462,23,prculs-d,-0.0,5.5151515151515165
2.462,23,prcus-p,0.0,5.5151515151515165
2.462,23,prcus-i,-0.0,5.5151515151515165
2.462,23,prcus-a,0.0,5.5151515151515165
2.462,23,ifrms,-0.0,5.5151515151515165
2.462,23,sspls-v,0.0,5.5151515151515165
2.462,24,mcgs,0.0,5.454545454545456
2.462,24,pos,-0.0,5.454545454545456
2.462,24,sbps,-0.0,5.454545454545456
2.462,24,prculs-d,-0.0,5.454545454545456
2.462,24,prcus-p,0.0,5.454545454545456
2.462,24,prcus-i,-0.0,5.454545454545456
2.462,24,prcus-a,-0.0,5.454545454545456
2.462,24,ifrms,-0.0,5.454545454545456
2.462,24,sspls-v,0.0,5.454545454545456
2.462,25,mcgs,0.0,5.611408199643494
2.462,25,pos,-0.0,5.611408199643494
2.462,25,sbps,-0.0,5.611408199643494
2.462,25,prculs-d,-0.0,5.611408199643494
2.462,25,prcus-p,0.0,5.611408199643494
2.462,25,prcus-i,-0.0,5.611408199643494
2.462,25,prcus-a,0.0,5.611408199643494
2.462,25,ifrms,-0.0,5.611408199643494
2.462,25,sspls-v,0.0,5.611408199643494
2.462,26,mcgs,0.0,5.545454545454546
2.462,26,pos,-0.0,5.545454545454546
2.462,26,sbps,-0.0,5.545454545454546
2.462,26,prculs-d,-0.0,5.545454545454546
2.462,26,prcus-p,0.0,5.545454545454546
2.462,26,prcus-i,-0.0,5.545454545454546
2.462,26,prcus-a,0.0,5.545454545454546
2.462,26,ifrms,-0.0,5.545454545454546
2.462,26,sspls-v,0.0,5.545454545454546
2.462,27,mcgs,0.0,5.575757575757576
2.462,27,pos,-0.0,5.575757575757576
2.462,27,sbps,-0.0,5.575757575757576
2.462,27,prculs-d,-0.0,5.575757575757576
2.462,27,prcus-p,0.0,5.575757575757576
2.462,27,prcus-i,-0.0,5.575757575757576
2.462,27,prcus-a,-0.0,5.575757575757576
2.462,27,ifrms,-0.0,5.575757575757576
2.462,27,sspls-v,0.0,5.575757575757576
2.462,28,mcgs,0.0,5.611408199643494
2.462,28,pos,-0.0,5.611408199643494
2.462,28,sbps,-0.0,5.611408199643494
2.462,28,prculs-d,-0.0,5.611408199643494
2.462,28,prcus-p,0.0,5.611408199643494
2.462,28,prcus-i,-0.0,5.611408199643494
2.462,28,prcus-a,0.0,5.611408199643494
2.462,28,ifrms,-0.0,5.611408199643494
2.462,28,sspls-v,0.0,5.611408199643494
2.462,29,mcgs,-0.0,5.333333333333333
2.462,29,pos,-0.0,5.333333333333333
2.462,29,sbps,-0.0,5.333333333333333
2.462,29,prculs-d,0.0,5.333333333333333
2.462,29,prcus-p,0.0,5.333333333333333
2.462,29,prcus-i,0.0,5.333333333333333
2.462,29,prcus-a,0.0,5.333333333333333
2.462,29,ifrms,-0.0,5.333333333333333
2.462,29,sspls-v,0.0,5.333333333333333
2.462,30,mcgs,0.0,5.575757575757576
2.462,30,pos,-0.0,5.575757575757576
2.462,30,sbps,-0.0,5.575757575757576
2.462,30,prculs-d,-0.0,5.575757575757576
2.462,30,prcus-p,0.0,5.575757575757576
2.462,30,prcus-i,-0.0,5.575757575757576
2.462,30,prcus-a,0.0,5.575757575757576
2.462,30,ifrms,-0.0,5.575757575757576
2.462,30,sspls-v,0.0,5.575757575757576
2.462,31,mcgs,0.0,5.393939393939394
2.462,31,pos,-0.0,5.393939393939394
2.462,31,sbps,-0.0,5.393939393939394
2.462,31,prculs-d,-0.0,5.393939393939394
2.462,31,prcus-p,0.0,5.393939393939394
2.462,31,prcus-i,-0.0,5.393939393939394
2.462,31,prcus-a,0.0,5.393939393939394
2.462,31,ifrms,-0.0,5.393939393939394
2.462,31,sspls-v,0.0,5.393939393939394
2.462,32,mcgs,0.0,5.424242424242426
2.462,32,pos,-0.0,5.424242424242426
2.462,32,sbps,-0.0,5.424242424242426
2.462,32,prculs-d,-0.0,5.424242424242426
2.462,32,prcus-p,0.0,5.424242424242426
2.462,32,prcus-i,-0.0,5.424242424242426
2.462,32,prcus-a,0.0,5.424242424242426
2.462,32,ifrms,-0.0,5.424242424242426
2.462,32,sspls-v,0.0,5.424242424242426
2.462,33,mcgs,0.0,5.575757575757576
2.462,33,pos,-0.0,5.575757575757576
2.462,33,sbps,-0.0,5.575757575757576
2.462,33,prculs-d,-0.0,5.575757575757576
2.462,33,prcus-p,0.0,5.575757575757576
2.462,33,prcus-i,-0.0,5.575757575757576
2.462,33,prcus-a,0.0,5.575757575757576
2.462,33,ifrms,-0.0,5.575757575757576
2.462,33,sspls-v,0.0,5.575757575757576
2.462,34,mcgs,0.0,5.515151515151516
2.462,34,pos,-0.0,5.515151515151516
2.462,34,sbps,-0.0,5.515151515151516
2.462,34,prculs-d,-0.0,5.515151515151516
2.462,34,prcus-p,0.0,5.515151515151516
2.462,34,prcus-i,-0.0,5.515151515151516
2.462,34,prcus-a,-0.0,5.515151515151516
2.462,34,ifrms,-0.0,5.515151515151516
2.462,34,sspls-v,0.0,5.515151515151516
2.632,0,mcgs,0.0,5.575757575757576
2.632,0,pos,-0.0,5.575757575757576
2.632,0,sbps,-0.0,5.575757575757576
2.632,0,prculs-d,-0.0,5.575757575757576
2.632,0,prcus-p,0.0,5.575757575757576
2.632,0,prcus-i,-0.0,5.575757575757576
2.632,0,prcus-a,-0.0,5.575757575757576
2.632,0,ifrms,-0.0,5.575757575757576
2.632,0,sspls-v,0.0,5.575757575757576
2.632,1,mcgs,0.0,5.484848484848485
2.632,1,pos,-0.0,5.484848484848485
2.632,1,sbps,-0.0,5.484848484848485
2.632,1,prculs-d,-0.0,5.484848484848485
2.632,1,prcus-p,0.0,5.484848484848485
2.632,1,prcus-i,-0.0,5.484848484848485
2.632,1,prcus-a,0.0,5.484848484848485
2.632,1,ifrms,-0.0,5.484848484848485
2.632,1,sspls-v,0.0,5.484848484848485
2.632,2,mcgs,0.0,5.424242424242422
2.632,2,pos,-0.0,5.424242424242422
2.632,2,sbps,-0.0,5.424242424242422
2.632,2,prculs-d,-0.0,5.424242424242422
2.632,2,prcus-p,0.0,5.424242424242422
2.632,2,prcus-i,-0.0,5.424242424242422
2.632,2,prcus-a,-0.0,5.424242424242422
2.632,2,ifrms,-0.0,5.424242424242422
2.632,2,sspls-v,0.0,5.424242424242422
2.632,3,mcgs,0.0,5.424242424242422
2.632,3,pos,-0.0,5.424242424242422
2.632,3,sbps,-0.0,5.424242424242422
2.632,3,prculs-d,-0.0,5.424242424242422
2.632,3,prcus-p,0.0,5.424242424242422
2.632,3,prcus-i,-0.0,5.424242424242422
2.632,3,prcus-a,0.0,5.424242424242422
2.632,3,ifrms,-0.0,5.424242424242422
2.632,3,sspls-v,0.0,5.424242424242422
2.632,4,mcgs,0.0,5.424242424242422
2.632,4,pos,-0.0,5.424242424242422
2.632,4,sbps,-0.0,5.424242424242422
2.632,4,prculs-d,-0.0,5.424242424242422
2.632,4,prcus-p,0.0,5.424242424242422
2.632,4,prcus-i,-0.0,5.424242424242422
2.632,4,prcus-a,-0.0,5.424242424242422
2.632,4,ifrms,-0.0,5.424242424242422
2.632,4,sspls-v,0.0,5.424242424242422
2.632,5,mcgs,0.0,5.393939393939394
2.632,5,pos,-0.0,5.393939393939394
2.632,5,sbps,-0.0,5.393939393939394
2.632,5,prculs-d,-0.0,5.393939393939394
2.632,5,prcus-p,0.0,5.393939393939394
2.632,5,prcus-i,-0.0,5.393939393939394
2.632,5,prcus-a,0.0,5.393939393939394
2.632,5,ifrms,-0.0,5.393939393939394
2.632,5,sspls-v,0.0,5.393939393939394
2.632,6,mcgs,0.0,5.579322638146167
2.632,6,pos,-0.0,5.579322638146167
2.632,6,sbps,-0.0,5.579322638146167
2.632,6,prculs-d,-0.0,5.579322638146167
2.632,6,prcus-p,0.0,5.579322638146167
2.632,6,prcus-i,-0.0,5.579322638146167
2.632,6,prcus-a,0.0,5.579322638146167
2.632,6,ifrms,-0.0,5.579322638146167
2.632,6,sspls-v,0.0,5.579322638146167
2.632,7,mcgs,0.0,5.2727272727272725
2.632,7,pos,-0.0,5.2727272727272725
2.632,7,sbps,-0.0,5.2727272727272725
2.632,7,prculs-d,-0.0,5.2727272727272725
2.632,7,prcus-p,0.0,5.2727272727272725
2.632,7,prcus-i,-0.0,5.2727272727272725
2.632,7,prcus-a,0.0,5.2727272727272725
2.632,7,ifrms,-0.0,5.2727272727272725
2.632,7,sspls-v,0.0,5.2727272727272725
2.632,8,mcgs,0.0,5.363636363636363
2.632,8,pos,-0.0,5.363636363636363
2.632,8,sbps,-0.0,5.363636363636363
2.632,8,prculs-d,-0.0,5.363636363636363
2.632,8,prcus-p,0.0,5.363636363636363
2.632,8,prcus-i,-0.0,5.363636363636363
2.632,8,prcus-a,0.0,5.363636363636363
2.632,8,ifrms,-0.0,5.363636363636363
2.632,8,sspls-v,0.0,5.363636363636363
2.632,9,mcgs,0.0,5.579322638146167
2.632,9,pos,-0.0,5.579322638146167
2.632,9,sbps,-0.0,5.579322638146167
2.632,9,prculs-d,-0.0,5.579322638146167
2.632,9,prcus-p,0.0,5.579322638146167
2.632,9,prcus-i,-0.0,5.579322638146167
2.632,9,prcus-a,0.0,5.579322638146167
2.632,9,ifrms,-0.0,5.579322638146167
2.632,9,sspls-v,0.0,5.579322638146167
2.632,10,mcgs,0.0,5.5151515151515165
2.632,10,pos,-0.0,5.5151515151515165
2.632,10,sbps,-0.0,5.5151515151515165
2.632,10,prculs-d,-0.0,5.5151515151515165
2.632,10,prcus-p,0.0,5.5151515151515165
2.632,10,prcus-i,-0.0,5.5151515151515165
2.632,10,prcus-a,0.0,5.5151515151515165
2.632,10,ifrms,-0.0,5.5151515151515165
2.632,10,sspls-v,0.0,5.5151515151515165
2.632,11,mcgs,0.0,5.611408199643494
2.632,11,pos,-0.0,5.611408199643494
2.632,11,sbps,-0.0,5.611408199643494
2.632,11,prculs-d,-0.0,5.611408199643494
2.632,11,prcus-p,0.0,5.611408199643494
2.632,11,prcus-i,-0.0,5.611408199643494
2.632,11,prcus-a,0.0,5.611408199643494
2.632,11,ifrms,-0.0,5.611408199643494
2.632,11,sspls-v,0.0,5.611408199643494
2.632,12,mcgs,0.0,5.2727272727272725
2.632,12,pos,-0.0,5.2727272727272725
2.632,12,sbps,-0.0,5.2727272727272725
2.632,12,prculs-d,-0.0,5.2727272727272725
2.632,12,prcus-p,0.0,5.2727272727272725
2.632,12,prcus-i,-0.0,5.2727272727272725
2.632,12,prcus-a,-0.0,5.2727272727272725
2.632,12,ifrms,-0.0,5.2727272727272725
2.632,12,sspls-v,0.0,5.2727272727272725
2.632,13,mcgs,0.0,5.363636363636363
2.632,13,pos,-0.0,5.363636363636363
2.632,13,sbps,-0.0,5.363636363636363
2.632,13,prculs-d,-0.0,5.363636363636363
2.632,13,prcus-p,0.0,5.363636363636363
2.632,13,prcus-i,-0.0,5.363636363636363
2.632,13,prcus-a,0.0,5.363636363636363
2.632,13,ifrms,-0.0,5.363636363636363
2.632,13,sspls-v,0.0,5.363636363636363
2.632,14,mcgs,0.0,5.363636363636363
2.632,14,pos,-0.0,5.363636363636363
2.632,14,sbps,-0.0,5.363636363636363
2.632,14,prculs-d,-0.0,5.363636363636363
2.632,14,prcus-p,0.0,5.363636363636363
2.632,14,prcus-i,-0.0,5.363636363636363
2.632,14,prcus-a,0.0,5.363636363636363
2.632,14,ifrms,-0.0,5.363636363636363
2.632,14,sspls-v,0.0,5.363636363636363
2.632,15,mcgs,0.0,5.303030303030303
2.632,15,pos,-0.0,5.303030303030303
2.632,15,sbps,-0.0,5.303030303030303
2.632,15,prculs-d,0.0,5.303030303030303
2.632,15,prcus-p,0.0,5.303030303030303
2.632,15,prcus-i,-0.0,5.303030303030303
2.632,15,prcus-a,0.0,5.303030303030303
2.632,15,ifrms,-0.0,5.303030303030303
2.632,15,sspls-v,0.0,5.303030303030303
2.632,16,mcgs,0.0,5.575757575757576
2.632,16,pos,-0.0,5.575757575757576
2.632,16,sbps,-0.0,5.575757575757576
2.632,16,prculs-d,-0.0,5.575757575757576
2.632,16,prcus-p,0.0,5.575757575757576
2.632,16,prcus-i,-0.0,5.575757575757576
2.632,16,prcus-a,0.0,5.575757575757576
2.632,16,ifrms,-0.0,5.575757575757576
2.632,16,sspls-v,0.0,5.575757575757576
2.632,17,mcgs,0.0,5.393939393939394
2.632,17,pos,-0.0,5.393939393939394
2.632,17,sbps,-0.0,5.393939393939394
2.632,17,prculs-d,-0.0,5.393939393939394
2.632,17,prcus-p,0.0,5.393939393939394
2.632,17,prcus-i,-0.0,5.393939393939394
2.632,17,prcus-a,0.0,5.393939393939394
2.632,17,ifrms,-0.0,5.393939393939394
2.632,17,sspls-v,0.0,5.393939393939394
2.632,18,mcgs,0.0,5.636363636363636
2.632,18,pos,-0.0,5.636363636363636
2.632,18,sbps,-0.0,5.636363636363636
2.632,18,prculs-d,-0.0,5.636363636363636
2.632,18,prcus-p,0.0,5.636363636363636
2.632,18,prcus-i,-0.0,5.636363636363636
2.632,18,prcus-a,0.0,5.636363636363636
2.632,18,ifrms,-0.0,5.636363636363636
2.632,18,sspls-v,0.0,5.636363636363636
2.632,19,mcgs,0.0,5.424242424242426
2.632,19,pos,-0.0,5.424242424242426
2.632,19,sbps,-0.0,5.424242424242426
2.632,19,prculs-d,-0.0,5.424242424242426
2.632,19,prcus-p,0.0,5.424242424242426
2.632,19,prcus-i,-0.0,5.424242424242426
2.632,19,prcus-a,0.0,5.424242424242426
2.632,19,ifrms,-0.0,5.424242424242426
2.632,19,sspls-v,0.0,5.424242424242426
2.632,20,mcgs,-0.0,5.424242424242426
2.632,20,pos,-0.0,5.424242424242426
2.632,20,sbps,-0.0,5.424242424242426
2.632,20,prculs-d,0.0,5.424242424242426
2.632,20,prcus-p,0.0,5.424242424242426
2.632,20,prcus-i,-0.0,5.424242424242426
2.632,20,prcus-a,-0.0,5.424242424242426
2.632,20,ifrms,-0.0,5.424242424242426
2.632,20,sspls-v,0.0,5.424242424242426
2.632,21,mcgs,0.0,5.5151515151515165
2.632,21,pos,-0.0,5.5151515151515165
2.632,21,sbps,-0.0,5.5151515151515165
2.632,21,prculs-d,-0.0,5.5151515151515165
2.632,21,prcus-p,0.0,5.5151515151515165
2.632,21,prcus-i,-0.0,5.5151515151515165
2.632,21,prcus-a,0.0,5.5151515151515165
2.632,21,ifrms,-0.0,5.5151515151515165
2.632,21,sspls-v,0.0,5.5151515151515165
2.632,22,mcgs,0.0,5.606060606060606
2.632,22,pos,-0.0,5.606060606060606
2.632,22,sbps,-0.0,5.606060606060606
2.632,22,prculs-d,-0.0,5.606060606060606
2.632,22,prcus-p,0.0,5.606060606060606
2.632,22,prcus-i,-0.0,5.606060606060606
2.632,22,prcus-a,0.0,5.606060606060606
2.632,22,ifrms,-0.0,5.606060606060606
2.632,22,sspls-v,0.0,5.606060606060606
2.632,23,mcgs,0.0,5.5151515151515165
2.632,23,pos,-0.0,5.5151515151515165
2.632,23,sbps,-0.0,5.5151515151515165
2.632,23,prculs-d,-0.0,5.5151515151515165
2.632,23,prcus-p,0.0,5.5151515151515165
2.632,23,prcus-i,-0.0,5.5151515151515165
2.632,23,prcus-a,0.0,5.5151515151515165
2.632,23,ifrms,-0.0,5.5151515151515165
2.632,23,sspls-v,0.0,5.5151515151515165
2.632,24,mcgs,0.0,5.454545454545456
2.632,24,pos,-0.0,5.454545454545456
2.632,24,sbps,-0.0,5.454545454545456
2.632,24,prculs-d,-0.0,5.454545454545456
2.632,24,prcus-p,0.0,5.454545454545456
2.632,24,prcus-i,-0.0,5.454545454545456
2.632,24,prcus-a,-0.0,5.454545454545456
2.632,24,ifrms,-0.0,5.454545454545456
2.632,24,sspls-v,0.0,5.454545454545456
2.632,25,mcgs,0.0,5.611408199643494
2.632,25,pos,-0.0,5.611408199643494
2.632,25,sbps,-0.0,5.611408199643494
2.632,25,prculs-d,-0.0,5.611408199643494
2.632,25,prcus-p,0.0,5.611408199643494
2.632,25,prcus-i,-0.0,5.611408199643494
2.632,25,prcus-a,0.0,5.611408199643494
2.632,25,ifrms,-0.0,5.611408199643494
2.632,25,sspls-v,0.0,5.611408199643494
2.632,26,mcgs,0.0,5.545454545454546
2.632,26,pos,-0.0,5.545454545454546
2.632,26,sbps,-0.0,5.545454545454546
2.632,26,prculs-d,-0.0,5.545454545454546
2.632,26,prcus-p,0.0,5.545454545454546
2.632,26,prcus-i,-0.0,5.545454545454546
2.632,26,prcus-a,0.0,5.545454545454546
2.632,26,ifrms,-0.0,5.545454545454546
2.632,26,sspls-v,0.0,5.545454545454546
2.632,27,mcgs,0.0,5.575757575757576
2.632,27,pos,-0.0,5.575757575757576
2.632,27,sbps,-0.0,5.575757575757576
2.632,27,prculs-d,-0.0,5.575757575757576
2.632,27,prcus-p,0.0,5.575757575757576
2.632,27,prcus-i,-0.0,5.575757575757576
2.632,27,prcus-a,-0.0,5.575757575757576
2.632,27,ifrms,-0.0,5.575757575757576
2.632,27,sspls-v,0.0,5.575757575757576
2.632,28,mcgs,0.0,5.611408199643494
2.632,28,pos,-0.0,5.611408199643494
2.632,28,sbps,-0.0,5.611408199643494
2.632,28,prculs-d,-0.0,5.611408199643494
2.632,28,prcus-p,0.0,5.611408199643494
2.632,28,prcus-i,-0.0,5.611408199643494
2.632,28,prcus-a,0.0,5.611408199643494
2.632,28,ifrms,-0.0,5.611408199643494
2.632,28,sspls-v,0.0,5.611408199643494
2.632,29,mcgs,-0.0,5.333333333333333
2.632,29,pos,-0.0,5.333333333333333
2.632,29,sbps,-0.0,5.333333333333333
2.632,29,prculs-d,0.0,5.333333333333333
2.632,29,prcus-p,0.0,5.333333333333333
2.632,29,prcus-i,0.0,5.333333333333333
2.632,29,prcus-a,0.0,5.333333333333333
2.632,29,ifrms,-0.0,5.333333333333333
2.632,29,sspls-v,0.0,5.333333333333333
2.632,30,mcgs,0.0,5.575757575757576
2.632,30,pos,-0.0,5.575757575757576
2.632,30,sbps,-0.0,5.575757575757576
2.632,30,prculs-d,-0.0,5.575757575757576
2.632,30,prcus-p,0.0,5.575757575757576
2.632,30,prcus-i,-0.0,5.575757575757576
2.632,30,prcus-a,0.0,5.575757575757576
2.632,30,ifrms,-0.0,5.575757575757576
2.632,30,sspls-v,0.0,5.575757575757576
2.632,31,mcgs,0.0,5.393939393939394
2.632,31,pos,-0.0,5.393939393939394
2.632,31,sbps,-0.0,5.393939393939394
2.632,31,prculs-d,-0.0,5.393939393939394
2.632,31,prcus-p,0.0,5.393939393939394
2.632,31,prcus-i,-0.0,5.393939393939394
2.632,31,prcus-a,0.0,5.393939393939394
2.632,31,ifrms,-0.0,5.393939393939394
2.632,31,sspls-v,0.0,5.393939393939394
2.632,32,mcgs,0.0,5.424242424242426
2.632,32,pos,-0.0,5.424242424242426
2.632,32,sbps,-0.0,5.424242424242426
2.632,32,prculs-d,-0.0,5.424242424242426
2.632,32,prcus-p,0.0,5.424242424242426
2.632,32,prcus-i,-0.0,5.424242424242426
2.632,32,prcus-a,0.0,5.424242424242426
2.632,32,ifrms,-0.0,5.424242424242426
2.632,32,sspls-v,0.0,5.424242424242426
2.632,33,mcgs,0.0,5.575757575757576
2.632,33,pos,-0.0,5.575757575757576
2.632,33,sbps,-0.0,5.575757575757576
2.632,33,prculs-d,-0.0,5.575757575757576
2.632,33,prcus-p,0.0,5.575757575757576
2.632,33,prcus-i,-0.0,5.575757575757576
2.632,33,prcus-a,0.0,5.575757575757576
2.632,33,ifrms,-0.0,5.575757575757576
2.632,33,sspls-v,0.0,5.575757575757576
2.632,34,mcgs,0.0,5.515151515151516
2.632,34,pos,-0.0,5.515151515151516
2.632,34,sbps,-0.0,5.515151515151516
2.632,34,prculs-d,-0.0,5.515151515151516
2.632,34,prcus-p,0.0,5.515151515151516
2.632,34,prcus-i,-0.0,5.515151515151516
2.632,34,prcus-a,-0.0,5.515151515151516
2.632,34,ifrms,-0.0,5.515151515151516
2.632,34,sspls-v,0.0,5.515151515151516
2.814,0,mcgs,0.0,5.575757575757576
2.814,0,pos,-0.0,5.575757575757576
2.814,0,sbps,-0.0,5.575757575757576
2.814,0,prculs-d,-0.0,5.575757575757576
2.814,0,prcus-p,0.0,5.575757575757576
2.814,0,prcus-i,-0.0,5.575757575757576
2.814,0,prcus-a,-0.0,5.575757575757576
2.814,0,ifrms,-0.0,5.575757575757576
2.814,0,sspls-v,0.0,5.575757575757576
2.814,1,mcgs,0.0,5.484848484848485
2.814,1,pos,-0.0,5.484848484848485
2.814,1,sbps,-0.0,5.484848484848485
2.814,1,prculs-d,-0.0,5.484848484848485
2.814,1,prcus-p,0.0,5.484848484848485
2.814,1,prcus-i,-0.0,5.484848484848485
2.814,1,prcus-a,0.0,5.484848484848485
2.814,1,ifrms,-0.0,5.484848484848485
2.814,1,sspls-v,0.0,5.484848484848485
2.814,2,mcgs,0.0,5.424242424242422
2.814,2,pos,-0.0,5.424242424242422
2.814,2,sbps,-0.0,5.424242424242422
2.814,2,prculs-d,-0.0,5.424242424242422
2.814,2,prcus-p,0.0,5.424242424242422
2.814,2,prcus-i,-0.0,5.424242424242422
2.814,2,prcus-a,-0.0,5.424242424242422
2.814,2,ifrms,-0.0,5.424242424242422
2.814,2,sspls-v,0.0,5.424242424242422
2.814,3,mcgs,0.0,5.424242424242422
2.814,3,pos,-0.0,5.424242424242422
2.814,3,sbps,-0.0,5.424242424242422
2.814,3,prculs-d,-0.0,5.424242424242422
2.814,3,prcus-p,0.0,5.424242424242422
2.814,3,prcus-i,-0.0,5.424242424242422
2.814,3,prcus-a,0.0,5.424242424242422
2.814,3,ifrms,-0.0,5.424242424242422
2.814,3,sspls-v,0.0,5.424242424242422
2.814,4,mcgs,0.0,5.424242424242422
2.814,4,pos,-0.0,5.424242424242422
2.814,4,sbps,-0.0,5.424242424242422
2.814,4,prculs-d,-0.0,5.424242424242422
2.814,4,prcus-p,0.0,5.424242424242422
2.814,4,prcus-i,-0.0,5.424242424242422
2.814,4,prcus-a,-0.0,5.424242424242422
2.814,4,ifrms,-0.0,5.424242424242422
2.814,4,sspls-v,0.0,5.424242424242422
2.814,5,mcgs,0.0,5.393939393939394
2.814,5,pos,-0.0,5.393939393939394
2.814,5,sbps,-0.0,5.393939393939394
2.814,5,prculs-d,-0.0,5.393939393939394
2.814,5,prcus-p,0.0,5.393939393939394
2.814,5,prcus-i,-0.0,5.393939393939394
2.814,5,prcus-a,0.0,5.393939393939394
2.814,5,ifrms,-0.0,5.393939393939394
2.814,5,sspls-v,0.0,5.393939393939394
2.814,6,mcgs,0.0,5.579322638146167
2.814,6,pos,-0.0,5.579322638146167
2.814,6,sbps,-0.0,5.579322638146167
2.814,6,prculs-d,-0.0,5.579322638146167
2.814,6,prcus-p,0.0,5.579322638146167
2.814,6,prcus-i,-0.0,5.579322638146167
2.814,6,prcus-a,0.0,5.579322638146167
2.814,6,ifrms,-0.0,5.579322638146167
2.814,6,sspls-v,0.0,5.579322638146167
2.814,7,mcgs,0.0,5.2727272727272725
2.814,7,pos,-0.0,5.2727272727272725
2.814,7,sbps,-0.0,5.2727272727272725
2.814,7,prculs-d,-0.0,5.2727272727272725
2.814,7,prcus-p,0.0,5.2727272727272725
2.814,7,prcus-i,-0.0,5.2727272727272725
2.814,7,prcus-a,0.0,5.2727272727272725
2.814,7,ifrms,-0.0,5.2727272727272725
2.814,7,sspls-v,0.0,5.2727272727272725
2.814,8,mcgs,0.0,5.363636363636363
2.814,8,pos,-0.0,5.363636363636363
2.814,8,sbps,-0.0,5.363636363636363
2.814,8,prculs-d,-0.0,5.363636363636363
2.814,8,prcus-p,0.0,5.363636363636363
2.814,8,prcus-i,-0.0,5.363636363636363
2.814,8,prcus-a,0.0,5.363636363636363
2.814,8,ifrms,-0.0,5.363636363636363
2.814,8,sspls-v,0.0,5.363636363636363
2.814,9,mcgs,0.0,5.579322638146167
2.814,9,pos,-0.0,5.579322638146167
2.814,9,sbps,-0.0,5.579322638146167
2.814,9,prculs-d,-0.0,5.579322638146167
2.814,9,prcus-p,0.0,5.579322638146167
2.814,9,prcus-i,-0.0,5.579322638146167
2.814,9,prcus-a,0.0,5.579322638146167
2.814,9,ifrms,-0.0,5.579322638146167
2.814,9,sspls-v,0.0,5.579322638146167
2.814,10,mcgs,0.0,5.5151515151515165
2.814,10,pos,-0.0,5.5151515151515165
2.814,10,sbps,-0.0,5.5151515151515165
2.814,10,prculs-d,-0.0,5.5151515151515165
2.814,10,prcus-p,0.0,5.5151515151515165
2.814,10,prcus-i,-0.0,5.5151515151515165
2.814,10,prcus-a,0.0,5.5151515151515165
2.814,10,ifrms,-0.0,5.5151515151515165
2.814,10,sspls-v,0.0,5.5151515151515165
2.814,11,mcgs,0.0,5.611408199643494
2.814,11,pos,-0.0,5.611408199643494
2.814,11,sbps,-0.0,5.611408199643494
2.814,11,prculs-d,-0.0,5.611408199643494
2.814,11,prcus-p,0.0,5.611408199643494
2.814,11,prcus-i,-0.0,5.611408199643494
2.814,11,prcus-a,0.0,5.611408199643494
2.814,11,ifrms,-0.0,5.611408199643494
2.814,11,sspls-v,0.0,5.611408199643494
2.814,12,mcgs,0.0,5.2727272727272725
2.814,12,pos,-0.0,5.2727272727272725
2.814,12,sbps,-0.0,5.2727272727272725
2.814,12,prculs-d,-0.0,5.2727272727272725
2.814,12,prcus-p,0.0,5.2727272727272725
2.814,12,prcus-i,-0.0,5.2727272727272725
2.814,12,prcus-a,-0.0,5.2727272727272725
2.814,12,ifrms,-0.0,5.2727272727272725
2.814,12,sspls-v,0.0,5.2727272727272725
2.814,13,mcgs,0.0,5.363636363636363
2.814,13,pos,-0.0,5.363636363636363
2.814,13,sbps,-0.0,5.363636363636363
2.814,13,prculs-d,-0.0,5.363636363636363
2.814,13,prcus-p,0.0,5.363636363636363
2.814,13,prcus-i,-0.0,5.363636363636363
2.814,13,prcus-a,0.0,5.363636363636363
2.814,13,ifrms,-0.0,5.363636363636363
2.814,13,sspls-v,0.0,5.363636363636363
2.814,14,mcgs,0.0,5.363636363636363
2.814,14,pos,-0.0,5.363636363636363
2.814,14,sbps,-0.0,5.363636363636363
2.814,14,prculs-d,-0.0,5.363636363636363
2.814,14,prcus-p,0.0,5.363636363636363
2.814,14,prcus-i,-0.0,5.363636363636363
2.814,14,prcus-a,0.0,5.363636363636363
2.814,14,ifrms,-0.0,5.363636363636363
2.814,14,sspls-v,0.0,5.363636363636363
2.814,15,mcgs,0.0,5.303030303030303
2.814,15,pos,-0.0,5.303030303030303
2.814,15,sbps,-0.0,5.303030303030303
2.814,15,prculs-d,0.0,5.303030303030303
2.814,15,prcus-p,0.0,5.303030303030303
2.814,15,prcus-i,-0.0,5.303030303030303
2.814,15,prcus-a,0.0,5.303030303030303
2.814,15,ifrms,-0.0,5.303030303030303
2.814,15,sspls-v,0.0,5.303030303030303
2.814,16,mcgs,0.0,5.575757575757576
2.814,16,pos,-0.0,5.575757575757576
2.814,16,sbps,-0.0,5.575757575757576
2.814,16,prculs-d,-0.0,5.575757575757576
2.814,16,prcus-p,0.0,5.575757575757576
2.814,16,prcus-i,-0.0,5.575757575757576
2.814,16,prcus-a,0.0,5.575757575757576
2.814,16,ifrms,-0.0,5.575757575757576
2.814,16,sspls-v,0.0,5.575757575757576
2.814,17,mcgs,0.0,5.393939393939394
2.814,17,pos,-0.0,5.393939393939394
2.814,17,sbps,-0.0,5.393939393939394
2.814,17,prculs-d,-0.0,5.393939393939394
2.814,17,prcus-p,0.0,5.393939393939394
2.814,17,prcus-i,-0.0,5.393939393939394
2.814,17,prcus-a,0.0,5.393939393939394
2.814,17,ifrms,-0.0,5.393939393939394
2.814,17,sspls-v,0.0,5.393939393939394
2.814,18,mcgs,0.0,5.636363636363636
2.814,18,pos,-0.0,5.636363636363636
2.814,18,sbps,-0.0,5.636363636363636
2.814,18,prculs-d,-0.0,5.636363636363636
2.814,18,prcus-p,0.0,5.636363636363636
2.814,18,prcus-i,-0.0,5.636363636363636
2.814,18,prcus-a,0.0,5.636363636363636
2.814,18,ifrms,-0.0,5.636363636363636
2.814,18,sspls-v,0.0,5.636363636363636
2.814,19,mcgs,0.0,5.424242424242426
2.814,19,pos,-0.0,5.424242424242426
2.814,19,sbps,-0.0,5.424242424242426
2.814,19,prculs-d,-0.0,5.424242424242426
2.814,19,prcus-p,0.0,5.424242424242426
2.814,19,prcus-i,-0.0,5.424242424242426
2.814,19,prcus-a,0.0,5.424242424242426
2.814,19,ifrms,-0.0,5.424242424242426
2.814,19,sspls-v,0.0,5.424242424242426
2.814,20,mcgs,-0.0,5.424242424242426
2.814,20,pos,-0.0,5.424242424242426
2.814,20,sbps,-0.0,5.424242424242426
2.814,20,prculs-d,0.0,5.424242424242426
2.814,20,prcus-p,0.0,5.424242424242426
2.814,20,prcus-i,-0.0,5.424242424242426
2.814,20,prcus-a,-0.0,5.424242424242426
2.814,20,ifrms,-0.0,5.424242424242426
2.814,20,sspls-v,0.0,5.424242424242426
2.814,21,mcgs,0.0,5.5151515151515165
2.814,21,pos,-0.0,5.5151515151515165
2.814,21,sbps,-0.0,5.5151515151515165
2.814,21,prculs-d,-0.0,5.5151515151515165
2.814,21,prcus-p,0.0,5.5151515151515165
2.814,21,prcus-i,-0.0,5.5151515151515165
2.814,21,prcus-a,0.0,5.5151515151515165
2.814,21,ifrms,-0.0,5.5151515151515165
2.814,21,sspls-v,0.0,5.5151515151515165
2.814,22,mcgs,0.0,5.606060606060606
2.814,22,pos,-0.0,5.606060606060606
2.814,22,sbps,-0.0,5.606060606060606
2.814,22,prculs-d,-0.0,5.606060606060606
2.814,22,prcus-p,0.0,5.606060606060606
2.814,22,prcus-i,-0.0,5.606060606060606
2.814,22,prcus-a,0.0,5.606060606060606
2.814,22,ifrms,-0.0,5.606060606060606
2.814,22,sspls-v,0.0,5.606060606060606
2.814,23,mcgs,0.0,5.5151515151515165
2.814,23,pos,-0.0,5.5151515151515165
2.814,23,sbps,-0.0,5.5151515151515165
2.814,23,prculs-d,-0.0,5.5151515151515165
2.814,23,prcus-p,0.0,5.5151515151515165
2.814,23,prcus-i,-0.0,5.5151515151515165
2.814,23,prcus-a,0.0,5.5151515151515165
2.814,23,ifrms,-0.0,5.5151515151515165
2.814,23,sspls-v,0.0,5.5151515151515165
2.814,24,mcgs,0.0,5.454545454545456
2.814,24,pos,-0.0,5.454545454545456
2.814,24,sbps,-0.0,5.454545454545456
2.814,24,prculs-d,-0.0,5.454545454545456
2.814,24,prcus-p,0.0,5.454545454545456
2.814,24,prcus-i,-0.0,5.454545454545456
2.814,24,prcus-a,-0.0,5.454545454545456
2.814,24,ifrms,-0.0,5.454545454545456
2.814,24,sspls-v,0.0,5.454545454545456
2.814,25,mcgs,0.0,5.611408199643494
2.814,25,pos,-0.0,5.611408199643494
2.814,25,sbps,-0.0,5.611408199643494
2.814,25,prculs-d,-0.0,5.611408199643494
2.814,25,prcus-p,0.0,5.611408199643494
2.814,25,prcus-i,-0.0,5.611408199643494
2.814,25,prcus-a,0.0,5.611408199643494
2.814,25,ifrms,-0.0,5.611408199643494
2.814,25,sspls-v,0.0,5.611408199643494
2.814,26,mcgs,0.0,5.545454545454546
2.814,26,pos,-0.0,5.545454545454546
2.814,26,sbps,-0.0,5.545454545454546
2.814,26,prculs-d,-0.0,5.545454545454546
2.814,26,prcus-p,0.0,5.545454545454546
2.814,26,prcus-i,-0.0,5.545454545454546
2.814,26,prcus-a,0.0,5.545454545454546
2.814,26,ifrms,-0.0,5.545454545454546
2.814,26,sspls-v,0.0,5.545454545454546
2.814,27,mcgs,0.0,5.575757575757576
2.814,27,pos,-0.0,5.575757575757576
2.814,27,sbps,-0.0,5.575757575757576
2.814,27,prculs-d,-0.0,5.575757575757576
2.814,27,prcus-p,0.0,5.575757575757576
2.814,27,prcus-i,-0.0,5.575757575757576
2.814,27,prcus-a,-0.0,5.575757575757576
2.814,27,ifrms,-0.0,5.575757575757576
2.814,27,sspls-v,0.0,5.575757575757576
2.814,28,mcgs,0.0,5.611408199643494
2.814,28,pos,-0.0,5.611408199643494
2.814,28,sbps,-0.0,5.611408199643494
2.814,28,prculs-d,-0.0,5.611408199643494
2.814,28,prcus-p,0.0,5.611408199643494
2.814,28,prcus-i,-0.0,5.611408199643494
2.814,28,prcus-a,0.0,5.611408199643494
2.814,28,ifrms,-0.0,5.611408199643494
2.814,28,sspls-v,0.0,5.611408199643494
2.814,29,mcgs,-0.0,5.333333333333333
2.814,29,pos,-0.0,5.333333333333333
2.814,29,sbps,-0.0,5.333333333333333
2.814,29,prculs-d,0.0,5.333333333333333
2.814,29,prcus-p,0.0,5.333333333333333
2.814,29,prcus-i,0.0,5.333333333333333
2.814,29,prcus-a,0.0,5.333333333333333
2.814,29,ifrms,-0.0,5.333333333333333
2.814,29,sspls-v,0.0,5.333333333333333
2.814,30,mcgs,0.0,5.575757575757576
2.814,30,pos,-0.0,5.575757575757576
2.814,30,sbps,-0.0,5.575757575757576
2.814,30,prculs-d,-0.0,5.575757575757576
2.814,30,prcus-p,0.0,5.575757575757576
2.814,30,prcus-i,-0.0,5.575757575757576
2.814,30,prcus-a,0.0,5.575757575757576
2.814,30,ifrms,-0.0,5.575757575757576
2.814,30,sspls-v,0.0,5.575757575757576
2.814,31,mcgs,0.0,5.393939393939394
2.814,31,pos,-0.0,5.393939393939394
2.814,31,sbps,-0.0,5.393939393939394
2.814,31,prculs-d,-0.0,5.393939393939394
2.814,31,prcus-p,0.0,5.393939393939394
2.814,31,prcus-i,-0.0,5.393939393939394
2.814,31,prcus-a,0.0,5.393939393939394
2.814,31,ifrms,-0.0,5.393939393939394
2.814,31,sspls-v,0.0,5.393939393939394
2.814,32,mcgs,0.0,5.424242424242426
2.814,32,pos,-0.0,5.424242424242426
2.814,32,sbps,-0.0,5.424242424242426
2.814,32,prculs-d,-0.0,5.424242424242426
2.814,32,prcus-p,0.0,5.424242424242426
2.814,32,prcus-i,-0.0,5.424242424242426
2.814,32,prcus-a,0.0,5.424242424242426
2.814,32,ifrms,-0.0,5.424242424242426
2.814,32,sspls-v,0.0,5.424242424242426
2.814,33,mcgs,0.0,5.575757575757576
2.814,33,pos,-0.0,5.575757575757576
2.814,33,sbps,-0.0,5.575757575757576
2.814,33,prculs-d,-0.0,5.575757575757576
2.814,33,prcus-p,0.0,5.575757575757576
2.814,33,prcus-i,-0.0,5.575757575757576
2.814,33,prcus-a,0.0,5.575757575757576
2.814,33,ifrms,-0.0,5.575757575757576
2.814,33,sspls-v,0.0,5.575757575757576
2.814,34,mcgs,0.0,5.515151515151516
2.814,34,pos,-0.0,5.515151515151516
2.814,34,sbps,-0.0,5.515151515151516
2.814,34,prculs-d,-0.0,5.515151515151516
2.814,34,prcus-p,0.0,5.515151515151516
2.814,34,prcus-i,-0.0,5.515151515151516
2.814,34,prcus-a,-0.0,5.515151515151516
2.814,34,ifrms,-0.0,5.515151515151516
2.814,34,sspls-v,0.0,5.515151515151516
3.008,0,mcgs,0.0,5.575757575757576
3.008,0,pos,-0.0,5.575757575757576
3.008,0,sbps,-0.0,5.575757575757576
3.008,0,prculs-d,-0.0,5.575757575757576
3.008,0,prcus-p,0.0,5.575757575757576
3.008,0,prcus-i,-0.0,5.575757575757576
3.008,0,prcus-a,-0.0,5.575757575757576
3.008,0,ifrms,-0.0,5.575757575757576
3.008,0,sspls-v,0.0,5.575757575757576
3.008,1,mcgs,0.0,5.484848484848485
3.008,1,pos,-0.0,5.484848484848485
3.008,1,sbps,-0.0,5.484848484848485
3.008,1,prculs-d,-0.0,5.484848484848485
3.008,1,prcus-p,0.0,5.484848484848485
3.008,1,prcus-i,-0.0,5.484848484848485
3.008,1,prcus-a,0.0,5.484848484848485
3.008,1,ifrms,-0.0,5.484848484848485
3.008,1,sspls-v,0.0,5.484848484848485
3.008,2,mcgs,0.0,5.424242424242422
3.008,2,pos,-0.0,5.424242424242422
3.008,2,sbps,-0.0,5.424242424242422
3.008,2,prculs-d,-0.0,5.424242424242422
3.008,2,prcus-p,0.0,5.424242424242422
3.008,2,prcus-i,-0.0,5.424242424242422
3.008,2,prcus-a,-0.0,5.424242424242422
3.008,2,ifrms,-0.0,5.424242424242422
3.008,2,sspls-v,0.0,5.424242424242422
3.008,3,mcgs,0.0,5.424242424242422
3.008,3,pos,-0.0,5.424242424242422
3.008,3,sbps,-0.0,5.424242424242422
3.008,3,prculs-d,-0.0,5.424242424242422
3.008,3,prcus-p,0.0,5.424242424242422
3.008,3,prcus-i,-0.0,5.424242424242422
3.008,3,prcus-a,0.0,5.424242424242422
3.008,3,ifrms,-0.0,5.424242424242422
3.008,3,sspls-v,0.0,5.424242424242422
3.008,4,mcgs,0.0,5.424242424242422
3.008,4,pos,-0.0,5.424242424242422
3.008,4,sbps,-0.0,5.424242424242422
3.008,4,prculs-d,-0.0,5.424242424242422
3.008,4,prcus-p,0.0,5.424242424242422
3.008,4,prcus-i,-0.0,5.424242424242422
3.008,4,prcus-a,-0.0,5.424242424242422
3.008,4,ifrms,-0.0,5.424242424242422
3.008,4,sspls-v,0.0,5.424242424242422
3.008,5,mcgs,0.0,5.393939393939394
3.008,5,pos,-0.0,5.393939393939394
3.008,5,sbps,-0.0,5.393939393939394
3.008,5,prculs-d,-0.0,5.393939393939394
3.008,5,prcus-p,0.0,5.393939393939394
3.008,5,prcus-i,-0.0,5.393939393939394
3.008,5,prcus-a,0.0,5.393939393939394
3.008,5,ifrms,-0.0,5.393939393939394
3.008,5,sspls-v,0.0,5.393939393939394
3.008,6,mcgs,0.0,5.579322638146167
3.008,6,pos,-0.0,5.579322638146167
3.008,6,sbps,-0.0,5.579322638146167
3.008,6,prculs-d,-0.0,5.579322638146167
3.008,6,prcus-p,0.0,5.579322638146167
3.008,6,prcus-i,-0.0,5.579322638146167
3.008,6,prcus-a,0.0,5.579322638146167
3.008,6,ifrms,-0.0,5.579322638146167
3.008,6,sspls-v,0.0,5.579322638146167
3.008,7,mcgs,0.0,5.2727272727272725
3.008,7,pos,-0.0,5.2727272727272725
3.008,7,sbps,-0.0,5.2727272727272725
3.008,7,prculs-d,-0.0,5.2727272727272725
3.008,7,prcus-p,0.0,5.2727272727272725
3.008,7,prcus-i,-0.0,5.2727272727272725
3.008,7,prcus-a,0.0,5.2727272727272725
3.008,7,ifrms,-0.0,5.2727272727272725
3.008,7,sspls-v,0.0,5.2727272727272725
3.008,8,mcgs,0.0,5.363636363636363
3.008,8,pos,-0.0,5.363636363636363
3.008,8,sbps,-0.0,5.363636363636363
3.008,8,prculs-d,-0.0,5.363636363636363
3.008,8,prcus-p,0.0,5.363636363636363
3.008,8,prcus-i,-0.0,5.363636363636363
3.008,8,prcus-a,0.0,5.363636363636363
3.008,8,ifrms,-0.0,5.363636363636363
3.008,8,sspls-v,0.0,5.363636363636363
3.008,9,mcgs,0.0,5.579322638146167
3.008,9,pos,-0.0,5.579322638146167
3.008,9,sbps,-0.0,5.579322638146167
3.008,9,prculs-d,-0.0,5.579322638146167
3.008,9,prcus-p,0.0,5.579322638146167
3.008,9,prcus-i,-0.0,5.579322638146167
3.008,9,prcus-a,0.0,5.579322638146167
3.008,9,ifrms,-0.0,5.579322638146167
3.008,9,sspls-v,0.0,5.579322638146167
3.008,10,mcgs,0.0,5.5151515151515165
3.008,10,pos,-0.0,5.5151515151515165
3.008,10,sbps,-0.0,5.5151515151515165
3.008,10,prculs-d,-0.0,5.5151515151515165
3.008,10,prcus-p,0.0,5.5151515151515165
3.008,10,prcus-i,-0.0,5.5151515151515165
3.008,10,prcus-a,0.0,5.5151515151515165
3.008,10,ifrms,-0.0,5.5151515151515165
3.008,10,sspls-v,0.0,5.5151515151515165
3.008,11,mcgs,0.0,5.611408199643494
3.008,11,pos,-0.0,5.611408199643494
3.008,11,sbps,-0.0,5.611408199643494
3.008,11,prculs-d,-0.0,5.611408199643494
3.008,11,prcus-p,0.0,5.611408199643494
3.008,11,prcus-i,-0.0,5.611408199643494
3.008,11,prcus-a,0.0,5.611408199643494
3.008,11,ifrms,-0.0,5.611408199643494
3.008,11,sspls-v,0.0,5.611408199643494
3.008,12,mcgs,0.0,5.2727272727272725
3.008,12,pos,-0.0,5.2727272727272725
3.008,12,sbps,-0.0,5.2727272727272725
3.008,12,prculs-d,-0.0,5.2727272727272725
3.008,12,prcus-p,0.0,5.2727272727272725
3.008,12,prcus-i,-0.0,5.2727272727272725
3.008,12,prcus-a,-0.0,5.2727272727272725
3.008,12,ifrms,-0.0,5.2727272727272725
3.008,12,sspls-v,0.0,5.2727272727272725
3.008,13,mcgs,0.0,5.363636363636363
3.008,13,pos,-0.0,5.363636363636363
3.008,13,sbps,-0.0,5.363636363636363
3.008,13,prculs-d,-0.0,5.363636363636363
3.008,13,prcus-p,0.0,5.363636363636363
3.008,13,prcus-i,-0.0,5.363636363636363
3.008,13,prcus-a,0.0,5.363636363636363
3.008,13,ifrms,-0.0,5.363636363636363
3.008,13,sspls-v,0.0,5.363636363636363
3.008,14,mcgs,0.0,5.363636363636363
3.008,14,pos,-0.0,5.363636363636363
3.008,14,sbps,-0.0,5.363636363636363
3.008,14,prculs-d,-0.0,5.363636363636363
3.008,14,prcus-p,0.0,5.363636363636363
3.008,14,prcus-i,-0.0,5.363636363636363
3.008,14,prcus-a,0.0,5.363636363636363
3.008,14,ifrms,-0.0,5.363636363636363
3.008,14,sspls-v,0.0,5.363636363636363
3.008,15,mcgs,0.0,5.303030303030303
3.008,15,pos,-0.0,5.303030303030303
3.008,15,sbps,-0.0,5.303030303030303
3.008,15,prculs-d,0.0,5.303030303030303
3.008,15,prcus-p,0.0,5.303030303030303
3.008,15,prcus-i,-0.0,5.303030303030303
3.008,15,prcus-a,0.0,5.303030303030303
3.008,15,ifrms,-0.0,5.303030303030303
3.008,15,sspls-v,0.0,5.303030303030303
3.008,16,mcgs,0.0,5.575757575757576
3.008,16,pos,-0.0,5.575757575757576
3.008,16,sbps,-0.0,5.575757575757576
3.008,16,prculs-d,-0.0,5.575757575757576
3.008,16,prcus-p,0.0,5.575757575757576
3.008,16,prcus-i,-0.0,5.575757575757576
3.008,16,prcus-a,0.0,5.575757575757576
3.008,16,ifrms,-0.0,5.575757575757576
3.008,16,sspls-v,0.0,5.575757575757576
3.008,17,mcgs,0.0,5.393939393939394
3.008,17,pos,-0.0,5.393939393939394
3.008,17,sbps,-0.0,5.393939393939394
3.008,17,prculs-d,-0.0,5.393939393939394
3.008,17,prcus-p,0.0,5.393939393939394
3.008,17,prcus-i,-0.0,5.393939393939394
3.008,17,prcus-a,0.0,5.393939393939394
3.008,17,ifrms,-0.0,5.393939393939394
3.008,17,sspls-v,0.0,5.393939393939394
3.008,18,mcgs,0.0,5.636363636363636
3.008,18,pos,-0.0,5.636363636363636
3.008,18,sbps,-0.0,5.636363636363636
3.008,18,prculs-d,-0.0,5.636363636363636
3.008,18,prcus-p,0.0,5.636363636363636
3.008,18,prcus-i,-0.0,5.636363636363636
3.008,18,prcus-a,0.0,5.636363636363636
3.008,18,ifrms,-0.0,5.636363636363636
3.008,18,sspls-v,0.0,5.636363636363636
3.008,19,mcgs,0.0,5.424242424242426
3.008,19,pos,-0.0,5.424242424242426
3.008,19,sbps,-0.0,5.424242424242426
3.008,19,prculs-d,-0.0,5.424242424242426
3.008,19,prcus-p,0.0,5.424242424242426
3.008,19,prcus-i,-0.0,5.424242424242426
3.008,19,prcus-a,0.0,5.424242424242426
3.008,19,ifrms,-0.0,5.424242424242426
3.008,19,sspls-v,0.0,5.424242424242426
3.008,20,mcgs,-0.0,5.424242424242426
3.008,20,pos,-0.0,5.424242424242426
3.008,20,sbps,-0.0,5.424242424242426
3.008,20,prculs-d,0.0,5.424242424242426
3.008,20,prcus-p,0.0,5.424242424242426
3.008,20,prcus-i,-0.0,5.424242424242426
3.008,20,prcus-a,-0.0,5.424242424242426
3.008,20,ifrms,-0.0,5.424242424242426
3.008,20,sspls-v,0.0,5.424242424242426
3.008,21,mcgs,0.0,5.5151515151515165
3.008,21,pos,-0.0,5.5151515151515165
3.008,21,sbps,-0.0,5.5151515151515165
3.008,21,prculs-d,-0.0,5.5151515151515165
3.008,21,prcus-p,0.0,5.5151515151515165
3.008,21,prcus-i,-0.0,5.5151515151515165
3.008,21,prcus-a,0.0,5.5151515151515165
3.008,21,ifrms,-0.0,5.5151515151515165
3.008,21,sspls-v,0.0,5.5151515151515165
3.008,22,mcgs,0.0,5.606060606060606
3.008,22,pos,-0.0,5.606060606060606
3.008,22,sbps,-0.0,5.606060606060606
3.008,22,prculs-d,-0.0,5.606060606060606
3.008,22,prcus-p,0.0,5.606060606060606
3.008,22,prcus-i,-0.0,5.606060606060606
3.008,22,prcus-a,0.0,5.606060606060606
3.008,22,ifrms,-0.0,5.606060606060606
3.008,22,sspls-v,0.0,5.606060606060606
3.008,23,mcgs,0.0,5.5151515151515165
3.008,23,pos,-0.0,5.5151515151515165
3.008,23,sbps,-0.0,5.5151515151515165
3.008,23,prculs-d,-0.0,5.5151515151515165
3.008,23,prcus-p,0.0,5.5151515151515165
3.008,23,prcus-i,-0.0,5.5151515151515165
3.008,23,prcus-a,0.0,5.5151515151515165
3.008,23,ifrms,-0.0,5.5151515151515165
3.008,23,sspls-v,0.0,5.5151515151515165
3.008,24,mcgs,0.0,5.454545454545456
3.008,24,pos,-0.0,5.454545454545456
3.008,24,sbps,-0.0,5.454545454545456
3.008,24,prculs-d,-0.0,5.454545454545456
3.008,24,prcus-p,0.0,5.454545454545456
3.008,24,prcus-i,-0.0,5.454545454545456
3.008,24,prcus-a,-0.0,5.454545454545456
3.008,24,ifrms,-0.0,5.454545454545456
3.008,24,sspls-v,0.0,5.454545454545456
3.008,25,mcgs,0.0,5.611408199643494
3.008,25,pos,-0.0,5.611408199643494
3.008,25,sbps,-0.0,5.611408199643494
3.008,25,prculs-d,-0.0,5.611408199643494
3.008,25,prcus-p,0.0,5.611408199643494
3.008,25,prcus-i,-0.0,5.611408199643494
3.008,25,prcus-a,0.0,5.611408199643494
3.008,25,ifrms,-0.0,5.611408199643494
3.008,25,sspls-v,0.0,5.611408199643494
3.008,26,mcgs,0.0,5.545454545454546
3.008,26,pos,-0.0,5.545454545454546
3.008,26,sbps,-0.0,5.545454545454546
3.008,26,prculs-d,-0.0,5.545454545454546
3.008,26,prcus-p,0.0,5.545454545454546
3.008,26,prcus-i,-0.0,5.545454545454546
3.008,26,prcus-a,0.0,5.545454545454546
3.008,26,ifrms,-0.0,5.545454545454546
3.008,26,sspls-v,0.0,5.545454545454546
3.008,27,mcgs,0.0,5.575757575757576
3.008,27,pos,-0.0,5.575757575757576
3.008,27,sbps,-0.0,5.575757575757576
3.008,27,prculs-d,-0.0,5.575757575757576
3.008,27,prcus-p,0.0,5.575757575757576
3.008,27,prcus-i,-0.0,5.575757575757576
3.008,27,prcus-a,-0.0,5.575757575757576
3.008,27,ifrms,-0.0,5.575757575757576
3.008,27,sspls-v,0.0,5.575757575757576
3.008,28,mcgs,0.0,5.611408199643494
3.008,28,pos,-0.0,5.611408199643494
3.008,28,sbps,-0.0,5.611408199643494
3.008,28,prculs-d,-0.0,5.611408199643494
3.008,28,prcus-p,0.0,5.611408199643494
3.008,28,prcus-i,-0.0,5.611408199643494
3.008,28,prcus-a,0.0,5.611408199643494
3.008,28,ifrms,-0.0,5.611408199643494
3.008,28,sspls-v,0.0,5.611408199643494
3.008,29,mcgs,-0.0,5.333333333333333
3.008,29,pos,-0.0,5.333333333333333
3.008,29,sbps,-0.0,5.333333333333333
3.008,29,prculs-d,0.0,5.333333333333333
3.008,29,prcus-p,0.0,5.333333333333333
3.008,29,prcus-i,0.0,5.333333333333333
3.008,29,prcus-a,0.0,5.333333333333333
3.008,29,ifrms,-0.0,5.333333333333333
3.008,29,sspls-v,0.0,5.333333333333333
3.008,30,mcgs,0.0,5.575757575757576
3.008,30,pos,-0.0,5.575757575757576
3.008,30,sbps,-0.0,5.575757575757576
3.008,30,prculs-d,-0.0,5.575757575757576
3.008,30,prcus-p,0.0,5.575757575757576
3.008,30,prcus-i,-0.0,5.575757575757576
3.008,30,prcus-a,0.0,5.575757575757576
3.008,30,ifrms,-0.0,5.575757575757576
3.008,30,sspls-v,0.0,5.575757575757576
3.008,31,mcgs,0.0,5.393939393939394
3.008,31,pos,-0.0,5.393939393939394
3.008,31,sbps,-0.0,5.393939393939394
3.008,31,prculs-d,-0.0,5.393939393939394
3.008,31,prcus-p,0.0,5.393939393939394
3.008,31,prcus-i,-0.0,5.393939393939394
3.008,31,prcus-a,0.0,5.393939393939394
3.008,31,ifrms,-0.0,5.393939393939394
3.008,31,sspls-v,0.0,5.393939393939394
3.008,32,mcgs,0.0,5.424242424242426
3.008,32,pos,-0.0,5.424242424242426
3.008,32,sbps,-0.0,5.424242424242426
3.008,32,prculs-d,-0.0,5.424242424242426
3.008,32,prcus-p,0.0,5.424242424242426
3.008,32,prcus-i,-0.0,5.424242424242426
3.008,32,prcus-a,0.0,5.424242424242426
3.008,32,ifrms,-0.0,5.424242424242426
3.008,32,sspls-v,0.0,5.424242424242426
3.008,33,mcgs,0.0,5.575757575757576
3.008,33,pos,-0.0,5.575757575757576
3.008,33,sbps,-0.0,5.575757575757576
3.008,33,prculs-d,-0.0,5.575757575757576
3.008,33,prcus-p,0.0,5.575757575757576
3.008,33,prcus-i,-0.0,5.575757575757576
3.008,33,prcus-a,0.0,5.575757575757576
3.008,33,ifrms,-0.0,5.575757575757576
3.008,33,sspls-v,0.0,5.575757575757576
3.008,34,mcgs,0.0,5.515151515151516
3.008,34,pos,-0.0,5.515151515151516
3.008,34,sbps,-0.0,5.515151515151516
3.008,34,prculs-d,-0.0,5.515151515151516
3.008,34,prcus-p,0.0,5.515151515151516
3.008,34,prcus-i,-0.0,5.515151515151516
3.008,34,prcus-a,-0.0,5.515151515151516
3.008,34,ifrms,-0.0,5.515151515151516
3.008,34,sspls-v,0.0,5.515151515151516
3.215,0,mcgs,0.0,5.575757575757576
3.215,0,pos,-0.0,5.575757575757576
3.215,0,sbps,-0.0,5.575757575757576
3.215,0,prculs-d,-0.0,5.575757575757576
3.215,0,prcus-p,0.0,5.575757575757576
3.215,0,prcus-i,-0.0,5.575757575757576
3.215,0,prcus-a,-0.0,5.575757575757576
3.215,0,ifrms,-0.0,5.575757575757576
3.215,0,sspls-v,0.0,5.575757575757576
3.215,1,mcgs,0.0,5.484848484848485
3.215,1,pos,-0.0,5.484848484848485
3.215,1,sbps,-0.0,5.484848484848485
3.215,1,prculs-d,-0.0,5.484848484848485
3.215,1,prcus-p,0.0,5.484848484848485
3.215,1,prcus-i,-0.0,5.484848484848485
3.215,1,prcus-a,0.0,5.484848484848485
3.215,1,ifrms,-0.0,5.484848484848485
3.215,1,sspls-v,0.0,5.484848484848485
3.215,2,mcgs,0.0,5.424242424242422
3.215,2,pos,-0.0,5.424242424242422
3.215,2,sbps,-0.0,5.424242424242422
3.215,2,prculs-d,-0.0,5.424242424242422
3.215,2,prcus-p,0.0,5.424242424242422
3.215,2,prcus-i,-0.0,5.424242424242422
3.215,2,prcus-a,-0.0,5.424242424242422
3.215,2,ifrms,-0.0,5.424242424242422
3.215,2,sspls-v,0.0,5.424242424242422
3.215,3,mcgs,0.0,5.424242424242422
3.215,3,pos,-0.0,5.424242424242422
3.215,3,sbps,-0.0,5.424242424242422
3.215,3,prculs-d,-0.0,5.424242424242422
3.215,3,prcus-p,0.0,5.424242424242422
3.215,3,prcus-i,-0.0,5.424242424242422
3.215,3,prcus-a,0.0,5.424242424242422
3.215,3,ifrms,-0.0,5.424242424242422
3.215,3,sspls-v,0.0,5.424242424242422
3.215,4,mcgs,0.0,5.424242424242422
3.215,4,pos,-0.0,5.424242424242422
3.215,4,sbps,-0.0,5.424242424242422
3.215,4,prculs-d,-0.0,5.424242424242422
3.215,4,prcus-p,0.0,5.424242424242422
3.215,4,prcus-i,-0.0,5.424242424242422
3.215,4,prcus-a,-0.0,5.424242424242422
3.215,4,ifrms,-0.0,5.424242424242422
3.215,4,sspls-v,0.0,5.424242424242422
3.215,5,mcgs,0.0,5.393939393939394
3.215,5,pos,-0.0,5.393939393939394
3.215,5,sbps,-0.0,5.393939393939394
3.215,5,prculs-d,-0.0,5.393939393939394
3.215,5,prcus-p,0.0,5.393939393939394
3.215,5,prcus-i,-0.0,5.393939393939394
3.215,5,prcus-a,0.0,5.393939393939394
3.215,5,ifrms,-0.0,5.393939393939394
3.215,5,sspls-v,0.0,5.393939393939394
3.215,6,mcgs,0.0,5.579322638146167
3.215,6,pos,-0.0,5.579322638146167
3.215,6,sbps,-0.0,5.579322638146167
3.215,6,prculs-d,-0.0,5.579322638146167
3.215,6,prcus-p,0.0,5.579322638146167
3.215,6,prcus-i,-0.0,5.579322638146167
3.215,6,prcus-a,0.0,5.579322638146167
3.215,6,ifrms,-0.0,5.579322638146167
3.215,6,sspls-v,0.0,5.579322638146167
3.215,7,mcgs,0.0,5.2727272727272725
3.215,7,pos,-0.0,5.2727272727272725
3.215,7,sbps,-0.0,5.2727272727272725
3.215,7,prculs-d,-0.0,5.2727272727272725
3.215,7,prcus-p,0.0,5.2727272727272725
3.215,7,prcus-i,-0.0,5.2727272727272725
3.215,7,prcus-a,0.0,5.2727272727272725
3.215,7,ifrms,-0.0,5.2727272727272725
3.215,7,sspls-v,0.0,5.2727272727272725
3.215,8,mcgs,0.0,5.363636363636363
3.215,8,pos,-0.0,5.363636363636363
3.215,8,sbps,-0.0,5.363636363636363
3.215,8,prculs-d,-0.0,5.363636363636363
3.215,8,prcus-p,0.0,5.363636363636363
3.215,8,prcus-i,-0.0,5.363636363636363
3.215,8,prcus-a,0.0,5.363636363636363
3.215,8,ifrms,-0.0,5.363636363636363
3.215,8,sspls-v,0.0,5.363636363636363
3.215,9,mcgs,0.0,5.579322638146167
3.215,9,pos,-0.0,5.579322638146167
3.215,9,sbps,-0.0,5.579322638146167
3.215,9,prculs-d,-0.0,5.579322638146167
3.215,9,prcus-p,0.0,5.579322638146167
3.215,9,prcus-i,-0.0,5.579322638146167
3.215,9,prcus-a,0.0,5.579322638146167
3.215,9,ifrms,-0.0,5.579322638146167
3.215,9,sspls-v,0.0,5.579322638146167
3.215,10,mcgs,0.0,5.5151515151515165
3.215,10,pos,-0.0,5.5151515151515165
3.215,10,sbps,-0.0,5.5151515151515165
3.215,10,prculs-d,-0.0,5.5151515151515165
3.215,10,prcus-p,0.0,5.5151515151515165
3.215,10,prcus-i,-0.0,5.5151515151515165
3.215,10,prcus-a,0.0,5.5151515151515165
3.215,10,ifrms,-0.0,5.5151515151515165
3.215,10,sspls-v,0.0,5.5151515151515165
3.215,11,mcgs,0.0,5.611408199643494
3.215,11,pos,-0.0,5.611408199643494
3.215,11,sbps,-0.0,5.611408199643494
3.215,11,prculs-d,-0.0,5.611408199643494
3.215,11,prcus-p,0.0,5.611408199643494
3.215,11,prcus-i,-0.0,5.611408199643494
3.215,11,prcus-a,0.0,5.611408199643494
3.215,11,ifrms,-0.0,5.611408199643494
3.215,11,sspls-v,0.0,5.611408199643494
3.215,12,mcgs,0.0,5.2727272727272725
3.215,12,pos,-0.0,5.2727272727272725
3.215,12,sbps,-0.0,5.2727272727272725
3.215,12,prculs-d,-0.0,5.2727272727272725
3.215,12,prcus-p,0.0,5.2727272727272725
3.215,12,prcus-i,-0.0,5.2727272727272725
3.215,12,prcus-a,-0.0,5.2727272727272725
3.215,12,ifrms,-0.0,5.2727272727272725
3.215,12,sspls-v,0.0,5.2727272727272725
3.215,13,mcgs,0.0,5.363636363636363
3.215,13,pos,-0.0,5.363636363636363
3.215,13,sbps,-0.0,5.363636363636363
3.215,13,prculs-d,-0.0,5.363636363636363
3.215,13,prcus-p,0.0,5.363636363636363
3.215,13,prcus-i,-0.0,5.363636363636363
3.215,13,prcus-a,0.0,5.363636363636363
3.215,13,ifrms,-0.0,5.363636363636363
3.215,13,sspls-v,0.0,5.363636363636363
3.215,14,mcgs,0.0,5.363636363636363
3.215,14,pos,-0.0,5.363636363636363
3.215,14,sbps,-0.0,5.363636363636363
3.215,14,prculs-d,-0.0,5.363636363636363
3.215,14,prcus-p,0.0,5.363636363636363
3.215,14,prcus-i,-0.0,5.363636363636363
3.215,14,prcus-a,0.0,5.363636363636363
3.215,14,ifrms,-0.0,5.363636363636363
3.215,14,sspls-v,0.0,5.363636363636363
3.215,15,mcgs,0.0,5.303030303030303
3.215,15,pos,-0.0,5.303030303030303
3.215,15,sbps,-0.0,5.303030303030303
3.215,15,prculs-d,0.0,5.303030303030303
3.215,15,prcus-p,0.0,5.303030303030303
3.215,15,prcus-i,-0.0,5.303030303030303
3.215,15,prcus-a,0.0,5.303030303030303
3.215,15,ifrms,-0.0,5.303030303030303
3.215,15,sspls-v,0.0,5.303030303030303
3.215,16,mcgs,0.0,5.575757575757576
3.215,16,pos,-0.0,5.575757575757576
3.215,16,sbps,-0.0,5.575757575757576
3.215,16,prculs-d,-0.0,5.575757575757576
3.215,16,prcus-p,0.0,5.575757575757576
3.215,16,prcus-i,-0.0,5.575757575757576
3.215,16,prcus-a,0.0,5.575757575757576
3.215,16,ifrms,-0.0,5.575757575757576
3.215,16,sspls-v,0.0,5.575757575757576
3.215,17,mcgs,0.0,5.393939393939394
3.215,17,pos,-0.0,5.393939393939394
3.215,17,sbps,-0.0,5.393939393939394
3.215,17,prculs-d,-0.0,5.393939393939394
3.215,17,prcus-p,0.0,5.393939393939394
3.215,17,prcus-i,-0.0,5.393939393939394
3.215,17,prcus-a,0.0,5.393939393939394
3.215,17,ifrms,-0.0,5.393939393939394
3.215,17,sspls-v,0.0,5.393939393939394
3.215,18,mcgs,0.0,5.636363636363636
3.215,18,pos,-0.0,5.636363636363636
3.215,18,sbps,-0.0,5.636363636363636
3.215,18,prculs-d,-0.0,5.636363636363636
3.215,18,prcus-p,0.0,5.636363636363636
3.215,18,prcus-i,-0.0,5.636363636363636
3.215,18,prcus-a,0.0,5.636363636363636
3.215,18,ifrms,-0.0,5.636363636363636
3.215,18,sspls-v,0.0,5.636363636363636
3.215,19,mcgs,0.0,5.424242424242426
3.215,19,pos,-0.0,5.424242424242426
3.215,19,sbps,-0.0,5.424242424242426
3.215,19,prculs-d,-0.0,5.424242424242426
3.215,19,prcus-p,0.0,5.424242424242426
3.215,19,prcus-i,-0.0,5.424242424242426
3.215,19,prcus-a,0.0,5.424242424242426
3.215,19,ifrms,-0.0,5.424242424242426
3.215,19,sspls-v,0.0,5.424242424242426
3.215,20,mcgs,-0.0,5.424242424242426
3.215,20,pos,-0.0,5.424242424242426
3.215,20,sbps,-0.0,5.424242424242426
3.215,20,prculs-d,0.0,5.424242424242426
3.215,20,prcus-p,0.0,5.424242424242426
3.215,20,prcus-i,-0.0,5.424242424242426
3.215,20,prcus-a,-0.0,5.424242424242426
3.215,20,ifrms,-0.0,5.424242424242426
3.215,20,sspls-v,0.0,5.424242424242426
3.215,21,mcgs,0.0,5.5151515151515165
3.215,21,pos,-0.0,5.5151515151515165
3.215,21,sbps,-0.0,5.5151515151515165
3.215,21,prculs-d,-0.0,5.5151515151515165
3.215,21,prcus-p,0.0,5.5151515151515165
3.215,21,prcus-i,-0.0,5.5151515151515165
3.215,21,prcus-a,0.0,5.5151515151515165
3.215,21,ifrms,-0.0,5.5151515151515165
3.215,21,sspls-v,0.0,5.5151515151515165
3.215,22,mcgs,0.0,5.606060606060606
3.215,22,pos,-0.0,5.606060606060606
3.215,22,sbps,-0.0,5.606060606060606
3.215,22,prculs-d,-0.0,5.606060606060606
3.215,22,prcus-p,0.0,5.606060606060606
3.215,22,prcus-i,-0.0,5.606060606060606
3.215,22,prcus-a,0.0,5.606060606060606
3.215,22,ifrms,-0.0,5.606060606060606
3.215,22,sspls-v,0.0,5.606060606060606
3.215,23,mcgs,0.0,5.5151515151515165
3.215,23,pos,-0.0,5.5151515151515165
3.215,23,sbps,-0.0,5.5151515151515165
3.215,23,prculs-d,-0.0,5.5151515151515165
3.215,23,prcus-p,0.0,5.5151515151515165
3.215,23,prcus-i,-0.0,5.5151515151515165
3.215,23,prcus-a,0.0,5.5151515151515165
3.215,23,ifrms,-0.0,5.5151515151515165
3.215,23,sspls-v,0.0,5.5151515151515165
3.215,24,mcgs,0.0,5.454545454545456
3.215,24,pos,-0.0,5.454545454545456
3.215,24,sbps,-0.0,5.454545454545456
3.215,24,prculs-d,-0.0,5.454545454545456
3.215,24,prcus-p,0.0,5.454545454545456
3.215,24,prcus-i,-0.0,5.454545454545456
3.215,24,prcus-a,-0.0,5.454545454545456
3.215,24,ifrms,-0.0,5.454545454545456
3.215,24,sspls-v,0.0,5.454545454545456
3.215,25,mcgs,0.0,5.611408199643494
3.215,25,pos,-0.0,5.611408199643494
3.215,25,sbps,-0.0,5.611408199643494
3.215,25,prculs-d,-0.0,5.611408199643494
3.215,25,prcus-p,0.0,5.611408199643494
3.215,25,prcus-i,-0.0,5.611408199643494
3.215,25,prcus-a,0.0,5.611408199643494
3.215,25,ifrms,-0.0,5.611408199643494
3.215,25,sspls-v,0.0,5.611408199643494
3.215,26,mcgs,0.0,5.545454545454546
3.215,26,pos,-0.0,5.545454545454546
3.215,26,sbps,-0.0,5.545454545454546
3.215,26,prculs-d,-0.0,5.545454545454546
3.215,26,prcus-p,0.0,5.545454545454546
3.215,26,prcus-i,-0.0,5.545454545454546
3.215,26,prcus-a,0.0,5.545454545454546
3.215,26,ifrms,-0.0,5.545454545454546
3.215,26,sspls-v,0.0,5.545454545454546
3.215,27,mcgs,0.0,5.575757575757576
3.215,27,pos,-0.0,5.575757575757576
3.215,27,sbps,-0.0,5.575757575757576
3.215,27,prculs-d,-0.0,5.575757575757576
3.215,27,prcus-p,0.0,5.575757575757576
3.215,27,prcus-i,-0.0,5.575757575757576
3.215,27,prcus-a,-0.0,5.575757575757576
3.215,27,ifrms,-0.0,5.575757575757576
3.215,27,sspls-v,0.0,5.575757575757576
3.215,28,mcgs,0.0,5.611408199643494
3.215,28,pos,-0.0,5.611408199643494
3.215,28,sbps,-0.0,5.611408199643494
3.215,28,prculs-d,-0.0,5.611408199643494
3.215,28,prcus-p,0.0,5.611408199643494
3.215,28,prcus-i,-0.0,5.611408199643494
3.215,28,prcus-a,0.0,5.611408199643494
3.215,28,ifrms,-0.0,5.611408199643494
3.215,28,sspls-v,0.0,5.611408199643494
3.215,29,mcgs,-0.0,5.333333333333333
3.215,29,pos,-0.0,5.333333333333333
3.215,29,sbps,-0.0,5.333333333333333
3.215,29,prculs-d,0.0,5.333333333333333
3.215,29,prcus-p,0.0,5.333333333333333
3.215,29,prcus-i,0.0,5.333333333333333
3.215,29,prcus-a,0.0,5.333333333333333
3.215,29,ifrms,-0.0,5.333333333333333
3.215,29,sspls-v,0.0,5.333333333333333
3.215,30,mcgs,0.0,5.575757575757576
3.215,30,pos,-0.0,5.575757575757576
3.215,30,sbps,-0.0,5.575757575757576
3.215,30,prculs-d,-0.0,5.575757575757576
3.215,30,prcus-p,0.0,5.575757575757576
3.215,30,prcus-i,-0.0,5.575757575757576
3.215,30,prcus-a,0.0,5.575757575757576
3.215,30,ifrms,-0.0,5.575757575757576
3.215,30,sspls-v,0.0,5.575757575757576
3.215,31,mcgs,0.0,5.393939393939394
3.215,31,pos,-0.0,5.393939393939394
3.215,31,sbps,-0.0,5.393939393939394
3.215,31,prculs-d,-0.0,5.393939393939394
3.215,31,prcus-p,0.0,5.393939393939394
3.215,31,prcus-i,-0.0,5.393939393939394
3.215,31,prcus-a,0.0,5.393939393939394
3.215,31,ifrms,-0.0,5.393939393939394
3.215,31,sspls-v,0.0,5.393939393939394
3.215,32,mcgs,0.0,5.424242424242426
3.215,32,pos,-0.0,5.424242424242426
3.215,32,sbps,-0.0,5.424242424242426
3.215,32,prculs-d,-0.0,5.424242424242426
3.215,32,prcus-p,0.0,5.424242424242426
3.215,32,prcus-i,-0.0,5.424242424242426
3.215,32,prcus-a,0.0,5.424242424242426
3.215,32,ifrms,-0.0,5.424242424242426
3.215,32,sspls-v,0.0,5.424242424242426
3.215,33,mcgs,0.0,5.575757575757576
3.215,33,pos,-0.0,5.575757575757576
3.215,33,sbps,-0.0,5.575757575757576
3.215,33,prculs-d,-0.0,5.575757575757576
3.215,33,prcus-p,0.0,5.575757575757576
3.215,33,prcus-i,-0.0,5.575757575757576
3.215,33,prcus-a,0.0,5.575757575757576
3.215,33,ifrms,-0.0,5.575757575757576
3.215,33,sspls-v,0.0,5.575757575757576
3.215,34,mcgs,0.0,5.515151515151516
3.215,34,pos,-0.0,5.515151515151516
3.215,34,sbps,-0.0,5.515151515151516
3.215,34,prculs-d,-0.0,5.515151515151516
3.215,34,prcus-p,0.0,5.515151515151516
3.215,34,prcus-i,-0.0,5.515151515151516
3.215,34,prcus-a,-0.0,5.515151515151516
3.215,34,ifrms,-0.0,5.515151515151516
3.215,34,sspls-v,0.0,5.515151515151516
3.437,0,mcgs,0.0,5.575757575757576
3.437,0,pos,-0.0,5.575757575757576
3.437,0,sbps,-0.0,5.575757575757576
3.437,0,prculs-d,-0.0,5.575757575757576
3.437,0,prcus-p,0.0,5.575757575757576
3.437,0,prcus-i,-0.0,5.575757575757576
3.437,0,prcus-a,-0.0,5.575757575757576
3.437,0,ifrms,-0.0,5.575757575757576
3.437,0,sspls-v,0.0,5.575757575757576
3.437,1,mcgs,0.0,5.484848484848485
3.437,1,pos,-0.0,5.484848484848485
3.437,1,sbps,-0.0,5.484848484848485
3.437,1,prculs-d,-0.0,5.484848484848485
3.437,1,prcus-p,0.0,5.484848484848485
3.437,1,prcus-i,-0.0,5.484848484848485
3.437,1,prcus-a,0.0,5.484848484848485
3.437,1,ifrms,-0.0,5.484848484848485
3.437,1,sspls-v,0.0,5.484848484848485
3.437,2,mcgs,0.0,5.424242424242422
3.437,2,pos,-0.0,5.424242424242422
3.437,2,sbps,-0.0,5.424242424242422
3.437,2,prculs-d,-0.0,5.424242424242422
3.437,2,prcus-p,0.0,5.424242424242422
3.437,2,prcus-i,-0.0,5.424242424242422
3.437,2,prcus-a,-0.0,5.424242424242422
3.437,2,ifrms,-0.0,5.424242424242422
3.437,2,sspls-v,0.0,5.424242424242422
3.437,3,mcgs,0.0,5.424242424242422
3.437,3,pos,-0.0,5.424242424242422
3.437,3,sbps,-0.0,5.424242424242422
3.437,3,prculs-d,-0.0,5.424242424242422
3.437,3,prcus-p,0.0,5.424242424242422
3.437,3,prcus-i,-0.0,5.424242424242422
3.437,3,prcus-a,0.0,5.424242424242422
3.437,3,ifrms,-0.0,5.424242424242422
3.437,3,sspls-v,0.0,5.424242424242422
3.437,4,mcgs,0.0,5.424242424242422
3.437,4,pos,-0.0,5.424242424242422
3.437,4,sbps,-0.0,5.424242424242422
3.437,4,prculs-d,-0.0,5.424242424242422
3.437,4,prcus-p,0.0,5.424242424242422
3.437,4,prcus-i,-0.0,5.424242424242422
3.437,4,prcus-a,-0.0,5.424242424242422
3.437,4,ifrms,-0.0,5.424242424242422
3.437,4,sspls-v,0.0,5.424242424242422
3.437,5,mcgs,0.0,5.393939393939394
3.437,5,pos,-0.0,5.393939393939394
3.437,5,sbps,-0.0,5.393939393939394
3.437,5,prculs-d,-0.0,5.393939393939394
3.437,5,prcus-p,0.0,5.393939393939394
3.437,5,prcus-i,-0.0,5.393939393939394
3.437,5,prcus-a,0.0,5.393939393939394
3.437,5,ifrms,-0.0,5.393939393939394
3.437,5,sspls-v,0.0,5.393939393939394
3.437,6,mcgs,0.0,5.579322638146167
3.437,6,pos,-0.0,5.579322638146167
3.437,6,sbps,-0.0,5.579322638146167
3.437,6,prculs-d,-0.0,5.579322638146167
3.437,6,prcus-p,0.0,5.579322638146167
3.437,6,prcus-i,-0.0,5.579322638146167
3.437,6,prcus-a,0.0,5.579322638146167
3.437,6,ifrms,-0.0,5.579322638146167
3.437,6,sspls-v,0.0,5.579322638146167
3.437,7,mcgs,0.0,5.2727272727272725
3.437,7,pos,-0.0,5.2727272727272725
3.437,7,sbps,-0.0,5.2727272727272725
3.437,7,prculs-d,-0.0,5.2727272727272725
3.437,7,prcus-p,0.0,5.2727272727272725
3.437,7,prcus-i,-0.0,5.2727272727272725
3.437,7,prcus-a,0.0,5.2727272727272725
3.437,7,ifrms,-0.0,5.2727272727272725
3.437,7,sspls-v,0.0,5.2727272727272725
3.437,8,mcgs,0.0,5.363636363636363
3.437,8,pos,-0.0,5.363636363636363
3.437,8,sbps,-0.0,5.363636363636363
3.437,8,prculs-d,-0.0,5.363636363636363
3.437,8,prcus-p,0.0,5.363636363636363
3.437,8,prcus-i,-0.0,5.363636363636363
3.437,8,prcus-a,0.0,5.363636363636363
3.437,8,ifrms,-0.0,5.363636363636363
3.437,8,sspls-v,0.0,5.363636363636363
3.437,9,mcgs,0.0,5.579322638146167
3.437,9,pos,-0.0,5.579322638146167
3.437,9,sbps,-0.0,5.579322638146167
3.437,9,prculs-d,-0.0,5.579322638146167
3.437,9,prcus-p,0.0,5.579322638146167
3.437,9,prcus-i,-0.0,5.579322638146167
3.437,9,prcus-a,0.0,5.579322638146167
3.437,9,ifrms,-0.0,5.579322638146167
3.437,9,sspls-v,0.0,5.579322638146167
3.437,10,mcgs,0.0,5.5151515151515165
3.437,10,pos,-0.0,5.5151515151515165
3.437,10,sbps,-0.0,5.5151515151515165
3.437,10,prculs-d,-0.0,5.5151515151515165
3.437,10,prcus-p,0.0,5.5151515151515165
3.437,10,prcus-i,-0.0,5.5151515151515165
3.437,10,prcus-a,0.0,5.5151515151515165
3.437,10,ifrms,-0.0,5.5151515151515165
3.437,10,sspls-v,0.0,5.5151515151515165
3.437,11,mcgs,0.0,5.611408199643494
3.437,11,pos,-0.0,5.611408199643494
3.437,11,sbps,-0.0,5.611408199643494
3.437,11,prculs-d,-0.0,5.611408199643494
3.437,11,prcus-p,0.0,5.611408199643494
3.437,11,prcus-i,-0.0,5.611408199643494
3.437,11,prcus-a,0.0,5.611408199643494
3.437,11,ifrms,-0.0,5.611408199643494
3.437,11,sspls-v,0.0,5.611408199643494
3.437,12,mcgs,0.0,5.2727272727272725
3.437,12,pos,-0.0,5.2727272727272725
3.437,12,sbps,-0.0,5.2727272727272725
3.437,12,prculs-d,-0.0,5.2727272727272725
3.437,12,prcus-p,0.0,5.2727272727272725
3.437,12,prcus-i,-0.0,5.2727272727272725
3.437,12,prcus-a,-0.0,5.2727272727272725
3.437,12,ifrms,-0.0,5.2727272727272725
3.437,12,sspls-v,0.0,5.2727272727272725
3.437,13,mcgs,0.0,5.363636363636363
3.437,13,pos,-0.0,5.363636363636363
3.437,13,sbps,-0.0,5.363636363636363
3.437,13,prculs-d,-0.0,5.363636363636363
3.437,13,prcus-p,0.0,5.363636363636363
3.437,13,prcus-i,-0.0,5.363636363636363
3.437,13,prcus-a,0.0,5.363636363636363
3.437,13,ifrms,-0.0,5.363636363636363
3.437,13,sspls-v,0.0,5.363636363636363
3.437,14,mcgs,0.0,5.363636363636363
3.437,14,pos,-0.0,5.363636363636363
3.437,14,sbps,-0.0,5.363636363636363
3.437,14,prculs-d,-0.0,5.363636363636363
3.437,14,prcus-p,0.0,5.363636363636363
3.437,14,prcus-i,-0.0,5.363636363636363
3.437,14,prcus-a,0.0,5.363636363636363
3.437,14,ifrms,-0.0,5.363636363636363
3.437,14,sspls-v,0.0,5.363636363636363
3.437,15,mcgs,0.0,5.303030303030303
3.437,15,pos,-0.0,5.303030303030303
3.437,15,sbps,-0.0,5.303030303030303
3.437,15,prculs-d,0.0,5.303030303030303
3.437,15,prcus-p,0.0,5.303030303030303
3.437,15,prcus-i,-0.0,5.303030303030303
3.437,15,prcus-a,0.0,5.303030303030303
3.437,15,ifrms,-0.0,5.303030303030303
3.437,15,sspls-v,0.0,5.303030303030303
3.437,16,mcgs,0.0,5.575757575757576
3.437,16,pos,-0.0,5.575757575757576
3.437,16,sbps,-0.0,5.575757575757576
3.437,16,prculs-d,-0.0,5.575757575757576
3.437,16,prcus-p,0.0,5.575757575757576
3.437,16,prcus-i,-0.0,5.575757575757576
3.437,16,prcus-a,0.0,5.575757575757576
3.437,16,ifrms,-0.0,5.575757575757576
3.437,16,sspls-v,0.0,5.575757575757576
3.437,17,mcgs,0.0,5.393939393939394
3.437,17,pos,-0.0,5.393939393939394
3.437,17,sbps,-0.0,5.393939393939394
3.437,17,prculs-d,-0.0,5.393939393939394
3.437,17,prcus-p,0.0,5.393939393939394
3.437,17,prcus-i,-0.0,5.393939393939394
3.437,17,prcus-a,0.0,5.393939393939394
3.437,17,ifrms,-0.0,5.393939393939394
3.437,17,sspls-v,0.0,5.393939393939394
3.437,18,mcgs,0.0,5.636363636363636
3.437,18,pos,-0.0,5.636363636363636
3.437,18,sbps,-0.0,5.636363636363636
3.437,18,prculs-d,-0.0,5.636363636363636
3.437,18,prcus-p,0.0,5.636363636363636
3.437,18,prcus-i,-0.0,5.636363636363636
3.437,18,prcus-a,0.0,5.636363636363636
3.437,18,ifrms,-0.0,5.636363636363636
3.437,18,sspls-v,0.0,5.636363636363636
3.437,19,mcgs,0.0,5.424242424242426
3.437,19,pos,-0.0,5.424242424242426
3.437,19,sbps,-0.0,5.424242424242426
3.437,19,prculs-d,-0.0,5.424242424242426
3.437,19,prcus-p,0.0,5.424242424242426
3.437,19,prcus-i,-0.0,5.424242424242426
3.437,19,prcus-a,0.0,5.424242424242426
3.437,19,ifrms,-0.0,5.424242424242426
3.437,19,sspls-v,0.0,5.424242424242426
3.437,20,mcgs,-0.0,5.424242424242426
3.437,20,pos,-0.0,5.424242424242426
3.437,20,sbps,-0.0,5.424242424242426
3.437,20,prculs-d,0.0,5.424242424242426
3.437,20,prcus-p,0.0,5.424242424242426
3.437,20,prcus-i,-0.0,5.424242424242426
3.437,20,prcus-a,-0.0,5.424242424242426
3.437,20,ifrms,-0.0,5.424242424242426
3.437,20,sspls-v,0.0,5.424242424242426
3.437,21,mcgs,0.0,5.5151515151515165
3.437,21,pos,-0.0,5.5151515151515165
3.437,21,sbps,-0.0,5.5151515151515165
3.437,21,prculs-d,-0.0,5.5151515151515165
3.437,21,prcus-p,0.0,5.5151515151515165
3.437,21,prcus-i,-0.0,5.5151515151515165
3.437,21,prcus-a,0.0,5.5151515151515165
3.437,21,ifrms,-0.0,5.5151515151515165
3.437,21,sspls-v,0.0,5.5151515151515165
3.437,22,mcgs,0.0,5.606060606060606
3.437,22,pos,-0.0,5.606060606060606
3.437,22,sbps,-0.0,5.606060606060606
3.437,22,prculs-d,-0.0,5.606060606060606
3.437,22,prcus-p,0.0,5.606060606060606
3.437,22,prcus-i,-0.0,5.606060606060606
3.437,22,prcus-a,0.0,5.606060606060606
3.437,22,ifrms,-0.0,5.606060606060606
3.437,22,sspls-v,0.0,5.606060606060606
3.437,23,mcgs,0.0,5.5151515151515165
3.437,23,pos,-0.0,5.5151515151515165
3.437,23,sbps,-0.0,5.5151515151515165
3.437,23,prculs-d,-0.0,5.5151515151515165
3.437,23,prcus-p,0.0,5.5151515151515165
3.437,23,prcus-i,-0.0,5.5151515151515165
3.437,23,prcus-a,0.0,5.5151515151515165
3.437,23,ifrms,-0.0,5.5151515151515165
3.437,23,sspls-v,0.0,5.5151515151515165
3.437,24,mcgs,0.0,5.454545454545456
3.437,24,pos,-0.0,5.454545454545456
3.437,24,sbps,-0.0,5.454545454545456
3.437,24,prculs-d,-0.0,5.454545454545456
3.437,24,prcus-p,0.0,5.454545454545456
3.437,24,prcus-i,-0.0,5.454545454545456
3.437,24,prcus-a,-0.0,5.454545454545456
3.437,24,ifrms,-0.0,5.454545454545456
3.437,24,sspls-v,0.0,5.454545454545456
3.437,25,mcgs,0.0,5.611408199643494
3.437,25,pos,-0.0,5.611408199643494
3.437,25,sbps,-0.0,5.611408199643494
3.437,25,prculs-d,-0.0,5.611408199643494
3.437,25,prcus-p,0.0,5.611408199643494
3.437,25,prcus-i,-0.0,5.611408199643494
3.437,25,prcus-a,0.0,5.611408199643494
3.437,25,ifrms,-0.0,5.611408199643494
3.437,25,sspls-v,0.0,5.611408199643494
3.437,26,mcgs,0.0,5.545454545454546
3.437,26,pos,-0.0,5.545454545454546
3.437,26,sbps,-0.0,5.545454545454546
3.437,26,prculs-d,-0.0,5.545454545454546
3.437,26,prcus-p,0.0,5.545454545454546
3.437,26,prcus-i,-0.0,5.545454545454546
3.437,26,prcus-a,0.0,5.545454545454546
3.437,26,ifrms,-0.0,5.545454545454546
3.437,26,sspls-v,0.0,5.545454545454546
3.437,27,mcgs,0.0,5.575757575757576
3.437,27,pos,-0.0,5.575757575757576
3.437,27,sbps,-0.0,5.575757575757576
3.437,27,prculs-d,-0.0,5.575757575757576
3.437,27,prcus-p,0.0,5.575757575757576
3.437,27,prcus-i,-0.0,5.575757575757576
3.437,27,prcus-a,-0.0,5.575757575757576
3.437,27,ifrms,-0.0,5.575757575757576
3.437,27,sspls-v,0.0,5.575757575757576
3.437,28,mcgs,0.0,5.611408199643494
3.437,28,pos,-0.0,5.611408199643494
3.437,28,sbps,-0.0,5.611408199643494
3.437,28,prculs-d,-0.0,5.611408199643494
3.437,28,prcus-p,0.0,5.611408199643494
3.437,28,prcus-i,-0.0,5.611408199643494
3.437,28,prcus-a,0.0,5.611408199643494
3.437,28,ifrms,-0.0,5.611408199643494
3.437,28,sspls-v,0.0,5.611408199643494
3.437,29,mcgs,-0.0,5.333333333333333
3.437,29,pos,-0.0,5.333333333333333
3.437,29,sbps,-0.0,5.333333333333333
3.437,29,prculs-d,0.0,5.333333333333333
3.437,29,prcus-p,0.0,5.333333333333333
3.437,29,prcus-i,0.0,5.333333333333333
3.437,29,prcus-a,0.0,5.333333333333333
3.437,29,ifrms,-0.0,5.333333333333333
3.437,29,sspls-v,0.0,5.333333333333333
3.437,30,mcgs,0.0,5.575757575757576
3.437,30,pos,-0.0,5.575757575757576
3.437,30,sbps,-0.0,5.575757575757576
3.437,30,prculs-d,-0.0,5.575757575757576
3.437,30,prcus-p,0.0,5.575757575757576
3.437,30,prcus-i,-0.0,5.575757575757576
3.437,30,prcus-a,0.0,5.575757575757576
3.437,30,ifrms,-0.0,5.575757575757576
3.437,30,sspls-v,0.0,5.575757575757576
3.437,31,mcgs,0.0,5.393939393939394
3.437,31,pos,-0.0,5.393939393939394
3.437,31,sbps,-0.0,5.393939393939394
3.437,31,prculs-d,-0.0,5.393939393939394
3.437,31,prcus-p,0.0,5.393939393939394
3.437,31,prcus-i,-0.0,5.393939393939394
3.437,31,prcus-a,0.0,5.393939393939394
3.437,31,ifrms,-0.0,5.393939393939394
3.437,31,sspls-v,0.0,5.393939393939394
3.437,32,mcgs,0.0,5.424242424242426
3.437,32,pos,-0.0,5.424242424242426
3.437,32,sbps,-0.0,5.424242424242426
3.437,32,prculs-d,-0.0,5.424242424242426
3.437,32,prcus-p,0.0,5.424242424242426
3.437,32,prcus-i,-0.0,5.424242424242426
3.437,32,prcus-a,0.0,5.424242424242426
3.437,32,ifrms,-0.0,5.424242424242426
3.437,32,sspls-v,0.0,5.424242424242426
3.437,33,mcgs,0.0,5.575757575757576
3.437,33,pos,-0.0,5.575757575757576
3.437,33,sbps,-0.0,5.575757575757576
3.437,33,prculs-d,-0.0,5.575757575757576
3.437,33,prcus-p,0.0,5.575757575757576
3.437,33,prcus-i,-0.0,5.575757575757576
3.437,33,prcus-a,0.0,5.575757575757576
3.437,33,ifrms,-0.0,5.575757575757576
3.437,33,sspls-v,0.0,5.575757575757576
3.437,34,mcgs,0.0,5.515151515151516
3.437,34,pos,-0.0,5.515151515151516
3.437,34,sbps,-0.0,5.515151515151516
3.437,34,prculs-d,-0.0,5.515151515151516
3.437,34,prcus-p,0.0,5.515151515151516
3.437,34,prcus-i,-0.0,5.515151515151516
3.437,34,prcus-a,-0.0,5.515151515151516
3.437,34,ifrms,-0.0,5.515151515151516
3.437,34,sspls-v,0.0,5.515151515151516
3.675,0,mcgs,0.0,5.575757575757576
3.675,0,pos,-0.0,5.575757575757576
3.675,0,sbps,-0.0,5.575757575757576
3.675,0,prculs-d,-0.0,5.575757575757576
3.675,0,prcus-p,0.0,5.575757575757576
3.675,0,prcus-i,-0.0,5.575757575757576
3.675,0,prcus-a,-0.0,5.575757575757576
3.675,0,ifrms,-0.0,5.575757575757576
3.675,0,sspls-v,0.0,5.575757575757576
3.675,1,mcgs,0.0,5.484848484848485
3.675,1,pos,-0.0,5.484848484848485
3.675,1,sbps,-0.0,5.484848484848485
3.675,1,prculs-d,-0.0,5.484848484848485
3.675,1,prcus-p,0.0,5.484848484848485
3.675,1,prcus-i,-0.0,5.484848484848485
3.675,1,prcus-a,0.0,5.484848484848485
3.675,1,ifrms,-0.0,5.484848484848485
3.675,1,sspls-v,0.0,5.484848484848485
3.675,2,mcgs,0.0,5.424242424242422
3.675,2,pos,-0.0,5.424242424242422
3.675,2,sbps,-0.0,5.424242424242422
3.675,2,prculs-d,-0.0,5.424242424242422
3.675,2,prcus-p,0.0,5.424242424242422
3.675,2,prcus-i,-0.0,5.424242424242422
3.675,2,prcus-a,-0.0,5.424242424242422
3.675,2,ifrms,-0.0,5.424242424242422
3.675,2,sspls-v,0.0,5.424242424242422
3.675,3,mcgs,0.0,5.424242424242422
3.675,3,pos,-0.0,5.424242424242422
3.675,3,sbps,-0.0,5.424242424242422
3.675,3,prculs-d,-0.0,5.424242424242422
3.675,3,prcus-p,0.0,5.424242424242422
3.675,3,prcus-i,-0.0,5.424242424242422
3.675,3,prcus-a,0.0,5.424242424242422
3.675,3,ifrms,-0.0,5.424242424242422
3.675,3,sspls-v,0.0,5.424242424242422
3.675,4,mcgs,0.0,5.424242424242422
3.675,4,pos,-0.0,5.424242424242422
3.675,4,sbps,-0.0,5.424242424242422
3.675,4,prculs-d,-0.0,5.424242424242422
3.675,4,prcus-p,0.0,5.424242424242422
3.675,4,prcus-i,-0.0,5.424242424242422
3.675,4,prcus-a,-0.0,5.424242424242422
3.675,4,ifrms,-0.0,5.424242424242422
3.675,4,sspls-v,0.0,5.424242424242422
3.675,5,mcgs,0.0,5.393939393939394
3.675,5,pos,-0.0,5.393939393939394
3.675,5,sbps,-0.0,5.393939393939394
3.675,5,prculs-d,-0.0,5.393939393939394
3.675,5,prcus-p,0.0,5.393939393939394
3.675,5,prcus-i,-0.0,5.393939393939394
3.675,5,prcus-a,0.0,5.393939393939394
3.675,5,ifrms,-0.0,5.393939393939394
3.675,5,sspls-v,0.0,5.393939393939394
3.675,6,mcgs,0.0,5.579322638146167
3.675,6,pos,-0.0,5.579322638146167
3.675,6,sbps,-0.0,5.579322638146167
3.675,6,prculs-d,-0.0,5.579322638146167
3.675,6,prcus-p,0.0,5.579322638146167
3.675,6,prcus-i,-0.0,5.579322638146167
3.675,6,prcus-a,0.0,5.579322638146167
3.675,6,ifrms,-0.0,5.579322638146167
3.675,6,sspls-v,0.0,5.579322638146167
3.675,7,mcgs,0.0,5.2727272727272725
3.675,7,pos,-0.0,5.2727272727272725
3.675,7,sbps,-0.0,5.2727272727272725
3.675,7,prculs-d,-0.0,5.2727272727272725
3.675,7,prcus-p,0.0,5.2727272727272725
3.675,7,prcus-i,-0.0,5.2727272727272725
3.675,7,prcus-a,0.0,5.2727272727272725
3.675,7,ifrms,-0.0,5.2727272727272725
3.675,7,sspls-v,0.0,5.2727272727272725
3.675,8,mcgs,0.0,5.363636363636363
3.675,8,pos,-0.0,5.363636363636363
3.675,8,sbps,-0.0,5.363636363636363
3.675,8,prculs-d,-0.0,5.363636363636363
3.675,8,prcus-p,0.0,5.363636363636363
3.675,8,prcus-i,-0.0,5.363636363636363
3.675,8,prcus-a,0.0,5.363636363636363
3.675,8,ifrms,-0.0,5.363636363636363
3.675,8,sspls-v,0.0,5.363636363636363
3.675,9,mcgs,0.0,5.579322638146167
3.675,9,pos,-0.0,5.579322638146167
3.675,9,sbps,-0.0,5.579322638146167
3.675,9,prculs-d,-0.0,5.579322638146167
3.675,9,prcus-p,0.0,5.579322638146167
3.675,9,prcus-i,-0.0,5.579322638146167
3.675,9,prcus-a,0.0,5.579322638146167
3.675,9,ifrms,-0.0,5.579322638146167
3.675,9,sspls-v,0.0,5.579322638146167
3.675,10,mcgs,0.0,5.5151515151515165
3.675,10,pos,-0.0,5.5151515151515165
3.675,10,sbps,-0.0,5.5151515151515165
3.675,10,prculs-d,-0.0,5.5151515151515165
3.675,10,prcus-p,0.0,5.5151515151515165
3.675,10,prcus-i,-0.0,5.5151515151515165
3.675,10,prcus-a,0.0,5.5151515151515165
3.675,10,ifrms,-0.0,5.5151515151515165
3.675,10,sspls-v,0.0,5.5151515151515165
3.675,11,mcgs,0.0,5.611408199643494
3.675,11,pos,-0.0,5.611408199643494
3.675,11,sbps,-0.0,5.611408199643494
3.675,11,prculs-d,-0.0,5.611408199643494
3.675,11,prcus-p,0.0,5.611408199643494
3.675,11,prcus-i,-0.0,5.611408199643494
3.675,11,prcus-a,0.0,5.611408199643494
3.675,11,ifrms,-0.0,5.611408199643494
3.675,11,sspls-v,0.0,5.611408199643494
3.675,12,mcgs,0.0,5.2727272727272725
3.675,12,pos,-0.0,5.2727272727272725
3.675,12,sbps,-0.0,5.2727272727272725
3.675,12,prculs-d,-0.0,5.2727272727272725
3.675,12,prcus-p,0.0,5.2727272727272725
3.675,12,prcus-i,-0.0,5.2727272727272725
3.675,12,prcus-a,-0.0,5.2727272727272725
3.675,12,ifrms,-0.0,5.2727272727272725
3.675,12,sspls-v,0.0,5.2727272727272725
3.675,13,mcgs,0.0,5.363636363636363
3.675,13,pos,-0.0,5.363636363636363
3.675,13,sbps,-0.0,5.363636363636363
3.675,13,prculs-d,-0.0,5.363636363636363
3.675,13,prcus-p,0.0,5.363636363636363
3.675,13,prcus-i,-0.0,5.363636363636363
3.675,13,prcus-a,0.0,5.363636363636363
3.675,13,ifrms,-0.0,5.363636363636363
3.675,13,sspls-v,0.0,5.363636363636363
3.675,14,mcgs,0.0,5.363636363636363
3.675,14,pos,-0.0,5.363636363636363
3.675,14,sbps,-0.0,5.363636363636363
3.675,14,prculs-d,-0.0,5.363636363636363
3.675,14,prcus-p,0.0,5.363636363636363
3.675,14,prcus-i,-0.0,5.363636363636363
3.675,14,prcus-a,0.0,5.363636363636363
3.675,14,ifrms,-0.0,5.363636363636363
3.675,14,sspls-v,0.0,5.363636363636363
3.675,15,mcgs,0.0,5.303030303030303
3.675,15,pos,-0.0,5.303030303030303
3.675,15,sbps,-0.0,5.303030303030303
3.675,15,prculs-d,0.0,5.303030303030303
3.675,15,prcus-p,0.0,5.303030303030303
3.675,15,prcus-i,-0.0,5.303030303030303
3.675,15,prcus-a,0.0,5.303030303030303
3.675,15,ifrms,-0.0,5.303030303030303
3.675,15,sspls-v,0.0,5.303030303030303
3.675,16,mcgs,0.0,5.575757575757576
3.675,16,pos,-0.0,5.575757575757576
3.675,16,sbps,-0.0,5.575757575757576
3.675,16,prculs-d,-0.0,5.575757575757576
3.675,16,prcus-p,0.0,5.575757575757576
3.675,16,prcus-i,-0.0,5.575757575757576
3.675,16,prcus-a,0.0,5.575757575757576
3.675,16,ifrms,-0.0,5.575757575757576
3.675,16,sspls-v,0.0,5.575757575757576
3.675,17,mcgs,0.0,5.393939393939394
3.675,17,pos,-0.0,5.393939393939394
3.675,17,sbps,-0.0,5.393939393939394
3.675,17,prculs-d,-0.0,5.393939393939394
3.675,17,prcus-p,0.0,5.393939393939394
3.675,17,prcus-i,-0.0,5.393939393939394
3.675,17,prcus-a,0.0,5.393939393939394
3.675,17,ifrms,-0.0,5.393939393939394
3.675,17,sspls-v,0.0,5.393939393939394
3.675,18,mcgs,0.0,5.636363636363636
3.675,18,pos,-0.0,5.636363636363636
3.675,18,sbps,-0.0,5.636363636363636
3.675,18,prculs-d,-0.0,5.636363636363636
3.675,18,prcus-p,0.0,5.636363636363636
3.675,18,prcus-i,-0.0,5.636363636363636
3.675,18,prcus-a,0.0,5.636363636363636
3.675,18,ifrms,-0.0,5.636363636363636
3.675,18,sspls-v,0.0,5.636363636363636
3.675,19,mcgs,0.0,5.424242424242426
3.675,19,pos,-0.0,5.424242424242426
3.675,19,sbps,-0.0,5.424242424242426
3.675,19,prculs-d,-0.0,5.424242424242426
3.675,19,prcus-p,0.0,5.424242424242426
3.675,19,prcus-i,-0.0,5.424242424242426
3.675,19,prcus-a,0.0,5.424242424242426
3.675,19,ifrms,-0.0,5.424242424242426
3.675,19,sspls-v,0.0,5.424242424242426
3.675,20,mcgs,-0.0,5.424242424242426
3.675,20,pos,-0.0,5.424242424242426
3.675,20,sbps,-0.0,5.424242424242426
3.675,20,prculs-d,0.0,5.424242424242426
3.675,20,prcus-p,0.0,5.424242424242426
3.675,20,prcus-i,-0.0,5.424242424242426
3.675,20,prcus-a,-0.0,5.424242424242426
3.675,20,ifrms,-0.0,5.424242424242426
3.675,20,sspls-v,0.0,5.424242424242426
3.675,21,mcgs,0.0,5.5151515151515165
3.675,21,pos,-0.0,5.5151515151515165
3.675,21,sbps,-0.0,5.5151515151515165
3.675,21,prculs-d,-0.0,5.5151515151515165
3.675,21,prcus-p,0.0,5.5151515151515165
3.675,21,prcus-i,-0.0,5.5151515151515165
3.675,21,prcus-a,0.0,5.5151515151515165
3.675,21,ifrms,-0.0,5.5151515151515165
3.675,21,sspls-v,0.0,5.5151515151515165
3.675,22,mcgs,0.0,5.606060606060606
3.675,22,pos,-0.0,5.606060606060606
3.675,22,sbps,-0.0,5.606060606060606
3.675,22,prculs-d,-0.0,5.606060606060606
3.675,22,prcus-p,0.0,5.606060606060606
3.675,22,prcus-i,-0.0,5.606060606060606
3.675,22,prcus-a,0.0,5.606060606060606
3.675,22,ifrms,-0.0,5.606060606060606
3.675,22,sspls-v,0.0,5.606060606060606
3.675,23,mcgs,0.0,5.5151515151515165
3.675,23,pos,-0.0,5.5151515151515165
3.675,23,sbps,-0.0,5.5151515151515165
3.675,23,prculs-d,-0.0,5.5151515151515165
3.675,23,prcus-p,0.0,5.5151515151515165
3.675,23,prcus-i,-0.0,5.5151515151515165
3.675,23,prcus-a,0.0,5.5151515151515165
3.675,23,ifrms,-0.0,5.5151515151515165
3.675,23,sspls-v,0.0,5.5151515151515165
3.675,24,mcgs,0.0,5.454545454545456
3.675,24,pos,-0.0,5.454545454545456
3.675,24,sbps,-0.0,5.454545454545456
3.675,24,prculs-d,-0.0,5.454545454545456
3.675,24,prcus-p,0.0,5.454545454545456
3.675,24,prcus-i,-0.0,5.454545454545456
3.675,24,prcus-a,-0.0,5.454545454545456
3.675,24,ifrms,-0.0,5.454545454545456
3.675,24,sspls-v,0.0,5.454545454545456
3.675,25,mcgs,0.0,5.611408199643494
3.675,25,pos,-0.0,5.611408199643494
3.675,25,sbps,-0.0,5.611408199643494
3.675,25,prculs-d,-0.0,5.611408199643494
3.675,25,prcus-p,0.0,5.611408199643494
3.675,25,prcus-i,-0.0,5.611408199643494
3.675,25,prcus-a,0.0,5.611408199643494
3.675,25,ifrms,-0.0,5.611408199643494
3.675,25,sspls-v,0.0,5.611408199643494
3.675,26,mcgs,0.0,5.545454545454546
3.675,26,pos,-0.0,5.545454545454546
3.675,26,sbps,-0.0,5.545454545454546
3.675,26,prculs-d,-0.0,5.545454545454546
3.675,26,prcus-p,0.0,5.545454545454546
3.675,26,prcus-i,-0.0,5.545454545454546
3.675,26,prcus-a,0.0,5.545454545454546
3.675,26,ifrms,-0.0,5.545454545454546
3.675,26,sspls-v,0.0,5.545454545454546
3.675,27,mcgs,0.0,5.575757575757576
3.675,27,pos,-0.0,5.575757575757576
3.675,27,sbps,-0.0,5.575757575757576
3.675,27,prculs-d,-0.0,5.575757575757576
3.675,27,prcus-p,0.0,5.575757575757576
3.675,27,prcus-i,-0.0,5.575757575757576
3.675,27,prcus-a,-0.0,5.575757575757576
3.675,27,ifrms,-0.0,5.575757575757576
3.675,27,sspls-v,0.0,5.575757575757576
3.675,28,mcgs,0.0,5.611408199643494
3.675,28,pos,-0.0,5.611408199643494
3.675,28,sbps,-0.0,5.611408199643494
3.675,28,prculs-d,-0.0,5.611408199643494
3.675,28,prcus-p,0.0,5.611408199643494
3.675,28,prcus-i,-0.0,5.611408199643494
3.675,28,prcus-a,0.0,5.611408199643494
3.675,28,ifrms,-0.0,5.611408199643494
3.675,28,sspls-v,0.0,5.611408199643494
3.675,29,mcgs,-0.0,5.333333333333333
3.675,29,pos,-0.0,5.333333333333333
3.675,29,sbps,-0.0,5.333333333333333
3.675,29,prculs-d,0.0,5.333333333333333
3.675,29,prcus-p,0.0,5.333333333333333
3.675,29,prcus-i,0.0,5.333333333333333
3.675,29,prcus-a,0.0,5.333333333333333
3.675,29,ifrms,-0.0,5.333333333333333
3.675,29,sspls-v,0.0,5.333333333333333
3.675,30,mcgs,0.0,5.575757575757576
3.675,30,pos,-0.0,5.575757575757576
3.675,30,sbps,-0.0,5.575757575757576
3.675,30,prculs-d,-0.0,5.575757575757576
3.675,30,prcus-p,0.0,5.575757575757576
3.675,30,prcus-i,-0.0,5.575757575757576
3.675,30,prcus-a,0.0,5.575757575757576
3.675,30,ifrms,-0.0,5.575757575757576
3.675,30,sspls-v,0.0,5.575757575757576
3.675,31,mcgs,0.0,5.393939393939394
3.675,31,pos,-0.0,5.393939393939394
3.675,31,sbps,-0.0,5.393939393939394
3.675,31,prculs-d,-0.0,5.393939393939394
3.675,31,prcus-p,0.0,5.393939393939394
3.675,31,prcus-i,-0.0,5.393939393939394
3.675,31,prcus-a,0.0,5.393939393939394
3.675,31,ifrms,-0.0,5.393939393939394
3.675,31,sspls-v,0.0,5.393939393939394
3.675,32,mcgs,0.0,5.424242424242426
3.675,32,pos,-0.0,5.424242424242426
3.675,32,sbps,-0.0,5.424242424242426
3.675,32,prculs-d,-0.0,5.424242424242426
3.675,32,prcus-p,0.0,5.424242424242426
3.675,32,prcus-i,-0.0,5.424242424242426
3.675,32,prcus-a,0.0,5.424242424242426
3.675,32,ifrms,-0.0,5.424242424242426
3.675,32,sspls-v,0.0,5.424242424242426
3.675,33,mcgs,0.0,5.575757575757576
3.675,33,pos,-0.0,5.575757575757576
3.675,33,sbps,-0.0,5.575757575757576
3.675,33,prculs-d,-0.0,5.575757575757576
3.675,33,prcus-p,0.0,5.575757575757576
3.675,33,prcus-i,-0.0,5.575757575757576
3.675,33,prcus-a,0.0,5.575757575757576
3.675,33,ifrms,-0.0,5.575757575757576
3.675,33,sspls-v,0.0,5.575757575757576
3.675,34,mcgs,0.0,5.515151515151516
3.675,34,pos,-0.0,5.515151515151516
3.675,34,sbps,-0.0,5.515151515151516
3.675,34,prculs-d,-0.0,5.515151515151516
3.675,34,prcus-p,0.0,5.515151515151516
3.675,34,prcus-i,-0.0,5.515151515151516
3.675,34,prcus-a,-0.0,5.515151515151516
3.675,34,ifrms,-0.0,5.515151515151516
3.675,34,sspls-v,0.0,5.515151515151516
3.928,0,mcgs,0.0,5.575757575757576
3.928,0,pos,-0.0,5.575757575757576
3.928,0,sbps,-0.0,5.575757575757576
3.928,0,prculs-d,-0.0,5.575757575757576
3.928,0,prcus-p,0.0,5.575757575757576
3.928,0,prcus-i,-0.0,5.575757575757576
3.928,0,prcus-a,-0.0,5.575757575757576
3.928,0,ifrms,-0.0,5.575757575757576
3.928,0,sspls-v,0.0,5.575757575757576
3.928,1,mcgs,0.0,5.484848484848485
3.928,1,pos,-0.0,5.484848484848485
3.928,1,sbps,-0.0,5.484848484848485
3.928,1,prculs-d,-0.0,5.484848484848485
3.928,1,prcus-p,0.0,5.484848484848485
3.928,1,prcus-i,-0.0,5.484848484848485
3.928,1,prcus-a,0.0,5.484848484848485
3.928,1,ifrms,-0.0,5.484848484848485
3.928,1,sspls-v,0.0,5.484848484848485
3.928,2,mcgs,0.0,5.424242424242422
3.928,2,pos,-0.0,5.424242424242422
3.928,2,sbps,-0.0,5.424242424242422
3.928,2,prculs-d,-0.0,5.424242424242422
3.928,2,prcus-p,0.0,5.424242424242422
3.928,2,prcus-i,-0.0,5.424242424242422
3.928,2,prcus-a,-0.0,5.424242424242422
3.928,2,ifrms,-0.0,5.424242424242422
3.928,2,sspls-v,0.0,5.424242424242422
3.928,3,mcgs,0.0,5.424242424242422
3.928,3,pos,-0.0,5.424242424242422
3.928,3,sbps,-0.0,5.424242424242422
3.928,3,prculs-d,-0.0,5.424242424242422
3.928,3,prcus-p,0.0,5.424242424242422
3.928,3,prcus-i,-0.0,5.424242424242422
3.928,3,prcus-a,0.0,5.424242424242422
3.928,3,ifrms,-0.0,5.424242424242422
3.928,3,sspls-v,0.0,5.424242424242422
3.928,4,mcgs,0.0,5.424242424242422
3.928,4,pos,-0.0,5.424242424242422
3.928,4,sbps,-0.0,5.424242424242422
3.928,4,prculs-d,-0.0,5.424242424242422
3.928,4,prcus-p,0.0,5.424242424242422
3.928,4,prcus-i,-0.0,5.424242424242422
3.928,4,prcus-a,-0.0,5.424242424242422
3.928,4,ifrms,-0.0,5.424242424242422
3.928,4,sspls-v,0.0,5.424242424242422
3.928,5,mcgs,0.0,5.393939393939394
3.928,5,pos,-0.0,5.393939393939394
3.928,5,sbps,-0.0,5.393939393939394
3.928,5,prculs-d,-0.0,5.393939393939394
3.928,5,prcus-p,0.0,5.393939393939394
3.928,5,prcus-i,-0.0,5.393939393939394
3.928,5,prcus-a,0.0,5.393939393939394
3.928,5,ifrms,-0.0,5.393939393939394
3.928,5,sspls-v,0.0,5.393939393939394
3.928,6,mcgs,0.0,5.579322638146167
3.928,6,pos,-0.0,5.579322638146167
3.928,6,sbps,-0.0,5.579322638146167
3.928,6,prculs-d,-0.0,5.579322638146167
3.928,6,prcus-p,0.0,5.579322638146167
3.928,6,prcus-i,-0.0,5.579322638146167
3.928,6,prcus-a,0.0,5.579322638146167
3.928,6,ifrms,-0.0,5.579322638146167
3.928,6,sspls-v,0.0,5.579322638146167
3.928,7,mcgs,0.0,5.2727272727272725
3.928,7,pos,-0.0,5.2727272727272725
3.928,7,sbps,-0.0,5.2727272727272725
3.928,7,prculs-d,-0.0,5.2727272727272725
3.928,7,prcus-p,0.0,5.2727272727272725
3.928,7,prcus-i,-0.0,5.2727272727272725
3.928,7,prcus-a,0.0,5.2727272727272725
3.928,7,ifrms,-0.0,5.2727272727272725
3.928,7,sspls-v,0.0,5.2727272727272725
3.928,8,mcgs,0.0,5.363636363636363
3.928,8,pos,-0.0,5.363636363636363
3.928,8,sbps,-0.0,5.363636363636363
3.928,8,prculs-d,-0.0,5.363636363636363
3.928,8,prcus-p,0.0,5.363636363636363
3.928,8,prcus-i,-0.0,5.363636363636363
3.928,8,prcus-a,0.0,5.363636363636363
3.928,8,ifrms,-0.0,5.363636363636363
3.928,8,sspls-v,0.0,5.363636363636363
3.928,9,mcgs,0.0,5.579322638146167
3.928,9,pos,-0.0,5.579322638146167
3.928,9,sbps,-0.0,5.579322638146167
3.928,9,prculs-d,-0.0,5.579322638146167
3.928,9,prcus-p,0.0,5.579322638146167
3.928,9,prcus-i,-0.0,5.579322638146167
3.928,9,prcus-a,0.0,5.579322638146167
3.928,9,ifrms,-0.0,5.579322638146167
3.928,9,sspls-v,0.0,5.579322638146167
3.928,10,mcgs,0.0,5.5151515151515165
3.928,10,pos,-0.0,5.5151515151515165
3.928,10,sbps,-0.0,5.5151515151515165
3.928,10,prculs-d,-0.0,5.5151515151515165
3.928,10,prcus-p,0.0,5.5151515151515165
3.928,10,prcus-i,-0.0,5.5151515151515165
3.928,10,prcus-a,0.0,5.5151515151515165
3.928,10,ifrms,-0.0,5.5151515151515165
3.928,10,sspls-v,0.0,5.5151515151515165
3.928,11,mcgs,0.0,5.611408199643494
3.928,11,pos,-0.0,5.611408199643494
3.928,11,sbps,-0.0,5.611408199643494
3.928,11,prculs-d,-0.0,5.611408199643494
3.928,11,prcus-p,0.0,5.611408199643494
3.928,11,prcus-i,-0.0,5.611408199643494
3.928,11,prcus-a,0.0,5.611408199643494
3.928,11,ifrms,-0.0,5.611408199643494
3.928,11,sspls-v,0.0,5.611408199643494
3.928,12,mcgs,0.0,5.2727272727272725
3.928,12,pos,-0.0,5.2727272727272725
3.928,12,sbps,-0.0,5.2727272727272725
3.928,12,prculs-d,-0.0,5.2727272727272725
3.928,12,prcus-p,0.0,5.2727272727272725
3.928,12,prcus-i,-0.0,5.2727272727272725
3.928,12,prcus-a,-0.0,5.2727272727272725
3.928,12,ifrms,-0.0,5.2727272727272725
3.928,12,sspls-v,0.0,5.2727272727272725
3.928,13,mcgs,0.0,5.363636363636363
3.928,13,pos,-0.0,5.363636363636363
3.928,13,sbps,-0.0,5.363636363636363
3.928,13,prculs-d,-0.0,5.363636363636363
3.928,13,prcus-p,0.0,5.363636363636363
3.928,13,prcus-i,-0.0,5.363636363636363
3.928,13,prcus-a,0.0,5.363636363636363
3.928,13,ifrms,-0.0,5.363636363636363
3.928,13,sspls-v,0.0,5.363636363636363
3.928,14,mcgs,0.0,5.363636363636363
3.928,14,pos,-0.0,5.363636363636363
3.928,14,sbps,-0.0,5.363636363636363
3.928,14,prculs-d,-0.0,5.363636363636363
3.928,14,prcus-p,0.0,5.363636363636363
3.928,14,prcus-i,-0.0,5.363636363636363
3.928,14,prcus-a,0.0,5.363636363636363
3.928,14,ifrms,-0.0,5.363636363636363
3.928,14,sspls-v,0.0,5.363636363636363
3.928,15,mcgs,0.0,5.303030303030303
3.928,15,pos,-0.0,5.303030303030303
3.928,15,sbps,-0.0,5.303030303030303
3.928,15,prculs-d,0.0,5.303030303030303
3.928,15,prcus-p,0.0,5.303030303030303
3.928,15,prcus-i,-0.0,5.303030303030303
3.928,15,prcus-a,0.0,5.303030303030303
3.928,15,ifrms,-0.0,5.303030303030303
3.928,15,sspls-v,0.0,5.303030303030303
3.928,16,mcgs,0.0,5.575757575757576
3.928,16,pos,-0.0,5.575757575757576
3.928,16,sbps,-0.0,5.575757575757576
3.928,16,prculs-d,-0.0,5.575757575757576
3.928,16,prcus-p,0.0,5.575757575757576
3.928,16,prcus-i,-0.0,5.575757575757576
3.928,16,prcus-a,0.0,5.575757575757576
3.928,16,ifrms,-0.0,5.575757575757576
3.928,16,sspls-v,0.0,5.575757575757576
3.928,17,mcgs,0.0,5.393939393939394
3.928,17,pos,-0.0,5.393939393939394
3.928,17,sbps,-0.0,5.393939393939394
3.928,17,prculs-d,-0.0,5.393939393939394
3.928,17,prcus-p,0.0,5.393939393939394
3.928,17,prcus-i,-0.0,5.393939393939394
3.928,17,prcus-a,0.0,5.393939393939394
3.928,17,ifrms,-0.0,5.393939393939394
3.928,17,sspls-v,0.0,5.393939393939394
3.928,18,mcgs,0.0,5.636363636363636
3.928,18,pos,-0.0,5.636363636363636
3.928,18,sbps,-0.0,5.636363636363636
3.928,18,prculs-d,-0.0,5.636363636363636
3.928,18,prcus-p,0.0,5.636363636363636
3.928,18,prcus-i,-0.0,5.636363636363636
3.928,18,prcus-a,0.0,5.636363636363636
3.928,18,ifrms,-0.0,5.636363636363636
3.928,18,sspls-v,0.0,5.636363636363636
3.928,19,mcgs,0.0,5.424242424242426
3.928,19,pos,-0.0,5.424242424242426
3.928,19,sbps,-0.0,5.424242424242426
3.928,19,prculs-d,-0.0,5.424242424242426
3.928,19,prcus-p,0.0,5.424242424242426
3.928,19,prcus-i,-0.0,5.424242424242426
3.928,19,prcus-a,0.0,5.424242424242426
3.928,19,ifrms,-0.0,5.424242424242426
3.928,19,sspls-v,0.0,5.424242424242426
3.928,20,mcgs,-0.0,5.424242424242426
3.928,20,pos,-0.0,5.424242424242426
3.928,20,sbps,-0.0,5.424242424242426
3.928,20,prculs-d,0.0,5.424242424242426
3.928,20,prcus-p,0.0,5.424242424242426
3.928,20,prcus-i,-0.0,5.424242424242426
3.928,20,prcus-a,-0.0,5.424242424242426
3.928,20,ifrms,-0.0,5.424242424242426
3.928,20,sspls-v,0.0,5.424242424242426
3.928,21,mcgs,0.0,5.5151515151515165
3.928,21,pos,-0.0,5.5151515151515165
3.928,21,sbps,-0.0,5.5151515151515165
3.928,21,prculs-d,-0.0,5.5151515151515165
3.928,21,prcus-p,0.0,5.5151515151515165
3.928,21,prcus-i,-0.0,5.5151515151515165
3.928,21,prcus-a,0.0,5.5151515151515165
3.928,21,ifrms,-0.0,5.5151515151515165
3.928,21,sspls-v,0.0,5.5151515151515165
3.928,22,mcgs,0.0,5.606060606060606
3.928,22,pos,-0.0,5.606060606060606
3.928,22,sbps,-0.0,5.606060606060606
3.928,22,prculs-d,-0.0,5.606060606060606
3.928,22,prcus-p,0.0,5.606060606060606
3.928,22,prcus-i,-0.0,5.606060606060606
3.928,22,prcus-a,0.0,5.606060606060606
3.928,22,ifrms,-0.0,5.606060606060606
3.928,22,sspls-v,0.0,5.606060606060606
3.928,23,mcgs,0.0,5.5151515151515165
3.928,23,pos,-0.0,5.5151515151515165
3.928,23,sbps,-0.0,5.5151515151515165
3.928,23,prculs-d,-0.0,5.5151515151515165
3.928,23,prcus-p,0.0,5.5151515151515165
3.928,23,prcus-i,-0.0,5.5151515151515165
3.928,23,prcus-a,0.0,5.5151515151515165
3.928,23,ifrms,-0.0,5.5151515151515165
3.928,23,sspls-v,0.0,5.5151515151515165
3.928,24,mcgs,0.0,5.454545454545456
3.928,24,pos,-0.0,5.454545454545456
3.928,24,sbps,-0.0,5.454545454545456
3.928,24,prculs-d,-0.0,5.454545454545456
3.928,24,prcus-p,0.0,5.454545454545456
3.928,24,prcus-i,-0.0,5.454545454545456
3.928,24,prcus-a,-0.0,5.454545454545456
3.928,24,ifrms,-0.0,5.454545454545456
3.928,24,sspls-v,0.0,5.454545454545456
3.928,25,mcgs,0.0,5.611408199643494
3.928,25,pos,-0.0,5.611408199643494
3.928,25,sbps,-0.0,5.611408199643494
3.928,25,prculs-d,-0.0,5.611408199643494
3.928,25,prcus-p,0.0,5.611408199643494
3.928,25,prcus-i,-0.0,5.611408199643494
3.928,25,prcus-a,0.0,5.611408199643494
3.928,25,ifrms,-0.0,5.611408199643494
3.928,25,sspls-v,0.0,5.611408199643494
3.928,26,mcgs,0.0,5.545454545454546
3.928,26,pos,-0.0,5.545454545454546
3.928,26,sbps,-0.0,5.545454545454546
3.928,26,prculs-d,-0.0,5.545454545454546
3.928,26,prcus-p,0.0,5.545454545454546
3.928,26,prcus-i,-0.0,5.545454545454546
3.928,26,prcus-a,0.0,5.545454545454546
3.928,26,ifrms,-0.0,5.545454545454546
3.928,26,sspls-v,0.0,5.545454545454546
3.928,27,mcgs,0.0,5.575757575757576
3.928,27,pos,-0.0,5.575757575757576
3.928,27,sbps,-0.0,5.575757575757576
3.928,27,prculs-d,-0.0,5.575757575757576
3.928,27,prcus-p,0.0,5.575757575757576
3.928,27,prcus-i,-0.0,5.575757575757576
3.928,27,prcus-a,-0.0,5.575757575757576
3.928,27,ifrms,-0.0,5.575757575757576
3.928,27,sspls-v,0.0,5.575757575757576
3.928,28,mcgs,0.0,5.611408199643494
3.928,28,pos,-0.0,5.611408199643494
3.928,28,sbps,-0.0,5.611408199643494
3.928,28,prculs-d,-0.0,5.611408199643494
3.928,28,prcus-p,0.0,5.611408199643494
3.928,28,prcus-i,-0.0,5.611408199643494
3.928,28,prcus-a,0.0,5.611408199643494
3.928,28,ifrms,-0.0,5.611408199643494
3.928,28,sspls-v,0.0,5.611408199643494
3.928,29,mcgs,-0.0,5.333333333333333
3.928,29,pos,-0.0,5.333333333333333
3.928,29,sbps,-0.0,5.333333333333333
3.928,29,prculs-d,0.0,5.333333333333333
3.928,29,prcus-p,0.0,5.333333333333333
3.928,29,prcus-i,0.0,5.333333333333333
3.928,29,prcus-a,0.0,5.333333333333333
3.928,29,ifrms,-0.0,5.333333333333333
3.928,29,sspls-v,0.0,5.333333333333333
3.928,30,mcgs,0.0,5.575757575757576
3.928,30,pos,-0.0,5.575757575757576
3.928,30,sbps,-0.0,5.575757575757576
3.928,30,prculs-d,-0.0,5.575757575757576
3.928,30,prcus-p,0.0,5.575757575757576
3.928,30,prcus-i,-0.0,5.575757575757576
3.928,30,prcus-a,0.0,5.575757575757576
3.928,30,ifrms,-0.0,5.575757575757576
3.928,30,sspls-v,0.0,5.575757575757576
3.928,31,mcgs,0.0,5.393939393939394
3.928,31,pos,-0.0,5.393939393939394
3.928,31,sbps,-0.0,5.393939393939394
3.928,31,prculs-d,-0.0,5.393939393939394
3.928,31,prcus-p,0.0,5.393939393939394
3.928,31,prcus-i,-0.0,5.393939393939394
3.928,31,prcus-a,0.0,5.393939393939394
3.928,31,ifrms,-0.0,5.393939393939394
3.928,31,sspls-v,0.0,5.393939393939394
3.928,32,mcgs,0.0,5.424242424242426
3.928,32,pos,-0.0,5.424242424242426
3.928,32,sbps,-0.0,5.424242424242426
3.928,32,prculs-d,-0.0,5.424242424242426
3.928,32,prcus-p,0.0,5.424242424242426
3.928,32,prcus-i,-0.0,5.424242424242426
3.928,32,prcus-a,0.0,5.424242424242426
3.928,32,ifrms,-0.0,5.424242424242426
3.928,32,sspls-v,0.0,5.424242424242426
3.928,33,mcgs,0.0,5.575757575757576
3.928,33,pos,-0.0,5.575757575757576
3.928,33,sbps,-0.0,5.575757575757576
3.928,33,prculs-d,-0.0,5.575757575757576
3.928,33,prcus-p,0.0,5.575757575757576
3.928,33,prcus-i,-0.0,5.575757575757576
3.928,33,prcus-a,0.0,5.575757575757576
3.928,33,ifrms,-0.0,5.575757575757576
3.928,33,sspls-v,0.0,5.575757575757576
3.928,34,mcgs,0.0,5.515151515151516
3.928,34,pos,-0.0,5.515151515151516
3.928,34,sbps,-0.0,5.515151515151516
3.928,34,prculs-d,-0.0,5.515151515151516
3.928,34,prcus-p,0.0,5.515151515151516
3.928,34,prcus-i,-0.0,5.515151515151516
3.928,34,prcus-a,-0.0,5.515151515151516
3.928,34,ifrms,-0.0,5.515151515151516
3.928,34,sspls-v,0.0,5.515151515151516
4.199,0,mcgs,0.0,5.575757575757576
4.199,0,pos,-0.0,5.575757575757576
4.199,0,sbps,-0.0,5.575757575757576
4.199,0,prculs-d,-0.0,5.575757575757576
4.199,0,prcus-p,0.0,5.575757575757576
4.199,0,prcus-i,-0.0,5.575757575757576
4.199,0,prcus-a,-0.0,5.575757575757576
4.199,0,ifrms,-0.0,5.575757575757576
4.199,0,sspls-v,0.0,5.575757575757576
4.199,1,mcgs,0.0,5.484848484848485
4.199,1,pos,-0.0,5.484848484848485
4.199,1,sbps,-0.0,5.484848484848485
4.199,1,prculs-d,-0.0,5.484848484848485
4.199,1,prcus-p,0.0,5.484848484848485
4.199,1,prcus-i,-0.0,5.484848484848485
4.199,1,prcus-a,0.0,5.484848484848485
4.199,1,ifrms,-0.0,5.484848484848485
4.199,1,sspls-v,0.0,5.484848484848485
4.199,2,mcgs,0.0,5.424242424242422
4.199,2,pos,-0.0,5.424242424242422
4.199,2,sbps,-0.0,5.424242424242422
4.199,2,prculs-d,-0.0,5.424242424242422
4.199,2,prcus-p,0.0,5.424242424242422
4.199,2,prcus-i,-0.0,5.424242424242422
4.199,2,prcus-a,-0.0,5.424242424242422
4.199,2,ifrms,-0.0,5.424242424242422
4.199,2,sspls-v,0.0,5.424242424242422
4.199,3,mcgs,0.0,5.424242424242422
4.199,3,pos,-0.0,5.424242424242422
4.199,3,sbps,-0.0,5.424242424242422
4.199,3,prculs-d,-0.0,5.424242424242422
4.199,3,prcus-p,0.0,5.424242424242422
4.199,3,prcus-i,-0.0,5.424242424242422
4.199,3,prcus-a,0.0,5.424242424242422
4.199,3,ifrms,-0.0,5.424242424242422
4.199,3,sspls-v,0.0,5.424242424242422
4.199,4,mcgs,0.0,5.424242424242422
4.199,4,pos,-0.0,5.424242424242422
4.199,4,sbps,-0.0,5.424242424242422
4.199,4,prculs-d,-0.0,5.424242424242422
4.199,4,prcus-p,0.0,5.424242424242422
4.199,4,prcus-i,-0.0,5.424242424242422
4.199,4,prcus-a,-0.0,5.424242424242422
4.199,4,ifrms,-0.0,5.424242424242422
4.199,4,sspls-v,0.0,5.424242424242422
4.199,5,mcgs,0.0,5.393939393939394
4.199,5,pos,-0.0,5.393939393939394
4.199,5,sbps,-0.0,5.393939393939394
4.199,5,prculs-d,-0.0,5.393939393939394
4.199,5,prcus-p,0.0,5.393939393939394
4.199,5,prcus-i,-0.0,5.393939393939394
4.199,5,prcus-a,0.0,5.393939393939394
4.199,5,ifrms,-0.0,5.393939393939394
4.199,5,sspls-v,0.0,5.393939393939394
4.199,6,mcgs,0.0,5.579322638146167
4.199,6,pos,-0.0,5.579322638146167
4.199,6,sbps,-0.0,5.579322638146167
4.199,6,prculs-d,-0.0,5.579322638146167
4.199,6,prcus-p,0.0,5.579322638146167
4.199,6,prcus-i,-0.0,5.579322638146167
4.199,6,prcus-a,0.0,5.579322638146167
4.199,6,ifrms,-0.0,5.579322638146167
4.199,6,sspls-v,0.0,5.579322638146167
4.199,7,mcgs,0.0,5.2727272727272725
4.199,7,pos,-0.0,5.2727272727272725
4.199,7,sbps,-0.0,5.2727272727272725
4.199,7,prculs-d,-0.0,5.2727272727272725
4.199,7,prcus-p,0.0,5.2727272727272725
4.199,7,prcus-i,-0.0,5.2727272727272725
4.199,7,prcus-a,0.0,5.2727272727272725
4.199,7,ifrms,-0.0,5.2727272727272725
4.199,7,sspls-v,0.0,5.2727272727272725
4.199,8,mcgs,0.0,5.363636363636363
4.199,8,pos,-0.0,5.363636363636363
4.199,8,sbps,-0.0,5.363636363636363
4.199,8,prculs-d,-0.0,5.363636363636363
4.199,8,prcus-p,0.0,5.363636363636363
4.199,8,prcus-i,-0.0,5.363636363636363
4.199,8,prcus-a,0.0,5.363636363636363
4.199,8,ifrms,-0.0,5.363636363636363
4.199,8,sspls-v,0.0,5.363636363636363
4.199,9,mcgs,0.0,5.579322638146167
4.199,9,pos,-0.0,5.579322638146167
4.199,9,sbps,-0.0,5.579322638146167
4.199,9,prculs-d,-0.0,5.579322638146167
4.199,9,prcus-p,0.0,5.579322638146167
4.199,9,prcus-i,-0.0,5.579322638146167
4.199,9,prcus-a,0.0,5.579322638146167
4.199,9,ifrms,-0.0,5.579322638146167
4.199,9,sspls-v,0.0,5.579322638146167
4.199,10,mcgs,0.0,5.5151515151515165
4.199,10,pos,-0.0,5.5151515151515165
4.199,10,sbps,-0.0,5.5151515151515165
4.199,10,prculs-d,-0.0,5.5151515151515165
4.199,10,prcus-p,0.0,5.5151515151515165
4.199,10,prcus-i,-0.0,5.5151515151515165
4.199,10,prcus-a,0.0,5.5151515151515165
4.199,10,ifrms,-0.0,5.5151515151515165
4.199,10,sspls-v,0.0,5.5151515151515165
4.199,11,mcgs,0.0,5.611408199643494
4.199,11,pos,-0.0,5.611408199643494
4.199,11,sbps,-0.0,5.611408199643494
4.199,11,prculs-d,-0.0,5.611408199643494
4.199,11,prcus-p,0.0,5.611408199643494
4.199,11,prcus-i,-0.0,5.611408199643494
4.199,11,prcus-a,0.0,5.611408199643494
4.199,11,ifrms,-0.0,5.611408199643494
4.199,11,sspls-v,0.0,5.611408199643494
4.199,12,mcgs,0.0,5.2727272727272725
4.199,12,pos,-0.0,5.2727272727272725
4.199,12,sbps,-0.0,5.2727272727272725
4.199,12,prculs-d,-0.0,5.2727272727272725
4.199,12,prcus-p,0.0,5.2727272727272725
4.199,12,prcus-i,-0.0,5.2727272727272725
4.199,12,prcus-a,-0.0,5.2727272727272725
4.199,12,ifrms,-0.0,5.2727272727272725
4.199,12,sspls-v,0.0,5.2727272727272725
4.199,13,mcgs,0.0,5.363636363636363
4.199,13,pos,-0.0,5.363636363636363
4.199,13,sbps,-0.0,5.363636363636363
4.199,13,prculs-d,-0.0,5.363636363636363
4.199,13,prcus-p,0.0,5.363636363636363
4.199,13,prcus-i,-0.0,5.363636363636363
4.199,13,prcus-a,0.0,5.363636363636363
4.199,13,ifrms,-0.0,5.363636363636363
4.199,13,sspls-v,0.0,5.363636363636363
4.199,14,mcgs,0.0,5.363636363636363
4.199,14,pos,-0.0,5.363636363636363
4.199,14,sbps,-0.0,5.363636363636363
4.199,14,prculs-d,-0.0,5.363636363636363
4.199,14,prcus-p,0.0,5.363636363636363
4.199,14,prcus-i,-0.0,5.363636363636363
4.199,14,prcus-a,0.0,5.363636363636363
4.199,14,ifrms,-0.0,5.363636363636363
4.199,14,sspls-v,0.0,5.363636363636363
4.199,15,mcgs,0.0,5.303030303030303
4.199,15,pos,-0.0,5.303030303030303
4.199,15,sbps,-0.0,5.303030303030303
4.199,15,prculs-d,0.0,5.303030303030303
4.199,15,prcus-p,0.0,5.303030303030303
4.199,15,prcus-i,-0.0,5.303030303030303
4.199,15,prcus-a,0.0,5.303030303030303
4.199,15,ifrms,-0.0,5.303030303030303
4.199,15,sspls-v,0.0,5.303030303030303
4.199,16,mcgs,0.0,5.575757575757576
4.199,16,pos,-0.0,5.575757575757576
4.199,16,sbps,-0.0,5.575757575757576
4.199,16,prculs-d,-0.0,5.575757575757576
4.199,16,prcus-p,0.0,5.575757575757576
4.199,16,prcus-i,-0.0,5.575757575757576
4.199,16,prcus-a,0.0,5.575757575757576
4.199,16,ifrms,-0.0,5.575757575757576
4.199,16,sspls-v,0.0,5.575757575757576
4.199,17,mcgs,0.0,5.393939393939394
4.199,17,pos,-0.0,5.393939393939394
4.199,17,sbps,-0.0,5.393939393939394
4.199,17,prculs-d,-0.0,5.393939393939394
4.199,17,prcus-p,0.0,5.393939393939394
4.199,17,prcus-i,-0.0,5.393939393939394
4.199,17,prcus-a,0.0,5.393939393939394
4.199,17,ifrms,-0.0,5.393939393939394
4.199,17,sspls-v,0.0,5.393939393939394
4.199,18,mcgs,0.0,5.636363636363636
4.199,18,pos,-0.0,5.636363636363636
4.199,18,sbps,-0.0,5.636363636363636
4.199,18,prculs-d,-0.0,5.636363636363636
4.199,18,prcus-p,0.0,5.636363636363636
4.199,18,prcus-i,-0.0,5.636363636363636
4.199,18,prcus-a,0.0,5.636363636363636
4.199,18,ifrms,-0.0,5.636363636363636
4.199,18,sspls-v,0.0,5.636363636363636
4.199,19,mcgs,0.0,5.424242424242426
4.199,19,pos,-0.0,5.424242424242426
4.199,19,sbps,-0.0,5.424242424242426
4.199,19,prculs-d,-0.0,5.424242424242426
4.199,19,prcus-p,0.0,5.424242424242426
4.199,19,prcus-i,-0.0,5.424242424242426
4.199,19,prcus-a,0.0,5.424242424242426
4.199,19,ifrms,-0.0,5.424242424242426
4.199,19,sspls-v,0.0,5.424242424242426
4.199,20,mcgs,-0.0,5.424242424242426
4.199,20,pos,-0.0,5.424242424242426
4.199,20,sbps,-0.0,5.424242424242426
4.199,20,prculs-d,0.0,5.424242424242426
4.199,20,prcus-p,0.0,5.424242424242426
4.199,20,prcus-i,-0.0,5.424242424242426
4.199,20,prcus-a,-0.0,5.424242424242426
4.199,20,ifrms,-0.0,5.424242424242426
4.199,20,sspls-v,0.0,5.424242424242426
4.199,21,mcgs,0.0,5.5151515151515165
4.199,21,pos,-0.0,5.5151515151515165
4.199,21,sbps,-0.0,5.5151515151515165
4.199,21,prculs-d,-0.0,5.5151515151515165
4.199,21,prcus-p,0.0,5.5151515151515165
4.199,21,prcus-i,-0.0,5.5151515151515165
4.199,21,prcus-a,0.0,5.5151515151515165
4.199,21,ifrms,-0.0,5.5151515151515165
4.199,21,sspls-v,0.0,5.5151515151515165
4.199,22,mcgs,0.0,5.606060606060606
4.199,22,pos,-0.0,5.606060606060606
4.199,22,sbps,-0.0,5.606060606060606
4.199,22,prculs-d,-0.0,5.606060606060606
4.199,22,prcus-p,0.0,5.606060606060606
4.199,22,prcus-i,-0.0,5.606060606060606
4.199,22,prcus-a,0.0,5.606060606060606
4.199,22,ifrms,-0.0,5.606060606060606
4.199,22,sspls-v,0.0,5.606060606060606
4.199,23,mcgs,0.0,5.5151515151515165
4.199,23,pos,-0.0,5.5151515151515165
4.199,23,sbps,-0.0,5.5151515151515165
4.199,23,prculs-d,-0.0,5.5151515151515165
4.199,23,prcus-p,0.0,5.5151515151515165
4.199,23,prcus-i,-0.0,5.5151515151515165
4.199,23,prcus-a,0.0,5.5151515151515165
4.199,23,ifrms,-0.0,5.5151515151515165
4.199,23,sspls-v,0.0,5.5151515151515165
4.199,24,mcgs,0.0,5.454545454545456
4.199,24,pos,-0.0,5.454545454545456
4.199,24,sbps,-0.0,5.454545454545456
4.199,24,prculs-d,-0.0,5.454545454545456
4.199,24,prcus-p,0.0,5.454545454545456
4.199,24,prcus-i,-0.0,5.454545454545456
4.199,24,prcus-a,-0.0,5.454545454545456
4.199,24,ifrms,-0.0,5.454545454545456
4.199,24,sspls-v,0.0,5.454545454545456
4.199,25,mcgs,0.0,5.611408199643494
4.199,25,pos,-0.0,5.611408199643494
4.199,25,sbps,-0.0,5.611408199643494
4.199,25,prculs-d,-0.0,5.611408199643494
4.199,25,prcus-p,0.0,5.611408199643494
4.199,25,prcus-i,-0.0,5.611408199643494
4.199,25,prcus-a,0.0,5.611408199643494
4.199,25,ifrms,-0.0,5.611408199643494
4.199,25,sspls-v,0.0,5.611408199643494
4.199,26,mcgs,0.0,5.545454545454546
4.199,26,pos,-0.0,5.545454545454546
4.199,26,sbps,-0.0,5.545454545454546
4.199,26,prculs-d,-0.0,5.545454545454546
4.199,26,prcus-p,0.0,5.545454545454546
4.199,26,prcus-i,-0.0,5.545454545454546
4.199,26,prcus-a,0.0,5.545454545454546
4.199,26,ifrms,-0.0,5.545454545454546
4.199,26,sspls-v,0.0,5.545454545454546
4.199,27,mcgs,0.0,5.575757575757576
4.199,27,pos,-0.0,5.575757575757576
4.199,27,sbps,-0.0,5.575757575757576
4.199,27,prculs-d,-0.0,5.575757575757576
4.199,27,prcus-p,0.0,5.575757575757576
4.199,27,prcus-i,-0.0,5.575757575757576
4.199,27,prcus-a,-0.0,5.575757575757576
4.199,27,ifrms,-0.0,5.575757575757576
4.199,27,sspls-v,0.0,5.575757575757576
4.199,28,mcgs,0.0,5.611408199643494
4.199,28,pos,-0.0,5.611408199643494
4.199,28,sbps,-0.0,5.611408199643494
4.199,28,prculs-d,-0.0,5.611408199643494
4.199,28,prcus-p,0.0,5.611408199643494
4.199,28,prcus-i,-0.0,5.611408199643494
4.199,28,prcus-a,0.0,5.611408199643494
4.199,28,ifrms,-0.0,5.611408199643494
4.199,28,sspls-v,0.0,5.611408199643494
4.199,29,mcgs,-0.0,5.333333333333333
4.199,29,pos,-0.0,5.333333333333333
4.199,29,sbps,-0.0,5.333333333333333
4.199,29,prculs-d,0.0,5.333333333333333
4.199,29,prcus-p,0.0,5.333333333333333
4.199,29,prcus-i,0.0,5.333333333333333
4.199,29,prcus-a,0.0,5.333333333333333
4.199,29,ifrms,-0.0,5.333333333333333
4.199,29,sspls-v,0.0,5.333333333333333
4.199,30,mcgs,0.0,5.575757575757576
4.199,30,pos,-0.0,5.575757575757576
4.199,30,sbps,-0.0,5.575757575757576
4.199,30,prculs-d,-0.0,5.575757575757576
4.199,30,prcus-p,0.0,5.575757575757576
4.199,30,prcus-i,-0.0,5.575757575757576
4.199,30,prcus-a,0.0,5.575757575757576
4.199,30,ifrms,-0.0,5.575757575757576
4.199,30,sspls-v,0.0,5.575757575757576
4.199,31,mcgs,0.0,5.393939393939394
4.199,31,pos,-0.0,5.393939393939394
4.199,31,sbps,-0.0,5.393939393939394
4.199,31,prculs-d,-0.0,5.393939393939394
4.199,31,prcus-p,0.0,5.393939393939394
4.199,31,prcus-i,-0.0,5.393939393939394
4.199,31,prcus-a,0.0,5.393939393939394
4.199,31,ifrms,-0.0,5.393939393939394
4.199,31,sspls-v,0.0,5.393939393939394
4.199,32,mcgs,0.0,5.424242424242426
4.199,32,pos,-0.0,5.424242424242426
4.199,32,sbps,-0.0,5.424242424242426
4.199,32,prculs-d,-0.0,5.424242424242426
4.199,32,prcus-p,0.0,5.424242424242426
4.199,32,prcus-i,-0.0,5.424242424242426
4.199,32,prcus-a,0.0,5.424242424242426
4.199,32,ifrms,-0.0,5.424242424242426
4.199,32,sspls-v,0.0,5.424242424242426
4.199,33,mcgs,0.0,5.575757575757576
4.199,33,pos,-0.0,5.575757575757576
4.199,33,sbps,-0.0,5.575757575757576
4.199,33,prculs-d,-0.0,5.575757575757576
4.199,33,prcus-p,0.0,5.575757575757576
4.199,33,prcus-i,-0.0,5.575757575757576
4.199,33,prcus-a,0.0,5.575757575757576
4.199,33,ifrms,-0.0,5.575757575757576
4.199,33,sspls-v,0.0,5.575757575757576
4.199,34,mcgs,0.0,5.515151515151516
4.199,34,pos,-0.0,5.515151515151516
4.199,34,sbps,-0.0,5.515151515151516
4.199,34,prculs-d,-0.0,5.515151515151516
4.199,34,prcus-p,0.0,5.515151515151516
4.199,34,prcus-i,-0.0,5.515151515151516
4.199,34,prcus-a,-0.0,5.515151515151516
4.199,34,ifrms,-0.0,5.515151515151516
4.199,34,sspls-v,0.0,5.515151515151516
4.489,0,mcgs,0.0,5.575757575757576
4.489,0,pos,-0.0,5.575757575757576
4.489,0,sbps,-0.0,5.575757575757576
4.489,0,prculs-d,-0.0,5.575757575757576
4.489,0,prcus-p,0.0,5.575757575757576
4.489,0,prcus-i,-0.0,5.575757575757576
4.489,0,prcus-a,-0.0,5.575757575757576
4.489,0,ifrms,-0.0,5.575757575757576
4.489,0,sspls-v,0.0,5.575757575757576
4.489,1,mcgs,0.0,5.484848484848485
4.489,1,pos,-0.0,5.484848484848485
4.489,1,sbps,-0.0,5.484848484848485
4.489,1,prculs-d,-0.0,5.484848484848485
4.489,1,prcus-p,0.0,5.484848484848485
4.489,1,prcus-i,-0.0,5.484848484848485
4.489,1,prcus-a,0.0,5.484848484848485
4.489,1,ifrms,-0.0,5.484848484848485
4.489,1,sspls-v,0.0,5.484848484848485
4.489,2,mcgs,0.0,5.424242424242422
4.489,2,pos,-0.0,5.424242424242422
4.489,2,sbps,-0.0,5.424242424242422
4.489,2,prculs-d,-0.0,5.424242424242422
4.489,2,prcus-p,0.0,5.424242424242422
4.489,2,prcus-i,-0.0,5.424242424242422
4.489,2,prcus-a,-0.0,5.424242424242422
4.489,2,ifrms,-0.0,5.424242424242422
4.489,2,sspls-v,0.0,5.424242424242422
4.489,3,mcgs,0.0,5.424242424242422
4.489,3,pos,-0.0,5.424242424242422
4.489,3,sbps,-0.0,5.424242424242422
4.489,3,prculs-d,-0.0,5.424242424242422
4.489,3,prcus-p,0.0,5.424242424242422
4.489,3,prcus-i,-0.0,5.424242424242422
4.489,3,prcus-a,0.0,5.424242424242422
4.489,3,ifrms,-0.0,5.424242424242422
4.489,3,sspls-v,0.0,5.424242424242422
4.489,4,mcgs,0.0,5.424242424242422
4.489,4,pos,-0.0,5.424242424242422
4.489,4,sbps,-0.0,5.424242424242422
4.489,4,prculs-d,-0.0,5.424242424242422
4.489,4,prcus-p,0.0,5.424242424242422
4.489,4,prcus-i,-0.0,5.424242424242422
4.489,4,prcus-a,-0.0,5.424242424242422
4.489,4,ifrms,-0.0,5.424242424242422
4.489,4,sspls-v,0.0,5.424242424242422
4.489,5,mcgs,0.0,5.393939393939394
4.489,5,pos,-0.0,5.393939393939394
4.489,5,sbps,-0.0,5.393939393939394
4.489,5,prculs-d,-0.0,5.393939393939394
4.489,5,prcus-p,0.0,5.393939393939394
4.489,5,prcus-i,-0.0,5.393939393939394
4.489,5,prcus-a,0.0,5.393939393939394
4.489,5,ifrms,-0.0,5.393939393939394
4.489,5,sspls-v,0.0,5.393939393939394
4.489,6,mcgs,0.0,5.579322638146167
4.489,6,pos,-0.0,5.579322638146167
4.489,6,sbps,-0.0,5.579322638146167
4.489,6,prculs-d,-0.0,5.579322638146167
4.489,6,prcus-p,0.0,5.579322638146167
4.489,6,prcus-i,-0.0,5.579322638146167
4.489,6,prcus-a,0.0,5.579322638146167
4.489,6,ifrms,-0.0,5.579322638146167
4.489,6,sspls-v,0.0,5.579322638146167
4.489,7,mcgs,0.0,5.2727272727272725
4.489,7,pos,-0.0,5.2727272727272725
4.489,7,sbps,-0.0,5.2727272727272725
4.489,7,prculs-d,-0.0,5.2727272727272725
4.489,7,prcus-p,0.0,5.2727272727272725
4.489,7,prcus-i,-0.0,5.2727272727272725
4.489,7,prcus-a,0.0,5.2727272727272725
4.489,7,ifrms,-0.0,5.2727272727272725
4.489,7,sspls-v,0.0,5.2727272727272725
4.489,8,mcgs,0.0,5.363636363636363
4.489,8,pos,-0.0,5.363636363636363
4.489,8,sbps,-0.0,5.363636363636363
4.489,8,prculs-d,-0.0,5.363636363636363
4.489,8,prcus-p,0.0,5.363636363636363
4.489,8,prcus-i,-0.0,5.363636363636363
4.489,8,prcus-a,0.0,5.363636363636363
4.489,8,ifrms,-0.0,5.363636363636363
4.489,8,sspls-v,0.0,5.363636363636363
4.489,9,mcgs,0.0,5.579322638146167
4.489,9,pos,-0.0,5.579322638146167
4.489,9,sbps,-0.0,5.579322638146167
4.489,9,prculs-d,-0.0,5.579322638146167
4.489,9,prcus-p,0.0,5.579322638146167
4.489,9,prcus-i,-0.0,5.579322638146167
4.489,9,prcus-a,0.0,5.579322638146167
4.489,9,ifrms,-0.0,5.579322638146167
4.489,9,sspls-v,0.0,5.579322638146167
4.489,10,mcgs,0.0,5.5151515151515165
4.489,10,pos,-0.0,5.5151515151515165
4.489,10,sbps,-0.0,5.5151515151515165
4.489,10,prculs-d,-0.0,5.5151515151515165
4.489,10,prcus-p,0.0,5.5151515151515165
4.489,10,prcus-i,-0.0,5.5151515151515165
4.489,10,prcus-a,0.0,5.5151515151515165
4.489,10,ifrms,-0.0,5.5151515151515165
4.489,10,sspls-v,0.0,5.5151515151515165
4.489,11,mcgs,0.0,5.611408199643494
4.489,11,pos,-0.0,5.611408199643494
4.489,11,sbps,-0.0,5.611408199643494
4.489,11,prculs-d,-0.0,5.611408199643494
4.489,11,prcus-p,0.0,5.611408199643494
4.489,11,prcus-i,-0.0,5.611408199643494
4.489,11,prcus-a,0.0,5.611408199643494
4.489,11,ifrms,-0.0,5.611408199643494
4.489,11,sspls-v,0.0,5.611408199643494
4.489,12,mcgs,0.0,5.2727272727272725
4.489,12,pos,-0.0,5.2727272727272725
4.489,12,sbps,-0.0,5.2727272727272725
4.489,12,prculs-d,-0.0,5.2727272727272725
4.489,12,prcus-p,0.0,5.2727272727272725
4.489,12,prcus-i,-0.0,5.2727272727272725
4.489,12,prcus-a,-0.0,5.2727272727272725
4.489,12,ifrms,-0.0,5.2727272727272725
4.489,12,sspls-v,0.0,5.2727272727272725
4.489,13,mcgs,0.0,5.363636363636363
4.489,13,pos,-0.0,5.363636363636363
4.489,13,sbps,-0.0,5.363636363636363
4.489,13,prculs-d,-0.0,5.363636363636363
4.489,13,prcus-p,0.0,5.363636363636363
4.489,13,prcus-i,-0.0,5.363636363636363
4.489,13,prcus-a,0.0,5.363636363636363
4.489,13,ifrms,-0.0,5.363636363636363
4.489,13,sspls-v,0.0,5.363636363636363
4.489,14,mcgs,0.0,5.363636363636363
4.489,14,pos,-0.0,5.363636363636363
4.489,14,sbps,-0.0,5.363636363636363
4.489,14,prculs-d,-0.0,5.363636363636363
4.489,14,prcus-p,0.0,5.363636363636363
4.489,14,prcus-i,-0.0,5.363636363636363
4.489,14,prcus-a,0.0,5.363636363636363
4.489,14,ifrms,-0.0,5.363636363636363
4.489,14,sspls-v,0.0,5.363636363636363
4.489,15,mcgs,0.0,5.303030303030303
4.489,15,pos,-0.0,5.303030303030303
4.489,15,sbps,-0.0,5.303030303030303
4.489,15,prculs-d,0.0,5.303030303030303
4.489,15,prcus-p,0.0,5.303030303030303
4.489,15,prcus-i,-0.0,5.303030303030303
4.489,15,prcus-a,0.0,5.303030303030303
4.489,15,ifrms,-0.0,5.303030303030303
4.489,15,sspls-v,0.0,5.303030303030303
4.489,16,mcgs,0.0,5.575757575757576
4.489,16,pos,-0.0,5.575757575757576
4.489,16,sbps,-0.0,5.575757575757576
4.489,16,prculs-d,-0.0,5.575757575757576
4.489,16,prcus-p,0.0,5.575757575757576
4.489,16,prcus-i,-0.0,5.575757575757576
4.489,16,prcus-a,0.0,5.575757575757576
4.489,16,ifrms,-0.0,5.575757575757576
4.489,16,sspls-v,0.0,5.575757575757576
4.489,17,mcgs,0.0,5.393939393939394
4.489,17,pos,-0.0,5.393939393939394
4.489,17,sbps,-0.0,5.393939393939394
4.489,17,prculs-d,-0.0,5.393939393939394
4.489,17,prcus-p,0.0,5.393939393939394
4.489,17,prcus-i,-0.0,5.393939393939394
4.489,17,prcus-a,0.0,5.393939393939394
4.489,17,ifrms,-0.0,5.393939393939394
4.489,17,sspls-v,0.0,5.393939393939394
4.489,18,mcgs,0.0,5.636363636363636
4.489,18,pos,-0.0,5.636363636363636
4.489,18,sbps,-0.0,5.636363636363636
4.489,18,prculs-d,-0.0,5.636363636363636
4.489,18,prcus-p,0.0,5.636363636363636
4.489,18,prcus-i,-0.0,5.636363636363636
4.489,18,prcus-a,0.0,5.636363636363636
4.489,18,ifrms,-0.0,5.636363636363636
4.489,18,sspls-v,0.0,5.636363636363636
4.489,19,mcgs,0.0,5.424242424242426
4.489,19,pos,-0.0,5.424242424242426
4.489,19,sbps,-0.0,5.424242424242426
4.489,19,prculs-d,-0.0,5.424242424242426
4.489,19,prcus-p,0.0,5.424242424242426
4.489,19,prcus-i,-0.0,5.424242424242426
4.489,19,prcus-a,0.0,5.424242424242426
4.489,19,ifrms,-0.0,5.424242424242426
4.489,19,sspls-v,0.0,5.424242424242426
4.489,20,mcgs,-0.0,5.424242424242426
4.489,20,pos,-0.0,5.424242424242426
4.489,20,sbps,-0.0,5.424242424242426
4.489,20,prculs-d,0.0,5.424242424242426
4.489,20,prcus-p,0.0,5.424242424242426
4.489,20,prcus-i,-0.0,5.424242424242426
4.489,20,prcus-a,-0.0,5.424242424242426
4.489,20,ifrms,-0.0,5.424242424242426
4.489,20,sspls-v,0.0,5.424242424242426
4.489,21,mcgs,0.0,5.5151515151515165
4.489,21,pos,-0.0,5.5151515151515165
4.489,21,sbps,-0.0,5.5151515151515165
4.489,21,prculs-d,-0.0,5.5151515151515165
4.489,21,prcus-p,0.0,5.5151515151515165
4.489,21,prcus-i,-0.0,5.5151515151515165
4.489,21,prcus-a,0.0,5.5151515151515165
4.489,21,ifrms,-0.0,5.5151515151515165
4.489,21,sspls-v,0.0,5.5151515151515165
4.489,22,mcgs,0.0,5.606060606060606
4.489,22,pos,-0.0,5.606060606060606
4.489,22,sbps,-0.0,5.606060606060606
4.489,22,prculs-d,-0.0,5.606060606060606
4.489,22,prcus-p,0.0,5.606060606060606
4.489,22,prcus-i,-0.0,5.606060606060606
4.489,22,prcus-a,0.0,5.606060606060606
4.489,22,ifrms,-0.0,5.606060606060606
4.489,22,sspls-v,0.0,5.606060606060606
4.489,23,mcgs,0.0,5.5151515151515165
4.489,23,pos,-0.0,5.5151515151515165
4.489,23,sbps,-0.0,5.5151515151515165
4.489,23,prculs-d,-0.0,5.5151515151515165
4.489,23,prcus-p,0.0,5.5151515151515165
4.489,23,prcus-i,-0.0,5.5151515151515165
4.489,23,prcus-a,0.0,5.5151515151515165
4.489,23,ifrms,-0.0,5.5151515151515165
4.489,23,sspls-v,0.0,5.5151515151515165
4.489,24,mcgs,0.0,5.454545454545456
4.489,24,pos,-0.0,5.454545454545456
4.489,24,sbps,-0.0,5.454545454545456
4.489,24,prculs-d,-0.0,5.454545454545456
4.489,24,prcus-p,0.0,5.454545454545456
4.489,24,prcus-i,-0.0,5.454545454545456
4.489,24,prcus-a,-0.0,5.454545454545456
4.489,24,ifrms,-0.0,5.454545454545456
4.489,24,sspls-v,0.0,5.454545454545456
4.489,25,mcgs,0.0,5.611408199643494
4.489,25,pos,-0.0,5.611408199643494
4.489,25,sbps,-0.0,5.611408199643494
4.489,25,prculs-d,-0.0,5.611408199643494
4.489,25,prcus-p,0.0,5.611408199643494
4.489,25,prcus-i,-0.0,5.611408199643494
4.489,25,prcus-a,0.0,5.611408199643494
4.489,25,ifrms,-0.0,5.611408199643494
4.489,25,sspls-v,0.0,5.611408199643494
4.489,26,mcgs,0.0,5.545454545454546
4.489,26,pos,-0.0,5.545454545454546
4.489,26,sbps,-0.0,5.545454545454546
4.489,26,prculs-d,-0.0,5.545454545454546
4.489,26,prcus-p,0.0,5.545454545454546
4.489,26,prcus-i,-0.0,5.545454545454546
4.489,26,prcus-a,0.0,5.545454545454546
4.489,26,ifrms,-0.0,5.545454545454546
4.489,26,sspls-v,0.0,5.545454545454546
4.489,27,mcgs,0.0,5.575757575757576
4.489,27,pos,-0.0,5.575757575757576
4.489,27,sbps,-0.0,5.575757575757576
4.489,27,prculs-d,-0.0,5.575757575757576
4.489,27,prcus-p,0.0,5.575757575757576
4.489,27,prcus-i,-0.0,5.575757575757576
4.489,27,prcus-a,-0.0,5.575757575757576
4.489,27,ifrms,-0.0,5.575757575757576
4.489,27,sspls-v,0.0,5.575757575757576
4.489,28,mcgs,0.0,5.611408199643494
4.489,28,pos,-0.0,5.611408199643494
4.489,28,sbps,-0.0,5.611408199643494
4.489,28,prculs-d,-0.0,5.611408199643494
4.489,28,prcus-p,0.0,5.611408199643494
4.489,28,prcus-i,-0.0,5.611408199643494
4.489,28,prcus-a,0.0,5.611408199643494
4.489,28,ifrms,-0.0,5.611408199643494
4.489,28,sspls-v,0.0,5.611408199643494
4.489,29,mcgs,-0.0,5.333333333333333
4.489,29,pos,-0.0,5.333333333333333
4.489,29,sbps,-0.0,5.333333333333333
4.489,29,prculs-d,0.0,5.333333333333333
4.489,29,prcus-p,0.0,5.333333333333333
4.489,29,prcus-i,0.0,5.333333333333333
4.489,29,prcus-a,0.0,5.333333333333333
4.489,29,ifrms,-0.0,5.333333333333333
4.489,29,sspls-v,0.0,5.333333333333333
4.489,30,mcgs,0.0,5.575757575757576
4.489,30,pos,-0.0,5.575757575757576
4.489,30,sbps,-0.0,5.575757575757576
4.489,30,prculs-d,-0.0,5.575757575757576
4.489,30,prcus-p,0.0,5.575757575757576
4.489,30,prcus-i,-0.0,5.575757575757576
4.489,30,prcus-a,0.0,5.575757575757576
4.489,30,ifrms,-0.0,5.575757575757576
4.489,30,sspls-v,0.0,5.575757575757576
4.489,31,mcgs,0.0,5.393939393939394
4.489,31,pos,-0.0,5.393939393939394
4.489,31,sbps,-0.0,5.393939393939394
4.489,31,prculs-d,-0.0,5.393939393939394
4.489,31,prcus-p,0.0,5.393939393939394
4.489,31,prcus-i,-0.0,5.393939393939394
4.489,31,prcus-a,0.0,5.393939393939394
4.489,31,ifrms,-0.0,5.393939393939394
4.489,31,sspls-v,0.0,5.393939393939394
4.489,32,mcgs,0.0,5.424242424242426
4.489,32,pos,-0.0,5.424242424242426
4.489,32,sbps,-0.0,5.424242424242426
4.489,32,prculs-d,-0.0,5.424242424242426
4.489,32,prcus-p,0.0,5.424242424242426
4.489,32,prcus-i,-0.0,5.424242424242426
4.489,32,prcus-a,0.0,5.424242424242426
4.489,32,ifrms,-0.0,5.424242424242426
4.489,32,sspls-v,0.0,5.424242424242426
4.489,33,mcgs,0.0,5.575757575757576
4.489,33,pos,-0.0,5.575757575757576
4.489,33,sbps,-0.0,5.575757575757576
4.489,33,prculs-d,-0.0,5.575757575757576
4.489,33,prcus-p,0.0,5.575757575757576
4.489,33,prcus-i,-0.0,5.575757575757576
4.489,33,prcus-a,0.0,5.575757575757576
4.489,33,ifrms,-0.0,5.575757575757576
4.489,33,sspls-v,0.0,5.575757575757576
4.489,34,mcgs,0.0,5.515151515151516
4.489,34,pos,-0.0,5.515151515151516
4.489,34,sbps,-0.0,5.515151515151516
4.489,34,prculs-d,-0.0,5.515151515151516
4.489,34,prcus-p,0.0,5.515151515151516
4.489,34,prcus-i,-0.0,5.515151515151516
4.489,34,prcus-a,-0.0,5.515151515151516
4.489,34,ifrms,-0.0,5.515151515151516
4.489,34,sspls-v,0.0,5.515151515151516
4.799,0,mcgs,0.0,5.575757575757576
4.799,0,pos,-0.0,5.575757575757576
4.799,0,sbps,-0.0,5.575757575757576
4.799,0,prculs-d,-0.0,5.575757575757576
4.799,0,prcus-p,0.0,5.575757575757576
4.799,0,prcus-i,-0.0,5.575757575757576
4.799,0,prcus-a,-0.0,5.575757575757576
4.799,0,ifrms,-0.0,5.575757575757576
4.799,0,sspls-v,0.0,5.575757575757576
4.799,1,mcgs,0.0,5.484848484848485
4.799,1,pos,-0.0,5.484848484848485
4.799,1,sbps,-0.0,5.484848484848485
4.799,1,prculs-d,-0.0,5.484848484848485
4.799,1,prcus-p,0.0,5.484848484848485
4.799,1,prcus-i,-0.0,5.484848484848485
4.799,1,prcus-a,0.0,5.484848484848485
4.799,1,ifrms,-0.0,5.484848484848485
4.799,1,sspls-v,0.0,5.484848484848485
4.799,2,mcgs,0.0,5.424242424242422
4.799,2,pos,-0.0,5.424242424242422
4.799,2,sbps,-0.0,5.424242424242422
4.799,2,prculs-d,-0.0,5.424242424242422
4.799,2,prcus-p,0.0,5.424242424242422
4.799,2,prcus-i,-0.0,5.424242424242422
4.799,2,prcus-a,-0.0,5.424242424242422
4.799,2,ifrms,-0.0,5.424242424242422
4.799,2,sspls-v,0.0,5.424242424242422
4.799,3,mcgs,0.0,5.424242424242422
4.799,3,pos,-0.0,5.424242424242422
4.799,3,sbps,-0.0,5.424242424242422
4.799,3,prculs-d,-0.0,5.424242424242422
4.799,3,prcus-p,0.0,5.424242424242422
4.799,3,prcus-i,-0.0,5.424242424242422
4.799,3,prcus-a,0.0,5.424242424242422
4.799,3,ifrms,-0.0,5.424242424242422
4.799,3,sspls-v,0.0,5.424242424242422
4.799,4,mcgs,0.0,5.424242424242422
4.799,4,pos,-0.0,5.424242424242422
4.799,4,sbps,-0.0,5.424242424242422
4.799,4,prculs-d,-0.0,5.424242424242422
4.799,4,prcus-p,0.0,5.424242424242422
4.799,4,prcus-i,-0.0,5.424242424242422
4.799,4,prcus-a,-0.0,5.424242424242422
4.799,4,ifrms,-0.0,5.424242424242422
4.799,4,sspls-v,0.0,5.424242424242422
4.799,5,mcgs,0.0,5.393939393939394
4.799,5,pos,-0.0,5.393939393939394
4.799,5,sbps,-0.0,5.393939393939394
4.799,5,prculs-d,-0.0,5.393939393939394
4.799,5,prcus-p,0.0,5.393939393939394
4.799,5,prcus-i,-0.0,5.393939393939394
4.799,5,prcus-a,0.0,5.393939393939394
4.799,5,ifrms,-0.0,5.393939393939394
4.799,5,sspls-v,0.0,5.393939393939394
4.799,6,mcgs,0.0,5.579322638146167
4.799,6,pos,-0.0,5.579322638146167
4.799,6,sbps,-0.0,5.579322638146167
4.799,6,prculs-d,-0.0,5.579322638146167
4.799,6,prcus-p,0.0,5.579322638146167
4.799,6,prcus-i,-0.0,5.579322638146167
4.799,6,prcus-a,0.0,5.579322638146167
4.799,6,ifrms,-0.0,5.579322638146167
4.799,6,sspls-v,0.0,5.579322638146167
4.799,7,mcgs,0.0,5.2727272727272725
4.799,7,pos,-0.0,5.2727272727272725
4.799,7,sbps,-0.0,5.2727272727272725
4.799,7,prculs-d,-0.0,5.2727272727272725
4.799,7,prcus-p,0.0,5.2727272727272725
4.799,7,prcus-i,-0.0,5.2727272727272725
4.799,7,prcus-a,0.0,5.2727272727272725
4.799,7,ifrms,-0.0,5.2727272727272725
4.799,7,sspls-v,0.0,5.2727272727272725
4.799,8,mcgs,0.0,5.363636363636363
4.799,8,pos,-0.0,5.363636363636363
4.799,8,sbps,-0.0,5.363636363636363
4.799,8,prculs-d,-0.0,5.363636363636363
4.799,8,prcus-p,0.0,5.363636363636363
4.799,8,prcus-i,-0.0,5.363636363636363
4.799,8,prcus-a,0.0,5.363636363636363
4.799,8,ifrms,-0.0,5.363636363636363
4.799,8,sspls-v,0.0,5.363636363636363
4.799,9,mcgs,0.0,5.579322638146167
4.799,9,pos,-0.0,5.579322638146167
4.799,9,sbps,-0.0,5.579322638146167
4.799,9,prculs-d,-0.0,5.579322638146167
4.799,9,prcus-p,0.0,5.579322638146167
4.799,9,prcus-i,-0.0,5.579322638146167
4.799,9,prcus-a,0.0,5.579322638146167
4.799,9,ifrms,-0.0,5.579322638146167
4.799,9,sspls-v,0.0,5.579322638146167
4.799,10,mcgs,0.0,5.5151515151515165
4.799,10,pos,-0.0,5.5151515151515165
4.799,10,sbps,-0.0,5.5151515151515165
4.799,10,prculs-d,-0.0,5.5151515151515165
4.799,10,prcus-p,0.0,5.5151515151515165
4.799,10,prcus-i,-0.0,5.5151515151515165
4.799,10,prcus-a,0.0,5.5151515151515165
4.799,10,ifrms,-0.0,5.5151515151515165
4.799,10,sspls-v,0.0,5.5151515151515165
4.799,11,mcgs,0.0,5.611408199643494
4.799,11,pos,-0.0,5.611408199643494
4.799,11,sbps,-0.0,5.611408199643494
4.799,11,prculs-d,-0.0,5.611408199643494
4.799,11,prcus-p,0.0,5.611408199643494
4.799,11,prcus-i,-0.0,5.611408199643494
4.799,11,prcus-a,0.0,5.611408199643494
4.799,11,ifrms,-0.0,5.611408199643494
4.799,11,sspls-v,0.0,5.611408199643494
4.799,12,mcgs,0.0,5.2727272727272725
4.799,12,pos,-0.0,5.2727272727272725
4.799,12,sbps,-0.0,5.2727272727272725
4.799,12,prculs-d,-0.0,5.2727272727272725
4.799,12,prcus-p,0.0,5.2727272727272725
4.799,12,prcus-i,-0.0,5.2727272727272725
4.799,12,prcus-a,-0.0,5.2727272727272725
4.799,12,ifrms,-0.0,5.2727272727272725
4.799,12,sspls-v,0.0,5.2727272727272725
4.799,13,mcgs,0.0,5.363636363636363
4.799,13,pos,-0.0,5.363636363636363
4.799,13,sbps,-0.0,5.363636363636363
4.799,13,prculs-d,-0.0,5.363636363636363
4.799,13,prcus-p,0.0,5.363636363636363
4.799,13,prcus-i,-0.0,5.363636363636363
4.799,13,prcus-a,0.0,5.363636363636363
4.799,13,ifrms,-0.0,5.363636363636363
4.799,13,sspls-v,0.0,5.363636363636363
4.799,14,mcgs,0.0,5.363636363636363
4.799,14,pos,-0.0,5.363636363636363
4.799,14,sbps,-0.0,5.363636363636363
4.799,14,prculs-d,-0.0,5.363636363636363
4.799,14,prcus-p,0.0,5.363636363636363
4.799,14,prcus-i,-0.0,5.363636363636363
4.799,14,prcus-a,0.0,5.363636363636363
4.799,14,ifrms,-0.0,5.363636363636363
4.799,14,sspls-v,0.0,5.363636363636363
4.799,15,mcgs,0.0,5.303030303030303
4.799,15,pos,-0.0,5.303030303030303
4.799,15,sbps,-0.0,5.303030303030303
4.799,15,prculs-d,0.0,5.303030303030303
4.799,15,prcus-p,0.0,5.303030303030303
4.799,15,prcus-i,-0.0,5.303030303030303
4.799,15,prcus-a,0.0,5.303030303030303
4.799,15,ifrms,-0.0,5.303030303030303
4.799,15,sspls-v,0.0,5.303030303030303
4.799,16,mcgs,0.0,5.575757575757576
4.799,16,pos,-0.0,5.575757575757576
4.799,16,sbps,-0.0,5.575757575757576
4.799,16,prculs-d,-0.0,5.575757575757576
4.799,16,prcus-p,0.0,5.575757575757576
4.799,16,prcus-i,-0.0,5.575757575757576
4.799,16,prcus-a,0.0,5.575757575757576
4.799,16,ifrms,-0.0,5.575757575757576
4.799,16,sspls-v,0.0,5.575757575757576
4.799,17,mcgs,0.0,5.393939393939394
4.799,17,pos,-0.0,5.393939393939394
4.799,17,sbps,-0.0,5.393939393939394
4.799,17,prculs-d,-0.0,5.393939393939394
4.799,17,prcus-p,0.0,5.393939393939394
4.799,17,prcus-i,-0.0,5.393939393939394
4.799,17,prcus-a,0.0,5.393939393939394
4.799,17,ifrms,-0.0,5.393939393939394
4.799,17,sspls-v,0.0,5.393939393939394
4.799,18,mcgs,0.0,5.636363636363636
4.799,18,pos,-0.0,5.636363636363636
4.799,18,sbps,-0.0,5.636363636363636
4.799,18,prculs-d,-0.0,5.636363636363636
4.799,18,prcus-p,0.0,5.636363636363636
4.799,18,prcus-i,-0.0,5.636363636363636
4.799,18,prcus-a,0.0,5.636363636363636
4.799,18,ifrms,-0.0,5.636363636363636
4.799,18,sspls-v,0.0,5.636363636363636
4.799,19,mcgs,0.0,5.424242424242426
4.799,19,pos,-0.0,5.424242424242426
4.799,19,sbps,-0.0,5.424242424242426
4.799,19,prculs-d,-0.0,5.424242424242426
4.799,19,prcus-p,0.0,5.424242424242426
4.799,19,prcus-i,-0.0,5.424242424242426
4.799,19,prcus-a,0.0,5.424242424242426
4.799,19,ifrms,-0.0,5.424242424242426
4.799,19,sspls-v,0.0,5.424242424242426
4.799,20,mcgs,-0.0,5.424242424242426
4.799,20,pos,-0.0,5.424242424242426
4.799,20,sbps,-0.0,5.424242424242426
4.799,20,prculs-d,0.0,5.424242424242426
4.799,20,prcus-p,0.0,5.424242424242426
4.799,20,prcus-i,-0.0,5.424242424242426
4.799,20,prcus-a,-0.0,5.424242424242426
4.799,20,ifrms,-0.0,5.424242424242426
4.799,20,sspls-v,0.0,5.424242424242426
4.799,21,mcgs,0.0,5.5151515151515165
4.799,21,pos,-0.0,5.5151515151515165
4.799,21,sbps,-0.0,5.5151515151515165
4.799,21,prculs-d,-0.0,5.5151515151515165
4.799,21,prcus-p,0.0,5.5151515151515165
4.799,21,prcus-i,-0.0,5.5151515151515165
4.799,21,prcus-a,0.0,5.5151515151515165
4.799,21,ifrms,-0.0,5.5151515151515165
4.799,21,sspls-v,0.0,5.5151515151515165
4.799,22,mcgs,0.0,5.606060606060606
4.799,22,pos,-0.0,5.606060606060606
4.799,22,sbps,-0.0,5.606060606060606
4.799,22,prculs-d,-0.0,5.606060606060606
4.799,22,prcus-p,0.0,5.606060606060606
4.799,22,prcus-i,-0.0,5.606060606060606
4.799,22,prcus-a,0.0,5.606060606060606
4.799,22,ifrms,-0.0,5.606060606060606
4.799,22,sspls-v,0.0,5.606060606060606
4.799,23,mcgs,0.0,5.5151515151515165
4.799,23,pos,-0.0,5.5151515151515165
4.799,23,sbps,-0.0,5.5151515151515165
4.799,23,prculs-d,-0.0,5.5151515151515165
4.799,23,prcus-p,0.0,5.5151515151515165
4.799,23,prcus-i,-0.0,5.5151515151515165
4.799,23,prcus-a,0.0,5.5151515151515165
4.799,23,ifrms,-0.0,5.5151515151515165
4.799,23,sspls-v,0.0,5.5151515151515165
4.799,24,mcgs,0.0,5.454545454545456
4.799,24,pos,-0.0,5.454545454545456
4.799,24,sbps,-0.0,5.454545454545456
4.799,24,prculs-d,-0.0,5.454545454545456
4.799,24,prcus-p,0.0,5.454545454545456
4.799,24,prcus-i,-0.0,5.454545454545456
4.799,24,prcus-a,-0.0,5.454545454545456
4.799,24,ifrms,-0.0,5.454545454545456
4.799,24,sspls-v,0.0,5.454545454545456
4.799,25,mcgs,0.0,5.611408199643494
4.799,25,pos,-0.0,5.611408199643494
4.799,25,sbps,-0.0,5.611408199643494
4.799,25,prculs-d,-0.0,5.611408199643494
4.799,25,prcus-p,0.0,5.611408199643494
4.799,25,prcus-i,-0.0,5.611408199643494
4.799,25,prcus-a,0.0,5.611408199643494
4.799,25,ifrms,-0.0,5.611408199643494
4.799,25,sspls-v,0.0,5.611408199643494
4.799,26,mcgs,0.0,5.545454545454546
4.799,26,pos,-0.0,5.545454545454546
4.799,26,sbps,-0.0,5.545454545454546
4.799,26,prculs-d,-0.0,5.545454545454546
4.799,26,prcus-p,0.0,5.545454545454546
4.799,26,prcus-i,-0.0,5.545454545454546
4.799,26,prcus-a,0.0,5.545454545454546
4.799,26,ifrms,-0.0,5.545454545454546
4.799,26,sspls-v,0.0,5.545454545454546
4.799,27,mcgs,0.0,5.575757575757576
4.799,27,pos,-0.0,5.575757575757576
4.799,27,sbps,-0.0,5.575757575757576
4.799,27,prculs-d,-0.0,5.575757575757576
4.799,27,prcus-p,0.0,5.575757575757576
4.799,27,prcus-i,-0.0,5.575757575757576
4.799,27,prcus-a,-0.0,5.575757575757576
4.799,27,ifrms,-0.0,5.575757575757576
4.799,27,sspls-v,0.0,5.575757575757576
4.799,28,mcgs,0.0,5.611408199643494
4.799,28,pos,-0.0,5.611408199643494
4.799,28,sbps,-0.0,5.611408199643494
4.799,28,prculs-d,-0.0,5.611408199643494
4.799,28,prcus-p,0.0,5.611408199643494
4.799,28,prcus-i,-0.0,5.611408199643494
4.799,28,prcus-a,0.0,5.611408199643494
4.799,28,ifrms,-0.0,5.611408199643494
4.799,28,sspls-v,0.0,5.611408199643494
4.799,29,mcgs,-0.0,5.333333333333333
4.799,29,pos,-0.0,5.333333333333333
4.799,29,sbps,-0.0,5.333333333333333
4.799,29,prculs-d,0.0,5.333333333333333
4.799,29,prcus-p,0.0,5.333333333333333
4.799,29,prcus-i,0.0,5.333333333333333
4.799,29,prcus-a,0.0,5.333333333333333
4.799,29,ifrms,-0.0,5.333333333333333
4.799,29,sspls-v,0.0,5.333333333333333
4.799,30,mcgs,0.0,5.575757575757576
4.799,30,pos,-0.0,5.575757575757576
4.799,30,sbps,-0.0,5.575757575757576
4.799,30,prculs-d,-0.0,5.575757575757576
4.799,30,prcus-p,0.0,5.575757575757576
4.799,30,prcus-i,-0.0,5.575757575757576
4.799,30,prcus-a,0.0,5.575757575757576
4.799,30,ifrms,-0.0,5.575757575757576
4.799,30,sspls-v,0.0,5.575757575757576
4.799,31,mcgs,0.0,5.393939393939394
4.799,31,pos,-0.0,5.393939393939394
4.799,31,sbps,-0.0,5.393939393939394
4.799,31,prculs-d,-0.0,5.393939393939394
4.799,31,prcus-p,0.0,5.393939393939394
4.799,31,prcus-i,-0.0,5.393939393939394
4.799,31,prcus-a,0.0,5.393939393939394
4.799,31,ifrms,-0.0,5.393939393939394
4.799,31,sspls-v,0.0,5.393939393939394
4.799,32,mcgs,0.0,5.424242424242426
4.799,32,pos,-0.0,5.424242424242426
4.799,32,sbps,-0.0,5.424242424242426
4.799,32,prculs-d,-0.0,5.424242424242426
4.799,32,prcus-p,0.0,5.424242424242426
4.799,32,prcus-i,-0.0,5.424242424242426
4.799,32,prcus-a,0.0,5.424242424242426
4.799,32,ifrms,-0.0,5.424242424242426
4.799,32,sspls-v,0.0,5.424242424242426
4.799,33,mcgs,0.0,5.575757575757576
4.799,33,pos,-0.0,5.575757575757576
4.799,33,sbps,-0.0,5.575757575757576
4.799,33,prculs-d,-0.0,5.575757575757576
4.799,33,prcus-p,0.0,5.575757575757576
4.799,33,prcus-i,-0.0,5.575757575757576
4.799,33,prcus-a,0.0,5.575757575757576
4.799,33,ifrms,-0.0,5.575757575757576
4.799,33,sspls-v,0.0,5.575757575757576
4.799,34,mcgs,0.0,5.515151515151516
4.799,34,pos,-0.0,5.515151515151516
4.799,34,sbps,-0.0,5.515151515151516
4.799,34,prculs-d,-0.0,5.515151515151516
4.799,34,prcus-p,0.0,5.515151515151516
4.799,34,prcus-i,-0.0,5.515151515151516
4.799,34,prcus-a,-0.0,5.515151515151516
4.799,34,ifrms,-0.0,5.515151515151516
4.799,34,sspls-v,0.0,5.515151515151516
5.13,0,mcgs,0.0,5.575757575757576
5.13,0,pos,-0.0,5.575757575757576
5.13,0,sbps,-0.0,5.575757575757576
5.13,0,prculs-d,-0.0,5.575757575757576
5.13,0,prcus-p,0.0,5.575757575757576
5.13,0,prcus-i,-0.0,5.575757575757576
5.13,0,prcus-a,-0.0,5.575757575757576
5.13,0,ifrms,-0.0,5.575757575757576
5.13,0,sspls-v,0.0,5.575757575757576
5.13,1,mcgs,0.0,5.484848484848485
5.13,1,pos,-0.0,5.484848484848485
5.13,1,sbps,-0.0,5.484848484848485
5.13,1,prculs-d,-0.0,5.484848484848485
5.13,1,prcus-p,0.0,5.484848484848485
5.13,1,prcus-i,-0.0,5.484848484848485
5.13,1,prcus-a,0.0,5.484848484848485
5.13,1,ifrms,-0.0,5.484848484848485
5.13,1,sspls-v,0.0,5.484848484848485
5.13,2,mcgs,0.0,5.424242424242422
5.13,2,pos,-0.0,5.424242424242422
5.13,2,sbps,-0.0,5.424242424242422
5.13,2,prculs-d,-0.0,5.424242424242422
5.13,2,prcus-p,0.0,5.424242424242422
5.13,2,prcus-i,-0.0,5.424242424242422
5.13,2,prcus-a,-0.0,5.424242424242422
5.13,2,ifrms,-0.0,5.424242424242422
5.13,2,sspls-v,0.0,5.424242424242422
5.13,3,mcgs,0.0,5.424242424242422
5.13,3,pos,-0.0,5.424242424242422
5.13,3,sbps,-0.0,5.424242424242422
5.13,3,prculs-d,-0.0,5.424242424242422
5.13,3,prcus-p,0.0,5.424242424242422
5.13,3,prcus-i,-0.0,5.424242424242422
5.13,3,prcus-a,0.0,5.424242424242422
5.13,3,ifrms,-0.0,5.424242424242422
5.13,3,sspls-v,0.0,5.424242424242422
5.13,4,mcgs,0.0,5.424242424242422
5.13,4,pos,-0.0,5.424242424242422
5.13,4,sbps,-0.0,5.424242424242422
5.13,4,prculs-d,-0.0,5.424242424242422
5.13,4,prcus-p,0.0,5.424242424242422
5.13,4,prcus-i,-0.0,5.424242424242422
5.13,4,prcus-a,-0.0,5.424242424242422
5.13,4,ifrms,-0.0,5.424242424242422
5.13,4,sspls-v,0.0,5.424242424242422
5.13,5,mcgs,0.0,5.393939393939394
5.13,5,pos,-0.0,5.393939393939394
5.13,5,sbps,-0.0,5.393939393939394
5.13,5,prculs-d,-0.0,5.393939393939394
5.13,5,prcus-p,0.0,5.393939393939394
5.13,5,prcus-i,-0.0,5.393939393939394
5.13,5,prcus-a,0.0,5.393939393939394
5.13,5,ifrms,-0.0,5.393939393939394
5.13,5,sspls-v,0.0,5.393939393939394
5.13,6,mcgs,0.0,5.579322638146167
5.13,6,pos,-0.0,5.579322638146167
5.13,6,sbps,-0.0,5.579322638146167
5.13,6,prculs-d,-0.0,5.579322638146167
5.13,6,prcus-p,0.0,5.579322638146167
5.13,6,prcus-i,-0.0,5.579322638146167
5.13,6,prcus-a,0.0,5.579322638146167
5.13,6,ifrms,-0.0,5.579322638146167
5.13,6,sspls-v,0.0,5.579322638146167
5.13,7,mcgs,0.0,5.2727272727272725
5.13,7,pos,-0.0,5.2727272727272725
5.13,7,sbps,-0.0,5.2727272727272725
5.13,7,prculs-d,-0.0,5.2727272727272725
5.13,7,prcus-p,0.0,5.2727272727272725
5.13,7,prcus-i,-0.0,5.2727272727272725
5.13,7,prcus-a,0.0,5.2727272727272725
5.13,7,ifrms,-0.0,5.2727272727272725
5.13,7,sspls-v,0.0,5.2727272727272725
5.13,8,mcgs,0.0,5.363636363636363
5.13,8,pos,-0.0,5.363636363636363
5.13,8,sbps,-0.0,5.363636363636363
5.13,8,prculs-d,-0.0,5.363636363636363
5.13,8,prcus-p,0.0,5.363636363636363
5.13,8,prcus-i,-0.0,5.363636363636363
5.13,8,prcus-a,0.0,5.363636363636363
5.13,8,ifrms,-0.0,5.363636363636363
5.13,8,sspls-v,0.0,5.363636363636363
5.13,9,mcgs,0.0,5.579322638146167
5.13,9,pos,-0.0,5.579322638146167
5.13,9,sbps,-0.0,5.579322638146167
5.13,9,prculs-d,-0.0,5.579322638146167
5.13,9,prcus-p,0.0,5.579322638146167
5.13,9,prcus-i,-0.0,5.579322638146167
5.13,9,prcus-a,0.0,5.579322638146167
5.13,9,ifrms,-0.0,5.579322638146167
5.13,9,sspls-v,0.0,5.579322638146167
5.13,10,mcgs,0.0,5.5151515151515165
5.13,10,pos,-0.0,5.5151515151515165
5.13,10,sbps,-0.0,5.5151515151515165
5.13,10,prculs-d,-0.0,5.5151515151515165
5.13,10,prcus-p,0.0,5.5151515151515165
5.13,10,prcus-i,-0.0,5.5151515151515165
5.13,10,prcus-a,0.0,5.5151515151515165
5.13,10,ifrms,-0.0,5.5151515151515165
5.13,10,sspls-v,0.0,5.5151515151515165
5.13,11,mcgs,0.0,5.611408199643494
5.13,11,pos,-0.0,5.611408199643494
5.13,11,sbps,-0.0,5.611408199643494
5.13,11,prculs-d,-0.0,5.611408199643494
5.13,11,prcus-p,0.0,5.611408199643494
5.13,11,prcus-i,-0.0,5.611408199643494
5.13,11,prcus-a,0.0,5.611408199643494
5.13,11,ifrms,-0.0,5.611408199643494
5.13,11,sspls-v,0.0,5.611408199643494
5.13,12,mcgs,0.0,5.2727272727272725
5.13,12,pos,-0.0,5.2727272727272725
5.13,12,sbps,-0.0,5.2727272727272725
5.13,12,prculs-d,-0.0,5.2727272727272725
5.13,12,prcus-p,0.0,5.2727272727272725
5.13,12,prcus-i,-0.0,5.2727272727272725
5.13,12,prcus-a,-0.0,5.2727272727272725
5.13,12,ifrms,-0.0,5.2727272727272725
5.13,12,sspls-v,0.0,5.2727272727272725
5.13,13,mcgs,0.0,5.363636363636363
5.13,13,pos,-0.0,5.363636363636363
5.13,13,sbps,-0.0,5.363636363636363
5.13,13,prculs-d,-0.0,5.363636363636363
5.13,13,prcus-p,0.0,5.363636363636363
5.13,13,prcus-i,-0.0,5.363636363636363
5.13,13,prcus-a,0.0,5.363636363636363
5.13,13,ifrms,-0.0,5.363636363636363
5.13,13,sspls-v,0.0,5.363636363636363
5.13,14,mcgs,0.0,5.363636363636363
5.13,14,pos,-0.0,5.363636363636363
5.13,14,sbps,-0.0,5.363636363636363
5.13,14,prculs-d,-0.0,5.363636363636363
5.13,14,prcus-p,0.0,5.363636363636363
5.13,14,prcus-i,-0.0,5.363636363636363
5.13,14,prcus-a,0.0,5.363636363636363
5.13,14,ifrms,-0.0,5.363636363636363
5.13,14,sspls-v,0.0,5.363636363636363
5.13,15,mcgs,0.0,5.303030303030303
5.13,15,pos,-0.0,5.303030303030303
5.13,15,sbps,-0.0,5.303030303030303
5.13,15,prculs-d,0.0,5.303030303030303
5.13,15,prcus-p,0.0,5.303030303030303
5.13,15,prcus-i,-0.0,5.303030303030303
5.13,15,prcus-a,0.0,5.303030303030303
5.13,15,ifrms,-0.0,5.303030303030303
5.13,15,sspls-v,0.0,5.303030303030303
5.13,16,mcgs,0.0,5.575757575757576
5.13,16,pos,-0.0,5.575757575757576
5.13,16,sbps,-0.0,5.575757575757576
5.13,16,prculs-d,-0.0,5.575757575757576
5.13,16,prcus-p,0.0,5.575757575757576
5.13,16,prcus-i,-0.0,5.575757575757576
5.13,16,prcus-a,0.0,5.575757575757576
5.13,16,ifrms,-0.0,5.575757575757576
5.13,16,sspls-v,0.0,5.575757575757576
5.13,17,mcgs,0.0,5.393939393939394
5.13,17,pos,-0.0,5.393939393939394
5.13,17,sbps,-0.0,5.393939393939394
5.13,17,prculs-d,-0.0,5.393939393939394
5.13,17,prcus-p,0.0,5.393939393939394
5.13,17,prcus-i,-0.0,5.393939393939394
5.13,17,prcus-a,0.0,5.393939393939394
5.13,17,ifrms,-0.0,5.393939393939394
5.13,17,sspls-v,0.0,5.393939393939394
5.13,18,mcgs,0.0,5.636363636363636
5.13,18,pos,-0.0,5.636363636363636
5.13,18,sbps,-0.0,5.636363636363636
5.13,18,prculs-d,-0.0,5.636363636363636
5.13,18,prcus-p,0.0,5.636363636363636
5.13,18,prcus-i,-0.0,5.636363636363636
5.13,18,prcus-a,0.0,5.636363636363636
5.13,18,ifrms,-0.0,5.636363636363636
5.13,18,sspls-v,0.0,5.636363636363636
5.13,19,mcgs,0.0,5.424242424242426
5.13,19,pos,-0.0,5.424242424242426
5.13,19,sbps,-0.0,5.424242424242426
5.13,19,prculs-d,-0.0,5.424242424242426
5.13,19,prcus-p,0.0,5.424242424242426
5.13,19,prcus-i,-0.0,5.424242424242426
5.13,19,prcus-a,0.0,5.424242424242426
5.13,19,ifrms,-0.0,5.424242424242426
5.13,19,sspls-v,0.0,5.424242424242426
5.13,20,mcgs,-0.0,5.424242424242426
5.13,20,pos,-0.0,5.424242424242426
5.13,20,sbps,-0.0,5.424242424242426
5.13,20,prculs-d,0.0,5.424242424242426
5.13,20,prcus-p,0.0,5.424242424242426
5.13,20,prcus-i,-0.0,5.424242424242426
5.13,20,prcus-a,-0.0,5.424242424242426
5.13,20,ifrms,-0.0,5.424242424242426
5.13,20,sspls-v,0.0,5.424242424242426
5.13,21,mcgs,0.0,5.5151515151515165
5.13,21,pos,-0.0,5.5151515151515165
5.13,21,sbps,-0.0,5.5151515151515165
5.13,21,prculs-d,-0.0,5.5151515151515165
5.13,21,prcus-p,0.0,5.5151515151515165
5.13,21,prcus-i,-0.0,5.5151515151515165
5.13,21,prcus-a,0.0,5.5151515151515165
5.13,21,ifrms,-0.0,5.5151515151515165
5.13,21,sspls-v,0.0,5.5151515151515165
5.13,22,mcgs,0.0,5.606060606060606
5.13,22,pos,-0.0,5.606060606060606
5.13,22,sbps,-0.0,5.606060606060606
5.13,22,prculs-d,-0.0,5.606060606060606
5.13,22,prcus-p,0.0,5.606060606060606
5.13,22,prcus-i,-0.0,5.606060606060606
5.13,22,prcus-a,0.0,5.606060606060606
5.13,22,ifrms,-0.0,5.606060606060606
5.13,22,sspls-v,0.0,5.606060606060606
5.13,23,mcgs,0.0,5.5151515151515165
5.13,23,pos,-0.0,5.5151515151515165
5.13,23,sbps,-0.0,5.5151515151515165
5.13,23,prculs-d,-0.0,5.5151515151515165
5.13,23,prcus-p,0.0,5.5151515151515165
5.13,23,prcus-i,-0.0,5.5151515151515165
5.13,23,prcus-a,0.0,5.5151515151515165
5.13,23,ifrms,-0.0,5.5151515151515165
5.13,23,sspls-v,0.0,5.5151515151515165
5.13,24,mcgs,0.0,5.454545454545456
5.13,24,pos,-0.0,5.454545454545456
5.13,24,sbps,-0.0,5.454545454545456
5.13,24,prculs-d,-0.0,5.454545454545456
5.13,24,prcus-p,0.0,5.454545454545456
5.13,24,prcus-i,-0.0,5.454545454545456
5.13,24,prcus-a,-0.0,5.454545454545456
5.13,24,ifrms,-0.0,5.454545454545456
5.13,24,sspls-v,0.0,5.454545454545456
5.13,25,mcgs,0.0,5.611408199643494
5.13,25,pos,-0.0,5.611408199643494
5.13,25,sbps,-0.0,5.611408199643494
5.13,25,prculs-d,-0.0,5.611408199643494
5.13,25,prcus-p,0.0,5.611408199643494
5.13,25,prcus-i,-0.0,5.611408199643494
5.13,25,prcus-a,0.0,5.611408199643494
5.13,25,ifrms,-0.0,5.611408199643494
5.13,25,sspls-v,0.0,5.611408199643494
5.13,26,mcgs,0.0,5.545454545454546
5.13,26,pos,-0.0,5.545454545454546
5.13,26,sbps,-0.0,5.545454545454546
5.13,26,prculs-d,-0.0,5.545454545454546
5.13,26,prcus-p,0.0,5.545454545454546
5.13,26,prcus-i,-0.0,5.545454545454546
5.13,26,prcus-a,0.0,5.545454545454546
5.13,26,ifrms,-0.0,5.545454545454546
5.13,26,sspls-v,0.0,5.545454545454546
5.13,27,mcgs,0.0,5.575757575757576
5.13,27,pos,-0.0,5.575757575757576
5.13,27,sbps,-0.0,5.575757575757576
5.13,27,prculs-d,-0.0,5.575757575757576
5.13,27,prcus-p,0.0,5.575757575757576
5.13,27,prcus-i,-0.0,5.575757575757576
5.13,27,prcus-a,-0.0,5.575757575757576
5.13,27,ifrms,-0.0,5.575757575757576
5.13,27,sspls-v,0.0,5.575757575757576
5.13,28,mcgs,0.0,5.611408199643494
5.13,28,pos,-0.0,5.611408199643494
5.13,28,sbps,-0.0,5.611408199643494
5.13,28,prculs-d,-0.0,5.611408199643494
5.13,28,prcus-p,0.0,5.611408199643494
5.13,28,prcus-i,-0.0,5.611408199643494
5.13,28,prcus-a,0.0,5.611408199643494
5.13,28,ifrms,-0.0,5.611408199643494
5.13,28,sspls-v,0.0,5.611408199643494
5.13,29,mcgs,-0.0,5.333333333333333
5.13,29,pos,-0.0,5.333333333333333
5.13,29,sbps,-0.0,5.333333333333333
5.13,29,prculs-d,0.0,5.333333333333333
5.13,29,prcus-p,0.0,5.333333333333333
5.13,29,prcus-i,0.0,5.333333333333333
5.13,29,prcus-a,0.0,5.333333333333333
5.13,29,ifrms,-0.0,5.333333333333333
5.13,29,sspls-v,0.0,5.333333333333333
5.13,30,mcgs,0.0,5.575757575757576
5.13,30,pos,-0.0,5.575757575757576
5.13,30,sbps,-0.0,5.575757575757576
5.13,30,prculs-d,-0.0,5.575757575757576
5.13,30,prcus-p,0.0,5.575757575757576
5.13,30,prcus-i,-0.0,5.575757575757576
5.13,30,prcus-a,0.0,5.575757575757576
5.13,30,ifrms,-0.0,5.575757575757576
5.13,30,sspls-v,0.0,5.575757575757576
5.13,31,mcgs,0.0,5.393939393939394
5.13,31,pos,-0.0,5.393939393939394
5.13,31,sbps,-0.0,5.393939393939394
5.13,31,prculs-d,-0.0,5.393939393939394
5.13,31,prcus-p,0.0,5.393939393939394
5.13,31,prcus-i,-0.0,5.393939393939394
5.13,31,prcus-a,0.0,5.393939393939394
5.13,31,ifrms,-0.0,5.393939393939394
5.13,31,sspls-v,0.0,5.393939393939394
5.13,32,mcgs,0.0,5.424242424242426
5.13,32,pos,-0.0,5.424242424242426
5.13,32,sbps,-0.0,5.424242424242426
5.13,32,prculs-d,-0.0,5.424242424242426
5.13,32,prcus-p,0.0,5.424242424242426
5.13,32,prcus-i,-0.0,5.424242424242426
5.13,32,prcus-a,0.0,5.424242424242426
5.13,32,ifrms,-0.0,5.424242424242426
5.13,32,sspls-v,0.0,5.424242424242426
5.13,33,mcgs,0.0,5.575757575757576
5.13,33,pos,-0.0,5.575757575757576
5.13,33,sbps,-0.0,5.575757575757576
5.13,33,prculs-d,-0.0,5.575757575757576
5.13,33,prcus-p,0.0,5.575757575757576
5.13,33,prcus-i,-0.0,5.575757575757576
5.13,33,prcus-a,0.0,5.575757575757576
5.13,33,ifrms,-0.0,5.575757575757576
5.13,33,sspls-v,0.0,5.575757575757576
5.13,34,mcgs,0.0,5.515151515151516
5.13,34,pos,-0.0,5.515151515151516
5.13,34,sbps,-0.0,5.515151515151516
5.13,34,prculs-d,-0.0,5.515151515151516
5.13,34,prcus-p,0.0,5.515151515151516
5.13,34,prcus-i,-0.0,5.515151515151516
5.13,34,prcus-a,-0.0,5.515151515151516
5.13,34,ifrms,-0.0,5.515151515151516
5.13,34,sspls-v,0.0,5.515151515151516
5.484,0,mcgs,0.0,5.575757575757576
5.484,0,pos,-0.0,5.575757575757576
5.484,0,sbps,-0.0,5.575757575757576
5.484,0,prculs-d,-0.0,5.575757575757576
5.484,0,prcus-p,0.0,5.575757575757576
5.484,0,prcus-i,-0.0,5.575757575757576
5.484,0,prcus-a,-0.0,5.575757575757576
5.484,0,ifrms,-0.0,5.575757575757576
5.484,0,sspls-v,0.0,5.575757575757576
5.484,1,mcgs,0.0,5.484848484848485
5.484,1,pos,-0.0,5.484848484848485
5.484,1,sbps,-0.0,5.484848484848485
5.484,1,prculs-d,-0.0,5.484848484848485
5.484,1,prcus-p,0.0,5.484848484848485
5.484,1,prcus-i,-0.0,5.484848484848485
5.484,1,prcus-a,0.0,5.484848484848485
5.484,1,ifrms,-0.0,5.484848484848485
5.484,1,sspls-v,0.0,5.484848484848485
5.484,2,mcgs,0.0,5.424242424242422
5.484,2,pos,-0.0,5.424242424242422
5.484,2,sbps,-0.0,5.424242424242422
5.484,2,prculs-d,-0.0,5.424242424242422
5.484,2,prcus-p,0.0,5.424242424242422
5.484,2,prcus-i,-0.0,5.424242424242422
5.484,2,prcus-a,-0.0,5.424242424242422
5.484,2,ifrms,-0.0,5.424242424242422
5.484,2,sspls-v,0.0,5.424242424242422
5.484,3,mcgs,0.0,5.424242424242422
5.484,3,pos,-0.0,5.424242424242422
5.484,3,sbps,-0.0,5.424242424242422
5.484,3,prculs-d,-0.0,5.424242424242422
5.484,3,prcus-p,0.0,5.424242424242422
5.484,3,prcus-i,-0.0,5.424242424242422
5.484,3,prcus-a,0.0,5.424242424242422
5.484,3,ifrms,-0.0,5.424242424242422
5.484,3,sspls-v,0.0,5.424242424242422
5.484,4,mcgs,0.0,5.424242424242422
5.484,4,pos,-0.0,5.424242424242422
5.484,4,sbps,-0.0,5.424242424242422
5.484,4,prculs-d,-0.0,5.424242424242422
5.484,4,prcus-p,0.0,5.424242424242422
5.484,4,prcus-i,-0.0,5.424242424242422
5.484,4,prcus-a,-0.0,5.424242424242422
5.484,4,ifrms,-0.0,5.424242424242422
5.484,4,sspls-v,0.0,5.424242424242422
5.484,5,mcgs,0.0,5.393939393939394
5.484,5,pos,-0.0,5.393939393939394
5.484,5,sbps,-0.0,5.393939393939394
5.484,5,prculs-d,-0.0,5.393939393939394
5.484,5,prcus-p,0.0,5.393939393939394
5.484,5,prcus-i,-0.0,5.393939393939394
5.484,5,prcus-a,0.0,5.393939393939394
5.484,5,ifrms,-0.0,5.393939393939394
5.484,5,sspls-v,0.0,5.393939393939394
5.484,6,mcgs,0.0,5.579322638146167
5.484,6,pos,-0.0,5.579322638146167
5.484,6,sbps,-0.0,5.579322638146167
5.484,6,prculs-d,-0.0,5.579322638146167
5.484,6,prcus-p,0.0,5.579322638146167
5.484,6,prcus-i,-0.0,5.579322638146167
5.484,6,prcus-a,0.0,5.579322638146167
5.484,6,ifrms,-0.0,5.579322638146167
5.484,6,sspls-v,0.0,5.579322638146167
5.484,7,mcgs,0.0,5.2727272727272725
5.484,7,pos,-0.0,5.2727272727272725
5.484,7,sbps,-0.0,5.2727272727272725
5.484,7,prculs-d,-0.0,5.2727272727272725
5.484,7,prcus-p,0.0,5.2727272727272725
5.484,7,prcus-i,-0.0,5.2727272727272725
5.484,7,prcus-a,0.0,5.2727272727272725
5.484,7,ifrms,-0.0,5.2727272727272725
5.484,7,sspls-v,0.0,5.2727272727272725
5.484,8,mcgs,0.0,5.363636363636363
5.484,8,pos,-0.0,5.363636363636363
5.484,8,sbps,-0.0,5.363636363636363
5.484,8,prculs-d,-0.0,5.363636363636363
5.484,8,prcus-p,0.0,5.363636363636363
5.484,8,prcus-i,-0.0,5.363636363636363
5.484,8,prcus-a,0.0,5.363636363636363
5.484,8,ifrms,-0.0,5.363636363636363
5.484,8,sspls-v,0.0,5.363636363636363
5.484,9,mcgs,0.0,5.579322638146167
5.484,9,pos,-0.0,5.579322638146167
5.484,9,sbps,-0.0,5.579322638146167
5.484,9,prculs-d,-0.0,5.579322638146167
5.484,9,prcus-p,0.0,5.579322638146167
5.484,9,prcus-i,-0.0,5.579322638146167
5.484,9,prcus-a,0.0,5.579322638146167
5.484,9,ifrms,-0.0,5.579322638146167
5.484,9,sspls-v,0.0,5.579322638146167
5.484,10,mcgs,0.0,5.5151515151515165
5.484,10,pos,-0.0,5.5151515151515165
5.484,10,sbps,-0.0,5.5151515151515165
5.484,10,prculs-d,-0.0,5.5151515151515165
5.484,10,prcus-p,0.0,5.5151515151515165
5.484,10,prcus-i,-0.0,5.5151515151515165
5.484,10,prcus-a,0.0,5.5151515151515165
5.484,10,ifrms,-0.0,5.5151515151515165
5.484,10,sspls-v,0.0,5.5151515151515165
5.484,11,mcgs,0.0,5.611408199643494
5.484,11,pos,-0.0,5.611408199643494
5.484,11,sbps,-0.0,5.611408199643494
5.484,11,prculs-d,-0.0,5.611408199643494
5.484,11,prcus-p,0.0,5.611408199643494
5.484,11,prcus-i,-0.0,5.611408199643494
5.484,11,prcus-a,0.0,5.611408199643494
5.484,11,ifrms,-0.0,5.611408199643494
5.484,11,sspls-v,0.0,5.611408199643494
5.484,12,mcgs,0.0,5.2727272727272725
5.484,12,pos,-0.0,5.2727272727272725
5.484,12,sbps,-0.0,5.2727272727272725
5.484,12,prculs-d,-0.0,5.2727272727272725
5.484,12,prcus-p,0.0,5.2727272727272725
5.484,12,prcus-i,-0.0,5.2727272727272725
5.484,12,prcus-a,-0.0,5.2727272727272725
5.484,12,ifrms,-0.0,5.2727272727272725
5.484,12,sspls-v,0.0,5.2727272727272725
5.484,13,mcgs,0.0,5.363636363636363
5.484,13,pos,-0.0,5.363636363636363
5.484,13,sbps,-0.0,5.363636363636363
5.484,13,prculs-d,-0.0,5.363636363636363
5.484,13,prcus-p,0.0,5.363636363636363
5.484,13,prcus-i,-0.0,5.363636363636363
5.484,13,prcus-a,0.0,5.363636363636363
5.484,13,ifrms,-0.0,5.363636363636363
5.484,13,sspls-v,0.0,5.363636363636363
5.484,14,mcgs,0.0,5.363636363636363
5.484,14,pos,-0.0,5.363636363636363
5.484,14,sbps,-0.0,5.363636363636363
5.484,14,prculs-d,-0.0,5.363636363636363
5.484,14,prcus-p,0.0,5.363636363636363
5.484,14,prcus-i,-0.0,5.363636363636363
5.484,14,prcus-a,0.0,5.363636363636363
5.484,14,ifrms,-0.0,5.363636363636363
5.484,14,sspls-v,0.0,5.363636363636363
5.484,15,mcgs,0.0,5.303030303030303
5.484,15,pos,-0.0,5.303030303030303
5.484,15,sbps,-0.0,5.303030303030303
5.484,15,prculs-d,0.0,5.303030303030303
5.484,15,prcus-p,0.0,5.303030303030303
5.484,15,prcus-i,-0.0,5.303030303030303
5.484,15,prcus-a,0.0,5.303030303030303
5.484,15,ifrms,-0.0,5.303030303030303
5.484,15,sspls-v,0.0,5.303030303030303
5.484,16,mcgs,0.0,5.575757575757576
5.484,16,pos,-0.0,5.575757575757576
5.484,16,sbps,-0.0,5.575757575757576
5.484,16,prculs-d,-0.0,5.575757575757576
5.484,16,prcus-p,0.0,5.575757575757576
5.484,16,prcus-i,-0.0,5.575757575757576
5.484,16,prcus-a,0.0,5.575757575757576
5.484,16,ifrms,-0.0,5.575757575757576
5.484,16,sspls-v,0.0,5.575757575757576
5.484,17,mcgs,0.0,5.393939393939394
5.484,17,pos,-0.0,5.393939393939394
5.484,17,sbps,-0.0,5.393939393939394
5.484,17,prculs-d,-0.0,5.393939393939394
5.484,17,prcus-p,0.0,5.393939393939394
5.484,17,prcus-i,-0.0,5.393939393939394
5.484,17,prcus-a,0.0,5.393939393939394
5.484,17,ifrms,-0.0,5.393939393939394
5.484,17,sspls-v,0.0,5.393939393939394
5.484,18,mcgs,0.0,5.636363636363636
5.484,18,pos,-0.0,5.636363636363636
5.484,18,sbps,-0.0,5.636363636363636
5.484,18,prculs-d,-0.0,5.636363636363636
5.484,18,prcus-p,0.0,5.636363636363636
5.484,18,prcus-i,-0.0,5.636363636363636
5.484,18,prcus-a,0.0,5.636363636363636
5.484,18,ifrms,-0.0,5.636363636363636
5.484,18,sspls-v,0.0,5.636363636363636
5.484,19,mcgs,0.0,5.424242424242426
5.484,19,pos,-0.0,5.424242424242426
5.484,19,sbps,-0.0,5.424242424242426
5.484,19,prculs-d,-0.0,5.424242424242426
5.484,19,prcus-p,0.0,5.424242424242426
5.484,19,prcus-i,-0.0,5.424242424242426
5.484,19,prcus-a,0.0,5.424242424242426
5.484,19,ifrms,-0.0,5.424242424242426
5.484,19,sspls-v,0.0,5.424242424242426
5.484,20,mcgs,-0.0,5.424242424242426
5.484,20,pos,-0.0,5.424242424242426
5.484,20,sbps,-0.0,5.424242424242426
5.484,20,prculs-d,0.0,5.424242424242426
5.484,20,prcus-p,0.0,5.424242424242426
5.484,20,prcus-i,-0.0,5.424242424242426
5.484,20,prcus-a,-0.0,5.424242424242426
5.484,20,ifrms,-0.0,5.424242424242426
5.484,20,sspls-v,0.0,5.424242424242426
5.484,21,mcgs,0.0,5.5151515151515165
5.484,21,pos,-0.0,5.5151515151515165
5.484,21,sbps,-0.0,5.5151515151515165
5.484,21,prculs-d,-0.0,5.5151515151515165
5.484,21,prcus-p,0.0,5.5151515151515165
5.484,21,prcus-i,-0.0,5.5151515151515165
5.484,21,prcus-a,0.0,5.5151515151515165
5.484,21,ifrms,-0.0,5.5151515151515165
5.484,21,sspls-v,0.0,5.5151515151515165
5.484,22,mcgs,0.0,5.606060606060606
5.484,22,pos,-0.0,5.606060606060606
5.484,22,sbps,-0.0,5.606060606060606
5.484,22,prculs-d,-0.0,5.606060606060606
5.484,22,prcus-p,0.0,5.606060606060606
5.484,22,prcus-i,-0.0,5.606060606060606
5.484,22,prcus-a,0.0,5.606060606060606
5.484,22,ifrms,-0.0,5.606060606060606
5.484,22,sspls-v,0.0,5.606060606060606
5.484,23,mcgs,0.0,5.5151515151515165
5.484,23,pos,-0.0,5.5151515151515165
5.484,23,sbps,-0.0,5.5151515151515165
5.484,23,prculs-d,-0.0,5.5151515151515165
5.484,23,prcus-p,0.0,5.5151515151515165
5.484,23,prcus-i,-0.0,5.5151515151515165
5.484,23,prcus-a,0.0,5.5151515151515165
5.484,23,ifrms,-0.0,5.5151515151515165
5.484,23,sspls-v,0.0,5.5151515151515165
5.484,24,mcgs,0.0,5.454545454545456
5.484,24,pos,-0.0,5.454545454545456
5.484,24,sbps,-0.0,5.454545454545456
5.484,24,prculs-d,-0.0,5.454545454545456
5.484,24,prcus-p,0.0,5.454545454545456
5.484,24,prcus-i,-0.0,5.454545454545456
5.484,24,prcus-a,-0.0,5.454545454545456
5.484,24,ifrms,-0.0,5.454545454545456
5.484,24,sspls-v,0.0,5.454545454545456
5.484,25,mcgs,0.0,5.611408199643494
5.484,25,pos,-0.0,5.611408199643494
5.484,25,sbps,-0.0,5.611408199643494
5.484,25,prculs-d,-0.0,5.611408199643494
5.484,25,prcus-p,0.0,5.611408199643494
5.484,25,prcus-i,-0.0,5.611408199643494
5.484,25,prcus-a,0.0,5.611408199643494
5.484,25,ifrms,-0.0,5.611408199643494
5.484,25,sspls-v,0.0,5.611408199643494
5.484,26,mcgs,0.0,5.545454545454546
5.484,26,pos,-0.0,5.545454545454546
5.484,26,sbps,-0.0,5.545454545454546
5.484,26,prculs-d,-0.0,5.545454545454546
5.484,26,prcus-p,0.0,5.545454545454546
5.484,26,prcus-i,-0.0,5.545454545454546
5.484,26,prcus-a,0.0,5.545454545454546
5.484,26,ifrms,-0.0,5.545454545454546
5.484,26,sspls-v,0.0,5.545454545454546
5.484,27,mcgs,0.0,5.575757575757576
5.484,27,pos,-0.0,5.575757575757576
5.484,27,sbps,-0.0,5.575757575757576
5.484,27,prculs-d,-0.0,5.575757575757576
5.484,27,prcus-p,0.0,5.575757575757576
5.484,27,prcus-i,-0.0,5.575757575757576
5.484,27,prcus-a,-0.0,5.575757575757576
5.484,27,ifrms,-0.0,5.575757575757576
5.484,27,sspls-v,0.0,5.575757575757576
5.484,28,mcgs,0.0,5.611408199643494
5.484,28,pos,-0.0,5.611408199643494
5.484,28,sbps,-0.0,5.611408199643494
5.484,28,prculs-d,-0.0,5.611408199643494
5.484,28,prcus-p,0.0,5.611408199643494
5.484,28,prcus-i,-0.0,5.611408199643494
5.484,28,prcus-a,0.0,5.611408199643494
5.484,28,ifrms,-0.0,5.611408199643494
5.484,28,sspls-v,0.0,5.611408199643494
5.484,29,mcgs,-0.0,5.333333333333333
5.484,29,pos,-0.0,5.333333333333333
5.484,29,sbps,-0.0,5.333333333333333
5.484,29,prculs-d,0.0,5.333333333333333
5.484,29,prcus-p,0.0,5.333333333333333
5.484,29,prcus-i,0.0,5.333333333333333
5.484,29,prcus-a,0.0,5.333333333333333
5.484,29,ifrms,-0.0,5.333333333333333
5.484,29,sspls-v,0.0,5.333333333333333
5.484,30,mcgs,0.0,5.575757575757576
5.484,30,pos,-0.0,5.575757575757576
5.484,30,sbps,-0.0,5.575757575757576
5.484,30,prculs-d,-0.0,5.575757575757576
5.484,30,prcus-p,0.0,5.575757575757576
5.484,30,prcus-i,-0.0,5.575757575757576
5.484,30,prcus-a,0.0,5.575757575757576
5.484,30,ifrms,-0.0,5.575757575757576
5.484,30,sspls-v,0.0,5.575757575757576
5.484,31,mcgs,0.0,5.393939393939394
5.484,31,pos,-0.0,5.393939393939394
5.484,31,sbps,-0.0,5.393939393939394
5.484,31,prculs-d,-0.0,5.393939393939394
5.484,31,prcus-p,0.0,5.393939393939394
5.484,31,prcus-i,-0.0,5.393939393939394
5.484,31,prcus-a,0.0,5.393939393939394
5.484,31,ifrms,-0.0,5.393939393939394
5.484,31,sspls-v,0.0,5.393939393939394
5.484,32,mcgs,0.0,5.424242424242426
5.484,32,pos,-0.0,5.424242424242426
5.484,32,sbps,-0.0,5.424242424242426
5.484,32,prculs-d,-0.0,5.424242424242426
5.484,32,prcus-p,0.0,5.424242424242426
5.484,32,prcus-i,-0.0,5.424242424242426
5.484,32,prcus-a,0.0,5.424242424242426
5.484,32,ifrms,-0.0,5.424242424242426
5.484,32,sspls-v,0.0,5.424242424242426
5.484,33,mcgs,0.0,5.575757575757576
5.484,33,pos,-0.0,5.575757575757576
5.484,33,sbps,-0.0,5.575757575757576
5.484,33,prculs-d,-0.0,5.575757575757576
5.484,33,prcus-p,0.0,5.575757575757576
5.484,33,prcus-i,-0.0,5.575757575757576
5.484,33,prcus-a,0.0,5.575757575757576
5.484,33,ifrms,-0.0,5.575757575757576
5.484,33,sspls-v,0.0,5.575757575757576
5.484,34,mcgs,0.0,5.515151515151516
5.484,34,pos,-0.0,5.515151515151516
5.484,34,sbps,-0.0,5.515151515151516
5.484,34,prculs-d,-0.0,5.515151515151516
5.484,34,prcus-p,0.0,5.515151515151516
5.484,34,prcus-i,-0.0,5.515151515151516
5.484,34,prcus-a,-0.0,5.515151515151516
5.484,34,ifrms,-0.0,5.515151515151516
5.484,34,sspls-v,0.0,5.515151515151516
5.863,0,mcgs,0.0,5.575757575757576
5.863,0,pos,-0.0,5.575757575757576
5.863,0,sbps,-0.0,5.575757575757576
5.863,0,prculs-d,-0.0,5.575757575757576
5.863,0,prcus-p,0.0,5.575757575757576
5.863,0,prcus-i,-0.0,5.575757575757576
5.863,0,prcus-a,-0.0,5.575757575757576
5.863,0,ifrms,-0.0,5.575757575757576
5.863,0,sspls-v,0.0,5.575757575757576
5.863,1,mcgs,0.0,5.484848484848485
5.863,1,pos,-0.0,5.484848484848485
5.863,1,sbps,-0.0,5.484848484848485
5.863,1,prculs-d,-0.0,5.484848484848485
5.863,1,prcus-p,0.0,5.484848484848485
5.863,1,prcus-i,-0.0,5.484848484848485
5.863,1,prcus-a,0.0,5.484848484848485
5.863,1,ifrms,-0.0,5.484848484848485
5.863,1,sspls-v,0.0,5.484848484848485
5.863,2,mcgs,0.0,5.424242424242422
5.863,2,pos,-0.0,5.424242424242422
5.863,2,sbps,-0.0,5.424242424242422
5.863,2,prculs-d,-0.0,5.424242424242422
5.863,2,prcus-p,0.0,5.424242424242422
5.863,2,prcus-i,-0.0,5.424242424242422
5.863,2,prcus-a,-0.0,5.424242424242422
5.863,2,ifrms,-0.0,5.424242424242422
5.863,2,sspls-v,0.0,5.424242424242422
5.863,3,mcgs,0.0,5.424242424242422
5.863,3,pos,-0.0,5.424242424242422
5.863,3,sbps,-0.0,5.424242424242422
5.863,3,prculs-d,-0.0,5.424242424242422
5.863,3,prcus-p,0.0,5.424242424242422
5.863,3,prcus-i,-0.0,5.424242424242422
5.863,3,prcus-a,0.0,5.424242424242422
5.863,3,ifrms,-0.0,5.424242424242422
5.863,3,sspls-v,0.0,5.424242424242422
5.863,4,mcgs,0.0,5.424242424242422
5.863,4,pos,-0.0,5.424242424242422
5.863,4,sbps,-0.0,5.424242424242422
5.863,4,prculs-d,-0.0,5.424242424242422
5.863,4,prcus-p,0.0,5.424242424242422
5.863,4,prcus-i,-0.0,5.424242424242422
5.863,4,prcus-a,-0.0,5.424242424242422
5.863,4,ifrms,-0.0,5.424242424242422
5.863,4,sspls-v,0.0,5.424242424242422
5.863,5,mcgs,0.0,5.393939393939394
5.863,5,pos,-0.0,5.393939393939394
5.863,5,sbps,-0.0,5.393939393939394
5.863,5,prculs-d,-0.0,5.393939393939394
5.863,5,prcus-p,0.0,5.393939393939394
5.863,5,prcus-i,-0.0,5.393939393939394
5.863,5,prcus-a,0.0,5.393939393939394
5.863,5,ifrms,-0.0,5.393939393939394
5.863,5,sspls-v,0.0,5.393939393939394
5.863,6,mcgs,0.0,5.579322638146167
5.863,6,pos,-0.0,5.579322638146167
5.863,6,sbps,-0.0,5.579322638146167
5.863,6,prculs-d,-0.0,5.579322638146167
5.863,6,prcus-p,0.0,5.579322638146167
5.863,6,prcus-i,-0.0,5.579322638146167
5.863,6,prcus-a,0.0,5.579322638146167
5.863,6,ifrms,-0.0,5.579322638146167
5.863,6,sspls-v,0.0,5.579322638146167
5.863,7,mcgs,0.0,5.2727272727272725
5.863,7,pos,-0.0,5.2727272727272725
5.863,7,sbps,-0.0,5.2727272727272725
5.863,7,prculs-d,-0.0,5.2727272727272725
5.863,7,prcus-p,0.0,5.2727272727272725
5.863,7,prcus-i,-0.0,5.2727272727272725
5.863,7,prcus-a,0.0,5.2727272727272725
5.863,7,ifrms,-0.0,5.2727272727272725
5.863,7,sspls-v,0.0,5.2727272727272725
5.863,8,mcgs,0.0,5.363636363636363
5.863,8,pos,-0.0,5.363636363636363
5.863,8,sbps,-0.0,5.363636363636363
5.863,8,prculs-d,-0.0,5.363636363636363
5.863,8,prcus-p,0.0,5.363636363636363
5.863,8,prcus-i,-0.0,5.363636363636363
5.863,8,prcus-a,0.0,5.363636363636363
5.863,8,ifrms,-0.0,5.363636363636363
5.863,8,sspls-v,0.0,5.363636363636363
5.863,9,mcgs,0.0,5.579322638146167
5.863,9,pos,-0.0,5.579322638146167
5.863,9,sbps,-0.0,5.579322638146167
5.863,9,prculs-d,-0.0,5.579322638146167
5.863,9,prcus-p,0.0,5.579322638146167
5.863,9,prcus-i,-0.0,5.579322638146167
5.863,9,prcus-a,0.0,5.579322638146167
5.863,9,ifrms,-0.0,5.579322638146167
5.863,9,sspls-v,0.0,5.579322638146167
5.863,10,mcgs,0.0,5.5151515151515165
5.863,10,pos,-0.0,5.5151515151515165
5.863,10,sbps,-0.0,5.5151515151515165
5.863,10,prculs-d,-0.0,5.5151515151515165
5.863,10,prcus-p,0.0,5.5151515151515165
5.863,10,prcus-i,-0.0,5.5151515151515165
5.863,10,prcus-a,0.0,5.5151515151515165
5.863,10,ifrms,-0.0,5.5151515151515165
5.863,10,sspls-v,0.0,5.5151515151515165
5.863,11,mcgs,0.0,5.611408199643494
5.863,11,pos,-0.0,5.611408199643494
5.863,11,sbps,-0.0,5.611408199643494
5.863,11,prculs-d,-0.0,5.611408199643494
5.863,11,prcus-p,0.0,5.611408199643494
5.863,11,prcus-i,-0.0,5.611408199643494
5.863,11,prcus-a,0.0,5.611408199643494
5.863,11,ifrms,-0.0,5.611408199643494
5.863,11,sspls-v,0.0,5.611408199643494
5.863,12,mcgs,0.0,5.2727272727272725
5.863,12,pos,-0.0,5.2727272727272725
5.863,12,sbps,-0.0,5.2727272727272725
5.863,12,prculs-d,-0.0,5.2727272727272725
5.863,12,prcus-p,0.0,5.2727272727272725
5.863,12,prcus-i,-0.0,5.2727272727272725
5.863,12,prcus-a,-0.0,5.2727272727272725
5.863,12,ifrms,-0.0,5.2727272727272725
5.863,12,sspls-v,0.0,5.2727272727272725
5.863,13,mcgs,0.0,5.363636363636363
5.863,13,pos,-0.0,5.363636363636363
5.863,13,sbps,-0.0,5.363636363636363
5.863,13,prculs-d,-0.0,5.363636363636363
5.863,13,prcus-p,0.0,5.363636363636363
5.863,13,prcus-i,-0.0,5.363636363636363
5.863,13,prcus-a,0.0,5.363636363636363
5.863,13,ifrms,-0.0,5.363636363636363
5.863,13,sspls-v,0.0,5.363636363636363
5.863,14,mcgs,0.0,5.363636363636363
5.863,14,pos,-0.0,5.363636363636363
5.863,14,sbps,-0.0,5.363636363636363
5.863,14,prculs-d,-0.0,5.363636363636363
5.863,14,prcus-p,0.0,5.363636363636363
5.863,14,prcus-i,-0.0,5.363636363636363
5.863,14,prcus-a,0.0,5.363636363636363
5.863,14,ifrms,-0.0,5.363636363636363
5.863,14,sspls-v,0.0,5.363636363636363
5.863,15,mcgs,0.0,5.303030303030303
5.863,15,pos,-0.0,5.303030303030303
5.863,15,sbps,-0.0,5.303030303030303
5.863,15,prculs-d,0.0,5.303030303030303
5.863,15,prcus-p,0.0,5.303030303030303
5.863,15,prcus-i,-0.0,5.303030303030303
5.863,15,prcus-a,0.0,5.303030303030303
5.863,15,ifrms,-0.0,5.303030303030303
5.863,15,sspls-v,0.0,5.303030303030303
5.863,16,mcgs,0.0,5.575757575757576
5.863,16,pos,-0.0,5.575757575757576
5.863,16,sbps,-0.0,5.575757575757576
5.863,16,prculs-d,-0.0,5.575757575757576
5.863,16,prcus-p,0.0,5.575757575757576
5.863,16,prcus-i,-0.0,5.575757575757576
5.863,16,prcus-a,0.0,5.575757575757576
5.863,16,ifrms,-0.0,5.575757575757576
5.863,16,sspls-v,0.0,5.575757575757576
5.863,17,mcgs,0.0,5.393939393939394
5.863,17,pos,-0.0,5.393939393939394
5.863,17,sbps,-0.0,5.393939393939394
5.863,17,prculs-d,-0.0,5.393939393939394
5.863,17,prcus-p,0.0,5.393939393939394
5.863,17,prcus-i,-0.0,5.393939393939394
5.863,17,prcus-a,0.0,5.393939393939394
5.863,17,ifrms,-0.0,5.393939393939394
5.863,17,sspls-v,0.0,5.393939393939394
5.863,18,mcgs,0.0,5.636363636363636
5.863,18,pos,-0.0,5.636363636363636
5.863,18,sbps,-0.0,5.636363636363636
5.863,18,prculs-d,-0.0,5.636363636363636
5.863,18,prcus-p,0.0,5.636363636363636
5.863,18,prcus-i,-0.0,5.636363636363636
5.863,18,prcus-a,0.0,5.636363636363636
5.863,18,ifrms,-0.0,5.636363636363636
5.863,18,sspls-v,0.0,5.636363636363636
5.863,19,mcgs,0.0,5.424242424242426
5.863,19,pos,-0.0,5.424242424242426
5.863,19,sbps,-0.0,5.424242424242426
5.863,19,prculs-d,-0.0,5.424242424242426
5.863,19,prcus-p,0.0,5.424242424242426
5.863,19,prcus-i,-0.0,5.424242424242426
5.863,19,prcus-a,0.0,5.424242424242426
5.863,19,ifrms,-0.0,5.424242424242426
5.863,19,sspls-v,0.0,5.424242424242426
5.863,20,mcgs,-0.0,5.424242424242426
5.863,20,pos,-0.0,5.424242424242426
5.863,20,sbps,-0.0,5.424242424242426
5.863,20,prculs-d,0.0,5.424242424242426
5.863,20,prcus-p,0.0,5.424242424242426
5.863,20,prcus-i,-0.0,5.424242424242426
5.863,20,prcus-a,-0.0,5.424242424242426
5.863,20,ifrms,-0.0,5.424242424242426
5.863,20,sspls-v,0.0,5.424242424242426
5.863,21,mcgs,0.0,5.5151515151515165
5.863,21,pos,-0.0,5.5151515151515165
5.863,21,sbps,-0.0,5.5151515151515165
5.863,21,prculs-d,-0.0,5.5151515151515165
5.863,21,prcus-p,0.0,5.5151515151515165
5.863,21,prcus-i,-0.0,5.5151515151515165
5.863,21,prcus-a,0.0,5.5151515151515165
5.863,21,ifrms,-0.0,5.5151515151515165
5.863,21,sspls-v,0.0,5.5151515151515165
5.863,22,mcgs,0.0,5.606060606060606
5.863,22,pos,-0.0,5.606060606060606
5.863,22,sbps,-0.0,5.606060606060606
5.863,22,prculs-d,-0.0,5.606060606060606
5.863,22,prcus-p,0.0,5.606060606060606
5.863,22,prcus-i,-0.0,5.606060606060606
5.863,22,prcus-a,0.0,5.606060606060606
5.863,22,ifrms,-0.0,5.606060606060606
5.863,22,sspls-v,0.0,5.606060606060606
5.863,23,mcgs,0.0,5.5151515151515165
5.863,23,pos,-0.0,5.5151515151515165
5.863,23,sbps,-0.0,5.5151515151515165
5.863,23,prculs-d,-0.0,5.5151515151515165
5.863,23,prcus-p,0.0,5.5151515151515165
5.863,23,prcus-i,-0.0,5.5151515151515165
5.863,23,prcus-a,0.0,5.5151515151515165
5.863,23,ifrms,-0.0,5.5151515151515165
5.863,23,sspls-v,0.0,5.5151515151515165
5.863,24,mcgs,0.0,5.454545454545456
5.863,24,pos,-0.0,5.454545454545456
5.863,24,sbps,-0.0,5.454545454545456
5.863,24,prculs-d,-0.0,5.454545454545456
5.863,24,prcus-p,0.0,5.454545454545456
5.863,24,prcus-i,-0.0,5.454545454545456
5.863,24,prcus-a,-0.0,5.454545454545456
5.863,24,ifrms,-0.0,5.454545454545456
5.863,24,sspls-v,0.0,5.454545454545456
5.863,25,mcgs,0.0,5.611408199643494
5.863,25,pos,-0.0,5.611408199643494
5.863,25,sbps,-0.0,5.611408199643494
5.863,25,prculs-d,-0.0,5.611408199643494
5.863,25,prcus-p,0.0,5.611408199643494
5.863,25,prcus-i,-0.0,5.611408199643494
5.863,25,prcus-a,0.0,5.611408199643494
5.863,25,ifrms,-0.0,5.611408199643494
5.863,25,sspls-v,0.0,5.611408199643494
5.863,26,mcgs,0.0,5.545454545454546
5.863,26,pos,-0.0,5.545454545454546
5.863,26,sbps,-0.0,5.545454545454546
5.863,26,prculs-d,-0.0,5.545454545454546
5.863,26,prcus-p,0.0,5.545454545454546
5.863,26,prcus-i,-0.0,5.545454545454546
5.863,26,prcus-a,0.0,5.545454545454546
5.863,26,ifrms,-0.0,5.545454545454546
5.863,26,sspls-v,0.0,5.545454545454546
5.863,27,mcgs,0.0,5.575757575757576
5.863,27,pos,-0.0,5.575757575757576
5.863,27,sbps,-0.0,5.575757575757576
5.863,27,prculs-d,-0.0,5.575757575757576
5.863,27,prcus-p,0.0,5.575757575757576
5.863,27,prcus-i,-0.0,5.575757575757576
5.863,27,prcus-a,-0.0,5.575757575757576
5.863,27,ifrms,-0.0,5.575757575757576
5.863,27,sspls-v,0.0,5.575757575757576
5.863,28,mcgs,0.0,5.611408199643494
5.863,28,pos,-0.0,5.611408199643494
5.863,28,sbps,-0.0,5.611408199643494
5.863,28,prculs-d,-0.0,5.611408199643494
5.863,28,prcus-p,0.0,5.611408199643494
5.863,28,prcus-i,-0.0,5.611408199643494
5.863,28,prcus-a,0.0,5.611408199643494
5.863,28,ifrms,-0.0,5.611408199643494
5.863,28,sspls-v,0.0,5.611408199643494
5.863,29,mcgs,-0.0,5.333333333333333
5.863,29,pos,-0.0,5.333333333333333
5.863,29,sbps,-0.0,5.333333333333333
5.863,29,prculs-d,0.0,5.333333333333333
5.863,29,prcus-p,0.0,5.333333333333333
5.863,29,prcus-i,0.0,5.333333333333333
5.863,29,prcus-a,0.0,5.333333333333333
5.863,29,ifrms,-0.0,5.333333333333333
5.863,29,sspls-v,0.0,5.333333333333333
5.863,30,mcgs,0.0,5.575757575757576
5.863,30,pos,-0.0,5.575757575757576
5.863,30,sbps,-0.0,5.575757575757576
5.863,30,prculs-d,-0.0,5.575757575757576
5.863,30,prcus-p,0.0,5.575757575757576
5.863,30,prcus-i,-0.0,5.575757575757576
5.863,30,prcus-a,0.0,5.575757575757576
5.863,30,ifrms,-0.0,5.575757575757576
5.863,30,sspls-v,0.0,5.575757575757576
5.863,31,mcgs,0.0,5.393939393939394
5.863,31,pos,-0.0,5.393939393939394
5.863,31,sbps,-0.0,5.393939393939394
5.863,31,prculs-d,-0.0,5.393939393939394
5.863,31,prcus-p,0.0,5.393939393939394
5.863,31,prcus-i,-0.0,5.393939393939394
5.863,31,prcus-a,0.0,5.393939393939394
5.863,31,ifrms,-0.0,5.393939393939394
5.863,31,sspls-v,0.0,5.393939393939394
5.863,32,mcgs,0.0,5.424242424242426
5.863,32,pos,-0.0,5.424242424242426
5.863,32,sbps,-0.0,5.424242424242426
5.863,32,prculs-d,-0.0,5.424242424242426
5.863,32,prcus-p,0.0,5.424242424242426
5.863,32,prcus-i,-0.0,5.424242424242426
5.863,32,prcus-a,0.0,5.424242424242426
5.863,32,ifrms,-0.0,5.424242424242426
5.863,32,sspls-v,0.0,5.424242424242426
5.863,33,mcgs,0.0,5.575757575757576
5.863,33,pos,-0.0,5.575757575757576
5.863,33,sbps,-0.0,5.575757575757576
5.863,33,prculs-d,-0.0,5.575757575757576
5.863,33,prcus-p,0.0,5.575757575757576
5.863,33,prcus-i,-0.0,5.575757575757576
5.863,33,prcus-a,0.0,5.575757575757576
5.863,33,ifrms,-0.0,5.575757575757576
5.863,33,sspls-v,0.0,5.575757575757576
5.863,34,mcgs,0.0,5.515151515151516
5.863,34,pos,-0.0,5.515151515151516
5.863,34,sbps,-0.0,5.515151515151516
5.863,34,prculs-d,-0.0,5.515151515151516
5.863,34,prcus-p,0.0,5.515151515151516
5.863,34,prcus-i,-0.0,5.515151515151516
5.863,34,prcus-a,-0.0,5.515151515151516
5.863,34,ifrms,-0.0,5.515151515151516
5.863,34,sspls-v,0.0,5.515151515151516
6.268,0,mcgs,0.0,5.575757575757576
6.268,0,pos,-0.0,5.575757575757576
6.268,0,sbps,-0.0,5.575757575757576
6.268,0,prculs-d,-0.0,5.575757575757576
6.268,0,prcus-p,0.0,5.575757575757576
6.268,0,prcus-i,-0.0,5.575757575757576
6.268,0,prcus-a,-0.0,5.575757575757576
6.268,0,ifrms,-0.0,5.575757575757576
6.268,0,sspls-v,0.0,5.575757575757576
6.268,1,mcgs,0.0,5.484848484848485
6.268,1,pos,-0.0,5.484848484848485
6.268,1,sbps,-0.0,5.484848484848485
6.268,1,prculs-d,-0.0,5.484848484848485
6.268,1,prcus-p,0.0,5.484848484848485
6.268,1,prcus-i,-0.0,5.484848484848485
6.268,1,prcus-a,0.0,5.484848484848485
6.268,1,ifrms,-0.0,5.484848484848485
6.268,1,sspls-v,0.0,5.484848484848485
6.268,2,mcgs,0.0,5.424242424242422
6.268,2,pos,-0.0,5.424242424242422
6.268,2,sbps,-0.0,5.424242424242422
6.268,2,prculs-d,-0.0,5.424242424242422
6.268,2,prcus-p,0.0,5.424242424242422
6.268,2,prcus-i,-0.0,5.424242424242422
6.268,2,prcus-a,-0.0,5.424242424242422
6.268,2,ifrms,-0.0,5.424242424242422
6.268,2,sspls-v,0.0,5.424242424242422
6.268,3,mcgs,0.0,5.424242424242422
6.268,3,pos,-0.0,5.424242424242422
6.268,3,sbps,-0.0,5.424242424242422
6.268,3,prculs-d,-0.0,5.424242424242422
6.268,3,prcus-p,0.0,5.424242424242422
6.268,3,prcus-i,-0.0,5.424242424242422
6.268,3,prcus-a,0.0,5.424242424242422
6.268,3,ifrms,-0.0,5.424242424242422
6.268,3,sspls-v,0.0,5.424242424242422
6.268,4,mcgs,0.0,5.424242424242422
6.268,4,pos,-0.0,5.424242424242422
6.268,4,sbps,-0.0,5.424242424242422
6.268,4,prculs-d,-0.0,5.424242424242422
6.268,4,prcus-p,0.0,5.424242424242422
6.268,4,prcus-i,-0.0,5.424242424242422
6.268,4,prcus-a,-0.0,5.424242424242422
6.268,4,ifrms,-0.0,5.424242424242422
6.268,4,sspls-v,0.0,5.424242424242422
6.268,5,mcgs,0.0,5.393939393939394
6.268,5,pos,-0.0,5.393939393939394
6.268,5,sbps,-0.0,5.393939393939394
6.268,5,prculs-d,-0.0,5.393939393939394
6.268,5,prcus-p,0.0,5.393939393939394
6.268,5,prcus-i,-0.0,5.393939393939394
6.268,5,prcus-a,0.0,5.393939393939394
6.268,5,ifrms,-0.0,5.393939393939394
6.268,5,sspls-v,0.0,5.393939393939394
6.268,6,mcgs,0.0,5.579322638146167
6.268,6,pos,-0.0,5.579322638146167
6.268,6,sbps,-0.0,5.579322638146167
6.268,6,prculs-d,-0.0,5.579322638146167
6.268,6,prcus-p,0.0,5.579322638146167
6.268,6,prcus-i,-0.0,5.579322638146167
6.268,6,prcus-a,0.0,5.579322638146167
6.268,6,ifrms,-0.0,5.579322638146167
6.268,6,sspls-v,0.0,5.579322638146167
6.268,7,mcgs,0.0,5.2727272727272725
6.268,7,pos,-0.0,5.2727272727272725
6.268,7,sbps,-0.0,5.2727272727272725
6.268,7,prculs-d,-0.0,5.2727272727272725
6.268,7,prcus-p,0.0,5.2727272727272725
6.268,7,prcus-i,-0.0,5.2727272727272725
6.268,7,prcus-a,0.0,5.2727272727272725
6.268,7,ifrms,-0.0,5.2727272727272725
6.268,7,sspls-v,0.0,5.2727272727272725
6.268,8,mcgs,0.0,5.363636363636363
6.268,8,pos,-0.0,5.363636363636363
6.268,8,sbps,-0.0,5.363636363636363
6.268,8,prculs-d,-0.0,5.363636363636363
6.268,8,prcus-p,0.0,5.363636363636363
6.268,8,prcus-i,-0.0,5.363636363636363
6.268,8,prcus-a,0.0,5.363636363636363
6.268,8,ifrms,-0.0,5.363636363636363
6.268,8,sspls-v,0.0,5.363636363636363
6.268,9,mcgs,0.0,5.579322638146167
6.268,9,pos,-0.0,5.579322638146167
6.268,9,sbps,-0.0,5.579322638146167
6.268,9,prculs-d,-0.0,5.579322638146167
6.268,9,prcus-p,0.0,5.579322638146167
6.268,9,prcus-i,-0.0,5.579322638146167
6.268,9,prcus-a,0.0,5.579322638146167
6.268,9,ifrms,-0.0,5.579322638146167
6.268,9,sspls-v,0.0,5.579322638146167
6.268,10,mcgs,0.0,5.5151515151515165
6.268,10,pos,-0.0,5.5151515151515165
6.268,10,sbps,-0.0,5.5151515151515165
6.268,10,prculs-d,-0.0,5.5151515151515165
6.268,10,prcus-p,0.0,5.5151515151515165
6.268,10,prcus-i,-0.0,5.5151515151515165
6.268,10,prcus-a,0.0,5.5151515151515165
6.268,10,ifrms,-0.0,5.5151515151515165
6.268,10,sspls-v,0.0,5.5151515151515165
6.268,11,mcgs,0.0,5.611408199643494
6.268,11,pos,-0.0,5.611408199643494
6.268,11,sbps,-0.0,5.611408199643494
6.268,11,prculs-d,-0.0,5.611408199643494
6.268,11,prcus-p,0.0,5.611408199643494
6.268,11,prcus-i,-0.0,5.611408199643494
6.268,11,prcus-a,0.0,5.611408199643494
6.268,11,ifrms,-0.0,5.611408199643494
6.268,11,sspls-v,0.0,5.611408199643494
6.268,12,mcgs,0.0,5.2727272727272725
6.268,12,pos,-0.0,5.2727272727272725
6.268,12,sbps,-0.0,5.2727272727272725
6.268,12,prculs-d,-0.0,5.2727272727272725
6.268,12,prcus-p,0.0,5.2727272727272725
6.268,12,prcus-i,-0.0,5.2727272727272725
6.268,12,prcus-a,-0.0,5.2727272727272725
6.268,12,ifrms,-0.0,5.2727272727272725
6.268,12,sspls-v,0.0,5.2727272727272725
6.268,13,mcgs,0.0,5.363636363636363
6.268,13,pos,-0.0,5.363636363636363
6.268,13,sbps,-0.0,5.363636363636363
6.268,13,prculs-d,-0.0,5.363636363636363
6.268,13,prcus-p,0.0,5.363636363636363
6.268,13,prcus-i,-0.0,5.363636363636363
6.268,13,prcus-a,0.0,5.363636363636363
6.268,13,ifrms,-0.0,5.363636363636363
6.268,13,sspls-v,0.0,5.363636363636363
6.268,14,mcgs,0.0,5.363636363636363
6.268,14,pos,-0.0,5.363636363636363
6.268,14,sbps,-0.0,5.363636363636363
6.268,14,prculs-d,-0.0,5.363636363636363
6.268,14,prcus-p,0.0,5.363636363636363
6.268,14,prcus-i,-0.0,5.363636363636363
6.268,14,prcus-a,0.0,5.363636363636363
6.268,14,ifrms,-0.0,5.363636363636363
6.268,14,sspls-v,0.0,5.363636363636363
6.268,15,mcgs,0.0,5.303030303030303
6.268,15,pos,-0.0,5.303030303030303
6.268,15,sbps,-0.0,5.303030303030303
6.268,15,prculs-d,0.0,5.303030303030303
6.268,15,prcus-p,0.0,5.303030303030303
6.268,15,prcus-i,-0.0,5.303030303030303
6.268,15,prcus-a,0.0,5.303030303030303
6.268,15,ifrms,-0.0,5.303030303030303
6.268,15,sspls-v,0.0,5.303030303030303
6.268,16,mcgs,0.0,5.575757575757576
6.268,16,pos,-0.0,5.575757575757576
6.268,16,sbps,-0.0,5.575757575757576
6.268,16,prculs-d,-0.0,5.575757575757576
6.268,16,prcus-p,0.0,5.575757575757576
6.268,16,prcus-i,-0.0,5.575757575757576
6.268,16,prcus-a,0.0,5.575757575757576
6.268,16,ifrms,-0.0,5.575757575757576
6.268,16,sspls-v,0.0,5.575757575757576
6.268,17,mcgs,0.0,5.393939393939394
6.268,17,pos,-0.0,5.393939393939394
6.268,17,sbps,-0.0,5.393939393939394
6.268,17,prculs-d,-0.0,5.393939393939394
6.268,17,prcus-p,0.0,5.393939393939394
6.268,17,prcus-i,-0.0,5.393939393939394
6.268,17,prcus-a,0.0,5.393939393939394
6.268,17,ifrms,-0.0,5.393939393939394
6.268,17,sspls-v,0.0,5.393939393939394
6.268,18,mcgs,0.0,5.636363636363636
6.268,18,pos,-0.0,5.636363636363636
6.268,18,sbps,-0.0,5.636363636363636
6.268,18,prculs-d,-0.0,5.636363636363636
6.268,18,prcus-p,0.0,5.636363636363636
6.268,18,prcus-i,-0.0,5.636363636363636
6.268,18,prcus-a,0.0,5.636363636363636
6.268,18,ifrms,-0.0,5.636363636363636
6.268,18,sspls-v,0.0,5.636363636363636
6.268,19,mcgs,0.0,5.424242424242426
6.268,19,pos,-0.0,5.424242424242426
6.268,19,sbps,-0.0,5.424242424242426
6.268,19,prculs-d,-0.0,5.424242424242426
6.268,19,prcus-p,0.0,5.424242424242426
6.268,19,prcus-i,-0.0,5.424242424242426
6.268,19,prcus-a,0.0,5.424242424242426
6.268,19,ifrms,-0.0,5.424242424242426
6.268,19,sspls-v,0.0,5.424242424242426
6.268,20,mcgs,-0.0,5.424242424242426
6.268,20,pos,-0.0,5.424242424242426
6.268,20,sbps,-0.0,5.424242424242426
6.268,20,prculs-d,0.0,5.424242424242426
6.268,20,prcus-p,0.0,5.424242424242426
6.268,20,prcus-i,-0.0,5.424242424242426
6.268,20,prcus-a,-0.0,5.424242424242426
6.268,20,ifrms,-0.0,5.424242424242426
6.268,20,sspls-v,0.0,5.424242424242426
6.268,21,mcgs,0.0,5.5151515151515165
6.268,21,pos,-0.0,5.5151515151515165
6.268,21,sbps,-0.0,5.5151515151515165
6.268,21,prculs-d,-0.0,5.5151515151515165
6.268,21,prcus-p,0.0,5.5151515151515165
6.268,21,prcus-i,-0.0,5.5151515151515165
6.268,21,prcus-a,0.0,5.5151515151515165
6.268,21,ifrms,-0.0,5.5151515151515165
6.268,21,sspls-v,0.0,5.5151515151515165
6.268,22,mcgs,0.0,5.606060606060606
6.268,22,pos,-0.0,5.606060606060606
6.268,22,sbps,-0.0,5.606060606060606
6.268,22,prculs-d,-0.0,5.606060606060606
6.268,22,prcus-p,0.0,5.606060606060606
6.268,22,prcus-i,-0.0,5.606060606060606
6.268,22,prcus-a,0.0,5.606060606060606
6.268,22,ifrms,-0.0,5.606060606060606
6.268,22,sspls-v,0.0,5.606060606060606
6.268,23,mcgs,0.0,5.5151515151515165
6.268,23,pos,-0.0,5.5151515151515165
6.268,23,sbps,-0.0,5.5151515151515165
6.268,23,prculs-d,-0.0,5.5151515151515165
6.268,23,prcus-p,0.0,5.5151515151515165
6.268,23,prcus-i,-0.0,5.5151515151515165
6.268,23,prcus-a,0.0,5.5151515151515165
6.268,23,ifrms,-0.0,5.5151515151515165
6.268,23,sspls-v,0.0,5.5151515151515165
6.268,24,mcgs,0.0,5.454545454545456
6.268,24,pos,-0.0,5.454545454545456
6.268,24,sbps,-0.0,5.454545454545456
6.268,24,prculs-d,-0.0,5.454545454545456
6.268,24,prcus-p,0.0,5.454545454545456
6.268,24,prcus-i,-0.0,5.454545454545456
6.268,24,prcus-a,-0.0,5.454545454545456
6.268,24,ifrms,-0.0,5.454545454545456
6.268,24,sspls-v,0.0,5.454545454545456
6.268,25,mcgs,0.0,5.611408199643494
6.268,25,pos,-0.0,5.611408199643494
6.268,25,sbps,-0.0,5.611408199643494
6.268,25,prculs-d,-0.0,5.611408199643494
6.268,25,prcus-p,0.0,5.611408199643494
6.268,25,prcus-i,-0.0,5.611408199643494
6.268,25,prcus-a,0.0,5.611408199643494
6.268,25,ifrms,-0.0,5.611408199643494
6.268,25,sspls-v,0.0,5.611408199643494
6.268,26,mcgs,0.0,5.545454545454546
6.268,26,pos,-0.0,5.545454545454546
6.268,26,sbps,-0.0,5.545454545454546
6.268,26,prculs-d,-0.0,5.545454545454546
6.268,26,prcus-p,0.0,5.545454545454546
6.268,26,prcus-i,-0.0,5.545454545454546
6.268,26,prcus-a,0.0,5.545454545454546
6.268,26,ifrms,-0.0,5.545454545454546
6.268,26,sspls-v,0.0,5.545454545454546
6.268,27,mcgs,0.0,5.575757575757576
6.268,27,pos,-0.0,5.575757575757576
6.268,27,sbps,-0.0,5.575757575757576
6.268,27,prculs-d,-0.0,5.575757575757576
6.268,27,prcus-p,0.0,5.575757575757576
6.268,27,prcus-i,-0.0,5.575757575757576
6.268,27,prcus-a,-0.0,5.575757575757576
6.268,27,ifrms,-0.0,5.575757575757576
6.268,27,sspls-v,0.0,5.575757575757576
6.268,28,mcgs,0.0,5.611408199643494
6.268,28,pos,-0.0,5.611408199643494
6.268,28,sbps,-0.0,5.611408199643494
6.268,28,prculs-d,-0.0,5.611408199643494
6.268,28,prcus-p,0.0,5.611408199643494
6.268,28,prcus-i,-0.0,5.611408199643494
6.268,28,prcus-a,0.0,5.611408199643494
6.268,28,ifrms,-0.0,5.611408199643494
6.268,28,sspls-v,0.0,5.611408199643494
6.268,29,mcgs,-0.0,5.333333333333333
6.268,29,pos,-0.0,5.333333333333333
6.268,29,sbps,-0.0,5.333333333333333
6.268,29,prculs-d,0.0,5.333333333333333
6.268,29,prcus-p,0.0,5.333333333333333
6.268,29,prcus-i,0.0,5.333333333333333
6.268,29,prcus-a,0.0,5.333333333333333
6.268,29,ifrms,-0.0,5.333333333333333
6.268,29,sspls-v,0.0,5.333333333333333
6.268,30,mcgs,0.0,5.575757575757576
6.268,30,pos,-0.0,5.575757575757576
6.268,30,sbps,-0.0,5.575757575757576
6.268,30,prculs-d,-0.0,5.575757575757576
6.268,30,prcus-p,0.0,5.575757575757576
6.268,30,prcus-i,-0.0,5.575757575757576
6.268,30,prcus-a,0.0,5.575757575757576
6.268,30,ifrms,-0.0,5.575757575757576
6.268,30,sspls-v,0.0,5.575757575757576
6.268,31,mcgs,0.0,5.393939393939394
6.268,31,pos,-0.0,5.393939393939394
6.268,31,sbps,-0.0,5.393939393939394
6.268,31,prculs-d,-0.0,5.393939393939394
6.268,31,prcus-p,0.0,5.393939393939394
6.268,31,prcus-i,-0.0,5.393939393939394
6.268,31,prcus-a,0.0,5.393939393939394
6.268,31,ifrms,-0.0,5.393939393939394
6.268,31,sspls-v,0.0,5.393939393939394
6.268,32,mcgs,0.0,5.424242424242426
6.268,32,pos,-0.0,5.424242424242426
6.268,32,sbps,-0.0,5.424242424242426
6.268,32,prculs-d,-0.0,5.424242424242426
6.268,32,prcus-p,0.0,5.424242424242426
6.268,32,prcus-i,-0.0,5.424242424242426
6.268,32,prcus-a,0.0,5.424242424242426
6.268,32,ifrms,-0.0,5.424242424242426
6.268,32,sspls-v,0.0,5.424242424242426
6.268,33,mcgs,0.0,5.575757575757576
6.268,33,pos,-0.0,5.575757575757576
6.268,33,sbps,-0.0,5.575757575757576
6.268,33,prculs-d,-0.0,5.575757575757576
6.268,33,prcus-p,0.0,5.575757575757576
6.268,33,prcus-i,-0.0,5.575757575757576
6.268,33,prcus-a,0.0,5.575757575757576
6.268,33,ifrms,-0.0,5.575757575757576
6.268,33,sspls-v,0.0,5.575757575757576
6.268,34,mcgs,0.0,5.515151515151516
6.268,34,pos,-0.0,5.515151515151516
6.268,34,sbps,-0.0,5.515151515151516
6.268,34,prculs-d,-0.0,5.515151515151516
6.268,34,prcus-p,0.0,5.515151515151516
6.268,34,prcus-i,-0.0,5.515151515151516
6.268,34,prcus-a,-0.0,5.515151515151516
6.268,34,ifrms,-0.0,5.515151515151516
6.268,34,sspls-v,0.0,5.515151515151516
6.7,0,mcgs,0.0,5.575757575757576
6.7,0,pos,-0.0,5.575757575757576
6.7,0,sbps,-0.0,5.575757575757576
6.7,0,prculs-d,-0.0,5.575757575757576
6.7,0,prcus-p,0.0,5.575757575757576
6.7,0,prcus-i,-0.0,5.575757575757576
6.7,0,prcus-a,-0.0,5.575757575757576
6.7,0,ifrms,-0.0,5.575757575757576
6.7,0,sspls-v,0.0,5.575757575757576
6.7,1,mcgs,0.0,5.484848484848485
6.7,1,pos,-0.0,5.484848484848485
6.7,1,sbps,-0.0,5.484848484848485
6.7,1,prculs-d,-0.0,5.484848484848485
6.7,1,prcus-p,0.0,5.484848484848485
6.7,1,prcus-i,-0.0,5.484848484848485
6.7,1,prcus-a,0.0,5.484848484848485
6.7,1,ifrms,-0.0,5.484848484848485
6.7,1,sspls-v,0.0,5.484848484848485
6.7,2,mcgs,0.0,5.424242424242422
6.7,2,pos,-0.0,5.424242424242422
6.7,2,sbps,-0.0,5.424242424242422
6.7,2,prculs-d,-0.0,5.424242424242422
6.7,2,prcus-p,0.0,5.424242424242422
6.7,2,prcus-i,-0.0,5.424242424242422
6.7,2,prcus-a,-0.0,5.424242424242422
6.7,2,ifrms,-0.0,5.424242424242422
6.7,2,sspls-v,0.0,5.424242424242422
6.7,3,mcgs,0.0,5.424242424242422
6.7,3,pos,-0.0,5.424242424242422
6.7,3,sbps,-0.0,5.424242424242422
6.7,3,prculs-d,-0.0,5.424242424242422
6.7,3,prcus-p,0.0,5.424242424242422
6.7,3,prcus-i,-0.0,5.424242424242422
6.7,3,prcus-a,0.0,5.424242424242422
6.7,3,ifrms,-0.0,5.424242424242422
6.7,3,sspls-v,0.0,5.424242424242422
6.7,4,mcgs,0.0,5.424242424242422
6.7,4,pos,-0.0,5.424242424242422
6.7,4,sbps,-0.0,5.424242424242422
6.7,4,prculs-d,-0.0,5.424242424242422
6.7,4,prcus-p,0.0,5.424242424242422
6.7,4,prcus-i,-0.0,5.424242424242422
6.7,4,prcus-a,-0.0,5.424242424242422
6.7,4,ifrms,-0.0,5.424242424242422
6.7,4,sspls-v,0.0,5.424242424242422
6.7,5,mcgs,0.0,5.393939393939394
6.7,5,pos,-0.0,5.393939393939394
6.7,5,sbps,-0.0,5.393939393939394
6.7,5,prculs-d,-0.0,5.393939393939394
6.7,5,prcus-p,0.0,5.393939393939394
6.7,5,prcus-i,-0.0,5.393939393939394
6.7,5,prcus-a,0.0,5.393939393939394
6.7,5,ifrms,-0.0,5.393939393939394
6.7,5,sspls-v,0.0,5.393939393939394
6.7,6,mcgs,0.0,5.579322638146167
6.7,6,pos,-0.0,5.579322638146167
6.7,6,sbps,-0.0,5.579322638146167
6.7,6,prculs-d,-0.0,5.579322638146167
6.7,6,prcus-p,0.0,5.579322638146167
6.7,6,prcus-i,-0.0,5.579322638146167
6.7,6,prcus-a,0.0,5.579322638146167
6.7,6,ifrms,-0.0,5.579322638146167
6.7,6,sspls-v,0.0,5.579322638146167
6.7,7,mcgs,0.0,5.2727272727272725
6.7,7,pos,-0.0,5.2727272727272725
6.7,7,sbps,-0.0,5.2727272727272725
6.7,7,prculs-d,-0.0,5.2727272727272725
6.7,7,prcus-p,0.0,5.2727272727272725
6.7,7,prcus-i,-0.0,5.2727272727272725
6.7,7,prcus-a,0.0,5.2727272727272725
6.7,7,ifrms,-0.0,5.2727272727272725
6.7,7,sspls-v,0.0,5.2727272727272725
6.7,8,mcgs,0.0,5.363636363636363
6.7,8,pos,-0.0,5.363636363636363
6.7,8,sbps,-0.0,5.363636363636363
6.7,8,prculs-d,-0.0,5.363636363636363
6.7,8,prcus-p,0.0,5.363636363636363
6.7,8,prcus-i,-0.0,5.363636363636363
6.7,8,prcus-a,0.0,5.363636363636363
6.7,8,ifrms,-0.0,5.363636363636363
6.7,8,sspls-v,0.0,5.363636363636363
6.7,9,mcgs,0.0,5.579322638146167
6.7,9,pos,-0.0,5.579322638146167
6.7,9,sbps,-0.0,5.579322638146167
6.7,9,prculs-d,-0.0,5.579322638146167
6.7,9,prcus-p,0.0,5.579322638146167
6.7,9,prcus-i,-0.0,5.579322638146167
6.7,9,prcus-a,0.0,5.579322638146167
6.7,9,ifrms,-0.0,5.579322638146167
6.7,9,sspls-v,0.0,5.579322638146167
6.7,10,mcgs,0.0,5.5151515151515165
6.7,10,pos,-0.0,5.5151515151515165
6.7,10,sbps,-0.0,5.5151515151515165
6.7,10,prculs-d,-0.0,5.5151515151515165
6.7,10,prcus-p,0.0,5.5151515151515165
6.7,10,prcus-i,-0.0,5.5151515151515165
6.7,10,prcus-a,0.0,5.5151515151515165
6.7,10,ifrms,-0.0,5.5151515151515165
6.7,10,sspls-v,0.0,5.5151515151515165
6.7,11,mcgs,0.0,5.611408199643494
6.7,11,pos,-0.0,5.611408199643494
6.7,11,sbps,-0.0,5.611408199643494
6.7,11,prculs-d,-0.0,5.611408199643494
6.7,11,prcus-p,0.0,5.611408199643494
6.7,11,prcus-i,-0.0,5.611408199643494
6.7,11,prcus-a,0.0,5.611408199643494
6.7,11,ifrms,-0.0,5.611408199643494
6.7,11,sspls-v,0.0,5.611408199643494
6.7,12,mcgs,0.0,5.2727272727272725
6.7,12,pos,-0.0,5.2727272727272725
6.7,12,sbps,-0.0,5.2727272727272725
6.7,12,prculs-d,-0.0,5.2727272727272725
6.7,12,prcus-p,0.0,5.2727272727272725
6.7,12,prcus-i,-0.0,5.2727272727272725
6.7,12,prcus-a,-0.0,5.2727272727272725
6.7,12,ifrms,-0.0,5.2727272727272725
6.7,12,sspls-v,0.0,5.2727272727272725
6.7,13,mcgs,0.0,5.363636363636363
6.7,13,pos,-0.0,5.363636363636363
6.7,13,sbps,-0.0,5.363636363636363
6.7,13,prculs-d,-0.0,5.363636363636363
6.7,13,prcus-p,0.0,5.363636363636363
6.7,13,prcus-i,-0.0,5.363636363636363
6.7,13,prcus-a,0.0,5.363636363636363
6.7,13,ifrms,-0.0,5.363636363636363
6.7,13,sspls-v,0.0,5.363636363636363
6.7,14,mcgs,0.0,5.363636363636363
6.7,14,pos,-0.0,5.363636363636363
6.7,14,sbps,-0.0,5.363636363636363
6.7,14,prculs-d,-0.0,5.363636363636363
6.7,14,prcus-p,0.0,5.363636363636363
6.7,14,prcus-i,-0.0,5.363636363636363
6.7,14,prcus-a,0.0,5.363636363636363
6.7,14,ifrms,-0.0,5.363636363636363
6.7,14,sspls-v,0.0,5.363636363636363
6.7,15,mcgs,0.0,5.303030303030303
6.7,15,pos,-0.0,5.303030303030303
6.7,15,sbps,-0.0,5.303030303030303
6.7,15,prculs-d,0.0,5.303030303030303
6.7,15,prcus-p,0.0,5.303030303030303
6.7,15,prcus-i,-0.0,5.303030303030303
6.7,15,prcus-a,0.0,5.303030303030303
6.7,15,ifrms,-0.0,5.303030303030303
6.7,15,sspls-v,0.0,5.303030303030303
6.7,16,mcgs,0.0,5.575757575757576
6.7,16,pos,-0.0,5.575757575757576
6.7,16,sbps,-0.0,5.575757575757576
6.7,16,prculs-d,-0.0,5.575757575757576
6.7,16,prcus-p,0.0,5.575757575757576
6.7,16,prcus-i,-0.0,5.575757575757576
6.7,16,prcus-a,0.0,5.575757575757576
6.7,16,ifrms,-0.0,5.575757575757576
6.7,16,sspls-v,0.0,5.575757575757576
6.7,17,mcgs,0.0,5.393939393939394
6.7,17,pos,-0.0,5.393939393939394
6.7,17,sbps,-0.0,5.393939393939394
6.7,17,prculs-d,-0.0,5.393939393939394
6.7,17,prcus-p,0.0,5.393939393939394
6.7,17,prcus-i,-0.0,5.393939393939394
6.7,17,prcus-a,0.0,5.393939393939394
6.7,17,ifrms,-0.0,5.393939393939394
6.7,17,sspls-v,0.0,5.393939393939394
6.7,18,mcgs,0.0,5.636363636363636
6.7,18,pos,-0.0,5.636363636363636
6.7,18,sbps,-0.0,5.636363636363636
6.7,18,prculs-d,-0.0,5.636363636363636
6.7,18,prcus-p,0.0,5.636363636363636
6.7,18,prcus-i,-0.0,5.636363636363636
6.7,18,prcus-a,0.0,5.636363636363636
6.7,18,ifrms,-0.0,5.636363636363636
6.7,18,sspls-v,0.0,5.636363636363636
6.7,19,mcgs,0.0,5.424242424242426
6.7,19,pos,-0.0,5.424242424242426
6.7,19,sbps,-0.0,5.424242424242426
6.7,19,prculs-d,-0.0,5.424242424242426
6.7,19,prcus-p,0.0,5.424242424242426
6.7,19,prcus-i,-0.0,5.424242424242426
6.7,19,prcus-a,0.0,5.424242424242426
6.7,19,ifrms,-0.0,5.424242424242426
6.7,19,sspls-v,0.0,5.424242424242426
6.7,20,mcgs,-0.0,5.424242424242426
6.7,20,pos,-0.0,5.424242424242426
6.7,20,sbps,-0.0,5.424242424242426
6.7,20,prculs-d,0.0,5.424242424242426
6.7,20,prcus-p,0.0,5.424242424242426
6.7,20,prcus-i,-0.0,5.424242424242426
6.7,20,prcus-a,-0.0,5.424242424242426
6.7,20,ifrms,-0.0,5.424242424242426
6.7,20,sspls-v,0.0,5.424242424242426
6.7,21,mcgs,0.0,5.5151515151515165
6.7,21,pos,-0.0,5.5151515151515165
6.7,21,sbps,-0.0,5.5151515151515165
6.7,21,prculs-d,-0.0,5.5151515151515165
6.7,21,prcus-p,0.0,5.5151515151515165
6.7,21,prcus-i,-0.0,5.5151515151515165
6.7,21,prcus-a,0.0,5.5151515151515165
6.7,21,ifrms,-0.0,5.5151515151515165
6.7,21,sspls-v,0.0,5.5151515151515165
6.7,22,mcgs,0.0,5.606060606060606
6.7,22,pos,-0.0,5.606060606060606
6.7,22,sbps,-0.0,5.606060606060606
6.7,22,prculs-d,-0.0,5.606060606060606
6.7,22,prcus-p,0.0,5.606060606060606
6.7,22,prcus-i,-0.0,5.606060606060606
6.7,22,prcus-a,0.0,5.606060606060606
6.7,22,ifrms,-0.0,5.606060606060606
6.7,22,sspls-v,0.0,5.606060606060606
6.7,23,mcgs,0.0,5.5151515151515165
6.7,23,pos,-0.0,5.5151515151515165
6.7,23,sbps,-0.0,5.5151515151515165
6.7,23,prculs-d,-0.0,5.5151515151515165
6.7,23,prcus-p,0.0,5.5151515151515165
6.7,23,prcus-i,-0.0,5.5151515151515165
6.7,23,prcus-a,0.0,5.5151515151515165
6.7,23,ifrms,-0.0,5.5151515151515165
6.7,23,sspls-v,0.0,5.5151515151515165
6.7,24,mcgs,0.0,5.454545454545456
6.7,24,pos,-0.0,5.454545454545456
6.7,24,sbps,-0.0,5.454545454545456
6.7,24,prculs-d,-0.0,5.454545454545456
6.7,24,prcus-p,0.0,5.454545454545456
6.7,24,prcus-i,-0.0,5.454545454545456
6.7,24,prcus-a,-0.0,5.454545454545456
6.7,24,ifrms,-0.0,5.454545454545456
6.7,24,sspls-v,0.0,5.454545454545456
6.7,25,mcgs,0.0,5.611408199643494
6.7,25,pos,-0.0,5.611408199643494
6.7,25,sbps,-0.0,5.611408199643494
6.7,25,prculs-d,-0.0,5.611408199643494
6.7,25,prcus-p,0.0,5.611408199643494
6.7,25,prcus-i,-0.0,5.611408199643494
6.7,25,prcus-a,0.0,5.611408199643494
6.7,25,ifrms,-0.0,5.611408199643494
6.7,25,sspls-v,0.0,5.611408199643494
6.7,26,mcgs,0.0,5.545454545454546
6.7,26,pos,-0.0,5.545454545454546
6.7,26,sbps,-0.0,5.545454545454546
6.7,26,prculs-d,-0.0,5.545454545454546
6.7,26,prcus-p,0.0,5.545454545454546
6.7,26,prcus-i,-0.0,5.545454545454546
6.7,26,prcus-a,0.0,5.545454545454546
6.7,26,ifrms,-0.0,5.545454545454546
6.7,26,sspls-v,0.0,5.545454545454546
6.7,27,mcgs,0.0,5.575757575757576
6.7,27,pos,-0.0,5.575757575757576
6.7,27,sbps,-0.0,5.575757575757576
6.7,27,prculs-d,-0.0,5.575757575757576
6.7,27,prcus-p,0.0,5.575757575757576
6.7,27,prcus-i,-0.0,5.575757575757576
6.7,27,prcus-a,-0.0,5.575757575757576
6.7,27,ifrms,-0.0,5.575757575757576
6.7,27,sspls-v,0.0,5.575757575757576
6.7,28,mcgs,0.0,5.611408199643494
6.7,28,pos,-0.0,5.611408199643494
6.7,28,sbps,-0.0,5.611408199643494
6.7,28,prculs-d,-0.0,5.611408199643494
6.7,28,prcus-p,0.0,5.611408199643494
6.7,28,prcus-i,-0.0,5.611408199643494
6.7,28,prcus-a,0.0,5.611408199643494
6.7,28,ifrms,-0.0,5.611408199643494
6.7,28,sspls-v,0.0,5.611408199643494
6.7,29,mcgs,-0.0,5.333333333333333
6.7,29,pos,-0.0,5.333333333333333
6.7,29,sbps,-0.0,5.333333333333333
6.7,29,prculs-d,0.0,5.333333333333333
6.7,29,prcus-p,0.0,5.333333333333333
6.7,29,prcus-i,0.0,5.333333333333333
6.7,29,prcus-a,0.0,5.333333333333333
6.7,29,ifrms,-0.0,5.333333333333333
6.7,29,sspls-v,0.0,5.333333333333333
6.7,30,mcgs,0.0,5.575757575757576
6.7,30,pos,-0.0,5.575757575757576
6.7,30,sbps,-0.0,5.575757575757576
6.7,30,prculs-d,-0.0,5.575757575757576
6.7,30,prcus-p,0.0,5.575757575757576
6.7,30,prcus-i,-0.0,5.575757575757576
6.7,30,prcus-a,0.0,5.575757575757576
6.7,30,ifrms,-0.0,5.575757575757576
6.7,30,sspls-v,0.0,5.575757575757576
6.7,31,mcgs,0.0,5.393939393939394
6.7,31,pos,-0.0,5.393939393939394
6.7,31,sbps,-0.0,5.393939393939394
6.7,31,prculs-d,-0.0,5.393939393939394
6.7,31,prcus-p,0.0,5.393939393939394
6.7,31,prcus-i,-0.0,5.393939393939394
6.7,31,prcus-a,0.0,5.393939393939394
6.7,31,ifrms,-0.0,5.393939393939394
6.7,31,sspls-v,0.0,5.393939393939394
6.7,32,mcgs,0.0,5.424242424242426
6.7,32,pos,-0.0,5.424242424242426
6.7,32,sbps,-0.0,5.424242424242426
6.7,32,prculs-d,-0.0,5.424242424242426
6.7,32,prcus-p,0.0,5.424242424242426
6.7,32,prcus-i,-0.0,5.424242424242426
6.7,32,prcus-a,0.0,5.424242424242426
6.7,32,ifrms,-0.0,5.424242424242426
6.7,32,sspls-v,0.0,5.424242424242426
6.7,33,mcgs,0.0,5.575757575757576
6.7,33,pos,-0.0,5.575757575757576
6.7,33,sbps,-0.0,5.575757575757576
6.7,33,prculs-d,-0.0,5.575757575757576
6.7,33,prcus-p,0.0,5.575757575757576
6.7,33,prcus-i,-0.0,5.575757575757576
6.7,33,prcus-a,0.0,5.575757575757576
6.7,33,ifrms,-0.0,5.575757575757576
6.7,33,sspls-v,0.0,5.575757575757576
6.7,34,mcgs,0.0,5.515151515151516
6.7,34,pos,-0.0,5.515151515151516
6.7,34,sbps,-0.0,5.515151515151516
6.7,34,prculs-d,-0.0,5.515151515151516
6.7,34,prcus-p,0.0,5.515151515151516
6.7,34,prcus-i,-0.0,5.515151515151516
6.7,34,prcus-a,-0.0,5.515151515151516
6.7,34,ifrms,-0.0,5.515151515151516
6.7,34,sspls-v,0.0,5.515151515151516
7.163,0,mcgs,0.0,5.575757575757576
7.163,0,pos,-0.0,5.575757575757576
7.163,0,sbps,-0.0,5.575757575757576
7.163,0,prculs-d,-0.0,5.575757575757576
7.163,0,prcus-p,0.0,5.575757575757576
7.163,0,prcus-i,-0.0,5.575757575757576
7.163,0,prcus-a,-0.0,5.575757575757576
7.163,0,ifrms,-0.0,5.575757575757576
7.163,0,sspls-v,0.0,5.575757575757576
7.163,1,mcgs,0.0,5.484848484848485
7.163,1,pos,-0.0,5.484848484848485
7.163,1,sbps,-0.0,5.484848484848485
7.163,1,prculs-d,-0.0,5.484848484848485
7.163,1,prcus-p,0.0,5.484848484848485
7.163,1,prcus-i,-0.0,5.484848484848485
7.163,1,prcus-a,0.0,5.484848484848485
7.163,1,ifrms,-0.0,5.484848484848485
7.163,1,sspls-v,0.0,5.484848484848485
7.163,2,mcgs,0.0,5.424242424242422
7.163,2,pos,-0.0,5.424242424242422
7.163,2,sbps,-0.0,5.424242424242422
7.163,2,prculs-d,-0.0,5.424242424242422
7.163,2,prcus-p,0.0,5.424242424242422
7.163,2,prcus-i,-0.0,5.424242424242422
7.163,2,prcus-a,-0.0,5.424242424242422
7.163,2,ifrms,-0.0,5.424242424242422
7.163,2,sspls-v,0.0,5.424242424242422
7.163,3,mcgs,0.0,5.424242424242422
7.163,3,pos,-0.0,5.424242424242422
7.163,3,sbps,-0.0,5.424242424242422
7.163,3,prculs-d,-0.0,5.424242424242422
7.163,3,prcus-p,0.0,5.424242424242422
7.163,3,prcus-i,-0.0,5.424242424242422
7.163,3,prcus-a,0.0,5.424242424242422
7.163,3,ifrms,-0.0,5.424242424242422
7.163,3,sspls-v,0.0,5.424242424242422
7.163,4,mcgs,0.0,5.424242424242422
7.163,4,pos,-0.0,5.424242424242422
7.163,4,sbps,-0.0,5.424242424242422
7.163,4,prculs-d,-0.0,5.424242424242422
7.163,4,prcus-p,0.0,5.424242424242422
7.163,4,prcus-i,-0.0,5.424242424242422
7.163,4,prcus-a,-0.0,5.424242424242422
7.163,4,ifrms,-0.0,5.424242424242422
7.163,4,sspls-v,0.0,5.424242424242422
7.163,5,mcgs,0.0,5.393939393939394
7.163,5,pos,-0.0,5.393939393939394
7.163,5,sbps,-0.0,5.393939393939394
7.163,5,prculs-d,-0.0,5.393939393939394
7.163,5,prcus-p,0.0,5.393939393939394
7.163,5,prcus-i,-0.0,5.393939393939394
7.163,5,prcus-a,0.0,5.393939393939394
7.163,5,ifrms,-0.0,5.393939393939394
7.163,5,sspls-v,0.0,5.393939393939394
7.163,6,mcgs,0.0,5.579322638146167
7.163,6,pos,-0.0,5.579322638146167
7.163,6,sbps,-0.0,5.579322638146167
7.163,6,prculs-d,-0.0,5.579322638146167
7.163,6,prcus-p,0.0,5.579322638146167
7.163,6,prcus-i,-0.0,5.579322638146167
7.163,6,prcus-a,0.0,5.579322638146167
7.163,6,ifrms,-0.0,5.579322638146167
7.163,6,sspls-v,0.0,5.579322638146167
7.163,7,mcgs,0.0,5.2727272727272725
7.163,7,pos,-0.0,5.2727272727272725
7.163,7,sbps,-0.0,5.2727272727272725
7.163,7,prculs-d,-0.0,5.2727272727272725
7.163,7,prcus-p,0.0,5.2727272727272725
7.163,7,prcus-i,-0.0,5.2727272727272725
7.163,7,prcus-a,0.0,5.2727272727272725
7.163,7,ifrms,-0.0,5.2727272727272725
7.163,7,sspls-v,0.0,5.2727272727272725
7.163,8,mcgs,0.0,5.363636363636363
7.163,8,pos,-0.0,5.363636363636363
7.163,8,sbps,-0.0,5.363636363636363
7.163,8,prculs-d,-0.0,5.363636363636363
7.163,8,prcus-p,0.0,5.363636363636363
7.163,8,prcus-i,-0.0,5.363636363636363
7.163,8,prcus-a,0.0,5.363636363636363
7.163,8,ifrms,-0.0,5.363636363636363
7.163,8,sspls-v,0.0,5.363636363636363
7.163,9,mcgs,0.0,5.579322638146167
7.163,9,pos,-0.0,5.579322638146167
7.163,9,sbps,-0.0,5.579322638146167
7.163,9,prculs-d,-0.0,5.579322638146167
7.163,9,prcus-p,0.0,5.579322638146167
7.163,9,prcus-i,-0.0,5.579322638146167
7.163,9,prcus-a,0.0,5.579322638146167
7.163,9,ifrms,-0.0,5.579322638146167
7.163,9,sspls-v,0.0,5.579322638146167
7.163,10,mcgs,0.0,5.5151515151515165
7.163,10,pos,-0.0,5.5151515151515165
7.163,10,sbps,-0.0,5.5151515151515165
7.163,10,prculs-d,-0.0,5.5151515151515165
7.163,10,prcus-p,0.0,5.5151515151515165
7.163,10,prcus-i,-0.0,5.5151515151515165
7.163,10,prcus-a,0.0,5.5151515151515165
7.163,10,ifrms,-0.0,5.5151515151515165
7.163,10,sspls-v,0.0,5.5151515151515165
7.163,11,mcgs,0.0,5.611408199643494
7.163,11,pos,-0.0,5.611408199643494
7.163,11,sbps,-0.0,5.611408199643494
7.163,11,prculs-d,-0.0,5.611408199643494
7.163,11,prcus-p,0.0,5.611408199643494
7.163,11,prcus-i,-0.0,5.611408199643494
7.163,11,prcus-a,0.0,5.611408199643494
7.163,11,ifrms,-0.0,5.611408199643494
7.163,11,sspls-v,0.0,5.611408199643494
7.163,12,mcgs,0.0,5.2727272727272725
7.163,12,pos,-0.0,5.2727272727272725
7.163,12,sbps,-0.0,5.2727272727272725
7.163,12,prculs-d,-0.0,5.2727272727272725
7.163,12,prcus-p,0.0,5.2727272727272725
7.163,12,prcus-i,-0.0,5.2727272727272725
7.163,12,prcus-a,-0.0,5.2727272727272725
7.163,12,ifrms,-0.0,5.2727272727272725
7.163,12,sspls-v,0.0,5.2727272727272725
7.163,13,mcgs,0.0,5.363636363636363
7.163,13,pos,-0.0,5.363636363636363
7.163,13,sbps,-0.0,5.363636363636363
7.163,13,prculs-d,-0.0,5.363636363636363
7.163,13,prcus-p,0.0,5.363636363636363
7.163,13,prcus-i,-0.0,5.363636363636363
7.163,13,prcus-a,0.0,5.363636363636363
7.163,13,ifrms,-0.0,5.363636363636363
7.163,13,sspls-v,0.0,5.363636363636363
7.163,14,mcgs,0.0,5.363636363636363
7.163,14,pos,-0.0,5.363636363636363
7.163,14,sbps,-0.0,5.363636363636363
7.163,14,prculs-d,-0.0,5.363636363636363
7.163,14,prcus-p,0.0,5.363636363636363
7.163,14,prcus-i,-0.0,5.363636363636363
7.163,14,prcus-a,0.0,5.363636363636363
7.163,14,ifrms,-0.0,5.363636363636363
7.163,14,sspls-v,0.0,5.363636363636363
7.163,15,mcgs,0.0,5.303030303030303
7.163,15,pos,-0.0,5.303030303030303
7.163,15,sbps,-0.0,5.303030303030303
7.163,15,prculs-d,0.0,5.303030303030303
7.163,15,prcus-p,0.0,5.303030303030303
7.163,15,prcus-i,-0.0,5.303030303030303
7.163,15,prcus-a,0.0,5.303030303030303
7.163,15,ifrms,-0.0,5.303030303030303
7.163,15,sspls-v,0.0,5.303030303030303
7.163,16,mcgs,0.0,5.575757575757576
7.163,16,pos,-0.0,5.575757575757576
7.163,16,sbps,-0.0,5.575757575757576
7.163,16,prculs-d,-0.0,5.575757575757576
7.163,16,prcus-p,0.0,5.575757575757576
7.163,16,prcus-i,-0.0,5.575757575757576
7.163,16,prcus-a,0.0,5.575757575757576
7.163,16,ifrms,-0.0,5.575757575757576
7.163,16,sspls-v,0.0,5.575757575757576
7.163,17,mcgs,0.0,5.393939393939394
7.163,17,pos,-0.0,5.393939393939394
7.163,17,sbps,-0.0,5.393939393939394
7.163,17,prculs-d,-0.0,5.393939393939394
7.163,17,prcus-p,0.0,5.393939393939394
7.163,17,prcus-i,-0.0,5.393939393939394
7.163,17,prcus-a,0.0,5.393939393939394
7.163,17,ifrms,-0.0,5.393939393939394
7.163,17,sspls-v,0.0,5.393939393939394
7.163,18,mcgs,0.0,5.636363636363636
7.163,18,pos,-0.0,5.636363636363636
7.163,18,sbps,-0.0,5.636363636363636
7.163,18,prculs-d,-0.0,5.636363636363636
7.163,18,prcus-p,0.0,5.636363636363636
7.163,18,prcus-i,-0.0,5.636363636363636
7.163,18,prcus-a,0.0,5.636363636363636
7.163,18,ifrms,-0.0,5.636363636363636
7.163,18,sspls-v,0.0,5.636363636363636
7.163,19,mcgs,0.0,5.424242424242426
7.163,19,pos,-0.0,5.424242424242426
7.163,19,sbps,-0.0,5.424242424242426
7.163,19,prculs-d,-0.0,5.424242424242426
7.163,19,prcus-p,0.0,5.424242424242426
7.163,19,prcus-i,-0.0,5.424242424242426
7.163,19,prcus-a,0.0,5.424242424242426
7.163,19,ifrms,-0.0,5.424242424242426
7.163,19,sspls-v,0.0,5.424242424242426
7.163,20,mcgs,-0.0,5.424242424242426
7.163,20,pos,-0.0,5.424242424242426
7.163,20,sbps,-0.0,5.424242424242426
7.163,20,prculs-d,0.0,5.424242424242426
7.163,20,prcus-p,0.0,5.424242424242426
7.163,20,prcus-i,-0.0,5.424242424242426
7.163,20,prcus-a,-0.0,5.424242424242426
7.163,20,ifrms,-0.0,5.424242424242426
7.163,20,sspls-v,0.0,5.424242424242426
7.163,21,mcgs,0.0,5.5151515151515165
7.163,21,pos,-0.0,5.5151515151515165
7.163,21,sbps,-0.0,5.5151515151515165
7.163,21,prculs-d,-0.0,5.5151515151515165
7.163,21,prcus-p,0.0,5.5151515151515165
7.163,21,prcus-i,-0.0,5.5151515151515165
7.163,21,prcus-a,0.0,5.5151515151515165
7.163,21,ifrms,-0.0,5.5151515151515165
7.163,21,sspls-v,0.0,5.5151515151515165
7.163,22,mcgs,0.0,5.606060606060606
7.163,22,pos,-0.0,5.606060606060606
7.163,22,sbps,-0.0,5.606060606060606
7.163,22,prculs-d,-0.0,5.606060606060606
7.163,22,prcus-p,0.0,5.606060606060606
7.163,22,prcus-i,-0.0,5.606060606060606
7.163,22,prcus-a,0.0,5.606060606060606
7.163,22,ifrms,-0.0,5.606060606060606
7.163,22,sspls-v,0.0,5.606060606060606
7.163,23,mcgs,0.0,5.5151515151515165
7.163,23,pos,-0.0,5.5151515151515165
7.163,23,sbps,-0.0,5.5151515151515165
7.163,23,prculs-d,-0.0,5.5151515151515165
7.163,23,prcus-p,0.0,5.5151515151515165
7.163,23,prcus-i,-0.0,5.5151515151515165
7.163,23,prcus-a,0.0,5.5151515151515165
7.163,23,ifrms,-0.0,5.5151515151515165
7.163,23,sspls-v,0.0,5.5151515151515165
7.163,24,mcgs,0.0,5.454545454545456
7.163,24,pos,-0.0,5.454545454545456
7.163,24,sbps,-0.0,5.454545454545456
7.163,24,prculs-d,-0.0,5.454545454545456
7.163,24,prcus-p,0.0,5.454545454545456
7.163,24,prcus-i,-0.0,5.454545454545456
7.163,24,prcus-a,-0.0,5.454545454545456
7.163,24,ifrms,-0.0,5.454545454545456
7.163,24,sspls-v,0.0,5.454545454545456
7.163,25,mcgs,0.0,5.611408199643494
7.163,25,pos,-0.0,5.611408199643494
7.163,25,sbps,-0.0,5.611408199643494
7.163,25,prculs-d,-0.0,5.611408199643494
7.163,25,prcus-p,0.0,5.611408199643494
7.163,25,prcus-i,-0.0,5.611408199643494
7.163,25,prcus-a,0.0,5.611408199643494
7.163,25,ifrms,-0.0,5.611408199643494
7.163,25,sspls-v,0.0,5.611408199643494
7.163,26,mcgs,0.0,5.545454545454546
7.163,26,pos,-0.0,5.545454545454546
7.163,26,sbps,-0.0,5.545454545454546
7.163,26,prculs-d,-0.0,5.545454545454546
7.163,26,prcus-p,0.0,5.545454545454546
7.163,26,prcus-i,-0.0,5.545454545454546
7.163,26,prcus-a,0.0,5.545454545454546
7.163,26,ifrms,-0.0,5.545454545454546
7.163,26,sspls-v,0.0,5.545454545454546
7.163,27,mcgs,0.0,5.575757575757576
7.163,27,pos,-0.0,5.575757575757576
7.163,27,sbps,-0.0,5.575757575757576
7.163,27,prculs-d,-0.0,5.575757575757576
7.163,27,prcus-p,0.0,5.575757575757576
7.163,27,prcus-i,-0.0,5.575757575757576
7.163,27,prcus-a,-0.0,5.575757575757576
7.163,27,ifrms,-0.0,5.575757575757576
7.163,27,sspls-v,0.0,5.575757575757576
7.163,28,mcgs,0.0,5.611408199643494
7.163,28,pos,-0.0,5.611408199643494
7.163,28,sbps,-0.0,5.611408199643494
7.163,28,prculs-d,-0.0,5.611408199643494
7.163,28,prcus-p,0.0,5.611408199643494
7.163,28,prcus-i,-0.0,5.611408199643494
7.163,28,prcus-a,0.0,5.611408199643494
7.163,28,ifrms,-0.0,5.611408199643494
7.163,28,sspls-v,0.0,5.611408199643494
7.163,29,mcgs,-0.0,5.333333333333333
7.163,29,pos,-0.0,5.333333333333333
7.163,29,sbps,-0.0,5.333333333333333
7.163,29,prculs-d,0.0,5.333333333333333
7.163,29,prcus-p,0.0,5.333333333333333
7.163,29,prcus-i,0.0,5.333333333333333
7.163,29,prcus-a,0.0,5.333333333333333
7.163,29,ifrms,-0.0,5.333333333333333
7.163,29,sspls-v,0.0,5.333333333333333
7.163,30,mcgs,0.0,5.575757575757576
7.163,30,pos,-0.0,5.575757575757576
7.163,30,sbps,-0.0,5.575757575757576
7.163,30,prculs-d,-0.0,5.575757575757576
7.163,30,prcus-p,0.0,5.575757575757576
7.163,30,prcus-i,-0.0,5.575757575757576
7.163,30,prcus-a,0.0,5.575757575757576
7.163,30,ifrms,-0.0,5.575757575757576
7.163,30,sspls-v,0.0,5.575757575757576
7.163,31,mcgs,0.0,5.393939393939394
7.163,31,pos,-0.0,5.393939393939394
7.163,31,sbps,-0.0,5.393939393939394
7.163,31,prculs-d,-0.0,5.393939393939394
7.163,31,prcus-p,0.0,5.393939393939394
7.163,31,prcus-i,-0.0,5.393939393939394
7.163,31,prcus-a,0.0,5.393939393939394
7.163,31,ifrms,-0.0,5.393939393939394
7.163,31,sspls-v,0.0,5.393939393939394
7.163,32,mcgs,0.0,5.424242424242426
7.163,32,pos,-0.0,5.424242424242426
7.163,32,sbps,-0.0,5.424242424242426
7.163,32,prculs-d,-0.0,5.424242424242426
7.163,32,prcus-p,0.0,5.424242424242426
7.163,32,prcus-i,-0.0,5.424242424242426
7.163,32,prcus-a,0.0,5.424242424242426
7.163,32,ifrms,-0.0,5.424242424242426
7.163,32,sspls-v,0.0,5.424242424242426
7.163,33,mcgs,0.0,5.575757575757576
7.163,33,pos,-0.0,5.575757575757576
7.163,33,sbps,-0.0,5.575757575757576
7.163,33,prculs-d,-0.0,5.575757575757576
7.163,33,prcus-p,0.0,5.575757575757576
7.163,33,prcus-i,-0.0,5.575757575757576
7.163,33,prcus-a,0.0,5.575757575757576
7.163,33,ifrms,-0.0,5.575757575757576
7.163,33,sspls-v,0.0,5.575757575757576
7.163,34,mcgs,0.0,5.515151515151516
7.163,34,pos,-0.0,5.515151515151516
7.163,34,sbps,-0.0,5.515151515151516
7.163,34,prculs-d,-0.0,5.515151515151516
7.163,34,prcus-p,0.0,5.515151515151516
7.163,34,prcus-i,-0.0,5.515151515151516
7.163,34,prcus-a,-0.0,5.515151515151516
7.163,34,ifrms,-0.0,5.515151515151516
7.163,34,sspls-v,0.0,5.515151515151516
7.657,0,mcgs,0.0,5.575757575757576
7.657,0,pos,-0.0,5.575757575757576
7.657,0,sbps,-0.0,5.575757575757576
7.657,0,prculs-d,-0.0,5.575757575757576
7.657,0,prcus-p,0.0,5.575757575757576
7.657,0,prcus-i,-0.0,5.575757575757576
7.657,0,prcus-a,-0.0,5.575757575757576
7.657,0,ifrms,-0.0,5.575757575757576
7.657,0,sspls-v,0.0,5.575757575757576
7.657,1,mcgs,0.0,5.484848484848485
7.657,1,pos,-0.0,5.484848484848485
7.657,1,sbps,-0.0,5.484848484848485
7.657,1,prculs-d,-0.0,5.484848484848485
7.657,1,prcus-p,0.0,5.484848484848485
7.657,1,prcus-i,-0.0,5.484848484848485
7.657,1,prcus-a,0.0,5.484848484848485
7.657,1,ifrms,-0.0,5.484848484848485
7.657,1,sspls-v,0.0,5.484848484848485
7.657,2,mcgs,0.0,5.424242424242422
7.657,2,pos,-0.0,5.424242424242422
7.657,2,sbps,-0.0,5.424242424242422
7.657,2,prculs-d,-0.0,5.424242424242422
7.657,2,prcus-p,0.0,5.424242424242422
7.657,2,prcus-i,-0.0,5.424242424242422
7.657,2,prcus-a,-0.0,5.424242424242422
7.657,2,ifrms,-0.0,5.424242424242422
7.657,2,sspls-v,0.0,5.424242424242422
7.657,3,mcgs,0.0,5.424242424242422
7.657,3,pos,-0.0,5.424242424242422
7.657,3,sbps,-0.0,5.424242424242422
7.657,3,prculs-d,-0.0,5.424242424242422
7.657,3,prcus-p,0.0,5.424242424242422
7.657,3,prcus-i,-0.0,5.424242424242422
7.657,3,prcus-a,0.0,5.424242424242422
7.657,3,ifrms,-0.0,5.424242424242422
7.657,3,sspls-v,0.0,5.424242424242422
7.657,4,mcgs,0.0,5.424242424242422
7.657,4,pos,-0.0,5.424242424242422
7.657,4,sbps,-0.0,5.424242424242422
7.657,4,prculs-d,-0.0,5.424242424242422
7.657,4,prcus-p,0.0,5.424242424242422
7.657,4,prcus-i,-0.0,5.424242424242422
7.657,4,prcus-a,-0.0,5.424242424242422
7.657,4,ifrms,-0.0,5.424242424242422
7.657,4,sspls-v,0.0,5.424242424242422
7.657,5,mcgs,0.0,5.393939393939394
7.657,5,pos,-0.0,5.393939393939394
7.657,5,sbps,-0.0,5.393939393939394
7.657,5,prculs-d,-0.0,5.393939393939394
7.657,5,prcus-p,0.0,5.393939393939394
7.657,5,prcus-i,-0.0,5.393939393939394
7.657,5,prcus-a,0.0,5.393939393939394
7.657,5,ifrms,-0.0,5.393939393939394
7.657,5,sspls-v,0.0,5.393939393939394
7.657,6,mcgs,0.0,5.579322638146167
7.657,6,pos,-0.0,5.579322638146167
7.657,6,sbps,-0.0,5.579322638146167
7.657,6,prculs-d,-0.0,5.579322638146167
7.657,6,prcus-p,0.0,5.579322638146167
7.657,6,prcus-i,-0.0,5.579322638146167
7.657,6,prcus-a,0.0,5.579322638146167
7.657,6,ifrms,-0.0,5.579322638146167
7.657,6,sspls-v,0.0,5.579322638146167
7.657,7,mcgs,0.0,5.2727272727272725
7.657,7,pos,-0.0,5.2727272727272725
7.657,7,sbps,-0.0,5.2727272727272725
7.657,7,prculs-d,-0.0,5.2727272727272725
7.657,7,prcus-p,0.0,5.2727272727272725
7.657,7,prcus-i,-0.0,5.2727272727272725
7.657,7,prcus-a,0.0,5.2727272727272725
7.657,7,ifrms,-0.0,5.2727272727272725
7.657,7,sspls-v,0.0,5.2727272727272725
7.657,8,mcgs,0.0,5.363636363636363
7.657,8,pos,-0.0,5.363636363636363
7.657,8,sbps,-0.0,5.363636363636363
7.657,8,prculs-d,-0.0,5.363636363636363
7.657,8,prcus-p,0.0,5.363636363636363
7.657,8,prcus-i,-0.0,5.363636363636363
7.657,8,prcus-a,0.0,5.363636363636363
7.657,8,ifrms,-0.0,5.363636363636363
7.657,8,sspls-v,0.0,5.363636363636363
7.657,9,mcgs,0.0,5.579322638146167
7.657,9,pos,-0.0,5.579322638146167
7.657,9,sbps,-0.0,5.579322638146167
7.657,9,prculs-d,-0.0,5.579322638146167
7.657,9,prcus-p,0.0,5.579322638146167
7.657,9,prcus-i,-0.0,5.579322638146167
7.657,9,prcus-a,0.0,5.579322638146167
7.657,9,ifrms,-0.0,5.579322638146167
7.657,9,sspls-v,0.0,5.579322638146167
7.657,10,mcgs,0.0,5.5151515151515165
7.657,10,pos,-0.0,5.5151515151515165
7.657,10,sbps,-0.0,5.5151515151515165
7.657,10,prculs-d,-0.0,5.5151515151515165
7.657,10,prcus-p,0.0,5.5151515151515165
7.657,10,prcus-i,-0.0,5.5151515151515165
7.657,10,prcus-a,0.0,5.5151515151515165
7.657,10,ifrms,-0.0,5.5151515151515165
7.657,10,sspls-v,0.0,5.5151515151515165
7.657,11,mcgs,0.0,5.611408199643494
7.657,11,pos,-0.0,5.611408199643494
7.657,11,sbps,-0.0,5.611408199643494
7.657,11,prculs-d,-0.0,5.611408199643494
7.657,11,prcus-p,0.0,5.611408199643494
7.657,11,prcus-i,-0.0,5.611408199643494
7.657,11,prcus-a,0.0,5.611408199643494
7.657,11,ifrms,-0.0,5.611408199643494
7.657,11,sspls-v,0.0,5.611408199643494
7.657,12,mcgs,0.0,5.2727272727272725
7.657,12,pos,-0.0,5.2727272727272725
7.657,12,sbps,-0.0,5.2727272727272725
7.657,12,prculs-d,-0.0,5.2727272727272725
7.657,12,prcus-p,0.0,5.2727272727272725
7.657,12,prcus-i,-0.0,5.2727272727272725
7.657,12,prcus-a,-0.0,5.2727272727272725
7.657,12,ifrms,-0.0,5.2727272727272725
7.657,12,sspls-v,0.0,5.2727272727272725
7.657,13,mcgs,0.0,5.363636363636363
7.657,13,pos,-0.0,5.363636363636363
7.657,13,sbps,-0.0,5.363636363636363
7.657,13,prculs-d,-0.0,5.363636363636363
7.657,13,prcus-p,0.0,5.363636363636363
7.657,13,prcus-i,-0.0,5.363636363636363
7.657,13,prcus-a,0.0,5.363636363636363
7.657,13,ifrms,-0.0,5.363636363636363
7.657,13,sspls-v,0.0,5.363636363636363
7.657,14,mcgs,0.0,5.363636363636363
7.657,14,pos,-0.0,5.363636363636363
7.657,14,sbps,-0.0,5.363636363636363
7.657,14,prculs-d,-0.0,5.363636363636363
7.657,14,prcus-p,0.0,5.363636363636363
7.657,14,prcus-i,-0.0,5.363636363636363
7.657,14,prcus-a,0.0,5.363636363636363
7.657,14,ifrms,-0.0,5.363636363636363
7.657,14,sspls-v,0.0,5.363636363636363
7.657,15,mcgs,0.0,5.303030303030303
7.657,15,pos,-0.0,5.303030303030303
7.657,15,sbps,-0.0,5.303030303030303
7.657,15,prculs-d,0.0,5.303030303030303
7.657,15,prcus-p,0.0,5.303030303030303
7.657,15,prcus-i,-0.0,5.303030303030303
7.657,15,prcus-a,0.0,5.303030303030303
7.657,15,ifrms,-0.0,5.303030303030303
7.657,15,sspls-v,0.0,5.303030303030303
7.657,16,mcgs,0.0,5.575757575757576
7.657,16,pos,-0.0,5.575757575757576
7.657,16,sbps,-0.0,5.575757575757576
7.657,16,prculs-d,-0.0,5.575757575757576
7.657,16,prcus-p,0.0,5.575757575757576
7.657,16,prcus-i,-0.0,5.575757575757576
7.657,16,prcus-a,0.0,5.575757575757576
7.657,16,ifrms,-0.0,5.575757575757576
7.657,16,sspls-v,0.0,5.575757575757576
7.657,17,mcgs,0.0,5.393939393939394
7.657,17,pos,-0.0,5.393939393939394
7.657,17,sbps,-0.0,5.393939393939394
7.657,17,prculs-d,-0.0,5.393939393939394
7.657,17,prcus-p,0.0,5.393939393939394
7.657,17,prcus-i,-0.0,5.393939393939394
7.657,17,prcus-a,0.0,5.393939393939394
7.657,17,ifrms,-0.0,5.393939393939394
7.657,17,sspls-v,0.0,5.393939393939394
7.657,18,mcgs,0.0,5.636363636363636
7.657,18,pos,-0.0,5.636363636363636
7.657,18,sbps,-0.0,5.636363636363636
7.657,18,prculs-d,-0.0,5.636363636363636
7.657,18,prcus-p,0.0,5.636363636363636
7.657,18,prcus-i,-0.0,5.636363636363636
7.657,18,prcus-a,0.0,5.636363636363636
7.657,18,ifrms,-0.0,5.636363636363636
7.657,18,sspls-v,0.0,5.636363636363636
7.657,19,mcgs,0.0,5.424242424242426
7.657,19,pos,-0.0,5.424242424242426
7.657,19,sbps,-0.0,5.424242424242426
7.657,19,prculs-d,-0.0,5.424242424242426
7.657,19,prcus-p,0.0,5.424242424242426
7.657,19,prcus-i,-0.0,5.424242424242426
7.657,19,prcus-a,0.0,5.424242424242426
7.657,19,ifrms,-0.0,5.424242424242426
7.657,19,sspls-v,0.0,5.424242424242426
7.657,20,mcgs,-0.0,5.424242424242426
7.657,20,pos,-0.0,5.424242424242426
7.657,20,sbps,-0.0,5.424242424242426
7.657,20,prculs-d,0.0,5.424242424242426
7.657,20,prcus-p,0.0,5.424242424242426
7.657,20,prcus-i,-0.0,5.424242424242426
7.657,20,prcus-a,-0.0,5.424242424242426
7.657,20,ifrms,-0.0,5.424242424242426
7.657,20,sspls-v,0.0,5.424242424242426
7.657,21,mcgs,0.0,5.5151515151515165
7.657,21,pos,-0.0,5.5151515151515165
7.657,21,sbps,-0.0,5.5151515151515165
7.657,21,prculs-d,-0.0,5.5151515151515165
7.657,21,prcus-p,0.0,5.5151515151515165
7.657,21,prcus-i,-0.0,5.5151515151515165
7.657,21,prcus-a,0.0,5.5151515151515165
7.657,21,ifrms,-0.0,5.5151515151515165
7.657,21,sspls-v,0.0,5.5151515151515165
7.657,22,mcgs,0.0,5.606060606060606
7.657,22,pos,-0.0,5.606060606060606
7.657,22,sbps,-0.0,5.606060606060606
7.657,22,prculs-d,-0.0,5.606060606060606
7.657,22,prcus-p,0.0,5.606060606060606
7.657,22,prcus-i,-0.0,5.606060606060606
7.657,22,prcus-a,0.0,5.606060606060606
7.657,22,ifrms,-0.0,5.606060606060606
7.657,22,sspls-v,0.0,5.606060606060606
7.657,23,mcgs,0.0,5.5151515151515165
7.657,23,pos,-0.0,5.5151515151515165
7.657,23,sbps,-0.0,5.5151515151515165
7.657,23,prculs-d,-0.0,5.5151515151515165
7.657,23,prcus-p,0.0,5.5151515151515165
7.657,23,prcus-i,-0.0,5.5151515151515165
7.657,23,prcus-a,0.0,5.5151515151515165
7.657,23,ifrms,-0.0,5.5151515151515165
7.657,23,sspls-v,0.0,5.5151515151515165
7.657,24,mcgs,0.0,5.454545454545456
7.657,24,pos,-0.0,5.454545454545456
7.657,24,sbps,-0.0,5.454545454545456
7.657,24,prculs-d,-0.0,5.454545454545456
7.657,24,prcus-p,0.0,5.454545454545456
7.657,24,prcus-i,-0.0,5.454545454545456
7.657,24,prcus-a,-0.0,5.454545454545456
7.657,24,ifrms,-0.0,5.454545454545456
7.657,24,sspls-v,0.0,5.454545454545456
7.657,25,mcgs,0.0,5.611408199643494
7.657,25,pos,-0.0,5.611408199643494
7.657,25,sbps,-0.0,5.611408199643494
7.657,25,prculs-d,-0.0,5.611408199643494
7.657,25,prcus-p,0.0,5.611408199643494
7.657,25,prcus-i,-0.0,5.611408199643494
7.657,25,prcus-a,0.0,5.611408199643494
7.657,25,ifrms,-0.0,5.611408199643494
7.657,25,sspls-v,0.0,5.611408199643494
7.657,26,mcgs,0.0,5.545454545454546
7.657,26,pos,-0.0,5.545454545454546
7.657,26,sbps,-0.0,5.545454545454546
7.657,26,prculs-d,-0.0,5.545454545454546
7.657,26,prcus-p,0.0,5.545454545454546
7.657,26,prcus-i,-0.0,5.545454545454546
7.657,26,prcus-a,0.0,5.545454545454546
7.657,26,ifrms,-0.0,5.545454545454546
7.657,26,sspls-v,0.0,5.545454545454546
7.657,27,mcgs,0.0,5.575757575757576
7.657,27,pos,-0.0,5.575757575757576
7.657,27,sbps,-0.0,5.575757575757576
7.657,27,prculs-d,-0.0,5.575757575757576
7.657,27,prcus-p,0.0,5.575757575757576
7.657,27,prcus-i,-0.0,5.575757575757576
7.657,27,prcus-a,-0.0,5.575757575757576
7.657,27,ifrms,-0.0,5.575757575757576
7.657,27,sspls-v,0.0,5.575757575757576
7.657,28,mcgs,0.0,5.611408199643494
7.657,28,pos,-0.0,5.611408199643494
7.657,28,sbps,-0.0,5.611408199643494
7.657,28,prculs-d,-0.0,5.611408199643494
7.657,28,prcus-p,0.0,5.611408199643494
7.657,28,prcus-i,-0.0,5.611408199643494
7.657,28,prcus-a,0.0,5.611408199643494
7.657,28,ifrms,-0.0,5.611408199643494
7.657,28,sspls-v,0.0,5.611408199643494
7.657,29,mcgs,-0.0,5.333333333333333
7.657,29,pos,-0.0,5.333333333333333
7.657,29,sbps,-0.0,5.333333333333333
7.657,29,prculs-d,0.0,5.333333333333333
7.657,29,prcus-p,0.0,5.333333333333333
7.657,29,prcus-i,0.0,5.333333333333333
7.657,29,prcus-a,0.0,5.333333333333333
7.657,29,ifrms,-0.0,5.333333333333333
7.657,29,sspls-v,0.0,5.333333333333333
7.657,30,mcgs,0.0,5.575757575757576
7.657,30,pos,-0.0,5.575757575757576
7.657,30,sbps,-0.0,5.575757575757576
7.657,30,prculs-d,-0.0,5.575757575757576
7.657,30,prcus-p,0.0,5.575757575757576
7.657,30,prcus-i,-0.0,5.575757575757576
7.657,30,prcus-a,0.0,5.575757575757576
7.657,30,ifrms,-0.0,5.575757575757576
7.657,30,sspls-v,0.0,5.575757575757576
7.657,31,mcgs,0.0,5.393939393939394
7.657,31,pos,-0.0,5.393939393939394
7.657,31,sbps,-0.0,5.393939393939394
7.657,31,prculs-d,-0.0,5.393939393939394
7.657,31,prcus-p,0.0,5.393939393939394
7.657,31,prcus-i,-0.0,5.393939393939394
7.657,31,prcus-a,0.0,5.393939393939394
7.657,31,ifrms,-0.0,5.393939393939394
7.657,31,sspls-v,0.0,5.393939393939394
7.657,32,mcgs,0.0,5.424242424242426
7.657,32,pos,-0.0,5.424242424242426
7.657,32,sbps,-0.0,5.424242424242426
7.657,32,prculs-d,-0.0,5.424242424242426
7.657,32,prcus-p,0.0,5.424242424242426
7.657,32,prcus-i,-0.0,5.424242424242426
7.657,32,prcus-a,0.0,5.424242424242426
7.657,32,ifrms,-0.0,5.424242424242426
7.657,32,sspls-v,0.0,5.424242424242426
7.657,33,mcgs,0.0,5.575757575757576
7.657,33,pos,-0.0,5.575757575757576
7.657,33,sbps,-0.0,5.575757575757576
7.657,33,prculs-d,-0.0,5.575757575757576
7.657,33,prcus-p,0.0,5.575757575757576
7.657,33,prcus-i,-0.0,5.575757575757576
7.657,33,prcus-a,0.0,5.575757575757576
7.657,33,ifrms,-0.0,5.575757575757576
7.657,33,sspls-v,0.0,5.575757575757576
7.657,34,mcgs,0.0,5.515151515151516
7.657,34,pos,-0.0,5.515151515151516
7.657,34,sbps,-0.0,5.515151515151516
7.657,34,prculs-d,-0.0,5.515151515151516
7.657,34,prcus-p,0.0,5.515151515151516
7.657,34,prcus-i,-0.0,5.515151515151516
7.657,34,prcus-a,-0.0,5.515151515151516
7.657,34,ifrms,-0.0,5.515151515151516
7.657,34,sspls-v,0.0,5.515151515151516
8.185,0,mcgs,0.0,5.575757575757576
8.185,0,pos,-0.0,5.575757575757576
8.185,0,sbps,-0.0,5.575757575757576
8.185,0,prculs-d,-0.0,5.575757575757576
8.185,0,prcus-p,0.0,5.575757575757576
8.185,0,prcus-i,-0.0,5.575757575757576
8.185,0,prcus-a,-0.0,5.575757575757576
8.185,0,ifrms,-0.0,5.575757575757576
8.185,0,sspls-v,0.0,5.575757575757576
8.185,1,mcgs,0.0,5.484848484848485
8.185,1,pos,-0.0,5.484848484848485
8.185,1,sbps,-0.0,5.484848484848485
8.185,1,prculs-d,-0.0,5.484848484848485
8.185,1,prcus-p,0.0,5.484848484848485
8.185,1,prcus-i,-0.0,5.484848484848485
8.185,1,prcus-a,0.0,5.484848484848485
8.185,1,ifrms,-0.0,5.484848484848485
8.185,1,sspls-v,0.0,5.484848484848485
8.185,2,mcgs,0.0,5.424242424242422
8.185,2,pos,-0.0,5.424242424242422
8.185,2,sbps,-0.0,5.424242424242422
8.185,2,prculs-d,-0.0,5.424242424242422
8.185,2,prcus-p,0.0,5.424242424242422
8.185,2,prcus-i,-0.0,5.424242424242422
8.185,2,prcus-a,-0.0,5.424242424242422
8.185,2,ifrms,-0.0,5.424242424242422
8.185,2,sspls-v,0.0,5.424242424242422
8.185,3,mcgs,0.0,5.424242424242422
8.185,3,pos,-0.0,5.424242424242422
8.185,3,sbps,-0.0,5.424242424242422
8.185,3,prculs-d,-0.0,5.424242424242422
8.185,3,prcus-p,0.0,5.424242424242422
8.185,3,prcus-i,-0.0,5.424242424242422
8.185,3,prcus-a,0.0,5.424242424242422
8.185,3,ifrms,-0.0,5.424242424242422
8.185,3,sspls-v,0.0,5.424242424242422
8.185,4,mcgs,0.0,5.424242424242422
8.185,4,pos,-0.0,5.424242424242422
8.185,4,sbps,-0.0,5.424242424242422
8.185,4,prculs-d,-0.0,5.424242424242422
8.185,4,prcus-p,0.0,5.424242424242422
8.185,4,prcus-i,-0.0,5.424242424242422
8.185,4,prcus-a,-0.0,5.424242424242422
8.185,4,ifrms,-0.0,5.424242424242422
8.185,4,sspls-v,0.0,5.424242424242422
8.185,5,mcgs,0.0,5.393939393939394
8.185,5,pos,-0.0,5.393939393939394
8.185,5,sbps,-0.0,5.393939393939394
8.185,5,prculs-d,-0.0,5.393939393939394
8.185,5,prcus-p,0.0,5.393939393939394
8.185,5,prcus-i,-0.0,5.393939393939394
8.185,5,prcus-a,0.0,5.393939393939394
8.185,5,ifrms,-0.0,5.393939393939394
8.185,5,sspls-v,0.0,5.393939393939394
8.185,6,mcgs,0.0,5.579322638146167
8.185,6,pos,-0.0,5.579322638146167
8.185,6,sbps,-0.0,5.579322638146167
8.185,6,prculs-d,-0.0,5.579322638146167
8.185,6,prcus-p,0.0,5.579322638146167
8.185,6,prcus-i,-0.0,5.579322638146167
8.185,6,prcus-a,0.0,5.579322638146167
8.185,6,ifrms,-0.0,5.579322638146167
8.185,6,sspls-v,0.0,5.579322638146167
8.185,7,mcgs,0.0,5.2727272727272725
8.185,7,pos,-0.0,5.2727272727272725
8.185,7,sbps,-0.0,5.2727272727272725
8.185,7,prculs-d,-0.0,5.2727272727272725
8.185,7,prcus-p,0.0,5.2727272727272725
8.185,7,prcus-i,-0.0,5.2727272727272725
8.185,7,prcus-a,0.0,5.2727272727272725
8.185,7,ifrms,-0.0,5.2727272727272725
8.185,7,sspls-v,0.0,5.2727272727272725
8.185,8,mcgs,0.0,5.363636363636363
8.185,8,pos,-0.0,5.363636363636363
8.185,8,sbps,-0.0,5.363636363636363
8.185,8,prculs-d,-0.0,5.363636363636363
8.185,8,prcus-p,0.0,5.363636363636363
8.185,8,prcus-i,-0.0,5.363636363636363
8.185,8,prcus-a,0.0,5.363636363636363
8.185,8,ifrms,-0.0,5.363636363636363
8.185,8,sspls-v,0.0,5.363636363636363
8.185,9,mcgs,0.0,5.579322638146167
8.185,9,pos,-0.0,5.579322638146167
8.185,9,sbps,-0.0,5.579322638146167
8.185,9,prculs-d,-0.0,5.579322638146167
8.185,9,prcus-p,0.0,5.579322638146167
8.185,9,prcus-i,-0.0,5.579322638146167
8.185,9,prcus-a,0.0,5.579322638146167
8.185,9,ifrms,-0.0,5.579322638146167
8.185,9,sspls-v,0.0,5.579322638146167
8.185,10,mcgs,0.0,5.5151515151515165
8.185,10,pos,-0.0,5.5151515151515165
8.185,10,sbps,-0.0,5.5151515151515165
8.185,10,prculs-d,-0.0,5.5151515151515165
8.185,10,prcus-p,0.0,5.5151515151515165
8.185,10,prcus-i,-0.0,5.5151515151515165
8.185,10,prcus-a,0.0,5.5151515151515165
8.185,10,ifrms,-0.0,5.5151515151515165
8.185,10,sspls-v,0.0,5.5151515151515165
8.185,11,mcgs,0.0,5.611408199643494
8.185,11,pos,-0.0,5.611408199643494
8.185,11,sbps,-0.0,5.611408199643494
8.185,11,prculs-d,-0.0,5.611408199643494
8.185,11,prcus-p,0.0,5.611408199643494
8.185,11,prcus-i,-0.0,5.611408199643494
8.185,11,prcus-a,0.0,5.611408199643494
8.185,11,ifrms,-0.0,5.611408199643494
8.185,11,sspls-v,0.0,5.611408199643494
8.185,12,mcgs,0.0,5.2727272727272725
8.185,12,pos,-0.0,5.2727272727272725
8.185,12,sbps,-0.0,5.2727272727272725
8.185,12,prculs-d,-0.0,5.2727272727272725
8.185,12,prcus-p,0.0,5.2727272727272725
8.185,12,prcus-i,-0.0,5.2727272727272725
8.185,12,prcus-a,-0.0,5.2727272727272725
8.185,12,ifrms,-0.0,5.2727272727272725
8.185,12,sspls-v,0.0,5.2727272727272725
8.185,13,mcgs,0.0,5.363636363636363
8.185,13,pos,-0.0,5.363636363636363
8.185,13,sbps,-0.0,5.363636363636363
8.185,13,prculs-d,-0.0,5.363636363636363
8.185,13,prcus-p,0.0,5.363636363636363
8.185,13,prcus-i,-0.0,5.363636363636363
8.185,13,prcus-a,0.0,5.363636363636363
8.185,13,ifrms,-0.0,5.363636363636363
8.185,13,sspls-v,0.0,5.363636363636363
8.185,14,mcgs,0.0,5.363636363636363
8.185,14,pos,-0.0,5.363636363636363
8.185,14,sbps,-0.0,5.363636363636363
8.185,14,prculs-d,-0.0,5.363636363636363
8.185,14,prcus-p,0.0,5.363636363636363
8.185,14,prcus-i,-0.0,5.363636363636363
8.185,14,prcus-a,0.0,5.363636363636363
8.185,14,ifrms,-0.0,5.363636363636363
8.185,14,sspls-v,0.0,5.363636363636363
8.185,15,mcgs,0.0,5.303030303030303
8.185,15,pos,-0.0,5.303030303030303
8.185,15,sbps,-0.0,5.303030303030303
8.185,15,prculs-d,0.0,5.303030303030303
8.185,15,prcus-p,0.0,5.303030303030303
8.185,15,prcus-i,-0.0,5.303030303030303
8.185,15,prcus-a,0.0,5.303030303030303
8.185,15,ifrms,-0.0,5.303030303030303
8.185,15,sspls-v,0.0,5.303030303030303
8.185,16,mcgs,0.0,5.575757575757576
8.185,16,pos,-0.0,5.575757575757576
8.185,16,sbps,-0.0,5.575757575757576
8.185,16,prculs-d,-0.0,5.575757575757576
8.185,16,prcus-p,0.0,5.575757575757576
8.185,16,prcus-i,-0.0,5.575757575757576
8.185,16,prcus-a,0.0,5.575757575757576
8.185,16,ifrms,-0.0,5.575757575757576
8.185,16,sspls-v,0.0,5.575757575757576
8.185,17,mcgs,0.0,5.393939393939394
8.185,17,pos,-0.0,5.393939393939394
8.185,17,sbps,-0.0,5.393939393939394
8.185,17,prculs-d,-0.0,5.393939393939394
8.185,17,prcus-p,0.0,5.393939393939394
8.185,17,prcus-i,-0.0,5.393939393939394
8.185,17,prcus-a,0.0,5.393939393939394
8.185,17,ifrms,-0.0,5.393939393939394
8.185,17,sspls-v,0.0,5.393939393939394
8.185,18,mcgs,0.0,5.636363636363636
8.185,18,pos,-0.0,5.636363636363636
8.185,18,sbps,-0.0,5.636363636363636
8.185,18,prculs-d,-0.0,5.636363636363636
8.185,18,prcus-p,0.0,5.636363636363636
8.185,18,prcus-i,-0.0,5.636363636363636
8.185,18,prcus-a,0.0,5.636363636363636
8.185,18,ifrms,-0.0,5.636363636363636
8.185,18,sspls-v,0.0,5.636363636363636
8.185,19,mcgs,0.0,5.424242424242426
8.185,19,pos,-0.0,5.424242424242426
8.185,19,sbps,-0.0,5.424242424242426
8.185,19,prculs-d,-0.0,5.424242424242426
8.185,19,prcus-p,0.0,5.424242424242426
8.185,19,prcus-i,-0.0,5.424242424242426
8.185,19,prcus-a,0.0,5.424242424242426
8.185,19,ifrms,-0.0,5.424242424242426
8.185,19,sspls-v,0.0,5.424242424242426
8.185,20,mcgs,-0.0,5.424242424242426
8.185,20,pos,-0.0,5.424242424242426
8.185,20,sbps,-0.0,5.424242424242426
8.185,20,prculs-d,0.0,5.424242424242426
8.185,20,prcus-p,0.0,5.424242424242426
8.185,20,prcus-i,-0.0,5.424242424242426
8.185,20,prcus-a,-0.0,5.424242424242426
8.185,20,ifrms,-0.0,5.424242424242426
8.185,20,sspls-v,0.0,5.424242424242426
8.185,21,mcgs,0.0,5.5151515151515165
8.185,21,pos,-0.0,5.5151515151515165
8.185,21,sbps,-0.0,5.5151515151515165
8.185,21,prculs-d,-0.0,5.5151515151515165
8.185,21,prcus-p,0.0,5.5151515151515165
8.185,21,prcus-i,-0.0,5.5151515151515165
8.185,21,prcus-a,0.0,5.5151515151515165
8.185,21,ifrms,-0.0,5.5151515151515165
8.185,21,sspls-v,0.0,5.5151515151515165
8.185,22,mcgs,0.0,5.606060606060606
8.185,22,pos,-0.0,5.606060606060606
8.185,22,sbps,-0.0,5.606060606060606
8.185,22,prculs-d,-0.0,5.606060606060606
8.185,22,prcus-p,0.0,5.606060606060606
8.185,22,prcus-i,-0.0,5.606060606060606
8.185,22,prcus-a,0.0,5.606060606060606
8.185,22,ifrms,-0.0,5.606060606060606
8.185,22,sspls-v,0.0,5.606060606060606
8.185,23,mcgs,0.0,5.5151515151515165
8.185,23,pos,-0.0,5.5151515151515165
8.185,23,sbps,-0.0,5.5151515151515165
8.185,23,prculs-d,-0.0,5.5151515151515165
8.185,23,prcus-p,0.0,5.5151515151515165
8.185,23,prcus-i,-0.0,5.5151515151515165
8.185,23,prcus-a,0.0,5.5151515151515165
8.185,23,ifrms,-0.0,5.5151515151515165
8.185,23,sspls-v,0.0,5.5151515151515165
8.185,24,mcgs,0.0,5.454545454545456
8.185,24,pos,-0.0,5.454545454545456
8.185,24,sbps,-0.0,5.454545454545456
8.185,24,prculs-d,-0.0,5.454545454545456
8.185,24,prcus-p,0.0,5.454545454545456
8.185,24,prcus-i,-0.0,5.454545454545456
8.185,24,prcus-a,-0.0,5.454545454545456
8.185,24,ifrms,-0.0,5.454545454545456
8.185,24,sspls-v,0.0,5.454545454545456
8.185,25,mcgs,0.0,5.611408199643494
8.185,25,pos,-0.0,5.611408199643494
8.185,25,sbps,-0.0,5.611408199643494
8.185,25,prculs-d,-0.0,5.611408199643494
8.185,25,prcus-p,0.0,5.611408199643494
8.185,25,prcus-i,-0.0,5.611408199643494
8.185,25,prcus-a,0.0,5.611408199643494
8.185,25,ifrms,-0.0,5.611408199643494
8.185,25,sspls-v,0.0,5.611408199643494
8.185,26,mcgs,0.0,5.545454545454546
8.185,26,pos,-0.0,5.545454545454546
8.185,26,sbps,-0.0,5.545454545454546
8.185,26,prculs-d,-0.0,5.545454545454546
8.185,26,prcus-p,0.0,5.545454545454546
8.185,26,prcus-i,-0.0,5.545454545454546
8.185,26,prcus-a,0.0,5.545454545454546
8.185,26,ifrms,-0.0,5.545454545454546
8.185,26,sspls-v,0.0,5.545454545454546
8.185,27,mcgs,0.0,5.575757575757576
8.185,27,pos,-0.0,5.575757575757576
8.185,27,sbps,-0.0,5.575757575757576
8.185,27,prculs-d,-0.0,5.575757575757576
8.185,27,prcus-p,0.0,5.575757575757576
8.185,27,prcus-i,-0.0,5.575757575757576
8.185,27,prcus-a,-0.0,5.575757575757576
8.185,27,ifrms,-0.0,5.575757575757576
8.185,27,sspls-v,0.0,5.575757575757576
8.185,28,mcgs,0.0,5.611408199643494
8.185,28,pos,-0.0,5.611408199643494
8.185,28,sbps,-0.0,5.611408199643494
8.185,28,prculs-d,-0.0,5.611408199643494
8.185,28,prcus-p,0.0,5.611408199643494
8.185,28,prcus-i,-0.0,5.611408199643494
8.185,28,prcus-a,0.0,5.611408199643494
8.185,28,ifrms,-0.0,5.611408199643494
8.185,28,sspls-v,0.0,5.611408199643494
8.185,29,mcgs,-0.0,5.333333333333333
8.185,29,pos,-0.0,5.333333333333333
8.185,29,sbps,-0.0,5.333333333333333
8.185,29,prculs-d,0.0,5.333333333333333
8.185,29,prcus-p,0.0,5.333333333333333
8.185,29,prcus-i,0.0,5.333333333333333
8.185,29,prcus-a,0.0,5.333333333333333
8.185,29,ifrms,-0.0,5.333333333333333
8.185,29,sspls-v,0.0,5.333333333333333
8.185,30,mcgs,0.0,5.575757575757576
8.185,30,pos,-0.0,5.575757575757576
8.185,30,sbps,-0.0,5.575757575757576
8.185,30,prculs-d,-0.0,5.575757575757576
8.185,30,prcus-p,0.0,5.575757575757576
8.185,30,prcus-i,-0.0,5.575757575757576
8.185,30,prcus-a,0.0,5.575757575757576
8.185,30,ifrms,-0.0,5.575757575757576
8.185,30,sspls-v,0.0,5.575757575757576
8.185,31,mcgs,0.0,5.393939393939394
8.185,31,pos,-0.0,5.393939393939394
8.185,31,sbps,-0.0,5.393939393939394
8.185,31,prculs-d,-0.0,5.393939393939394
8.185,31,prcus-p,0.0,5.393939393939394
8.185,31,prcus-i,-0.0,5.393939393939394
8.185,31,prcus-a,0.0,5.393939393939394
8.185,31,ifrms,-0.0,5.393939393939394
8.185,31,sspls-v,0.0,5.393939393939394
8.185,32,mcgs,0.0,5.424242424242426
8.185,32,pos,-0.0,5.424242424242426
8.185,32,sbps,-0.0,5.424242424242426
8.185,32,prculs-d,-0.0,5.424242424242426
8.185,32,prcus-p,0.0,5.424242424242426
8.185,32,prcus-i,-0.0,5.424242424242426
8.185,32,prcus-a,0.0,5.424242424242426
8.185,32,ifrms,-0.0,5.424242424242426
8.185,32,sspls-v,0.0,5.424242424242426
8.185,33,mcgs,0.0,5.575757575757576
8.185,33,pos,-0.0,5.575757575757576
8.185,33,sbps,-0.0,5.575757575757576
8.185,33,prculs-d,-0.0,5.575757575757576
8.185,33,prcus-p,0.0,5.575757575757576
8.185,33,prcus-i,-0.0,5.575757575757576
8.185,33,prcus-a,0.0,5.575757575757576
8.185,33,ifrms,-0.0,5.575757575757576
8.185,33,sspls-v,0.0,5.575757575757576
8.185,34,mcgs,0.0,5.515151515151516
8.185,34,pos,-0.0,5.515151515151516
8.185,34,sbps,-0.0,5.515151515151516
8.185,34,prculs-d,-0.0,5.515151515151516
8.185,34,prcus-p,0.0,5.515151515151516
8.185,34,prcus-i,-0.0,5.515151515151516
8.185,34,prcus-a,-0.0,5.515151515151516
8.185,34,ifrms,-0.0,5.515151515151516
8.185,34,sspls-v,0.0,5.515151515151516
8.75,0,mcgs,0.0,5.575757575757576
8.75,0,pos,-0.0,5.575757575757576
8.75,0,sbps,-0.0,5.575757575757576
8.75,0,prculs-d,-0.0,5.575757575757576
8.75,0,prcus-p,0.0,5.575757575757576
8.75,0,prcus-i,-0.0,5.575757575757576
8.75,0,prcus-a,-0.0,5.575757575757576
8.75,0,ifrms,-0.0,5.575757575757576
8.75,0,sspls-v,0.0,5.575757575757576
8.75,1,mcgs,0.0,5.484848484848485
8.75,1,pos,-0.0,5.484848484848485
8.75,1,sbps,-0.0,5.484848484848485
8.75,1,prculs-d,-0.0,5.484848484848485
8.75,1,prcus-p,0.0,5.484848484848485
8.75,1,prcus-i,-0.0,5.484848484848485
8.75,1,prcus-a,0.0,5.484848484848485
8.75,1,ifrms,-0.0,5.484848484848485
8.75,1,sspls-v,0.0,5.484848484848485
8.75,2,mcgs,0.0,5.424242424242422
8.75,2,pos,-0.0,5.424242424242422
8.75,2,sbps,-0.0,5.424242424242422
8.75,2,prculs-d,-0.0,5.424242424242422
8.75,2,prcus-p,0.0,5.424242424242422
8.75,2,prcus-i,-0.0,5.424242424242422
8.75,2,prcus-a,-0.0,5.424242424242422
8.75,2,ifrms,-0.0,5.424242424242422
8.75,2,sspls-v,0.0,5.424242424242422
8.75,3,mcgs,0.0,5.424242424242422
8.75,3,pos,-0.0,5.424242424242422
8.75,3,sbps,-0.0,5.424242424242422
8.75,3,prculs-d,-0.0,5.424242424242422
8.75,3,prcus-p,0.0,5.424242424242422
8.75,3,prcus-i,-0.0,5.424242424242422
8.75,3,prcus-a,0.0,5.424242424242422
8.75,3,ifrms,-0.0,5.424242424242422
8.75,3,sspls-v,0.0,5.424242424242422
8.75,4,mcgs,0.0,5.424242424242422
8.75,4,pos,-0.0,5.424242424242422
8.75,4,sbps,-0.0,5.424242424242422
8.75,4,prculs-d,-0.0,5.424242424242422
8.75,4,prcus-p,0.0,5.424242424242422
8.75,4,prcus-i,-0.0,5.424242424242422
8.75,4,prcus-a,-0.0,5.424242424242422
8.75,4,ifrms,-0.0,5.424242424242422
8.75,4,sspls-v,0.0,5.424242424242422
8.75,5,mcgs,0.0,5.393939393939394
8.75,5,pos,-0.0,5.393939393939394
8.75,5,sbps,-0.0,5.393939393939394
8.75,5,prculs-d,-0.0,5.393939393939394
8.75,5,prcus-p,0.0,5.393939393939394
8.75,5,prcus-i,-0.0,5.393939393939394
8.75,5,prcus-a,0.0,5.393939393939394
8.75,5,ifrms,-0.0,5.393939393939394
8.75,5,sspls-v,0.0,5.393939393939394
8.75,6,mcgs,0.0,5.579322638146167
8.75,6,pos,-0.0,5.579322638146167
8.75,6,sbps,-0.0,5.579322638146167
8.75,6,prculs-d,-0.0,5.579322638146167
8.75,6,prcus-p,0.0,5.579322638146167
8.75,6,prcus-i,-0.0,5.579322638146167
8.75,6,prcus-a,0.0,5.579322638146167
8.75,6,ifrms,-0.0,5.579322638146167
8.75,6,sspls-v,0.0,5.579322638146167
8.75,7,mcgs,0.0,5.2727272727272725
8.75,7,pos,-0.0,5.2727272727272725
8.75,7,sbps,-0.0,5.2727272727272725
8.75,7,prculs-d,-0.0,5.2727272727272725
8.75,7,prcus-p,0.0,5.2727272727272725
8.75,7,prcus-i,-0.0,5.2727272727272725
8.75,7,prcus-a,0.0,5.2727272727272725
8.75,7,ifrms,-0.0,5.2727272727272725
8.75,7,sspls-v,0.0,5.2727272727272725
8.75,8,mcgs,0.0,5.363636363636363
8.75,8,pos,-0.0,5.363636363636363
8.75,8,sbps,-0.0,5.363636363636363
8.75,8,prculs-d,-0.0,5.363636363636363
8.75,8,prcus-p,0.0,5.363636363636363
8.75,8,prcus-i,-0.0,5.363636363636363
8.75,8,prcus-a,0.0,5.363636363636363
8.75,8,ifrms,-0.0,5.363636363636363
8.75,8,sspls-v,0.0,5.363636363636363
8.75,9,mcgs,0.0,5.579322638146167
8.75,9,pos,-0.0,5.579322638146167
8.75,9,sbps,-0.0,5.579322638146167
8.75,9,prculs-d,-0.0,5.579322638146167
8.75,9,prcus-p,0.0,5.579322638146167
8.75,9,prcus-i,-0.0,5.579322638146167
8.75,9,prcus-a,0.0,5.579322638146167
8.75,9,ifrms,-0.0,5.579322638146167
8.75,9,sspls-v,0.0,5.579322638146167
8.75,10,mcgs,0.0,5.5151515151515165
8.75,10,pos,-0.0,5.5151515151515165
8.75,10,sbps,-0.0,5.5151515151515165
8.75,10,prculs-d,-0.0,5.5151515151515165
8.75,10,prcus-p,0.0,5.5151515151515165
8.75,10,prcus-i,-0.0,5.5151515151515165
8.75,10,prcus-a,0.0,5.5151515151515165
8.75,10,ifrms,-0.0,5.5151515151515165
8.75,10,sspls-v,0.0,5.5151515151515165
8.75,11,mcgs,0.0,5.611408199643494
8.75,11,pos,-0.0,5.611408199643494
8.75,11,sbps,-0.0,5.611408199643494
8.75,11,prculs-d,-0.0,5.611408199643494
8.75,11,prcus-p,0.0,5.611408199643494
8.75,11,prcus-i,-0.0,5.611408199643494
8.75,11,prcus-a,0.0,5.611408199643494
8.75,11,ifrms,-0.0,5.611408199643494
8.75,11,sspls-v,0.0,5.611408199643494
8.75,12,mcgs,0.0,5.2727272727272725
8.75,12,pos,-0.0,5.2727272727272725
8.75,12,sbps,-0.0,5.2727272727272725
8.75,12,prculs-d,-0.0,5.2727272727272725
8.75,12,prcus-p,0.0,5.2727272727272725
8.75,12,prcus-i,-0.0,5.2727272727272725
8.75,12,prcus-a,-0.0,5.2727272727272725
8.75,12,ifrms,-0.0,5.2727272727272725
8.75,12,sspls-v,0.0,5.2727272727272725
8.75,13,mcgs,0.0,5.363636363636363
8.75,13,pos,-0.0,5.363636363636363
8.75,13,sbps,-0.0,5.363636363636363
8.75,13,prculs-d,-0.0,5.363636363636363
8.75,13,prcus-p,0.0,5.363636363636363
8.75,13,prcus-i,-0.0,5.363636363636363
8.75,13,prcus-a,0.0,5.363636363636363
8.75,13,ifrms,-0.0,5.363636363636363
8.75,13,sspls-v,0.0,5.363636363636363
8.75,14,mcgs,0.0,5.363636363636363
8.75,14,pos,-0.0,5.363636363636363
8.75,14,sbps,-0.0,5.363636363636363
8.75,14,prculs-d,-0.0,5.363636363636363
8.75,14,prcus-p,0.0,5.363636363636363
8.75,14,prcus-i,-0.0,5.363636363636363
8.75,14,prcus-a,0.0,5.363636363636363
8.75,14,ifrms,-0.0,5.363636363636363
8.75,14,sspls-v,0.0,5.363636363636363
8.75,15,mcgs,0.0,5.303030303030303
8.75,15,pos,-0.0,5.303030303030303
8.75,15,sbps,-0.0,5.303030303030303
8.75,15,prculs-d,0.0,5.303030303030303
8.75,15,prcus-p,0.0,5.303030303030303
8.75,15,prcus-i,-0.0,5.303030303030303
8.75,15,prcus-a,0.0,5.303030303030303
8.75,15,ifrms,-0.0,5.303030303030303
8.75,15,sspls-v,0.0,5.303030303030303
8.75,16,mcgs,0.0,5.575757575757576
8.75,16,pos,-0.0,5.575757575757576
8.75,16,sbps,-0.0,5.575757575757576
8.75,16,prculs-d,-0.0,5.575757575757576
8.75,16,prcus-p,0.0,5.575757575757576
8.75,16,prcus-i,-0.0,5.575757575757576
8.75,16,prcus-a,0.0,5.575757575757576
8.75,16,ifrms,-0.0,5.575757575757576
8.75,16,sspls-v,0.0,5.575757575757576
8.75,17,mcgs,0.0,5.393939393939394
8.75,17,pos,-0.0,5.393939393939394
8.75,17,sbps,-0.0,5.393939393939394
8.75,17,prculs-d,-0.0,5.393939393939394
8.75,17,prcus-p,0.0,5.393939393939394
8.75,17,prcus-i,-0.0,5.393939393939394
8.75,17,prcus-a,0.0,5.393939393939394
8.75,17,ifrms,-0.0,5.393939393939394
8.75,17,sspls-v,0.0,5.393939393939394
8.75,18,mcgs,0.0,5.636363636363636
8.75,18,pos,-0.0,5.636363636363636
8.75,18,sbps,-0.0,5.636363636363636
8.75,18,prculs-d,-0.0,5.636363636363636
8.75,18,prcus-p,0.0,5.636363636363636
8.75,18,prcus-i,-0.0,5.636363636363636
8.75,18,prcus-a,0.0,5.636363636363636
8.75,18,ifrms,-0.0,5.636363636363636
8.75,18,sspls-v,0.0,5.636363636363636
8.75,19,mcgs,0.0,5.424242424242426
8.75,19,pos,-0.0,5.424242424242426
8.75,19,sbps,-0.0,5.424242424242426
8.75,19,prculs-d,-0.0,5.424242424242426
8.75,19,prcus-p,0.0,5.424242424242426
8.75,19,prcus-i,-0.0,5.424242424242426
8.75,19,prcus-a,0.0,5.424242424242426
8.75,19,ifrms,-0.0,5.424242424242426
8.75,19,sspls-v,0.0,5.424242424242426
8.75,20,mcgs,-0.0,5.424242424242426
8.75,20,pos,-0.0,5.424242424242426
8.75,20,sbps,-0.0,5.424242424242426
8.75,20,prculs-d,0.0,5.424242424242426
8.75,20,prcus-p,0.0,5.424242424242426
8.75,20,prcus-i,-0.0,5.424242424242426
8.75,20,prcus-a,-0.0,5.424242424242426
8.75,20,ifrms,-0.0,5.424242424242426
8.75,20,sspls-v,0.0,5.424242424242426
8.75,21,mcgs,0.0,5.5151515151515165
8.75,21,pos,-0.0,5.5151515151515165
8.75,21,sbps,-0.0,5.5151515151515165
8.75,21,prculs-d,-0.0,5.5151515151515165
8.75,21,prcus-p,0.0,5.5151515151515165
8.75,21,prcus-i,-0.0,5.5151515151515165
8.75,21,prcus-a,0.0,5.5151515151515165
8.75,21,ifrms,-0.0,5.5151515151515165
8.75,21,sspls-v,0.0,5.5151515151515165
8.75,22,mcgs,0.0,5.606060606060606
8.75,22,pos,-0.0,5.606060606060606
8.75,22,sbps,-0.0,5.606060606060606
8.75,22,prculs-d,-0.0,5.606060606060606
8.75,22,prcus-p,0.0,5.606060606060606
8.75,22,prcus-i,-0.0,5.606060606060606
8.75,22,prcus-a,0.0,5.606060606060606
8.75,22,ifrms,-0.0,5.606060606060606
8.75,22,sspls-v,0.0,5.606060606060606
8.75,23,mcgs,0.0,5.5151515151515165
8.75,23,pos,-0.0,5.5151515151515165
8.75,23,sbps,-0.0,5.5151515151515165
8.75,23,prculs-d,-0.0,5.5151515151515165
8.75,23,prcus-p,0.0,5.5151515151515165
8.75,23,prcus-i,-0.0,5.5151515151515165
8.75,23,prcus-a,0.0,5.5151515151515165
8.75,23,ifrms,-0.0,5.5151515151515165
8.75,23,sspls-v,0.0,5.5151515151515165
8.75,24,mcgs,0.0,5.454545454545456
8.75,24,pos,-0.0,5.454545454545456
8.75,24,sbps,-0.0,5.454545454545456
8.75,24,prculs-d,-0.0,5.454545454545456
8.75,24,prcus-p,0.0,5.454545454545456
8.75,24,prcus-i,-0.0,5.454545454545456
8.75,24,prcus-a,-0.0,5.454545454545456
8.75,24,ifrms,-0.0,5.454545454545456
8.75,24,sspls-v,0.0,5.454545454545456
8.75,25,mcgs,0.0,5.611408199643494
8.75,25,pos,-0.0,5.611408199643494
8.75,25,sbps,-0.0,5.611408199643494
8.75,25,prculs-d,-0.0,5.611408199643494
8.75,25,prcus-p,0.0,5.611408199643494
8.75,25,prcus-i,-0.0,5.611408199643494
8.75,25,prcus-a,0.0,5.611408199643494
8.75,25,ifrms,-0.0,5.611408199643494
8.75,25,sspls-v,0.0,5.611408199643494
8.75,26,mcgs,0.0,5.545454545454546
8.75,26,pos,-0.0,5.545454545454546
8.75,26,sbps,-0.0,5.545454545454546
8.75,26,prculs-d,-0.0,5.545454545454546
8.75,26,prcus-p,0.0,5.545454545454546
8.75,26,prcus-i,-0.0,5.545454545454546
8.75,26,prcus-a,0.0,5.545454545454546
8.75,26,ifrms,-0.0,5.545454545454546
8.75,26,sspls-v,0.0,5.545454545454546
8.75,27,mcgs,0.0,5.575757575757576
8.75,27,pos,-0.0,5.575757575757576
8.75,27,sbps,-0.0,5.575757575757576
8.75,27,prculs-d,-0.0,5.575757575757576
8.75,27,prcus-p,0.0,5.575757575757576
8.75,27,prcus-i,-0.0,5.575757575757576
8.75,27,prcus-a,-0.0,5.575757575757576
8.75,27,ifrms,-0.0,5.575757575757576
8.75,27,sspls-v,0.0,5.575757575757576
8.75,28,mcgs,0.0,5.611408199643494
8.75,28,pos,-0.0,5.611408199643494
8.75,28,sbps,-0.0,5.611408199643494
8.75,28,prculs-d,-0.0,5.611408199643494
8.75,28,prcus-p,0.0,5.611408199643494
8.75,28,prcus-i,-0.0,5.611408199643494
8.75,28,prcus-a,0.0,5.611408199643494
8.75,28,ifrms,-0.0,5.611408199643494
8.75,28,sspls-v,0.0,5.611408199643494
8.75,29,mcgs,-0.0,5.333333333333333
8.75,29,pos,-0.0,5.333333333333333
8.75,29,sbps,-0.0,5.333333333333333
8.75,29,prculs-d,0.0,5.333333333333333
8.75,29,prcus-p,0.0,5.333333333333333
8.75,29,prcus-i,0.0,5.333333333333333
8.75,29,prcus-a,0.0,5.333333333333333
8.75,29,ifrms,-0.0,5.333333333333333
8.75,29,sspls-v,0.0,5.333333333333333
8.75,30,mcgs,0.0,5.575757575757576
8.75,30,pos,-0.0,5.575757575757576
8.75,30,sbps,-0.0,5.575757575757576
8.75,30,prculs-d,-0.0,5.575757575757576
8.75,30,prcus-p,0.0,5.575757575757576
8.75,30,prcus-i,-0.0,5.575757575757576
8.75,30,prcus-a,0.0,5.575757575757576
8.75,30,ifrms,-0.0,5.575757575757576
8.75,30,sspls-v,0.0,5.575757575757576
8.75,31,mcgs,0.0,5.393939393939394
8.75,31,pos,-0.0,5.393939393939394
8.75,31,sbps,-0.0,5.393939393939394
8.75,31,prculs-d,-0.0,5.393939393939394
8.75,31,prcus-p,0.0,5.393939393939394
8.75,31,prcus-i,-0.0,5.393939393939394
8.75,31,prcus-a,0.0,5.393939393939394
8.75,31,ifrms,-0.0,5.393939393939394
8.75,31,sspls-v,0.0,5.393939393939394
8.75,32,mcgs,0.0,5.424242424242426
8.75,32,pos,-0.0,5.424242424242426
8.75,32,sbps,-0.0,5.424242424242426
8.75,32,prculs-d,-0.0,5.424242424242426
8.75,32,prcus-p,0.0,5.424242424242426
8.75,32,prcus-i,-0.0,5.424242424242426
8.75,32,prcus-a,0.0,5.424242424242426
8.75,32,ifrms,-0.0,5.424242424242426
8.75,32,sspls-v,0.0,5.424242424242426
8.75,33,mcgs,0.0,5.575757575757576
8.75,33,pos,-0.0,5.575757575757576
8.75,33,sbps,-0.0,5.575757575757576
8.75,33,prculs-d,-0.0,5.575757575757576
8.75,33,prcus-p,0.0,5.575757575757576
8.75,33,prcus-i,-0.0,5.575757575757576
8.75,33,prcus-a,0.0,5.575757575757576
8.75,33,ifrms,-0.0,5.575757575757576
8.75,33,sspls-v,0.0,5.575757575757576
8.75,34,mcgs,0.0,5.515151515151516
8.75,34,pos,-0.0,5.515151515151516
8.75,34,sbps,-0.0,5.515151515151516
8.75,34,prculs-d,-0.0,5.515151515151516
8.75,34,prcus-p,0.0,5.515151515151516
8.75,34,prcus-i,-0.0,5.515151515151516
8.75,34,prcus-a,-0.0,5.515151515151516
8.75,34,ifrms,-0.0,5.515151515151516
8.75,34,sspls-v,0.0,5.515151515151516
9.354,0,mcgs,0.0,5.575757575757576
9.354,0,pos,-0.0,5.575757575757576
9.354,0,sbps,-0.0,5.575757575757576
9.354,0,prculs-d,-0.0,5.575757575757576
9.354,0,prcus-p,0.0,5.575757575757576
9.354,0,prcus-i,-0.0,5.575757575757576
9.354,0,prcus-a,-0.0,5.575757575757576
9.354,0,ifrms,-0.0,5.575757575757576
9.354,0,sspls-v,0.0,5.575757575757576
9.354,1,mcgs,0.0,5.484848484848485
9.354,1,pos,-0.0,5.484848484848485
9.354,1,sbps,-0.0,5.484848484848485
9.354,1,prculs-d,-0.0,5.484848484848485
9.354,1,prcus-p,0.0,5.484848484848485
9.354,1,prcus-i,-0.0,5.484848484848485
9.354,1,prcus-a,0.0,5.484848484848485
9.354,1,ifrms,-0.0,5.484848484848485
9.354,1,sspls-v,0.0,5.484848484848485
9.354,2,mcgs,0.0,5.424242424242422
9.354,2,pos,-0.0,5.424242424242422
9.354,2,sbps,-0.0,5.424242424242422
9.354,2,prculs-d,-0.0,5.424242424242422
9.354,2,prcus-p,0.0,5.424242424242422
9.354,2,prcus-i,-0.0,5.424242424242422
9.354,2,prcus-a,-0.0,5.424242424242422
9.354,2,ifrms,-0.0,5.424242424242422
9.354,2,sspls-v,0.0,5.424242424242422
9.354,3,mcgs,0.0,5.424242424242422
9.354,3,pos,-0.0,5.424242424242422
9.354,3,sbps,-0.0,5.424242424242422
9.354,3,prculs-d,-0.0,5.424242424242422
9.354,3,prcus-p,0.0,5.424242424242422
9.354,3,prcus-i,-0.0,5.424242424242422
9.354,3,prcus-a,0.0,5.424242424242422
9.354,3,ifrms,-0.0,5.424242424242422
9.354,3,sspls-v,0.0,5.424242424242422
9.354,4,mcgs,0.0,5.424242424242422
9.354,4,pos,-0.0,5.424242424242422
9.354,4,sbps,-0.0,5.424242424242422
9.354,4,prculs-d,-0.0,5.424242424242422
9.354,4,prcus-p,0.0,5.424242424242422
9.354,4,prcus-i,-0.0,5.424242424242422
9.354,4,prcus-a,-0.0,5.424242424242422
9.354,4,ifrms,-0.0,5.424242424242422
9.354,4,sspls-v,0.0,5.424242424242422
9.354,5,mcgs,0.0,5.393939393939394
9.354,5,pos,-0.0,5.393939393939394
9.354,5,sbps,-0.0,5.393939393939394
9.354,5,prculs-d,-0.0,5.393939393939394
9.354,5,prcus-p,0.0,5.393939393939394
9.354,5,prcus-i,-0.0,5.393939393939394
9.354,5,prcus-a,0.0,5.393939393939394
9.354,5,ifrms,-0.0,5.393939393939394
9.354,5,sspls-v,0.0,5.393939393939394
9.354,6,mcgs,0.0,5.579322638146167
9.354,6,pos,-0.0,5.579322638146167
9.354,6,sbps,-0.0,5.579322638146167
9.354,6,prculs-d,-0.0,5.579322638146167
9.354,6,prcus-p,0.0,5.579322638146167
9.354,6,prcus-i,-0.0,5.579322638146167
9.354,6,prcus-a,0.0,5.579322638146167
9.354,6,ifrms,-0.0,5.579322638146167
9.354,6,sspls-v,0.0,5.579322638146167
9.354,7,mcgs,0.0,5.2727272727272725
9.354,7,pos,-0.0,5.2727272727272725
9.354,7,sbps,-0.0,5.2727272727272725
9.354,7,prculs-d,-0.0,5.2727272727272725
9.354,7,prcus-p,0.0,5.2727272727272725
9.354,7,prcus-i,-0.0,5.2727272727272725
9.354,7,prcus-a,0.0,5.2727272727272725
9.354,7,ifrms,-0.0,5.2727272727272725
9.354,7,sspls-v,0.0,5.2727272727272725
9.354,8,mcgs,0.0,5.363636363636363
9.354,8,pos,-0.0,5.363636363636363
9.354,8,sbps,-0.0,5.363636363636363
9.354,8,prculs-d,-0.0,5.363636363636363
9.354,8,prcus-p,0.0,5.363636363636363
9.354,8,prcus-i,-0.0,5.363636363636363
9.354,8,prcus-a,0.0,5.363636363636363
9.354,8,ifrms,-0.0,5.363636363636363
9.354,8,sspls-v,0.0,5.363636363636363
9.354,9,mcgs,0.0,5.579322638146167
9.354,9,pos,-0.0,5.579322638146167
9.354,9,sbps,-0.0,5.579322638146167
9.354,9,prculs-d,-0.0,5.579322638146167
9.354,9,prcus-p,0.0,5.579322638146167
9.354,9,prcus-i,-0.0,5.579322638146167
9.354,9,prcus-a,0.0,5.579322638146167
9.354,9,ifrms,-0.0,5.579322638146167
9.354,9,sspls-v,0.0,5.579322638146167
9.354,10,mcgs,0.0,5.5151515151515165
9.354,10,pos,-0.0,5.5151515151515165
9.354,10,sbps,-0.0,5.5151515151515165
9.354,10,prculs-d,-0.0,5.5151515151515165
9.354,10,prcus-p,0.0,5.5151515151515165
9.354,10,prcus-i,-0.0,5.5151515151515165
9.354,10,prcus-a,0.0,5.5151515151515165
9.354,10,ifrms,-0.0,5.5151515151515165
9.354,10,sspls-v,0.0,5.5151515151515165
9.354,11,mcgs,0.0,5.611408199643494
9.354,11,pos,-0.0,5.611408199643494
9.354,11,sbps,-0.0,5.611408199643494
9.354,11,prculs-d,-0.0,5.611408199643494
9.354,11,prcus-p,0.0,5.611408199643494
9.354,11,prcus-i,-0.0,5.611408199643494
9.354,11,prcus-a,0.0,5.611408199643494
9.354,11,ifrms,-0.0,5.611408199643494
9.354,11,sspls-v,0.0,5.611408199643494
9.354,12,mcgs,0.0,5.2727272727272725
9.354,12,pos,-0.0,5.2727272727272725
9.354,12,sbps,-0.0,5.2727272727272725
9.354,12,prculs-d,-0.0,5.2727272727272725
9.354,12,prcus-p,0.0,5.2727272727272725
9.354,12,prcus-i,-0.0,5.2727272727272725
9.354,12,prcus-a,-0.0,5.2727272727272725
9.354,12,ifrms,-0.0,5.2727272727272725
9.354,12,sspls-v,0.0,5.2727272727272725
9.354,13,mcgs,0.0,5.363636363636363
9.354,13,pos,-0.0,5.363636363636363
9.354,13,sbps,-0.0,5.363636363636363
9.354,13,prculs-d,-0.0,5.363636363636363
9.354,13,prcus-p,0.0,5.363636363636363
9.354,13,prcus-i,-0.0,5.363636363636363
9.354,13,prcus-a,0.0,5.363636363636363
9.354,13,ifrms,-0.0,5.363636363636363
9.354,13,sspls-v,0.0,5.363636363636363
9.354,14,mcgs,0.0,5.363636363636363
9.354,14,pos,-0.0,5.363636363636363
9.354,14,sbps,-0.0,5.363636363636363
9.354,14,prculs-d,-0.0,5.363636363636363
9.354,14,prcus-p,0.0,5.363636363636363
9.354,14,prcus-i,-0.0,5.363636363636363
9.354,14,prcus-a,0.0,5.363636363636363
9.354,14,ifrms,-0.0,5.363636363636363
9.354,14,sspls-v,0.0,5.363636363636363
9.354,15,mcgs,0.0,5.303030303030303
9.354,15,pos,-0.0,5.303030303030303
9.354,15,sbps,-0.0,5.303030303030303
9.354,15,prculs-d,0.0,5.303030303030303
9.354,15,prcus-p,0.0,5.303030303030303
9.354,15,prcus-i,-0.0,5.303030303030303
9.354,15,prcus-a,0.0,5.303030303030303
9.354,15,ifrms,-0.0,5.303030303030303
9.354,15,sspls-v,0.0,5.303030303030303
9.354,16,mcgs,0.0,5.575757575757576
9.354,16,pos,-0.0,5.575757575757576
9.354,16,sbps,-0.0,5.575757575757576
9.354,16,prculs-d,-0.0,5.575757575757576
9.354,16,prcus-p,0.0,5.575757575757576
9.354,16,prcus-i,-0.0,5.575757575757576
9.354,16,prcus-a,0.0,5.575757575757576
9.354,16,ifrms,-0.0,5.575757575757576
9.354,16,sspls-v,0.0,5.575757575757576
9.354,17,mcgs,0.0,5.393939393939394
9.354,17,pos,-0.0,5.393939393939394
9.354,17,sbps,-0.0,5.393939393939394
9.354,17,prculs-d,-0.0,5.393939393939394
9.354,17,prcus-p,0.0,5.393939393939394
9.354,17,prcus-i,-0.0,5.393939393939394
9.354,17,prcus-a,0.0,5.393939393939394
9.354,17,ifrms,-0.0,5.393939393939394
9.354,17,sspls-v,0.0,5.393939393939394
9.354,18,mcgs,0.0,5.636363636363636
9.354,18,pos,-0.0,5.636363636363636
9.354,18,sbps,-0.0,5.636363636363636
9.354,18,prculs-d,-0.0,5.636363636363636
9.354,18,prcus-p,0.0,5.636363636363636
9.354,18,prcus-i,-0.0,5.636363636363636
9.354,18,prcus-a,0.0,5.636363636363636
9.354,18,ifrms,-0.0,5.636363636363636
9.354,18,sspls-v,0.0,5.636363636363636
9.354,19,mcgs,0.0,5.424242424242426
9.354,19,pos,-0.0,5.424242424242426
9.354,19,sbps,-0.0,5.424242424242426
9.354,19,prculs-d,-0.0,5.424242424242426
9.354,19,prcus-p,0.0,5.424242424242426
9.354,19,prcus-i,-0.0,5.424242424242426
9.354,19,prcus-a,0.0,5.424242424242426
9.354,19,ifrms,-0.0,5.424242424242426
9.354,19,sspls-v,0.0,5.424242424242426
9.354,20,mcgs,-0.0,5.424242424242426
9.354,20,pos,-0.0,5.424242424242426
9.354,20,sbps,-0.0,5.424242424242426
9.354,20,prculs-d,0.0,5.424242424242426
9.354,20,prcus-p,0.0,5.424242424242426
9.354,20,prcus-i,-0.0,5.424242424242426
9.354,20,prcus-a,-0.0,5.424242424242426
9.354,20,ifrms,-0.0,5.424242424242426
9.354,20,sspls-v,0.0,5.424242424242426
9.354,21,mcgs,0.0,5.5151515151515165
9.354,21,pos,-0.0,5.5151515151515165
9.354,21,sbps,-0.0,5.5151515151515165
9.354,21,prculs-d,-0.0,5.5151515151515165
9.354,21,prcus-p,0.0,5.5151515151515165
9.354,21,prcus-i,-0.0,5.5151515151515165
9.354,21,prcus-a,0.0,5.5151515151515165
9.354,21,ifrms,-0.0,5.5151515151515165
9.354,21,sspls-v,0.0,5.5151515151515165
9.354,22,mcgs,0.0,5.606060606060606
9.354,22,pos,-0.0,5.606060606060606
9.354,22,sbps,-0.0,5.606060606060606
9.354,22,prculs-d,-0.0,5.606060606060606
9.354,22,prcus-p,0.0,5.606060606060606
9.354,22,prcus-i,-0.0,5.606060606060606
9.354,22,prcus-a,0.0,5.606060606060606
9.354,22,ifrms,-0.0,5.606060606060606
9.354,22,sspls-v,0.0,5.606060606060606
9.354,23,mcgs,0.0,5.5151515151515165
9.354,23,pos,-0.0,5.5151515151515165
9.354,23,sbps,-0.0,5.5151515151515165
9.354,23,prculs-d,-0.0,5.5151515151515165
9.354,23,prcus-p,0.0,5.5151515151515165
9.354,23,prcus-i,-0.0,5.5151515151515165
9.354,23,prcus-a,0.0,5.5151515151515165
9.354,23,ifrms,-0.0,5.5151515151515165
9.354,23,sspls-v,0.0,5.5151515151515165
9.354,24,mcgs,0.0,5.454545454545456
9.354,24,pos,-0.0,5.454545454545456
9.354,24,sbps,-0.0,5.454545454545456
9.354,24,prculs-d,-0.0,5.454545454545456
9.354,24,prcus-p,0.0,5.454545454545456
9.354,24,prcus-i,-0.0,5.454545454545456
9.354,24,prcus-a,-0.0,5.454545454545456
9.354,24,ifrms,-0.0,5.454545454545456
9.354,24,sspls-v,0.0,5.454545454545456
9.354,25,mcgs,0.0,5.611408199643494
9.354,25,pos,-0.0,5.611408199643494
9.354,25,sbps,-0.0,5.611408199643494
9.354,25,prculs-d,-0.0,5.611408199643494
9.354,25,prcus-p,0.0,5.611408199643494
9.354,25,prcus-i,-0.0,5.611408199643494
9.354,25,prcus-a,0.0,5.611408199643494
9.354,25,ifrms,-0.0,5.611408199643494
9.354,25,sspls-v,0.0,5.611408199643494
9.354,26,mcgs,0.0,5.545454545454546
9.354,26,pos,-0.0,5.545454545454546
9.354,26,sbps,-0.0,5.545454545454546
9.354,26,prculs-d,-0.0,5.545454545454546
9.354,26,prcus-p,0.0,5.545454545454546
9.354,26,prcus-i,-0.0,5.545454545454546
9.354,26,prcus-a,0.0,5.545454545454546
9.354,26,ifrms,-0.0,5.545454545454546
9.354,26,sspls-v,0.0,5.545454545454546
9.354,27,mcgs,0.0,5.575757575757576
9.354,27,pos,-0.0,5.575757575757576
9.354,27,sbps,-0.0,5.575757575757576
9.354,27,prculs-d,-0.0,5.575757575757576
9.354,27,prcus-p,0.0,5.575757575757576
9.354,27,prcus-i,-0.0,5.575757575757576
9.354,27,prcus-a,-0.0,5.575757575757576
9.354,27,ifrms,-0.0,5.575757575757576
9.354,27,sspls-v,0.0,5.575757575757576
9.354,28,mcgs,0.0,5.611408199643494
9.354,28,pos,-0.0,5.611408199643494
9.354,28,sbps,-0.0,5.611408199643494
9.354,28,prculs-d,-0.0,5.611408199643494
9.354,28,prcus-p,0.0,5.611408199643494
9.354,28,prcus-i,-0.0,5.611408199643494
9.354,28,prcus-a,0.0,5.611408199643494
9.354,28,ifrms,-0.0,5.611408199643494
9.354,28,sspls-v,0.0,5.611408199643494
9.354,29,mcgs,-0.0,5.333333333333333
9.354,29,pos,-0.0,5.333333333333333
9.354,29,sbps,-0.0,5.333333333333333
9.354,29,prculs-d,0.0,5.333333333333333
9.354,29,prcus-p,0.0,5.333333333333333
9.354,29,prcus-i,0.0,5.333333333333333
9.354,29,prcus-a,0.0,5.333333333333333
9.354,29,ifrms,-0.0,5.333333333333333
9.354,29,sspls-v,0.0,5.333333333333333
9.354,30,mcgs,0.0,5.575757575757576
9.354,30,pos,-0.0,5.575757575757576
9.354,30,sbps,-0.0,5.575757575757576
9.354,30,prculs-d,-0.0,5.575757575757576
9.354,30,prcus-p,0.0,5.575757575757576
9.354,30,prcus-i,-0.0,5.575757575757576
9.354,30,prcus-a,0.0,5.575757575757576
9.354,30,ifrms,-0.0,5.575757575757576
9.354,30,sspls-v,0.0,5.575757575757576
9.354,31,mcgs,0.0,5.393939393939394
9.354,31,pos,-0.0,5.393939393939394
9.354,31,sbps,-0.0,5.393939393939394
9.354,31,prculs-d,-0.0,5.393939393939394
9.354,31,prcus-p,0.0,5.393939393939394
9.354,31,prcus-i,-0.0,5.393939393939394
9.354,31,prcus-a,0.0,5.393939393939394
9.354,31,ifrms,-0.0,5.393939393939394
9.354,31,sspls-v,0.0,5.393939393939394
9.354,32,mcgs,0.0,5.424242424242426
9.354,32,pos,-0.0,5.424242424242426
9.354,32,sbps,-0.0,5.424242424242426
9.354,32,prculs-d,-0.0,5.424242424242426
9.354,32,prcus-p,0.0,5.424242424242426
9.354,32,prcus-i,-0.0,5.424242424242426
9.354,32,prcus-a,0.0,5.424242424242426
9.354,32,ifrms,-0.0,5.424242424242426
9.354,32,sspls-v,0.0,5.424242424242426
9.354,33,mcgs,0.0,5.575757575757576
9.354,33,pos,-0.0,5.575757575757576
9.354,33,sbps,-0.0,5.575757575757576
9.354,33,prculs-d,-0.0,5.575757575757576
9.354,33,prcus-p,0.0,5.575757575757576
9.354,33,prcus-i,-0.0,5.575757575757576
9.354,33,prcus-a,0.0,5.575757575757576
9.354,33,ifrms,-0.0,5.575757575757576
9.354,33,sspls-v,0.0,5.575757575757576
9.354,34,mcgs,0.0,5.515151515151516
9.354,34,pos,-0.0,5.515151515151516
9.354,34,sbps,-0.0,5.515151515151516
9.354,34,prculs-d,-0.0,5.515151515151516
9.354,34,prcus-p,0.0,5.515151515151516
9.354,34,prcus-i,-0.0,5.515151515151516
9.354,34,prcus-a,-0.0,5.515151515151516
9.354,34,ifrms,-0.0,5.515151515151516
9.354,34,sspls-v,0.0,5.515151515151516
10.0,0,mcgs,0.0,5.575757575757576
10.0,0,pos,-0.0,5.575757575757576
10.0,0,sbps,-0.0,5.575757575757576
10.0,0,prculs-d,-0.0,5.575757575757576
10.0,0,prcus-p,0.0,5.575757575757576
10.0,0,prcus-i,-0.0,5.575757575757576
10.0,0,prcus-a,-0.0,5.575757575757576
10.0,0,ifrms,-0.0,5.575757575757576
10.0,0,sspls-v,0.0,5.575757575757576
10.0,1,mcgs,0.0,5.484848484848485
10.0,1,pos,-0.0,5.484848484848485
10.0,1,sbps,-0.0,5.484848484848485
10.0,1,prculs-d,-0.0,5.484848484848485
10.0,1,prcus-p,0.0,5.484848484848485
10.0,1,prcus-i,-0.0,5.484848484848485
10.0,1,prcus-a,0.0,5.484848484848485
10.0,1,ifrms,-0.0,5.484848484848485
10.0,1,sspls-v,0.0,5.484848484848485
10.0,2,mcgs,0.0,5.424242424242422
10.0,2,pos,-0.0,5.424242424242422
10.0,2,sbps,-0.0,5.424242424242422
10.0,2,prculs-d,-0.0,5.424242424242422
10.0,2,prcus-p,0.0,5.424242424242422
10.0,2,prcus-i,-0.0,5.424242424242422
10.0,2,prcus-a,-0.0,5.424242424242422
10.0,2,ifrms,-0.0,5.424242424242422
10.0,2,sspls-v,0.0,5.424242424242422
10.0,3,mcgs,0.0,5.424242424242422
10.0,3,pos,-0.0,5.424242424242422
10.0,3,sbps,-0.0,5.424242424242422
10.0,3,prculs-d,-0.0,5.424242424242422
10.0,3,prcus-p,0.0,5.424242424242422
10.0,3,prcus-i,-0.0,5.424242424242422
10.0,3,prcus-a,0.0,5.424242424242422
10.0,3,ifrms,-0.0,5.424242424242422
10.0,3,sspls-v,0.0,5.424242424242422
10.0,4,mcgs,0.0,5.424242424242422
10.0,4,pos,-0.0,5.424242424242422
10.0,4,sbps,-0.0,5.424242424242422
10.0,4,prculs-d,-0.0,5.424242424242422
10.0,4,prcus-p,0.0,5.424242424242422
10.0,4,prcus-i,-0.0,5.424242424242422
10.0,4,prcus-a,-0.0,5.424242424242422
10.0,4,ifrms,-0.0,5.424242424242422
10.0,4,sspls-v,0.0,5.424242424242422
10.0,5,mcgs,0.0,5.393939393939394
10.0,5,pos,-0.0,5.393939393939394
10.0,5,sbps,-0.0,5.393939393939394
10.0,5,prculs-d,-0.0,5.393939393939394
10.0,5,prcus-p,0.0,5.393939393939394
10.0,5,prcus-i,-0.0,5.393939393939394
10.0,5,prcus-a,0.0,5.393939393939394
10.0,5,ifrms,-0.0,5.393939393939394
10.0,5,sspls-v,0.0,5.393939393939394
10.0,6,mcgs,0.0,5.579322638146167
10.0,6,pos,-0.0,5.579322638146167
10.0,6,sbps,-0.0,5.579322638146167
10.0,6,prculs-d,-0.0,5.579322638146167
10.0,6,prcus-p,0.0,5.579322638146167
10.0,6,prcus-i,-0.0,5.579322638146167
10.0,6,prcus-a,0.0,5.579322638146167
10.0,6,ifrms,-0.0,5.579322638146167
10.0,6,sspls-v,0.0,5.579322638146167
10.0,7,mcgs,0.0,5.2727272727272725
10.0,7,pos,-0.0,5.2727272727272725
10.0,7,sbps,-0.0,5.2727272727272725
10.0,7,prculs-d,-0.0,5.2727272727272725
10.0,7,prcus-p,0.0,5.2727272727272725
10.0,7,prcus-i,-0.0,5.2727272727272725
10.0,7,prcus-a,0.0,5.2727272727272725
10.0,7,ifrms,-0.0,5.2727272727272725
10.0,7,sspls-v,0.0,5.2727272727272725
10.0,8,mcgs,0.0,5.363636363636363
10.0,8,pos,-0.0,5.363636363636363
10.0,8,sbps,-0.0,5.363636363636363
10.0,8,prculs-d,-0.0,5.363636363636363
10.0,8,prcus-p,0.0,5.363636363636363
10.0,8,prcus-i,-0.0,5.363636363636363
10.0,8,prcus-a,0.0,5.363636363636363
10.0,8,ifrms,-0.0,5.363636363636363
10.0,8,sspls-v,0.0,5.363636363636363
10.0,9,mcgs,0.0,5.579322638146167
10.0,9,pos,-0.0,5.579322638146167
10.0,9,sbps,-0.0,5.579322638146167
10.0,9,prculs-d,-0.0,5.579322638146167
10.0,9,prcus-p,0.0,5.579322638146167
10.0,9,prcus-i,-0.0,5.579322638146167
10.0,9,prcus-a,0.0,5.579322638146167
10.0,9,ifrms,-0.0,5.579322638146167
10.0,9,sspls-v,0.0,5.579322638146167
10.0,10,mcgs,0.0,5.5151515151515165
10.0,10,pos,-0.0,5.5151515151515165
10.0,10,sbps,-0.0,5.5151515151515165
10.0,10,prculs-d,-0.0,5.5151515151515165
10.0,10,prcus-p,0.0,5.5151515151515165
10.0,10,prcus-i,-0.0,5.5151515151515165
10.0,10,prcus-a,0.0,5.5151515151515165
10.0,10,ifrms,-0.0,5.5151515151515165
10.0,10,sspls-v,0.0,5.5151515151515165
10.0,11,mcgs,0.0,5.611408199643494
10.0,11,pos,-0.0,5.611408199643494
10.0,11,sbps,-0.0,5.611408199643494
10.0,11,prculs-d,-0.0,5.611408199643494
10.0,11,prcus-p,0.0,5.611408199643494
10.0,11,prcus-i,-0.0,5.611408199643494
10.0,11,prcus-a,0.0,5.611408199643494
10.0,11,ifrms,-0.0,5.611408199643494
10.0,11,sspls-v,0.0,5.611408199643494
10.0,12,mcgs,0.0,5.2727272727272725
10.0,12,pos,-0.0,5.2727272727272725
10.0,12,sbps,-0.0,5.2727272727272725
10.0,12,prculs-d,-0.0,5.2727272727272725
10.0,12,prcus-p,0.0,5.2727272727272725
10.0,12,prcus-i,-0.0,5.2727272727272725
10.0,12,prcus-a,-0.0,5.2727272727272725
10.0,12,ifrms,-0.0,5.2727272727272725
10.0,12,sspls-v,0.0,5.2727272727272725
10.0,13,mcgs,0.0,5.363636363636363
10.0,13,pos,-0.0,5.363636363636363
10.0,13,sbps,-0.0,5.363636363636363
10.0,13,prculs-d,-0.0,5.363636363636363
10.0,13,prcus-p,0.0,5.363636363636363
10.0,13,prcus-i,-0.0,5.363636363636363
10.0,13,prcus-a,0.0,5.363636363636363
10.0,13,ifrms,-0.0,5.363636363636363
10.0,13,sspls-v,0.0,5.363636363636363
10.0,14,mcgs,0.0,5.363636363636363
10.0,14,pos,-0.0,5.363636363636363
10.0,14,sbps,-0.0,5.363636363636363
10.0,14,prculs-d,-0.0,5.363636363636363
10.0,14,prcus-p,0.0,5.363636363636363
10.0,14,prcus-i,-0.0,5.363636363636363
10.0,14,prcus-a,0.0,5.363636363636363
10.0,14,ifrms,-0.0,5.363636363636363
10.0,14,sspls-v,0.0,5.363636363636363
10.0,15,mcgs,0.0,5.303030303030303
10.0,15,pos,-0.0,5.303030303030303
10.0,15,sbps,-0.0,5.303030303030303
10.0,15,prculs-d,0.0,5.303030303030303
10.0,15,prcus-p,0.0,5.303030303030303
10.0,15,prcus-i,-0.0,5.303030303030303
10.0,15,prcus-a,0.0,5.303030303030303
10.0,15,ifrms,-0.0,5.303030303030303
10.0,15,sspls-v,0.0,5.303030303030303
10.0,16,mcgs,0.0,5.575757575757576
10.0,16,pos,-0.0,5.575757575757576
10.0,16,sbps,-0.0,5.575757575757576
10.0,16,prculs-d,-0.0,5.575757575757576
10.0,16,prcus-p,0.0,5.575757575757576
10.0,16,prcus-i,-0.0,5.575757575757576
10.0,16,prcus-a,0.0,5.575757575757576
10.0,16,ifrms,-0.0,5.575757575757576
10.0,16,sspls-v,0.0,5.575757575757576
10.0,17,mcgs,0.0,5.393939393939394
10.0,17,pos,-0.0,5.393939393939394
10.0,17,sbps,-0.0,5.393939393939394
10.0,17,prculs-d,-0.0,5.393939393939394
10.0,17,prcus-p,0.0,5.393939393939394
10.0,17,prcus-i,-0.0,5.393939393939394
10.0,17,prcus-a,0.0,5.393939393939394
10.0,17,ifrms,-0.0,5.393939393939394
10.0,17,sspls-v,0.0,5.393939393939394
10.0,18,mcgs,0.0,5.636363636363636
10.0,18,pos,-0.0,5.636363636363636
10.0,18,sbps,-0.0,5.636363636363636
10.0,18,prculs-d,-0.0,5.636363636363636
10.0,18,prcus-p,0.0,5.636363636363636
10.0,18,prcus-i,-0.0,5.636363636363636
10.0,18,prcus-a,0.0,5.636363636363636
10.0,18,ifrms,-0.0,5.636363636363636
10.0,18,sspls-v,0.0,5.636363636363636
10.0,19,mcgs,0.0,5.424242424242426
10.0,19,pos,-0.0,5.424242424242426
10.0,19,sbps,-0.0,5.424242424242426
10.0,19,prculs-d,-0.0,5.424242424242426
10.0,19,prcus-p,0.0,5.424242424242426
10.0,19,prcus-i,-0.0,5.424242424242426
10.0,19,prcus-a,0.0,5.424242424242426
10.0,19,ifrms,-0.0,5.424242424242426
10.0,19,sspls-v,0.0,5.424242424242426
10.0,20,mcgs,-0.0,5.424242424242426
10.0,20,pos,-0.0,5.424242424242426
10.0,20,sbps,-0.0,5.424242424242426
10.0,20,prculs-d,0.0,5.424242424242426
10.0,20,prcus-p,0.0,5.424242424242426
10.0,20,prcus-i,-0.0,5.424242424242426
10.0,20,prcus-a,-0.0,5.424242424242426
10.0,20,ifrms,-0.0,5.424242424242426
10.0,20,sspls-v,0.0,5.424242424242426
10.0,21,mcgs,0.0,5.5151515151515165
10.0,21,pos,-0.0,5.5151515151515165
10.0,21,sbps,-0.0,5.5151515151515165
10.0,21,prculs-d,-0.0,5.5151515151515165
10.0,21,prcus-p,0.0,5.5151515151515165
10.0,21,prcus-i,-0.0,5.5151515151515165
10.0,21,prcus-a,0.0,5.5151515151515165
10.0,21,ifrms,-0.0,5.5151515151515165
10.0,21,sspls-v,0.0,5.5151515151515165
10.0,22,mcgs,0.0,5.606060606060606
10.0,22,pos,-0.0,5.606060606060606
10.0,22,sbps,-0.0,5.606060606060606
10.0,22,prculs-d,-0.0,5.606060606060606
10.0,22,prcus-p,0.0,5.606060606060606
10.0,22,prcus-i,-0.0,5.606060606060606
10.0,22,prcus-a,0.0,5.606060606060606
10.0,22,ifrms,-0.0,5.606060606060606
10.0,22,sspls-v,0.0,5.606060606060606
10.0,23,mcgs,0.0,5.5151515151515165
10.0,23,pos,-0.0,5.5151515151515165
10.0,23,sbps,-0.0,5.5151515151515165
10.0,23,prculs-d,-0.0,5.5151515151515165
10.0,23,prcus-p,0.0,5.5151515151515165
10.0,23,prcus-i,-0.0,5.5151515151515165
10.0,23,prcus-a,0.0,5.5151515151515165
10.0,23,ifrms,-0.0,5.5151515151515165
10.0,23,sspls-v,0.0,5.5151515151515165
10.0,24,mcgs,0.0,5.454545454545456
10.0,24,pos,-0.0,5.454545454545456
10.0,24,sbps,-0.0,5.454545454545456
10.0,24,prculs-d,-0.0,5.454545454545456
10.0,24,prcus-p,0.0,5.454545454545456
10.0,24,prcus-i,-0.0,5.454545454545456
10.0,24,prcus-a,-0.0,5.454545454545456
10.0,24,ifrms,-0.0,5.454545454545456
10.0,24,sspls-v,0.0,5.454545454545456
10.0,25,mcgs,0.0,5.611408199643494
10.0,25,pos,-0.0,5.611408199643494
10.0,25,sbps,-0.0,5.611408199643494
10.0,25,prculs-d,-0.0,5.611408199643494
10.0,25,prcus-p,0.0,5.611408199643494
10.0,25,prcus-i,-0.0,5.611408199643494
10.0,25,prcus-a,0.0,5.611408199643494
10.0,25,ifrms,-0.0,5.611408199643494
10.0,25,sspls-v,0.0,5.611408199643494
10.0,26,mcgs,0.0,5.545454545454546
10.0,26,pos,-0.0,5.545454545454546
10.0,26,sbps,-0.0,5.545454545454546
10.0,26,prculs-d,-0.0,5.545454545454546
10.0,26,prcus-p,0.0,5.545454545454546
10.0,26,prcus-i,-0.0,5.545454545454546
10.0,26,prcus-a,0.0,5.545454545454546
10.0,26,ifrms,-0.0,5.545454545454546
10.0,26,sspls-v,0.0,5.545454545454546
10.0,27,mcgs,0.0,5.575757575757576
10.0,27,pos,-0.0,5.575757575757576
10.0,27,sbps,-0.0,5.575757575757576
10.0,27,prculs-d,-0.0,5.575757575757576
10.0,27,prcus-p,0.0,5.575757575757576
10.0,27,prcus-i,-0.0,5.575757575757576
10.0,27,prcus-a,-0.0,5.575757575757576
10.0,27,ifrms,-0.0,5.575757575757576
10.0,27,sspls-v,0.0,5.575757575757576
10.0,28,mcgs,0.0,5.611408199643494
10.0,28,pos,-0.0,5.611408199643494
10.0,28,sbps,-0.0,5.611408199643494
10.0,28,prculs-d,-0.0,5.611408199643494
10.0,28,prcus-p,0.0,5.611408199643494
10.0,28,prcus-i,-0.0,5.611408199643494
10.0,28,prcus-a,0.0,5.611408199643494
10.0,28,ifrms,-0.0,5.611408199643494
10.0,28,sspls-v,0.0,5.611408199643494
10.0,29,mcgs,-0.0,5.333333333333333
10.0,29,pos,-0.0,5.333333333333333
10.0,29,sbps,-0.0,5.333333333333333
10.0,29,prculs-d,0.0,5.333333333333333
10.0,29,prcus-p,0.0,5.333333333333333
10.0,29,prcus-i,0.0,5.333333333333333
10.0,29,prcus-a,0.0,5.333333333333333
10.0,29,ifrms,-0.0,5.333333333333333
10.0,29,sspls-v,0.0,5.333333333333333
10.0,30,mcgs,0.0,5.575757575757576
10.0,30,pos,-0.0,5.575757575757576
10.0,30,sbps,-0.0,5.575757575757576
10.0,30,prculs-d,-0.0,5.575757575757576
10.0,30,prcus-p,0.0,5.575757575757576
10.0,30,prcus-i,-0.0,5.575757575757576
10.0,30,prcus-a,0.0,5.575757575757576
10.0,30,ifrms,-0.0,5.575757575757576
10.0,30,sspls-v,0.0,5.575757575757576
10.0,31,mcgs,0.0,5.393939393939394
10.0,31,pos,-0.0,5.393939393939394
10.0,31,sbps,-0.0,5.393939393939394
10.0,31,prculs-d,-0.0,5.393939393939394
10.0,31,prcus-p,0.0,5.393939393939394
10.0,31,prcus-i,-0.0,5.393939393939394
10.0,31,prcus-a,0.0,5.393939393939394
10.0,31,ifrms,-0.0,5.393939393939394
10.0,31,sspls-v,0.0,5.393939393939394
10.0,32,mcgs,0.0,5.424242424242426
10.0,32,pos,-0.0,5.424242424242426
10.0,32,sbps,-0.0,5.424242424242426
10.0,32,prculs-d,-0.0,5.424242424242426
10.0,32,prcus-p,0.0,5.424242424242426
10.0,32,prcus-i,-0.0,5.424242424242426
10.0,32,prcus-a,0.0,5.424242424242426
10.0,32,ifrms,-0.0,5.424242424242426
10.0,32,sspls-v,0.0,5.424242424242426
10.0,33,mcgs,0.0,5.575757575757576
10.0,33,pos,-0.0,5.575757575757576
10.0,33,sbps,-0.0,5.575757575757576
10.0,33,prculs-d,-0.0,5.575757575757576
10.0,33,prcus-p,0.0,5.575757575757576
10.0,33,prcus-i,-0.0,5.575757575757576
10.0,33,prcus-a,0.0,5.575757575757576
10.0,33,ifrms,-0.0,5.575757575757576
10.0,33,sspls-v,0.0,5.575757575757576
10.0,34,mcgs,0.0,5.515151515151516
10.0,34,pos,-0.0,5.515151515151516
10.0,34,sbps,-0.0,5.515151515151516
10.0,34,prculs-d,-0.0,5.515151515151516
10.0,34,prcus-p,0.0,5.515151515151516
10.0,34,prcus-i,-0.0,5.515151515151516
10.0,34,prcus-a,-0.0,5.515151515151516
10.0,34,ifrms,-0.0,5.515151515151516
10.0,34,sspls-v,0.0,5.515151515151516
