alpha,fold,sulcus,beta,RMSE
0.1,0,mcgs,-0.840243059548985,6.382857931952765
0.1,0,pos,-0.0,6.382857931952765
0.1,0,sbps,-0.0,6.382857931952765
0.1,0,prculs-d,-1.6508371248578753,6.382857931952765
0.1,0,prcus-p,-2.5023058076244884,6.382857931952765
0.1,0,prcus-i,-3.6251994148559765,6.382857931952765
0.1,0,prcus-a,-1.7778983608254126,6.382857931952765
0.1,0,ifrms,-2.9260764712976512,6.382857931952765
0.1,0,sspls-v,0.5762266539727187,6.382857931952765
0.1,1,mcgs,-0.6890168570633433,6.0421620239391665
0.1,1,pos,-0.09007310407930472,6.0421620239391665
0.1,1,sbps,-0.8486917900407251,6.0421620239391665
0.1,1,prculs-d,-2.076820190111851,6.0421620239391665
0.1,1,prcus-p,-2.001789444450496,6.0421620239391665
0.1,1,prcus-i,-2.9940016982630278,6.0421620239391665
0.1,1,prcus-a,-1.2432538343782717,6.0421620239391665
0.1,1,ifrms,-2.549679147161063,6.0421620239391665
0.1,1,sspls-v,0.4415536475323095,6.0421620239391665
0.1,2,mcgs,-1.3503671221492368,6.358017605687299
0.1,2,pos,-0.016731604633432165,6.358017605687299
0.1,2,sbps,0.1900830819635036,6.358017605687299
0.1,2,prculs-d,-1.622471981470612,6.358017605687299
0.1,2,prcus-p,-2.4786320768261665,6.358017605687299
0.1,2,prcus-i,-3.9188755390372694,6.358017605687299
0.1,2,prcus-a,-1.87325502227234,6.358017605687299
0.1,2,ifrms,-3.1588588655457204,6.358017605687299
0.1,2,sspls-v,0.8920151659510642,6.358017605687299
0.1,3,mcgs,-0.8694775373887288,6.487813750821435
0.1,3,pos,0.0,6.487813750821435
0.1,3,sbps,-0.0,6.487813750821435
0.1,3,prculs-d,-1.6096254128260914,6.487813750821435
0.1,3,prcus-p,-2.3865845856266694,6.487813750821435
0.1,3,prcus-i,-3.638819386381524,6.487813750821435
0.1,3,prcus-a,-1.7515222112968352,6.487813750821435
0.1,3,ifrms,-2.7188198939170576,6.487813750821435
0.1,3,sspls-v,0.6160240379839022,6.487813750821435
0.1,4,mcgs,-1.24586998028284,5.8790136033755065
0.1,4,pos,0.35110993891829984,5.8790136033755065
0.1,4,sbps,0.1727165849864473,5.8790136033755065
0.1,4,prculs-d,-2.1546979749760644,5.8790136033755065
0.1,4,prcus-p,-3.0139550879821586,5.8790136033755065
0.1,4,prcus-i,-4.729963584811317,5.8790136033755065
0.1,4,prcus-a,-2.665781282725893,5.8790136033755065
0.1,4,ifrms,-2.835369773519456,5.8790136033755065
0.1,4,sspls-v,0.8101440324515884,5.8790136033755065
0.1,5,mcgs,-0.0,5.733136736897707
0.1,5,pos,0.007878818675721887,5.733136736897707
0.1,5,sbps,-0.0,5.733136736897707
0.1,5,prculs-d,-1.847210165202874,5.733136736897707
0.1,5,prcus-p,-2.215411670647958,5.733136736897707
0.1,5,prcus-i,-3.3146502176283725,5.733136736897707
0.1,5,prcus-a,-1.8946969724200915,5.733136736897707
0.1,5,ifrms,-2.217996363948634,5.733136736897707
0.1,5,sspls-v,0.1474063699715911,5.733136736897707
0.1,6,mcgs,-0.5836705214842144,6.396496037592028
0.1,6,pos,0.007013838422747649,6.396496037592028
0.1,6,sbps,0.0,6.396496037592028
0.1,6,prculs-d,-1.736941444911569,6.396496037592028
0.1,6,prcus-p,-1.973818494169433,6.396496037592028
0.1,6,prcus-i,-3.519551832291839,6.396496037592028
0.1,6,prcus-a,-1.4217828630131537,6.396496037592028
0.1,6,ifrms,-2.984503731853719,6.396496037592028
0.1,6,sspls-v,0.8474093482167386,6.396496037592028
0.1,7,mcgs,-0.770950716912428,6.398861264166222
0.1,7,pos,0.0,6.398861264166222
0.1,7,sbps,-0.0,6.398861264166222
0.1,7,prculs-d,-1.6156112472480462,6.398861264166222
0.1,7,prcus-p,-2.430200400833858,6.398861264166222
0.1,7,prcus-i,-3.5833473448654414,6.398861264166222
0.1,7,prcus-a,-1.7077503263527851,6.398861264166222
0.1,7,ifrms,-2.8812881454285706,6.398861264166222
0.1,7,sspls-v,0.616876391144098,6.398861264166222
0.1,8,mcgs,-0.20504617486226268,5.73106783755996
0.1,8,pos,-0.18376800567081195,5.73106783755996
0.1,8,sbps,-0.04747289728183938,5.73106783755996
0.1,8,prculs-d,-0.291735284740967,5.73106783755996
0.1,8,prcus-p,-2.0395363600095733,5.73106783755996
0.1,8,prcus-i,-3.0638630651736,5.73106783755996
0.1,8,prcus-a,-1.7551517791632865,5.73106783755996
0.1,8,ifrms,-2.3377545585375725,5.73106783755996
0.1,8,sspls-v,0.48872381288416566,5.73106783755996
0.1,9,mcgs,-1.0333142221046765,6.113654105237254
0.1,9,pos,0.5621943723401546,6.113654105237254
0.1,9,sbps,0.3232936889333236,6.113654105237254
0.1,9,prculs-d,-1.2256383795419772,6.113654105237254
0.1,9,prcus-p,-2.5091004269797805,6.113654105237254
0.1,9,prcus-i,-3.1604342260455542,6.113654105237254
0.1,9,prcus-a,-1.1190267661880093,6.113654105237254
0.1,9,ifrms,-2.8799642108079015,6.113654105237254
0.1,9,sspls-v,0.24714800970492987,6.113654105237254
0.1,10,mcgs,-0.9862729526833003,6.1010682878875215
0.1,10,pos,-0.0,6.1010682878875215
0.1,10,sbps,0.0,6.1010682878875215
0.1,10,prculs-d,-0.7720704432889691,6.1010682878875215
0.1,10,prcus-p,-2.276861033478772,6.1010682878875215
0.1,10,prcus-i,-3.5874339429168245,6.1010682878875215
0.1,10,prcus-a,-1.664790553534906,6.1010682878875215
0.1,10,ifrms,-3.198482648598682,6.1010682878875215
0.1,10,sspls-v,0.12818816770676578,6.1010682878875215
0.1,11,mcgs,-0.7719851161419133,6.330441585741625
0.1,11,pos,0.07270076647203698,6.330441585741625
0.1,11,sbps,-0.0,6.330441585741625
0.1,11,prculs-d,-1.5227774701626935,6.330441585741625
0.1,11,prcus-p,-1.9074672793520855,6.330441585741625
0.1,11,prcus-i,-2.9208694512293762,6.330441585741625
0.1,11,prcus-a,-1.3092220645947166,6.330441585741625
0.1,11,ifrms,-2.7923277979145285,6.330441585741625
0.1,11,sspls-v,0.29830109843103103,6.330441585741625
0.1,12,mcgs,-0.7994115296311131,6.236981240783284
0.1,12,pos,-0.0,6.236981240783284
0.1,12,sbps,-0.0,6.236981240783284
0.1,12,prculs-d,-1.532168878469555,6.236981240783284
0.1,12,prcus-p,-1.8244498810907075,6.236981240783284
0.1,12,prcus-i,-3.5711127812864643,6.236981240783284
0.1,12,prcus-a,-1.2160159177523568,6.236981240783284
0.1,12,ifrms,-3.3054710609472906,6.236981240783284
0.1,12,sspls-v,0.18679314384552007,6.236981240783284
0.1,13,mcgs,-0.6137098938565337,6.132841495510065
0.1,13,pos,-0.05970452927914973,6.132841495510065
0.1,13,sbps,-0.5051169016604153,6.132841495510065
0.1,13,prculs-d,-1.704438403222096,6.132841495510065
0.1,13,prcus-p,-1.8859726031824766,6.132841495510065
0.1,13,prcus-i,-3.2403818861288562,6.132841495510065
0.1,13,prcus-a,-1.5181964666860874,6.132841495510065
0.1,13,ifrms,-2.554618612103434,6.132841495510065
0.1,13,sspls-v,0.7851376469586242,6.132841495510065
0.1,14,mcgs,-0.8634001912722266,6.61919620956883
0.1,14,pos,0.0,6.61919620956883
0.1,14,sbps,-0.0,6.61919620956883
0.1,14,prculs-d,-1.5580143388414416,6.61919620956883
0.1,14,prcus-p,-2.2864961230086567,6.61919620956883
0.1,14,prcus-i,-3.496966971551574,6.61919620956883
0.1,14,prcus-a,-1.6344829274647235,6.61919620956883
0.1,14,ifrms,-2.821291902139094,6.61919620956883
0.1,14,sspls-v,0.5799570459325238,6.61919620956883
0.1,15,mcgs,-0.9883493000013766,6.38335885918321
0.1,15,pos,0.0,6.38335885918321
0.1,15,sbps,-0.0,6.38335885918321
0.1,15,prculs-d,-1.5341404161831007,6.38335885918321
0.1,15,prcus-p,-2.341450552106783,6.38335885918321
0.1,15,prcus-i,-3.5126425614486942,6.38335885918321
0.1,15,prcus-a,-1.688280979726682,6.38335885918321
0.1,15,ifrms,-2.7965869174823377,6.38335885918321
0.1,15,sspls-v,0.4703906788218426,6.38335885918321
0.1,16,mcgs,-0.7898840145156535,6.355337566003027
0.1,16,pos,-0.0,6.355337566003027
0.1,16,sbps,-0.0,6.355337566003027
0.1,16,prculs-d,-1.5702194032765895,6.355337566003027
0.1,16,prcus-p,-2.4743201850929406,6.355337566003027
0.1,16,prcus-i,-3.5859716802422814,6.355337566003027
0.1,16,prcus-a,-1.7219756373641515,6.355337566003027
0.1,16,ifrms,-2.852835550445459,6.355337566003027
0.1,16,sspls-v,0.4404429993740447,6.355337566003027
0.1,17,mcgs,-0.7284019888228453,6.062469760058594
0.1,17,pos,-1.0541104838065858,6.062469760058594
0.1,17,sbps,0.8652249167290366,6.062469760058594
0.1,17,prculs-d,-0.8067584380367391,6.062469760058594
0.1,17,prcus-p,-2.865448742287106,6.062469760058594
0.1,17,prcus-i,-2.176057507009223,6.062469760058594
0.1,17,prcus-a,-1.5307077367107993,6.062469760058594
0.1,17,ifrms,-2.531798107377603,6.062469760058594
0.1,17,sspls-v,0.14621983537938726,6.062469760058594
0.1,18,mcgs,-1.2023964825254316,6.400206775788248
0.1,18,pos,0.2101588080880596,6.400206775788248
0.1,18,sbps,0.0,6.400206775788248
0.1,18,prculs-d,-1.5184984824437795,6.400206775788248
0.1,18,prcus-p,-2.666144415357895,6.400206775788248
0.1,18,prcus-i,-3.38512496277274,6.400206775788248
0.1,18,prcus-a,-1.8882390452550089,6.400206775788248
0.1,18,ifrms,-3.1006829007166394,6.400206775788248
0.1,18,sspls-v,0.296334240906518,6.400206775788248
0.1,19,mcgs,-0.9307760536681403,6.523176404784686
0.1,19,pos,0.0,6.523176404784686
0.1,19,sbps,-0.04267973829159474,6.523176404784686
0.1,19,prculs-d,-1.5941427879843189,6.523176404784686
0.1,19,prcus-p,-2.4271915087764526,6.523176404784686
0.1,19,prcus-i,-3.3804879297076558,6.523176404784686
0.1,19,prcus-a,-1.748246369203791,6.523176404784686
0.1,19,ifrms,-2.808336174101912,6.523176404784686
0.1,19,sspls-v,0.6130463572962586,6.523176404784686
0.1,20,mcgs,-1.1137643719388162,6.408745248284424
0.1,20,pos,0.0,6.408745248284424
0.1,20,sbps,-0.0,6.408745248284424
0.1,20,prculs-d,-1.679940832782168,6.408745248284424
0.1,20,prcus-p,-2.353126298996628,6.408745248284424
0.1,20,prcus-i,-3.5605993666728075,6.408745248284424
0.1,20,prcus-a,-1.3509296150335472,6.408745248284424
0.1,20,ifrms,-2.9639896870978184,6.408745248284424
0.1,20,sspls-v,0.42906003456115754,6.408745248284424
0.1,21,mcgs,-0.8110952383322116,6.4954600878354025
0.1,21,pos,-0.0,6.4954600878354025
0.1,21,sbps,0.07007095826453232,6.4954600878354025
0.1,21,prculs-d,-1.731031667390921,6.4954600878354025
0.1,21,prcus-p,-2.6213955805180174,6.4954600878354025
0.1,21,prcus-i,-3.4302714735066635,6.4954600878354025
0.1,21,prcus-a,-1.5875308262621461,6.4954600878354025
0.1,21,ifrms,-2.6743486967465464,6.4954600878354025
0.1,21,sspls-v,0.665712456281487,6.4954600878354025
0.1,22,mcgs,-0.5648376046387893,6.534589377748323
0.1,22,pos,0.005289320772625608,6.534589377748323
0.1,22,sbps,0.0,6.534589377748323
0.1,22,prculs-d,-1.5990520927751306,6.534589377748323
0.1,22,prcus-p,-2.105235663578278,6.534589377748323
0.1,22,prcus-i,-3.2929068107789012,6.534589377748323
0.1,22,prcus-a,-1.5620122566512935,6.534589377748323
0.1,22,ifrms,-2.864702620753944,6.534589377748323
0.1,22,sspls-v,0.5491630565365029,6.534589377748323
0.1,23,mcgs,-0.8726220351156253,5.712582105527246
0.1,23,pos,0.22241447267084044,5.712582105527246
0.1,23,sbps,-0.013891395850721076,5.712582105527246
0.1,23,prculs-d,-1.4573454699080801,5.712582105527246
0.1,23,prcus-p,-3.218778139103105,5.712582105527246
0.1,23,prcus-i,-3.4225815000667525,5.712582105527246
0.1,23,prcus-a,-2.114364706548614,5.712582105527246
0.1,23,ifrms,-2.86785512676677,5.712582105527246
0.1,23,sspls-v,1.536858065387285,5.712582105527246
0.1,24,mcgs,-0.8375387473828209,6.125454171804516
0.1,24,pos,0.5351224607577295,6.125454171804516
0.1,24,sbps,-0.2758092503869677,6.125454171804516
0.1,24,prculs-d,-1.5407700110148246,6.125454171804516
0.1,24,prcus-p,-2.3230444066684846,6.125454171804516
0.1,24,prcus-i,-3.4649665276169106,6.125454171804516
0.1,24,prcus-a,-1.3783983170397303,6.125454171804516
0.1,24,ifrms,-3.0028713220501504,6.125454171804516
0.1,24,sspls-v,0.41967047662913043,6.125454171804516
0.1,25,mcgs,-0.3593929608588066,6.1023117110172205
0.1,25,pos,-0.4110737156252388,6.1023117110172205
0.1,25,sbps,-0.41568345927830463,6.1023117110172205
0.1,25,prculs-d,-1.6197481755734406,6.1023117110172205
0.1,25,prcus-p,-1.7471493335867547,6.1023117110172205
0.1,25,prcus-i,-3.7822569918997138,6.1023117110172205
0.1,25,prcus-a,-2.2471292651580237,6.1023117110172205
0.1,25,ifrms,-3.123294765266604,6.1023117110172205
0.1,25,sspls-v,0.589713673972205,6.1023117110172205
0.1,26,mcgs,-0.9239435789917493,6.478392112039507
0.1,26,pos,0.0,6.478392112039507
0.1,26,sbps,-0.0,6.478392112039507
0.1,26,prculs-d,-1.7303318929435263,6.478392112039507
0.1,26,prcus-p,-2.248035397383668,6.478392112039507
0.1,26,prcus-i,-3.542737537973858,6.478392112039507
0.1,26,prcus-a,-1.695712273374555,6.478392112039507
0.1,26,ifrms,-3.0962485361916996,6.478392112039507
0.1,26,sspls-v,0.6082699207309997,6.478392112039507
0.1,27,mcgs,-1.2508127636060065,5.995556334379728
0.1,27,pos,-0.052900044124496025,5.995556334379728
0.1,27,sbps,-0.22526757345553095,5.995556334379728
0.1,27,prculs-d,-1.9964670952357877,5.995556334379728
0.1,27,prcus-p,-2.1445865322125774,5.995556334379728
0.1,27,prcus-i,-3.4801989561534543,5.995556334379728
0.1,27,prcus-a,-0.4459003545259418,5.995556334379728
0.1,27,ifrms,-2.714582793373215,5.995556334379728
0.1,27,sspls-v,0.8175256407816264,5.995556334379728
0.107,0,mcgs,-0.8083863685822973,6.372112528005274
0.107,0,pos,-0.0,6.372112528005274
0.107,0,sbps,-0.0,6.372112528005274
0.107,0,prculs-d,-1.6289962063863916,6.372112528005274
0.107,0,prcus-p,-2.4532053873822597,6.372112528005274
0.107,0,prcus-i,-3.5689008516929452,6.372112528005274
0.107,0,prcus-a,-1.7318626959940606,6.372112528005274
0.107,0,ifrms,-2.9051946353225215,6.372112528005274
0.107,0,sspls-v,0.5542699752079439,6.372112528005274
0.107,1,mcgs,-0.6571059922495249,6.033067531576678
0.107,1,pos,-0.0857214710434719,6.033067531576678
0.107,1,sbps,-0.8484795421563224,6.033067531576678
0.107,1,prculs-d,-2.0594554761829005,6.033067531576678
0.107,1,prcus-p,-1.9555326919180098,6.033067531576678
0.107,1,prcus-i,-2.941132285864728,6.033067531576678
0.107,1,prcus-a,-1.198307486310101,6.033067531576678
0.107,1,ifrms,-2.530080749535336,6.033067531576678
0.107,1,sspls-v,0.419153852101621,6.033067531576678
0.107,2,mcgs,-1.3132443770845843,6.346467858243324
0.107,2,pos,-0.011235328524257007,6.346467858243324
0.107,2,sbps,0.16880462122509,6.346467858243324
0.107,2,prculs-d,-1.6053294985005795,6.346467858243324
0.107,2,prcus-p,-2.4213706565988993,6.346467858243324
0.107,2,prcus-i,-3.8579722815756767,6.346467858243324
0.107,2,prcus-a,-1.8231374846339006,6.346467858243324
0.107,2,ifrms,-3.135604417488883,6.346467858243324
0.107,2,sspls-v,0.8654231781465299,6.346467858243324
0.107,3,mcgs,-0.8350389253713234,6.478432819965256
0.107,3,pos,0.0,6.478432819965256
0.107,3,sbps,-0.0,6.478432819965256
0.107,3,prculs-d,-1.5866879035567514,6.478432819965256
0.107,3,prcus-p,-2.3336582341486487,6.478432819965256
0.107,3,prcus-i,-3.576617112142852,6.478432819965256
0.107,3,prcus-a,-1.7011206167245205,6.478432819965256
0.107,3,ifrms,-2.6924881778371907,6.478432819965256
0.107,3,sspls-v,0.58942454232892,6.478432819965256
0.107,4,mcgs,-1.1996886711284103,5.87539601043848
0.107,4,pos,0.32797584769977683,5.87539601043848
0.107,4,sbps,0.14453567524924696,5.87539601043848
0.107,4,prculs-d,-2.1212222927542563,5.87539601043848
0.107,4,prcus-p,-2.9380686447477182,5.87539601043848
0.107,4,prcus-i,-4.644146267969797,5.87539601043848
0.107,4,prcus-a,-2.5960726844631856,5.87539601043848
0.107,4,ifrms,-2.811250863126992,5.87539601043848
0.107,4,sspls-v,0.7835462333799659,5.87539601043848
0.107,5,mcgs,-0.0,5.707284590840619
0.107,5,pos,0.0010472545930089742,5.707284590840619
0.107,5,sbps,-0.0,5.707284590840619
0.107,5,prculs-d,-1.8276520713248952,5.707284590840619
0.107,5,prcus-p,-2.1874447041847223,5.707284590840619
0.107,5,prcus-i,-3.274830188412966,5.707284590840619
0.107,5,prcus-a,-1.857811898029804,5.707284590840619
0.107,5,ifrms,-2.206097391005281,5.707284590840619
0.107,5,sspls-v,0.12699400093233615,5.707284590840619
0.107,6,mcgs,-0.5478575745067309,6.371630690426421
0.107,6,pos,0.0,6.371630690426421
0.107,6,sbps,0.0,6.371630690426421
0.107,6,prculs-d,-1.7167896115624672,6.371630690426421
0.107,6,prcus-p,-1.92592543154875,6.371630690426421
0.107,6,prcus-i,-3.466280525816114,6.371630690426421
0.107,6,prcus-a,-1.377558868249746,6.371630690426421
0.107,6,ifrms,-2.962692722352605,6.371630690426421
0.107,6,sspls-v,0.8303061651795682,6.371630690426421
0.107,7,mcgs,-0.740198250546789,6.38506058861117
0.107,7,pos,0.0,6.38506058861117
0.107,7,sbps,-0.0,6.38506058861117
0.107,7,prculs-d,-1.5951388030785483,6.38506058861117
0.107,7,prcus-p,-2.3840742520928337,6.38506058861117
0.107,7,prcus-i,-3.529543463217571,6.38506058861117
0.107,7,prcus-a,-1.6637740613294634,6.38506058861117
0.107,7,ifrms,-2.861173604854724,6.38506058861117
0.107,7,sspls-v,0.594184858656212,6.38506058861117
0.107,8,mcgs,-0.16596840257322246,5.719348845820331
0.107,8,pos,-0.1826656123128525,5.719348845820331
0.107,8,sbps,-0.046791192109466334,5.719348845820331
0.107,8,prculs-d,-0.26565783432647305,5.719348845820331
0.107,8,prcus-p,-1.989234604502566,5.719348845820331
0.107,8,prcus-i,-3.00618225173831,5.719348845820331
0.107,8,prcus-a,-1.7116540991486715,5.719348845820331
0.107,8,ifrms,-2.312902233214792,5.719348845820331
0.107,8,sspls-v,0.46594939320123013,5.719348845820331
0.107,9,mcgs,-0.9967622345810666,6.0966768971897345
0.107,9,pos,0.5498863199800101,6.0966768971897345
0.107,9,sbps,0.30422267429828687,6.0966768971897345
0.107,9,prculs-d,-1.2062662660985901,6.0966768971897345
0.107,9,prcus-p,-2.4502537178181174,6.0966768971897345
0.107,9,prcus-i,-3.104389171010252,6.0966768971897345
0.107,9,prcus-a,-1.0737605042366927,6.0966768971897345
0.107,9,ifrms,-2.8557280928934485,6.0966768971897345
0.107,9,sspls-v,0.22599847079229737,6.0966768971897345
0.107,10,mcgs,-0.9539451194646055,6.0702500597110145
0.107,10,pos,-0.0,6.0702500597110145
0.107,10,sbps,0.0,6.0702500597110145
0.107,10,prculs-d,-0.7528719144687694,6.0702500597110145
0.107,10,prcus-p,-2.2294511971176383,6.0702500597110145
0.107,10,prcus-i,-3.5366789717887532,6.0702500597110145
0.107,10,prcus-a,-1.6214089161693994,6.0702500597110145
0.107,10,ifrms,-3.1791341675393108,6.0702500597110145
0.107,10,sspls-v,0.1054607305418447,6.0702500597110145
0.107,11,mcgs,-0.7364169436745458,6.313482029024938
0.107,11,pos,0.06571540445795207,6.313482029024938
0.107,11,sbps,-0.0,6.313482029024938
0.107,11,prculs-d,-1.5002568229047106,6.313482029024938
0.107,11,prcus-p,-1.8494104703950924,6.313482029024938
0.107,11,prcus-i,-2.8555508180400557,6.313482029024938
0.107,11,prcus-a,-1.2563017413925581,6.313482029024938
0.107,11,ifrms,-2.7671447876130615,6.313482029024938
0.107,11,sspls-v,0.26940365960805096,6.313482029024938
0.107,12,mcgs,-0.7679971136407303,6.2120990960197435
0.107,12,pos,-0.0,6.2120990960197435
0.107,12,sbps,-0.0,6.2120990960197435
0.107,12,prculs-d,-1.5123112285802007,6.2120990960197435
0.107,12,prcus-p,-1.7749974539405757,6.2120990960197435
0.107,12,prcus-i,-3.5236692909035208,6.2120990960197435
0.107,12,prcus-a,-1.1742456415643205,6.2120990960197435
0.107,12,ifrms,-3.291067909654374,6.2120990960197435
0.107,12,sspls-v,0.1640742502771944,6.2120990960197435
0.107,13,mcgs,-0.5816044750398346,6.12128501180837
0.107,13,pos,-0.05540120611346383,6.12128501180837
0.107,13,sbps,-0.5042549214833966,6.12128501180837
0.107,13,prculs-d,-1.684997164741374,6.12128501180837
0.107,13,prcus-p,-1.8393974345023612,6.12128501180837
0.107,13,prcus-i,-3.1865811034152816,6.12128501180837
0.107,13,prcus-a,-1.4738480081128624,6.12128501180837
0.107,13,ifrms,-2.5352043085207674,6.12128501180837
0.107,13,sspls-v,0.7633744971786132,6.12128501180837
0.107,14,mcgs,-0.8316788873614401,6.603631993826451
0.107,14,pos,0.0,6.603631993826451
0.107,14,sbps,-0.0,6.603631993826451
0.107,14,prculs-d,-1.5379836774784446,6.603631993826451
0.107,14,prcus-p,-2.2445157676914627,6.603631993826451
0.107,14,prcus-i,-3.444638160153378,6.603631993826451
0.107,14,prcus-a,-1.592628352967652,6.603631993826451
0.107,14,ifrms,-2.802046786587306,6.603631993826451
0.107,14,sspls-v,0.5588479913791604,6.603631993826451
0.107,15,mcgs,-0.960808068158769,6.3697422105930555
0.107,15,pos,0.0,6.3697422105930555
0.107,15,sbps,-0.0,6.3697422105930555
0.107,15,prculs-d,-1.5140550778906656,6.3697422105930555
0.107,15,prcus-p,-2.297463547008906,6.3697422105930555
0.107,15,prcus-i,-3.4603646251494413,6.3697422105930555
0.107,15,prcus-a,-1.6462152431705794,6.3697422105930555
0.107,15,ifrms,-2.7774873267316376,6.3697422105930555
0.107,15,sspls-v,0.44822965630125,6.3697422105930555
0.107,16,mcgs,-0.7584287684723877,6.339335933417072
0.107,16,pos,-0.0,6.339335933417072
0.107,16,sbps,-0.0,6.339335933417072
0.107,16,prculs-d,-1.5502150396477297,6.339335933417072
0.107,16,prcus-p,-2.4294364203506444,6.339335933417072
0.107,16,prcus-i,-3.533433086973707,6.339335933417072
0.107,16,prcus-a,-1.678731789047196,6.339335933417072
0.107,16,ifrms,-2.8324929744882485,6.339335933417072
0.107,16,sspls-v,0.4196244492282084,6.339335933417072
0.107,17,mcgs,-0.6954450514868711,6.045757443792984
0.107,17,pos,-1.053884398891788,6.045757443792984
0.107,17,sbps,0.8501880184955078,6.045757443792984
0.107,17,prculs-d,-0.7885913514562531,6.045757443792984
0.107,17,prcus-p,-2.8089810338885797,6.045757443792984
0.107,17,prcus-i,-2.12357017002368,6.045757443792984
0.107,17,prcus-a,-1.4838954348520952,6.045757443792984
0.107,17,ifrms,-2.511421768962796,6.045757443792984
0.107,17,sspls-v,0.12367302067750387,6.045757443792984
0.107,18,mcgs,-1.1599067367245286,6.387143407528474
0.107,18,pos,0.1934740481485847,6.387143407528474
0.107,18,sbps,-0.0,6.387143407528474
0.107,18,prculs-d,-1.49813801045604,6.387143407528474
0.107,18,prcus-p,-2.6145773040736544,6.387143407528474
0.107,18,prcus-i,-3.335420286799074,6.387143407528474
0.107,18,prcus-a,-1.8426202847844417,6.387143407528474
0.107,18,ifrms,-3.07250073364254,6.387143407528474
0.107,18,sspls-v,0.2821603013076889,6.387143407528474
0.107,19,mcgs,-0.8949985083895646,6.5127382320062965
0.107,19,pos,0.0,6.5127382320062965
0.107,19,sbps,-0.03649918723613475,6.5127382320062965
0.107,19,prculs-d,-1.5732657296104882,6.5127382320062965
0.107,19,prcus-p,-2.382856449856035,6.5127382320062965
0.107,19,prcus-i,-3.331438979704703,6.5127382320062965
0.107,19,prcus-a,-1.7025232178150365,6.5127382320062965
0.107,19,ifrms,-2.782693880029352,6.5127382320062965
0.107,19,sspls-v,0.5893177489254259,6.5127382320062965
0.107,20,mcgs,-1.0821421160325522,6.390038634557515
0.107,20,pos,0.0,6.390038634557515
0.107,20,sbps,-0.0,6.390038634557515
0.107,20,prculs-d,-1.6600166573572206,6.390038634557515
0.107,20,prcus-p,-2.3061233950819764,6.390038634557515
0.107,20,prcus-i,-3.5077583390246665,6.390038634557515
0.107,20,prcus-a,-1.3083640611606606,6.390038634557515
0.107,20,ifrms,-2.9437579998527283,6.390038634557515
0.107,20,sspls-v,0.4070710824688358,6.390038634557515
0.107,21,mcgs,-0.7789488936331481,6.480248770848897
0.107,21,pos,-0.0,6.480248770848897
0.107,21,sbps,0.049578021257885706,6.480248770848897
0.107,21,prculs-d,-1.7122017332799213,6.480248770848897
0.107,21,prcus-p,-2.563496447781084,6.480248770848897
0.107,21,prcus-i,-3.3767389907172656,6.480248770848897
0.107,21,prcus-a,-1.5424083315347508,6.480248770848897
0.107,21,ifrms,-2.6562161878611015,6.480248770848897
0.107,21,sspls-v,0.6427525211988764,6.480248770848897
0.107,22,mcgs,-0.5175861759105693,6.51123426743411
0.107,22,pos,0.0,6.51123426743411
0.107,22,sbps,0.0,6.51123426743411
0.107,22,prculs-d,-1.5809006047738514,6.51123426743411
0.107,22,prcus-p,-2.039055090377104,6.51123426743411
0.107,22,prcus-i,-3.2287735818393566,6.51123426743411
0.107,22,prcus-a,-1.5106049987567831,6.51123426743411
0.107,22,ifrms,-2.849002913107186,6.51123426743411
0.107,22,sspls-v,0.5256149784754882,6.51123426743411
0.107,23,mcgs,-0.8371346394734431,5.705806174398288
0.107,23,pos,0.21013059000420953,5.705806174398288
0.107,23,sbps,-0.013254236134058062,5.705806174398288
0.107,23,prculs-d,-1.4364165333682797,5.705806174398288
0.107,23,prcus-p,-3.16886444718882,5.705806174398288
0.107,23,prcus-i,-3.3706969661114385,5.705806174398288
0.107,23,prcus-a,-2.0701858211155377,5.705806174398288
0.107,23,ifrms,-2.844631867195774,5.705806174398288
0.107,23,sspls-v,1.5140384629561918,5.705806174398288
0.107,24,mcgs,-0.8027536265697682,6.117635741684156
0.107,24,pos,0.5243849308473802,6.117635741684156
0.107,24,sbps,-0.2752986794348418,6.117635741684156
0.107,24,prculs-d,-1.518996886036296,6.117635741684156
0.107,24,prcus-p,-2.276678026762453,6.117635741684156
0.107,24,prcus-i,-3.411602157595644,6.117635741684156
0.107,24,prcus-a,-1.3365421944492348,6.117635741684156
0.107,24,ifrms,-2.979536880315998,6.117635741684156
0.107,24,sspls-v,0.3985199922208137,6.117635741684156
0.107,25,mcgs,-0.32869861220291746,6.098088307357749
0.107,25,pos,-0.405555135820644,6.098088307357749
0.107,25,sbps,-0.41252523167302296,6.098088307357749
0.107,25,prculs-d,-1.5999159690302622,6.098088307357749
0.107,25,prcus-p,-1.7032894650276562,6.098088307357749
0.107,25,prcus-i,-3.7284743593768135,6.098088307357749
0.107,25,prcus-a,-2.2031787637305884,6.098088307357749
0.107,25,ifrms,-3.103860322748306,6.098088307357749
0.107,25,sspls-v,0.5669240150035805,6.098088307357749
0.107,26,mcgs,-0.8909889161516256,6.462458150153801
0.107,26,pos,0.0,6.462458150153801
0.107,26,sbps,-0.0,6.462458150153801
0.107,26,prculs-d,-1.7099792303715289,6.462458150153801
0.107,26,prcus-p,-2.202639524140228,6.462458150153801
0.107,26,prcus-i,-3.489946860999807,6.462458150153801
0.107,26,prcus-a,-1.652136845049793,6.462458150153801
0.107,26,ifrms,-3.0746296760162255,6.462458150153801
0.107,26,sspls-v,0.5858871060072671,6.462458150153801
0.107,27,mcgs,-1.2200066383346868,5.979169882626252
0.107,27,pos,-0.04845590048945314,5.979169882626252
0.107,27,sbps,-0.22301042858727732,5.979169882626252
0.107,27,prculs-d,-1.9770800645543503,5.979169882626252
0.107,27,prcus-p,-2.0997823732330536,5.979169882626252
0.107,27,prcus-i,-3.4297987711109563,5.979169882626252
0.107,27,prcus-a,-0.4084018729510289,5.979169882626252
0.107,27,ifrms,-2.695874084489385,5.979169882626252
0.107,27,sspls-v,0.7953648256563232,5.979169882626252
0.114,0,mcgs,-0.7765296776156132,6.361474511533019
0.114,0,pos,-0.0,6.361474511533019
0.114,0,sbps,-0.0,6.361474511533019
0.114,0,prculs-d,-1.6071552879149085,6.361474511533019
0.114,0,prcus-p,-2.404104967140032,6.361474511533019
0.114,0,prcus-i,-3.512602288529912,6.361474511533019
0.114,0,prcus-a,-1.6858270311627077,6.361474511533019
0.114,0,ifrms,-2.88431279934739,6.361474511533019
0.114,0,sspls-v,0.5323132964431733,6.361474511533019
0.114,1,mcgs,-0.6251951274357069,6.023905823019072
0.114,1,pos,-0.08136983800763924,6.023905823019072
0.114,1,sbps,-0.8482672942719165,6.023905823019072
0.114,1,prculs-d,-2.042090762253951,6.023905823019072
0.114,1,prcus-p,-1.9092759393855272,6.023905823019072
0.114,1,prcus-i,-2.888262873466427,6.023905823019072
0.114,1,prcus-a,-1.1533611382419329,6.023905823019072
0.114,1,ifrms,-2.510482351909608,6.023905823019072
0.114,1,sspls-v,0.39675405667093294,6.023905823019072
0.114,2,mcgs,-1.2761223619133129,6.334891043241071
0.114,2,pos,-0.005738963072052728,6.334891043241071
0.114,2,sbps,0.1475265349866161,6.334891043241071
0.114,2,prculs-d,-1.5881872881270906,6.334891043241071
0.114,2,prcus-p,-2.364110156201907,6.334891043241071
0.114,2,prcus-i,-3.7970699387024744,6.334891043241071
0.114,2,prcus-a,-1.7730205556143772,6.334891043241071
0.114,2,ifrms,-3.112350278361898,6.334891043241071
0.114,2,sspls-v,0.8388314558256987,6.334891043241071
0.114,3,mcgs,-0.8006003133539168,6.469082324826288
0.114,3,pos,0.0,6.469082324826288
0.114,3,sbps,-0.0,6.469082324826288
0.114,3,prculs-d,-1.5637503942874122,6.469082324826288
0.114,3,prcus-p,-2.2807318826706235,6.469082324826288
0.114,3,prcus-i,-3.51441483790418,6.469082324826288
0.114,3,prcus-a,-1.6507190221522046,6.469082324826288
0.114,3,ifrms,-2.666156461757325,6.469082324826288
0.114,3,sspls-v,0.5628250466739381,6.469082324826288
0.114,4,mcgs,-1.1535109431919364,5.871782399866504
0.114,4,pos,0.3048431312258299,5.871782399866504
0.114,4,sbps,0.11635682504185016,5.871782399866504
0.114,4,prculs-d,-2.087748778386001,5.871782399866504
0.114,4,prcus-p,-2.862187439098784,5.871782399866504
0.114,4,prcus-i,-4.558334637079619,5.871782399866504
0.114,4,prcus-a,-2.5263681411114365,5.871782399866504
0.114,4,ifrms,-2.787133107150945,5.871782399866504
0.114,4,sspls-v,0.7569496598602952,5.871782399866504
0.114,5,mcgs,-0.0,5.684061899012927
0.114,5,pos,0.0,5.684061899012927
0.114,5,sbps,-0.0,5.684061899012927
0.114,5,prculs-d,-1.8090349671275152,5.684061899012927
0.114,5,prcus-p,-2.158803285266712,5.684061899012927
0.114,5,prcus-i,-3.234528912643413,5.684061899012927
0.114,5,prcus-a,-1.8200969994917517,5.684061899012927
0.114,5,ifrms,-2.1952539483675118,5.684061899012927
0.114,5,sspls-v,0.10597284177470641,5.684061899012927
0.114,6,mcgs,-0.5132791727286896,6.344338394569784
0.114,6,pos,0.0,6.344338394569784
0.114,6,sbps,0.0,6.344338394569784
0.114,6,prculs-d,-1.6979397943287273,6.344338394569784
0.114,6,prcus-p,-1.8775127234692501,6.344338394569784
0.114,6,prcus-i,-3.4129842060552478,6.344338394569784
0.114,6,prcus-a,-1.3321484301483875,6.344338394569784
0.114,6,ifrms,-2.942863276625416,6.344338394569784
0.114,6,sspls-v,0.8130304230591704,6.344338394569784
0.114,7,mcgs,-0.7094454907198785,6.371286707345515
0.114,7,pos,0.0,6.371286707345515
0.114,7,sbps,-0.0,6.371286707345515
0.114,7,prculs-d,-1.5746662198077848,6.371286707345515
0.114,7,prcus-p,-2.33794775330842,6.371286707345515
0.114,7,prcus-i,-3.4757392106795746,6.371286707345515
0.114,7,prcus-a,-1.619797551941963,6.371286707345515
0.114,7,ifrms,-2.8410589677303886,6.371286707345515
0.114,7,sspls-v,0.5714932275080662,6.371286707345515
0.114,8,mcgs,-0.12689130619688435,5.707293554289402
0.114,8,pos,-0.18156300818986632,5.707293554289402
0.114,8,sbps,-0.046109222314045836,5.707293554289402
0.114,8,prculs-d,-0.23958074582732866,5.707293554289402
0.114,8,prcus-p,-1.9389335370692142,5.707293554289402
0.114,8,prcus-i,-2.9485020931507777,5.707293554289402
0.114,8,prcus-a,-1.668156762868009,5.707293554289402
0.114,8,ifrms,-2.28805024203515,5.707293554289402
0.114,8,sspls-v,0.44317509419158246,5.707293554289402
0.114,9,mcgs,-0.9602102470574588,6.078737456745018
0.114,9,pos,0.5375782676198635,6.078737456745018
0.114,9,sbps,0.2851516596632503,6.078737456745018
0.114,9,prculs-d,-1.1868941526551997,6.078737456745018
0.114,9,prcus-p,-2.391407008656447,6.078737456745018
0.114,9,prcus-i,-3.0483441159749463,6.078737456745018
0.114,9,prcus-a,-1.0284942422853705,6.078737456745018
0.114,9,ifrms,-2.8314919749789986,6.078737456745018
0.114,9,sspls-v,0.20484893187966088,6.078737456745018
0.114,10,mcgs,-0.9216172862459068,6.039394432636273
0.114,10,pos,-0.0,6.039394432636273
0.114,10,sbps,0.0,6.039394432636273
0.114,10,prculs-d,-0.7336733856485727,6.039394432636273
0.114,10,prcus-p,-2.1820413607565037,6.039394432636273
0.114,10,prcus-i,-3.4859240006606793,6.039394432636273
0.114,10,prcus-a,-1.578027278803894,6.039394432636273
0.114,10,ifrms,-3.159785686479936,6.039394432636273
0.114,10,sspls-v,0.08273329337692444,6.039394432636273
0.114,11,mcgs,-0.7008515399554311,6.295083382310005
0.114,11,pos,0.058729927539046066,6.295083382310005
0.114,11,sbps,-0.0,6.295083382310005
0.114,11,prculs-d,-1.477737347141748,6.295083382310005
0.114,11,prcus-p,-1.7913578493413325,6.295083382310005
0.114,11,prcus-i,-2.7902363150256413,6.295083382310005
0.114,11,prcus-a,-1.2033844073101418,6.295083382310005
0.114,11,ifrms,-2.741962746100488,6.295083382310005
0.114,11,sspls-v,0.24050761436712562,6.295083382310005
0.114,12,mcgs,-0.7365617964234356,6.18695192800425
0.114,12,pos,-0.0,6.18695192800425
0.114,12,sbps,-0.0,6.18695192800425
0.114,12,prculs-d,-1.4924462995031855,6.18695192800425
0.114,12,prcus-p,-1.7255142238434826,6.18695192800425
0.114,12,prcus-i,-3.476205963364339,6.18695192800425
0.114,12,prcus-a,-1.1324585023135165,6.18695192800425
0.114,12,ifrms,-3.2766636190963063,6.18695192800425
0.114,12,sspls-v,0.1413476067553456,6.18695192800425
0.114,13,mcgs,-0.5494990562231323,6.10918190446328
0.114,13,pos,-0.05109788294777875,6.10918190446328
0.114,13,sbps,-0.5033929413063805,6.10918190446328
0.114,13,prculs-d,-1.6655559262606539,6.10918190446328
0.114,13,prcus-p,-1.7928222658222435,6.10918190446328
0.114,13,prcus-i,-3.1327803207017033,6.10918190446328
0.114,13,prcus-a,-1.4294995495396345,6.10918190446328
0.114,13,ifrms,-2.5157900049381,6.10918190446328
0.114,13,sspls-v,0.741611347398602,6.10918190446328
0.114,14,mcgs,-0.7999575137931476,6.588456610129624
0.114,14,pos,0.0,6.588456610129624
0.114,14,sbps,-0.0,6.588456610129624
0.114,14,prculs-d,-1.517952983927205,6.588456610129624
0.114,14,prcus-p,-2.2025353463306923,6.588456610129624
0.114,14,prcus-i,-3.3923092663071737,6.588456610129624
0.114,14,prcus-a,-1.550773728962282,6.588456610129624
0.114,14,ifrms,-2.782801646610269,6.588456610129624
0.114,14,sspls-v,0.5377389176944533,6.588456610129624
0.114,15,mcgs,-0.9332668363161588,6.354215113447067
0.114,15,pos,0.0,6.354215113447067
0.114,15,sbps,-0.0,6.354215113447067
0.114,15,prculs-d,-1.4939697395982305,6.354215113447067
0.114,15,prcus-p,-2.253476541911028,6.354215113447067
0.114,15,prcus-i,-3.408086688850185,6.354215113447067
0.114,15,prcus-a,-1.6041495066144758,6.354215113447067
0.114,15,ifrms,-2.758387735980935,6.354215113447067
0.114,15,sspls-v,0.4260686337806571,6.354215113447067
0.114,16,mcgs,-0.7269735224291194,6.3229430801378195
0.114,16,pos,-0.0,6.3229430801378195
0.114,16,sbps,-0.0,6.3229430801378195
0.114,16,prculs-d,-1.5302106760188663,6.3229430801378195
0.114,16,prcus-p,-2.3845526556083456,6.3229430801378195
0.114,16,prcus-i,-3.48089449370513,6.3229430801378195
0.114,16,prcus-a,-1.6354879407302383,6.3229430801378195
0.114,16,ifrms,-2.8121503985310374,6.3229430801378195
0.114,16,sspls-v,0.3988058990823695,6.3229430801378195
0.114,17,mcgs,-0.6624886163534983,6.028216969305553
0.114,17,pos,-1.0536581232338802,6.028216969305553
0.114,17,sbps,0.8351512133171426,6.028216969305553
0.114,17,prculs-d,-0.7704245350747284,6.028216969305553
0.114,17,prcus-p,-2.752513882587636,6.028216969305553
0.114,17,prcus-i,-2.0710834514303,6.028216969305553
0.114,17,prcus-a,-1.437083507534299,6.028216969305553
0.114,17,ifrms,-2.4910456558952223,6.028216969305553
0.114,17,sspls-v,0.10112636361813883,6.028216969305553
0.114,18,mcgs,-1.1174169909236218,6.373732867990556
0.114,18,pos,0.17678928820910653,6.373732867990556
0.114,18,sbps,-0.0,6.373732867990556
0.114,18,prculs-d,-1.4777775384682996,6.373732867990556
0.114,18,prcus-p,-2.5630101927894096,6.373732867990556
0.114,18,prcus-i,-3.2857156108254015,6.373732867990556
0.114,18,prcus-a,-1.7970015243138686,6.373732867990556
0.114,18,ifrms,-3.0443185665684362,6.373732867990556
0.114,18,sspls-v,0.2679863617088585,6.373732867990556
0.114,19,mcgs,-0.8592209631109882,6.502451609826441
0.114,19,pos,0.0,6.502451609826441
0.114,19,sbps,-0.03031863618067761,6.502451609826441
0.114,19,prculs-d,-1.552388671236656,6.502451609826441
0.114,19,prcus-p,-2.3385213909356155,6.502451609826441
0.114,19,prcus-i,-3.2823900297017485,6.502451609826441
0.114,19,prcus-a,-1.6568000664262785,6.502451609826441
0.114,19,ifrms,-2.757051585956788,6.502451609826441
0.114,19,sspls-v,0.5655891405545943,6.502451609826441
0.114,20,mcgs,-1.0505198601262897,6.370710860014463
0.114,20,pos,0.0,6.370710860014463
0.114,20,sbps,-0.0,6.370710860014463
0.114,20,prculs-d,-1.640092481932272,6.370710860014463
0.114,20,prcus-p,-2.259120491167325,6.370710860014463
0.114,20,prcus-i,-3.4549173113765246,6.370710860014463
0.114,20,prcus-a,-1.2657985072877709,6.370710860014463
0.114,20,ifrms,-2.9235263126076365,6.370710860014463
0.114,20,sspls-v,0.38508213037651373,6.370710860014463
0.114,21,mcgs,-0.7468074538120508,6.464292149871552
0.114,21,pos,-0.0,6.464292149871552
0.114,21,sbps,0.029088964753635028,6.464292149871552
0.114,21,prculs-d,-1.6933741908849869,6.464292149871552
0.114,21,prcus-p,-2.5056053932631546,6.464292149871552
0.114,21,prcus-i,-3.323212692456776,6.464292149871552
0.114,21,prcus-a,-1.4972899901072516,6.464292149871552
0.114,21,ifrms,-2.6380848621559743,6.464292149871552
0.114,21,sspls-v,0.6197943904851455,6.464292149871552
0.114,22,mcgs,-0.47061324024568874,6.487403737023862
0.114,22,pos,0.0,6.487403737023862
0.114,22,sbps,0.0,6.487403737023862
0.114,22,prculs-d,-1.5637567828709706,6.487403737023862
0.114,22,prcus-p,-1.971783654252806,6.487403737023862
0.114,22,prcus-i,-3.1640124812032226,6.487403737023862
0.114,22,prcus-a,-1.4581192164677286,6.487403737023862
0.114,22,ifrms,-2.834984157998967,6.487403737023862
0.114,22,sspls-v,0.5015131441496118,6.487403737023862
0.114,23,mcgs,-0.8016472438312545,5.699336768194889
0.114,23,pos,0.19784670733757836,5.699336768194889
0.114,23,sbps,-0.012617076417397188,5.699336768194889
0.114,23,prculs-d,-1.415487596828476,5.699336768194889
0.114,23,prcus-p,-3.1189507552745335,5.699336768194889
0.114,23,prcus-i,-3.3188124321561197,5.699336768194889
0.114,23,prcus-a,-2.0260069356824615,5.699336768194889
0.114,23,ifrms,-2.821408607624773,5.699336768194889
0.114,23,sspls-v,1.4912188605250962,5.699336768194889
0.114,24,mcgs,-0.7679685057567212,6.109462996649614
0.114,24,pos,0.5136474009370314,6.109462996649614
0.114,24,sbps,-0.2747881084827129,6.109462996649614
0.114,24,prculs-d,-1.4972237610577688,6.109462996649614
0.114,24,prcus-p,-2.230311646856427,6.109462996649614
0.114,24,prcus-i,-3.3582377875743807,6.109462996649614
0.114,24,prcus-a,-1.2946860718587436,6.109462996649614
0.114,24,ifrms,-2.9562024385818493,6.109462996649614
0.114,24,sspls-v,0.3773695078124991,6.109462996649614
0.114,25,mcgs,-0.2980042635470277,6.0910565674982635
0.114,25,pos,-0.40003655601604776,6.0910565674982635
0.114,25,sbps,-0.40936700406774196,6.0910565674982635
0.114,25,prculs-d,-1.5800837624870832,6.0910565674982635
0.114,25,prcus-p,-1.6594295964685561,6.0910565674982635
0.114,25,prcus-i,-3.6746917268539128,6.0910565674982635
0.114,25,prcus-a,-2.1592282623031527,6.0910565674982635
0.114,25,ifrms,-3.0844258802300057,6.0910565674982635
0.114,25,sspls-v,0.544134356034956,6.0910565674982635
0.114,26,mcgs,-0.858034253311503,6.446794460584209
0.114,26,pos,0.0,6.446794460584209
0.114,26,sbps,-0.0,6.446794460584209
0.114,26,prculs-d,-1.6896265677995286,6.446794460584209
0.114,26,prcus-p,-2.1572436508967865,6.446794460584209
0.114,26,prcus-i,-3.437156184025758,6.446794460584209
0.114,26,prcus-a,-1.6085614167250317,6.446794460584209
0.114,26,ifrms,-3.053010815840754,6.446794460584209
0.114,26,sspls-v,0.563504291283532,6.446794460584209
0.114,27,mcgs,-1.1892023013319357,5.961530387399749
0.114,27,pos,-0.04401136499836984,5.961530387399749
0.114,27,sbps,-0.22075224448618774,5.961530387399749
0.114,27,prculs-d,-1.9576935789541046,5.961530387399749
0.114,27,prcus-p,-2.0549807278102614,5.961530387399749
0.114,27,prcus-i,-3.3794005093973576,5.961530387399749
0.114,27,prcus-a,-0.37090464189592626,5.961530387399749
0.114,27,ifrms,-2.6771660228007947,5.961530387399749
0.114,27,sspls-v,0.7732044280309435,5.961530387399749
0.122,0,mcgs,-0.7401220307965433,6.349426636783262
0.122,0,pos,-0.0,6.349426636783262
0.122,0,sbps,-0.0,6.349426636783262
0.122,0,prculs-d,-1.582194238233213,6.349426636783262
0.122,0,prcus-p,-2.347990201148915,6.349426636783262
0.122,0,prcus-i,-3.4482610734864485,6.349426636783262
0.122,0,prcus-a,-1.6332148427840198,6.349426636783262
0.122,0,ifrms,-2.8604478439472425,6.349426636783262
0.122,0,sspls-v,0.5072199492834325,6.349426636783262
0.122,1,mcgs,-0.5887255676484864,6.014149121652632
0.122,1,pos,-0.07639654310954404,6.014149121652632
0.122,1,sbps,-0.8480247252611693,6.014149121652632
0.122,1,prculs-d,-2.022245374906579,6.014149121652632
0.122,1,prcus-p,-1.8564110793484017,6.014149121652632
0.122,1,prcus-i,-2.827840687868369,6.014149121652632
0.122,1,prcus-a,-1.1019938833068816,6.014149121652632
0.122,1,ifrms,-2.488084183194488,6.014149121652632
0.122,1,sspls-v,0.3711542904644321,6.014149121652632
0.122,2,mcgs,-1.2336198467946498,6.321227682523198
0.122,2,pos,-0.0,6.321227682523198
0.122,2,sbps,0.12317133731578629,6.321227682523198
0.122,2,prculs-d,-1.568516204673247,6.321227682523198
0.122,2,prcus-p,-2.2986373849010158,6.321227682523198
0.122,2,prcus-i,-3.727476032098627,6.321227682523198
0.122,2,prcus-a,-1.71580755676955,6.321227682523198
0.122,2,ifrms,-3.0856464267859116,6.321227682523198
0.122,2,sspls-v,0.8085053545406897,6.321227682523198
0.122,3,mcgs,-0.7612418996197393,6.458357555825615
0.122,3,pos,0.0,6.458357555825615
0.122,3,sbps,-0.0,6.458357555825615
0.122,3,prculs-d,-1.537536097979597,6.458357555825615
0.122,3,prcus-p,-2.220244623838599,6.458357555825615
0.122,3,prcus-i,-3.443326524488557,6.458357555825615
0.122,3,prcus-a,-1.5931171997838476,6.458357555825615
0.122,3,ifrms,-2.636063071951765,6.458357555825615
0.122,3,sspls-v,0.5324256230682459,6.458357555825615
0.122,4,mcgs,-1.1007419006925916,5.86763236200522
0.122,4,pos,0.27840785371492216,5.86763236200522
0.122,4,sbps,0.08415558994668346,5.86763236200522
0.122,4,prculs-d,-2.0494966650103064,5.86763236200522
0.122,4,prcus-p,-2.775474110479188,5.86763236200522
0.122,4,prcus-i,-4.460272940102122,5.86763236200522
0.122,4,prcus-a,-2.4467120375503986,5.86763236200522
0.122,4,ifrms,-2.759571731602724,5.86763236200522
0.122,4,sspls-v,0.7265554592996056,5.86763236200522
0.122,5,mcgs,0.0,5.6599802260171534
0.122,5,pos,0.0,5.6599802260171534
0.122,5,sbps,-0.0,5.6599802260171534
0.122,5,prculs-d,-1.787945505436003,5.6599802260171534
0.122,5,prcus-p,-2.1259130661490957,5.6599802260171534
0.122,5,prcus-i,-3.1883558240623446,5.6599802260171534
0.122,5,prcus-a,-1.776810549706384,5.6599802260171534
0.122,5,ifrms,-2.183081625352314,5.6599802260171534
0.122,5,sspls-v,0.08181595173102409,5.6599802260171534
0.122,6,mcgs,-0.47376099926807375,6.311764362161347
0.122,6,pos,0.0,6.311764362161347
0.122,6,sbps,0.0,6.311764362161347
0.122,6,prculs-d,-1.6763971460615907,6.311764362161347
0.122,6,prcus-p,-1.8221839142355412,6.311764362161347
0.122,6,prcus-i,-3.3520741263285463,6.311764362161347
0.122,6,prcus-a,-1.280250786603979,6.311764362161347
0.122,6,ifrms,-2.9202010529372,6.311764362161347
0.122,6,sspls-v,0.7932867177787176,6.311764362161347
0.122,7,mcgs,-0.6742995473861867,6.35620065884829
0.122,7,pos,-0.0,6.35620065884829
0.122,7,sbps,-0.0,6.35620065884829
0.122,7,prculs-d,-1.5512690139493708,6.35620065884829
0.122,7,prcus-p,-2.2852318356405177,6.35620065884829
0.122,7,prcus-i,-3.4142487221233164,6.35620065884829
0.122,7,prcus-a,-1.5695387405770713,6.35620065884829
0.122,7,ifrms,-2.818070833359509,6.35620065884829
0.122,7,sspls-v,0.545559957575125,6.35620065884829
0.122,8,mcgs,-0.08205620723374009,5.692124252348128
0.122,8,pos,-0.18035764923152964,5.692124252348128
0.122,8,sbps,-0.045398569944305404,5.692124252348128
0.122,8,prculs-d,-0.20968435473199878,5.692124252348128
0.122,8,prcus-p,-1.8812679095118379,5.692124252348128
0.122,8,prcus-i,-2.8824118330464272,5.692124252348128
0.122,8,prcus-a,-1.6183562520574584,5.692124252348128
0.122,8,ifrms,-2.2595611653958465,5.692124252348128
0.122,8,sspls-v,0.4171159896798955,5.692124252348128
0.122,9,mcgs,-0.9184365470304772,6.05618547507441
0.122,9,pos,0.523511922065411,6.05618547507441
0.122,9,sbps,0.26335621436606294,6.05618547507441
0.122,9,prculs-d,-1.1647545944341868,6.05618547507441
0.122,9,prcus-p,-2.3241536267573997,6.05618547507441
0.122,9,prcus-i,-2.9842926245060295,6.05618547507441
0.122,9,prcus-a,-0.9767613714838644,6.05618547507441
0.122,9,ifrms,-2.80379355450534,6.05618547507441
0.122,9,sspls-v,0.18067803026522228,6.05618547507441
0.122,10,mcgs,-0.8846776967030517,6.003363365869389
0.122,10,pos,-0.0,6.003363365869389
0.122,10,sbps,0.0,6.003363365869389
0.122,10,prculs-d,-0.7117343743042487,6.003363365869389
0.122,10,prcus-p,-2.1278660175064545,6.003363365869389
0.122,10,prcus-i,-3.427925257949558,6.003363365869389
0.122,10,prcus-a,-1.5284530816716744,6.003363365869389
0.122,10,ifrms,-3.1376750901103336,6.003363365869389
0.122,10,sspls-v,0.05676086561493451,6.003363365869389
0.122,11,mcgs,-0.6602059392606449,6.274878971081692
0.122,11,pos,0.050746501483758144,6.274878971081692
0.122,11,sbps,-0.0,6.274878971081692
0.122,11,prculs-d,-1.4520010466961453,6.274878971081692
0.122,11,prcus-p,-1.7250128664076785,6.274878971081692
0.122,11,prcus-i,-2.7155920264339217,6.274878971081692
0.122,11,prcus-a,-1.142908074821431,6.274878971081692
0.122,11,ifrms,-2.7131834712737772,6.274878971081692
0.122,11,sspls-v,0.20748385206744666,6.274878971081692
0.122,12,mcgs,-0.7006335985802196,6.157658109536431
0.122,12,pos,-0.0,6.157658109536431
0.122,12,sbps,-0.0,6.157658109536431
0.122,12,prculs-d,-1.4697430478289613,6.157658109536431
0.122,12,prcus-p,-1.6689588301017193,6.157658109536431
0.122,12,prcus-i,-3.4219605137149336,6.157658109536431
0.122,12,prcus-a,-1.084700217271365,6.157658109536431
0.122,12,ifrms,-3.2602015848483052,6.157658109536431
0.122,12,sspls-v,0.1153735998917967,6.157658109536431
0.122,13,mcgs,-0.512807149004047,6.09502534816763
0.122,13,pos,-0.046179799329853034,6.09502534816763
0.122,13,sbps,-0.5024078211040742,6.09502534816763
0.122,13,prculs-d,-1.6433373679969714,6.09502534816763
0.122,13,prcus-p,-1.7395935016163977,6.09502534816763
0.122,13,prcus-i,-3.07129371188619,6.09502534816763
0.122,13,prcus-a,-1.3788155968845217,6.09502534816763
0.122,13,ifrms,-2.4936022294150537,6.09502534816763
0.122,13,sspls-v,0.7167391762214478,6.09502534816763
0.122,14,mcgs,-0.7637038975501325,6.5711423686893875
0.122,14,pos,0.0,6.5711423686893875
0.122,14,sbps,-0.0,6.5711423686893875
0.122,14,prculs-d,-1.4950604772081386,6.5711423686893875
0.122,14,prcus-p,-2.154557136095584,6.5711423686893875
0.122,14,prcus-i,-3.3325040848630776,6.5711423686893875
0.122,14,prcus-a,-1.5029394338053355,6.5711423686893875
0.122,14,ifrms,-2.760806984264243,6.5711423686893875
0.122,14,sspls-v,0.5136140923550433,6.5711423686893875
0.122,15,mcgs,-0.9017911427817485,6.335838238092134
0.122,15,pos,0.0,6.335838238092134
0.122,15,sbps,-0.0,6.335838238092134
0.122,15,prculs-d,-1.4710150672640196,6.335838238092134
0.122,15,prcus-p,-2.2032056789420262,6.335838238092134
0.122,15,prcus-i,-3.3483404759367503,6.335838238092134
0.122,15,prcus-a,-1.556074379121784,6.335838238092134
0.122,15,ifrms,-2.7365596322658483,6.335838238092134
0.122,15,sspls-v,0.40074175089997965,6.335838238092134
0.122,16,mcgs,-0.6910246698082445,6.303379744041918
0.122,16,pos,-0.0,6.303379744041918
0.122,16,sbps,-0.0,6.303379744041918
0.122,16,prculs-d,-1.5073485461573115,6.303379744041918
0.122,16,prcus-p,-2.3332569244742944,6.303379744041918
0.122,16,prcus-i,-3.4208503871124747,6.303379744041918
0.122,16,prcus-a,-1.586066399796575,6.303379744041918
0.122,16,ifrms,-2.788901740294224,6.303379744041918
0.122,16,sspls-v,0.37501327034426873,6.303379744041918
0.122,17,mcgs,-0.6248263053013599,6.008888179352709
0.122,17,pos,-1.0533986855137834,6.008888179352709
0.122,17,sbps,0.8179666887591973,6.008888179352709
0.122,17,prculs-d,-0.7496636421697188,6.008888179352709
0.122,17,prcus-p,-2.6879824131650794,6.008888179352709
0.122,17,prcus-i,-2.0111013267344053,6.008888179352709
0.122,17,prcus-a,-1.3835857912783158,6.008888179352709
0.122,17,ifrms,-2.467759653191326,6.008888179352709
0.122,17,sspls-v,0.07535944373113258,6.008888179352709
0.122,18,mcgs,-1.0688572814368764,6.358417379191503
0.122,18,pos,0.15772099113541632,6.358417379191503
0.122,18,sbps,-0.0,6.358417379191503
0.122,18,prculs-d,-1.4545084276251656,6.358417379191503
0.122,18,prcus-p,-2.5040763513217055,6.358417379191503
0.122,18,prcus-i,-3.2289102668554954,6.358417379191503
0.122,18,prcus-a,-1.7448657980617903,6.358417379191503
0.122,18,ifrms,-3.012110375626608,6.358417379191503
0.122,18,sspls-v,0.25178757359591053,6.358417379191503
0.122,19,mcgs,-0.8183323399354713,6.4907742723442325
0.122,19,pos,0.0,6.4907742723442325
0.122,19,sbps,-0.023255149260154477,6.4907742723442325
0.122,19,prculs-d,-1.528529175952275,6.4907742723442325
0.122,19,prcus-p,-2.2878527521694196,6.4907742723442325
0.122,19,prcus-i,-3.2263340868412276,6.4907742723442325
0.122,19,prcus-a,-1.6045450362676974,6.4907742723442325
0.122,19,ifrms,-2.727746107016721,6.4907742723442325
0.122,19,sspls-v,0.5384707309879267,6.4907742723442325
0.122,20,mcgs,-1.0143801390905602,6.345447112579784
0.122,20,pos,-0.0,6.345447112579784
0.122,20,sbps,-0.0,6.345447112579784
0.122,20,prculs-d,-1.6173219957323326,6.345447112579784
0.122,20,prcus-p,-2.2054028866934408,6.345447112579784
0.122,20,prcus-i,-3.394527565492936,6.345447112579784
0.122,20,prcus-a,-1.2171521600044735,6.345447112579784
0.122,20,ifrms,-2.9004043843275333,6.345447112579784
0.122,20,sspls-v,0.359951899413863,6.345447112579784
0.122,21,mcgs,-0.7100984104520809,6.446080237094407
0.122,21,pos,-0.0,6.446080237094407
0.122,21,sbps,0.005692459806996634,6.446080237094407
0.122,21,prculs-d,-1.6718687093214166,6.446080237094407
0.122,21,prcus-p,-2.439484124448124,6.446080237094407
0.122,21,prcus-i,-3.262069952660994,6.446080237094407
0.122,21,prcus-a,-1.4457464410293417,6.446080237094407
0.122,21,ifrms,-2.617369041826742,6.446080237094407
0.122,21,sspls-v,0.593565368583043,6.446080237094407
0.122,22,mcgs,-0.41691314227542053,6.459666674971463
0.122,22,pos,0.0,6.459666674971463
0.122,22,sbps,-0.0,6.459666674971463
0.122,22,prculs-d,-1.5441613162600176,6.459666674971463
0.122,22,prcus-p,-1.8948824751136215,6.459666674971463
0.122,22,prcus-i,-3.089984409737401,6.459666674971463
0.122,22,prcus-a,-1.3981250957214362,6.459666674971463
0.122,22,ifrms,-2.818961484835586,6.459666674971463
0.122,22,sspls-v,0.47396484631345664,6.459666674971463
0.122,23,mcgs,-0.7610908621004532,5.691663436542463
0.122,23,pos,0.18380811443075235,5.691663436542463
0.122,23,sbps,-0.011888554207289459,5.691663436542463
0.122,23,prculs-d,-1.3915690102905893,5.691663436542463
0.122,23,prcus-p,-3.061907424869947,5.691663436542463
0.122,23,prcus-i,-3.2595165288422634,5.691663436542463
0.122,23,prcus-a,-1.9755172921482744,5.691663436542463
0.122,23,ifrms,-2.7948679719467258,5.691663436542463
0.122,23,sspls-v,1.4651394753056457,5.691663436542463
0.122,24,mcgs,-0.7282140819703778,6.09652291241308
0.122,24,pos,0.5013759381823465,6.09652291241308
0.122,24,sbps,-0.27420459882313836,6.09652291241308
0.122,24,prculs-d,-1.4723401896537347,6.09652291241308
0.122,24,prcus-p,-2.177321498392396,6.09652291241308
0.122,24,prcus-i,-3.297249936121506,6.09652291241308
0.122,24,prcus-a,-1.2468505031838955,6.09652291241308
0.122,24,ifrms,-2.92953450517139,6.09652291241308
0.122,24,sspls-v,0.35319752563156753,6.09652291241308
0.122,25,mcgs,-0.26292603291133915,6.080404884857593
0.122,25,pos,-0.3937293326332509,6.080404884857593
0.122,25,sbps,-0.4057570334818726,6.080404884857593
0.122,25,prculs-d,-1.557418689042114,6.080404884857593
0.122,25,prcus-p,-1.6093053199110017,6.080404884857593
0.122,25,prcus-i,-3.6132268769187377,6.080404884857593
0.122,25,prcus-a,-2.1089997315356976,6.080404884857593
0.122,25,ifrms,-3.062215442179321,6.080404884857593
0.122,25,sspls-v,0.5180892377172684,6.080404884857593
0.122,26,mcgs,-0.8203717875388882,6.430407051053496
0.122,26,pos,-0.0,6.430407051053496
0.122,26,sbps,-0.0,6.430407051053496
0.122,26,prculs-d,-1.6663663842586505,6.430407051053496
0.122,26,prcus-p,-2.105362659571109,6.430407051053496
0.122,26,prcus-i,-3.376823988544894,6.430407051053496
0.122,26,prcus-a,-1.558760931820823,6.430407051053496
0.122,26,ifrms,-3.0283035490722003,6.430407051053496
0.122,26,sspls-v,0.5379239333073141,6.430407051053496
0.122,27,mcgs,-1.1540039859908127,5.940925080259431
0.122,27,pos,-0.03893044059914413,5.940925080259431
0.122,27,sbps,-0.21816760317576447,5.940925080259431
0.122,27,prculs-d,-1.9355396197218009,5.940925080259431
0.122,27,prcus-p,-2.0037881821201617,5.940925080259431
0.122,27,prcus-i,-3.321809638828004,5.940925080259431
0.122,27,prcus-a,-0.32805530770090413,5.940925080259431
0.122,27,ifrms,-2.6557877844107796,5.940925080259431
0.122,27,sspls-v,0.7478798098184833,5.940925080259431
0.131,0,mcgs,-0.6991634281250915,6.336381497258111
0.131,0,pos,-0.0,6.336381497258111
0.131,0,sbps,-0.0,6.336381497258111
0.131,0,prculs-d,-1.5541130573413042,6.336381497258111
0.131,0,prcus-p,-2.2848610894089063,6.336381497258111
0.131,0,prcus-i,-3.375877206562548,6.336381497258111
0.131,0,prcus-a,-1.5740261308579917,6.336381497258111
0.131,0,ifrms,-2.833599769122073,6.336381497258111
0.131,0,sspls-v,0.47898993372872345,6.336381497258111
0.131,1,mcgs,-0.5476973128878623,6.004491700688004
0.131,1,pos,-0.07080158634918832,6.004491700688004
0.131,1,sbps,-0.8477518351240784,6.004491700688004
0.131,1,prculs-d,-1.999919314140787,6.004491700688004
0.131,1,prcus-p,-1.796938111806635,6.004491700688004
0.131,1,prcus-i,-2.7598657290705555,6.004491700688004
0.131,1,prcus-a,-1.04420572150495,6.004491700688004
0.131,1,ifrms,-2.46288624338998,6.004491700688004
0.131,1,sspls-v,0.3423545534821181,6.004491700688004
0.131,2,mcgs,-1.1849283288203445,6.307565374279278
0.131,2,pos,-0.0,6.307565374279278
0.131,2,sbps,0.09538366877124503,6.307565374279278
0.131,2,prculs-d,-1.5454700670044335,6.307565374279278
0.131,2,prcus-p,-2.224812621058453,6.307565374279278
0.131,2,prcus-i,-3.6494039445158837,6.307565374279278
0.131,2,prcus-a,-1.6522943312146825,6.307565374279278
0.131,2,ifrms,-3.0540666510684615,6.307565374279278
0.131,2,sspls-v,0.7752101994632532,6.307565374279278
0.131,3,mcgs,-0.716963481100654,6.446859008508882
0.131,3,pos,0.0,6.446859008508882
0.131,3,sbps,-0.0,6.446859008508882
0.131,3,prculs-d,-1.5080449139387133,6.446859008508882
0.131,3,prcus-p,-2.1521962013047364,6.446859008508882
0.131,3,prcus-i,-3.3633518914860656,6.446859008508882
0.131,3,prcus-a,-1.5283149591803724,6.446859008508882
0.131,3,ifrms,-2.6022079176391433,6.446859008508882
0.131,3,sspls-v,0.49822618985525907,6.446859008508882
0.131,4,mcgs,-1.0411951734691671,5.869489426621014
0.131,4,pos,0.24859847208252012,5.869489426621014
0.131,4,sbps,0.0478247899817829,5.869489426621014
0.131,4,prculs-d,-2.006353135356811,5.869489426621014
0.131,4,prcus-p,-2.6776560897150534,5.869489426621014
0.131,4,prcus-i,-4.349665274443726,5.869489426621014
0.131,4,prcus-a,-2.3568933521610553,5.869489426621014
0.131,4,ifrms,-2.728506659495066,5.869489426621014
0.131,4,sspls-v,0.6922998527497147,5.869489426621014
0.131,5,mcgs,0.0,5.6361287464306296
0.131,5,pos,0.0,5.6361287464306296
0.131,5,sbps,-0.0,5.6361287464306296
0.131,5,prculs-d,-1.7642230742362333,5.6361287464306296
0.131,5,prcus-p,-2.0889175252451464,5.6361287464306296
0.131,5,prcus-i,-3.136417481804674,5.6361287464306296
0.131,5,prcus-a,-1.7281182767985914,5.6361287464306296
0.131,5,ifrms,-2.1693875748183182,5.6361287464306296
0.131,5,sspls-v,0.054641995714719366,5.6361287464306296
0.131,6,mcgs,-0.42930305412487896,6.275861166637001
0.131,6,pos,0.0,6.275861166637001
0.131,6,sbps,0.0,6.275861166637001
0.131,6,prculs-d,-1.6521616667610681,6.275861166637001
0.131,6,prcus-p,-1.7599390038476177,6.275861166637001
0.131,6,prcus-i,-3.2835502866360065,6.275861166637001
0.131,6,prcus-a,-1.2218659376165202,6.275861166637001
0.131,6,ifrms,-2.894706051287956,6.275861166637001
0.131,6,sspls-v,0.7710750493382088,6.275861166637001
0.131,7,mcgs,-0.6347603611357806,6.338543515832332
0.131,7,pos,-0.0,6.338543515832332
0.131,7,sbps,-0.0,6.338543515832332
0.131,7,prculs-d,-1.5249471573586542,6.338543515832332
0.131,7,prcus-p,-2.2259264282641227,6.338543515832332
0.131,7,prcus-i,-3.345071922497521,6.338543515832332
0.131,7,prcus-a,-1.5129975777915625,6.338543515832332
0.131,7,ifrms,-2.792209182192264,6.338543515832332
0.131,7,sspls-v,0.5163850289005678,6.338543515832332
0.131,8,mcgs,-0.031912332408498736,5.674628080212851
0.131,8,pos,-0.1789094305410242,5.674628080212851
0.131,8,sbps,-0.04448337339818089,5.674628080212851
0.131,8,prculs-d,-0.17620921208097684,5.674628080212851
0.131,8,prcus-p,-1.8166949722666426,5.674628080212851
0.131,8,prcus-i,-2.808346692052145,5.674628080212851
0.131,8,prcus-a,-1.5624810046236068,5.674628080212851
0.131,8,ifrms,-2.2276571059045334,5.674628080212851
0.131,8,sspls-v,0.3878522702246119,5.674628080212851
0.131,9,mcgs,-0.8714411345001204,6.030413344985635
0.131,9,pos,0.5076872833166494,6.030413344985635
0.131,9,sbps,0.23883633840672833,6.030413344985635
0.131,9,prculs-d,-1.1398475914355457,6.030413344985635
0.131,9,prcus-p,-2.24849357212097,6.030413344985635
0.131,9,prcus-i,-2.912234696603495,6.030413344985635
0.131,9,prcus-a,-0.9185618918321682,6.030413344985635
0.131,9,ifrms,-2.7726328314724715,6.030413344985635
0.131,9,sspls-v,0.1534857659489779,6.030413344985635
0.131,10,mcgs,-0.8431318515787982,5.960497842289493
0.131,10,pos,-0.0,5.960497842289493
0.131,10,sbps,0.0,5.960497842289493
0.131,10,prculs-d,-0.6870567121024523,5.960497842289493
0.131,10,prcus-p,-2.066931365652021,5.960497842289493
0.131,10,prcus-i,-3.3626886143031958,5.960497842289493
0.131,10,prcus-a,-1.4726904009781503,5.960497842289493
0.131,10,ifrms,-3.112804030189706,5.960497842289493
0.131,10,sspls-v,0.027544959007770105,5.960497842289493
0.131,11,mcgs,-0.6144797875151855,6.253378624139123
0.131,11,pos,0.04176514098619781,6.253378624139123
0.131,11,sbps,-0.0,6.253378624139123
0.131,11,prculs-d,-1.4230477717531536,6.253378624139123
0.131,11,prcus-p,-1.650374986033648,6.253378624139123
0.131,11,prcus-i,-2.6316174240848653,6.253378624139123
0.131,11,prcus-a,-1.0748723616680527,6.253378624139123
0.131,11,ifrms,-2.6808068392408764,6.253378624139123
0.131,11,sspls-v,0.1703321944935235,6.253378624139123
0.131,12,mcgs,-0.660208712440067,6.126523654835239
0.131,12,pos,-0.0,6.126523654835239
0.131,12,sbps,-0.0,6.126523654835239
0.131,12,prculs-d,-1.444199916729033,6.126523654835239
0.131,12,prcus-p,-1.6053266322047335,6.126523654835239
0.131,12,prcus-i,-3.3609290515855808,6.126523654835239
0.131,12,prcus-a,-1.0309679930368683,6.126523654835239
0.131,12,ifrms,-3.2416810656965414,6.126523654835239
0.131,12,sspls-v,0.08615101924320395,6.126523654835239
0.131,13,mcgs,-0.4715287533825728,6.083534283707583
0.131,13,pos,-0.04064695525968755,6.083534283707583
0.131,13,sbps,-0.5012995608764803,6.083534283707583
0.131,13,prculs-d,-1.6183414899503303,6.083534283707583
0.131,13,prcus-p,-1.6797111418848178,6.083534283707583
0.131,13,prcus-i,-3.0021212769687335,6.083534283707583
0.131,13,prcus-a,-1.3217961501475157,6.083534283707583
0.131,13,ifrms,-2.468640981951625,6.083534283707583
0.131,13,sspls-v,0.6887579836471474,6.083534283707583
0.131,14,mcgs,-0.7227394351672299,6.552170928259144
0.131,14,pos,0.0,6.552170928259144
0.131,14,sbps,-0.0,6.552170928259144
0.131,14,prculs-d,-1.4692237608866923,6.552170928259144
0.131,14,prcus-p,-2.1004118022342517,6.552170928259144
0.131,14,prcus-i,-3.2650114509633337,6.552170928259144
0.131,14,prcus-a,-1.4489986824547876,6.552170928259144
0.131,14,ifrms,-2.7360002128595045,6.552170928259144
0.131,14,sspls-v,0.48642449751816524,6.552170928259144
0.131,15,mcgs,-0.8663800636486424,6.3161382604100185
0.131,15,pos,0.0,6.3161382604100185
0.131,15,sbps,-0.0,6.3161382604100185
0.131,15,prculs-d,-1.4451906006538595,6.3161382604100185
0.131,15,prcus-p,-2.1466497759784215,6.3161382604100185
0.131,15,prcus-i,-3.281124742620799,6.3161382604100185
0.131,15,prcus-a,-1.5019890373040896,6.3161382604100185
0.131,15,ifrms,-2.712002721664461,6.3161382604100185
0.131,15,sspls-v,0.37224868667251015,6.3161382604100185
0.131,16,mcgs,-0.65058098321411,6.276881763924241
0.131,16,pos,-0.0,6.276881763924241
0.131,16,sbps,-0.0,6.276881763924241
0.131,16,prculs-d,-1.4816281097394481,6.276881763924241
0.131,16,prcus-p,-2.2755477779702917,6.276881763924241
0.131,16,prcus-i,-3.3532992747096766,6.276881763924241
0.131,16,prcus-a,-1.5304661581912402,6.276881763924241
0.131,16,ifrms,-2.762746610820583,6.276881763924241
0.131,16,sspls-v,0.3482462041547347,6.276881763924241
0.131,17,mcgs,-0.5823175681462569,5.991675909326852
0.131,17,pos,-1.0531571487881355,5.991675909326852
0.131,17,sbps,0.7986050826605289,5.991675909326852
0.131,17,prculs-d,-0.7262354078050005,5.991675909326852
0.131,17,prcus-p,-2.615228094404652,5.991675909326852
0.131,17,prcus-i,-1.943452332860173,5.991675909326852
0.131,17,prcus-a,-1.3232970498336933,5.991675909326852
0.131,17,ifrms,-2.4415016344966762,5.991675909326852
0.131,17,sspls-v,0.046328816096418486,5.991675909326852
0.131,18,mcgs,-1.0142276082642856,6.338549972097258
0.131,18,pos,0.1362691569275179,6.338549972097258
0.131,18,sbps,-0.0,6.338549972097258
0.131,18,prculs-d,-1.4283306779266394,6.338549972097258
0.131,18,prcus-p,-2.4377757796705364,6.338549972097258
0.131,18,prcus-i,-3.165004254889349,6.338549972097258
0.131,18,prcus-a,-1.6862131060282,6.338549972097258
0.131,18,ifrms,-2.97587616081705,6.338549972097258
0.131,18,sspls-v,0.23356393696884295,6.338549972097258
0.131,19,mcgs,-0.7723326388630181,6.477915314072242
0.131,19,pos,0.0,6.477915314072242
0.131,19,sbps,-0.015308726474563158,6.477915314072242
0.131,19,prculs-d,-1.5016872437573479,6.477915314072242
0.131,19,prcus-p,-2.2308505335574536,6.477915314072242
0.131,19,prcus-i,-3.1632711511231437,6.477915314072242
0.131,19,prcus-a,-1.5457581273392929,6.477915314072242
0.131,19,ifrms,-2.6947774432091416,6.477915314072242
0.131,19,sspls-v,0.5079625202254282,6.477915314072242
0.131,20,mcgs,-0.9737216822569132,6.318538126475676
0.131,20,pos,-0.0,6.318538126475676
0.131,20,sbps,-0.0,6.318538126475676
0.131,20,prculs-d,-1.5917046860544182,6.318538126475676
0.131,20,prcus-p,-2.144969299942975,6.318538126475676
0.131,20,prcus-i,-3.326587768338757,6.318538126475676
0.131,20,prcus-a,-1.162424248147514,6.318538126475676
0.131,20,ifrms,-2.8743918056111353,6.318538126475676
0.131,20,sspls-v,0.3316801051464591,6.318538126475676
0.131,21,mcgs,-0.6691015592224083,6.425276969332949
0.131,21,pos,-0.0,6.425276969332949
0.131,21,sbps,0.0,6.425276969332949
0.131,21,prculs-d,-1.647025927678501,6.425276969332949
0.131,21,prcus-p,-2.3797832373929375,6.425276969332949
0.131,21,prcus-i,-3.1945981996633934,6.425276969332949
0.131,21,prcus-a,-1.390212358371448,6.425276969332949
0.131,21,ifrms,-2.5921646102810936,6.425276969332949
0.131,21,sspls-v,0.5648806559374675,6.425276969332949
0.131,22,mcgs,-0.35649769503312245,6.426981589376769
0.131,22,pos,0.0,6.426981589376769
0.131,22,sbps,-0.0,6.426981589376769
0.131,22,prculs-d,-1.5221159882525002,6.426981589376769
0.131,22,prcus-p,-1.8083653382126803,6.426981589376769
0.131,22,prcus-i,-3.0067002227949637,6.426981589376769
0.131,22,prcus-a,-1.3306299531165977,6.426981589376769
0.131,22,ifrms,-2.8009357676444666,6.426981589376769
0.131,22,sspls-v,0.4429724446999045,6.426981589376769
0.131,23,mcgs,-0.7154650151459447,5.678275455550615
0.131,23,pos,0.1680147141364221,5.678275455550615
0.131,23,sbps,-0.011068923065253325,5.678275455550615
0.131,23,prculs-d,-1.3646606258928187,5.678275455550615
0.131,23,prcus-p,-2.997733792410611,5.678275455550615
0.131,23,prcus-i,-3.19280872846847,5.678275455550615
0.131,23,prcus-a,-1.918716508878311,5.678275455550615
0.131,23,ifrms,-2.7650097866776457,5.678275455550615
0.131,23,sspls-v,1.4358001875506272,5.678275455550615
0.131,24,mcgs,-0.6834903552107441,6.080104681721599
0.131,24,pos,0.48757054258332805,6.080104681721599
0.131,24,sbps,-0.2735481504561154,6.080104681721599
0.131,24,prculs-d,-1.4443461718241986,6.080104681721599
0.131,24,prcus-p,-2.117707581370362,6.080104681721599
0.131,24,prcus-i,-3.22863860323702,6.080104681721599
0.131,24,prcus-a,-1.193035488424689,6.080104681721599
0.131,24,ifrms,-2.899533080084624,6.080104681721599
0.131,24,sspls-v,0.32600404567801855,6.080104681721599
0.131,25,mcgs,-0.22346561994892092,6.067624237258948
0.131,25,pos,-0.3866330095973662,6.067624237258948
0.131,25,sbps,-0.40169437868163227,6.067624237258948
0.131,25,prculs-d,-1.5319212552253805,6.067624237258948
0.131,25,prcus-p,-1.552918770361942,6.067624237258948
0.131,25,prcus-i,-3.544081494025285,6.067624237258948
0.131,25,prcus-a,-2.0524941891280557,6.067624237258948
0.131,25,ifrms,-3.03722959461803,6.067624237258948
0.131,25,sspls-v,0.4887890020102827,6.067624237258948
0.131,26,mcgs,-0.7780010788904894,6.412583888184334
0.131,26,pos,-0.0,6.412583888184334
0.131,26,sbps,-0.0,6.412583888184334
0.131,26,prculs-d,-1.6401985151082459,6.412583888184334
0.131,26,prcus-p,-2.046996064104069,6.412583888184334
0.131,26,prcus-i,-3.3089497804378945,6.412583888184334
0.131,26,prcus-a,-1.502735054026211,6.412583888184334
0.131,26,ifrms,-3.000507729884849,6.412583888184334
0.131,26,sspls-v,0.509145907355278,6.412583888184334
0.131,27,mcgs,-1.114405881232047,5.923339287454753
0.131,27,pos,-0.03321440065001227,5.923339287454753
0.131,27,sbps,-0.2152598817015405,5.923339287454753
0.131,27,prculs-d,-1.9106164155854573,5.923339287454753
0.131,27,prcus-p,-1.946196568218796,5.923339287454753
0.131,27,prcus-i,-3.2570199094374783,5.923339287454753
0.131,27,prcus-a,-0.2798498067315011,5.923339287454753
0.131,27,ifrms,-2.6317372662220118,5.923339287454753
0.131,27,sspls-v,0.7193896143294661,5.923339287454753
0.14,0,mcgs,-0.6582048254536377,6.3233170818201225
0.14,0,pos,-0.0,6.3233170818201225
0.14,0,sbps,-0.0,6.3233170818201225
0.14,0,prculs-d,-1.5260318764493963,6.3233170818201225
0.14,0,prcus-p,-2.2217319776688984,6.3233170818201225
0.14,0,prcus-i,-3.30349333963865,6.3233170818201225
0.14,0,prcus-a,-1.5148374189319684,6.3233170818201225
0.14,0,ifrms,-2.8067516942969055,6.3233170818201225
0.14,0,sspls-v,0.45075991817401573,6.3233170818201225
0.14,1,mcgs,-0.5066690581272374,5.987697342016613
0.14,1,pos,-0.06520662958883083,5.987697342016613
0.14,1,sbps,-0.847478944986987,5.987697342016613
0.14,1,prculs-d,-1.9775932533749947,5.987697342016613
0.14,1,prcus-p,-1.7374651442648705,5.987697342016613
0.14,1,prcus-i,-2.6918907702727415,5.987697342016613
0.14,1,prcus-a,-0.9864175597030191,5.987697342016613
0.14,1,ifrms,-2.4376883035854693,5.987697342016613
0.14,1,sspls-v,0.31355481649980477,5.987697342016613
0.14,2,mcgs,-1.1362490173392576,6.292610255955464
0.14,2,pos,-0.0,6.292610255955464
0.14,2,sbps,0.06760235083671275,6.292610255955464
0.14,2,prculs-d,-1.5224283448579181,6.292610255955464
0.14,2,prcus-p,-2.1510035928911506,6.292610255955464
0.14,2,prcus-i,-3.571347518702139,6.292610255955464
0.14,2,prcus-a,-1.5887917154730742,6.292610255955464
0.14,2,ifrms,-3.0224917493539225,6.292610255955464
0.14,2,sspls-v,0.7419197800132172,6.292610255955464
0.14,3,mcgs,-0.6726837704525976,6.4345178997491805
0.14,3,pos,0.0,6.4345178997491805
0.14,3,sbps,-0.0,6.4345178997491805
0.14,3,prculs-d,-1.4785530891750165,6.4345178997491805
0.14,3,prcus-p,-2.084146147621414,6.4345178997491805
0.14,3,prcus-i,-3.2833754742265193,6.4345178997491805
0.14,3,prcus-a,-1.463511506807143,6.4345178997491805
0.14,3,ifrms,-2.568352185681876,6.4345178997491805
0.14,3,sspls-v,0.46402623705887175,6.4345178997491805
0.14,4,mcgs,-0.9817374231435764,5.875533531190098
0.14,4,pos,0.21882324670309544,5.875533531190098
0.14,4,sbps,0.011545160620480128,5.875533531190098
0.14,4,prculs-d,-1.9632634665639486,5.875533531190098
0.14,4,prcus-p,-2.5799681993740244,5.875533531190098
0.14,4,prcus-i,-4.239198878945134,5.875533531190098
0.14,4,prcus-a,-2.267175413186299,5.875533531190098
0.14,4,ifrms,-2.6974702693867316,5.875533531190098
0.14,4,sspls-v,0.6580746954592742,5.875533531190098
0.14,5,mcgs,0.0,5.611104222078908
0.14,5,pos,0.0,5.611104222078908
0.14,5,sbps,-0.0,5.611104222078908
0.14,5,prculs-d,-1.740507624738777,5.611104222078908
0.14,5,prcus-p,-2.0519349241778624,5.611104222078908
0.14,5,prcus-i,-3.0844930077183395,5.611104222078908
0.14,5,prcus-a,-1.6794368315882937,5.611104222078908
0.14,5,ifrms,-2.155693117944458,5.611104222078908
0.14,5,sspls-v,0.027473570015670284,5.611104222078908
0.14,6,mcgs,-0.3848451089816842,6.240526087789875
0.14,6,pos,0.0,6.240526087789875
0.14,6,sbps,0.0,6.240526087789875
0.14,6,prculs-d,-1.6279261874605406,6.240526087789875
0.14,6,prcus-p,-1.6976940934596916,6.240526087789875
0.14,6,prcus-i,-3.2150264469434653,6.240526087789875
0.14,6,prcus-a,-1.1634810886290579,6.240526087789875
0.14,6,ifrms,-2.8692110496387135,6.240526087789875
0.14,6,sspls-v,0.7488633808977004,6.240526087789875
0.14,7,mcgs,-0.5952211748853755,6.319456193830558
0.14,7,pos,-0.0,6.319456193830558
0.14,7,sbps,-0.0,6.319456193830558
0.14,7,prculs-d,-1.498625300767939,6.319456193830558
0.14,7,prcus-p,-2.166621020887729,6.319456193830558
0.14,7,prcus-i,-3.275895122871729,6.319456193830558
0.14,7,prcus-a,-1.4564564150060544,6.319456193830558
0.14,7,ifrms,-2.7663475310250205,6.319456193830558
0.14,7,sspls-v,0.48721010022600925,6.319456193830558
0.14,8,mcgs,-0.0,5.652841039636669
0.14,8,pos,-0.1741967340478612,5.652841039636669
0.14,8,sbps,-0.04256850649404118,5.652841039636669
0.14,8,prculs-d,-0.14671625022169263,5.652841039636669
0.14,8,prcus-p,-1.7624447163875712,5.652841039636669
0.14,8,prcus-i,-2.7420069241719576,5.652841039636669
0.14,8,prcus-a,-1.5089153159740945,5.652841039636669
0.14,8,ifrms,-2.2025329553811686,5.652841039636669
0.14,8,sspls-v,0.3586051026272762,5.652841039636669
0.14,9,mcgs,-0.8244460817527662,6.004587952500159
0.14,9,pos,0.4918627247572274,6.004587952500159
0.14,9,sbps,0.2143166571402419,6.004587952500159
0.14,9,prculs-d,-1.1149406994073001,6.004587952500159
0.14,9,prcus-p,-2.172833996020497,6.004587952500159
0.14,9,prcus-i,-2.8401771646388947,6.004587952500159
0.14,9,prcus-a,-0.8603626758107035,6.004587952500159
0.14,9,ifrms,-2.7414722409382217,6.004587952500159
0.14,9,sspls-v,0.1262935823682091,6.004587952500159
0.14,10,mcgs,-0.8015715513384596,5.919294817697299
0.14,10,pos,-0.0,5.919294817697299
0.14,10,sbps,0.0,5.919294817697299
0.14,10,prculs-d,-0.6630756550736648,5.919294817697299
0.14,10,prcus-p,-2.006712096462872,5.919294817697299
0.14,10,prcus-i,-3.2980974944840242,5.919294817697299
0.14,10,prcus-a,-1.417344229175606,5.919294817697299
0.14,10,ifrms,-3.0879259136450825,5.919294817697299
0.14,10,sspls-v,0.0,5.919294817697299
0.14,11,mcgs,-0.568758555408659,6.230567720600448
0.14,11,pos,0.0327835763206315,6.230567720600448
0.14,11,sbps,-0.0,6.230567720600448
0.14,11,prculs-d,-1.3940965783747905,6.230567720600448
0.14,11,prcus-p,-1.5757445469162312,6.230567720600448
0.14,11,prcus-i,-2.547650160415936,6.230567720600448
0.14,11,prcus-a,-1.006841959716412,6.230567720600448
0.14,11,ifrms,-2.6484319285958304,6.230567720600448
0.14,11,sspls-v,0.13318301309871858,6.230567720600448
0.14,12,mcgs,-0.6196349305673969,6.097443953451875
0.14,12,pos,-0.0,6.097443953451875
0.14,12,sbps,-0.0,6.097443953451875
0.14,12,prculs-d,-1.4186005740155916,6.097443953451875
0.14,12,prcus-p,-1.54150211310706,6.097443953451875
0.14,12,prcus-i,-3.2997517395603353,6.097443953451875
0.14,12,prcus-a,-0.9771248410624067,6.097443953451875
0.14,12,ifrms,-3.2231386404167446,6.097443953451875
0.14,12,sspls-v,0.05687956096177373,6.097443953451875
0.14,13,mcgs,-0.43025035776110226,6.0786535266216095
0.14,13,pos,-0.03511411118952089,6.0786535266216095
0.14,13,sbps,-0.5001913006488857,6.0786535266216095
0.14,13,prculs-d,-1.5933456119036895,6.0786535266216095
0.14,13,prcus-p,-1.6198287821532422,6.0786535266216095
0.14,13,prcus-i,-2.932948842051279,6.0786535266216095
0.14,13,prcus-a,-1.2647767034105113,6.0786535266216095
0.14,13,ifrms,-2.4436797344881973,6.0786535266216095
0.14,13,sspls-v,0.6607767910728487,6.0786535266216095
0.14,14,mcgs,-0.6819617217349464,6.533945532284083
0.14,14,pos,0.0,6.533945532284083
0.14,14,sbps,-0.0,6.533945532284083
0.14,14,prculs-d,-1.4434731992558232,6.533945532284083
0.14,14,prcus-p,-2.046443524590998,6.533945532284083
0.14,14,prcus-i,-3.19773961320383,6.533945532284083
0.14,14,prcus-a,-1.3951904988361807,6.533945532284083
0.14,14,ifrms,-2.7112588829632367,6.533945532284083
0.14,14,sspls-v,0.45928615573931236,6.533945532284083
0.14,15,mcgs,-0.8309689834060138,6.297065115328869
0.14,15,pos,0.0,6.297065115328869
0.14,15,sbps,-0.0,6.297065115328869
0.14,15,prculs-d,-1.4193661334910055,6.297065115328869
0.14,15,prcus-p,-2.0900938715952,6.297065115328869
0.14,15,prcus-i,-3.2139090078111776,6.297065115328869
0.14,15,prcus-a,-1.4479036944975856,6.297065115328869
0.14,15,ifrms,-2.6874458107101047,6.297065115328869
0.14,15,sspls-v,0.3437556220595692,6.297065115328869
0.14,16,mcgs,-0.6101372154251654,6.253340512455427
0.14,16,pos,-0.0,6.253340512455427
0.14,16,sbps,-0.0,6.253340512455427
0.14,16,prculs-d,-1.455907637571925,6.253340512455427
0.14,16,prcus-p,-2.2178385356078243,6.253340512455427
0.14,16,prcus-i,-3.2857480635627487,6.253340512455427
0.14,16,prcus-a,-1.4748658498909486,6.253340512455427
0.14,16,ifrms,-2.7365914556144686,6.253340512455427
0.14,16,sspls-v,0.3214791142223358,6.253340512455427
0.14,17,mcgs,-0.5399904347660341,5.972869109642634
0.14,17,pos,-1.052848750102626,5.972869109642634
0.14,17,sbps,0.7792801485926266,5.972869109642634
0.14,17,prculs-d,-0.7029027394102778,5.972869109642634
0.14,17,prcus-p,-2.542677626876373,5.972869109642634
0.14,17,prcus-i,-1.8760255013817713,5.972869109642634
0.14,17,prcus-a,-1.2631441288256724,5.972869109642634
0.14,17,ifrms,-2.4153242438745903,5.972869109642634
0.14,17,sspls-v,0.017354584685495437,5.972869109642634
0.14,18,mcgs,-0.9595982853092205,6.316967561274956
0.14,18,pos,0.11481741448013842,6.316967561274956
0.14,18,sbps,-0.0,6.316967561274956
0.14,18,prculs-d,-1.4021530133673294,6.316967561274956
0.14,18,prcus-p,-2.3714755268785437,6.316967561274956
0.14,18,prcus-i,-3.1010985183983766,6.316967561274956
0.14,18,prcus-a,-1.6275606383220318,6.316967561274956
0.14,18,ifrms,-2.939642092297482,6.316967561274956
0.14,18,sspls-v,0.21534031392098882,6.316967561274956
0.14,19,mcgs,-0.7263329377905612,6.4642315549103
0.14,19,pos,0.0,6.4642315549103
0.14,19,sbps,-0.0073623036889740095,6.4642315549103
0.14,19,prculs-d,-1.474845311562419,6.4642315549103
0.14,19,prcus-p,-2.1738483149454835,6.4642315549103
0.14,19,prcus-i,-3.1002082154050576,6.4642315549103
0.14,19,prcus-a,-1.48697121841089,6.4642315549103
0.14,19,ifrms,-2.661808779401562,6.4642315549103
0.14,19,sspls-v,0.4774543094629277,6.4642315549103
0.14,20,mcgs,-0.9330631417363618,6.292116379878398
0.14,20,pos,-0.0,6.292116379878398
0.14,20,sbps,-0.0,6.292116379878398
0.14,20,prculs-d,-1.5660873426096131,6.292116379878398
0.14,20,prcus-p,-2.08453562877792,6.292116379878398
0.14,20,prcus-i,-3.2586478833901724,6.292116379878398
0.14,20,prcus-a,-1.1076962855013364,6.292116379878398
0.14,20,ifrms,-2.8483791999313484,6.292116379878398
0.14,20,sspls-v,0.3034082921460534,6.292116379878398
0.14,21,mcgs,-0.6282812513527478,6.404413787554757
0.14,21,pos,-0.0,6.404413787554757
0.14,21,sbps,0.0,6.404413787554757
0.14,21,prculs-d,-1.6220399187850052,6.404413787554757
0.14,21,prcus-p,-2.3242074304916187,6.404413787554757
0.14,21,prcus-i,-3.1276025587376974,6.404413787554757
0.14,21,prcus-a,-1.3354268723666716,6.404413787554757
0.14,21,ifrms,-2.566479983362989,6.404413787554757
0.14,21,sspls-v,0.5364448985049407,6.404413787554757
0.14,22,mcgs,-0.2960864839833797,6.390498552380094
0.14,22,pos,0.0,6.390498552380094
0.14,22,sbps,-0.0,6.390498552380094
0.14,22,prculs-d,-1.50007129943474,6.390498552380094
0.14,22,prcus-p,-1.7218531442833025,6.390498552380094
0.14,22,prcus-i,-2.9234199278983652,6.390498552380094
0.14,22,prcus-a,-1.2631374336835963,6.390498552380094
0.14,22,ifrms,-2.782910363850829,6.390498552380094
0.14,22,sspls-v,0.4119808890441391,6.390498552380094
0.14,23,mcgs,-0.6698391681914347,5.663964234064872
0.14,23,pos,0.15222131384209095,5.663964234064872
0.14,23,sbps,-0.01024929192321599,5.663964234064872
0.14,23,prculs-d,-1.3377522414950478,5.663964234064872
0.14,23,prcus-p,-2.9335601599512753,5.663964234064872
0.14,23,prcus-i,-3.126100928094677,5.663964234064872
0.14,23,prcus-a,-1.86191572560835,5.663964234064872
0.14,23,ifrms,-2.735151601408564,5.663964234064872
0.14,23,sspls-v,1.4064608997956078,5.663964234064872
0.14,24,mcgs,-0.6387666284511073,6.063381542192821
0.14,24,pos,0.47376514698430683,6.063381542192821
0.14,24,sbps,-0.27289170208909547,6.063381542192821
0.14,24,prculs-d,-1.4163521539946615,6.063381542192821
0.14,24,prcus-p,-2.0580936643483216,6.063381542192821
0.14,24,prcus-i,-3.1600272703525367,6.063381542192821
0.14,24,prcus-a,-1.1392204736654834,6.063381542192821
0.14,24,ifrms,-2.8695316549978607,6.063381542192821
0.14,24,sspls-v,0.2988105657244703,6.063381542192821
0.14,25,mcgs,-0.1840052069865029,6.051829881896345
0.14,25,pos,-0.3795366865614811,6.051829881896345
0.14,25,sbps,-0.39763172388139184,6.051829881896345
0.14,25,prculs-d,-1.506423821408648,6.051829881896345
0.14,25,prcus-p,-1.4965322208128842,6.051829881896345
0.14,25,prcus-i,-3.474936111131832,6.051829881896345
0.14,25,prcus-a,-1.9959886467204129,6.051829881896345
0.14,25,ifrms,-3.0122437470567376,6.051829881896345
0.14,25,sspls-v,0.45948876630329616,6.051829881896345
0.14,26,mcgs,-0.7356303422190634,6.395903773752912
0.14,26,pos,-0.0,6.395903773752912
0.14,26,sbps,-0.0,6.395903773752912
0.14,26,prculs-d,-1.6140306354742355,6.395903773752912
0.14,26,prcus-p,-1.9886294376828137,6.395903773752912
0.14,26,prcus-i,-3.241075540864565,6.395903773752912
0.14,26,prcus-a,-1.4467091548156272,6.395903773752912
0.14,26,ifrms,-2.972711901408949,6.395903773752912
0.14,26,sspls-v,0.48036787346180354,6.395903773752912
0.14,27,mcgs,-1.0748077764732824,5.922341685001531
0.14,27,pos,-0.027498360700881148,5.922341685001531
0.14,27,sbps,-0.21235216022731596,5.922341685001531
0.14,27,prculs-d,-1.8856932114491156,5.922341685001531
0.14,27,prcus-p,-1.88860495431743,5.922341685001531
0.14,27,prcus-i,-3.1922301800469555,5.922341685001531
0.14,27,prcus-a,-0.23164430576209877,5.922341685001531
0.14,27,ifrms,-2.6076867480332426,5.922341685001531
0.14,27,sspls-v,0.6908994188404489,5.922341685001531
0.149,0,mcgs,-0.6172462227821857,6.30688532886965
0.149,0,pos,-0.0,6.30688532886965
0.149,0,sbps,-0.0,6.30688532886965
0.149,0,prculs-d,-1.4979506955574915,6.30688532886965
0.149,0,prcus-p,-2.1586028659288923,6.30688532886965
0.149,0,prcus-i,-3.2311094727147536,6.30688532886965
0.149,0,prcus-a,-1.455648707005942,6.30688532886965
0.149,0,ifrms,-2.7799036194717375,6.30688532886965
0.149,0,sspls-v,0.42252990261931,6.30688532886965
0.149,1,mcgs,-0.46564080336661445,5.968575471968654
0.149,1,pos,-0.05961167282847663,5.968575471968654
0.149,1,sbps,-0.8472060548498958,5.968575471968654
0.149,1,prculs-d,-1.9552671926092002,5.968575471968654
0.149,1,prcus-p,-1.6779921767231059,5.968575471968654
0.149,1,prcus-i,-2.623915811474927,5.968575471968654
0.149,1,prcus-a,-0.9286293979010878,5.968575471968654
0.149,1,ifrms,-2.412490363780963,5.968575471968654
0.149,1,sspls-v,0.28475507951749035,5.968575471968654
0.149,2,mcgs,-1.0875787539190778,6.276248284284541
0.149,2,pos,-0.0,6.276248284284541
0.149,2,sbps,0.03982572750927161,6.276248284284541
0.149,2,prculs-d,-1.499389922022449,6.276248284284541
0.149,2,prcus-p,-2.077206320108102,6.276248284284541
0.149,2,prcus-i,-3.493302732044584,6.276248284284541
0.149,2,prcus-a,-1.5252969891223376,6.276248284284541
0.149,2,ifrms,-2.990920430448642,6.276248284284541
0.149,2,sspls-v,0.7086328956200146,6.276248284284541
0.149,3,mcgs,-0.6282396209026258,6.417580018137381
0.149,3,pos,0.0,6.417580018137381
0.149,3,sbps,-0.0,6.417580018137381
0.149,3,prculs-d,-1.4489797243807485,6.417580018137381
0.149,3,prcus-p,-2.0158885100601296,6.417580018137381
0.149,3,prcus-i,-3.2031719880099794,6.417580018137381
0.149,3,prcus-a,-1.398553841527497,6.417580018137381
0.149,3,ifrms,-2.5344229413822483,6.417580018137381
0.149,3,sspls-v,0.42976016072802453,6.417580018137381
0.149,4,mcgs,-0.9258392079724337,5.885791911752396
0.149,4,pos,0.19326439441529827,5.885791911752396
0.149,4,sbps,0.0,5.885791911752396
0.149,4,prculs-d,-1.9202247965302324,5.885791911752396
0.149,4,prcus-p,-2.5000150379306905,5.885791911752396
0.149,4,prcus-i,-4.137797321152582,5.885791911752396
0.149,4,prcus-a,-2.1862148516655817,5.885791911752396
0.149,4,ifrms,-2.6677702887463286,5.885791911752396
0.149,4,sspls-v,0.6247833336220737,5.885791911752396
0.149,5,mcgs,0.0,5.592600971000336
0.149,5,pos,0.0,5.592600971000336
0.149,5,sbps,-0.0,5.592600971000336
0.149,5,prculs-d,-1.7168007482055185,5.592600971000336
0.149,5,prcus-p,-2.014959697874514,5.592600971000336
0.149,5,prcus-i,-3.0325826096198845,5.592600971000336
0.149,5,prcus-a,-1.6307651197122115,5.592600971000336
0.149,5,ifrms,-2.1420004934133186,5.592600971000336
0.149,5,sspls-v,0.0003099277949849708,5.592600971000336
0.149,6,mcgs,-0.3403871638384893,6.205442475298463
0.149,6,pos,0.0,6.205442475298463
0.149,6,sbps,0.0,6.205442475298463
0.149,6,prculs-d,-1.6036907081600194,6.205442475298463
0.149,6,prcus-p,-1.635449183071768,6.205442475298463
0.149,6,prcus-i,-3.1465026072509263,6.205442475298463
0.149,6,prcus-a,-1.1050962396415993,6.205442475298463
0.149,6,ifrms,-2.843716047989469,6.205442475298463
0.149,6,sspls-v,0.7266517124571917,6.205442475298463
0.149,7,mcgs,-0.5556815668110616,6.300382186781335
0.149,7,pos,-0.0,6.300382186781335
0.149,7,sbps,-0.0,6.300382186781335
0.149,7,prculs-d,-1.4723032442576296,6.300382186781335
0.149,7,prcus-p,-2.107315110424839,6.300382186781335
0.149,7,prcus-i,-3.206717790180146,6.300382186781335
0.149,7,prcus-a,-1.3999149010138425,6.300382186781335
0.149,7,ifrms,-2.7404857410678365,6.300382186781335
0.149,7,sspls-v,0.4580350297642736,6.300382186781335
0.149,8,mcgs,-0.0,5.627658448741284
0.149,8,pos,-0.163843134798128,5.627658448741284
0.149,8,sbps,-0.0387435974760805,5.627658448741284
0.149,8,prculs-d,-0.12427292587365672,5.627658448741284
0.149,8,prcus-p,-1.7268373395488263,5.627658448741284
0.149,8,prcus-i,-2.689554021168428,5.627658448741284
0.149,8,prcus-a,-1.4597259549689765,5.627658448741284
0.149,8,ifrms,-2.1892012829008967,5.627658448741284
0.149,8,sspls-v,0.3295595594748949,5.627658448741284
0.149,9,mcgs,-0.7773174388098918,5.977880465523769
0.149,9,pos,0.4760083830541781,5.977880465523769
0.149,9,sbps,0.18972468128252748,5.977880465523769
0.149,9,prculs-d,-1.08999260799767,5.977880465523769
0.149,9,prcus-p,-2.0969967523872253,5.977880465523769
0.149,9,prcus-i,-2.7679726259159345,5.977880465523769
0.149,9,prcus-a,-0.8020655790779679,5.977880465523769
0.149,9,ifrms,-2.7102624471186623,5.977880465523769
0.149,9,sspls-v,0.09907142826984212,5.977880465523769
0.149,10,mcgs,-0.7594068328170595,5.8789051667272885
0.149,10,pos,-0.0,5.8789051667272885
0.149,10,sbps,0.0,5.8789051667272885
0.149,10,prculs-d,-0.6501129679831076,5.8789051667272885
0.149,10,prcus-p,-1.957451784521277,5.8789051667272885
0.149,10,prcus-i,-3.2435292068500012,5.8789051667272885
0.149,10,prcus-a,-1.368453714339401,5.8789051667272885
0.149,10,ifrms,-3.0628888645719328,5.8789051667272885
0.149,10,sspls-v,0.0,5.8789051667272885
0.149,11,mcgs,-0.5229147133375465,6.200670271045352
0.149,11,pos,0.02380710008399016,6.200670271045352
0.149,11,sbps,-0.0,6.200670271045352
0.149,11,prculs-d,-1.3650935070198695,6.200670271045352
0.149,11,prcus-p,-1.5009286524802883,6.200670271045352
0.149,11,prcus-i,-2.4634999978837326,6.200670271045352
0.149,11,prcus-a,-0.9386791888753365,6.200670271045352
0.149,11,ifrms,-2.6160141165714164,6.200670271045352
0.149,11,sspls-v,0.09597211889438084,6.200670271045352
0.149,12,mcgs,-0.5792466023389043,6.06691602754604
0.149,12,pos,-0.0,6.06691602754604
0.149,12,sbps,-0.0,6.06691602754604
0.149,12,prculs-d,-1.393071343880785,6.06691602754604
0.149,12,prcus-p,-1.4779171240820674,6.06691602754604
0.149,12,prcus-i,-3.2387562172327162,6.06691602754604
0.149,12,prcus-a,-0.923419903046677,6.06691602754604
0.149,12,ifrms,-3.204623548729786,6.06691602754604
0.149,12,sspls-v,0.027669010803096052,6.06691602754604
0.149,13,mcgs,-0.38897196213962953,6.070598324494257
0.149,13,pos,-0.029581267119356363,6.070598324494257
0.149,13,sbps,-0.49908304042129153,6.070598324494257
0.149,13,prculs-d,-1.5683497338570478,6.070598324494257
0.149,13,prcus-p,-1.5599464224216648,6.070598324494257
0.149,13,prcus-i,-2.863776407133825,6.070598324494257
0.149,13,prcus-a,-1.2077572566735086,6.070598324494257
0.149,13,ifrms,-2.41871848702477,6.070598324494257
0.149,13,sspls-v,0.6327955984985493,6.070598324494257
0.149,14,mcgs,-0.641183938144827,6.511090284089676
0.149,14,pos,0.0,6.511090284089676
0.149,14,sbps,-0.0,6.511090284089676
0.149,14,prculs-d,-1.4177226052055112,6.511090284089676
0.149,14,prcus-p,-1.992475180429797,6.511090284089676
0.149,14,prcus-i,-3.1304676924041184,6.511090284089676
0.149,14,prcus-a,-1.3413822653536713,6.511090284089676
0.149,14,ifrms,-2.6865175284662826,6.511090284089676
0.149,14,sspls-v,0.43214779469169995,6.511090284089676
0.149,15,mcgs,-0.795557903163384,6.282882469091761
0.149,15,pos,0.0,6.282882469091761
0.149,15,sbps,-0.0,6.282882469091761
0.149,15,prculs-d,-1.3935416663281517,6.282882469091761
0.149,15,prcus-p,-2.0335379672119793,6.282882469091761
0.149,15,prcus-i,-3.1466932730015573,6.282882469091761
0.149,15,prcus-a,-1.3938183516910807,6.282882469091761
0.149,15,ifrms,-2.662888899755748,6.282882469091761
0.149,15,sspls-v,0.3152625574466265,6.282882469091761
0.149,16,mcgs,-0.5696934996905865,6.23125735538182
0.149,16,pos,-0.0,6.23125735538182
0.149,16,sbps,-0.0,6.23125735538182
0.149,16,prculs-d,-1.430187188277339,6.23125735538182
0.149,16,prcus-p,-2.1601293546589244,6.23125735538182
0.149,16,prcus-i,-3.218196915622363,6.23125735538182
0.149,16,prcus-a,-1.4192655842733481,6.23125735538182
0.149,16,ifrms,-2.710436316889405,6.23125735538182
0.149,16,sspls-v,0.29471203948448277,6.23125735538182
0.149,17,mcgs,-0.49774656044591875,5.951074383253008
0.149,17,pos,-1.0513212941877736,5.951074383253008
0.149,17,sbps,0.7581174448139335,5.951074383253008
0.149,17,prculs-d,-0.6845760538669539,5.951074383253008
0.149,17,prcus-p,-2.4735166125537247,5.951074383253008
0.149,17,prcus-i,-1.8148952794301672,5.951074383253008
0.149,17,prcus-a,-1.2060248603852686,5.951074383253008
0.149,17,ifrms,-2.3900725561682328,5.951074383253008
0.149,17,sspls-v,0.0,5.951074383253008
0.149,18,mcgs,-0.9049692703095681,6.295295518885173
0.149,18,pos,0.09336575277281757,6.295295518885173
0.149,18,sbps,-0.0,6.295295518885173
0.149,18,prculs-d,-1.3759754236007238,6.295295518885173
0.149,18,prcus-p,-2.3051755543237302,6.295295518885173
0.149,18,prcus-i,-3.037193024054492,6.295295518885173
0.149,18,prcus-a,-1.5689083678433173,6.295295518885173
0.149,18,ifrms,-2.9034081524662687,6.295295518885173
0.149,18,sspls-v,0.1971167027394526,6.295295518885173
0.149,19,mcgs,-0.680193546941129,6.450082656784404
0.149,19,pos,0.0,6.450082656784404
0.149,19,sbps,-0.0,6.450082656784404
0.149,19,prculs-d,-1.4480297386132213,6.450082656784404
0.149,19,prcus-p,-2.1163379805985922,6.450082656784404
0.149,19,prcus-i,-3.036919406614735,6.450082656784404
0.149,19,prcus-a,-1.4280163007526538,6.450082656784404
0.149,19,ifrms,-2.628864800619612,6.450082656784404
0.149,19,sspls-v,0.44692730203289255,6.450082656784404
0.149,20,mcgs,-0.8924041147768406,6.26500143147082
0.149,20,pos,-0.0,6.26500143147082
0.149,20,sbps,-0.0,6.26500143147082
0.149,20,prculs-d,-1.5404698027890078,6.26500143147082
0.149,20,prcus-p,-2.0241014653125466,6.26500143147082
0.149,20,prcus-i,-3.1907074873848904,6.26500143147082
0.149,20,prcus-a,-1.0529680268122874,6.26500143147082
0.149,20,ifrms,-2.822366437842918,6.26500143147082
0.149,20,sspls-v,0.2751363697680631,6.26500143147082
0.149,21,mcgs,-0.5874609434830874,6.381292782927681
0.149,21,pos,-0.0,6.381292782927681
0.149,21,sbps,0.0,6.381292782927681
0.149,21,prculs-d,-1.59705390989151,6.381292782927681
0.149,21,prcus-p,-2.268631623590304,6.381292782927681
0.149,21,prcus-i,-3.060606917812004,6.381292782927681
0.149,21,prcus-a,-1.2806413863618953,6.381292782927681
0.149,21,ifrms,-2.54079535644488,6.381292782927681
0.149,21,sspls-v,0.5080091410724173,6.381292782927681
0.149,22,mcgs,-0.23550925187000957,6.349429915430924
0.149,22,pos,0.0,6.349429915430924
0.149,22,sbps,-0.0,6.349429915430924
0.149,22,prculs-d,-1.4780015601025305,6.349429915430924
0.149,22,prcus-p,-1.6351472298804166,6.349429915430924
0.149,22,prcus-i,-2.8399870995119567,6.349429915430924
0.149,22,prcus-a,-1.195542109317419,6.349429915430924
0.149,22,ifrms,-2.7648726776736057,6.349429915430924
0.149,22,sspls-v,0.3809561793948876,6.349429915430924
0.149,23,mcgs,-0.6242133212369271,5.652070452683872
0.149,23,pos,0.13642791354775965,5.652070452683872
0.149,23,sbps,-0.009429660781180498,5.652070452683872
0.149,23,prculs-d,-1.3108438570972771,5.652070452683872
0.149,23,prcus-p,-2.8693865274919412,5.652070452683872
0.149,23,prcus-i,-3.0593931277208877,5.652070452683872
0.149,23,prcus-a,-1.805114942338393,5.652070452683872
0.149,23,ifrms,-2.7052934161394875,5.652070452683872
0.149,23,sspls-v,1.37712161204059,5.652070452683872
0.149,24,mcgs,-0.59404290169147,6.0409241418335045
0.149,24,pos,0.45995975138528533,6.0409241418335045
0.149,24,sbps,-0.27223525372207347,6.0409241418335045
0.149,24,prculs-d,-1.3883581361651256,6.0409241418335045
0.149,24,prcus-p,-1.9984797473262848,6.0409241418335045
0.149,24,prcus-i,-3.0914159374680503,6.0409241418335045
0.149,24,prcus-a,-1.0854054589062776,6.0409241418335045
0.149,24,ifrms,-2.839530229911093,6.0409241418335045
0.149,24,sspls-v,0.27161708577092153,6.0409241418335045
0.149,25,mcgs,-0.14436546183220683,6.031398410794188
0.149,25,pos,-0.3724884440671709,6.031398410794188
0.149,25,sbps,-0.3936682705739985,6.031398410794188
0.149,25,prculs-d,-1.4808728375450595,6.031398410794188
0.149,25,prcus-p,-1.4399203781014565,6.031398410794188
0.149,25,prcus-i,-3.4056127797160034,6.031398410794188
0.149,25,prcus-a,-1.939375555813305,6.031398410794188
0.149,25,ifrms,-2.9871960291269075,6.031398410794188
0.149,25,sspls-v,0.4301523832672216,6.031398410794188
0.149,26,mcgs,-0.6930682033500154,6.379218192500509
0.149,26,pos,-0.0,6.379218192500509
0.149,26,sbps,-0.0,6.379218192500509
0.149,26,prculs-d,-1.5877911594236271,6.379218192500509
0.149,26,prcus-p,-1.930051433208009,6.379218192500509
0.149,26,prcus-i,-3.1729864029828216,6.379218192500509
0.149,26,prcus-a,-1.3905369994371852,6.379218192500509
0.149,26,ifrms,-2.944852619907872,6.379218192500509
0.149,26,sspls-v,0.4515356127498989,6.379218192500509
0.149,27,mcgs,-1.035071006652434,5.924264681319536
0.149,27,pos,-0.02181276926703244,5.924264681319536
0.149,27,sbps,-0.20952498470817968,5.924264681319536
0.149,27,prculs-d,-1.8607277280819021,5.924264681319536
0.149,27,prcus-p,-1.8308185676564677,5.924264681319536
0.149,27,prcus-i,-3.1272912679518607,5.924264681319536
0.149,27,prcus-a,-0.1833417782384934,5.924264681319536
0.149,27,ifrms,-2.583585962141418,5.924264681319536
0.149,27,sspls-v,0.6623768821941776,5.924264681319536
0.16,0,mcgs,-0.5671857084059654,6.283811918124077
0.16,0,pos,-0.0,6.283811918124077
0.16,0,sbps,-0.0,6.283811918124077
0.16,0,prculs-d,-1.463629252245158,6.283811918124077
0.16,0,prcus-p,-2.081445062691107,6.283811918124077
0.16,0,prcus-i,-3.14264030202999,6.283811918124077
0.16,0,prcus-a,-1.3833069479852451,6.283811918124077
0.16,0,ifrms,-2.7470893057965324,6.283811918124077
0.16,0,sspls-v,0.38802655027466504,6.283811918124077
0.16,1,mcgs,-0.41549515865918535,5.941988271346812
0.16,1,pos,-0.05277339234359418,5.941988271346812
0.16,1,sbps,-0.8468725224601182,5.941988271346812
0.16,1,prculs-d,-1.927979785006565,5.941988271346812
0.16,1,prcus-p,-1.6053029941720567,5.941988271346812
0.16,1,prcus-i,-2.5408353062775952,5.941988271346812
0.16,1,prcus-a,-0.8579994223653894,5.941988271346812
0.16,1,ifrms,-2.3816928817976737,5.941988271346812
0.16,1,sspls-v,0.2495554009835516,5.941988271346812
0.16,2,mcgs,-1.0279920887910046,6.253525089949769
0.16,2,pos,-0.0,6.253525089949769
0.16,2,sbps,0.005824229283124308,6.253525089949769
0.16,2,prculs-d,-1.4711950968498764,6.253525089949769
0.16,2,prcus-p,-1.9868787152321399,6.253525089949769
0.16,2,prcus-i,-3.397785007417612,6.253525089949769
0.16,2,prcus-a,-1.4476044419460468,6.253525089949769
0.16,2,ifrms,-2.952293350521745,6.253525089949769
0.16,2,sspls-v,0.6679095488556106,6.253525089949769
0.16,3,mcgs,-0.5741288961139136,6.39297943656025
0.16,3,pos,0.0,6.39297943656025
0.16,3,sbps,-0.0,6.39297943656025
0.16,3,prculs-d,-1.4129385846938938,6.39297943656025
0.16,3,prcus-p,-1.932727484588573,6.39297943656025
0.16,3,prcus-i,-3.105435353095528,6.39297943656025
0.16,3,prcus-a,-1.3193579887039526,6.39297943656025
0.16,3,ifrms,-2.493047701811921,6.39297943656025
0.16,3,sspls-v,0.3879638059201836,6.39297943656025
0.16,4,mcgs,-0.8592809657413006,5.897976005196967
0.16,4,pos,0.1643239483653334,5.897976005196967
0.16,4,sbps,0.0,5.897976005196967
0.16,4,prculs-d,-1.867476616095246,5.897976005196967
0.16,4,prcus-p,-2.412077735661056,5.897976005196967
0.16,4,prcus-i,-4.018602289902232,5.897976005196967
0.16,4,prcus-a,-2.0919581846563133,5.897976005196967
0.16,4,ifrms,-2.63214801632049,5.897976005196967
0.16,4,sspls-v,0.584527905634773,5.897976005196967
0.16,5,mcgs,0.0,5.570305954148132
0.16,5,pos,0.0,5.570305954148132
0.16,5,sbps,-0.0,5.570305954148132
0.16,5,prculs-d,-1.697729821176625,5.570305954148132
0.16,5,prcus-p,-1.9818999598779972,5.570305954148132
0.16,5,prcus-i,-2.9826218036381333,5.570305954148132
0.16,5,prcus-a,-1.5781532874337012,5.570305954148132
0.16,5,ifrms,-2.127960116515322,5.570305954148132
0.16,5,sspls-v,0.0,5.570305954148132
0.16,6,mcgs,-0.28605162321793515,6.1623030491549216
0.16,6,pos,0.0,6.1623030491549216
0.16,6,sbps,0.0,6.1623030491549216
0.16,6,prculs-d,-1.5740700929382372,6.1623030491549216
0.16,6,prcus-p,-1.559374207693536,6.1623030491549216
0.16,6,prcus-i,-3.0627531872256877,6.1623030491549216
0.16,6,prcus-a,-1.033738421307864,6.1623030491549216
0.16,6,ifrms,-2.812555985728665,6.1623030491549216
0.16,6,sspls-v,0.6995043311899618,6.1623030491549216
0.16,7,mcgs,-0.5071895489806207,6.277153951607756
0.16,7,pos,-0.0,6.277153951607756
0.16,7,sbps,-0.0,6.277153951607756
0.16,7,prculs-d,-1.440053248829332,6.277153951607756
0.16,7,prcus-p,-2.034632343730238,6.277153951607756
0.16,7,prcus-i,-3.121958155354708,6.277153951607756
0.16,7,prcus-a,-1.3306705386362887,6.277153951607756
0.16,7,ifrms,-2.7088223207723217,6.277153951607756
0.16,7,sspls-v,0.4223208730673632,6.277153951607756
0.16,8,mcgs,-0.0,5.596924719978028
0.16,8,pos,-0.15118873571511482,5.596924719978028
0.16,8,sbps,-0.03406870867635139,5.596924719978028
0.16,8,prculs-d,-0.09684219611494341,5.596924719978028
0.16,8,prcus-p,-1.6833172123014724,5.596924719978028
0.16,8,prcus-i,-2.625444917497446,5.596924719978028
0.16,8,prcus-a,-1.3996056248516073,5.596924719978028
0.16,8,ifrms,-2.172907016536117,5.596924719978028
0.16,8,sspls-v,0.2940594511775385,5.596924719978028
0.16,9,mcgs,-0.7199079731809415,5.944619464745858
0.16,9,pos,0.4566737050410274,5.944619464745858
0.16,9,sbps,0.15977183869947675,5.944619464745858
0.16,9,prculs-d,-1.0595597743531158,5.944619464745858
0.16,9,prcus-p,-2.004562417707761,5.944619464745858
0.16,9,prcus-i,-2.67993414785126,5.944619464745858
0.16,9,prcus-a,-0.7309544032314101,5.944619464745858
0.16,9,ifrms,-2.6721879362308485,5.944619464745858
0.16,9,sspls-v,0.06584302902114046,5.944619464745858
0.16,10,mcgs,-0.707872176846455,5.832800987560597
0.16,10,pos,-0.0,5.832800987560597
0.16,10,sbps,0.0,5.832800987560597
0.16,10,prculs-d,-0.6342696837613157,5.832800987560597
0.16,10,prcus-p,-1.8972447365926617,5.832800987560597
0.16,10,prcus-i,-3.1768346330750776,5.832800987560597
0.16,10,prcus-a,-1.3086986406507028,5.832800987560597
0.16,10,ifrms,-3.0322880268158556,5.832800987560597
0.16,10,sspls-v,0.0,5.832800987560597
0.16,11,mcgs,-0.4670737763326117,6.156342697698767
0.16,11,pos,0.012827948491496596,6.156342697698767
0.16,11,sbps,-0.0,6.156342697698767
0.16,11,prculs-d,-1.3297258803650944,6.156342697698767
0.16,11,prcus-p,-1.4097750344159423,6.156342697698767
0.16,11,prcus-i,-2.3609338594160065,6.156342697698767
0.16,11,prcus-a,-0.8555747177178764,6.156342697698767
0.16,11,ifrms,-2.5764589764191324,6.156342697698767
0.16,11,sspls-v,0.050587983258235256,6.156342697698767
0.16,12,mcgs,-0.5299518247728996,6.0230672310292155
0.16,12,pos,-0.0,6.0230672310292155
0.16,12,sbps,-0.0,6.0230672310292155
0.16,12,prculs-d,-1.364504455603574,6.0230672310292155
0.16,12,prcus-p,-1.4047340437747706,6.0230672310292155
0.16,12,prcus-i,-3.166590719543171,6.0230672310292155
0.16,12,prcus-a,-0.8605066048484115,6.0230672310292155
0.16,12,ifrms,-3.180700340925823,6.0230672310292155
0.16,12,sspls-v,0.0,6.0230672310292155
0.16,13,mcgs,-0.33852058971338606,6.054448347740409
0.16,13,pos,-0.022818902144707845,6.054448347740409
0.16,13,sbps,-0.4977285001431198,6.054448347740409
0.16,13,prculs-d,-1.5377992162444836,6.054448347740409
0.16,13,prcus-p,-1.486756871638625,6.054448347740409
0.16,13,prcus-i,-2.7792323200124898,6.054448347740409
0.16,13,prcus-a,-1.138066821772723,6.054448347740409
0.16,13,ifrms,-2.38821029568058,6.054448347740409
0.16,13,sspls-v,0.5985963631299595,6.054448347740409
0.16,14,mcgs,-0.5913432811365079,6.478217843330314
0.16,14,pos,0.0,6.478217843330314
0.16,14,sbps,-0.0,6.478217843330314
0.16,14,prculs-d,-1.3862491284115226,6.478217843330314
0.16,14,prcus-p,-1.9265127865063463,6.478217843330314
0.16,14,prcus-i,-3.0482451021278196,6.478217843330314
0.16,14,prcus-a,-1.2756158337583714,6.478217843330314
0.16,14,ifrms,-2.6562776941453183,6.478217843330314
0.16,14,sspls-v,0.39897837262022356,6.478217843330314
0.16,15,mcgs,-0.752277693977949,6.2620548070646755
0.16,15,pos,0.0,6.2620548070646755
0.16,15,sbps,-0.0,6.2620548070646755
0.16,15,prculs-d,-1.3619784286846597,6.2620548070646755
0.16,15,prcus-p,-1.9644140840769306,6.2620548070646755
0.16,15,prcus-i,-3.064540708234243,6.2620548070646755
0.16,15,prcus-a,-1.327714043816464,6.2620548070646755
0.16,15,ifrms,-2.6328748974781995,6.2620548070646755
0.16,15,sspls-v,0.28043770069747403,6.2620548070646755
0.16,16,mcgs,-0.5200896839608927,6.206731011786923
0.16,16,pos,-0.0,6.206731011786923
0.16,16,sbps,-0.0,6.206731011786923
0.16,16,prculs-d,-1.398675211504638,6.206731011786923
0.16,16,prcus-p,-2.089392190973359,6.206731011786923
0.16,16,prcus-i,-3.1354247541540756,6.206731011786923
0.16,16,prcus-a,-1.3511681219567515,6.206731011786923
0.16,16,ifrms,-2.678414286587949,6.206731011786923
0.16,16,sspls-v,0.26194631668947077,6.206731011786923
0.16,17,mcgs,-0.44596401839340327,5.918992075932814
0.16,17,pos,-1.0474028183587945,5.918992075932814
0.16,17,sbps,0.7289227984318967,5.918992075932814
0.16,17,prculs-d,-0.6711004864367366,5.918992075932814
0.16,17,prcus-p,-2.3949009598228823,5.918992075932814
0.16,17,prcus-i,-1.7512796461890925,5.918992075932814
0.16,17,prcus-a,-1.1415467797161025,5.918992075932814
0.16,17,ifrms,-2.360747685748952,5.918992075932814
0.16,17,sspls-v,0.0,5.918992075932814
0.16,18,mcgs,-0.8381997371355157,6.269581816513381
0.16,18,pos,0.06714686243325935,6.269581816513381
0.16,18,sbps,-0.0,6.269581816513381
0.16,18,prculs-d,-1.3439804119217615,6.269581816513381
0.16,18,prcus-p,-2.2241415822997777,6.269581816513381
0.16,18,prcus-i,-2.9590857282525356,6.269581816513381
0.16,18,prcus-a,-1.4972217870584181,6.269581816513381
0.16,18,ifrms,-2.859121918524252,6.269581816513381
0.16,18,sspls-v,0.17484337101269887,6.269581816513381
0.16,19,mcgs,-0.6244313588966822,6.430993112644823
0.16,19,pos,0.0,6.430993112644823
0.16,19,sbps,-0.0,6.430993112644823
0.16,19,prculs-d,-1.4165919563548979,6.430993112644823
0.16,19,prcus-p,-2.0408969465418556,6.430993112644823
0.16,19,prcus-i,-2.9587644860889206,6.430993112644823
0.16,19,prcus-a,-1.3554966101157249,6.430993112644823
0.16,19,ifrms,-2.5901751662132804,6.430993112644823
0.16,19,sspls-v,0.41001261310926473,6.430993112644823
0.16,20,mcgs,-0.8427087903071703,6.232293804438758
0.16,20,pos,-0.0,6.232293804438758
0.16,20,sbps,-0.0,6.232293804438758
0.16,20,prculs-d,-1.5091590895104334,6.232293804438758
0.16,20,prcus-p,-1.950236518851216,6.232293804438758
0.16,20,prcus-i,-3.1076682192102947,6.232293804438758
0.16,20,prcus-a,-0.9860773500771799,6.232293804438758
0.16,20,ifrms,-2.790572753669241,6.232293804438758
0.16,20,sspls-v,0.24058158274848143,6.232293804438758
0.16,21,mcgs,-0.537569456086837,6.353761868745967
0.16,21,pos,-0.0,6.353761868745967
0.16,21,sbps,0.0,6.353761868745967
0.16,21,prculs-d,-1.5665154545772395,6.353761868745967
0.16,21,prcus-p,-2.2007056373775833,6.353761868745967
0.16,21,prcus-i,-2.9787233566805966,6.353761868745967
0.16,21,prcus-a,-1.2136813479116118,6.353761868745967
0.16,21,ifrms,-2.5094030346560823,6.353761868745967
0.16,21,sspls-v,0.473254326432664,6.353761868745967
0.16,22,mcgs,-0.16172111418244126,6.296980759557239
0.16,22,pos,0.0,6.296980759557239
0.16,22,sbps,-0.0,6.296980759557239
0.16,22,prculs-d,-1.451065262002272,6.296980759557239
0.16,22,prcus-p,-1.529465863791595,6.296980759557239
0.16,22,prcus-i,-2.738243977129582,6.296980759557239
0.16,22,prcus-a,-1.113080843249752,6.296980759557239
0.16,22,ifrms,-2.742845163914339,6.296980759557239
0.16,22,sspls-v,0.343087154300991,6.296980759557239
0.16,23,mcgs,-0.5684483949763235,5.638478870532668
0.16,23,pos,0.11712486829587902,5.638478870532668
0.16,23,sbps,-0.00842789055468447,5.638478870532668
0.16,23,prculs-d,-1.2779558310447787,5.638478870532668
0.16,23,prcus-p,-2.790952084767294,5.638478870532668
0.16,23,prcus-i,-2.9778613692847435,5.638478870532668
0.16,23,prcus-a,-1.7356917610334461,5.638478870532668
0.16,23,ifrms,-2.6688000777903107,5.638478870532668
0.16,23,sspls-v,1.3412624820129522,5.638478870532668
0.16,24,mcgs,-0.5393805689852507,6.013460306917481
0.16,24,pos,0.4430864900975958,6.013460306917481
0.16,24,sbps,-0.2714329279401574,6.013460306917481
0.16,24,prculs-d,-1.354143225484582,6.013460306917481
0.16,24,prcus-p,-1.9256182931882428,6.013460306917481
0.16,24,prcus-i,-3.007557641720349,6.013460306917481
0.16,24,prcus-a,-1.0196315519783614,6.013460306917481
0.16,24,ifrms,-2.8028618214717116,6.013460306917481
0.16,24,sspls-v,0.23838061027213933,6.013460306917481
0.16,25,mcgs,-0.09616524306786699,6.004716568672301
0.16,25,pos,-0.36380734436924117,6.004716568672301
0.16,25,sbps,-0.3886866479742779,6.004716568672301
0.16,25,prculs-d,-1.4497180081990237,6.004716568672301
0.16,25,prcus-p,-1.3710401690930094,6.004716568672301
0.16,25,prcus-i,-3.3211306838856687,6.004716568672301
0.16,25,prcus-a,-1.870330707101742,6.004716568672301
0.16,25,ifrms,-2.956667817885747,6.004716568672301
0.16,25,sspls-v,0.394346866719381,6.004716568672301
0.16,26,mcgs,-0.6412903488496977,6.355639594103007
0.16,26,pos,-0.0,6.355639594103007
0.16,26,sbps,-0.0,6.355639594103007
0.16,26,prculs-d,-1.5558114130966305,6.355639594103007
0.16,26,prcus-p,-1.858723944246437,6.355639594103007
0.16,26,prcus-i,-3.0900386567252878,6.355639594103007
0.16,26,prcus-a,-1.3220674732651774,6.355639594103007
0.16,26,ifrms,-2.9108827923994447,6.355639594103007
0.16,26,sspls-v,0.41636489714219344,6.355639594103007
0.16,27,mcgs,-0.9867072763813959,5.922441549337172
0.16,27,pos,-0.01481905918265506,5.922441549337172
0.16,27,sbps,-0.205951372435208,5.922441549337172
0.16,27,prculs-d,-1.8302763879055226,5.922441549337172
0.16,27,prcus-p,-1.7604765627041188,5.922441549337172
0.16,27,prcus-i,-3.04814036641885,5.922441549337172
0.16,27,prcus-a,-0.12444771491035284,5.922441549337172
0.16,27,ifrms,-2.55420317528798,5.922441549337172
0.16,27,sspls-v,0.6275634664459102,5.922441549337172
0.171,0,mcgs,-0.5171247030851537,6.259939969069507
0.171,0,pos,-0.0,6.259939969069507
0.171,0,sbps,-0.0,6.259939969069507
0.171,0,prculs-d,-1.4293075618843911,6.259939969069507
0.171,0,prcus-p,-2.0042866285243717,6.259939969069507
0.171,0,prcus-i,-3.054170492793127,6.259939969069507
0.171,0,prcus-a,-1.3109647560932545,6.259939969069507
0.171,0,ifrms,-2.7142748341670386,6.259939969069507
0.171,0,sspls-v,0.3535230366738261,6.259939969069507
0.171,1,mcgs,-0.36522661153783964,5.90705227832549
0.171,1,pos,-0.04596557974278617,5.90705227832549
0.171,1,sbps,-0.8466190628119414,5.90705227832549
0.171,1,prculs-d,-1.9006672479849096,5.90705227832549
0.171,1,prcus-p,-1.5324450816436785,5.90705227832549
0.171,1,prcus-i,-2.457603908458114,5.90705227832549
0.171,1,prcus-a,-0.7872621723180258,5.90705227832549
0.171,1,ifrms,-2.3508396972791954,5.90705227832549
0.171,1,sspls-v,0.21432302603821562,5.90705227832549
0.171,2,mcgs,-0.9737023758098432,6.230569522334966
0.171,2,pos,-0.0,6.230569522334966
0.171,2,sbps,0.0,6.230569522334966
0.171,2,prculs-d,-1.4395264799574943,6.230569522334966
0.171,2,prcus-p,-1.9143713028827416,6.230569522334966
0.171,2,prcus-i,-3.308432829648191,6.230569522334966
0.171,2,prcus-a,-1.3763205246150316,6.230569522334966
0.171,2,ifrms,-2.9162588444824546,6.230569522334966
0.171,2,sspls-v,0.6297410086496459,6.230569522334966
0.171,3,mcgs,-0.5200175148092453,6.365438952200554
0.171,3,pos,0.0,6.365438952200554
0.171,3,sbps,-0.0,6.365438952200554
0.171,3,prculs-d,-1.3768971194652062,6.365438952200554
0.171,3,prcus-p,-1.8495656303517543,6.365438952200554
0.171,3,prcus-i,-3.007697811625325,6.365438952200554
0.171,3,prcus-a,-1.2401615201978964,6.365438952200554
0.171,3,ifrms,-2.4516721687477268,6.365438952200554
0.171,3,sspls-v,0.34616718711975025,6.365438952200554
0.171,4,mcgs,-0.7927221204236918,5.9130822623437895
0.171,4,pos,0.1353833254060578,5.9130822623437895
0.171,4,sbps,0.0,5.9130822623437895
0.171,4,prculs-d,-1.8147280371827736,5.9130822623437895
0.171,4,prcus-p,-2.3241397553204886,5.9130822623437895
0.171,4,prcus-i,-3.8994063662634835,5.9130822623437895
0.171,4,prcus-a,-1.9977009205239173,5.9130822623437895
0.171,4,ifrms,-2.5965255520560095,5.9130822623437895
0.171,4,sspls-v,0.5442722691506682,5.9130822623437895
0.171,5,mcgs,0.0,5.552639347025087
0.171,5,pos,0.0,5.552639347025087
0.171,5,sbps,-0.0,5.552639347025087
0.171,5,prculs-d,-1.6787690352640279,5.552639347025087
0.171,5,prcus-p,-1.9490618426793989,5.552639347025087
0.171,5,prcus-i,-2.932875393224638,5.552639347025087
0.171,5,prcus-a,-1.525701096951086,5.552639347025087
0.171,5,ifrms,-2.1139164691648675,5.552639347025087
0.171,5,sspls-v,0.0,5.552639347025087
0.171,6,mcgs,-0.23171620554906783,6.118726812912754
0.171,6,pos,0.0,6.118726812912754
0.171,6,sbps,0.0,6.118726812912754
0.171,6,prculs-d,-1.5444495109270349,6.118726812912754
0.171,6,prcus-p,-1.4832993672239376,6.118726812912754
0.171,6,prcus-i,-2.9790038896289452,6.118726812912754
0.171,6,prcus-a,-0.9623806939648754,6.118726812912754
0.171,6,ifrms,-2.7813959547321145,6.118726812912754
0.171,6,sspls-v,0.6723569633985481,6.118726812912754
0.171,7,mcgs,-0.45887093443440613,6.252928695836665
0.171,7,pos,-0.0,6.252928695836665
0.171,7,sbps,-0.0,6.252928695836665
0.171,7,prculs-d,-1.4078854356791026,6.252928695836665
0.171,7,prcus-p,-1.9621563735982692,6.252928695836665
0.171,7,prcus-i,-3.037417652462173,6.252928695836665
0.171,7,prcus-a,-1.2615705491346612,6.252928695836665
0.171,7,ifrms,-2.6772159583237043,6.252928695836665
0.171,7,sspls-v,0.38666499905986396,6.252928695836665
0.171,8,mcgs,-0.0,5.566504809515261
0.171,8,pos,-0.13853434751595603,5.566504809515261
0.171,8,sbps,-0.02939389624739016,5.566504809515261
0.171,8,prculs-d,-0.06941140519291966,5.566504809515261
0.171,8,prcus-p,-1.6397969324916595,5.566504809515261
0.171,8,prcus-i,-2.561335676248944,5.566504809515261
0.171,8,prcus-a,-1.3394851872311366,5.566504809515261
0.171,8,ifrms,-2.156612741313234,5.566504809515261
0.171,8,sspls-v,0.25855929053206334,5.566504809515261
0.171,9,mcgs,-0.6625068190319048,5.908368361063034
0.171,9,pos,0.4373408799170286,5.908368361063034
0.171,9,sbps,0.12982349311696598,5.908368361063034
0.171,9,prculs-d,-1.0291295048033777,5.908368361063034
0.171,9,prcus-p,-1.91213913647299,5.908368361063034
0.171,9,prcus-i,-2.5919048174856245,5.908368361063034
0.171,9,prcus-a,-0.6598493182498268,5.908368361063034
0.171,9,ifrms,-2.6341164870199996,5.908368361063034
0.171,9,sspls-v,0.03261649481290277,5.908368361063034
0.171,10,mcgs,-0.6561400855424611,5.791734688329513
0.171,10,pos,-0.0,5.791734688329513
0.171,10,sbps,0.0,5.791734688329513
0.171,10,prculs-d,-0.6183934611911498,5.791734688329513
0.171,10,prcus-p,-1.8368511915647738,5.791734688329513
0.171,10,prcus-i,-3.1099578660586924,5.791734688329513
0.171,10,prcus-a,-1.2488155223167605,5.791734688329513
0.171,10,ifrms,-3.0016260430491286,5.791734688329513
0.171,10,sspls-v,0.0,5.791734688329513
0.171,11,mcgs,-0.41111918502232253,6.111622018267908
0.171,11,pos,0.0018535141941149957,6.111622018267908
0.171,11,sbps,-0.0,6.111622018267908
0.171,11,prculs-d,-1.2943101730592572,6.111622018267908
0.171,11,prcus-p,-1.3184495137506351,6.111622018267908
0.171,11,prcus-i,-2.2581982033332415,6.111622018267908
0.171,11,prcus-a,-0.7723475637881589,6.111622018267908
0.171,11,ifrms,-2.5368640737356656,6.111622018267908
0.171,11,sspls-v,0.005146648789746145,6.111622018267908
0.171,12,mcgs,-0.48087723193980014,5.9756243654771675
0.171,12,pos,-0.0,5.9756243654771675
0.171,12,sbps,-0.0,5.9756243654771675
0.171,12,prculs-d,-1.344996136588856,5.9756243654771675
0.171,12,prcus-p,-1.3469110064628884,5.9756243654771675
0.171,12,prcus-i,-3.102630790919155,5.9756243654771675
0.171,12,prcus-a,-0.8068849582026583,5.9756243654771675
0.171,12,ifrms,-3.1524271836328936,5.9756243654771675
0.171,12,sspls-v,0.0,5.9756243654771675
0.171,13,mcgs,-0.28806921728714047,6.035665978681757
0.171,13,pos,-0.01605653717006087,6.035665978681757
0.171,13,sbps,-0.4963739598649506,6.035665978681757
0.171,13,prculs-d,-1.5072486986319207,6.035665978681757
0.171,13,prcus-p,-1.4135673208555843,6.035665978681757
0.171,13,prcus-i,-2.6946882328911546,6.035665978681757
0.171,13,prcus-a,-1.0683763868719391,6.035665978681757
0.171,13,ifrms,-2.3577021043363886,6.035665978681757
0.171,13,sspls-v,0.5643971277613732,6.035665978681757
0.171,14,mcgs,-0.5415025711152646,6.451166461630191
0.171,14,pos,0.0,6.451166461630191
0.171,14,sbps,-0.0,6.451166461630191
0.171,14,prculs-d,-1.3547756271282485,6.451166461630191
0.171,14,prcus-p,-1.8605503422993668,6.451166461630191
0.171,14,prcus-i,-2.966022449117936,6.451166461630191
0.171,14,prcus-a,-1.20984936449281,6.451166461630191
0.171,14,ifrms,-2.6260378412429977,6.451166461630191
0.171,14,sspls-v,0.36580893598382724,6.451166461630191
0.171,15,mcgs,-0.7089970059904099,6.238100232828507
0.171,15,pos,0.0,6.238100232828507
0.171,15,sbps,-0.0,6.238100232828507
0.171,15,prculs-d,-1.330414952586589,6.238100232828507
0.171,15,prcus-p,-1.8952895884063448,6.238100232828507
0.171,15,prcus-i,-2.9823874990197554,6.238100232828507
0.171,15,prcus-a,-1.2616093093288197,6.238100232828507
0.171,15,ifrms,-2.602860742890791,6.238100232828507
0.171,15,sspls-v,0.24561267764837144,6.238100232828507
0.171,16,mcgs,-0.47066692162616425,6.17775155445876
0.171,16,pos,-0.0,6.17775155445876
0.171,16,sbps,-0.0,6.17775155445876
0.171,16,prculs-d,-1.367242819370486,6.17775155445876
0.171,16,prcus-p,-2.0188687158839653,6.17775155445876
0.171,16,prcus-i,-3.052872498370901,6.17775155445876
0.171,16,prcus-a,-1.2832191696119435,6.17775155445876
0.171,16,ifrms,-2.646449568316873,6.17775155445876
0.171,16,sspls-v,0.22923346973903122,6.17775155445876
0.171,17,mcgs,-0.3943337747783273,5.886906637790229
0.171,17,pos,-1.0434479432556085,5.886906637790229
0.171,17,sbps,0.699787521151109,5.886906637790229
0.171,17,prculs-d,-0.6576653630461307,5.886906637790229
0.171,17,prcus-p,-2.316451557829612,5.886906637790229
0.171,17,prcus-i,-1.687809917559845,5.886906637790229
0.171,17,prcus-a,-1.077170452752119,5.886906637790229
0.171,17,ifrms,-2.3314817963422634,5.886906637790229
0.171,17,sspls-v,0.0,5.886906637790229
0.171,18,mcgs,-0.7714325915395611,6.244617615778829
0.171,18,pos,0.04092859901946859,6.244617615778829
0.171,18,sbps,-0.0,6.244617615778829
0.171,18,prculs-d,-1.3119859795789202,6.244617615778829
0.171,18,prcus-p,-2.143109779717536,6.244617615778829
0.171,18,prcus-i,-2.8809803063990214,6.244617615778829
0.171,18,prcus-a,-1.4255367321461598,6.244617615778829
0.171,18,ifrms,-2.8148366826424702,6.244617615778829
0.171,18,sspls-v,0.15257012996732225,6.244617615778829
0.171,19,mcgs,-0.5686444924650585,6.410564866605201
0.171,19,pos,0.0,6.410564866605201
0.171,19,sbps,-0.0,6.410564866605201
0.171,19,prculs-d,-1.385148274901997,6.410564866605201
0.171,19,prcus-p,-1.9654372561051388,6.410564866605201
0.171,19,prcus-i,-2.880594241135255,6.410564866605201
0.171,19,prcus-a,-1.2829665435391466,6.410564866605201
0.171,19,ifrms,-2.5514763258251136,6.410564866605201
0.171,19,sspls-v,0.3730943283496793,6.410564866605201
0.171,20,mcgs,-0.7928223830231163,6.210779607799437
0.171,20,pos,-0.0,6.210779607799437
0.171,20,sbps,-0.0,6.210779607799437
0.171,20,prculs-d,-1.4777712129358702,6.210779607799437
0.171,20,prcus-p,-1.8761781167563345,6.210779607799437
0.171,20,prcus-i,-3.0244281381347906,6.210779607799437
0.171,20,prcus-a,-0.9190703280949492,6.210779607799437
0.171,20,ifrms,-2.7587176338472363,6.210779607799437
0.171,20,sspls-v,0.20598380168765648,6.210779607799437
0.171,21,mcgs,-0.48767799523247424,6.324924317304988
0.171,21,pos,-0.0,6.324924317304988
0.171,21,sbps,0.0,6.324924317304988
0.171,21,prculs-d,-1.535977012318019,6.324924317304988
0.171,21,prcus-p,-2.1327796786582236,6.324924317304988
0.171,21,prcus-i,-2.8968398279968435,6.324924317304988
0.171,21,prcus-a,-1.146721329714296,6.324924317304988
0.171,21,ifrms,-2.4780107220621352,6.324924317304988
0.171,21,sspls-v,0.4384995202807801,6.324924317304988
0.171,22,mcgs,-0.08781156892461814,6.2433773214058
0.171,22,pos,0.0,6.2433773214058
0.171,22,sbps,-0.0,6.2433773214058
0.171,22,prculs-d,-1.4241106449849137,6.2433773214058
0.171,22,prcus-p,-1.4236428340297835,6.2433773214058
0.171,22,prcus-i,-2.6363893102682114,6.2433773214058
0.171,22,prcus-a,-1.030544398118427,6.2433773214058
0.171,22,ifrms,-2.720808668347445,6.2433773214058
0.171,22,sspls-v,0.3051938843741083,6.2433773214058
0.171,23,mcgs,-0.5126834621722465,5.6248758459422055
0.171,23,pos,0.09782182171548859,5.6248758459422055
0.171,23,sbps,-0.0074261237980912925,5.6248758459422055
0.171,23,prculs-d,-1.2450678029819975,5.6248758459422055
0.171,23,prcus-p,-2.712517632985635,5.6248758459422055
0.171,23,prcus-i,-2.896329603656321,5.6248758459422055
0.171,23,prcus-a,-1.666268574527254,5.6248758459422055
0.171,23,ifrms,-2.632306737072897,5.6248758459422055
0.171,23,sspls-v,1.3054033503553462,5.6248758459422055
0.171,24,mcgs,-0.48471823627903016,5.98109145586018
0.171,24,pos,0.4262132288099048,5.98109145586018
0.171,24,sbps,-0.2706306021582423,5.98109145586018
0.171,24,prculs-d,-1.319928314804037,5.98109145586018
0.171,24,prcus-p,-1.8527568390501994,5.98109145586018
0.171,24,prcus-i,-2.923699345972646,5.98109145586018
0.171,24,prcus-a,-0.9538576450504425,5.98109145586018
0.171,24,ifrms,-2.7661934130323336,5.98109145586018
0.171,24,sspls-v,0.2051441347733591,5.98109145586018
0.171,25,mcgs,-0.04798650994342598,5.976341022002128
0.171,25,pos,-0.3551205142022911,5.976341022002128
0.171,25,sbps,-0.38369313475179634,5.976341022002128
0.171,25,prculs-d,-1.4185696034401611,5.976341022002128
0.171,25,prcus-p,-1.3021870468757708,5.976341022002128
0.171,25,prcus-i,-3.23666992840302,5.976341022002128
0.171,25,prcus-a,-1.8012987628249557,5.976341022002128
0.171,25,ifrms,-2.926146984677853,5.976341022002128
0.171,25,sspls-v,0.3585457097270694,5.976341022002128
0.171,26,mcgs,-0.5895122997251298,6.328964684206808
0.171,26,pos,-0.0,6.328964684206808
0.171,26,sbps,-0.0,6.328964684206808
0.171,26,prculs-d,-1.5238315939711844,6.328964684206808
0.171,26,prcus-p,-1.7873962403382218,6.328964684206808
0.171,26,prcus-i,-3.007090691956603,6.328964684206808
0.171,26,prcus-a,-1.253597798378159,6.328964684206808
0.171,26,ifrms,-2.8769129003757836,6.328964684206808
0.171,26,sspls-v,0.38119412639373473,6.328964684206808
0.171,27,mcgs,-0.9382366920411358,5.9172632972966275
0.171,27,pos,-0.007848904831240858,5.9172632972966275
0.171,27,sbps,-0.20243978217096845,5.9172632972966275
0.171,27,prculs-d,-1.7997924896970592,5.9172632972966275
0.171,27,prcus-p,-1.689984851864685,5.9172632972966275
0.171,27,prcus-i,-2.968874714381256,5.9172632972966275
0.171,27,prcus-a,-0.06547907710827568,5.9172632972966275
0.171,27,ifrms,-2.524781569991034,5.9172632972966275
0.171,27,sspls-v,0.5927252412803121,5.9172632972966275
0.182,0,mcgs,-0.46706346356812567,6.2499970971758225
0.182,0,pos,-0.0,6.2499970971758225
0.182,0,sbps,-0.0,6.2499970971758225
0.182,0,prculs-d,-1.3949857536734092,6.2499970971758225
0.182,0,prcus-p,-1.9271278933859775,6.2499970971758225
0.182,0,prcus-i,-2.96570037894602,6.2499970971758225
0.182,0,prcus-a,-1.238622357707567,6.2499970971758225
0.182,0,ifrms,-2.681460287187551,6.2499970971758225
0.182,0,sspls-v,0.31901944614888367,6.2499970971758225
0.182,1,mcgs,-0.3150908567338078,5.869355476281748
0.182,1,pos,-0.03912484743807744,5.869355476281748
0.182,1,sbps,-0.8462790869856519,5.869355476281748
0.182,1,prculs-d,-1.8733818625776197,5.869355476281748
0.182,1,prcus-p,-1.4597694766544975,5.869355476281748
0.182,1,prcus-i,-2.374535545741793,5.869355476281748
0.182,1,prcus-a,-0.7166408292853779,5.869355476281748
0.182,1,ifrms,-2.3200466977742544,5.869355476281748
0.182,1,sspls-v,0.17912597858454746,5.869355476281748
0.182,2,mcgs,-0.9204969023829038,6.20312998522921
0.182,2,pos,-0.0,6.20312998522921
0.182,2,sbps,0.0,6.20312998522921
0.182,2,prculs-d,-1.4071461324775594,6.20312998522921
0.182,2,prcus-p,-1.8455387201302964,6.20312998522921
0.182,2,prcus-i,-3.220348192166473,6.20312998522921
0.182,2,prcus-a,-1.306354826383943,6.20312998522921
0.182,2,ifrms,-2.880756831671428,6.20312998522921
0.182,2,sspls-v,0.5921006223685904,6.20312998522921
0.182,3,mcgs,-0.4659059539056231,6.328675743784517
0.182,3,pos,0.0,6.328675743784517
0.182,3,sbps,-0.0,6.328675743784517
0.182,3,prculs-d,-1.3408555651800806,6.328675743784517
0.182,3,prcus-p,-1.7664035493948205,6.328675743784517
0.182,3,prcus-i,-2.9099600221543493,6.328675743784517
0.182,3,prcus-a,-1.1609648832634378,6.328675743784517
0.182,3,ifrms,-2.4102965553942544,6.328675743784517
0.182,3,sspls-v,0.3043704961005196,6.328675743784517
0.182,4,mcgs,-0.7261639620802195,5.930676160401253
0.182,4,pos,0.1064429039637443,5.930676160401253
0.182,4,sbps,0.0,5.930676160401253
0.182,4,prculs-d,-1.7619799121751785,5.930676160401253
0.182,4,prcus-p,-2.2362025473690026,5.930676160401253
0.182,4,prcus-i,-3.780211459142365,5.930676160401253
0.182,4,prcus-a,-1.9034443365731846,5.930676160401253
0.182,4,ifrms,-2.5609033063143776,5.930676160401253
0.182,4,sspls-v,0.5040168701648828,5.930676160401253
0.182,5,mcgs,0.0,5.535973236417605
0.182,5,pos,0.0,5.535973236417605
0.182,5,sbps,-0.0,5.535973236417605
0.182,5,prculs-d,-1.6598082493514312,5.535973236417605
0.182,5,prcus-p,-1.9162237254807988,5.535973236417605
0.182,5,prcus-i,-2.8831289828111397,5.535973236417605
0.182,5,prcus-a,-1.4732489064684675,5.535973236417605
0.182,5,ifrms,-2.099872821814413,5.535973236417605
0.182,5,sspls-v,0.0,5.535973236417605
0.182,6,mcgs,-0.17738078788020353,6.0816864443494865
0.182,6,pos,0.0,6.0816864443494865
0.182,6,sbps,0.0,6.0816864443494865
0.182,6,prculs-d,-1.5148289289158339,6.0816864443494865
0.182,6,prcus-p,-1.4072245267543377,6.0816864443494865
0.182,6,prcus-i,-2.8952545920322046,6.0816864443494865
0.182,6,prcus-a,-0.8910229666218854,6.0816864443494865
0.182,6,ifrms,-2.7502359237355685,6.0816864443494865
0.182,6,sspls-v,0.645209595607134,6.0816864443494865
0.182,7,mcgs,-0.41055209913732726,6.2290919829990195
0.182,7,pos,-0.0,6.2290919829990195
0.182,7,sbps,-0.0,6.2290919829990195
0.182,7,prculs-d,-1.3757175179097334,6.2290919829990195
0.182,7,prcus-p,-1.8896801402043226,6.2290919829990195
0.182,7,prcus-i,-2.9528768706106905,6.2290919829990195
0.182,7,prcus-a,-1.192470375844314,6.2290919829990195
0.182,7,ifrms,-2.64560952323969,6.2290919829990195
0.182,7,sspls-v,0.35100905085700185,6.2290919829990195
0.182,8,mcgs,-0.0,5.536132596011216
0.182,8,pos,-0.12587999384735882,5.536132596011216
0.182,8,sbps,-0.024719325840783554,5.536132596011216
0.182,8,prculs-d,-0.041980420644377875,5.536132596011216
0.182,8,prcus-p,-1.5962761695375955,5.536132596011216
0.182,8,prcus-i,-2.4972259993954933,5.536132596011216
0.182,8,prcus-a,-1.2793644092108294,5.536132596011216
0.182,8,ifrms,-2.1403184380260893,5.536132596011216
0.182,8,sspls-v,0.22305896415822085,5.536132596011216
0.182,9,mcgs,-0.6049789118982952,5.873127414892654
0.182,9,pos,0.417896463575964,5.873127414892654
0.182,9,sbps,0.09977729293575101,5.873127414892654
0.182,9,prculs-d,-0.9989019137166069,5.873127414892654
0.182,9,prcus-p,-1.8198269948252501,5.873127414892654
0.182,9,prcus-i,-2.5040591380164567,5.873127414892654
0.182,9,prcus-a,-0.5888645300968638,5.873127414892654
0.182,9,ifrms,-2.596018123315087,5.873127414892654
0.182,9,sspls-v,0.0,5.873127414892654
0.182,10,mcgs,-0.6046145799028579,5.754236870678249
0.182,10,pos,-0.0,5.754236870678249
0.182,10,sbps,0.0,5.754236870678249
0.182,10,prculs-d,-0.6025517036347706,5.754236870678249
0.182,10,prcus-p,-1.7766527860153334,5.754236870678249
0.182,10,prcus-i,-3.0432717363033612,5.754236870678249
0.182,10,prcus-a,-1.1890663828827233,5.754236870678249
0.182,10,ifrms,-2.971028039627249,5.754236870678249
0.182,10,sspls-v,0.0,5.754236870678249
0.182,11,mcgs,-0.3585789124164298,6.066628737543674
0.182,11,pos,0.0,6.066628737543674
0.182,11,sbps,-0.0,6.066628737543674
0.182,11,prculs-d,-1.2739293783183583,6.066628737543674
0.182,11,prcus-p,-1.248736145520616,6.066628737543674
0.182,11,prcus-i,-2.178738290210949,6.066628737543674
0.182,11,prcus-a,-0.7030726475612936,6.066628737543674
0.182,11,ifrms,-2.503185318146307,6.066628737543674
0.182,11,sspls-v,0.0,6.066628737543674
0.182,12,mcgs,-0.43199975802847285,5.9313350916409044
0.182,12,pos,-0.0,5.9313350916409044
0.182,12,sbps,-0.0,5.9313350916409044
0.182,12,prculs-d,-1.3255389408615013,5.9313350916409044
0.182,12,prcus-p,-1.2892720204774732,5.9313350916409044
0.182,12,prcus-i,-3.0388462342134632,5.9313350916409044
0.182,12,prcus-a,-0.7533754396451047,5.9313350916409044
0.182,12,ifrms,-3.1242099283617946,5.9313350916409044
0.182,12,sspls-v,0.0,5.9313350916409044
0.182,13,mcgs,-0.23761784486089788,6.018245542493169
0.182,13,pos,-0.009294172195411201,6.018245542493169
0.182,13,sbps,-0.4950194195867794,6.018245542493169
0.182,13,prculs-d,-1.47669818101936,6.018245542493169
0.182,13,prcus-p,-1.340377770072545,6.018245542493169
0.182,13,prcus-i,-2.6101441457698216,6.018245542493169
0.182,13,prcus-a,-0.9986859519711563,6.018245542493169
0.182,13,ifrms,-2.327193912992201,6.018245542493169
0.182,13,sspls-v,0.5301978923927828,6.018245542493169
0.182,14,mcgs,-0.4916607996725986,6.4302330155405105
0.182,14,pos,0.0,6.4302330155405105
0.182,14,sbps,-0.0,6.4302330155405105
0.182,14,prculs-d,-1.3233016355220482,6.4302330155405105
0.182,14,prcus-p,-1.7945868913186205,6.4302330155405105
0.182,14,prcus-i,-2.8837985400602295,6.4302330155405105
0.182,14,prcus-a,-1.1440821409956332,6.4302330155405105
0.182,14,ifrms,-2.5957976163059424,6.4302330155405105
0.182,14,sspls-v,0.3326392077294662,6.4302330155405105
0.182,15,mcgs,-0.6657159073073095,6.214805966178395
0.182,15,pos,0.0,6.214805966178395
0.182,15,sbps,-0.0,6.214805966178395
0.182,15,prculs-d,-1.2988512719525835,6.214805966178395
0.182,15,prcus-p,-1.8261645673294902,6.214805966178395
0.182,15,prcus-i,-2.900233737026595,6.214805966178395
0.182,15,prcus-a,-1.1955042089111276,6.214805966178395
0.182,15,ifrms,-2.5728464576586294,6.214805966178395
0.182,15,sspls-v,0.21078751195442424,6.214805966178395
0.182,16,mcgs,-0.4212464249050564,6.146850875598226
0.182,16,pos,-0.0,6.146850875598226
0.182,16,sbps,-0.0,6.146850875598226
0.182,16,prculs-d,-1.3358114231240572,6.146850875598226
0.182,16,prcus-p,-1.9483479147740286,6.146850875598226
0.182,16,prcus-i,-2.9703229943888716,6.146850875598226
0.182,16,prcus-a,-1.215272075653705,6.146850875598226
0.182,16,ifrms,-2.6144855672294613,6.146850875598226
0.182,16,sspls-v,0.196521284450319,6.146850875598226
0.182,17,mcgs,-0.342703531163251,5.852980223345422
0.182,17,pos,-1.0394930681524226,5.852980223345422
0.182,17,sbps,0.6706522438703205,5.852980223345422
0.182,17,prculs-d,-0.6442302396555243,5.852980223345422
0.182,17,prcus-p,-2.2380021558363388,5.852980223345422
0.182,17,prcus-i,-1.6243401889305966,5.852980223345422
0.182,17,prcus-a,-1.0127941257881352,5.852980223345422
0.182,17,ifrms,-2.302215906935574,5.852980223345422
0.182,17,sspls-v,0.0,5.852980223345422
0.182,18,mcgs,-0.7046746953490854,6.218505092461693
0.182,18,pos,0.014712761778207769,6.218505092461693
0.182,18,sbps,-0.0,6.218505092461693
0.182,18,prculs-d,-1.2799938048573016,6.218505092461693
0.182,18,prcus-p,-2.0620863802088953,6.218505092461693
0.182,18,prcus-i,-2.8028821243682964,6.218505092461693
0.182,18,prcus-a,-1.353857555509995,6.218505092461693
0.182,18,ifrms,-2.770555303205906,6.218505092461693
0.182,18,sspls-v,0.13029724401212311,6.218505092461693
0.182,19,mcgs,-0.5128557532251394,6.386550479507759
0.182,19,pos,-0.0,6.386550479507759
0.182,19,sbps,-0.0,6.386550479507759
0.182,19,prculs-d,-1.3537038502640149,6.386550479507759
0.182,19,prcus-p,-1.8899753263465269,6.386550479507759
0.182,19,prcus-i,-2.8024218907297636,6.386550479507759
0.182,19,prcus-a,-1.2104348068893704,6.386550479507759
0.182,19,ifrms,-2.5127767806719334,6.386550479507759
0.182,19,sspls-v,0.33617543336390454,6.386550479507759
0.182,20,mcgs,-0.7431382710874729,6.18932524280039
0.182,20,pos,-0.0,6.18932524280039
0.182,20,sbps,-0.0,6.18932524280039
0.182,20,prculs-d,-1.4464650269977144,6.18932524280039
0.182,20,prcus-p,-1.8023245211402465,6.18932524280039
0.182,20,prcus-i,-2.9414006523378915,6.18932524280039
0.182,20,prcus-a,-0.8521864774563062,6.18932524280039
0.182,20,ifrms,-2.7269275546087512,6.18932524280039
0.182,20,sspls-v,0.17143153705559872,6.18932524280039
0.182,21,mcgs,-0.43763886618877995,6.2929320551958545
0.182,21,pos,-0.0,6.2929320551958545
0.182,21,sbps,0.0,6.2929320551958545
0.182,21,prculs-d,-1.505365876165146,6.2929320551958545
0.182,21,prcus-p,-2.0647008933280873,6.2929320551958545
0.182,21,prcus-i,-2.8147753147745576,6.2929320551958545
0.182,21,prcus-a,-1.0796482725671492,6.2929320551958545
0.182,21,ifrms,-2.4465670317395665,6.2929320551958545
0.182,21,sspls-v,0.4036974584968656,6.2929320551958545
0.182,22,mcgs,-0.013856122221906419,6.195653363180572
0.182,22,pos,0.0,6.195653363180572
0.182,22,sbps,-0.0,6.195653363180572
0.182,22,prculs-d,-1.3971490986743003,6.195653363180572
0.182,22,prcus-p,-1.3177662519566828,6.195653363180572
0.182,22,prcus-i,-2.5344924660084454,6.195653363180572
0.182,22,prcus-a,-0.9479795259951648,6.195653363180572
0.182,22,ifrms,-2.6987687722514893,6.195653363180572
0.182,22,sspls-v,0.26729144849677244,6.195653363180572
0.182,23,mcgs,-0.45691852936817157,5.61124286368451
0.182,23,pos,0.07851877513509659,5.61124286368451
0.182,23,sbps,-0.006424357041497127,5.61124286368451
0.182,23,prculs-d,-1.2121797749192151,5.61124286368451
0.182,23,prcus-p,-2.6340831812039767,5.61124286368451
0.182,23,prcus-i,-2.814797838027899,5.61124286368451
0.182,23,prcus-a,-1.59684538802106,5.61124286368451
0.182,23,ifrms,-2.595813396355482,5.61124286368451
0.182,23,sspls-v,1.2695442186977408,5.61124286368451
0.182,24,mcgs,-0.429913604890843,5.950630044518095
0.182,24,pos,0.4093164900458175,5.950630044518095
0.182,24,sbps,-0.26990186109438297,5.950630044518095
0.182,24,prculs-d,-1.2856658765938809,5.950630044518095
0.182,24,prcus-p,-1.7797003338412536,5.950630044518095
0.182,24,prcus-i,-2.8396761345858508,5.950630044518095
0.182,24,prcus-a,-0.8879694896574105,5.950630044518095
0.182,24,ifrms,-2.7294735685383587,5.950630044518095
0.182,24,sspls-v,0.17187057228578673,5.950630044518095
0.182,25,mcgs,-0.0,5.956515074475816
0.182,25,pos,-0.3463820349587305,5.956515074475816
0.182,25,sbps,-0.3787146901943732,5.956515074475816
0.182,25,prculs-d,-1.3873906120619373,5.956515074475816
0.182,25,prcus-p,-1.2332862656749541,5.956515074475816
0.182,25,prcus-i,-3.1521748845614908,5.956515074475816
0.182,25,prcus-a,-1.732202249445896,5.956515074475816
0.182,25,ifrms,-2.8957073072552673,5.956515074475816
0.182,25,sspls-v,0.32268626905348197,5.956515074475816
0.182,26,mcgs,-0.5377335711839885,6.298261785601779
0.182,26,pos,-0.0,6.298261785601779
0.182,26,sbps,-0.0,6.298261785601779
0.182,26,prculs-d,-1.4918515207125969,6.298261785601779
0.182,26,prcus-p,-1.7160677860696965,6.298261785601779
0.182,26,prcus-i,-2.924141964384234,6.298261785601779
0.182,26,prcus-a,-1.185127604339784,6.298261785601779
0.182,26,ifrms,-2.8429427831349736,6.298261785601779
0.182,26,sspls-v,0.3460231631536369,6.298261785601779
0.182,27,mcgs,-0.8897533926940536,5.908981807410633
0.182,27,pos,-0.0008793814675508148,5.908981807410633
0.182,27,sbps,-0.19893292924240308,5.908981807410633
0.182,27,prculs-d,-1.76930281343811,5.908981807410633
0.182,27,prcus-p,-1.6194741855210706,5.908981807410633
0.182,27,prcus-i,-2.88959562770504,5.908981807410633
0.182,27,prcus-a,-0.006503633903582081,5.908981807410633
0.182,27,ifrms,-2.4953573412247683,5.908981807410633
0.182,27,sspls-v,0.5578824884887464,5.908981807410633
0.195,0,mcgs,-0.4078987140333598,6.234005611872243
0.195,0,pos,-0.0,6.234005611872243
0.195,0,sbps,-0.0,6.234005611872243
0.195,0,prculs-d,-1.3544228787488453,6.234005611872243
0.195,0,prcus-p,-1.8359384127548053,6.234005611872243
0.195,0,prcus-i,-2.861142882463272,6.234005611872243
0.195,0,prcus-a,-1.1531255029710143,6.234005611872243
0.195,0,ifrms,-2.642678987101385,6.234005611872243
0.195,0,sspls-v,0.27824199385882686,6.234005611872243
0.195,1,mcgs,-0.25584440423686605,5.833107001994933
0.195,1,pos,-0.031039132301090035,5.833107001994933
0.195,1,sbps,-0.8458741087518955,5.833107001994933
0.195,1,prculs-d,-1.8411364986459855,5.833107001994933
0.195,1,prcus-p,-1.373886844180497,5.833107001994933
0.195,1,prcus-i,-2.2763698529967704,5.833107001994933
0.195,1,prcus-a,-0.6331835138008794,5.833107001994933
0.195,1,ifrms,-2.283657189266621,5.833107001994933
0.195,1,sspls-v,0.13753076991602184,5.833107001994933
0.195,2,mcgs,-0.8576177065147035,6.190407105783273
0.195,2,pos,-0.0,6.190407105783273
0.195,2,sbps,0.0,6.190407105783273
0.195,2,prculs-d,-1.368878449092181,6.190407105783273
0.195,2,prcus-p,-1.7641911223319522,6.190407105783273
0.195,2,prcus-i,-3.1162481660517147,6.190407105783273
0.195,2,prcus-a,-1.223668092110837,6.190407105783273
0.195,2,ifrms,-2.8387999074402126,6.190407105783273
0.195,2,sspls-v,0.5476165294909807,6.190407105783273
0.195,3,mcgs,-0.40195877706388705,6.28242745050011
0.195,3,pos,0.0,6.28242745050011
0.195,3,sbps,-0.0,6.28242745050011
0.195,3,prculs-d,-1.2982624140923185,6.28242745050011
0.195,3,prcus-p,-1.6681246874560933,6.28242745050011
0.195,3,prcus-i,-2.794455660551832,6.28242745050011
0.195,3,prcus-a,-1.0673715302646993,6.28242745050011
0.195,3,ifrms,-2.361399377198007,6.28242745050011
0.195,3,sspls-v,0.25497555261801286,6.28242745050011
0.195,4,mcgs,-0.647323060186216,5.949578202354455
0.195,4,pos,0.07218741686506261,5.949578202354455
0.195,4,sbps,0.0,5.949578202354455
0.195,4,prculs-d,-1.6995214548730673,5.949578202354455
0.195,4,prcus-p,-2.1320729590329734,5.949578202354455
0.195,4,prcus-i,-3.6390765395801057,5.949578202354455
0.195,4,prcus-a,-1.7918707239952611,5.949578202354455
0.195,4,ifrms,-2.518746630698863,5.949578202354455
0.195,4,sspls-v,0.45637964312079315,5.949578202354455
0.195,5,mcgs,0.0,5.517347494668071
0.195,5,pos,0.0,5.517347494668071
0.195,5,sbps,-0.0,5.517347494668071
0.195,5,prculs-d,-1.6373999261934467,5.517347494668071
0.195,5,prcus-p,-1.8774147162504111,5.517347494668071
0.195,5,prcus-i,-2.8243374543062774,5.517347494668071
0.195,5,prcus-a,-1.4112596685553251,5.517347494668071
0.195,5,ifrms,-2.0832758301684615,5.517347494668071
0.195,5,sspls-v,0.0,5.517347494668071
0.195,6,mcgs,-0.11301695465795537,6.048995122768484
0.195,6,pos,0.0,6.048995122768484
0.195,6,sbps,-0.0,6.048995122768484
0.195,6,prculs-d,-1.4797824716389452,6.048995122768484
0.195,6,prcus-p,-1.3171541350632983,6.048995122768484
0.195,6,prcus-i,-2.7961295379307693,6.048995122768484
0.195,6,prcus-a,-0.8065806581836291,6.048995122768484
0.195,6,ifrms,-2.7133724815918128,6.048995122768484
0.195,6,sspls-v,0.6131099845127704,6.048995122768484
0.195,7,mcgs,-0.3534472558632533,6.201126479418264
0.195,7,pos,-0.0,6.201126479418264
0.195,7,sbps,-0.0,6.201126479418264
0.195,7,prculs-d,-1.3377005251740042,6.201126479418264
0.195,7,prcus-p,-1.8040254972763252,6.201126479418264
0.195,7,prcus-i,-2.852964070549246,6.201126479418264
0.195,7,prcus-a,-1.110805897610349,6.201126479418264
0.195,7,ifrms,-2.60825621181657,6.201126479418264
0.195,7,sspls-v,0.3088699457951516,6.201126479418264
0.195,8,mcgs,-0.0,5.511778598288649
0.195,8,pos,-0.11092473796786538,5.511778598288649
0.195,8,sbps,-0.019193955987309663,5.511778598288649
0.195,8,prculs-d,-0.009562766937164718,5.511778598288649
0.195,8,prcus-p,-1.544844422110578,5.511778598288649
0.195,8,prcus-i,-2.421461746307317,5.511778598288649
0.195,8,prcus-a,-1.2083139236134357,5.511778598288649
0.195,8,ifrms,-2.121061638981732,5.511778598288649
0.195,8,sspls-v,0.1811046985006506,5.511778598288649
0.195,9,mcgs,-0.535830957574113,5.83073449091255
0.195,9,pos,0.3901260160073528,5.83073449091255
0.195,9,sbps,0.06232926489260903,5.83073449091255
0.195,9,prculs-d,-0.976526293857785,5.83073449091255
0.195,9,prcus-p,-1.7248814289227579,5.83073449091255
0.195,9,prcus-i,-2.417349917770024,5.83073449091255
0.195,9,prcus-a,-0.5162015074213281,5.83073449091255
0.195,9,ifrms,-2.551930288914734,5.83073449091255
0.195,9,sspls-v,0.0,5.83073449091255
0.195,10,mcgs,-0.5437199774567111,5.715588520553575
0.195,10,pos,-0.0,5.715588520553575
0.195,10,sbps,0.0,5.715588520553575
0.195,10,prculs-d,-0.5838294891735689,5.715588520553575
0.195,10,prcus-p,-1.7055084384669468,5.715588520553575
0.195,10,prcus-i,-2.9644600960822776,5.715588520553575
0.195,10,prcus-a,-1.1184532297196161,5.715588520553575
0.195,10,ifrms,-2.934866507881792,5.715588520553575
0.195,10,sspls-v,0.0,5.715588520553575
0.195,11,mcgs,-0.2971506783072258,6.01763644215748
0.195,11,pos,0.0,6.01763644215748
0.195,11,sbps,-0.0,6.01763644215748
0.195,11,prculs-d,-1.2522326432817572,6.01763644215748
0.195,11,prcus-p,-1.1694958403830986,6.01763644215748
0.195,11,prcus-i,-2.0882317431819817,6.01763644215748
0.195,11,prcus-a,-0.6231243547854456,6.01763644215748
0.195,11,ifrms,-2.4644696790096337,6.01763644215748
0.195,11,sspls-v,0.0,6.01763644215748
0.195,12,mcgs,-0.3742330715474907,5.881864878388786
0.195,12,pos,-0.0,5.881864878388786
0.195,12,sbps,-0.0,5.881864878388786
0.195,12,prculs-d,-1.3025434983637594,5.881864878388786
0.195,12,prcus-p,-1.2211509971189973,5.881864878388786
0.195,12,prcus-i,-2.9634624193189105,5.881864878388786
0.195,12,prcus-a,-0.6901355899269238,5.881864878388786
0.195,12,ifrms,-3.0908615977926317,5.881864878388786
0.195,12,sspls-v,0.0,5.881864878388786
0.195,13,mcgs,-0.17799668646511316,6.002769827347904
0.195,13,pos,-0.0013014526312002783,6.002769827347904
0.195,13,sbps,-0.4934164189770054,6.002769827347904
0.195,13,prculs-d,-1.4405938747891758,6.002769827347904
0.195,13,prcus-p,-1.2538854970578632,6.002769827347904
0.195,13,prcus-i,-2.510232022469676,6.002769827347904
0.195,13,prcus-a,-0.9163269946527378,6.002769827347904
0.195,13,ifrms,-2.291140142079137,6.002769827347904
0.195,13,sspls-v,0.4897811379037488,6.002769827347904
0.195,14,mcgs,-0.4327558456809493,6.395519322108459
0.195,14,pos,0.0,6.395519322108459
0.195,14,sbps,-0.0,6.395519322108459
0.195,14,prculs-d,-1.2861046187783391,6.395519322108459
0.195,14,prcus-p,-1.716629097010302,6.395519322108459
0.195,14,prcus-i,-2.786623596426209,6.395519322108459
0.195,14,prcus-a,-1.0663565001806288,6.395519322108459
0.195,14,ifrms,-2.560058803403174,6.395519322108459
0.195,14,sspls-v,0.29343833350866355,6.395519322108459
0.195,15,mcgs,-0.6145666492366856,6.187338026929627
0.195,15,pos,-0.0,6.187338026929627
0.195,15,sbps,-0.0,6.187338026929627
0.195,15,prculs-d,-1.2615493035786034,6.187338026929627
0.195,15,prcus-p,-1.7444728075926543,6.187338026929627
0.195,15,prcus-i,-2.8031444498235802,6.187338026929627
0.195,15,prcus-a,-1.1173810071281614,6.187338026929627
0.195,15,ifrms,-2.537375389535833,6.187338026929627
0.195,15,sspls-v,0.16963089075330073,6.187338026929627
0.195,16,mcgs,-0.3628407365659223,6.113581524570794
0.195,16,pos,-0.0,6.113581524570794
0.195,16,sbps,-0.0,6.113581524570794
0.195,16,prculs-d,-1.298665382261699,6.113581524570794
0.195,16,prcus-p,-1.8650055659389306,6.113581524570794
0.195,16,prcus-i,-2.872764917501641,6.113581524570794
0.195,16,prcus-a,-1.1349712533995076,6.113581524570794
0.195,16,ifrms,-2.576710041309869,6.113581524570794
0.195,16,sspls-v,0.15786153188773386,6.113581524570794
0.195,17,mcgs,-0.28168597052725364,5.808751879783002
0.195,17,pos,-1.0348191248486558,5.808751879783002
0.195,17,sbps,0.6362196434475713,5.808751879783002
0.195,17,prculs-d,-0.6283523665575375,5.808751879783002
0.195,17,prcus-p,-2.145289226207928,5.808751879783002
0.195,17,prcus-i,-1.549330509641487,5.808751879783002
0.195,17,prcus-a,-0.9367130121034257,5.808751879783002
0.195,17,ifrms,-2.267628946727669,5.808751879783002
0.195,17,sspls-v,0.0,5.808751879783002
0.195,18,mcgs,-0.6325426177164616,6.174333106232756
0.195,18,pos,0.0,6.174333106232756
0.195,18,sbps,-0.0,6.174333106232756
0.195,18,prculs-d,-1.2437277032753158,6.174333106232756
0.195,18,prcus-p,-1.968824266341478,6.174333106232756
0.195,18,prcus-i,-2.7100175889146763,6.174333106232756
0.195,18,prcus-a,-1.2696417146417471,6.174333106232756
0.195,18,ifrms,-2.724560896608377,6.174333106232756
0.195,18,sspls-v,0.09997472237412465,6.174333106232756
0.195,19,mcgs,-0.4469222961725954,6.361010540984955
0.195,19,pos,-0.0,6.361010540984955
0.195,19,sbps,-0.0,6.361010540984955
0.195,19,prculs-d,-1.316541765327248,6.361010540984955
0.195,19,prcus-p,-1.8007915512318573,6.361010540984955
0.195,19,prcus-i,-2.7100350160213345,6.361010540984955
0.195,19,prcus-a,-1.1247144156398414,6.361010540984955
0.195,19,ifrms,-2.467040470314282,6.361010540984955
0.195,19,sspls-v,0.2925436168410586,6.361010540984955
0.195,20,mcgs,-0.6844184198122146,6.161974561799146
0.195,20,pos,-0.0,6.161974561799146
0.195,20,sbps,-0.0,6.161974561799146
0.195,20,prculs-d,-1.4094658926099846,6.161974561799146
0.195,20,prcus-p,-1.7150407102271894,6.161974561799146
0.195,20,prcus-i,-2.843274881318682,6.161974561799146
0.195,20,prcus-a,-0.7731405493975381,6.161974561799146
0.195,20,ifrms,-2.689356731967943,6.161974561799146
0.195,20,sspls-v,0.13059653393558007,6.161974561799146
0.195,21,mcgs,-0.3786868482046334,6.261212253652199
0.195,21,pos,-0.0,6.261212253652199
0.195,21,sbps,0.0,6.261212253652199
0.195,21,prculs-d,-1.4692802157551066,6.261212253652199
0.195,21,prcus-p,-1.9844357459443556,6.261212253652199
0.195,21,prcus-i,-2.718016882538038,6.261212253652199
0.195,21,prcus-a,-1.0005218313497375,6.261212253652199
0.195,21,ifrms,-2.4094707205214685,6.261212253652199
0.195,21,sspls-v,0.36262699333154746,6.261212253652199
0.195,22,mcgs,-0.0,6.135032029154071
0.195,22,pos,0.0,6.135032029154071
0.195,22,sbps,-0.0,6.135032029154071
0.195,22,prculs-d,-1.3638038307361213,6.135032029154071
0.195,22,prcus-p,-1.250549664292996,6.135032029154071
0.195,22,prcus-i,-2.4523487346554687,6.135032029154071
0.195,22,prcus-a,-0.8716822717989369,6.135032029154071
0.195,22,ifrms,-2.680862871345178,6.135032029154071
0.195,22,sspls-v,0.2249823954993315,6.135032029154071
0.195,23,mcgs,-0.3910145178724419,5.59465421597967
0.195,23,pos,0.05570608372190516,5.59465421597967
0.195,23,sbps,-0.00524045087461391,5.59465421597967
0.195,23,prculs-d,-1.1733121053904734,5.59465421597967
0.195,23,prcus-p,-2.5413879200074714,5.59465421597967
0.195,23,prcus-i,-2.7184421150124902,5.59465421597967
0.195,23,prcus-a,-1.5147998039682897,5.59465421597967
0.195,23,ifrms,-2.5526849027803555,5.59465421597967
0.195,23,sspls-v,1.2271652449205703,5.59465421597967
0.195,24,mcgs,-0.3653286789995172,5.917085759159039
0.195,24,pos,0.3893780050343266,5.917085759159039
0.195,24,sbps,-0.2689453774719626,5.917085759159039
0.195,24,prculs-d,-1.2452354212975678,5.917085759159039
0.195,24,prcus-p,-1.6936132913269055,5.917085759159039
0.195,24,prcus-i,-2.740589433884899,5.917085759159039
0.195,24,prcus-a,-0.8102495469076697,5.917085759159039
0.195,24,ifrms,-2.686143964918016,5.917085759159039
0.195,24,sspls-v,0.13259527456369402,5.917085759159039
0.195,25,mcgs,-0.0,5.930755453381219
0.195,25,pos,-0.3266789647676859,5.930755453381219
0.195,25,sbps,-0.36839932423816707,5.930755453381219
0.195,25,prculs-d,-1.3530811641577134,5.930755453381219
0.195,25,prcus-p,-1.1859741732885767,5.930755453381219
0.195,25,prcus-i,-3.0729387496368132,5.930755453381219
0.195,25,prcus-a,-1.656883913607534,5.930755453381219
0.195,25,ifrms,-2.875752336161072,5.930755453381219
0.195,25,sspls-v,0.2796668992524326,5.930755453381219
0.195,26,mcgs,-0.47654052836263716,6.258178170208471
0.195,26,pos,-0.0,6.258178170208471
0.195,26,sbps,-0.0,6.258178170208471
0.195,26,prculs-d,-1.4540568886797194,6.258178170208471
0.195,26,prcus-p,-1.6317705219341692,6.258178170208471
0.195,26,prcus-i,-2.8261116499805246,6.258178170208471
0.195,26,prcus-a,-1.104208284112617,6.258178170208471
0.195,26,ifrms,-2.8027962809412874,6.258178170208471
0.195,26,sspls-v,0.3044574793244289,6.258178170208471
0.195,27,mcgs,-0.832347356186109,5.895387092744404
0.195,27,pos,-0.0,5.895387092744404
0.195,27,sbps,-0.1859238257969032,5.895387092744404
0.195,27,prculs-d,-1.727230925181525,5.895387092744404
0.195,27,prcus-p,-1.57436982221552,5.895387092744404
0.195,27,prcus-i,-2.828611614829528,5.895387092744404
0.195,27,prcus-a,-0.0,5.895387092744404
0.195,27,ifrms,-2.4686550451333886,5.895387092744404
0.195,27,sspls-v,0.5209030398741809,5.895387092744404
0.208,0,mcgs,-0.34859024766382696,6.204141330304156
0.208,0,pos,-0.0,6.204141330304156
0.208,0,sbps,-0.0,6.204141330304156
0.208,0,prculs-d,-1.3137876842607954,6.204141330304156
0.208,0,prcus-p,-1.7445642439800535,6.204141330304156
0.208,0,prcus-i,-2.756398459594935,6.204141330304156
0.208,0,prcus-a,-1.0675019322760488,6.204141330304156
0.208,0,ifrms,-2.6038514456949513,6.204141330304156
0.208,0,sspls-v,0.23741733778264856,6.204141330304156
0.208,1,mcgs,-0.19660135476337345,5.800503593609078
0.208,1,pos,-0.02295257350069637,5.800503593609078
0.208,1,sbps,-0.8454669133639009,5.800503593609078
0.208,1,prculs-d,-1.8088918304930783,5.800503593609078
0.208,1,prcus-p,-1.288008883565234,5.800503593609078
0.208,1,prcus-i,-2.1782083382640254,5.800503593609078
0.208,1,prcus-a,-0.5497291685965573,5.800503593609078
0.208,1,ifrms,-2.247269223133399,5.800503593609078
0.208,1,sspls-v,0.09593646654260815,5.800503593609078
0.208,2,mcgs,-0.7947385854041018,6.179749575285633
0.208,2,pos,-0.0,6.179749575285633
0.208,2,sbps,0.0,6.179749575285633
0.208,2,prculs-d,-1.3306108026770929,6.179749575285633
0.208,2,prcus-p,-1.6828436053353555,6.179749575285633
0.208,2,prcus-i,-3.012148237988242,6.179749575285633
0.208,2,prcus-a,-1.1409814206061635,6.179749575285633
0.208,2,ifrms,-2.796843012151029,6.179749575285633
0.208,2,sspls-v,0.503132465612217,6.179749575285633
0.208,3,mcgs,-0.33801216072536167,6.230797507821386
0.208,3,pos,0.0,6.230797507821386
0.208,3,sbps,-0.0,6.230797507821386
0.208,3,prculs-d,-1.2556695409419556,6.230797507821386
0.208,3,prcus-p,-1.569846533087522,6.230797507821386
0.208,3,prcus-i,-2.678952072935895,6.230797507821386
0.208,3,prcus-a,-0.9737787029161207,6.230797507821386
0.208,3,ifrms,-2.3125024495747537,6.230797507821386
0.208,3,sspls-v,0.20558083452465523,6.230797507821386
0.208,4,mcgs,-0.5686831433304964,5.96029710279118
0.208,4,pos,0.037990886699040965,5.96029710279118
0.208,4,sbps,0.0,5.96029710279118
0.208,4,prculs-d,-1.6371957944798314,5.96029710279118
0.208,4,prcus-p,-2.0281693451110057,5.96029710279118
0.208,4,prcus-i,-3.4982390180428156,5.96029710279118
0.208,4,prcus-a,-1.680496109117936,5.96029710279118
0.208,4,ifrms,-2.476653887372067,5.96029710279118
0.208,4,sspls-v,0.4088118998767573,5.96029710279118
0.208,5,mcgs,0.0,5.501733730479298
0.208,5,pos,0.0,5.501733730479298
0.208,5,sbps,-0.0,5.501733730479298
0.208,5,prculs-d,-1.614991335130739,5.501733730479298
0.208,5,prcus-p,-1.8386049881682327,5.501733730479298
0.208,5,prcus-i,-2.7655452286648288,5.501733730479298
0.208,5,prcus-a,-1.3492698007858566,5.501733730479298
0.208,5,ifrms,-2.0666789409572393,5.501733730479298
0.208,5,sspls-v,0.0,5.501733730479298
0.208,6,mcgs,-0.04888165957658925,6.020585780005806
0.208,6,pos,0.0,6.020585780005806
0.208,6,sbps,-0.0,6.020585780005806
0.208,6,prculs-d,-1.4447977408582804,6.020585780005806
0.208,6,prcus-p,-1.2273344948432794,6.020585780005806
0.208,6,prcus-i,-2.6972320396658476,6.020585780005806
0.208,6,prcus-a,-0.722307471812292,6.020585780005806
0.208,6,ifrms,-2.6765671536454154,6.020585780005806
0.208,6,sspls-v,0.5810354179347211,6.020585780005806
0.208,7,mcgs,-0.29634241258917576,6.1672907485326105
0.208,7,pos,-0.0,6.1672907485326105
0.208,7,sbps,-0.0,6.1672907485326105
0.208,7,prculs-d,-1.2996835324382747,6.1672907485326105
0.208,7,prcus-p,-1.7183708543483278,6.1672907485326105
0.208,7,prcus-i,-2.7530512704878,6.1672907485326105
0.208,7,prcus-a,-1.0291414193763833,6.1672907485326105
0.208,7,ifrms,-2.570902900393446,6.1672907485326105
0.208,7,sspls-v,0.2667308407333012,6.1672907485326105
0.208,8,mcgs,-0.0,5.493155676119153
0.208,8,pos,-0.09186046645654682,5.493155676119153
0.208,8,sbps,-0.015107764880338095,5.493155676119153
0.208,8,prculs-d,-0.0,5.493155676119153
0.208,8,prcus-p,-1.4939705474796705,5.493155676119153
0.208,8,prcus-i,-2.3554693059116065,5.493155676119153
0.208,8,prcus-a,-1.1362105888251506,5.493155676119153
0.208,8,ifrms,-2.1060860068165166,5.493155676119153
0.208,8,sspls-v,0.14538652942250443,5.493155676119153
0.208,9,mcgs,-0.4666840444086799,5.7845773330077535
0.208,9,pos,0.36235584930636366,5.7845773330077535
0.208,9,sbps,0.024881827175662622,5.7845773330077535
0.208,9,prculs-d,-0.9541508706410957,5.7845773330077535
0.208,9,prcus-p,-1.629937099142627,5.7845773330077535
0.208,9,prcus-i,-2.330641679938486,5.7845773330077535
0.208,9,prcus-a,-0.4435391384401244,5.7845773330077535
0.208,9,ifrms,-2.507842835880164,5.7845773330077535
0.208,9,sspls-v,0.0,5.7845773330077535
0.208,10,mcgs,-0.48282414518514466,5.6872485567058755
0.208,10,pos,-0.0,5.6872485567058755
0.208,10,sbps,-0.0,5.6872485567058755
0.208,10,prculs-d,-0.5651070694822655,5.6872485567058755
0.208,10,prcus-p,-1.6343629293795412,5.6872485567058755
0.208,10,prcus-i,-2.8856473208482827,5.6872485567058755
0.208,10,prcus-a,-1.0478392788929136,5.6872485567058755
0.208,10,ifrms,-2.898704595148294,5.6872485567058755
0.208,10,sspls-v,0.0,5.6872485567058755
0.208,11,mcgs,-0.23558280792080094,5.96868519265842
0.208,11,pos,0.0,5.96868519265842
0.208,11,sbps,-0.0,5.96868519265842
0.208,11,prculs-d,-1.2305072738076912,5.96868519265842
0.208,11,prcus-p,-1.0900956597572529,5.96868519265842
0.208,11,prcus-i,-1.9975701933460017,5.96868519265842
0.208,11,prcus-a,-0.5430605606547773,5.96868519265842
0.208,11,ifrms,-2.4257105708090907,5.96868519265842
0.208,11,sspls-v,0.0,5.96868519265842
0.208,12,mcgs,-0.31646051946744014,5.836757509396948
0.208,12,pos,-0.0,5.836757509396948
0.208,12,sbps,-0.0,5.836757509396948
0.208,12,prculs-d,-1.2795465569736817,5.836757509396948
0.208,12,prcus-p,-1.15302451873322,5.836757509396948
0.208,12,prcus-i,-2.8880734197218754,5.836757509396948
0.208,12,prcus-a,-0.6268924271096549,5.836757509396948
0.208,12,ifrms,-3.057511605554681,5.836757509396948
0.208,12,sspls-v,0.0,5.836757509396948
0.208,13,mcgs,-0.11661727905000997,5.988834307168246
0.208,13,pos,-0.0,5.988834307168246
0.208,13,sbps,-0.493043406460144,5.988834307168246
0.208,13,prculs-d,-1.4036140855388994,5.988834307168246
0.208,13,prcus-p,-1.1664215992716938,5.988834307168246
0.208,13,prcus-i,-2.409898107776783,5.988834307168246
0.208,13,prcus-a,-0.8344436607503753,5.988834307168246
0.208,13,ifrms,-2.2530659813339966,5.988834307168246
0.208,13,sspls-v,0.45008532994380224,5.988834307168246
0.208,14,mcgs,-0.37385068094401513,6.3561769528171475
0.208,14,pos,0.0,6.3561769528171475
0.208,14,sbps,-0.0,6.3561769528171475
0.208,14,prculs-d,-1.2489075047364981,6.3561769528171475
0.208,14,prcus-p,-1.638671102811115,6.3561769528171475
0.208,14,prcus-i,-2.6894484034998625,6.3561769528171475
0.208,14,prcus-a,-0.9886307096768645,6.3561769528171475
0.208,14,ifrms,-2.5243199166486607,6.3561769528171475
0.208,14,sspls-v,0.25423740140266743,6.3561769528171475
0.208,15,mcgs,-0.5634211668278468,6.155139318662896
0.208,15,pos,-0.0,6.155139318662896
0.208,15,sbps,-0.0,6.155139318662896
0.208,15,prculs-d,-1.2242492151453668,6.155139318662896
0.208,15,prcus-p,-1.6627858771316388,6.155139318662896
0.208,15,prcus-i,-2.706060243682362,6.155139318662896
0.208,15,prcus-a,-1.039261168858372,6.155139318662896
0.208,15,ifrms,-2.5019055225171236,6.155139318662896
0.208,15,sspls-v,0.12847558050044408,6.155139318662896
0.208,16,mcgs,-0.30443747774295,6.0817759788242265
0.208,16,pos,-0.0,6.0817759788242265
0.208,16,sbps,-0.0,6.0817759788242265
0.208,16,prculs-d,-1.2615204089955039,6.0817759788242265
0.208,16,prcus-p,-1.781666084055385,6.0817759788242265
0.208,16,prcus-i,-2.7752097907663633,6.0817759788242265
0.208,16,prcus-a,-1.0546724234059854,6.0817759788242265
0.208,16,ifrms,-2.538935284405223,6.0817759788242265
0.208,16,sspls-v,0.11920248862675148,6.0817759788242265
0.208,17,mcgs,-0.2206684098912551,5.769360022116638
0.208,17,pos,-1.0301451815448914,5.769360022116638
0.208,17,sbps,0.6017870430248226,5.769360022116638
0.208,17,prculs-d,-0.6124744934595477,5.769360022116638
0.208,17,prcus-p,-2.0525762965795185,5.769360022116638
0.208,17,prcus-i,-1.474320830352376,5.769360022116638
0.208,17,prcus-a,-0.8606318984187189,5.769360022116638
0.208,17,ifrms,-2.2330419865197633,5.769360022116638
0.208,17,sspls-v,0.0,5.769360022116638
0.208,18,mcgs,-0.5666848735157992,6.141818769557643
0.208,18,pos,0.0,6.141818769557643
0.208,18,sbps,-0.0,6.141818769557643
0.208,18,prculs-d,-1.2089425054867065,6.141818769557643
0.208,18,prcus-p,-1.8780435260222548,6.141818769557643
0.208,18,prcus-i,-2.61683140584761,6.141818769557643
0.208,18,prcus-a,-1.1860072747089487,6.141818769557643
0.208,18,ifrms,-2.6843373066801197,6.141818769557643
0.208,18,sspls-v,0.06608893835357509,6.141818769557643
0.208,19,mcgs,-0.38098773462364827,6.327598827036043
0.208,19,pos,-0.0,6.327598827036043
0.208,19,sbps,-0.0,6.327598827036043
0.208,19,prculs-d,-1.2793792787489326,6.327598827036043
0.208,19,prcus-p,-1.7116065595325578,6.327598827036043
0.208,19,prcus-i,-2.617647020542625,6.327598827036043
0.208,19,prcus-a,-1.0389931535236077,6.327598827036043
0.208,19,ifrms,-2.4213037455597815,6.327598827036043
0.208,19,sspls-v,0.2489114829615909,6.327598827036043
0.208,20,mcgs,-0.6257022400167063,6.140744927748364
0.208,20,pos,-0.0,6.140744927748364
0.208,20,sbps,-0.0,6.140744927748364
0.208,20,prculs-d,-1.3724682407426947,6.140744927748364
0.208,20,prcus-p,-1.6277606187293419,6.140744927748364
0.208,20,prcus-i,-2.7451529694311176,6.140744927748364
0.208,20,prcus-a,-0.6940968577484907,6.140744927748364
0.208,20,ifrms,-2.651787089178389,6.140744927748364
0.208,20,sspls-v,0.08976235751395156,6.140744927748364
0.208,21,mcgs,-0.31973483022048466,6.24183427287117
0.208,21,pos,-0.0,6.24183427287117
0.208,21,sbps,0.0,6.24183427287117
0.208,21,prculs-d,-1.4331945553450691,6.24183427287117
0.208,21,prcus-p,-1.9041705985606263,6.24183427287117
0.208,21,prcus-i,-2.6212584503015153,6.24183427287117
0.208,21,prcus-a,-0.9213953901323235,6.24183427287117
0.208,21,ifrms,-2.3723744093033656,6.24183427287117
0.208,21,sspls-v,0.3215565281662322,6.24183427287117
0.208,22,mcgs,-0.0,6.077723000498897
0.208,22,pos,0.0,6.077723000498897
0.208,22,sbps,-0.0,6.077723000498897
0.208,22,prculs-d,-1.3302123002819541,6.077723000498897
0.208,22,prcus-p,-1.1943940807791587,6.077723000498897
0.208,22,prcus-i,-2.377514975011219,6.077723000498897
0.208,22,prcus-a,-0.7994779325852951,6.077723000498897
0.208,22,ifrms,-2.6644586609232856,6.077723000498897
0.208,22,sspls-v,0.18319345564150305,6.077723000498897
0.208,23,mcgs,-0.3251104867367585,5.578443100229126
0.208,23,pos,0.032893388337658945,5.578443100229126
0.208,23,sbps,-0.004056555116147998,5.578443100229126
0.208,23,prculs-d,-1.134444429832731,5.578443100229126
0.208,23,prcus-p,-2.4486926315649638,5.578443100229126
0.208,23,prcus-i,-2.622086370422351,5.578443100229126
0.208,23,prcus-a,-1.4327542043035457,5.578443100229126
0.208,23,ifrms,-2.5095564021238985,5.578443100229126
0.208,23,sspls-v,1.184786266232052,5.578443100229126
0.208,24,mcgs,-0.3007542324786762,5.891542880514509
0.208,24,pos,0.3694412490655414,5.891542880514509
0.208,24,sbps,-0.26798347469863315,5.891542880514509
0.208,24,prculs-d,-1.2048084659223641,5.891542880514509
0.208,24,prcus-p,-1.6075406127976888,5.891542880514509
0.208,24,prcus-i,-2.641514877837731,5.891542880514509
0.208,24,prcus-a,-0.732538017575689,5.891542880514509
0.208,24,ifrms,-2.642818149263701,5.891542880514509
0.208,24,sspls-v,0.09332270790561518,5.891542880514509
0.208,25,mcgs,-0.0,5.899531576226384
0.208,25,pos,-0.3069758670716061,5.899531576226384
0.208,25,sbps,-0.3580836473157794,5.899531576226384
0.208,25,prculs-d,-1.3187719174052726,5.899531576226384
0.208,25,prcus-p,-1.1386626934232598,5.899531576226384
0.208,25,prcus-i,-2.9937031236258744,5.899531576226384
0.208,25,prcus-a,-1.5815659805907045,5.899531576226384
0.208,25,ifrms,-2.855797359550499,5.899531576226384
0.208,25,sspls-v,0.23664773318749932,5.899531576226384
0.208,26,mcgs,-0.4153474855412873,6.226282949317208
0.208,26,pos,-0.0,6.226282949317208
0.208,26,sbps,-0.0,6.226282949317208
0.208,26,prculs-d,-1.4162622566468444,6.226282949317208
0.208,26,prcus-p,-1.5474732577986392,6.226282949317208
0.208,26,prcus-i,-2.728081335576815,6.226282949317208
0.208,26,prcus-a,-1.023288963885447,6.226282949317208
0.208,26,ifrms,-2.762649778747602,6.226282949317208
0.208,26,sspls-v,0.26289179549522224,6.226282949317208
0.208,27,mcgs,-0.7746970134430925,5.88802177438172
0.208,27,pos,-0.0,5.88802177438172
0.208,27,sbps,-0.17216432971253365,5.88802177438172
0.208,27,prculs-d,-1.6844721785928871,5.88802177438172
0.208,27,prcus-p,-1.5328755770548042,5.88802177438172
0.208,27,prcus-i,-2.770808851359684,5.88802177438172
0.208,27,prcus-a,-0.0,5.88802177438172
0.208,27,ifrms,-2.4427377808897814,5.88802177438172
0.208,27,sspls-v,0.48430286708730436,5.88802177438172
0.223,0,mcgs,-0.28033203881958135,6.1705597908596115
0.223,0,pos,-0.0,6.1705597908596115
0.223,0,sbps,-0.0,6.1705597908596115
0.223,0,prculs-d,-1.2669888003176142,6.1705597908596115
0.223,0,prcus-p,-1.639356934003552,6.1705597908596115
0.223,0,prcus-i,-2.6357666531991346,6.1705597908596115
0.223,0,prcus-a,-0.9688594831077737,6.1705597908596115
0.223,0,ifrms,-2.5591066263564093,6.1705597908596115
0.223,0,sspls-v,0.19036932494843656,6.1705597908596115
0.223,1,mcgs,-0.1281532730662929,5.7599153008437165
0.223,1,pos,-0.013644415002402335,5.7599153008437165
0.223,1,sbps,-0.8450561738845174,5.7599153008437165
0.223,1,prculs-d,-1.7716678941264061,5.7599153008437165
0.223,1,prcus-p,-1.188794381078057,5.7599153008437165
0.223,1,prcus-i,-2.0648336735763837,5.7599153008437165
0.223,1,prcus-a,-0.4533565104353376,5.7599153008437165
0.223,1,ifrms,-2.205241995492164,5.7599153008437165
0.223,1,sspls-v,0.04791890384630887,5.7599153008437165
0.223,2,mcgs,-0.7221860476095929,6.1646332558269386
0.223,2,pos,-0.0,6.1646332558269386
0.223,2,sbps,0.0,6.1646332558269386
0.223,2,prculs-d,-1.2864559715644555,6.1646332558269386
0.223,2,prcus-p,-1.5889814037706798,6.1646332558269386
0.223,2,prcus-i,-2.892033322319884,6.1646332558269386
0.223,2,prcus-a,-1.0455739697813327,6.1646332558269386
0.223,2,ifrms,-2.7484313238140863,6.1646332558269386
0.223,2,sspls-v,0.45180481374170667,6.1646332558269386
0.223,3,mcgs,-0.2642359976496643,6.172566475688778
0.223,3,pos,0.0,6.172566475688778
0.223,3,sbps,-0.0,6.172566475688778
0.223,3,prculs-d,-1.2065280805140766,6.172566475688778
0.223,3,prcus-p,-1.45645925935934,6.172566475688778
0.223,3,prcus-i,-2.5456902939761363,6.172566475688778
0.223,3,prcus-a,-0.8657948512795735,6.172566475688778
0.223,3,ifrms,-2.256086670342544,6.172566475688778
0.223,3,sspls-v,0.14859030449284813,6.172566475688778
0.223,4,mcgs,-0.47847310084966943,5.967001164359852
0.223,4,pos,0.0,5.967001164359852
0.223,4,sbps,-0.0,5.967001164359852
0.223,4,prculs-d,-1.565749594054803,5.967001164359852
0.223,4,prcus-p,-1.9085359620241205,5.967001164359852
0.223,4,prcus-i,-3.3362664467760155,5.967001164359852
0.223,4,prcus-a,-1.5522244472294526,5.967001164359852
0.223,4,ifrms,-2.4284812940217804,5.967001164359852
0.223,4,sspls-v,0.3539044055970101,5.967001164359852
0.223,5,mcgs,0.0,5.489706571458151
0.223,5,pos,0.0,5.489706571458151
0.223,5,sbps,-0.0,5.489706571458151
0.223,5,prculs-d,-1.5891349490274946,5.489706571458151
0.223,5,prcus-p,-1.7938236731293629,5.489706571458151
0.223,5,prcus-i,-2.697707213237231,5.489706571458151
0.223,5,prcus-a,-1.2777422782499297,5.489706571458151
0.223,5,ifrms,-2.047528807121953,5.489706571458151
0.223,5,sspls-v,0.0,5.489706571458151
0.223,6,mcgs,-0.0,5.985383447769783
0.223,6,pos,0.0,5.985383447769783
0.223,6,sbps,-0.0,5.985383447769783
0.223,6,prculs-d,-1.4039423834184732,5.985383447769783
0.223,6,prcus-p,-1.1395519216799328,5.985383447769783
0.223,6,prcus-i,-2.592412944305459,5.985383447769783
0.223,6,prcus-a,-0.6312619384420857,5.985383447769783
0.223,6,ifrms,-2.639962097860375,5.985383447769783
0.223,6,sspls-v,0.5414629789926836,5.985383447769783
0.223,7,mcgs,-0.23045220881139725,6.1283937958013235
0.223,7,pos,-0.0,6.1283937958013235
0.223,7,sbps,-0.0,6.1283937958013235
0.223,7,prculs-d,-1.2558177715893535,6.1283937958013235
0.223,7,prcus-p,-1.6195385740467907,6.1283937958013235
0.223,7,prcus-i,-2.6377672704169006,6.1283937958013235
0.223,7,prcus-a,-0.9349131752602672,6.1283937958013235
0.223,7,ifrms,-2.5278029256744614,6.1283937958013235
0.223,7,sspls-v,0.2181087964311655,6.1283937958013235
0.223,8,mcgs,-0.0,5.470204372905493
0.223,8,pos,-0.06789923359589287,5.470204372905493
0.223,8,sbps,-0.01107473015045477,5.470204372905493
0.223,8,prculs-d,-0.0,5.470204372905493
0.223,8,prcus-p,-1.4355468431934222,5.470204372905493
0.223,8,prcus-i,-2.2840273612054256,5.470204372905493
0.223,8,prcus-a,-1.0524947225384285,5.470204372905493
0.223,8,ifrms,-2.090861261291609,5.470204372905493
0.223,8,sspls-v,0.10718426266395145,5.470204372905493
0.223,9,mcgs,-0.38820357306152037,5.72737161192083
0.223,9,pos,0.3331724344760488,5.72737161192083
0.223,9,sbps,0.0,5.72737161192083
0.223,9,prculs-d,-0.925785446695184,5.72737161192083
0.223,9,prcus-p,-1.53152381148394,5.72737161192083
0.223,9,prcus-i,-2.232093887796019,5.72737161192083
0.223,9,prcus-a,-0.3614701176808296,5.72737161192083
0.223,9,ifrms,-2.457732885332538,5.72737161192083
0.223,9,sspls-v,0.0,5.72737161192083
0.223,10,mcgs,-0.41255972333333757,5.645649748663766
0.223,10,pos,-0.0,5.645649748663766
0.223,10,sbps,-0.0,5.645649748663766
0.223,10,prculs-d,-0.5435042775307597,5.645649748663766
0.223,10,prcus-p,-1.5522719573556079,5.645649748663766
0.223,10,prcus-i,-2.794709503270595,5.645649748663766
0.223,10,prcus-a,-0.9663616433236386,5.645649748663766
0.223,10,ifrms,-2.856979311225032,5.645649748663766
0.223,10,sspls-v,0.0,5.645649748663766
0.223,11,mcgs,-0.1647261058235081,5.906960308964936
0.223,11,pos,0.0,5.906960308964936
0.223,11,sbps,-0.0,5.906960308964936
0.223,11,prculs-d,-1.2054770971838027,5.906960308964936
0.223,11,prcus-p,-0.9986897610013294,5.906960308964936
0.223,11,prcus-i,-1.8931640163588115,5.906960308964936
0.223,11,prcus-a,-0.4508307527316067,5.906960308964936
0.223,11,ifrms,-2.38104553748196,5.906960308964936
0.223,11,sspls-v,0.0,5.906960308964936
0.223,12,mcgs,-0.24979952556503485,5.784522876567691
0.223,12,pos,-0.0,5.784522876567691
0.223,12,sbps,-0.0,5.784522876567691
0.223,12,prculs-d,-1.2530115329326728,5.784522876567691
0.223,12,prcus-p,-1.0744167117457697,5.784522876567691
0.223,12,prcus-i,-2.801085796377784,5.784522876567691
0.223,12,prcus-a,-0.5539193450622201,5.784522876567691
0.223,12,ifrms,-3.0190307439617827,5.784522876567691
0.223,12,sspls-v,0.0,5.784522876567691
0.223,13,mcgs,-0.04556397627786813,5.969886688870746
0.223,13,pos,-0.0,5.969886688870746
0.223,13,sbps,-0.49277017082906976,5.969886688870746
0.223,13,prculs-d,-1.3607956644460248,5.969886688870746
0.223,13,prcus-p,-1.0655591713707335,5.969886688870746
0.223,13,prcus-i,-2.2942453064992914,5.969886688870746
0.223,13,prcus-a,-0.7402231642721405,5.969886688870746
0.223,13,ifrms,-2.208735246061699,5.969886688870746
0.223,13,sspls-v,0.40448780067156387,5.969886688870746
0.223,14,mcgs,-0.3058824646475754,6.314982498864695
0.223,14,pos,-0.0,6.314982498864695
0.223,14,sbps,-0.0,6.314982498864695
0.223,14,prculs-d,-1.2059874261982089,6.314982498864695
0.223,14,prcus-p,-1.5487188896426354,6.314982498864695
0.223,14,prcus-i,-2.5773223312295097,6.314982498864695
0.223,14,prcus-a,-0.8989465950884458,6.314982498864695
0.223,14,ifrms,-2.483082487852585,6.314982498864695
0.223,14,sspls-v,0.20900535938936002,6.314982498864695
0.223,15,mcgs,-0.5042836718758418,6.116968650674543
0.223,15,pos,-0.0,6.116968650674543
0.223,15,sbps,-0.0,6.116968650674543
0.223,15,prculs-d,-1.1811491704213726,6.116968650674543
0.223,15,prcus-p,-1.5683737906881146,6.116968650674543
0.223,15,prcus-i,-2.593873836909019,6.116968650674543
0.223,15,prcus-a,-0.9490128949307897,6.116968650674543
0.223,15,ifrms,-2.460939473090139,6.116968650674543
0.223,15,sspls-v,0.08094581070657988,6.116968650674543
0.223,16,mcgs,-0.23705145586776005,6.05209477842051
0.223,16,pos,-0.0,6.05209477842051
0.223,16,sbps,-0.0,6.05209477842051
0.223,16,prculs-d,-1.2186618587307467,6.05209477842051
0.223,16,prcus-p,-1.6855079207193604,6.05209477842051
0.223,16,prcus-i,-2.6626490410602206,6.05209477842051
0.223,16,prcus-a,-0.9620218573195217,6.05209477842051
0.223,16,ifrms,-2.495349771517109,6.05209477842051
0.223,16,sspls-v,0.07459658738105937,6.05209477842051
0.223,17,mcgs,-0.15026353223433545,5.726751558745463
0.223,17,pos,-1.0247521700405455,5.726751558745463
0.223,17,sbps,0.5620571194601106,5.726751558745463
0.223,17,prculs-d,-0.5941538706541772,5.726751558745463
0.223,17,prcus-p,-1.9455998393159646,5.726751558745463
0.223,17,prcus-i,-1.3877712004034037,5.726751558745463
0.223,17,prcus-a,-0.772845998013286,5.726751558745463
0.223,17,ifrms,-2.193133955510643,5.726751558745463
0.223,17,sspls-v,0.0,5.726751558745463
0.223,18,mcgs,-0.490700052911559,6.109471776013646
0.223,18,pos,0.0,6.109471776013646
0.223,18,sbps,-0.0,6.109471776013646
0.223,18,prculs-d,-1.1688071828733717,6.109471776013646
0.223,18,prcus-p,-1.77330167310577,6.109471776013646
0.223,18,prcus-i,-2.509313509779709,6.109471776013646
0.223,18,prcus-a,-1.089509573609922,6.109471776013646
0.223,18,ifrms,-2.6379271131707878,6.109471776013646
0.223,18,sspls-v,0.026990710708077233,6.109471776013646
0.223,19,mcgs,-0.30475959256963564,6.291387133744928
0.223,19,pos,-0.0,6.291387133744928
0.223,19,sbps,-0.0,6.291387133744928
0.223,19,prculs-d,-1.236445413310534,6.291387133744928
0.223,19,prcus-p,-1.6085376719463007,6.291387133744928
0.223,19,prcus-i,-2.5108935018434018,6.291387133744928
0.223,19,prcus-a,-0.9399653816488114,6.291387133744928
0.223,19,ifrms,-2.368473517156295,6.291387133744928
0.223,19,sspls-v,0.19852419356345558,6.291387133744928
0.223,20,mcgs,-0.5579713115221475,6.116654747311877
0.223,20,pos,-0.0,6.116654747311877
0.223,20,sbps,-0.0,6.116654747311877
0.223,20,prculs-d,-1.3297861188426823,6.116654747311877
0.223,20,prcus-p,-1.527071561618583,6.116654747311877
0.223,20,prcus-i,-2.6319548341462053,6.116654747311877
0.223,20,prcus-a,-0.6029038705120252,6.116654747311877
0.223,20,ifrms,-2.608443453062526,6.116654747311877
0.223,20,sspls-v,0.04265016585676843,6.116654747311877
0.223,21,mcgs,-0.2517132710080062,6.218460628698484
0.223,21,pos,-0.0,6.218460628698484
0.223,21,sbps,0.0,6.218460628698484
0.223,21,prculs-d,-1.3915572548719477,6.218460628698484
0.223,21,prcus-p,-1.811556966964012,6.218460628698484
0.223,21,prcus-i,-2.5096141054132217,6.218460628698484
0.223,21,prcus-a,-0.8300956502660765,6.218460628698484
0.223,21,ifrms,-2.3295709732824785,6.218460628698484
0.223,21,sspls-v,0.2741675298985585,6.218460628698484
0.223,22,mcgs,-0.0,6.011655581744288
0.223,22,pos,0.0,6.011655581744288
0.223,22,sbps,-0.0,6.011655581744288
0.223,22,prculs-d,-1.2914529203128002,6.011655581744288
0.223,22,prcus-p,-1.1295993856611268,6.011655581744288
0.223,22,prcus-i,-2.291168521232397,6.011655581744288
0.223,22,prcus-a,-0.7161653937128385,6.011655581744288
0.223,22,ifrms,-2.6455306976170108,6.011655581744288
0.223,22,sspls-v,0.13497553315893657,6.011655581744288
0.223,23,mcgs,-0.2490671287880526,5.565120906252235
0.223,23,pos,0.0065709998218766155,5.565120906252235
0.223,23,sbps,-0.0026906469298732675,5.565120906252235
0.223,23,prculs-d,-1.0895970313250436,5.565120906252235
0.223,23,prcus-p,-2.3417361832376677,5.565120906252235
0.223,23,prcus-i,-2.510906387496294,5.565120906252235
0.223,23,prcus-a,-1.3380860031631696,5.565120906252235
0.223,23,ifrms,-2.459792659804054,5.565120906252235
0.223,23,sspls-v,1.1358873791299324,5.565120906252235
0.223,24,mcgs,-0.22625188618938993,5.861143428215322
0.223,24,pos,0.34643839380277974,5.861143428215322
0.223,24,sbps,-0.26687015809603926,5.861143428215322
0.223,24,prculs-d,-1.158164193404156,5.861143428215322
0.223,24,prcus-p,-1.5082350722490998,5.861143428215322
0.223,24,prcus-i,-2.527205766414314,5.861143428215322
0.223,24,prcus-a,-0.6428761915771228,5.861143428215322
0.223,24,ifrms,-2.5928292200995777,5.861143428215322
0.223,24,sspls-v,0.04800993594747792,5.861143428215322
0.223,25,mcgs,-0.0,5.863623775709432
0.223,25,pos,-0.28424136913146497,5.863623775709432
0.223,25,sbps,-0.34617919689587423,5.863623775709432
0.223,25,prculs-d,-1.2791854546291708,5.863623775709432
0.223,25,prcus-p,-1.0840759641124593,5.863623775709432
0.223,25,prcus-i,-2.9022802592477976,5.863623775709432
0.223,25,prcus-a,-1.4946629354144352,5.863623775709432
0.223,25,ifrms,-2.8327723555553046,5.863623775709432
0.223,25,sspls-v,0.18701137802167173,5.863623775709432
0.223,26,mcgs,-0.3447387141013262,6.1908416077921125
0.223,26,pos,-0.0,6.1908416077921125
0.223,26,sbps,-0.0,6.1908416077921125
0.223,26,prculs-d,-1.3726525366718556,6.1908416077921125
0.223,26,prcus-p,-1.450205621794501,6.1908416077921125
0.223,26,prcus-i,-2.6149678461518326,6.1908416077921125
0.223,26,prcus-a,-0.9299194365531323,6.1908416077921125
0.223,26,ifrms,-2.7163264226646255,6.1908416077921125
0.223,26,sspls-v,0.21493099031128418,6.1908416077921125
0.223,27,mcgs,-0.7081811013492603,5.877579977792154
0.223,27,pos,-0.0,5.877579977792154
0.223,27,sbps,-0.156285638933379,5.877579977792154
0.223,27,prculs-d,-1.6351359816607745,5.877579977792154
0.223,27,prcus-p,-1.485000236919839,5.877579977792154
0.223,27,prcus-i,-2.704115252116557,5.877579977792154
0.223,27,prcus-a,-0.0,5.877579977792154
0.223,27,ifrms,-2.4128344356658378,5.877579977792154
0.223,27,sspls-v,0.4420721361690548,5.877579977792154
0.238,0,mcgs,-0.21207914438595338,6.138395774772911
0.238,0,pos,-0.0,6.138395774772911
0.238,0,sbps,-0.0,6.138395774772911
0.238,0,prculs-d,-1.2201925906358173,6.138395774772911
0.238,0,prcus-p,-1.5341564534631418,6.138395774772911
0.238,0,prcus-i,-2.515141759040016,6.138395774772911
0.238,0,prcus-a,-0.8702217196902561,6.138395774772911
0.238,0,ifrms,-2.514363516957752,6.138395774772911
0.238,0,sspls-v,0.1433230576280037,6.138395774772911
0.238,1,mcgs,-0.05978335211233443,5.722323635109359
0.238,1,pos,-0.004325938859141035,5.722323635109359
0.238,1,sbps,-0.8445974204857627,5.722323635109359
0.238,1,prculs-d,-1.734494032554495,5.722323635109359
0.238,1,prcus-p,-1.0897317568426341,5.722323635109359
0.238,1,prcus-i,-1.9516000137984657,5.722323635109359
0.238,1,prcus-a,-0.35707935044986844,5.722323635109359
0.238,1,ifrms,-2.163251868151422,5.722323635109359
0.238,1,sspls-v,0.0,5.722323635109359
0.238,2,mcgs,-0.6496335098150818,6.149366910210885
0.238,2,pos,-0.0,6.149366910210885
0.238,2,sbps,0.0,6.149366910210885
0.238,2,prculs-d,-1.242301140451816,6.149366910210885
0.238,2,prcus-p,-1.4951192022060058,6.149366910210885
0.238,2,prcus-i,-2.771918406651525,6.149366910210885
0.238,2,prcus-a,-0.9501665189565026,6.149366910210885
0.238,2,ifrms,-2.7000196354771417,6.149366910210885
0.238,2,sspls-v,0.40047716187119875,6.149366910210885
0.238,3,mcgs,-0.19034961884039814,6.110045833834646
0.238,3,pos,0.0,6.110045833834646
0.238,3,sbps,-0.0,6.110045833834646
0.238,3,prculs-d,-1.1573319676059748,6.110045833834646
0.238,3,prcus-p,-1.3429328518531154,6.110045833834646
0.238,3,prcus-i,-2.4122763212812695,6.110045833834646
0.238,3,prcus-a,-0.7577076379234485,6.110045833834646
0.238,3,ifrms,-2.199621619209128,6.110045833834646
0.238,3,sspls-v,0.0915554549442344,6.110045833834646
0.238,4,mcgs,-0.3992558575995427,5.9649464948746465
0.238,4,pos,0.0,5.9649464948746465
0.238,4,sbps,-0.0,5.9649464948746465
0.238,4,prculs-d,-1.5049172894476721,5.9649464948746465
0.238,4,prcus-p,-1.792816879671332,5.9649464948746465
0.238,4,prcus-i,-3.1843670853797907,5.9649464948746465
0.238,4,prcus-a,-1.4276210730478127,5.9649464948746465
0.238,4,ifrms,-2.3897552177449923,5.9649464948746465
0.238,4,sspls-v,0.29759172948847373,5.9649464948746465
0.238,5,mcgs,0.0,5.482534807883116
0.238,5,pos,0.0,5.482534807883116
0.238,5,sbps,-0.0,5.482534807883116
0.238,5,prculs-d,-1.5632785629242507,5.482534807883116
0.238,5,prcus-p,-1.7490423580904928,5.482534807883116
0.238,5,prcus-i,-2.6298691978096334,5.482534807883116
0.238,5,prcus-a,-1.2062147557140028,5.482534807883116
0.238,5,ifrms,-2.0283786732866687,5.482534807883116
0.238,5,sspls-v,0.0,5.482534807883116
0.238,6,mcgs,-0.0,5.952460564766106
0.238,6,pos,0.0,5.952460564766106
0.238,6,sbps,-0.0,5.952460564766106
0.238,6,prculs-d,-1.3623334503924738,5.952460564766106
0.238,6,prcus-p,-1.0829555521148466,5.952460564766106
0.238,6,prcus-i,-2.5059857717018548,5.952460564766106
0.238,6,prcus-a,-0.5524779363269094,5.952460564766106
0.238,6,ifrms,-2.614742990857083,5.952460564766106
0.238,6,sspls-v,0.49704369632565254,5.952460564766106
0.238,7,mcgs,-0.1645620050336183,6.089966446851968
0.238,7,pos,-0.0,6.089966446851968
0.238,7,sbps,-0.0,6.089966446851968
0.238,7,prculs-d,-1.2119520107404373,6.089966446851968
0.238,7,prcus-p,-1.5207062937452553,6.089966446851968
0.238,7,prcus-i,-2.522483270346002,6.089966446851968
0.238,7,prcus-a,-0.8406849311441501,6.089966446851968
0.238,7,ifrms,-2.484702950955474,6.089966446851968
0.238,7,sspls-v,0.16948675212903103,6.089966446851968
0.238,8,mcgs,0.0,5.447355509835474
0.238,8,pos,-0.04393800073523893,5.447355509835474
0.238,8,sbps,-0.007041695420571509,5.447355509835474
0.238,8,prculs-d,-0.0,5.447355509835474
0.238,8,prcus-p,-1.3771231389071739,5.447355509835474
0.238,8,prcus-i,-2.212585416499246,5.447355509835474
0.238,8,prcus-a,-0.9687788562517076,5.447355509835474
0.238,8,ifrms,-2.0756365157666994,5.447355509835474
0.238,8,sspls-v,0.06898199590540062,5.447355509835474
0.238,9,mcgs,-0.3119224094440373,5.667847473664588
0.238,9,pos,0.30790376505817085,5.667847473664588
0.238,9,sbps,0.0,5.667847473664588
0.238,9,prculs-d,-0.8940885923638465,5.667847473664588
0.238,9,prcus-p,-1.4486196687197004,5.667847473664588
0.238,9,prcus-i,-2.1359976112804326,5.667847473664588
0.238,9,prcus-a,-0.28207761696117867,5.667847473664588
0.238,9,ifrms,-2.408798089308302,5.667847473664588
0.238,9,sspls-v,0.0,5.667847473664588
0.238,10,mcgs,-0.34229530148153053,5.605687656005706
0.238,10,pos,-0.0,5.605687656005706
0.238,10,sbps,-0.0,5.605687656005706
0.238,10,prculs-d,-0.5219014855792553,5.605687656005706
0.238,10,prcus-p,-1.4701809853316783,5.605687656005706
0.238,10,prcus-i,-2.703771685692908,5.605687656005706
0.238,10,prcus-a,-0.8848840077543654,5.605687656005706
0.238,10,ifrms,-2.815254027301768,5.605687656005706
0.238,10,sspls-v,0.0,5.605687656005706
0.238,11,mcgs,-0.09386940372621635,5.8444173597764495
0.238,11,pos,0.0,5.8444173597764495
0.238,11,sbps,-0.0,5.8444173597764495
0.238,11,prculs-d,-1.1804469205599153,5.8444173597764495
0.238,11,prcus-p,-0.9072838622454062,5.8444173597764495
0.238,11,prcus-i,-1.7887578393716248,5.8444173597764495
0.238,11,prcus-a,-0.35860094480843874,5.8444173597764495
0.238,11,ifrms,-2.3363805041548305,5.8444173597764495
0.238,11,sspls-v,0.0,5.8444173597764495
0.238,12,mcgs,-0.18296390013966113,5.732253226935911
0.238,12,pos,-0.0,5.732253226935911
0.238,12,sbps,-0.0,5.732253226935911
0.238,12,prculs-d,-1.226431282338756,5.732253226935911
0.238,12,prcus-p,-0.995645871926048,5.732253226935911
0.238,12,prcus-i,-2.7139429004409235,5.732253226935911
0.238,12,prcus-a,-0.48084697540736443,5.732253226935911
0.238,12,ifrms,-2.98050037958695,5.732253226935911
0.238,12,sspls-v,0.0,5.732253226935911
0.238,13,mcgs,-0.0,5.944040936560662
0.238,13,pos,-0.0,5.944040936560662
0.238,13,sbps,-0.49091206618492905,5.944040936560662
0.238,13,prculs-d,-1.318468960756797,5.944040936560662
0.238,13,prcus-p,-0.9800299794739772,5.944040936560662
0.238,13,prcus-i,-2.1891478999730194,5.944040936560662
0.238,13,prcus-a,-0.6508918099219491,5.944040936560662
0.238,13,ifrms,-2.1719181350827212,5.944040936560662
0.238,13,sspls-v,0.3585197878907771,5.944040936560662
0.238,14,mcgs,-0.23791405737588758,6.272696567737378
0.238,14,pos,-0.0,6.272696567737378
0.238,14,sbps,-0.0,6.272696567737378
0.238,14,prculs-d,-1.1630672594506763,6.272696567737378
0.238,14,prcus-p,-1.4587664954690103,6.272696567737378
0.238,14,prcus-i,-2.4651960329839833,6.272696567737378
0.238,14,prcus-a,-0.8092623448137812,6.272696567737378
0.238,14,ifrms,-2.4418449920879404,6.272696567737378
0.238,14,sspls-v,0.1637732649554364,6.272696567737378
0.238,15,mcgs,-0.44529916184823587,6.079635645050734
0.238,15,pos,-0.0,6.079635645050734
0.238,15,sbps,-0.0,6.079635645050734
0.238,15,prculs-d,-1.1381252993142088,6.079635645050734
0.238,15,prcus-p,-1.4741573830999306,6.079635645050734
0.238,15,prcus-i,-2.4818933093140036,6.079635645050734
0.238,15,prcus-a,-0.8589009070128379,6.079635645050734
0.238,15,ifrms,-2.4200220903810417,6.079635645050734
0.238,15,sspls-v,0.03346915991992957,6.079635645050734
0.238,16,mcgs,-0.16953568716808173,6.019612332457769
0.238,16,pos,-0.0,6.019612332457769
0.238,16,sbps,-0.0,6.019612332457769
0.238,16,prculs-d,-1.1757462794818971,6.019612332457769
0.238,16,prcus-p,-1.5891966256842196,6.019612332457769
0.238,16,prcus-i,-2.549930708731987,6.019612332457769
0.238,16,prcus-a,-0.8692648707574503,6.019612332457769
0.238,16,ifrms,-2.451723188878323,6.019612332457769
0.238,16,sspls-v,0.029952795866213217,6.019612332457769
0.238,17,mcgs,-0.07976264844726573,5.684091946522859
0.238,17,pos,-1.0193848379287156,5.684091946522859
0.238,17,sbps,0.5222936909106197,5.684091946522859
0.238,17,prculs-d,-0.5758054208838383,5.684091946522859
0.238,17,prcus-p,-1.838522273873253,5.684091946522859
0.238,17,prcus-i,-1.3011282711814265,5.684091946522859
0.238,17,prcus-a,-0.6849967623839849,5.684091946522859
0.238,17,ifrms,-2.1531876433384336,5.684091946522859
0.238,17,sspls-v,0.0,5.684091946522859
0.238,18,mcgs,-0.41297394367035106,6.068270991051007
0.238,18,pos,0.0,6.068270991051007
0.238,18,sbps,-0.0,6.068270991051007
0.238,18,prculs-d,-1.133044750729481,6.068270991051007
0.238,18,prcus-p,-1.6715175644321933,6.068270991051007
0.238,18,prcus-i,-2.406573628960774,6.068270991051007
0.238,18,prcus-a,-0.9943531983433151,6.068270991051007
0.238,18,ifrms,-2.5909391220638915,6.068270991051007
0.238,18,sspls-v,0.0,6.068270991051007
0.238,19,mcgs,-0.22870029232026146,6.255078795111155
0.238,19,pos,-0.0,6.255078795111155
0.238,19,sbps,-0.0,6.255078795111155
0.238,19,prculs-d,-1.1935724985248333,6.255078795111155
0.238,19,prcus-p,-1.5056526574941929,6.255078795111155
0.238,19,prcus-i,-2.4043113045371154,6.255078795111155
0.238,19,prcus-a,-0.8410713288292526,6.255078795111155
0.238,19,ifrms,-2.315707630989651,6.255078795111155
0.238,19,sspls-v,0.14818483323910922,6.255078795111155
0.238,20,mcgs,-0.4898432213317192,6.091391321713342
0.238,20,pos,-0.0,6.091391321713342
0.238,20,sbps,-0.0,6.091391321713342
0.238,20,prculs-d,-1.2884579134912935,6.091391321713342
0.238,20,prcus-p,-1.4281692831547144,6.091391321713342
0.238,20,prcus-i,-2.5205050652661147,6.091391321713342
0.238,20,prcus-a,-0.5130766498342508,6.091391321713342
0.238,20,ifrms,-2.5652044930642997,6.091391321713342
0.238,20,sspls-v,0.0,6.091391321713342
0.238,21,mcgs,-0.18369171179552823,6.190862053899225
0.238,21,pos,-0.0,6.190862053899225
0.238,21,sbps,0.0,6.190862053899225
0.238,21,prculs-d,-1.3499199543988263,6.190862053899225
0.238,21,prcus-p,-1.7189433353673993,6.190862053899225
0.238,21,prcus-i,-2.397969760524926,6.190862053899225
0.238,21,prcus-a,-0.7387959103998292,6.190862053899225
0.238,21,ifrms,-2.286767537261593,6.190862053899225
0.238,21,sspls-v,0.22677853163088543,6.190862053899225
0.238,22,mcgs,-0.0,5.954448470872065
0.238,22,pos,0.0,5.954448470872065
0.238,22,sbps,-0.0,5.954448470872065
0.238,22,prculs-d,-1.2526997181092636,5.954448470872065
0.238,22,prcus-p,-1.064821186287604,5.954448470872065
0.238,22,prcus-i,-2.204837223397154,5.954448470872065
0.238,22,prcus-a,-0.6328655045043569,5.954448470872065
0.238,22,ifrms,-2.6266005076150973,5.954448470872065
0.238,22,sspls-v,0.08676432515237631,5.954448470872065
0.238,23,mcgs,-0.17740386386749063,5.544455028010816
0.238,23,pos,0.0,5.544455028010816
0.238,23,sbps,-0.0,5.544455028010816
0.238,23,prculs-d,-1.047452413712288,5.544455028010816
0.238,23,prcus-p,-2.23651377543061,5.544455028010816
0.238,23,prcus-i,-2.3996639108158035,5.544455028010816
0.238,23,prcus-a,-1.2417510438989472,5.544455028010816
0.238,23,ifrms,-2.41524685642715,5.544455028010816
0.238,23,sspls-v,1.0868011796588422,5.544455028010816
0.238,24,mcgs,-0.15157790676137703,5.825327645259631
0.238,24,pos,0.3234072304729091,5.825327645259631
0.238,24,sbps,-0.2658456287328223,5.825327645259631
0.238,24,prculs-d,-1.1114626294453847,5.825327645259631
0.238,24,prcus-p,-1.4086942348927367,5.825327645259631
0.238,24,prcus-i,-2.412697816924916,5.825327645259631
0.238,24,prcus-a,-0.5530766168210508,5.825327645259631
0.238,24,ifrms,-2.5427782836492603,5.825327645259631
0.238,24,sspls-v,0.0026524406460526418,5.825327645259631
0.238,25,mcgs,-0.0,5.833661295519732
0.238,25,pos,-0.2615066413681851,5.833661295519732
0.238,25,sbps,-0.3342721467443207,5.833661295519732
0.238,25,prculs-d,-1.239600673794155,5.833661295519732
0.238,25,prcus-p,-1.029494356091725,5.833661295519732
0.238,25,prcus-i,-2.810861649989749,5.833661295519732
0.238,25,prcus-a,-1.407763258284386,5.833661295519732
0.238,25,ifrms,-2.809747305399159,5.833661295519732
0.238,25,sspls-v,0.1373767263725883,5.833661295519732
0.238,26,mcgs,-0.2741291434420272,6.152517162425418
0.238,26,pos,-0.0,6.152517162425418
0.238,26,sbps,-0.0,6.152517162425418
0.238,26,prculs-d,-1.3290425176728506,6.152517162425418
0.238,26,prcus-p,-1.3529371031289812,6.152517162425418
0.238,26,prcus-i,-2.5018534592668753,6.152517162425418
0.238,26,prcus-a,-0.8365492984127916,6.152517162425418
0.238,26,ifrms,-2.670002801593401,6.152517162425418
0.238,26,sspls-v,0.16696995866129444,6.152517162425418
0.238,27,mcgs,-0.6416675748510016,5.862370867659142
0.238,27,pos,-0.0,5.862370867659142
0.238,27,sbps,-0.14040564603308775,5.862370867659142
0.238,27,prculs-d,-1.5858005008515823,5.862370867659142
0.238,27,prcus-p,-1.4371264384901181,5.862370867659142
0.238,27,prcus-i,-2.63742298373417,5.862370867659142
0.238,27,prcus-a,-0.0,5.862370867659142
0.238,27,ifrms,-2.3829318987047956,5.862370867659142
0.238,27,sspls-v,0.39984161328741996,5.862370867659142
0.255,0,mcgs,-0.13473627940877164,6.099182744437851
0.255,0,pos,-0.0,6.099182744437851
0.255,0,sbps,-0.0,6.099182744437851
0.255,0,prculs-d,-1.167162127453574,6.099182744437851
0.255,0,prcus-p,-1.414942626799689,6.099182744437851
0.255,0,prcus-i,-2.37844709253267,6.099182744437851
0.255,0,prcus-a,-0.758441437805012,6.099182744437851
0.255,0,ifrms,-2.4636580108360677,6.099182744437851
0.255,0,sspls-v,0.09000737559712882,6.099182744437851
0.255,1,mcgs,-0.0,5.669903439053369
0.255,1,pos,-0.0,5.669903439053369
0.255,1,sbps,-0.8419182319934899,5.669903439053369
0.255,1,prculs-d,-1.7079785984815248,5.669903439053369
0.255,1,prcus-p,-1.0102795010066234,5.669903439053369
0.255,1,prcus-i,-1.8545395046401052,5.669903439053369
0.255,1,prcus-a,-0.2668451937927032,5.669903439053369
0.255,1,ifrms,-2.122579946270727,5.669903439053369
0.255,1,sspls-v,0.0,5.669903439053369
0.255,2,mcgs,-0.5674073003146409,6.127471384467648
0.255,2,pos,-0.0,6.127471384467648
0.255,2,sbps,0.0,6.127471384467648
0.255,2,prculs-d,-1.192258998524159,6.127471384467648
0.255,2,prcus-p,-1.3887420404327093,6.127471384467648
0.255,2,prcus-i,-2.6357881688940528,6.127471384467648
0.255,2,prcus-a,-0.8420380746883617,6.127471384467648
0.255,2,ifrms,-2.6451530553619413,6.127471384467648
0.255,2,sspls-v,0.3423058230846239,6.127471384467648
0.255,3,mcgs,-0.10669704101660768,6.050284951282686
0.255,3,pos,0.0,6.050284951282686
0.255,3,sbps,-0.0,6.050284951282686
0.255,3,prculs-d,-1.1016186796089231,6.050284951282686
0.255,3,prcus-p,-1.2143772938392567,6.050284951282686
0.255,3,prcus-i,-2.2611916324404757,6.050284951282686
0.255,3,prcus-a,-0.6352888087033483,6.050284951282686
0.255,3,ifrms,-2.135666036050243,6.050284951282686
0.255,3,sspls-v,0.026950266666504043,6.050284951282686
0.255,4,mcgs,-0.30966011433889046,5.95993012271582
0.255,4,pos,0.0,5.95993012271582
0.255,4,sbps,-0.0,5.95993012271582
0.255,4,prculs-d,-1.4360932259241828,5.95993012271582
0.255,4,prcus-p,-1.6618962803374782,5.95993012271582
0.255,4,prcus-i,-3.0125023509037416,5.95993012271582
0.255,4,prcus-a,-1.2866023953577457,5.95993012271582
0.255,4,ifrms,-2.3459135412534424,5.95993012271582
0.255,4,sspls-v,0.23384544847834016,5.95993012271582
0.255,5,mcgs,0.0,5.47468528386493
0.255,5,pos,0.0,5.47468528386493
0.255,5,sbps,-0.0,5.47468528386493
0.255,5,prculs-d,-1.5339746586739067,5.47468528386493
0.255,5,prcus-p,-1.6982902010464396,5.47468528386493
0.255,5,prcus-i,-2.5529861136583554,5.47468528386493
0.255,5,prcus-a,-1.1251502301732856,5.47468528386493
0.255,5,ifrms,-2.0066751882733453,5.47468528386493
0.255,5,sspls-v,0.0,5.47468528386493
0.255,6,mcgs,-0.0,5.918201436014907
0.255,6,pos,0.0,5.918201436014907
0.255,6,sbps,-0.0,5.918201436014907
0.255,6,prculs-d,-1.3150960846703472,5.918201436014907
0.255,6,prcus-p,-1.0186804383384949,5.918201436014907
0.255,6,prcus-i,-2.4078812822343263,5.918201436014907
0.255,6,prcus-a,-0.46307374862520506,5.918201436014907
0.255,6,ifrms,-2.586161825494592,5.918201436014907
0.255,6,sspls-v,0.4466434295957425,5.918201436014907
0.255,7,mcgs,-0.08989791073455582,6.054551646943609
0.255,7,pos,-0.0,6.054551646943609
0.255,7,sbps,-0.0,6.054551646943609
0.255,7,prculs-d,-1.1622429177428035,6.054551646943609
0.255,7,prcus-p,-1.4087100537543813,6.054551646943609
0.255,7,prcus-i,-2.3918425649020225,6.054551646943609
0.255,7,prcus-a,-0.7339024707220734,6.054551646943609
0.255,7,ifrms,-2.4358600874702714,6.054551646943609
0.255,7,sspls-v,0.11438562346061124,6.054551646943609
0.255,8,mcgs,0.0,5.419650888241245
0.255,8,pos,-0.016782456359300115,5.419650888241245
0.255,8,sbps,-0.0024641739859278516,5.419650888241245
0.255,8,prculs-d,-0.0,5.419650888241245
0.255,8,prcus-p,-1.310921960593032,5.419650888241245
0.255,8,prcus-i,-2.1316264925767063,5.419650888241245
0.255,8,prcus-a,-0.8739094753603233,5.419650888241245
0.255,8,ifrms,-2.058381286183325,5.419650888241245
0.255,8,sspls-v,0.02568897917646012,5.419650888241245
0.255,9,mcgs,-0.22533428008518272,5.600101210843992
0.255,9,pos,0.27924635196053993,5.600101210843992
0.255,9,sbps,0.0,5.600101210843992
0.255,9,prculs-d,-0.8581263994221144,5.600101210843992
0.255,9,prcus-p,-1.3545409617823048,5.600101210843992
0.255,9,prcus-i,-2.0269593606394802,5.600101210843992
0.255,9,prcus-a,-0.19201631265735808,5.600101210843992
0.255,9,ifrms,-2.3532911490488497,5.600101210843992
0.255,9,sspls-v,0.0,5.600101210843992
0.255,10,mcgs,-0.26266229004948377,5.574795008790676
0.255,10,pos,-0.0,5.574795008790676
0.255,10,sbps,-0.0,5.574795008790676
0.255,10,prculs-d,-0.49741832136755043,5.574795008790676
0.255,10,prcus-p,-1.3771445503712234,5.574795008790676
0.255,10,prcus-i,-2.600708825771532,5.574795008790676
0.255,10,prcus-a,-0.7925426874425235,5.574795008790676
0.255,10,ifrms,-2.7679653721887365,5.574795008790676
0.255,10,sspls-v,-0.0,5.574795008790676
0.255,11,mcgs,-0.01341995453507003,5.773314023953095
0.255,11,pos,0.0,5.773314023953095
0.255,11,sbps,-0.0,5.773314023953095
0.255,11,prculs-d,-1.1520495586433424,5.773314023953095
0.255,11,prcus-p,-0.803524143462568,5.773314023953095
0.255,11,prcus-i,-1.6702694977991739,5.773314023953095
0.255,11,prcus-a,-0.25395358178500316,5.773314023953095
0.255,11,ifrms,-2.2857149296236385,5.773314023953095
0.255,11,sspls-v,0.0,5.773314023953095
0.255,12,mcgs,-0.10744421244595956,5.682914192443333
0.255,12,pos,-0.0,5.682914192443333
0.255,12,sbps,-0.0,5.682914192443333
0.255,12,prculs-d,-1.1963659125714305,5.682914192443333
0.255,12,prcus-p,-0.9065845294071394,5.682914192443333
0.255,12,prcus-i,-2.6153831517644517,5.682914192443333
0.255,12,prcus-a,-0.39816091677496684,5.682914192443333
0.255,12,ifrms,-2.9368970883976724,5.682914192443333
0.255,12,sspls-v,0.0,5.682914192443333
0.255,13,mcgs,-0.0,5.909025990644169
0.255,13,pos,-0.0,5.909025990644169
0.255,13,sbps,-0.4854522728187706,5.909025990644169
0.255,13,prculs-d,-1.2715913488302533,5.909025990644169
0.255,13,prcus-p,-0.9145606251913964,5.909025990644169
0.255,13,prcus-i,-2.091698405242428,5.909025990644169
0.255,13,prcus-a,-0.559793423969363,5.909025990644169
0.255,13,ifrms,-2.145388121088367,5.909025990644169
0.255,13,sspls-v,0.305786515103913,5.909025990644169
0.255,14,mcgs,-0.16075221316009694,6.22164354154803
0.255,14,pos,-0.0,6.22164354154803
0.255,14,sbps,-0.0,6.22164354154803
0.255,14,prculs-d,-1.114363934974814,6.22164354154803
0.255,14,prcus-p,-1.3566962193370482,6.22164354154803
0.255,14,prcus-i,-2.3379646280604653,6.22164354154803
0.255,14,prcus-a,-0.7075271646553685,6.22164354154803
0.255,14,ifrms,-2.39506326262142,6.22164354154803
0.255,14,sspls-v,0.11247425106408064,6.22164354154803
0.255,15,mcgs,-0.3769128634965873,6.032941449721209
0.255,15,pos,-0.0,6.032941449721209
0.255,15,sbps,-0.0,6.032941449721209
0.255,15,prculs-d,-1.0964701147039688,6.032941449721209
0.255,15,prcus-p,-1.375025390495132,6.032941449721209
0.255,15,prcus-i,-2.36358316375547,6.032941449721209
0.255,15,prcus-a,-0.7613628542523249,6.032941449721209
0.255,15,ifrms,-2.3747526802214782,6.032941449721209
0.255,15,sspls-v,0.0,6.032941449721209
0.255,16,mcgs,-0.09361279979247186,5.9779118753762805
0.255,16,pos,-0.0,5.9779118753762805
0.255,16,sbps,-0.0,5.9779118753762805
0.255,16,prculs-d,-1.1344132773818616,5.9779118753762805
0.255,16,prcus-p,-1.4873176607415735,5.9779118753762805
0.255,16,prcus-i,-2.430624184880284,5.9779118753762805
0.255,16,prcus-a,-0.7691133155169558,5.9779118753762805
0.255,16,ifrms,-2.403729912901418,5.9779118753762805
0.255,16,sspls-v,0.0,5.9779118753762805
0.255,17,mcgs,-1.1770808834562535e-05,5.631116412396206
0.255,17,pos,-1.0132732657355616,5.631116412396206
0.255,17,sbps,0.4773029086207305,5.631116412396206
0.255,17,prculs-d,-0.5550318741277961,5.631116412396206
0.255,17,prcus-p,-1.7172775986112334,5.631116412396206
0.255,17,prcus-i,-1.2030356238343032,5.631116412396206
0.255,17,prcus-a,-0.5855006257512892,5.631116412396206
0.255,17,ifrms,-2.107987644610705,5.631116412396206
0.255,17,sspls-v,-0.0,5.631116412396206
0.255,18,mcgs,-0.3208122609493022,6.018002922448846
0.255,18,pos,0.0,6.018002922448846
0.255,18,sbps,-0.0,6.018002922448846
0.255,18,prculs-d,-1.1035799043786052,6.018002922448846
0.255,18,prcus-p,-1.5639229976573488,6.018002922448846
0.255,18,prcus-i,-2.3024447293502828,6.018002922448846
0.255,18,prcus-a,-0.8901228105088065,6.018002922448846
0.255,18,ifrms,-2.536340861186502,6.018002922448846
0.255,18,sspls-v,0.0,6.018002922448846
0.255,19,mcgs,-0.14250649607519464,6.208037790754516
0.255,19,pos,-0.0,6.208037790754516
0.255,19,sbps,-0.0,6.208037790754516
0.255,19,prculs-d,-1.1449856296121177,6.208037790754516
0.255,19,prcus-p,-1.3890569850632748,6.208037790754516
0.255,19,prcus-i,-2.2835249912163613,6.208037790754516
0.255,19,prcus-a,-0.7289967442211092,6.208037790754516
0.255,19,ifrms,-2.255908863810856,6.208037790754516
0.255,19,sspls-v,0.09113547256003689,6.208037790754516
0.255,20,mcgs,-0.4093799936486218,6.051060088004232
0.255,20,pos,-0.0,6.051060088004232
0.255,20,sbps,-0.0,6.051060088004232
0.255,20,prculs-d,-1.256483711359375,6.051060088004232
0.255,20,prcus-p,-1.3359494935422243,6.051060088004232
0.255,20,prcus-i,-2.413822952116619,6.051060088004232
0.255,20,prcus-a,-0.4263563717164605,6.051060088004232
0.255,20,ifrms,-2.517688591785951,6.051060088004232
0.255,20,sspls-v,0.0,6.051060088004232
0.255,21,mcgs,-0.10660061135472144,6.152546917481338
0.255,21,pos,-0.0,6.152546917481338
0.255,21,sbps,0.0,6.152546917481338
0.255,21,prculs-d,-1.302731013862623,6.152546917481338
0.255,21,prcus-p,-1.6139812195579073,6.152546917481338
0.255,21,prcus-i,-2.271439502984861,6.152546917481338
0.255,21,prcus-a,-0.635322871884751,6.152546917481338
0.255,21,ifrms,-2.2382569764379228,6.152546917481338
0.255,21,sspls-v,0.17307100026085787,6.152546917481338
0.255,22,mcgs,-0.0,5.8988295866212646
0.255,22,pos,0.0,5.8988295866212646
0.255,22,sbps,-0.0,5.8988295866212646
0.255,22,prculs-d,-1.2087367596146663,5.8988295866212646
0.255,22,prcus-p,-0.9912919740098315,5.8988295866212646
0.255,22,prcus-i,-2.106890420816961,5.8988295866212646
0.255,22,prcus-a,-0.5383716062816543,5.8988295866212646
0.255,22,ifrms,-2.605161670485252,5.8988295866212646
0.255,22,sspls-v,0.032078586319574894,5.8988295866212646
0.255,23,mcgs,-0.09774945606154929,5.516029731128983
0.255,23,pos,0.0,5.516029731128983
0.255,23,sbps,-0.0,5.516029731128983
0.255,23,prculs-d,-1.0011882684808444,5.516029731128983
0.255,23,prcus-p,-2.115884215747793,5.516029731128983
0.255,23,prcus-i,-2.273193292022478,5.516029731128983
0.255,23,prcus-a,-1.1313905345677089,5.516029731128983
0.255,23,ifrms,-2.366661538350922,5.516029731128983
0.255,23,sspls-v,1.0311818380519289,5.516029731128983
0.255,24,mcgs,-0.06634879310393266,5.779937949074024
0.255,24,pos,0.2923926553712741,5.779937949074024
0.255,24,sbps,-0.2642183272187394,5.779937949074024
0.255,24,prculs-d,-1.0745219045254881,5.779937949074024
0.255,24,prcus-p,-1.3152788137952007,5.779937949074024
0.255,24,prcus-i,-2.3037843049654674,5.779937949074024
0.255,24,prcus-a,-0.4645081145426422,5.779937949074024
0.255,24,ifrms,-2.4870138765676715,5.779937949074024
0.255,24,sspls-v,0.0,5.779937949074024
0.255,25,mcgs,-0.0,5.80598404554954
0.255,25,pos,-0.23574024956537126,5.80598404554954
0.255,25,sbps,-0.32077333457346,5.80598404554954
0.255,25,prculs-d,-1.1947406113084036,5.80598404554954
0.255,25,prcus-p,-0.9676433874452168,5.80598404554954
0.255,25,prcus-i,-2.70726069556503,5.80598404554954
0.255,25,prcus-a,-1.3092823420527187,5.80598404554954
0.255,25,ifrms,-2.7836521746777567,5.80598404554954
0.255,25,sspls-v,0.08112684470504987,5.80598404554954
0.255,26,mcgs,-0.193952905361335,6.104039198152171
0.255,26,pos,-0.0,6.104039198152171
0.255,26,sbps,-0.0,6.104039198152171
0.255,26,prculs-d,-1.2795609451983163,6.104039198152171
0.255,26,prcus-p,-1.2425314956230356,6.104039198152171
0.255,26,prcus-i,-2.373486416686382,6.104039198152171
0.255,26,prcus-a,-0.730613605436806,6.104039198152171
0.255,26,ifrms,-2.617452293782397,6.104039198152171
0.255,26,sspls-v,0.11257103432512496,6.104039198152171
0.255,27,mcgs,-0.5662855781529758,5.843563990559172
0.255,27,pos,-0.0,5.843563990559172
0.255,27,sbps,-0.12240832074608919,5.843563990559172
0.255,27,prculs-d,-1.529886955934497,5.843563990559172
0.255,27,prcus-p,-1.382869466936435,5.843563990559172
0.255,27,prcus-i,-2.5618384129007956,5.843563990559172
0.255,27,prcus-a,-0.0,5.843563990559172
0.255,27,ifrms,-2.3490423568156165,5.843563990559172
0.255,27,sspls-v,0.35198035402156397,5.843563990559172
0.272,0,mcgs,-0.05732837802698505,6.06364877502071
0.272,0,pos,-0.0,6.06364877502071
0.272,0,sbps,-0.0,6.06364877502071
0.272,0,prculs-d,-1.1140989381980102,6.06364877502071
0.272,0,prcus-p,-1.2956452189527532,6.06364877502071
0.272,0,prcus-i,-2.2416678377675723,6.06364877502071
0.272,0,prcus-a,-0.6466038140200712,6.06364877502071
0.272,0,ifrms,-2.412931581152066,6.06364877502071
0.272,0,sspls-v,0.036670331827170874,6.06364877502071
0.272,1,mcgs,-0.0,5.615583298191324
0.272,1,pos,-0.0,5.615583298191324
0.272,1,sbps,-0.8368443662219361,5.615583298191324
0.272,1,prculs-d,-1.6814872078958936,5.615583298191324
0.272,1,prcus-p,-0.9659023393082832,5.615583298191324
0.272,1,prcus-i,-1.7819148463666719,5.615583298191324
0.272,1,prcus-a,-0.1888552027373271,5.615583298191324
0.272,1,ifrms,-2.0983073275292083,5.615583298191324
0.272,1,sspls-v,0.0,5.615583298191324
0.272,2,mcgs,-0.48505073158967094,6.099956124590327
0.272,2,pos,-0.0,6.099956124590327
0.272,2,sbps,0.0,6.099956124590327
0.272,2,prculs-d,-1.1421523875792838,6.099956124590327
0.272,2,prcus-p,-1.2822239714128565,6.099956124590327
0.272,2,prcus-i,-2.4994869487508447,6.099956124590327
0.272,2,prcus-a,-0.7338001732858166,6.099956124590327
0.272,2,ifrms,-2.59023600924699,6.099956124590327
0.272,2,sspls-v,0.2840839149614316,6.099956124590327
0.272,3,mcgs,-0.024437996284374916,5.989081665386851
0.272,3,pos,0.0,5.989081665386851
0.272,3,sbps,-0.0,5.989081665386851
0.272,3,prculs-d,-1.0593545250029561,5.989081665386851
0.272,3,prcus-p,-1.103017749379315,5.989081665386851
0.272,3,prcus-i,-2.129153322715687,5.989081665386851
0.272,3,prcus-a,-0.524678269546161,5.989081665386851
0.272,3,ifrms,-2.0766459688765186,5.989081665386851
0.272,3,sspls-v,0.0,5.989081665386851
0.272,4,mcgs,-0.22006968302345842,5.9549673449034835
0.272,4,pos,0.0,5.9549673449034835
0.272,4,sbps,-0.0,5.9549673449034835
0.272,4,prculs-d,-1.3672726078135782,5.9549673449034835
0.272,4,prcus-p,-1.530982261548014,5.9549673449034835
0.272,4,prcus-i,-2.8406459362559473,5.9549673449034835
0.272,4,prcus-a,-1.1455894538953462,5.9549673449034835
0.272,4,ifrms,-2.30207324843578,5.9549673449034835
0.272,4,sspls-v,0.17010132786021784,5.9549673449034835
0.272,5,mcgs,0.0,5.462663863803459
0.272,5,pos,0.0,5.462663863803459
0.272,5,sbps,-0.0,5.462663863803459
0.272,5,prculs-d,-1.5046705846481223,5.462663863803459
0.272,5,prcus-p,-1.6475375872465672,5.462663863803459
0.272,5,prcus-i,-2.4761025873941755,5.462663863803459
0.272,5,prcus-a,-1.0440853050117485,5.462663863803459
0.272,5,ifrms,-1.9849717685907664,5.462663863803459
0.272,5,sspls-v,-0.0,5.462663863803459
0.272,6,mcgs,-0.0,5.8818145235844765
0.272,6,pos,0.0,5.8818145235844765
0.272,6,sbps,-0.0,5.8818145235844765
0.272,6,prculs-d,-1.267950051150082,5.8818145235844765
0.272,6,prcus-p,-0.9545555995099501,5.8818145235844765
0.272,6,prcus-i,-2.309951013206064,5.8818145235844765
0.272,6,prcus-a,-0.37380066231361586,5.8818145235844765
0.272,6,ifrms,-2.557580101660589,5.8818145235844765
0.272,6,sspls-v,0.3963093769951662,5.8818145235844765
0.272,7,mcgs,-0.015081417795993412,6.013770845804053
0.272,7,pos,-0.0,6.013770845804053
0.272,7,sbps,-0.0,6.013770845804053
0.272,7,prculs-d,-1.1124614937923216,6.013770845804053
0.272,7,prcus-p,-1.2965319186448176,6.013770845804053
0.272,7,prcus-i,-2.261009042201687,6.013770845804053
0.272,7,prcus-a,-0.626992947183185,6.013770845804053
0.272,7,ifrms,-2.3869670589787915,6.013770845804053
0.272,7,sspls-v,0.05923319029738853,6.013770845804053
0.272,8,mcgs,0.0,5.391675926101461
0.272,8,pos,-0.0,5.391675926101461
0.272,8,sbps,-0.0,5.391675926101461
0.272,8,prculs-d,-0.0,5.391675926101461
0.272,8,prcus-p,-1.2515930792178123,5.391675926101461
0.272,8,prcus-i,-2.0571671639245386,5.391675926101461
0.272,8,prcus-a,-0.7848982416931519,5.391675926101461
0.272,8,ifrms,-2.0391493981625355,5.391675926101461
0.272,8,sspls-v,0.0,5.391675926101461
0.272,9,mcgs,-0.13884643935110696,5.526248461952088
0.272,9,pos,0.2506031893109411,5.526248461952088
0.272,9,sbps,0.0,5.526248461952088
0.272,9,prculs-d,-0.8221929985486808,5.526248461952088
0.272,9,prcus-p,-1.2605518327377756,5.526248461952088
0.272,9,prcus-i,-1.918016530489705,5.526248461952088
0.272,9,prcus-a,-0.10201659209480428,5.526248461952088
0.272,9,ifrms,-2.297818973904308,5.526248461952088
0.272,9,sspls-v,0.0,5.526248461952088
0.272,10,mcgs,-0.18303676680530695,5.5454299382195655
0.272,10,pos,-0.0,5.5454299382195655
0.272,10,sbps,-0.0,5.5454299382195655
0.272,10,prculs-d,-0.47293640624835537,5.5454299382195655
0.272,10,prcus-p,-1.2841151879177366,5.5454299382195655
0.272,10,prcus-i,-2.4976528753038947,5.5454299382195655
0.272,10,prcus-a,-0.7002062228893541,5.5454299382195655
0.272,10,ifrms,-2.7206790363101785,5.5454299382195655
0.272,10,sspls-v,-0.0,5.5454299382195655
0.272,11,mcgs,-0.0,5.711704334234088
0.272,11,pos,0.0,5.711704334234088
0.272,11,sbps,-0.0,5.711704334234088
0.272,11,prculs-d,-1.125728913810226,5.711704334234088
0.272,11,prcus-p,-0.7393487147983051,5.711704334234088
0.272,11,prcus-i,-1.5804868081171246,5.711704334234088
0.272,11,prcus-a,-0.16347478614141622,5.711704334234088
0.272,11,ifrms,-2.254711732040036,5.711704334234088
0.272,11,sspls-v,-0.0,5.711704334234088
0.272,12,mcgs,-0.031761790425079706,5.635151833170477
0.272,12,pos,-0.0,5.635151833170477
0.272,12,sbps,-0.0,5.635151833170477
0.272,12,prculs-d,-1.1662588893122345,5.635151833170477
0.272,12,prcus-p,-0.8173712684735943,5.635151833170477
0.272,12,prcus-i,-2.5166793975100097,5.635151833170477
0.272,12,prcus-a,-0.3153826334775342,5.635151833170477
0.272,12,ifrms,-2.8932478989853045,5.635151833170477
0.272,12,sspls-v,-0.0,5.635151833170477
0.272,13,mcgs,-0.0,5.87448548256968
0.272,13,pos,-0.0,5.87448548256968
0.272,13,sbps,-0.4799924794526117,5.87448548256968
0.272,13,prculs-d,-1.2247137369037078,5.87448548256968
0.272,13,prcus-p,-0.849091270908816,5.87448548256968
0.272,13,prcus-i,-1.9942489105118342,5.87448548256968
0.272,13,prcus-a,-0.4686950380167759,5.87448548256968
0.272,13,ifrms,-2.1188581070940113,5.87448548256968
0.272,13,sspls-v,0.25305324231704907,5.87448548256968
0.272,14,mcgs,-0.08373923492239756,6.164936797311127
0.272,14,pos,-0.0,6.164936797311127
0.272,14,sbps,-0.0,6.164936797311127
0.272,14,prculs-d,-1.0657293267308494,6.164936797311127
0.272,14,prcus-p,-1.2547671263144542,6.164936797311127
0.272,14,prcus-i,-2.2109092954832787,6.164936797311127
0.272,14,prcus-a,-0.6058977058451077,6.164936797311127
0.272,14,ifrms,-2.3483337003402474,6.164936797311127
0.272,14,sspls-v,0.06121611755387383,6.164936797311127
0.272,15,mcgs,-0.3057849946942639,5.996721850036964
0.272,15,pos,-0.0,5.996721850036964
0.272,15,sbps,-0.0,5.996721850036964
0.272,15,prculs-d,-1.0663932134109237,5.996721850036964
0.272,15,prcus-p,-1.288200404280612,5.996721850036964
0.272,15,prcus-i,-2.259139987324779,5.996721850036964
0.272,15,prcus-a,-0.6711888161993587,5.996721850036964
0.272,15,ifrms,-2.3312324709649754,5.996721850036964
0.272,15,sspls-v,0.0,5.996721850036964
0.272,16,mcgs,-0.01816364619022957,5.9340306654593284
0.272,16,pos,-0.0,5.9340306654593284
0.272,16,sbps,-0.0,5.9340306654593284
0.272,16,prculs-d,-1.1035051259191242,5.9340306654593284
0.272,16,prcus-p,-1.3955302486987193,5.9340306654593284
0.272,16,prcus-i,-2.3230930475002403,5.9340306654593284
0.272,16,prcus-a,-0.6758591198731049,5.9340306654593284
0.272,16,ifrms,-2.3577198788379463,5.9340306654593284
0.272,16,sspls-v,0.0,5.9340306654593284
0.272,17,mcgs,-0.0,5.573524882125462
0.272,17,pos,-0.9957739600302449,5.573524882125462
0.272,17,sbps,0.4327747455032673,5.573524882125462
0.272,17,prculs-d,-0.5400931962555187,5.573524882125462
0.272,17,prcus-p,-1.64012130952622,5.573524882125462
0.272,17,prcus-i,-1.1371983619434223,5.573524882125462
0.272,17,prcus-a,-0.49955710239027845,5.573524882125462
0.272,17,ifrms,-2.088260913233415,5.573524882125462
0.272,17,sspls-v,-0.0,5.573524882125462
0.272,18,mcgs,-0.22849466769047602,5.967455153675507
0.272,18,pos,0.0,5.967455153675507
0.272,18,sbps,-0.0,5.967455153675507
0.272,18,prculs-d,-1.07408411237882,5.967455153675507
0.272,18,prcus-p,-1.4561767948123951,5.967455153675507
0.272,18,prcus-i,-2.1981850870964483,5.967455153675507
0.272,18,prcus-a,-0.785783743296024,5.967455153675507
0.272,18,ifrms,-2.4816897816335595,5.967455153675507
0.272,18,sspls-v,0.0,5.967455153675507
0.272,19,mcgs,-0.05623556323487792,6.155130792989157
0.272,19,pos,-0.0,6.155130792989157
0.272,19,sbps,-0.0,6.155130792989157
0.272,19,prculs-d,-1.0963709181655585,6.155130792989157
0.272,19,prcus-p,-1.2723772981055907,6.155130792989157
0.272,19,prcus-i,-2.1626604540723444,6.155130792989157
0.272,19,prcus-a,-0.616861126394577,6.155130792989157
0.272,19,ifrms,-2.196080725600925,6.155130792989157
0.272,19,sspls-v,0.03406421730077654,6.155130792989157
0.272,20,mcgs,-0.32892090627175163,6.007754400536724
0.272,20,pos,-0.0,6.007754400536724
0.272,20,sbps,-0.0,6.007754400536724
0.272,20,prculs-d,-1.224510745264876,6.007754400536724
0.272,20,prcus-p,-1.243733080548435,6.007754400536724
0.272,20,prcus-i,-2.307144489140907,6.007754400536724
0.272,20,prcus-a,-0.3396380592612312,6.007754400536724
0.272,20,ifrms,-2.470173997319856,6.007754400536724
0.272,20,sspls-v,0.0,6.007754400536724
0.272,21,mcgs,-0.029437142724857594,6.111412381065541
0.272,21,pos,-0.0,6.111412381065541
0.272,21,sbps,-0.0,6.111412381065541
0.272,21,prculs-d,-1.2555063926003158,6.111412381065541
0.272,21,prcus-p,-1.5089441054234771,6.111412381065541
0.272,21,prcus-i,-2.144820342888427,6.111412381065541
0.272,21,prcus-a,-0.5317942683929612,6.111412381065541
0.272,21,ifrms,-2.189721209292961,6.111412381065541
0.272,21,sspls-v,0.11934025181180956,6.111412381065541
0.272,22,mcgs,-0.0,5.848772751935849
0.272,22,pos,0.0,5.848772751935849
0.272,22,sbps,-0.0,5.848772751935849
0.272,22,prculs-d,-1.1722223024318132,5.848772751935849
0.272,22,prcus-p,-0.927458683712765,5.848772751935849
0.272,22,prcus-i,-2.0187996677429174,5.848772751935849
0.272,22,prcus-a,-0.4499237317342069,5.848772751935849
0.272,22,ifrms,-2.5841159803991154,5.848772751935849
0.272,22,sspls-v,0.0,5.848772751935849
0.272,23,mcgs,-0.01814897343004234,5.484175591024281
0.272,23,pos,0.0,5.484175591024281
0.272,23,sbps,-0.0,5.484175591024281
0.272,23,prculs-d,-0.954945248121384,5.484175591024281
0.272,23,prcus-p,-1.9953165825293089,5.484175591024281
0.272,23,prcus-i,-2.146782986866241,5.484175591024281
0.272,23,prcus-a,-1.0210720130714055,5.484175591024281
0.272,23,ifrms,-2.318093227529042,5.484175591024281
0.272,23,sspls-v,0.975578028194293,5.484175591024281
0.272,24,mcgs,-0.0,5.731073941245512
0.272,24,pos,0.2634843703752592,5.731073941245512
0.272,24,sbps,-0.26176151055692215,5.731073941245512
0.272,24,prculs-d,-1.0394270310706932,5.731073941245512
0.272,24,prcus-p,-1.233836872004027,5.731073941245512
0.272,24,prcus-i,-2.203597792943194,5.731073941245512
0.272,24,prcus-a,-0.37986855078700643,5.731073941245512
0.272,24,ifrms,-2.437231543854511,5.731073941245512
0.272,24,sspls-v,0.0,5.731073941245512
0.272,25,mcgs,-0.0,5.7711003647109
0.272,25,pos,-0.20997911157240362,5.7711003647109
0.272,25,sbps,-0.30733357710622095,5.7711003647109
0.272,25,prculs-d,-1.1498424178821245,5.7711003647109
0.272,25,prcus-p,-0.9056762230961846,5.7711003647109
0.272,25,prcus-i,-2.6035632356445886,5.7711003647109
0.272,25,prcus-a,-1.2107250361814739,5.7711003647109
0.272,25,ifrms,-2.757558085142908,5.7711003647109
0.272,25,sspls-v,0.024838334625427786,5.7711003647109
0.272,26,mcgs,-0.11398477909278977,6.050061220363675
0.272,26,pos,-0.0,6.050061220363675
0.272,26,sbps,-0.0,6.050061220363675
0.272,26,prculs-d,-1.2301572237138845,6.050061220363675
0.272,26,prcus-p,-1.1323557431388238,6.050061220363675
0.272,26,prcus-i,-2.2453530443749,6.050061220363675
0.272,26,prcus-a,-0.6248369463241338,6.050061220363675
0.272,26,ifrms,-2.5649707727465687,6.050061220363675
0.272,26,sspls-v,0.05823107838299605,6.050061220363675
0.272,27,mcgs,-0.49078081510694943,5.819509971388289
0.272,27,pos,-0.0,5.819509971388289
0.272,27,sbps,-0.10444457044643858,5.819509971388289
0.272,27,prculs-d,-1.4739182390508512,5.819509971388289
0.272,27,prcus-p,-1.3285391559748985,5.819509971388289
0.272,27,prcus-i,-2.4861762842395843,5.819509971388289
0.272,27,prcus-a,-0.0,5.819509971388289
0.272,27,ifrms,-2.3151131709371597,5.819509971388289
0.272,27,sspls-v,0.30409969473395126,5.819509971388289
0.291,0,mcgs,-0.0,6.016377528058983
0.291,0,pos,-0.0,6.016377528058983
0.291,0,sbps,-0.0,6.016377528058983
0.291,0,prculs-d,-1.063830718299643,6.016377528058983
0.291,0,prcus-p,-1.1881770639894154,6.016377528058983
0.291,0,prcus-i,-2.110180910906016,6.016377528058983
0.291,0,prcus-a,-0.5328764270093552,6.016377528058983
0.291,0,ifrms,-2.365701711804761,6.016377528058983
0.291,0,sspls-v,0.0,6.016377528058983
0.291,1,mcgs,-0.0,5.562234588459827
0.291,1,pos,-0.0,5.562234588459827
0.291,1,sbps,-0.8311030181816412,5.562234588459827
0.291,1,prculs-d,-1.6518831586330227,5.562234588459827
0.291,1,prcus-p,-0.9164081560200897,5.562234588459827
0.291,1,prcus-i,-1.7008317657703034,5.562234588459827
0.291,1,prcus-a,-0.1017715438491487,5.562234588459827
0.291,1,ifrms,-2.0711808238208906,5.562234588459827
0.291,1,sspls-v,0.0,5.562234588459827
0.291,2,mcgs,-0.3931764870787601,6.063506528924239
0.291,2,pos,-0.0,6.063506528924239
0.291,2,sbps,-0.0,6.063506528924239
0.291,2,prculs-d,-1.086235613556863,6.063506528924239
0.291,2,prcus-p,-1.1633595605706113,6.063506528924239
0.291,2,prcus-i,-2.3473750148638675,6.063506528924239
0.291,2,prcus-a,-0.6129722617925706,6.063506528924239
0.291,2,ifrms,-2.528924462151075,6.063506528924239
0.291,2,sspls-v,0.2190788343872773,6.063506528924239
0.291,3,mcgs,-0.0,5.910898000678651
0.291,3,pos,0.0,5.910898000678651
0.291,3,sbps,-0.0,5.910898000678651
0.291,3,prculs-d,-1.0255320779495454,5.910898000678651
0.291,3,prcus-p,-1.030743933951579,5.910898000678651
0.291,3,prcus-i,-2.026101813315726,5.910898000678651
0.291,3,prcus-a,-0.4246289485075583,5.910898000678651
0.291,3,ifrms,-2.0347513062505067,5.910898000678651
0.291,3,sspls-v,0.0,5.910898000678651
0.291,4,mcgs,-0.11984509932174721,5.927394760481804
0.291,4,pos,0.0,5.927394760481804
0.291,4,sbps,-0.0,5.927394760481804
0.291,4,prculs-d,-1.290294410601293,5.927394760481804
0.291,4,prcus-p,-1.3845500185339976,5.927394760481804
0.291,4,prcus-i,-2.648423733364903,5.927394760481804
0.291,4,prcus-a,-0.9878851368200416,5.927394760481804
0.291,4,ifrms,-2.2530507621861124,5.927394760481804
0.291,4,sspls-v,0.09881962740065499,5.927394760481804
0.291,5,mcgs,0.0,5.4493962486996645
0.291,5,pos,0.0,5.4493962486996645
0.291,5,sbps,-0.0,5.4493962486996645
0.291,5,prculs-d,-1.471918738781151,5.4493962486996645
0.291,5,prcus-p,-1.5908134489149455,5.4493962486996645
0.291,5,prcus-i,-2.3901733317605425,5.4493962486996645
0.291,5,prcus-a,-0.9534827796952275,5.4493962486996645
0.291,5,ifrms,-1.9607150953533572,5.4493962486996645
0.291,5,sspls-v,-0.0,5.4493962486996645
0.291,6,mcgs,-0.0,5.844220901863253
0.291,6,pos,0.0,5.844220901863253
0.291,6,sbps,-0.0,5.844220901863253
0.291,6,prculs-d,-1.2152574254509616,5.844220901863253
0.291,6,prcus-p,-0.882886661995695,5.844220901863253
0.291,6,prcus-i,-2.2004995360568307,5.844220901863253
0.291,6,prcus-a,-0.2740248599653685,5.844220901863253
0.291,6,ifrms,-2.52563582208141,5.844220901863253
0.291,6,sspls-v,0.3400536711474619,5.844220901863253
0.291,7,mcgs,-0.0,5.957975404405366
0.291,7,pos,-0.0,5.957975404405366
0.291,7,sbps,-0.0,5.957975404405366
0.291,7,prculs-d,-1.0596403965001329,5.957975404405366
0.291,7,prcus-p,-1.20941798382718,5.957975404405366
0.291,7,prcus-i,-2.143596936900381,5.957975404405366
0.291,7,prcus-a,-0.5205042438337104,5.957975404405366
0.291,7,ifrms,-2.352270034402875,5.957975404405366
0.291,7,sspls-v,0.0,5.957975404405366
0.291,8,mcgs,0.0,5.364105126260337
0.291,8,pos,-0.0,5.364105126260337
0.291,8,sbps,-0.0,5.364105126260337
0.291,8,prculs-d,-0.0,5.364105126260337
0.291,8,prcus-p,-1.1973310589671413,5.364105126260337
0.291,8,prcus-i,-1.9851196737607555,5.364105126260337
0.291,8,prcus-a,-0.6955887913780147,5.364105126260337
0.291,8,ifrms,-2.0140425936089486,5.364105126260337
0.291,8,sspls-v,0.0,5.364105126260337
0.291,9,mcgs,-0.042742954575611156,5.435430262145958
0.291,9,pos,0.21868294096200355,5.435430262145958
0.291,9,sbps,0.0,5.435430262145958
0.291,9,prculs-d,-0.7822200339042312,5.435430262145958
0.291,9,prcus-p,-1.1559715949559055,5.435430262145958
0.291,9,prcus-i,-1.7968245948051127,5.435430262145958
0.291,9,prcus-a,-0.0017912384235806063,5.435430262145958
0.291,9,ifrms,-2.236042733540758,5.435430262145958
0.291,9,sspls-v,0.0,5.435430262145958
0.291,10,mcgs,-0.09389903467927466,5.510114964745735
0.291,10,pos,-0.0,5.510114964745735
0.291,10,sbps,-0.0,5.510114964745735
0.291,10,prculs-d,-0.4455501497157833,5.510114964745735
0.291,10,prcus-p,-1.1800046508091209,5.510114964745735
0.291,10,prcus-i,-2.382339315532702,5.510114964745735
0.291,10,prcus-a,-0.59691289573873,5.510114964745735
0.291,10,ifrms,-2.667784859110902,5.510114964745735
0.291,10,sspls-v,-0.0,5.510114964745735
0.291,11,mcgs,-0.0,5.643374143501161
0.291,11,pos,0.0,5.643374143501161
0.291,11,sbps,-0.0,5.643374143501161
0.291,11,prculs-d,-1.0967587718684917,5.643374143501161
0.291,11,prcus-p,-0.676531480539411,5.643374143501161
0.291,11,prcus-i,-1.4865444456859969,5.643374143501161
0.291,11,prcus-a,-0.06551423146617932,5.643374143501161
0.291,11,ifrms,-2.2244326334143714,5.643374143501161
0.291,11,sspls-v,-0.0,5.643374143501161
0.291,12,mcgs,-0.0,5.57381648198479
0.291,12,pos,-0.0,5.57381648198479
0.291,12,sbps,-0.0,5.57381648198479
0.291,12,prculs-d,-1.1343888172350807,5.57381648198479
0.291,12,prcus-p,-0.7488607020894219,5.57381648198479
0.291,12,prcus-i,-2.4263815875117927,5.57381648198479
0.291,12,prcus-a,-0.23248696088308748,5.57381648198479
0.291,12,ifrms,-2.8577665692444,5.57381648198479
0.291,12,sspls-v,-0.0,5.57381648198479
0.291,13,mcgs,-0.0,5.844029551925136
0.291,13,pos,-0.0,5.844029551925136
0.291,13,sbps,-0.4739547378974561,5.844029551925136
0.291,13,prculs-d,-1.1722918528147908,5.844029551925136
0.291,13,prcus-p,-0.7758040305141601,5.844029551925136
0.291,13,prcus-i,-1.8852416898367257,5.844029551925136
0.291,13,prcus-a,-0.36680019525924845,5.844029551925136
0.291,13,ifrms,-2.0892046986765163,5.844029551925136
0.291,13,sspls-v,0.1940850108290758,5.844029551925136
0.291,14,mcgs,-0.0,6.105129876052445
0.291,14,pos,-0.0,6.105129876052445
0.291,14,sbps,-0.0,6.105129876052445
0.291,14,prculs-d,-1.0113385353555853,6.105129876052445
0.291,14,prcus-p,-1.1420625333051981,6.105129876052445
0.291,14,prcus-i,-2.0696252222682507,6.105129876052445
0.291,14,prcus-a,-0.49256159216383166,6.105129876052445
0.291,14,ifrms,-2.2967601588011766,6.105129876052445
0.291,14,sspls-v,0.003943724679529797,6.105129876052445
0.291,15,mcgs,-0.2264577235184806,5.958504391941333
0.291,15,pos,-0.0,5.958504391941333
0.291,15,sbps,-0.0,5.958504391941333
0.291,15,prculs-d,-1.032828141884951,5.958504391941333
0.291,15,prcus-p,-1.191336901875354,5.958504391941333
0.291,15,prcus-i,-2.1425936972515833,5.958504391941333
0.291,15,prcus-a,-0.5705332434760525,5.958504391941333
0.291,15,ifrms,-2.2826397569137327,5.958504391941333
0.291,15,sspls-v,0.0,5.958504391941333
0.291,16,mcgs,-0.0,5.880760433542184
0.291,16,pos,-0.0,5.880760433542184
0.291,16,sbps,-0.0,5.880760433542184
0.291,16,prculs-d,-1.0710635463202647,5.880760433542184
0.291,16,prcus-p,-1.328956971650787,5.880760433542184
0.291,16,prcus-i,-2.2289628997370237,5.880760433542184
0.291,16,prcus-a,-0.5833111747169246,5.880760433542184
0.291,16,ifrms,-2.325745604702493,5.880760433542184
0.291,16,sspls-v,0.0,5.880760433542184
0.291,17,mcgs,-0.0,5.52013892705026
0.291,17,pos,-0.9762212805146059,5.52013892705026
0.291,17,sbps,0.3830188030979074,5.52013892705026
0.291,17,prculs-d,-0.523394151234302,5.52013892705026
0.291,17,prcus-p,-1.5539134491761664,5.52013892705026
0.291,17,prcus-i,-1.0636248953272651,5.52013892705026
0.291,17,prcus-a,-0.40351390469640747,5.52013892705026
0.291,17,ifrms,-2.066213494175685,5.52013892705026
0.291,17,sspls-v,-0.0,5.52013892705026
0.291,18,mcgs,-0.12552047281481934,5.912846962538582
0.291,18,pos,0.0,5.912846962538582
0.291,18,sbps,-0.0,5.912846962538582
0.291,18,prculs-d,-1.0411587763449446,5.912846962538582
0.291,18,prcus-p,-1.3359532595182395,5.912846962538582
0.291,18,prcus-i,-2.0818309201666247,5.912846962538582
0.291,18,prcus-a,-0.6693118973375973,5.912846962538582
0.291,18,ifrms,-2.4206783727126475,5.912846962538582
0.291,18,sspls-v,0.0,5.912846962538582
0.291,19,mcgs,-0.0,6.0865264655965365
0.291,19,pos,-0.0,6.0865264655965365
0.291,19,sbps,-0.0,6.0865264655965365
0.291,19,prculs-d,-1.0532512049665574,6.0865264655965365
0.291,19,prcus-p,-1.1756075394407908,6.0865264655965365
0.291,19,prcus-i,-2.053577700243808,6.0865264655965365
0.291,19,prcus-a,-0.5085617745105568,6.0865264655965365
0.291,19,ifrms,-2.145892137605854,6.0865264655965365
0.291,19,sspls-v,0.0,6.0865264655965365
0.291,20,mcgs,-0.23886507227544534,5.954321111011438
0.291,20,pos,-0.0,5.954321111011438
0.291,20,sbps,-0.0,5.954321111011438
0.291,20,prculs-d,-1.1887370388085492,5.954321111011438
0.291,20,prcus-p,-1.1405610780819995,5.954321111011438
0.291,20,prcus-i,-2.1878000895407745,5.954321111011438
0.291,20,prcus-a,-0.24265542518325886,5.954321111011438
0.291,20,ifrms,-2.4170280085513474,5.954321111011438
0.291,20,sspls-v,0.0,5.954321111011438
0.291,21,mcgs,-0.0,6.053716061947737
0.291,21,pos,-0.0,6.053716061947737
0.291,21,sbps,-0.0,6.053716061947737
0.291,21,prculs-d,-1.2040102445176613,6.053716061947737
0.291,21,prcus-p,-1.420853383581018,6.053716061947737
0.291,21,prcus-i,-2.0263797273987953,6.053716061947737
0.291,21,prcus-a,-0.4266874224663318,6.053716061947737
0.291,21,ifrms,-2.152342548116082,6.053716061947737
0.291,21,sspls-v,0.059100475190835056,6.053716061947737
0.291,22,mcgs,-0.0,5.796603043179175
0.291,22,pos,0.0,5.796603043179175
0.291,22,sbps,-0.0,5.796603043179175
0.291,22,prculs-d,-1.1430889172256036,5.796603043179175
0.291,22,prcus-p,-0.8713186301627566,5.796603043179175
0.291,22,prcus-i,-1.9357649346007406,5.796603043179175
0.291,22,prcus-a,-0.36050866301756296,5.796603043179175
0.291,22,ifrms,-2.5612128818610174,5.796603043179175
0.291,22,sspls-v,0.0,5.796603043179175
0.291,23,mcgs,-0.0,5.445995582479818
0.291,23,pos,0.0,5.445995582479818
0.291,23,sbps,-0.0,5.445995582479818
0.291,23,prculs-d,-0.9056424265579538,5.445995582479818
0.291,23,prcus-p,-1.9002132649942254,5.445995582479818
0.291,23,prcus-i,-2.0333578235643146,5.445995582479818
0.291,23,prcus-a,-0.9104024361301999,5.445995582479818
0.291,23,ifrms,-2.2838347877560428,5.445995582479818
0.291,23,sspls-v,0.9131794855232048,5.445995582479818
0.291,24,mcgs,-0.0,5.666767085470621
0.291,24,pos,0.24035096108019383,5.666767085470621
0.291,24,sbps,-0.256067619103525,5.666767085470621
0.291,24,prculs-d,-1.0039788049155562,5.666767085470621
0.291,24,prcus-p,-1.18564815935897,5.666767085470621
0.291,24,prcus-i,-2.121211577824942,5.666767085470621
0.291,24,prcus-a,-0.2977210150467335,5.666767085470621
0.291,24,ifrms,-2.4047153951591302,5.666767085470621
0.291,24,sspls-v,0.0,5.666767085470621
0.291,25,mcgs,-0.0,5.729333338087098
0.291,25,pos,-0.1841024515479624,5.729333338087098
0.291,25,sbps,-0.29265918914067607,5.729333338087098
0.291,25,prculs-d,-1.1122640893576252,5.729333338087098
0.291,25,prcus-p,-0.8515544733344905,5.729333338087098
0.291,25,prcus-i,-2.504176792298263,5.729333338087098
0.291,25,prcus-a,-1.110387187377511,5.729333338087098
0.291,25,ifrms,-2.729563083654041,5.729333338087098
0.291,25,sspls-v,0.0,5.729333338087098
0.291,26,mcgs,-0.024463809668062768,5.984029914647426
0.291,26,pos,-0.0,5.984029914647426
0.291,26,sbps,-0.0,5.984029914647426
0.291,26,prculs-d,-1.1757592389045972,5.984029914647426
0.291,26,prcus-p,-1.01005346028254,5.984029914647426
0.291,26,prcus-i,-2.103061446914575,5.984029914647426
0.291,26,prcus-a,-0.5071383357873159,5.984029914647426
0.291,26,ifrms,-2.506406664772249,5.984029914647426
0.291,26,sspls-v,0.0,5.984029914647426
0.291,27,mcgs,-0.40655204839130366,5.792845567340258
0.291,27,pos,-0.0,5.792845567340258
0.291,27,sbps,-0.08432409071439545,5.792845567340258
0.291,27,prculs-d,-1.4114367080459937,5.792845567340258
0.291,27,prcus-p,-1.267911639383594,5.792845567340258
0.291,27,prcus-i,-2.401713339969758,5.792845567340258
0.291,27,prcus-a,-0.0,5.792845567340258
0.291,27,ifrms,-2.27724378697487,5.792845567340258
0.291,27,sspls-v,0.2506111805434024,5.792845567340258
0.311,0,mcgs,-0.0,5.960220314509672
0.311,0,pos,-0.0,5.960220314509672
0.311,0,sbps,-0.0,5.960220314509672
0.311,0,prculs-d,-1.026416454418963,5.960220314509672
0.311,0,prcus-p,-1.1250289815284653,5.960220314509672
0.311,0,prcus-i,-2.0121240983986217,5.960220314509672
0.311,0,prcus-a,-0.43414987359041723,5.960220314509672
0.311,0,ifrms,-2.335076720009604,5.960220314509672
0.311,0,sspls-v,0.0,5.960220314509672
0.311,1,mcgs,-0.0,5.5141859730551195
0.311,1,pos,-0.0,5.5141859730551195
0.311,1,sbps,-0.8247769316400496,5.5141859730551195
0.311,1,prculs-d,-1.6207355420219387,5.5141859730551195
0.311,1,prcus-p,-0.8647180519440463,5.5141859730551195
0.311,1,prcus-i,-1.6158277340716003,5.5141859730551195
0.311,1,prcus-a,-0.01043412116844975,5.5141859730551195
0.311,1,ifrms,-2.042637989181776,5.5141859730551195
0.311,1,sspls-v,0.0,5.5141859730551195
0.311,2,mcgs,-0.2964717959514105,6.0347317125013396
0.311,2,pos,-0.0,6.0347317125013396
0.311,2,sbps,-0.0,6.0347317125013396
0.311,2,prculs-d,-1.0273783439420705,6.0347317125013396
0.311,2,prcus-p,-1.0382445758403396,6.0347317125013396
0.311,2,prcus-i,-2.187263800259823,6.0347317125013396
0.311,2,prcus-a,-0.48578921838128303,6.0347317125013396
0.311,2,ifrms,-2.464387942650389,6.0347317125013396
0.311,2,sspls-v,0.15065438889749636,6.0347317125013396
0.311,3,mcgs,-0.0,5.832432816935772
0.311,3,pos,0.0,5.832432816935772
0.311,3,sbps,-0.0,5.832432816935772
0.311,3,prculs-d,-0.9909269928655546,5.832432816935772
0.311,3,prcus-p,-0.9695306332484839,5.832432816935772
0.311,3,prcus-i,-1.9288830002792647,5.832432816935772
0.311,3,prcus-a,-0.32471224653697245,5.832432816935772
0.311,3,ifrms,-1.9984312862562577,5.832432816935772
0.311,3,sspls-v,0.0,5.832432816935772
0.311,4,mcgs,-0.014421780906358836,5.886032002164749
0.311,4,pos,0.0,5.886032002164749
0.311,4,sbps,-0.0,5.886032002164749
0.311,4,prculs-d,-1.209314176932334,5.886032002164749
0.311,4,prcus-p,-1.230505259580273,5.886032002164749
0.311,4,prcus-i,-2.446203979342751,5.886032002164749
0.311,4,prcus-a,-0.821962918616181,5.886032002164749
0.311,4,ifrms,-2.201468005915049,5.886032002164749
0.311,4,sspls-v,0.02381726319096969,5.886032002164749
0.311,5,mcgs,0.0,5.436693820108695
0.311,5,pos,0.0,5.436693820108695
0.311,5,sbps,-0.0,5.436693820108695
0.311,5,prculs-d,-1.4374431115527626,5.436693820108695
0.311,5,prcus-p,-1.5311038296185013,5.436693820108695
0.311,5,prcus-i,-2.2997214837251416,5.436693820108695
0.311,5,prcus-a,-0.8581117004146788,5.436693820108695
0.311,5,ifrms,-1.9351817551034534,5.436693820108695
0.311,5,sspls-v,-0.0,5.436693820108695
0.311,6,mcgs,-0.0,5.805264351225959
0.311,6,pos,0.0,5.805264351225959
0.311,6,sbps,-0.0,5.805264351225959
0.311,6,prculs-d,-1.1597169826516236,5.805264351225959
0.311,6,prcus-p,-0.8073232761907673,5.805264351225959
0.311,6,prcus-i,-2.085145405817254,5.805264351225959
0.311,6,prcus-a,-0.16889085567180823,5.805264351225959
0.311,6,ifrms,-2.4920106658851693,5.805264351225959
0.311,6,sspls-v,0.28078314819680933,5.805264351225959
0.311,7,mcgs,-0.0,5.897630074240428
0.311,7,pos,-0.0,5.897630074240428
0.311,7,sbps,-0.0,5.897630074240428
0.311,7,prculs-d,-1.0261707995356484,5.897630074240428
0.311,7,prcus-p,-1.1522937973319407,5.897630074240428
0.311,7,prcus-i,-2.053618379257593,5.897630074240428
0.311,7,prcus-a,-0.4272423956909732,5.897630074240428
0.311,7,ifrms,-2.3231604091601956,5.897630074240428
0.311,7,sspls-v,0.0,5.897630074240428
0.311,8,mcgs,0.0,5.342377283609071
0.311,8,pos,-0.0,5.342377283609071
0.311,8,sbps,-0.0,5.342377283609071
0.311,8,prculs-d,-0.0,5.342377283609071
0.311,8,prcus-p,-1.140196140327811,5.342377283609071
0.311,8,prcus-i,-1.9092642957227537,5.342377283609071
0.311,8,prcus-a,-0.6015627103849387,5.342377283609071
0.311,8,ifrms,-1.9876161330785356,5.342377283609071
0.311,8,sspls-v,0.0,5.342377283609071
0.311,9,mcgs,-0.0,5.346139467964609
0.311,9,pos,0.18298201037994494,5.346139467964609
0.311,9,sbps,0.0,5.346139467964609
0.311,9,prculs-d,-0.7421241424964886,5.346139467964609
0.311,9,prcus-p,-1.1227105093671799,5.346139467964609
0.311,9,prcus-i,-1.7451216970900352,5.346139467964609
0.311,9,prcus-a,-0.0,5.346139467964609
0.311,9,ifrms,-2.1972845095175213,5.346139467964609
0.311,9,sspls-v,0.0,5.346139467964609
0.311,10,mcgs,-0.0002460164545063431,5.472361033371179
0.311,10,pos,-0.0,5.472361033371179
0.311,10,sbps,-0.0,5.472361033371179
0.311,10,prculs-d,-0.4167589756992002,5.472361033371179
0.311,10,prcus-p,-1.07056640230779,5.472361033371179
0.311,10,prcus-i,-2.261136173048892,5.472361033371179
0.311,10,prcus-a,-0.4883077084603498,5.472361033371179
0.311,10,ifrms,-2.6121733547370374,5.472361033371179
0.311,10,sspls-v,-0.0,5.472361033371179
0.311,11,mcgs,-0.0,5.580397178508705
0.311,11,pos,0.0,5.580397178508705
0.311,11,sbps,-0.0,5.580397178508705
0.311,11,prculs-d,-1.0656364966895757,5.580397178508705
0.311,11,prcus-p,-0.629570838689175,5.580397178508705
0.311,11,prcus-i,-1.409967064192907,5.580397178508705
0.311,11,prcus-a,-0.0,5.580397178508705
0.311,11,ifrms,-2.1968112430257736,5.580397178508705
0.311,11,sspls-v,-0.0,5.580397178508705
0.311,12,mcgs,-0.0,5.5109015709092946
0.311,12,pos,-0.0,5.5109015709092946
0.311,12,sbps,-0.0,5.5109015709092946
0.311,12,prculs-d,-1.101815032825826,5.5109015709092946
0.311,12,prcus-p,-0.6964416230343271,5.5109015709092946
0.311,12,prcus-i,-2.3437077072717467,5.5109015709092946
0.311,12,prcus-a,-0.15115926021016868,5.5109015709092946
0.311,12,ifrms,-2.8287536708377368,5.5109015709092946
0.311,12,sspls-v,-0.0,5.5109015709092946
0.311,13,mcgs,-0.0,5.817276482960318
0.311,13,pos,-0.0,5.817276482960318
0.311,13,sbps,-0.46751752709584915,5.817276482960318
0.311,13,prculs-d,-1.1171480492120778,5.817276482960318
0.311,13,prcus-p,-0.6988062651097315,5.817276482960318
0.311,13,prcus-i,-1.770615356980377,5.817276482960318
0.311,13,prcus-a,-0.2596427099002873,5.817276482960318
0.311,13,ifrms,-2.05799339686193,5.817276482960318
0.311,13,sspls-v,0.13205258067517334,5.817276482960318
0.311,14,mcgs,-0.0,6.03092290651612
0.311,14,pos,-0.0,6.03092290651612
0.311,14,sbps,-0.0,6.03092290651612
0.311,14,prculs-d,-0.970135441894547,6.03092290651612
0.311,14,prcus-p,-1.0942934882738304,6.03092290651612
0.311,14,prcus-i,-1.9689740027948759,6.03092290651612
0.311,14,prcus-a,-0.39406277831076375,6.03092290651612
0.311,14,ifrms,-2.2694791365119173,6.03092290651612
0.311,14,sspls-v,0.0,6.03092290651612
0.311,15,mcgs,-0.1429567525886026,5.916915164989365
0.311,15,pos,-0.0,5.916915164989365
0.311,15,sbps,-0.0,5.916915164989365
0.311,15,prculs-d,-0.9974969111709364,5.916915164989365
0.311,15,prcus-p,-1.0893768042056666,5.916915164989365
0.311,15,prcus-i,-2.019914944212641,5.916915164989365
0.311,15,prcus-a,-0.4645810800771393,5.916915164989365
0.311,15,ifrms,-2.2314899318105024,5.916915164989365
0.311,15,sspls-v,0.0,5.916915164989365
0.311,16,mcgs,-0.0,5.82736306427687
0.311,16,pos,-0.0,5.82736306427687
0.311,16,sbps,-0.0,5.82736306427687
0.311,16,prculs-d,-1.0375370983045635,5.82736306427687
0.311,16,prcus-p,-1.269453679246569,5.82736306427687
0.311,16,prcus-i,-2.1374905443173575,5.82736306427687
0.311,16,prcus-a,-0.48935156508413624,5.82736306427687
0.311,16,ifrms,-2.2976628807441766,5.82736306427687
0.311,16,sspls-v,0.0,5.82736306427687
0.311,17,mcgs,-0.0,5.484281096752
0.311,17,pos,-0.9556394795129461,5.484281096752
0.311,17,sbps,0.3306438782606029,5.484281096752
0.311,17,prculs-d,-0.5058161708114516,5.484281096752
0.311,17,prcus-p,-1.4631679100358022,5.484281096752
0.311,17,prcus-i,-0.9861788849785617,5.484281096752
0.311,17,prcus-a,-0.30241551536165817,5.484281096752
0.311,17,ifrms,-2.04300571447994,5.484281096752
0.311,17,sspls-v,-0.0,5.484281096752
0.311,18,mcgs,-0.01701389346718356,5.855528632407402
0.311,18,pos,0.0,5.855528632407402
0.311,18,sbps,-0.0,5.855528632407402
0.311,18,prculs-d,-1.0064780651058456,5.855528632407402
0.311,18,prcus-p,-1.2092922460546447,5.855528632407402
0.311,18,prcus-i,-1.9592580655612342,5.855528632407402
0.311,18,prcus-a,-0.5466311279242427,5.855528632407402
0.311,18,ifrms,-2.3564176950359657,5.855528632407402
0.311,18,sspls-v,0.0,5.855528632407402
0.311,19,mcgs,-0.0,6.013526316198876
0.311,19,pos,-0.0,6.013526316198876
0.311,19,sbps,-0.0,6.013526316198876
0.311,19,prculs-d,-1.0216322644290194,6.013526316198876
0.311,19,prcus-p,-1.1202943872722393,6.013526316198876
0.311,19,prcus-i,-1.9738476186756433,6.013526316198876
0.311,19,prcus-a,-0.4173348072880145,6.013526316198876
0.311,19,ifrms,-2.116724406917248,6.013526316198876
0.311,19,sspls-v,0.0,6.013526316198876
0.311,20,mcgs,-0.14414489699091493,5.89298894467478
0.311,20,pos,-0.0,5.89298894467478
0.311,20,sbps,-0.0,5.89298894467478
0.311,20,prculs-d,-1.1511030275946175,5.89298894467478
0.311,20,prcus-p,-1.0320209189330483,5.89298894467478
0.311,20,prcus-i,-2.062241147761936,5.89298894467478
0.311,20,prcus-a,-0.14060452241844393,5.89298894467478
0.311,20,ifrms,-2.361108578912181,5.89298894467478
0.311,20,sspls-v,0.0,5.89298894467478
0.311,21,mcgs,-0.0,5.981501496093147
0.311,21,pos,-0.0,5.981501496093147
0.311,21,sbps,-0.0,5.981501496093147
0.311,21,prculs-d,-1.1521441837668416,5.981501496093147
0.311,21,prcus-p,-1.3460940041371974,5.981501496093147
0.311,21,prcus-i,-1.916127988124686,5.981501496093147
0.311,21,prcus-a,-0.3228816188106302,5.981501496093147
0.311,21,ifrms,-2.122205934013086,5.981501496093147
0.311,21,sspls-v,0.0,5.981501496093147
0.311,22,mcgs,0.0,5.752583083695385
0.311,22,pos,0.0,5.752583083695385
0.311,22,sbps,-0.0,5.752583083695385
0.311,22,prculs-d,-1.1123985524992341,5.752583083695385
0.311,22,prcus-p,-0.8120848561429987,5.752583083695385
0.311,22,prcus-i,-1.8482458781356483,5.752583083695385
0.311,22,prcus-a,-0.2662788659954782,5.752583083695385
0.311,22,ifrms,-2.5371351464308534,5.752583083695385
0.311,22,sspls-v,0.0,5.752583083695385
0.311,23,mcgs,-0.0,5.410386994298362
0.311,23,pos,0.0,5.410386994298362
0.311,23,sbps,-0.0,5.410386994298362
0.311,23,prculs-d,-0.8544499155885452,5.410386994298362
0.311,23,prcus-p,-1.811043645101937,5.410386994298362
0.311,23,prcus-i,-1.921627685032907,5.410386994298362
0.311,23,prcus-a,-0.7974611022521676,5.410386994298362
0.311,23,ifrms,-2.2531430895006133,5.410386994298362
0.311,23,sspls-v,0.8475240200893126,5.410386994298362
0.311,24,mcgs,-0.0,5.6012437916575095
0.311,24,pos,0.2160001546556634,5.6012437916575095
0.311,24,sbps,-0.2499851634542999,5.6012437916575095
0.311,24,prculs-d,-0.9666831508824537,5.6012437916575095
0.311,24,prcus-p,-1.1350716342919287,5.6012437916575095
0.311,24,prcus-i,-2.034597921719344,5.6012437916575095
0.311,24,prcus-a,-0.2113545025499421,5.6012437916575095
0.311,24,ifrms,-2.3704797593301774,5.6012437916575095
0.311,24,sspls-v,0.0,5.6012437916575095
0.311,25,mcgs,-0.0,5.687180426415806
0.311,25,pos,-0.15885367092727798,5.687180426415806
0.311,25,sbps,-0.27739828872526057,5.687180426415806
0.311,25,prculs-d,-1.0812967412721803,5.687180426415806
0.311,25,prcus-p,-0.8049777966291338,5.687180426415806
0.311,25,prcus-i,-2.4108488424568795,5.687180426415806
0.311,25,prcus-a,-1.0114905097351643,5.687180426415806
0.311,25,ifrms,-2.700884564987396,5.687180426415806
0.311,25,sspls-v,0.0,5.687180426415806
0.311,26,mcgs,-0.0,5.907439195179271
0.311,26,pos,-0.0,5.907439195179271
0.311,26,sbps,-0.0,5.907439195179271
0.311,26,prculs-d,-1.1428143404488726,5.907439195179271
0.311,26,prcus-p,-0.9429483334359661,5.907439195179271
0.311,26,prcus-i,-2.0068828265734044,5.907439195179271
0.311,26,prcus-a,-0.4111665080057363,5.907439195179271
0.311,26,ifrms,-2.4691295770605155,5.907439195179271
0.311,26,sspls-v,0.0,5.907439195179271
0.311,27,mcgs,-0.3178901886906238,5.760090095208564
0.311,27,pos,-0.0,5.760090095208564
0.311,27,sbps,-0.0631446383648788,5.760090095208564
0.311,27,prculs-d,-1.3456666754093023,5.760090095208564
0.311,27,prcus-p,-1.2040932008664296,5.760090095208564
0.311,27,prcus-i,-2.3128049775804698,5.760090095208564
0.311,27,prcus-a,-0.0,5.760090095208564
0.311,27,ifrms,-2.2373812775408832,5.760090095208564
0.311,27,sspls-v,0.19430748139545623,5.760090095208564
0.332,0,mcgs,-0.0,5.901624419837509
0.332,0,pos,-0.0,5.901624419837509
0.332,0,sbps,-0.0,5.901624419837509
0.332,0,prculs-d,-0.9870849983033592,5.901624419837509
0.332,0,prcus-p,-1.0586064637134525,5.901624419837509
0.332,0,prcus-i,-1.9090433160181675,5.901624419837509
0.332,0,prcus-a,-0.33038290955790584,5.901624419837509
0.332,0,ifrms,-2.3029294518158983,5.901624419837509
0.332,0,sspls-v,0.0,5.901624419837509
0.332,1,mcgs,-0.0,5.470839588434736
0.332,1,pos,-0.0,5.470839588434736
0.332,1,sbps,-0.8049968127128615,5.470839588434736
0.332,1,prculs-d,-1.5820599586137534,5.470839588434736
0.332,1,prcus-p,-0.8550172020628896,5.470839588434736
0.332,1,prcus-i,-1.5741980771263175,5.470839588434736
0.332,1,prcus-a,-0.0,5.470839588434736
0.332,1,ifrms,-2.0229211358246095,5.470839588434736
0.332,1,sspls-v,0.0,5.470839588434736
0.332,2,mcgs,-0.1948432158776278,6.0076661025719895
0.332,2,pos,-0.0,6.0076661025719895
0.332,2,sbps,-0.0,6.0076661025719895
0.332,2,prculs-d,-0.9655343674126217,6.0076661025719895
0.332,2,prcus-p,-0.906778012555936,6.0076661025719895
0.332,2,prcus-i,-2.0190307443716162,6.0076661025719895
0.332,2,prcus-a,-0.35217258379779703,6.0076661025719895
0.332,2,ifrms,-2.396590277208231,6.0076661025719895
0.332,2,sspls-v,0.078774330038308,6.0076661025719895
0.332,3,mcgs,-0.0,5.760660654487118
0.332,3,pos,0.0,5.760660654487118
0.332,3,sbps,-0.0,5.760660654487118
0.332,3,prculs-d,-0.9546342972857103,5.760660654487118
0.332,3,prcus-p,-0.9053617942938287,5.760660654487118
0.332,3,prcus-i,-1.8269303132224126,5.760660654487118
0.332,3,prcus-a,-0.21990988176339304,5.760660654487118
0.332,3,ifrms,-1.9603026764704798,5.760660654487118
0.332,3,sspls-v,0.0,5.760660654487118
0.332,4,mcgs,-0.0,5.828490980615112
0.332,4,pos,0.0,5.828490980615112
0.332,4,sbps,-0.0,5.828490980615112
0.332,4,prculs-d,-1.152826152297974,5.828490980615112
0.332,4,prcus-p,-1.1480450790954997,5.828490980615112
0.332,4,prcus-i,-2.3095667449869586,5.828490980615112
0.332,4,prcus-a,-0.6917192238505478,5.828490980615112
0.332,4,ifrms,-2.173647153796746,5.828490980615112
0.332,4,sspls-v,0.0,5.828490980615112
0.332,5,mcgs,0.0,5.423828565306047
0.332,5,pos,0.0,5.423828565306047
0.332,5,sbps,-0.0,5.423828565306047
0.332,5,prculs-d,-1.4012436395560328,5.423828565306047
0.332,5,prcus-p,-1.468408558832555,5.423828565306047
0.332,5,prcus-i,-2.2047468781866124,5.423828565306047
0.332,5,prcus-a,-0.757971917945933,5.423828565306047
0.332,5,ifrms,-1.9083717722190114,5.423828565306047
0.332,5,sspls-v,-0.0,5.423828565306047
0.332,6,mcgs,-0.0,5.772519363661966
0.332,6,pos,0.0,5.772519363661966
0.332,6,sbps,-0.0,5.772519363661966
0.332,6,prculs-d,-1.1014539578319185,5.772519363661966
0.332,6,prcus-p,-0.7280721883594296,5.772519363661966
0.332,6,prcus-i,-1.9641278486157394,5.772519363661966
0.332,6,prcus-a,-0.05857882350922936,5.772519363661966
0.332,6,ifrms,-2.4567036945746845,5.772519363661966
0.332,6,sspls-v,0.21858871609001157,5.772519363661966
0.332,7,mcgs,-0.0,5.838438152041127
0.332,7,pos,-0.0,5.838438152041127
0.332,7,sbps,-0.0,5.838438152041127
0.332,7,prculs-d,-0.9909853007860181,5.838438152041127
0.332,7,prcus-p,-1.092201024567786,5.838438152041127
0.332,7,prcus-i,-1.9590231307408157,5.838438152041127
0.332,7,prcus-a,-0.32921539891422863,5.838438152041127
0.332,7,ifrms,-2.2926050201860932,5.838438152041127
0.332,7,sspls-v,0.0,5.838438152041127
0.332,8,mcgs,0.0,5.322897267530366
0.332,8,pos,-0.0,5.322897267530366
0.332,8,sbps,-0.0,5.322897267530366
0.332,8,prculs-d,-0.0,5.322897267530366
0.332,8,prcus-p,-1.080095098810614,5.322897267530366
0.332,8,prcus-i,-1.8295168336058365,5.322897267530366
0.332,8,prcus-a,-0.5027343141511849,5.322897267530366
0.332,8,ifrms,-1.9598807231800175,5.322897267530366
0.332,8,sspls-v,0.0,5.322897267530366
0.332,9,mcgs,-0.0,5.265036787651899
0.332,9,pos,0.15211546877997062,5.265036787651899
0.332,9,sbps,0.0,5.265036787651899
0.332,9,prculs-d,-0.7024516220312287,5.265036787651899
0.332,9,prcus-p,-1.1103332374645187,5.265036787651899
0.332,9,prcus-i,-1.7055665338710744,5.265036787651899
0.332,9,prcus-a,-0.0,5.265036787651899
0.332,9,ifrms,-2.169972926661474,5.265036787651899
0.332,9,sspls-v,0.0,5.265036787651899
0.332,10,mcgs,-0.0,5.420161815947971
0.332,10,pos,-0.0,5.420161815947971
0.332,10,sbps,-0.0,5.420161815947971
0.332,10,prculs-d,-0.3877838688682021,5.420161815947971
0.332,10,prcus-p,-1.011181465768296,5.420161815947971
0.332,10,prcus-i,-2.172681279104388,5.420161815947971
0.332,10,prcus-a,-0.39205253309732724,5.420161815947971
0.332,10,ifrms,-2.5822500551427026,5.420161815947971
0.332,10,sspls-v,-0.0,5.420161815947971
0.332,11,mcgs,-0.0,5.51824692653144
0.332,11,pos,0.0,5.51824692653144
0.332,11,sbps,-0.0,5.51824692653144
0.332,11,prculs-d,-1.0317571649765378,5.51824692653144
0.332,11,prcus-p,-0.6150117033614566,5.51824692653144
0.332,11,prcus-i,-1.3701349900653104,5.51824692653144
0.332,11,prcus-a,-0.0,5.51824692653144
0.332,11,ifrms,-2.1756781949585813,5.51824692653144
0.332,11,sspls-v,-0.0,5.51824692653144
0.332,12,mcgs,-0.0,5.457530342021875
0.332,12,pos,-0.0,5.457530342021875
0.332,12,sbps,-0.0,5.457530342021875
0.332,12,prculs-d,-1.0676615515246137,5.457530342021875
0.332,12,prcus-p,-0.6415968124521555,5.457530342021875
0.332,12,prcus-i,-2.2570381346880746,5.457530342021875
0.332,12,prcus-a,-0.06591273439613647,5.457530342021875
0.332,12,ifrms,-2.79825302459761,5.457530342021875
0.332,12,sspls-v,-0.0,5.457530342021875
0.332,13,mcgs,-0.0,5.787718054937803
0.332,13,pos,-0.0,5.787718054937803
0.332,13,sbps,-0.46079800066587995,5.787718054937803
0.332,13,prculs-d,-1.0592290800012392,5.787718054937803
0.332,13,prcus-p,-0.617887597406634,5.787718054937803
0.332,13,prcus-i,-1.6502005322200581,5.787718054937803
0.332,13,prcus-a,-0.14707882474142106,5.787718054937803
0.332,13,ifrms,-2.0252201687460936,5.787718054937803
0.332,13,sspls-v,0.06689945875968627,5.787718054937803
0.332,14,mcgs,-0.0,5.94988229342477
0.332,14,pos,-0.0,5.94988229342477
0.332,14,sbps,-0.0,5.94988229342477
0.332,14,prculs-d,-0.9280694249972279,5.94988229342477
0.332,14,prcus-p,-1.0458030343463025,5.94988229342477
0.332,14,prcus-i,-1.8646950579560586,5.94988229342477
0.332,14,prcus-a,-0.2913775761170431,5.94988229342477
0.332,14,ifrms,-2.241026692056733,5.94988229342477
0.332,14,sspls-v,0.0,5.94988229342477
0.332,15,mcgs,-0.05517658150922843,5.878580816210834
0.332,15,pos,-0.0,5.878580816210834
0.332,15,sbps,-0.0,5.878580816210834
0.332,15,prculs-d,-0.9603680481606914,5.878580816210834
0.332,15,prcus-p,-0.9822098415248077,5.878580816210834
0.332,15,prcus-i,-1.890988373426796,5.878580816210834
0.332,15,prcus-a,-0.3532527324025442,5.878580816210834
0.332,15,ifrms,-2.1777532591026936,5.878580816210834
0.332,15,sspls-v,0.0,5.878580816210834
0.332,16,mcgs,-0.0,5.776791297028148
0.332,16,pos,-0.0,5.776791297028148
0.332,16,sbps,-0.0,5.776791297028148
0.332,16,prculs-d,-1.0023344305103374,5.776791297028148
0.332,16,prcus-p,-1.20697554100891,5.776791297028148
0.332,16,prcus-i,-2.04144487636388,5.776791297028148
0.332,16,prcus-a,-0.3906942431581513,5.776791297028148
0.332,16,ifrms,-2.2681759802874257,5.776791297028148
0.332,16,sspls-v,0.0,5.776791297028148
0.332,17,mcgs,-0.0,5.465694366611076
0.332,17,pos,-0.9340285884612037,5.465694366611076
0.332,17,sbps,0.275650207181433,5.465694366611076
0.332,17,prculs-d,-0.48735929136746065,5.465694366611076
0.332,17,prcus-p,-1.367885093938418,5.465694366611076
0.332,17,prcus-i,-0.9048605741124257,5.465694366611076
0.332,17,prcus-a,-0.19626220656017065,5.465694366611076
0.332,17,ifrms,-2.018637545799408,5.465694366611076
0.332,17,sspls-v,-0.0,5.465694366611076
0.332,18,mcgs,-0.0,5.802509156374457
0.332,18,pos,0.0,5.802509156374457
0.332,18,sbps,-0.0,5.802509156374457
0.332,18,prculs-d,-0.9726221551190254,5.802509156374457
0.332,18,prcus-p,-1.1369620779356107,5.802509156374457
0.332,18,prcus-i,-1.8664145686853175,5.802509156374457
0.332,18,prcus-a,-0.4431870718923972,5.802509156374457
0.332,18,ifrms,-2.319681562474861,5.802509156374457
0.332,18,sspls-v,0.0,5.802509156374457
0.332,19,mcgs,-0.0,5.946451603148069
0.332,19,pos,-0.0,5.946451603148069
0.332,19,sbps,-0.0,5.946451603148069
0.332,19,prculs-d,-0.9884342314104595,5.946451603148069
0.332,19,prcus-p,-1.0622212727874338,5.946451603148069
0.332,19,prcus-i,-1.8901356859462184,5.946451603148069
0.332,19,prcus-a,-0.3215503369331821,5.946451603148069
0.332,19,ifrms,-2.0860970218185524,5.946451603148069
0.332,19,sspls-v,0.0,5.946451603148069
0.332,20,mcgs,-0.044681042517216725,5.821498322928626
0.332,20,pos,-0.0,5.821498322928626
0.332,20,sbps,-0.0,5.821498322928626
0.332,20,prculs-d,-1.1115893982409908,5.821498322928626
0.332,20,prcus-p,-0.9180554555169438,5.821498322928626
0.332,20,prcus-i,-1.9304086822358753,5.821498322928626
0.332,20,prcus-a,-0.03345695723255086,5.821498322928626
0.332,20,ifrms,-2.3023910833604955,5.821498322928626
0.332,20,sspls-v,0.0,5.821498322928626
0.332,21,mcgs,-0.0,5.907017661229007
0.332,21,pos,-0.0,5.907017661229007
0.332,21,sbps,-0.0,5.907017661229007
0.332,21,prculs-d,-1.119794416554188,5.907017661229007
0.332,21,prcus-p,-1.2934251433287678,5.907017661229007
0.332,21,prcus-i,-1.8254027685644787,5.907017661229007
0.332,21,prcus-a,-0.2281645598237334,5.907017661229007
0.332,21,ifrms,-2.0912816662174825,5.907017661229007
0.332,21,sspls-v,0.0,5.907017661229007
0.332,22,mcgs,0.0,5.7108700799599585
0.332,22,pos,0.0,5.7108700799599585
0.332,22,sbps,-0.0,5.7108700799599585
0.332,22,prculs-d,-1.0802039010773705,5.7108700799599585
0.332,22,prcus-p,-0.750067282882603,5.7108700799599585
0.332,22,prcus-i,-1.7564968222298178,5.7108700799599585
0.332,22,prcus-a,-0.16747663171966973,5.7108700799599585
0.332,22,ifrms,-2.511814096896095,5.7108700799599585
0.332,22,sspls-v,0.0,5.7108700799599585
0.332,23,mcgs,-0.0,5.39455543350332
0.332,23,pos,0.0,5.39455543350332
0.332,23,sbps,-0.0,5.39455543350332
0.332,23,prculs-d,-0.8006952530140935,5.39455543350332
0.332,23,prcus-p,-1.7174097637083046,5.39455543350332
0.332,23,prcus-i,-1.8043056592453088,5.39455543350332
0.332,23,prcus-a,-0.6788679850955589,5.39455543350332
0.332,23,ifrms,-2.2209170143533705,5.39455543350332
0.332,23,sspls-v,0.7785832080599331,5.39455543350332
0.332,24,mcgs,-0.0,5.548886750320603
0.332,24,pos,0.1904317198227658,5.548886750320603
0.332,24,sbps,-0.2436369368161305,5.548886750320603
0.332,24,prculs-d,-0.9275147568088771,5.548886750320603
0.332,24,prcus-p,-1.0819021328284362,5.548886750320603
0.332,24,prcus-i,-1.9436065765067827,5.548886750320603
0.332,24,prcus-a,-0.12062445414582838,5.548886750320603
0.332,24,ifrms,-2.3345358469924267,5.548886750320603
0.332,24,sspls-v,0.0,5.548886750320603
0.332,25,mcgs,-0.0,5.648422106430934
0.332,25,pos,-0.13234245127556143,5.648422106430934
0.332,25,sbps,-0.2613743432890739,5.648422106430934
0.332,25,prculs-d,-1.048781025782461,5.648422106430934
0.332,25,prcus-p,-0.7560722860885103,5.648422106430934
0.332,25,prcus-i,-2.312854495123428,5.648422106430934
0.332,25,prcus-a,-0.9076489982107028,5.648422106430934
0.332,25,ifrms,-2.6707721203874186,5.648422106430934
0.332,25,sspls-v,0.0,5.648422106430934
0.332,26,mcgs,-0.0,5.839073665041269
0.332,26,pos,-0.0,5.839073665041269
0.332,26,sbps,-0.0,5.839073665041269
0.332,26,prculs-d,-1.1094914037246963,5.839073665041269
0.332,26,prcus-p,-0.8863778795382323,5.839073665041269
0.332,26,prcus-i,-1.9159023743355448,5.839073665041269
0.332,26,prcus-a,-0.3148684386699364,5.839073665041269
0.332,26,ifrms,-2.4376959658797173,5.839073665041269
0.332,26,sspls-v,0.0,5.839073665041269
0.332,27,mcgs,-0.22468328852252512,5.723496835214287
0.332,27,pos,-0.0,5.723496835214287
0.332,27,sbps,-0.04093727045997167,5.723496835214287
0.332,27,prculs-d,-1.2765605104608189,5.723496835214287
0.332,27,prcus-p,-1.1370137520405268,5.723496835214287
0.332,27,prcus-i,-2.2193823509772073,5.723496835214287
0.332,27,prcus-a,-0.0,5.723496835214287
0.332,27,ifrms,-2.1954910482155143,5.723496835214287
0.332,27,sspls-v,0.13517118086061747,5.723496835214287
0.355,0,mcgs,-0.0,5.84971625226142
0.355,0,pos,-0.0,5.84971625226142
0.355,0,sbps,-0.0,5.84971625226142
0.355,0,prculs-d,-0.9440708363819224,5.84971625226142
0.355,0,prcus-p,-0.986016995139279,5.84971625226142
0.355,0,prcus-i,-1.7963098850980874,5.84971625226142
0.355,0,prcus-a,-0.2168747871931217,5.84971625226142
0.355,0,ifrms,-2.2677083469447297,5.84971625226142
0.355,0,sspls-v,0.0,5.84971625226142
0.355,1,mcgs,-0.0,5.434454700995915
0.355,1,pos,-0.0,5.434454700995915
0.355,1,sbps,-0.7814018376452161,5.434454700995915
0.355,1,prculs-d,-1.5389357876742935,5.434454700995915
0.355,1,prcus-p,-0.8505529807882827,5.434454700995915
0.355,1,prcus-i,-1.5351103681976903,5.434454700995915
0.355,1,prcus-a,-0.0,5.434454700995915
0.355,1,ifrms,-2.0026682691439266,5.434454700995915
0.355,1,sspls-v,0.0,5.434454700995915
0.355,2,mcgs,-0.08347537810598357,5.950474633583452
0.355,2,pos,-0.0,5.950474633583452
0.355,2,sbps,-0.0,5.950474633583452
0.355,2,prculs-d,-0.8977868528503741,5.950474633583452
0.355,2,prcus-p,-0.7627383952843014,5.950474633583452
0.355,2,prcus-i,-1.8347101835791186,5.950474633583452
0.355,2,prcus-a,-0.20578598187263103,5.950474633583452
0.355,2,ifrms,-2.322313479112054,5.950474633583452
0.355,2,sspls-v,3.319496208154793e-05,5.950474633583452
0.355,3,mcgs,-0.0,5.698501068575552
0.355,3,pos,0.0,5.698501068575552
0.355,3,sbps,-0.0,5.698501068575552
0.355,3,prculs-d,-0.9148660485751723,5.698501068575552
0.355,3,prcus-p,-0.8350345391131775,5.698501068575552
0.355,3,prcus-i,-1.7152109172605061,5.698501068575552
0.355,3,prcus-a,-0.10507697959739508,5.698501068575552
0.355,3,ifrms,-1.918539449651315,5.698501068575552
0.355,3,sspls-v,0.0,5.698501068575552
0.355,4,mcgs,-0.0,5.76679063350687
0.355,4,pos,0.0,5.76679063350687
0.355,4,sbps,-0.0,5.76679063350687
0.355,4,prculs-d,-1.1022257710901244,5.76679063350687
0.355,4,prcus-p,-1.07790183842688,5.76679063350687
0.355,4,prcus-i,-2.1812645171224903,5.76679063350687
0.355,4,prcus-a,-0.5621212687802777,5.76679063350687
0.355,4,ifrms,-2.1478986428591873,5.76679063350687
0.355,4,sspls-v,0.0,5.76679063350687
0.355,5,mcgs,0.0,5.410941365170792
0.355,5,pos,0.0,5.410941365170792
0.355,5,sbps,-0.0,5.410941365170792
0.355,5,prculs-d,-1.3615963120289962,5.410941365170792
0.355,5,prcus-p,-1.399741538649325,5.410941365170792
0.355,5,prcus-i,-2.100726325421309,5.410941365170792
0.355,5,prcus-a,-0.6482943384453242,5.410941365170792
0.355,5,ifrms,-1.8790085678847885,5.410941365170792
0.355,5,sspls-v,-0.0,5.410941365170792
0.355,6,mcgs,-0.0,5.736415363312494
0.355,6,pos,0.0,5.736415363312494
0.355,6,sbps,-0.0,5.736415363312494
0.355,6,prculs-d,-1.0380757925333968,5.736415363312494
0.355,6,prcus-p,-0.6747653882972775,5.736415363312494
0.355,6,prcus-i,-1.8662934219046792,5.736415363312494
0.355,6,prcus-a,-0.0,5.736415363312494
0.355,6,ifrms,-2.422234218033263,5.736415363312494
0.355,6,sspls-v,0.15423961635482558,5.736415363312494
0.355,7,mcgs,-0.0,5.784547302340326
0.355,7,pos,-0.0,5.784547302340326
0.355,7,sbps,-0.0,5.784547302340326
0.355,7,prculs-d,-0.9525032186657673,5.784547302340326
0.355,7,prcus-p,-1.0265292887223898,5.784547302340326
0.355,7,prcus-i,-1.8555698728061103,5.784547302340326
0.355,7,prcus-a,-0.22198341233646934,5.784547302340326
0.355,7,ifrms,-2.2591271266673125,5.784547302340326
0.355,7,sspls-v,0.0,5.784547302340326
0.355,8,mcgs,0.0,5.314111520793688
0.355,8,pos,-0.0,5.314111520793688
0.355,8,sbps,-0.0,5.314111520793688
0.355,8,prculs-d,-0.0,5.314111520793688
0.355,8,prcus-p,-1.0144087262814916,5.314111520793688
0.355,8,prcus-i,-1.7423001503976177,5.314111520793688
0.355,8,prcus-a,-0.3946216189585941,5.314111520793688
0.355,8,ifrms,-1.9294881493008584,5.314111520793688
0.355,8,sspls-v,0.0,5.314111520793688
0.355,9,mcgs,-0.0,5.194978473900499
0.355,9,pos,0.1183150660778517,5.194978473900499
0.355,9,sbps,0.0,5.194978473900499
0.355,9,prculs-d,-0.6590132145153703,5.194978473900499
0.355,9,prcus-p,-1.0967674993473533,5.194978473900499
0.355,9,prcus-i,-1.6622522500160015,5.194978473900499
0.355,9,prcus-a,-0.0,5.194978473900499
0.355,9,ifrms,-2.140067037652343,5.194978473900499
0.355,9,sspls-v,-0.0,5.194978473900499
0.355,10,mcgs,-0.0,5.360632559473792
0.355,10,pos,-0.0,5.360632559473792
0.355,10,sbps,-0.0,5.360632559473792
0.355,10,prculs-d,-0.3560742997143824,5.360632559473792
0.355,10,prcus-p,-0.9464336599218407,5.360632559473792
0.355,10,prcus-i,-2.075999954593463,5.360632559473792
0.355,10,prcus-a,-0.2867724861074069,5.360632559473792
0.355,10,ifrms,-2.5495265483902854,5.360632559473792
0.355,10,sspls-v,-0.0,5.360632559473792
0.355,11,mcgs,-0.0,5.466244736203485
0.355,11,pos,0.0,5.466244736203485
0.355,11,sbps,-0.0,5.466244736203485
0.355,11,prculs-d,-0.9946512302432097,5.466244736203485
0.355,11,prcus-p,-0.5990659837168123,5.466244736203485
0.355,11,prcus-i,-1.326509385068418,5.466244736203485
0.355,11,prcus-a,-0.0,5.466244736203485
0.355,11,ifrms,-2.1525324756468955,5.466244736203485
0.355,11,sspls-v,-0.0,5.466244736203485
0.355,12,mcgs,-0.0,5.395302931558793
0.355,12,pos,-0.0,5.395302931558793
0.355,12,sbps,-0.0,5.395302931558793
0.355,12,prculs-d,-1.029566101903062,5.395302931558793
0.355,12,prcus-p,-0.5967816804492696,5.395302931558793
0.355,12,prcus-i,-2.1751751466996905,5.395302931558793
0.355,12,prcus-a,-0.0,5.395302931558793
0.355,12,ifrms,-2.7648008794688224,5.395302931558793
0.355,12,sspls-v,-0.0,5.395302931558793
0.355,13,mcgs,-0.0,5.744119764855598
0.355,13,pos,-0.0,5.744119764855598
0.355,13,sbps,-0.4536590219333408,5.744119764855598
0.355,13,prculs-d,-0.9973950386923581,5.744119764855598
0.355,13,prcus-p,-0.5308770837332818,5.744119764855598
0.355,13,prcus-i,-1.520145828263392,5.744119764855598
0.355,13,prcus-a,-0.024866142756579477,5.744119764855598
0.355,13,ifrms,-1.9894264264540114,5.744119764855598
0.355,13,sspls-v,0.0,5.744119764855598
0.355,14,mcgs,-0.0,5.869323532635932
0.355,14,pos,-0.0,5.869323532635932
0.355,14,sbps,-0.0,5.869323532635932
0.355,14,prculs-d,-0.8819419170371752,5.869323532635932
0.355,14,prcus-p,-0.9926353237557878,5.869323532635932
0.355,14,prcus-i,-1.7503666405242186,5.869323532635932
0.355,14,prcus-a,-0.178824934366939,5.869323532635932
0.355,14,ifrms,-2.2098632671113245,5.869323532635932
0.355,14,sspls-v,0.0,5.869323532635932
0.355,15,mcgs,-0.0,5.828775397395142
0.355,15,pos,-0.0,5.828775397395142
0.355,15,sbps,-0.0,5.828775397395142
0.355,15,prculs-d,-0.9207694190170577,5.828775397395142
0.355,15,prcus-p,-0.8878321395612853,5.828775397395142
0.355,15,prcus-i,-1.7663499396287161,5.828775397395142
0.355,15,prcus-a,-0.23981805934620373,5.828775397395142
0.355,15,ifrms,-2.1294702522188436,5.828775397395142
0.355,15,sspls-v,0.0,5.828775397395142
0.355,16,mcgs,-0.0,5.733195121060108
0.355,16,pos,-0.0,5.733195121060108
0.355,16,sbps,-0.0,5.733195121060108
0.355,16,prculs-d,-0.9637791488760724,5.733195121060108
0.355,16,prcus-p,-1.1385471697100211,5.733195121060108
0.355,16,prcus-i,-1.9362520649596615,5.733195121060108
0.355,16,prcus-a,-0.28264104118236916,5.733195121060108
0.355,16,ifrms,-2.2358807952760222,5.733195121060108
0.355,16,sspls-v,0.0,5.733195121060108
0.355,17,mcgs,-0.0,5.431804835235948
0.355,17,pos,-0.910366018023788,5.431804835235948
0.355,17,sbps,0.2154375306024693,5.431804835235948
0.355,17,prculs-d,-0.4671420476299001,5.431804835235948
0.355,17,prcus-p,-1.2635534540401694,5.431804835235948
0.355,17,prcus-i,-0.8158067473273827,5.431804835235948
0.355,17,prcus-a,-0.08001343021392371,5.431804835235948
0.355,17,ifrms,-1.9919453023286058,5.431804835235948
0.355,17,sspls-v,-0.0,5.431804835235948
0.355,18,mcgs,-0.0,5.746182236354467
0.355,18,pos,0.0,5.746182236354467
0.355,18,sbps,-0.0,5.746182236354467
0.355,18,prculs-d,-0.9360534933446706,5.746182236354467
0.355,18,prcus-p,-1.0695680908284604,5.746182236354467
0.355,18,prcus-i,-1.7716899937847916,5.746182236354467
0.355,18,prcus-a,-0.33483901783108466,5.746182236354467
0.355,18,ifrms,-2.2853116434902883,5.746182236354467
0.355,18,sspls-v,0.0,5.746182236354467
0.355,19,mcgs,-0.0,5.883501237034873
0.355,19,pos,-0.0,5.883501237034873
0.355,19,sbps,-0.0,5.883501237034873
0.355,19,prculs-d,-0.9520754391310156,5.883501237034873
0.355,19,prcus-p,-0.9986203272437869,5.883501237034873
0.355,19,prcus-i,-1.7984535619119144,5.883501237034873
0.355,19,prcus-a,-0.21664548530489475,5.883501237034873
0.355,19,ifrms,-2.052552073139548,5.883501237034873
0.355,19,sspls-v,0.0,5.883501237034873
0.355,20,mcgs,-0.0,5.734134495698737
0.355,20,pos,-0.0,5.734134495698737
0.355,20,sbps,-0.0,5.734134495698737
0.355,20,prculs-d,-1.0696254957968663,5.734134495698737
0.355,20,prcus-p,-0.8661090083141664,5.734134495698737
0.355,20,prcus-i,-1.8530940273319334,5.734134495698737
0.355,20,prcus-a,-0.0,5.734134495698737
0.355,20,ifrms,-2.2641835709300002,5.734134495698737
0.355,20,sspls-v,0.0,5.734134495698737
0.355,21,mcgs,-0.0,5.836967719486171
0.355,21,pos,-0.0,5.836967719486171
0.355,21,sbps,-0.0,5.836967719486171
0.355,21,prculs-d,-1.0843214595903556,5.836967719486171
0.355,21,prcus-p,-1.2356595903686447,5.836967719486171
0.355,21,prcus-i,-1.7259446592300431,5.836967719486171
0.355,21,prcus-a,-0.12435303518312546,5.836967719486171
0.355,21,ifrms,-2.0574216737365156,5.836967719486171
0.355,21,sspls-v,0.0,5.836967719486171
0.355,22,mcgs,0.0,5.666942677829047
0.355,22,pos,0.0,5.666942677829047
0.355,22,sbps,-0.0,5.666942677829047
0.355,22,prculs-d,-1.0449338685335805,5.666942677829047
0.355,22,prcus-p,-0.6820913065701912,5.666942677829047
0.355,22,prcus-i,-1.6559664073017502,5.666942677829047
0.355,22,prcus-a,-0.05922349653326943,5.666942677829047
0.355,22,ifrms,-2.484092805957797,5.666942677829047
0.355,22,sspls-v,0.0,5.666942677829047
0.355,23,mcgs,-0.0,5.390808470206901
0.355,23,pos,0.0,5.390808470206901
0.355,23,sbps,-0.0,5.390808470206901
0.355,23,prculs-d,-0.7417604689539473,5.390808470206901
0.355,23,prcus-p,-1.61471965779689,5.390808470206901
0.355,23,prcus-i,-1.6756809803999981,5.390808470206901
0.355,23,prcus-a,-0.5488670930505841,5.390808470206901
0.355,23,ifrms,-2.185626776015579,5.390808470206901
0.355,23,sspls-v,0.7030148499717932,5.390808470206901
0.355,24,mcgs,-0.0,5.504578914632583
0.355,24,pos,0.1624269295676347,5.504578914632583
0.355,24,sbps,-0.23668045798692766,5.504578914632583
0.355,24,prculs-d,-0.8846073416927875,5.504578914632583
0.355,24,prcus-p,-1.0236594522169118,5.504578914632583
0.355,24,prcus-i,-1.8439364202879192,5.504578914632583
0.355,24,prcus-a,-0.021243821465282427,5.504578914632583
0.355,24,ifrms,-2.295169455911581,5.504578914632583
0.355,24,sspls-v,0.0,5.504578914632583
0.355,25,mcgs,0.0,5.606592910573686
0.355,25,pos,-0.1033063535617744,5.606592910573686
0.355,25,sbps,-0.24382430781134357,5.606592910573686
0.355,25,prculs-d,-1.0131685754841986,5.606592910573686
0.355,25,prcus-p,-0.7025091078773511,5.606592910573686
0.355,25,prcus-i,-2.205527352805836,5.606592910573686
0.355,25,prcus-a,-0.7939178189220051,5.606592910573686
0.355,25,ifrms,-2.637791823920778,5.606592910573686
0.355,25,sspls-v,0.0,5.606592910573686
0.355,26,mcgs,-0.0,5.779494986560471
0.355,26,pos,-0.0,5.779494986560471
0.355,26,sbps,-0.0,5.779494986560471
0.355,26,prculs-d,-1.0730224320270831,5.779494986560471
0.355,26,prcus-p,-0.8245707279703088,5.779494986560471
0.355,26,prcus-i,-1.816387923243193,5.779494986560471
0.355,26,prcus-a,-0.20952094969056337,5.779494986560471
0.355,26,ifrms,-2.4032439493512525,5.779494986560471
0.355,26,sspls-v,0.0,5.779494986560471
0.355,27,mcgs,-0.12253939079565544,5.678254008007036
0.355,27,pos,-0.0,5.678254008007036
0.355,27,sbps,-0.016573865606312757,5.678254008007036
0.355,27,prculs-d,-1.200833460661131,5.678254008007036
0.355,27,prcus-p,-1.0634855408044026,5.678254008007036
0.355,27,prcus-i,-2.1170230022523184,5.678254008007036
0.355,27,prcus-a,0.0,5.678254008007036
0.355,27,ifrms,-2.1496115177437143,5.678254008007036
0.355,27,sspls-v,0.07037728357688823,5.678254008007036
0.38,0,mcgs,-0.0,5.792449285421162
0.38,0,pos,-0.0,5.792449285421162
0.38,0,sbps,-0.0,5.792449285421162
0.38,0,prculs-d,-0.8972902615191969,5.792449285421162
0.38,0,prcus-p,-0.9070498402979683,5.792449285421162
0.38,0,prcus-i,-1.673705664667198,5.792449285421162
0.38,0,prcus-a,-0.09343806792668446,5.792449285421162
0.38,0,ifrms,-2.2294295543356175,5.792449285421162
0.38,0,sspls-v,0.0,5.792449285421162
0.38,1,mcgs,-0.0,5.414553998125318
0.38,1,pos,-0.0,5.414553998125318
0.38,1,sbps,-0.7557536030755957,5.414553998125318
0.38,1,prculs-d,-1.4920614646827322,5.414553998125318
0.38,1,prcus-p,-0.845701136731932,5.414553998125318
0.38,1,prcus-i,-1.492623910260505,5.414553998125318
0.38,1,prcus-a,-0.0,5.414553998125318
0.38,1,ifrms,-1.9806544302710194,5.414553998125318
0.38,1,sspls-v,0.0,5.414553998125318
0.38,2,mcgs,-0.0,5.871837654276367
0.38,2,pos,-0.0,5.871837654276367
0.38,2,sbps,-0.0,5.871837654276367
0.38,2,prculs-d,-0.8545869385978121,5.871837654276367
0.38,2,prcus-p,-0.6520595632653616,5.871837654276367
0.38,2,prcus-i,-1.6878772445648915,5.871837654276367
0.38,2,prcus-a,-0.07546893256071957,5.871837654276367
0.38,2,ifrms,-2.259106955033682,5.871837654276367
0.38,2,sspls-v,0.0,5.871837654276367
0.38,3,mcgs,-0.0,5.641429354430802
0.38,3,pos,0.0,5.641429354430802
0.38,3,sbps,-0.0,5.641429354430802
0.38,3,prculs-d,-0.8716618938020819,5.641429354430802
0.38,3,prcus-p,-0.7680324892800797,5.641429354430802
0.38,3,prcus-i,-1.6053134626984102,5.641429354430802
0.38,3,prcus-a,-0.0,5.641429354430802
0.38,3,ifrms,-1.8759642258942577,5.641429354430802
0.38,3,sspls-v,0.0,5.641429354430802
0.38,4,mcgs,-0.0,5.707114158197463
0.38,4,pos,0.0,5.707114158197463
0.38,4,sbps,-0.0,5.707114158197463
0.38,4,prculs-d,-1.0471786889093033,5.707114158197463
0.38,4,prcus-p,-1.0015888584825792,5.707114158197463
0.38,4,prcus-i,-2.0416969973952854,5.707114158197463
0.38,4,prcus-a,-0.4211649633620508,5.707114158197463
0.38,4,ifrms,-2.119917533215915,5.707114158197463
0.38,4,sspls-v,0.0,5.707114158197463
0.38,5,mcgs,0.0,5.40840711139824
0.38,5,pos,0.0,5.40840711139824
0.38,5,sbps,-0.0,5.40840711139824
0.38,5,prculs-d,-1.3185013908039604,5.40840711139824
0.38,5,prcus-p,-1.3251034732327702,5.40840711139824
0.38,5,prcus-i,-1.9876605071981586,5.40840711139824
0.38,5,prcus-a,-0.5290795781185782,5.40840711139824
0.38,5,ifrms,-1.8470920414345489,5.40840711139824
0.38,5,sspls-v,-0.0,5.40840711139824
0.38,6,mcgs,-0.0,5.688451999175225
0.38,6,pos,0.0,5.688451999175225
0.38,6,sbps,-0.0,5.688451999175225
0.38,6,prculs-d,-0.969450605250528,5.688451999175225
0.38,6,prcus-p,-0.6507533622589688,5.688451999175225
0.38,6,prcus-i,-1.795191452253991,5.688451999175225
0.38,6,prcus-a,-0.0,5.688451999175225
0.38,6,ifrms,-2.3891554271612088,5.688451999175225
0.38,6,sspls-v,0.08799520594137972,5.688451999175225
0.38,7,mcgs,-0.0,5.7324247154636465
0.38,7,pos,-0.0,5.7324247154636465
0.38,7,sbps,-0.0,5.7324247154636465
0.38,7,prculs-d,-0.9106457786390876,5.7324247154636465
0.38,7,prcus-p,-0.9550700353071676,5.7324247154636465
0.38,7,prcus-i,-1.7430399621197397,5.7324247154636465
0.38,7,prcus-a,-0.10535696827239695,5.7324247154636465
0.38,7,ifrms,-2.2227447331447046,5.7324247154636465
0.38,7,sspls-v,0.0,5.7324247154636465
0.38,8,mcgs,0.0,5.301746860709001
0.38,8,pos,-0.0,5.301746860709001
0.38,8,sbps,-0.0,5.301746860709001
0.38,8,prculs-d,-0.0,5.301746860709001
0.38,8,prcus-p,-0.9430038648907132,5.301746860709001
0.38,8,prcus-i,-1.6474933649632053,5.301746860709001
0.38,8,prcus-a,-0.27710167632505917,5.301746860709001
0.38,8,ifrms,-1.8964534850699388,5.301746860709001
0.38,8,sspls-v,0.0,5.301746860709001
0.38,9,mcgs,-0.0,5.13946099259569
0.38,9,pos,0.08157549792337487,5.13946099259569
0.38,9,sbps,0.0,5.13946099259569
0.38,9,prculs-d,-0.6117975541720458,5.13946099259569
0.38,9,prcus-p,-1.082022131828696,5.13946099259569
0.38,9,prcus-i,-1.6151715066952728,5.13946099259569
0.38,9,prcus-a,-0.0,5.13946099259569
0.38,9,ifrms,-2.1075606365554647,5.13946099259569
0.38,9,sspls-v,-0.0,5.13946099259569
0.38,10,mcgs,-0.0,5.309737648308578
0.38,10,pos,-0.0,5.309737648308578
0.38,10,sbps,-0.0,5.309737648308578
0.38,10,prculs-d,-0.32160902458548596,5.309737648308578
0.38,10,prcus-p,-0.8760624796176665,5.309737648308578
0.38,10,prcus-i,-1.9709177786462357,5.309737648308578
0.38,10,prcus-a,-0.17234357423152688,5.309737648308578
0.38,10,ifrms,-2.5139567244760364,5.309737648308578
0.38,10,sspls-v,-0.0,5.309737648308578
0.38,11,mcgs,-0.0,5.423779584989507
0.38,11,pos,0.0,5.423779584989507
0.38,11,sbps,-0.0,5.423779584989507
0.38,11,prculs-d,-0.9543186924895926,5.423779584989507
0.38,11,prcus-p,-0.5817336797552437,5.423779584989507
0.38,11,prcus-i,-1.2790902492022302,5.423779584989507
0.38,11,prcus-a,-0.0,5.423779584989507
0.38,11,ifrms,-2.1273740850907155,5.423779584989507
0.38,11,sspls-v,-0.0,5.423779584989507
0.38,12,mcgs,-0.0,5.3342392192426225
0.38,12,pos,-0.0,5.3342392192426225
0.38,12,sbps,-0.0,5.3342392192426225
0.38,12,prculs-d,-0.9866904516248662,5.3342392192426225
0.38,12,prcus-p,-0.5871561391177869,5.3342392192426225
0.38,12,prcus-i,-2.1205698733022778,5.3342392192426225
0.38,12,prcus-a,-0.0,5.3342392192426225
0.38,12,ifrms,-2.7287543289731158,5.3342392192426225
0.38,12,sspls-v,-0.0,5.3342392192426225
0.38,13,mcgs,-0.0,5.691205693026152
0.38,13,pos,-0.0,5.691205693026152
0.38,13,sbps,-0.4378267943326022,5.691205693026152
0.38,13,prculs-d,-0.9535650995253414,5.691205693026152
0.38,13,prcus-p,-0.5116967537744792,5.691205693026152
0.38,13,prcus-i,-1.4597609945277896,5.691205693026152
0.38,13,prcus-a,-0.0,5.691205693026152
0.38,13,ifrms,-1.9621644345239906,5.691205693026152
0.38,13,sspls-v,0.0,5.691205693026152
0.38,14,mcgs,-0.0,5.78928885428157
0.38,14,pos,-0.0,5.78928885428157
0.38,14,sbps,-0.0,5.78928885428157
0.38,14,prculs-d,-0.8318632493456137,5.78928885428157
0.38,14,prcus-p,-0.934908583984074,5.78928885428157
0.38,14,prcus-i,-1.6262249433024705,5.78928885428157
0.38,14,prcus-a,-0.05658058857161615,5.78928885428157
0.38,14,ifrms,-2.1759912969385025,5.78928885428157
0.38,14,sspls-v,0.0,5.78928885428157
0.38,15,mcgs,-0.0,5.763981657727777
0.38,15,pos,-0.0,5.763981657727777
0.38,15,sbps,-0.0,5.763981657727777
0.38,15,prculs-d,-0.8791873153798618,5.763981657727777
0.38,15,prcus-p,-0.818829997204063,5.763981657727777
0.38,15,prcus-i,-1.6549038258107953,5.763981657727777
0.38,15,prcus-a,-0.12879401160708998,5.763981657727777
0.38,15,ifrms,-2.0924303239912954,5.763981657727777
0.38,15,sspls-v,0.0,5.763981657727777
0.38,16,mcgs,-0.0,5.689045420370159
0.38,16,pos,-0.0,5.689045420370159
0.38,16,sbps,-0.0,5.689045420370159
0.38,16,prculs-d,-0.9218433226672977,5.689045420370159
0.38,16,prcus-p,-1.0640819907548105,5.689045420370159
0.38,16,prcus-i,-1.821829092846917,5.689045420370159
0.38,16,prcus-a,-0.16511903681130713,5.689045420370159
0.38,16,ifrms,-2.200788230462307,5.689045420370159
0.38,16,sspls-v,0.0,5.689045420370159
0.38,17,mcgs,-0.0,5.389967222269184
0.38,17,pos,-0.8870796986081544,5.389967222269184
0.38,17,sbps,0.1542644476753335,5.389967222269184
0.38,17,prculs-d,-0.44353309596447105,5.389967222269184
0.38,17,prcus-p,-1.174466112710886,5.389967222269184
0.38,17,prcus-i,-0.743039697820397,5.389967222269184
0.38,17,prcus-a,-0.0,5.389967222269184
0.38,17,ifrms,-1.9669439983132377,5.389967222269184
0.38,17,sspls-v,-0.0,5.389967222269184
0.38,18,mcgs,-0.0,5.699750704807402
0.38,18,pos,0.0,5.699750704807402
0.38,18,sbps,-0.0,5.699750704807402
0.38,18,prculs-d,-0.8963052890802027,5.699750704807402
0.38,18,prcus-p,-0.9963148084521658,5.699750704807402
0.38,18,prcus-i,-1.668729468393324,5.699750704807402
0.38,18,prcus-a,-0.21707031735696392,5.699750704807402
0.38,18,ifrms,-2.247952936585016,5.699750704807402
0.38,18,sspls-v,0.0,5.699750704807402
0.38,19,mcgs,-0.0,5.821844742561637
0.38,19,pos,-0.0,5.821844742561637
0.38,19,sbps,-0.0,5.821844742561637
0.38,19,prculs-d,-0.9125332685378823,5.821844742561637
0.38,19,prcus-p,-0.9294220800725241,5.821844742561637
0.38,19,prcus-i,-1.6987441994747774,5.821844742561637
0.38,19,prcus-a,-0.10257298569898825,5.821844742561637
0.38,19,ifrms,-2.016104880011534,5.821844742561637
0.38,19,sspls-v,0.0,5.821844742561637
0.38,20,mcgs,-0.0,5.648626182796324
0.38,20,pos,-0.0,5.648626182796324
0.38,20,sbps,-0.0,5.648626182796324
0.38,20,prculs-d,-1.0261959339329356,5.648626182796324
0.38,20,prcus-p,-0.8511922231844317,5.648626182796324
0.38,20,prcus-i,-1.8054064699806278,5.648626182796324
0.38,20,prcus-a,-0.0,5.648626182796324
0.38,20,ifrms,-2.2396652015989904,5.648626182796324
0.38,20,sspls-v,0.0,5.648626182796324
0.38,21,mcgs,-0.0,5.7661784793402875
0.38,21,pos,-0.0,5.7661784793402875
0.38,21,sbps,-0.0,5.7661784793402875
0.38,21,prculs-d,-1.0458311299729444,5.7661784793402875
0.38,21,prcus-p,-1.1729995615063842,5.7661784793402875
0.38,21,prcus-i,-1.6179796256392998,5.7661784793402875
0.38,21,prcus-a,-0.01162725301843188,5.7661784793402875
0.38,21,ifrms,-2.0206001002306757,5.7661784793402875
0.38,21,sspls-v,0.0,5.7661784793402875
0.38,22,mcgs,0.0,5.616802763813279
0.38,22,pos,0.0,5.616802763813279
0.38,22,sbps,-0.0,5.616802763813279
0.38,22,prculs-d,-1.0051848065129603,5.616802763813279
0.38,22,prcus-p,-0.6378948223437878,5.616802763813279
0.38,22,prcus-i,-1.579196075513344,5.616802763813279
0.38,22,prcus-a,-0.0,5.616802763813279
0.38,22,ifrms,-2.4570957171084893,5.616802763813279
0.38,22,sspls-v,0.0,5.616802763813279
0.38,23,mcgs,-0.0,5.3854971224704
0.38,23,pos,0.0,5.3854971224704
0.38,23,sbps,-0.0,5.3854971224704
0.38,23,prculs-d,-0.6777739595028802,5.3854971224704
0.38,23,prcus-p,-1.503267078162939,5.3854971224704
0.38,23,prcus-i,-1.5360271008889905,5.3854971224704
0.38,23,prcus-a,-0.40769813390511606,5.3854971224704
0.38,23,ifrms,-2.147261813941559,5.3854971224704
0.38,23,sspls-v,0.6209497234146558,5.3854971224704
0.38,24,mcgs,-0.0,5.454858805977013
0.38,24,pos,0.12476277121567125,5.454858805977013
0.38,24,sbps,-0.21954823506708085,5.454858805977013
0.38,24,prculs-d,-0.8350476899136576,5.454858805977013
0.38,24,prcus-p,-1.0058542798948793,5.454858805977013
0.38,24,prcus-i,-1.783830244955835,5.454858805977013
0.38,24,prcus-a,-0.0,5.454858805977013
0.38,24,ifrms,-2.2594423310428997,5.454858805977013
0.38,24,sspls-v,0.0,5.454858805977013
0.38,25,mcgs,0.0,5.566101430696067
0.38,25,pos,-0.07174537778592122,5.566101430696067
0.38,25,sbps,-0.2247481822920741,5.566101430696067
0.38,25,prculs-d,-0.9744593903773902,5.566101430696067
0.38,25,prcus-p,-0.6442882619956568,5.566101430696067
0.38,25,prcus-i,-2.0888674155041076,5.566101430696067
0.38,25,prcus-a,-0.6702969718690734,5.566101430696067
0.38,25,ifrms,-2.601943675587469,5.566101430696067
0.38,25,sspls-v,0.0,5.566101430696067
0.38,26,mcgs,-0.0,5.720670381428494
0.38,26,pos,-0.0,5.720670381428494
0.38,26,sbps,-0.0,5.720670381428494
0.38,26,prculs-d,-1.0333666659528882,5.720670381428494
0.38,26,prcus-p,-0.7573071788794921,5.720670381428494
0.38,26,prcus-i,-1.7081480634846433,5.720670381428494
0.38,26,prcus-a,-0.09494597180716904,5.720670381428494
0.38,26,ifrms,-2.3658091480340895,5.720670381428494
0.38,26,sspls-v,0.0,5.720670381428494
0.38,27,mcgs,-0.012348545230600767,5.618982192257539
0.38,27,pos,-0.0,5.618982192257539
0.38,27,sbps,-0.0,5.618982192257539
0.38,27,prculs-d,-1.1204498345365395,5.618982192257539
0.38,27,prcus-p,-0.9792385484999443,5.618982192257539
0.38,27,prcus-i,-2.006475210907522,5.618982192257539
0.38,27,prcus-a,0.0,5.618982192257539
0.38,27,ifrms,-2.0999582564595207,5.618982192257539
0.38,27,sspls-v,0.0005128856474328417,5.618982192257539
0.406,0,mcgs,-0.0,5.731462933960409
0.406,0,pos,-0.0,5.731462933960409
0.406,0,sbps,-0.0,5.731462933960409
0.406,0,prculs-d,-0.8491547469854182,5.731462933960409
0.406,0,prcus-p,-0.8422637931792527,5.731462933960409
0.406,0,prcus-i,-1.5666976718279213,5.731462933960409
0.406,0,prcus-a,-0.0,5.731462933960409
0.406,0,ifrms,-2.193311500165031,5.731462933960409
0.406,0,sspls-v,0.0,5.731462933960409
0.406,1,mcgs,-0.0,5.410252623387032
0.406,1,pos,-0.0,5.410252623387032
0.406,1,sbps,-0.7290794391231888,5.410252623387032
0.406,1,prculs-d,-1.443312168771509,5.410252623387032
0.406,1,prcus-p,-0.8406552189133301,5.410252623387032
0.406,1,prcus-i,-1.4484379940058307,5.410252623387032
0.406,1,prcus-a,-0.0,5.410252623387032
0.406,1,ifrms,-1.9577600378431956,5.410252623387032
0.406,1,sspls-v,0.0,5.410252623387032
0.406,2,mcgs,-0.0,5.780928447201234
0.406,2,pos,-0.0,5.780928447201234
0.406,2,sbps,-0.0,5.780928447201234
0.406,2,prculs-d,-0.8109367779782756,5.780928447201234
0.406,2,prcus-p,-0.6002477538173793,5.780928447201234
0.406,2,prcus-i,-1.596833731653883,5.780928447201234
0.406,2,prcus-a,-0.0,5.780928447201234
0.406,2,ifrms,-2.2261878946320595,5.780928447201234
0.406,2,sspls-v,0.0,5.780928447201234
0.406,3,mcgs,-0.0,5.580860485899758
0.406,3,pos,0.0,5.580860485899758
0.406,3,sbps,-0.0,5.580860485899758
0.406,3,prculs-d,-0.8266513031838071,5.580860485899758
0.406,3,prcus-p,-0.7500446433858943,5.580860485899758
0.406,3,prcus-i,-1.5543370931777767,5.580860485899758
0.406,3,prcus-a,-0.0,5.580860485899758
0.406,3,ifrms,-1.8474044600609514,5.580860485899758
0.406,3,sspls-v,0.0,5.580860485899758
0.406,4,mcgs,-0.0,5.666806270752987
0.406,4,pos,0.0,5.666806270752987
0.406,4,sbps,-0.0,5.666806270752987
0.406,4,prculs-d,-0.9899350936278196,5.666806270752987
0.406,4,prcus-p,-0.9222314524558158,5.666806270752987
0.406,4,prcus-i,-1.896559271349545,5.666806270752987
0.406,4,prcus-a,-0.27458064324062303,5.666806270752987
0.406,4,ifrms,-2.0908164423783595,5.666806270752987
0.406,4,sspls-v,0.0,5.666806270752987
0.406,5,mcgs,0.0,5.403690422857271
0.406,5,pos,0.0,5.403690422857271
0.406,5,sbps,-0.0,5.403690422857271
0.406,5,prculs-d,-1.2736825711714792,5.403690422857271
0.406,5,prcus-p,-1.2474796423693224,5.403690422857271
0.406,5,prcus-i,-1.870071799991713,5.403690422857271
0.406,5,prcus-a,-0.40509600017809755,5.403690422857271
0.406,5,ifrms,-1.8138988825334714,5.403690422857271
0.406,5,sspls-v,-0.0,5.403690422857271
0.406,6,mcgs,0.0,5.632265430247417
0.406,6,pos,0.0,5.632265430247417
0.406,6,sbps,-0.0,5.632265430247417
0.406,6,prculs-d,-0.8980158875767837,5.632265430247417
0.406,6,prcus-p,-0.62579036517715,5.632265430247417
0.406,6,prcus-i,-1.7211978324167503,5.632265430247417
0.406,6,prcus-a,-0.0,5.632265430247417
0.406,6,ifrms,-2.35473264343248,5.632265430247417
0.406,6,sspls-v,0.019074197974123092,5.632265430247417
0.406,7,mcgs,-0.0,5.684454911226167
0.406,7,pos,-0.0,5.684454911226167
0.406,7,sbps,-0.0,5.684454911226167
0.406,7,prculs-d,-0.8670831637429098,5.684454911226167
0.406,7,prcus-p,-0.8884372207765701,5.684454911226167
0.406,7,prcus-i,-1.6350842889686332,5.684454911226167
0.406,7,prcus-a,-0.0,5.684454911226167
0.406,7,ifrms,-2.186476408806357,5.684454911226167
0.406,7,sspls-v,0.0,5.684454911226167
0.406,8,mcgs,0.0,5.288723099410991
0.406,8,pos,-0.0,5.288723099410991
0.406,8,sbps,-0.0,5.288723099410991
0.406,8,prculs-d,-0.0,5.288723099410991
0.406,8,prcus-p,-0.8686637923185706,5.288723099410991
0.406,8,prcus-i,-1.5488225862643947,5.288723099410991
0.406,8,prcus-a,-0.15480798643499596,5.288723099410991
0.406,8,ifrms,-1.8621063825286257,5.288723099410991
0.406,8,sspls-v,0.0,5.288723099410991
0.406,9,mcgs,-0.0,5.0891378314328755
0.406,9,pos,0.043366347042718995,5.0891378314328755
0.406,9,sbps,0.0,5.0891378314328755
0.406,9,prculs-d,-0.5626932674149882,5.0891378314328755
0.406,9,prcus-p,-1.066686949609292,5.0891378314328755
0.406,9,prcus-i,-1.566207533641712,5.0891378314328755
0.406,9,prcus-a,-0.0,5.0891378314328755
0.406,9,ifrms,-2.073753979414709,5.0891378314328755
0.406,9,sspls-v,-0.0,5.0891378314328755
0.406,10,mcgs,-0.0,5.260223610272107
0.406,10,pos,-0.0,5.260223610272107
0.406,10,sbps,-0.0,5.260223610272107
0.406,10,prculs-d,-0.28572411809224946,5.260223610272107
0.406,10,prcus-p,-0.8027069424210599,5.260223610272107
0.406,10,prcus-i,-1.861477857086621,5.260223610272107
0.406,10,prcus-a,-0.053190650666258533,5.260223610272107
0.406,10,ifrms,-2.47698339224831,5.260223610272107
0.406,10,sspls-v,-0.0,5.260223610272107
0.406,11,mcgs,-0.0,5.391882657539883
0.406,11,pos,0.0,5.391882657539883
0.406,11,sbps,-0.0,5.391882657539883
0.406,11,prculs-d,-0.9123728532258315,5.391882657539883
0.406,11,prcus-p,-0.5637080836352117,5.391882657539883
0.406,11,prcus-i,-1.2297743479013958,5.391882657539883
0.406,11,prcus-a,-0.0,5.391882657539883
0.406,11,ifrms,-2.101209358912288,5.391882657539883
0.406,11,sspls-v,-0.0,5.391882657539883
0.406,12,mcgs,-0.0,5.292153417510972
0.406,12,pos,-0.0,5.292153417510972
0.406,12,sbps,-0.0,5.292153417510972
0.406,12,prculs-d,-0.9420998207334647,5.292153417510972
0.406,12,prcus-p,-0.5771455394362427,5.292153417510972
0.406,12,prcus-i,-2.0637804349285225,5.292153417510972
0.406,12,prcus-a,-0.0,5.292153417510972
0.406,12,ifrms,-2.691265947427059,5.292153417510972
0.406,12,sspls-v,-0.0,5.292153417510972
0.406,13,mcgs,0.0,5.6432872917311165
0.406,13,pos,-0.0,5.6432872917311165
0.406,13,sbps,-0.4182307445604174,5.6432872917311165
0.406,13,prculs-d,-0.907283250104723,5.6432872917311165
0.406,13,prcus-p,-0.5056548040898803,5.6432872917311165
0.406,13,prcus-i,-1.411576751435871,5.6432872917311165
0.406,13,prcus-a,-0.0,5.6432872917311165
0.406,13,ifrms,-1.9366801375070262,5.6432872917311165
0.406,13,sspls-v,0.0,5.6432872917311165
0.406,14,mcgs,-0.0,5.717843713310821
0.406,14,pos,-0.0,5.717843713310821
0.406,14,sbps,-0.0,5.717843713310821
0.406,14,prculs-d,-0.7841519472778496,5.717843713310821
0.406,14,prcus-p,-0.9020661166890679,5.717843713310821
0.406,14,prcus-i,-1.542036014398148,5.717843713310821
0.406,14,prcus-a,-0.0,5.717843713310821
0.406,14,ifrms,-2.146944505304179,5.717843713310821
0.406,14,sspls-v,0.0,5.717843713310821
0.406,15,mcgs,-0.0,5.703810963749259
0.406,15,pos,-0.0,5.703810963749259
0.406,15,sbps,-0.0,5.703810963749259
0.406,15,prculs-d,-0.8359699595920306,5.703810963749259
0.406,15,prcus-p,-0.7471405282697858,5.703810963749259
0.406,15,prcus-i,-1.539078556893131,5.703810963749259
0.406,15,prcus-a,-0.013394796029204143,5.703810963749259
0.406,15,ifrms,-2.053904718845259,5.703810963749259
0.406,15,sspls-v,0.0,5.703810963749259
0.406,16,mcgs,-0.0,5.653270354934078
0.406,16,pos,-0.0,5.653270354934078
0.406,16,sbps,-0.0,5.653270354934078
0.406,16,prculs-d,-0.878258840551949,5.653270354934078
0.406,16,prcus-p,-0.9867276568697773,5.653270354934078
0.406,16,prcus-i,-1.7029148142493937,5.653270354934078
0.406,16,prcus-a,-0.04297137903101022,5.653270354934078
0.406,16,ifrms,-2.1642806423417134,5.653270354934078
0.406,16,sspls-v,0.0,5.653270354934078
0.406,17,mcgs,-0.0,5.352556919220576
0.406,17,pos,-0.8672441652976688,5.352556919220576
0.406,17,sbps,0.09846766135821898,5.352556919220576
0.406,17,prculs-d,-0.4160805262864408,5.352556919220576
0.406,17,prcus-p,-1.125674275283384,5.352556919220576
0.406,17,prcus-i,-0.710598987256466,5.352556919220576
0.406,17,prcus-a,-0.0,5.352556919220576
0.406,17,ifrms,-1.948105030317787,5.352556919220576
0.406,17,sspls-v,-0.0,5.352556919220576
0.406,18,mcgs,-0.0,5.664439449254102
0.406,18,pos,0.0,5.664439449254102
0.406,18,sbps,-0.0,5.664439449254102
0.406,18,prculs-d,-0.8549487676641884,5.664439449254102
0.406,18,prcus-p,-0.9200747757077307,5.664439449254102
0.406,18,prcus-i,-1.561598285479293,5.664439449254102
0.406,18,prcus-a,-0.09454109124540931,5.664439449254102
0.406,18,ifrms,-2.209105209706797,5.664439449254102
0.406,18,sspls-v,0.0,5.664439449254102
0.406,19,mcgs,-0.0,5.771447986514637
0.406,19,pos,-0.0,5.771447986514637
0.406,19,sbps,-0.0,5.771447986514637
0.406,19,prculs-d,-0.8712461611519888,5.771447986514637
0.406,19,prcus-p,-0.8649391394224131,5.771447986514637
0.406,19,prcus-i,-1.6032206512050065,5.771447986514637
0.406,19,prcus-a,-0.0,5.771447986514637
0.406,19,ifrms,-1.980713600206559,5.771447986514637
0.406,19,sspls-v,0.0,5.771447986514637
0.406,20,mcgs,-0.0,5.584582182033324
0.406,20,pos,-0.0,5.584582182033324
0.406,20,sbps,-0.0,5.584582182033324
0.406,20,prculs-d,-0.9810389306693421,5.584582182033324
0.406,20,prcus-p,-0.8356741133790512,5.584582182033324
0.406,20,prcus-i,-1.7558171907303244,5.584582182033324
0.406,20,prcus-a,-0.0,5.584582182033324
0.406,20,ifrms,-2.2141689045466117,5.584582182033324
0.406,20,sspls-v,0.0,5.584582182033324
0.406,21,mcgs,-0.0,5.700306046184302
0.406,21,pos,-0.0,5.700306046184302
0.406,21,sbps,-0.0,5.700306046184302
0.406,21,prculs-d,-1.0025058095229138,5.700306046184302
0.406,21,prcus-p,-1.1504361352031967,5.700306046184302
0.406,21,prcus-i,-1.5653343516023572,5.700306046184302
0.406,21,prcus-a,-0.0,5.700306046184302
0.406,21,ifrms,-1.9959007935425763,5.700306046184302
0.406,21,sspls-v,0.0,5.700306046184302
0.406,22,mcgs,0.0,5.563930466587958
0.406,22,pos,0.0,5.563930466587958
0.406,22,sbps,-0.0,5.563930466587958
0.406,22,prculs-d,-0.9623636080987693,5.563930466587958
0.406,22,prcus-p,-0.6228235214555604,5.563930466587958
0.406,22,prcus-i,-1.5334851028859968,5.563930466587958
0.406,22,prcus-a,-0.0,5.563930466587958
0.406,22,ifrms,-2.4325147571169152,5.563930466587958
0.406,22,sspls-v,0.0,5.563930466587958
0.406,23,mcgs,-0.0,5.384820084074213
0.406,23,pos,0.0,5.384820084074213
0.406,23,sbps,-0.0,5.384820084074213
0.406,23,prculs-d,-0.611175486183634,5.384820084074213
0.406,23,prcus-p,-1.3872362799731863,5.384820084074213
0.406,23,prcus-i,-1.390675248255571,5.384820084074213
0.406,23,prcus-a,-0.2607843977459354,5.384820084074213
0.406,23,ifrms,-2.107366570857027,5.384820084074213
0.406,23,sspls-v,0.5355485159822584,5.384820084074213
0.406,24,mcgs,-0.0,5.411998573562118
0.406,24,pos,0.08372263220701759,5.411998573562118
0.406,24,sbps,-0.19956972109564006,5.411998573562118
0.406,24,prculs-d,-0.7827329498970134,5.411998573562118
0.406,24,prcus-p,-0.9986485995104709,5.411998573562118
0.406,24,prcus-i,-1.733486751065718,5.411998573562118
0.406,24,prcus-a,-0.0,5.411998573562118
0.406,24,ifrms,-2.2241257034328066,5.411998573562118
0.406,24,sspls-v,0.0,5.411998573562118
0.406,25,mcgs,0.0,5.548388680768881
0.406,25,pos,-0.038921254542652446,5.548388680768881
0.406,25,sbps,-0.2049043054236773,5.548388680768881
0.406,25,prculs-d,-0.934202851297816,5.548388680768881
0.406,25,prcus-p,-0.5837455572694488,5.548388680768881
0.406,25,prcus-i,-1.9675460477287334,5.548388680768881
0.406,25,prcus-a,-0.5417356901368263,5.548388680768881
0.406,25,ifrms,-2.564661302613693,5.548388680768881
0.406,25,sspls-v,0.0,5.548388680768881
0.406,26,mcgs,-0.0,5.6664852574012174
0.406,26,pos,-0.0,5.6664852574012174
0.406,26,sbps,-0.0,5.6664852574012174
0.406,26,prculs-d,-0.9918846717147007,5.6664852574012174
0.406,26,prcus-p,-0.6991017293178898,5.6664852574012174
0.406,26,prcus-i,-1.6091014375264592,5.6664852574012174
0.406,26,prcus-a,-0.0,5.6664852574012174
0.406,26,ifrms,-2.3292136172218476,5.6664852574012174
0.406,26,sspls-v,0.0,5.6664852574012174
0.406,27,mcgs,-0.0,5.545821879352917
0.406,27,pos,-0.0,5.545821879352917
0.406,27,sbps,-0.0,5.545821879352917
0.406,27,prculs-d,-1.073928688146999,5.545821879352917
0.406,27,prcus-p,-0.9559562120928876,5.545821879352917
0.406,27,prcus-i,-1.9524446321468336,5.545821879352917
0.406,27,prcus-a,0.0,5.545821879352917
0.406,27,ifrms,-2.073190502828217,5.545821879352917
0.406,27,sspls-v,0.0,5.545821879352917
0.434,0,mcgs,-0.0,5.6699161152499125
0.434,0,pos,-0.0,5.6699161152499125
0.434,0,sbps,-0.0,5.6699161152499125
0.434,0,prculs-d,-0.7985477812444108,5.6699161152499125
0.434,0,prcus-p,-0.8219744204961063,5.6699161152499125
0.434,0,prcus-i,-1.5101026616174253,5.6699161152499125
0.434,0,prcus-a,-0.0,5.6699161152499125
0.434,0,ifrms,-2.165193007904536,5.6699161152499125
0.434,0,sspls-v,0.0,5.6699161152499125
0.434,1,mcgs,-0.0,5.407900282442773
0.434,1,pos,-0.0,5.407900282442773
0.434,1,sbps,-0.7003534164052128,5.407900282442773
0.434,1,prculs-d,-1.3908129270209606,5.407900282442773
0.434,1,prcus-p,-0.8352211535702196,5.407900282442773
0.434,1,prcus-i,-1.4008531611161827,5.407900282442773
0.434,1,prcus-a,-0.0,5.407900282442773
0.434,1,ifrms,-1.9331045383055396,5.407900282442773
0.434,1,sspls-v,0.0,5.407900282442773
0.434,2,mcgs,-0.0,5.691755711165176
0.434,2,pos,-0.0,5.691755711165176
0.434,2,sbps,-0.0,5.691755711165176
0.434,2,prculs-d,-0.7632107815332964,5.691755711165176
0.434,2,prcus-p,-0.5819791372125671,5.691755711165176
0.434,2,prcus-i,-1.5444397637076082,5.691755711165176
0.434,2,prcus-a,-0.0,5.691755711165176
0.434,2,ifrms,-2.1989703721194527,5.691755711165176
0.434,2,sspls-v,0.0,5.691755711165176
0.434,3,mcgs,-0.0,5.5274652228806564
0.434,3,pos,-0.0,5.5274652228806564
0.434,3,sbps,-0.0,5.5274652228806564
0.434,3,prculs-d,-0.778178305384177,5.5274652228806564
0.434,3,prcus-p,-0.7306731202750445,5.5274652228806564
0.434,3,prcus-i,-1.4994394366644077,5.5274652228806564
0.434,3,prcus-a,-0.0,5.5274652228806564
0.434,3,ifrms,-1.816647783457096,5.5274652228806564
0.434,3,sspls-v,0.0,5.5274652228806564
0.434,4,mcgs,-0.0,5.632436432509358
0.434,4,pos,0.0,5.632436432509358
0.434,4,sbps,-0.0,5.632436432509358
0.434,4,prculs-d,-0.928316622359469,5.632436432509358
0.434,4,prcus-p,-0.836812547066978,5.632436432509358
0.434,4,prcus-i,-1.7403233613121603,5.632436432509358
0.434,4,prcus-a,-0.11677489425811653,5.632436432509358
0.434,4,ifrms,-2.059472898963189,5.632436432509358
0.434,4,sspls-v,0.0,5.632436432509358
0.434,5,mcgs,0.0,5.39061722152703
0.434,5,pos,0.0,5.39061722152703
0.434,5,sbps,-0.0,5.39061722152703
0.434,5,prculs-d,-1.2254195048833585,5.39061722152703
0.434,5,prcus-p,-1.1638937653920869,5.39061722152703
0.434,5,prcus-i,-1.743446541857138,5.39061722152703
0.434,5,prcus-a,-0.2715831175599632,5.39061722152703
0.434,5,ifrms,-1.7781511154821354,5.39061722152703
0.434,5,sspls-v,-0.0,5.39061722152703
0.434,6,mcgs,0.0,5.578966338954008
0.434,6,pos,0.0,5.578966338954008
0.434,6,sbps,-0.0,5.578966338954008
0.434,6,prculs-d,-0.8432452008060151,5.578966338954008
0.434,6,prcus-p,-0.6076779332222746,5.578966338954008
0.434,6,prcus-i,-1.6621738937453545,5.578966338954008
0.434,6,prcus-a,-0.0,5.578966338954008
0.434,6,ifrms,-2.324279747869932,5.578966338954008
0.434,6,sspls-v,0.0,5.578966338954008
0.434,7,mcgs,-0.0,5.628758757209782
0.434,7,pos,-0.0,5.628758757209782
0.434,7,sbps,-0.0,5.628758757209782
0.434,7,prculs-d,-0.8192934064802024,5.628758757209782
0.434,7,prcus-p,-0.8701759215789027,5.628758757209782
0.434,7,prcus-i,-1.582414707464581,5.628758757209782
0.434,7,prcus-a,-0.0,5.628758757209782
0.434,7,ifrms,-2.1589922970761646,5.628758757209782
0.434,7,sspls-v,0.0,5.628758757209782
0.434,8,mcgs,0.0,5.262005893602425
0.434,8,pos,-0.0,5.262005893602425
0.434,8,sbps,-0.0,5.262005893602425
0.434,8,prculs-d,-0.0,5.262005893602425
0.434,8,prcus-p,-0.788643538251059,5.262005893602425
0.434,8,prcus-i,-1.4425959999229008,5.262005893602425
0.434,8,prcus-a,-0.023141983940021826,5.262005893602425
0.434,8,ifrms,-1.825112682823432,5.262005893602425
0.434,8,sspls-v,0.0,5.262005893602425
0.434,9,mcgs,-0.0,5.0371426503705985
0.434,9,pos,0.0022212728228933752,5.0371426503705985
0.434,9,sbps,0.0,5.0371426503705985
0.434,9,prculs-d,-0.5098191615604878,5.0371426503705985
0.434,9,prcus-p,-1.0501663963636165,5.0371426503705985
0.434,9,prcus-i,-1.5134818978332671,5.0371426503705985
0.434,9,prcus-a,-0.0,5.0371426503705985
0.434,9,ifrms,-2.0373508022313707,5.0371426503705985
0.434,9,sspls-v,-0.0,5.0371426503705985
0.434,10,mcgs,-0.0,5.2013167072647395
0.434,10,pos,-0.0,5.2013167072647395
0.434,10,sbps,-0.0,5.2013167072647395
0.434,10,prculs-d,-0.2458718044832678,5.2013167072647395
0.434,10,prcus-p,-0.7599801630477973,5.2013167072647395
0.434,10,prcus-i,-1.7848449119596475,5.2013167072647395
0.434,10,prcus-a,-0.0,5.2013167072647395
0.434,10,ifrms,-2.4450343247945985,5.2013167072647395
0.434,10,sspls-v,-0.0,5.2013167072647395
0.434,11,mcgs,-0.0,5.359759508521098
0.434,11,pos,0.0,5.359759508521098
0.434,11,sbps,-0.0,5.359759508521098
0.434,11,prculs-d,-0.8672003689050598,5.359759508521098
0.434,11,prcus-p,-0.5442959033842208,5.359759508521098
0.434,11,prcus-i,-1.176664894556886,5.359759508521098
0.434,11,prcus-a,-0.0,5.359759508521098
0.434,11,ifrms,-2.073031958995033,5.359759508521098
0.434,11,sspls-v,-0.0,5.359759508521098
0.434,12,mcgs,-0.0,5.260566395080836
0.434,12,pos,-0.0,5.260566395080836
0.434,12,sbps,-0.0,5.260566395080836
0.434,12,prculs-d,-0.8940792068022445,5.260566395080836
0.434,12,prcus-p,-0.5663648406871479,5.260566395080836
0.434,12,prcus-i,-2.002622644518815,5.260566395080836
0.434,12,prcus-a,-0.0,5.260566395080836
0.434,12,ifrms,-2.650893888899665,5.260566395080836
0.434,12,sspls-v,-0.0,5.260566395080836
0.434,13,mcgs,0.0,5.604915076446515
0.434,13,pos,-0.0,5.604915076446515
0.434,13,sbps,-0.39712685788210356,5.604915076446515
0.434,13,prculs-d,-0.8574412011898451,5.604915076446515
0.434,13,prcus-p,-0.499148305734627,5.604915076446515
0.434,13,prcus-i,-1.3596860604752063,5.604915076446515
0.434,13,prcus-a,-0.0,5.604915076446515
0.434,13,ifrms,-1.909235538742398,5.604915076446515
0.434,13,sspls-v,0.0,5.604915076446515
0.434,14,mcgs,-0.0,5.648927927539324
0.434,14,pos,-0.0,5.648927927539324
0.434,14,sbps,-0.0,5.648927927539324
0.434,14,prculs-d,-0.7364502323634022,5.648927927539324
0.434,14,prcus-p,-0.8900642602783206,5.648927927539324
0.434,14,prcus-i,-1.4899866677829976,5.648927927539324
0.434,14,prcus-a,-0.0,5.648927927539324
0.434,14,ifrms,-2.1210347381224888,5.648927927539324
0.434,14,sspls-v,0.0,5.648927927539324
0.434,15,mcgs,-0.0,5.630489360987962
0.434,15,pos,-0.0,5.630489360987962
0.434,15,sbps,-0.0,5.630489360987962
0.434,15,prculs-d,-0.7883200655181352,5.630489360987962
0.434,15,prcus-p,-0.7217941154608206,5.630489360987962
0.434,15,prcus-i,-1.477154622710742,5.630489360987962
0.434,15,prcus-a,-0.0,5.630489360987962
0.434,15,ifrms,-2.023358937882625,5.630489360987962
0.434,15,sspls-v,-0.0,5.630489360987962
0.434,16,mcgs,-0.0,5.6108151880170185
0.434,16,pos,-0.0,5.6108151880170185
0.434,16,sbps,-0.0,5.6108151880170185
0.434,16,prculs-d,-0.8308578650004064,5.6108151880170185
0.434,16,prcus-p,-0.9465905092997565,5.6108151880170185
0.434,16,prcus-i,-1.6252576421525944,5.6108151880170185
0.434,16,prcus-a,-0.0,5.6108151880170185
0.434,16,ifrms,-2.1334414288386543,5.6108151880170185
0.434,16,sspls-v,0.0,5.6108151880170185
0.434,17,mcgs,-0.0,5.3214944845315975
0.434,17,pos,-0.8458806041595496,5.3214944845315975
0.434,17,sbps,0.038375744246095744,5.3214944845315975
0.434,17,prculs-d,-0.3865181850055699,5.3214944845315975
0.434,17,prcus-p,-1.073126829575945,5.3214944845315975
0.434,17,prcus-i,-0.6756644495338929,5.3214944845315975
0.434,17,prcus-a,-0.0,5.3214944845315975
0.434,17,ifrms,-1.927817785713359,5.3214944845315975
0.434,17,sspls-v,-0.0,5.3214944845315975
0.434,18,mcgs,-0.0,5.626498861349156
0.434,18,pos,0.0,5.626498861349156
0.434,18,sbps,-0.0,5.626498861349156
0.434,18,prculs-d,-0.8098923098985515,5.626498861349156
0.434,18,prcus-p,-0.8566687353360528,5.626498861349156
0.434,18,prcus-i,-1.4650772553570242,5.626498861349156
0.434,18,prcus-a,-0.0,5.626498861349156
0.434,18,ifrms,-2.171790103823323,5.626498861349156
0.434,18,sspls-v,0.0,5.626498861349156
0.434,19,mcgs,-0.0,5.721017616328198
0.434,19,pos,-0.0,5.721017616328198
0.434,19,sbps,-0.0,5.721017616328198
0.434,19,prculs-d,-0.8251698555644346,5.721017616328198
0.434,19,prcus-p,-0.8456279788948999,5.721017616328198
0.434,19,prcus-i,-1.5558111574992537,5.721017616328198
0.434,19,prcus-a,-0.0,5.721017616328198
0.434,19,ifrms,-1.9605320014620025,5.721017616328198
0.434,19,sspls-v,0.0,5.721017616328198
0.434,20,mcgs,-0.0,5.538970709016193
0.434,20,pos,-0.0,5.538970709016193
0.434,20,sbps,-0.0,5.538970709016193
0.434,20,prculs-d,-0.9324083117700895,5.538970709016193
0.434,20,prcus-p,-0.8189623028194105,5.538970709016193
0.434,20,prcus-i,-1.70241335153769,5.538970709016193
0.434,20,prcus-a,-0.0,5.538970709016193
0.434,20,ifrms,-2.186711353874819,5.538970709016193
0.434,20,sspls-v,0.0,5.538970709016193
0.434,21,mcgs,-0.0,5.638500753645781
0.434,21,pos,-0.0,5.638500753645781
0.434,21,sbps,-0.0,5.638500753645781
0.434,21,prculs-d,-0.9553919205731628,5.638500753645781
0.434,21,prcus-p,-1.131007743263028,5.638500753645781
0.434,21,prcus-i,-1.5156611102496245,5.638500753645781
0.434,21,prcus-a,-0.0,5.638500753645781
0.434,21,ifrms,-1.971000076667944,5.638500753645781
0.434,21,sspls-v,0.0,5.638500753645781
0.434,22,mcgs,0.0,5.521081216122137
0.434,22,pos,0.0,5.521081216122137
0.434,22,sbps,-0.0,5.521081216122137
0.434,22,prculs-d,-0.916248471345026,5.521081216122137
0.434,22,prcus-p,-0.6065928897297778,5.521081216122137
0.434,22,prcus-i,-1.484257901595007,5.521081216122137
0.434,22,prcus-a,-0.0,5.521081216122137
0.434,22,ifrms,-2.406042954049068,5.521081216122137
0.434,22,sspls-v,0.0,5.521081216122137
0.434,23,mcgs,-0.0,5.369791126422939
0.434,23,pos,0.0,5.369791126422939
0.434,23,sbps,-0.0,5.369791126422939
0.434,23,prculs-d,-0.539498481932746,5.369791126422939
0.434,23,prcus-p,-1.2623816979476328,5.369791126422939
0.434,23,prcus-i,-1.2342371118540232,5.369791126422939
0.434,23,prcus-a,-0.10265255818587522,5.369791126422939
0.434,23,ifrms,-2.0643988054221243,5.369791126422939
0.434,23,sspls-v,0.4436232428467951,5.369791126422939
0.434,24,mcgs,-0.0,5.377355942362583
0.434,24,pos,0.039525524454530864,5.377355942362583
0.434,24,sbps,-0.17805519301286865,5.377355942362583
0.434,24,prculs-d,-0.7263942509344293,5.377355942362583
0.434,24,prcus-p,-0.9908881795709715,5.377355942362583
0.434,24,prcus-i,-1.6792707669701443,5.377355942362583
0.434,24,prcus-a,-0.0,5.377355942362583
0.434,24,ifrms,-2.1860924507321804,5.377355942362583
0.434,24,sspls-v,0.0,5.377355942362583
0.434,25,mcgs,0.0,5.541604605982987
0.434,25,pos,-0.0035711946751238476,5.541604605982987
0.434,25,sbps,-0.18352739267120408,5.541604605982987
0.434,25,prculs-d,-0.8908510589770506,5.541604605982987
0.434,25,prcus-p,-0.518555436852363,5.541604605982987
0.434,25,prcus-i,-1.8368991704072724,5.541604605982987
0.434,25,prcus-a,-0.4032911933747066,5.541604605982987
0.434,25,ifrms,-2.5245106427536097,5.541604605982987
0.434,25,sspls-v,0.0,5.541604605982987
0.434,26,mcgs,-0.0,5.6068026514076985
0.434,26,pos,-0.0,5.6068026514076985
0.434,26,sbps,-0.0,5.6068026514076985
0.434,26,prculs-d,-0.9462544906792778,5.6068026514076985
0.434,26,prcus-p,-0.6848239990311749,5.6068026514076985
0.434,26,prcus-i,-1.5591197778689687,5.6068026514076985
0.434,26,prcus-a,-0.0,5.6068026514076985
0.434,26,ifrms,-2.300219026379919,5.6068026514076985
0.434,26,sspls-v,0.0,5.6068026514076985
0.434,27,mcgs,-0.0,5.481853364361092
0.434,27,pos,-0.0,5.481853364361092
0.434,27,sbps,-0.0,5.481853364361092
0.434,27,prculs-d,-1.0250797964132206,5.481853364361092
0.434,27,prcus-p,-0.9377054485638164,5.481853364361092
0.434,27,prcus-i,-1.8992276391367997,5.481853364361092
0.434,27,prcus-a,0.0,5.481853364361092
0.434,27,ifrms,-2.0476322519742522,5.481853364361092
0.434,27,sspls-v,0.0,5.481853364361092
0.464,0,mcgs,-0.0,5.62487854334719
0.464,0,pos,-0.0,5.62487854334719
0.464,0,sbps,-0.0,5.62487854334719
0.464,0,prculs-d,-0.744326032236189,5.62487854334719
0.464,0,prcus-p,-0.8002358069070209,5.62487854334719
0.464,0,prcus-i,-1.449465150677607,5.62487854334719
0.464,0,prcus-a,-0.0,5.62487854334719
0.464,0,ifrms,-2.135066051911146,5.62487854334719
0.464,0,sspls-v,0.0,5.62487854334719
0.464,1,mcgs,-0.0,5.408234084848111
0.464,1,pos,-0.0,5.408234084848111
0.464,1,sbps,-0.6695753289320509,5.408234084848111
0.464,1,prculs-d,-1.334563710159459,5.408234084848111
0.464,1,prcus-p,-0.8293990162669264,5.408234084848111
0.464,1,prcus-i,-1.3498694372139854,5.408234084848111
0.464,1,prcus-a,-0.0,5.408234084848111
0.464,1,ifrms,-1.9066879523923919,5.408234084848111
0.464,1,sspls-v,-0.0,5.408234084848111
0.464,2,mcgs,-0.0,5.612820059463938
0.464,2,pos,-0.0,5.612820059463938
0.464,2,sbps,-0.0,5.612820059463938
0.464,2,prculs-d,-0.7120757853422466,5.612820059463938
0.464,2,prcus-p,-0.5624056194216964,5.612820059463938
0.464,2,prcus-i,-1.4883033694794556,5.612820059463938
0.464,2,prcus-a,-0.0,5.612820059463938
0.464,2,ifrms,-2.1698087408559474,5.612820059463938
0.464,2,sspls-v,0.0,5.612820059463938
0.464,3,mcgs,-0.0,5.483331172702919
0.464,3,pos,-0.0,5.483331172702919
0.464,3,sbps,-0.0,5.483331172702919
0.464,3,prculs-d,-0.7262429505988616,5.483331172702919
0.464,3,prcus-p,-0.70991791694199,5.483331172702919
0.464,3,prcus-i,-1.4406205189715147,5.483331172702919
0.464,3,prcus-a,-0.0,5.483331172702919
0.464,3,ifrms,-1.7836942013815373,5.483331172702919
0.464,3,sspls-v,-0.0,5.483331172702919
0.464,4,mcgs,-0.0,5.611770957824334
0.464,4,pos,0.0,5.611770957824334
0.464,4,sbps,-0.0,5.611770957824334
0.464,4,prculs-d,-0.8666278875143775,5.611770957824334
0.464,4,prcus-p,-0.7685794533248191,5.611770957824334
0.464,4,prcus-i,-1.6074534962860485,5.611770957824334
0.464,4,prcus-a,-0.0,5.611770957824334
0.464,4,ifrms,-2.0284419841802483,5.611770957824334
0.464,4,sspls-v,0.0,5.611770957824334
0.464,5,mcgs,0.0,5.376494430573672
0.464,5,pos,0.0,5.376494430573672
0.464,5,sbps,-0.0,5.376494430573672
0.464,5,prculs-d,-1.1737117038138263,5.376494430573672
0.464,5,prcus-p,-1.0743446047725247,5.376494430573672
0.464,5,prcus-i,-1.607783482108838,5.376494430573672
0.464,5,prcus-a,-0.12853981080372043,5.376494430573672
0.464,5,ifrms,-1.7398489020280685,5.376494430573672
0.464,5,sspls-v,-0.0,5.376494430573672
0.464,6,mcgs,0.0,5.532027604784098
0.464,6,pos,0.0,5.532027604784098
0.464,6,sbps,-0.0,5.532027604784098
0.464,6,prculs-d,-0.7926611834570901,5.532027604784098
0.464,6,prcus-p,-0.5915055640893148,5.532027604784098
0.464,6,prcus-i,-1.6065119691355558,5.532027604784098
0.464,6,prcus-a,-0.0,5.532027604784098
0.464,6,ifrms,-2.2940811841824114,5.532027604784098
0.464,6,sspls-v,0.0,5.532027604784098
0.464,7,mcgs,-0.0,5.58498496757265
0.464,7,pos,-0.0,5.58498496757265
0.464,7,sbps,-0.0,5.58498496757265
0.464,7,prculs-d,-0.7680901108591819,5.58498496757265
0.464,7,prcus-p,-0.8506102347087708,5.58498496757265
0.464,7,prcus-i,-1.525983022982562,5.58498496757265
0.464,7,prcus-a,-0.0,5.58498496757265
0.464,7,ifrms,-2.1295450400224176,5.58498496757265
0.464,7,sspls-v,0.0,5.58498496757265
0.464,8,mcgs,0.0,5.2144922066998385
0.464,8,pos,-0.0,5.2144922066998385
0.464,8,sbps,-0.0,5.2144922066998385
0.464,8,prculs-d,-0.0,5.2144922066998385
0.464,8,prcus-p,-0.7585454432684258,5.2144922066998385
0.464,8,prcus-i,-1.3949412450121144,5.2144922066998385
0.464,8,prcus-a,-0.0,5.2144922066998385
0.464,8,ifrms,-1.7965024973761066,5.2144922066998385
0.464,8,sspls-v,0.0,5.2144922066998385
0.464,9,mcgs,-0.0,4.993101677121679
0.464,9,pos,0.0,4.993101677121679
0.464,9,sbps,0.0,4.993101677121679
0.464,9,prculs-d,-0.45917789845865353,4.993101677121679
0.464,9,prcus-p,-1.0324187877927422,4.993101677121679
0.464,9,prcus-i,-1.4578082458678505,4.993101677121679
0.464,9,prcus-a,-0.0,4.993101677121679
0.464,9,ifrms,-2.007265978411317,4.993101677121679
0.464,9,sspls-v,-0.0,4.993101677121679
0.464,10,mcgs,-0.0,5.148470646391797
0.464,10,pos,-0.0,5.148470646391797
0.464,10,sbps,-0.0,5.148470646391797
0.464,10,prculs-d,-0.202190766992208,5.148470646391797
0.464,10,prcus-p,-0.7412908991801941,5.148470646391797
0.464,10,prcus-i,-1.7338110964517863,5.148470646391797
0.464,10,prcus-a,-0.0,5.148470646391797
0.464,10,ifrms,-2.4169358063538358,5.148470646391797
0.464,10,sspls-v,-0.0,5.148470646391797
0.464,11,mcgs,-0.0,5.33523755718392
0.464,11,pos,0.0,5.33523755718392
0.464,11,sbps,-0.0,5.33523755718392
0.464,11,prculs-d,-0.818800890831994,5.33523755718392
0.464,11,prcus-p,-0.5234971405448628,5.33523755718392
0.464,11,prcus-i,-1.119761713526863,5.33523755718392
0.464,11,prcus-a,-0.0,5.33523755718392
0.464,11,ifrms,-2.0428418646484214,5.33523755718392
0.464,11,sspls-v,-0.0,5.33523755718392
0.464,12,mcgs,-0.0,5.238797013627279
0.464,12,pos,-0.0,5.238797013627279
0.464,12,sbps,-0.0,5.238797013627279
0.464,12,prculs-d,-0.8426285490187972,5.238797013627279
0.464,12,prcus-p,-0.5548140920274028,5.238797013627279
0.464,12,prcus-i,-1.937096440508418,5.238797013627279
0.464,12,prcus-a,-0.0,5.238797013627279
0.464,12,ifrms,-2.607638111906034,5.238797013627279
0.464,12,sspls-v,-0.0,5.238797013627279
0.464,13,mcgs,0.0,5.571144190486705
0.464,13,pos,-0.0,5.571144190486705
0.464,13,sbps,-0.3745149702240893,5.571144190486705
0.464,13,prculs-d,-0.8040389419434202,5.571144190486705
0.464,13,prcus-p,-0.4921773326072979,5.571144190486705
0.464,13,prcus-i,-1.3040889400160656,5.571144190486705
0.464,13,prcus-a,-0.0,5.571144190486705
0.464,13,ifrms,-1.879830652052696,5.571144190486705
0.464,13,sspls-v,0.0,5.571144190486705
0.464,14,mcgs,-0.0,5.596580504451636
0.464,14,pos,-0.0,5.596580504451636
0.464,14,sbps,-0.0,5.596580504451636
0.464,14,prculs-d,-0.6853412520979236,5.596580504451636
0.464,14,prcus-p,-0.8772051284096614,5.596580504451636
0.464,14,prcus-i,-1.4342195106953395,5.596580504451636
0.464,14,prcus-a,-0.0,5.596580504451636
0.464,14,ifrms,-2.0932742732849654,5.596580504451636
0.464,14,sspls-v,0.0,5.596580504451636
0.464,15,mcgs,-0.0,5.57343592870136
0.464,15,pos,-0.0,5.57343592870136
0.464,15,sbps,-0.0,5.57343592870136
0.464,15,prculs-d,-0.7370943308782014,5.57343592870136
0.464,15,prcus-p,-0.7012377851105995,5.57343592870136
0.464,15,prcus-i,-1.418847857008923,5.57343592870136
0.464,15,prcus-a,-0.0,5.57343592870136
0.464,15,ifrms,-1.9920783100885078,5.57343592870136
0.464,15,sspls-v,-0.0,5.57343592870136
0.464,16,mcgs,-0.0,5.571573450767473
0.464,16,pos,-0.0,5.571573450767473
0.464,16,sbps,-0.0,5.571573450767473
0.464,16,prculs-d,-0.7797668839249676,5.571573450767473
0.464,16,prcus-p,-0.9258663298314841,5.571573450767473
0.464,16,prcus-i,-1.568139649997139,5.571573450767473
0.464,16,prcus-a,-0.0,5.571573450767473
0.464,16,ifrms,-2.104863195146482,5.571573450767473
0.464,16,sspls-v,-0.0,5.571573450767473
0.464,17,mcgs,-0.0,5.286936136721574
0.464,17,pos,-0.8294741630788081,5.286936136721574
0.464,17,sbps,0.0,5.286936136721574
0.464,17,prculs-d,-0.34786181984124864,5.286936136721574
0.464,17,prcus-p,-1.032392098444044,5.286936136721574
0.464,17,prcus-i,-0.6320080961096288,5.286936136721574
0.464,17,prcus-a,-0.0,5.286936136721574
0.464,17,ifrms,-1.9040116526305084,5.286936136721574
0.464,17,sspls-v,-0.0,5.286936136721574
0.464,18,mcgs,-0.0,5.582012119033139
0.464,18,pos,-0.0,5.582012119033139
0.464,18,sbps,-0.0,5.582012119033139
0.464,18,prculs-d,-0.7601913513269215,5.582012119033139
0.464,18,prcus-p,-0.8387720030232048,5.582012119033139
0.464,18,prcus-i,-1.412488240556297,5.582012119033139
0.464,18,prcus-a,-0.0,5.582012119033139
0.464,18,ifrms,-2.1442892998450813,5.582012119033139
0.464,18,sspls-v,-0.0,5.582012119033139
0.464,19,mcgs,-0.0,5.6755782450421615
0.464,19,pos,-0.0,5.6755782450421615
0.464,19,sbps,-0.0,5.6755782450421615
0.464,19,prculs-d,-0.7758023852920531,5.6755782450421615
0.464,19,prcus-p,-0.8249374497582771,5.6755782450421615
0.464,19,prcus-i,-1.5050152713859464,5.6755782450421615
0.464,19,prcus-a,-0.0,5.6755782450421615
0.464,19,ifrms,-1.9389088599499757,5.6755782450421615
0.464,19,sspls-v,0.0,5.6755782450421615
0.464,20,mcgs,-0.0,5.5063466587054695
0.464,20,pos,-0.0,5.5063466587054695
0.464,20,sbps,-0.0,5.5063466587054695
0.464,20,prculs-d,-0.8803041071969475,5.5063466587054695
0.464,20,prcus-p,-0.8010567780146789,5.5063466587054695
0.464,20,prcus-i,-1.6451949699288568,5.5063466587054695
0.464,20,prcus-a,-0.0,5.5063466587054695
0.464,20,ifrms,-2.1572925577911293,5.5063466587054695
0.464,20,sspls-v,-0.0,5.5063466587054695
0.464,21,mcgs,-0.0,5.597608731079297
0.464,21,pos,-0.0,5.597608731079297
0.464,21,sbps,-0.0,5.597608731079297
0.464,21,prculs-d,-0.9049127538412873,5.597608731079297
0.464,21,prcus-p,-1.1101916090414192,5.597608731079297
0.464,21,prcus-i,-1.462439780228839,5.597608731079297
0.464,21,prcus-a,-0.0,5.597608731079297
0.464,21,ifrms,-1.9443207371594124,5.597608731079297
0.464,21,sspls-v,0.0,5.597608731079297
0.464,22,mcgs,0.0,5.4899838768185125
0.464,22,pos,0.0,5.4899838768185125
0.464,22,sbps,-0.0,5.4899838768185125
0.464,22,prculs-d,-0.866839396251728,5.4899838768185125
0.464,22,prcus-p,-0.5892029271664393,5.4899838768185125
0.464,22,prcus-i,-1.4315144716403756,5.4899838768185125
0.464,22,prcus-a,-0.0,5.4899838768185125
0.464,22,ifrms,-2.3776803079049444,5.4899838768185125
0.464,22,sspls-v,0.0,5.4899838768185125
0.464,23,mcgs,-0.0,5.328866517603469
0.464,23,pos,0.0,5.328866517603469
0.464,23,sbps,-0.0,5.328866517603469
0.464,23,prculs-d,-0.46474816084521675,5.328866517603469
0.464,23,prcus-p,-1.1651498667622913,5.328866517603469
0.464,23,prcus-i,-1.1048195607915103,5.328866517603469
0.464,23,prcus-a,-0.0,5.328866517603469
0.464,23,ifrms,-2.024816138451258,5.328866517603469
0.464,23,sspls-v,0.3571397717278374,5.328866517603469
0.464,24,mcgs,0.0,5.343468482858744
0.464,24,pos,0.0,5.343468482858744
0.464,24,sbps,-0.15460097106030546,5.343468482858744
0.464,24,prculs-d,-0.6672668290034589,5.343468482858744
0.464,24,prcus-p,-0.9829562085880433,5.343468482858744
0.464,24,prcus-i,-1.6215961472107914,5.343468482858744
0.464,24,prcus-a,-0.0,5.343468482858744
0.464,24,ifrms,-2.147194428030153,5.343468482858744
0.464,24,sspls-v,-0.0,5.343468482858744
0.464,25,mcgs,0.0,5.527524412571694
0.464,25,pos,-0.0,5.527524412571694
0.464,25,sbps,-0.16627497035670122,5.527524412571694
0.464,25,prculs-d,-0.8391018102988049,5.527524412571694
0.464,25,prcus-p,-0.4479071883317163,5.527524412571694
0.464,25,prcus-i,-1.6999636161027893,5.527524412571694
0.464,25,prcus-a,-0.26177721020432815,5.527524412571694
0.464,25,ifrms,-2.4761045932596875,5.527524412571694
0.464,25,sspls-v,-0.0,5.527524412571694
0.464,26,mcgs,-0.0,5.5582546033083595
0.464,26,pos,-0.0,5.5582546033083595
0.464,26,sbps,-0.0,5.5582546033083595
0.464,26,prculs-d,-0.8973650077770224,5.5582546033083595
0.464,26,prcus-p,-0.6695264341290549,5.5582546033083595
0.464,26,prcus-i,-1.5055679977191696,5.5582546033083595
0.464,26,prcus-a,-0.0,5.5582546033083595
0.464,26,ifrms,-2.269153391347836,5.5582546033083595
0.464,26,sspls-v,0.0,5.5582546033083595
0.464,27,mcgs,-0.0,5.4254690496651605
0.464,27,pos,-0.0,5.4254690496651605
0.464,27,sbps,-0.0,5.4254690496651605
0.464,27,prculs-d,-0.9727427959561727,5.4254690496651605
0.464,27,prcus-p,-0.9181506678148493,5.4254690496651605
0.464,27,prcus-i,-1.8422100337098422,5.4254690496651605
0.464,27,prcus-a,0.0,5.4254690496651605
0.464,27,ifrms,-2.020248646319145,5.4254690496651605
0.464,27,sspls-v,0.0,5.4254690496651605
0.496,0,mcgs,-0.0,5.597813947160576
0.496,0,pos,-0.0,5.597813947160576
0.496,0,sbps,-0.0,5.597813947160576
0.496,0,prculs-d,-0.6864895244667644,5.597813947160576
0.496,0,prcus-p,-0.7770479327588907,5.597813947160576
0.496,0,prcus-i,-1.3847851578730277,5.597813947160576
0.496,0,prcus-a,-0.0,5.597813947160576
0.496,0,ifrms,-2.102930644268199,5.597813947160576
0.496,0,sspls-v,0.0,5.597813947160576
0.496,1,mcgs,0.0,5.405985598355375
0.496,1,pos,-0.0,5.405985598355375
0.496,1,sbps,-0.6367451655750654,5.405985598355375
0.496,1,prculs-d,-1.2745645166055954,5.405985598355375
0.496,1,prcus-p,-0.8231888110858279,5.405985598355375
0.496,1,prcus-i,-1.295486823683496,5.405985598355375
0.496,1,prcus-a,-0.0,5.405985598355375
0.496,1,ifrms,-1.878510281223932,5.405985598355375
0.496,1,sspls-v,-0.0,5.405985598355375
0.496,2,mcgs,-0.0,5.551969212710714
0.496,2,pos,-0.0,5.551969212710714
0.496,2,sbps,-0.0,5.551969212710714
0.496,2,prculs-d,-0.657531789405127,5.551969212710714
0.496,2,prcus-p,-0.5415272004447693,5.551969212710714
0.496,2,prcus-i,-1.4284245489694276,5.551969212710714
0.496,2,prcus-a,-0.0,5.551969212710714
0.496,2,ifrms,-2.1387030008415406,5.551969212710714
0.496,2,sspls-v,0.0,5.551969212710714
0.496,3,mcgs,0.0,5.450049007133276
0.496,3,pos,-0.0,5.450049007133276
0.496,3,sbps,-0.0,5.450049007133276
0.496,3,prculs-d,-0.6708452388278565,5.450049007133276
0.496,3,prcus-p,-0.6877790333867322,5.450049007133276
0.496,3,prcus-i,-1.3778803400990929,5.450049007133276
0.496,3,prcus-a,-0.0,5.450049007133276
0.496,3,ifrms,-1.748543713834275,5.450049007133276
0.496,3,sspls-v,-0.0,5.450049007133276
0.496,4,mcgs,-0.0,5.574462958442731
0.496,4,pos,0.0,5.574462958442731
0.496,4,sbps,-0.0,5.574462958442731
0.496,4,prculs-d,-0.810814982985997,5.574462958442731
0.496,4,prcus-p,-0.7509320001390695,5.574462958442731
0.496,4,prcus-i,-1.5474804746850943,5.574462958442731
0.496,4,prcus-a,-0.0,5.574462958442731
0.496,4,ifrms,-2.0015319995981704,5.574462958442731
0.496,4,sspls-v,0.0,5.574462958442731
0.496,5,mcgs,0.0009319625146205319,5.344055447972324
0.496,5,pos,0.0,5.344055447972324
0.496,5,sbps,-0.0,5.344055447972324
0.496,5,prculs-d,-1.1190090668839252,5.344055447972324
0.496,5,prcus-p,-0.9903306259052789,5.344055447972324
0.496,5,prcus-i,-1.4763409327195207,5.344055447972324
0.496,5,prcus-a,-0.0,5.344055447972324
0.496,5,ifrms,-1.7004722539285193,5.344055447972324
0.496,5,sspls-v,-0.0,5.344055447972324
0.496,6,mcgs,0.0,5.49363819081163
0.496,6,pos,0.0,5.49363819081163
0.496,6,sbps,-0.0,5.49363819081163
0.496,6,prculs-d,-0.7387048982849037,5.49363819081163
0.496,6,prcus-p,-0.574255037014158,5.49363819081163
0.496,6,prcus-i,-1.5471392495517724,5.49363819081163
0.496,6,prcus-a,-0.0,5.49363819081163
0.496,6,ifrms,-2.2618693829157257,5.49363819081163
0.496,6,sspls-v,0.0,5.49363819081163
0.496,7,mcgs,0.0,5.565631296124867
0.496,7,pos,-0.0,5.565631296124867
0.496,7,sbps,-0.0,5.565631296124867
0.496,7,prculs-d,-0.713473262196761,5.565631296124867
0.496,7,prcus-p,-0.8297401687139643,5.565631296124867
0.496,7,prcus-i,-1.4657892262017425,5.565631296124867
0.496,7,prcus-a,-0.0,5.565631296124867
0.496,7,ifrms,-2.098134632498419,5.565631296124867
0.496,7,sspls-v,0.0,5.565631296124867
0.496,8,mcgs,0.0,5.177040192911257
0.496,8,pos,-0.0,5.177040192911257
0.496,8,sbps,-0.0,5.177040192911257
0.496,8,prculs-d,-0.0,5.177040192911257
0.496,8,prcus-p,-0.7379437906623775,5.177040192911257
0.496,8,prcus-i,-1.357874719676296,5.177040192911257
0.496,8,prcus-a,-0.0,5.177040192911257
0.496,8,ifrms,-1.7683458517470976,5.177040192911257
0.496,8,sspls-v,0.0,5.177040192911257
0.496,9,mcgs,-0.0,4.950677192146283
0.496,9,pos,0.0,4.950677192146283
0.496,9,sbps,0.0,4.950677192146283
0.496,9,prculs-d,-0.40549242647299083,4.950677192146283
0.496,9,prcus-p,-1.0134998633725851,4.950677192146283
0.496,9,prcus-i,-1.3984613714979075,4.950677192146283
0.496,9,prcus-a,-0.0,4.950677192146283
0.496,9,ifrms,-1.9756723343457627,4.950677192146283
0.496,9,sspls-v,-0.0,4.950677192146283
0.496,10,mcgs,-0.0,5.119172486480705
0.496,10,pos,-0.0,5.119172486480705
0.496,10,sbps,-0.0,5.119172486480705
0.496,10,prculs-d,-0.1555970743538425,5.119172486480705
0.496,10,prcus-p,-0.7213564242468418,5.119172486480705
0.496,10,prcus-i,-1.679374510869497,5.119172486480705
0.496,10,prcus-a,-0.0,5.119172486480705
0.496,10,ifrms,-2.3869636489491475,5.119172486480705
0.496,10,sspls-v,-0.0,5.119172486480705
0.496,11,mcgs,0.0,5.3119814665818526
0.496,11,pos,0.0,5.3119814665818526
0.496,11,sbps,-0.0,5.3119814665818526
0.496,11,prculs-d,-0.7671747808873904,5.3119814665818526
0.496,11,prcus-p,-0.5013117935162145,5.3119814665818526
0.496,11,prcus-i,-1.0590649870948392,5.3119814665818526
0.496,11,prcus-a,-0.0,5.3119814665818526
0.496,11,ifrms,-2.010639097345368,5.3119814665818526
0.496,11,sspls-v,-0.0,5.3119814665818526
0.496,12,mcgs,-0.0,5.219716541695792
0.496,12,pos,-0.0,5.219716541695792
0.496,12,sbps,-0.0,5.219716541695792
0.496,12,prculs-d,-0.7877478473831195,5.219716541695792
0.496,12,prcus-p,-0.5424932934570093,5.219716541695792
0.496,12,prcus-i,-1.8672018228973266,5.219716541695792
0.496,12,prcus-a,-0.0,5.219716541695792
0.496,12,ifrms,-2.561498616446158,5.219716541695792
0.496,12,sspls-v,-0.0,5.219716541695792
0.496,13,mcgs,0.0,5.543882677399695
0.496,13,pos,-0.0,5.543882677399695
0.496,13,sbps,-0.35039551529113255,5.543882677399695
0.496,13,prculs-d,-0.7470765212423502,5.543882677399695
0.496,13,prcus-p,-0.484741678701377,5.543882677399695
0.496,13,prcus-i,-1.2447853545349075,5.543882677399695
0.496,13,prcus-a,-0.0,5.543882677399695
0.496,13,ifrms,-1.8484654474308675,5.543882677399695
0.496,13,sspls-v,0.0,5.543882677399695
0.496,14,mcgs,-0.0,5.562555599678095
0.496,14,pos,-0.0,5.562555599678095
0.496,14,sbps,-0.0,5.562555599678095
0.496,14,prculs-d,-0.6308251142797885,5.562555599678095
0.496,14,prcus-p,-0.8634886842769962,5.562555599678095
0.496,14,prcus-i,-1.3747345982105108,5.562555599678095
0.496,14,prcus-a,-0.0,5.562555599678095
0.496,14,ifrms,-2.0636631247087527,5.562555599678095
0.496,14,sspls-v,0.0,5.562555599678095
0.496,15,mcgs,-0.0,5.536450407974891
0.496,15,pos,-0.0,5.536450407974891
0.496,15,sbps,-0.0,5.536450407974891
0.496,15,prculs-d,-0.6824535472622716,5.536450407974891
0.496,15,prcus-p,-0.6793110327370293,5.536450407974891
0.496,15,prcus-i,-1.356653973593648,5.536450407974891
0.496,15,prcus-a,-0.0,5.536450407974891
0.496,15,ifrms,-1.9587123071081156,5.536450407974891
0.496,15,sspls-v,-0.0,5.536450407974891
0.496,16,mcgs,0.0,5.5470005481279365
0.496,16,pos,-0.0,5.5470005481279365
0.496,16,sbps,-0.0,5.5470005481279365
0.496,16,prculs-d,-0.7252698416910239,5.5470005481279365
0.496,16,prcus-p,-0.9037605417203649,5.5470005481279365
0.496,16,prcus-i,-1.5072137928167084,5.5470005481279365
0.496,16,prcus-a,-0.0,5.5470005481279365
0.496,16,ifrms,-2.074379744355508,5.5470005481279365
0.496,16,sspls-v,-0.0,5.5470005481279365
0.496,17,mcgs,0.0,5.253391763894643
0.496,17,pos,-0.8222578708603387,5.253391763894643
0.496,17,sbps,0.0,5.253391763894643
0.496,17,prculs-d,-0.29560853033428947,5.253391763894643
0.496,17,prcus-p,-1.0134188806529758,5.253391763894643
0.496,17,prcus-i,-0.5756221730186406,5.253391763894643
0.496,17,prcus-a,-0.0,5.253391763894643
0.496,17,ifrms,-1.8753536400584683,5.253391763894643
0.496,17,sspls-v,-0.0,5.253391763894643
0.496,18,mcgs,-0.0,5.544406082423793
0.496,18,pos,-0.0,5.544406082423793
0.496,18,sbps,-0.0,5.544406082423793
0.496,18,prculs-d,-0.707177024617765,5.544406082423793
0.496,18,prcus-p,-0.8196821305481876,5.544406082423793
0.496,18,prcus-i,-1.3563933090835738,5.544406082423793
0.496,18,prcus-a,-0.0,5.544406082423793
0.496,18,ifrms,-2.114955121753549,5.544406082423793
0.496,18,sspls-v,-0.0,5.544406082423793
0.496,19,mcgs,-0.0,5.64475561286223
0.496,19,pos,-0.0,5.64475561286223
0.496,19,sbps,-0.0,5.64475561286223
0.496,19,prculs-d,-0.7231437503348465,5.64475561286223
0.496,19,prcus-p,-0.8028675520125474,5.64475561286223
0.496,19,prcus-i,-1.4508329928650854,5.64475561286223
0.496,19,prcus-a,-0.0,5.64475561286223
0.496,19,ifrms,-1.915844175670481,5.64475561286223
0.496,19,sspls-v,0.0,5.64475561286223
0.496,20,mcgs,-0.0,5.487386877538666
0.496,20,pos,-0.0,5.487386877538666
0.496,20,sbps,-0.0,5.487386877538666
0.496,20,prculs-d,-0.8247262915930913,5.487386877538666
0.496,20,prcus-p,-0.7819575503822285,5.487386877538666
0.496,20,prcus-i,-1.5841620310713551,5.487386877538666
0.496,20,prcus-a,-0.0,5.487386877538666
0.496,20,ifrms,-2.1259125093494697,5.487386877538666
0.496,20,sspls-v,-0.0,5.487386877538666
0.496,21,mcgs,-0.0,5.564134173755827
0.496,21,pos,-0.0,5.564134173755827
0.496,21,sbps,-0.0,5.564134173755827
0.496,21,prculs-d,-0.8510683093272845,5.564134173755827
0.496,21,prcus-p,-1.0879877325383693,5.564134173755827
0.496,21,prcus-i,-1.4056703615400008,5.564134173755827
0.496,21,prcus-a,-0.0,5.564134173755827
0.496,21,ifrms,-1.9158627750169759,5.564134173755827
0.496,21,sspls-v,0.0,5.564134173755827
0.496,22,mcgs,0.0,5.4596967908814085
0.496,22,pos,0.0,5.4596967908814085
0.496,22,sbps,-0.0,5.4596967908814085
0.496,22,prculs-d,-0.8141363828188791,5.4596967908814085
0.496,22,prcus-p,-0.5706536337655435,5.4596967908814085
0.496,22,prcus-i,-1.3752548130221025,5.4596967908814085
0.496,22,prcus-a,-0.0,5.4596967908814085
0.496,22,ifrms,-2.3474268186845486,5.4596967908814085
0.496,22,sspls-v,-0.0,5.4596967908814085
0.496,23,mcgs,0.0,5.275137313331135
0.496,23,pos,0.0,5.275137313331135
0.496,23,sbps,-0.0,5.275137313331135
0.496,23,prculs-d,-0.3882795510843908,5.275137313331135
0.496,23,prcus-p,-1.1210009366230256,5.275137313331135
0.496,23,prcus-i,-1.029218462613558,5.275137313331135
0.496,23,prcus-a,-0.0,5.275137313331135
0.496,23,ifrms,-1.993281040272609,5.275137313331135
0.496,23,sspls-v,0.28443595869079097,5.275137313331135
0.496,24,mcgs,0.0,5.304959683087793
0.496,24,pos,0.0,5.304959683087793
0.496,24,sbps,-0.12733508195628943,5.304959683087793
0.496,24,prculs-d,-0.6108266857482552,5.304959683087793
0.496,24,prcus-p,-0.9765950114994709,5.304959683087793
0.496,24,prcus-i,-1.5622995451910493,5.304959683087793
0.496,24,prcus-a,-0.0,5.304959683087793
0.496,24,ifrms,-2.115675409143615,5.304959683087793
0.496,24,sspls-v,-0.0,5.304959683087793
0.496,25,mcgs,0.0,5.5065177935438445
0.496,25,pos,-0.0,5.5065177935438445
0.496,25,sbps,-0.14842982209232936,5.5065177935438445
0.496,25,prculs-d,-0.7833266380881858,5.5065177935438445
0.496,25,prcus-p,-0.3725710312560825,5.5065177935438445
0.496,25,prcus-i,-1.554313666167285,5.5065177935438445
0.496,25,prcus-a,-0.11165611107992077,5.5065177935438445
0.496,25,ifrms,-2.4238648223041785,5.5065177935438445
0.496,25,sspls-v,-0.0,5.5065177935438445
0.496,26,mcgs,-0.0,5.536063735999223
0.496,26,pos,-0.0,5.536063735999223
0.496,26,sbps,-0.0,5.536063735999223
0.496,26,prculs-d,-0.8452162260146177,5.536063735999223
0.496,26,prcus-p,-0.6532090315667931,5.536063735999223
0.496,26,prcus-i,-1.4484460988927168,5.536063735999223
0.496,26,prcus-a,-0.0,5.536063735999223
0.496,26,ifrms,-2.2360167139802822,5.536063735999223
0.496,26,sspls-v,0.0,5.536063735999223
0.496,27,mcgs,-0.0,5.3821660727679115
0.496,27,pos,-0.0,5.3821660727679115
0.496,27,sbps,-0.0,5.3821660727679115
0.496,27,prculs-d,-0.9169166621353231,5.3821660727679115
0.496,27,prcus-p,-0.8972922350159507,5.3821660727679115
0.496,27,prcus-i,-1.7813912545877548,5.3821660727679115
0.496,27,prcus-a,0.0,5.3821660727679115
0.496,27,ifrms,-1.9910394669536995,5.3821660727679115
0.496,27,sspls-v,0.0,5.3821660727679115
0.53,0,mcgs,0.0,5.571780409483204
0.53,0,pos,-0.0,5.571780409483204
0.53,0,sbps,-0.0,5.571780409483204
0.53,0,prculs-d,-0.6250382373992027,5.571780409483204
0.53,0,prcus-p,-0.7524108145217372,5.571780409483204
0.53,0,prcus-i,-1.3160626673944955,5.571780409483204
0.53,0,prcus-a,-0.0,5.571780409483204
0.53,0,ifrms,-2.0687867748494186,5.571780409483204
0.53,0,sspls-v,-0.0,5.571780409483204
0.53,1,mcgs,0.0,5.402993555334268
0.53,1,pos,-0.0,5.402993555334268
0.53,1,sbps,-0.601862736419589,5.402993555334268
0.53,1,prculs-d,-1.2108153378366704,5.402993555334268
0.53,1,prcus-p,-0.816590587824569,5.402993555334268
0.53,1,prcus-i,-1.2377053583067286,5.402993555334268
0.53,1,prcus-a,-0.0,5.402993555334268
0.53,1,ifrms,-1.8485715551578463,5.402993555334268
0.53,1,sspls-v,-0.0,5.402993555334268
0.53,2,mcgs,-0.0,5.508414323404818
0.53,2,pos,-0.0,5.508414323404818
0.53,2,sbps,-0.0,5.508414323404818
0.53,2,prculs-d,-0.5995787937219373,5.508414323404818
0.53,2,prcus-p,-0.5193438802817829,5.508414323404818
0.53,2,prcus-i,-1.3648033021775219,5.508414323404818
0.53,2,prcus-a,-0.0,5.508414323404818
0.53,2,ifrms,-2.1056531520762354,5.508414323404818
0.53,2,sspls-v,0.0,5.508414323404818
0.53,3,mcgs,0.0,5.424117166926147
0.53,3,pos,-0.0,5.424117166926147
0.53,3,sbps,-0.0,5.424117166926147
0.53,3,prculs-d,-0.611985170071165,5.424117166926147
0.53,3,prcus-p,-0.6642564696092715,5.424117166926147
0.53,3,prcus-i,-1.3112189000471461,5.424117166926147
0.53,3,prcus-a,-0.0,5.424117166926147
0.53,3,ifrms,-1.711196320815308,5.424117166926147
0.53,3,sspls-v,-0.0,5.424117166926147
0.53,4,mcgs,0.0,5.546585518379461
0.53,4,pos,-0.0,5.546585518379461
0.53,4,sbps,-0.0,5.546585518379461
0.53,4,prculs-d,-0.7515137719245935,5.546585518379461
0.53,4,prcus-p,-0.7321815811292097,5.546585518379461
0.53,4,prcus-i,-1.4837591392340799,5.546585518379461
0.53,4,prcus-a,-0.0,5.546585518379461
0.53,4,ifrms,-1.9729401409797112,5.546585518379461
0.53,4,sspls-v,0.0,5.546585518379461
0.53,5,mcgs,0.005497463605840817,5.307338182307882
0.53,5,pos,0.0,5.307338182307882
0.53,5,sbps,-0.0,5.307338182307882
0.53,5,prculs-d,-1.0634081288007473,5.307338182307882
0.53,5,prcus-p,-0.9666360910104059,5.307338182307882
0.53,5,prcus-i,-1.412449290163549,5.307338182307882
0.53,5,prcus-a,-0.0,5.307338182307882
0.53,5,ifrms,-1.6678638335413942,5.307338182307882
0.53,5,sspls-v,-0.0,5.307338182307882
0.53,6,mcgs,0.0,5.464201172261755
0.53,6,pos,-0.0,5.464201172261755
0.53,6,sbps,-0.0,5.464201172261755
0.53,6,prculs-d,-0.6813763452894567,5.464201172261755
0.53,6,prcus-p,-0.5559263519968052,5.464201172261755
0.53,6,prcus-i,-1.4840557349940011,5.464201172261755
0.53,6,prcus-a,-0.0,5.464201172261755
0.53,6,ifrms,-2.227644344069868,5.464201172261755
0.53,6,sspls-v,0.0,5.464201172261755
0.53,7,mcgs,0.0,5.547675468202652
0.53,7,pos,-0.0,5.547675468202652
0.53,7,sbps,-0.0,5.547675468202652
0.53,7,prculs-d,-0.6554428604929385,5.547675468202652
0.53,7,prcus-p,-0.8075657235944811,5.547675468202652
0.53,7,prcus-i,-1.4018333171221211,5.547675468202652
0.53,7,prcus-a,-0.0,5.547675468202652
0.53,7,ifrms,-2.0647610745041707,5.547675468202652
0.53,7,sspls-v,-0.0,5.547675468202652
0.53,8,mcgs,0.0,5.154102899878094
0.53,8,pos,-0.0,5.154102899878094
0.53,8,sbps,-0.0,5.154102899878094
0.53,8,prculs-d,-0.0,5.154102899878094
0.53,8,prcus-p,-0.7160546289472287,5.154102899878094
0.53,8,prcus-i,-1.3184915075251762,5.154102899878094
0.53,8,prcus-a,-0.0,5.154102899878094
0.53,8,ifrms,-1.738429368306691,5.154102899878094
0.53,8,sspls-v,0.0,5.154102899878094
0.53,9,mcgs,-0.0,4.910639710396998
0.53,9,pos,0.0,4.910639710396998
0.53,9,sbps,0.0,4.910639710396998
0.53,9,prculs-d,-0.34845162004164154,4.910639710396998
0.53,9,prcus-p,-0.9933985038429128,4.910639710396998
0.53,9,prcus-i,-1.3354053214416484,4.910639710396998
0.53,9,prcus-a,-0.0,4.910639710396998
0.53,9,ifrms,-1.942104089077573,4.910639710396998
0.53,9,sspls-v,-0.0,4.910639710396998
0.53,10,mcgs,-0.0,5.092352204981599
0.53,10,pos,-0.0,5.092352204981599
0.53,10,sbps,-0.0,5.092352204981599
0.53,10,prculs-d,-0.10609111791852813,5.092352204981599
0.53,10,prcus-p,-0.7001762441295477,5.092352204981599
0.53,10,prcus-i,-1.6215354996303122,5.092352204981599
0.53,10,prcus-a,-0.0,5.092352204981599
0.53,10,ifrms,-2.355118122661803,5.092352204981599
0.53,10,sspls-v,-0.0,5.092352204981599
0.53,11,mcgs,0.0,5.29058938580232
0.53,11,pos,0.0,5.29058938580232
0.53,11,sbps,-0.0,5.29058938580232
0.53,11,prculs-d,-0.7123220390712467,5.29058938580232
0.53,11,prcus-p,-0.47773986229827475,5.29058938580232
0.53,11,prcus-i,-0.994574715260812,5.29058938580232
0.53,11,prcus-a,-0.0,5.29058938580232
0.53,11,ifrms,-1.9764236570858738,5.29058938580232
0.53,11,sspls-v,-0.0,5.29058938580232
0.53,12,mcgs,0.0,5.208239764902839
0.53,12,pos,-0.0,5.208239764902839
0.53,12,sbps,-0.0,5.208239764902839
0.53,12,prculs-d,-0.7294371018952089,5.208239764902839
0.53,12,prcus-p,-0.5294024449759652,5.208239764902839
0.53,12,prcus-i,-1.7929387916855408,5.208239764902839
0.53,12,prcus-a,-0.0,5.208239764902839
0.53,12,ifrms,-2.5124754025200393,5.208239764902839
0.53,12,sspls-v,-0.0,5.208239764902839
0.53,13,mcgs,0.0,5.5235348170113525
0.53,13,pos,-0.0,5.5235348170113525
0.53,13,sbps,-0.32476859442486455,5.5235348170113525
0.53,13,prculs-d,-0.6865539492474635,5.5235348170113525
0.53,13,prcus-p,-0.476841296426337,5.5235348170113525
0.53,13,prcus-i,-1.1817752949611766,5.5235348170113525
0.53,13,prcus-a,-0.0,5.5235348170113525
0.53,13,ifrms,-1.8151399175201737,5.5235348170113525
0.53,13,sspls-v,0.0,5.5235348170113525
0.53,14,mcgs,-0.0,5.534059597628316
0.53,14,pos,-0.0,5.534059597628316
0.53,14,sbps,-0.0,5.534059597628316
0.53,14,prculs-d,-0.5729017450576823,5.534059597628316
0.53,14,prcus-p,-0.8489149530957193,5.534059597628316
0.53,14,prcus-i,-1.3115318925970891,5.534059597628316
0.53,14,prcus-a,-0.0,5.534059597628316
0.53,14,ifrms,-2.0322012828593876,5.534059597628316
0.53,14,sspls-v,0.0,5.534059597628316
0.53,15,mcgs,-0.0,5.5105805298325325
0.53,15,pos,-0.0,5.5105805298325325
0.53,15,sbps,-0.0,5.5105805298325325
0.53,15,prculs-d,-0.6243977146703462,5.5105805298325325
0.53,15,prcus-p,-0.6560138583401114,5.5105805298325325
0.53,15,prcus-i,-1.29057297246492,5.5105805298325325
0.53,15,prcus-a,-0.0,5.5105805298325325
0.53,15,ifrms,-1.9232609289414493,5.5105805298325325
0.53,15,sspls-v,-0.0,5.5105805298325325
0.53,16,mcgs,0.0,5.528129971437228
0.53,16,pos,-0.0,5.528129971437228
0.53,16,sbps,-0.0,5.528129971437228
0.53,16,prculs-d,-0.667366736653665,5.528129971437228
0.53,16,prcus-p,-0.8802731436797224,5.528129971437228
0.53,16,prcus-i,-1.4424800701779616,5.528129971437228
0.53,16,prcus-a,-0.0,5.528129971437228
0.53,16,ifrms,-2.0419910770542478,5.528129971437228
0.53,16,sspls-v,-0.0,5.528129971437228
0.53,17,mcgs,0.0,5.225458214848947
0.53,17,pos,-0.8145434447121234,5.225458214848947
0.53,17,sbps,0.0,5.225458214848947
0.53,17,prculs-d,-0.24013355707846615,5.225458214848947
0.53,17,prcus-p,-0.9932303867576763,5.225458214848947
0.53,17,prcus-i,-0.5157469592596927,5.225458214848947
0.53,17,prcus-a,-0.0,5.225458214848947
0.53,17,ifrms,-1.8449310267292807,5.225458214848947
0.53,17,sspls-v,-0.0,5.225458214848947
0.53,18,mcgs,-0.0,5.5154740021403255
0.53,18,pos,-0.0,5.5154740021403255
0.53,18,sbps,-0.0,5.5154740021403255
0.53,18,prculs-d,-0.6508493033525651,5.5154740021403255
0.53,18,prcus-p,-0.7993991403115016,5.5154740021403255
0.53,18,prcus-i,-1.2967924449173402,5.5154740021403255
0.53,18,prcus-a,-0.0,5.5154740021403255
0.53,18,ifrms,-2.0837875579115637,5.5154740021403255
0.53,18,sspls-v,-0.0,5.5154740021403255
0.53,19,mcgs,0.0,5.621878830978272
0.53,19,pos,-0.0,5.621878830978272
0.53,19,sbps,-0.0,5.621878830978272
0.53,19,prculs-d,-0.667193950692815,5.621878830978272
0.53,19,prcus-p,-0.7794182856577074,5.621878830978272
0.53,19,prcus-i,-1.3932643219366705,5.621878830978272
0.53,19,prcus-a,-0.0,5.621878830978272
0.53,19,ifrms,-1.8913379486235176,5.621878830978272
0.53,19,sspls-v,-0.0,5.621878830978272
0.53,20,mcgs,-0.0,5.4746201250686175
0.53,20,pos,-0.0,5.4746201250686175
0.53,20,sbps,-0.0,5.4746201250686175
0.53,20,prculs-d,-0.7656748625139925,5.4746201250686175
0.53,20,prcus-p,-0.7616646210227481,5.4746201250686175
0.53,20,prcus-i,-1.5193145335352587,5.4746201250686175
0.53,20,prcus-a,-0.0,5.4746201250686175
0.53,20,ifrms,-2.092571207880207,5.4746201250686175
0.53,20,sspls-v,-0.0,5.4746201250686175
0.53,21,mcgs,0.0,5.531312725376609
0.53,21,pos,-0.0,5.531312725376609
0.53,21,sbps,-0.0,5.531312725376609
0.53,21,prculs-d,-0.7938585870311591,5.531312725376609
0.53,21,prcus-p,-1.0643961137538787,5.531312725376609
0.53,21,prcus-i,-1.3453528541831097,5.531312725376609
0.53,21,prcus-a,-0.0,5.531312725376609
0.53,21,ifrms,-1.885626190240638,5.531312725376609
0.53,21,sspls-v,0.0,5.531312725376609
0.53,22,mcgs,0.0,5.437221954635847
0.53,22,pos,0.0,5.437221954635847
0.53,22,sbps,-0.0,5.437221954635847
0.53,22,prculs-d,-0.7581394310464756,5.437221954635847
0.53,22,prcus-p,-0.5509450095270935,5.437221954635847
0.53,22,prcus-i,-1.315478925740186,5.437221954635847
0.53,22,prcus-a,-0.0,5.437221954635847
0.53,22,ifrms,-2.3152824863878756,5.437221954635847
0.53,22,sspls-v,-0.0,5.437221954635847
0.53,23,mcgs,0.0,5.236268900295729
0.53,23,pos,0.0,5.236268900295729
0.53,23,sbps,-0.0,5.236268900295729
0.53,23,prculs-d,-0.30703133179430303,5.236268900295729
0.53,23,prcus-p,-1.0740927641684723,5.236268900295729
0.53,23,prcus-i,-0.9488921011592734,5.236268900295729
0.53,23,prcus-a,-0.0,5.236268900295729
0.53,23,ifrms,-1.9597749228144783,5.236268900295729
0.53,23,sspls-v,0.20718809384328474,5.236268900295729
0.53,24,mcgs,0.0,5.274963251045473
0.53,24,pos,0.0,5.274963251045473
0.53,24,sbps,-0.09836507478327242,5.274963251045473
0.53,24,prculs-d,-0.5508590335396013,5.274963251045473
0.53,24,prcus-p,-0.9698362395928626,5.274963251045473
0.53,24,prcus-i,-1.4992969055450744,5.274963251045473
0.53,24,prcus-a,-0.0,5.274963251045473
0.53,24,ifrms,-2.0821864515766677,5.274963251045473
0.53,24,sspls-v,-0.0,5.274963251045473
0.53,25,mcgs,0.0,5.470603449259636
0.53,25,pos,-0.0,5.470603449259636
0.53,25,sbps,-0.12587406910343157,5.470603449259636
0.53,25,prculs-d,-0.7234446626580204,5.470603449259636
0.53,25,prcus-p,-0.3156804471606962,5.470603449259636
0.53,25,prcus-i,-1.4272072451508677,5.470603449259636
0.53,25,prcus-a,-0.0,5.470603449259636
0.53,25,ifrms,-2.3746215386738134,5.470603449259636
0.53,25,sspls-v,-0.0,5.470603449259636
0.53,26,mcgs,-0.0,5.5171155335971696
0.53,26,pos,-0.0,5.5171155335971696
0.53,26,sbps,-0.0,5.5171155335971696
0.53,26,prculs-d,-0.7898081453920622,5.5171155335971696
0.53,26,prcus-p,-0.6358717913443912,5.5171155335971696
0.53,26,prcus-i,-1.3877540813896094,5.5171155335971696
0.53,26,prcus-a,-0.0,5.5171155335971696
0.53,26,ifrms,-2.200808994277255,5.5171155335971696
0.53,26,sspls-v,0.0,5.5171155335971696
0.53,27,mcgs,-0.0,5.346996533386736
0.53,27,pos,-0.0,5.346996533386736
0.53,27,sbps,-0.0,5.346996533386736
0.53,27,prculs-d,-0.8576009021674581,5.346996533386736
0.53,27,prcus-p,-0.8751303992022302,5.346996533386736
0.53,27,prcus-i,-1.7167710128882951,5.346996533386736
0.53,27,prcus-a,0.0,5.346996533386736
0.53,27,ifrms,-1.9600045710716385,5.346996533386736
0.53,27,sspls-v,0.0,5.346996533386736
0.567,0,mcgs,0.0,5.550396727631738
0.567,0,pos,-0.0,5.550396727631738
0.567,0,sbps,-0.0,5.550396727631738
0.567,0,prculs-d,-0.5581647779433266,5.550396727631738
0.567,0,prcus-p,-0.7255998329107171,5.550396727631738
0.567,0,prcus-i,-1.2412764277560935,5.550396727631738
0.567,0,prcus-a,-0.0,5.550396727631738
0.567,0,ifrms,-2.0316302110701563,5.550396727631738
0.567,0,sspls-v,-0.0,5.550396727631738
0.567,1,mcgs,0.0,5.400080222111537
0.567,1,pos,-0.0,5.400080222111537
0.567,1,sbps,-0.5639022047864017,5.400080222111537
0.567,1,prculs-d,-1.141441208967334,5.400080222111537
0.567,1,prcus-p,-0.8094102442441078,5.400080222111537
0.567,1,prcus-i,-1.17482556729431,5.400080222111537
0.567,1,prcus-a,-0.0,5.400080222111537
0.567,1,ifrms,-1.815991208179225,5.400080222111537
0.567,1,sspls-v,-0.0,5.400080222111537
0.567,2,mcgs,-0.0,5.469221061475538
0.567,2,pos,-0.0,5.469221061475538
0.567,2,sbps,-0.0,5.469221061475538
0.567,2,prculs-d,-0.5365122984196431,5.469221061475538
0.567,2,prcus-p,-0.4952032083397103,5.469221061475538
0.567,2,prcus-i,-1.2955684159628016,5.469221061475538
0.567,2,prcus-a,-0.0,5.469221061475538
0.567,2,ifrms,-2.069687140184578,5.469221061475538
0.567,2,sspls-v,0.0,5.469221061475538
0.567,3,mcgs,0.0,5.399942978559459
0.567,3,pos,-0.0,5.399942978559459
0.567,3,sbps,-0.0,5.399942978559459
0.567,3,prculs-d,-0.5479315658359409,5.399942978559459
0.567,3,prcus-p,-0.6386583854985047,5.399942978559459
0.567,3,prcus-i,-1.2386755682259103,5.399942978559459
0.567,3,prcus-a,-0.0,5.399942978559459
0.567,3,ifrms,-1.6705535695887852,5.399942978559459
0.567,3,sspls-v,-0.0,5.399942978559459
0.567,4,mcgs,0.0,5.52162060366931
0.567,4,pos,-0.0,5.52162060366931
0.567,4,sbps,-0.0,5.52162060366931
0.567,4,prculs-d,-0.6869801010636526,5.52162060366931
0.567,4,prcus-p,-0.7117767133831875,5.52162060366931
0.567,4,prcus-i,-1.414415333007976,5.52162060366931
0.567,4,prcus-a,-0.0,5.52162060366931
0.567,4,ifrms,-1.9418254713066818,5.52162060366931
0.567,4,sspls-v,-0.0,5.52162060366931
0.567,5,mcgs,0.01046590964203197,5.277373028523208
0.567,5,pos,0.0,5.277373028523208
0.567,5,sbps,-0.0,5.277373028523208
0.567,5,prculs-d,-1.0029011397516565,5.277373028523208
0.567,5,prcus-p,-0.9408509009682473,5.277373028523208
0.567,5,prcus-i,-1.3429200487401303,5.277373028523208
0.567,5,prcus-a,-0.0,5.277373028523208
0.567,5,ifrms,-1.632378116239179,5.277373028523208
0.567,5,sspls-v,-0.0,5.277373028523208
0.567,6,mcgs,0.0,5.440154926676218
0.567,6,pos,-0.0,5.440154926676218
0.567,6,sbps,-0.0,5.440154926676218
0.567,6,prculs-d,-0.6189893905591146,5.440154926676218
0.567,6,prcus-p,-0.535980430066157,5.440154926676218
0.567,6,prcus-i,-1.4154060279752498,5.440154926676218
0.567,6,prcus-a,-0.0,5.440154926676218
0.567,6,ifrms,-2.1903994488552603,5.440154926676218
0.567,6,sspls-v,0.0,5.440154926676218
0.567,7,mcgs,0.0,5.533750013973595
0.567,7,pos,-0.0,5.533750013973595
0.567,7,sbps,-0.0,5.533750013973595
0.567,7,prculs-d,-0.592292129227014,5.533750013973595
0.567,7,prcus-p,-0.7834347097879858,5.533750013973595
0.567,7,prcus-i,-1.3322342395942983,5.533750013973595
0.567,7,prcus-a,-0.0,5.533750013973595
0.567,7,ifrms,-2.0284427908045477,5.533750013973595
0.567,7,sspls-v,-0.0,5.533750013973595
0.567,8,mcgs,0.0,5.137365638664171
0.567,8,pos,-0.0,5.137365638664171
0.567,8,sbps,-0.0,5.137365638664171
0.567,8,prculs-d,-0.0,5.137365638664171
0.567,8,prcus-p,-0.6922341143078368,5.137365638664171
0.567,8,prcus-i,-1.2756332926194287,5.137365638664171
0.567,8,prcus-a,-0.0,5.137365638664171
0.567,8,ifrms,-1.7058731731303485,5.137365638664171
0.567,8,sspls-v,0.0,5.137365638664171
0.567,9,mcgs,0.0,4.8774487520945575
0.567,9,pos,0.0,4.8774487520945575
0.567,9,sbps,0.0,4.8774487520945575
0.567,9,prculs-d,-0.28637784155997,4.8774487520945575
0.567,9,prcus-p,-0.9715234824998776,4.8774487520945575
0.567,9,prcus-i,-1.2667855233908132,4.8774487520945575
0.567,9,prcus-a,0.0,4.8774487520945575
0.567,9,ifrms,-1.9055739480889768,4.8774487520945575
0.567,9,sspls-v,-0.0,4.8774487520945575
0.567,10,mcgs,0.0,5.066622671123985
0.567,10,pos,-0.0,5.066622671123985
0.567,10,sbps,-0.0,5.066622671123985
0.567,10,prculs-d,-0.05221698885656889,5.066622671123985
0.567,10,prcus-p,-0.6771272245901391,5.066622671123985
0.567,10,prcus-i,-1.5585930462229642,5.066622671123985
0.567,10,prcus-a,-0.0,5.066622671123985
0.567,10,ifrms,-2.3204626969961666,5.066622671123985
0.567,10,sspls-v,-0.0,5.066622671123985
0.567,11,mcgs,0.0,5.276568230464773
0.567,11,pos,0.0,5.276568230464773
0.567,11,sbps,-0.0,5.276568230464773
0.567,11,prculs-d,-0.6526293494477976,5.276568230464773
0.567,11,prcus-p,-0.45208805479639913,5.276568230464773
0.567,11,prcus-i,-0.9243941253237833,5.276568230464773
0.567,11,prcus-a,0.0,5.276568230464773
0.567,11,ifrms,-1.9391892073917194,5.276568230464773
0.567,11,sspls-v,-0.0,5.276568230464773
0.567,12,mcgs,0.0,5.197248062561721
0.567,12,pos,-0.0,5.197248062561721
0.567,12,sbps,-0.0,5.197248062561721
0.567,12,prculs-d,-0.665981290628957,5.197248062561721
0.567,12,prcus-p,-0.515156521628947,5.197248062561721
0.567,12,prcus-i,-1.7121231400727168,5.197248062561721
0.567,12,prcus-a,-0.0,5.197248062561721
0.567,12,ifrms,-2.459126610894558,5.197248062561721
0.567,12,sspls-v,-0.0,5.197248062561721
0.567,13,mcgs,0.0,5.5129167032692346
0.567,13,pos,-0.0,5.5129167032692346
0.567,13,sbps,-0.2968804746586324,5.5129167032692346
0.567,13,prculs-d,-0.6206911503118534,5.5129167032692346
0.567,13,prcus-p,-0.4682438215976153,5.5129167032692346
0.567,13,prcus-i,-1.1132055242485897,5.5129167032692346
0.567,13,prcus-a,-0.0,5.5129167032692346
0.567,13,ifrms,-1.7788738996761875,5.5129167032692346
0.567,13,sspls-v,0.0,5.5129167032692346
0.567,14,mcgs,0.0,5.509447204957281
0.567,14,pos,-0.0,5.509447204957281
0.567,14,sbps,-0.0,5.509447204957281
0.567,14,prculs-d,-0.5098674903159781,5.509447204957281
0.567,14,prcus-p,-0.8330553044572696,5.509447204957281
0.567,14,prcus-i,-1.2427524776648364,5.509447204957281
0.567,14,prcus-a,-0.0,5.509447204957281
0.567,14,ifrms,-1.9979633961409635,5.509447204957281
0.567,14,sspls-v,0.0,5.509447204957281
0.567,15,mcgs,-0.0,5.491140216606949
0.567,15,pos,-0.0,5.491140216606949
0.567,15,sbps,-0.0,5.491140216606949
0.567,15,prculs-d,-0.5612193086144274,5.491140216606949
0.567,15,prcus-p,-0.6306610509081715,5.491140216606949
0.567,15,prcus-i,-1.218661294766008,5.491140216606949
0.567,15,prcus-a,-0.0,5.491140216606949
0.567,15,ifrms,-1.8846814879953708,5.491140216606949
0.567,15,sspls-v,-0.0,5.491140216606949
0.567,16,mcgs,0.0,5.513171906397817
0.567,16,pos,-0.0,5.513171906397817
0.567,16,sbps,-0.0,5.513171906397817
0.567,16,prculs-d,-0.6043545341130108,5.513171906397817
0.567,16,prcus-p,-0.8547133281649042,5.513171906397817
0.567,16,prcus-i,-1.3720345484828553,5.513171906397817
0.567,16,prcus-a,-0.0,5.513171906397817
0.567,16,ifrms,-2.0067445861675828,5.513171906397817
0.567,16,sspls-v,-0.0,5.513171906397817
0.567,17,mcgs,0.0,5.200692202761211
0.567,17,pos,-0.8061657724312957,5.200692202761211
0.567,17,sbps,0.0,5.200692202761211
0.567,17,prculs-d,-0.17974739714184518,5.200692202761211
0.567,17,prcus-p,-0.9712714358779097,5.200692202761211
0.567,17,prcus-i,-0.4505757544484498,5.200692202761211
0.567,17,prcus-a,-0.0,5.200692202761211
0.567,17,ifrms,-1.8118142575967384,5.200692202761211
0.567,17,sspls-v,-0.0,5.200692202761211
0.567,18,mcgs,0.0,5.491508947080759
0.567,18,pos,-0.0,5.491508947080759
0.567,18,sbps,-0.0,5.491508947080759
0.567,18,prculs-d,-0.5895514890345537,5.491508947080759
0.567,18,prcus-p,-0.7773264744656955,5.491508947080759
0.567,18,prcus-i,-1.231932680971734,5.491508947080759
0.567,18,prcus-a,-0.0,5.491508947080759
0.567,18,ifrms,-2.0498699149070516,5.491508947080759
0.567,18,sspls-v,-0.0,5.491508947080759
0.567,19,mcgs,0.0,5.599792027399206
0.567,19,pos,-0.0,5.599792027399206
0.567,19,sbps,-0.0,5.599792027399206
0.567,19,prculs-d,-0.6063074040235444,5.599792027399206
0.567,19,prcus-p,-0.7538999663892063,5.599792027399206
0.567,19,prcus-i,-1.3306160623969248,5.599792027399206
0.567,19,prcus-a,-0.0,5.599792027399206
0.567,19,ifrms,-1.8646694074253538,5.599792027399206
0.567,19,sspls-v,-0.0,5.599792027399206
0.567,20,mcgs,-0.0,5.460729210263402
0.567,20,pos,-0.0,5.460729210263402
0.567,20,sbps,-0.0,5.460729210263402
0.567,20,prculs-d,-0.7014130132220334,5.460729210263402
0.567,20,prcus-p,-0.739581139072727,5.460729210263402
0.567,20,prcus-i,-1.4487451979812724,5.460729210263402
0.567,20,prcus-a,-0.0,5.460729210263402
0.567,20,ifrms,-2.0562880268695385,5.460729210263402
0.567,20,sspls-v,-0.0,5.460729210263402
0.567,21,mcgs,0.0,5.501638778910523
0.567,21,pos,-0.0,5.501638778910523
0.567,21,sbps,-0.0,5.501638778910523
0.567,21,prculs-d,-0.7316009480618457,5.501638778910523
0.567,21,prcus-p,-1.0387228815472271,5.501638778910523
0.567,21,prcus-i,-1.2797132138241412,5.501638778910523
0.567,21,prcus-a,-0.0,5.501638778910523
0.567,21,ifrms,-1.8527216715134465,5.501638778910523
0.567,21,sspls-v,0.0,5.501638778910523
0.567,22,mcgs,0.0,5.4205194313708525
0.567,22,pos,0.0,5.4205194313708525
0.567,22,sbps,-0.0,5.4205194313708525
0.567,22,prculs-d,-0.6972015717647426,5.4205194313708525
0.567,22,prcus-p,-0.5294973890323087,5.4205194313708525
0.567,22,prcus-i,-1.2504286954628074,5.4205194313708525
0.567,22,prcus-a,-0.0,5.4205194313708525
0.567,22,ifrms,-2.280301889476791,5.4205194313708525
0.567,22,sspls-v,-0.0,5.4205194313708525
0.567,23,mcgs,0.0,5.191453970972178
0.567,23,pos,0.0,5.191453970972178
0.567,23,sbps,-0.0,5.191453970972178
0.567,23,prculs-d,-0.21861415197862,5.191453970972178
0.567,23,prcus-p,-1.0230456353208708,5.191453970972178
0.567,23,prcus-i,-0.8614781195766685,5.191453970972178
0.567,23,prcus-a,-0.0,5.191453970972178
0.567,23,ifrms,-1.9233123832276888,5.191453970972178
0.567,23,sspls-v,0.12312424092099895,5.191453970972178
0.567,24,mcgs,0.0,5.2483181877233775
0.567,24,pos,0.0,5.2483181877233775
0.567,24,sbps,-0.06684038514896817,5.2483181877233775
0.567,24,prculs-d,-0.48560050560050483,5.2483181877233775
0.567,24,prcus-p,-0.962480313302415,5.2483181877233775
0.567,24,prcus-i,-1.430735312066433,5.2483181877233775
0.567,24,prcus-a,-0.0,5.2483181877233775
0.567,24,ifrms,-2.0457426364971694,5.2483181877233775
0.567,24,sspls-v,-0.0,5.2483181877233775
0.567,25,mcgs,0.0,5.419255699881011
0.567,25,pos,-0.0,5.419255699881011
0.567,25,sbps,-0.09309891316722767,5.419255699881011
0.567,25,prculs-d,-0.6566521088877341,5.419255699881011
0.567,25,prcus-p,-0.3116901296426988,5.419255699881011
0.567,25,prcus-i,-1.358788619989709,5.419255699881011
0.567,25,prcus-a,-0.0,5.419255699881011
0.567,25,ifrms,-2.3371139969958685,5.419255699881011
0.567,25,sspls-v,-0.0,5.419255699881011
0.567,26,mcgs,0.0,5.502061237174486
0.567,26,pos,-0.0,5.502061237174486
0.567,26,sbps,-0.0,5.502061237174486
0.567,26,prculs-d,-0.7295111164792816,5.502061237174486
0.567,26,prcus-p,-0.6170047946317759,5.502061237174486
0.567,26,prcus-i,-1.3217068858715242,5.502061237174486
0.567,26,prcus-a,-0.0,5.502061237174486
0.567,26,ifrms,-2.1624947110710178,5.502061237174486
0.567,26,sspls-v,-0.0,5.502061237174486
0.567,27,mcgs,-0.0,5.32581867357503
0.567,27,pos,-0.0,5.32581867357503
0.567,27,sbps,-0.0,5.32581867357503
0.567,27,prculs-d,-0.7930511994957679,5.32581867357503
0.567,27,prcus-p,-0.8510132190262789,5.32581867357503
0.567,27,prcus-i,-1.6464488655338607,5.32581867357503
0.567,27,prcus-a,0.0,5.32581867357503
0.567,27,ifrms,-1.926231238638273,5.32581867357503
0.567,27,sspls-v,0.0,5.32581867357503
0.606,0,mcgs,0.0,5.524262641617151
0.606,0,pos,-0.0,5.524262641617151
0.606,0,sbps,-0.0,5.524262641617151
0.606,0,prculs-d,-0.4876764690100717,5.524262641617151
0.606,0,prcus-p,-0.6973396120508875,5.524262641617151
0.606,0,prcus-i,-1.1624476526770369,5.524262641617151
0.606,0,prcus-a,-0.0,5.524262641617151
0.606,0,ifrms,-1.992465177920395,5.524262641617151
0.606,0,sspls-v,-0.0,5.524262641617151
0.606,1,mcgs,0.0,5.405342057426399
0.606,1,pos,-0.0,5.405342057426399
0.606,1,sbps,-0.5238897525243951,5.405342057426399
0.606,1,prculs-d,-1.0683171271861427,5.405342057426399
0.606,1,prcus-p,-0.801841773983621,5.405342057426399
0.606,1,prcus-i,-1.1085468686595978,5.405342057426399
0.606,1,prcus-a,-0.0,5.405342057426399
0.606,1,ifrms,-1.7816497613639215,5.405342057426399
0.606,1,sspls-v,-0.0,5.405342057426399
0.606,2,mcgs,-0.0,5.4353027781481735
0.606,2,pos,-0.0,5.4353027781481735
0.606,2,sbps,-0.0,5.4353027781481735
0.606,2,prculs-d,-0.47003680337127807,5.4353027781481735
0.606,2,prcus-p,-0.46975763521157876,5.4353027781481735
0.606,2,prcus-i,-1.2225911034662043,5.4353027781481735
0.606,2,prcus-a,-0.0,5.4353027781481735
0.606,2,ifrms,-2.0317770195420204,5.4353027781481735
0.606,2,sspls-v,0.0,5.4353027781481735
0.606,3,mcgs,0.0,5.378150564829083
0.606,3,pos,-0.0,5.378150564829083
0.606,3,sbps,-0.0,5.378150564829083
0.606,3,prculs-d,-0.48041560461502897,5.378150564829083
0.606,3,prcus-p,-0.6116766211655348,5.378150564829083
0.606,3,prcus-i,-1.1622109752251464,5.378150564829083
0.606,3,prcus-a,-0.0,5.378150564829083
0.606,3,ifrms,-1.6277139128905587,5.378150564829083
0.606,3,sspls-v,-0.0,5.378150564829083
0.606,4,mcgs,0.0,5.496469603092646
0.606,4,pos,-0.0,5.496469603092646
0.606,4,sbps,-0.0,5.496469603092646
0.606,4,prculs-d,-0.6189579918674691,5.496469603092646
0.606,4,prcus-p,-0.6902689098601893,5.496469603092646
0.606,4,prcus-i,-1.3413231480160497,5.496469603092646
0.606,4,prcus-a,-0.0,5.496469603092646
0.606,4,ifrms,-1.9090289168515162,5.496469603092646
0.606,4,sspls-v,-0.0,5.496469603092646
0.606,5,mcgs,0.01570292032882972,5.257849267926749
0.606,5,pos,0.0,5.257849267926749
0.606,5,sbps,-0.0,5.257849267926749
0.606,5,prculs-d,-0.9391235026458562,5.257849267926749
0.606,5,prcus-p,-0.913671916869756,5.257849267926749
0.606,5,prcus-i,-1.2696324699424708,5.257849267926749
0.606,5,prcus-a,-0.0,5.257849267926749
0.606,5,ifrms,-1.5949742520557604,5.257849267926749
0.606,5,sspls-v,-0.0,5.257849267926749
0.606,6,mcgs,0.0,5.423290018733879
0.606,6,pos,-0.0,5.423290018733879
0.606,6,sbps,-0.0,5.423290018733879
0.606,6,prculs-d,-0.5532299681527278,5.423290018733879
0.606,6,prcus-p,-0.5149565244692949,5.423290018733879
0.606,6,prcus-i,-1.34304538655279,5.423290018733879
0.606,6,prcus-a,-0.0,5.423290018733879
0.606,6,ifrms,-2.1511412124333287,5.423290018733879
0.606,6,sspls-v,0.0,5.423290018733879
0.606,7,mcgs,0.0,5.518112859932148
0.606,7,pos,-0.0,5.518112859932148
0.606,7,sbps,-0.0,5.518112859932148
0.606,7,prculs-d,-0.5257278449196884,5.518112859932148
0.606,7,prcus-p,-0.7579993168568161,5.518112859932148
0.606,7,prcus-i,-1.2588730497676741,5.518112859932148
0.606,7,prcus-a,-0.0,5.518112859932148
0.606,7,ifrms,-1.990161356634674,5.518112859932148
0.606,7,sspls-v,-0.0,5.518112859932148
0.606,8,mcgs,0.0,5.125360173057999
0.606,8,pos,-0.0,5.125360173057999
0.606,8,sbps,-0.0,5.125360173057999
0.606,8,prculs-d,0.0,5.125360173057999
0.606,8,prcus-p,-0.6671612264423004,5.125360173057999
0.606,8,prcus-i,-1.2304475784661613,5.125360173057999
0.606,8,prcus-a,-0.0,5.125360173057999
0.606,8,ifrms,-1.6715394340899281,5.125360173057999
0.606,8,sspls-v,0.0,5.125360173057999
0.606,9,mcgs,0.0,4.8487324143648785
0.606,9,pos,0.0,4.8487324143648785
0.606,9,sbps,0.0,4.8487324143648785
0.606,9,prculs-d,-0.22094877536584193,4.8487324143648785
0.606,9,prcus-p,-0.9484660122184578,4.8487324143648785
0.606,9,prcus-i,-1.1944565739835382,4.8487324143648785
0.606,9,prcus-a,0.0,4.8487324143648785
0.606,9,ifrms,-1.8670692151801804,4.8487324143648785
0.606,9,sspls-v,-0.0,4.8487324143648785
0.606,10,mcgs,0.0,5.038275945286093
0.606,10,pos,-0.0,5.038275945286093
0.606,10,sbps,-0.0,5.038275945286093
0.606,10,prculs-d,-0.0,5.038275945286093
0.606,10,prcus-p,-0.6528524774083713,5.038275945286093
0.606,10,prcus-i,-1.4937053891621996,5.038275945286093
0.606,10,prcus-a,-0.0,5.038275945286093
0.606,10,ifrms,-2.2838438554498697,5.038275945286093
0.606,10,sspls-v,-0.0,5.038275945286093
0.606,11,mcgs,0.0,5.262928029897144
0.606,11,pos,0.0,5.262928029897144
0.606,11,sbps,-0.0,5.262928029897144
0.606,11,prculs-d,-0.5897100279528101,5.262928029897144
0.606,11,prcus-p,-0.4250496631052346,5.262928029897144
0.606,11,prcus-i,-0.850419989984754,5.262928029897144
0.606,11,prcus-a,0.0,5.262928029897144
0.606,11,ifrms,-1.8999420847411226,5.262928029897144
0.606,11,sspls-v,-0.0,5.262928029897144
0.606,12,mcgs,0.0,5.200046983571612
0.606,12,pos,-0.0,5.200046983571612
0.606,12,sbps,-0.0,5.200046983571612
0.606,12,prculs-d,-0.5990953481153922,5.200046983571612
0.606,12,prcus-p,-0.5001406190865634,5.200046983571612
0.606,12,prcus-i,-1.6269389863371804,5.200046983571612
0.606,12,prcus-a,-0.0,5.200046983571612
0.606,12,ifrms,-2.4028940411324786,5.200046983571612
0.606,12,sspls-v,-0.0,5.200046983571612
0.606,13,mcgs,0.0,5.499456871533345
0.606,13,pos,-0.0,5.499456871533345
0.606,13,sbps,-0.267484888959089,5.499456871533345
0.606,13,prculs-d,-0.5512682000824259,5.499456871533345
0.606,13,prcus-p,-0.4591816183997756,5.499456871533345
0.606,13,prcus-i,-1.040929279443429,5.499456871533345
0.606,13,prcus-a,-0.0,5.499456871533345
0.606,13,ifrms,-1.7406475565433324,5.499456871533345
0.606,13,sspls-v,0.0,5.499456871533345
0.606,14,mcgs,0.0,5.4830394872968595
0.606,14,pos,-0.0,5.4830394872968595
0.606,14,sbps,-0.0,5.4830394872968595
0.606,14,prculs-d,-0.44342597856120947,5.4830394872968595
0.606,14,prcus-p,-0.8163383775140389,5.4830394872968595
0.606,14,prcus-i,-1.1702552565200293,5.4830394872968595
0.606,14,prcus-a,-0.0,5.4830394872968595
0.606,14,ifrms,-1.961874812843165,5.4830394872968595
0.606,14,sspls-v,-0.0,5.4830394872968595
0.606,15,mcgs,-0.0,5.4748704573662215
0.606,15,pos,-0.0,5.4748704573662215
0.606,15,sbps,-0.0,5.4748704573662215
0.606,15,prculs-d,-0.4946258535825133,5.4748704573662215
0.606,15,prcus-p,-0.6039378214528832,5.4748704573662215
0.606,15,prcus-i,-1.1428624993536431,5.4748704573662215
0.606,15,prcus-a,-0.0,5.4748704573662215
0.606,15,ifrms,-1.8440166718630182,5.4748704573662215
0.606,15,sspls-v,-0.0,5.4748704573662215
0.606,16,mcgs,0.0,5.49964007963547
0.606,16,pos,-0.0,5.49964007963547
0.606,16,sbps,-0.0,5.49964007963547
0.606,16,prculs-d,-0.5379362665701583,5.49964007963547
0.606,16,prcus-p,-0.8277719010006379,5.49964007963547
0.606,16,prcus-i,-1.2977811607501748,5.49964007963547
0.606,16,prcus-a,-0.0,5.49964007963547
0.606,16,ifrms,-1.9695928795573148,5.49964007963547
0.606,16,sspls-v,-0.0,5.49964007963547
0.606,17,mcgs,0.0,5.175975993294106
0.606,17,pos,-0.7973394037837886,5.175975993294106
0.606,17,sbps,0.0,5.175975993294106
0.606,17,prculs-d,-0.11609323180991282,5.175975993294106
0.606,17,prcus-p,-0.9481281059586301,5.175975993294106
0.606,17,prcus-i,-0.3818787145974132,5.175975993294106
0.606,17,prcus-a,-0.0,5.175975993294106
0.606,17,ifrms,-1.7769050576789027,5.175975993294106
0.606,17,sspls-v,-0.0,5.175975993294106
0.606,18,mcgs,0.0,5.478919687463228
0.606,18,pos,-0.0,5.478919687463228
0.606,18,sbps,-0.0,5.478919687463228
0.606,18,prculs-d,-0.5249402793480017,5.478919687463228
0.606,18,prcus-p,-0.7540606915471428,5.478919687463228
0.606,18,prcus-i,-1.1635669838398797,5.478919687463228
0.606,18,prcus-a,-0.0,5.478919687463228
0.606,18,ifrms,-2.014118885794186,5.478919687463228
0.606,18,sspls-v,-0.0,5.478919687463228
0.606,19,mcgs,0.0,5.580905867265933
0.606,19,pos,-0.0,5.580905867265933
0.606,19,sbps,-0.0,5.580905867265933
0.606,19,prculs-d,-0.5421296529216508,5.580905867265933
0.606,19,prcus-p,-0.7270024269732884,5.580905867265933
0.606,19,prcus-i,-1.2645813915633555,5.580905867265933
0.606,19,prcus-a,-0.0,5.580905867265933
0.606,19,ifrms,-1.836559247370266,5.580905867265933
0.606,19,sspls-v,-0.0,5.580905867265933
0.606,20,mcgs,-0.0,5.453494887041035
0.606,20,pos,-0.0,5.453494887041035
0.606,20,sbps,-0.0,5.453494887041035
0.606,20,prculs-d,-0.6336775504548336,5.453494887041035
0.606,20,prcus-p,-0.7163039553956769,5.453494887041035
0.606,20,prcus-i,-1.3743613037486924,5.453494887041035
0.606,20,prcus-a,-0.0,5.453494887041035
0.606,20,ifrms,-2.018043592831266,5.453494887041035
0.606,20,sspls-v,-0.0,5.453494887041035
0.606,21,mcgs,0.0,5.471414378707433
0.606,21,pos,-0.0,5.471414378707433
0.606,21,sbps,-0.0,5.471414378707433
0.606,21,prculs-d,-0.6659780313104067,5.471414378707433
0.606,21,prcus-p,-1.0116619070591348,5.471414378707433
0.606,21,prcus-i,-1.2105254847971216,5.471414378707433
0.606,21,prcus-a,-0.0,5.471414378707433
0.606,21,ifrms,-1.818038530152353,5.471414378707433
0.606,21,sspls-v,-0.0,5.471414378707433
0.606,22,mcgs,0.0,5.4090627076671955
0.606,22,pos,0.0,5.4090627076671955
0.606,22,sbps,-0.0,5.4090627076671955
0.606,22,prculs-d,-0.6329696296658591,5.4090627076671955
0.606,22,prcus-p,-0.5068906254632931,5.4090627076671955
0.606,22,prcus-i,-1.1818621512799037,5.4090627076671955
0.606,22,prcus-a,-0.0,5.4090627076671955
0.606,22,ifrms,-2.2434303383024092,5.4090627076671955
0.606,22,sspls-v,-0.0,5.4090627076671955
0.606,23,mcgs,0.0,5.14219063300253
0.606,23,pos,0.0,5.14219063300253
0.606,23,sbps,-0.0,5.14219063300253
0.606,23,prculs-d,-0.1254282371561603,5.14219063300253
0.606,23,prcus-p,-0.9692450356641396,5.14219063300253
0.606,23,prcus-i,-0.7693446900404858,5.14219063300253
0.606,23,prcus-a,-0.0,5.14219063300253
0.606,23,ifrms,-1.8848788888912538,5.14219063300253
0.606,23,sspls-v,0.034521026377998115,5.14219063300253
0.606,24,mcgs,0.0,5.231671540299074
0.606,24,pos,0.0,5.231671540299074
0.606,24,sbps,-0.03361450192218925,5.231671540299074
0.606,24,prculs-d,-0.4168152187060132,5.231671540299074
0.606,24,prcus-p,-0.954725264746549,5.231671540299074
0.606,24,prcus-i,-1.3584678771353451,5.231671540299074
0.606,24,prcus-a,-0.0,5.231671540299074
0.606,24,ifrms,-2.0073289799045333,5.231671540299074
0.606,24,sspls-v,-0.0,5.231671540299074
0.606,25,mcgs,0.0,5.390767740756253
0.606,25,pos,-0.0,5.390767740756253
0.606,25,sbps,-0.05855761531964828,5.390767740756253
0.606,25,prculs-d,-0.5862504827803484,5.390767740756253
0.606,25,prcus-p,-0.307480464340129,5.390767740756253
0.606,25,prcus-i,-1.286672086116093,5.390767740756253
0.606,25,prcus-a,-0.0,5.390767740756253
0.606,25,ifrms,-2.2975796226183545,5.390767740756253
0.606,25,sspls-v,-0.0,5.390767740756253
0.606,26,mcgs,0.0,5.487654425361505
0.606,26,pos,-0.0,5.487654425361505
0.606,26,sbps,-0.0,5.487654425361505
0.606,26,prculs-d,-0.6659547887063525,5.487654425361505
0.606,26,prcus-p,-0.5971179602590193,5.487654425361505
0.606,26,prcus-i,-1.2520895716767853,5.487654425361505
0.606,26,prcus-a,-0.0,5.487654425361505
0.606,26,ifrms,-2.122109385529311,5.487654425361505
0.606,26,sspls-v,-0.0,5.487654425361505
0.606,27,mcgs,-0.0,5.310373707249754
0.606,27,pos,-0.0,5.310373707249754
0.606,27,sbps,-0.0,5.310373707249754
0.606,27,prculs-d,-0.7250123238471005,5.310373707249754
0.606,27,prcus-p,-0.8255924076362567,5.310373707249754
0.606,27,prcus-i,-1.5723255210512523,5.310373707249754
0.606,27,prcus-a,0.0,5.310373707249754
0.606,27,ifrms,-1.8906323205973548,5.310373707249754
0.606,27,sspls-v,0.0,5.310373707249754
0.648,0,mcgs,0.0,5.502416234862175
0.648,0,pos,-0.0,5.502416234862175
0.648,0,sbps,-0.0,5.502416234862175
0.648,0,prculs-d,-0.4117658304538282,5.502416234862175
0.648,0,prcus-p,-0.6669055347667596,5.502416234862175
0.648,0,prcus-i,-1.0775550450537013,5.502416234862175
0.648,0,prcus-a,-0.0,5.502416234862175
0.648,0,ifrms,-1.9502874354394535,5.502416234862175
0.648,0,sspls-v,-0.0,5.502416234862175
0.648,1,mcgs,0.0,5.41112936087699
0.648,1,pos,-0.0,5.41112936087699
0.648,1,sbps,-0.48079941931915554,5.41112936087699
0.648,1,prculs-d,-0.9895681160371657,5.41112936087699
0.648,1,prcus-p,-0.7936911137030974,5.41112936087699
0.648,1,prcus-i,-1.0371698085914456,5.41112936087699
0.648,1,prcus-a,0.0,5.41112936087699
0.648,1,ifrms,-1.7446666647935942,5.41112936087699
0.648,1,sspls-v,-0.0,5.41112936087699
0.648,2,mcgs,-0.0,5.400043541617652
0.648,2,pos,-0.0,5.400043541617652
0.648,2,sbps,-0.0,5.400043541617652
0.648,2,prculs-d,-0.3984024586096629,5.400043541617652
0.648,2,prcus-p,-0.4423767606188165,5.400043541617652
0.648,2,prcus-i,-1.1439730429524688,5.400043541617652
0.648,2,prcus-a,-0.0,5.400043541617652
0.648,2,ifrms,-1.990937100331033,5.400043541617652
0.648,2,sspls-v,0.0,5.400043541617652
0.648,3,mcgs,0.0,5.355543393971549
0.648,3,pos,-0.0,5.355543393971549
0.648,3,sbps,-0.0,5.355543393971549
0.648,3,prculs-d,-0.4077061079155851,5.355543393971549
0.648,3,prcus-p,-0.5826193364992598,5.355543393971549
0.648,3,prcus-i,-1.0798644904550945,5.355543393971549
0.648,3,prcus-a,-0.0,5.355543393971549
0.648,3,ifrms,-1.5815788979847758,5.355543393971549
0.648,3,sspls-v,-0.0,5.355543393971549
0.648,4,mcgs,0.0,5.488434701434387
0.648,4,pos,-0.0,5.488434701434387
0.648,4,sbps,-0.0,5.488434701434387
0.648,4,prculs-d,-0.5457033784072132,5.488434701434387
0.648,4,prcus-p,-0.6671066677376676,5.488434701434387
0.648,4,prcus-i,-1.2626084703491793,5.488434701434387
0.648,4,prcus-a,-0.0,5.488434701434387
0.648,4,ifrms,-1.8737095477166135,5.488434701434387
0.648,4,sspls-v,-0.0,5.488434701434387
0.648,5,mcgs,0.021342795220717577,5.249713588024856
0.648,5,pos,-0.0,5.249713588024856
0.648,5,sbps,-0.0,5.249713588024856
0.648,5,prculs-d,-0.8704398871567961,5.249713588024856
0.648,5,prcus-p,-0.884402241381007,5.249713588024856
0.648,5,prcus-i,-1.190707374273244,5.249713588024856
0.648,5,prcus-a,-0.0,5.249713588024856
0.648,5,ifrms,-1.5546931576877774,5.249713588024856
0.648,5,sspls-v,-0.0,5.249713588024856
0.648,6,mcgs,0.0,5.402856770400336
0.648,6,pos,-0.0,5.402856770400336
0.648,6,sbps,-0.0,5.402856770400336
0.648,6,prculs-d,-0.4824118923384775,5.402856770400336
0.648,6,prcus-p,-0.49231560142345193,5.402856770400336
0.648,6,prcus-i,-1.2651183770866454,5.402856770400336
0.648,6,prcus-a,0.0,5.402856770400336
0.648,6,ifrms,-2.1088629891445554,5.402856770400336
0.648,6,sspls-v,0.0,5.402856770400336
0.648,7,mcgs,0.0,5.508042059631368
0.648,7,pos,-0.0,5.508042059631368
0.648,7,sbps,-0.0,5.508042059631368
0.648,7,prculs-d,-0.45404323105025945,5.508042059631368
0.648,7,prcus-p,-0.7306073552386319,5.508042059631368
0.648,7,prcus-i,-1.1798686914928478,5.508042059631368
0.648,7,prcus-a,-0.0,5.508042059631368
0.648,7,ifrms,-1.948935196759425,5.508042059631368
0.648,7,sspls-v,-0.0,5.508042059631368
0.648,8,mcgs,0.0,5.114428099936855
0.648,8,pos,-0.0,5.114428099936855
0.648,8,sbps,-0.0,5.114428099936855
0.648,8,prculs-d,0.0,5.114428099936855
0.648,8,prcus-p,-0.6401197527864785,5.114428099936855
0.648,8,prcus-i,-1.1817983192990966,5.114428099936855
0.648,8,prcus-a,-0.0,5.114428099936855
0.648,8,ifrms,-1.6345847461005607,5.114428099936855
0.648,8,sspls-v,-0.0,5.114428099936855
0.648,9,mcgs,0.0,4.816041604045478
0.648,9,pos,0.0,4.816041604045478
0.648,9,sbps,-0.0,4.816041604045478
0.648,9,prculs-d,-0.1504869617141006,4.816041604045478
0.648,9,prcus-p,-0.9236348203124648,4.816041604045478
0.648,9,prcus-i,-1.116563991514893,4.816041604045478
0.648,9,prcus-a,0.0,4.816041604045478
0.648,9,ifrms,-1.8256026276946926,4.816041604045478
0.648,9,sspls-v,-0.0,4.816041604045478
0.648,10,mcgs,0.0,5.00512331010657
0.648,10,pos,-0.0,5.00512331010657
0.648,10,sbps,-0.0,5.00512331010657
0.648,10,prculs-d,-0.0,5.00512331010657
0.648,10,prcus-p,-0.6267299055037535,5.00512331010657
0.648,10,prcus-i,-1.441833456854531,5.00512331010657
0.648,10,prcus-a,-0.0,5.00512331010657
0.648,10,ifrms,-2.2434213753844,5.00512331010657
0.648,10,sspls-v,-0.0,5.00512331010657
0.648,11,mcgs,0.0,5.249189344645005
0.648,11,pos,0.0,5.249189344645005
0.648,11,sbps,-0.0,5.249189344645005
0.648,11,prculs-d,-0.5219507586505173,5.249189344645005
0.648,11,prcus-p,-0.39593139513013365,5.249189344645005
0.648,11,prcus-i,-0.7707555365427213,5.249189344645005
0.648,11,prcus-a,0.0,5.249189344645005
0.648,11,ifrms,-1.8576759526558646,5.249189344645005
0.648,11,sspls-v,-0.0,5.249189344645005
0.648,12,mcgs,0.0,5.204399339369305
0.648,12,pos,-0.0,5.204399339369305
0.648,12,sbps,-0.0,5.204399339369305
0.648,12,prculs-d,-0.527063959742829,5.204399339369305
0.648,12,prcus-p,-0.48396994921852104,5.204399339369305
0.648,12,prcus-i,-1.5352018272189252,5.204399339369305
0.648,12,prcus-a,-0.0,5.204399339369305
0.648,12,ifrms,-2.342335634165055,5.204399339369305
0.648,12,sspls-v,-0.0,5.204399339369305
0.648,13,mcgs,0.0,5.48142380873769
0.648,13,pos,-0.0,5.48142380873769
0.648,13,sbps,-0.23582810435958337,5.48142380873769
0.648,13,prculs-d,-0.4765050229122729,5.48142380873769
0.648,13,prcus-p,-0.44942232264825394,5.48142380873769
0.648,13,prcus-i,-0.9630933234994089,5.48142380873769
0.648,13,prcus-a,-0.0,5.48142380873769
0.648,13,ifrms,-1.6994807254771842,5.48142380873769
0.648,13,sspls-v,0.0,5.48142380873769
0.648,14,mcgs,0.0,5.449633413385127
0.648,14,pos,-0.0,5.449633413385127
0.648,14,sbps,-0.0,5.449633413385127
0.648,14,prculs-d,-0.3718735812868419,5.449633413385127
0.648,14,prcus-p,-0.798335533113638,5.449633413385127
0.648,14,prcus-i,-1.0921813260563893,5.449633413385127
0.648,14,prcus-a,-0.0,5.449633413385127
0.648,14,ifrms,-1.9230101846763046,5.449633413385127
0.648,14,sspls-v,-0.0,5.449633413385127
0.648,15,mcgs,-0.0,5.457346096152868
0.648,15,pos,-0.0,5.457346096152868
0.648,15,sbps,-0.0,5.457346096152868
0.648,15,prculs-d,-0.4229098250866053,5.457346096152868
0.648,15,prcus-p,-0.5751589589625723,5.457346096152868
0.648,15,prcus-i,-1.061233027371095,5.457346096152868
0.648,15,prcus-a,-0.0,5.457346096152868
0.648,15,ifrms,-1.8002237929512535,5.457346096152868
0.648,15,sspls-v,-0.0,5.457346096152868
0.648,16,mcgs,0.0,5.489231278775425
0.648,16,pos,-0.0,5.489231278775425
0.648,16,sbps,-0.0,5.489231278775425
0.648,16,prculs-d,-0.46640890152400943,5.489231278775425
0.648,16,prcus-p,-0.798758056362196,5.489231278775425
0.648,16,prcus-i,-1.217815973961134,5.489231278775425
0.648,16,prcus-a,-0.0,5.489231278775425
0.648,16,ifrms,-1.9295833493616417,5.489231278775425
0.648,16,sspls-v,-0.0,5.489231278775425
0.648,17,mcgs,0.0,5.140035780394849
0.648,17,pos,-0.7878983929539811,5.140035780394849
0.648,17,sbps,0.0,5.140035780394849
0.648,17,prculs-d,-0.04748233720423919,5.140035780394849
0.648,17,prcus-p,-0.9232447059868992,5.140035780394849
0.648,17,prcus-i,-0.3078497514939544,5.140035780394849
0.648,17,prcus-a,-0.0,5.140035780394849
0.648,17,ifrms,-1.7392743356401585,5.140035780394849
0.648,17,sspls-v,-0.0,5.140035780394849
0.648,18,mcgs,0.0,5.464190810358889
0.648,18,pos,-0.0,5.464190810358889
0.648,18,sbps,-0.0,5.464190810358889
0.648,18,prculs-d,-0.4553589766086366,5.464190810358889
0.648,18,prcus-p,-0.7290052330194705,5.464190810358889
0.648,18,prcus-i,-1.0899423869286502,5.464190810358889
0.648,18,prcus-a,-0.0,5.464190810358889
0.648,18,ifrms,-1.9756177775187913,5.464190810358889
0.648,18,sspls-v,-0.0,5.464190810358889
0.648,19,mcgs,0.0,5.565845271948642
0.648,19,pos,-0.0,5.565845271948642
0.648,19,sbps,-0.0,5.565845271948642
0.648,19,prculs-d,-0.47301514758729757,5.565845271948642
0.648,19,prcus-p,-0.6980358615558703,5.565845271948642
0.648,19,prcus-i,-1.1934671286948768,5.565845271948642
0.648,19,prcus-a,-0.0,5.565845271948642
0.648,19,ifrms,-1.80628675937098,5.565845271948642
0.648,19,sspls-v,-0.0,5.565845271948642
0.648,20,mcgs,0.0,5.447165603289686
0.648,20,pos,-0.0,5.447165603289686
0.648,20,sbps,-0.0,5.447165603289686
0.648,20,prculs-d,-0.5607316674747707,5.447165603289686
0.648,20,prcus-p,-0.6912362191280855,5.447165603289686
0.648,20,prcus-i,-1.2942555714982198,5.447165603289686
0.648,20,prcus-a,-0.0,5.447165603289686
0.648,20,ifrms,-1.9768572792515873,5.447165603289686
0.648,20,sspls-v,-0.0,5.447165603289686
0.648,21,mcgs,0.0,5.439470184305014
0.648,21,pos,-0.0,5.439470184305014
0.648,21,sbps,-0.0,5.439470184305014
0.648,21,prculs-d,-0.5953071978857802,5.439470184305014
0.648,21,prcus-p,-0.9825193191488821,5.439470184305014
0.648,21,prcus-i,-1.1360156227680218,5.439470184305014
0.648,21,prcus-a,-0.0,5.439470184305014
0.648,21,ifrms,-1.7806874548404048,5.439470184305014
0.648,21,sspls-v,-0.0,5.439470184305014
0.648,22,mcgs,0.0,5.40446702461904
0.648,22,pos,0.0,5.40446702461904
0.648,22,sbps,-0.0,5.40446702461904
0.648,22,prculs-d,-0.5637963389951423,5.40446702461904
0.648,22,prcus-p,-0.48254543884349965,5.40446702461904
0.648,22,prcus-i,-1.108021003874352,5.40446702461904
0.648,22,prcus-a,-0.0,5.40446702461904
0.648,22,ifrms,-2.2037221830808766,5.40446702461904
0.648,22,sspls-v,-0.0,5.40446702461904
0.648,23,mcgs,0.0,5.064088655839974
0.648,23,pos,0.0,5.064088655839974
0.648,23,sbps,-0.0,5.064088655839974
0.648,23,prculs-d,-0.04158556493119253,5.064088655839974
0.648,23,prcus-p,-0.9338419872945993,5.064088655839974
0.648,23,prcus-i,-0.6813899132261911,5.064088655839974
0.648,23,prcus-a,-0.0,5.064088655839974
0.648,23,ifrms,-1.8428340761600763,5.064088655839974
0.648,23,sspls-v,0.0,5.064088655839974
0.648,24,mcgs,0.0,5.215727868441503
0.648,24,pos,0.0,5.215727868441503
0.648,24,sbps,-0.0,5.215727868441503
0.648,24,prculs-d,-0.34299807609784877,5.215727868441503
0.648,24,prcus-p,-0.9453156026387012,5.215727868441503
0.648,24,prcus-i,-1.280634918077775,5.215727868441503
0.648,24,prcus-a,-0.0,5.215727868441503
0.648,24,ifrms,-1.9659755139716824,5.215727868441503
0.648,24,sspls-v,-0.0,5.215727868441503
0.648,25,mcgs,0.0,5.373060389388581
0.648,25,pos,-0.0,5.373060389388581
0.648,25,sbps,-0.02136561015167878,5.373060389388581
0.648,25,prculs-d,-0.5104348777529031,5.373060389388581
0.648,25,prcus-p,-0.3029427748053156,5.373060389388581
0.648,25,prcus-i,-1.2090085780020574,5.373060389388581
0.648,25,prcus-a,-0.0,5.373060389388581
0.648,25,ifrms,-2.2550048338072353,5.373060389388581
0.648,25,sspls-v,-0.0,5.373060389388581
0.648,26,mcgs,0.0,5.481403003065858
0.648,26,pos,-0.0,5.481403003065858
0.648,26,sbps,-0.0,5.481403003065858
0.648,26,prculs-d,-0.5975095126431955,5.481403003065858
0.648,26,prcus-p,-0.5757013693960515,5.481403003065858
0.648,26,prcus-i,-1.1771170794670665,5.481403003065858
0.648,26,prcus-a,-0.0,5.481403003065858
0.648,26,ifrms,-2.0786174964843944,5.481403003065858
0.648,26,sspls-v,-0.0,5.481403003065858
0.648,27,mcgs,-0.0,5.293740747894482
0.648,27,pos,-0.0,5.293740747894482
0.648,27,sbps,-0.0,5.293740747894482
0.648,27,prculs-d,-0.651739688533149,5.293740747894482
0.648,27,prcus-p,-0.7982161492162327,5.293740747894482
0.648,27,prcus-i,-1.4925003808392114,5.293740747894482
0.648,27,prcus-a,0.0,5.293740747894482
0.648,27,ifrms,-1.852295024245596,5.293740747894482
0.648,27,sspls-v,0.0,5.293740747894482
0.693,0,mcgs,0.0,5.479563528141057
0.693,0,pos,-0.0,5.479563528141057
0.693,0,sbps,-0.0,5.479563528141057
0.693,0,prculs-d,-0.33043300342928095,5.479563528141057
0.693,0,prcus-p,-0.6342975948194803,5.479563528141057
0.693,0,prcus-i,-0.9865986797429861,5.479563528141057
0.693,0,prcus-a,-0.0,5.479563528141057
0.693,0,ifrms,-1.9050969970670155,5.479563528141057
0.693,0,sspls-v,-0.0,5.479563528141057
0.693,1,mcgs,0.0,5.418632407202065
0.693,1,pos,-0.0,5.418632407202065
0.693,1,sbps,-0.4346312051706846,5.418632407202065
0.693,1,prculs-d,-0.9051941755204063,5.418632407202065
0.693,1,prcus-p,-0.784958263402537,5.418632407202065
0.693,1,prcus-i,-0.9606943870898548,5.418632407202065
0.693,1,prcus-a,0.0,5.418632407202065
0.693,1,ifrms,-1.7050419184682426,5.418632407202065
0.693,1,sspls-v,-0.0,5.418632407202065
0.693,2,mcgs,-0.0,5.370792868210737
0.693,2,pos,-0.0,5.370792868210737
0.693,2,sbps,-0.0,5.370792868210737
0.693,2,prculs-d,-0.3217019372705336,5.370792868210737
0.693,2,prcus-p,-0.41301554582443484,5.370792868210737
0.693,2,prcus-i,-1.0597696243197687,5.370792868210737
0.693,2,prcus-a,-0.0,5.370792868210737
0.693,2,ifrms,-1.947195235692821,5.370792868210737
0.693,2,sspls-v,0.0,5.370792868210737
0.693,3,mcgs,0.0,5.33776058073005
0.693,3,pos,-0.0,5.33776058073005
0.693,3,sbps,-0.0,5.33776058073005
0.693,3,prculs-d,-0.32980310488784265,5.33776058073005
0.693,3,prcus-p,-0.5514865299981031,5.33776058073005
0.693,3,prcus-i,-0.9916361287925081,5.33776058073005
0.693,3,prcus-a,0.0,5.33776058073005
0.693,3,ifrms,-1.5321485278297386,5.33776058073005
0.693,3,sspls-v,-0.0,5.33776058073005
0.693,4,mcgs,0.0,5.477947090973805
0.693,4,pos,-0.0,5.477947090973805
0.693,4,sbps,-0.0,5.477947090973805
0.693,4,prculs-d,-0.46721629255693814,5.477947090973805
0.693,4,prcus-p,-0.6422899797492517,5.477947090973805
0.693,4,prcus-i,-1.1782713157061047,5.477947090973805
0.693,4,prcus-a,-0.0,5.477947090973805
0.693,4,ifrms,-1.8358673665006455,5.477947090973805
0.693,4,sspls-v,-0.0,5.477947090973805
0.693,5,mcgs,0.02738558952438698,5.244141311966587
0.693,5,pos,-0.0,5.244141311966587
0.693,5,sbps,-0.0,5.244141311966587
0.693,5,prculs-d,-0.7968502731034387,5.244141311966587
0.693,5,prcus-p,-0.8530418735222772,5.244141311966587
0.693,5,prcus-i,-1.1061447270937865,5.244141311966587
0.693,5,prcus-a,-0.0,5.244141311966587
0.693,5,ifrms,-1.5115348015324244,5.244141311966587
0.693,5,sspls-v,-0.0,5.244141311966587
0.693,6,mcgs,0.0,5.380964469309189
0.693,6,pos,-0.0,5.380964469309189
0.693,6,sbps,-0.0,5.380964469309189
0.693,6,prculs-d,-0.40653536659281575,5.380964469309189
0.693,6,prcus-p,-0.46805748340830033,5.380964469309189
0.693,6,prcus-i,-1.181625141561818,5.380964469309189
0.693,6,prcus-a,0.0,5.380964469309189
0.693,6,ifrms,-2.063564884542251,5.380964469309189
0.693,6,sspls-v,0.0,5.380964469309189
0.693,7,mcgs,0.0,5.497725834557017
0.693,7,pos,-0.0,5.497725834557017
0.693,7,sbps,-0.0,5.497725834557017
0.693,7,prculs-d,-0.3772381303815398,5.497725834557017
0.693,7,prcus-p,-0.7012588919078612,5.497725834557017
0.693,7,prcus-i,-1.095221072761635,5.497725834557017
0.693,7,prcus-a,-0.0,5.497725834557017
0.693,7,ifrms,-1.9047642686911745,5.497725834557017
0.693,7,sspls-v,-0.0,5.497725834557017
0.693,8,mcgs,0.0,5.1035661920365545
0.693,8,pos,-0.0,5.1035661920365545
0.693,8,sbps,-0.0,5.1035661920365545
0.693,8,prculs-d,0.0,5.1035661920365545
0.693,8,prcus-p,-0.6111476554953058,5.1035661920365545
0.693,8,prcus-i,-1.1296738329519493,5.1035661920365545
0.693,8,prcus-a,-0.0,5.1035661920365545
0.693,8,ifrms,-1.5949899788641417,5.1035661920365545
0.693,8,sspls-v,-0.0,5.1035661920365545
0.693,9,mcgs,0.0,4.78733254422951
0.693,9,pos,0.0,4.78733254422951
0.693,9,sbps,-0.0,4.78733254422951
0.693,9,prculs-d,-0.07499216137294983,4.78733254422951
0.693,9,prcus-p,-0.8970299718417579,4.78733254422951
0.693,9,prcus-i,-1.0331076531556305,4.78733254422951
0.693,9,prcus-a,0.0,4.78733254422951
0.693,9,ifrms,-1.7811741411031008,4.78733254422951
0.693,9,sspls-v,-0.0,4.78733254422951
0.693,10,mcgs,0.0,4.9745927721608005
0.693,10,pos,-0.0,4.9745927721608005
0.693,10,sbps,-0.0,4.9745927721608005
0.693,10,prculs-d,-0.0,4.9745927721608005
0.693,10,prcus-p,-0.5987417651756741,4.9745927721608005
0.693,10,prcus-i,-1.386256245969531,4.9745927721608005
0.693,10,prcus-a,-0.0,4.9745927721608005
0.693,10,ifrms,-2.200111391784487,4.9745927721608005
0.693,10,sspls-v,-0.0,4.9745927721608005
0.693,11,mcgs,0.0,5.230226557981968
0.693,11,pos,0.0,5.230226557981968
0.693,11,sbps,-0.0,5.230226557981968
0.693,11,prculs-d,-0.4493515470606623,5.230226557981968
0.693,11,prcus-p,-0.3647332611180934,5.230226557981968
0.693,11,prcus-i,-0.6854007645186456,5.230226557981968
0.693,11,prcus-a,0.0,5.230226557981968
0.693,11,ifrms,-1.8123908060937262,5.230226557981968
0.693,11,sspls-v,-0.0,5.230226557981968
0.693,12,mcgs,0.0,5.209888067325432
0.693,12,pos,-0.0,5.209888067325432
0.693,12,sbps,-0.0,5.209888067325432
0.693,12,prculs-d,-0.44988747220080016,5.209888067325432
0.693,12,prcus-p,-0.4666442315027627,5.209888067325432
0.693,12,prcus-i,-1.4369120138779377,5.209888067325432
0.693,12,prcus-a,-0.0,5.209888067325432
0.693,12,ifrms,-2.2774516266999556,5.209888067325432
0.693,12,sspls-v,-0.0,5.209888067325432
0.693,13,mcgs,0.0,5.462686092665844
0.693,13,pos,-0.0,5.462686092665844
0.693,13,sbps,-0.2019101208601107,5.462686092665844
0.693,13,prculs-d,-0.3964016188013945,5.462686092665844
0.693,13,prcus-p,-0.4389659343430533,5.462686092665844
0.693,13,prcus-i,-0.8796976564165319,5.462686092665844
0.693,13,prcus-a,-0.0,5.462686092665844
0.693,13,ifrms,-1.6553734064777381,5.462686092665844
0.693,13,sspls-v,0.0,5.462686092665844
0.693,14,mcgs,0.0,5.41200146537105
0.693,14,pos,-0.0,5.41200146537105
0.693,14,sbps,-0.0,5.41200146537105
0.693,14,prculs-d,-0.29521029621679656,5.41200146537105
0.693,14,prcus-p,-0.779046772100736,5.41200146537105
0.693,14,prcus-i,-1.008530685088879,5.41200146537105
0.693,14,prcus-a,-0.0,5.41200146537105
0.693,14,ifrms,-1.8813695113154951,5.41200146537105
0.693,14,sspls-v,-0.0,5.41200146537105
0.693,15,mcgs,0.0,5.438539642801768
0.693,15,pos,-0.0,5.438539642801768
0.693,15,sbps,-0.0,5.438539642801768
0.693,15,prculs-d,-0.34607068297244836,5.438539642801768
0.693,15,prcus-p,-0.5443245011033253,5.438539642801768
0.693,15,prcus-i,-0.9737725996133323,5.438539642801768
0.693,15,prcus-a,-0.0,5.438539642801768
0.693,15,ifrms,-1.7533027973224509,5.438539642801768
0.693,15,sspls-v,-0.0,5.438539642801768
0.693,16,mcgs,0.0,5.478075455439959
0.693,16,pos,-0.0,5.478075455439959
0.693,16,sbps,-0.0,5.478075455439959
0.693,16,prculs-d,-0.3897723381142905,5.478075455439959
0.693,16,prcus-p,-0.767671824390509,5.478075455439959
0.693,16,prcus-i,-1.132138931938992,5.478075455439959
0.693,16,prcus-a,-0.0,5.478075455439959
0.693,16,ifrms,-1.886715974522514,5.478075455439959
0.693,16,sspls-v,-0.0,5.478075455439959
0.693,17,mcgs,0.0,5.103694896609498
0.693,17,pos,-0.7703510090957287,5.103694896609498
0.693,17,sbps,0.0,5.103694896609498
0.693,17,prculs-d,-0.0,5.103694896609498
0.693,17,prcus-p,-0.8951570391169761,5.103694896609498
0.693,17,prcus-i,-0.24063064212128346,5.103694896609498
0.693,17,prcus-a,0.0,5.103694896609498
0.693,17,ifrms,-1.7020945635646922,5.103694896609498
0.693,17,sspls-v,-0.0,5.103694896609498
0.693,18,mcgs,0.0,5.449329913929504
0.693,18,pos,-0.0,5.449329913929504
0.693,18,sbps,-0.0,5.449329913929504
0.693,18,prculs-d,-0.3808075808164608,5.449329913929504
0.693,18,prcus-p,-0.7021600988826779,5.449329913929504
0.693,18,prcus-i,-1.011058890238048,5.449329913929504
0.693,18,prcus-a,-0.0,5.449329913929504
0.693,18,ifrms,-1.9343665900808706,5.449329913929504
0.693,18,sspls-v,-0.0,5.449329913929504
0.693,19,mcgs,0.0,5.551563337748015
0.693,19,pos,-0.0,5.551563337748015
0.693,19,sbps,-0.0,5.551563337748015
0.693,19,prculs-d,-0.39896389187191816,5.551563337748015
0.693,19,prcus-p,-0.6670002557514921,5.551563337748015
0.693,19,prcus-i,-1.1172732756215056,5.551563337748015
0.693,19,prcus-a,-0.0,5.551563337748015
0.693,19,ifrms,-1.773851950800316,5.551563337748015
0.693,19,sspls-v,-0.0,5.551563337748015
0.693,20,mcgs,0.0,5.436712597150115
0.693,20,pos,-0.0,5.436712597150115
0.693,20,sbps,-0.0,5.436712597150115
0.693,20,prculs-d,-0.48257536428184794,5.436712597150115
0.693,20,prcus-p,-0.6643779302699513,5.436712597150115
0.693,20,prcus-i,-1.2084280012298585,5.436712597150115
0.693,20,prcus-a,0.0,5.436712597150115
0.693,20,ifrms,-1.9327290861305046,5.436712597150115
0.693,20,sspls-v,-0.0,5.436712597150115
0.693,21,mcgs,0.0,5.430744951827417
0.693,21,pos,-0.0,5.430744951827417
0.693,21,sbps,-0.0,5.430744951827417
0.693,21,prculs-d,-0.5195884477879661,5.430744951827417
0.693,21,prcus-p,-0.9512951178164689,5.430744951827417
0.693,21,prcus-i,-1.0561836277368435,5.430744951827417
0.693,21,prcus-a,-0.0,5.430744951827417
0.693,21,ifrms,-1.7406684455776054,5.430744951827417
0.693,21,sspls-v,-0.0,5.430744951827417
0.693,22,mcgs,0.0,5.395275984810333
0.693,22,pos,0.0,5.395275984810333
0.693,22,sbps,-0.0,5.395275984810333
0.693,22,prculs-d,-0.4896820489706983,5.395275984810333
0.693,22,prcus-p,-0.4564613771382127,5.395275984810333
0.693,22,prcus-i,-1.0289054590268656,5.395275984810333
0.693,22,prcus-a,-0.0,5.395275984810333
0.693,22,ifrms,-2.161177691592092,5.395275984810333
0.693,22,sspls-v,-0.0,5.395275984810333
0.693,23,mcgs,0.0,4.987412257171399
0.693,23,pos,0.0,4.987412257171399
0.693,23,sbps,-0.0,4.987412257171399
0.693,23,prculs-d,-0.0,4.987412257171399
0.693,23,prcus-p,-0.907955839363886,4.987412257171399
0.693,23,prcus-i,-0.6105539064145985,4.987412257171399
0.693,23,prcus-a,-0.0,4.987412257171399
0.693,23,ifrms,-1.799570129216401,4.987412257171399
0.693,23,sspls-v,0.0,4.987412257171399
0.693,24,mcgs,0.0,5.195214129792982
0.693,24,pos,0.0,5.195214129792982
0.693,24,sbps,-0.0,5.195214129792982
0.693,24,prculs-d,-0.26836569551883593,5.195214129792982
0.693,24,prcus-p,-0.9175843780599207,5.195214129792982
0.693,24,prcus-i,-1.1972217661595743,5.195214129792982
0.693,24,prcus-a,-0.0,5.195214129792982
0.693,24,ifrms,-1.9219595047246572,5.195214129792982
0.693,24,sspls-v,-0.0,5.195214129792982
0.693,25,mcgs,0.0,5.34951824688736
0.693,25,pos,-0.0,5.34951824688736
0.693,25,sbps,-0.0,5.34951824688736
0.693,25,prculs-d,-0.4317376426810507,5.34951824688736
0.693,25,prcus-p,-0.2880468953043713,5.34951824688736
0.693,25,prcus-i,-1.1256348468442827,5.34951824688736
0.693,25,prcus-a,-0.0,5.34951824688736
0.693,25,ifrms,-2.2101157601793533,5.34951824688736
0.693,25,sspls-v,-0.0,5.34951824688736
0.693,26,mcgs,0.0,5.47396707680753
0.693,26,pos,-0.0,5.47396707680753
0.693,26,sbps,-0.0,5.47396707680753
0.693,26,prculs-d,-0.5241751520769782,5.47396707680753
0.693,26,prcus-p,-0.5527551437304796,5.47396707680753
0.693,26,prcus-i,-1.0967893301087674,5.47396707680753
0.693,26,prcus-a,-0.0,5.47396707680753
0.693,26,ifrms,-2.0320189685600174,5.47396707680753
0.693,26,sspls-v,-0.0,5.47396707680753
0.693,27,mcgs,-0.0,5.275916743666221
0.693,27,pos,-0.0,5.275916743666221
0.693,27,sbps,-0.0,5.275916743666221
0.693,27,prculs-d,-0.5732332935539175,5.275916743666221
0.693,27,prcus-p,-0.7688844437662075,5.275916743666221
0.693,27,prcus-i,-1.4069734448977398,5.275916743666221
0.693,27,prcus-a,0.0,5.275916743666221
0.693,27,ifrms,-1.811219349582997,5.275916743666221
0.693,27,sspls-v,0.0,5.275916743666221
0.741,0,mcgs,0.0,5.450132331789283
0.741,0,pos,-0.0,5.450132331789283
0.741,0,sbps,-0.0,5.450132331789283
0.741,0,prculs-d,-0.24367798793643106,5.450132331789283
0.741,0,prcus-p,-0.5995157922090486,5.450132331789283
0.741,0,prcus-i,-0.8895785567448875,5.450132331789283
0.741,0,prcus-a,0.0,5.450132331789283
0.741,0,ifrms,-1.8568938628030824,5.450132331789283
0.741,0,sspls-v,-0.0,5.450132331789283
0.741,1,mcgs,0.0,5.427845318163594
0.741,1,pos,-0.0,5.427845318163594
0.741,1,sbps,-0.385385110078983,5.427845318163594
0.741,1,prculs-d,-0.8151953056358625,5.427845318163594
0.741,1,prcus-p,-0.775643223081938,5.427845318163594
0.741,1,prcus-i,-0.8791206041548243,5.427845318163594
0.741,1,prcus-a,0.0,5.427845318163594
0.741,1,ifrms,-1.6627755223878677,5.427845318163594
0.741,1,sspls-v,-0.0,5.427845318163594
0.741,2,mcgs,0.0,5.341148498510193
0.741,2,pos,-0.0,5.341148498510193
0.741,2,sbps,-0.0,5.341148498510193
0.741,2,prculs-d,-0.23988814704768943,5.341148498510193
0.741,2,prcus-p,-0.381696966750869,5.341148498510193
0.741,2,prcus-i,-0.9699526729235964,5.341148498510193
0.741,2,prcus-a,-0.0,5.341148498510193
0.741,2,ifrms,-1.9005372257795599,5.341148498510193
0.741,2,sspls-v,-0.0,5.341148498510193
0.741,3,mcgs,0.0,5.3141587861369475
0.741,3,pos,-0.0,5.3141587861369475
0.741,3,sbps,-0.0,5.3141587861369475
0.741,3,prculs-d,-0.24670668548947192,5.3141587861369475
0.741,3,prcus-p,-0.5182782102057879,5.3141587861369475
0.741,3,prcus-i,-0.8975259299969222,5.3141587861369475
0.741,3,prcus-a,0.0,5.3141587861369475
0.741,3,ifrms,-1.4794228051286265,5.3141587861369475
0.741,3,sspls-v,-0.0,5.3141587861369475
0.741,4,mcgs,0.0,5.462311432734299
0.741,4,pos,-0.0,5.462311432734299
0.741,4,sbps,-0.0,5.462311432734299
0.741,4,prculs-d,-0.3834967343166443,5.462311432734299
0.741,4,prcus-p,-0.6158188458949434,5.462311432734299
0.741,4,prcus-i,-1.088311684086824,5.462311432734299
0.741,4,prcus-a,-0.0,5.462311432734299
0.741,4,ifrms,-1.7955023732036137,5.462311432734299
0.741,4,sspls-v,-0.0,5.462311432734299
0.741,5,mcgs,0.03383123678163399,5.238663395333141
0.741,5,pos,-0.0,5.238663395333141
0.741,5,sbps,-0.0,5.238663395333141
0.741,5,prculs-d,-0.7183546847798584,5.238663395333141
0.741,5,prcus-p,-0.819590814472966,5.238663395333141
0.741,5,prcus-i,-1.0159445701023653,5.238663395333141
0.741,5,prcus-a,-0.0,5.238663395333141
0.741,5,ifrms,-1.4654992216333784,5.238663395333141
0.741,5,sspls-v,-0.0,5.238663395333141
0.741,6,mcgs,0.0,5.357213749638696
0.741,6,pos,-0.0,5.357213749638696
0.741,6,sbps,-0.0,5.357213749638696
0.741,6,prculs-d,-0.325600375179494,5.357213749638696
0.741,6,prcus-p,-0.44218218406286286,5.357213749638696
0.741,6,prcus-i,-1.09256566902655,5.357213749638696
0.741,6,prcus-a,0.0,5.357213749638696
0.741,6,ifrms,-2.015246890512409,5.357213749638696
0.741,6,sspls-v,0.0,5.357213749638696
0.741,7,mcgs,0.0,5.482683974154254
0.741,7,pos,-0.0,5.482683974154254
0.741,7,sbps,-0.0,5.482683974154254
0.741,7,prculs-d,-0.2953126636955094,5.482683974154254
0.741,7,prcus-p,-0.6699538754179997,5.482683974154254
0.741,7,prcus-i,-1.0049302642502602,5.482683974154254
0.741,7,prcus-a,-0.0,5.482683974154254
0.741,7,ifrms,-1.8576486050668526,5.482683974154254
0.741,7,sspls-v,-0.0,5.482683974154254
0.741,8,mcgs,0.0,5.094111423938397
0.741,8,pos,-0.0,5.094111423938397
0.741,8,sbps,-0.0,5.094111423938397
0.741,8,prculs-d,0.0,5.094111423938397
0.741,8,prcus-p,-0.5802442575767246,5.094111423938397
0.741,8,prcus-i,-1.0740743277567735,5.094111423938397
0.741,8,prcus-a,-0.0,5.094111423938397
0.741,8,ifrms,-1.552755473537803,5.094111423938397
0.741,8,sspls-v,-0.0,5.094111423938397
0.741,9,mcgs,0.0,4.769222935511222
0.741,9,pos,0.0,4.769222935511222
0.741,9,sbps,-0.0,4.769222935511222
0.741,9,prculs-d,-0.0,4.769222935511222
0.741,9,prcus-p,-0.8685031413426577,4.769222935511222
0.741,9,prcus-i,-0.9462776360151198,4.769222935511222
0.741,9,prcus-a,0.0,4.769222935511222
0.741,9,ifrms,-1.7340650456555937,4.769222935511222
0.741,9,sspls-v,-0.0,4.769222935511222
0.741,10,mcgs,0.0,4.961550006628015
0.741,10,pos,-0.0,4.961550006628015
0.741,10,sbps,-0.0,4.961550006628015
0.741,10,prculs-d,-0.0,4.961550006628015
0.741,10,prcus-p,-0.5688880751496143,4.961550006628015
0.741,10,prcus-i,-1.326973748521127,4.961550006628015
0.741,10,prcus-a,-0.0,4.961550006628015
0.741,10,ifrms,-2.1539138942223395,4.961550006628015
0.741,10,sspls-v,-0.0,4.961550006628015
0.741,11,mcgs,0.0,5.208965067008802
0.741,11,pos,0.0,5.208965067008802
0.741,11,sbps,-0.0,5.208965067008802
0.741,11,prculs-d,-0.3719123912007789,5.208965067008802
0.741,11,prcus-p,-0.3314552573888081,5.208965067008802
0.741,11,prcus-i,-0.5943556740845781,5.208965067008802
0.741,11,prcus-a,0.0,5.208965067008802
0.741,11,ifrms,-1.764086646865666,5.208965067008802
0.741,11,sspls-v,-0.0,5.208965067008802
0.741,12,mcgs,0.0,5.215983105836092
0.741,12,pos,-0.0,5.215983105836092
0.741,12,sbps,-0.0,5.215983105836092
0.741,12,prculs-d,-0.36756588548930086,5.215983105836092
0.741,12,prcus-p,-0.4481634659392857,5.215983105836092
0.741,12,prcus-i,-1.3320695463142158,5.215983105836092
0.741,12,prcus-a,0.0,5.215983105836092
0.741,12,ifrms,-2.208242018737186,5.215983105836092
0.741,12,sspls-v,-0.0,5.215983105836092
0.741,13,mcgs,0.0,5.4374899604004066
0.741,13,pos,-0.0,5.4374899604004066
0.741,13,sbps,-0.16573093549521595,5.4374899604004066
0.741,13,prculs-d,-0.3109579875470872,5.4374899604004066
0.741,13,prcus-p,-0.42781245483060915,5.4374899604004066
0.741,13,prcus-i,-0.7907422785198663,5.4374899604004066
0.741,13,prcus-a,0.0,5.4374899604004066
0.741,13,ifrms,-1.6083255997888717,5.4374899604004066
0.741,13,sspls-v,-0.0,5.4374899604004066
0.741,14,mcgs,0.0,5.372071489327089
0.741,14,pos,-0.0,5.372071489327089
0.741,14,sbps,-0.0,5.372071489327089
0.741,14,prculs-d,-0.21343578712630212,5.372071489327089
0.741,14,prcus-p,-0.7584722192511174,5.372071489327089
0.741,14,prcus-i,-0.9193031585622493,5.372071489327089
0.741,14,prcus-a,0.0,5.372071489327089
0.741,14,ifrms,-1.836952744767889,5.372071489327089
0.741,14,sspls-v,-0.0,5.372071489327089
0.741,15,mcgs,0.0,5.412605525036558
0.741,15,pos,-0.0,5.412605525036558
0.741,15,sbps,-0.0,5.412605525036558
0.741,15,prculs-d,-0.2641087874336246,5.412605525036558
0.741,15,prcus-p,-0.5114344227580896,5.412605525036558
0.741,15,prcus-i,-0.8804814022639491,5.412605525036558
0.741,15,prcus-a,-0.0,5.412605525036558
0.741,15,ifrms,-1.7032537209440903,5.412605525036558
0.741,15,sspls-v,-0.0,5.412605525036558
0.741,16,mcgs,0.0,5.464075546443929
0.741,16,pos,-0.0,5.464075546443929
0.741,16,sbps,-0.0,5.464075546443929
0.741,16,prculs-d,-0.3080265583681143,5.464075546443929
0.741,16,prcus-p,-0.7345132104565638,5.464075546443929
0.741,16,prcus-i,-1.0407500246732833,5.464075546443929
0.741,16,prcus-a,-0.0,5.464075546443929
0.741,16,ifrms,-1.840990751287475,5.464075546443929
0.741,16,sspls-v,-0.0,5.464075546443929
0.741,17,mcgs,0.0,5.07733122804451
0.741,17,pos,-0.7374192648424992,5.07733122804451
0.741,17,sbps,0.0,5.07733122804451
0.741,17,prculs-d,-0.0,5.07733122804451
0.741,17,prcus-p,-0.862550636694473,5.07733122804451
0.741,17,prcus-i,-0.1923863487807344,5.07733122804451
0.741,17,prcus-a,0.0,5.07733122804451
0.741,17,ifrms,-1.6684240974633913,5.07733122804451
0.741,17,sspls-v,-0.0,5.07733122804451
0.741,18,mcgs,0.0,5.431265359572761
0.741,18,pos,-0.0,5.431265359572761
0.741,18,sbps,-0.0,5.431265359572761
0.741,18,prculs-d,-0.30128554026739074,5.431265359572761
0.741,18,prcus-p,-0.6735257751732967,5.431265359572761
0.741,18,prcus-i,-0.9269161545379057,5.431265359572761
0.741,18,prcus-a,-0.0,5.431265359572761
0.741,18,ifrms,-1.8903650716725926,5.431265359572761
0.741,18,sspls-v,-0.0,5.431265359572761
0.741,19,mcgs,0.0,5.530555739612373
0.741,19,pos,-0.0,5.530555739612373
0.741,19,sbps,-0.0,5.530555739612373
0.741,19,prculs-d,-0.3199758975498432,5.530555739612373
0.741,19,prcus-p,-0.6338955863296023,5.530555739612373
0.741,19,prcus-i,-1.0359998374818706,5.530555739612373
0.741,19,prcus-a,-0.0,5.530555739612373
0.741,19,ifrms,-1.7392548336744114,5.530555739612373
0.741,19,sspls-v,-0.0,5.530555739612373
0.741,20,mcgs,0.0,5.426571929359305
0.741,20,pos,-0.0,5.426571929359305
0.741,20,sbps,-0.0,5.426571929359305
0.741,20,prculs-d,-0.3992083524070221,5.426571929359305
0.741,20,prcus-p,-0.6357292260667684,5.426571929359305
0.741,20,prcus-i,-1.1168784219359178,5.426571929359305
0.741,20,prcus-a,0.0,5.426571929359305
0.741,20,ifrms,-1.8856589306288836,5.426571929359305
0.741,20,sspls-v,-0.0,5.426571929359305
0.741,21,mcgs,0.0,5.423378646659729
0.741,21,pos,-0.0,5.423378646659729
0.741,21,sbps,-0.0,5.423378646659729
0.741,21,prculs-d,-0.4388217400765608,5.423378646659729
0.741,21,prcus-p,-0.9179897989328777,5.423378646659729
0.741,21,prcus-i,-0.9710293136884444,5.423378646659729
0.741,21,prcus-a,-0.0,5.423378646659729
0.741,21,ifrms,-1.6979812168294426,5.423378646659729
0.741,21,sspls-v,-0.0,5.423378646659729
0.741,22,mcgs,0.0,5.38364288901979
0.741,22,pos,-0.0,5.38364288901979
0.741,22,sbps,-0.0,5.38364288901979
0.741,22,prculs-d,-0.41062660566046194,5.38364288901979
0.741,22,prcus-p,-0.428638624832009,5.38364288901979
0.741,22,prcus-i,-0.944515428138385,5.38364288901979
0.741,22,prcus-a,0.0,5.38364288901979
0.741,22,ifrms,-2.115796753727117,5.38364288901979
0.741,22,sspls-v,-0.0,5.38364288901979
0.741,23,mcgs,0.0,4.917204137750123
0.741,23,pos,0.0,4.917204137750123
0.741,23,sbps,-0.0,4.917204137750123
0.741,23,prculs-d,-0.0,4.917204137750123
0.741,23,prcus-p,-0.878361861180407,4.917204137750123
0.741,23,prcus-i,-0.554237418704616,4.917204137750123
0.741,23,prcus-a,-0.0,4.917204137750123
0.741,23,ifrms,-1.7559924676388456,4.917204137750123
0.741,23,sspls-v,0.0,4.917204137750123
0.741,24,mcgs,0.0,5.174750601785653
0.741,24,pos,0.0,5.174750601785653
0.741,24,sbps,-0.0,5.174750601785653
0.741,24,prculs-d,-0.188757857680572,5.174750601785653
0.741,24,prcus-p,-0.8880044463462268,5.174750601785653
0.741,24,prcus-i,-1.1082477401123378,5.174750601785653
0.741,24,prcus-a,0.0,5.174750601785653
0.741,24,ifrms,-1.87500907489733,5.174750601785653
0.741,24,sspls-v,-0.0,5.174750601785653
0.741,25,mcgs,0.0,5.3244816006673785
0.741,25,pos,-0.0,5.3244816006673785
0.741,25,sbps,-0.0,5.3244816006673785
0.741,25,prculs-d,-0.3509764616830922,5.3244816006673785
0.741,25,prcus-p,-0.2597505883548032,5.3244816006673785
0.741,25,prcus-i,-1.0365376623349163,5.3244816006673785
0.741,25,prcus-a,-0.0,5.3244816006673785
0.741,25,ifrms,-2.1631515684290172,5.3244816006673785
0.741,25,sspls-v,-0.0,5.3244816006673785
0.741,26,mcgs,0.0,5.463744195564702
0.741,26,pos,-0.0,5.463744195564702
0.741,26,sbps,-0.0,5.463744195564702
0.741,26,prculs-d,-0.4459514707509512,5.463744195564702
0.741,26,prcus-p,-0.5282794943255165,5.463744195564702
0.741,26,prcus-i,-1.0111061863472264,5.463744195564702
0.741,26,prcus-a,-0.0,5.463744195564702
0.741,26,ifrms,-1.982313671018511,5.463744195564702
0.741,26,sspls-v,-0.0,5.463744195564702
0.741,27,mcgs,0.0,5.257427864870471
0.741,27,pos,-0.0,5.257427864870471
0.741,27,sbps,-0.0,5.257427864870471
0.741,27,prculs-d,-0.4894931389094012,5.257427864870471
0.741,27,prcus-p,-0.7375972912861789,5.257427864870471
0.741,27,prcus-i,-1.3157447132268358,5.257427864870471
0.741,27,prcus-a,0.0,5.257427864870471
0.741,27,ifrms,-1.76740529660956,5.257427864870471
0.741,27,sspls-v,0.0,5.257427864870471
0.792,0,mcgs,0.0,5.417751601782304
0.792,0,pos,-0.0,5.417751601782304
0.792,0,sbps,-0.0,5.417751601782304
0.792,0,prculs-d,-0.15150080073432312,5.417751601782304
0.792,0,prcus-p,-0.5625605678007174,5.417751601782304
0.792,0,prcus-i,-0.7864945453885188,5.417751601782304
0.792,0,prcus-a,0.0,5.417751601782304
0.792,0,ifrms,-1.805677802380628,5.417751601782304
0.792,0,sspls-v,-0.0,5.417751601782304
0.792,1,mcgs,0.0,5.432764115838421
0.792,1,pos,-0.0,5.432764115838421
0.792,1,sbps,-0.33306113404405074,5.432764115838421
0.792,1,prculs-d,-0.7195715063835354,5.432764115838421
0.792,1,prcus-p,-0.7657459927413014,5.432764115838421
0.792,1,prcus-i,-0.7924484597863549,5.432764115838421
0.792,1,prcus-a,0.0,5.432764115838421
0.792,1,ifrms,-1.617867476552472,5.432764115838421
0.792,1,sspls-v,-0.0,5.432764115838421
0.792,2,mcgs,0.0,5.315178578839679
0.792,2,pos,-0.0,5.315178578839679
0.792,2,sbps,-0.0,5.315178578839679
0.792,2,prculs-d,-0.15296117619613728,5.315178578839679
0.792,2,prcus-p,-0.3484210760266754,5.315178578839679
0.792,2,prcus-i,-0.8745222115550237,5.315178578839679
0.792,2,prcus-a,0.0,5.315178578839679
0.792,2,ifrms,-1.8509630477471615,5.315178578839679
0.792,2,sspls-v,-0.0,5.315178578839679
0.792,3,mcgs,0.0,5.285955114529681
0.792,3,pos,-0.0,5.285955114529681
0.792,3,sbps,-0.0,5.285955114529681
0.792,3,prculs-d,-0.15841735907495005,5.285955114529681
0.792,3,prcus-p,-0.4829944200901205,5.285955114529681
0.792,3,prcus-i,-0.7975341217171006,5.285955114529681
0.792,3,prcus-a,0.0,5.285955114529681
0.792,3,ifrms,-1.4234017478245813,5.285955114529681
0.792,3,sspls-v,-0.0,5.285955114529681
0.792,4,mcgs,0.0,5.443200337013338
0.792,4,pos,-0.0,5.443200337013338
0.792,4,sbps,-0.0,5.443200337013338
0.792,4,prculs-d,-0.29454470368633306,5.443200337013338
0.792,4,prcus-p,-0.5876932661747386,5.443200337013338
0.792,4,prcus-i,-0.99272957549134,5.443200337013338
0.792,4,prcus-a,-0.0,5.443200337013338
0.792,4,ifrms,-1.7526145678255163,5.443200337013338
0.792,4,sspls-v,-0.0,5.443200337013338
0.792,5,mcgs,0.04067973699245925,5.241211127590441
0.792,5,pos,-0.0,5.241211127590441
0.792,5,sbps,-0.0,5.241211127590441
0.792,5,prculs-d,-0.634953122186053,5.241211127590441
0.792,5,prcus-p,-0.7840490642330727,5.241211127590441
0.792,5,prcus-i,-0.9201069032989793,5.241211127590441
0.792,5,prcus-a,-0.0,5.241211127590441
0.792,5,ifrms,-1.4165864179906442,5.241211127590441
0.792,5,sspls-v,-0.0,5.241211127590441
0.792,6,mcgs,0.0,5.3332976247535635
0.792,6,pos,-0.0,5.3332976247535635
0.792,6,sbps,-0.0,5.3332976247535635
0.792,6,prculs-d,-0.23960701242007504,5.3332976247535635
0.792,6,prcus-p,-0.4146896272186602,5.3332976247535635
0.792,6,prcus-i,-0.9979400233272707,5.3332976247535635
0.792,6,prcus-a,0.0,5.3332976247535635
0.792,6,ifrms,-1.9639090526349752,5.3332976247535635
0.792,6,sspls-v,0.0,5.3332976247535635
0.792,7,mcgs,0.0,5.462589345333309
0.792,7,pos,-0.0,5.462589345333309
0.792,7,sbps,-0.0,5.462589345333309
0.792,7,prculs-d,-0.20826686175316364,5.462589345333309
0.792,7,prcus-p,-0.636692298863806,5.462589345333309
0.792,7,prcus-i,-0.9089962819890798,5.462589345333309
0.792,7,prcus-a,0.0,5.462589345333309
0.792,7,ifrms,-1.8075882110125334,5.462589345333309
0.792,7,sspls-v,-0.0,5.462589345333309
0.792,8,mcgs,0.0,5.090759026781591
0.792,8,pos,-0.0,5.090759026781591
0.792,8,sbps,-0.0,5.090759026781591
0.792,8,prculs-d,0.0,5.090759026781591
0.792,8,prcus-p,-0.547409453318518,5.090759026781591
0.792,8,prcus-i,-1.0149998362445873,5.090759026781591
0.792,8,prcus-a,-0.0,5.090759026781591
0.792,8,ifrms,-1.5078812833931796,5.090759026781591
0.792,8,sspls-v,-0.0,5.090759026781591
0.792,9,mcgs,0.0,4.749573333016429
0.792,9,pos,0.0,4.749573333016429
0.792,9,sbps,-0.0,4.749573333016429
0.792,9,prculs-d,-0.0,4.749573333016429
0.792,9,prcus-p,-0.835633427196956,4.749573333016429
0.792,9,prcus-i,-0.8856786349997926,4.749573333016429
0.792,9,prcus-a,0.0,4.749573333016429
0.792,9,ifrms,-1.6882832180633827,4.749573333016429
0.792,9,sspls-v,-0.0,4.749573333016429
0.792,10,mcgs,0.0,4.956945842261565
0.792,10,pos,-0.0,4.956945842261565
0.792,10,sbps,-0.0,4.956945842261565
0.792,10,prculs-d,-0.0,4.956945842261565
0.792,10,prcus-p,-0.5371685294969263,4.956945842261565
0.792,10,prcus-i,-1.263986094982198,4.956945842261565
0.792,10,prcus-a,0.0,4.956945842261565
0.792,10,ifrms,-2.104829053062557,4.956945842261565
0.792,10,sspls-v,-0.0,4.956945842261565
0.792,11,mcgs,0.0,5.184632068520944
0.792,11,pos,-0.0,5.184632068520944
0.792,11,sbps,-0.0,5.184632068520944
0.792,11,prculs-d,-0.2896332880996523,5.184632068520944
0.792,11,prcus-p,-0.2960973784264419,5.184632068520944
0.792,11,prcus-i,-0.4976202654983809,5.184632068520944
0.792,11,prcus-a,0.0,5.184632068520944
0.792,11,ifrms,-1.7127634776858536,5.184632068520944
0.792,11,sspls-v,-0.0,5.184632068520944
0.792,12,mcgs,0.0,5.217126225726205
0.792,12,pos,-0.0,5.217126225726205
0.792,12,sbps,-0.0,5.217126225726205
0.792,12,prculs-d,-0.2800995805698832,5.217126225726205
0.792,12,prcus-p,-0.4285273493549901,5.217126225726205
0.792,12,prcus-i,-1.2206748071121947,5.217126225726205
0.792,12,prcus-a,0.0,5.217126225726205
0.792,12,ifrms,-2.1347070666930876,5.217126225726205
0.792,12,sspls-v,-0.0,5.217126225726205
0.792,13,mcgs,0.0,5.410814864724585
0.792,13,pos,-0.0,5.410814864724585
0.792,13,sbps,-0.12729020509490954,5.410814864724585
0.792,13,prculs-d,-0.2201741056920217,5.410814864724585
0.792,13,prcus-p,-0.41596203992371145,5.410814864724585
0.792,13,prcus-i,-0.696227227427458,5.410814864724585
0.792,13,prcus-a,0.0,5.410814864724585
0.792,13,ifrms,-1.5583373336326112,5.410814864724585
0.792,13,sspls-v,-0.0,5.410814864724585
0.792,14,mcgs,0.0,5.340313465649838
0.792,14,pos,-0.0,5.340313465649838
0.792,14,sbps,-0.0,5.340313465649838
0.792,14,prculs-d,-0.1265521356912722,5.340313465649838
0.792,14,prcus-p,-0.7366111567269938,5.340313465649838
0.792,14,prcus-i,-0.8244998123511342,5.340313465649838
0.792,14,prcus-a,0.0,5.340313465649838
0.792,14,ifrms,-1.7897601570395503,5.340313465649838
0.792,14,sspls-v,-0.0,5.340313465649838
0.792,15,mcgs,0.0,5.383605629233913
0.792,15,pos,-0.0,5.383605629233913
0.792,15,sbps,-0.0,5.383605629233913
0.792,15,prculs-d,-0.17702428512006974,5.383605629233913
0.792,15,prcus-p,-0.4764887564821868,5.383605629233913
0.792,15,prcus-i,-0.7813594946647666,5.383605629233913
0.792,15,prcus-a,0.0,5.383605629233913
0.792,15,ifrms,-1.650076556711272,5.383605629233913
0.792,15,sspls-v,-0.0,5.383605629233913
0.792,16,mcgs,0.0,5.44470294839454
0.792,16,pos,-0.0,5.44470294839454
0.792,16,sbps,-0.0,5.44470294839454
0.792,16,prculs-d,-0.22117166242450562,5.44470294839454
0.792,16,prcus-p,-0.6992821885513614,5.44470294839454
0.792,16,prcus-i,-0.9436493068756404,5.44470294839454
0.792,16,prcus-a,0.0,5.44470294839454
0.792,16,ifrms,-1.7924076985114665,5.44470294839454
0.792,16,sspls-v,-0.0,5.44470294839454
0.792,17,mcgs,0.0,5.0547316387305505
0.792,17,pos,-0.7024292865734423,5.0547316387305505
0.792,17,sbps,0.0,5.0547316387305505
0.792,17,prculs-d,-0.0,5.0547316387305505
0.792,17,prcus-p,-0.8279063341205647,5.0547316387305505
0.792,17,prcus-i,-0.14112678710640109,5.0547316387305505
0.792,17,prcus-a,0.0,5.0547316387305505
0.792,17,ifrms,-1.6326492272307587,5.0547316387305505
0.792,17,sspls-v,-0.0,5.0547316387305505
0.792,18,mcgs,0.0,5.40633486084897
0.792,18,pos,-0.0,5.40633486084897
0.792,18,sbps,-0.0,5.40633486084897
0.792,18,prculs-d,-0.21679333808088513,5.40633486084897
0.792,18,prcus-p,-0.643101848235017,5.40633486084897
0.792,18,prcus-i,-0.8375144738393634,5.40633486084897
0.792,18,prcus-a,-0.0,5.40633486084897
0.792,18,ifrms,-1.84361343703837,5.40633486084897
0.792,18,sspls-v,-0.0,5.40633486084897
0.792,19,mcgs,0.0,5.504634167008741
0.792,19,pos,-0.0,5.504634167008741
0.792,19,sbps,-0.0,5.504634167008741
0.792,19,prculs-d,-0.23605118495516023,5.504634167008741
0.792,19,prcus-p,-0.5987217850180137,5.504634167008741
0.792,19,prcus-i,-0.9496468237690352,5.504634167008741
0.792,19,prcus-a,0.0,5.504634167008741
0.792,19,ifrms,-1.7024954430247796,5.504634167008741
0.792,19,sspls-v,-0.0,5.504634167008741
0.792,20,mcgs,0.0,5.409921971301861
0.792,20,pos,-0.0,5.409921971301861
0.792,20,sbps,-0.0,5.409921971301861
0.792,20,prculs-d,-0.3106308990571826,5.409921971301861
0.792,20,prcus-p,-0.6052899793889789,5.409921971301861
0.792,20,prcus-i,-1.0196069920196429,5.409921971301861
0.792,20,prcus-a,0.0,5.409921971301861
0.792,20,ifrms,-1.8356468894800446,5.409921971301861
0.792,20,sspls-v,-0.0,5.409921971301861
0.792,21,mcgs,0.0,5.4183163473057325
0.792,21,pos,-0.0,5.4183163473057325
0.792,21,sbps,-0.0,5.4183163473057325
0.792,21,prculs-d,-0.3530070776354565,5.4183163473057325
0.792,21,prcus-p,-0.8826033275683477,5.4183163473057325
0.792,21,prcus-i,-0.8805526937259575,5.4183163473057325
0.792,21,prcus-a,0.0,5.4183163473057325
0.792,21,ifrms,-1.6526257887093179,5.4183163473057325
0.792,21,sspls-v,-0.0,5.4183163473057325
0.792,22,mcgs,0.0,5.370713000206985
0.792,22,pos,-0.0,5.370713000206985
0.792,22,sbps,-0.0,5.370713000206985
0.792,22,prculs-d,-0.32663019673550364,5.370713000206985
0.792,22,prcus-p,-0.3990769510041656,5.370713000206985
0.792,22,prcus-i,-0.8548510200833939,5.370713000206985
0.792,22,prcus-a,0.0,5.370713000206985
0.792,22,ifrms,-2.067579506949175,5.370713000206985
0.792,22,sspls-v,-0.0,5.370713000206985
0.792,23,mcgs,0.0,4.881657977822067
0.792,23,pos,0.0,4.881657977822067
0.792,23,sbps,-0.0,4.881657977822067
0.792,23,prculs-d,-0.0,4.881657977822067
0.792,23,prcus-p,-0.8469185408347968,4.881657977822067
0.792,23,prcus-i,-0.4944010545707271,4.881657977822067
0.792,23,prcus-a,-0.0,4.881657977822067
0.792,23,ifrms,-1.7096910545819706,4.881657977822067
0.792,23,sspls-v,0.0,4.881657977822067
0.792,24,mcgs,0.0,5.152972708018246
0.792,24,pos,0.0,5.152972708018246
0.792,24,sbps,-0.0,5.152972708018246
0.792,24,prculs-d,-0.10417459717034347,5.152972708018246
0.792,24,prcus-p,-0.8565758425970077,5.152972708018246
0.792,24,prcus-i,-1.013712844381207,5.152972708018246
0.792,24,prcus-a,0.0,5.152972708018246
0.792,24,ifrms,-1.8251242076683876,5.152972708018246
0.792,24,sspls-v,-0.0,5.152972708018246
0.792,25,mcgs,0.0,5.302771221114784
0.792,25,pos,-0.0,5.302771221114784
0.792,25,sbps,-0.0,5.302771221114784
0.792,25,prculs-d,-0.2651672273609584,5.302771221114784
0.792,25,prcus-p,-0.2296860855948807,5.302771221114784
0.792,25,prcus-i,-0.9418716020864278,5.302771221114784
0.792,25,prcus-a,-0.0,5.302771221114784
0.792,25,ifrms,-2.1132519206038136,5.302771221114784
0.792,25,sspls-v,-0.0,5.302771221114784
0.792,26,mcgs,0.0,5.450526088943638
0.792,26,pos,-0.0,5.450526088943638
0.792,26,sbps,-0.0,5.450526088943638
0.792,26,prculs-d,-0.36283880934204854,5.450526088943638
0.792,26,prcus-p,-0.5022741168327414,5.450526088943638
0.792,26,prcus-i,-0.9200678461005891,5.450526088943638
0.792,26,prcus-a,0.0,5.450526088943638
0.792,26,ifrms,-1.929501792380663,5.450526088943638
0.792,26,sspls-v,-0.0,5.450526088943638
0.792,27,mcgs,0.0,5.246500923771856
0.792,27,pos,-0.0,5.246500923771856
0.792,27,sbps,-0.0,5.246500923771856
0.792,27,prculs-d,-0.4005192022231689,5.246500923771856
0.792,27,prcus-p,-0.7043547016059439,5.246500923771856
0.792,27,prcus-i,-1.2188141730903932,5.246500923771856
0.792,27,prcus-a,0.0,5.246500923771856
0.792,27,ifrms,-1.7208528595964239,5.246500923771856
0.792,27,sspls-v,-0.0,5.246500923771856
0.846,0,mcgs,0.0,5.384389572248629
0.846,0,pos,-0.0,5.384389572248629
0.846,0,sbps,-0.0,5.384389572248629
0.846,0,prculs-d,-0.053901425942801576,5.384389572248629
0.846,0,prcus-p,-0.5234316331787282,5.384389572248629
0.846,0,prcus-i,-0.6773467286207371,5.384389572248629
0.846,0,prcus-a,0.0,5.384389572248629
0.846,0,ifrms,-1.7514489660872241,5.384389572248629
0.846,0,sspls-v,-0.0,5.384389572248629
0.846,1,mcgs,0.0,5.433459215996436
0.846,1,pos,-0.0,5.433459215996436
0.846,1,sbps,-0.27765915891217513,5.433459215996436
0.846,1,prculs-d,-0.6183227757432307,5.433459215996436
0.846,1,prcus-p,-0.7552665995574447,5.433459215996436
0.846,1,prcus-i,-0.7006779801019595,5.433459215996436
0.846,1,prcus-a,0.0,5.433459215996436
0.846,1,ifrms,-1.5703178019933126,5.433459215996436
0.846,1,sspls-v,-0.0,5.433459215996436
0.846,2,mcgs,0.0,5.299085809164204
0.846,2,pos,-0.0,5.299085809164204
0.846,2,sbps,-0.0,5.299085809164204
0.846,2,prculs-d,-0.06092114934108407,5.299085809164204
0.846,2,prcus-p,-0.31318842603552005,5.299085809164204
0.846,2,prcus-i,-0.77347812246043,5.299085809164204
0.846,2,prcus-a,0.0,5.299085809164204
0.846,2,ifrms,-1.798472422249705,5.299085809164204
0.846,2,sspls-v,-0.0,5.299085809164204
0.846,3,mcgs,0.0,5.257003895193424
0.846,3,pos,-0.0,5.257003895193424
0.846,3,sbps,-0.0,5.257003895193424
0.846,3,prculs-d,-0.0649361487539157,5.257003895193424
0.846,3,prcus-p,-0.4456352367346014,5.257003895193424
0.846,3,prcus-i,-0.6916611655220574,5.257003895193424
0.846,3,prcus-a,0.0,5.257003895193424
0.846,3,ifrms,-1.364085396456727,5.257003895193424
0.846,3,sspls-v,-0.0,5.257003895193424
0.846,4,mcgs,0.0,5.4236829883317155
0.846,4,pos,-0.0,5.4236829883317155
0.846,4,sbps,-0.0,5.4236829883317155
0.846,4,prculs-d,-0.20036021355995862,5.4236829883317155
0.846,4,prcus-p,-0.5579132416252863,5.4236829883317155
0.846,4,prcus-i,-0.8915249952619557,5.4236829883317155
0.846,4,prcus-a,0.0,5.4236829883317155
0.846,4,ifrms,-1.707203949559899,5.4236829883317155
0.846,4,sspls-v,-0.0,5.4236829883317155
0.846,5,mcgs,0.047931090156862116,5.244020129325752
0.846,5,pos,-0.0,5.244020129325752
0.846,5,sbps,-0.0,5.244020129325752
0.846,5,prculs-d,-0.5466455853220242,5.244020129325752
0.846,5,prcus-p,-0.7464166228025965,5.244020129325752
0.846,5,prcus-i,-0.8186317266836304,5.244020129325752
0.846,5,prcus-a,-0.0,5.244020129325752
0.846,5,ifrms,-1.3647963906042195,5.244020129325752
0.846,5,sspls-v,-0.0,5.244020129325752
0.846,6,mcgs,0.0,5.308939014772265
0.846,6,pos,-0.0,5.308939014772265
0.846,6,sbps,-0.0,5.308939014772265
0.846,6,prculs-d,-0.14855600463850774,5.308939014772265
0.846,6,prcus-p,-0.38557927916868684,5.308939014772265
0.846,6,prcus-i,-0.8977486791050979,5.308939014772265
0.846,6,prcus-a,0.0,5.308939014772265
0.846,6,ifrms,-1.909551692991979,5.308939014772265
0.846,6,sspls-v,-0.0,5.308939014772265
0.846,7,mcgs,0.0,5.44043480522717
0.846,7,pos,-0.0,5.44043480522717
0.846,7,sbps,-0.0,5.44043480522717
0.846,7,prculs-d,-0.1160615210752005,5.44043480522717
0.846,7,prcus-p,-0.6014911198252726,5.44043480522717
0.846,7,prcus-i,-0.8073961035224255,5.44043480522717
0.846,7,prcus-a,0.0,5.44043480522717
0.846,7,ifrms,-1.7545723600404715,5.44043480522717
0.846,7,sspls-v,-0.0,5.44043480522717
0.846,8,mcgs,0.0,5.087200400774901
0.846,8,pos,-0.0,5.087200400774901
0.846,8,sbps,-0.0,5.087200400774901
0.846,8,prculs-d,0.0,5.087200400774901
0.846,8,prcus-p,-0.5126432033290497,5.087200400774901
0.846,8,prcus-i,-0.9524503705374584,5.087200400774901
0.846,8,prcus-a,0.0,5.087200400774901
0.846,8,ifrms,-1.4603674282809334,5.087200400774901
0.846,8,sspls-v,-0.0,5.087200400774901
0.846,9,mcgs,0.0,4.746019421091061
0.846,9,pos,0.0,4.746019421091061
0.846,9,sbps,-0.0,4.746019421091061
0.846,9,prculs-d,-0.0,4.746019421091061
0.846,9,prcus-p,-0.8008302004544496,4.746019421091061
0.846,9,prcus-i,-0.8215149868659181,4.746019421091061
0.846,9,prcus-a,0.0,4.746019421091061
0.846,9,ifrms,-1.6398083417892757,4.746019421091061
0.846,9,sspls-v,-0.0,4.746019421091061
0.846,10,mcgs,0.0,4.957919604660338
0.846,10,pos,-0.0,4.957919604660338
0.846,10,sbps,-0.0,4.957919604660338
0.846,10,prculs-d,-0.0,4.957919604660338
0.846,10,prcus-p,-0.5035831282176083,4.957919604660338
0.846,10,prcus-i,-1.1972932853527438,4.957919604660338
0.846,10,prcus-a,0.0,4.957919604660338
0.846,10,ifrms,-2.05285686830514,4.957919604660338
0.846,10,sspls-v,-0.0,4.957919604660338
0.846,11,mcgs,0.0,5.166214960121688
0.846,11,pos,-0.0,5.166214960121688
0.846,11,sbps,-0.0,5.166214960121688
0.846,11,prculs-d,-0.20251423775728317,5.166214960121688
0.846,11,prcus-p,-0.2586596242309962,5.166214960121688
0.846,11,prcus-i,-0.3951945387600553,5.166214960121688
0.846,11,prcus-a,0.0,5.166214960121688
0.846,11,ifrms,-1.658421298554287,5.166214960121688
0.846,11,sspls-v,-0.0,5.166214960121688
0.846,12,mcgs,0.0,5.2165387682272915
0.846,12,pos,-0.0,5.2165387682272915
0.846,12,sbps,-0.0,5.2165387682272915
0.846,12,prculs-d,-0.18748941000385966,5.2165387682272915
0.846,12,prcus-p,-0.40773520227309573,5.2165387682272915
0.846,12,prcus-i,-1.102728653112453,5.2165387682272915
0.846,12,prcus-a,0.0,5.2165387682272915
0.846,12,ifrms,-2.056847345133243,5.2165387682272915
0.846,12,sspls-v,-0.0,5.2165387682272915
0.846,13,mcgs,0.0,5.384889944133601
0.846,13,pos,-0.0,5.384889944133601
0.846,13,sbps,-0.08658848087729161,5.384889944133601
0.846,13,prculs-d,-0.12404998550623823,5.384889944133601
0.846,13,prcus-p,-0.40341445239928014,5.384889944133601
0.846,13,prcus-i,-0.5961524264650634,5.384889944133601
0.846,13,prcus-a,0.0,5.384889944133601
0.846,13,ifrms,-1.5054085546540648,5.384889944133601
0.846,13,sspls-v,-0.0,5.384889944133601
0.846,14,mcgs,0.0,5.307928336775301
0.846,14,pos,-0.0,5.307928336775301
0.846,14,sbps,-0.0,5.307928336775301
0.846,14,prculs-d,-0.0345599339194196,5.307928336775301
0.846,14,prcus-p,-0.7134633970109291,5.307928336775301
0.846,14,prcus-i,-0.724120944122184,5.307928336775301
0.846,14,prcus-a,0.0,5.307928336775301
0.846,14,ifrms,-1.7397918178444853,5.307928336775301
0.846,14,sspls-v,-0.0,5.307928336775301
0.846,15,mcgs,0.0,5.358677564407504
0.846,15,pos,-0.0,5.358677564407504
0.846,15,sbps,-0.0,5.358677564407504
0.846,15,prculs-d,-0.0848179217547956,5.358677564407504
0.846,15,prcus-p,-0.4394882094096878,5.358677564407504
0.846,15,prcus-i,-0.6764069701815391,5.358677564407504
0.846,15,prcus-a,0.0,5.358677564407504
0.846,15,ifrms,-1.5937709931688202,5.358677564407504
0.846,15,sspls-v,-0.0,5.358677564407504
0.846,16,mcgs,0.0,5.422905190246547
0.846,16,pos,-0.0,5.422905190246547
0.846,16,sbps,-0.0,5.422905190246547
0.846,16,prculs-d,-0.1292074446157497,5.422905190246547
0.846,16,prcus-p,-0.6619791276806578,5.422905190246547
0.846,16,prcus-i,-0.8408365804886744,5.422905190246547
0.846,16,prcus-a,0.0,5.422905190246547
0.846,16,ifrms,-1.7409666120749963,5.422905190246547
0.846,16,sspls-v,-0.0,5.422905190246547
0.846,17,mcgs,0.0,5.041100332892994
0.846,17,pos,-0.6653809294407227,5.041100332892994
0.846,17,sbps,0.0,5.041100332892994
0.846,17,prculs-d,-0.0,5.041100332892994
0.846,17,prcus-p,-0.7912238807407322,5.041100332892994
0.846,17,prcus-i,-0.08685205816439882,5.041100332892994
0.846,17,prcus-a,0.0,5.041100332892994
0.846,17,ifrms,-1.5947701113493649,5.041100332892994
0.846,17,sspls-v,-0.0,5.041100332892994
0.846,18,mcgs,0.0,5.378415271018371
0.846,18,pos,-0.0,5.378415271018371
0.846,18,sbps,-0.0,5.378415271018371
0.846,18,prculs-d,-0.12733200161459063,5.378415271018371
0.846,18,prcus-p,-0.6108876360591755,5.378415271018371
0.846,18,prcus-i,-0.7428544229896087,5.378415271018371
0.846,18,prcus-a,0.0,5.378415271018371
0.846,18,ifrms,-1.7941120476416967,5.378415271018371
0.846,18,sspls-v,-0.0,5.378415271018371
0.846,19,mcgs,0.0,5.477065486189158
0.846,19,pos,-0.0,5.477065486189158
0.846,19,sbps,-0.0,5.477065486189158
0.846,19,prculs-d,-0.1471897245607911,5.477065486189158
0.846,19,prcus-p,-0.5614789365704524,5.477065486189158
0.846,19,prcus-i,-0.8582142210142689,5.477065486189158
0.846,19,prcus-a,0.0,5.477065486189158
0.846,19,ifrms,-1.6635737352781108,5.477065486189158
0.846,19,sspls-v,-0.0,5.477065486189158
0.846,20,mcgs,0.0,5.387299808422638
0.846,20,pos,-0.0,5.387299808422638
0.846,20,sbps,-0.0,5.387299808422638
0.846,20,prculs-d,-0.2168431102130265,5.387299808422638
0.846,20,prcus-p,-0.5730601734726396,5.387299808422638
0.846,20,prcus-i,-0.9166137639324435,5.387299808422638
0.846,20,prcus-a,0.0,5.387299808422638
0.846,20,ifrms,-1.7826929756509573,5.387299808422638
0.846,20,sspls-v,-0.0,5.387299808422638
0.846,21,mcgs,0.0,5.40378681773728
0.846,21,pos,-0.0,5.40378681773728
0.846,21,sbps,-0.0,5.40378681773728
0.846,21,prculs-d,-0.26214449387428745,5.40378681773728
0.846,21,prcus-p,-0.8451352990647284,5.40378681773728
0.846,21,prcus-i,-0.7847539196480314,5.40378681773728
0.846,21,prcus-a,0.0,5.40378681773728
0.846,21,ifrms,-1.6046023942291872,5.40378681773728
0.846,21,sspls-v,-0.0,5.40378681773728
0.846,22,mcgs,0.0,5.354003665684291
0.846,22,pos,-0.0,5.354003665684291
0.846,22,sbps,-0.0,5.354003665684291
0.846,22,prculs-d,-0.23769284954202727,5.354003665684291
0.846,22,prcus-p,-0.3677763225822552,5.354003665684291
0.846,22,prcus-i,-0.7599122506442106,5.354003665684291
0.846,22,prcus-a,0.0,5.354003665684291
0.846,22,ifrms,-2.0165259709794654,5.354003665684291
0.846,22,sspls-v,-0.0,5.354003665684291
0.846,23,mcgs,0.0,4.866541063839741
0.846,23,pos,0.0,4.866541063839741
0.846,23,sbps,-0.0,4.866541063839741
0.846,23,prculs-d,-0.0,4.866541063839741
0.846,23,prcus-p,-0.8136256600195345,4.866541063839741
0.846,23,prcus-i,-0.4310448884242261,4.866541063839741
0.846,23,prcus-a,0.0,4.866541063839741
0.846,23,ifrms,-1.6606660045460808,4.866541063839741
0.846,23,sspls-v,0.0,4.866541063839741
0.846,24,mcgs,0.0,5.126691389249719
0.846,24,pos,0.0,5.126691389249719
0.846,24,sbps,-0.0,5.126691389249719
0.846,24,prculs-d,-0.014616185021415457,5.126691389249719
0.846,24,prcus-p,-0.8232986539008981,5.126691389249719
0.846,24,prcus-i,-0.9136171715140927,5.126691389249719
0.846,24,prcus-a,0.0,5.126691389249719
0.846,24,ifrms,-1.7723048687547693,5.126691389249719
0.846,24,sspls-v,-0.0,5.126691389249719
0.846,25,mcgs,0.0,5.274192423067772
0.846,25,pos,-0.0,5.274192423067772
0.846,25,sbps,-0.0,5.274192423067772
0.846,25,prculs-d,-0.17431071626551425,5.274192423067772
0.846,25,prcus-p,-0.19785296330377117,5.274192423067772
0.846,25,prcus-i,-0.841637125621838,5.274192423067772
0.846,25,prcus-a,-0.0,5.274192423067772
0.846,25,ifrms,-2.0604170775240833,5.274192423067772
0.846,25,sspls-v,-0.0,5.274192423067772
0.846,26,mcgs,0.0,5.432459896595622
0.846,26,pos,-0.0,5.432459896595622
0.846,26,sbps,-0.0,5.432459896595622
0.846,26,prculs-d,-0.2748371678502687,5.432459896595622
0.846,26,prcus-p,-0.47473901125215645,5.432459896595622
0.846,26,prcus-i,-0.8236743093688553,5.432459896595622
0.846,26,prcus-a,0.0,5.432459896595622
0.846,26,ifrms,-1.873583332646471,5.432459896595622
0.846,26,sspls-v,-0.0,5.432459896595622
0.846,27,mcgs,0.0,5.233684749172694
0.846,27,pos,-0.0,5.233684749172694
0.846,27,sbps,-0.0,5.233684749172694
0.846,27,prculs-d,-0.3063112526524938,5.233684749172694
0.846,27,prcus-p,-0.6691567952432901,5.233684749172694
0.846,27,prcus-i,-1.1161816881668156,5.233684749172694
0.846,27,prcus-a,0.0,5.233684749172694
0.846,27,ifrms,-1.6715619696743516,5.233684749172694
0.846,27,sspls-v,-0.0,5.233684749172694
0.905,0,mcgs,0.0,5.344065580724113
0.905,0,pos,-0.0,5.344065580724113
0.905,0,sbps,-0.0,5.344065580724113
0.905,0,prculs-d,-0.0,5.344065580724113
0.905,0,prcus-p,-0.48131342157781826,5.344065580724113
0.905,0,prcus-i,-0.5806207151391146,5.344065580724113
0.905,0,prcus-a,0.0,5.344065580724113
0.905,0,ifrms,-1.694793419749054,5.344065580724113
0.905,0,sspls-v,-0.0,5.344065580724113
0.905,1,mcgs,0.0,5.4230870357456915
0.905,1,pos,-0.0,5.4230870357456915
0.905,1,sbps,-0.21712723197975595,5.4230870357456915
0.905,1,prculs-d,-0.5076991602546775,5.4230870357456915
0.905,1,prcus-p,-0.7438169242279407,5.4230870357456915
0.905,1,prcus-i,-0.600410264569375,5.4230870357456915
0.905,1,prcus-a,0.0,5.4230870357456915
0.905,1,ifrms,-1.5183654045829904,5.4230870357456915
0.905,1,sspls-v,-0.0,5.4230870357456915
0.905,2,mcgs,0.0,5.274159989550454
0.905,2,pos,-0.0,5.274159989550454
0.905,2,sbps,-0.0,5.274159989550454
0.905,2,prculs-d,-0.0,5.274159989550454
0.905,2,prcus-p,-0.2747293433063024,5.274159989550454
0.905,2,prcus-i,-0.678878376858286,5.274159989550454
0.905,2,prcus-a,0.0,5.274159989550454
0.905,2,ifrms,-1.7427455306850586,5.274159989550454
0.905,2,sspls-v,-0.0,5.274159989550454
0.905,3,mcgs,0.0,5.21347945619808
0.905,3,pos,-0.0,5.21347945619808
0.905,3,sbps,-0.0,5.21347945619808
0.905,3,prculs-d,-0.0,5.21347945619808
0.905,3,prcus-p,-0.4045238631680363,5.21347945619808
0.905,3,prcus-i,-0.5910382962260704,5.21347945619808
0.905,3,prcus-a,0.0,5.21347945619808
0.905,3,ifrms,-1.3015918812109344,5.21347945619808
0.905,3,sspls-v,-0.0,5.21347945619808
0.905,4,mcgs,0.0,5.407245335133574
0.905,4,pos,-0.0,5.407245335133574
0.905,4,sbps,-0.0,5.407245335133574
0.905,4,prculs-d,-0.09745582635287935,5.407245335133574
0.905,4,prcus-p,-0.5253758564572405,5.407245335133574
0.905,4,prcus-i,-0.7809499946045952,5.407245335133574
0.905,4,prcus-a,0.0,5.407245335133574
0.905,4,ifrms,-1.6575885992850847,5.407245335133574
0.905,4,sspls-v,-0.0,5.407245335133574
0.905,5,mcgs,0.05585386491056054,5.231143172885139
0.905,5,pos,-0.0,5.231143172885139
0.905,5,sbps,-0.0,5.231143172885139
0.905,5,prculs-d,-0.45016142467429066,5.231143172885139
0.905,5,prcus-p,-0.7052996960544853,5.231143172885139
0.905,5,prcus-i,-0.7077607003816753,5.231143172885139
0.905,5,prcus-a,-0.0,5.231143172885139
0.905,5,ifrms,-1.3082109903116446,5.231143172885139
0.905,5,sspls-v,-0.0,5.231143172885139
0.905,6,mcgs,0.0,5.291420620137823
0.905,6,pos,-0.0,5.291420620137823
0.905,6,sbps,-0.0,5.291420620137823
0.905,6,prculs-d,-0.04907449378914603,5.291420620137823
0.905,6,prcus-p,-0.35377342179317883,5.291420620137823
0.905,6,prcus-i,-0.7882804537135628,5.291420620137823
0.905,6,prcus-a,0.0,5.291420620137823
0.905,6,ifrms,-1.8501613089245763,5.291420620137823
0.905,6,sspls-v,-0.0,5.291420620137823
0.905,7,mcgs,0.0,5.413959582393199
0.905,7,pos,-0.0,5.413959582393199
0.905,7,sbps,-0.0,5.413959582393199
0.905,7,prculs-d,-0.015366975670794147,5.413959582393199
0.905,7,prcus-p,-0.563012135480972,5.413959582393199
0.905,7,prcus-i,-0.696416097241443,5.413959582393199
0.905,7,prcus-a,0.0,5.413959582393199
0.905,7,ifrms,-1.696659588424705,5.413959582393199
0.905,7,sspls-v,-0.0,5.413959582393199
0.905,8,mcgs,0.0,5.08767010396205
0.905,8,pos,-0.0,5.08767010396205
0.905,8,sbps,-0.0,5.08767010396205
0.905,8,prculs-d,0.0,5.08767010396205
0.905,8,prcus-p,-0.474657856118334,5.08767010396205
0.905,8,prcus-i,-0.8841092876352241,5.08767010396205
0.905,8,prcus-a,0.0,5.08767010396205
0.905,8,ifrms,-1.4084541421397754,5.08767010396205
0.905,8,sspls-v,-0.0,5.08767010396205
0.905,9,mcgs,0.0,4.757000566625097
0.905,9,pos,0.0,4.757000566625097
0.905,9,sbps,-0.0,4.757000566625097
0.905,9,prculs-d,-0.0,4.757000566625097
0.905,9,prcus-p,-0.7628044527172657,4.757000566625097
0.905,9,prcus-i,-0.7514102602011276,4.757000566625097
0.905,9,prcus-a,0.0,4.757000566625097
0.905,9,ifrms,-1.586845051045344,4.757000566625097
0.905,9,sspls-v,-0.0,4.757000566625097
0.905,10,mcgs,0.0,4.961607143575946
0.905,10,pos,-0.0,4.961607143575946
0.905,10,sbps,-0.0,4.961607143575946
0.905,10,prculs-d,-0.0,4.961607143575946
0.905,10,prcus-p,-0.4668879673435074,4.961607143575946
0.905,10,prcus-i,-1.1244252156649903,4.961607143575946
0.905,10,prcus-a,0.0,4.961607143575946
0.905,10,ifrms,-1.9960724443392135,4.961607143575946
0.905,10,sspls-v,-0.0,4.961607143575946
0.905,11,mcgs,0.0,5.1438019309081335
0.905,11,pos,-0.0,5.1438019309081335
0.905,11,sbps,-0.0,5.1438019309081335
0.905,11,prculs-d,-0.10732766307002663,5.1438019309081335
0.905,11,prcus-p,-0.2177561697221577,5.1438019309081335
0.905,11,prcus-i,-0.2832842327841704,5.1438019309081335
0.905,11,prcus-a,0.0,5.1438019309081335
0.905,11,ifrms,-1.599046985762339,5.1438019309081335
0.905,11,sspls-v,-0.0,5.1438019309081335
0.905,12,mcgs,0.0,5.222378411761095
0.905,12,pos,-0.0,5.222378411761095
0.905,12,sbps,-0.0,5.222378411761095
0.905,12,prculs-d,-0.08630501852285087,5.222378411761095
0.905,12,prcus-p,-0.38501723055686676,5.222378411761095
0.905,12,prcus-i,-0.9738623528263133,5.222378411761095
0.905,12,prcus-a,0.0,5.222378411761095
0.905,12,ifrms,-1.9717789202111236,5.222378411761095
0.905,12,sspls-v,-0.0,5.222378411761095
0.905,13,mcgs,0.0,5.35417053617975
0.905,13,pos,-0.0,5.35417053617975
0.905,13,sbps,-0.04208113942065225,5.35417053617975
0.905,13,prculs-d,-0.01902161134521057,5.35417053617975
0.905,13,prcus-p,-0.38972251129317875,5.35417053617975
0.905,13,prcus-i,-0.4868146290398808,5.35417053617975
0.905,13,prcus-a,0.0,5.35417053617975
0.905,13,ifrms,-1.4475815771853087,5.35417053617975
0.905,13,sspls-v,-0.0,5.35417053617975
0.905,14,mcgs,0.0,5.265465870492539
0.905,14,pos,-0.0,5.265465870492539
0.905,14,sbps,-0.0,5.265465870492539
0.905,14,prculs-d,-0.0,5.265465870492539
0.905,14,prcus-p,-0.6811230937174858,5.265465870492539
0.905,14,prcus-i,-0.6436863294530809,5.265465870492539
0.905,14,prcus-a,0.0,5.265465870492539
0.905,14,ifrms,-1.6866822695451984,5.265465870492539
0.905,14,sspls-v,-0.0,5.265465870492539
0.905,15,mcgs,0.0,5.322516323407098
0.905,15,pos,-0.0,5.322516323407098
0.905,15,sbps,-0.0,5.322516323407098
0.905,15,prculs-d,-0.0,5.322516323407098
0.905,15,prcus-p,-0.3989409011497645,5.322516323407098
0.905,15,prcus-i,-0.5681139122534218,5.322516323407098
0.905,15,prcus-a,0.0,5.322516323407098
0.905,15,ifrms,-1.5330367926731856,5.322516323407098
0.905,15,sspls-v,-0.0,5.322516323407098
0.905,16,mcgs,0.0,5.3979172437116825
0.905,16,pos,-0.0,5.3979172437116825
0.905,16,sbps,-0.0,5.3979172437116825
0.905,16,prculs-d,-0.028689345253710957,5.3979172437116825
0.905,16,prcus-p,-0.6212361305607947,5.3979172437116825
0.905,16,prcus-i,-0.7284819386133703,5.3979172437116825
0.905,16,prcus-a,0.0,5.3979172437116825
0.905,16,ifrms,-1.6847530805855722,5.3979172437116825
0.905,16,sspls-v,-0.0,5.3979172437116825
0.905,17,mcgs,0.0,5.017012187184964
0.905,17,pos,-0.6249007946518906,5.017012187184964
0.905,17,sbps,0.0,5.017012187184964
0.905,17,prculs-d,-0.0,5.017012187184964
0.905,17,prcus-p,-0.751142525859975,5.017012187184964
0.905,17,prcus-i,-0.027552850204058742,5.017012187184964
0.905,17,prcus-a,0.0,5.017012187184964
0.905,17,ifrms,-1.55338517349838,5.017012187184964
0.905,17,sspls-v,-0.0,5.017012187184964
0.905,18,mcgs,0.0,5.346247931935642
0.905,18,pos,-0.0,5.346247931935642
0.905,18,sbps,-0.0,5.346247931935642
0.905,18,prculs-d,-0.029588426974974748,5.346247931935642
0.905,18,prcus-p,-0.5756898623207188,5.346247931935642
0.905,18,prcus-i,-0.6394302231669725,5.346247931935642
0.905,18,prcus-a,0.0,5.346247931935642
0.905,18,ifrms,-1.7400276034330109,5.346247931935642
0.905,18,sspls-v,-0.0,5.346247931935642
0.905,19,mcgs,0.0,5.449926064575477
0.905,19,pos,-0.0,5.449926064575477
0.905,19,sbps,-0.0,5.449926064575477
0.905,19,prculs-d,-0.05010040371435611,5.449926064575477
0.905,19,prcus-p,-0.5207878148844648,5.449926064575477
0.905,19,prcus-i,-0.7583156541302795,5.449926064575477
0.905,19,prcus-a,0.0,5.449926064575477
0.905,19,ifrms,-1.6210480964160185,5.449926064575477
0.905,19,sspls-v,-0.0,5.449926064575477
0.905,20,mcgs,0.0,5.361479123121638
0.905,20,pos,-0.0,5.361479123121638
0.905,20,sbps,-0.0,5.361479123121638
0.905,20,prculs-d,-0.11437185740968164,5.361479123121638
0.905,20,prcus-p,-0.5378460472344831,5.361479123121638
0.905,20,prcus-i,-0.804084413682644,5.361479123121638
0.905,20,prcus-a,0.0,5.361479123121638
0.905,20,ifrms,-1.724835986445863,5.361479123121638
0.905,20,sspls-v,-0.0,5.361479123121638
0.905,21,mcgs,0.0,5.3810779178823065
0.905,21,pos,-0.0,5.3810779178823065
0.905,21,sbps,-0.0,5.3810779178823065
0.905,21,prculs-d,-0.16286871932336794,5.3810779178823065
0.905,21,prcus-p,-0.8041978769491969,5.3810779178823065
0.905,21,prcus-i,-0.6800849383334988,5.3810779178823065
0.905,21,prcus-a,0.0,5.3810779178823065
0.905,21,ifrms,-1.5521324650094122,5.3810779178823065
0.905,21,sspls-v,-0.0,5.3810779178823065
0.905,22,mcgs,0.0,5.33075869418599
0.905,22,pos,-0.0,5.33075869418599
0.905,22,sbps,-0.0,5.33075869418599
0.905,22,prculs-d,-0.1405217187125825,5.33075869418599
0.905,22,prcus-p,-0.33357608798386795,5.33075869418599
0.905,22,prcus-i,-0.6561835217883847,5.33075869418599
0.905,22,prcus-a,0.0,5.33075869418599
0.905,22,ifrms,-1.9607460903713996,5.33075869418599
0.905,22,sspls-v,-0.0,5.33075869418599
0.905,23,mcgs,0.0,4.8499584218029215
0.905,23,pos,0.0,4.8499584218029215
0.905,23,sbps,-0.0,4.8499584218029215
0.905,23,prculs-d,-0.0,4.8499584218029215
0.905,23,prcus-p,-0.7772501050547089,4.8499584218029215
0.905,23,prcus-i,-0.36182241059749315,4.8499584218029215
0.905,23,prcus-a,0.0,4.8499584218029215
0.905,23,ifrms,-1.6071015980253858,4.8499584218029215
0.905,23,sspls-v,0.0,4.8499584218029215
0.905,24,mcgs,0.0,5.093357846117756
0.905,24,pos,0.0,5.093357846117756
0.905,24,sbps,-0.0,5.093357846117756
0.905,24,prculs-d,-0.0,5.093357846117756
0.905,24,prcus-p,-0.7847341227760047,5.093357846117756
0.905,24,prcus-i,-0.8368526174306802,5.093357846117756
0.905,24,prcus-a,0.0,5.093357846117756
0.905,24,ifrms,-1.718259725025681,5.093357846117756
0.905,24,sspls-v,-0.0,5.093357846117756
0.905,25,mcgs,0.0,5.23841858085525
0.905,25,pos,-0.0,5.23841858085525
0.905,25,sbps,-0.0,5.23841858085525
0.905,25,prculs-d,-0.07504175019224844,5.23841858085525
0.905,25,prcus-p,-0.16307227610459296,5.23841858085525
0.905,25,prcus-i,-0.7321217747848145,5.23841858085525
0.905,25,prcus-a,-0.0,5.23841858085525
0.905,25,ifrms,-2.002690156132193,5.23841858085525
0.905,25,sspls-v,-0.0,5.23841858085525
0.905,26,mcgs,0.0,5.409214747506218
0.905,26,pos,-0.0,5.409214747506218
0.905,26,sbps,-0.0,5.409214747506218
0.905,26,prculs-d,-0.17868824473186712,5.409214747506218
0.905,26,prcus-p,-0.4446534679365578,5.409214747506218
0.905,26,prcus-i,-0.7183560332255917,5.409214747506218
0.905,26,prcus-a,0.0,5.409214747506218
0.905,26,ifrms,-1.8124877912665587,5.409214747506218
0.905,26,sspls-v,-0.0,5.409214747506218
0.905,27,mcgs,0.0,5.22071354586236
0.905,27,pos,-0.0,5.22071354586236
0.905,27,sbps,-0.0,5.22071354586236
0.905,27,prculs-d,-0.2033803438363722,5.22071354586236
0.905,27,prcus-p,-0.6306998674107522,5.22071354586236
0.905,27,prcus-i,-1.0040461836083159,5.22071354586236
0.905,27,prcus-a,0.0,5.22071354586236
0.905,27,ifrms,-1.6177070859759461,5.22071354586236
0.905,27,sspls-v,-0.0,5.22071354586236
0.967,0,mcgs,0.0,5.303079809758417
0.967,0,pos,-0.0,5.303079809758417
0.967,0,sbps,-0.0,5.303079809758417
0.967,0,prculs-d,-0.0,5.303079809758417
0.967,0,prcus-p,-0.4376970302723235,5.303079809758417
0.967,0,prcus-i,-0.5031860383304889,5.303079809758417
0.967,0,prcus-a,0.0,5.303079809758417
0.967,0,ifrms,-1.6380634915407613,5.303079809758417
0.967,0,sspls-v,-0.0,5.303079809758417
0.967,1,mcgs,0.0,5.406991173992772
0.967,1,pos,-0.0,5.406991173992772
0.967,1,sbps,-0.15351741045755438,5.406991173992772
0.967,1,prculs-d,-0.3914506151650121,5.406991173992772
0.967,1,prcus-p,-0.7317850620172739,5.406991173992772
0.967,1,prcus-i,-0.4950441906198805,5.406991173992772
0.967,1,prcus-a,0.0,5.406991173992772
0.967,1,ifrms,-1.4637713598467204,5.406991173992772
0.967,1,sspls-v,-0.0,5.406991173992772
0.967,2,mcgs,0.0,5.2403116546
0.967,2,pos,-0.0,5.2403116546
0.967,2,sbps,-0.0,5.2403116546
0.967,2,prculs-d,-0.0,5.2403116546
0.967,2,prcus-p,-0.23436829550163282,5.2403116546
0.967,2,prcus-i,-0.6049832672437851,5.2403116546
0.967,2,prcus-a,0.0,5.2403116546
0.967,2,ifrms,-1.6868093777498923,5.2403116546
0.967,2,sspls-v,-0.0,5.2403116546
0.967,3,mcgs,0.0,5.1621211558054085
0.967,3,pos,-0.0,5.1621211558054085
0.967,3,sbps,-0.0,5.1621211558054085
0.967,3,prculs-d,-0.0,5.1621211558054085
0.967,3,prcus-p,-0.36075752949053463,5.1621211558054085
0.967,3,prcus-i,-0.5129238626600459,5.1621211558054085
0.967,3,prcus-a,0.0,5.1621211558054085
0.967,3,ifrms,-1.2401805432678132,5.1621211558054085
0.967,3,sspls-v,-0.0,5.1621211558054085
0.967,4,mcgs,0.0,5.381035881297197
0.967,4,pos,-0.0,5.381035881297197
0.967,4,sbps,-0.0,5.381035881297197
0.967,4,prculs-d,-0.0,5.381035881297197
0.967,4,prcus-p,-0.4906925663456879,5.381035881297197
0.967,4,prcus-i,-0.6694987819214785,5.381035881297197
0.967,4,prcus-a,0.0,5.381035881297197
0.967,4,ifrms,-1.60541077724276,5.381035881297197
0.967,4,sspls-v,-0.0,5.381035881297197
0.967,5,mcgs,0.06417949261783776,5.211390570393126
0.967,5,pos,-0.0,5.211390570393126
0.967,5,sbps,-0.0,5.211390570393126
0.967,5,prculs-d,-0.3487712897563319,5.211390570393126
0.967,5,prcus-p,-0.6620920781157914,5.211390570393126
0.967,5,prcus-i,-0.5912521642677563,5.211390570393126
0.967,5,prcus-a,0.0,5.211390570393126
0.967,5,ifrms,-1.2487483662753789,5.211390570393126
0.967,5,sspls-v,-0.0,5.211390570393126
0.967,6,mcgs,0.0,5.265929242659099
0.967,6,pos,-0.0,5.265929242659099
0.967,6,sbps,-0.0,5.265929242659099
0.967,6,prculs-d,-0.0,5.265929242659099
0.967,6,prcus-p,-0.31866451055259976,5.265929242659099
0.967,6,prcus-i,-0.6954544686982798,5.265929242659099
0.967,6,prcus-a,0.0,5.265929242659099
0.967,6,ifrms,-1.7907133983178205,5.265929242659099
0.967,6,sspls-v,-0.0,5.265929242659099
0.967,7,mcgs,0.0,5.373044700621433
0.967,7,pos,-0.0,5.373044700621433
0.967,7,sbps,-0.0,5.373044700621433
0.967,7,prculs-d,-0.0,5.373044700621433
0.967,7,prcus-p,-0.5222387695000955,5.373044700621433
0.967,7,prcus-i,-0.6159807958804205,5.373044700621433
0.967,7,prcus-a,0.0,5.373044700621433
0.967,7,ifrms,-1.6398108435746444,5.373044700621433
0.967,7,sspls-v,-0.0,5.373044700621433
0.967,8,mcgs,0.0,5.091179978537436
0.967,8,pos,-0.0,5.091179978537436
0.967,8,sbps,-0.0,5.091179978537436
0.967,8,prculs-d,0.0,5.091179978537436
0.967,8,prcus-p,-0.43474105057486967,5.091179978537436
0.967,8,prcus-i,-0.8122932344159272,5.091179978537436
0.967,8,prcus-a,0.0,5.091179978537436
0.967,8,ifrms,-1.35390119738127,5.091179978537436
0.967,8,sspls-v,-0.0,5.091179978537436
0.967,9,mcgs,0.0,4.770645763593284
0.967,9,pos,0.0,4.770645763593284
0.967,9,sbps,-0.0,4.770645763593284
0.967,9,prculs-d,-0.0,4.770645763593284
0.967,9,prcus-p,-0.7228451923832753,4.770645763593284
0.967,9,prcus-i,-0.6777408864177895,4.770645763593284
0.967,9,prcus-a,0.0,4.770645763593284
0.967,9,ifrms,-1.531188711619518,4.770645763593284
0.967,9,sspls-v,-0.0,4.770645763593284
0.967,10,mcgs,0.0,4.971317694184449
0.967,10,pos,-0.0,4.971317694184449
0.967,10,sbps,-0.0,4.971317694184449
0.967,10,prculs-d,-0.0,4.971317694184449
0.967,10,prcus-p,-0.4283269469760441,4.971317694184449
0.967,10,prcus-i,-1.047851991535784,4.971317694184449
0.967,10,prcus-a,0.0,4.971317694184449
0.967,10,ifrms,-1.9364006789289432,4.971317694184449
0.967,10,sspls-v,-0.0,4.971317694184449
0.967,11,mcgs,0.0,5.116329844769907
0.967,11,pos,-0.0,5.116329844769907
0.967,11,sbps,-0.0,5.116329844769907
0.967,11,prculs-d,-0.007299321756253886,5.116329844769907
0.967,11,prcus-p,-0.1747766983735726,5.116329844769907
0.967,11,prcus-i,-0.16568147039111034,5.116329844769907
0.967,11,prcus-a,0.0,5.116329844769907
0.967,11,ifrms,-1.5366515421581344,5.116329844769907
0.967,11,sspls-v,-0.0,5.116329844769907
0.967,12,mcgs,0.0,5.224438458094075
0.967,12,pos,-0.0,5.224438458094075
0.967,12,sbps,-0.0,5.224438458094075
0.967,12,prculs-d,-0.0,5.224438458094075
0.967,12,prcus-p,-0.36039627334065566,5.224438458094075
0.967,12,prcus-i,-0.8466464440843994,5.224438458094075
0.967,12,prcus-a,0.0,5.224438458094075
0.967,12,ifrms,-1.884101464314235,5.224438458094075
0.967,12,sspls-v,-0.0,5.224438458094075
0.967,13,mcgs,0.0,5.307312700211477
0.967,13,pos,-0.0,5.307312700211477
0.967,13,sbps,-0.010162351915243279,5.307312700211477
0.967,13,prculs-d,-0.0,5.307312700211477
0.967,13,prcus-p,-0.36588097524498425,5.307312700211477
0.967,13,prcus-i,-0.4065867747782456,5.307312700211477
0.967,13,prcus-a,0.0,5.307312700211477
0.967,13,ifrms,-1.3902187576191998,5.307312700211477
0.967,13,sspls-v,-0.0,5.307312700211477
0.967,14,mcgs,0.0,5.233566797115018
0.967,14,pos,-0.0,5.233566797115018
0.967,14,sbps,-0.0,5.233566797115018
0.967,14,prculs-d,-0.0,5.233566797115018
0.967,14,prcus-p,-0.6432450457930395,5.233566797115018
0.967,14,prcus-i,-0.5752666957907825,5.233566797115018
0.967,14,prcus-a,0.0,5.233566797115018
0.967,14,ifrms,-1.6316955414327692,5.233566797115018
0.967,14,sspls-v,-0.0,5.233566797115018
0.967,15,mcgs,0.0,5.277413758164237
0.967,15,pos,-0.0,5.277413758164237
0.967,15,sbps,-0.0,5.277413758164237
0.967,15,prculs-d,-0.0,5.277413758164237
0.967,15,prcus-p,-0.3554814692454367,5.277413758164237
0.967,15,prcus-i,-0.4900786414864331,5.277413758164237
0.967,15,prcus-a,0.0,5.277413758164237
0.967,15,ifrms,-1.473696780946557,5.277413758164237
0.967,15,sspls-v,-0.0,5.277413758164237
0.967,16,mcgs,0.0,5.366328181382061
0.967,16,pos,-0.0,5.366328181382061
0.967,16,sbps,-0.0,5.366328181382061
0.967,16,prculs-d,-0.0,5.366328181382061
0.967,16,prcus-p,-0.5781629109860097,5.366328181382061
0.967,16,prcus-i,-0.6412022179696008,5.366328181382061
0.967,16,prcus-a,0.0,5.366328181382061
0.967,16,ifrms,-1.628791856065887,5.366328181382061
0.967,16,sspls-v,-0.0,5.366328181382061
0.967,17,mcgs,0.0,4.982663132444032
0.967,17,pos,-0.5753177396825513,4.982663132444032
0.967,17,sbps,0.0,4.982663132444032
0.967,17,prculs-d,-0.0,4.982663132444032
0.967,17,prcus-p,-0.7063835522015806,4.982663132444032
0.967,17,prcus-i,-0.0,4.982663132444032
0.967,17,prcus-a,0.0,4.982663132444032
0.967,17,ifrms,-1.5175494293664864,4.982663132444032
0.967,17,sspls-v,-0.0,4.982663132444032
0.967,18,mcgs,0.0,5.30441327284477
0.967,18,pos,-0.0,5.30441327284477
0.967,18,sbps,-0.0,5.30441327284477
0.967,18,prculs-d,-0.0,5.30441327284477
0.967,18,prcus-p,-0.5372601678523106,5.30441327284477
0.967,18,prcus-i,-0.5591859414975454,5.30441327284477
0.967,18,prcus-a,0.0,5.30441327284477
0.967,18,ifrms,-1.686177697489018,5.30441327284477
0.967,18,sspls-v,-0.0,5.30441327284477
0.967,19,mcgs,0.0,5.41387553782257
0.967,19,pos,-0.0,5.41387553782257
0.967,19,sbps,-0.0,5.41387553782257
0.967,19,prculs-d,-0.0,5.41387553782257
0.967,19,prcus-p,-0.47750001206328196,5.41387553782257
0.967,19,prcus-i,-0.6733720303806174,5.41387553782257
0.967,19,prcus-a,0.0,5.41387553782257
0.967,19,ifrms,-1.5776424853297304,5.41387553782257
0.967,19,sspls-v,-0.0,5.41387553782257
0.967,20,mcgs,0.0,5.339729133132022
0.967,20,pos,-0.0,5.339729133132022
0.967,20,sbps,-0.0,5.339729133132022
0.967,20,prculs-d,-0.006691659608990183,5.339729133132022
0.967,20,prcus-p,-0.5008412210883244,5.339729133132022
0.967,20,prcus-i,-0.6858339290021904,5.339729133132022
0.967,20,prcus-a,0.0,5.339729133132022
0.967,20,ifrms,-1.6640372535491283,5.339729133132022
0.967,20,sspls-v,-0.0,5.339729133132022
0.967,21,mcgs,0.0,5.35721372000695
0.967,21,pos,-0.0,5.35721372000695
0.967,21,sbps,-0.0,5.35721372000695
0.967,21,prculs-d,-0.05854504668287239,5.35721372000695
0.967,21,prcus-p,-0.7611797592501085,5.35721372000695
0.967,21,prcus-i,-0.5700935172349177,5.35721372000695
0.967,21,prcus-a,0.0,5.35721372000695
0.967,21,ifrms,-1.496994076247364,5.35721372000695
0.967,21,sspls-v,-0.0,5.35721372000695
0.967,22,mcgs,0.0,5.309839082448693
0.967,22,pos,-0.0,5.309839082448693
0.967,22,sbps,-0.0,5.309839082448693
0.967,22,prculs-d,-0.038409789537839835,5.309839082448693
0.967,22,prcus-p,-0.2976367206374337,5.309839082448693
0.967,22,prcus-i,-0.547180513576598,5.309839082448693
0.967,22,prcus-a,0.0,5.309839082448693
0.967,22,ifrms,-1.9021300262729859,5.309839082448693
0.967,22,sspls-v,-0.0,5.309839082448693
0.967,23,mcgs,0.0,4.838673209184229
0.967,23,pos,0.0,4.838673209184229
0.967,23,sbps,-0.0,4.838673209184229
0.967,23,prculs-d,-0.0,4.838673209184229
0.967,23,prcus-p,-0.7390249456001486,4.838673209184229
0.967,23,prcus-i,-0.28908014576262253,4.838673209184229
0.967,23,prcus-a,0.0,4.838673209184229
0.967,23,ifrms,-1.5508135776138097,4.838673209184229
0.967,23,sspls-v,0.0,4.838673209184229
0.967,24,mcgs,0.0,5.074218100989852
0.967,24,pos,0.0,5.074218100989852
0.967,24,sbps,-0.0,5.074218100989852
0.967,24,prculs-d,-0.0,5.074218100989852
0.967,24,prcus-p,-0.7437727325551309,5.074218100989852
0.967,24,prcus-i,-0.762209906191117,5.074218100989852
0.967,24,prcus-a,0.0,5.074218100989852
0.967,24,ifrms,-1.6621579004988034,5.074218100989852
0.967,24,sspls-v,-0.0,5.074218100989852
0.967,25,mcgs,0.0,5.203087320389556
0.967,25,pos,-0.0,5.203087320389556
0.967,25,sbps,-0.0,5.203087320389556
0.967,25,prculs-d,-0.0,5.203087320389556
0.967,25,prcus-p,-0.12582361487986254,5.203087320389556
0.967,25,prcus-i,-0.6286687115062287,5.203087320389556
0.967,25,prcus-a,-0.0,5.203087320389556
0.967,25,ifrms,-1.9434744822655392,5.203087320389556
0.967,25,sspls-v,-0.0,5.203087320389556
0.967,26,mcgs,0.0,5.386001854871892
0.967,26,pos,-0.0,5.386001854871892
0.967,26,sbps,-0.0,5.386001854871892
0.967,26,prculs-d,-0.07765179678164076,5.386001854871892
0.967,26,prcus-p,-0.41303692908335643,5.386001854871892
0.967,26,prcus-i,-0.6076833997667234,5.386001854871892
0.967,26,prcus-a,0.0,5.386001854871892
0.967,26,ifrms,-1.7482864567258165,5.386001854871892
0.967,26,sspls-v,-0.0,5.386001854871892
0.967,27,mcgs,0.0,5.205583329763584
0.967,27,pos,-0.0,5.205583329763584
0.967,27,sbps,-0.0,5.205583329763584
0.967,27,prculs-d,-0.09521579870908374,5.205583329763584
0.967,27,prcus-p,-0.590287761897988,5.205583329763584
0.967,27,prcus-i,-0.8862088700371954,5.205583329763584
0.967,27,prcus-a,0.0,5.205583329763584
0.967,27,ifrms,-1.5611136901685656,5.205583329763584
0.967,27,sspls-v,-0.0,5.205583329763584
1.034,0,mcgs,0.0,5.2794554630005015
1.034,0,pos,-0.0,5.2794554630005015
1.034,0,sbps,-0.0,5.2794554630005015
1.034,0,prculs-d,-0.0,5.2794554630005015
1.034,0,prcus-p,-0.3905631865575328,5.2794554630005015
1.034,0,prcus-i,-0.41950663011133793,5.2794554630005015
1.034,0,prcus-a,0.0,5.2794554630005015
1.034,0,ifrms,-1.5767585699310012,5.2794554630005015
1.034,0,sspls-v,-0.0,5.2794554630005015
1.034,1,mcgs,0.0,5.379044055413698
1.034,1,pos,-0.0,5.379044055413698
1.034,1,sbps,-0.08477785516040096,5.379044055413698
1.034,1,prculs-d,-0.26582713322700907,5.379044055413698
1.034,1,prcus-p,-0.7187829295257953,5.379044055413698
1.034,1,prcus-i,-0.3811807891822483,5.379044055413698
1.034,1,prcus-a,0.0,5.379044055413698
1.034,1,ifrms,-1.4047745184253397,5.379044055413698
1.034,1,sspls-v,-0.0,5.379044055413698
1.034,2,mcgs,0.0,5.2219438775701255
1.034,2,pos,-0.0,5.2219438775701255
1.034,2,sbps,-0.0,5.2219438775701255
1.034,2,prculs-d,-0.0,5.2219438775701255
1.034,2,prcus-p,-0.1907523244869082,5.2219438775701255
1.034,2,prcus-i,-0.5251288745958579,5.2219438775701255
1.034,2,prcus-a,0.0,5.2219438775701255
1.034,2,ifrms,-1.626362244739311,5.2219438775701255
1.034,2,sspls-v,-0.0,5.2219438775701255
1.034,3,mcgs,0.0,5.13468562662115
1.034,3,pos,-0.0,5.13468562662115
1.034,3,sbps,-0.0,5.13468562662115
1.034,3,prculs-d,-0.0,5.13468562662115
1.034,3,prcus-p,-0.3134616527745253,5.13468562662115
1.034,3,prcus-i,-0.4285098779999864,5.13468562662115
1.034,3,prcus-a,0.0,5.13468562662115
1.034,3,ifrms,-1.1738166780712138,5.13468562662115
1.034,3,sspls-v,-0.0,5.13468562662115
1.034,4,mcgs,0.0,5.343814611788413
1.034,4,pos,-0.0,5.343814611788413
1.034,4,sbps,-0.0,5.343814611788413
1.034,4,prculs-d,-0.0,5.343814611788413
1.034,4,prcus-p,-0.4482374912945993,5.343814611788413
1.034,4,prcus-i,-0.595890502843059,5.343814611788413
1.034,4,prcus-a,0.0,5.343814611788413
1.034,4,ifrms,-1.548694266874309,5.343814611788413
1.034,4,sspls-v,-0.0,5.343814611788413
1.034,5,mcgs,0.07321640059966612,5.184080284671687
1.034,5,pos,-0.0,5.184080284671687
1.034,5,sbps,-0.0,5.184080284671687
1.034,5,prculs-d,-0.23917885629295774,5.184080284671687
1.034,5,prcus-p,-0.6154089806960429,5.184080284671687
1.034,5,prcus-i,-0.46531469035982476,5.184080284671687
1.034,5,prcus-a,0.0,5.184080284671687
1.034,5,ifrms,-1.1844622643839717,5.184080284671687
1.034,5,sspls-v,-0.0,5.184080284671687
1.034,6,mcgs,0.0,5.2390062132257755
1.034,6,pos,-0.0,5.2390062132257755
1.034,6,sbps,-0.0,5.2390062132257755
1.034,6,prculs-d,-0.0,5.2390062132257755
1.034,6,prcus-p,-0.27912205821563874,5.2390062132257755
1.034,6,prcus-i,-0.6163725473909064,5.2390062132257755
1.034,6,prcus-a,0.0,5.2390062132257755
1.034,6,ifrms,-1.7292982016876337,5.2390062132257755
1.034,6,sspls-v,-0.0,5.2390062132257755
1.034,7,mcgs,0.0,5.347346124877514
1.034,7,pos,-0.0,5.347346124877514
1.034,7,sbps,-0.0,5.347346124877514
1.034,7,prculs-d,-0.0,5.347346124877514
1.034,7,prcus-p,-0.47811321098922077,5.347346124877514
1.034,7,prcus-i,-0.5357017446594012,5.347346124877514
1.034,7,prcus-a,0.0,5.347346124877514
1.034,7,ifrms,-1.5791142492541612,5.347346124877514
1.034,7,sspls-v,-0.0,5.347346124877514
1.034,8,mcgs,0.0,5.099187320339452
1.034,8,pos,-0.0,5.099187320339452
1.034,8,sbps,-0.0,5.099187320339452
1.034,8,prculs-d,0.0,5.099187320339452
1.034,8,prcus-p,-0.3916051478101575,5.099187320339452
1.034,8,prcus-i,-0.7346855640015253,5.099187320339452
1.034,8,prcus-a,0.0,5.099187320339452
1.034,8,ifrms,-1.2949488215938534,5.099187320339452
1.034,8,sspls-v,-0.0,5.099187320339452
1.034,9,mcgs,0.0,4.790705917728464
1.034,9,pos,0.0,4.790705917728464
1.034,9,sbps,-0.0,4.790705917728464
1.034,9,prculs-d,-0.0,4.790705917728464
1.034,9,prcus-p,-0.6796634110546099,4.790705917728464
1.034,9,prcus-i,-0.5981304341035354,4.790705917728464
1.034,9,prcus-a,0.0,4.790705917728464
1.034,9,ifrms,-1.4710439577238668,4.790705917728464
1.034,9,sspls-v,-0.0,4.790705917728464
1.034,10,mcgs,0.0,4.984716075919737
1.034,10,pos,-0.0,4.984716075919737
1.034,10,sbps,-0.0,4.984716075919737
1.034,10,prculs-d,-0.0,4.984716075919737
1.034,10,prcus-p,-0.3866561669015275,4.984716075919737
1.034,10,prcus-i,-0.9651035073961581,4.984716075919737
1.034,10,prcus-a,0.0,4.984716075919737
1.034,10,ifrms,-1.8719166743726845,4.984716075919737
1.034,10,sspls-v,-0.0,4.984716075919737
1.034,11,mcgs,0.0,5.0599012026821
1.034,11,pos,-0.0,5.0599012026821
1.034,11,sbps,-0.0,5.0599012026821
1.034,11,prculs-d,-0.0,5.0599012026821
1.034,11,prcus-p,-0.12569735766628073,5.0599012026821
1.034,11,prcus-i,-0.07639765743645302,5.0599012026821
1.034,11,prcus-a,0.0,5.0599012026821
1.034,11,ifrms,-1.4734541269654906,5.0599012026821
1.034,11,sspls-v,-0.0,5.0599012026821
1.034,12,mcgs,0.0,5.22539121505406
1.034,12,pos,-0.0,5.22539121505406
1.034,12,sbps,-0.0,5.22539121505406
1.034,12,prculs-d,-0.0,5.22539121505406
1.034,12,prcus-p,-0.33039898355407593,5.22539121505406
1.034,12,prcus-i,-0.7472923494604726,5.22539121505406
1.034,12,prcus-a,0.0,5.22539121505406
1.034,12,ifrms,-1.797272118592397,5.22539121505406
1.034,12,sspls-v,-0.0,5.22539121505406
1.034,13,mcgs,0.0,5.265858946344679
1.034,13,pos,-0.0,5.265858946344679
1.034,13,sbps,-0.0,5.265858946344679
1.034,13,prculs-d,-0.0,5.265858946344679
1.034,13,prcus-p,-0.32686664482305805,5.265858946344679
1.034,13,prcus-i,-0.32553296033587525,5.265858946344679
1.034,13,prcus-a,0.0,5.265858946344679
1.034,13,ifrms,-1.328075271523126,5.265858946344679
1.034,13,sspls-v,-0.0,5.265858946344679
1.034,14,mcgs,0.0,5.229891465347813
1.034,14,pos,-0.0,5.229891465347813
1.034,14,sbps,-0.0,5.229891465347813
1.034,14,prculs-d,-0.0,5.229891465347813
1.034,14,prcus-p,-0.6023123152611879,5.229891465347813
1.034,14,prcus-i,-0.501329350155354,5.229891465347813
1.034,14,prcus-a,0.0,5.229891465347813
1.034,14,ifrms,-1.5722744003690001,5.229891465347813
1.034,14,sspls-v,-0.0,5.229891465347813
1.034,15,mcgs,0.0,5.239677844557844
1.034,15,pos,-0.0,5.239677844557844
1.034,15,sbps,-0.0,5.239677844557844
1.034,15,prculs-d,-0.0,5.239677844557844
1.034,15,prcus-p,-0.3085172129535394,5.239677844557844
1.034,15,prcus-i,-0.4057502196134972,5.239677844557844
1.034,15,prcus-a,0.0,5.239677844557844
1.034,15,ifrms,-1.4095713011868147,5.239677844557844
1.034,15,sspls-v,-0.0,5.239677844557844
1.034,16,mcgs,0.0,5.341607803007627
1.034,16,pos,-0.0,5.341607803007627
1.034,16,sbps,-0.0,5.341607803007627
1.034,16,prculs-d,-0.0,5.341607803007627
1.034,16,prcus-p,-0.5315018036065905,5.341607803007627
1.034,16,prcus-i,-0.559287861180576,5.341607803007627
1.034,16,prcus-a,0.0,5.341607803007627
1.034,16,ifrms,-1.5695755043736592,5.341607803007627
1.034,16,sspls-v,-0.0,5.341607803007627
1.034,17,mcgs,0.0,4.946449598187517
1.034,17,pos,-0.5156983268691862,4.946449598187517
1.034,17,sbps,0.0,4.946449598187517
1.034,17,prculs-d,-0.0,4.946449598187517
1.034,17,prcus-p,-0.6557134862932478,4.946449598187517
1.034,17,prcus-i,-0.0,4.946449598187517
1.034,17,prcus-a,0.0,4.946449598187517
1.034,17,ifrms,-1.4853987703090539,4.946449598187517
1.034,17,sspls-v,-0.0,4.946449598187517
1.034,18,mcgs,0.0,5.274823514909599
1.034,18,pos,-0.0,5.274823514909599
1.034,18,sbps,-0.0,5.274823514909599
1.034,18,prculs-d,-0.0,5.274823514909599
1.034,18,prcus-p,-0.49510874024723295,5.274823514909599
1.034,18,prcus-i,-0.48490317675108113,5.274823514909599
1.034,18,prcus-a,0.0,5.274823514909599
1.034,18,ifrms,-1.6292861929629359,5.274823514909599
1.034,18,sspls-v,-0.0,5.274823514909599
1.034,19,mcgs,0.0,5.379691231600042
1.034,19,pos,-0.0,5.379691231600042
1.034,19,sbps,-0.0,5.379691231600042
1.034,19,prculs-d,-0.0,5.379691231600042
1.034,19,prcus-p,-0.4301701293355911,5.379691231600042
1.034,19,prcus-i,-0.6024672790621906,5.379691231600042
1.034,19,prcus-a,0.0,5.379691231600042
1.034,19,ifrms,-1.5320739686054823,5.379691231600042
1.034,19,sspls-v,-0.0,5.379691231600042
1.034,20,mcgs,0.0,5.305415918503781
1.034,20,pos,-0.0,5.305415918503781
1.034,20,sbps,-0.0,5.305415918503781
1.034,20,prculs-d,-0.0,5.305415918503781
1.034,20,prcus-p,-0.4583147960774391,5.305415918503781
1.034,20,prcus-i,-0.6038378238197671,5.305415918503781
1.034,20,prcus-a,0.0,5.305415918503781
1.034,20,ifrms,-1.6034112190607865,5.305415918503781
1.034,20,sspls-v,-0.0,5.305415918503781
1.034,21,mcgs,0.0,5.319950871374563
1.034,21,pos,-0.0,5.319950871374563
1.034,21,sbps,-0.0,5.319950871374563
1.034,21,prculs-d,-0.0,5.319950871374563
1.034,21,prcus-p,-0.7204323751786076,5.319950871374563
1.034,21,prcus-i,-0.4709026294280406,5.319950871374563
1.034,21,prcus-a,0.0,5.319950871374563
1.034,21,ifrms,-1.4358116632567755,5.319950871374563
1.034,21,sspls-v,-0.0,5.319950871374563
1.034,22,mcgs,0.0,5.273306191496439
1.034,22,pos,-0.0,5.273306191496439
1.034,22,sbps,-0.0,5.273306191496439
1.034,22,prculs-d,-0.0,5.273306191496439
1.034,22,prcus-p,-0.25444832311821053,5.273306191496439
1.034,22,prcus-i,-0.45628951702634135,5.273306191496439
1.034,22,prcus-a,0.0,5.273306191496439
1.034,22,ifrms,-1.845976936508653,5.273306191496439
1.034,22,sspls-v,-0.0,5.273306191496439
1.034,23,mcgs,0.0,4.842975510372839
1.034,23,pos,0.0,4.842975510372839
1.034,23,sbps,-0.0,4.842975510372839
1.034,23,prculs-d,-0.0,4.842975510372839
1.034,23,prcus-p,-0.6977171119960275,4.842975510372839
1.034,23,prcus-i,-0.21047156924751884,4.842975510372839
1.034,23,prcus-a,0.0,4.842975510372839
1.034,23,ifrms,-1.4899862007174274,4.842975510372839
1.034,23,sspls-v,0.0,4.842975510372839
1.034,24,mcgs,0.0,5.071674651350448
1.034,24,pos,0.0,5.071674651350448
1.034,24,sbps,-0.0,5.071674651350448
1.034,24,prculs-d,-0.0,5.071674651350448
1.034,24,prcus-p,-0.6995080044132195,5.071674651350448
1.034,24,prcus-i,-0.681547621464492,5.071674651350448
1.034,24,prcus-a,0.0,5.071674651350448
1.034,24,ifrms,-1.601531735284274,5.071674651350448
1.034,24,sspls-v,-0.0,5.071674651350448
1.034,25,mcgs,0.0,5.158480508645322
1.034,25,pos,-0.0,5.158480508645322
1.034,25,sbps,-0.0,5.158480508645322
1.034,25,prculs-d,-0.0,5.158480508645322
1.034,25,prcus-p,-0.08345906809233787,5.158480508645322
1.034,25,prcus-i,-0.5491443793901826,5.158480508645322
1.034,25,prcus-a,0.0,5.158480508645322
1.034,25,ifrms,-1.8835840755039412,5.158480508645322
1.034,25,sspls-v,-0.0,5.158480508645322
1.034,26,mcgs,0.0,5.354199112010646
1.034,26,pos,-0.0,5.354199112010646
1.034,26,sbps,-0.0,5.354199112010646
1.034,26,prculs-d,-0.0,5.354199112010646
1.034,26,prcus-p,-0.37566201571086827,5.354199112010646
1.034,26,prcus-i,-0.49983523894270543,5.354199112010646
1.034,26,prcus-a,0.0,5.354199112010646
1.034,26,ifrms,-1.6828109842859813,5.354199112010646
1.034,26,sspls-v,-0.0,5.354199112010646
1.034,27,mcgs,0.0,5.1840126091032905
1.034,27,pos,-0.0,5.1840126091032905
1.034,27,sbps,-0.0,5.1840126091032905
1.034,27,prculs-d,-0.0,5.1840126091032905
1.034,27,prcus-p,-0.5465082136173522,5.1840126091032905
1.034,27,prcus-i,-0.7679524608002675,5.1840126091032905
1.034,27,prcus-a,0.0,5.1840126091032905
1.034,27,ifrms,-1.5005704604156418,5.1840126091032905
1.034,27,sspls-v,-0.0,5.1840126091032905
1.105,0,mcgs,0.0,5.253706465963888
1.105,0,pos,-0.0,5.253706465963888
1.105,0,sbps,-0.0,5.253706465963888
1.105,0,prculs-d,-0.0,5.253706465963888
1.105,0,prcus-p,-0.3406153534890833,5.253706465963888
1.105,0,prcus-i,-0.33083144757209226,5.253706465963888
1.105,0,prcus-a,0.0,5.253706465963888
1.105,0,ifrms,-1.5117936684138504,5.253706465963888
1.105,0,sspls-v,-0.0,5.253706465963888
1.105,1,mcgs,0.0,5.352225329723507
1.105,1,pos,-0.0,5.352225329723507
1.105,1,sbps,-0.011899962501681507,5.352225329723507
1.105,1,prculs-d,-0.13269839191303032,5.352225329723507
1.105,1,prcus-p,-0.705017732060378,5.352225329723507
1.105,1,prcus-i,-0.26052350034244476,5.352225329723507
1.105,1,prcus-a,0.0,5.352225329723507
1.105,1,ifrms,-1.342258648887083,5.352225329723507
1.105,1,sspls-v,-0.0,5.352225329723507
1.105,2,mcgs,0.0,5.203812611814339
1.105,2,pos,-0.0,5.203812611814339
1.105,2,sbps,-0.0,5.203812611814339
1.105,2,prculs-d,-0.0,5.203812611814339
1.105,2,prcus-p,-0.14453241490414084,5.203812611814339
1.105,2,prcus-i,-0.4405070555211874,5.203812611814339
1.105,2,prcus-a,0.0,5.203812611814339
1.105,2,ifrms,-1.5623063276683957,5.203812611814339
1.105,2,sspls-v,-0.0,5.203812611814339
1.105,3,mcgs,0.0,5.118039112532373
1.105,3,pos,-0.0,5.118039112532373
1.105,3,sbps,-0.0,5.118039112532373
1.105,3,prculs-d,-0.0,5.118039112532373
1.105,3,prcus-p,-0.2633421416277107,5.118039112532373
1.105,3,prcus-i,-0.33905625246469834,5.118039112532373
1.105,3,prcus-a,0.0,5.118039112532373
1.105,3,ifrms,-1.1034907910718315,5.118039112532373
1.105,3,sspls-v,-0.0,5.118039112532373
1.105,4,mcgs,0.0,5.329388844163985
1.105,4,pos,-0.0,5.329388844163985
1.105,4,sbps,-0.0,5.329388844163985
1.105,4,prculs-d,-0.0,5.329388844163985
1.105,4,prcus-p,-0.4032477848971772,5.329388844163985
1.105,4,prcus-i,-0.5178876996405544,5.329388844163985
1.105,4,prcus-a,0.0,5.329388844163985
1.105,4,ifrms,-1.488591696185353,5.329388844163985
1.105,4,sspls-v,-0.0,5.329388844163985
1.105,5,mcgs,0.08272892533689145,5.151207444058673
1.105,5,pos,-0.0,5.151207444058673
1.105,5,sbps,-0.0,5.151207444058673
1.105,5,prculs-d,-0.12307943473714576,5.151207444058673
1.105,5,prcus-p,-0.5659290528340751,5.151207444058673
1.105,5,prcus-i,-0.33190773602912027,5.151207444058673
1.105,5,prcus-a,0.0,5.151207444058673
1.105,5,ifrms,-1.1163807073500467,5.151207444058673
1.105,5,sspls-v,-0.0,5.151207444058673
1.105,6,mcgs,0.0,5.227131240443867
1.105,6,pos,-0.0,5.227131240443867
1.105,6,sbps,-0.0,5.227131240443867
1.105,6,prculs-d,-0.0,5.227131240443867
1.105,6,prcus-p,-0.23721886245557366,5.227131240443867
1.105,6,prcus-i,-0.5325693173487656,5.227131240443867
1.105,6,prcus-a,0.0,5.227131240443867
1.105,6,ifrms,-1.6642164261541545,5.227131240443867
1.105,6,sspls-v,-0.0,5.227131240443867
1.105,7,mcgs,0.0,5.3386076179918955
1.105,7,pos,-0.0,5.3386076179918955
1.105,7,sbps,-0.0,5.3386076179918955
1.105,7,prculs-d,-0.0,5.3386076179918955
1.105,7,prcus-p,-0.4313532883358715,5.3386076179918955
1.105,7,prcus-i,-0.45062991512722517,5.3386076179918955
1.105,7,prcus-a,0.0,5.3386076179918955
1.105,7,ifrms,-1.5147939789311171,5.3386076179918955
1.105,7,sspls-v,-0.0,5.3386076179918955
1.105,8,mcgs,0.0,5.107678883114553
1.105,8,pos,-0.0,5.107678883114553
1.105,8,sbps,-0.0,5.107678883114553
1.105,8,prculs-d,0.0,5.107678883114553
1.105,8,prcus-p,-0.34589404572703053,5.107678883114553
1.105,8,prcus-i,-0.6524445756868323,5.107678883114553
1.105,8,prcus-a,0.0,5.107678883114553
1.105,8,ifrms,-1.232476861445613,5.107678883114553
1.105,8,sspls-v,-0.0,5.107678883114553
1.105,9,mcgs,0.0,4.812694045641342
1.105,9,pos,0.0,4.812694045641342
1.105,9,sbps,-0.0,4.812694045641342
1.105,9,prculs-d,-0.0,4.812694045641342
1.105,9,prcus-p,-0.6339036129302025,4.812694045641342
1.105,9,prcus-i,-0.5137671189645516,4.812694045641342
1.105,9,prcus-a,0.0,4.812694045641342
1.105,9,ifrms,-1.4073084722523548,4.812694045641342
1.105,9,sspls-v,-0.0,4.812694045641342
1.105,10,mcgs,0.0,4.99796538902233
1.105,10,pos,-0.0,4.99796538902233
1.105,10,sbps,-0.0,4.99796538902233
1.105,10,prculs-d,-0.0,4.99796538902233
1.105,10,prcus-p,-0.34249757906136713,4.99796538902233
1.105,10,prcus-i,-0.8774148152481972,4.99796538902233
1.105,10,prcus-a,0.0,4.99796538902233
1.105,10,ifrms,-1.803582878499634,4.99796538902233
1.105,10,sspls-v,-0.0,4.99796538902233
1.105,11,mcgs,0.0,5.003995322558743
1.105,11,pos,-0.0,5.003995322558743
1.105,11,sbps,-0.0,5.003995322558743
1.105,11,prculs-d,-0.0,5.003995322558743
1.105,11,prcus-p,-0.07405456862959037,5.003995322558743
1.105,11,prcus-i,-0.0,5.003995322558743
1.105,11,prcus-a,0.0,5.003995322558743
1.105,11,ifrms,-1.4097940784215954,5.003995322558743
1.105,11,sspls-v,-0.0,5.003995322558743
1.105,12,mcgs,0.0,5.2529349281135245
1.105,12,pos,-0.0,5.2529349281135245
1.105,12,sbps,-0.0,5.2529349281135245
1.105,12,prculs-d,-0.0,5.2529349281135245
1.105,12,prcus-p,-0.2986108107951627,5.2529349281135245
1.105,12,prcus-i,-0.6420066670978062,5.2529349281135245
1.105,12,prcus-a,0.0,5.2529349281135245
1.105,12,ifrms,-1.70525893133493,5.2529349281135245
1.105,12,sspls-v,-0.0,5.2529349281135245
1.105,13,mcgs,0.0,5.268709994675444
1.105,13,pos,-0.0,5.268709994675444
1.105,13,sbps,-0.0,5.268709994675444
1.105,13,prculs-d,-0.0,5.268709994675444
1.105,13,prcus-p,-0.27979095548474275,5.268709994675444
1.105,13,prcus-i,-0.23854365596884505,5.268709994675444
1.105,13,prcus-a,0.0,5.268709994675444
1.105,13,ifrms,-1.2617626932048724,5.268709994675444
1.105,13,sspls-v,-0.0,5.268709994675444
1.105,14,mcgs,0.0,5.232910870086313
1.105,14,pos,-0.0,5.232910870086313
1.105,14,sbps,-0.0,5.232910870086313
1.105,14,prculs-d,-0.0,5.232910870086313
1.105,14,prcus-p,-0.5589358396229575,5.232910870086313
1.105,14,prcus-i,-0.4229778346312426,5.232910870086313
1.105,14,prcus-a,0.0,5.232910870086313
1.105,14,ifrms,-1.509305728495457,5.232910870086313
1.105,14,sspls-v,-0.0,5.232910870086313
1.105,15,mcgs,0.0,5.21446351181516
1.105,15,pos,-0.0,5.21446351181516
1.105,15,sbps,-0.0,5.21446351181516
1.105,15,prculs-d,-0.0,5.21446351181516
1.105,15,prcus-p,-0.25874912046511,5.21446351181516
1.105,15,prcus-i,-0.3163872650914294,5.21446351181516
1.105,15,prcus-a,0.0,5.21446351181516
1.105,15,ifrms,-1.3416174345757454,5.21446351181516
1.105,15,sspls-v,-0.0,5.21446351181516
1.105,16,mcgs,0.0,5.340582530720799
1.105,16,pos,-0.0,5.340582530720799
1.105,16,sbps,-0.0,5.340582530720799
1.105,16,prculs-d,-0.0,5.340582530720799
1.105,16,prcus-p,-0.48205495706064416,5.340582530720799
1.105,16,prcus-i,-0.4724830954916307,5.340582530720799
1.105,16,prcus-a,0.0,5.340582530720799
1.105,16,ifrms,-1.5068238488566625,5.340582530720799
1.105,16,sspls-v,-0.0,5.340582530720799
1.105,17,mcgs,0.0,4.921433189874424
1.105,17,pos,-0.45251954612666545,4.921433189874424
1.105,17,sbps,0.0,4.921433189874424
1.105,17,prculs-d,-0.0,4.921433189874424
1.105,17,prcus-p,-0.602018341823225,4.921433189874424
1.105,17,prcus-i,-0.0,4.921433189874424
1.105,17,prcus-a,0.0,4.921433189874424
1.105,17,ifrms,-1.4513286689198357,4.921433189874424
1.105,17,sspls-v,-0.0,4.921433189874424
1.105,18,mcgs,0.0,5.268210308007583
1.105,18,pos,-0.0,5.268210308007583
1.105,18,sbps,-0.0,5.268210308007583
1.105,18,prculs-d,-0.0,5.268210308007583
1.105,18,prcus-p,-0.45044080950155296,5.268210308007583
1.105,18,prcus-i,-0.4061856200794539,5.268210308007583
1.105,18,prcus-a,0.0,5.268210308007583
1.105,18,ifrms,-1.568998180703956,5.268210308007583
1.105,18,sspls-v,-0.0,5.268210308007583
1.105,19,mcgs,0.0,5.370030299809855
1.105,19,pos,-0.0,5.370030299809855
1.105,19,sbps,-0.0,5.370030299809855
1.105,19,prculs-d,-0.0,5.370030299809855
1.105,19,prcus-p,-0.3800145819674406,5.370030299809855
1.105,19,prcus-i,-0.5273294082620671,5.370030299809855
1.105,19,prcus-a,0.0,5.370030299809855
1.105,19,ifrms,-1.4837849434200883,5.370030299809855
1.105,19,sspls-v,-0.0,5.370030299809855
1.105,20,mcgs,0.0,5.291526836736689
1.105,20,pos,-0.0,5.291526836736689
1.105,20,sbps,-0.0,5.291526836736689
1.105,20,prculs-d,-0.0,5.291526836736689
1.105,20,prcus-p,-0.4130582132671842,5.291526836736689
1.105,20,prcus-i,-0.5199158568245069,5.291526836736689
1.105,20,prcus-a,0.0,5.291526836736689
1.105,20,ifrms,-1.5395080842849411,5.291526836736689
1.105,20,sspls-v,-0.0,5.291526836736689
1.105,21,mcgs,0.0,5.289021960260198
1.105,21,pos,-0.0,5.289021960260198
1.105,21,sbps,-0.0,5.289021960260198
1.105,21,prculs-d,-0.0,5.289021960260198
1.105,21,prcus-p,-0.6838215313944609,5.289021960260198
1.105,21,prcus-i,-0.38831027032979426,5.289021960260198
1.105,21,prcus-a,0.0,5.289021960260198
1.105,21,ifrms,-1.369149001414983,5.289021960260198
1.105,21,sspls-v,-0.0,5.289021960260198
1.105,22,mcgs,0.0,5.238156972619531
1.105,22,pos,-0.0,5.238156972619531
1.105,22,sbps,-0.0,5.238156972619531
1.105,22,prculs-d,-0.0,5.238156972619531
1.105,22,prcus-p,-0.20623149451809195,5.238156972619531
1.105,22,prcus-i,-0.3751914391441009,5.238156972619531
1.105,22,prcus-a,0.0,5.238156972619531
1.105,22,ifrms,-1.7905332975764452,5.238156972619531
1.105,22,sspls-v,-0.0,5.238156972619531
1.105,23,mcgs,0.0,4.843176126601137
1.105,23,pos,0.0,4.843176126601137
1.105,23,sbps,-0.0,4.843176126601137
1.105,23,prculs-d,-0.0,4.843176126601137
1.105,23,prcus-p,-0.6539431390722554,4.843176126601137
1.105,23,prcus-i,-0.12716994338823104,4.843176126601137
1.105,23,prcus-a,0.0,4.843176126601137
1.105,23,ifrms,-1.4255273386332024,4.843176126601137
1.105,23,sspls-v,0.0,4.843176126601137
1.105,24,mcgs,0.0,5.070270629714215
1.105,24,pos,0.0,5.070270629714215
1.105,24,sbps,-0.0,5.070270629714215
1.105,24,prculs-d,-0.0,5.070270629714215
1.105,24,prcus-p,-0.6526006059344773,5.070270629714215
1.105,24,prcus-i,-0.5960696779482179,5.070270629714215
1.105,24,prcus-a,0.0,5.070270629714215
1.105,24,ifrms,-1.5372860975196232,5.070270629714215
1.105,24,sspls-v,-0.0,5.070270629714215
1.105,25,mcgs,0.0,5.130789172803774
1.105,25,pos,-0.0,5.130789172803774
1.105,25,sbps,-0.0,5.130789172803774
1.105,25,prculs-d,-0.0,5.130789172803774
1.105,25,prcus-p,-0.03856577449439019,5.130789172803774
1.105,25,prcus-i,-0.4648721733193321,5.130789172803774
1.105,25,prcus-a,0.0,5.130789172803774
1.105,25,ifrms,-1.8201178630492763,5.130789172803774
1.105,25,sspls-v,-0.0,5.130789172803774
1.105,26,mcgs,0.0,5.317208887885495
1.105,26,pos,-0.0,5.317208887885495
1.105,26,sbps,-0.0,5.317208887885495
1.105,26,prculs-d,-0.0,5.317208887885495
1.105,26,prcus-p,-0.32772538351809605,5.317208887885495
1.105,26,prcus-i,-0.4161972375434099,5.317208887885495
1.105,26,prcus-a,0.0,5.317208887885495
1.105,26,ifrms,-1.6235892475154583,5.317208887885495
1.105,26,sspls-v,-0.0,5.317208887885495
1.105,27,mcgs,0.0,5.155065995641205
1.105,27,pos,-0.0,5.155065995641205
1.105,27,sbps,-0.0,5.155065995641205
1.105,27,prculs-d,-0.0,5.155065995641205
1.105,27,prcus-p,-0.499487991891156,5.155065995641205
1.105,27,prcus-i,-0.6849620077185752,5.155065995641205
1.105,27,prcus-a,0.0,5.155065995641205
1.105,27,ifrms,-1.439334761191373,5.155065995641205
1.105,27,sspls-v,-0.0,5.155065995641205
1.182,0,mcgs,0.0,5.234335566053492
1.182,0,pos,-0.0,5.234335566053492
1.182,0,sbps,-0.0,5.234335566053492
1.182,0,prculs-d,-0.0,5.234335566053492
1.182,0,prcus-p,-0.28644666306320804,5.234335566053492
1.182,0,prcus-i,-0.2346625536467717,5.234335566053492
1.182,0,prcus-a,0.0,5.234335566053492
1.182,0,ifrms,-1.441338728618205,5.234335566053492
1.182,0,sspls-v,-0.0,5.234335566053492
1.182,1,mcgs,0.0,5.327913609592115
1.182,1,pos,-0.0,5.327913609592115
1.182,1,sbps,-0.0,5.327913609592115
1.182,1,prculs-d,-0.005731590534120136,5.327913609592115
1.182,1,prcus-p,-0.6599997449276723,5.327913609592115
1.182,1,prcus-i,-0.1262469500188484,5.327913609592115
1.182,1,prcus-a,0.0,5.327913609592115
1.182,1,ifrms,-1.2708677740000378,5.327913609592115
1.182,1,sspls-v,-0.0,5.327913609592115
1.182,2,mcgs,0.0,5.1815080155049555
1.182,2,pos,-0.0,5.1815080155049555
1.182,2,sbps,-0.0,5.1815080155049555
1.182,2,prculs-d,-0.0,5.1815080155049555
1.182,2,prcus-p,-0.0944065974693077,5.1815080155049555
1.182,2,prcus-i,-0.3487340968064035,5.1815080155049555
1.182,2,prcus-a,0.0,5.1815080155049555
1.182,2,ifrms,-1.4928372345069805,5.1815080155049555
1.182,2,sspls-v,-0.0,5.1815080155049555
1.182,3,mcgs,0.0,5.1135683221730615
1.182,3,pos,-0.0,5.1135683221730615
1.182,3,sbps,-0.0,5.1135683221730615
1.182,3,prculs-d,-0.0,5.1135683221730615
1.182,3,prcus-p,-0.20898717883468487,5.1135683221730615
1.182,3,prcus-i,-0.2420431656165706,5.1135683221730615
1.182,3,prcus-a,0.0,5.1135683221730615
1.182,3,ifrms,-1.0272218713682768,5.1135683221730615
1.182,3,sspls-v,-0.0,5.1135683221730615
1.182,4,mcgs,0.0,5.319900751557838
1.182,4,pos,-0.0,5.319900751557838
1.182,4,sbps,-0.0,5.319900751557838
1.182,4,prculs-d,-0.0,5.319900751557838
1.182,4,prcus-p,-0.35445613148025484,5.319900751557838
1.182,4,prcus-i,-0.43329311025192335,5.319900751557838
1.182,4,prcus-a,0.0,5.319900751557838
1.182,4,ifrms,-1.4234100350156418,5.319900751557838
1.182,4,sspls-v,-0.0,5.319900751557838
1.182,5,mcgs,0.09322182604246822,5.123455435995019
1.182,5,pos,-0.0,5.123455435995019
1.182,5,sbps,-0.0,5.123455435995019
1.182,5,prculs-d,-0.0,5.123455435995019
1.182,5,prcus-p,-0.5122050543859452,5.123455435995019
1.182,5,prcus-i,-0.18827106141203617,5.123455435995019
1.182,5,prcus-a,0.0,5.123455435995019
1.182,5,ifrms,-1.0424761607767936,5.123455435995019
1.182,5,sspls-v,-0.0,5.123455435995019
1.182,6,mcgs,0.0,5.214307081513316
1.182,6,pos,-0.0,5.214307081513316
1.182,6,sbps,-0.0,5.214307081513316
1.182,6,prculs-d,-0.0,5.214307081513316
1.182,6,prcus-p,-0.19177455156085724,5.214307081513316
1.182,6,prcus-i,-0.44168412420447034,5.214307081513316
1.182,6,prcus-a,0.0,5.214307081513316
1.182,6,ifrms,-1.5936347822657324,5.214307081513316
1.182,6,sspls-v,-0.0,5.214307081513316
1.182,7,mcgs,0.0,5.32397331833768
1.182,7,pos,-0.0,5.32397331833768
1.182,7,sbps,-0.0,5.32397331833768
1.182,7,prculs-d,-0.0,5.32397331833768
1.182,7,prcus-p,-0.38064182292308507,5.32397331833768
1.182,7,prcus-i,-0.35836891690218836,5.32397331833768
1.182,7,prcus-a,0.0,5.32397331833768
1.182,7,ifrms,-1.4450381928061242,5.32397331833768
1.182,7,sspls-v,-0.0,5.32397331833768
1.182,8,mcgs,0.0,5.114054351587921
1.182,8,pos,-0.0,5.114054351587921
1.182,8,sbps,-0.0,5.114054351587921
1.182,8,prculs-d,0.0,5.114054351587921
1.182,8,prcus-p,-0.296320044878141,5.114054351587921
1.182,8,prcus-i,-0.5632536412296928,5.114054351587921
1.182,8,prcus-a,0.0,5.114054351587921
1.182,8,ifrms,-1.164725575042453,5.114054351587921
1.182,8,sspls-v,-0.0,5.114054351587921
1.182,9,mcgs,0.0,4.831897193460481
1.182,9,pos,0.0,4.831897193460481
1.182,9,sbps,-0.0,4.831897193460481
1.182,9,prculs-d,-0.0,4.831897193460481
1.182,9,prcus-p,-0.5842767896121828,4.831897193460481
1.182,9,prcus-i,-0.4222745095884704,4.831897193460481
1.182,9,prcus-a,0.0,4.831897193460481
1.182,9,ifrms,-1.338186889417054,4.831897193460481
1.182,9,sspls-v,-0.0,4.831897193460481
1.182,10,mcgs,0.0,5.0168253159166944
1.182,10,pos,-0.0,5.0168253159166944
1.182,10,sbps,-0.0,5.0168253159166944
1.182,10,prculs-d,-0.0,5.0168253159166944
1.182,10,prcus-p,-0.29460727957274446,5.0168253159166944
1.182,10,prcus-i,-0.7823158110877307,5.0168253159166944
1.182,10,prcus-a,0.0,5.0168253159166944
1.182,10,ifrms,-1.7294743956513943,5.0168253159166944
1.182,10,sspls-v,-0.0,5.0168253159166944
1.182,11,mcgs,0.0,4.957632430697008
1.182,11,pos,-0.0,4.957632430697008
1.182,11,sbps,-0.0,4.957632430697008
1.182,11,prculs-d,-0.0,4.957632430697008
1.182,11,prcus-p,-0.021152886166181422,4.957632430697008
1.182,11,prcus-i,-0.0,4.957632430697008
1.182,11,prcus-a,0.0,4.957632430697008
1.182,11,ifrms,-1.3568936599143835,4.957632430697008
1.182,11,sspls-v,-0.0,4.957632430697008
1.182,12,mcgs,0.0,5.281125907480679
1.182,12,pos,-0.0,5.281125907480679
1.182,12,sbps,-0.0,5.281125907480679
1.182,12,prculs-d,-0.0,5.281125907480679
1.182,12,prcus-p,-0.2641351961813687,5.281125907480679
1.182,12,prcus-i,-0.527824427035579,5.281125907480679
1.182,12,prcus-a,0.0,5.281125907480679
1.182,12,ifrms,-1.605470828832532,5.281125907480679
1.182,12,sspls-v,-0.0,5.281125907480679
1.182,13,mcgs,0.0,5.264471881124796
1.182,13,pos,-0.0,5.264471881124796
1.182,13,sbps,-0.0,5.264471881124796
1.182,13,prculs-d,-0.0,5.264471881124796
1.182,13,prcus-p,-0.22873732589014095,5.264471881124796
1.182,13,prcus-i,-0.14420302532170137,5.264471881124796
1.182,13,prcus-a,0.0,5.264471881124796
1.182,13,ifrms,-1.1898460825570187,5.264471881124796
1.182,13,sspls-v,-0.0,5.264471881124796
1.182,14,mcgs,0.0,5.238260254821404
1.182,14,pos,-0.0,5.238260254821404
1.182,14,sbps,-0.0,5.238260254821404
1.182,14,prculs-d,-0.0,5.238260254821404
1.182,14,prcus-p,-0.5118937463251579,5.238260254821404
1.182,14,prcus-i,-0.3380050642741074,5.238260254821404
1.182,14,prcus-a,0.0,5.238260254821404
1.182,14,ifrms,-1.4410157604072469,5.238260254821404
1.182,14,sspls-v,-0.0,5.238260254821404
1.182,15,mcgs,0.0,5.211689159918659
1.182,15,pos,-0.0,5.211689159918659
1.182,15,sbps,-0.0,5.211689159918659
1.182,15,prculs-d,-0.0,5.211689159918659
1.182,15,prcus-p,-0.20477565761186328,5.211689159918659
1.182,15,prcus-i,-0.2194723176034408,5.211689159918659
1.182,15,prcus-a,0.0,5.211689159918659
1.182,15,ifrms,-1.267920783021609,5.211689159918659
1.182,15,sspls-v,-0.0,5.211689159918659
1.182,16,mcgs,0.0,5.338269990103386
1.182,16,pos,-0.0,5.338269990103386
1.182,16,sbps,-0.0,5.338269990103386
1.182,16,prculs-d,-0.0,5.338269990103386
1.182,16,prcus-p,-0.42842950376433553,5.338269990103386
1.182,16,prcus-i,-0.3783427158008043,5.338269990103386
1.182,16,prcus-a,0.0,5.338269990103386
1.182,16,ifrms,-1.4387692365354152,5.338269990103386
1.182,16,sspls-v,-0.0,5.338269990103386
1.182,17,mcgs,0.0,4.906388326292775
1.182,17,pos,-0.38400171349040946,4.906388326292775
1.182,17,sbps,0.0,4.906388326292775
1.182,17,prculs-d,-0.0,4.906388326292775
1.182,17,prcus-p,-0.543785579510665,4.906388326292775
1.182,17,prcus-i,-0.0,4.906388326292775
1.182,17,prcus-a,0.0,4.906388326292775
1.182,17,ifrms,-1.4143794040329372,4.906388326292775
1.182,17,sspls-v,-0.0,4.906388326292775
1.182,18,mcgs,0.0,5.259008378439701
1.182,18,pos,-0.0,5.259008378439701
1.182,18,sbps,-0.0,5.259008378439701
1.182,18,prculs-d,-0.0,5.259008378439701
1.182,18,prcus-p,-0.4019981240449706,5.259008378439701
1.182,18,prcus-i,-0.3208158755200848,5.259008378439701
1.182,18,prcus-a,0.0,5.259008378439701
1.182,18,ifrms,-1.503615406845623,5.259008378439701
1.182,18,sspls-v,-0.0,5.259008378439701
1.182,19,mcgs,0.0,5.357771205207411
1.182,19,pos,-0.0,5.357771205207411
1.182,19,sbps,-0.0,5.357771205207411
1.182,19,prculs-d,-0.0,5.357771205207411
1.182,19,prcus-p,-0.32562053763860055,5.357771205207411
1.182,19,prcus-i,-0.4458418582393984,5.357771205207411
1.182,19,prcus-a,0.0,5.357771205207411
1.182,19,ifrms,-1.4314151555429715,5.357771205207411
1.182,19,sspls-v,-0.0,5.357771205207411
1.182,20,mcgs,0.0,5.286850246762075
1.182,20,pos,-0.0,5.286850246762075
1.182,20,sbps,-0.0,5.286850246762075
1.182,20,prculs-d,-0.0,5.286850246762075
1.182,20,prcus-p,-0.36397713050113617,5.286850246762075
1.182,20,prcus-i,-0.4289018926183805,5.286850246762075
1.182,20,prcus-a,0.0,5.286850246762075
1.182,20,ifrms,-1.47020468459846,5.286850246762075
1.182,20,sspls-v,-0.0,5.286850246762075
1.182,21,mcgs,0.0,5.274461414097093
1.182,21,pos,-0.0,5.274461414097093
1.182,21,sbps,-0.0,5.274461414097093
1.182,21,prculs-d,-0.0,5.274461414097093
1.182,21,prcus-p,-0.6441158481017161,5.274461414097093
1.182,21,prcus-i,-0.2987386056243175,5.274461414097093
1.182,21,prcus-a,0.0,5.274461414097093
1.182,21,ifrms,-1.2968534286034554,5.274461414097093
1.182,21,sspls-v,-0.0,5.274461414097093
1.182,22,mcgs,0.0,5.220096563917311
1.182,22,pos,-0.0,5.220096563917311
1.182,22,sbps,-0.0,5.220096563917311
1.182,22,prculs-d,-0.0,5.220096563917311
1.182,22,prcus-p,-0.15394004788379298,5.220096563917311
1.182,22,prcus-i,-0.28723999554907165,5.220096563917311
1.182,22,prcus-a,0.0,5.220096563917311
1.182,22,ifrms,-1.7304042572453369,5.220096563917311
1.182,22,sspls-v,-0.0,5.220096563917311
1.182,23,mcgs,0.0,4.838484381181131
1.182,23,pos,0.0,4.838484381181131
1.182,23,sbps,-0.0,4.838484381181131
1.182,23,prculs-d,-0.0,4.838484381181131
1.182,23,prcus-p,-0.6064692914249785,4.838484381181131
1.182,23,prcus-i,-0.036828970435157406,4.838484381181131
1.182,23,prcus-a,0.0,4.838484381181131
1.182,23,ifrms,-1.3556215979439015,4.838484381181131
1.182,23,sspls-v,0.0,4.838484381181131
1.182,24,mcgs,0.0,5.072572845901279
1.182,24,pos,0.0,5.072572845901279
1.182,24,sbps,-0.0,5.072572845901279
1.182,24,prculs-d,-0.0,5.072572845901279
1.182,24,prcus-p,-0.6017292019504905,5.072572845901279
1.182,24,prcus-i,-0.5033682462474697,5.072572845901279
1.182,24,prcus-a,0.0,5.072572845901279
1.182,24,ifrms,-1.4676112509297896,5.072572845901279
1.182,24,sspls-v,-0.0,5.072572845901279
1.182,25,mcgs,0.0,5.09814710088915
1.182,25,pos,-0.0,5.09814710088915
1.182,25,sbps,-0.0,5.09814710088915
1.182,25,prculs-d,-0.0,5.09814710088915
1.182,25,prcus-p,-0.0,5.09814710088915
1.182,25,prcus-i,-0.3732201345089275,5.09814710088915
1.182,25,prcus-a,0.0,5.09814710088915
1.182,25,ifrms,-1.7463267611610158,5.09814710088915
1.182,25,sspls-v,-0.0,5.09814710088915
1.182,26,mcgs,0.0,5.294198273039317
1.182,26,pos,-0.0,5.294198273039317
1.182,26,sbps,-0.0,5.294198273039317
1.182,26,prculs-d,-0.0,5.294198273039317
1.182,26,prcus-p,-0.2757377683231169,5.294198273039317
1.182,26,prcus-i,-0.325491236025864,5.294198273039317
1.182,26,prcus-a,0.0,5.294198273039317
1.182,26,ifrms,-1.5593628569333429,5.294198273039317
1.182,26,sspls-v,-0.0,5.294198273039317
1.182,27,mcgs,0.0,5.163072251444873
1.182,27,pos,-0.0,5.163072251444873
1.182,27,sbps,-0.0,5.163072251444873
1.182,27,prculs-d,-0.0,5.163072251444873
1.182,27,prcus-p,-0.4484942241859582,5.163072251444873
1.182,27,prcus-i,-0.5949582786326418,5.163072251444873
1.182,27,prcus-a,0.0,5.163072251444873
1.182,27,ifrms,-1.3729242172924225,5.163072251444873
1.182,27,sspls-v,-0.0,5.163072251444873
1.263,0,mcgs,0.0,5.228628364325926
1.263,0,pos,-0.0,5.228628364325926
1.263,0,sbps,-0.0,5.228628364325926
1.263,0,prculs-d,-0.0,5.228628364325926
1.263,0,prcus-p,-0.22946402208531003,5.228628364325926
1.263,0,prcus-i,-0.13349787011209593,5.228628364325926
1.263,0,prcus-a,0.0,5.228628364325926
1.263,0,ifrms,-1.3672237879575475,5.228628364325926
1.263,0,sspls-v,-0.0,5.228628364325926
1.263,1,mcgs,0.0,5.289485372285944
1.263,1,pos,-0.0,5.289485372285944
1.263,1,sbps,-0.0,5.289485372285944
1.263,1,prculs-d,-0.0,5.289485372285944
1.263,1,prcus-p,-0.6121061415591559,5.289485372285944
1.263,1,prcus-i,-0.02881617757804957,5.289485372285944
1.263,1,prcus-a,0.0,5.289485372285944
1.263,1,ifrms,-1.1957706428614345,5.289485372285944
1.263,1,sspls-v,-0.0,5.289485372285944
1.263,2,mcgs,0.0,5.166822049919211
1.263,2,pos,-0.0,5.166822049919211
1.263,2,sbps,-0.0,5.166822049919211
1.263,2,prculs-d,-0.0,5.166822049919211
1.263,2,prcus-p,-0.04167684146643323,5.166822049919211
1.263,2,prcus-i,-0.25219371166487836,5.166822049919211
1.263,2,prcus-a,0.0,5.166822049919211
1.263,2,ifrms,-1.4197593572852303,5.166822049919211
1.263,2,sspls-v,-0.0,5.166822049919211
1.263,3,mcgs,0.0,5.151597651683176
1.263,3,pos,-0.0,5.151597651683176
1.263,3,sbps,-0.0,5.151597651683176
1.263,3,prculs-d,-0.0,5.151597651683176
1.263,3,prcus-p,-0.1518085222745374,5.151597651683176
1.263,3,prcus-i,-0.13999047507229245,5.151597651683176
1.263,3,prcus-a,0.0,5.151597651683176
1.263,3,ifrms,-0.9469909607955811,5.151597651683176
1.263,3,sspls-v,-0.0,5.151597651683176
1.263,4,mcgs,0.0,5.307312235751298
1.263,4,pos,-0.0,5.307312235751298
1.263,4,sbps,-0.0,5.307312235751298
1.263,4,prculs-d,-0.0,5.307312235751298
1.263,4,prcus-p,-0.3031298467169989,5.307312235751298
1.263,4,prcus-i,-0.3443039967392068,5.307312235751298
1.263,4,prcus-a,0.0,5.307312235751298
1.263,4,ifrms,-1.3548423135254253,5.307312235751298
1.263,4,sspls-v,-0.0,5.307312235751298
1.263,5,mcgs,0.11170737376445215,5.109119346932675
1.263,5,pos,-0.0,5.109119346932675
1.263,5,sbps,-0.0,5.109119346932675
1.263,5,prculs-d,-0.0,5.109119346932675
1.263,5,prcus-p,-0.4528112215159627,5.109119346932675
1.263,5,prcus-i,-0.08521291223684997,5.109119346932675
1.263,5,prcus-a,0.0,5.109119346932675
1.263,5,ifrms,-0.9619156529930346,5.109119346932675
1.263,5,sspls-v,-0.0,5.109119346932675
1.263,6,mcgs,0.0,5.20890231546635
1.263,6,pos,-0.0,5.20890231546635
1.263,6,sbps,-0.0,5.20890231546635
1.263,6,prculs-d,-0.0,5.20890231546635
1.263,6,prcus-p,-0.14396949187858007,5.20890231546635
1.263,6,prcus-i,-0.34607762413850784,5.20890231546635
1.263,6,prcus-a,0.0,5.20890231546635
1.263,6,ifrms,-1.5193865624243403,5.20890231546635
1.263,6,sspls-v,-0.0,5.20890231546635
1.263,7,mcgs,0.0,5.316766301104413
1.263,7,pos,-0.0,5.316766301104413
1.263,7,sbps,-0.0,5.316766301104413
1.263,7,prculs-d,-0.0,5.316766301104413
1.263,7,prcus-p,-0.32729593014406005,5.316766301104413
1.263,7,prcus-i,-0.261315162807954,5.316766301104413
1.263,7,prcus-a,0.0,5.316766301104413
1.263,7,ifrms,-1.3716587635893915,5.316766301104413
1.263,7,sspls-v,-0.0,5.316766301104413
1.263,8,mcgs,0.0,5.154550163819863
1.263,8,pos,-0.0,5.154550163819863
1.263,8,sbps,-0.0,5.154550163819863
1.263,8,prculs-d,0.0,5.154550163819863
1.263,8,prcus-p,-0.24417077125788092,5.154550163819863
1.263,8,prcus-i,-0.46942941147607886,5.154550163819863
1.263,8,prcus-a,0.0,5.154550163819863
1.263,8,ifrms,-1.0934547412936726,5.154550163819863
1.263,8,sspls-v,-0.0,5.154550163819863
1.263,9,mcgs,0.0,4.849341630339999
1.263,9,pos,0.0,4.849341630339999
1.263,9,sbps,-0.0,4.849341630339999
1.263,9,prculs-d,-0.0,4.849341630339999
1.263,9,prcus-p,-0.532071949498423,4.849341630339999
1.263,9,prcus-i,-0.326029037387657,4.849341630339999
1.263,9,prcus-a,0.0,4.849341630339999
1.263,9,ifrms,-1.2654745750058942,4.849341630339999
1.263,9,sspls-v,-0.0,4.849341630339999
1.263,10,mcgs,0.0,5.038886333456679
1.263,10,pos,-0.0,5.038886333456679
1.263,10,sbps,-0.0,5.038886333456679
1.263,10,prculs-d,-0.0,5.038886333456679
1.263,10,prcus-p,-0.24422917231847716,5.038886333456679
1.263,10,prcus-i,-0.6822765989189299,5.038886333456679
1.263,10,prcus-a,0.0,5.038886333456679
1.263,10,ifrms,-1.651516121486366,5.038886333456679
1.263,10,sspls-v,-0.0,5.038886333456679
1.263,11,mcgs,0.0,4.920928270960258
1.263,11,pos,-0.0,4.920928270960258
1.263,11,sbps,-0.0,4.920928270960258
1.263,11,prculs-d,-0.0,4.920928270960258
1.263,11,prcus-p,-0.0,4.920928270960258
1.263,11,prcus-i,-0.0,4.920928270960258
1.263,11,prcus-a,0.0,4.920928270960258
1.263,11,ifrms,-1.2855299451936297,4.920928270960258
1.263,11,sspls-v,-0.0,4.920928270960258
1.263,12,mcgs,0.0,5.308309299087356
1.263,12,pos,-0.0,5.308309299087356
1.263,12,sbps,-0.0,5.308309299087356
1.263,12,prculs-d,-0.0,5.308309299087356
1.263,12,prcus-p,-0.22786854985694438,5.308309299087356
1.263,12,prcus-i,-0.4077107089063048,5.308309299087356
1.263,12,prcus-a,0.0,5.308309299087356
1.263,12,ifrms,-1.5004989975477203,5.308309299087356
1.263,12,sspls-v,-0.0,5.308309299087356
1.263,13,mcgs,0.0,5.242620643505862
1.263,13,pos,-0.0,5.242620643505862
1.263,13,sbps,-0.0,5.242620643505862
1.263,13,prculs-d,-0.0,5.242620643505862
1.263,13,prcus-p,-0.17503155884024818,5.242620643505862
1.263,13,prcus-i,-0.04496158304201924,5.242620643505862
1.263,13,prcus-a,0.0,5.242620643505862
1.263,13,ifrms,-1.1141935445364461,5.242620643505862
1.263,13,sspls-v,-0.0,5.242620643505862
1.263,14,mcgs,0.0,5.249017899323991
1.263,14,pos,-0.0,5.249017899323991
1.263,14,sbps,-0.0,5.249017899323991
1.263,14,prculs-d,-0.0,5.249017899323991
1.263,14,prcus-p,-0.4624078081632059,5.249017899323991
1.263,14,prcus-i,-0.2486181556171629,5.249017899323991
1.263,14,prcus-a,0.0,5.249017899323991
1.263,14,ifrms,-1.369178307206119,5.249017899323991
1.263,14,sspls-v,-0.0,5.249017899323991
1.263,15,mcgs,0.0,5.228809902777936
1.263,15,pos,-0.0,5.228809902777936
1.263,15,sbps,-0.0,5.228809902777936
1.263,15,prculs-d,-0.0,5.228809902777936
1.263,15,prcus-p,-0.1479990655044911,5.228809902777936
1.263,15,prcus-i,-0.11752248075233893,5.228809902777936
1.263,15,prcus-a,0.0,5.228809902777936
1.263,15,ifrms,-1.1903953678585324,5.228809902777936
1.263,15,sspls-v,-0.0,5.228809902777936
1.263,16,mcgs,0.0,5.3422764649094505
1.263,16,pos,-0.0,5.3422764649094505
1.263,16,sbps,-0.0,5.3422764649094505
1.263,16,prculs-d,-0.0,5.3422764649094505
1.263,16,prcus-p,-0.3720183171415085,5.3422764649094505
1.263,16,prcus-i,-0.2793119253058091,5.3422764649094505
1.263,16,prcus-a,0.0,5.3422764649094505
1.263,16,ifrms,-1.3671793172725952,5.3422764649094505
1.263,16,sspls-v,-0.0,5.3422764649094505
1.263,17,mcgs,0.0,4.918025046566487
1.263,17,pos,-0.31192451292499873,4.918025046566487
1.263,17,sbps,0.0,4.918025046566487
1.263,17,prculs-d,-0.0,4.918025046566487
1.263,17,prcus-p,-0.4825277386364132,4.918025046566487
1.263,17,prcus-i,-0.0,4.918025046566487
1.263,17,prcus-a,0.0,4.918025046566487
1.263,17,ifrms,-1.3755106968142514,4.918025046566487
1.263,17,sspls-v,-0.0,4.918025046566487
1.263,18,mcgs,0.0,5.260405956600037
1.263,18,pos,-0.0,5.260405956600037
1.263,18,sbps,-0.0,5.260405956600037
1.263,18,prculs-d,-0.0,5.260405956600037
1.263,18,prcus-p,-0.35103887042677573,5.260405956600037
1.263,18,prcus-i,-0.231011355832104,5.260405956600037
1.263,18,prcus-a,0.0,5.260405956600037
1.263,18,ifrms,-1.4348361565992116,5.260405956600037
1.263,18,sspls-v,-0.0,5.260405956600037
1.263,19,mcgs,0.0,5.347877607056561
1.263,19,pos,-0.0,5.347877607056561
1.263,19,sbps,-0.0,5.347877607056561
1.263,19,prculs-d,-0.0,5.347877607056561
1.263,19,prcus-p,-0.26840082866930254,5.347877607056561
1.263,19,prcus-i,-0.36012118873503174,5.347877607056561
1.263,19,prcus-a,0.0,5.347877607056561
1.263,19,ifrms,-1.3763248592047033,5.347877607056561
1.263,19,sspls-v,-0.0,5.347877607056561
1.263,20,mcgs,0.0,5.277306470605886
1.263,20,pos,-0.0,5.277306470605886
1.263,20,sbps,-0.0,5.277306470605886
1.263,20,prculs-d,-0.0,5.277306470605886
1.263,20,prcus-p,-0.31234638109788876,5.277306470605886
1.263,20,prcus-i,-0.3331599302716763,5.277306470605886
1.263,20,prcus-a,0.0,5.277306470605886
1.263,20,ifrms,-1.3973011083048894,5.277306470605886
1.263,20,sspls-v,-0.0,5.277306470605886
1.263,21,mcgs,0.0,5.2861751272855715
1.263,21,pos,-0.0,5.2861751272855715
1.263,21,sbps,-0.0,5.2861751272855715
1.263,21,prculs-d,-0.0,5.2861751272855715
1.263,21,prcus-p,-0.6023475319106468,5.2861751272855715
1.263,21,prcus-i,-0.20451386742764635,5.2861751272855715
1.263,21,prcus-a,0.0,5.2861751272855715
1.263,21,ifrms,-1.2208022416199018,5.2861751272855715
1.263,21,sspls-v,-0.0,5.2861751272855715
1.263,22,mcgs,0.0,5.206043108995857
1.263,22,pos,-0.0,5.206043108995857
1.263,22,sbps,-0.0,5.206043108995857
1.263,22,prculs-d,-0.0,5.206043108995857
1.263,22,prcus-p,-0.09893216246329771,5.206043108995857
1.263,22,prcus-i,-0.19471964579326073,5.206043108995857
1.263,22,prcus-a,0.0,5.206043108995857
1.263,22,ifrms,-1.6671516304035239,5.206043108995857
1.263,22,sspls-v,-0.0,5.206043108995857
1.263,23,mcgs,0.0,4.839472935734273
1.263,23,pos,0.0,4.839472935734273
1.263,23,sbps,-0.0,4.839472935734273
1.263,23,prculs-d,-0.0,4.839472935734273
1.263,23,prcus-p,-0.5533023765437298,4.839472935734273
1.263,23,prcus-i,-0.0,4.839472935734273
1.263,23,prcus-a,0.0,4.839472935734273
1.263,23,ifrms,-1.2933220294357262,4.839472935734273
1.263,23,sspls-v,0.0,4.839472935734273
1.263,24,mcgs,0.0,5.084117001861616
1.263,24,pos,0.0,5.084117001861616
1.263,24,sbps,-0.0,5.084117001861616
1.263,24,prculs-d,-0.0,5.084117001861616
1.263,24,prcus-p,-0.5482151276296721,5.084117001861616
1.263,24,prcus-i,-0.40585115575707237,5.084117001861616
1.263,24,prcus-a,0.0,5.084117001861616
1.263,24,ifrms,-1.3943169317898352,5.084117001861616
1.263,24,sspls-v,-0.0,5.084117001861616
1.263,25,mcgs,0.0,5.066503473538382
1.263,25,pos,-0.0,5.066503473538382
1.263,25,sbps,-0.0,5.066503473538382
1.263,25,prculs-d,-0.0,5.066503473538382
1.263,25,prcus-p,-0.0,5.066503473538382
1.263,25,prcus-i,-0.27569548848767955,5.066503473538382
1.263,25,prcus-a,0.0,5.066503473538382
1.263,25,ifrms,-1.6488020881543772,5.066503473538382
1.263,25,sspls-v,-0.0,5.066503473538382
1.263,26,mcgs,0.0,5.273615284822763
1.263,26,pos,-0.0,5.273615284822763
1.263,26,sbps,-0.0,5.273615284822763
1.263,26,prculs-d,-0.0,5.273615284822763
1.263,26,prcus-p,-0.22104951051416954,5.273615284822763
1.263,26,prcus-i,-0.23007323144295785,5.273615284822763
1.263,26,prcus-a,0.0,5.273615284822763
1.263,26,ifrms,-1.4918000236270421,5.273615284822763
1.263,26,sspls-v,-0.0,5.273615284822763
1.263,27,mcgs,0.0,5.162408224050485
1.263,27,pos,-0.0,5.162408224050485
1.263,27,sbps,-0.0,5.162408224050485
1.263,27,prculs-d,-0.0,5.162408224050485
1.263,27,prcus-p,-0.39485142958698505,5.162408224050485
1.263,27,prcus-i,-0.5002790311526337,5.162408224050485
1.263,27,prcus-a,0.0,5.162408224050485
1.263,27,ifrms,-1.303063775009112,5.162408224050485
1.263,27,sspls-v,-0.0,5.162408224050485
1.35,0,mcgs,0.0,5.259031246164535
1.35,0,pos,-0.0,5.259031246164535
1.35,0,sbps,-0.0,5.259031246164535
1.35,0,prculs-d,-0.0,5.259031246164535
1.35,0,prcus-p,-0.16826058418580497,5.259031246164535
1.35,0,prcus-i,-0.024839451500528287,5.259031246164535
1.35,0,prcus-a,0.0,5.259031246164535
1.35,0,ifrms,-1.2876187763994658,5.259031246164535
1.35,0,sspls-v,-0.0,5.259031246164535
1.35,1,mcgs,0.0,5.236985124548469
1.35,1,pos,-0.0,5.236985124548469
1.35,1,sbps,-0.0,5.236985124548469
1.35,1,prculs-d,-0.0,5.236985124548469
1.35,1,prcus-p,-0.555315956859239,5.236985124548469
1.35,1,prcus-i,-0.0,5.236985124548469
1.35,1,prcus-a,0.0,5.236985124548469
1.35,1,ifrms,-1.130735501304289,5.236985124548469
1.35,1,sspls-v,-0.0,5.236985124548469
1.35,2,mcgs,0.0,5.181533574316585
1.35,2,pos,-0.0,5.181533574316585
1.35,2,sbps,-0.0,5.181533574316585
1.35,2,prculs-d,-0.0,5.181533574316585
1.35,2,prcus-p,-0.0,5.181533574316585
1.35,2,prcus-i,-0.14817631321669697,5.181533574316585
1.35,2,prcus-a,0.0,5.181533574316585
1.35,2,ifrms,-1.334283201422905,5.181533574316585
1.35,2,sspls-v,-0.0,5.181533574316585
1.35,3,mcgs,0.0,5.17199632442085
1.35,3,pos,-0.0,5.17199632442085
1.35,3,sbps,-0.0,5.17199632442085
1.35,3,prculs-d,-0.0,5.17199632442085
1.35,3,prcus-p,-0.09039452481691748,5.17199632442085
1.35,3,prcus-i,-0.030378254177071646,5.17199632442085
1.35,3,prcus-a,0.0,5.17199632442085
1.35,3,ifrms,-0.8608169598571578,5.17199632442085
1.35,3,sspls-v,-0.0,5.17199632442085
1.35,4,mcgs,0.0,5.3052105757671235
1.35,4,pos,-0.0,5.3052105757671235
1.35,4,sbps,-0.0,5.3052105757671235
1.35,4,prculs-d,-0.0,5.3052105757671235
1.35,4,prcus-p,-0.24800161493424291,5.3052105757671235
1.35,4,prcus-i,-0.24872309704036238,5.3052105757671235
1.35,4,prcus-a,0.0,5.3052105757671235
1.35,4,ifrms,-1.2811955015544505,5.3052105757671235
1.35,4,sspls-v,-0.0,5.3052105757671235
1.35,5,mcgs,0.11828771031356329,5.113720448302947
1.35,5,pos,-0.0,5.113720448302947
1.35,5,sbps,-0.0,5.113720448302947
1.35,5,prculs-d,-0.0,5.113720448302947
1.35,5,prcus-p,-0.3942747768156285,5.113720448302947
1.35,5,prcus-i,-0.0,5.113720448302947
1.35,5,prcus-a,0.0,5.113720448302947
1.35,5,ifrms,-0.8840515857573651,5.113720448302947
1.35,5,sspls-v,-0.0,5.113720448302947
1.35,6,mcgs,0.0,5.214847459942648
1.35,6,pos,-0.0,5.214847459942648
1.35,6,sbps,-0.0,5.214847459942648
1.35,6,prculs-d,-0.0,5.214847459942648
1.35,6,prcus-p,-0.09262303069870952,5.214847459942648
1.35,6,prcus-i,-0.2433892577564342,5.214847459942648
1.35,6,prcus-a,0.0,5.214847459942648
1.35,6,ifrms,-1.4396386317208256,5.214847459942648
1.35,6,sspls-v,-0.0,5.214847459942648
1.35,7,mcgs,0.0,5.3233152826610555
1.35,7,pos,-0.0,5.3233152826610555
1.35,7,sbps,-0.0,5.3233152826610555
1.35,7,prculs-d,-0.0,5.3233152826610555
1.35,7,prcus-p,-0.26999841477927417,5.3233152826610555
1.35,7,prcus-i,-0.15707226835607327,5.3233152826610555
1.35,7,prcus-a,0.0,5.3233152826610555
1.35,7,ifrms,-1.2928438601239187,5.3233152826610555
1.35,7,sspls-v,-0.0,5.3233152826610555
1.35,8,mcgs,0.0,5.1947620587881165
1.35,8,pos,-0.0,5.1947620587881165
1.35,8,sbps,-0.0,5.1947620587881165
1.35,8,prculs-d,0.0,5.1947620587881165
1.35,8,prcus-p,-0.1881585884805632,5.1947620587881165
1.35,8,prcus-i,-0.3686552387777536,5.1947620587881165
1.35,8,prcus-a,0.0,5.1947620587881165
1.35,8,ifrms,-1.0169045865264648,5.1947620587881165
1.35,8,sspls-v,-0.0,5.1947620587881165
1.35,9,mcgs,0.0,4.876030085856401
1.35,9,pos,0.0,4.876030085856401
1.35,9,sbps,-0.0,4.876030085856401
1.35,9,prculs-d,-0.0,4.876030085856401
1.35,9,prcus-p,-0.47599997608492783,4.876030085856401
1.35,9,prcus-i,-0.22265430689172042,4.876030085856401
1.35,9,prcus-a,0.0,4.876030085856401
1.35,9,ifrms,-1.1873762201948561,4.876030085856401
1.35,9,sspls-v,-0.0,4.876030085856401
1.35,10,mcgs,0.0,5.0683388885241625
1.35,10,pos,-0.0,5.0683388885241625
1.35,10,sbps,-0.0,5.0683388885241625
1.35,10,prculs-d,-0.0,5.0683388885241625
1.35,10,prcus-p,-0.19011935341574648,5.0683388885241625
1.35,10,prcus-i,-0.5748270747376241,5.0683388885241625
1.35,10,prcus-a,0.0,5.0683388885241625
1.35,10,ifrms,-1.5677831603461483,5.0683388885241625
1.35,10,sspls-v,-0.0,5.0683388885241625
1.35,11,mcgs,0.0,4.898511304466405
1.35,11,pos,-0.0,4.898511304466405
1.35,11,sbps,-0.0,4.898511304466405
1.35,11,prculs-d,-0.0,4.898511304466405
1.35,11,prcus-p,-0.0,4.898511304466405
1.35,11,prcus-i,-0.0,4.898511304466405
1.35,11,prcus-a,0.0,4.898511304466405
1.35,11,ifrms,-1.1985299451936295,4.898511304466405
1.35,11,sspls-v,-0.0,4.898511304466405
1.35,12,mcgs,0.0,5.345253716195617
1.35,12,pos,-0.0,5.345253716195617
1.35,12,sbps,-0.0,5.345253716195617
1.35,12,prculs-d,-0.0,5.345253716195617
1.35,12,prcus-p,-0.18891548528626367,5.345253716195617
1.35,12,prcus-i,-0.2786996783230112,5.345253716195617
1.35,12,prcus-a,0.0,5.345253716195617
1.35,12,ifrms,-1.3877514750566302,5.345253716195617
1.35,12,sspls-v,-0.0,5.345253716195617
1.35,13,mcgs,0.0,5.200301196597194
1.35,13,pos,-0.0,5.200301196597194
1.35,13,sbps,-0.0,5.200301196597194
1.35,13,prculs-d,-0.0,5.200301196597194
1.35,13,prcus-p,-0.11607712090006021,5.200301196597194
1.35,13,prcus-i,-0.0,5.200301196597194
1.35,13,prcus-a,0.0,5.200301196597194
1.35,13,ifrms,-1.0452993686166612,5.200301196597194
1.35,13,sspls-v,-0.0,5.200301196597194
1.35,14,mcgs,0.0,5.267044148538305
1.35,14,pos,-0.0,5.267044148538305
1.35,14,sbps,-0.0,5.267044148538305
1.35,14,prculs-d,-0.0,5.267044148538305
1.35,14,prcus-p,-0.40925608718645795,5.267044148538305
1.35,14,prcus-i,-0.15261004442454493,5.267044148538305
1.35,14,prcus-a,0.0,5.267044148538305
1.35,14,ifrms,-1.2920196334443377,5.267044148538305
1.35,14,sspls-v,-0.0,5.267044148538305
1.35,15,mcgs,0.0,5.2352492119774565
1.35,15,pos,-0.0,5.2352492119774565
1.35,15,sbps,-0.0,5.2352492119774565
1.35,15,prculs-d,-0.0,5.2352492119774565
1.35,15,prcus-p,-0.08701683627707427,5.2352492119774565
1.35,15,prcus-i,-0.008020789486806998,5.2352492119774565
1.35,15,prcus-a,0.0,5.2352492119774565
1.35,15,ifrms,-1.1071273107269577,5.2352492119774565
1.35,15,sspls-v,-0.0,5.2352492119774565
1.35,16,mcgs,0.0,5.357527233461787
1.35,16,pos,-0.0,5.357527233461787
1.35,16,sbps,-0.0,5.357527233461787
1.35,16,prculs-d,-0.0,5.357527233461787
1.35,16,prcus-p,-0.3114286499324271,5.357527233461787
1.35,16,prcus-i,-0.17294547967158333,5.357527233461787
1.35,16,prcus-a,0.0,5.357527233461787
1.35,16,ifrms,-1.2902863738720634,5.357527233461787
1.35,16,sspls-v,-0.0,5.357527233461787
1.35,17,mcgs,0.0,4.93566673670508
1.35,17,pos,-0.2345082604658528,4.93566673670508
1.35,17,sbps,-0.0,4.93566673670508
1.35,17,prculs-d,-0.0,4.93566673670508
1.35,17,prcus-p,-0.41673227991962336,4.93566673670508
1.35,17,prcus-i,-0.0,4.93566673670508
1.35,17,prcus-a,0.0,4.93566673670508
1.35,17,ifrms,-1.3337628260978875,4.93566673670508
1.35,17,sspls-v,-0.0,4.93566673670508
1.35,18,mcgs,0.0,5.263839008359919
1.35,18,pos,-0.0,5.263839008359919
1.35,18,sbps,-0.0,5.263839008359919
1.35,18,prculs-d,-0.0,5.263839008359919
1.35,18,prcus-p,-0.29630462367334615,5.263839008359919
1.35,18,prcus-i,-0.13455470984733875,5.263839008359919
1.35,18,prcus-a,0.0,5.263839008359919
1.35,18,ifrms,-1.3609622596911977,5.263839008359919
1.35,18,sspls-v,-0.0,5.263839008359919
1.35,19,mcgs,0.0,5.343350359519981
1.35,19,pos,-0.0,5.343350359519981
1.35,19,sbps,-0.0,5.343350359519981
1.35,19,prculs-d,-0.0,5.343350359519981
1.35,19,prcus-p,-0.20694262273931452,5.343350359519981
1.35,19,prcus-i,-0.2680508400081194,5.343350359519981
1.35,19,prcus-a,0.0,5.343350359519981
1.35,19,ifrms,-1.3171538001747134,5.343350359519981
1.35,19,sspls-v,-0.0,5.343350359519981
1.35,20,mcgs,0.0,5.273904067200184
1.35,20,pos,-0.0,5.273904067200184
1.35,20,sbps,-0.0,5.273904067200184
1.35,20,prculs-d,-0.0,5.273904067200184
1.35,20,prcus-p,-0.25689097014066675,5.273904067200184
1.35,20,prcus-i,-0.23032602485904385,5.273904067200184
1.35,20,prcus-a,0.0,5.273904067200184
1.35,20,ifrms,-1.3189973516882656,5.273904067200184
1.35,20,sspls-v,-0.0,5.273904067200184
1.35,21,mcgs,0.0,5.3086053901481005
1.35,21,pos,-0.0,5.3086053901481005
1.35,21,sbps,-0.0,5.3086053901481005
1.35,21,prculs-d,-0.0,5.3086053901481005
1.35,21,prcus-p,-0.5574852663720912,5.3086053901481005
1.35,21,prcus-i,-0.10330951899418483,5.3086053901481005
1.35,21,prcus-a,0.0,5.3086053901481005
1.35,21,ifrms,-1.139117633378305,5.3086053901481005
1.35,21,sspls-v,-0.0,5.3086053901481005
1.35,22,mcgs,0.0,5.194204651741256
1.35,22,pos,-0.0,5.194204651741256
1.35,22,sbps,-0.0,5.194204651741256
1.35,22,prculs-d,-0.0,5.194204651741256
1.35,22,prcus-p,-0.039849618863504625,5.194204651741256
1.35,22,prcus-i,-0.09534593679627867,5.194204651741256
1.35,22,prcus-a,0.0,5.194204651741256
1.35,22,ifrms,-1.5992136237956505,5.194204651741256
1.35,22,sspls-v,-0.0,5.194204651741256
1.35,23,mcgs,0.0,4.84757580200474
1.35,23,pos,0.0,4.84757580200474
1.35,23,sbps,-0.0,4.84757580200474
1.35,23,prculs-d,-0.0,4.84757580200474
1.35,23,prcus-p,-0.4940171715405202,4.84757580200474
1.35,23,prcus-i,-0.0,4.84757580200474
1.35,23,prcus-a,0.0,4.84757580200474
1.35,23,ifrms,-1.2340388515278808,4.84757580200474
1.35,23,sspls-v,0.0,4.84757580200474
1.35,24,mcgs,0.0,5.106173714118196
1.35,24,pos,0.0,5.106173714118196
1.35,24,sbps,-0.0,5.106173714118196
1.35,24,prculs-d,-0.0,5.106173714118196
1.35,24,prcus-p,-0.4907370173831872,5.106173714118196
1.35,24,prcus-i,-0.30111058778932437,5.106173714118196
1.35,24,prcus-a,0.0,5.106173714118196
1.35,24,ifrms,-1.3155934198505688,5.106173714118196
1.35,24,sspls-v,-0.0,5.106173714118196
1.35,25,mcgs,0.0,5.041442906788636
1.35,25,pos,-0.0,5.041442906788636
1.35,25,sbps,-0.0,5.041442906788636
1.35,25,prculs-d,-0.0,5.041442906788636
1.35,25,prcus-p,-0.0,5.041442906788636
1.35,25,prcus-i,-0.1709469041358071,5.041442906788636
1.35,25,prcus-a,0.0,5.041442906788636
1.35,25,ifrms,-1.5440533838530486,5.041442906788636
1.35,25,sspls-v,-0.0,5.041442906788636
1.35,26,mcgs,0.0,5.256011622411141
1.35,26,pos,-0.0,5.256011622411141
1.35,26,sbps,-0.0,5.256011622411141
1.35,26,prculs-d,-0.0,5.256011622411141
1.35,26,prcus-p,-0.16231029052197665,5.256011622411141
1.35,26,prcus-i,-0.12758722185404334,5.256011622411141
1.35,26,prcus-a,0.0,5.256011622411141
1.35,26,ifrms,-1.4192325252987634,5.256011622411141
1.35,26,sspls-v,-0.0,5.256011622411141
1.35,27,mcgs,0.0,5.163674706931965
1.35,27,pos,-0.0,5.163674706931965
1.35,27,sbps,-0.0,5.163674706931965
1.35,27,prculs-d,-0.0,5.163674706931965
1.35,27,prcus-p,-0.3372350946473474,5.163674706931965
1.35,27,prcus-i,-0.39858650608151364,5.163674706931965
1.35,27,prcus-a,0.0,5.163674706931965
1.35,27,ifrms,-1.2280284851492602,5.163674706931965
1.35,27,sspls-v,-0.0,5.163674706931965
1.444,0,mcgs,0.0,5.252679758056207
1.444,0,pos,-0.0,5.252679758056207
1.444,0,sbps,-0.0,5.252679758056207
1.444,0,prculs-d,-0.0,5.252679758056207
1.444,0,prcus-p,-0.10364585834569158,5.252679758056207
1.444,0,prcus-i,-0.0,5.252679758056207
1.444,0,prcus-a,0.0,5.252679758056207
1.444,0,ifrms,-1.2187967745616335,5.252679758056207
1.444,0,sspls-v,-0.0,5.252679758056207
1.444,1,mcgs,0.0,5.21147738392634
1.444,1,pos,-0.0,5.21147738392634
1.444,1,sbps,-0.0,5.21147738392634
1.444,1,prculs-d,-0.0,5.21147738392634
1.444,1,prcus-p,-0.49162193614604693,5.21147738392634
1.444,1,prcus-i,-0.0,5.21147738392634
1.444,1,prcus-a,0.0,5.21147738392634
1.444,1,ifrms,-1.0670443809232661,5.21147738392634
1.444,1,sspls-v,-0.0,5.21147738392634
1.444,2,mcgs,0.0,5.187935241425016
1.444,2,pos,-0.0,5.187935241425016
1.444,2,sbps,-0.0,5.187935241425016
1.444,2,prculs-d,-0.0,5.187935241425016
1.444,2,prcus-p,-0.0,5.187935241425016
1.444,2,prcus-i,-0.034794138852526996,5.187935241425016
1.444,2,prcus-a,0.0,5.187935241425016
1.444,2,ifrms,-1.22090008838968,5.187935241425016
1.444,2,sspls-v,-0.0,5.187935241425016
1.444,3,mcgs,0.0,5.156849316279245
1.444,3,pos,-0.0,5.156849316279245
1.444,3,sbps,-0.0,5.156849316279245
1.444,3,prculs-d,-0.0,5.156849316279245
1.444,3,prcus-p,-0.02307048002637157,5.156849316279245
1.444,3,prcus-i,-0.0,5.156849316279245
1.444,3,prcus-a,0.0,5.156849316279245
1.444,3,ifrms,-0.7866320363425438,5.156849316279245
1.444,3,sspls-v,-0.0,5.156849316279245
1.444,4,mcgs,0.0,5.342849241734849
1.444,4,pos,-0.0,5.342849241734849
1.444,4,sbps,-0.0,5.342849241734849
1.444,4,prculs-d,-0.0,5.342849241734849
1.444,4,prcus-p,-0.18843767534621672,5.342849241734849
1.444,4,prcus-i,-0.1454518063957527,5.342849241734849
1.444,4,prcus-a,0.0,5.342849241734849
1.444,4,ifrms,-1.2016231321406954,5.342849241734849
1.444,4,sspls-v,-0.0,5.342849241734849
1.444,5,mcgs,0.07674085242300042,5.1119235148695745
1.444,5,pos,-0.0,5.1119235148695745
1.444,5,sbps,-0.0,5.1119235148695745
1.444,5,prculs-d,-0.0,5.1119235148695745
1.444,5,prcus-p,-0.3503239081969987,5.1119235148695745
1.444,5,prcus-i,-0.0,5.1119235148695745
1.444,5,prcus-a,0.0,5.1119235148695745
1.444,5,ifrms,-0.8314272358438386,5.1119235148695745
1.444,5,sspls-v,-0.0,5.1119235148695745
1.444,6,mcgs,0.0,5.238579501660765
1.444,6,pos,-0.0,5.238579501660765
1.444,6,sbps,-0.0,5.238579501660765
1.444,6,prculs-d,-0.0,5.238579501660765
1.444,6,prcus-p,-0.0371452450560894,5.238579501660765
1.444,6,prcus-i,-0.13243860902178128,5.238579501660765
1.444,6,prcus-a,0.0,5.238579501660765
1.444,6,ifrms,-1.3534742008457634,5.238579501660765
1.444,6,sspls-v,-0.0,5.238579501660765
1.444,7,mcgs,0.0,5.363243987655543
1.444,7,pos,-0.0,5.363243987655543
1.444,7,sbps,-0.0,5.363243987655543
1.444,7,prculs-d,-0.0,5.363243987655543
1.444,7,prcus-p,-0.20809075450008016,5.363243987655543
1.444,7,prcus-i,-0.04444201458047769,5.363243987655543
1.444,7,prcus-a,0.0,5.363243987655543
1.444,7,ifrms,-1.2076875276439791,5.363243987655543
1.444,7,sspls-v,-0.0,5.363243987655543
1.444,8,mcgs,0.0,5.235459086994016
1.444,8,pos,-0.0,5.235459086994016
1.444,8,sbps,-0.0,5.235459086994016
1.444,8,prculs-d,0.0,5.235459086994016
1.444,8,prcus-p,-0.12764079222826213,5.235459086994016
1.444,8,prcus-i,-0.25977245653574155,5.235459086994016
1.444,8,prcus-a,0.0,5.235459086994016
1.444,8,ifrms,-0.9341946625885769,5.235459086994016
1.444,8,sspls-v,-0.0,5.235459086994016
1.444,9,mcgs,0.0,4.923543509691079
1.444,9,pos,0.0,4.923543509691079
1.444,9,sbps,-0.0,4.923543509691079
1.444,9,prculs-d,-0.0,4.923543509691079
1.444,9,prcus-p,-0.4154163012282748,4.923543509691079
1.444,9,prcus-i,-0.11096212365406088,4.923543509691079
1.444,9,prcus-a,0.0,4.923543509691079
1.444,9,ifrms,-1.1029941757839827,4.923543509691079
1.444,9,sspls-v,-0.0,4.923543509691079
1.444,10,mcgs,0.0,5.0854035642682165
1.444,10,pos,-0.0,5.0854035642682165
1.444,10,sbps,-0.0,5.0854035642682165
1.444,10,prculs-d,-0.0,5.0854035642682165
1.444,10,prcus-p,-0.1316558709231425,5.0854035642682165
1.444,10,prcus-i,-0.45873218654173187,5.0854035642682165
1.444,10,prcus-a,0.0,5.0854035642682165
1.444,10,ifrms,-1.4773130644015464,5.0854035642682165
1.444,10,sspls-v,-0.0,5.0854035642682165
1.444,11,mcgs,0.0,4.907815334115749
1.444,11,pos,-0.0,4.907815334115749
1.444,11,sbps,-0.0,4.907815334115749
1.444,11,prculs-d,-0.0,4.907815334115749
1.444,11,prcus-p,-0.0,4.907815334115749
1.444,11,prcus-i,-0.0,4.907815334115749
1.444,11,prcus-a,0.0,4.907815334115749
1.444,11,ifrms,-1.1045299451936297,4.907815334115749
1.444,11,sspls-v,-0.0,4.907815334115749
1.444,12,mcgs,0.0,5.382313199494246
1.444,12,pos,-0.0,5.382313199494246
1.444,12,sbps,-0.0,5.382313199494246
1.444,12,prculs-d,-0.0,5.382313199494246
1.444,12,prcus-p,-0.14682826609495508,5.382313199494246
1.444,12,prcus-i,-0.13930844987669364,5.382313199494246
1.444,12,prcus-a,0.0,5.382313199494246
1.444,12,ifrms,-1.265932312824875,5.382313199494246
1.444,12,sspls-v,-0.0,5.382313199494246
1.444,13,mcgs,0.0,5.169014565899294
1.444,13,pos,-0.0,5.169014565899294
1.444,13,sbps,-0.0,5.169014565899294
1.444,13,prculs-d,-0.0,5.169014565899294
1.444,13,prcus-p,-0.05138103451079044,5.169014565899294
1.444,13,prcus-i,-0.0,5.169014565899294
1.444,13,prcus-a,0.0,5.169014565899294
1.444,13,ifrms,-0.980604764728924,5.169014565899294
1.444,13,sspls-v,-0.0,5.169014565899294
1.444,14,mcgs,0.0,5.319757971621504
1.444,14,pos,-0.0,5.319757971621504
1.444,14,sbps,-0.0,5.319757971621504
1.444,14,prculs-d,-0.0,5.319757971621504
1.444,14,prcus-p,-0.35182779095870714,5.319757971621504
1.444,14,prcus-i,-0.0488771426761995,5.319757971621504
1.444,14,prcus-a,0.0,5.319757971621504
1.444,14,ifrms,-1.2086527905293092,5.319757971621504
1.444,14,sspls-v,-0.0,5.319757971621504
1.444,15,mcgs,0.0,5.220430009521871
1.444,15,pos,-0.0,5.220430009521871
1.444,15,sbps,-0.0,5.220430009521871
1.444,15,prculs-d,-0.0,5.220430009521871
1.444,15,prcus-p,-0.02124789794919795,5.220430009521871
1.444,15,prcus-i,-0.0,5.220430009521871
1.444,15,prcus-a,0.0,5.220430009521871
1.444,15,ifrms,-1.0397272249109804,5.220430009521871
1.444,15,sspls-v,-0.0,5.220430009521871
1.444,16,mcgs,0.0,5.396048405462346
1.444,16,pos,-0.0,5.396048405462346
1.444,16,sbps,-0.0,5.396048405462346
1.444,16,prculs-d,-0.0,5.396048405462346
1.444,16,prcus-p,-0.24596395202836185,5.396048405462346
1.444,16,prcus-i,-0.05802081427368564,5.396048405462346
1.444,16,prcus-a,0.0,5.396048405462346
1.444,16,ifrms,-1.2072066419220648,5.396048405462346
1.444,16,sspls-v,-0.0,5.396048405462346
1.444,17,mcgs,0.0,4.9562781630938595
1.444,17,pos,-0.15086311413068512,4.9562781630938595
1.444,17,sbps,-0.0,4.9562781630938595
1.444,17,prculs-d,-0.0,4.9562781630938595
1.444,17,prcus-p,-0.34564293371987315,4.9562781630938595
1.444,17,prcus-i,-0.0,4.9562781630938595
1.444,17,prcus-a,0.0,4.9562781630938595
1.444,17,ifrms,-1.2886559313008945,4.9562781630938595
1.444,17,sspls-v,-0.0,4.9562781630938595
1.444,18,mcgs,0.0,5.304003711059521
1.444,18,pos,-0.0,5.304003711059521
1.444,18,sbps,-0.0,5.304003711059521
1.444,18,prculs-d,-0.0,5.304003711059521
1.444,18,prcus-p,-0.2371663629108548,5.304003711059521
1.444,18,prcus-i,-0.030337212483285872,5.304003711059521
1.444,18,prcus-a,0.0,5.304003711059521
1.444,18,ifrms,-1.2811445386135165,5.304003711059521
1.444,18,sspls-v,-0.0,5.304003711059521
1.444,19,mcgs,0.0,5.3552526840116235
1.444,19,pos,-0.0,5.3552526840116235
1.444,19,sbps,-0.0,5.3552526840116235
1.444,19,prculs-d,-0.0,5.3552526840116235
1.444,19,prcus-p,-0.1405395036885246,5.3552526840116235
1.444,19,prcus-i,-0.16857253218823745,5.3552526840116235
1.444,19,prcus-a,0.0,5.3552526840116235
1.444,19,ifrms,-1.2532218513377116,5.3552526840116235
1.444,19,sspls-v,-0.0,5.3552526840116235
1.444,20,mcgs,0.0,5.325212044830637
1.444,20,pos,-0.0,5.325212044830637
1.444,20,sbps,-0.0,5.325212044830637
1.444,20,prculs-d,-0.0,5.325212044830637
1.444,20,prcus-p,-0.1969734839578939,5.325212044830637
1.444,20,prcus-i,-0.11921817584427616,5.325212044830637
1.444,20,prcus-a,0.0,5.325212044830637
1.444,20,ifrms,-1.2343933690329123,5.325212044830637
1.444,20,sspls-v,-0.0,5.325212044830637
1.444,21,mcgs,0.0,5.321225034718957
1.444,21,pos,-0.0,5.321225034718957
1.444,21,sbps,-0.0,5.321225034718957
1.444,21,prculs-d,-0.0,5.321225034718957
1.444,21,prcus-p,-0.5082439242472592,5.321225034718957
1.444,21,prcus-i,-0.0,5.321225034718957
1.444,21,prcus-a,0.0,5.321225034718957
1.444,21,ifrms,-1.0523125457526692,5.321225034718957
1.444,21,sspls-v,-0.0,5.321225034718957
1.444,22,mcgs,0.0,5.17048538141369
1.444,22,pos,-0.0,5.17048538141369
1.444,22,sbps,-0.0,5.17048538141369
1.444,22,prculs-d,-0.0,5.17048538141369
1.444,22,prcus-p,-0.0,5.17048538141369
1.444,22,prcus-i,-0.0,5.17048538141369
1.444,22,prcus-a,0.0,5.17048538141369
1.444,22,ifrms,-1.5147479088556985,5.17048538141369
1.444,22,sspls-v,-0.0,5.17048538141369
1.444,23,mcgs,0.0,4.875717810517764
1.444,23,pos,-0.0,4.875717810517764
1.444,23,sbps,-0.0,4.875717810517764
1.444,23,prculs-d,-0.0,4.875717810517764
1.444,23,prcus-p,-0.42996189257153516,4.875717810517764
1.444,23,prcus-i,-0.0,4.875717810517764
1.444,23,prcus-a,0.0,4.875717810517764
1.444,23,ifrms,-1.169985762753887,4.875717810517764
1.444,23,sspls-v,0.0,4.875717810517764
1.444,24,mcgs,0.0,5.1608257909735125
1.444,24,pos,0.0,5.1608257909735125
1.444,24,sbps,-0.0,5.1608257909735125
1.444,24,prculs-d,-0.0,5.1608257909735125
1.444,24,prcus-p,-0.42863410061925816,5.1608257909735125
1.444,24,prcus-i,-0.18794266390246944,5.1608257909735125
1.444,24,prcus-a,0.0,5.1608257909735125
1.444,24,ifrms,-1.2305359012401595,5.1608257909735125
1.444,24,sspls-v,-0.0,5.1608257909735125
1.444,25,mcgs,0.0,5.006493298213375
1.444,25,pos,-0.0,5.006493298213375
1.444,25,sbps,-0.0,5.006493298213375
1.444,25,prculs-d,-0.0,5.006493298213375
1.444,25,prcus-p,-0.0,5.006493298213375
1.444,25,prcus-i,-0.057767638631819954,5.006493298213375
1.444,25,prcus-a,0.0,5.006493298213375
1.444,25,ifrms,-1.4308761765532914,5.006493298213375
1.444,25,sspls-v,-0.0,5.006493298213375
1.444,26,mcgs,0.0,5.275179136524628
1.444,26,pos,-0.0,5.275179136524628
1.444,26,sbps,-0.0,5.275179136524628
1.444,26,prculs-d,-0.0,5.275179136524628
1.444,26,prcus-p,-0.09884497008439534,5.275179136524628
1.444,26,prcus-i,-0.016855201235962625,5.275179136524628
1.444,26,prcus-a,0.0,5.275179136524628
1.444,26,ifrms,-1.340826239210406,5.275179136524628
1.444,26,sspls-v,-0.0,5.275179136524628
1.444,27,mcgs,0.0,5.177674413177887
1.444,27,pos,-0.0,5.177674413177887
1.444,27,sbps,-0.0,5.177674413177887
1.444,27,prculs-d,-0.0,5.177674413177887
1.444,27,prcus-p,-0.2749829626435998,5.177674413177887
1.444,27,prcus-i,-0.28871182382076394,5.177674413177887
1.444,27,prcus-a,0.0,5.177674413177887
1.444,27,ifrms,-1.1469558731167764,5.177674413177887
1.444,27,sspls-v,-0.0,5.177674413177887
1.543,0,mcgs,0.0,5.249470254670234
1.543,0,pos,-0.0,5.249470254670234
1.543,0,sbps,-0.0,5.249470254670234
1.543,0,prculs-d,-0.0,5.249470254670234
1.543,0,prcus-p,-0.03601982238386292,5.249470254670234
1.543,0,prcus-i,-0.0,5.249470254670234
1.543,0,prcus-a,0.0,5.249470254670234
1.543,0,ifrms,-1.1511728114722881,5.249470254670234
1.543,0,sspls-v,-0.0,5.249470254670234
1.543,1,mcgs,0.0,5.212266315553883
1.543,1,pos,-0.0,5.212266315553883
1.543,1,sbps,-0.0,5.212266315553883
1.543,1,prculs-d,-0.0,5.212266315553883
1.543,1,prcus-p,-0.424539935607685,5.212266315553883
1.543,1,prcus-i,-0.0,5.212266315553883
1.543,1,prcus-a,0.0,5.212266315553883
1.543,1,ifrms,-0.9999654349900625,5.212266315553883
1.543,1,sspls-v,-0.0,5.212266315553883
1.543,2,mcgs,0.0,5.17790959803006
1.543,2,pos,-0.0,5.17790959803006
1.543,2,sbps,-0.0,5.17790959803006
1.543,2,prculs-d,-0.0,5.17790959803006
1.543,2,prcus-p,-0.0,5.17790959803006
1.543,2,prcus-i,-0.0,5.17790959803006
1.543,2,prcus-a,0.0,5.17790959803006
1.543,2,ifrms,-1.1159518982967096,5.17790959803006
1.543,2,sspls-v,-0.0,5.17790959803006
1.543,3,mcgs,0.0,5.130278234388249
1.543,3,pos,-0.0,5.130278234388249
1.543,3,sbps,-0.0,5.130278234388249
1.543,3,prculs-d,-0.0,5.130278234388249
1.543,3,prcus-p,-0.0,5.130278234388249
1.543,3,prcus-i,-0.0,5.130278234388249
1.543,3,prcus-a,0.0,5.130278234388249
1.543,3,ifrms,-0.6966147361963451,5.130278234388249
1.543,3,sspls-v,-0.0,5.130278234388249
1.543,4,mcgs,0.0,5.380954624955071
1.543,4,pos,-0.0,5.380954624955071
1.543,4,sbps,-0.0,5.380954624955071
1.543,4,prculs-d,-0.0,5.380954624955071
1.543,4,prcus-p,-0.12570531019028722,5.380954624955071
1.543,4,prcus-i,-0.03668739539982738,5.380954624955071
1.543,4,prcus-a,0.0,5.380954624955071
1.543,4,ifrms,-1.1178182510721872,5.380954624955071
1.543,4,sspls-v,-0.0,5.380954624955071
1.543,5,mcgs,0.03298405528293867,5.119966541249888
1.543,5,pos,-0.0,5.119966541249888
1.543,5,sbps,-0.0,5.119966541249888
1.543,5,prculs-d,-0.0,5.119966541249888
1.543,5,prcus-p,-0.30403522741780376,5.119966541249888
1.543,5,prcus-i,-0.0,5.119966541249888
1.543,5,prcus-a,0.0,5.119966541249888
1.543,5,ifrms,-0.7760037183817211,5.119966541249888
1.543,5,sspls-v,-0.0,5.119966541249888
1.543,6,mcgs,0.0,5.263533963929843
1.543,6,pos,-0.0,5.263533963929843
1.543,6,sbps,-0.0,5.263533963929843
1.543,6,prculs-d,-0.0,5.263533963929843
1.543,6,prcus-p,-0.0,5.263533963929843
1.543,6,prcus-i,-0.014450535649409086,5.263533963929843
1.543,6,prcus-a,0.0,5.263533963929843
1.543,6,ifrms,-1.2520802179467374,5.263533963929843
1.543,6,sspls-v,-0.0,5.263533963929843
1.543,7,mcgs,0.0,5.366492850849521
1.543,7,pos,-0.0,5.366492850849521
1.543,7,sbps,-0.0,5.366492850849521
1.543,7,prculs-d,-0.0,5.366492850849521
1.543,7,prcus-p,-0.14122434531753505,5.366492850849521
1.543,7,prcus-i,-0.0,5.366492850849521
1.543,7,prcus-a,0.0,5.366492850849521
1.543,7,ifrms,-1.1316515811991237,5.366492850849521
1.543,7,sspls-v,-0.0,5.366492850849521
1.543,8,mcgs,0.0,5.267997193982824
1.543,8,pos,-0.0,5.267997193982824
1.543,8,sbps,-0.0,5.267997193982824
1.543,8,prculs-d,0.0,5.267997193982824
1.543,8,prcus-p,-0.06390434301360018,5.267997193982824
1.543,8,prcus-i,-0.1450979203859898,5.267997193982824
1.543,8,prcus-a,0.0,5.267997193982824
1.543,8,ifrms,-0.8470850837460512,5.267997193982824
1.543,8,sspls-v,-0.0,5.267997193982824
1.543,9,mcgs,0.0,4.974547051863828
1.543,9,pos,0.0,4.974547051863828
1.543,9,sbps,-0.0,4.974547051863828
1.543,9,prculs-d,-0.0,4.974547051863828
1.543,9,prcus-p,-0.351408010711889,4.974547051863828
1.543,9,prcus-i,-0.0,4.974547051863828
1.543,9,prcus-a,0.0,4.974547051863828
1.543,9,ifrms,-1.0153475321449028,4.974547051863828
1.543,9,sspls-v,-0.0,4.974547051863828
1.543,10,mcgs,0.0,5.090949995438174
1.543,10,pos,-0.0,5.090949995438174
1.543,10,sbps,-0.0,5.090949995438174
1.543,10,prculs-d,-0.0,5.090949995438174
1.543,10,prcus-p,-0.07008262872348194,5.090949995438174
1.543,10,prcus-i,-0.3364620383354185,5.090949995438174
1.543,10,prcus-a,0.0,5.090949995438174
1.543,10,ifrms,-1.3820307293109537,5.090949995438174
1.543,10,sspls-v,-0.0,5.090949995438174
1.543,11,mcgs,0.0,4.93126794618824
1.543,11,pos,-0.0,4.93126794618824
1.543,11,sbps,-0.0,4.93126794618824
1.543,11,prculs-d,-0.0,4.93126794618824
1.543,11,prcus-p,-0.0,4.93126794618824
1.543,11,prcus-i,-0.0,4.93126794618824
1.543,11,prcus-a,0.0,4.93126794618824
1.543,11,ifrms,-1.0055299451936295,4.93126794618824
1.543,11,sspls-v,-0.0,4.93126794618824
1.543,12,mcgs,0.0,5.395767649457587
1.543,12,pos,-0.0,5.395767649457587
1.543,12,sbps,-0.0,5.395767649457587
1.543,12,prculs-d,-0.0,5.395767649457587
1.543,12,prcus-p,-0.10141154537243922,5.395767649457587
1.543,12,prcus-i,-0.0,5.395767649457587
1.543,12,prcus-a,0.0,5.395767649457587
1.543,12,ifrms,-1.1408057993481149,5.395767649457587
1.543,12,sspls-v,-0.0,5.395767649457587
1.543,13,mcgs,0.0,5.179932086603533
1.543,13,pos,-0.0,5.179932086603533
1.543,13,sbps,-0.0,5.179932086603533
1.543,13,prculs-d,-0.0,5.179932086603533
1.543,13,prcus-p,-0.0,5.179932086603533
1.543,13,prcus-i,-0.0,5.179932086603533
1.543,13,prcus-a,0.0,5.179932086603533
1.543,13,ifrms,-0.904878839762408,5.179932086603533
1.543,13,sspls-v,-0.0,5.179932086603533
1.543,14,mcgs,0.0,5.351319976605286
1.543,14,pos,-0.0,5.351319976605286
1.543,14,sbps,-0.0,5.351319976605286
1.543,14,prculs-d,-0.0,5.351319976605286
1.543,14,prcus-p,-0.28617882687201496,5.351319976605286
1.543,14,prcus-i,-0.0,5.351319976605286
1.543,14,prcus-a,0.0,5.351319976605286
1.543,14,ifrms,-1.130769138982643,5.351319976605286
1.543,14,sspls-v,-0.0,5.351319976605286
1.543,15,mcgs,0.0,5.216685061301407
1.543,15,pos,-0.0,5.216685061301407
1.543,15,sbps,-0.0,5.216685061301407
1.543,15,prculs-d,-0.0,5.216685061301407
1.543,15,prcus-p,-0.0,5.216685061301407
1.543,15,prcus-i,-0.0,5.216685061301407
1.543,15,prcus-a,0.0,5.216685061301407
1.543,15,ifrms,-0.9498522618229096,5.216685061301407
1.543,15,sspls-v,-0.0,5.216685061301407
1.543,16,mcgs,0.0,5.404387625876551
1.543,16,pos,-0.0,5.404387625876551
1.543,16,sbps,-0.0,5.404387625876551
1.543,16,prculs-d,-0.0,5.404387625876551
1.543,16,prcus-p,-0.1779986631950681,5.404387625876551
1.543,16,prcus-i,-0.0,5.404387625876551
1.543,16,prcus-a,0.0,5.404387625876551
1.543,16,ifrms,-1.1303472501630902,5.404387625876551
1.543,16,sspls-v,-0.0,5.404387625876551
1.543,17,mcgs,0.0,4.983056432883797
1.543,17,pos,-0.06276875788407052,4.983056432883797
1.543,17,sbps,-0.0,4.983056432883797
1.543,17,prculs-d,-0.0,4.983056432883797
1.543,17,prcus-p,-0.27077223931801037,4.983056432883797
1.543,17,prcus-i,-0.0,4.983056432883797
1.543,17,prcus-a,0.0,4.983056432883797
1.543,17,ifrms,-1.2411497335891692,4.983056432883797
1.543,17,sspls-v,-0.0,4.983056432883797
1.543,18,mcgs,0.0,5.319910585681236
1.543,18,pos,-0.0,5.319910585681236
1.543,18,sbps,-0.0,5.319910585681236
1.543,18,prculs-d,-0.0,5.319910585681236
1.543,18,prcus-p,-0.17058006547287644,5.319910585681236
1.543,18,prcus-i,-0.0,5.319910585681236
1.543,18,prcus-a,0.0,5.319910585681236
1.543,18,ifrms,-1.2085444180860898,5.319910585681236
1.543,18,sspls-v,-0.0,5.319910585681236
1.543,19,mcgs,0.0,5.385568856679804
1.543,19,pos,-0.0,5.385568856679804
1.543,19,sbps,-0.0,5.385568856679804
1.543,19,prculs-d,-0.0,5.385568856679804
1.543,19,prcus-p,-0.07060430383715942,5.385568856679804
1.543,19,prcus-i,-0.06380282501623477,5.385568856679804
1.543,19,prcus-a,0.0,5.385568856679804
1.543,19,ifrms,-1.185889266924274,5.385568856679804
1.543,19,sspls-v,-0.0,5.385568856679804
1.543,20,mcgs,0.0,5.358985849960045
1.543,20,pos,-0.0,5.358985849960045
1.543,20,sbps,-0.0,5.358985849960045
1.543,20,prculs-d,-0.0,5.358985849960045
1.543,20,prcus-p,-0.13386767690889412,5.358985849960045
1.543,20,prcus-i,-0.002200743821783891,5.358985849960045
1.543,20,prcus-a,0.0,5.358985849960045
1.543,20,ifrms,-1.1452898134185419,5.358985849960045
1.543,20,sspls-v,-0.0,5.358985849960045
1.543,21,mcgs,0.0,5.326504350538221
1.543,21,pos,-0.0,5.326504350538221
1.543,21,sbps,-0.0,5.326504350538221
1.543,21,prculs-d,-0.0,5.326504350538221
1.543,21,prcus-p,-0.4428247820339035,5.326504350538221
1.543,21,prcus-i,-0.0,5.326504350538221
1.543,21,prcus-a,0.0,5.326504350538221
1.543,21,ifrms,-0.9868956036875162,5.326504350538221
1.543,21,sspls-v,-0.0,5.326504350538221
1.543,22,mcgs,0.0,5.150562342735456
1.543,22,pos,-0.0,5.150562342735456
1.543,22,sbps,-0.0,5.150562342735456
1.543,22,prculs-d,-0.0,5.150562342735456
1.543,22,prcus-p,-0.0,5.150562342735456
1.543,22,prcus-i,-0.0,5.150562342735456
1.543,22,prcus-a,0.0,5.150562342735456
1.543,22,ifrms,-1.4157479088556981,5.150562342735456
1.543,22,sspls-v,-0.0,5.150562342735456
1.543,23,mcgs,0.0,4.913564308362919
1.543,23,pos,-0.0,4.913564308362919
1.543,23,sbps,-0.0,4.913564308362919
1.543,23,prculs-d,-0.0,4.913564308362919
1.543,23,prcus-p,-0.36249941791270934,4.913564308362919
1.543,23,prcus-i,-0.0,4.913564308362919
1.543,23,prcus-a,0.0,4.913564308362919
1.543,23,ifrms,-1.102525594789787,4.913564308362919
1.543,23,sspls-v,0.0,4.913564308362919
1.543,24,mcgs,0.0,5.2011337890788685
1.543,24,pos,0.0,5.2011337890788685
1.543,24,sbps,-0.0,5.2011337890788685
1.543,24,prculs-d,-0.0,5.2011337890788685
1.543,24,prcus-p,-0.363227827269046,5.2011337890788685
1.543,24,prcus-i,-0.0687551730981508,5.2011337890788685
1.543,24,prcus-a,0.0,5.2011337890788685
1.543,24,ifrms,-1.140954051775187,5.2011337890788685
1.543,24,sspls-v,-0.0,5.2011337890788685
1.543,25,mcgs,0.0,4.971181873641952
1.543,25,pos,-0.0,4.971181873641952
1.543,25,sbps,-0.0,4.971181873641952
1.543,25,prculs-d,-0.0,4.971181873641952
1.543,25,prcus-p,-0.0,4.971181873641952
1.543,25,prcus-i,-0.0,4.971181873641952
1.543,25,prcus-a,0.0,4.971181873641952
1.543,25,ifrms,-1.3220879704156498,4.971181873641952
1.543,25,sspls-v,-0.0,4.971181873641952
1.543,26,mcgs,0.0,5.272174624860721
1.543,26,pos,-0.0,5.272174624860721
1.543,26,sbps,-0.0,5.272174624860721
1.543,26,prculs-d,-0.0,5.272174624860721
1.543,26,prcus-p,-0.03286356037003412,5.272174624860721
1.543,26,prcus-i,-0.0,5.272174624860721
1.543,26,prcus-a,0.0,5.272174624860721
1.543,26,ifrms,-1.2725714162837776,5.272174624860721
1.543,26,sspls-v,-0.0,5.272174624860721
1.543,27,mcgs,0.0,5.233079549152524
1.543,27,pos,-0.0,5.233079549152524
1.543,27,sbps,-0.0,5.233079549152524
1.543,27,prculs-d,-0.0,5.233079549152524
1.543,27,prcus-p,-0.20941954702263255,5.233079549152524
1.543,27,prcus-i,-0.17299274356742034,5.233079549152524
1.543,27,prcus-a,0.0,5.233079549152524
1.543,27,ifrms,-1.061570888103842,5.233079549152524
1.543,27,sspls-v,-0.0,5.233079549152524
1.65,0,mcgs,0.0,5.252656353809395
1.65,0,pos,-0.0,5.252656353809395
1.65,0,sbps,-0.0,5.252656353809395
1.65,0,prculs-d,-0.0,5.252656353809395
1.65,0,prcus-p,-0.0,5.252656353809395
1.65,0,prcus-i,-0.0,5.252656353809395
1.65,0,prcus-a,0.0,5.252656353809395
1.65,0,ifrms,-1.060884707424157,5.252656353809395
1.65,0,sspls-v,-0.0,5.252656353809395
1.65,1,mcgs,0.0,5.229015878286897
1.65,1,pos,-0.0,5.229015878286897
1.65,1,sbps,-0.0,5.229015878286897
1.65,1,prculs-d,-0.0,5.229015878286897
1.65,1,prcus-p,-0.35203716734905227,5.229015878286897
1.65,1,prcus-i,-0.0,5.229015878286897
1.65,1,prcus-a,0.0,5.229015878286897
1.65,1,ifrms,-0.9274659681733656,5.229015878286897
1.65,1,sspls-v,-0.0,5.229015878286897
1.65,2,mcgs,0.0,5.180284893460659
1.65,2,pos,-0.0,5.180284893460659
1.65,2,sbps,-0.0,5.180284893460659
1.65,2,prculs-d,-0.0,5.180284893460659
1.65,2,prcus-p,-0.0,5.180284893460659
1.65,2,prcus-i,-0.0,5.180284893460659
1.65,2,prcus-a,0.0,5.180284893460659
1.65,2,ifrms,-1.0089518982967098,5.180284893460659
1.65,2,sspls-v,-0.0,5.180284893460659
1.65,3,mcgs,0.0,5.122780597611181
1.65,3,pos,-0.0,5.122780597611181
1.65,3,sbps,-0.0,5.122780597611181
1.65,3,prculs-d,-0.0,5.122780597611181
1.65,3,prcus-p,-0.0,5.122780597611181
1.65,3,prcus-i,-0.0,5.122780597611181
1.65,3,prcus-a,0.0,5.122780597611181
1.65,3,ifrms,-0.5896147361963452,5.122780597611181
1.65,3,sspls-v,-0.0,5.122780597611181
1.65,4,mcgs,0.0,5.379563252889255
1.65,4,pos,-0.0,5.379563252889255
1.65,4,sbps,-0.0,5.379563252889255
1.65,4,prculs-d,-0.0,5.379563252889255
1.65,4,prcus-p,-0.05339284852565726,5.379563252889255
1.65,4,prcus-i,-0.0,5.379563252889255
1.65,4,prcus-a,0.0,5.379563252889255
1.65,4,ifrms,-1.0383742747827016,5.379563252889255
1.65,4,sspls-v,-0.0,5.379563252889255
1.65,5,mcgs,0.0,5.130766805571075
1.65,5,pos,-0.0,5.130766805571075
1.65,5,sbps,-0.0,5.130766805571075
1.65,5,prculs-d,-0.0,5.130766805571075
1.65,5,prcus-p,-0.247216611892685,5.130766805571075
1.65,5,prcus-i,-0.0,5.130766805571075
1.65,5,prcus-a,0.0,5.130766805571075
1.65,5,ifrms,-0.7122693718695353,5.130766805571075
1.65,5,sspls-v,-0.0,5.130766805571075
1.65,6,mcgs,0.0,5.250113096155899
1.65,6,pos,-0.0,5.250113096155899
1.65,6,sbps,-0.0,5.250113096155899
1.65,6,prculs-d,-0.0,5.250113096155899
1.65,6,prcus-p,-0.0,5.250113096155899
1.65,6,prcus-i,-0.0,5.250113096155899
1.65,6,prcus-a,0.0,5.250113096155899
1.65,6,ifrms,-1.1425538054256656,5.250113096155899
1.65,6,sspls-v,-0.0,5.250113096155899
1.65,7,mcgs,0.0,5.360358736817641
1.65,7,pos,-0.0,5.360358736817641
1.65,7,sbps,-0.0,5.360358736817641
1.65,7,prculs-d,-0.0,5.360358736817641
1.65,7,prcus-p,-0.0678794407422711,5.360358736817641
1.65,7,prcus-i,-0.0,5.360358736817641
1.65,7,prcus-a,0.0,5.360358736817641
1.65,7,ifrms,-1.058308485001066,5.360358736817641
1.65,7,sspls-v,-0.0,5.360358736817641
1.65,8,mcgs,0.0,5.2854643768399034
1.65,8,pos,-0.0,5.2854643768399034
1.65,8,sbps,-0.0,5.2854643768399034
1.65,8,prculs-d,0.0,5.2854643768399034
1.65,8,prcus-p,-0.0,5.2854643768399034
1.65,8,prcus-i,-0.021011821116916147,5.2854643768399034
1.65,8,prcus-a,0.0,5.2854643768399034
1.65,8,ifrms,-0.7506346306907835,5.2854643768399034
1.65,8,sspls-v,-0.0,5.2854643768399034
1.65,9,mcgs,0.0,4.984424031757278
1.65,9,pos,0.0,4.984424031757278
1.65,9,sbps,-0.0,4.984424031757278
1.65,9,prculs-d,-0.0,4.984424031757278
1.65,9,prcus-p,-0.27865045357379015,4.984424031757278
1.65,9,prcus-i,-0.0,4.984424031757278
1.65,9,prcus-a,0.0,4.984424031757278
1.65,9,ifrms,-0.9425927065814915,4.984424031757278
1.65,9,sspls-v,-0.0,4.984424031757278
1.65,10,mcgs,0.0,5.127846729938735
1.65,10,pos,-0.0,5.127846729938735
1.65,10,sbps,-0.0,5.127846729938735
1.65,10,prculs-d,-0.0,5.127846729938735
1.65,10,prcus-p,-0.0035334537094489824,5.127846729938735
1.65,10,prcus-i,-0.20431160942802135,5.127846729938735
1.65,10,prcus-a,0.0,5.127846729938735
1.65,10,ifrms,-1.2790489882744573,5.127846729938735
1.65,10,sspls-v,-0.0,5.127846729938735
1.65,11,mcgs,0.0,4.962941966927487
1.65,11,pos,-0.0,4.962941966927487
1.65,11,sbps,-0.0,4.962941966927487
1.65,11,prculs-d,-0.0,4.962941966927487
1.65,11,prcus-p,-0.0,4.962941966927487
1.65,11,prcus-i,-0.0,4.962941966927487
1.65,11,prcus-a,0.0,4.962941966927487
1.65,11,ifrms,-0.8985299451936296,4.962941966927487
1.65,11,sspls-v,-0.0,4.962941966927487
1.65,12,mcgs,0.0,5.379027974489674
1.65,12,pos,-0.0,5.379027974489674
1.65,12,sbps,-0.0,5.379027974489674
1.65,12,prculs-d,-0.0,5.379027974489674
1.65,12,prcus-p,-0.030059793871929655,5.379027974489674
1.65,12,prcus-i,-0.0,5.379027974489674
1.65,12,prcus-a,0.0,5.379027974489674
1.65,12,ifrms,-1.0694578617397321,5.379027974489674
1.65,12,sspls-v,-0.0,5.379027974489674
1.65,13,mcgs,0.0,5.185804464804099
1.65,13,pos,-0.0,5.185804464804099
1.65,13,sbps,-0.0,5.185804464804099
1.65,13,prculs-d,-0.0,5.185804464804099
1.65,13,prcus-p,-0.0,5.185804464804099
1.65,13,prcus-i,-0.0,5.185804464804099
1.65,13,prcus-a,0.0,5.185804464804099
1.65,13,ifrms,-0.7978788397624081,5.185804464804099
1.65,13,sspls-v,-0.0,5.185804464804099
1.65,14,mcgs,0.0,5.378662383168764
1.65,14,pos,-0.0,5.378662383168764
1.65,14,sbps,-0.0,5.378662383168764
1.65,14,prculs-d,-0.0,5.378662383168764
1.65,14,prcus-p,-0.21068467601140412,5.378662383168764
1.65,14,prcus-i,-0.0,5.378662383168764
1.65,14,prcus-a,0.0,5.378662383168764
1.65,14,ifrms,-1.0552781060919403,5.378662383168764
1.65,14,sspls-v,-0.0,5.378662383168764
1.65,15,mcgs,0.0,5.23268027656067
1.65,15,pos,-0.0,5.23268027656067
1.65,15,sbps,-0.0,5.23268027656067
1.65,15,prculs-d,-0.0,5.23268027656067
1.65,15,prcus-p,-0.0,5.23268027656067
1.65,15,prcus-i,-0.0,5.23268027656067
1.65,15,prcus-a,0.0,5.23268027656067
1.65,15,ifrms,-0.8428522618229093,5.23268027656067
1.65,15,sspls-v,-0.0,5.23268027656067
1.65,16,mcgs,0.0,5.397593208024396
1.65,16,pos,-0.0,5.397593208024396
1.65,16,sbps,-0.0,5.397593208024396
1.65,16,prculs-d,-0.0,5.397593208024396
1.65,16,prcus-p,-0.10551434264365207,5.397593208024396
1.65,16,prcus-i,-0.0,5.397593208024396
1.65,16,prcus-a,0.0,5.397593208024396
1.65,16,ifrms,-1.0578663047737327,5.397593208024396
1.65,16,sspls-v,-0.0,5.397593208024396
1.65,17,mcgs,0.0,5.006027634455093
1.65,17,pos,-0.0,5.006027634455093
1.65,17,sbps,-0.0,5.006027634455093
1.65,17,prculs-d,-0.0,5.006027634455093
1.65,17,prcus-p,-0.1924884601094014,5.006027634455093
1.65,17,prcus-i,-0.0,5.006027634455093
1.65,17,prcus-a,0.0,5.006027634455093
1.65,17,ifrms,-1.1823809680080988,5.006027634455093
1.65,17,sspls-v,-0.0,5.006027634455093
1.65,18,mcgs,0.0,5.330592695545233
1.65,18,pos,-0.0,5.330592695545233
1.65,18,sbps,-0.0,5.330592695545233
1.65,18,prculs-d,-0.0,5.330592695545233
1.65,18,prcus-p,-0.09684176880066767,5.330592695545233
1.65,18,prcus-i,-0.0,5.330592695545233
1.65,18,prcus-a,0.0,5.330592695545233
1.65,18,ifrms,-1.13480781205871,5.330592695545233
1.65,18,sspls-v,-0.0,5.330592695545233
1.65,19,mcgs,0.0,5.397133458497289
1.65,19,pos,-0.0,5.397133458497289
1.65,19,sbps,-0.0,5.397133458497289
1.65,19,prculs-d,-0.0,5.397133458497289
1.65,19,prcus-p,-0.0,5.397133458497289
1.65,19,prcus-i,-0.0,5.397133458497289
1.65,19,prcus-a,0.0,5.397133458497289
1.65,19,ifrms,-1.1123617791992804,5.397133458497289
1.65,19,sspls-v,-0.0,5.397133458497289
1.65,20,mcgs,0.0,5.352496844261844
1.65,20,pos,-0.0,5.352496844261844
1.65,20,sbps,-0.0,5.352496844261844
1.65,20,prculs-d,-0.0,5.352496844261844
1.65,20,prcus-p,-0.06102461311038538,5.352496844261844
1.65,20,prcus-i,-0.0,5.352496844261844
1.65,20,prcus-a,0.0,5.352496844261844
1.65,20,ifrms,-1.0719635064291895,5.352496844261844
1.65,20,sspls-v,-0.0,5.352496844261844
1.65,21,mcgs,0.0,5.351144228455501
1.65,21,pos,-0.0,5.351144228455501
1.65,21,sbps,-0.0,5.351144228455501
1.65,21,prculs-d,-0.0,5.351144228455501
1.65,21,prcus-p,-0.3721192444901771,5.351144228455501
1.65,21,prcus-i,-0.0,5.351144228455501
1.65,21,prcus-a,0.0,5.351144228455501
1.65,21,ifrms,-0.9161924440817453,5.351144228455501
1.65,21,sspls-v,-0.0,5.351144228455501
1.65,22,mcgs,0.0,5.15348968051591
1.65,22,pos,-0.0,5.15348968051591
1.65,22,sbps,-0.0,5.15348968051591
1.65,22,prculs-d,-0.0,5.15348968051591
1.65,22,prcus-p,-0.0,5.15348968051591
1.65,22,prcus-i,-0.0,5.15348968051591
1.65,22,prcus-a,0.0,5.15348968051591
1.65,22,ifrms,-1.3087479088556981,5.15348968051591
1.65,22,sspls-v,-0.0,5.15348968051591
1.65,23,mcgs,0.0,4.956351351402593
1.65,23,pos,-0.0,4.956351351402593
1.65,23,sbps,-0.0,4.956351351402593
1.65,23,prculs-d,-0.0,4.956351351402593
1.65,23,prcus-p,-0.2895854301501417,4.956351351402593
1.65,23,prcus-i,-0.0,4.956351351402593
1.65,23,prcus-a,0.0,4.956351351402593
1.65,23,ifrms,-1.0296141001215167,4.956351351402593
1.65,23,sspls-v,0.0,4.956351351402593
1.65,24,mcgs,0.0,5.201852879621506
1.65,24,pos,0.0,5.201852879621506
1.65,24,sbps,-0.0,5.201852879621506
1.65,24,prculs-d,-0.0,5.201852879621506
1.65,24,prcus-p,-0.2914361374403212,5.201852879621506
1.65,24,prcus-i,-0.0,5.201852879621506
1.65,24,prcus-a,0.0,5.201852879621506
1.65,24,ifrms,-1.0552200397058158,5.201852879621506
1.65,24,sspls-v,-0.0,5.201852879621506
1.65,25,mcgs,0.0,4.94793268316087
1.65,25,pos,-0.0,4.94793268316087
1.65,25,sbps,-0.0,4.94793268316087
1.65,25,prculs-d,-0.0,4.94793268316087
1.65,25,prcus-p,-0.0,4.94793268316087
1.65,25,prcus-i,-0.0,4.94793268316087
1.65,25,prcus-a,0.0,4.94793268316087
1.65,25,ifrms,-1.21508797041565,4.94793268316087
1.65,25,sspls-v,-0.0,4.94793268316087
1.65,26,mcgs,0.0,5.2714616573050295
1.65,26,pos,-0.0,5.2714616573050295
1.65,26,sbps,-0.0,5.2714616573050295
1.65,26,prculs-d,-0.0,5.2714616573050295
1.65,26,prcus-p,-0.0,5.2714616573050295
1.65,26,prcus-i,-0.0,5.2714616573050295
1.65,26,prcus-a,0.0,5.2714616573050295
1.65,26,ifrms,-1.182126362923403,5.2714616573050295
1.65,26,sspls-v,-0.0,5.2714616573050295
1.65,27,mcgs,0.0,5.287359417777355
1.65,27,pos,-0.0,5.287359417777355
1.65,27,sbps,-0.0,5.287359417777355
1.65,27,prculs-d,-0.0,5.287359417777355
1.65,27,prcus-p,-0.13855892279815038,5.287359417777355
1.65,27,prcus-i,-0.04792238865453779,5.287359417777355
1.65,27,prcus-a,0.0,5.287359417777355
1.65,27,ifrms,-0.9692856713343055,5.287359417777355
1.65,27,sspls-v,-0.0,5.287359417777355
1.764,0,mcgs,0.0,5.266309758061214
1.764,0,pos,-0.0,5.266309758061214
1.764,0,sbps,-0.0,5.266309758061214
1.764,0,prculs-d,-0.0,5.266309758061214
1.764,0,prcus-p,-0.0,5.266309758061214
1.764,0,prcus-i,-0.0,5.266309758061214
1.764,0,prcus-a,0.0,5.266309758061214
1.764,0,ifrms,-0.9468847074241568,5.266309758061214
1.764,0,sspls-v,-0.0,5.266309758061214
1.764,1,mcgs,0.0,5.255062616184656
1.764,1,pos,-0.0,5.255062616184656
1.764,1,sbps,-0.0,5.255062616184656
1.764,1,prculs-d,-0.0,5.255062616184656
1.764,1,prcus-p,-0.2747915987453427,5.255062616184656
1.764,1,prcus-i,-0.0,5.255062616184656
1.764,1,prcus-a,0.0,5.255062616184656
1.764,1,ifrms,-0.8502233688476248,5.255062616184656
1.764,1,sspls-v,-0.0,5.255062616184656
1.764,2,mcgs,0.0,5.213195130776155
1.764,2,pos,-0.0,5.213195130776155
1.764,2,sbps,-0.0,5.213195130776155
1.764,2,prculs-d,-0.0,5.213195130776155
1.764,2,prcus-p,-0.0,5.213195130776155
1.764,2,prcus-i,-0.0,5.213195130776155
1.764,2,prcus-a,0.0,5.213195130776155
1.764,2,ifrms,-0.8949518982967097,5.213195130776155
1.764,2,sspls-v,-0.0,5.213195130776155
1.764,3,mcgs,0.0,5.1493168458919465
1.764,3,pos,-0.0,5.1493168458919465
1.764,3,sbps,-0.0,5.1493168458919465
1.764,3,prculs-d,-0.0,5.1493168458919465
1.764,3,prcus-p,-0.0,5.1493168458919465
1.764,3,prcus-i,-0.0,5.1493168458919465
1.764,3,prcus-a,0.0,5.1493168458919465
1.764,3,ifrms,-0.4756147361963451,5.1493168458919465
1.764,3,sspls-v,-0.0,5.1493168458919465
1.764,4,mcgs,0.0,5.367300561327775
1.764,4,pos,-0.0,5.367300561327775
1.764,4,sbps,-0.0,5.367300561327775
1.764,4,prculs-d,-0.0,5.367300561327775
1.764,4,prcus-p,-0.0,5.367300561327775
1.764,4,prcus-i,-0.0,5.367300561327775
1.764,4,prcus-a,0.0,5.367300561327775
1.764,4,ifrms,-0.9477873762868841,5.367300561327775
1.764,4,sspls-v,-0.0,5.367300561327775
1.764,5,mcgs,0.0,5.143323757248634
1.764,5,pos,-0.0,5.143323757248634
1.764,5,sbps,-0.0,5.143323757248634
1.764,5,prculs-d,-0.0,5.143323757248634
1.764,5,prcus-p,-0.1699453582778918,5.143323757248634
1.764,5,prcus-i,-0.0,5.143323757248634
1.764,5,prcus-a,0.0,5.143323757248634
1.764,5,ifrms,-0.6349826007260493,5.143323757248634
1.764,5,sspls-v,-0.0,5.143323757248634
1.764,6,mcgs,0.0,5.252921762650546
1.764,6,pos,-0.0,5.252921762650546
1.764,6,sbps,-0.0,5.252921762650546
1.764,6,prculs-d,-0.0,5.252921762650546
1.764,6,prcus-p,-0.0,5.252921762650546
1.764,6,prcus-i,-0.0,5.252921762650546
1.764,6,prcus-a,0.0,5.252921762650546
1.764,6,ifrms,-1.0285538054256658,5.252921762650546
1.764,6,sspls-v,-0.0,5.252921762650546
1.764,7,mcgs,0.0,5.362466241042664
1.764,7,pos,-0.0,5.362466241042664
1.764,7,sbps,-0.0,5.362466241042664
1.764,7,prculs-d,-0.0,5.362466241042664
1.764,7,prcus-p,-0.0,5.362466241042664
1.764,7,prcus-i,-0.0,5.362466241042664
1.764,7,prcus-a,0.0,5.362466241042664
1.764,7,ifrms,-0.9754573674002216,5.362466241042664
1.764,7,sspls-v,-0.0,5.362466241042664
1.764,8,mcgs,0.0,5.27379104069667
1.764,8,pos,-0.0,5.27379104069667
1.764,8,sbps,-0.0,5.27379104069667
1.764,8,prculs-d,0.0,5.27379104069667
1.764,8,prcus-p,-0.0,5.27379104069667
1.764,8,prcus-i,-0.0,5.27379104069667
1.764,8,prcus-a,0.0,5.27379104069667
1.764,8,ifrms,-0.6334695427617153,5.27379104069667
1.764,8,sspls-v,-0.0,5.27379104069667
1.764,9,mcgs,0.0,5.008203961431639
1.764,9,pos,0.0,5.008203961431639
1.764,9,sbps,-0.0,5.008203961431639
1.764,9,prculs-d,-0.0,5.008203961431639
1.764,9,prcus-p,-0.20113381951969386,5.008203961431639
1.764,9,prcus-i,-0.0,5.008203961431639
1.764,9,prcus-a,0.0,5.008203961431639
1.764,9,ifrms,-0.8650778602801127,5.008203961431639
1.764,9,sspls-v,-0.0,5.008203961431639
1.764,10,mcgs,0.0,5.177951483342318
1.764,10,pos,-0.0,5.177951483342318
1.764,10,sbps,-0.0,5.177951483342318
1.764,10,prculs-d,-0.0,5.177951483342318
1.764,10,prcus-p,-0.0,5.177951483342318
1.764,10,prcus-i,-0.060912522083074586,5.177951483342318
1.764,10,prcus-a,0.0,5.177951483342318
1.764,10,ifrms,-1.1371915316040677,5.177951483342318
1.764,10,sspls-v,-0.0,5.177951483342318
1.764,11,mcgs,0.0,4.999634830211139
1.764,11,pos,-0.0,4.999634830211139
1.764,11,sbps,-0.0,4.999634830211139
1.764,11,prculs-d,-0.0,4.999634830211139
1.764,11,prcus-p,-0.0,4.999634830211139
1.764,11,prcus-i,-0.0,4.999634830211139
1.764,11,prcus-a,0.0,4.999634830211139
1.764,11,ifrms,-0.7845299451936295,4.999634830211139
1.764,11,sspls-v,-0.0,4.999634830211139
1.764,12,mcgs,0.0,5.3729394434922595
1.764,12,pos,-0.0,5.3729394434922595
1.764,12,sbps,-0.0,5.3729394434922595
1.764,12,prculs-d,-0.0,5.3729394434922595
1.764,12,prcus-p,-0.0,5.3729394434922595
1.764,12,prcus-i,-0.0,5.3729394434922595
1.764,12,prcus-a,0.0,5.3729394434922595
1.764,12,ifrms,-0.9704777263410015,5.3729394434922595
1.764,12,sspls-v,-0.0,5.3729394434922595
1.764,13,mcgs,0.0,5.208488563385308
1.764,13,pos,-0.0,5.208488563385308
1.764,13,sbps,-0.0,5.208488563385308
1.764,13,prculs-d,-0.0,5.208488563385308
1.764,13,prcus-p,-0.0,5.208488563385308
1.764,13,prcus-i,-0.0,5.208488563385308
1.764,13,prcus-a,0.0,5.208488563385308
1.764,13,ifrms,-0.6838788397624075,5.208488563385308
1.764,13,sspls-v,-0.0,5.208488563385308
1.764,14,mcgs,0.0,5.4123630275233054
1.764,14,pos,-0.0,5.4123630275233054
1.764,14,sbps,-0.0,5.4123630275233054
1.764,14,prculs-d,-0.0,5.4123630275233054
1.764,14,prcus-p,-0.13025293128780543,5.4123630275233054
1.764,14,prcus-i,-0.0,5.4123630275233054
1.764,14,prcus-a,0.0,5.4123630275233054
1.764,14,ifrms,-0.974847875009777,5.4123630275233054
1.764,14,sspls-v,-0.0,5.4123630275233054
1.764,15,mcgs,0.0,5.265312489538134
1.764,15,pos,-0.0,5.265312489538134
1.764,15,sbps,-0.0,5.265312489538134
1.764,15,prculs-d,-0.0,5.265312489538134
1.764,15,prcus-p,-0.0,5.265312489538134
1.764,15,prcus-i,-0.0,5.265312489538134
1.764,15,prcus-a,0.0,5.265312489538134
1.764,15,ifrms,-0.7288522618229091,5.265312489538134
1.764,15,sspls-v,-0.0,5.265312489538134
1.764,16,mcgs,0.0,5.400952656317859
1.764,16,pos,-0.0,5.400952656317859
1.764,16,sbps,-0.0,5.400952656317859
1.764,16,prculs-d,-0.0,5.400952656317859
1.764,16,prcus-p,-0.028289021440085826,5.400952656317859
1.764,16,prcus-i,-0.0,5.400952656317859
1.764,16,prcus-a,0.0,5.400952656317859
1.764,16,ifrms,-0.9806431560937243,5.400952656317859
1.764,16,sspls-v,-0.0,5.400952656317859
1.764,17,mcgs,0.0,5.0197635522106
1.764,17,pos,-0.0,5.0197635522106
1.764,17,sbps,-0.0,5.0197635522106
1.764,17,prculs-d,-0.0,5.0197635522106
1.764,17,prcus-p,-0.11455389286869971,5.0197635522106
1.764,17,prcus-i,-0.0,5.0197635522106
1.764,17,prcus-a,0.0,5.0197635522106
1.764,17,ifrms,-1.1044494358804515,5.0197635522106
1.764,17,sspls-v,-0.0,5.0197635522106
1.764,18,mcgs,0.0,5.3459422498225155
1.764,18,pos,-0.0,5.3459422498225155
1.764,18,sbps,-0.0,5.3459422498225155
1.764,18,prculs-d,-0.0,5.3459422498225155
1.764,18,prcus-p,-0.01827999933397732,5.3459422498225155
1.764,18,prcus-i,-0.0,5.3459422498225155
1.764,18,prcus-a,0.0,5.3459422498225155
1.764,18,ifrms,-1.056247077771252,5.3459422498225155
1.764,18,sspls-v,-0.0,5.3459422498225155
1.764,19,mcgs,0.0,5.380497535827699
1.764,19,pos,-0.0,5.380497535827699
1.764,19,sbps,-0.0,5.380497535827699
1.764,19,prculs-d,-0.0,5.380497535827699
1.764,19,prcus-p,-0.0,5.380497535827699
1.764,19,prcus-i,-0.0,5.380497535827699
1.764,19,prcus-a,0.0,5.380497535827699
1.764,19,ifrms,-0.9983617791992797,5.380497535827699
1.764,19,sspls-v,-0.0,5.380497535827699
1.764,20,mcgs,0.0,5.35197331537921
1.764,20,pos,-0.0,5.35197331537921
1.764,20,sbps,-0.0,5.35197331537921
1.764,20,prculs-d,-0.0,5.35197331537921
1.764,20,prcus-p,-0.0,5.35197331537921
1.764,20,prcus-i,-0.0,5.35197331537921
1.764,20,prcus-a,0.0,5.35197331537921
1.764,20,ifrms,-0.9864825329750473,5.35197331537921
1.764,20,sspls-v,-0.0,5.35197331537921
1.764,21,mcgs,0.0,5.389098118494161
1.764,21,pos,-0.0,5.389098118494161
1.764,21,sbps,-0.0,5.389098118494161
1.764,21,prculs-d,-0.0,5.389098118494161
1.764,21,prcus-p,-0.296788363310335,5.389098118494161
1.764,21,prcus-i,-0.0,5.389098118494161
1.764,21,prcus-a,0.0,5.389098118494161
1.764,21,ifrms,-0.8408637146204955,5.389098118494161
1.764,21,sspls-v,-0.0,5.389098118494161
1.764,22,mcgs,0.0,5.179577059943735
1.764,22,pos,-0.0,5.179577059943735
1.764,22,sbps,-0.0,5.179577059943735
1.764,22,prculs-d,-0.0,5.179577059943735
1.764,22,prcus-p,-0.0,5.179577059943735
1.764,22,prcus-i,-0.0,5.179577059943735
1.764,22,prcus-a,0.0,5.179577059943735
1.764,22,ifrms,-1.1947479088556985,5.179577059943735
1.764,22,sspls-v,-0.0,5.179577059943735
1.764,23,mcgs,0.0,4.9994730975837465
1.764,23,pos,-0.0,4.9994730975837465
1.764,23,sbps,-0.0,4.9994730975837465
1.764,23,prculs-d,-0.0,4.9994730975837465
1.764,23,prcus-p,-0.21190198235636115,4.9994730975837465
1.764,23,prcus-i,-0.0,4.9994730975837465
1.764,23,prcus-a,0.0,4.9994730975837465
1.764,23,ifrms,-0.9519324075624497,4.9994730975837465
1.764,23,sspls-v,0.0,4.9994730975837465
1.764,24,mcgs,0.0,5.20864051892209
1.764,24,pos,0.0,5.20864051892209
1.764,24,sbps,-0.0,5.20864051892209
1.764,24,prculs-d,-0.0,5.20864051892209
1.764,24,prcus-p,-0.2136103095524866,5.20864051892209
1.764,24,prcus-i,-0.0,5.20864051892209
1.764,24,prcus-a,0.0,5.20864051892209
1.764,24,ifrms,-0.9773966869258243,5.20864051892209
1.764,24,sspls-v,-0.0,5.20864051892209
1.764,25,mcgs,0.0,4.953577568829456
1.764,25,pos,-0.0,4.953577568829456
1.764,25,sbps,-0.0,4.953577568829456
1.764,25,prculs-d,-0.0,4.953577568829456
1.764,25,prcus-p,-0.0,4.953577568829456
1.764,25,prcus-i,-0.0,4.953577568829456
1.764,25,prcus-a,0.0,4.953577568829456
1.764,25,ifrms,-1.10108797041565,4.953577568829456
1.764,25,sspls-v,-0.0,4.953577568829456
1.764,26,mcgs,0.0,5.282372923246924
1.764,26,pos,-0.0,5.282372923246924
1.764,26,sbps,-0.0,5.282372923246924
1.764,26,prculs-d,-0.0,5.282372923246924
1.764,26,prcus-p,-0.0,5.282372923246924
1.764,26,prcus-i,-0.0,5.282372923246924
1.764,26,prcus-a,0.0,5.282372923246924
1.764,26,ifrms,-1.0681263629234024,5.282372923246924
1.764,26,sspls-v,-0.0,5.282372923246924
1.764,27,mcgs,0.0,5.2972096629967576
1.764,27,pos,-0.0,5.2972096629967576
1.764,27,sbps,-0.0,5.2972096629967576
1.764,27,prculs-d,-0.0,5.2972096629967576
1.764,27,prcus-p,-0.06182764132994359,5.2972096629967576
1.764,27,prcus-i,-0.0,5.2972096629967576
1.764,27,prcus-a,0.0,5.2972096629967576
1.764,27,ifrms,-0.8843476798248625,5.2972096629967576
1.764,27,sspls-v,-0.0,5.2972096629967576
1.885,0,mcgs,0.0,5.305693127824897
1.885,0,pos,-0.0,5.305693127824897
1.885,0,sbps,-0.0,5.305693127824897
1.885,0,prculs-d,-0.0,5.305693127824897
1.885,0,prcus-p,-0.0,5.305693127824897
1.885,0,prcus-i,-0.0,5.305693127824897
1.885,0,prcus-a,0.0,5.305693127824897
1.885,0,ifrms,-0.8258847074241561,5.305693127824897
1.885,0,sspls-v,-0.0,5.305693127824897
1.885,1,mcgs,0.0,5.292906346544807
1.885,1,pos,-0.0,5.292906346544807
1.885,1,sbps,-0.0,5.292906346544807
1.885,1,prculs-d,-0.0,5.292906346544807
1.885,1,prcus-p,-0.19280380350883067,5.292906346544807
1.885,1,prcus-i,-0.0,5.292906346544807
1.885,1,prcus-a,0.0,5.292906346544807
1.885,1,ifrms,-0.7682373640111317,5.292906346544807
1.885,1,sspls-v,-0.0,5.292906346544807
1.885,2,mcgs,0.0,5.262343187706592
1.885,2,pos,-0.0,5.262343187706592
1.885,2,sbps,-0.0,5.262343187706592
1.885,2,prculs-d,-0.0,5.262343187706592
1.885,2,prcus-p,-0.0,5.262343187706592
1.885,2,prcus-i,-0.0,5.262343187706592
1.885,2,prcus-a,0.0,5.262343187706592
1.885,2,ifrms,-0.7739518982967096,5.262343187706592
1.885,2,sspls-v,-0.0,5.262343187706592
1.885,3,mcgs,0.0,5.189013553896
1.885,3,pos,-0.0,5.189013553896
1.885,3,sbps,-0.0,5.189013553896
1.885,3,prculs-d,-0.0,5.189013553896
1.885,3,prcus-p,-0.0,5.189013553896
1.885,3,prcus-i,-0.0,5.189013553896
1.885,3,prcus-a,0.0,5.189013553896
1.885,3,ifrms,-0.354614736196345,5.189013553896
1.885,3,sspls-v,-0.0,5.189013553896
1.885,4,mcgs,0.0,5.363858269652227
1.885,4,pos,-0.0,5.363858269652227
1.885,4,sbps,-0.0,5.363858269652227
1.885,4,prculs-d,-0.0,5.363858269652227
1.885,4,prcus-p,-0.0,5.363858269652227
1.885,4,prcus-i,-0.0,5.363858269652227
1.885,4,prcus-a,0.0,5.363858269652227
1.885,4,ifrms,-0.826787376286884,5.363858269652227
1.885,4,sspls-v,-0.0,5.363858269652227
1.885,5,mcgs,0.0,5.149728366270087
1.885,5,pos,-0.0,5.149728366270087
1.885,5,sbps,-0.0,5.149728366270087
1.885,5,prculs-d,-0.0,5.149728366270087
1.885,5,prcus-p,-0.08791390962018737,5.149728366270087
1.885,5,prcus-i,-0.0,5.149728366270087
1.885,5,prcus-a,0.0,5.149728366270087
1.885,5,ifrms,-0.5529575002794462,5.149728366270087
1.885,5,sspls-v,-0.0,5.149728366270087
1.885,6,mcgs,0.0,5.27955715402593
1.885,6,pos,-0.0,5.27955715402593
1.885,6,sbps,-0.0,5.27955715402593
1.885,6,prculs-d,-0.0,5.27955715402593
1.885,6,prcus-p,-0.0,5.27955715402593
1.885,6,prcus-i,-0.0,5.27955715402593
1.885,6,prcus-a,0.0,5.27955715402593
1.885,6,ifrms,-0.9075538054256661,5.27955715402593
1.885,6,sspls-v,-0.0,5.27955715402593
1.885,7,mcgs,0.0,5.370245806953585
1.885,7,pos,-0.0,5.370245806953585
1.885,7,sbps,-0.0,5.370245806953585
1.885,7,prculs-d,-0.0,5.370245806953585
1.885,7,prcus-p,-0.0,5.370245806953585
1.885,7,prcus-i,-0.0,5.370245806953585
1.885,7,prcus-a,0.0,5.370245806953585
1.885,7,ifrms,-0.8544573674002215,5.370245806953585
1.885,7,sspls-v,-0.0,5.370245806953585
1.885,8,mcgs,0.0,5.261171571031154
1.885,8,pos,-0.0,5.261171571031154
1.885,8,sbps,-0.0,5.261171571031154
1.885,8,prculs-d,0.0,5.261171571031154
1.885,8,prcus-p,-0.0,5.261171571031154
1.885,8,prcus-i,-0.0,5.261171571031154
1.885,8,prcus-a,0.0,5.261171571031154
1.885,8,ifrms,-0.5124695427617151,5.261171571031154
1.885,8,sspls-v,-0.0,5.261171571031154
1.885,9,mcgs,0.0,5.037974459261887
1.885,9,pos,0.0,5.037974459261887
1.885,9,sbps,-0.0,5.037974459261887
1.885,9,prculs-d,-0.0,5.037974459261887
1.885,9,prcus-p,-0.11885766827239133,5.037974459261887
1.885,9,prcus-i,-0.0,5.037974459261887
1.885,9,prcus-a,0.0,5.037974459261887
1.885,9,ifrms,-0.7828032004683078,5.037974459261887
1.885,9,sspls-v,-0.0,5.037974459261887
1.885,10,mcgs,0.0,5.19460304063183
1.885,10,pos,-0.0,5.19460304063183
1.885,10,sbps,-0.0,5.19460304063183
1.885,10,prculs-d,-0.0,5.19460304063183
1.885,10,prcus-p,-0.0,5.19460304063183
1.885,10,prcus-i,-0.0,5.19460304063183
1.885,10,prcus-a,0.0,5.19460304063183
1.885,10,ifrms,-1.0036542664575283,5.19460304063183
1.885,10,sspls-v,-0.0,5.19460304063183
1.885,11,mcgs,0.0,5.033843391641195
1.885,11,pos,-0.0,5.033843391641195
1.885,11,sbps,-0.0,5.033843391641195
1.885,11,prculs-d,-0.0,5.033843391641195
1.885,11,prcus-p,-0.0,5.033843391641195
1.885,11,prcus-i,-0.0,5.033843391641195
1.885,11,prcus-a,0.0,5.033843391641195
1.885,11,ifrms,-0.6635299451936294,5.033843391641195
1.885,11,sspls-v,-0.0,5.033843391641195
1.885,12,mcgs,0.0,5.377938209909048
1.885,12,pos,-0.0,5.377938209909048
1.885,12,sbps,-0.0,5.377938209909048
1.885,12,prculs-d,-0.0,5.377938209909048
1.885,12,prcus-p,-0.0,5.377938209909048
1.885,12,prcus-i,-0.0,5.377938209909048
1.885,12,prcus-a,0.0,5.377938209909048
1.885,12,ifrms,-0.8494777263410013,5.377938209909048
1.885,12,sspls-v,-0.0,5.377938209909048
1.885,13,mcgs,0.0,5.237766145688461
1.885,13,pos,-0.0,5.237766145688461
1.885,13,sbps,-0.0,5.237766145688461
1.885,13,prculs-d,-0.0,5.237766145688461
1.885,13,prcus-p,-0.0,5.237766145688461
1.885,13,prcus-i,-0.0,5.237766145688461
1.885,13,prcus-a,0.0,5.237766145688461
1.885,13,ifrms,-0.5628788397624079,5.237766145688461
1.885,13,sspls-v,-0.0,5.237766145688461
1.885,14,mcgs,0.0,5.446329648593
1.885,14,pos,-0.0,5.446329648593
1.885,14,sbps,-0.0,5.446329648593
1.885,14,prculs-d,-0.0,5.446329648593
1.885,14,prcus-p,-0.04488253314481115,5.446329648593
1.885,14,prcus-i,-0.0,5.446329648593
1.885,14,prcus-a,0.0,5.446329648593
1.885,14,ifrms,-0.8894788879628419,5.446329648593
1.885,14,sspls-v,-0.0,5.446329648593
1.885,15,mcgs,0.0,5.306533092978884
1.885,15,pos,-0.0,5.306533092978884
1.885,15,sbps,-0.0,5.306533092978884
1.885,15,prculs-d,-0.0,5.306533092978884
1.885,15,prcus-p,-0.0,5.306533092978884
1.885,15,prcus-i,-0.0,5.306533092978884
1.885,15,prcus-a,0.0,5.306533092978884
1.885,15,ifrms,-0.607852261822909,5.306533092978884
1.885,15,sspls-v,-0.0,5.306533092978884
1.885,16,mcgs,0.0,5.408234510713727
1.885,16,pos,-0.0,5.408234510713727
1.885,16,sbps,-0.0,5.408234510713727
1.885,16,prculs-d,-0.0,5.408234510713727
1.885,16,prcus-p,-0.0,5.408234510713727
1.885,16,prcus-i,-0.0,5.408234510713727
1.885,16,prcus-a,0.0,5.408234510713727
1.885,16,ifrms,-0.8731151769189643,5.408234510713727
1.885,16,sspls-v,-0.0,5.408234510713727
1.885,17,mcgs,0.0,5.031471285404904
1.885,17,pos,-0.0,5.031471285404904
1.885,17,sbps,-0.0,5.031471285404904
1.885,17,prculs-d,-0.0,5.031471285404904
1.885,17,prcus-p,-0.03183459159456546,5.031471285404904
1.885,17,prcus-i,-0.0,5.031471285404904
1.885,17,prcus-a,0.0,5.031471285404904
1.885,17,ifrms,-1.021732300160879,5.031471285404904
1.885,17,sspls-v,-0.0,5.031471285404904
1.885,18,mcgs,0.0,5.363480746225609
1.885,18,pos,-0.0,5.363480746225609
1.885,18,sbps,-0.0,5.363480746225609
1.885,18,prculs-d,-0.0,5.363480746225609
1.885,18,prcus-p,-0.0,5.363480746225609
1.885,18,prcus-i,-0.0,5.363480746225609
1.885,18,prcus-a,0.0,5.363480746225609
1.885,18,ifrms,-0.9434931974554133,5.363480746225609
1.885,18,sspls-v,-0.0,5.363480746225609
1.885,19,mcgs,0.0,5.3811853153698905
1.885,19,pos,-0.0,5.3811853153698905
1.885,19,sbps,-0.0,5.3811853153698905
1.885,19,prculs-d,-0.0,5.3811853153698905
1.885,19,prcus-p,-0.0,5.3811853153698905
1.885,19,prcus-i,-0.0,5.3811853153698905
1.885,19,prcus-a,0.0,5.3811853153698905
1.885,19,ifrms,-0.8773617791992795,5.3811853153698905
1.885,19,sspls-v,-0.0,5.3811853153698905
1.885,20,mcgs,0.0,5.3624574647435015
1.885,20,pos,-0.0,5.3624574647435015
1.885,20,sbps,-0.0,5.3624574647435015
1.885,20,prculs-d,-0.0,5.3624574647435015
1.885,20,prcus-p,-0.0,5.3624574647435015
1.885,20,prcus-i,-0.0,5.3624574647435015
1.885,20,prcus-a,0.0,5.3624574647435015
1.885,20,ifrms,-0.8654825329750476,5.3624574647435015
1.885,20,sspls-v,-0.0,5.3624574647435015
1.885,21,mcgs,0.0,5.435710029770501
1.885,21,pos,-0.0,5.435710029770501
1.885,21,sbps,-0.0,5.435710029770501
1.885,21,prculs-d,-0.0,5.435710029770501
1.885,21,prcus-p,-0.2168324560466387,5.435710029770501
1.885,21,prcus-i,-0.0,5.435710029770501
1.885,21,prcus-a,0.0,5.435710029770501
1.885,21,ifrms,-0.7609092522876324,5.435710029770501
1.885,21,sspls-v,-0.0,5.435710029770501
1.885,22,mcgs,0.0,5.219278535491908
1.885,22,pos,-0.0,5.219278535491908
1.885,22,sbps,-0.0,5.219278535491908
1.885,22,prculs-d,-0.0,5.219278535491908
1.885,22,prcus-p,-0.0,5.219278535491908
1.885,22,prcus-i,-0.0,5.219278535491908
1.885,22,prcus-a,0.0,5.219278535491908
1.885,22,ifrms,-1.073747908855699,5.219278535491908
1.885,22,sspls-v,-0.0,5.219278535491908
1.885,23,mcgs,0.0,5.039918978382919
1.885,23,pos,-0.0,5.039918978382919
1.885,23,sbps,-0.0,5.039918978382919
1.885,23,prculs-d,-0.0,5.039918978382919
1.885,23,prcus-p,-0.12944884912568735,5.039918978382919
1.885,23,prcus-i,-0.0,5.039918978382919
1.885,23,prcus-a,0.0,5.039918978382919
1.885,23,ifrms,-0.8694806224935043,5.039918978382919
1.885,23,sspls-v,0.0,5.039918978382919
1.885,24,mcgs,0.0,5.233648842705453
1.885,24,pos,0.0,5.233648842705453
1.885,24,sbps,-0.0,5.233648842705453
1.885,24,prculs-d,-0.0,5.233648842705453
1.885,24,prcus-p,-0.13100591834549305,5.233648842705453
1.885,24,prcus-i,-0.0,5.233648842705453
1.885,24,prcus-a,0.0,5.233648842705453
1.885,24,ifrms,-0.8947946070073902,5.233648842705453
1.885,24,sspls-v,-0.0,5.233648842705453
1.885,25,mcgs,0.0,4.985211543034333
1.885,25,pos,-0.0,4.985211543034333
1.885,25,sbps,-0.0,4.985211543034333
1.885,25,prculs-d,-0.0,4.985211543034333
1.885,25,prcus-p,-0.0,4.985211543034333
1.885,25,prcus-i,-0.0,4.985211543034333
1.885,25,prcus-a,0.0,4.985211543034333
1.885,25,ifrms,-0.9800879704156499,4.985211543034333
1.885,25,sspls-v,-0.0,4.985211543034333
1.885,26,mcgs,0.0,5.312124526096901
1.885,26,pos,-0.0,5.312124526096901
1.885,26,sbps,-0.0,5.312124526096901
1.885,26,prculs-d,-0.0,5.312124526096901
1.885,26,prcus-p,-0.0,5.312124526096901
1.885,26,prcus-i,-0.0,5.312124526096901
1.885,26,prcus-a,0.0,5.312124526096901
1.885,26,ifrms,-0.9471263629234022,5.312124526096901
1.885,26,sspls-v,-0.0,5.312124526096901
1.885,27,mcgs,0.0,5.290239469159524
1.885,27,pos,-0.0,5.290239469159524
1.885,27,sbps,-0.0,5.290239469159524
1.885,27,prculs-d,-0.0,5.290239469159524
1.885,27,prcus-p,-0.0,5.290239469159524
1.885,27,prcus-i,-0.0,5.290239469159524
1.885,27,prcus-a,0.0,5.290239469159524
1.885,27,ifrms,-0.7925578153636875,5.290239469159524
1.885,27,sspls-v,-0.0,5.290239469159524
2.015,0,mcgs,0.0,5.3557871634403895
2.015,0,pos,-0.0,5.3557871634403895
2.015,0,sbps,-0.0,5.3557871634403895
2.015,0,prculs-d,-0.0,5.3557871634403895
2.015,0,prcus-p,-0.0,5.3557871634403895
2.015,0,prcus-i,-0.0,5.3557871634403895
2.015,0,prcus-a,0.0,5.3557871634403895
2.015,0,ifrms,-0.6958847074241562,5.3557871634403895
2.015,0,sspls-v,-0.0,5.3557871634403895
2.015,1,mcgs,0.0,5.341035336935146
2.015,1,pos,-0.0,5.341035336935146
2.015,1,sbps,-0.0,5.341035336935146
2.015,1,prculs-d,-0.0,5.341035336935146
2.015,1,prcus-p,-0.10471776658407983,5.341035336935146
2.015,1,prcus-i,-0.0,5.341035336935146
2.015,1,prcus-a,0.0,5.341035336935146
2.015,1,ifrms,-0.6801532151282553,5.341035336935146
2.015,1,sspls-v,-0.0,5.341035336935146
2.015,2,mcgs,0.0,5.319138805144614
2.015,2,pos,-0.0,5.319138805144614
2.015,2,sbps,-0.0,5.319138805144614
2.015,2,prculs-d,-0.0,5.319138805144614
2.015,2,prcus-p,-0.0,5.319138805144614
2.015,2,prcus-i,-0.0,5.319138805144614
2.015,2,prcus-a,0.0,5.319138805144614
2.015,2,ifrms,-0.6439518982967098,5.319138805144614
2.015,2,sspls-v,-0.0,5.319138805144614
2.015,3,mcgs,0.0,5.2252017040063246
2.015,3,pos,-0.0,5.2252017040063246
2.015,3,sbps,-0.0,5.2252017040063246
2.015,3,prculs-d,-0.0,5.2252017040063246
2.015,3,prcus-p,-0.0,5.2252017040063246
2.015,3,prcus-i,-0.0,5.2252017040063246
2.015,3,prcus-a,0.0,5.2252017040063246
2.015,3,ifrms,-0.22461473619634506,5.2252017040063246
2.015,3,sspls-v,-0.0,5.2252017040063246
2.015,4,mcgs,0.0,5.3917483463071205
2.015,4,pos,-0.0,5.3917483463071205
2.015,4,sbps,-0.0,5.3917483463071205
2.015,4,prculs-d,-0.0,5.3917483463071205
2.015,4,prcus-p,-0.0,5.3917483463071205
2.015,4,prcus-i,-0.0,5.3917483463071205
2.015,4,prcus-a,0.0,5.3917483463071205
2.015,4,ifrms,-0.6967873762868841,5.3917483463071205
2.015,4,sspls-v,-0.0,5.3917483463071205
2.015,5,mcgs,0.0,5.151779908387898
2.015,5,pos,-0.0,5.151779908387898
2.015,5,sbps,-0.0,5.151779908387898
2.015,5,prculs-d,-0.0,5.151779908387898
2.015,5,prcus-p,-0.0,5.151779908387898
2.015,5,prcus-i,-0.0,5.151779908387898
2.015,5,prcus-a,0.0,5.151779908387898
2.015,5,ifrms,-0.46472728312322925,5.151779908387898
2.015,5,sspls-v,-0.0,5.151779908387898
2.015,6,mcgs,0.0,5.334227562309879
2.015,6,pos,-0.0,5.334227562309879
2.015,6,sbps,-0.0,5.334227562309879
2.015,6,prculs-d,-0.0,5.334227562309879
2.015,6,prcus-p,-0.0,5.334227562309879
2.015,6,prcus-i,-0.0,5.334227562309879
2.015,6,prcus-a,0.0,5.334227562309879
2.015,6,ifrms,-0.7775538054256657,5.334227562309879
2.015,6,sspls-v,-0.0,5.334227562309879
2.015,7,mcgs,0.0,5.403295087080738
2.015,7,pos,-0.0,5.403295087080738
2.015,7,sbps,-0.0,5.403295087080738
2.015,7,prculs-d,-0.0,5.403295087080738
2.015,7,prcus-p,-0.0,5.403295087080738
2.015,7,prcus-i,-0.0,5.403295087080738
2.015,7,prcus-a,0.0,5.403295087080738
2.015,7,ifrms,-0.7244573674002215,5.403295087080738
2.015,7,sspls-v,-0.0,5.403295087080738
2.015,8,mcgs,0.0,5.278047656450364
2.015,8,pos,-0.0,5.278047656450364
2.015,8,sbps,-0.0,5.278047656450364
2.015,8,prculs-d,0.0,5.278047656450364
2.015,8,prcus-p,-0.0,5.278047656450364
2.015,8,prcus-i,-0.0,5.278047656450364
2.015,8,prcus-a,0.0,5.278047656450364
2.015,8,ifrms,-0.3824695427617152,5.278047656450364
2.015,8,sspls-v,-0.0,5.278047656450364
2.015,9,mcgs,0.0,5.069207125709191
2.015,9,pos,0.0,5.069207125709191
2.015,9,sbps,-0.0,5.069207125709191
2.015,9,prculs-d,-0.0,5.069207125709191
2.015,9,prcus-p,-0.030461803295950402,5.069207125709191
2.015,9,prcus-i,-0.0,5.069207125709191
2.015,9,prcus-a,0.0,5.069207125709191
2.015,9,ifrms,-0.6944089378605856,5.069207125709191
2.015,9,sspls-v,-0.0,5.069207125709191
2.015,10,mcgs,0.0,5.220604595020194
2.015,10,pos,-0.0,5.220604595020194
2.015,10,sbps,-0.0,5.220604595020194
2.015,10,prculs-d,-0.0,5.220604595020194
2.015,10,prcus-p,-0.0,5.220604595020194
2.015,10,prcus-i,-0.0,5.220604595020194
2.015,10,prcus-a,0.0,5.220604595020194
2.015,10,ifrms,-0.8736542664575289,5.220604595020194
2.015,10,sspls-v,-0.0,5.220604595020194
2.015,11,mcgs,0.0,5.066194167264282
2.015,11,pos,-0.0,5.066194167264282
2.015,11,sbps,-0.0,5.066194167264282
2.015,11,prculs-d,-0.0,5.066194167264282
2.015,11,prcus-p,-0.0,5.066194167264282
2.015,11,prcus-i,-0.0,5.066194167264282
2.015,11,prcus-a,0.0,5.066194167264282
2.015,11,ifrms,-0.5335299451936294,5.066194167264282
2.015,11,sspls-v,-0.0,5.066194167264282
2.015,12,mcgs,0.0,5.41556056915702
2.015,12,pos,-0.0,5.41556056915702
2.015,12,sbps,-0.0,5.41556056915702
2.015,12,prculs-d,-0.0,5.41556056915702
2.015,12,prcus-p,-0.0,5.41556056915702
2.015,12,prcus-i,-0.0,5.41556056915702
2.015,12,prcus-a,0.0,5.41556056915702
2.015,12,ifrms,-0.7194777263410014,5.41556056915702
2.015,12,sspls-v,-0.0,5.41556056915702
2.015,13,mcgs,0.0,5.271425183617903
2.015,13,pos,-0.0,5.271425183617903
2.015,13,sbps,-0.0,5.271425183617903
2.015,13,prculs-d,-0.0,5.271425183617903
2.015,13,prcus-p,-0.0,5.271425183617903
2.015,13,prcus-i,-0.0,5.271425183617903
2.015,13,prcus-a,0.0,5.271425183617903
2.015,13,ifrms,-0.432878839762408,5.271425183617903
2.015,13,sspls-v,-0.0,5.271425183617903
2.015,14,mcgs,0.0,5.480044460308447
2.015,14,pos,-0.0,5.480044460308447
2.015,14,sbps,-0.0,5.480044460308447
2.015,14,prculs-d,-0.0,5.480044460308447
2.015,14,prcus-p,-0.0,5.480044460308447
2.015,14,prcus-i,-0.0,5.480044460308447
2.015,14,prcus-a,0.0,5.480044460308447
2.015,14,ifrms,-0.7782114949863034,5.480044460308447
2.015,14,sspls-v,-0.0,5.480044460308447
2.015,15,mcgs,0.0,5.348867811448719
2.015,15,pos,-0.0,5.348867811448719
2.015,15,sbps,-0.0,5.348867811448719
2.015,15,prculs-d,-0.0,5.348867811448719
2.015,15,prcus-p,-0.0,5.348867811448719
2.015,15,prcus-i,-0.0,5.348867811448719
2.015,15,prcus-a,0.0,5.348867811448719
2.015,15,ifrms,-0.4778522618229091,5.348867811448719
2.015,15,sspls-v,-0.0,5.348867811448719
2.015,16,mcgs,0.0,5.436232040880669
2.015,16,pos,-0.0,5.436232040880669
2.015,16,sbps,-0.0,5.436232040880669
2.015,16,prculs-d,-0.0,5.436232040880669
2.015,16,prcus-p,-0.0,5.436232040880669
2.015,16,prcus-i,-0.0,5.436232040880669
2.015,16,prcus-a,0.0,5.436232040880669
2.015,16,ifrms,-0.7431151769189643,5.436232040880669
2.015,16,sspls-v,-0.0,5.436232040880669
2.015,17,mcgs,0.0,5.04250529882157
2.015,17,pos,-0.0,5.04250529882157
2.015,17,sbps,-0.0,5.04250529882157
2.015,17,prculs-d,-0.0,5.04250529882157
2.015,17,prcus-p,-0.0,5.04250529882157
2.015,17,prcus-i,-0.0,5.04250529882157
2.015,17,prcus-a,0.0,5.04250529882157
2.015,17,ifrms,-0.9064654921809463,5.04250529882157
2.015,17,sspls-v,-0.0,5.04250529882157
2.015,18,mcgs,0.0,5.397230805407985
2.015,18,pos,-0.0,5.397230805407985
2.015,18,sbps,-0.0,5.397230805407985
2.015,18,prculs-d,-0.0,5.397230805407985
2.015,18,prcus-p,-0.0,5.397230805407985
2.015,18,prcus-i,-0.0,5.397230805407985
2.015,18,prcus-a,0.0,5.397230805407985
2.015,18,ifrms,-0.8134931974554134,5.397230805407985
2.015,18,sspls-v,-0.0,5.397230805407985
2.015,19,mcgs,0.0,5.406297697664587
2.015,19,pos,-0.0,5.406297697664587
2.015,19,sbps,-0.0,5.406297697664587
2.015,19,prculs-d,-0.0,5.406297697664587
2.015,19,prcus-p,-0.0,5.406297697664587
2.015,19,prcus-i,-0.0,5.406297697664587
2.015,19,prcus-a,0.0,5.406297697664587
2.015,19,ifrms,-0.7473617791992795,5.406297697664587
2.015,19,sspls-v,-0.0,5.406297697664587
2.015,20,mcgs,0.0,5.402569233403399
2.015,20,pos,-0.0,5.402569233403399
2.015,20,sbps,-0.0,5.402569233403399
2.015,20,prculs-d,-0.0,5.402569233403399
2.015,20,prcus-p,-0.0,5.402569233403399
2.015,20,prcus-i,-0.0,5.402569233403399
2.015,20,prcus-a,0.0,5.402569233403399
2.015,20,ifrms,-0.7354825329750477,5.402569233403399
2.015,20,sspls-v,-0.0,5.402569233403399
2.015,21,mcgs,0.0,5.4803760858303745
2.015,21,pos,-0.0,5.4803760858303745
2.015,21,sbps,-0.0,5.4803760858303745
2.015,21,prculs-d,-0.0,5.4803760858303745
2.015,21,prcus-p,-0.1309294151848171,5.4803760858303745
2.015,21,prcus-i,-0.0,5.4803760858303745
2.015,21,prcus-a,0.0,5.4803760858303745
2.015,21,ifrms,-0.6750077638308354,5.4803760858303745
2.015,21,sspls-v,-0.0,5.4803760858303745
2.015,22,mcgs,0.0,5.269126838823422
2.015,22,pos,-0.0,5.269126838823422
2.015,22,sbps,-0.0,5.269126838823422
2.015,22,prculs-d,-0.0,5.269126838823422
2.015,22,prcus-p,-0.0,5.269126838823422
2.015,22,prcus-i,-0.0,5.269126838823422
2.015,22,prcus-a,0.0,5.269126838823422
2.015,22,ifrms,-0.9437479088556985,5.269126838823422
2.015,22,sspls-v,-0.0,5.269126838823422
2.015,23,mcgs,0.0,5.073428157296666
2.015,23,pos,-0.0,5.073428157296666
2.015,23,sbps,-0.0,5.073428157296666
2.015,23,prculs-d,-0.0,5.073428157296666
2.015,23,prcus-p,-0.04086283821669851,5.073428157296666
2.015,23,prcus-i,-0.0,5.073428157296666
2.015,23,prcus-a,0.0,5.073428157296666
2.015,23,ifrms,-0.7808960600227343,5.073428157296666
2.015,23,sspls-v,0.0,5.073428157296666
2.015,24,mcgs,0.0,5.272410875603459
2.015,24,pos,-0.0,5.272410875603459
2.015,24,sbps,-0.0,5.272410875603459
2.015,24,prculs-d,-0.0,5.272410875603459
2.015,24,prcus-p,-0.04225818683139717,5.272410875603459
2.015,24,prcus-i,-0.0,5.272410875603459
2.015,24,prcus-a,0.0,5.272410875603459
2.015,24,ifrms,-0.8060482044530696,5.272410875603459
2.015,24,sspls-v,-0.0,5.272410875603459
2.015,25,mcgs,0.0,5.029576661864108
2.015,25,pos,-0.0,5.029576661864108
2.015,25,sbps,-0.0,5.029576661864108
2.015,25,prculs-d,-0.0,5.029576661864108
2.015,25,prcus-p,-0.0,5.029576661864108
2.015,25,prcus-i,-0.0,5.029576661864108
2.015,25,prcus-a,0.0,5.029576661864108
2.015,25,ifrms,-0.85008797041565,5.029576661864108
2.015,25,sspls-v,-0.0,5.029576661864108
2.015,26,mcgs,0.0,5.360541624304703
2.015,26,pos,-0.0,5.360541624304703
2.015,26,sbps,-0.0,5.360541624304703
2.015,26,prculs-d,-0.0,5.360541624304703
2.015,26,prcus-p,-0.0,5.360541624304703
2.015,26,prcus-i,-0.0,5.360541624304703
2.015,26,prcus-a,0.0,5.360541624304703
2.015,26,ifrms,-0.8171263629234018,5.360541624304703
2.015,26,sspls-v,-0.0,5.360541624304703
2.015,27,mcgs,0.0,5.296740492836473
2.015,27,pos,-0.0,5.296740492836473
2.015,27,sbps,-0.0,5.296740492836473
2.015,27,prculs-d,-0.0,5.296740492836473
2.015,27,prcus-p,-0.0,5.296740492836473
2.015,27,prcus-i,-0.0,5.296740492836473
2.015,27,prcus-a,0.0,5.296740492836473
2.015,27,ifrms,-0.6625578153636876,5.296740492836473
2.015,27,sspls-v,-0.0,5.296740492836473
2.154,0,mcgs,0.0,5.408089060508899
2.154,0,pos,-0.0,5.408089060508899
2.154,0,sbps,-0.0,5.408089060508899
2.154,0,prculs-d,-0.0,5.408089060508899
2.154,0,prcus-p,-0.0,5.408089060508899
2.154,0,prcus-i,-0.0,5.408089060508899
2.154,0,prcus-a,0.0,5.408089060508899
2.154,0,ifrms,-0.5568847074241562,5.408089060508899
2.154,0,sspls-v,-0.0,5.408089060508899
2.154,1,mcgs,0.0,5.386923371142223
2.154,1,pos,-0.0,5.386923371142223
2.154,1,sbps,-0.0,5.386923371142223
2.154,1,prculs-d,-0.0,5.386923371142223
2.154,1,prcus-p,-0.010533465564537155,5.386923371142223
2.154,1,prcus-i,-0.0,5.386923371142223
2.154,1,prcus-a,0.0,5.386923371142223
2.154,1,ifrms,-0.58597093286118,5.386923371142223
2.154,1,sspls-v,-0.0,5.386923371142223
2.154,2,mcgs,0.0,5.3669004878471345
2.154,2,pos,-0.0,5.3669004878471345
2.154,2,sbps,-0.0,5.3669004878471345
2.154,2,prculs-d,-0.0,5.3669004878471345
2.154,2,prcus-p,-0.0,5.3669004878471345
2.154,2,prcus-i,-0.0,5.3669004878471345
2.154,2,prcus-a,0.0,5.3669004878471345
2.154,2,ifrms,-0.5049518982967098,5.3669004878471345
2.154,2,sspls-v,-0.0,5.3669004878471345
2.154,3,mcgs,0.0,5.231316415726939
2.154,3,pos,-0.0,5.231316415726939
2.154,3,sbps,-0.0,5.231316415726939
2.154,3,prculs-d,-0.0,5.231316415726939
2.154,3,prcus-p,-0.0,5.231316415726939
2.154,3,prcus-i,-0.0,5.231316415726939
2.154,3,prcus-a,0.0,5.231316415726939
2.154,3,ifrms,-0.08561473619634506,5.231316415726939
2.154,3,sspls-v,-0.0,5.231316415726939
2.154,4,mcgs,0.0,5.425755139805305
2.154,4,pos,-0.0,5.425755139805305
2.154,4,sbps,-0.0,5.425755139805305
2.154,4,prculs-d,-0.0,5.425755139805305
2.154,4,prcus-p,-0.0,5.425755139805305
2.154,4,prcus-i,-0.0,5.425755139805305
2.154,4,prcus-a,0.0,5.425755139805305
2.154,4,ifrms,-0.5577873762868841,5.425755139805305
2.154,4,sspls-v,-0.0,5.425755139805305
2.154,5,mcgs,0.0,5.164494116017039
2.154,5,pos,-0.0,5.164494116017039
2.154,5,sbps,-0.0,5.164494116017039
2.154,5,prculs-d,-0.0,5.164494116017039
2.154,5,prcus-p,-0.0,5.164494116017039
2.154,5,prcus-i,-0.0,5.164494116017039
2.154,5,prcus-a,0.0,5.164494116017039
2.154,5,ifrms,-0.3257272831232292,5.164494116017039
2.154,5,sspls-v,-0.0,5.164494116017039
2.154,6,mcgs,0.0,5.396462180745892
2.154,6,pos,-0.0,5.396462180745892
2.154,6,sbps,-0.0,5.396462180745892
2.154,6,prculs-d,-0.0,5.396462180745892
2.154,6,prcus-p,-0.0,5.396462180745892
2.154,6,prcus-i,-0.0,5.396462180745892
2.154,6,prcus-a,0.0,5.396462180745892
2.154,6,ifrms,-0.6385538054256663,5.396462180745892
2.154,6,sspls-v,-0.0,5.396462180745892
2.154,7,mcgs,0.0,5.445675044284361
2.154,7,pos,-0.0,5.445675044284361
2.154,7,sbps,-0.0,5.445675044284361
2.154,7,prculs-d,-0.0,5.445675044284361
2.154,7,prcus-p,-0.0,5.445675044284361
2.154,7,prcus-i,-0.0,5.445675044284361
2.154,7,prcus-a,0.0,5.445675044284361
2.154,7,ifrms,-0.5854573674002215,5.445675044284361
2.154,7,sspls-v,-0.0,5.445675044284361
2.154,8,mcgs,0.0,5.305740440088482
2.154,8,pos,-0.0,5.305740440088482
2.154,8,sbps,-0.0,5.305740440088482
2.154,8,prculs-d,0.0,5.305740440088482
2.154,8,prcus-p,-0.0,5.305740440088482
2.154,8,prcus-i,-0.0,5.305740440088482
2.154,8,prcus-a,0.0,5.305740440088482
2.154,8,ifrms,-0.2434695427617152,5.305740440088482
2.154,8,sspls-v,-0.0,5.305740440088482
2.154,9,mcgs,0.0,5.0752299719937755
2.154,9,pos,0.0,5.0752299719937755
2.154,9,sbps,-0.0,5.0752299719937755
2.154,9,prculs-d,-0.0,5.0752299719937755
2.154,9,prcus-p,-0.0,5.0752299719937755
2.154,9,prcus-i,-0.0,5.0752299719937755
2.154,9,prcus-a,0.0,5.0752299719937755
2.154,9,ifrms,-0.5697465518288898,5.0752299719937755
2.154,9,sspls-v,-0.0,5.0752299719937755
2.154,10,mcgs,0.0,5.280072300881826
2.154,10,pos,-0.0,5.280072300881826
2.154,10,sbps,-0.0,5.280072300881826
2.154,10,prculs-d,-0.0,5.280072300881826
2.154,10,prcus-p,-0.0,5.280072300881826
2.154,10,prcus-i,-0.0,5.280072300881826
2.154,10,prcus-a,0.0,5.280072300881826
2.154,10,ifrms,-0.7346542664575284,5.280072300881826
2.154,10,sspls-v,-0.0,5.280072300881826
2.154,11,mcgs,0.0,5.110897169626481
2.154,11,pos,-0.0,5.110897169626481
2.154,11,sbps,-0.0,5.110897169626481
2.154,11,prculs-d,-0.0,5.110897169626481
2.154,11,prcus-p,-0.0,5.110897169626481
2.154,11,prcus-i,-0.0,5.110897169626481
2.154,11,prcus-a,0.0,5.110897169626481
2.154,11,ifrms,-0.3945299451936294,5.110897169626481
2.154,11,sspls-v,-0.0,5.110897169626481
2.154,12,mcgs,0.0,5.45727050790243
2.154,12,pos,-0.0,5.45727050790243
2.154,12,sbps,-0.0,5.45727050790243
2.154,12,prculs-d,-0.0,5.45727050790243
2.154,12,prcus-p,-0.0,5.45727050790243
2.154,12,prcus-i,-0.0,5.45727050790243
2.154,12,prcus-a,0.0,5.45727050790243
2.154,12,ifrms,-0.5804777263410014,5.45727050790243
2.154,12,sspls-v,-0.0,5.45727050790243
2.154,13,mcgs,0.0,5.313233854455642
2.154,13,pos,-0.0,5.313233854455642
2.154,13,sbps,-0.0,5.313233854455642
2.154,13,prculs-d,-0.0,5.313233854455642
2.154,13,prcus-p,-0.0,5.313233854455642
2.154,13,prcus-i,-0.0,5.313233854455642
2.154,13,prcus-a,0.0,5.313233854455642
2.154,13,ifrms,-0.2938788397624079,5.313233854455642
2.154,13,sspls-v,-0.0,5.313233854455642
2.154,14,mcgs,0.0,5.509942403540197
2.154,14,pos,-0.0,5.509942403540197
2.154,14,sbps,-0.0,5.509942403540197
2.154,14,prculs-d,-0.0,5.509942403540197
2.154,14,prcus-p,-0.0,5.509942403540197
2.154,14,prcus-i,-0.0,5.509942403540197
2.154,14,prcus-a,0.0,5.509942403540197
2.154,14,ifrms,-0.6392114949863034,5.509942403540197
2.154,14,sspls-v,-0.0,5.509942403540197
2.154,15,mcgs,0.0,5.393127892071549
2.154,15,pos,-0.0,5.393127892071549
2.154,15,sbps,-0.0,5.393127892071549
2.154,15,prculs-d,-0.0,5.393127892071549
2.154,15,prcus-p,-0.0,5.393127892071549
2.154,15,prcus-i,-0.0,5.393127892071549
2.154,15,prcus-a,0.0,5.393127892071549
2.154,15,ifrms,-0.33885226182290906,5.393127892071549
2.154,15,sspls-v,-0.0,5.393127892071549
2.154,16,mcgs,0.0,5.480058411250449
2.154,16,pos,-0.0,5.480058411250449
2.154,16,sbps,-0.0,5.480058411250449
2.154,16,prculs-d,-0.0,5.480058411250449
2.154,16,prcus-p,-0.0,5.480058411250449
2.154,16,prcus-i,-0.0,5.480058411250449
2.154,16,prcus-a,0.0,5.480058411250449
2.154,16,ifrms,-0.6041151769189643,5.480058411250449
2.154,16,sspls-v,-0.0,5.480058411250449
2.154,17,mcgs,0.0,5.066311626177093
2.154,17,pos,-0.0,5.066311626177093
2.154,17,sbps,-0.0,5.066311626177093
2.154,17,prculs-d,-0.0,5.066311626177093
2.154,17,prcus-p,-0.0,5.066311626177093
2.154,17,prcus-i,-0.0,5.066311626177093
2.154,17,prcus-a,0.0,5.066311626177093
2.154,17,ifrms,-0.7674654921809463,5.066311626177093
2.154,17,sspls-v,-0.0,5.066311626177093
2.154,18,mcgs,0.0,5.454562217393753
2.154,18,pos,-0.0,5.454562217393753
2.154,18,sbps,-0.0,5.454562217393753
2.154,18,prculs-d,-0.0,5.454562217393753
2.154,18,prcus-p,-0.0,5.454562217393753
2.154,18,prcus-i,-0.0,5.454562217393753
2.154,18,prcus-a,0.0,5.454562217393753
2.154,18,ifrms,-0.6744931974554134,5.454562217393753
2.154,18,sspls-v,-0.0,5.454562217393753
2.154,19,mcgs,0.0,5.451152362822201
2.154,19,pos,-0.0,5.451152362822201
2.154,19,sbps,-0.0,5.451152362822201
2.154,19,prculs-d,-0.0,5.451152362822201
2.154,19,prcus-p,-0.0,5.451152362822201
2.154,19,prcus-i,-0.0,5.451152362822201
2.154,19,prcus-a,0.0,5.451152362822201
2.154,19,ifrms,-0.6083617791992795,5.451152362822201
2.154,19,sspls-v,-0.0,5.451152362822201
2.154,20,mcgs,0.0,5.451655331762095
2.154,20,pos,-0.0,5.451655331762095
2.154,20,sbps,-0.0,5.451655331762095
2.154,20,prculs-d,-0.0,5.451655331762095
2.154,20,prcus-p,-0.0,5.451655331762095
2.154,20,prcus-i,-0.0,5.451655331762095
2.154,20,prcus-a,0.0,5.451655331762095
2.154,20,ifrms,-0.5964825329750476,5.451655331762095
2.154,20,sspls-v,-0.0,5.451655331762095
2.154,21,mcgs,0.0,5.534907559714325
2.154,21,pos,-0.0,5.534907559714325
2.154,21,sbps,-0.0,5.534907559714325
2.154,21,prculs-d,-0.0,5.534907559714325
2.154,21,prcus-p,-0.039079240724869665,5.534907559714325
2.154,21,prcus-i,-0.0,5.534907559714325
2.154,21,prcus-a,0.0,5.534907559714325
2.154,21,ifrms,-0.5831592492501071,5.534907559714325
2.154,21,sspls-v,-0.0,5.534907559714325
2.154,22,mcgs,0.0,5.333717621017752
2.154,22,pos,-0.0,5.333717621017752
2.154,22,sbps,-0.0,5.333717621017752
2.154,22,prculs-d,-0.0,5.333717621017752
2.154,22,prcus-p,-0.0,5.333717621017752
2.154,22,prcus-i,-0.0,5.333717621017752
2.154,22,prcus-a,0.0,5.333717621017752
2.154,22,ifrms,-0.8047479088556985,5.333717621017752
2.154,22,sspls-v,-0.0,5.333717621017752
2.154,23,mcgs,0.0,5.092134938365314
2.154,23,pos,-0.0,5.092134938365314
2.154,23,sbps,-0.0,5.092134938365314
2.154,23,prculs-d,-0.0,5.092134938365314
2.154,23,prcus-p,-0.0,5.092134938365314
2.154,23,prcus-i,-0.0,5.092134938365314
2.154,23,prcus-a,0.0,5.092134938365314
2.154,23,ifrms,-0.6610001183956703,5.092134938365314
2.154,23,sspls-v,0.0,5.092134938365314
2.154,24,mcgs,0.0,5.321262859926344
2.154,24,pos,-0.0,5.321262859926344
2.154,24,sbps,-0.0,5.321262859926344
2.154,24,prculs-d,-0.0,5.321262859926344
2.154,24,prcus-p,-0.0,5.321262859926344
2.154,24,prcus-i,-0.0,5.321262859926344
2.154,24,prcus-a,0.0,5.321262859926344
2.154,24,ifrms,-0.6866915485542078,5.321262859926344
2.154,24,sspls-v,-0.0,5.321262859926344
2.154,25,mcgs,0.0,5.0799662071750715
2.154,25,pos,-0.0,5.0799662071750715
2.154,25,sbps,-0.0,5.0799662071750715
2.154,25,prculs-d,-0.0,5.0799662071750715
2.154,25,prcus-p,-0.0,5.0799662071750715
2.154,25,prcus-i,-0.0,5.0799662071750715
2.154,25,prcus-a,0.0,5.0799662071750715
2.154,25,ifrms,-0.71108797041565,5.0799662071750715
2.154,25,sspls-v,-0.0,5.0799662071750715
2.154,26,mcgs,0.0,5.426239883643025
2.154,26,pos,-0.0,5.426239883643025
2.154,26,sbps,-0.0,5.426239883643025
2.154,26,prculs-d,-0.0,5.426239883643025
2.154,26,prcus-p,-0.0,5.426239883643025
2.154,26,prcus-i,-0.0,5.426239883643025
2.154,26,prcus-a,0.0,5.426239883643025
2.154,26,ifrms,-0.6781263629234033,5.426239883643025
2.154,26,sspls-v,-0.0,5.426239883643025
2.154,27,mcgs,0.0,5.323669928434999
2.154,27,pos,-0.0,5.323669928434999
2.154,27,sbps,-0.0,5.323669928434999
2.154,27,prculs-d,-0.0,5.323669928434999
2.154,27,prcus-p,-0.0,5.323669928434999
2.154,27,prcus-i,-0.0,5.323669928434999
2.154,27,prcus-a,0.0,5.323669928434999
2.154,27,ifrms,-0.5235578153636876,5.323669928434999
2.154,27,sspls-v,-0.0,5.323669928434999
2.303,0,mcgs,0.0,5.4590505396046485
2.303,0,pos,-0.0,5.4590505396046485
2.303,0,sbps,-0.0,5.4590505396046485
2.303,0,prculs-d,-0.0,5.4590505396046485
2.303,0,prcus-p,-0.0,5.4590505396046485
2.303,0,prcus-i,-0.0,5.4590505396046485
2.303,0,prcus-a,0.0,5.4590505396046485
2.303,0,ifrms,-0.4078847074241563,5.4590505396046485
2.303,0,sspls-v,-0.0,5.4590505396046485
2.303,1,mcgs,0.0,5.412702225644177
2.303,1,pos,-0.0,5.412702225644177
2.303,1,sbps,-0.0,5.412702225644177
2.303,1,prculs-d,-0.0,5.412702225644177
2.303,1,prcus-p,-0.0,5.412702225644177
2.303,1,prcus-i,-0.0,5.412702225644177
2.303,1,prcus-a,0.0,5.412702225644177
2.303,1,ifrms,-0.44198329565742744,5.412702225644177
2.303,1,sspls-v,-0.0,5.412702225644177
2.303,2,mcgs,0.0,5.417494657557519
2.303,2,pos,-0.0,5.417494657557519
2.303,2,sbps,-0.0,5.417494657557519
2.303,2,prculs-d,-0.0,5.417494657557519
2.303,2,prcus-p,-0.0,5.417494657557519
2.303,2,prcus-i,-0.0,5.417494657557519
2.303,2,prcus-a,0.0,5.417494657557519
2.303,2,ifrms,-0.35595189829671003,5.417494657557519
2.303,2,sspls-v,-0.0,5.417494657557519
2.303,3,mcgs,0.0,5.220444950160122
2.303,3,pos,-0.0,5.220444950160122
2.303,3,sbps,-0.0,5.220444950160122
2.303,3,prculs-d,-0.0,5.220444950160122
2.303,3,prcus-p,-0.0,5.220444950160122
2.303,3,prcus-i,-0.0,5.220444950160122
2.303,3,prcus-a,0.0,5.220444950160122
2.303,3,ifrms,-0.0,5.220444950160122
2.303,3,sspls-v,-0.0,5.220444950160122
2.303,4,mcgs,0.0,5.468865662221559
2.303,4,pos,-0.0,5.468865662221559
2.303,4,sbps,-0.0,5.468865662221559
2.303,4,prculs-d,-0.0,5.468865662221559
2.303,4,prcus-p,-0.0,5.468865662221559
2.303,4,prcus-i,-0.0,5.468865662221559
2.303,4,prcus-a,0.0,5.468865662221559
2.303,4,ifrms,-0.4087873762868842,5.468865662221559
2.303,4,sspls-v,-0.0,5.468865662221559
2.303,5,mcgs,0.0,5.178534779817283
2.303,5,pos,-0.0,5.178534779817283
2.303,5,sbps,-0.0,5.178534779817283
2.303,5,prculs-d,-0.0,5.178534779817283
2.303,5,prcus-p,-0.0,5.178534779817283
2.303,5,prcus-i,-0.0,5.178534779817283
2.303,5,prcus-a,0.0,5.178534779817283
2.303,5,ifrms,-0.17672728312322925,5.178534779817283
2.303,5,sspls-v,-0.0,5.178534779817283
2.303,6,mcgs,0.0,5.449610970602209
2.303,6,pos,-0.0,5.449610970602209
2.303,6,sbps,-0.0,5.449610970602209
2.303,6,prculs-d,-0.0,5.449610970602209
2.303,6,prcus-p,-0.0,5.449610970602209
2.303,6,prcus-i,-0.0,5.449610970602209
2.303,6,prcus-a,0.0,5.449610970602209
2.303,6,ifrms,-0.48955380542566646,5.449610970602209
2.303,6,sspls-v,-0.0,5.449610970602209
2.303,7,mcgs,0.0,5.492818509703026
2.303,7,pos,-0.0,5.492818509703026
2.303,7,sbps,-0.0,5.492818509703026
2.303,7,prculs-d,-0.0,5.492818509703026
2.303,7,prcus-p,-0.0,5.492818509703026
2.303,7,prcus-i,-0.0,5.492818509703026
2.303,7,prcus-a,0.0,5.492818509703026
2.303,7,ifrms,-0.43645736740022156,5.492818509703026
2.303,7,sspls-v,-0.0,5.492818509703026
2.303,8,mcgs,0.0,5.305912467973237
2.303,8,pos,-0.0,5.305912467973237
2.303,8,sbps,-0.0,5.305912467973237
2.303,8,prculs-d,0.0,5.305912467973237
2.303,8,prcus-p,-0.0,5.305912467973237
2.303,8,prcus-i,-0.0,5.305912467973237
2.303,8,prcus-a,0.0,5.305912467973237
2.303,8,ifrms,-0.09446954276171535,5.305912467973237
2.303,8,sspls-v,-0.0,5.305912467973237
2.303,9,mcgs,0.0,5.1032613683568115
2.303,9,pos,0.0,5.1032613683568115
2.303,9,sbps,-0.0,5.1032613683568115
2.303,9,prculs-d,-0.0,5.1032613683568115
2.303,9,prcus-p,-0.0,5.1032613683568115
2.303,9,prcus-i,-0.0,5.1032613683568115
2.303,9,prcus-a,0.0,5.1032613683568115
2.303,9,ifrms,-0.4207465518288899,5.1032613683568115
2.303,9,sspls-v,-0.0,5.1032613683568115
2.303,10,mcgs,0.0,5.3436214232061054
2.303,10,pos,-0.0,5.3436214232061054
2.303,10,sbps,-0.0,5.3436214232061054
2.303,10,prculs-d,-0.0,5.3436214232061054
2.303,10,prcus-p,-0.0,5.3436214232061054
2.303,10,prcus-i,-0.0,5.3436214232061054
2.303,10,prcus-a,0.0,5.3436214232061054
2.303,10,ifrms,-0.5856542664575285,5.3436214232061054
2.303,10,sspls-v,-0.0,5.3436214232061054
2.303,11,mcgs,0.0,5.156376801152239
2.303,11,pos,-0.0,5.156376801152239
2.303,11,sbps,-0.0,5.156376801152239
2.303,11,prculs-d,-0.0,5.156376801152239
2.303,11,prcus-p,-0.0,5.156376801152239
2.303,11,prcus-i,-0.0,5.156376801152239
2.303,11,prcus-a,0.0,5.156376801152239
2.303,11,ifrms,-0.24552994519362947,5.156376801152239
2.303,11,sspls-v,-0.0,5.156376801152239
2.303,12,mcgs,0.0,5.503527636992362
2.303,12,pos,-0.0,5.503527636992362
2.303,12,sbps,-0.0,5.503527636992362
2.303,12,prculs-d,-0.0,5.503527636992362
2.303,12,prcus-p,-0.0,5.503527636992362
2.303,12,prcus-i,-0.0,5.503527636992362
2.303,12,prcus-a,0.0,5.503527636992362
2.303,12,ifrms,-0.43147772634100146,5.503527636992362
2.303,12,sspls-v,-0.0,5.503527636992362
2.303,13,mcgs,0.0,5.333943372696938
2.303,13,pos,-0.0,5.333943372696938
2.303,13,sbps,-0.0,5.333943372696938
2.303,13,prculs-d,-0.0,5.333943372696938
2.303,13,prcus-p,-0.0,5.333943372696938
2.303,13,prcus-i,-0.0,5.333943372696938
2.303,13,prcus-a,0.0,5.333943372696938
2.303,13,ifrms,-0.14487883976240806,5.333943372696938
2.303,13,sspls-v,-0.0,5.333943372696938
2.303,14,mcgs,0.0,5.544552128802724
2.303,14,pos,-0.0,5.544552128802724
2.303,14,sbps,-0.0,5.544552128802724
2.303,14,prculs-d,-0.0,5.544552128802724
2.303,14,prcus-p,-0.0,5.544552128802724
2.303,14,prcus-i,-0.0,5.544552128802724
2.303,14,prcus-a,0.0,5.544552128802724
2.303,14,ifrms,-0.49021149498630345,5.544552128802724
2.303,14,sspls-v,-0.0,5.544552128802724
2.303,15,mcgs,0.0,5.427018989450079
2.303,15,pos,-0.0,5.427018989450079
2.303,15,sbps,-0.0,5.427018989450079
2.303,15,prculs-d,-0.0,5.427018989450079
2.303,15,prcus-p,-0.0,5.427018989450079
2.303,15,prcus-i,-0.0,5.427018989450079
2.303,15,prcus-a,0.0,5.427018989450079
2.303,15,ifrms,-0.18985226182290924,5.427018989450079
2.303,15,sspls-v,-0.0,5.427018989450079
2.303,16,mcgs,0.0,5.5266760761498
2.303,16,pos,-0.0,5.5266760761498
2.303,16,sbps,-0.0,5.5266760761498
2.303,16,prculs-d,-0.0,5.5266760761498
2.303,16,prcus-p,-0.0,5.5266760761498
2.303,16,prcus-i,-0.0,5.5266760761498
2.303,16,prcus-a,0.0,5.5266760761498
2.303,16,ifrms,-0.4551151769189644,5.5266760761498
2.303,16,sspls-v,-0.0,5.5266760761498
2.303,17,mcgs,0.0,5.1025407319252105
2.303,17,pos,-0.0,5.1025407319252105
2.303,17,sbps,-0.0,5.1025407319252105
2.303,17,prculs-d,-0.0,5.1025407319252105
2.303,17,prcus-p,-0.0,5.1025407319252105
2.303,17,prcus-i,-0.0,5.1025407319252105
2.303,17,prcus-a,0.0,5.1025407319252105
2.303,17,ifrms,-0.6184654921809464,5.1025407319252105
2.303,17,sspls-v,-0.0,5.1025407319252105
2.303,18,mcgs,0.0,5.51058379696373
2.303,18,pos,-0.0,5.51058379696373
2.303,18,sbps,-0.0,5.51058379696373
2.303,18,prculs-d,-0.0,5.51058379696373
2.303,18,prcus-p,-0.0,5.51058379696373
2.303,18,prcus-i,-0.0,5.51058379696373
2.303,18,prcus-a,0.0,5.51058379696373
2.303,18,ifrms,-0.5254931974554135,5.51058379696373
2.303,18,sspls-v,-0.0,5.51058379696373
2.303,19,mcgs,0.0,5.497227232709027
2.303,19,pos,-0.0,5.497227232709027
2.303,19,sbps,-0.0,5.497227232709027
2.303,19,prculs-d,-0.0,5.497227232709027
2.303,19,prcus-p,-0.0,5.497227232709027
2.303,19,prcus-i,-0.0,5.497227232709027
2.303,19,prcus-a,0.0,5.497227232709027
2.303,19,ifrms,-0.45936177919927956,5.497227232709027
2.303,19,sspls-v,-0.0,5.497227232709027
2.303,20,mcgs,0.0,5.502568773951737
2.303,20,pos,-0.0,5.502568773951737
2.303,20,sbps,-0.0,5.502568773951737
2.303,20,prculs-d,-0.0,5.502568773951737
2.303,20,prcus-p,-0.0,5.502568773951737
2.303,20,prcus-i,-0.0,5.502568773951737
2.303,20,prcus-a,0.0,5.502568773951737
2.303,20,ifrms,-0.44748253297504775,5.502568773951737
2.303,20,sspls-v,-0.0,5.502568773951737
2.303,21,mcgs,0.0,5.57300851462936
2.303,21,pos,-0.0,5.57300851462936
2.303,21,sbps,-0.0,5.57300851462936
2.303,21,prculs-d,-0.0,5.57300851462936
2.303,21,prcus-p,-0.0,5.57300851462936
2.303,21,prcus-i,-0.0,5.57300851462936
2.303,21,prcus-a,0.0,5.57300851462936
2.303,21,ifrms,-0.4542206618720109,5.57300851462936
2.303,21,sspls-v,-0.0,5.57300851462936
2.303,22,mcgs,0.0,5.407239516487675
2.303,22,pos,-0.0,5.407239516487675
2.303,22,sbps,-0.0,5.407239516487675
2.303,22,prculs-d,-0.0,5.407239516487675
2.303,22,prcus-p,-0.0,5.407239516487675
2.303,22,prcus-i,-0.0,5.407239516487675
2.303,22,prcus-a,0.0,5.407239516487675
2.303,22,ifrms,-0.6557479088556986,5.407239516487675
2.303,22,sspls-v,-0.0,5.407239516487675
2.303,23,mcgs,0.0,5.113265080801654
2.303,23,pos,-0.0,5.113265080801654
2.303,23,sbps,-0.0,5.113265080801654
2.303,23,prculs-d,-0.0,5.113265080801654
2.303,23,prcus-p,-0.0,5.113265080801654
2.303,23,prcus-i,-0.0,5.113265080801654
2.303,23,prcus-a,0.0,5.113265080801654
2.303,23,ifrms,-0.5120001183956704,5.113265080801654
2.303,23,sspls-v,0.0,5.113265080801654
2.303,24,mcgs,0.0,5.3529870693673205
2.303,24,pos,-0.0,5.3529870693673205
2.303,24,sbps,-0.0,5.3529870693673205
2.303,24,prculs-d,-0.0,5.3529870693673205
2.303,24,prcus-p,-0.0,5.3529870693673205
2.303,24,prcus-i,-0.0,5.3529870693673205
2.303,24,prcus-a,0.0,5.3529870693673205
2.303,24,ifrms,-0.5376915485542074,5.3529870693673205
2.303,24,sspls-v,-0.0,5.3529870693673205
2.303,25,mcgs,0.0,5.127047254932669
2.303,25,pos,-0.0,5.127047254932669
2.303,25,sbps,-0.0,5.127047254932669
2.303,25,prculs-d,-0.0,5.127047254932669
2.303,25,prcus-p,-0.0,5.127047254932669
2.303,25,prcus-i,-0.0,5.127047254932669
2.303,25,prcus-a,0.0,5.127047254932669
2.303,25,ifrms,-0.5620879704156502,5.127047254932669
2.303,25,sspls-v,-0.0,5.127047254932669
2.303,26,mcgs,0.0,5.48327543013494
2.303,26,pos,-0.0,5.48327543013494
2.303,26,sbps,-0.0,5.48327543013494
2.303,26,prculs-d,-0.0,5.48327543013494
2.303,26,prcus-p,-0.0,5.48327543013494
2.303,26,prcus-i,-0.0,5.48327543013494
2.303,26,prcus-a,0.0,5.48327543013494
2.303,26,ifrms,-0.5291263629234024,5.48327543013494
2.303,26,sspls-v,-0.0,5.48327543013494
2.303,27,mcgs,0.0,5.3644355392459655
2.303,27,pos,-0.0,5.3644355392459655
2.303,27,sbps,-0.0,5.3644355392459655
2.303,27,prculs-d,-0.0,5.3644355392459655
2.303,27,prcus-p,-0.0,5.3644355392459655
2.303,27,prcus-i,-0.0,5.3644355392459655
2.303,27,prcus-a,0.0,5.3644355392459655
2.303,27,ifrms,-0.37455781536368765,5.3644355392459655
2.303,27,sspls-v,-0.0,5.3644355392459655
2.462,0,mcgs,0.0,5.508642883578959
2.462,0,pos,-0.0,5.508642883578959
2.462,0,sbps,-0.0,5.508642883578959
2.462,0,prculs-d,-0.0,5.508642883578959
2.462,0,prcus-p,-0.0,5.508642883578959
2.462,0,prcus-i,-0.0,5.508642883578959
2.462,0,prcus-a,0.0,5.508642883578959
2.462,0,ifrms,-0.24888470742415603,5.508642883578959
2.462,0,sspls-v,-0.0,5.508642883578959
2.462,1,mcgs,0.0,5.440318606155744
2.462,1,pos,-0.0,5.440318606155744
2.462,1,sbps,-0.0,5.440318606155744
2.462,1,prculs-d,-0.0,5.440318606155744
2.462,1,prcus-p,-0.0,5.440318606155744
2.462,1,prcus-i,-0.0,5.440318606155744
2.462,1,prcus-a,0.0,5.440318606155744
2.462,1,ifrms,-0.2829832956574272,5.440318606155744
2.462,1,sspls-v,-0.0,5.440318606155744
2.462,2,mcgs,0.0,5.4584995603438315
2.462,2,pos,-0.0,5.4584995603438315
2.462,2,sbps,-0.0,5.4584995603438315
2.462,2,prculs-d,-0.0,5.4584995603438315
2.462,2,prcus-p,-0.0,5.4584995603438315
2.462,2,prcus-i,-0.0,5.4584995603438315
2.462,2,prcus-a,0.0,5.4584995603438315
2.462,2,ifrms,-0.1969518982967099,5.4584995603438315
2.462,2,sspls-v,-0.0,5.4584995603438315
2.462,3,mcgs,0.0,5.2024494357377264
2.462,3,pos,-0.0,5.2024494357377264
2.462,3,sbps,-0.0,5.2024494357377264
2.462,3,prculs-d,-0.0,5.2024494357377264
2.462,3,prcus-p,-0.0,5.2024494357377264
2.462,3,prcus-i,-0.0,5.2024494357377264
2.462,3,prcus-a,0.0,5.2024494357377264
2.462,3,ifrms,-0.0,5.2024494357377264
2.462,3,sspls-v,-0.0,5.2024494357377264
2.462,4,mcgs,0.0,5.512696444328991
2.462,4,pos,-0.0,5.512696444328991
2.462,4,sbps,-0.0,5.512696444328991
2.462,4,prculs-d,-0.0,5.512696444328991
2.462,4,prcus-p,-0.0,5.512696444328991
2.462,4,prcus-i,-0.0,5.512696444328991
2.462,4,prcus-a,0.0,5.512696444328991
2.462,4,ifrms,-0.24978737628688397,5.512696444328991
2.462,4,sspls-v,-0.0,5.512696444328991
2.462,5,mcgs,0.0,5.175806401572926
2.462,5,pos,-0.0,5.175806401572926
2.462,5,sbps,-0.0,5.175806401572926
2.462,5,prculs-d,-0.0,5.175806401572926
2.462,5,prcus-p,-0.0,5.175806401572926
2.462,5,prcus-i,-0.0,5.175806401572926
2.462,5,prcus-a,0.0,5.175806401572926
2.462,5,ifrms,-0.017727283123228958,5.175806401572926
2.462,5,sspls-v,-0.0,5.175806401572926
2.462,6,mcgs,0.0,5.506326793334789
2.462,6,pos,-0.0,5.506326793334789
2.462,6,sbps,-0.0,5.506326793334789
2.462,6,prculs-d,-0.0,5.506326793334789
2.462,6,prcus-p,-0.0,5.506326793334789
2.462,6,prcus-i,-0.0,5.506326793334789
2.462,6,prcus-a,0.0,5.506326793334789
2.462,6,ifrms,-0.33055380542566626,5.506326793334789
2.462,6,sspls-v,-0.0,5.506326793334789
2.462,7,mcgs,0.0,5.543499958344581
2.462,7,pos,-0.0,5.543499958344581
2.462,7,sbps,-0.0,5.543499958344581
2.462,7,prculs-d,-0.0,5.543499958344581
2.462,7,prcus-p,-0.0,5.543499958344581
2.462,7,prcus-i,-0.0,5.543499958344581
2.462,7,prcus-a,0.0,5.543499958344581
2.462,7,ifrms,-0.27745736740022126,5.543499958344581
2.462,7,sspls-v,-0.0,5.543499958344581
2.462,8,mcgs,0.0,5.289699692001307
2.462,8,pos,-0.0,5.289699692001307
2.462,8,sbps,-0.0,5.289699692001307
2.462,8,prculs-d,0.0,5.289699692001307
2.462,8,prcus-p,-0.0,5.289699692001307
2.462,8,prcus-i,-0.0,5.289699692001307
2.462,8,prcus-a,0.0,5.289699692001307
2.462,8,ifrms,-0.0,5.289699692001307
2.462,8,sspls-v,-0.0,5.289699692001307
2.462,9,mcgs,0.0,5.147854585964762
2.462,9,pos,-0.0,5.147854585964762
2.462,9,sbps,-0.0,5.147854585964762
2.462,9,prculs-d,-0.0,5.147854585964762
2.462,9,prcus-p,-0.0,5.147854585964762
2.462,9,prcus-i,-0.0,5.147854585964762
2.462,9,prcus-a,0.0,5.147854585964762
2.462,9,ifrms,-0.26174655182888973,5.147854585964762
2.462,9,sspls-v,-0.0,5.147854585964762
2.462,10,mcgs,0.0,5.4020627557900305
2.462,10,pos,-0.0,5.4020627557900305
2.462,10,sbps,-0.0,5.4020627557900305
2.462,10,prculs-d,-0.0,5.4020627557900305
2.462,10,prcus-p,-0.0,5.4020627557900305
2.462,10,prcus-i,-0.0,5.4020627557900305
2.462,10,prcus-a,0.0,5.4020627557900305
2.462,10,ifrms,-0.4266542664575283,5.4020627557900305
2.462,10,sspls-v,-0.0,5.4020627557900305
2.462,11,mcgs,0.0,5.174504523928376
2.462,11,pos,-0.0,5.174504523928376
2.462,11,sbps,-0.0,5.174504523928376
2.462,11,prculs-d,-0.0,5.174504523928376
2.462,11,prcus-p,-0.0,5.174504523928376
2.462,11,prcus-i,-0.0,5.174504523928376
2.462,11,prcus-a,0.0,5.174504523928376
2.462,11,ifrms,-0.08652994519362919,5.174504523928376
2.462,11,sspls-v,-0.0,5.174504523928376
2.462,12,mcgs,0.0,5.543798638150779
2.462,12,pos,-0.0,5.543798638150779
2.462,12,sbps,-0.0,5.543798638150779
2.462,12,prculs-d,-0.0,5.543798638150779
2.462,12,prcus-p,-0.0,5.543798638150779
2.462,12,prcus-i,-0.0,5.543798638150779
2.462,12,prcus-a,0.0,5.543798638150779
2.462,12,ifrms,-0.27247772634100115,5.543798638150779
2.462,12,sspls-v,-0.0,5.543798638150779
2.462,13,mcgs,0.0,5.329312035235987
2.462,13,pos,-0.0,5.329312035235987
2.462,13,sbps,-0.0,5.329312035235987
2.462,13,prculs-d,-0.0,5.329312035235987
2.462,13,prcus-p,-0.0,5.329312035235987
2.462,13,prcus-i,-0.0,5.329312035235987
2.462,13,prcus-a,0.0,5.329312035235987
2.462,13,ifrms,-0.0,5.329312035235987
2.462,13,sspls-v,-0.0,5.329312035235987
2.462,14,mcgs,0.0,5.592444696372472
2.462,14,pos,-0.0,5.592444696372472
2.462,14,sbps,-0.0,5.592444696372472
2.462,14,prculs-d,-0.0,5.592444696372472
2.462,14,prcus-p,-0.0,5.592444696372472
2.462,14,prcus-i,-0.0,5.592444696372472
2.462,14,prcus-a,0.0,5.592444696372472
2.462,14,ifrms,-0.33121149498630326,5.592444696372472
2.462,14,sspls-v,-0.0,5.592444696372472
2.462,15,mcgs,0.0,5.42704629940444
2.462,15,pos,-0.0,5.42704629940444
2.462,15,sbps,-0.0,5.42704629940444
2.462,15,prculs-d,-0.0,5.42704629940444
2.462,15,prcus-p,-0.0,5.42704629940444
2.462,15,prcus-i,-0.0,5.42704629940444
2.462,15,prcus-a,0.0,5.42704629940444
2.462,15,ifrms,-0.030852261822908993,5.42704629940444
2.462,15,sspls-v,-0.0,5.42704629940444
2.462,16,mcgs,0.0,5.580602179073534
2.462,16,pos,-0.0,5.580602179073534
2.462,16,sbps,-0.0,5.580602179073534
2.462,16,prculs-d,-0.0,5.580602179073534
2.462,16,prcus-p,-0.0,5.580602179073534
2.462,16,prcus-i,-0.0,5.580602179073534
2.462,16,prcus-a,0.0,5.580602179073534
2.462,16,ifrms,-0.2961151769189641,5.580602179073534
2.462,16,sspls-v,-0.0,5.580602179073534
2.462,17,mcgs,0.0,5.158073679854218
2.462,17,pos,-0.0,5.158073679854218
2.462,17,sbps,-0.0,5.158073679854218
2.462,17,prculs-d,-0.0,5.158073679854218
2.462,17,prcus-p,-0.0,5.158073679854218
2.462,17,prcus-i,-0.0,5.158073679854218
2.462,17,prcus-a,0.0,5.158073679854218
2.462,17,ifrms,-0.4594654921809462,5.158073679854218
2.462,17,sspls-v,-0.0,5.158073679854218
2.462,18,mcgs,0.0,5.572483656990276
2.462,18,pos,-0.0,5.572483656990276
2.462,18,sbps,-0.0,5.572483656990276
2.462,18,prculs-d,-0.0,5.572483656990276
2.462,18,prcus-p,-0.0,5.572483656990276
2.462,18,prcus-i,-0.0,5.572483656990276
2.462,18,prcus-a,0.0,5.572483656990276
2.462,18,ifrms,-0.36649319745541326,5.572483656990276
2.462,18,sspls-v,-0.0,5.572483656990276
2.462,19,mcgs,0.0,5.538566303025939
2.462,19,pos,-0.0,5.538566303025939
2.462,19,sbps,-0.0,5.538566303025939
2.462,19,prculs-d,-0.0,5.538566303025939
2.462,19,prcus-p,-0.0,5.538566303025939
2.462,19,prcus-i,-0.0,5.538566303025939
2.462,19,prcus-a,0.0,5.538566303025939
2.462,19,ifrms,-0.30036177919927926,5.538566303025939
2.462,19,sspls-v,-0.0,5.538566303025939
2.462,20,mcgs,0.0,5.556474339371465
2.462,20,pos,-0.0,5.556474339371465
2.462,20,sbps,-0.0,5.556474339371465
2.462,20,prculs-d,-0.0,5.556474339371465
2.462,20,prcus-p,-0.0,5.556474339371465
2.462,20,prcus-i,-0.0,5.556474339371465
2.462,20,prcus-a,0.0,5.556474339371465
2.462,20,ifrms,-0.2884825329750475,5.556474339371465
2.462,20,sspls-v,-0.0,5.556474339371465
2.462,21,mcgs,0.0,5.605906669103458
2.462,21,pos,-0.0,5.605906669103458
2.462,21,sbps,-0.0,5.605906669103458
2.462,21,prculs-d,-0.0,5.605906669103458
2.462,21,prcus-p,-0.0,5.605906669103458
2.462,21,prcus-i,-0.0,5.605906669103458
2.462,21,prcus-a,0.0,5.605906669103458
2.462,21,ifrms,-0.29522066187201057,5.605906669103458
2.462,21,sspls-v,-0.0,5.605906669103458
2.462,22,mcgs,0.0,5.473620522056215
2.462,22,pos,-0.0,5.473620522056215
2.462,22,sbps,-0.0,5.473620522056215
2.462,22,prculs-d,-0.0,5.473620522056215
2.462,22,prcus-p,-0.0,5.473620522056215
2.462,22,prcus-i,-0.0,5.473620522056215
2.462,22,prcus-a,0.0,5.473620522056215
2.462,22,ifrms,-0.49674790885569836,5.473620522056215
2.462,22,sspls-v,-0.0,5.473620522056215
2.462,23,mcgs,0.0,5.16115890872931
2.462,23,pos,-0.0,5.16115890872931
2.462,23,sbps,-0.0,5.16115890872931
2.462,23,prculs-d,-0.0,5.16115890872931
2.462,23,prcus-p,-0.0,5.16115890872931
2.462,23,prcus-i,-0.0,5.16115890872931
2.462,23,prcus-a,0.0,5.16115890872931
2.462,23,ifrms,-0.3530001183956701,5.16115890872931
2.462,23,sspls-v,-0.0,5.16115890872931
2.462,24,mcgs,0.0,5.397552804964166
2.462,24,pos,-0.0,5.397552804964166
2.462,24,sbps,-0.0,5.397552804964166
2.462,24,prculs-d,-0.0,5.397552804964166
2.462,24,prcus-p,-0.0,5.397552804964166
2.462,24,prcus-i,-0.0,5.397552804964166
2.462,24,prcus-a,0.0,5.397552804964166
2.462,24,ifrms,-0.3786915485542072,5.397552804964166
2.462,24,sspls-v,-0.0,5.397552804964166
2.462,25,mcgs,0.0,5.1855321334366815
2.462,25,pos,-0.0,5.1855321334366815
2.462,25,sbps,-0.0,5.1855321334366815
2.462,25,prculs-d,-0.0,5.1855321334366815
2.462,25,prcus-p,-0.0,5.1855321334366815
2.462,25,prcus-i,-0.0,5.1855321334366815
2.462,25,prcus-a,0.0,5.1855321334366815
2.462,25,ifrms,-0.4030879704156499,5.1855321334366815
2.462,25,sspls-v,-0.0,5.1855321334366815
2.462,26,mcgs,0.0,5.543273796620804
2.462,26,pos,-0.0,5.543273796620804
2.462,26,sbps,-0.0,5.543273796620804
2.462,26,prculs-d,-0.0,5.543273796620804
2.462,26,prcus-p,-0.0,5.543273796620804
2.462,26,prcus-i,-0.0,5.543273796620804
2.462,26,prcus-a,0.0,5.543273796620804
2.462,26,ifrms,-0.3701263629234022,5.543273796620804
2.462,26,sspls-v,-0.0,5.543273796620804
2.462,27,mcgs,0.0,5.4095558673807185
2.462,27,pos,-0.0,5.4095558673807185
2.462,27,sbps,-0.0,5.4095558673807185
2.462,27,prculs-d,-0.0,5.4095558673807185
2.462,27,prcus-p,-0.0,5.4095558673807185
2.462,27,prcus-i,-0.0,5.4095558673807185
2.462,27,prcus-a,0.0,5.4095558673807185
2.462,27,ifrms,-0.2155578153636874,5.4095558673807185
2.462,27,sspls-v,-0.0,5.4095558673807185
2.632,0,mcgs,0.0,5.522117230446131
2.632,0,pos,-0.0,5.522117230446131
2.632,0,sbps,-0.0,5.522117230446131
2.632,0,prculs-d,-0.0,5.522117230446131
2.632,0,prcus-p,-0.0,5.522117230446131
2.632,0,prcus-i,-0.0,5.522117230446131
2.632,0,prcus-a,0.0,5.522117230446131
2.632,0,ifrms,-0.07888470742415588,5.522117230446131
2.632,0,sspls-v,-0.0,5.522117230446131
2.632,1,mcgs,0.0,5.459378347841369
2.632,1,pos,-0.0,5.459378347841369
2.632,1,sbps,-0.0,5.459378347841369
2.632,1,prculs-d,-0.0,5.459378347841369
2.632,1,prcus-p,-0.0,5.459378347841369
2.632,1,prcus-i,-0.0,5.459378347841369
2.632,1,prcus-a,0.0,5.459378347841369
2.632,1,ifrms,-0.11298329565742699,5.459378347841369
2.632,1,sspls-v,-0.0,5.459378347841369
2.632,2,mcgs,0.0,5.457313599276885
2.632,2,pos,-0.0,5.457313599276885
2.632,2,sbps,-0.0,5.457313599276885
2.632,2,prculs-d,-0.0,5.457313599276885
2.632,2,prcus-p,-0.0,5.457313599276885
2.632,2,prcus-i,-0.0,5.457313599276885
2.632,2,prcus-a,0.0,5.457313599276885
2.632,2,ifrms,-0.026951898296709825,5.457313599276885
2.632,2,sspls-v,-0.0,5.457313599276885
2.632,3,mcgs,0.0,5.202279202279202
2.632,3,pos,-0.0,5.202279202279202
2.632,3,sbps,-0.0,5.202279202279202
2.632,3,prculs-d,-0.0,5.202279202279202
2.632,3,prcus-p,-0.0,5.202279202279202
2.632,3,prcus-i,-0.0,5.202279202279202
2.632,3,prcus-a,0.0,5.202279202279202
2.632,3,ifrms,-0.0,5.202279202279202
2.632,3,sspls-v,-0.0,5.202279202279202
2.632,4,mcgs,0.0,5.519353137459189
2.632,4,pos,-0.0,5.519353137459189
2.632,4,sbps,-0.0,5.519353137459189
2.632,4,prculs-d,-0.0,5.519353137459189
2.632,4,prcus-p,-0.0,5.519353137459189
2.632,4,prcus-i,-0.0,5.519353137459189
2.632,4,prcus-a,0.0,5.519353137459189
2.632,4,ifrms,-0.0797873762868838,5.519353137459189
2.632,4,sspls-v,-0.0,5.519353137459189
2.632,5,mcgs,0.0,5.1603444569585415
2.632,5,pos,-0.0,5.1603444569585415
2.632,5,sbps,-0.0,5.1603444569585415
2.632,5,prculs-d,-0.0,5.1603444569585415
2.632,5,prcus-p,-0.0,5.1603444569585415
2.632,5,prcus-i,-0.0,5.1603444569585415
2.632,5,prcus-a,0.0,5.1603444569585415
2.632,5,ifrms,-0.0,5.1603444569585415
2.632,5,sspls-v,-0.0,5.1603444569585415
2.632,6,mcgs,0.0,5.549448939796129
2.632,6,pos,-0.0,5.549448939796129
2.632,6,sbps,-0.0,5.549448939796129
2.632,6,prculs-d,-0.0,5.549448939796129
2.632,6,prcus-p,-0.0,5.549448939796129
2.632,6,prcus-i,-0.0,5.549448939796129
2.632,6,prcus-a,0.0,5.549448939796129
2.632,6,ifrms,-0.16055380542566616,5.549448939796129
2.632,6,sspls-v,-0.0,5.549448939796129
2.632,7,mcgs,0.0,5.567364488437955
2.632,7,pos,-0.0,5.567364488437955
2.632,7,sbps,-0.0,5.567364488437955
2.632,7,prculs-d,-0.0,5.567364488437955
2.632,7,prcus-p,-0.0,5.567364488437955
2.632,7,prcus-i,-0.0,5.567364488437955
2.632,7,prcus-a,0.0,5.567364488437955
2.632,7,ifrms,-0.10745736740022109,5.567364488437955
2.632,7,sspls-v,-0.0,5.567364488437955
2.632,8,mcgs,0.0,5.268104476553284
2.632,8,pos,-0.0,5.268104476553284
2.632,8,sbps,-0.0,5.268104476553284
2.632,8,prculs-d,0.0,5.268104476553284
2.632,8,prcus-p,-0.0,5.268104476553284
2.632,8,prcus-i,-0.0,5.268104476553284
2.632,8,prcus-a,0.0,5.268104476553284
2.632,8,ifrms,-0.0,5.268104476553284
2.632,8,sspls-v,-0.0,5.268104476553284
2.632,9,mcgs,0.0,5.1739817278676465
2.632,9,pos,-0.0,5.1739817278676465
2.632,9,sbps,-0.0,5.1739817278676465
2.632,9,prculs-d,-0.0,5.1739817278676465
2.632,9,prcus-p,-0.0,5.1739817278676465
2.632,9,prcus-i,-0.0,5.1739817278676465
2.632,9,prcus-a,0.0,5.1739817278676465
2.632,9,ifrms,-0.09174655182888962,5.1739817278676465
2.632,9,sspls-v,-0.0,5.1739817278676465
2.632,10,mcgs,0.0,5.4626063702216685
2.632,10,pos,-0.0,5.4626063702216685
2.632,10,sbps,-0.0,5.4626063702216685
2.632,10,prculs-d,-0.0,5.4626063702216685
2.632,10,prcus-p,-0.0,5.4626063702216685
2.632,10,prcus-i,-0.0,5.4626063702216685
2.632,10,prcus-a,0.0,5.4626063702216685
2.632,10,ifrms,-0.2566542664575282,5.4626063702216685
2.632,10,sspls-v,-0.0,5.4626063702216685
2.632,11,mcgs,0.0,5.170431172569117
2.632,11,pos,-0.0,5.170431172569117
2.632,11,sbps,-0.0,5.170431172569117
2.632,11,prculs-d,-0.0,5.170431172569117
2.632,11,prcus-p,-0.0,5.170431172569117
2.632,11,prcus-i,-0.0,5.170431172569117
2.632,11,prcus-a,0.0,5.170431172569117
2.632,11,ifrms,-0.0,5.170431172569117
2.632,11,sspls-v,-0.0,5.170431172569117
2.632,12,mcgs,0.0,5.5555155488939185
2.632,12,pos,-0.0,5.5555155488939185
2.632,12,sbps,-0.0,5.5555155488939185
2.632,12,prculs-d,-0.0,5.5555155488939185
2.632,12,prcus-p,-0.0,5.5555155488939185
2.632,12,prcus-i,-0.0,5.5555155488939185
2.632,12,prcus-a,0.0,5.5555155488939185
2.632,12,ifrms,-0.10247772634100098,5.5555155488939185
2.632,12,sspls-v,-0.0,5.5555155488939185
2.632,13,mcgs,0.0,5.301394592272327
2.632,13,pos,-0.0,5.301394592272327
2.632,13,sbps,-0.0,5.301394592272327
2.632,13,prculs-d,-0.0,5.301394592272327
2.632,13,prcus-p,-0.0,5.301394592272327
2.632,13,prcus-i,-0.0,5.301394592272327
2.632,13,prcus-a,0.0,5.301394592272327
2.632,13,ifrms,-0.0,5.301394592272327
2.632,13,sspls-v,-0.0,5.301394592272327
2.632,14,mcgs,0.0,5.6252318631020035
2.632,14,pos,-0.0,5.6252318631020035
2.632,14,sbps,-0.0,5.6252318631020035
2.632,14,prculs-d,-0.0,5.6252318631020035
2.632,14,prcus-p,-0.0,5.6252318631020035
2.632,14,prcus-i,-0.0,5.6252318631020035
2.632,14,prcus-a,0.0,5.6252318631020035
2.632,14,ifrms,-0.1612114949863031,5.6252318631020035
2.632,14,sspls-v,-0.0,5.6252318631020035
2.632,15,mcgs,0.0,5.401212063744887
2.632,15,pos,-0.0,5.401212063744887
2.632,15,sbps,-0.0,5.401212063744887
2.632,15,prculs-d,-0.0,5.401212063744887
2.632,15,prcus-p,-0.0,5.401212063744887
2.632,15,prcus-i,-0.0,5.401212063744887
2.632,15,prcus-a,0.0,5.401212063744887
2.632,15,ifrms,-0.0,5.401212063744887
2.632,15,sspls-v,-0.0,5.401212063744887
2.632,16,mcgs,0.0,5.613037841468478
2.632,16,pos,-0.0,5.613037841468478
2.632,16,sbps,-0.0,5.613037841468478
2.632,16,prculs-d,-0.0,5.613037841468478
2.632,16,prcus-p,-0.0,5.613037841468478
2.632,16,prcus-i,-0.0,5.613037841468478
2.632,16,prcus-a,0.0,5.613037841468478
2.632,16,ifrms,-0.12611517691896396,5.613037841468478
2.632,16,sspls-v,-0.0,5.613037841468478
2.632,17,mcgs,0.0,5.221543967643073
2.632,17,pos,-0.0,5.221543967643073
2.632,17,sbps,-0.0,5.221543967643073
2.632,17,prculs-d,-0.0,5.221543967643073
2.632,17,prcus-p,-0.0,5.221543967643073
2.632,17,prcus-i,-0.0,5.221543967643073
2.632,17,prcus-a,0.0,5.221543967643073
2.632,17,ifrms,-0.2894654921809461,5.221543967643073
2.632,17,sspls-v,-0.0,5.221543967643073
2.632,18,mcgs,0.0,5.629062314697135
2.632,18,pos,-0.0,5.629062314697135
2.632,18,sbps,-0.0,5.629062314697135
2.632,18,prculs-d,-0.0,5.629062314697135
2.632,18,prcus-p,-0.0,5.629062314697135
2.632,18,prcus-i,-0.0,5.629062314697135
2.632,18,prcus-a,0.0,5.629062314697135
2.632,18,ifrms,-0.19649319745541313,5.629062314697135
2.632,18,sspls-v,-0.0,5.629062314697135
2.632,19,mcgs,0.0,5.5566727786264964
2.632,19,pos,-0.0,5.5566727786264964
2.632,19,sbps,-0.0,5.5566727786264964
2.632,19,prculs-d,-0.0,5.5566727786264964
2.632,19,prcus-p,-0.0,5.5566727786264964
2.632,19,prcus-i,-0.0,5.5566727786264964
2.632,19,prcus-a,0.0,5.5566727786264964
2.632,19,ifrms,-0.13036177919927908,5.5566727786264964
2.632,19,sspls-v,-0.0,5.5566727786264964
2.632,20,mcgs,0.0,5.584473175200264
2.632,20,pos,-0.0,5.584473175200264
2.632,20,sbps,-0.0,5.584473175200264
2.632,20,prculs-d,-0.0,5.584473175200264
2.632,20,prcus-p,-0.0,5.584473175200264
2.632,20,prcus-i,-0.0,5.584473175200264
2.632,20,prcus-a,0.0,5.584473175200264
2.632,20,ifrms,-0.11848253297504731,5.584473175200264
2.632,20,sspls-v,-0.0,5.584473175200264
2.632,21,mcgs,0.0,5.6203031510773895
2.632,21,pos,-0.0,5.6203031510773895
2.632,21,sbps,-0.0,5.6203031510773895
2.632,21,prculs-d,-0.0,5.6203031510773895
2.632,21,prcus-p,-0.0,5.6203031510773895
2.632,21,prcus-i,-0.0,5.6203031510773895
2.632,21,prcus-a,0.0,5.6203031510773895
2.632,21,ifrms,-0.1252206618720104,5.6203031510773895
2.632,21,sspls-v,-0.0,5.6203031510773895
2.632,22,mcgs,0.0,5.544593924236414
2.632,22,pos,-0.0,5.544593924236414
2.632,22,sbps,-0.0,5.544593924236414
2.632,22,prculs-d,-0.0,5.544593924236414
2.632,22,prcus-p,-0.0,5.544593924236414
2.632,22,prcus-i,-0.0,5.544593924236414
2.632,22,prcus-a,0.0,5.544593924236414
2.632,22,ifrms,-0.3267479088556982,5.544593924236414
2.632,22,sspls-v,-0.0,5.544593924236414
2.632,23,mcgs,0.0,5.209839144174884
2.632,23,pos,-0.0,5.209839144174884
2.632,23,sbps,-0.0,5.209839144174884
2.632,23,prculs-d,-0.0,5.209839144174884
2.632,23,prcus-p,-0.0,5.209839144174884
2.632,23,prcus-i,-0.0,5.209839144174884
2.632,23,prcus-a,0.0,5.209839144174884
2.632,23,ifrms,-0.18300011839566985,5.209839144174884
2.632,23,sspls-v,-0.0,5.209839144174884
2.632,24,mcgs,0.0,5.4480074751926635
2.632,24,pos,-0.0,5.4480074751926635
2.632,24,sbps,-0.0,5.4480074751926635
2.632,24,prculs-d,-0.0,5.4480074751926635
2.632,24,prcus-p,-0.0,5.4480074751926635
2.632,24,prcus-i,-0.0,5.4480074751926635
2.632,24,prcus-a,0.0,5.4480074751926635
2.632,24,ifrms,-0.20869154855420716,5.4480074751926635
2.632,24,sspls-v,-0.0,5.4480074751926635
2.632,25,mcgs,0.0,5.244474726800287
2.632,25,pos,-0.0,5.244474726800287
2.632,25,sbps,-0.0,5.244474726800287
2.632,25,prculs-d,-0.0,5.244474726800287
2.632,25,prcus-p,-0.0,5.244474726800287
2.632,25,prcus-i,-0.0,5.244474726800287
2.632,25,prcus-a,0.0,5.244474726800287
2.632,25,ifrms,-0.2330879704156498,5.244474726800287
2.632,25,sspls-v,-0.0,5.244474726800287
2.632,26,mcgs,0.0,5.598500409794059
2.632,26,pos,-0.0,5.598500409794059
2.632,26,sbps,-0.0,5.598500409794059
2.632,26,prculs-d,-0.0,5.598500409794059
2.632,26,prcus-p,-0.0,5.598500409794059
2.632,26,prcus-i,-0.0,5.598500409794059
2.632,26,prcus-a,0.0,5.598500409794059
2.632,26,ifrms,-0.20012636292340208,5.598500409794059
2.632,26,sspls-v,-0.0,5.598500409794059
2.632,27,mcgs,0.0,5.4169117879009185
2.632,27,pos,-0.0,5.4169117879009185
2.632,27,sbps,-0.0,5.4169117879009185
2.632,27,prculs-d,-0.0,5.4169117879009185
2.632,27,prcus-p,-0.0,5.4169117879009185
2.632,27,prcus-i,-0.0,5.4169117879009185
2.632,27,prcus-a,0.0,5.4169117879009185
2.632,27,ifrms,-0.04555781536368722,5.4169117879009185
2.632,27,sspls-v,-0.0,5.4169117879009185
2.814,0,mcgs,0.0,5.501904526032826
2.814,0,pos,-0.0,5.501904526032826
2.814,0,sbps,-0.0,5.501904526032826
2.814,0,prculs-d,-0.0,5.501904526032826
2.814,0,prcus-p,-0.0,5.501904526032826
2.814,0,prcus-i,-0.0,5.501904526032826
2.814,0,prcus-a,0.0,5.501904526032826
2.814,0,ifrms,-0.0,5.501904526032826
2.814,0,sspls-v,-0.0,5.501904526032826
2.814,1,mcgs,0.0,5.446524921129851
2.814,1,pos,-0.0,5.446524921129851
2.814,1,sbps,-0.0,5.446524921129851
2.814,1,prculs-d,-0.0,5.446524921129851
2.814,1,prcus-p,-0.0,5.446524921129851
2.814,1,prcus-i,-0.0,5.446524921129851
2.814,1,prcus-a,0.0,5.446524921129851
2.814,1,ifrms,-0.0,5.446524921129851
2.814,1,sspls-v,-0.0,5.446524921129851
2.814,2,mcgs,0.0,5.430475338585581
2.814,2,pos,-0.0,5.430475338585581
2.814,2,sbps,-0.0,5.430475338585581
2.814,2,prculs-d,-0.0,5.430475338585581
2.814,2,prcus-p,-0.0,5.430475338585581
2.814,2,prcus-i,-0.0,5.430475338585581
2.814,2,prcus-a,0.0,5.430475338585581
2.814,2,ifrms,-0.0,5.430475338585581
2.814,2,sspls-v,-0.0,5.430475338585581
2.814,3,mcgs,0.0,5.202279202279202
2.814,3,pos,-0.0,5.202279202279202
2.814,3,sbps,-0.0,5.202279202279202
2.814,3,prculs-d,-0.0,5.202279202279202
2.814,3,prcus-p,-0.0,5.202279202279202
2.814,3,prcus-i,-0.0,5.202279202279202
2.814,3,prcus-a,0.0,5.202279202279202
2.814,3,ifrms,-0.0,5.202279202279202
2.814,3,sspls-v,-0.0,5.202279202279202
2.814,4,mcgs,0.0,5.4960198731727266
2.814,4,pos,-0.0,5.4960198731727266
2.814,4,sbps,-0.0,5.4960198731727266
2.814,4,prculs-d,-0.0,5.4960198731727266
2.814,4,prcus-p,-0.0,5.4960198731727266
2.814,4,prcus-i,-0.0,5.4960198731727266
2.814,4,prcus-a,0.0,5.4960198731727266
2.814,4,ifrms,-0.0,5.4960198731727266
2.814,4,sspls-v,-0.0,5.4960198731727266
2.814,5,mcgs,0.0,5.156695156695156
2.814,5,pos,-0.0,5.156695156695156
2.814,5,sbps,-0.0,5.156695156695156
2.814,5,prculs-d,-0.0,5.156695156695156
2.814,5,prcus-p,-0.0,5.156695156695156
2.814,5,prcus-i,-0.0,5.156695156695156
2.814,5,prcus-a,0.0,5.156695156695156
2.814,5,ifrms,-0.0,5.156695156695156
2.814,5,sspls-v,-0.0,5.156695156695156
2.814,6,mcgs,0.0,5.545932543346589
2.814,6,pos,-0.0,5.545932543346589
2.814,6,sbps,-0.0,5.545932543346589
2.814,6,prculs-d,-0.0,5.545932543346589
2.814,6,prcus-p,-0.0,5.545932543346589
2.814,6,prcus-i,-0.0,5.545932543346589
2.814,6,prcus-a,0.0,5.545932543346589
2.814,6,ifrms,-0.0,5.545932543346589
2.814,6,sspls-v,-0.0,5.545932543346589
2.814,7,mcgs,0.0,5.549328570336604
2.814,7,pos,-0.0,5.549328570336604
2.814,7,sbps,-0.0,5.549328570336604
2.814,7,prculs-d,-0.0,5.549328570336604
2.814,7,prcus-p,-0.0,5.549328570336604
2.814,7,prcus-i,-0.0,5.549328570336604
2.814,7,prcus-a,0.0,5.549328570336604
2.814,7,ifrms,-0.0,5.549328570336604
2.814,7,sspls-v,-0.0,5.549328570336604
2.814,8,mcgs,0.0,5.267806267806268
2.814,8,pos,-0.0,5.267806267806268
2.814,8,sbps,-0.0,5.267806267806268
2.814,8,prculs-d,0.0,5.267806267806268
2.814,8,prcus-p,-0.0,5.267806267806268
2.814,8,prcus-i,-0.0,5.267806267806268
2.814,8,prcus-a,0.0,5.267806267806268
2.814,8,ifrms,-0.0,5.267806267806268
2.814,8,sspls-v,-0.0,5.267806267806268
2.814,9,mcgs,0.0,5.170230340803473
2.814,9,pos,-0.0,5.170230340803473
2.814,9,sbps,-0.0,5.170230340803473
2.814,9,prculs-d,-0.0,5.170230340803473
2.814,9,prcus-p,-0.0,5.170230340803473
2.814,9,prcus-i,-0.0,5.170230340803473
2.814,9,prcus-a,0.0,5.170230340803473
2.814,9,ifrms,-0.0,5.170230340803473
2.814,9,sspls-v,-0.0,5.170230340803473
2.814,10,mcgs,0.0,5.484301868056172
2.814,10,pos,-0.0,5.484301868056172
2.814,10,sbps,-0.0,5.484301868056172
2.814,10,prculs-d,-0.0,5.484301868056172
2.814,10,prcus-p,-0.0,5.484301868056172
2.814,10,prcus-i,-0.0,5.484301868056172
2.814,10,prcus-a,0.0,5.484301868056172
2.814,10,ifrms,-0.07465426645752817,5.484301868056172
2.814,10,sspls-v,-0.0,5.484301868056172
2.814,11,mcgs,0.0,5.156695156695157
2.814,11,pos,-0.0,5.156695156695157
2.814,11,sbps,-0.0,5.156695156695157
2.814,11,prculs-d,-0.0,5.156695156695157
2.814,11,prcus-p,-0.0,5.156695156695157
2.814,11,prcus-i,-0.0,5.156695156695157
2.814,11,prcus-a,0.0,5.156695156695157
2.814,11,ifrms,-0.0,5.156695156695157
2.814,11,sspls-v,-0.0,5.156695156695157
2.814,12,mcgs,0.0,5.540678128619293
2.814,12,pos,-0.0,5.540678128619293
2.814,12,sbps,-0.0,5.540678128619293
2.814,12,prculs-d,-0.0,5.540678128619293
2.814,12,prcus-p,-0.0,5.540678128619293
2.814,12,prcus-i,-0.0,5.540678128619293
2.814,12,prcus-a,0.0,5.540678128619293
2.814,12,ifrms,-0.0,5.540678128619293
2.814,12,sspls-v,-0.0,5.540678128619293
2.814,13,mcgs,0.0,5.299145299145299
2.814,13,pos,-0.0,5.299145299145299
2.814,13,sbps,-0.0,5.299145299145299
2.814,13,prculs-d,-0.0,5.299145299145299
2.814,13,prcus-p,-0.0,5.299145299145299
2.814,13,prcus-i,-0.0,5.299145299145299
2.814,13,prcus-a,0.0,5.299145299145299
2.814,13,ifrms,-0.0,5.299145299145299
2.814,13,sspls-v,-0.0,5.299145299145299
2.814,14,mcgs,0.0,5.611063981963317
2.814,14,pos,-0.0,5.611063981963317
2.814,14,sbps,-0.0,5.611063981963317
2.814,14,prculs-d,-0.0,5.611063981963317
2.814,14,prcus-p,-0.0,5.611063981963317
2.814,14,prcus-i,-0.0,5.611063981963317
2.814,14,prcus-a,0.0,5.611063981963317
2.814,14,ifrms,-0.0,5.611063981963317
2.814,14,sspls-v,-0.0,5.611063981963317
2.814,15,mcgs,0.0,5.393162393162393
2.814,15,pos,-0.0,5.393162393162393
2.814,15,sbps,-0.0,5.393162393162393
2.814,15,prculs-d,-0.0,5.393162393162393
2.814,15,prcus-p,-0.0,5.393162393162393
2.814,15,prcus-i,-0.0,5.393162393162393
2.814,15,prcus-a,0.0,5.393162393162393
2.814,15,ifrms,-0.0,5.393162393162393
2.814,15,sspls-v,-0.0,5.393162393162393
2.814,16,mcgs,0.0,5.601434614904114
2.814,16,pos,-0.0,5.601434614904114
2.814,16,sbps,-0.0,5.601434614904114
2.814,16,prculs-d,-0.0,5.601434614904114
2.814,16,prcus-p,-0.0,5.601434614904114
2.814,16,prcus-i,-0.0,5.601434614904114
2.814,16,prcus-a,0.0,5.601434614904114
2.814,16,ifrms,-0.0,5.601434614904114
2.814,16,sspls-v,-0.0,5.601434614904114
2.814,17,mcgs,0.0,5.262972269554543
2.814,17,pos,-0.0,5.262972269554543
2.814,17,sbps,-0.0,5.262972269554543
2.814,17,prculs-d,-0.0,5.262972269554543
2.814,17,prcus-p,-0.0,5.262972269554543
2.814,17,prcus-i,-0.0,5.262972269554543
2.814,17,prcus-a,0.0,5.262972269554543
2.814,17,ifrms,-0.10746549218094602,5.262972269554543
2.814,17,sspls-v,-0.0,5.262972269554543
2.814,18,mcgs,0.0,5.639804724525036
2.814,18,pos,-0.0,5.639804724525036
2.814,18,sbps,-0.0,5.639804724525036
2.814,18,prculs-d,-0.0,5.639804724525036
2.814,18,prcus-p,-0.0,5.639804724525036
2.814,18,prcus-i,-0.0,5.639804724525036
2.814,18,prcus-a,0.0,5.639804724525036
2.814,18,ifrms,-0.014493197455413073,5.639804724525036
2.814,18,sspls-v,-0.0,5.639804724525036
2.814,19,mcgs,0.0,5.54687631077246
2.814,19,pos,-0.0,5.54687631077246
2.814,19,sbps,-0.0,5.54687631077246
2.814,19,prculs-d,-0.0,5.54687631077246
2.814,19,prcus-p,-0.0,5.54687631077246
2.814,19,prcus-i,-0.0,5.54687631077246
2.814,19,prcus-a,0.0,5.54687631077246
2.814,19,ifrms,-0.0,5.54687631077246
2.814,19,sspls-v,-0.0,5.54687631077246
2.814,20,mcgs,0.0,5.572045870033433
2.814,20,pos,-0.0,5.572045870033433
2.814,20,sbps,-0.0,5.572045870033433
2.814,20,prculs-d,-0.0,5.572045870033433
2.814,20,prcus-p,-0.0,5.572045870033433
2.814,20,prcus-i,-0.0,5.572045870033433
2.814,20,prcus-a,0.0,5.572045870033433
2.814,20,ifrms,-0.0,5.572045870033433
2.814,20,sspls-v,-0.0,5.572045870033433
2.814,21,mcgs,0.0,5.60436385164861
2.814,21,pos,-0.0,5.60436385164861
2.814,21,sbps,-0.0,5.60436385164861
2.814,21,prculs-d,-0.0,5.60436385164861
2.814,21,prcus-p,-0.0,5.60436385164861
2.814,21,prcus-i,-0.0,5.60436385164861
2.814,21,prcus-a,0.0,5.60436385164861
2.814,21,ifrms,-0.0,5.60436385164861
2.814,21,sspls-v,-0.0,5.60436385164861
2.814,22,mcgs,0.0,5.599177120559419
2.814,22,pos,-0.0,5.599177120559419
2.814,22,sbps,-0.0,5.599177120559419
2.814,22,prculs-d,-0.0,5.599177120559419
2.814,22,prcus-p,-0.0,5.599177120559419
2.814,22,prcus-i,-0.0,5.599177120559419
2.814,22,prcus-a,0.0,5.599177120559419
2.814,22,ifrms,-0.1447479088556981,5.599177120559419
2.814,22,sspls-v,-0.0,5.599177120559419
2.814,23,mcgs,0.0,5.219681176903158
2.814,23,pos,-0.0,5.219681176903158
2.814,23,sbps,-0.0,5.219681176903158
2.814,23,prculs-d,-0.0,5.219681176903158
2.814,23,prcus-p,-0.0,5.219681176903158
2.814,23,prcus-i,-0.0,5.219681176903158
2.814,23,prcus-a,0.0,5.219681176903158
2.814,23,ifrms,-0.0010001183956697345,5.219681176903158
2.814,23,sspls-v,-0.0,5.219681176903158
2.814,24,mcgs,0.0,5.455672748115354
2.814,24,pos,-0.0,5.455672748115354
2.814,24,sbps,-0.0,5.455672748115354
2.814,24,prculs-d,-0.0,5.455672748115354
2.814,24,prcus-p,-0.0,5.455672748115354
2.814,24,prcus-i,-0.0,5.455672748115354
2.814,24,prcus-a,0.0,5.455672748115354
2.814,24,ifrms,-0.026691548554207186,5.455672748115354
2.814,24,sspls-v,-0.0,5.455672748115354
2.814,25,mcgs,0.0,5.266195463244235
2.814,25,pos,-0.0,5.266195463244235
2.814,25,sbps,-0.0,5.266195463244235
2.814,25,prculs-d,-0.0,5.266195463244235
2.814,25,prcus-p,-0.0,5.266195463244235
2.814,25,prcus-i,-0.0,5.266195463244235
2.814,25,prcus-a,0.0,5.266195463244235
2.814,25,ifrms,-0.05108797041564977,5.266195463244235
2.814,25,sspls-v,-0.0,5.266195463244235
2.814,26,mcgs,0.0,5.608567251061684
2.814,26,pos,-0.0,5.608567251061684
2.814,26,sbps,-0.0,5.608567251061684
2.814,26,prculs-d,-0.0,5.608567251061684
2.814,26,prcus-p,-0.0,5.608567251061684
2.814,26,prcus-i,-0.0,5.608567251061684
2.814,26,prcus-a,0.0,5.608567251061684
2.814,26,ifrms,-0.018126362923402018,5.608567251061684
2.814,26,sspls-v,-0.0,5.608567251061684
2.814,27,mcgs,0.0,5.391500159699075
2.814,27,pos,-0.0,5.391500159699075
2.814,27,sbps,-0.0,5.391500159699075
2.814,27,prculs-d,-0.0,5.391500159699075
2.814,27,prcus-p,-0.0,5.391500159699075
2.814,27,prcus-i,-0.0,5.391500159699075
2.814,27,prcus-a,0.0,5.391500159699075
2.814,27,ifrms,-0.0,5.391500159699075
2.814,27,sspls-v,-0.0,5.391500159699075
3.008,0,mcgs,0.0,5.487179487179486
3.008,0,pos,-0.0,5.487179487179486
3.008,0,sbps,-0.0,5.487179487179486
3.008,0,prculs-d,-0.0,5.487179487179486
3.008,0,prcus-p,-0.0,5.487179487179486
3.008,0,prcus-i,-0.0,5.487179487179486
3.008,0,prcus-a,0.0,5.487179487179486
3.008,0,ifrms,-0.0,5.487179487179486
3.008,0,sspls-v,-0.0,5.487179487179486
3.008,1,mcgs,0.0,5.4245014245014245
3.008,1,pos,-0.0,5.4245014245014245
3.008,1,sbps,-0.0,5.4245014245014245
3.008,1,prculs-d,-0.0,5.4245014245014245
3.008,1,prcus-p,-0.0,5.4245014245014245
3.008,1,prcus-i,-0.0,5.4245014245014245
3.008,1,prcus-a,0.0,5.4245014245014245
3.008,1,ifrms,-0.0,5.4245014245014245
3.008,1,sspls-v,-0.0,5.4245014245014245
3.008,2,mcgs,0.0,5.4245014245014245
3.008,2,pos,-0.0,5.4245014245014245
3.008,2,sbps,-0.0,5.4245014245014245
3.008,2,prculs-d,-0.0,5.4245014245014245
3.008,2,prcus-p,-0.0,5.4245014245014245
3.008,2,prcus-i,-0.0,5.4245014245014245
3.008,2,prcus-a,0.0,5.4245014245014245
3.008,2,ifrms,-0.0,5.4245014245014245
3.008,2,sspls-v,-0.0,5.4245014245014245
3.008,3,mcgs,0.0,5.202279202279202
3.008,3,pos,-0.0,5.202279202279202
3.008,3,sbps,-0.0,5.202279202279202
3.008,3,prculs-d,-0.0,5.202279202279202
3.008,3,prcus-p,-0.0,5.202279202279202
3.008,3,prcus-i,-0.0,5.202279202279202
3.008,3,prcus-a,0.0,5.202279202279202
3.008,3,ifrms,-0.0,5.202279202279202
3.008,3,sspls-v,-0.0,5.202279202279202
3.008,4,mcgs,0.0,5.48148148148148
3.008,4,pos,-0.0,5.48148148148148
3.008,4,sbps,-0.0,5.48148148148148
3.008,4,prculs-d,-0.0,5.48148148148148
3.008,4,prcus-p,-0.0,5.48148148148148
3.008,4,prcus-i,-0.0,5.48148148148148
3.008,4,prcus-a,0.0,5.48148148148148
3.008,4,ifrms,-0.0,5.48148148148148
3.008,4,sspls-v,-0.0,5.48148148148148
3.008,5,mcgs,0.0,5.156695156695156
3.008,5,pos,-0.0,5.156695156695156
3.008,5,sbps,-0.0,5.156695156695156
3.008,5,prculs-d,-0.0,5.156695156695156
3.008,5,prcus-p,-0.0,5.156695156695156
3.008,5,prcus-i,-0.0,5.156695156695156
3.008,5,prcus-a,0.0,5.156695156695156
3.008,5,ifrms,-0.0,5.156695156695156
3.008,5,sspls-v,-0.0,5.156695156695156
3.008,6,mcgs,0.0,5.519454706885835
3.008,6,pos,-0.0,5.519454706885835
3.008,6,sbps,-0.0,5.519454706885835
3.008,6,prculs-d,-0.0,5.519454706885835
3.008,6,prcus-p,-0.0,5.519454706885835
3.008,6,prcus-i,-0.0,5.519454706885835
3.008,6,prcus-a,0.0,5.519454706885835
3.008,6,ifrms,-0.0,5.519454706885835
3.008,6,sspls-v,-0.0,5.519454706885835
3.008,7,mcgs,0.0,5.529914529914531
3.008,7,pos,-0.0,5.529914529914531
3.008,7,sbps,-0.0,5.529914529914531
3.008,7,prculs-d,-0.0,5.529914529914531
3.008,7,prcus-p,-0.0,5.529914529914531
3.008,7,prcus-i,-0.0,5.529914529914531
3.008,7,prcus-a,0.0,5.529914529914531
3.008,7,ifrms,-0.0,5.529914529914531
3.008,7,sspls-v,-0.0,5.529914529914531
3.008,8,mcgs,0.0,5.267806267806268
3.008,8,pos,-0.0,5.267806267806268
3.008,8,sbps,-0.0,5.267806267806268
3.008,8,prculs-d,0.0,5.267806267806268
3.008,8,prcus-p,-0.0,5.267806267806268
3.008,8,prcus-i,-0.0,5.267806267806268
3.008,8,prcus-a,0.0,5.267806267806268
3.008,8,ifrms,-0.0,5.267806267806268
3.008,8,sspls-v,-0.0,5.267806267806268
3.008,9,mcgs,0.0,5.156695156695157
3.008,9,pos,-0.0,5.156695156695157
3.008,9,sbps,-0.0,5.156695156695157
3.008,9,prculs-d,-0.0,5.156695156695157
3.008,9,prcus-p,-0.0,5.156695156695157
3.008,9,prcus-i,-0.0,5.156695156695157
3.008,9,prcus-a,0.0,5.156695156695157
3.008,9,ifrms,-0.0,5.156695156695157
3.008,9,sspls-v,-0.0,5.156695156695157
3.008,10,mcgs,0.0,5.466657269295156
3.008,10,pos,-0.0,5.466657269295156
3.008,10,sbps,-0.0,5.466657269295156
3.008,10,prculs-d,-0.0,5.466657269295156
3.008,10,prcus-p,-0.0,5.466657269295156
3.008,10,prcus-i,-0.0,5.466657269295156
3.008,10,prcus-a,0.0,5.466657269295156
3.008,10,ifrms,-0.0,5.466657269295156
3.008,10,sspls-v,-0.0,5.466657269295156
3.008,11,mcgs,0.0,5.156695156695157
3.008,11,pos,-0.0,5.156695156695157
3.008,11,sbps,-0.0,5.156695156695157
3.008,11,prculs-d,-0.0,5.156695156695157
3.008,11,prcus-p,-0.0,5.156695156695157
3.008,11,prcus-i,-0.0,5.156695156695157
3.008,11,prcus-a,0.0,5.156695156695157
3.008,11,ifrms,-0.0,5.156695156695157
3.008,11,sspls-v,-0.0,5.156695156695157
3.008,12,mcgs,0.0,5.518952189879195
3.008,12,pos,-0.0,5.518952189879195
3.008,12,sbps,-0.0,5.518952189879195
3.008,12,prculs-d,-0.0,5.518952189879195
3.008,12,prcus-p,-0.0,5.518952189879195
3.008,12,prcus-i,-0.0,5.518952189879195
3.008,12,prcus-a,0.0,5.518952189879195
3.008,12,ifrms,-0.0,5.518952189879195
3.008,12,sspls-v,-0.0,5.518952189879195
3.008,13,mcgs,0.0,5.299145299145299
3.008,13,pos,-0.0,5.299145299145299
3.008,13,sbps,-0.0,5.299145299145299
3.008,13,prculs-d,-0.0,5.299145299145299
3.008,13,prcus-p,-0.0,5.299145299145299
3.008,13,prcus-i,-0.0,5.299145299145299
3.008,13,prcus-a,0.0,5.299145299145299
3.008,13,ifrms,-0.0,5.299145299145299
3.008,13,sspls-v,-0.0,5.299145299145299
3.008,14,mcgs,0.0,5.582734346633763
3.008,14,pos,-0.0,5.582734346633763
3.008,14,sbps,-0.0,5.582734346633763
3.008,14,prculs-d,-0.0,5.582734346633763
3.008,14,prcus-p,-0.0,5.582734346633763
3.008,14,prcus-i,-0.0,5.582734346633763
3.008,14,prcus-a,0.0,5.582734346633763
3.008,14,ifrms,-0.0,5.582734346633763
3.008,14,sspls-v,-0.0,5.582734346633763
3.008,15,mcgs,0.0,5.393162393162393
3.008,15,pos,-0.0,5.393162393162393
3.008,15,sbps,-0.0,5.393162393162393
3.008,15,prculs-d,-0.0,5.393162393162393
3.008,15,prcus-p,-0.0,5.393162393162393
3.008,15,prcus-i,-0.0,5.393162393162393
3.008,15,prcus-a,0.0,5.393162393162393
3.008,15,ifrms,-0.0,5.393162393162393
3.008,15,sspls-v,-0.0,5.393162393162393
3.008,16,mcgs,0.0,5.5784809271793865
3.008,16,pos,-0.0,5.5784809271793865
3.008,16,sbps,-0.0,5.5784809271793865
3.008,16,prculs-d,-0.0,5.5784809271793865
3.008,16,prcus-p,-0.0,5.5784809271793865
3.008,16,prcus-i,-0.0,5.5784809271793865
3.008,16,prcus-a,0.0,5.5784809271793865
3.008,16,ifrms,-0.0,5.5784809271793865
3.008,16,sspls-v,-0.0,5.5784809271793865
3.008,17,mcgs,0.0,5.259400849833633
3.008,17,pos,-0.0,5.259400849833633
3.008,17,sbps,-0.0,5.259400849833633
3.008,17,prculs-d,-0.0,5.259400849833633
3.008,17,prcus-p,-0.0,5.259400849833633
3.008,17,prcus-i,-0.0,5.259400849833633
3.008,17,prcus-a,0.0,5.259400849833633
3.008,17,ifrms,-0.0,5.259400849833633
3.008,17,sspls-v,-0.0,5.259400849833633
3.008,18,mcgs,0.0,5.615681376697686
3.008,18,pos,-0.0,5.615681376697686
3.008,18,sbps,-0.0,5.615681376697686
3.008,18,prculs-d,-0.0,5.615681376697686
3.008,18,prcus-p,-0.0,5.615681376697686
3.008,18,prcus-i,-0.0,5.615681376697686
3.008,18,prcus-a,0.0,5.615681376697686
3.008,18,ifrms,-0.0,5.615681376697686
3.008,18,sspls-v,-0.0,5.615681376697686
3.008,19,mcgs,0.0,5.519809541766152
3.008,19,pos,-0.0,5.519809541766152
3.008,19,sbps,-0.0,5.519809541766152
3.008,19,prculs-d,-0.0,5.519809541766152
3.008,19,prcus-p,-0.0,5.519809541766152
3.008,19,prcus-i,-0.0,5.519809541766152
3.008,19,prcus-a,0.0,5.519809541766152
3.008,19,ifrms,-0.0,5.519809541766152
3.008,19,sspls-v,-0.0,5.519809541766152
3.008,20,mcgs,0.0,5.549871132165402
3.008,20,pos,-0.0,5.549871132165402
3.008,20,sbps,-0.0,5.549871132165402
3.008,20,prculs-d,-0.0,5.549871132165402
3.008,20,prcus-p,-0.0,5.549871132165402
3.008,20,prcus-i,-0.0,5.549871132165402
3.008,20,prcus-a,0.0,5.549871132165402
3.008,20,ifrms,-0.0,5.549871132165402
3.008,20,sspls-v,-0.0,5.549871132165402
3.008,21,mcgs,0.0,5.581344435960954
3.008,21,pos,-0.0,5.581344435960954
3.008,21,sbps,-0.0,5.581344435960954
3.008,21,prculs-d,-0.0,5.581344435960954
3.008,21,prcus-p,-0.0,5.581344435960954
3.008,21,prcus-i,-0.0,5.581344435960954
3.008,21,prcus-a,0.0,5.581344435960954
3.008,21,ifrms,-0.0,5.581344435960954
3.008,21,sspls-v,-0.0,5.581344435960954
3.008,22,mcgs,0.0,5.600225200622548
3.008,22,pos,-0.0,5.600225200622548
3.008,22,sbps,-0.0,5.600225200622548
3.008,22,prculs-d,-0.0,5.600225200622548
3.008,22,prcus-p,-0.0,5.600225200622548
3.008,22,prcus-i,-0.0,5.600225200622548
3.008,22,prcus-a,0.0,5.600225200622548
3.008,22,ifrms,-0.0,5.600225200622548
3.008,22,sspls-v,-0.0,5.600225200622548
3.008,23,mcgs,0.0,5.2043987634057025
3.008,23,pos,-0.0,5.2043987634057025
3.008,23,sbps,-0.0,5.2043987634057025
3.008,23,prculs-d,-0.0,5.2043987634057025
3.008,23,prcus-p,-0.0,5.2043987634057025
3.008,23,prcus-i,-0.0,5.2043987634057025
3.008,23,prcus-a,0.0,5.2043987634057025
3.008,23,ifrms,-0.0,5.2043987634057025
3.008,23,sspls-v,-0.0,5.2043987634057025
3.008,24,mcgs,0.0,5.429469217570621
3.008,24,pos,-0.0,5.429469217570621
3.008,24,sbps,-0.0,5.429469217570621
3.008,24,prculs-d,-0.0,5.429469217570621
3.008,24,prcus-p,-0.0,5.429469217570621
3.008,24,prcus-i,-0.0,5.429469217570621
3.008,24,prcus-a,0.0,5.429469217570621
3.008,24,ifrms,-0.0,5.429469217570621
3.008,24,sspls-v,-0.0,5.429469217570621
3.008,25,mcgs,0.0,5.253560468272288
3.008,25,pos,-0.0,5.253560468272288
3.008,25,sbps,-0.0,5.253560468272288
3.008,25,prculs-d,-0.0,5.253560468272288
3.008,25,prcus-p,-0.0,5.253560468272288
3.008,25,prcus-i,-0.0,5.253560468272288
3.008,25,prcus-a,0.0,5.253560468272288
3.008,25,ifrms,-0.0,5.253560468272288
3.008,25,sspls-v,-0.0,5.253560468272288
3.008,26,mcgs,0.0,5.584821121964983
3.008,26,pos,-0.0,5.584821121964983
3.008,26,sbps,-0.0,5.584821121964983
3.008,26,prculs-d,-0.0,5.584821121964983
3.008,26,prcus-p,-0.0,5.584821121964983
3.008,26,prcus-i,-0.0,5.584821121964983
3.008,26,prcus-a,0.0,5.584821121964983
3.008,26,ifrms,-0.0,5.584821121964983
3.008,26,sspls-v,-0.0,5.584821121964983
3.008,27,mcgs,0.0,5.384615384615386
3.008,27,pos,-0.0,5.384615384615386
3.008,27,sbps,-0.0,5.384615384615386
3.008,27,prculs-d,-0.0,5.384615384615386
3.008,27,prcus-p,-0.0,5.384615384615386
3.008,27,prcus-i,-0.0,5.384615384615386
3.008,27,prcus-a,0.0,5.384615384615386
3.008,27,ifrms,-0.0,5.384615384615386
3.008,27,sspls-v,-0.0,5.384615384615386
3.215,0,mcgs,0.0,5.487179487179486
3.215,0,pos,-0.0,5.487179487179486
3.215,0,sbps,-0.0,5.487179487179486
3.215,0,prculs-d,-0.0,5.487179487179486
3.215,0,prcus-p,-0.0,5.487179487179486
3.215,0,prcus-i,-0.0,5.487179487179486
3.215,0,prcus-a,0.0,5.487179487179486
3.215,0,ifrms,-0.0,5.487179487179486
3.215,0,sspls-v,-0.0,5.487179487179486
3.215,1,mcgs,0.0,5.4245014245014245
3.215,1,pos,-0.0,5.4245014245014245
3.215,1,sbps,-0.0,5.4245014245014245
3.215,1,prculs-d,-0.0,5.4245014245014245
3.215,1,prcus-p,-0.0,5.4245014245014245
3.215,1,prcus-i,-0.0,5.4245014245014245
3.215,1,prcus-a,0.0,5.4245014245014245
3.215,1,ifrms,-0.0,5.4245014245014245
3.215,1,sspls-v,-0.0,5.4245014245014245
3.215,2,mcgs,0.0,5.4245014245014245
3.215,2,pos,-0.0,5.4245014245014245
3.215,2,sbps,-0.0,5.4245014245014245
3.215,2,prculs-d,-0.0,5.4245014245014245
3.215,2,prcus-p,-0.0,5.4245014245014245
3.215,2,prcus-i,-0.0,5.4245014245014245
3.215,2,prcus-a,0.0,5.4245014245014245
3.215,2,ifrms,-0.0,5.4245014245014245
3.215,2,sspls-v,-0.0,5.4245014245014245
3.215,3,mcgs,0.0,5.202279202279202
3.215,3,pos,-0.0,5.202279202279202
3.215,3,sbps,-0.0,5.202279202279202
3.215,3,prculs-d,-0.0,5.202279202279202
3.215,3,prcus-p,-0.0,5.202279202279202
3.215,3,prcus-i,-0.0,5.202279202279202
3.215,3,prcus-a,0.0,5.202279202279202
3.215,3,ifrms,-0.0,5.202279202279202
3.215,3,sspls-v,-0.0,5.202279202279202
3.215,4,mcgs,0.0,5.48148148148148
3.215,4,pos,-0.0,5.48148148148148
3.215,4,sbps,-0.0,5.48148148148148
3.215,4,prculs-d,-0.0,5.48148148148148
3.215,4,prcus-p,-0.0,5.48148148148148
3.215,4,prcus-i,-0.0,5.48148148148148
3.215,4,prcus-a,0.0,5.48148148148148
3.215,4,ifrms,-0.0,5.48148148148148
3.215,4,sspls-v,-0.0,5.48148148148148
3.215,5,mcgs,0.0,5.156695156695156
3.215,5,pos,-0.0,5.156695156695156
3.215,5,sbps,-0.0,5.156695156695156
3.215,5,prculs-d,-0.0,5.156695156695156
3.215,5,prcus-p,-0.0,5.156695156695156
3.215,5,prcus-i,-0.0,5.156695156695156
3.215,5,prcus-a,0.0,5.156695156695156
3.215,5,ifrms,-0.0,5.156695156695156
3.215,5,sspls-v,-0.0,5.156695156695156
3.215,6,mcgs,0.0,5.518518518518518
3.215,6,pos,-0.0,5.518518518518518
3.215,6,sbps,-0.0,5.518518518518518
3.215,6,prculs-d,-0.0,5.518518518518518
3.215,6,prcus-p,-0.0,5.518518518518518
3.215,6,prcus-i,-0.0,5.518518518518518
3.215,6,prcus-a,0.0,5.518518518518518
3.215,6,ifrms,-0.0,5.518518518518518
3.215,6,sspls-v,-0.0,5.518518518518518
3.215,7,mcgs,0.0,5.529914529914531
3.215,7,pos,-0.0,5.529914529914531
3.215,7,sbps,-0.0,5.529914529914531
3.215,7,prculs-d,-0.0,5.529914529914531
3.215,7,prcus-p,-0.0,5.529914529914531
3.215,7,prcus-i,-0.0,5.529914529914531
3.215,7,prcus-a,0.0,5.529914529914531
3.215,7,ifrms,-0.0,5.529914529914531
3.215,7,sspls-v,-0.0,5.529914529914531
3.215,8,mcgs,0.0,5.267806267806268
3.215,8,pos,-0.0,5.267806267806268
3.215,8,sbps,-0.0,5.267806267806268
3.215,8,prculs-d,0.0,5.267806267806268
3.215,8,prcus-p,-0.0,5.267806267806268
3.215,8,prcus-i,-0.0,5.267806267806268
3.215,8,prcus-a,0.0,5.267806267806268
3.215,8,ifrms,-0.0,5.267806267806268
3.215,8,sspls-v,-0.0,5.267806267806268
3.215,9,mcgs,0.0,5.156695156695157
3.215,9,pos,-0.0,5.156695156695157
3.215,9,sbps,-0.0,5.156695156695157
3.215,9,prculs-d,-0.0,5.156695156695157
3.215,9,prcus-p,-0.0,5.156695156695157
3.215,9,prcus-i,-0.0,5.156695156695157
3.215,9,prcus-a,0.0,5.156695156695157
3.215,9,ifrms,-0.0,5.156695156695157
3.215,9,sspls-v,-0.0,5.156695156695157
3.215,10,mcgs,0.0,5.4558404558404545
3.215,10,pos,-0.0,5.4558404558404545
3.215,10,sbps,-0.0,5.4558404558404545
3.215,10,prculs-d,-0.0,5.4558404558404545
3.215,10,prcus-p,-0.0,5.4558404558404545
3.215,10,prcus-i,-0.0,5.4558404558404545
3.215,10,prcus-a,0.0,5.4558404558404545
3.215,10,ifrms,-0.0,5.4558404558404545
3.215,10,sspls-v,-0.0,5.4558404558404545
3.215,11,mcgs,0.0,5.156695156695157
3.215,11,pos,-0.0,5.156695156695157
3.215,11,sbps,-0.0,5.156695156695157
3.215,11,prculs-d,-0.0,5.156695156695157
3.215,11,prcus-p,-0.0,5.156695156695157
3.215,11,prcus-i,-0.0,5.156695156695157
3.215,11,prcus-a,0.0,5.156695156695157
3.215,11,ifrms,-0.0,5.156695156695157
3.215,11,sspls-v,-0.0,5.156695156695157
3.215,12,mcgs,0.0,5.51851851851852
3.215,12,pos,-0.0,5.51851851851852
3.215,12,sbps,-0.0,5.51851851851852
3.215,12,prculs-d,-0.0,5.51851851851852
3.215,12,prcus-p,-0.0,5.51851851851852
3.215,12,prcus-i,-0.0,5.51851851851852
3.215,12,prcus-a,0.0,5.51851851851852
3.215,12,ifrms,-0.0,5.51851851851852
3.215,12,sspls-v,-0.0,5.51851851851852
3.215,13,mcgs,0.0,5.299145299145299
3.215,13,pos,-0.0,5.299145299145299
3.215,13,sbps,-0.0,5.299145299145299
3.215,13,prculs-d,-0.0,5.299145299145299
3.215,13,prcus-p,-0.0,5.299145299145299
3.215,13,prcus-i,-0.0,5.299145299145299
3.215,13,prcus-a,0.0,5.299145299145299
3.215,13,ifrms,-0.0,5.299145299145299
3.215,13,sspls-v,-0.0,5.299145299145299
3.215,14,mcgs,0.0,5.581196581196581
3.215,14,pos,-0.0,5.581196581196581
3.215,14,sbps,-0.0,5.581196581196581
3.215,14,prculs-d,-0.0,5.581196581196581
3.215,14,prcus-p,-0.0,5.581196581196581
3.215,14,prcus-i,-0.0,5.581196581196581
3.215,14,prcus-a,0.0,5.581196581196581
3.215,14,ifrms,-0.0,5.581196581196581
3.215,14,sspls-v,-0.0,5.581196581196581
3.215,15,mcgs,0.0,5.393162393162393
3.215,15,pos,-0.0,5.393162393162393
3.215,15,sbps,-0.0,5.393162393162393
3.215,15,prculs-d,-0.0,5.393162393162393
3.215,15,prcus-p,-0.0,5.393162393162393
3.215,15,prcus-i,-0.0,5.393162393162393
3.215,15,prcus-a,0.0,5.393162393162393
3.215,15,ifrms,-0.0,5.393162393162393
3.215,15,sspls-v,-0.0,5.393162393162393
3.215,16,mcgs,0.0,5.5783475783475795
3.215,16,pos,-0.0,5.5783475783475795
3.215,16,sbps,-0.0,5.5783475783475795
3.215,16,prculs-d,-0.0,5.5783475783475795
3.215,16,prcus-p,-0.0,5.5783475783475795
3.215,16,prcus-i,-0.0,5.5783475783475795
3.215,16,prcus-a,0.0,5.5783475783475795
3.215,16,ifrms,-0.0,5.5783475783475795
3.215,16,sspls-v,-0.0,5.5783475783475795
3.215,17,mcgs,0.0,5.247863247863247
3.215,17,pos,-0.0,5.247863247863247
3.215,17,sbps,-0.0,5.247863247863247
3.215,17,prculs-d,-0.0,5.247863247863247
3.215,17,prcus-p,-0.0,5.247863247863247
3.215,17,prcus-i,-0.0,5.247863247863247
3.215,17,prcus-a,0.0,5.247863247863247
3.215,17,ifrms,-0.0,5.247863247863247
3.215,17,sspls-v,-0.0,5.247863247863247
3.215,18,mcgs,0.0,5.612535612535612
3.215,18,pos,-0.0,5.612535612535612
3.215,18,sbps,-0.0,5.612535612535612
3.215,18,prculs-d,-0.0,5.612535612535612
3.215,18,prcus-p,-0.0,5.612535612535612
3.215,18,prcus-i,-0.0,5.612535612535612
3.215,18,prcus-a,0.0,5.612535612535612
3.215,18,ifrms,-0.0,5.612535612535612
3.215,18,sspls-v,-0.0,5.612535612535612
3.215,19,mcgs,0.0,5.518518518518518
3.215,19,pos,-0.0,5.518518518518518
3.215,19,sbps,-0.0,5.518518518518518
3.215,19,prculs-d,-0.0,5.518518518518518
3.215,19,prcus-p,-0.0,5.518518518518518
3.215,19,prcus-i,-0.0,5.518518518518518
3.215,19,prcus-a,0.0,5.518518518518518
3.215,19,ifrms,-0.0,5.518518518518518
3.215,19,sspls-v,-0.0,5.518518518518518
3.215,20,mcgs,0.0,5.549857549857548
3.215,20,pos,-0.0,5.549857549857548
3.215,20,sbps,-0.0,5.549857549857548
3.215,20,prculs-d,-0.0,5.549857549857548
3.215,20,prcus-p,-0.0,5.549857549857548
3.215,20,prcus-i,-0.0,5.549857549857548
3.215,20,prcus-a,0.0,5.549857549857548
3.215,20,ifrms,-0.0,5.549857549857548
3.215,20,sspls-v,-0.0,5.549857549857548
3.215,21,mcgs,0.0,5.581196581196581
3.215,21,pos,-0.0,5.581196581196581
3.215,21,sbps,-0.0,5.581196581196581
3.215,21,prculs-d,-0.0,5.581196581196581
3.215,21,prcus-p,-0.0,5.581196581196581
3.215,21,prcus-i,-0.0,5.581196581196581
3.215,21,prcus-a,0.0,5.581196581196581
3.215,21,ifrms,-0.0,5.581196581196581
3.215,21,sspls-v,-0.0,5.581196581196581
3.215,22,mcgs,0.0,5.581196581196581
3.215,22,pos,-0.0,5.581196581196581
3.215,22,sbps,-0.0,5.581196581196581
3.215,22,prculs-d,-0.0,5.581196581196581
3.215,22,prcus-p,-0.0,5.581196581196581
3.215,22,prcus-i,-0.0,5.581196581196581
3.215,22,prcus-a,0.0,5.581196581196581
3.215,22,ifrms,-0.0,5.581196581196581
3.215,22,sspls-v,-0.0,5.581196581196581
3.215,23,mcgs,0.0,5.202279202279203
3.215,23,pos,-0.0,5.202279202279203
3.215,23,sbps,-0.0,5.202279202279203
3.215,23,prculs-d,-0.0,5.202279202279203
3.215,23,prcus-p,-0.0,5.202279202279203
3.215,23,prcus-i,-0.0,5.202279202279203
3.215,23,prcus-a,0.0,5.202279202279203
3.215,23,ifrms,-0.0,5.202279202279203
3.215,23,sspls-v,-0.0,5.202279202279203
3.215,24,mcgs,0.0,5.4245014245014245
3.215,24,pos,-0.0,5.4245014245014245
3.215,24,sbps,-0.0,5.4245014245014245
3.215,24,prculs-d,-0.0,5.4245014245014245
3.215,24,prcus-p,-0.0,5.4245014245014245
3.215,24,prcus-i,-0.0,5.4245014245014245
3.215,24,prcus-a,0.0,5.4245014245014245
3.215,24,ifrms,-0.0,5.4245014245014245
3.215,24,sspls-v,-0.0,5.4245014245014245
3.215,25,mcgs,0.0,5.247863247863247
3.215,25,pos,-0.0,5.247863247863247
3.215,25,sbps,-0.0,5.247863247863247
3.215,25,prculs-d,-0.0,5.247863247863247
3.215,25,prcus-p,-0.0,5.247863247863247
3.215,25,prcus-i,-0.0,5.247863247863247
3.215,25,prcus-a,0.0,5.247863247863247
3.215,25,ifrms,-0.0,5.247863247863247
3.215,25,sspls-v,-0.0,5.247863247863247
3.215,26,mcgs,0.0,5.581196581196581
3.215,26,pos,-0.0,5.581196581196581
3.215,26,sbps,-0.0,5.581196581196581
3.215,26,prculs-d,-0.0,5.581196581196581
3.215,26,prcus-p,-0.0,5.581196581196581
3.215,26,prcus-i,-0.0,5.581196581196581
3.215,26,prcus-a,0.0,5.581196581196581
3.215,26,ifrms,-0.0,5.581196581196581
3.215,26,sspls-v,-0.0,5.581196581196581
3.215,27,mcgs,0.0,5.384615384615386
3.215,27,pos,-0.0,5.384615384615386
3.215,27,sbps,-0.0,5.384615384615386
3.215,27,prculs-d,-0.0,5.384615384615386
3.215,27,prcus-p,-0.0,5.384615384615386
3.215,27,prcus-i,-0.0,5.384615384615386
3.215,27,prcus-a,0.0,5.384615384615386
3.215,27,ifrms,-0.0,5.384615384615386
3.215,27,sspls-v,-0.0,5.384615384615386
3.437,0,mcgs,0.0,5.487179487179486
3.437,0,pos,-0.0,5.487179487179486
3.437,0,sbps,-0.0,5.487179487179486
3.437,0,prculs-d,-0.0,5.487179487179486
3.437,0,prcus-p,-0.0,5.487179487179486
3.437,0,prcus-i,-0.0,5.487179487179486
3.437,0,prcus-a,0.0,5.487179487179486
3.437,0,ifrms,-0.0,5.487179487179486
3.437,0,sspls-v,-0.0,5.487179487179486
3.437,1,mcgs,0.0,5.4245014245014245
3.437,1,pos,-0.0,5.4245014245014245
3.437,1,sbps,-0.0,5.4245014245014245
3.437,1,prculs-d,-0.0,5.4245014245014245
3.437,1,prcus-p,-0.0,5.4245014245014245
3.437,1,prcus-i,-0.0,5.4245014245014245
3.437,1,prcus-a,0.0,5.4245014245014245
3.437,1,ifrms,-0.0,5.4245014245014245
3.437,1,sspls-v,-0.0,5.4245014245014245
3.437,2,mcgs,0.0,5.4245014245014245
3.437,2,pos,-0.0,5.4245014245014245
3.437,2,sbps,-0.0,5.4245014245014245
3.437,2,prculs-d,-0.0,5.4245014245014245
3.437,2,prcus-p,-0.0,5.4245014245014245
3.437,2,prcus-i,-0.0,5.4245014245014245
3.437,2,prcus-a,0.0,5.4245014245014245
3.437,2,ifrms,-0.0,5.4245014245014245
3.437,2,sspls-v,-0.0,5.4245014245014245
3.437,3,mcgs,0.0,5.202279202279202
3.437,3,pos,-0.0,5.202279202279202
3.437,3,sbps,-0.0,5.202279202279202
3.437,3,prculs-d,-0.0,5.202279202279202
3.437,3,prcus-p,-0.0,5.202279202279202
3.437,3,prcus-i,-0.0,5.202279202279202
3.437,3,prcus-a,0.0,5.202279202279202
3.437,3,ifrms,-0.0,5.202279202279202
3.437,3,sspls-v,-0.0,5.202279202279202
3.437,4,mcgs,0.0,5.48148148148148
3.437,4,pos,-0.0,5.48148148148148
3.437,4,sbps,-0.0,5.48148148148148
3.437,4,prculs-d,-0.0,5.48148148148148
3.437,4,prcus-p,-0.0,5.48148148148148
3.437,4,prcus-i,-0.0,5.48148148148148
3.437,4,prcus-a,0.0,5.48148148148148
3.437,4,ifrms,-0.0,5.48148148148148
3.437,4,sspls-v,-0.0,5.48148148148148
3.437,5,mcgs,0.0,5.156695156695156
3.437,5,pos,-0.0,5.156695156695156
3.437,5,sbps,-0.0,5.156695156695156
3.437,5,prculs-d,-0.0,5.156695156695156
3.437,5,prcus-p,-0.0,5.156695156695156
3.437,5,prcus-i,-0.0,5.156695156695156
3.437,5,prcus-a,0.0,5.156695156695156
3.437,5,ifrms,-0.0,5.156695156695156
3.437,5,sspls-v,-0.0,5.156695156695156
3.437,6,mcgs,0.0,5.518518518518518
3.437,6,pos,-0.0,5.518518518518518
3.437,6,sbps,-0.0,5.518518518518518
3.437,6,prculs-d,-0.0,5.518518518518518
3.437,6,prcus-p,-0.0,5.518518518518518
3.437,6,prcus-i,-0.0,5.518518518518518
3.437,6,prcus-a,0.0,5.518518518518518
3.437,6,ifrms,-0.0,5.518518518518518
3.437,6,sspls-v,-0.0,5.518518518518518
3.437,7,mcgs,0.0,5.529914529914531
3.437,7,pos,-0.0,5.529914529914531
3.437,7,sbps,-0.0,5.529914529914531
3.437,7,prculs-d,-0.0,5.529914529914531
3.437,7,prcus-p,-0.0,5.529914529914531
3.437,7,prcus-i,-0.0,5.529914529914531
3.437,7,prcus-a,0.0,5.529914529914531
3.437,7,ifrms,-0.0,5.529914529914531
3.437,7,sspls-v,-0.0,5.529914529914531
3.437,8,mcgs,0.0,5.267806267806268
3.437,8,pos,-0.0,5.267806267806268
3.437,8,sbps,-0.0,5.267806267806268
3.437,8,prculs-d,0.0,5.267806267806268
3.437,8,prcus-p,-0.0,5.267806267806268
3.437,8,prcus-i,-0.0,5.267806267806268
3.437,8,prcus-a,0.0,5.267806267806268
3.437,8,ifrms,-0.0,5.267806267806268
3.437,8,sspls-v,-0.0,5.267806267806268
3.437,9,mcgs,0.0,5.156695156695157
3.437,9,pos,-0.0,5.156695156695157
3.437,9,sbps,-0.0,5.156695156695157
3.437,9,prculs-d,-0.0,5.156695156695157
3.437,9,prcus-p,-0.0,5.156695156695157
3.437,9,prcus-i,-0.0,5.156695156695157
3.437,9,prcus-a,0.0,5.156695156695157
3.437,9,ifrms,-0.0,5.156695156695157
3.437,9,sspls-v,-0.0,5.156695156695157
3.437,10,mcgs,0.0,5.4558404558404545
3.437,10,pos,-0.0,5.4558404558404545
3.437,10,sbps,-0.0,5.4558404558404545
3.437,10,prculs-d,-0.0,5.4558404558404545
3.437,10,prcus-p,-0.0,5.4558404558404545
3.437,10,prcus-i,-0.0,5.4558404558404545
3.437,10,prcus-a,0.0,5.4558404558404545
3.437,10,ifrms,-0.0,5.4558404558404545
3.437,10,sspls-v,-0.0,5.4558404558404545
3.437,11,mcgs,0.0,5.156695156695157
3.437,11,pos,-0.0,5.156695156695157
3.437,11,sbps,-0.0,5.156695156695157
3.437,11,prculs-d,-0.0,5.156695156695157
3.437,11,prcus-p,-0.0,5.156695156695157
3.437,11,prcus-i,-0.0,5.156695156695157
3.437,11,prcus-a,0.0,5.156695156695157
3.437,11,ifrms,-0.0,5.156695156695157
3.437,11,sspls-v,-0.0,5.156695156695157
3.437,12,mcgs,0.0,5.51851851851852
3.437,12,pos,-0.0,5.51851851851852
3.437,12,sbps,-0.0,5.51851851851852
3.437,12,prculs-d,-0.0,5.51851851851852
3.437,12,prcus-p,-0.0,5.51851851851852
3.437,12,prcus-i,-0.0,5.51851851851852
3.437,12,prcus-a,0.0,5.51851851851852
3.437,12,ifrms,-0.0,5.51851851851852
3.437,12,sspls-v,-0.0,5.51851851851852
3.437,13,mcgs,0.0,5.299145299145299
3.437,13,pos,-0.0,5.299145299145299
3.437,13,sbps,-0.0,5.299145299145299
3.437,13,prculs-d,-0.0,5.299145299145299
3.437,13,prcus-p,-0.0,5.299145299145299
3.437,13,prcus-i,-0.0,5.299145299145299
3.437,13,prcus-a,0.0,5.299145299145299
3.437,13,ifrms,-0.0,5.299145299145299
3.437,13,sspls-v,-0.0,5.299145299145299
3.437,14,mcgs,0.0,5.581196581196581
3.437,14,pos,-0.0,5.581196581196581
3.437,14,sbps,-0.0,5.581196581196581
3.437,14,prculs-d,-0.0,5.581196581196581
3.437,14,prcus-p,-0.0,5.581196581196581
3.437,14,prcus-i,-0.0,5.581196581196581
3.437,14,prcus-a,0.0,5.581196581196581
3.437,14,ifrms,-0.0,5.581196581196581
3.437,14,sspls-v,-0.0,5.581196581196581
3.437,15,mcgs,0.0,5.393162393162393
3.437,15,pos,-0.0,5.393162393162393
3.437,15,sbps,-0.0,5.393162393162393
3.437,15,prculs-d,-0.0,5.393162393162393
3.437,15,prcus-p,-0.0,5.393162393162393
3.437,15,prcus-i,-0.0,5.393162393162393
3.437,15,prcus-a,0.0,5.393162393162393
3.437,15,ifrms,-0.0,5.393162393162393
3.437,15,sspls-v,-0.0,5.393162393162393
3.437,16,mcgs,0.0,5.5783475783475795
3.437,16,pos,-0.0,5.5783475783475795
3.437,16,sbps,-0.0,5.5783475783475795
3.437,16,prculs-d,-0.0,5.5783475783475795
3.437,16,prcus-p,-0.0,5.5783475783475795
3.437,16,prcus-i,-0.0,5.5783475783475795
3.437,16,prcus-a,0.0,5.5783475783475795
3.437,16,ifrms,-0.0,5.5783475783475795
3.437,16,sspls-v,-0.0,5.5783475783475795
3.437,17,mcgs,0.0,5.247863247863247
3.437,17,pos,-0.0,5.247863247863247
3.437,17,sbps,-0.0,5.247863247863247
3.437,17,prculs-d,-0.0,5.247863247863247
3.437,17,prcus-p,-0.0,5.247863247863247
3.437,17,prcus-i,-0.0,5.247863247863247
3.437,17,prcus-a,0.0,5.247863247863247
3.437,17,ifrms,-0.0,5.247863247863247
3.437,17,sspls-v,-0.0,5.247863247863247
3.437,18,mcgs,0.0,5.612535612535612
3.437,18,pos,-0.0,5.612535612535612
3.437,18,sbps,-0.0,5.612535612535612
3.437,18,prculs-d,-0.0,5.612535612535612
3.437,18,prcus-p,-0.0,5.612535612535612
3.437,18,prcus-i,-0.0,5.612535612535612
3.437,18,prcus-a,0.0,5.612535612535612
3.437,18,ifrms,-0.0,5.612535612535612
3.437,18,sspls-v,-0.0,5.612535612535612
3.437,19,mcgs,0.0,5.518518518518518
3.437,19,pos,-0.0,5.518518518518518
3.437,19,sbps,-0.0,5.518518518518518
3.437,19,prculs-d,-0.0,5.518518518518518
3.437,19,prcus-p,-0.0,5.518518518518518
3.437,19,prcus-i,-0.0,5.518518518518518
3.437,19,prcus-a,0.0,5.518518518518518
3.437,19,ifrms,-0.0,5.518518518518518
3.437,19,sspls-v,-0.0,5.518518518518518
3.437,20,mcgs,0.0,5.549857549857548
3.437,20,pos,-0.0,5.549857549857548
3.437,20,sbps,-0.0,5.549857549857548
3.437,20,prculs-d,-0.0,5.549857549857548
3.437,20,prcus-p,-0.0,5.549857549857548
3.437,20,prcus-i,-0.0,5.549857549857548
3.437,20,prcus-a,0.0,5.549857549857548
3.437,20,ifrms,-0.0,5.549857549857548
3.437,20,sspls-v,-0.0,5.549857549857548
3.437,21,mcgs,0.0,5.581196581196581
3.437,21,pos,-0.0,5.581196581196581
3.437,21,sbps,-0.0,5.581196581196581
3.437,21,prculs-d,-0.0,5.581196581196581
3.437,21,prcus-p,-0.0,5.581196581196581
3.437,21,prcus-i,-0.0,5.581196581196581
3.437,21,prcus-a,0.0,5.581196581196581
3.437,21,ifrms,-0.0,5.581196581196581
3.437,21,sspls-v,-0.0,5.581196581196581
3.437,22,mcgs,0.0,5.581196581196581
3.437,22,pos,-0.0,5.581196581196581
3.437,22,sbps,-0.0,5.581196581196581
3.437,22,prculs-d,-0.0,5.581196581196581
3.437,22,prcus-p,-0.0,5.581196581196581
3.437,22,prcus-i,-0.0,5.581196581196581
3.437,22,prcus-a,0.0,5.581196581196581
3.437,22,ifrms,-0.0,5.581196581196581
3.437,22,sspls-v,-0.0,5.581196581196581
3.437,23,mcgs,0.0,5.202279202279203
3.437,23,pos,-0.0,5.202279202279203
3.437,23,sbps,-0.0,5.202279202279203
3.437,23,prculs-d,-0.0,5.202279202279203
3.437,23,prcus-p,-0.0,5.202279202279203
3.437,23,prcus-i,-0.0,5.202279202279203
3.437,23,prcus-a,0.0,5.202279202279203
3.437,23,ifrms,-0.0,5.202279202279203
3.437,23,sspls-v,-0.0,5.202279202279203
3.437,24,mcgs,0.0,5.4245014245014245
3.437,24,pos,-0.0,5.4245014245014245
3.437,24,sbps,-0.0,5.4245014245014245
3.437,24,prculs-d,-0.0,5.4245014245014245
3.437,24,prcus-p,-0.0,5.4245014245014245
3.437,24,prcus-i,-0.0,5.4245014245014245
3.437,24,prcus-a,0.0,5.4245014245014245
3.437,24,ifrms,-0.0,5.4245014245014245
3.437,24,sspls-v,-0.0,5.4245014245014245
3.437,25,mcgs,0.0,5.247863247863247
3.437,25,pos,-0.0,5.247863247863247
3.437,25,sbps,-0.0,5.247863247863247
3.437,25,prculs-d,-0.0,5.247863247863247
3.437,25,prcus-p,-0.0,5.247863247863247
3.437,25,prcus-i,-0.0,5.247863247863247
3.437,25,prcus-a,0.0,5.247863247863247
3.437,25,ifrms,-0.0,5.247863247863247
3.437,25,sspls-v,-0.0,5.247863247863247
3.437,26,mcgs,0.0,5.581196581196581
3.437,26,pos,-0.0,5.581196581196581
3.437,26,sbps,-0.0,5.581196581196581
3.437,26,prculs-d,-0.0,5.581196581196581
3.437,26,prcus-p,-0.0,5.581196581196581
3.437,26,prcus-i,-0.0,5.581196581196581
3.437,26,prcus-a,0.0,5.581196581196581
3.437,26,ifrms,-0.0,5.581196581196581
3.437,26,sspls-v,-0.0,5.581196581196581
3.437,27,mcgs,0.0,5.384615384615386
3.437,27,pos,-0.0,5.384615384615386
3.437,27,sbps,-0.0,5.384615384615386
3.437,27,prculs-d,-0.0,5.384615384615386
3.437,27,prcus-p,-0.0,5.384615384615386
3.437,27,prcus-i,-0.0,5.384615384615386
3.437,27,prcus-a,0.0,5.384615384615386
3.437,27,ifrms,-0.0,5.384615384615386
3.437,27,sspls-v,-0.0,5.384615384615386
3.675,0,mcgs,0.0,5.487179487179486
3.675,0,pos,-0.0,5.487179487179486
3.675,0,sbps,-0.0,5.487179487179486
3.675,0,prculs-d,-0.0,5.487179487179486
3.675,0,prcus-p,-0.0,5.487179487179486
3.675,0,prcus-i,-0.0,5.487179487179486
3.675,0,prcus-a,0.0,5.487179487179486
3.675,0,ifrms,-0.0,5.487179487179486
3.675,0,sspls-v,-0.0,5.487179487179486
3.675,1,mcgs,0.0,5.4245014245014245
3.675,1,pos,-0.0,5.4245014245014245
3.675,1,sbps,-0.0,5.4245014245014245
3.675,1,prculs-d,-0.0,5.4245014245014245
3.675,1,prcus-p,-0.0,5.4245014245014245
3.675,1,prcus-i,-0.0,5.4245014245014245
3.675,1,prcus-a,0.0,5.4245014245014245
3.675,1,ifrms,-0.0,5.4245014245014245
3.675,1,sspls-v,-0.0,5.4245014245014245
3.675,2,mcgs,0.0,5.4245014245014245
3.675,2,pos,-0.0,5.4245014245014245
3.675,2,sbps,-0.0,5.4245014245014245
3.675,2,prculs-d,-0.0,5.4245014245014245
3.675,2,prcus-p,-0.0,5.4245014245014245
3.675,2,prcus-i,-0.0,5.4245014245014245
3.675,2,prcus-a,0.0,5.4245014245014245
3.675,2,ifrms,-0.0,5.4245014245014245
3.675,2,sspls-v,-0.0,5.4245014245014245
3.675,3,mcgs,0.0,5.202279202279202
3.675,3,pos,-0.0,5.202279202279202
3.675,3,sbps,-0.0,5.202279202279202
3.675,3,prculs-d,-0.0,5.202279202279202
3.675,3,prcus-p,-0.0,5.202279202279202
3.675,3,prcus-i,-0.0,5.202279202279202
3.675,3,prcus-a,0.0,5.202279202279202
3.675,3,ifrms,-0.0,5.202279202279202
3.675,3,sspls-v,-0.0,5.202279202279202
3.675,4,mcgs,0.0,5.48148148148148
3.675,4,pos,-0.0,5.48148148148148
3.675,4,sbps,-0.0,5.48148148148148
3.675,4,prculs-d,-0.0,5.48148148148148
3.675,4,prcus-p,-0.0,5.48148148148148
3.675,4,prcus-i,-0.0,5.48148148148148
3.675,4,prcus-a,0.0,5.48148148148148
3.675,4,ifrms,-0.0,5.48148148148148
3.675,4,sspls-v,-0.0,5.48148148148148
3.675,5,mcgs,0.0,5.156695156695156
3.675,5,pos,-0.0,5.156695156695156
3.675,5,sbps,-0.0,5.156695156695156
3.675,5,prculs-d,-0.0,5.156695156695156
3.675,5,prcus-p,-0.0,5.156695156695156
3.675,5,prcus-i,-0.0,5.156695156695156
3.675,5,prcus-a,0.0,5.156695156695156
3.675,5,ifrms,-0.0,5.156695156695156
3.675,5,sspls-v,-0.0,5.156695156695156
3.675,6,mcgs,0.0,5.518518518518518
3.675,6,pos,-0.0,5.518518518518518
3.675,6,sbps,-0.0,5.518518518518518
3.675,6,prculs-d,-0.0,5.518518518518518
3.675,6,prcus-p,-0.0,5.518518518518518
3.675,6,prcus-i,-0.0,5.518518518518518
3.675,6,prcus-a,0.0,5.518518518518518
3.675,6,ifrms,-0.0,5.518518518518518
3.675,6,sspls-v,-0.0,5.518518518518518
3.675,7,mcgs,0.0,5.529914529914531
3.675,7,pos,-0.0,5.529914529914531
3.675,7,sbps,-0.0,5.529914529914531
3.675,7,prculs-d,-0.0,5.529914529914531
3.675,7,prcus-p,-0.0,5.529914529914531
3.675,7,prcus-i,-0.0,5.529914529914531
3.675,7,prcus-a,0.0,5.529914529914531
3.675,7,ifrms,-0.0,5.529914529914531
3.675,7,sspls-v,-0.0,5.529914529914531
3.675,8,mcgs,0.0,5.267806267806268
3.675,8,pos,-0.0,5.267806267806268
3.675,8,sbps,-0.0,5.267806267806268
3.675,8,prculs-d,0.0,5.267806267806268
3.675,8,prcus-p,-0.0,5.267806267806268
3.675,8,prcus-i,-0.0,5.267806267806268
3.675,8,prcus-a,0.0,5.267806267806268
3.675,8,ifrms,-0.0,5.267806267806268
3.675,8,sspls-v,-0.0,5.267806267806268
3.675,9,mcgs,0.0,5.156695156695157
3.675,9,pos,-0.0,5.156695156695157
3.675,9,sbps,-0.0,5.156695156695157
3.675,9,prculs-d,-0.0,5.156695156695157
3.675,9,prcus-p,-0.0,5.156695156695157
3.675,9,prcus-i,-0.0,5.156695156695157
3.675,9,prcus-a,0.0,5.156695156695157
3.675,9,ifrms,-0.0,5.156695156695157
3.675,9,sspls-v,-0.0,5.156695156695157
3.675,10,mcgs,0.0,5.4558404558404545
3.675,10,pos,-0.0,5.4558404558404545
3.675,10,sbps,-0.0,5.4558404558404545
3.675,10,prculs-d,-0.0,5.4558404558404545
3.675,10,prcus-p,-0.0,5.4558404558404545
3.675,10,prcus-i,-0.0,5.4558404558404545
3.675,10,prcus-a,0.0,5.4558404558404545
3.675,10,ifrms,-0.0,5.4558404558404545
3.675,10,sspls-v,-0.0,5.4558404558404545
3.675,11,mcgs,0.0,5.156695156695157
3.675,11,pos,-0.0,5.156695156695157
3.675,11,sbps,-0.0,5.156695156695157
3.675,11,prculs-d,-0.0,5.156695156695157
3.675,11,prcus-p,-0.0,5.156695156695157
3.675,11,prcus-i,-0.0,5.156695156695157
3.675,11,prcus-a,0.0,5.156695156695157
3.675,11,ifrms,-0.0,5.156695156695157
3.675,11,sspls-v,-0.0,5.156695156695157
3.675,12,mcgs,0.0,5.51851851851852
3.675,12,pos,-0.0,5.51851851851852
3.675,12,sbps,-0.0,5.51851851851852
3.675,12,prculs-d,-0.0,5.51851851851852
3.675,12,prcus-p,-0.0,5.51851851851852
3.675,12,prcus-i,-0.0,5.51851851851852
3.675,12,prcus-a,0.0,5.51851851851852
3.675,12,ifrms,-0.0,5.51851851851852
3.675,12,sspls-v,-0.0,5.51851851851852
3.675,13,mcgs,0.0,5.299145299145299
3.675,13,pos,-0.0,5.299145299145299
3.675,13,sbps,-0.0,5.299145299145299
3.675,13,prculs-d,-0.0,5.299145299145299
3.675,13,prcus-p,-0.0,5.299145299145299
3.675,13,prcus-i,-0.0,5.299145299145299
3.675,13,prcus-a,0.0,5.299145299145299
3.675,13,ifrms,-0.0,5.299145299145299
3.675,13,sspls-v,-0.0,5.299145299145299
3.675,14,mcgs,0.0,5.581196581196581
3.675,14,pos,-0.0,5.581196581196581
3.675,14,sbps,-0.0,5.581196581196581
3.675,14,prculs-d,-0.0,5.581196581196581
3.675,14,prcus-p,-0.0,5.581196581196581
3.675,14,prcus-i,-0.0,5.581196581196581
3.675,14,prcus-a,0.0,5.581196581196581
3.675,14,ifrms,-0.0,5.581196581196581
3.675,14,sspls-v,-0.0,5.581196581196581
3.675,15,mcgs,0.0,5.393162393162393
3.675,15,pos,-0.0,5.393162393162393
3.675,15,sbps,-0.0,5.393162393162393
3.675,15,prculs-d,-0.0,5.393162393162393
3.675,15,prcus-p,-0.0,5.393162393162393
3.675,15,prcus-i,-0.0,5.393162393162393
3.675,15,prcus-a,0.0,5.393162393162393
3.675,15,ifrms,-0.0,5.393162393162393
3.675,15,sspls-v,-0.0,5.393162393162393
3.675,16,mcgs,0.0,5.5783475783475795
3.675,16,pos,-0.0,5.5783475783475795
3.675,16,sbps,-0.0,5.5783475783475795
3.675,16,prculs-d,-0.0,5.5783475783475795
3.675,16,prcus-p,-0.0,5.5783475783475795
3.675,16,prcus-i,-0.0,5.5783475783475795
3.675,16,prcus-a,0.0,5.5783475783475795
3.675,16,ifrms,-0.0,5.5783475783475795
3.675,16,sspls-v,-0.0,5.5783475783475795
3.675,17,mcgs,0.0,5.247863247863247
3.675,17,pos,-0.0,5.247863247863247
3.675,17,sbps,-0.0,5.247863247863247
3.675,17,prculs-d,-0.0,5.247863247863247
3.675,17,prcus-p,-0.0,5.247863247863247
3.675,17,prcus-i,-0.0,5.247863247863247
3.675,17,prcus-a,0.0,5.247863247863247
3.675,17,ifrms,-0.0,5.247863247863247
3.675,17,sspls-v,-0.0,5.247863247863247
3.675,18,mcgs,0.0,5.612535612535612
3.675,18,pos,-0.0,5.612535612535612
3.675,18,sbps,-0.0,5.612535612535612
3.675,18,prculs-d,-0.0,5.612535612535612
3.675,18,prcus-p,-0.0,5.612535612535612
3.675,18,prcus-i,-0.0,5.612535612535612
3.675,18,prcus-a,0.0,5.612535612535612
3.675,18,ifrms,-0.0,5.612535612535612
3.675,18,sspls-v,-0.0,5.612535612535612
3.675,19,mcgs,0.0,5.518518518518518
3.675,19,pos,-0.0,5.518518518518518
3.675,19,sbps,-0.0,5.518518518518518
3.675,19,prculs-d,-0.0,5.518518518518518
3.675,19,prcus-p,-0.0,5.518518518518518
3.675,19,prcus-i,-0.0,5.518518518518518
3.675,19,prcus-a,0.0,5.518518518518518
3.675,19,ifrms,-0.0,5.518518518518518
3.675,19,sspls-v,-0.0,5.518518518518518
3.675,20,mcgs,0.0,5.549857549857548
3.675,20,pos,-0.0,5.549857549857548
3.675,20,sbps,-0.0,5.549857549857548
3.675,20,prculs-d,-0.0,5.549857549857548
3.675,20,prcus-p,-0.0,5.549857549857548
3.675,20,prcus-i,-0.0,5.549857549857548
3.675,20,prcus-a,0.0,5.549857549857548
3.675,20,ifrms,-0.0,5.549857549857548
3.675,20,sspls-v,-0.0,5.549857549857548
3.675,21,mcgs,0.0,5.581196581196581
3.675,21,pos,-0.0,5.581196581196581
3.675,21,sbps,-0.0,5.581196581196581
3.675,21,prculs-d,-0.0,5.581196581196581
3.675,21,prcus-p,-0.0,5.581196581196581
3.675,21,prcus-i,-0.0,5.581196581196581
3.675,21,prcus-a,0.0,5.581196581196581
3.675,21,ifrms,-0.0,5.581196581196581
3.675,21,sspls-v,-0.0,5.581196581196581
3.675,22,mcgs,0.0,5.581196581196581
3.675,22,pos,-0.0,5.581196581196581
3.675,22,sbps,-0.0,5.581196581196581
3.675,22,prculs-d,-0.0,5.581196581196581
3.675,22,prcus-p,-0.0,5.581196581196581
3.675,22,prcus-i,-0.0,5.581196581196581
3.675,22,prcus-a,0.0,5.581196581196581
3.675,22,ifrms,-0.0,5.581196581196581
3.675,22,sspls-v,-0.0,5.581196581196581
3.675,23,mcgs,0.0,5.202279202279203
3.675,23,pos,-0.0,5.202279202279203
3.675,23,sbps,-0.0,5.202279202279203
3.675,23,prculs-d,-0.0,5.202279202279203
3.675,23,prcus-p,-0.0,5.202279202279203
3.675,23,prcus-i,-0.0,5.202279202279203
3.675,23,prcus-a,0.0,5.202279202279203
3.675,23,ifrms,-0.0,5.202279202279203
3.675,23,sspls-v,-0.0,5.202279202279203
3.675,24,mcgs,0.0,5.4245014245014245
3.675,24,pos,-0.0,5.4245014245014245
3.675,24,sbps,-0.0,5.4245014245014245
3.675,24,prculs-d,-0.0,5.4245014245014245
3.675,24,prcus-p,-0.0,5.4245014245014245
3.675,24,prcus-i,-0.0,5.4245014245014245
3.675,24,prcus-a,0.0,5.4245014245014245
3.675,24,ifrms,-0.0,5.4245014245014245
3.675,24,sspls-v,-0.0,5.4245014245014245
3.675,25,mcgs,0.0,5.247863247863247
3.675,25,pos,-0.0,5.247863247863247
3.675,25,sbps,-0.0,5.247863247863247
3.675,25,prculs-d,-0.0,5.247863247863247
3.675,25,prcus-p,-0.0,5.247863247863247
3.675,25,prcus-i,-0.0,5.247863247863247
3.675,25,prcus-a,0.0,5.247863247863247
3.675,25,ifrms,-0.0,5.247863247863247
3.675,25,sspls-v,-0.0,5.247863247863247
3.675,26,mcgs,0.0,5.581196581196581
3.675,26,pos,-0.0,5.581196581196581
3.675,26,sbps,-0.0,5.581196581196581
3.675,26,prculs-d,-0.0,5.581196581196581
3.675,26,prcus-p,-0.0,5.581196581196581
3.675,26,prcus-i,-0.0,5.581196581196581
3.675,26,prcus-a,0.0,5.581196581196581
3.675,26,ifrms,-0.0,5.581196581196581
3.675,26,sspls-v,-0.0,5.581196581196581
3.675,27,mcgs,0.0,5.384615384615386
3.675,27,pos,-0.0,5.384615384615386
3.675,27,sbps,-0.0,5.384615384615386
3.675,27,prculs-d,-0.0,5.384615384615386
3.675,27,prcus-p,-0.0,5.384615384615386
3.675,27,prcus-i,-0.0,5.384615384615386
3.675,27,prcus-a,0.0,5.384615384615386
3.675,27,ifrms,-0.0,5.384615384615386
3.675,27,sspls-v,-0.0,5.384615384615386
3.928,0,mcgs,0.0,5.487179487179486
3.928,0,pos,-0.0,5.487179487179486
3.928,0,sbps,-0.0,5.487179487179486
3.928,0,prculs-d,-0.0,5.487179487179486
3.928,0,prcus-p,-0.0,5.487179487179486
3.928,0,prcus-i,-0.0,5.487179487179486
3.928,0,prcus-a,0.0,5.487179487179486
3.928,0,ifrms,-0.0,5.487179487179486
3.928,0,sspls-v,-0.0,5.487179487179486
3.928,1,mcgs,0.0,5.4245014245014245
3.928,1,pos,-0.0,5.4245014245014245
3.928,1,sbps,-0.0,5.4245014245014245
3.928,1,prculs-d,-0.0,5.4245014245014245
3.928,1,prcus-p,-0.0,5.4245014245014245
3.928,1,prcus-i,-0.0,5.4245014245014245
3.928,1,prcus-a,0.0,5.4245014245014245
3.928,1,ifrms,-0.0,5.4245014245014245
3.928,1,sspls-v,-0.0,5.4245014245014245
3.928,2,mcgs,0.0,5.4245014245014245
3.928,2,pos,-0.0,5.4245014245014245
3.928,2,sbps,-0.0,5.4245014245014245
3.928,2,prculs-d,-0.0,5.4245014245014245
3.928,2,prcus-p,-0.0,5.4245014245014245
3.928,2,prcus-i,-0.0,5.4245014245014245
3.928,2,prcus-a,0.0,5.4245014245014245
3.928,2,ifrms,-0.0,5.4245014245014245
3.928,2,sspls-v,-0.0,5.4245014245014245
3.928,3,mcgs,0.0,5.202279202279202
3.928,3,pos,-0.0,5.202279202279202
3.928,3,sbps,-0.0,5.202279202279202
3.928,3,prculs-d,-0.0,5.202279202279202
3.928,3,prcus-p,-0.0,5.202279202279202
3.928,3,prcus-i,-0.0,5.202279202279202
3.928,3,prcus-a,0.0,5.202279202279202
3.928,3,ifrms,-0.0,5.202279202279202
3.928,3,sspls-v,-0.0,5.202279202279202
3.928,4,mcgs,0.0,5.48148148148148
3.928,4,pos,-0.0,5.48148148148148
3.928,4,sbps,-0.0,5.48148148148148
3.928,4,prculs-d,-0.0,5.48148148148148
3.928,4,prcus-p,-0.0,5.48148148148148
3.928,4,prcus-i,-0.0,5.48148148148148
3.928,4,prcus-a,0.0,5.48148148148148
3.928,4,ifrms,-0.0,5.48148148148148
3.928,4,sspls-v,-0.0,5.48148148148148
3.928,5,mcgs,0.0,5.156695156695156
3.928,5,pos,-0.0,5.156695156695156
3.928,5,sbps,-0.0,5.156695156695156
3.928,5,prculs-d,-0.0,5.156695156695156
3.928,5,prcus-p,-0.0,5.156695156695156
3.928,5,prcus-i,-0.0,5.156695156695156
3.928,5,prcus-a,0.0,5.156695156695156
3.928,5,ifrms,-0.0,5.156695156695156
3.928,5,sspls-v,-0.0,5.156695156695156
3.928,6,mcgs,0.0,5.518518518518518
3.928,6,pos,-0.0,5.518518518518518
3.928,6,sbps,-0.0,5.518518518518518
3.928,6,prculs-d,-0.0,5.518518518518518
3.928,6,prcus-p,-0.0,5.518518518518518
3.928,6,prcus-i,-0.0,5.518518518518518
3.928,6,prcus-a,0.0,5.518518518518518
3.928,6,ifrms,-0.0,5.518518518518518
3.928,6,sspls-v,-0.0,5.518518518518518
3.928,7,mcgs,0.0,5.529914529914531
3.928,7,pos,-0.0,5.529914529914531
3.928,7,sbps,-0.0,5.529914529914531
3.928,7,prculs-d,-0.0,5.529914529914531
3.928,7,prcus-p,-0.0,5.529914529914531
3.928,7,prcus-i,-0.0,5.529914529914531
3.928,7,prcus-a,0.0,5.529914529914531
3.928,7,ifrms,-0.0,5.529914529914531
3.928,7,sspls-v,-0.0,5.529914529914531
3.928,8,mcgs,0.0,5.267806267806268
3.928,8,pos,-0.0,5.267806267806268
3.928,8,sbps,-0.0,5.267806267806268
3.928,8,prculs-d,0.0,5.267806267806268
3.928,8,prcus-p,-0.0,5.267806267806268
3.928,8,prcus-i,-0.0,5.267806267806268
3.928,8,prcus-a,0.0,5.267806267806268
3.928,8,ifrms,-0.0,5.267806267806268
3.928,8,sspls-v,-0.0,5.267806267806268
3.928,9,mcgs,0.0,5.156695156695157
3.928,9,pos,-0.0,5.156695156695157
3.928,9,sbps,-0.0,5.156695156695157
3.928,9,prculs-d,-0.0,5.156695156695157
3.928,9,prcus-p,-0.0,5.156695156695157
3.928,9,prcus-i,-0.0,5.156695156695157
3.928,9,prcus-a,0.0,5.156695156695157
3.928,9,ifrms,-0.0,5.156695156695157
3.928,9,sspls-v,-0.0,5.156695156695157
3.928,10,mcgs,0.0,5.4558404558404545
3.928,10,pos,-0.0,5.4558404558404545
3.928,10,sbps,-0.0,5.4558404558404545
3.928,10,prculs-d,-0.0,5.4558404558404545
3.928,10,prcus-p,-0.0,5.4558404558404545
3.928,10,prcus-i,-0.0,5.4558404558404545
3.928,10,prcus-a,0.0,5.4558404558404545
3.928,10,ifrms,-0.0,5.4558404558404545
3.928,10,sspls-v,-0.0,5.4558404558404545
3.928,11,mcgs,0.0,5.156695156695157
3.928,11,pos,-0.0,5.156695156695157
3.928,11,sbps,-0.0,5.156695156695157
3.928,11,prculs-d,-0.0,5.156695156695157
3.928,11,prcus-p,-0.0,5.156695156695157
3.928,11,prcus-i,-0.0,5.156695156695157
3.928,11,prcus-a,0.0,5.156695156695157
3.928,11,ifrms,-0.0,5.156695156695157
3.928,11,sspls-v,-0.0,5.156695156695157
3.928,12,mcgs,0.0,5.51851851851852
3.928,12,pos,-0.0,5.51851851851852
3.928,12,sbps,-0.0,5.51851851851852
3.928,12,prculs-d,-0.0,5.51851851851852
3.928,12,prcus-p,-0.0,5.51851851851852
3.928,12,prcus-i,-0.0,5.51851851851852
3.928,12,prcus-a,0.0,5.51851851851852
3.928,12,ifrms,-0.0,5.51851851851852
3.928,12,sspls-v,-0.0,5.51851851851852
3.928,13,mcgs,0.0,5.299145299145299
3.928,13,pos,-0.0,5.299145299145299
3.928,13,sbps,-0.0,5.299145299145299
3.928,13,prculs-d,-0.0,5.299145299145299
3.928,13,prcus-p,-0.0,5.299145299145299
3.928,13,prcus-i,-0.0,5.299145299145299
3.928,13,prcus-a,0.0,5.299145299145299
3.928,13,ifrms,-0.0,5.299145299145299
3.928,13,sspls-v,-0.0,5.299145299145299
3.928,14,mcgs,0.0,5.581196581196581
3.928,14,pos,-0.0,5.581196581196581
3.928,14,sbps,-0.0,5.581196581196581
3.928,14,prculs-d,-0.0,5.581196581196581
3.928,14,prcus-p,-0.0,5.581196581196581
3.928,14,prcus-i,-0.0,5.581196581196581
3.928,14,prcus-a,0.0,5.581196581196581
3.928,14,ifrms,-0.0,5.581196581196581
3.928,14,sspls-v,-0.0,5.581196581196581
3.928,15,mcgs,0.0,5.393162393162393
3.928,15,pos,-0.0,5.393162393162393
3.928,15,sbps,-0.0,5.393162393162393
3.928,15,prculs-d,-0.0,5.393162393162393
3.928,15,prcus-p,-0.0,5.393162393162393
3.928,15,prcus-i,-0.0,5.393162393162393
3.928,15,prcus-a,0.0,5.393162393162393
3.928,15,ifrms,-0.0,5.393162393162393
3.928,15,sspls-v,-0.0,5.393162393162393
3.928,16,mcgs,0.0,5.5783475783475795
3.928,16,pos,-0.0,5.5783475783475795
3.928,16,sbps,-0.0,5.5783475783475795
3.928,16,prculs-d,-0.0,5.5783475783475795
3.928,16,prcus-p,-0.0,5.5783475783475795
3.928,16,prcus-i,-0.0,5.5783475783475795
3.928,16,prcus-a,0.0,5.5783475783475795
3.928,16,ifrms,-0.0,5.5783475783475795
3.928,16,sspls-v,-0.0,5.5783475783475795
3.928,17,mcgs,0.0,5.247863247863247
3.928,17,pos,-0.0,5.247863247863247
3.928,17,sbps,-0.0,5.247863247863247
3.928,17,prculs-d,-0.0,5.247863247863247
3.928,17,prcus-p,-0.0,5.247863247863247
3.928,17,prcus-i,-0.0,5.247863247863247
3.928,17,prcus-a,0.0,5.247863247863247
3.928,17,ifrms,-0.0,5.247863247863247
3.928,17,sspls-v,-0.0,5.247863247863247
3.928,18,mcgs,0.0,5.612535612535612
3.928,18,pos,-0.0,5.612535612535612
3.928,18,sbps,-0.0,5.612535612535612
3.928,18,prculs-d,-0.0,5.612535612535612
3.928,18,prcus-p,-0.0,5.612535612535612
3.928,18,prcus-i,-0.0,5.612535612535612
3.928,18,prcus-a,0.0,5.612535612535612
3.928,18,ifrms,-0.0,5.612535612535612
3.928,18,sspls-v,-0.0,5.612535612535612
3.928,19,mcgs,0.0,5.518518518518518
3.928,19,pos,-0.0,5.518518518518518
3.928,19,sbps,-0.0,5.518518518518518
3.928,19,prculs-d,-0.0,5.518518518518518
3.928,19,prcus-p,-0.0,5.518518518518518
3.928,19,prcus-i,-0.0,5.518518518518518
3.928,19,prcus-a,0.0,5.518518518518518
3.928,19,ifrms,-0.0,5.518518518518518
3.928,19,sspls-v,-0.0,5.518518518518518
3.928,20,mcgs,0.0,5.549857549857548
3.928,20,pos,-0.0,5.549857549857548
3.928,20,sbps,-0.0,5.549857549857548
3.928,20,prculs-d,-0.0,5.549857549857548
3.928,20,prcus-p,-0.0,5.549857549857548
3.928,20,prcus-i,-0.0,5.549857549857548
3.928,20,prcus-a,0.0,5.549857549857548
3.928,20,ifrms,-0.0,5.549857549857548
3.928,20,sspls-v,-0.0,5.549857549857548
3.928,21,mcgs,0.0,5.581196581196581
3.928,21,pos,-0.0,5.581196581196581
3.928,21,sbps,-0.0,5.581196581196581
3.928,21,prculs-d,-0.0,5.581196581196581
3.928,21,prcus-p,-0.0,5.581196581196581
3.928,21,prcus-i,-0.0,5.581196581196581
3.928,21,prcus-a,0.0,5.581196581196581
3.928,21,ifrms,-0.0,5.581196581196581
3.928,21,sspls-v,-0.0,5.581196581196581
3.928,22,mcgs,0.0,5.581196581196581
3.928,22,pos,-0.0,5.581196581196581
3.928,22,sbps,-0.0,5.581196581196581
3.928,22,prculs-d,-0.0,5.581196581196581
3.928,22,prcus-p,-0.0,5.581196581196581
3.928,22,prcus-i,-0.0,5.581196581196581
3.928,22,prcus-a,0.0,5.581196581196581
3.928,22,ifrms,-0.0,5.581196581196581
3.928,22,sspls-v,-0.0,5.581196581196581
3.928,23,mcgs,0.0,5.202279202279203
3.928,23,pos,-0.0,5.202279202279203
3.928,23,sbps,-0.0,5.202279202279203
3.928,23,prculs-d,-0.0,5.202279202279203
3.928,23,prcus-p,-0.0,5.202279202279203
3.928,23,prcus-i,-0.0,5.202279202279203
3.928,23,prcus-a,0.0,5.202279202279203
3.928,23,ifrms,-0.0,5.202279202279203
3.928,23,sspls-v,-0.0,5.202279202279203
3.928,24,mcgs,0.0,5.4245014245014245
3.928,24,pos,-0.0,5.4245014245014245
3.928,24,sbps,-0.0,5.4245014245014245
3.928,24,prculs-d,-0.0,5.4245014245014245
3.928,24,prcus-p,-0.0,5.4245014245014245
3.928,24,prcus-i,-0.0,5.4245014245014245
3.928,24,prcus-a,0.0,5.4245014245014245
3.928,24,ifrms,-0.0,5.4245014245014245
3.928,24,sspls-v,-0.0,5.4245014245014245
3.928,25,mcgs,0.0,5.247863247863247
3.928,25,pos,-0.0,5.247863247863247
3.928,25,sbps,-0.0,5.247863247863247
3.928,25,prculs-d,-0.0,5.247863247863247
3.928,25,prcus-p,-0.0,5.247863247863247
3.928,25,prcus-i,-0.0,5.247863247863247
3.928,25,prcus-a,0.0,5.247863247863247
3.928,25,ifrms,-0.0,5.247863247863247
3.928,25,sspls-v,-0.0,5.247863247863247
3.928,26,mcgs,0.0,5.581196581196581
3.928,26,pos,-0.0,5.581196581196581
3.928,26,sbps,-0.0,5.581196581196581
3.928,26,prculs-d,-0.0,5.581196581196581
3.928,26,prcus-p,-0.0,5.581196581196581
3.928,26,prcus-i,-0.0,5.581196581196581
3.928,26,prcus-a,0.0,5.581196581196581
3.928,26,ifrms,-0.0,5.581196581196581
3.928,26,sspls-v,-0.0,5.581196581196581
3.928,27,mcgs,0.0,5.384615384615386
3.928,27,pos,-0.0,5.384615384615386
3.928,27,sbps,-0.0,5.384615384615386
3.928,27,prculs-d,-0.0,5.384615384615386
3.928,27,prcus-p,-0.0,5.384615384615386
3.928,27,prcus-i,-0.0,5.384615384615386
3.928,27,prcus-a,0.0,5.384615384615386
3.928,27,ifrms,-0.0,5.384615384615386
3.928,27,sspls-v,-0.0,5.384615384615386
4.199,0,mcgs,0.0,5.487179487179486
4.199,0,pos,-0.0,5.487179487179486
4.199,0,sbps,-0.0,5.487179487179486
4.199,0,prculs-d,-0.0,5.487179487179486
4.199,0,prcus-p,-0.0,5.487179487179486
4.199,0,prcus-i,-0.0,5.487179487179486
4.199,0,prcus-a,0.0,5.487179487179486
4.199,0,ifrms,-0.0,5.487179487179486
4.199,0,sspls-v,-0.0,5.487179487179486
4.199,1,mcgs,0.0,5.4245014245014245
4.199,1,pos,-0.0,5.4245014245014245
4.199,1,sbps,-0.0,5.4245014245014245
4.199,1,prculs-d,-0.0,5.4245014245014245
4.199,1,prcus-p,-0.0,5.4245014245014245
4.199,1,prcus-i,-0.0,5.4245014245014245
4.199,1,prcus-a,0.0,5.4245014245014245
4.199,1,ifrms,-0.0,5.4245014245014245
4.199,1,sspls-v,-0.0,5.4245014245014245
4.199,2,mcgs,0.0,5.4245014245014245
4.199,2,pos,-0.0,5.4245014245014245
4.199,2,sbps,-0.0,5.4245014245014245
4.199,2,prculs-d,-0.0,5.4245014245014245
4.199,2,prcus-p,-0.0,5.4245014245014245
4.199,2,prcus-i,-0.0,5.4245014245014245
4.199,2,prcus-a,0.0,5.4245014245014245
4.199,2,ifrms,-0.0,5.4245014245014245
4.199,2,sspls-v,-0.0,5.4245014245014245
4.199,3,mcgs,0.0,5.202279202279202
4.199,3,pos,-0.0,5.202279202279202
4.199,3,sbps,-0.0,5.202279202279202
4.199,3,prculs-d,-0.0,5.202279202279202
4.199,3,prcus-p,-0.0,5.202279202279202
4.199,3,prcus-i,-0.0,5.202279202279202
4.199,3,prcus-a,0.0,5.202279202279202
4.199,3,ifrms,-0.0,5.202279202279202
4.199,3,sspls-v,-0.0,5.202279202279202
4.199,4,mcgs,0.0,5.48148148148148
4.199,4,pos,-0.0,5.48148148148148
4.199,4,sbps,-0.0,5.48148148148148
4.199,4,prculs-d,-0.0,5.48148148148148
4.199,4,prcus-p,-0.0,5.48148148148148
4.199,4,prcus-i,-0.0,5.48148148148148
4.199,4,prcus-a,0.0,5.48148148148148
4.199,4,ifrms,-0.0,5.48148148148148
4.199,4,sspls-v,-0.0,5.48148148148148
4.199,5,mcgs,0.0,5.156695156695156
4.199,5,pos,-0.0,5.156695156695156
4.199,5,sbps,-0.0,5.156695156695156
4.199,5,prculs-d,-0.0,5.156695156695156
4.199,5,prcus-p,-0.0,5.156695156695156
4.199,5,prcus-i,-0.0,5.156695156695156
4.199,5,prcus-a,0.0,5.156695156695156
4.199,5,ifrms,-0.0,5.156695156695156
4.199,5,sspls-v,-0.0,5.156695156695156
4.199,6,mcgs,0.0,5.518518518518518
4.199,6,pos,-0.0,5.518518518518518
4.199,6,sbps,-0.0,5.518518518518518
4.199,6,prculs-d,-0.0,5.518518518518518
4.199,6,prcus-p,-0.0,5.518518518518518
4.199,6,prcus-i,-0.0,5.518518518518518
4.199,6,prcus-a,0.0,5.518518518518518
4.199,6,ifrms,-0.0,5.518518518518518
4.199,6,sspls-v,-0.0,5.518518518518518
4.199,7,mcgs,0.0,5.529914529914531
4.199,7,pos,-0.0,5.529914529914531
4.199,7,sbps,-0.0,5.529914529914531
4.199,7,prculs-d,-0.0,5.529914529914531
4.199,7,prcus-p,-0.0,5.529914529914531
4.199,7,prcus-i,-0.0,5.529914529914531
4.199,7,prcus-a,0.0,5.529914529914531
4.199,7,ifrms,-0.0,5.529914529914531
4.199,7,sspls-v,-0.0,5.529914529914531
4.199,8,mcgs,0.0,5.267806267806268
4.199,8,pos,-0.0,5.267806267806268
4.199,8,sbps,-0.0,5.267806267806268
4.199,8,prculs-d,0.0,5.267806267806268
4.199,8,prcus-p,-0.0,5.267806267806268
4.199,8,prcus-i,-0.0,5.267806267806268
4.199,8,prcus-a,0.0,5.267806267806268
4.199,8,ifrms,-0.0,5.267806267806268
4.199,8,sspls-v,-0.0,5.267806267806268
4.199,9,mcgs,0.0,5.156695156695157
4.199,9,pos,-0.0,5.156695156695157
4.199,9,sbps,-0.0,5.156695156695157
4.199,9,prculs-d,-0.0,5.156695156695157
4.199,9,prcus-p,-0.0,5.156695156695157
4.199,9,prcus-i,-0.0,5.156695156695157
4.199,9,prcus-a,0.0,5.156695156695157
4.199,9,ifrms,-0.0,5.156695156695157
4.199,9,sspls-v,-0.0,5.156695156695157
4.199,10,mcgs,0.0,5.4558404558404545
4.199,10,pos,-0.0,5.4558404558404545
4.199,10,sbps,-0.0,5.4558404558404545
4.199,10,prculs-d,-0.0,5.4558404558404545
4.199,10,prcus-p,-0.0,5.4558404558404545
4.199,10,prcus-i,-0.0,5.4558404558404545
4.199,10,prcus-a,0.0,5.4558404558404545
4.199,10,ifrms,-0.0,5.4558404558404545
4.199,10,sspls-v,-0.0,5.4558404558404545
4.199,11,mcgs,0.0,5.156695156695157
4.199,11,pos,-0.0,5.156695156695157
4.199,11,sbps,-0.0,5.156695156695157
4.199,11,prculs-d,-0.0,5.156695156695157
4.199,11,prcus-p,-0.0,5.156695156695157
4.199,11,prcus-i,-0.0,5.156695156695157
4.199,11,prcus-a,0.0,5.156695156695157
4.199,11,ifrms,-0.0,5.156695156695157
4.199,11,sspls-v,-0.0,5.156695156695157
4.199,12,mcgs,0.0,5.51851851851852
4.199,12,pos,-0.0,5.51851851851852
4.199,12,sbps,-0.0,5.51851851851852
4.199,12,prculs-d,-0.0,5.51851851851852
4.199,12,prcus-p,-0.0,5.51851851851852
4.199,12,prcus-i,-0.0,5.51851851851852
4.199,12,prcus-a,0.0,5.51851851851852
4.199,12,ifrms,-0.0,5.51851851851852
4.199,12,sspls-v,-0.0,5.51851851851852
4.199,13,mcgs,0.0,5.299145299145299
4.199,13,pos,-0.0,5.299145299145299
4.199,13,sbps,-0.0,5.299145299145299
4.199,13,prculs-d,-0.0,5.299145299145299
4.199,13,prcus-p,-0.0,5.299145299145299
4.199,13,prcus-i,-0.0,5.299145299145299
4.199,13,prcus-a,0.0,5.299145299145299
4.199,13,ifrms,-0.0,5.299145299145299
4.199,13,sspls-v,-0.0,5.299145299145299
4.199,14,mcgs,0.0,5.581196581196581
4.199,14,pos,-0.0,5.581196581196581
4.199,14,sbps,-0.0,5.581196581196581
4.199,14,prculs-d,-0.0,5.581196581196581
4.199,14,prcus-p,-0.0,5.581196581196581
4.199,14,prcus-i,-0.0,5.581196581196581
4.199,14,prcus-a,0.0,5.581196581196581
4.199,14,ifrms,-0.0,5.581196581196581
4.199,14,sspls-v,-0.0,5.581196581196581
4.199,15,mcgs,0.0,5.393162393162393
4.199,15,pos,-0.0,5.393162393162393
4.199,15,sbps,-0.0,5.393162393162393
4.199,15,prculs-d,-0.0,5.393162393162393
4.199,15,prcus-p,-0.0,5.393162393162393
4.199,15,prcus-i,-0.0,5.393162393162393
4.199,15,prcus-a,0.0,5.393162393162393
4.199,15,ifrms,-0.0,5.393162393162393
4.199,15,sspls-v,-0.0,5.393162393162393
4.199,16,mcgs,0.0,5.5783475783475795
4.199,16,pos,-0.0,5.5783475783475795
4.199,16,sbps,-0.0,5.5783475783475795
4.199,16,prculs-d,-0.0,5.5783475783475795
4.199,16,prcus-p,-0.0,5.5783475783475795
4.199,16,prcus-i,-0.0,5.5783475783475795
4.199,16,prcus-a,0.0,5.5783475783475795
4.199,16,ifrms,-0.0,5.5783475783475795
4.199,16,sspls-v,-0.0,5.5783475783475795
4.199,17,mcgs,0.0,5.247863247863247
4.199,17,pos,-0.0,5.247863247863247
4.199,17,sbps,-0.0,5.247863247863247
4.199,17,prculs-d,-0.0,5.247863247863247
4.199,17,prcus-p,-0.0,5.247863247863247
4.199,17,prcus-i,-0.0,5.247863247863247
4.199,17,prcus-a,0.0,5.247863247863247
4.199,17,ifrms,-0.0,5.247863247863247
4.199,17,sspls-v,-0.0,5.247863247863247
4.199,18,mcgs,0.0,5.612535612535612
4.199,18,pos,-0.0,5.612535612535612
4.199,18,sbps,-0.0,5.612535612535612
4.199,18,prculs-d,-0.0,5.612535612535612
4.199,18,prcus-p,-0.0,5.612535612535612
4.199,18,prcus-i,-0.0,5.612535612535612
4.199,18,prcus-a,0.0,5.612535612535612
4.199,18,ifrms,-0.0,5.612535612535612
4.199,18,sspls-v,-0.0,5.612535612535612
4.199,19,mcgs,0.0,5.518518518518518
4.199,19,pos,-0.0,5.518518518518518
4.199,19,sbps,-0.0,5.518518518518518
4.199,19,prculs-d,-0.0,5.518518518518518
4.199,19,prcus-p,-0.0,5.518518518518518
4.199,19,prcus-i,-0.0,5.518518518518518
4.199,19,prcus-a,0.0,5.518518518518518
4.199,19,ifrms,-0.0,5.518518518518518
4.199,19,sspls-v,-0.0,5.518518518518518
4.199,20,mcgs,0.0,5.549857549857548
4.199,20,pos,-0.0,5.549857549857548
4.199,20,sbps,-0.0,5.549857549857548
4.199,20,prculs-d,-0.0,5.549857549857548
4.199,20,prcus-p,-0.0,5.549857549857548
4.199,20,prcus-i,-0.0,5.549857549857548
4.199,20,prcus-a,0.0,5.549857549857548
4.199,20,ifrms,-0.0,5.549857549857548
4.199,20,sspls-v,-0.0,5.549857549857548
4.199,21,mcgs,0.0,5.581196581196581
4.199,21,pos,-0.0,5.581196581196581
4.199,21,sbps,-0.0,5.581196581196581
4.199,21,prculs-d,-0.0,5.581196581196581
4.199,21,prcus-p,-0.0,5.581196581196581
4.199,21,prcus-i,-0.0,5.581196581196581
4.199,21,prcus-a,0.0,5.581196581196581
4.199,21,ifrms,-0.0,5.581196581196581
4.199,21,sspls-v,-0.0,5.581196581196581
4.199,22,mcgs,0.0,5.581196581196581
4.199,22,pos,-0.0,5.581196581196581
4.199,22,sbps,-0.0,5.581196581196581
4.199,22,prculs-d,-0.0,5.581196581196581
4.199,22,prcus-p,-0.0,5.581196581196581
4.199,22,prcus-i,-0.0,5.581196581196581
4.199,22,prcus-a,0.0,5.581196581196581
4.199,22,ifrms,-0.0,5.581196581196581
4.199,22,sspls-v,-0.0,5.581196581196581
4.199,23,mcgs,0.0,5.202279202279203
4.199,23,pos,-0.0,5.202279202279203
4.199,23,sbps,-0.0,5.202279202279203
4.199,23,prculs-d,-0.0,5.202279202279203
4.199,23,prcus-p,-0.0,5.202279202279203
4.199,23,prcus-i,-0.0,5.202279202279203
4.199,23,prcus-a,0.0,5.202279202279203
4.199,23,ifrms,-0.0,5.202279202279203
4.199,23,sspls-v,-0.0,5.202279202279203
4.199,24,mcgs,0.0,5.4245014245014245
4.199,24,pos,-0.0,5.4245014245014245
4.199,24,sbps,-0.0,5.4245014245014245
4.199,24,prculs-d,-0.0,5.4245014245014245
4.199,24,prcus-p,-0.0,5.4245014245014245
4.199,24,prcus-i,-0.0,5.4245014245014245
4.199,24,prcus-a,0.0,5.4245014245014245
4.199,24,ifrms,-0.0,5.4245014245014245
4.199,24,sspls-v,-0.0,5.4245014245014245
4.199,25,mcgs,0.0,5.247863247863247
4.199,25,pos,-0.0,5.247863247863247
4.199,25,sbps,-0.0,5.247863247863247
4.199,25,prculs-d,-0.0,5.247863247863247
4.199,25,prcus-p,-0.0,5.247863247863247
4.199,25,prcus-i,-0.0,5.247863247863247
4.199,25,prcus-a,0.0,5.247863247863247
4.199,25,ifrms,-0.0,5.247863247863247
4.199,25,sspls-v,-0.0,5.247863247863247
4.199,26,mcgs,0.0,5.581196581196581
4.199,26,pos,-0.0,5.581196581196581
4.199,26,sbps,-0.0,5.581196581196581
4.199,26,prculs-d,-0.0,5.581196581196581
4.199,26,prcus-p,-0.0,5.581196581196581
4.199,26,prcus-i,-0.0,5.581196581196581
4.199,26,prcus-a,0.0,5.581196581196581
4.199,26,ifrms,-0.0,5.581196581196581
4.199,26,sspls-v,-0.0,5.581196581196581
4.199,27,mcgs,0.0,5.384615384615386
4.199,27,pos,-0.0,5.384615384615386
4.199,27,sbps,-0.0,5.384615384615386
4.199,27,prculs-d,-0.0,5.384615384615386
4.199,27,prcus-p,-0.0,5.384615384615386
4.199,27,prcus-i,-0.0,5.384615384615386
4.199,27,prcus-a,0.0,5.384615384615386
4.199,27,ifrms,-0.0,5.384615384615386
4.199,27,sspls-v,-0.0,5.384615384615386
4.489,0,mcgs,0.0,5.487179487179486
4.489,0,pos,-0.0,5.487179487179486
4.489,0,sbps,-0.0,5.487179487179486
4.489,0,prculs-d,-0.0,5.487179487179486
4.489,0,prcus-p,-0.0,5.487179487179486
4.489,0,prcus-i,-0.0,5.487179487179486
4.489,0,prcus-a,0.0,5.487179487179486
4.489,0,ifrms,-0.0,5.487179487179486
4.489,0,sspls-v,-0.0,5.487179487179486
4.489,1,mcgs,0.0,5.4245014245014245
4.489,1,pos,-0.0,5.4245014245014245
4.489,1,sbps,-0.0,5.4245014245014245
4.489,1,prculs-d,-0.0,5.4245014245014245
4.489,1,prcus-p,-0.0,5.4245014245014245
4.489,1,prcus-i,-0.0,5.4245014245014245
4.489,1,prcus-a,0.0,5.4245014245014245
4.489,1,ifrms,-0.0,5.4245014245014245
4.489,1,sspls-v,-0.0,5.4245014245014245
4.489,2,mcgs,0.0,5.4245014245014245
4.489,2,pos,-0.0,5.4245014245014245
4.489,2,sbps,-0.0,5.4245014245014245
4.489,2,prculs-d,-0.0,5.4245014245014245
4.489,2,prcus-p,-0.0,5.4245014245014245
4.489,2,prcus-i,-0.0,5.4245014245014245
4.489,2,prcus-a,0.0,5.4245014245014245
4.489,2,ifrms,-0.0,5.4245014245014245
4.489,2,sspls-v,-0.0,5.4245014245014245
4.489,3,mcgs,0.0,5.202279202279202
4.489,3,pos,-0.0,5.202279202279202
4.489,3,sbps,-0.0,5.202279202279202
4.489,3,prculs-d,-0.0,5.202279202279202
4.489,3,prcus-p,-0.0,5.202279202279202
4.489,3,prcus-i,-0.0,5.202279202279202
4.489,3,prcus-a,0.0,5.202279202279202
4.489,3,ifrms,-0.0,5.202279202279202
4.489,3,sspls-v,-0.0,5.202279202279202
4.489,4,mcgs,0.0,5.48148148148148
4.489,4,pos,-0.0,5.48148148148148
4.489,4,sbps,-0.0,5.48148148148148
4.489,4,prculs-d,-0.0,5.48148148148148
4.489,4,prcus-p,-0.0,5.48148148148148
4.489,4,prcus-i,-0.0,5.48148148148148
4.489,4,prcus-a,0.0,5.48148148148148
4.489,4,ifrms,-0.0,5.48148148148148
4.489,4,sspls-v,-0.0,5.48148148148148
4.489,5,mcgs,0.0,5.156695156695156
4.489,5,pos,-0.0,5.156695156695156
4.489,5,sbps,-0.0,5.156695156695156
4.489,5,prculs-d,-0.0,5.156695156695156
4.489,5,prcus-p,-0.0,5.156695156695156
4.489,5,prcus-i,-0.0,5.156695156695156
4.489,5,prcus-a,0.0,5.156695156695156
4.489,5,ifrms,-0.0,5.156695156695156
4.489,5,sspls-v,-0.0,5.156695156695156
4.489,6,mcgs,0.0,5.518518518518518
4.489,6,pos,-0.0,5.518518518518518
4.489,6,sbps,-0.0,5.518518518518518
4.489,6,prculs-d,-0.0,5.518518518518518
4.489,6,prcus-p,-0.0,5.518518518518518
4.489,6,prcus-i,-0.0,5.518518518518518
4.489,6,prcus-a,0.0,5.518518518518518
4.489,6,ifrms,-0.0,5.518518518518518
4.489,6,sspls-v,-0.0,5.518518518518518
4.489,7,mcgs,0.0,5.529914529914531
4.489,7,pos,-0.0,5.529914529914531
4.489,7,sbps,-0.0,5.529914529914531
4.489,7,prculs-d,-0.0,5.529914529914531
4.489,7,prcus-p,-0.0,5.529914529914531
4.489,7,prcus-i,-0.0,5.529914529914531
4.489,7,prcus-a,0.0,5.529914529914531
4.489,7,ifrms,-0.0,5.529914529914531
4.489,7,sspls-v,-0.0,5.529914529914531
4.489,8,mcgs,0.0,5.267806267806268
4.489,8,pos,-0.0,5.267806267806268
4.489,8,sbps,-0.0,5.267806267806268
4.489,8,prculs-d,0.0,5.267806267806268
4.489,8,prcus-p,-0.0,5.267806267806268
4.489,8,prcus-i,-0.0,5.267806267806268
4.489,8,prcus-a,0.0,5.267806267806268
4.489,8,ifrms,-0.0,5.267806267806268
4.489,8,sspls-v,-0.0,5.267806267806268
4.489,9,mcgs,0.0,5.156695156695157
4.489,9,pos,-0.0,5.156695156695157
4.489,9,sbps,-0.0,5.156695156695157
4.489,9,prculs-d,-0.0,5.156695156695157
4.489,9,prcus-p,-0.0,5.156695156695157
4.489,9,prcus-i,-0.0,5.156695156695157
4.489,9,prcus-a,0.0,5.156695156695157
4.489,9,ifrms,-0.0,5.156695156695157
4.489,9,sspls-v,-0.0,5.156695156695157
4.489,10,mcgs,0.0,5.4558404558404545
4.489,10,pos,-0.0,5.4558404558404545
4.489,10,sbps,-0.0,5.4558404558404545
4.489,10,prculs-d,-0.0,5.4558404558404545
4.489,10,prcus-p,-0.0,5.4558404558404545
4.489,10,prcus-i,-0.0,5.4558404558404545
4.489,10,prcus-a,0.0,5.4558404558404545
4.489,10,ifrms,-0.0,5.4558404558404545
4.489,10,sspls-v,-0.0,5.4558404558404545
4.489,11,mcgs,0.0,5.156695156695157
4.489,11,pos,-0.0,5.156695156695157
4.489,11,sbps,-0.0,5.156695156695157
4.489,11,prculs-d,-0.0,5.156695156695157
4.489,11,prcus-p,-0.0,5.156695156695157
4.489,11,prcus-i,-0.0,5.156695156695157
4.489,11,prcus-a,0.0,5.156695156695157
4.489,11,ifrms,-0.0,5.156695156695157
4.489,11,sspls-v,-0.0,5.156695156695157
4.489,12,mcgs,0.0,5.51851851851852
4.489,12,pos,-0.0,5.51851851851852
4.489,12,sbps,-0.0,5.51851851851852
4.489,12,prculs-d,-0.0,5.51851851851852
4.489,12,prcus-p,-0.0,5.51851851851852
4.489,12,prcus-i,-0.0,5.51851851851852
4.489,12,prcus-a,0.0,5.51851851851852
4.489,12,ifrms,-0.0,5.51851851851852
4.489,12,sspls-v,-0.0,5.51851851851852
4.489,13,mcgs,0.0,5.299145299145299
4.489,13,pos,-0.0,5.299145299145299
4.489,13,sbps,-0.0,5.299145299145299
4.489,13,prculs-d,-0.0,5.299145299145299
4.489,13,prcus-p,-0.0,5.299145299145299
4.489,13,prcus-i,-0.0,5.299145299145299
4.489,13,prcus-a,0.0,5.299145299145299
4.489,13,ifrms,-0.0,5.299145299145299
4.489,13,sspls-v,-0.0,5.299145299145299
4.489,14,mcgs,0.0,5.581196581196581
4.489,14,pos,-0.0,5.581196581196581
4.489,14,sbps,-0.0,5.581196581196581
4.489,14,prculs-d,-0.0,5.581196581196581
4.489,14,prcus-p,-0.0,5.581196581196581
4.489,14,prcus-i,-0.0,5.581196581196581
4.489,14,prcus-a,0.0,5.581196581196581
4.489,14,ifrms,-0.0,5.581196581196581
4.489,14,sspls-v,-0.0,5.581196581196581
4.489,15,mcgs,0.0,5.393162393162393
4.489,15,pos,-0.0,5.393162393162393
4.489,15,sbps,-0.0,5.393162393162393
4.489,15,prculs-d,-0.0,5.393162393162393
4.489,15,prcus-p,-0.0,5.393162393162393
4.489,15,prcus-i,-0.0,5.393162393162393
4.489,15,prcus-a,0.0,5.393162393162393
4.489,15,ifrms,-0.0,5.393162393162393
4.489,15,sspls-v,-0.0,5.393162393162393
4.489,16,mcgs,0.0,5.5783475783475795
4.489,16,pos,-0.0,5.5783475783475795
4.489,16,sbps,-0.0,5.5783475783475795
4.489,16,prculs-d,-0.0,5.5783475783475795
4.489,16,prcus-p,-0.0,5.5783475783475795
4.489,16,prcus-i,-0.0,5.5783475783475795
4.489,16,prcus-a,0.0,5.5783475783475795
4.489,16,ifrms,-0.0,5.5783475783475795
4.489,16,sspls-v,-0.0,5.5783475783475795
4.489,17,mcgs,0.0,5.247863247863247
4.489,17,pos,-0.0,5.247863247863247
4.489,17,sbps,-0.0,5.247863247863247
4.489,17,prculs-d,-0.0,5.247863247863247
4.489,17,prcus-p,-0.0,5.247863247863247
4.489,17,prcus-i,-0.0,5.247863247863247
4.489,17,prcus-a,0.0,5.247863247863247
4.489,17,ifrms,-0.0,5.247863247863247
4.489,17,sspls-v,-0.0,5.247863247863247
4.489,18,mcgs,0.0,5.612535612535612
4.489,18,pos,-0.0,5.612535612535612
4.489,18,sbps,-0.0,5.612535612535612
4.489,18,prculs-d,-0.0,5.612535612535612
4.489,18,prcus-p,-0.0,5.612535612535612
4.489,18,prcus-i,-0.0,5.612535612535612
4.489,18,prcus-a,0.0,5.612535612535612
4.489,18,ifrms,-0.0,5.612535612535612
4.489,18,sspls-v,-0.0,5.612535612535612
4.489,19,mcgs,0.0,5.518518518518518
4.489,19,pos,-0.0,5.518518518518518
4.489,19,sbps,-0.0,5.518518518518518
4.489,19,prculs-d,-0.0,5.518518518518518
4.489,19,prcus-p,-0.0,5.518518518518518
4.489,19,prcus-i,-0.0,5.518518518518518
4.489,19,prcus-a,0.0,5.518518518518518
4.489,19,ifrms,-0.0,5.518518518518518
4.489,19,sspls-v,-0.0,5.518518518518518
4.489,20,mcgs,0.0,5.549857549857548
4.489,20,pos,-0.0,5.549857549857548
4.489,20,sbps,-0.0,5.549857549857548
4.489,20,prculs-d,-0.0,5.549857549857548
4.489,20,prcus-p,-0.0,5.549857549857548
4.489,20,prcus-i,-0.0,5.549857549857548
4.489,20,prcus-a,0.0,5.549857549857548
4.489,20,ifrms,-0.0,5.549857549857548
4.489,20,sspls-v,-0.0,5.549857549857548
4.489,21,mcgs,0.0,5.581196581196581
4.489,21,pos,-0.0,5.581196581196581
4.489,21,sbps,-0.0,5.581196581196581
4.489,21,prculs-d,-0.0,5.581196581196581
4.489,21,prcus-p,-0.0,5.581196581196581
4.489,21,prcus-i,-0.0,5.581196581196581
4.489,21,prcus-a,0.0,5.581196581196581
4.489,21,ifrms,-0.0,5.581196581196581
4.489,21,sspls-v,-0.0,5.581196581196581
4.489,22,mcgs,0.0,5.581196581196581
4.489,22,pos,-0.0,5.581196581196581
4.489,22,sbps,-0.0,5.581196581196581
4.489,22,prculs-d,-0.0,5.581196581196581
4.489,22,prcus-p,-0.0,5.581196581196581
4.489,22,prcus-i,-0.0,5.581196581196581
4.489,22,prcus-a,0.0,5.581196581196581
4.489,22,ifrms,-0.0,5.581196581196581
4.489,22,sspls-v,-0.0,5.581196581196581
4.489,23,mcgs,0.0,5.202279202279203
4.489,23,pos,-0.0,5.202279202279203
4.489,23,sbps,-0.0,5.202279202279203
4.489,23,prculs-d,-0.0,5.202279202279203
4.489,23,prcus-p,-0.0,5.202279202279203
4.489,23,prcus-i,-0.0,5.202279202279203
4.489,23,prcus-a,0.0,5.202279202279203
4.489,23,ifrms,-0.0,5.202279202279203
4.489,23,sspls-v,-0.0,5.202279202279203
4.489,24,mcgs,0.0,5.4245014245014245
4.489,24,pos,-0.0,5.4245014245014245
4.489,24,sbps,-0.0,5.4245014245014245
4.489,24,prculs-d,-0.0,5.4245014245014245
4.489,24,prcus-p,-0.0,5.4245014245014245
4.489,24,prcus-i,-0.0,5.4245014245014245
4.489,24,prcus-a,0.0,5.4245014245014245
4.489,24,ifrms,-0.0,5.4245014245014245
4.489,24,sspls-v,-0.0,5.4245014245014245
4.489,25,mcgs,0.0,5.247863247863247
4.489,25,pos,-0.0,5.247863247863247
4.489,25,sbps,-0.0,5.247863247863247
4.489,25,prculs-d,-0.0,5.247863247863247
4.489,25,prcus-p,-0.0,5.247863247863247
4.489,25,prcus-i,-0.0,5.247863247863247
4.489,25,prcus-a,0.0,5.247863247863247
4.489,25,ifrms,-0.0,5.247863247863247
4.489,25,sspls-v,-0.0,5.247863247863247
4.489,26,mcgs,0.0,5.581196581196581
4.489,26,pos,-0.0,5.581196581196581
4.489,26,sbps,-0.0,5.581196581196581
4.489,26,prculs-d,-0.0,5.581196581196581
4.489,26,prcus-p,-0.0,5.581196581196581
4.489,26,prcus-i,-0.0,5.581196581196581
4.489,26,prcus-a,0.0,5.581196581196581
4.489,26,ifrms,-0.0,5.581196581196581
4.489,26,sspls-v,-0.0,5.581196581196581
4.489,27,mcgs,0.0,5.384615384615386
4.489,27,pos,-0.0,5.384615384615386
4.489,27,sbps,-0.0,5.384615384615386
4.489,27,prculs-d,-0.0,5.384615384615386
4.489,27,prcus-p,-0.0,5.384615384615386
4.489,27,prcus-i,-0.0,5.384615384615386
4.489,27,prcus-a,0.0,5.384615384615386
4.489,27,ifrms,-0.0,5.384615384615386
4.489,27,sspls-v,-0.0,5.384615384615386
4.799,0,mcgs,0.0,5.487179487179486
4.799,0,pos,-0.0,5.487179487179486
4.799,0,sbps,-0.0,5.487179487179486
4.799,0,prculs-d,-0.0,5.487179487179486
4.799,0,prcus-p,-0.0,5.487179487179486
4.799,0,prcus-i,-0.0,5.487179487179486
4.799,0,prcus-a,0.0,5.487179487179486
4.799,0,ifrms,-0.0,5.487179487179486
4.799,0,sspls-v,-0.0,5.487179487179486
4.799,1,mcgs,0.0,5.4245014245014245
4.799,1,pos,-0.0,5.4245014245014245
4.799,1,sbps,-0.0,5.4245014245014245
4.799,1,prculs-d,-0.0,5.4245014245014245
4.799,1,prcus-p,-0.0,5.4245014245014245
4.799,1,prcus-i,-0.0,5.4245014245014245
4.799,1,prcus-a,0.0,5.4245014245014245
4.799,1,ifrms,-0.0,5.4245014245014245
4.799,1,sspls-v,-0.0,5.4245014245014245
4.799,2,mcgs,0.0,5.4245014245014245
4.799,2,pos,-0.0,5.4245014245014245
4.799,2,sbps,-0.0,5.4245014245014245
4.799,2,prculs-d,-0.0,5.4245014245014245
4.799,2,prcus-p,-0.0,5.4245014245014245
4.799,2,prcus-i,-0.0,5.4245014245014245
4.799,2,prcus-a,0.0,5.4245014245014245
4.799,2,ifrms,-0.0,5.4245014245014245
4.799,2,sspls-v,-0.0,5.4245014245014245
4.799,3,mcgs,0.0,5.202279202279202
4.799,3,pos,-0.0,5.202279202279202
4.799,3,sbps,-0.0,5.202279202279202
4.799,3,prculs-d,-0.0,5.202279202279202
4.799,3,prcus-p,-0.0,5.202279202279202
4.799,3,prcus-i,-0.0,5.202279202279202
4.799,3,prcus-a,0.0,5.202279202279202
4.799,3,ifrms,-0.0,5.202279202279202
4.799,3,sspls-v,-0.0,5.202279202279202
4.799,4,mcgs,0.0,5.48148148148148
4.799,4,pos,-0.0,5.48148148148148
4.799,4,sbps,-0.0,5.48148148148148
4.799,4,prculs-d,-0.0,5.48148148148148
4.799,4,prcus-p,-0.0,5.48148148148148
4.799,4,prcus-i,-0.0,5.48148148148148
4.799,4,prcus-a,0.0,5.48148148148148
4.799,4,ifrms,-0.0,5.48148148148148
4.799,4,sspls-v,-0.0,5.48148148148148
4.799,5,mcgs,0.0,5.156695156695156
4.799,5,pos,-0.0,5.156695156695156
4.799,5,sbps,-0.0,5.156695156695156
4.799,5,prculs-d,-0.0,5.156695156695156
4.799,5,prcus-p,-0.0,5.156695156695156
4.799,5,prcus-i,-0.0,5.156695156695156
4.799,5,prcus-a,0.0,5.156695156695156
4.799,5,ifrms,-0.0,5.156695156695156
4.799,5,sspls-v,-0.0,5.156695156695156
4.799,6,mcgs,0.0,5.518518518518518
4.799,6,pos,-0.0,5.518518518518518
4.799,6,sbps,-0.0,5.518518518518518
4.799,6,prculs-d,-0.0,5.518518518518518
4.799,6,prcus-p,-0.0,5.518518518518518
4.799,6,prcus-i,-0.0,5.518518518518518
4.799,6,prcus-a,0.0,5.518518518518518
4.799,6,ifrms,-0.0,5.518518518518518
4.799,6,sspls-v,-0.0,5.518518518518518
4.799,7,mcgs,0.0,5.529914529914531
4.799,7,pos,-0.0,5.529914529914531
4.799,7,sbps,-0.0,5.529914529914531
4.799,7,prculs-d,-0.0,5.529914529914531
4.799,7,prcus-p,-0.0,5.529914529914531
4.799,7,prcus-i,-0.0,5.529914529914531
4.799,7,prcus-a,0.0,5.529914529914531
4.799,7,ifrms,-0.0,5.529914529914531
4.799,7,sspls-v,-0.0,5.529914529914531
4.799,8,mcgs,0.0,5.267806267806268
4.799,8,pos,-0.0,5.267806267806268
4.799,8,sbps,-0.0,5.267806267806268
4.799,8,prculs-d,0.0,5.267806267806268
4.799,8,prcus-p,-0.0,5.267806267806268
4.799,8,prcus-i,-0.0,5.267806267806268
4.799,8,prcus-a,0.0,5.267806267806268
4.799,8,ifrms,-0.0,5.267806267806268
4.799,8,sspls-v,-0.0,5.267806267806268
4.799,9,mcgs,0.0,5.156695156695157
4.799,9,pos,-0.0,5.156695156695157
4.799,9,sbps,-0.0,5.156695156695157
4.799,9,prculs-d,-0.0,5.156695156695157
4.799,9,prcus-p,-0.0,5.156695156695157
4.799,9,prcus-i,-0.0,5.156695156695157
4.799,9,prcus-a,0.0,5.156695156695157
4.799,9,ifrms,-0.0,5.156695156695157
4.799,9,sspls-v,-0.0,5.156695156695157
4.799,10,mcgs,0.0,5.4558404558404545
4.799,10,pos,-0.0,5.4558404558404545
4.799,10,sbps,-0.0,5.4558404558404545
4.799,10,prculs-d,-0.0,5.4558404558404545
4.799,10,prcus-p,-0.0,5.4558404558404545
4.799,10,prcus-i,-0.0,5.4558404558404545
4.799,10,prcus-a,0.0,5.4558404558404545
4.799,10,ifrms,-0.0,5.4558404558404545
4.799,10,sspls-v,-0.0,5.4558404558404545
4.799,11,mcgs,0.0,5.156695156695157
4.799,11,pos,-0.0,5.156695156695157
4.799,11,sbps,-0.0,5.156695156695157
4.799,11,prculs-d,-0.0,5.156695156695157
4.799,11,prcus-p,-0.0,5.156695156695157
4.799,11,prcus-i,-0.0,5.156695156695157
4.799,11,prcus-a,0.0,5.156695156695157
4.799,11,ifrms,-0.0,5.156695156695157
4.799,11,sspls-v,-0.0,5.156695156695157
4.799,12,mcgs,0.0,5.51851851851852
4.799,12,pos,-0.0,5.51851851851852
4.799,12,sbps,-0.0,5.51851851851852
4.799,12,prculs-d,-0.0,5.51851851851852
4.799,12,prcus-p,-0.0,5.51851851851852
4.799,12,prcus-i,-0.0,5.51851851851852
4.799,12,prcus-a,0.0,5.51851851851852
4.799,12,ifrms,-0.0,5.51851851851852
4.799,12,sspls-v,-0.0,5.51851851851852
4.799,13,mcgs,0.0,5.299145299145299
4.799,13,pos,-0.0,5.299145299145299
4.799,13,sbps,-0.0,5.299145299145299
4.799,13,prculs-d,-0.0,5.299145299145299
4.799,13,prcus-p,-0.0,5.299145299145299
4.799,13,prcus-i,-0.0,5.299145299145299
4.799,13,prcus-a,0.0,5.299145299145299
4.799,13,ifrms,-0.0,5.299145299145299
4.799,13,sspls-v,-0.0,5.299145299145299
4.799,14,mcgs,0.0,5.581196581196581
4.799,14,pos,-0.0,5.581196581196581
4.799,14,sbps,-0.0,5.581196581196581
4.799,14,prculs-d,-0.0,5.581196581196581
4.799,14,prcus-p,-0.0,5.581196581196581
4.799,14,prcus-i,-0.0,5.581196581196581
4.799,14,prcus-a,0.0,5.581196581196581
4.799,14,ifrms,-0.0,5.581196581196581
4.799,14,sspls-v,-0.0,5.581196581196581
4.799,15,mcgs,0.0,5.393162393162393
4.799,15,pos,-0.0,5.393162393162393
4.799,15,sbps,-0.0,5.393162393162393
4.799,15,prculs-d,-0.0,5.393162393162393
4.799,15,prcus-p,-0.0,5.393162393162393
4.799,15,prcus-i,-0.0,5.393162393162393
4.799,15,prcus-a,0.0,5.393162393162393
4.799,15,ifrms,-0.0,5.393162393162393
4.799,15,sspls-v,-0.0,5.393162393162393
4.799,16,mcgs,0.0,5.5783475783475795
4.799,16,pos,-0.0,5.5783475783475795
4.799,16,sbps,-0.0,5.5783475783475795
4.799,16,prculs-d,-0.0,5.5783475783475795
4.799,16,prcus-p,-0.0,5.5783475783475795
4.799,16,prcus-i,-0.0,5.5783475783475795
4.799,16,prcus-a,0.0,5.5783475783475795
4.799,16,ifrms,-0.0,5.5783475783475795
4.799,16,sspls-v,-0.0,5.5783475783475795
4.799,17,mcgs,0.0,5.247863247863247
4.799,17,pos,-0.0,5.247863247863247
4.799,17,sbps,-0.0,5.247863247863247
4.799,17,prculs-d,-0.0,5.247863247863247
4.799,17,prcus-p,-0.0,5.247863247863247
4.799,17,prcus-i,-0.0,5.247863247863247
4.799,17,prcus-a,0.0,5.247863247863247
4.799,17,ifrms,-0.0,5.247863247863247
4.799,17,sspls-v,-0.0,5.247863247863247
4.799,18,mcgs,0.0,5.612535612535612
4.799,18,pos,-0.0,5.612535612535612
4.799,18,sbps,-0.0,5.612535612535612
4.799,18,prculs-d,-0.0,5.612535612535612
4.799,18,prcus-p,-0.0,5.612535612535612
4.799,18,prcus-i,-0.0,5.612535612535612
4.799,18,prcus-a,0.0,5.612535612535612
4.799,18,ifrms,-0.0,5.612535612535612
4.799,18,sspls-v,-0.0,5.612535612535612
4.799,19,mcgs,0.0,5.518518518518518
4.799,19,pos,-0.0,5.518518518518518
4.799,19,sbps,-0.0,5.518518518518518
4.799,19,prculs-d,-0.0,5.518518518518518
4.799,19,prcus-p,-0.0,5.518518518518518
4.799,19,prcus-i,-0.0,5.518518518518518
4.799,19,prcus-a,0.0,5.518518518518518
4.799,19,ifrms,-0.0,5.518518518518518
4.799,19,sspls-v,-0.0,5.518518518518518
4.799,20,mcgs,0.0,5.549857549857548
4.799,20,pos,-0.0,5.549857549857548
4.799,20,sbps,-0.0,5.549857549857548
4.799,20,prculs-d,-0.0,5.549857549857548
4.799,20,prcus-p,-0.0,5.549857549857548
4.799,20,prcus-i,-0.0,5.549857549857548
4.799,20,prcus-a,0.0,5.549857549857548
4.799,20,ifrms,-0.0,5.549857549857548
4.799,20,sspls-v,-0.0,5.549857549857548
4.799,21,mcgs,0.0,5.581196581196581
4.799,21,pos,-0.0,5.581196581196581
4.799,21,sbps,-0.0,5.581196581196581
4.799,21,prculs-d,-0.0,5.581196581196581
4.799,21,prcus-p,-0.0,5.581196581196581
4.799,21,prcus-i,-0.0,5.581196581196581
4.799,21,prcus-a,0.0,5.581196581196581
4.799,21,ifrms,-0.0,5.581196581196581
4.799,21,sspls-v,-0.0,5.581196581196581
4.799,22,mcgs,0.0,5.581196581196581
4.799,22,pos,-0.0,5.581196581196581
4.799,22,sbps,-0.0,5.581196581196581
4.799,22,prculs-d,-0.0,5.581196581196581
4.799,22,prcus-p,-0.0,5.581196581196581
4.799,22,prcus-i,-0.0,5.581196581196581
4.799,22,prcus-a,0.0,5.581196581196581
4.799,22,ifrms,-0.0,5.581196581196581
4.799,22,sspls-v,-0.0,5.581196581196581
4.799,23,mcgs,0.0,5.202279202279203
4.799,23,pos,-0.0,5.202279202279203
4.799,23,sbps,-0.0,5.202279202279203
4.799,23,prculs-d,-0.0,5.202279202279203
4.799,23,prcus-p,-0.0,5.202279202279203
4.799,23,prcus-i,-0.0,5.202279202279203
4.799,23,prcus-a,0.0,5.202279202279203
4.799,23,ifrms,-0.0,5.202279202279203
4.799,23,sspls-v,-0.0,5.202279202279203
4.799,24,mcgs,0.0,5.4245014245014245
4.799,24,pos,-0.0,5.4245014245014245
4.799,24,sbps,-0.0,5.4245014245014245
4.799,24,prculs-d,-0.0,5.4245014245014245
4.799,24,prcus-p,-0.0,5.4245014245014245
4.799,24,prcus-i,-0.0,5.4245014245014245
4.799,24,prcus-a,0.0,5.4245014245014245
4.799,24,ifrms,-0.0,5.4245014245014245
4.799,24,sspls-v,-0.0,5.4245014245014245
4.799,25,mcgs,0.0,5.247863247863247
4.799,25,pos,-0.0,5.247863247863247
4.799,25,sbps,-0.0,5.247863247863247
4.799,25,prculs-d,-0.0,5.247863247863247
4.799,25,prcus-p,-0.0,5.247863247863247
4.799,25,prcus-i,-0.0,5.247863247863247
4.799,25,prcus-a,0.0,5.247863247863247
4.799,25,ifrms,-0.0,5.247863247863247
4.799,25,sspls-v,-0.0,5.247863247863247
4.799,26,mcgs,0.0,5.581196581196581
4.799,26,pos,-0.0,5.581196581196581
4.799,26,sbps,-0.0,5.581196581196581
4.799,26,prculs-d,-0.0,5.581196581196581
4.799,26,prcus-p,-0.0,5.581196581196581
4.799,26,prcus-i,-0.0,5.581196581196581
4.799,26,prcus-a,0.0,5.581196581196581
4.799,26,ifrms,-0.0,5.581196581196581
4.799,26,sspls-v,-0.0,5.581196581196581
4.799,27,mcgs,0.0,5.384615384615386
4.799,27,pos,-0.0,5.384615384615386
4.799,27,sbps,-0.0,5.384615384615386
4.799,27,prculs-d,-0.0,5.384615384615386
4.799,27,prcus-p,-0.0,5.384615384615386
4.799,27,prcus-i,-0.0,5.384615384615386
4.799,27,prcus-a,0.0,5.384615384615386
4.799,27,ifrms,-0.0,5.384615384615386
4.799,27,sspls-v,-0.0,5.384615384615386
5.13,0,mcgs,0.0,5.487179487179486
5.13,0,pos,-0.0,5.487179487179486
5.13,0,sbps,-0.0,5.487179487179486
5.13,0,prculs-d,-0.0,5.487179487179486
5.13,0,prcus-p,-0.0,5.487179487179486
5.13,0,prcus-i,-0.0,5.487179487179486
5.13,0,prcus-a,0.0,5.487179487179486
5.13,0,ifrms,-0.0,5.487179487179486
5.13,0,sspls-v,-0.0,5.487179487179486
5.13,1,mcgs,0.0,5.4245014245014245
5.13,1,pos,-0.0,5.4245014245014245
5.13,1,sbps,-0.0,5.4245014245014245
5.13,1,prculs-d,-0.0,5.4245014245014245
5.13,1,prcus-p,-0.0,5.4245014245014245
5.13,1,prcus-i,-0.0,5.4245014245014245
5.13,1,prcus-a,0.0,5.4245014245014245
5.13,1,ifrms,-0.0,5.4245014245014245
5.13,1,sspls-v,-0.0,5.4245014245014245
5.13,2,mcgs,0.0,5.4245014245014245
5.13,2,pos,-0.0,5.4245014245014245
5.13,2,sbps,-0.0,5.4245014245014245
5.13,2,prculs-d,-0.0,5.4245014245014245
5.13,2,prcus-p,-0.0,5.4245014245014245
5.13,2,prcus-i,-0.0,5.4245014245014245
5.13,2,prcus-a,0.0,5.4245014245014245
5.13,2,ifrms,-0.0,5.4245014245014245
5.13,2,sspls-v,-0.0,5.4245014245014245
5.13,3,mcgs,0.0,5.202279202279202
5.13,3,pos,-0.0,5.202279202279202
5.13,3,sbps,-0.0,5.202279202279202
5.13,3,prculs-d,-0.0,5.202279202279202
5.13,3,prcus-p,-0.0,5.202279202279202
5.13,3,prcus-i,-0.0,5.202279202279202
5.13,3,prcus-a,0.0,5.202279202279202
5.13,3,ifrms,-0.0,5.202279202279202
5.13,3,sspls-v,-0.0,5.202279202279202
5.13,4,mcgs,0.0,5.48148148148148
5.13,4,pos,-0.0,5.48148148148148
5.13,4,sbps,-0.0,5.48148148148148
5.13,4,prculs-d,-0.0,5.48148148148148
5.13,4,prcus-p,-0.0,5.48148148148148
5.13,4,prcus-i,-0.0,5.48148148148148
5.13,4,prcus-a,0.0,5.48148148148148
5.13,4,ifrms,-0.0,5.48148148148148
5.13,4,sspls-v,-0.0,5.48148148148148
5.13,5,mcgs,0.0,5.156695156695156
5.13,5,pos,-0.0,5.156695156695156
5.13,5,sbps,-0.0,5.156695156695156
5.13,5,prculs-d,-0.0,5.156695156695156
5.13,5,prcus-p,-0.0,5.156695156695156
5.13,5,prcus-i,-0.0,5.156695156695156
5.13,5,prcus-a,0.0,5.156695156695156
5.13,5,ifrms,-0.0,5.156695156695156
5.13,5,sspls-v,-0.0,5.156695156695156
5.13,6,mcgs,0.0,5.518518518518518
5.13,6,pos,-0.0,5.518518518518518
5.13,6,sbps,-0.0,5.518518518518518
5.13,6,prculs-d,-0.0,5.518518518518518
5.13,6,prcus-p,-0.0,5.518518518518518
5.13,6,prcus-i,-0.0,5.518518518518518
5.13,6,prcus-a,0.0,5.518518518518518
5.13,6,ifrms,-0.0,5.518518518518518
5.13,6,sspls-v,-0.0,5.518518518518518
5.13,7,mcgs,0.0,5.529914529914531
5.13,7,pos,-0.0,5.529914529914531
5.13,7,sbps,-0.0,5.529914529914531
5.13,7,prculs-d,-0.0,5.529914529914531
5.13,7,prcus-p,-0.0,5.529914529914531
5.13,7,prcus-i,-0.0,5.529914529914531
5.13,7,prcus-a,0.0,5.529914529914531
5.13,7,ifrms,-0.0,5.529914529914531
5.13,7,sspls-v,-0.0,5.529914529914531
5.13,8,mcgs,0.0,5.267806267806268
5.13,8,pos,-0.0,5.267806267806268
5.13,8,sbps,-0.0,5.267806267806268
5.13,8,prculs-d,0.0,5.267806267806268
5.13,8,prcus-p,-0.0,5.267806267806268
5.13,8,prcus-i,-0.0,5.267806267806268
5.13,8,prcus-a,0.0,5.267806267806268
5.13,8,ifrms,-0.0,5.267806267806268
5.13,8,sspls-v,-0.0,5.267806267806268
5.13,9,mcgs,0.0,5.156695156695157
5.13,9,pos,-0.0,5.156695156695157
5.13,9,sbps,-0.0,5.156695156695157
5.13,9,prculs-d,-0.0,5.156695156695157
5.13,9,prcus-p,-0.0,5.156695156695157
5.13,9,prcus-i,-0.0,5.156695156695157
5.13,9,prcus-a,0.0,5.156695156695157
5.13,9,ifrms,-0.0,5.156695156695157
5.13,9,sspls-v,-0.0,5.156695156695157
5.13,10,mcgs,0.0,5.4558404558404545
5.13,10,pos,-0.0,5.4558404558404545
5.13,10,sbps,-0.0,5.4558404558404545
5.13,10,prculs-d,-0.0,5.4558404558404545
5.13,10,prcus-p,-0.0,5.4558404558404545
5.13,10,prcus-i,-0.0,5.4558404558404545
5.13,10,prcus-a,0.0,5.4558404558404545
5.13,10,ifrms,-0.0,5.4558404558404545
5.13,10,sspls-v,-0.0,5.4558404558404545
5.13,11,mcgs,0.0,5.156695156695157
5.13,11,pos,-0.0,5.156695156695157
5.13,11,sbps,-0.0,5.156695156695157
5.13,11,prculs-d,-0.0,5.156695156695157
5.13,11,prcus-p,-0.0,5.156695156695157
5.13,11,prcus-i,-0.0,5.156695156695157
5.13,11,prcus-a,0.0,5.156695156695157
5.13,11,ifrms,-0.0,5.156695156695157
5.13,11,sspls-v,-0.0,5.156695156695157
5.13,12,mcgs,0.0,5.51851851851852
5.13,12,pos,-0.0,5.51851851851852
5.13,12,sbps,-0.0,5.51851851851852
5.13,12,prculs-d,-0.0,5.51851851851852
5.13,12,prcus-p,-0.0,5.51851851851852
5.13,12,prcus-i,-0.0,5.51851851851852
5.13,12,prcus-a,0.0,5.51851851851852
5.13,12,ifrms,-0.0,5.51851851851852
5.13,12,sspls-v,-0.0,5.51851851851852
5.13,13,mcgs,0.0,5.299145299145299
5.13,13,pos,-0.0,5.299145299145299
5.13,13,sbps,-0.0,5.299145299145299
5.13,13,prculs-d,-0.0,5.299145299145299
5.13,13,prcus-p,-0.0,5.299145299145299
5.13,13,prcus-i,-0.0,5.299145299145299
5.13,13,prcus-a,0.0,5.299145299145299
5.13,13,ifrms,-0.0,5.299145299145299
5.13,13,sspls-v,-0.0,5.299145299145299
5.13,14,mcgs,0.0,5.581196581196581
5.13,14,pos,-0.0,5.581196581196581
5.13,14,sbps,-0.0,5.581196581196581
5.13,14,prculs-d,-0.0,5.581196581196581
5.13,14,prcus-p,-0.0,5.581196581196581
5.13,14,prcus-i,-0.0,5.581196581196581
5.13,14,prcus-a,0.0,5.581196581196581
5.13,14,ifrms,-0.0,5.581196581196581
5.13,14,sspls-v,-0.0,5.581196581196581
5.13,15,mcgs,0.0,5.393162393162393
5.13,15,pos,-0.0,5.393162393162393
5.13,15,sbps,-0.0,5.393162393162393
5.13,15,prculs-d,-0.0,5.393162393162393
5.13,15,prcus-p,-0.0,5.393162393162393
5.13,15,prcus-i,-0.0,5.393162393162393
5.13,15,prcus-a,0.0,5.393162393162393
5.13,15,ifrms,-0.0,5.393162393162393
5.13,15,sspls-v,-0.0,5.393162393162393
5.13,16,mcgs,0.0,5.5783475783475795
5.13,16,pos,-0.0,5.5783475783475795
5.13,16,sbps,-0.0,5.5783475783475795
5.13,16,prculs-d,-0.0,5.5783475783475795
5.13,16,prcus-p,-0.0,5.5783475783475795
5.13,16,prcus-i,-0.0,5.5783475783475795
5.13,16,prcus-a,0.0,5.5783475783475795
5.13,16,ifrms,-0.0,5.5783475783475795
5.13,16,sspls-v,-0.0,5.5783475783475795
5.13,17,mcgs,0.0,5.247863247863247
5.13,17,pos,-0.0,5.247863247863247
5.13,17,sbps,-0.0,5.247863247863247
5.13,17,prculs-d,-0.0,5.247863247863247
5.13,17,prcus-p,-0.0,5.247863247863247
5.13,17,prcus-i,-0.0,5.247863247863247
5.13,17,prcus-a,0.0,5.247863247863247
5.13,17,ifrms,-0.0,5.247863247863247
5.13,17,sspls-v,-0.0,5.247863247863247
5.13,18,mcgs,0.0,5.612535612535612
5.13,18,pos,-0.0,5.612535612535612
5.13,18,sbps,-0.0,5.612535612535612
5.13,18,prculs-d,-0.0,5.612535612535612
5.13,18,prcus-p,-0.0,5.612535612535612
5.13,18,prcus-i,-0.0,5.612535612535612
5.13,18,prcus-a,0.0,5.612535612535612
5.13,18,ifrms,-0.0,5.612535612535612
5.13,18,sspls-v,-0.0,5.612535612535612
5.13,19,mcgs,0.0,5.518518518518518
5.13,19,pos,-0.0,5.518518518518518
5.13,19,sbps,-0.0,5.518518518518518
5.13,19,prculs-d,-0.0,5.518518518518518
5.13,19,prcus-p,-0.0,5.518518518518518
5.13,19,prcus-i,-0.0,5.518518518518518
5.13,19,prcus-a,0.0,5.518518518518518
5.13,19,ifrms,-0.0,5.518518518518518
5.13,19,sspls-v,-0.0,5.518518518518518
5.13,20,mcgs,0.0,5.549857549857548
5.13,20,pos,-0.0,5.549857549857548
5.13,20,sbps,-0.0,5.549857549857548
5.13,20,prculs-d,-0.0,5.549857549857548
5.13,20,prcus-p,-0.0,5.549857549857548
5.13,20,prcus-i,-0.0,5.549857549857548
5.13,20,prcus-a,0.0,5.549857549857548
5.13,20,ifrms,-0.0,5.549857549857548
5.13,20,sspls-v,-0.0,5.549857549857548
5.13,21,mcgs,0.0,5.581196581196581
5.13,21,pos,-0.0,5.581196581196581
5.13,21,sbps,-0.0,5.581196581196581
5.13,21,prculs-d,-0.0,5.581196581196581
5.13,21,prcus-p,-0.0,5.581196581196581
5.13,21,prcus-i,-0.0,5.581196581196581
5.13,21,prcus-a,0.0,5.581196581196581
5.13,21,ifrms,-0.0,5.581196581196581
5.13,21,sspls-v,-0.0,5.581196581196581
5.13,22,mcgs,0.0,5.581196581196581
5.13,22,pos,-0.0,5.581196581196581
5.13,22,sbps,-0.0,5.581196581196581
5.13,22,prculs-d,-0.0,5.581196581196581
5.13,22,prcus-p,-0.0,5.581196581196581
5.13,22,prcus-i,-0.0,5.581196581196581
5.13,22,prcus-a,0.0,5.581196581196581
5.13,22,ifrms,-0.0,5.581196581196581
5.13,22,sspls-v,-0.0,5.581196581196581
5.13,23,mcgs,0.0,5.202279202279203
5.13,23,pos,-0.0,5.202279202279203
5.13,23,sbps,-0.0,5.202279202279203
5.13,23,prculs-d,-0.0,5.202279202279203
5.13,23,prcus-p,-0.0,5.202279202279203
5.13,23,prcus-i,-0.0,5.202279202279203
5.13,23,prcus-a,0.0,5.202279202279203
5.13,23,ifrms,-0.0,5.202279202279203
5.13,23,sspls-v,-0.0,5.202279202279203
5.13,24,mcgs,0.0,5.4245014245014245
5.13,24,pos,-0.0,5.4245014245014245
5.13,24,sbps,-0.0,5.4245014245014245
5.13,24,prculs-d,-0.0,5.4245014245014245
5.13,24,prcus-p,-0.0,5.4245014245014245
5.13,24,prcus-i,-0.0,5.4245014245014245
5.13,24,prcus-a,0.0,5.4245014245014245
5.13,24,ifrms,-0.0,5.4245014245014245
5.13,24,sspls-v,-0.0,5.4245014245014245
5.13,25,mcgs,0.0,5.247863247863247
5.13,25,pos,-0.0,5.247863247863247
5.13,25,sbps,-0.0,5.247863247863247
5.13,25,prculs-d,-0.0,5.247863247863247
5.13,25,prcus-p,-0.0,5.247863247863247
5.13,25,prcus-i,-0.0,5.247863247863247
5.13,25,prcus-a,0.0,5.247863247863247
5.13,25,ifrms,-0.0,5.247863247863247
5.13,25,sspls-v,-0.0,5.247863247863247
5.13,26,mcgs,0.0,5.581196581196581
5.13,26,pos,-0.0,5.581196581196581
5.13,26,sbps,-0.0,5.581196581196581
5.13,26,prculs-d,-0.0,5.581196581196581
5.13,26,prcus-p,-0.0,5.581196581196581
5.13,26,prcus-i,-0.0,5.581196581196581
5.13,26,prcus-a,0.0,5.581196581196581
5.13,26,ifrms,-0.0,5.581196581196581
5.13,26,sspls-v,-0.0,5.581196581196581
5.13,27,mcgs,0.0,5.384615384615386
5.13,27,pos,-0.0,5.384615384615386
5.13,27,sbps,-0.0,5.384615384615386
5.13,27,prculs-d,-0.0,5.384615384615386
5.13,27,prcus-p,-0.0,5.384615384615386
5.13,27,prcus-i,-0.0,5.384615384615386
5.13,27,prcus-a,0.0,5.384615384615386
5.13,27,ifrms,-0.0,5.384615384615386
5.13,27,sspls-v,-0.0,5.384615384615386
5.484,0,mcgs,0.0,5.487179487179486
5.484,0,pos,-0.0,5.487179487179486
5.484,0,sbps,-0.0,5.487179487179486
5.484,0,prculs-d,-0.0,5.487179487179486
5.484,0,prcus-p,-0.0,5.487179487179486
5.484,0,prcus-i,-0.0,5.487179487179486
5.484,0,prcus-a,0.0,5.487179487179486
5.484,0,ifrms,-0.0,5.487179487179486
5.484,0,sspls-v,-0.0,5.487179487179486
5.484,1,mcgs,0.0,5.4245014245014245
5.484,1,pos,-0.0,5.4245014245014245
5.484,1,sbps,-0.0,5.4245014245014245
5.484,1,prculs-d,-0.0,5.4245014245014245
5.484,1,prcus-p,-0.0,5.4245014245014245
5.484,1,prcus-i,-0.0,5.4245014245014245
5.484,1,prcus-a,0.0,5.4245014245014245
5.484,1,ifrms,-0.0,5.4245014245014245
5.484,1,sspls-v,-0.0,5.4245014245014245
5.484,2,mcgs,0.0,5.4245014245014245
5.484,2,pos,-0.0,5.4245014245014245
5.484,2,sbps,-0.0,5.4245014245014245
5.484,2,prculs-d,-0.0,5.4245014245014245
5.484,2,prcus-p,-0.0,5.4245014245014245
5.484,2,prcus-i,-0.0,5.4245014245014245
5.484,2,prcus-a,0.0,5.4245014245014245
5.484,2,ifrms,-0.0,5.4245014245014245
5.484,2,sspls-v,-0.0,5.4245014245014245
5.484,3,mcgs,0.0,5.202279202279202
5.484,3,pos,-0.0,5.202279202279202
5.484,3,sbps,-0.0,5.202279202279202
5.484,3,prculs-d,-0.0,5.202279202279202
5.484,3,prcus-p,-0.0,5.202279202279202
5.484,3,prcus-i,-0.0,5.202279202279202
5.484,3,prcus-a,0.0,5.202279202279202
5.484,3,ifrms,-0.0,5.202279202279202
5.484,3,sspls-v,-0.0,5.202279202279202
5.484,4,mcgs,0.0,5.48148148148148
5.484,4,pos,-0.0,5.48148148148148
5.484,4,sbps,-0.0,5.48148148148148
5.484,4,prculs-d,-0.0,5.48148148148148
5.484,4,prcus-p,-0.0,5.48148148148148
5.484,4,prcus-i,-0.0,5.48148148148148
5.484,4,prcus-a,0.0,5.48148148148148
5.484,4,ifrms,-0.0,5.48148148148148
5.484,4,sspls-v,-0.0,5.48148148148148
5.484,5,mcgs,0.0,5.156695156695156
5.484,5,pos,-0.0,5.156695156695156
5.484,5,sbps,-0.0,5.156695156695156
5.484,5,prculs-d,-0.0,5.156695156695156
5.484,5,prcus-p,-0.0,5.156695156695156
5.484,5,prcus-i,-0.0,5.156695156695156
5.484,5,prcus-a,0.0,5.156695156695156
5.484,5,ifrms,-0.0,5.156695156695156
5.484,5,sspls-v,-0.0,5.156695156695156
5.484,6,mcgs,0.0,5.518518518518518
5.484,6,pos,-0.0,5.518518518518518
5.484,6,sbps,-0.0,5.518518518518518
5.484,6,prculs-d,-0.0,5.518518518518518
5.484,6,prcus-p,-0.0,5.518518518518518
5.484,6,prcus-i,-0.0,5.518518518518518
5.484,6,prcus-a,0.0,5.518518518518518
5.484,6,ifrms,-0.0,5.518518518518518
5.484,6,sspls-v,-0.0,5.518518518518518
5.484,7,mcgs,0.0,5.529914529914531
5.484,7,pos,-0.0,5.529914529914531
5.484,7,sbps,-0.0,5.529914529914531
5.484,7,prculs-d,-0.0,5.529914529914531
5.484,7,prcus-p,-0.0,5.529914529914531
5.484,7,prcus-i,-0.0,5.529914529914531
5.484,7,prcus-a,0.0,5.529914529914531
5.484,7,ifrms,-0.0,5.529914529914531
5.484,7,sspls-v,-0.0,5.529914529914531
5.484,8,mcgs,0.0,5.267806267806268
5.484,8,pos,-0.0,5.267806267806268
5.484,8,sbps,-0.0,5.267806267806268
5.484,8,prculs-d,0.0,5.267806267806268
5.484,8,prcus-p,-0.0,5.267806267806268
5.484,8,prcus-i,-0.0,5.267806267806268
5.484,8,prcus-a,0.0,5.267806267806268
5.484,8,ifrms,-0.0,5.267806267806268
5.484,8,sspls-v,-0.0,5.267806267806268
5.484,9,mcgs,0.0,5.156695156695157
5.484,9,pos,-0.0,5.156695156695157
5.484,9,sbps,-0.0,5.156695156695157
5.484,9,prculs-d,-0.0,5.156695156695157
5.484,9,prcus-p,-0.0,5.156695156695157
5.484,9,prcus-i,-0.0,5.156695156695157
5.484,9,prcus-a,0.0,5.156695156695157
5.484,9,ifrms,-0.0,5.156695156695157
5.484,9,sspls-v,-0.0,5.156695156695157
5.484,10,mcgs,0.0,5.4558404558404545
5.484,10,pos,-0.0,5.4558404558404545
5.484,10,sbps,-0.0,5.4558404558404545
5.484,10,prculs-d,-0.0,5.4558404558404545
5.484,10,prcus-p,-0.0,5.4558404558404545
5.484,10,prcus-i,-0.0,5.4558404558404545
5.484,10,prcus-a,0.0,5.4558404558404545
5.484,10,ifrms,-0.0,5.4558404558404545
5.484,10,sspls-v,-0.0,5.4558404558404545
5.484,11,mcgs,0.0,5.156695156695157
5.484,11,pos,-0.0,5.156695156695157
5.484,11,sbps,-0.0,5.156695156695157
5.484,11,prculs-d,-0.0,5.156695156695157
5.484,11,prcus-p,-0.0,5.156695156695157
5.484,11,prcus-i,-0.0,5.156695156695157
5.484,11,prcus-a,0.0,5.156695156695157
5.484,11,ifrms,-0.0,5.156695156695157
5.484,11,sspls-v,-0.0,5.156695156695157
5.484,12,mcgs,0.0,5.51851851851852
5.484,12,pos,-0.0,5.51851851851852
5.484,12,sbps,-0.0,5.51851851851852
5.484,12,prculs-d,-0.0,5.51851851851852
5.484,12,prcus-p,-0.0,5.51851851851852
5.484,12,prcus-i,-0.0,5.51851851851852
5.484,12,prcus-a,0.0,5.51851851851852
5.484,12,ifrms,-0.0,5.51851851851852
5.484,12,sspls-v,-0.0,5.51851851851852
5.484,13,mcgs,0.0,5.299145299145299
5.484,13,pos,-0.0,5.299145299145299
5.484,13,sbps,-0.0,5.299145299145299
5.484,13,prculs-d,-0.0,5.299145299145299
5.484,13,prcus-p,-0.0,5.299145299145299
5.484,13,prcus-i,-0.0,5.299145299145299
5.484,13,prcus-a,0.0,5.299145299145299
5.484,13,ifrms,-0.0,5.299145299145299
5.484,13,sspls-v,-0.0,5.299145299145299
5.484,14,mcgs,0.0,5.581196581196581
5.484,14,pos,-0.0,5.581196581196581
5.484,14,sbps,-0.0,5.581196581196581
5.484,14,prculs-d,-0.0,5.581196581196581
5.484,14,prcus-p,-0.0,5.581196581196581
5.484,14,prcus-i,-0.0,5.581196581196581
5.484,14,prcus-a,0.0,5.581196581196581
5.484,14,ifrms,-0.0,5.581196581196581
5.484,14,sspls-v,-0.0,5.581196581196581
5.484,15,mcgs,0.0,5.393162393162393
5.484,15,pos,-0.0,5.393162393162393
5.484,15,sbps,-0.0,5.393162393162393
5.484,15,prculs-d,-0.0,5.393162393162393
5.484,15,prcus-p,-0.0,5.393162393162393
5.484,15,prcus-i,-0.0,5.393162393162393
5.484,15,prcus-a,0.0,5.393162393162393
5.484,15,ifrms,-0.0,5.393162393162393
5.484,15,sspls-v,-0.0,5.393162393162393
5.484,16,mcgs,0.0,5.5783475783475795
5.484,16,pos,-0.0,5.5783475783475795
5.484,16,sbps,-0.0,5.5783475783475795
5.484,16,prculs-d,-0.0,5.5783475783475795
5.484,16,prcus-p,-0.0,5.5783475783475795
5.484,16,prcus-i,-0.0,5.5783475783475795
5.484,16,prcus-a,0.0,5.5783475783475795
5.484,16,ifrms,-0.0,5.5783475783475795
5.484,16,sspls-v,-0.0,5.5783475783475795
5.484,17,mcgs,0.0,5.247863247863247
5.484,17,pos,-0.0,5.247863247863247
5.484,17,sbps,-0.0,5.247863247863247
5.484,17,prculs-d,-0.0,5.247863247863247
5.484,17,prcus-p,-0.0,5.247863247863247
5.484,17,prcus-i,-0.0,5.247863247863247
5.484,17,prcus-a,0.0,5.247863247863247
5.484,17,ifrms,-0.0,5.247863247863247
5.484,17,sspls-v,-0.0,5.247863247863247
5.484,18,mcgs,0.0,5.612535612535612
5.484,18,pos,-0.0,5.612535612535612
5.484,18,sbps,-0.0,5.612535612535612
5.484,18,prculs-d,-0.0,5.612535612535612
5.484,18,prcus-p,-0.0,5.612535612535612
5.484,18,prcus-i,-0.0,5.612535612535612
5.484,18,prcus-a,0.0,5.612535612535612
5.484,18,ifrms,-0.0,5.612535612535612
5.484,18,sspls-v,-0.0,5.612535612535612
5.484,19,mcgs,0.0,5.518518518518518
5.484,19,pos,-0.0,5.518518518518518
5.484,19,sbps,-0.0,5.518518518518518
5.484,19,prculs-d,-0.0,5.518518518518518
5.484,19,prcus-p,-0.0,5.518518518518518
5.484,19,prcus-i,-0.0,5.518518518518518
5.484,19,prcus-a,0.0,5.518518518518518
5.484,19,ifrms,-0.0,5.518518518518518
5.484,19,sspls-v,-0.0,5.518518518518518
5.484,20,mcgs,0.0,5.549857549857548
5.484,20,pos,-0.0,5.549857549857548
5.484,20,sbps,-0.0,5.549857549857548
5.484,20,prculs-d,-0.0,5.549857549857548
5.484,20,prcus-p,-0.0,5.549857549857548
5.484,20,prcus-i,-0.0,5.549857549857548
5.484,20,prcus-a,0.0,5.549857549857548
5.484,20,ifrms,-0.0,5.549857549857548
5.484,20,sspls-v,-0.0,5.549857549857548
5.484,21,mcgs,0.0,5.581196581196581
5.484,21,pos,-0.0,5.581196581196581
5.484,21,sbps,-0.0,5.581196581196581
5.484,21,prculs-d,-0.0,5.581196581196581
5.484,21,prcus-p,-0.0,5.581196581196581
5.484,21,prcus-i,-0.0,5.581196581196581
5.484,21,prcus-a,0.0,5.581196581196581
5.484,21,ifrms,-0.0,5.581196581196581
5.484,21,sspls-v,-0.0,5.581196581196581
5.484,22,mcgs,0.0,5.581196581196581
5.484,22,pos,-0.0,5.581196581196581
5.484,22,sbps,-0.0,5.581196581196581
5.484,22,prculs-d,-0.0,5.581196581196581
5.484,22,prcus-p,-0.0,5.581196581196581
5.484,22,prcus-i,-0.0,5.581196581196581
5.484,22,prcus-a,0.0,5.581196581196581
5.484,22,ifrms,-0.0,5.581196581196581
5.484,22,sspls-v,-0.0,5.581196581196581
5.484,23,mcgs,0.0,5.202279202279203
5.484,23,pos,-0.0,5.202279202279203
5.484,23,sbps,-0.0,5.202279202279203
5.484,23,prculs-d,-0.0,5.202279202279203
5.484,23,prcus-p,-0.0,5.202279202279203
5.484,23,prcus-i,-0.0,5.202279202279203
5.484,23,prcus-a,0.0,5.202279202279203
5.484,23,ifrms,-0.0,5.202279202279203
5.484,23,sspls-v,-0.0,5.202279202279203
5.484,24,mcgs,0.0,5.4245014245014245
5.484,24,pos,-0.0,5.4245014245014245
5.484,24,sbps,-0.0,5.4245014245014245
5.484,24,prculs-d,-0.0,5.4245014245014245
5.484,24,prcus-p,-0.0,5.4245014245014245
5.484,24,prcus-i,-0.0,5.4245014245014245
5.484,24,prcus-a,0.0,5.4245014245014245
5.484,24,ifrms,-0.0,5.4245014245014245
5.484,24,sspls-v,-0.0,5.4245014245014245
5.484,25,mcgs,0.0,5.247863247863247
5.484,25,pos,-0.0,5.247863247863247
5.484,25,sbps,-0.0,5.247863247863247
5.484,25,prculs-d,-0.0,5.247863247863247
5.484,25,prcus-p,-0.0,5.247863247863247
5.484,25,prcus-i,-0.0,5.247863247863247
5.484,25,prcus-a,0.0,5.247863247863247
5.484,25,ifrms,-0.0,5.247863247863247
5.484,25,sspls-v,-0.0,5.247863247863247
5.484,26,mcgs,0.0,5.581196581196581
5.484,26,pos,-0.0,5.581196581196581
5.484,26,sbps,-0.0,5.581196581196581
5.484,26,prculs-d,-0.0,5.581196581196581
5.484,26,prcus-p,-0.0,5.581196581196581
5.484,26,prcus-i,-0.0,5.581196581196581
5.484,26,prcus-a,0.0,5.581196581196581
5.484,26,ifrms,-0.0,5.581196581196581
5.484,26,sspls-v,-0.0,5.581196581196581
5.484,27,mcgs,0.0,5.384615384615386
5.484,27,pos,-0.0,5.384615384615386
5.484,27,sbps,-0.0,5.384615384615386
5.484,27,prculs-d,-0.0,5.384615384615386
5.484,27,prcus-p,-0.0,5.384615384615386
5.484,27,prcus-i,-0.0,5.384615384615386
5.484,27,prcus-a,0.0,5.384615384615386
5.484,27,ifrms,-0.0,5.384615384615386
5.484,27,sspls-v,-0.0,5.384615384615386
5.863,0,mcgs,0.0,5.487179487179486
5.863,0,pos,-0.0,5.487179487179486
5.863,0,sbps,-0.0,5.487179487179486
5.863,0,prculs-d,-0.0,5.487179487179486
5.863,0,prcus-p,-0.0,5.487179487179486
5.863,0,prcus-i,-0.0,5.487179487179486
5.863,0,prcus-a,0.0,5.487179487179486
5.863,0,ifrms,-0.0,5.487179487179486
5.863,0,sspls-v,-0.0,5.487179487179486
5.863,1,mcgs,0.0,5.4245014245014245
5.863,1,pos,-0.0,5.4245014245014245
5.863,1,sbps,-0.0,5.4245014245014245
5.863,1,prculs-d,-0.0,5.4245014245014245
5.863,1,prcus-p,-0.0,5.4245014245014245
5.863,1,prcus-i,-0.0,5.4245014245014245
5.863,1,prcus-a,0.0,5.4245014245014245
5.863,1,ifrms,-0.0,5.4245014245014245
5.863,1,sspls-v,-0.0,5.4245014245014245
5.863,2,mcgs,0.0,5.4245014245014245
5.863,2,pos,-0.0,5.4245014245014245
5.863,2,sbps,-0.0,5.4245014245014245
5.863,2,prculs-d,-0.0,5.4245014245014245
5.863,2,prcus-p,-0.0,5.4245014245014245
5.863,2,prcus-i,-0.0,5.4245014245014245
5.863,2,prcus-a,0.0,5.4245014245014245
5.863,2,ifrms,-0.0,5.4245014245014245
5.863,2,sspls-v,-0.0,5.4245014245014245
5.863,3,mcgs,0.0,5.202279202279202
5.863,3,pos,-0.0,5.202279202279202
5.863,3,sbps,-0.0,5.202279202279202
5.863,3,prculs-d,-0.0,5.202279202279202
5.863,3,prcus-p,-0.0,5.202279202279202
5.863,3,prcus-i,-0.0,5.202279202279202
5.863,3,prcus-a,0.0,5.202279202279202
5.863,3,ifrms,-0.0,5.202279202279202
5.863,3,sspls-v,-0.0,5.202279202279202
5.863,4,mcgs,0.0,5.48148148148148
5.863,4,pos,-0.0,5.48148148148148
5.863,4,sbps,-0.0,5.48148148148148
5.863,4,prculs-d,-0.0,5.48148148148148
5.863,4,prcus-p,-0.0,5.48148148148148
5.863,4,prcus-i,-0.0,5.48148148148148
5.863,4,prcus-a,0.0,5.48148148148148
5.863,4,ifrms,-0.0,5.48148148148148
5.863,4,sspls-v,-0.0,5.48148148148148
5.863,5,mcgs,0.0,5.156695156695156
5.863,5,pos,-0.0,5.156695156695156
5.863,5,sbps,-0.0,5.156695156695156
5.863,5,prculs-d,-0.0,5.156695156695156
5.863,5,prcus-p,-0.0,5.156695156695156
5.863,5,prcus-i,-0.0,5.156695156695156
5.863,5,prcus-a,0.0,5.156695156695156
5.863,5,ifrms,-0.0,5.156695156695156
5.863,5,sspls-v,-0.0,5.156695156695156
5.863,6,mcgs,0.0,5.518518518518518
5.863,6,pos,-0.0,5.518518518518518
5.863,6,sbps,-0.0,5.518518518518518
5.863,6,prculs-d,-0.0,5.518518518518518
5.863,6,prcus-p,-0.0,5.518518518518518
5.863,6,prcus-i,-0.0,5.518518518518518
5.863,6,prcus-a,0.0,5.518518518518518
5.863,6,ifrms,-0.0,5.518518518518518
5.863,6,sspls-v,-0.0,5.518518518518518
5.863,7,mcgs,0.0,5.529914529914531
5.863,7,pos,-0.0,5.529914529914531
5.863,7,sbps,-0.0,5.529914529914531
5.863,7,prculs-d,-0.0,5.529914529914531
5.863,7,prcus-p,-0.0,5.529914529914531
5.863,7,prcus-i,-0.0,5.529914529914531
5.863,7,prcus-a,0.0,5.529914529914531
5.863,7,ifrms,-0.0,5.529914529914531
5.863,7,sspls-v,-0.0,5.529914529914531
5.863,8,mcgs,0.0,5.267806267806268
5.863,8,pos,-0.0,5.267806267806268
5.863,8,sbps,-0.0,5.267806267806268
5.863,8,prculs-d,0.0,5.267806267806268
5.863,8,prcus-p,-0.0,5.267806267806268
5.863,8,prcus-i,-0.0,5.267806267806268
5.863,8,prcus-a,0.0,5.267806267806268
5.863,8,ifrms,-0.0,5.267806267806268
5.863,8,sspls-v,-0.0,5.267806267806268
5.863,9,mcgs,0.0,5.156695156695157
5.863,9,pos,-0.0,5.156695156695157
5.863,9,sbps,-0.0,5.156695156695157
5.863,9,prculs-d,-0.0,5.156695156695157
5.863,9,prcus-p,-0.0,5.156695156695157
5.863,9,prcus-i,-0.0,5.156695156695157
5.863,9,prcus-a,0.0,5.156695156695157
5.863,9,ifrms,-0.0,5.156695156695157
5.863,9,sspls-v,-0.0,5.156695156695157
5.863,10,mcgs,0.0,5.4558404558404545
5.863,10,pos,-0.0,5.4558404558404545
5.863,10,sbps,-0.0,5.4558404558404545
5.863,10,prculs-d,-0.0,5.4558404558404545
5.863,10,prcus-p,-0.0,5.4558404558404545
5.863,10,prcus-i,-0.0,5.4558404558404545
5.863,10,prcus-a,0.0,5.4558404558404545
5.863,10,ifrms,-0.0,5.4558404558404545
5.863,10,sspls-v,-0.0,5.4558404558404545
5.863,11,mcgs,0.0,5.156695156695157
5.863,11,pos,-0.0,5.156695156695157
5.863,11,sbps,-0.0,5.156695156695157
5.863,11,prculs-d,-0.0,5.156695156695157
5.863,11,prcus-p,-0.0,5.156695156695157
5.863,11,prcus-i,-0.0,5.156695156695157
5.863,11,prcus-a,0.0,5.156695156695157
5.863,11,ifrms,-0.0,5.156695156695157
5.863,11,sspls-v,-0.0,5.156695156695157
5.863,12,mcgs,0.0,5.51851851851852
5.863,12,pos,-0.0,5.51851851851852
5.863,12,sbps,-0.0,5.51851851851852
5.863,12,prculs-d,-0.0,5.51851851851852
5.863,12,prcus-p,-0.0,5.51851851851852
5.863,12,prcus-i,-0.0,5.51851851851852
5.863,12,prcus-a,0.0,5.51851851851852
5.863,12,ifrms,-0.0,5.51851851851852
5.863,12,sspls-v,-0.0,5.51851851851852
5.863,13,mcgs,0.0,5.299145299145299
5.863,13,pos,-0.0,5.299145299145299
5.863,13,sbps,-0.0,5.299145299145299
5.863,13,prculs-d,-0.0,5.299145299145299
5.863,13,prcus-p,-0.0,5.299145299145299
5.863,13,prcus-i,-0.0,5.299145299145299
5.863,13,prcus-a,0.0,5.299145299145299
5.863,13,ifrms,-0.0,5.299145299145299
5.863,13,sspls-v,-0.0,5.299145299145299
5.863,14,mcgs,0.0,5.581196581196581
5.863,14,pos,-0.0,5.581196581196581
5.863,14,sbps,-0.0,5.581196581196581
5.863,14,prculs-d,-0.0,5.581196581196581
5.863,14,prcus-p,-0.0,5.581196581196581
5.863,14,prcus-i,-0.0,5.581196581196581
5.863,14,prcus-a,0.0,5.581196581196581
5.863,14,ifrms,-0.0,5.581196581196581
5.863,14,sspls-v,-0.0,5.581196581196581
5.863,15,mcgs,0.0,5.393162393162393
5.863,15,pos,-0.0,5.393162393162393
5.863,15,sbps,-0.0,5.393162393162393
5.863,15,prculs-d,-0.0,5.393162393162393
5.863,15,prcus-p,-0.0,5.393162393162393
5.863,15,prcus-i,-0.0,5.393162393162393
5.863,15,prcus-a,0.0,5.393162393162393
5.863,15,ifrms,-0.0,5.393162393162393
5.863,15,sspls-v,-0.0,5.393162393162393
5.863,16,mcgs,0.0,5.5783475783475795
5.863,16,pos,-0.0,5.5783475783475795
5.863,16,sbps,-0.0,5.5783475783475795
5.863,16,prculs-d,-0.0,5.5783475783475795
5.863,16,prcus-p,-0.0,5.5783475783475795
5.863,16,prcus-i,-0.0,5.5783475783475795
5.863,16,prcus-a,0.0,5.5783475783475795
5.863,16,ifrms,-0.0,5.5783475783475795
5.863,16,sspls-v,-0.0,5.5783475783475795
5.863,17,mcgs,0.0,5.247863247863247
5.863,17,pos,-0.0,5.247863247863247
5.863,17,sbps,-0.0,5.247863247863247
5.863,17,prculs-d,-0.0,5.247863247863247
5.863,17,prcus-p,-0.0,5.247863247863247
5.863,17,prcus-i,-0.0,5.247863247863247
5.863,17,prcus-a,0.0,5.247863247863247
5.863,17,ifrms,-0.0,5.247863247863247
5.863,17,sspls-v,-0.0,5.247863247863247
5.863,18,mcgs,0.0,5.612535612535612
5.863,18,pos,-0.0,5.612535612535612
5.863,18,sbps,-0.0,5.612535612535612
5.863,18,prculs-d,-0.0,5.612535612535612
5.863,18,prcus-p,-0.0,5.612535612535612
5.863,18,prcus-i,-0.0,5.612535612535612
5.863,18,prcus-a,0.0,5.612535612535612
5.863,18,ifrms,-0.0,5.612535612535612
5.863,18,sspls-v,-0.0,5.612535612535612
5.863,19,mcgs,0.0,5.518518518518518
5.863,19,pos,-0.0,5.518518518518518
5.863,19,sbps,-0.0,5.518518518518518
5.863,19,prculs-d,-0.0,5.518518518518518
5.863,19,prcus-p,-0.0,5.518518518518518
5.863,19,prcus-i,-0.0,5.518518518518518
5.863,19,prcus-a,0.0,5.518518518518518
5.863,19,ifrms,-0.0,5.518518518518518
5.863,19,sspls-v,-0.0,5.518518518518518
5.863,20,mcgs,0.0,5.549857549857548
5.863,20,pos,-0.0,5.549857549857548
5.863,20,sbps,-0.0,5.549857549857548
5.863,20,prculs-d,-0.0,5.549857549857548
5.863,20,prcus-p,-0.0,5.549857549857548
5.863,20,prcus-i,-0.0,5.549857549857548
5.863,20,prcus-a,0.0,5.549857549857548
5.863,20,ifrms,-0.0,5.549857549857548
5.863,20,sspls-v,-0.0,5.549857549857548
5.863,21,mcgs,0.0,5.581196581196581
5.863,21,pos,-0.0,5.581196581196581
5.863,21,sbps,-0.0,5.581196581196581
5.863,21,prculs-d,-0.0,5.581196581196581
5.863,21,prcus-p,-0.0,5.581196581196581
5.863,21,prcus-i,-0.0,5.581196581196581
5.863,21,prcus-a,0.0,5.581196581196581
5.863,21,ifrms,-0.0,5.581196581196581
5.863,21,sspls-v,-0.0,5.581196581196581
5.863,22,mcgs,0.0,5.581196581196581
5.863,22,pos,-0.0,5.581196581196581
5.863,22,sbps,-0.0,5.581196581196581
5.863,22,prculs-d,-0.0,5.581196581196581
5.863,22,prcus-p,-0.0,5.581196581196581
5.863,22,prcus-i,-0.0,5.581196581196581
5.863,22,prcus-a,0.0,5.581196581196581
5.863,22,ifrms,-0.0,5.581196581196581
5.863,22,sspls-v,-0.0,5.581196581196581
5.863,23,mcgs,0.0,5.202279202279203
5.863,23,pos,-0.0,5.202279202279203
5.863,23,sbps,-0.0,5.202279202279203
5.863,23,prculs-d,-0.0,5.202279202279203
5.863,23,prcus-p,-0.0,5.202279202279203
5.863,23,prcus-i,-0.0,5.202279202279203
5.863,23,prcus-a,0.0,5.202279202279203
5.863,23,ifrms,-0.0,5.202279202279203
5.863,23,sspls-v,-0.0,5.202279202279203
5.863,24,mcgs,0.0,5.4245014245014245
5.863,24,pos,-0.0,5.4245014245014245
5.863,24,sbps,-0.0,5.4245014245014245
5.863,24,prculs-d,-0.0,5.4245014245014245
5.863,24,prcus-p,-0.0,5.4245014245014245
5.863,24,prcus-i,-0.0,5.4245014245014245
5.863,24,prcus-a,0.0,5.4245014245014245
5.863,24,ifrms,-0.0,5.4245014245014245
5.863,24,sspls-v,-0.0,5.4245014245014245
5.863,25,mcgs,0.0,5.247863247863247
5.863,25,pos,-0.0,5.247863247863247
5.863,25,sbps,-0.0,5.247863247863247
5.863,25,prculs-d,-0.0,5.247863247863247
5.863,25,prcus-p,-0.0,5.247863247863247
5.863,25,prcus-i,-0.0,5.247863247863247
5.863,25,prcus-a,0.0,5.247863247863247
5.863,25,ifrms,-0.0,5.247863247863247
5.863,25,sspls-v,-0.0,5.247863247863247
5.863,26,mcgs,0.0,5.581196581196581
5.863,26,pos,-0.0,5.581196581196581
5.863,26,sbps,-0.0,5.581196581196581
5.863,26,prculs-d,-0.0,5.581196581196581
5.863,26,prcus-p,-0.0,5.581196581196581
5.863,26,prcus-i,-0.0,5.581196581196581
5.863,26,prcus-a,0.0,5.581196581196581
5.863,26,ifrms,-0.0,5.581196581196581
5.863,26,sspls-v,-0.0,5.581196581196581
5.863,27,mcgs,0.0,5.384615384615386
5.863,27,pos,-0.0,5.384615384615386
5.863,27,sbps,-0.0,5.384615384615386
5.863,27,prculs-d,-0.0,5.384615384615386
5.863,27,prcus-p,-0.0,5.384615384615386
5.863,27,prcus-i,-0.0,5.384615384615386
5.863,27,prcus-a,0.0,5.384615384615386
5.863,27,ifrms,-0.0,5.384615384615386
5.863,27,sspls-v,-0.0,5.384615384615386
6.268,0,mcgs,0.0,5.487179487179486
6.268,0,pos,-0.0,5.487179487179486
6.268,0,sbps,-0.0,5.487179487179486
6.268,0,prculs-d,-0.0,5.487179487179486
6.268,0,prcus-p,-0.0,5.487179487179486
6.268,0,prcus-i,-0.0,5.487179487179486
6.268,0,prcus-a,0.0,5.487179487179486
6.268,0,ifrms,-0.0,5.487179487179486
6.268,0,sspls-v,-0.0,5.487179487179486
6.268,1,mcgs,0.0,5.4245014245014245
6.268,1,pos,-0.0,5.4245014245014245
6.268,1,sbps,-0.0,5.4245014245014245
6.268,1,prculs-d,-0.0,5.4245014245014245
6.268,1,prcus-p,-0.0,5.4245014245014245
6.268,1,prcus-i,-0.0,5.4245014245014245
6.268,1,prcus-a,0.0,5.4245014245014245
6.268,1,ifrms,-0.0,5.4245014245014245
6.268,1,sspls-v,-0.0,5.4245014245014245
6.268,2,mcgs,0.0,5.4245014245014245
6.268,2,pos,-0.0,5.4245014245014245
6.268,2,sbps,-0.0,5.4245014245014245
6.268,2,prculs-d,-0.0,5.4245014245014245
6.268,2,prcus-p,-0.0,5.4245014245014245
6.268,2,prcus-i,-0.0,5.4245014245014245
6.268,2,prcus-a,0.0,5.4245014245014245
6.268,2,ifrms,-0.0,5.4245014245014245
6.268,2,sspls-v,-0.0,5.4245014245014245
6.268,3,mcgs,0.0,5.202279202279202
6.268,3,pos,-0.0,5.202279202279202
6.268,3,sbps,-0.0,5.202279202279202
6.268,3,prculs-d,-0.0,5.202279202279202
6.268,3,prcus-p,-0.0,5.202279202279202
6.268,3,prcus-i,-0.0,5.202279202279202
6.268,3,prcus-a,0.0,5.202279202279202
6.268,3,ifrms,-0.0,5.202279202279202
6.268,3,sspls-v,-0.0,5.202279202279202
6.268,4,mcgs,0.0,5.48148148148148
6.268,4,pos,-0.0,5.48148148148148
6.268,4,sbps,-0.0,5.48148148148148
6.268,4,prculs-d,-0.0,5.48148148148148
6.268,4,prcus-p,-0.0,5.48148148148148
6.268,4,prcus-i,-0.0,5.48148148148148
6.268,4,prcus-a,0.0,5.48148148148148
6.268,4,ifrms,-0.0,5.48148148148148
6.268,4,sspls-v,-0.0,5.48148148148148
6.268,5,mcgs,0.0,5.156695156695156
6.268,5,pos,-0.0,5.156695156695156
6.268,5,sbps,-0.0,5.156695156695156
6.268,5,prculs-d,-0.0,5.156695156695156
6.268,5,prcus-p,-0.0,5.156695156695156
6.268,5,prcus-i,-0.0,5.156695156695156
6.268,5,prcus-a,0.0,5.156695156695156
6.268,5,ifrms,-0.0,5.156695156695156
6.268,5,sspls-v,-0.0,5.156695156695156
6.268,6,mcgs,0.0,5.518518518518518
6.268,6,pos,-0.0,5.518518518518518
6.268,6,sbps,-0.0,5.518518518518518
6.268,6,prculs-d,-0.0,5.518518518518518
6.268,6,prcus-p,-0.0,5.518518518518518
6.268,6,prcus-i,-0.0,5.518518518518518
6.268,6,prcus-a,0.0,5.518518518518518
6.268,6,ifrms,-0.0,5.518518518518518
6.268,6,sspls-v,-0.0,5.518518518518518
6.268,7,mcgs,0.0,5.529914529914531
6.268,7,pos,-0.0,5.529914529914531
6.268,7,sbps,-0.0,5.529914529914531
6.268,7,prculs-d,-0.0,5.529914529914531
6.268,7,prcus-p,-0.0,5.529914529914531
6.268,7,prcus-i,-0.0,5.529914529914531
6.268,7,prcus-a,0.0,5.529914529914531
6.268,7,ifrms,-0.0,5.529914529914531
6.268,7,sspls-v,-0.0,5.529914529914531
6.268,8,mcgs,0.0,5.267806267806268
6.268,8,pos,-0.0,5.267806267806268
6.268,8,sbps,-0.0,5.267806267806268
6.268,8,prculs-d,0.0,5.267806267806268
6.268,8,prcus-p,-0.0,5.267806267806268
6.268,8,prcus-i,-0.0,5.267806267806268
6.268,8,prcus-a,0.0,5.267806267806268
6.268,8,ifrms,-0.0,5.267806267806268
6.268,8,sspls-v,-0.0,5.267806267806268
6.268,9,mcgs,0.0,5.156695156695157
6.268,9,pos,-0.0,5.156695156695157
6.268,9,sbps,-0.0,5.156695156695157
6.268,9,prculs-d,-0.0,5.156695156695157
6.268,9,prcus-p,-0.0,5.156695156695157
6.268,9,prcus-i,-0.0,5.156695156695157
6.268,9,prcus-a,0.0,5.156695156695157
6.268,9,ifrms,-0.0,5.156695156695157
6.268,9,sspls-v,-0.0,5.156695156695157
6.268,10,mcgs,0.0,5.4558404558404545
6.268,10,pos,-0.0,5.4558404558404545
6.268,10,sbps,-0.0,5.4558404558404545
6.268,10,prculs-d,-0.0,5.4558404558404545
6.268,10,prcus-p,-0.0,5.4558404558404545
6.268,10,prcus-i,-0.0,5.4558404558404545
6.268,10,prcus-a,0.0,5.4558404558404545
6.268,10,ifrms,-0.0,5.4558404558404545
6.268,10,sspls-v,-0.0,5.4558404558404545
6.268,11,mcgs,0.0,5.156695156695157
6.268,11,pos,-0.0,5.156695156695157
6.268,11,sbps,-0.0,5.156695156695157
6.268,11,prculs-d,-0.0,5.156695156695157
6.268,11,prcus-p,-0.0,5.156695156695157
6.268,11,prcus-i,-0.0,5.156695156695157
6.268,11,prcus-a,0.0,5.156695156695157
6.268,11,ifrms,-0.0,5.156695156695157
6.268,11,sspls-v,-0.0,5.156695156695157
6.268,12,mcgs,0.0,5.51851851851852
6.268,12,pos,-0.0,5.51851851851852
6.268,12,sbps,-0.0,5.51851851851852
6.268,12,prculs-d,-0.0,5.51851851851852
6.268,12,prcus-p,-0.0,5.51851851851852
6.268,12,prcus-i,-0.0,5.51851851851852
6.268,12,prcus-a,0.0,5.51851851851852
6.268,12,ifrms,-0.0,5.51851851851852
6.268,12,sspls-v,-0.0,5.51851851851852
6.268,13,mcgs,0.0,5.299145299145299
6.268,13,pos,-0.0,5.299145299145299
6.268,13,sbps,-0.0,5.299145299145299
6.268,13,prculs-d,-0.0,5.299145299145299
6.268,13,prcus-p,-0.0,5.299145299145299
6.268,13,prcus-i,-0.0,5.299145299145299
6.268,13,prcus-a,0.0,5.299145299145299
6.268,13,ifrms,-0.0,5.299145299145299
6.268,13,sspls-v,-0.0,5.299145299145299
6.268,14,mcgs,0.0,5.581196581196581
6.268,14,pos,-0.0,5.581196581196581
6.268,14,sbps,-0.0,5.581196581196581
6.268,14,prculs-d,-0.0,5.581196581196581
6.268,14,prcus-p,-0.0,5.581196581196581
6.268,14,prcus-i,-0.0,5.581196581196581
6.268,14,prcus-a,0.0,5.581196581196581
6.268,14,ifrms,-0.0,5.581196581196581
6.268,14,sspls-v,-0.0,5.581196581196581
6.268,15,mcgs,0.0,5.393162393162393
6.268,15,pos,-0.0,5.393162393162393
6.268,15,sbps,-0.0,5.393162393162393
6.268,15,prculs-d,-0.0,5.393162393162393
6.268,15,prcus-p,-0.0,5.393162393162393
6.268,15,prcus-i,-0.0,5.393162393162393
6.268,15,prcus-a,0.0,5.393162393162393
6.268,15,ifrms,-0.0,5.393162393162393
6.268,15,sspls-v,-0.0,5.393162393162393
6.268,16,mcgs,0.0,5.5783475783475795
6.268,16,pos,-0.0,5.5783475783475795
6.268,16,sbps,-0.0,5.5783475783475795
6.268,16,prculs-d,-0.0,5.5783475783475795
6.268,16,prcus-p,-0.0,5.5783475783475795
6.268,16,prcus-i,-0.0,5.5783475783475795
6.268,16,prcus-a,0.0,5.5783475783475795
6.268,16,ifrms,-0.0,5.5783475783475795
6.268,16,sspls-v,-0.0,5.5783475783475795
6.268,17,mcgs,0.0,5.247863247863247
6.268,17,pos,-0.0,5.247863247863247
6.268,17,sbps,-0.0,5.247863247863247
6.268,17,prculs-d,-0.0,5.247863247863247
6.268,17,prcus-p,-0.0,5.247863247863247
6.268,17,prcus-i,-0.0,5.247863247863247
6.268,17,prcus-a,0.0,5.247863247863247
6.268,17,ifrms,-0.0,5.247863247863247
6.268,17,sspls-v,-0.0,5.247863247863247
6.268,18,mcgs,0.0,5.612535612535612
6.268,18,pos,-0.0,5.612535612535612
6.268,18,sbps,-0.0,5.612535612535612
6.268,18,prculs-d,-0.0,5.612535612535612
6.268,18,prcus-p,-0.0,5.612535612535612
6.268,18,prcus-i,-0.0,5.612535612535612
6.268,18,prcus-a,0.0,5.612535612535612
6.268,18,ifrms,-0.0,5.612535612535612
6.268,18,sspls-v,-0.0,5.612535612535612
6.268,19,mcgs,0.0,5.518518518518518
6.268,19,pos,-0.0,5.518518518518518
6.268,19,sbps,-0.0,5.518518518518518
6.268,19,prculs-d,-0.0,5.518518518518518
6.268,19,prcus-p,-0.0,5.518518518518518
6.268,19,prcus-i,-0.0,5.518518518518518
6.268,19,prcus-a,0.0,5.518518518518518
6.268,19,ifrms,-0.0,5.518518518518518
6.268,19,sspls-v,-0.0,5.518518518518518
6.268,20,mcgs,0.0,5.549857549857548
6.268,20,pos,-0.0,5.549857549857548
6.268,20,sbps,-0.0,5.549857549857548
6.268,20,prculs-d,-0.0,5.549857549857548
6.268,20,prcus-p,-0.0,5.549857549857548
6.268,20,prcus-i,-0.0,5.549857549857548
6.268,20,prcus-a,0.0,5.549857549857548
6.268,20,ifrms,-0.0,5.549857549857548
6.268,20,sspls-v,-0.0,5.549857549857548
6.268,21,mcgs,0.0,5.581196581196581
6.268,21,pos,-0.0,5.581196581196581
6.268,21,sbps,-0.0,5.581196581196581
6.268,21,prculs-d,-0.0,5.581196581196581
6.268,21,prcus-p,-0.0,5.581196581196581
6.268,21,prcus-i,-0.0,5.581196581196581
6.268,21,prcus-a,0.0,5.581196581196581
6.268,21,ifrms,-0.0,5.581196581196581
6.268,21,sspls-v,-0.0,5.581196581196581
6.268,22,mcgs,0.0,5.581196581196581
6.268,22,pos,-0.0,5.581196581196581
6.268,22,sbps,-0.0,5.581196581196581
6.268,22,prculs-d,-0.0,5.581196581196581
6.268,22,prcus-p,-0.0,5.581196581196581
6.268,22,prcus-i,-0.0,5.581196581196581
6.268,22,prcus-a,0.0,5.581196581196581
6.268,22,ifrms,-0.0,5.581196581196581
6.268,22,sspls-v,-0.0,5.581196581196581
6.268,23,mcgs,0.0,5.202279202279203
6.268,23,pos,-0.0,5.202279202279203
6.268,23,sbps,-0.0,5.202279202279203
6.268,23,prculs-d,-0.0,5.202279202279203
6.268,23,prcus-p,-0.0,5.202279202279203
6.268,23,prcus-i,-0.0,5.202279202279203
6.268,23,prcus-a,0.0,5.202279202279203
6.268,23,ifrms,-0.0,5.202279202279203
6.268,23,sspls-v,-0.0,5.202279202279203
6.268,24,mcgs,0.0,5.4245014245014245
6.268,24,pos,-0.0,5.4245014245014245
6.268,24,sbps,-0.0,5.4245014245014245
6.268,24,prculs-d,-0.0,5.4245014245014245
6.268,24,prcus-p,-0.0,5.4245014245014245
6.268,24,prcus-i,-0.0,5.4245014245014245
6.268,24,prcus-a,0.0,5.4245014245014245
6.268,24,ifrms,-0.0,5.4245014245014245
6.268,24,sspls-v,-0.0,5.4245014245014245
6.268,25,mcgs,0.0,5.247863247863247
6.268,25,pos,-0.0,5.247863247863247
6.268,25,sbps,-0.0,5.247863247863247
6.268,25,prculs-d,-0.0,5.247863247863247
6.268,25,prcus-p,-0.0,5.247863247863247
6.268,25,prcus-i,-0.0,5.247863247863247
6.268,25,prcus-a,0.0,5.247863247863247
6.268,25,ifrms,-0.0,5.247863247863247
6.268,25,sspls-v,-0.0,5.247863247863247
6.268,26,mcgs,0.0,5.581196581196581
6.268,26,pos,-0.0,5.581196581196581
6.268,26,sbps,-0.0,5.581196581196581
6.268,26,prculs-d,-0.0,5.581196581196581
6.268,26,prcus-p,-0.0,5.581196581196581
6.268,26,prcus-i,-0.0,5.581196581196581
6.268,26,prcus-a,0.0,5.581196581196581
6.268,26,ifrms,-0.0,5.581196581196581
6.268,26,sspls-v,-0.0,5.581196581196581
6.268,27,mcgs,0.0,5.384615384615386
6.268,27,pos,-0.0,5.384615384615386
6.268,27,sbps,-0.0,5.384615384615386
6.268,27,prculs-d,-0.0,5.384615384615386
6.268,27,prcus-p,-0.0,5.384615384615386
6.268,27,prcus-i,-0.0,5.384615384615386
6.268,27,prcus-a,0.0,5.384615384615386
6.268,27,ifrms,-0.0,5.384615384615386
6.268,27,sspls-v,-0.0,5.384615384615386
6.7,0,mcgs,0.0,5.487179487179486
6.7,0,pos,-0.0,5.487179487179486
6.7,0,sbps,-0.0,5.487179487179486
6.7,0,prculs-d,-0.0,5.487179487179486
6.7,0,prcus-p,-0.0,5.487179487179486
6.7,0,prcus-i,-0.0,5.487179487179486
6.7,0,prcus-a,0.0,5.487179487179486
6.7,0,ifrms,-0.0,5.487179487179486
6.7,0,sspls-v,-0.0,5.487179487179486
6.7,1,mcgs,0.0,5.4245014245014245
6.7,1,pos,-0.0,5.4245014245014245
6.7,1,sbps,-0.0,5.4245014245014245
6.7,1,prculs-d,-0.0,5.4245014245014245
6.7,1,prcus-p,-0.0,5.4245014245014245
6.7,1,prcus-i,-0.0,5.4245014245014245
6.7,1,prcus-a,0.0,5.4245014245014245
6.7,1,ifrms,-0.0,5.4245014245014245
6.7,1,sspls-v,-0.0,5.4245014245014245
6.7,2,mcgs,0.0,5.4245014245014245
6.7,2,pos,-0.0,5.4245014245014245
6.7,2,sbps,-0.0,5.4245014245014245
6.7,2,prculs-d,-0.0,5.4245014245014245
6.7,2,prcus-p,-0.0,5.4245014245014245
6.7,2,prcus-i,-0.0,5.4245014245014245
6.7,2,prcus-a,0.0,5.4245014245014245
6.7,2,ifrms,-0.0,5.4245014245014245
6.7,2,sspls-v,-0.0,5.4245014245014245
6.7,3,mcgs,0.0,5.202279202279202
6.7,3,pos,-0.0,5.202279202279202
6.7,3,sbps,-0.0,5.202279202279202
6.7,3,prculs-d,-0.0,5.202279202279202
6.7,3,prcus-p,-0.0,5.202279202279202
6.7,3,prcus-i,-0.0,5.202279202279202
6.7,3,prcus-a,0.0,5.202279202279202
6.7,3,ifrms,-0.0,5.202279202279202
6.7,3,sspls-v,-0.0,5.202279202279202
6.7,4,mcgs,0.0,5.48148148148148
6.7,4,pos,-0.0,5.48148148148148
6.7,4,sbps,-0.0,5.48148148148148
6.7,4,prculs-d,-0.0,5.48148148148148
6.7,4,prcus-p,-0.0,5.48148148148148
6.7,4,prcus-i,-0.0,5.48148148148148
6.7,4,prcus-a,0.0,5.48148148148148
6.7,4,ifrms,-0.0,5.48148148148148
6.7,4,sspls-v,-0.0,5.48148148148148
6.7,5,mcgs,0.0,5.156695156695156
6.7,5,pos,-0.0,5.156695156695156
6.7,5,sbps,-0.0,5.156695156695156
6.7,5,prculs-d,-0.0,5.156695156695156
6.7,5,prcus-p,-0.0,5.156695156695156
6.7,5,prcus-i,-0.0,5.156695156695156
6.7,5,prcus-a,0.0,5.156695156695156
6.7,5,ifrms,-0.0,5.156695156695156
6.7,5,sspls-v,-0.0,5.156695156695156
6.7,6,mcgs,0.0,5.518518518518518
6.7,6,pos,-0.0,5.518518518518518
6.7,6,sbps,-0.0,5.518518518518518
6.7,6,prculs-d,-0.0,5.518518518518518
6.7,6,prcus-p,-0.0,5.518518518518518
6.7,6,prcus-i,-0.0,5.518518518518518
6.7,6,prcus-a,0.0,5.518518518518518
6.7,6,ifrms,-0.0,5.518518518518518
6.7,6,sspls-v,-0.0,5.518518518518518
6.7,7,mcgs,0.0,5.529914529914531
6.7,7,pos,-0.0,5.529914529914531
6.7,7,sbps,-0.0,5.529914529914531
6.7,7,prculs-d,-0.0,5.529914529914531
6.7,7,prcus-p,-0.0,5.529914529914531
6.7,7,prcus-i,-0.0,5.529914529914531
6.7,7,prcus-a,0.0,5.529914529914531
6.7,7,ifrms,-0.0,5.529914529914531
6.7,7,sspls-v,-0.0,5.529914529914531
6.7,8,mcgs,0.0,5.267806267806268
6.7,8,pos,-0.0,5.267806267806268
6.7,8,sbps,-0.0,5.267806267806268
6.7,8,prculs-d,0.0,5.267806267806268
6.7,8,prcus-p,-0.0,5.267806267806268
6.7,8,prcus-i,-0.0,5.267806267806268
6.7,8,prcus-a,0.0,5.267806267806268
6.7,8,ifrms,-0.0,5.267806267806268
6.7,8,sspls-v,-0.0,5.267806267806268
6.7,9,mcgs,0.0,5.156695156695157
6.7,9,pos,-0.0,5.156695156695157
6.7,9,sbps,-0.0,5.156695156695157
6.7,9,prculs-d,-0.0,5.156695156695157
6.7,9,prcus-p,-0.0,5.156695156695157
6.7,9,prcus-i,-0.0,5.156695156695157
6.7,9,prcus-a,0.0,5.156695156695157
6.7,9,ifrms,-0.0,5.156695156695157
6.7,9,sspls-v,-0.0,5.156695156695157
6.7,10,mcgs,0.0,5.4558404558404545
6.7,10,pos,-0.0,5.4558404558404545
6.7,10,sbps,-0.0,5.4558404558404545
6.7,10,prculs-d,-0.0,5.4558404558404545
6.7,10,prcus-p,-0.0,5.4558404558404545
6.7,10,prcus-i,-0.0,5.4558404558404545
6.7,10,prcus-a,0.0,5.4558404558404545
6.7,10,ifrms,-0.0,5.4558404558404545
6.7,10,sspls-v,-0.0,5.4558404558404545
6.7,11,mcgs,0.0,5.156695156695157
6.7,11,pos,-0.0,5.156695156695157
6.7,11,sbps,-0.0,5.156695156695157
6.7,11,prculs-d,-0.0,5.156695156695157
6.7,11,prcus-p,-0.0,5.156695156695157
6.7,11,prcus-i,-0.0,5.156695156695157
6.7,11,prcus-a,0.0,5.156695156695157
6.7,11,ifrms,-0.0,5.156695156695157
6.7,11,sspls-v,-0.0,5.156695156695157
6.7,12,mcgs,0.0,5.51851851851852
6.7,12,pos,-0.0,5.51851851851852
6.7,12,sbps,-0.0,5.51851851851852
6.7,12,prculs-d,-0.0,5.51851851851852
6.7,12,prcus-p,-0.0,5.51851851851852
6.7,12,prcus-i,-0.0,5.51851851851852
6.7,12,prcus-a,0.0,5.51851851851852
6.7,12,ifrms,-0.0,5.51851851851852
6.7,12,sspls-v,-0.0,5.51851851851852
6.7,13,mcgs,0.0,5.299145299145299
6.7,13,pos,-0.0,5.299145299145299
6.7,13,sbps,-0.0,5.299145299145299
6.7,13,prculs-d,-0.0,5.299145299145299
6.7,13,prcus-p,-0.0,5.299145299145299
6.7,13,prcus-i,-0.0,5.299145299145299
6.7,13,prcus-a,0.0,5.299145299145299
6.7,13,ifrms,-0.0,5.299145299145299
6.7,13,sspls-v,-0.0,5.299145299145299
6.7,14,mcgs,0.0,5.581196581196581
6.7,14,pos,-0.0,5.581196581196581
6.7,14,sbps,-0.0,5.581196581196581
6.7,14,prculs-d,-0.0,5.581196581196581
6.7,14,prcus-p,-0.0,5.581196581196581
6.7,14,prcus-i,-0.0,5.581196581196581
6.7,14,prcus-a,0.0,5.581196581196581
6.7,14,ifrms,-0.0,5.581196581196581
6.7,14,sspls-v,-0.0,5.581196581196581
6.7,15,mcgs,0.0,5.393162393162393
6.7,15,pos,-0.0,5.393162393162393
6.7,15,sbps,-0.0,5.393162393162393
6.7,15,prculs-d,-0.0,5.393162393162393
6.7,15,prcus-p,-0.0,5.393162393162393
6.7,15,prcus-i,-0.0,5.393162393162393
6.7,15,prcus-a,0.0,5.393162393162393
6.7,15,ifrms,-0.0,5.393162393162393
6.7,15,sspls-v,-0.0,5.393162393162393
6.7,16,mcgs,0.0,5.5783475783475795
6.7,16,pos,-0.0,5.5783475783475795
6.7,16,sbps,-0.0,5.5783475783475795
6.7,16,prculs-d,-0.0,5.5783475783475795
6.7,16,prcus-p,-0.0,5.5783475783475795
6.7,16,prcus-i,-0.0,5.5783475783475795
6.7,16,prcus-a,0.0,5.5783475783475795
6.7,16,ifrms,-0.0,5.5783475783475795
6.7,16,sspls-v,-0.0,5.5783475783475795
6.7,17,mcgs,0.0,5.247863247863247
6.7,17,pos,-0.0,5.247863247863247
6.7,17,sbps,-0.0,5.247863247863247
6.7,17,prculs-d,-0.0,5.247863247863247
6.7,17,prcus-p,-0.0,5.247863247863247
6.7,17,prcus-i,-0.0,5.247863247863247
6.7,17,prcus-a,0.0,5.247863247863247
6.7,17,ifrms,-0.0,5.247863247863247
6.7,17,sspls-v,-0.0,5.247863247863247
6.7,18,mcgs,0.0,5.612535612535612
6.7,18,pos,-0.0,5.612535612535612
6.7,18,sbps,-0.0,5.612535612535612
6.7,18,prculs-d,-0.0,5.612535612535612
6.7,18,prcus-p,-0.0,5.612535612535612
6.7,18,prcus-i,-0.0,5.612535612535612
6.7,18,prcus-a,0.0,5.612535612535612
6.7,18,ifrms,-0.0,5.612535612535612
6.7,18,sspls-v,-0.0,5.612535612535612
6.7,19,mcgs,0.0,5.518518518518518
6.7,19,pos,-0.0,5.518518518518518
6.7,19,sbps,-0.0,5.518518518518518
6.7,19,prculs-d,-0.0,5.518518518518518
6.7,19,prcus-p,-0.0,5.518518518518518
6.7,19,prcus-i,-0.0,5.518518518518518
6.7,19,prcus-a,0.0,5.518518518518518
6.7,19,ifrms,-0.0,5.518518518518518
6.7,19,sspls-v,-0.0,5.518518518518518
6.7,20,mcgs,0.0,5.549857549857548
6.7,20,pos,-0.0,5.549857549857548
6.7,20,sbps,-0.0,5.549857549857548
6.7,20,prculs-d,-0.0,5.549857549857548
6.7,20,prcus-p,-0.0,5.549857549857548
6.7,20,prcus-i,-0.0,5.549857549857548
6.7,20,prcus-a,0.0,5.549857549857548
6.7,20,ifrms,-0.0,5.549857549857548
6.7,20,sspls-v,-0.0,5.549857549857548
6.7,21,mcgs,0.0,5.581196581196581
6.7,21,pos,-0.0,5.581196581196581
6.7,21,sbps,-0.0,5.581196581196581
6.7,21,prculs-d,-0.0,5.581196581196581
6.7,21,prcus-p,-0.0,5.581196581196581
6.7,21,prcus-i,-0.0,5.581196581196581
6.7,21,prcus-a,0.0,5.581196581196581
6.7,21,ifrms,-0.0,5.581196581196581
6.7,21,sspls-v,-0.0,5.581196581196581
6.7,22,mcgs,0.0,5.581196581196581
6.7,22,pos,-0.0,5.581196581196581
6.7,22,sbps,-0.0,5.581196581196581
6.7,22,prculs-d,-0.0,5.581196581196581
6.7,22,prcus-p,-0.0,5.581196581196581
6.7,22,prcus-i,-0.0,5.581196581196581
6.7,22,prcus-a,0.0,5.581196581196581
6.7,22,ifrms,-0.0,5.581196581196581
6.7,22,sspls-v,-0.0,5.581196581196581
6.7,23,mcgs,0.0,5.202279202279203
6.7,23,pos,-0.0,5.202279202279203
6.7,23,sbps,-0.0,5.202279202279203
6.7,23,prculs-d,-0.0,5.202279202279203
6.7,23,prcus-p,-0.0,5.202279202279203
6.7,23,prcus-i,-0.0,5.202279202279203
6.7,23,prcus-a,0.0,5.202279202279203
6.7,23,ifrms,-0.0,5.202279202279203
6.7,23,sspls-v,-0.0,5.202279202279203
6.7,24,mcgs,0.0,5.4245014245014245
6.7,24,pos,-0.0,5.4245014245014245
6.7,24,sbps,-0.0,5.4245014245014245
6.7,24,prculs-d,-0.0,5.4245014245014245
6.7,24,prcus-p,-0.0,5.4245014245014245
6.7,24,prcus-i,-0.0,5.4245014245014245
6.7,24,prcus-a,0.0,5.4245014245014245
6.7,24,ifrms,-0.0,5.4245014245014245
6.7,24,sspls-v,-0.0,5.4245014245014245
6.7,25,mcgs,0.0,5.247863247863247
6.7,25,pos,-0.0,5.247863247863247
6.7,25,sbps,-0.0,5.247863247863247
6.7,25,prculs-d,-0.0,5.247863247863247
6.7,25,prcus-p,-0.0,5.247863247863247
6.7,25,prcus-i,-0.0,5.247863247863247
6.7,25,prcus-a,0.0,5.247863247863247
6.7,25,ifrms,-0.0,5.247863247863247
6.7,25,sspls-v,-0.0,5.247863247863247
6.7,26,mcgs,0.0,5.581196581196581
6.7,26,pos,-0.0,5.581196581196581
6.7,26,sbps,-0.0,5.581196581196581
6.7,26,prculs-d,-0.0,5.581196581196581
6.7,26,prcus-p,-0.0,5.581196581196581
6.7,26,prcus-i,-0.0,5.581196581196581
6.7,26,prcus-a,0.0,5.581196581196581
6.7,26,ifrms,-0.0,5.581196581196581
6.7,26,sspls-v,-0.0,5.581196581196581
6.7,27,mcgs,0.0,5.384615384615386
6.7,27,pos,-0.0,5.384615384615386
6.7,27,sbps,-0.0,5.384615384615386
6.7,27,prculs-d,-0.0,5.384615384615386
6.7,27,prcus-p,-0.0,5.384615384615386
6.7,27,prcus-i,-0.0,5.384615384615386
6.7,27,prcus-a,0.0,5.384615384615386
6.7,27,ifrms,-0.0,5.384615384615386
6.7,27,sspls-v,-0.0,5.384615384615386
7.163,0,mcgs,0.0,5.487179487179486
7.163,0,pos,-0.0,5.487179487179486
7.163,0,sbps,-0.0,5.487179487179486
7.163,0,prculs-d,-0.0,5.487179487179486
7.163,0,prcus-p,-0.0,5.487179487179486
7.163,0,prcus-i,-0.0,5.487179487179486
7.163,0,prcus-a,0.0,5.487179487179486
7.163,0,ifrms,-0.0,5.487179487179486
7.163,0,sspls-v,-0.0,5.487179487179486
7.163,1,mcgs,0.0,5.4245014245014245
7.163,1,pos,-0.0,5.4245014245014245
7.163,1,sbps,-0.0,5.4245014245014245
7.163,1,prculs-d,-0.0,5.4245014245014245
7.163,1,prcus-p,-0.0,5.4245014245014245
7.163,1,prcus-i,-0.0,5.4245014245014245
7.163,1,prcus-a,0.0,5.4245014245014245
7.163,1,ifrms,-0.0,5.4245014245014245
7.163,1,sspls-v,-0.0,5.4245014245014245
7.163,2,mcgs,0.0,5.4245014245014245
7.163,2,pos,-0.0,5.4245014245014245
7.163,2,sbps,-0.0,5.4245014245014245
7.163,2,prculs-d,-0.0,5.4245014245014245
7.163,2,prcus-p,-0.0,5.4245014245014245
7.163,2,prcus-i,-0.0,5.4245014245014245
7.163,2,prcus-a,0.0,5.4245014245014245
7.163,2,ifrms,-0.0,5.4245014245014245
7.163,2,sspls-v,-0.0,5.4245014245014245
7.163,3,mcgs,0.0,5.202279202279202
7.163,3,pos,-0.0,5.202279202279202
7.163,3,sbps,-0.0,5.202279202279202
7.163,3,prculs-d,-0.0,5.202279202279202
7.163,3,prcus-p,-0.0,5.202279202279202
7.163,3,prcus-i,-0.0,5.202279202279202
7.163,3,prcus-a,0.0,5.202279202279202
7.163,3,ifrms,-0.0,5.202279202279202
7.163,3,sspls-v,-0.0,5.202279202279202
7.163,4,mcgs,0.0,5.48148148148148
7.163,4,pos,-0.0,5.48148148148148
7.163,4,sbps,-0.0,5.48148148148148
7.163,4,prculs-d,-0.0,5.48148148148148
7.163,4,prcus-p,-0.0,5.48148148148148
7.163,4,prcus-i,-0.0,5.48148148148148
7.163,4,prcus-a,0.0,5.48148148148148
7.163,4,ifrms,-0.0,5.48148148148148
7.163,4,sspls-v,-0.0,5.48148148148148
7.163,5,mcgs,0.0,5.156695156695156
7.163,5,pos,-0.0,5.156695156695156
7.163,5,sbps,-0.0,5.156695156695156
7.163,5,prculs-d,-0.0,5.156695156695156
7.163,5,prcus-p,-0.0,5.156695156695156
7.163,5,prcus-i,-0.0,5.156695156695156
7.163,5,prcus-a,0.0,5.156695156695156
7.163,5,ifrms,-0.0,5.156695156695156
7.163,5,sspls-v,-0.0,5.156695156695156
7.163,6,mcgs,0.0,5.518518518518518
7.163,6,pos,-0.0,5.518518518518518
7.163,6,sbps,-0.0,5.518518518518518
7.163,6,prculs-d,-0.0,5.518518518518518
7.163,6,prcus-p,-0.0,5.518518518518518
7.163,6,prcus-i,-0.0,5.518518518518518
7.163,6,prcus-a,0.0,5.518518518518518
7.163,6,ifrms,-0.0,5.518518518518518
7.163,6,sspls-v,-0.0,5.518518518518518
7.163,7,mcgs,0.0,5.529914529914531
7.163,7,pos,-0.0,5.529914529914531
7.163,7,sbps,-0.0,5.529914529914531
7.163,7,prculs-d,-0.0,5.529914529914531
7.163,7,prcus-p,-0.0,5.529914529914531
7.163,7,prcus-i,-0.0,5.529914529914531
7.163,7,prcus-a,0.0,5.529914529914531
7.163,7,ifrms,-0.0,5.529914529914531
7.163,7,sspls-v,-0.0,5.529914529914531
7.163,8,mcgs,0.0,5.267806267806268
7.163,8,pos,-0.0,5.267806267806268
7.163,8,sbps,-0.0,5.267806267806268
7.163,8,prculs-d,0.0,5.267806267806268
7.163,8,prcus-p,-0.0,5.267806267806268
7.163,8,prcus-i,-0.0,5.267806267806268
7.163,8,prcus-a,0.0,5.267806267806268
7.163,8,ifrms,-0.0,5.267806267806268
7.163,8,sspls-v,-0.0,5.267806267806268
7.163,9,mcgs,0.0,5.156695156695157
7.163,9,pos,-0.0,5.156695156695157
7.163,9,sbps,-0.0,5.156695156695157
7.163,9,prculs-d,-0.0,5.156695156695157
7.163,9,prcus-p,-0.0,5.156695156695157
7.163,9,prcus-i,-0.0,5.156695156695157
7.163,9,prcus-a,0.0,5.156695156695157
7.163,9,ifrms,-0.0,5.156695156695157
7.163,9,sspls-v,-0.0,5.156695156695157
7.163,10,mcgs,0.0,5.4558404558404545
7.163,10,pos,-0.0,5.4558404558404545
7.163,10,sbps,-0.0,5.4558404558404545
7.163,10,prculs-d,-0.0,5.4558404558404545
7.163,10,prcus-p,-0.0,5.4558404558404545
7.163,10,prcus-i,-0.0,5.4558404558404545
7.163,10,prcus-a,0.0,5.4558404558404545
7.163,10,ifrms,-0.0,5.4558404558404545
7.163,10,sspls-v,-0.0,5.4558404558404545
7.163,11,mcgs,0.0,5.156695156695157
7.163,11,pos,-0.0,5.156695156695157
7.163,11,sbps,-0.0,5.156695156695157
7.163,11,prculs-d,-0.0,5.156695156695157
7.163,11,prcus-p,-0.0,5.156695156695157
7.163,11,prcus-i,-0.0,5.156695156695157
7.163,11,prcus-a,0.0,5.156695156695157
7.163,11,ifrms,-0.0,5.156695156695157
7.163,11,sspls-v,-0.0,5.156695156695157
7.163,12,mcgs,0.0,5.51851851851852
7.163,12,pos,-0.0,5.51851851851852
7.163,12,sbps,-0.0,5.51851851851852
7.163,12,prculs-d,-0.0,5.51851851851852
7.163,12,prcus-p,-0.0,5.51851851851852
7.163,12,prcus-i,-0.0,5.51851851851852
7.163,12,prcus-a,0.0,5.51851851851852
7.163,12,ifrms,-0.0,5.51851851851852
7.163,12,sspls-v,-0.0,5.51851851851852
7.163,13,mcgs,0.0,5.299145299145299
7.163,13,pos,-0.0,5.299145299145299
7.163,13,sbps,-0.0,5.299145299145299
7.163,13,prculs-d,-0.0,5.299145299145299
7.163,13,prcus-p,-0.0,5.299145299145299
7.163,13,prcus-i,-0.0,5.299145299145299
7.163,13,prcus-a,0.0,5.299145299145299
7.163,13,ifrms,-0.0,5.299145299145299
7.163,13,sspls-v,-0.0,5.299145299145299
7.163,14,mcgs,0.0,5.581196581196581
7.163,14,pos,-0.0,5.581196581196581
7.163,14,sbps,-0.0,5.581196581196581
7.163,14,prculs-d,-0.0,5.581196581196581
7.163,14,prcus-p,-0.0,5.581196581196581
7.163,14,prcus-i,-0.0,5.581196581196581
7.163,14,prcus-a,0.0,5.581196581196581
7.163,14,ifrms,-0.0,5.581196581196581
7.163,14,sspls-v,-0.0,5.581196581196581
7.163,15,mcgs,0.0,5.393162393162393
7.163,15,pos,-0.0,5.393162393162393
7.163,15,sbps,-0.0,5.393162393162393
7.163,15,prculs-d,-0.0,5.393162393162393
7.163,15,prcus-p,-0.0,5.393162393162393
7.163,15,prcus-i,-0.0,5.393162393162393
7.163,15,prcus-a,0.0,5.393162393162393
7.163,15,ifrms,-0.0,5.393162393162393
7.163,15,sspls-v,-0.0,5.393162393162393
7.163,16,mcgs,0.0,5.5783475783475795
7.163,16,pos,-0.0,5.5783475783475795
7.163,16,sbps,-0.0,5.5783475783475795
7.163,16,prculs-d,-0.0,5.5783475783475795
7.163,16,prcus-p,-0.0,5.5783475783475795
7.163,16,prcus-i,-0.0,5.5783475783475795
7.163,16,prcus-a,0.0,5.5783475783475795
7.163,16,ifrms,-0.0,5.5783475783475795
7.163,16,sspls-v,-0.0,5.5783475783475795
7.163,17,mcgs,0.0,5.247863247863247
7.163,17,pos,-0.0,5.247863247863247
7.163,17,sbps,-0.0,5.247863247863247
7.163,17,prculs-d,-0.0,5.247863247863247
7.163,17,prcus-p,-0.0,5.247863247863247
7.163,17,prcus-i,-0.0,5.247863247863247
7.163,17,prcus-a,0.0,5.247863247863247
7.163,17,ifrms,-0.0,5.247863247863247
7.163,17,sspls-v,-0.0,5.247863247863247
7.163,18,mcgs,0.0,5.612535612535612
7.163,18,pos,-0.0,5.612535612535612
7.163,18,sbps,-0.0,5.612535612535612
7.163,18,prculs-d,-0.0,5.612535612535612
7.163,18,prcus-p,-0.0,5.612535612535612
7.163,18,prcus-i,-0.0,5.612535612535612
7.163,18,prcus-a,0.0,5.612535612535612
7.163,18,ifrms,-0.0,5.612535612535612
7.163,18,sspls-v,-0.0,5.612535612535612
7.163,19,mcgs,0.0,5.518518518518518
7.163,19,pos,-0.0,5.518518518518518
7.163,19,sbps,-0.0,5.518518518518518
7.163,19,prculs-d,-0.0,5.518518518518518
7.163,19,prcus-p,-0.0,5.518518518518518
7.163,19,prcus-i,-0.0,5.518518518518518
7.163,19,prcus-a,0.0,5.518518518518518
7.163,19,ifrms,-0.0,5.518518518518518
7.163,19,sspls-v,-0.0,5.518518518518518
7.163,20,mcgs,0.0,5.549857549857548
7.163,20,pos,-0.0,5.549857549857548
7.163,20,sbps,-0.0,5.549857549857548
7.163,20,prculs-d,-0.0,5.549857549857548
7.163,20,prcus-p,-0.0,5.549857549857548
7.163,20,prcus-i,-0.0,5.549857549857548
7.163,20,prcus-a,0.0,5.549857549857548
7.163,20,ifrms,-0.0,5.549857549857548
7.163,20,sspls-v,-0.0,5.549857549857548
7.163,21,mcgs,0.0,5.581196581196581
7.163,21,pos,-0.0,5.581196581196581
7.163,21,sbps,-0.0,5.581196581196581
7.163,21,prculs-d,-0.0,5.581196581196581
7.163,21,prcus-p,-0.0,5.581196581196581
7.163,21,prcus-i,-0.0,5.581196581196581
7.163,21,prcus-a,0.0,5.581196581196581
7.163,21,ifrms,-0.0,5.581196581196581
7.163,21,sspls-v,-0.0,5.581196581196581
7.163,22,mcgs,0.0,5.581196581196581
7.163,22,pos,-0.0,5.581196581196581
7.163,22,sbps,-0.0,5.581196581196581
7.163,22,prculs-d,-0.0,5.581196581196581
7.163,22,prcus-p,-0.0,5.581196581196581
7.163,22,prcus-i,-0.0,5.581196581196581
7.163,22,prcus-a,0.0,5.581196581196581
7.163,22,ifrms,-0.0,5.581196581196581
7.163,22,sspls-v,-0.0,5.581196581196581
7.163,23,mcgs,0.0,5.202279202279203
7.163,23,pos,-0.0,5.202279202279203
7.163,23,sbps,-0.0,5.202279202279203
7.163,23,prculs-d,-0.0,5.202279202279203
7.163,23,prcus-p,-0.0,5.202279202279203
7.163,23,prcus-i,-0.0,5.202279202279203
7.163,23,prcus-a,0.0,5.202279202279203
7.163,23,ifrms,-0.0,5.202279202279203
7.163,23,sspls-v,-0.0,5.202279202279203
7.163,24,mcgs,0.0,5.4245014245014245
7.163,24,pos,-0.0,5.4245014245014245
7.163,24,sbps,-0.0,5.4245014245014245
7.163,24,prculs-d,-0.0,5.4245014245014245
7.163,24,prcus-p,-0.0,5.4245014245014245
7.163,24,prcus-i,-0.0,5.4245014245014245
7.163,24,prcus-a,0.0,5.4245014245014245
7.163,24,ifrms,-0.0,5.4245014245014245
7.163,24,sspls-v,-0.0,5.4245014245014245
7.163,25,mcgs,0.0,5.247863247863247
7.163,25,pos,-0.0,5.247863247863247
7.163,25,sbps,-0.0,5.247863247863247
7.163,25,prculs-d,-0.0,5.247863247863247
7.163,25,prcus-p,-0.0,5.247863247863247
7.163,25,prcus-i,-0.0,5.247863247863247
7.163,25,prcus-a,0.0,5.247863247863247
7.163,25,ifrms,-0.0,5.247863247863247
7.163,25,sspls-v,-0.0,5.247863247863247
7.163,26,mcgs,0.0,5.581196581196581
7.163,26,pos,-0.0,5.581196581196581
7.163,26,sbps,-0.0,5.581196581196581
7.163,26,prculs-d,-0.0,5.581196581196581
7.163,26,prcus-p,-0.0,5.581196581196581
7.163,26,prcus-i,-0.0,5.581196581196581
7.163,26,prcus-a,0.0,5.581196581196581
7.163,26,ifrms,-0.0,5.581196581196581
7.163,26,sspls-v,-0.0,5.581196581196581
7.163,27,mcgs,0.0,5.384615384615386
7.163,27,pos,-0.0,5.384615384615386
7.163,27,sbps,-0.0,5.384615384615386
7.163,27,prculs-d,-0.0,5.384615384615386
7.163,27,prcus-p,-0.0,5.384615384615386
7.163,27,prcus-i,-0.0,5.384615384615386
7.163,27,prcus-a,0.0,5.384615384615386
7.163,27,ifrms,-0.0,5.384615384615386
7.163,27,sspls-v,-0.0,5.384615384615386
7.657,0,mcgs,0.0,5.487179487179486
7.657,0,pos,-0.0,5.487179487179486
7.657,0,sbps,-0.0,5.487179487179486
7.657,0,prculs-d,-0.0,5.487179487179486
7.657,0,prcus-p,-0.0,5.487179487179486
7.657,0,prcus-i,-0.0,5.487179487179486
7.657,0,prcus-a,0.0,5.487179487179486
7.657,0,ifrms,-0.0,5.487179487179486
7.657,0,sspls-v,-0.0,5.487179487179486
7.657,1,mcgs,0.0,5.4245014245014245
7.657,1,pos,-0.0,5.4245014245014245
7.657,1,sbps,-0.0,5.4245014245014245
7.657,1,prculs-d,-0.0,5.4245014245014245
7.657,1,prcus-p,-0.0,5.4245014245014245
7.657,1,prcus-i,-0.0,5.4245014245014245
7.657,1,prcus-a,0.0,5.4245014245014245
7.657,1,ifrms,-0.0,5.4245014245014245
7.657,1,sspls-v,-0.0,5.4245014245014245
7.657,2,mcgs,0.0,5.4245014245014245
7.657,2,pos,-0.0,5.4245014245014245
7.657,2,sbps,-0.0,5.4245014245014245
7.657,2,prculs-d,-0.0,5.4245014245014245
7.657,2,prcus-p,-0.0,5.4245014245014245
7.657,2,prcus-i,-0.0,5.4245014245014245
7.657,2,prcus-a,0.0,5.4245014245014245
7.657,2,ifrms,-0.0,5.4245014245014245
7.657,2,sspls-v,-0.0,5.4245014245014245
7.657,3,mcgs,0.0,5.202279202279202
7.657,3,pos,-0.0,5.202279202279202
7.657,3,sbps,-0.0,5.202279202279202
7.657,3,prculs-d,-0.0,5.202279202279202
7.657,3,prcus-p,-0.0,5.202279202279202
7.657,3,prcus-i,-0.0,5.202279202279202
7.657,3,prcus-a,0.0,5.202279202279202
7.657,3,ifrms,-0.0,5.202279202279202
7.657,3,sspls-v,-0.0,5.202279202279202
7.657,4,mcgs,0.0,5.48148148148148
7.657,4,pos,-0.0,5.48148148148148
7.657,4,sbps,-0.0,5.48148148148148
7.657,4,prculs-d,-0.0,5.48148148148148
7.657,4,prcus-p,-0.0,5.48148148148148
7.657,4,prcus-i,-0.0,5.48148148148148
7.657,4,prcus-a,0.0,5.48148148148148
7.657,4,ifrms,-0.0,5.48148148148148
7.657,4,sspls-v,-0.0,5.48148148148148
7.657,5,mcgs,0.0,5.156695156695156
7.657,5,pos,-0.0,5.156695156695156
7.657,5,sbps,-0.0,5.156695156695156
7.657,5,prculs-d,-0.0,5.156695156695156
7.657,5,prcus-p,-0.0,5.156695156695156
7.657,5,prcus-i,-0.0,5.156695156695156
7.657,5,prcus-a,0.0,5.156695156695156
7.657,5,ifrms,-0.0,5.156695156695156
7.657,5,sspls-v,-0.0,5.156695156695156
7.657,6,mcgs,0.0,5.518518518518518
7.657,6,pos,-0.0,5.518518518518518
7.657,6,sbps,-0.0,5.518518518518518
7.657,6,prculs-d,-0.0,5.518518518518518
7.657,6,prcus-p,-0.0,5.518518518518518
7.657,6,prcus-i,-0.0,5.518518518518518
7.657,6,prcus-a,0.0,5.518518518518518
7.657,6,ifrms,-0.0,5.518518518518518
7.657,6,sspls-v,-0.0,5.518518518518518
7.657,7,mcgs,0.0,5.529914529914531
7.657,7,pos,-0.0,5.529914529914531
7.657,7,sbps,-0.0,5.529914529914531
7.657,7,prculs-d,-0.0,5.529914529914531
7.657,7,prcus-p,-0.0,5.529914529914531
7.657,7,prcus-i,-0.0,5.529914529914531
7.657,7,prcus-a,0.0,5.529914529914531
7.657,7,ifrms,-0.0,5.529914529914531
7.657,7,sspls-v,-0.0,5.529914529914531
7.657,8,mcgs,0.0,5.267806267806268
7.657,8,pos,-0.0,5.267806267806268
7.657,8,sbps,-0.0,5.267806267806268
7.657,8,prculs-d,0.0,5.267806267806268
7.657,8,prcus-p,-0.0,5.267806267806268
7.657,8,prcus-i,-0.0,5.267806267806268
7.657,8,prcus-a,0.0,5.267806267806268
7.657,8,ifrms,-0.0,5.267806267806268
7.657,8,sspls-v,-0.0,5.267806267806268
7.657,9,mcgs,0.0,5.156695156695157
7.657,9,pos,-0.0,5.156695156695157
7.657,9,sbps,-0.0,5.156695156695157
7.657,9,prculs-d,-0.0,5.156695156695157
7.657,9,prcus-p,-0.0,5.156695156695157
7.657,9,prcus-i,-0.0,5.156695156695157
7.657,9,prcus-a,0.0,5.156695156695157
7.657,9,ifrms,-0.0,5.156695156695157
7.657,9,sspls-v,-0.0,5.156695156695157
7.657,10,mcgs,0.0,5.4558404558404545
7.657,10,pos,-0.0,5.4558404558404545
7.657,10,sbps,-0.0,5.4558404558404545
7.657,10,prculs-d,-0.0,5.4558404558404545
7.657,10,prcus-p,-0.0,5.4558404558404545
7.657,10,prcus-i,-0.0,5.4558404558404545
7.657,10,prcus-a,0.0,5.4558404558404545
7.657,10,ifrms,-0.0,5.4558404558404545
7.657,10,sspls-v,-0.0,5.4558404558404545
7.657,11,mcgs,0.0,5.156695156695157
7.657,11,pos,-0.0,5.156695156695157
7.657,11,sbps,-0.0,5.156695156695157
7.657,11,prculs-d,-0.0,5.156695156695157
7.657,11,prcus-p,-0.0,5.156695156695157
7.657,11,prcus-i,-0.0,5.156695156695157
7.657,11,prcus-a,0.0,5.156695156695157
7.657,11,ifrms,-0.0,5.156695156695157
7.657,11,sspls-v,-0.0,5.156695156695157
7.657,12,mcgs,0.0,5.51851851851852
7.657,12,pos,-0.0,5.51851851851852
7.657,12,sbps,-0.0,5.51851851851852
7.657,12,prculs-d,-0.0,5.51851851851852
7.657,12,prcus-p,-0.0,5.51851851851852
7.657,12,prcus-i,-0.0,5.51851851851852
7.657,12,prcus-a,0.0,5.51851851851852
7.657,12,ifrms,-0.0,5.51851851851852
7.657,12,sspls-v,-0.0,5.51851851851852
7.657,13,mcgs,0.0,5.299145299145299
7.657,13,pos,-0.0,5.299145299145299
7.657,13,sbps,-0.0,5.299145299145299
7.657,13,prculs-d,-0.0,5.299145299145299
7.657,13,prcus-p,-0.0,5.299145299145299
7.657,13,prcus-i,-0.0,5.299145299145299
7.657,13,prcus-a,0.0,5.299145299145299
7.657,13,ifrms,-0.0,5.299145299145299
7.657,13,sspls-v,-0.0,5.299145299145299
7.657,14,mcgs,0.0,5.581196581196581
7.657,14,pos,-0.0,5.581196581196581
7.657,14,sbps,-0.0,5.581196581196581
7.657,14,prculs-d,-0.0,5.581196581196581
7.657,14,prcus-p,-0.0,5.581196581196581
7.657,14,prcus-i,-0.0,5.581196581196581
7.657,14,prcus-a,0.0,5.581196581196581
7.657,14,ifrms,-0.0,5.581196581196581
7.657,14,sspls-v,-0.0,5.581196581196581
7.657,15,mcgs,0.0,5.393162393162393
7.657,15,pos,-0.0,5.393162393162393
7.657,15,sbps,-0.0,5.393162393162393
7.657,15,prculs-d,-0.0,5.393162393162393
7.657,15,prcus-p,-0.0,5.393162393162393
7.657,15,prcus-i,-0.0,5.393162393162393
7.657,15,prcus-a,0.0,5.393162393162393
7.657,15,ifrms,-0.0,5.393162393162393
7.657,15,sspls-v,-0.0,5.393162393162393
7.657,16,mcgs,0.0,5.5783475783475795
7.657,16,pos,-0.0,5.5783475783475795
7.657,16,sbps,-0.0,5.5783475783475795
7.657,16,prculs-d,-0.0,5.5783475783475795
7.657,16,prcus-p,-0.0,5.5783475783475795
7.657,16,prcus-i,-0.0,5.5783475783475795
7.657,16,prcus-a,0.0,5.5783475783475795
7.657,16,ifrms,-0.0,5.5783475783475795
7.657,16,sspls-v,-0.0,5.5783475783475795
7.657,17,mcgs,0.0,5.247863247863247
7.657,17,pos,-0.0,5.247863247863247
7.657,17,sbps,-0.0,5.247863247863247
7.657,17,prculs-d,-0.0,5.247863247863247
7.657,17,prcus-p,-0.0,5.247863247863247
7.657,17,prcus-i,-0.0,5.247863247863247
7.657,17,prcus-a,0.0,5.247863247863247
7.657,17,ifrms,-0.0,5.247863247863247
7.657,17,sspls-v,-0.0,5.247863247863247
7.657,18,mcgs,0.0,5.612535612535612
7.657,18,pos,-0.0,5.612535612535612
7.657,18,sbps,-0.0,5.612535612535612
7.657,18,prculs-d,-0.0,5.612535612535612
7.657,18,prcus-p,-0.0,5.612535612535612
7.657,18,prcus-i,-0.0,5.612535612535612
7.657,18,prcus-a,0.0,5.612535612535612
7.657,18,ifrms,-0.0,5.612535612535612
7.657,18,sspls-v,-0.0,5.612535612535612
7.657,19,mcgs,0.0,5.518518518518518
7.657,19,pos,-0.0,5.518518518518518
7.657,19,sbps,-0.0,5.518518518518518
7.657,19,prculs-d,-0.0,5.518518518518518
7.657,19,prcus-p,-0.0,5.518518518518518
7.657,19,prcus-i,-0.0,5.518518518518518
7.657,19,prcus-a,0.0,5.518518518518518
7.657,19,ifrms,-0.0,5.518518518518518
7.657,19,sspls-v,-0.0,5.518518518518518
7.657,20,mcgs,0.0,5.549857549857548
7.657,20,pos,-0.0,5.549857549857548
7.657,20,sbps,-0.0,5.549857549857548
7.657,20,prculs-d,-0.0,5.549857549857548
7.657,20,prcus-p,-0.0,5.549857549857548
7.657,20,prcus-i,-0.0,5.549857549857548
7.657,20,prcus-a,0.0,5.549857549857548
7.657,20,ifrms,-0.0,5.549857549857548
7.657,20,sspls-v,-0.0,5.549857549857548
7.657,21,mcgs,0.0,5.581196581196581
7.657,21,pos,-0.0,5.581196581196581
7.657,21,sbps,-0.0,5.581196581196581
7.657,21,prculs-d,-0.0,5.581196581196581
7.657,21,prcus-p,-0.0,5.581196581196581
7.657,21,prcus-i,-0.0,5.581196581196581
7.657,21,prcus-a,0.0,5.581196581196581
7.657,21,ifrms,-0.0,5.581196581196581
7.657,21,sspls-v,-0.0,5.581196581196581
7.657,22,mcgs,0.0,5.581196581196581
7.657,22,pos,-0.0,5.581196581196581
7.657,22,sbps,-0.0,5.581196581196581
7.657,22,prculs-d,-0.0,5.581196581196581
7.657,22,prcus-p,-0.0,5.581196581196581
7.657,22,prcus-i,-0.0,5.581196581196581
7.657,22,prcus-a,0.0,5.581196581196581
7.657,22,ifrms,-0.0,5.581196581196581
7.657,22,sspls-v,-0.0,5.581196581196581
7.657,23,mcgs,0.0,5.202279202279203
7.657,23,pos,-0.0,5.202279202279203
7.657,23,sbps,-0.0,5.202279202279203
7.657,23,prculs-d,-0.0,5.202279202279203
7.657,23,prcus-p,-0.0,5.202279202279203
7.657,23,prcus-i,-0.0,5.202279202279203
7.657,23,prcus-a,0.0,5.202279202279203
7.657,23,ifrms,-0.0,5.202279202279203
7.657,23,sspls-v,-0.0,5.202279202279203
7.657,24,mcgs,0.0,5.4245014245014245
7.657,24,pos,-0.0,5.4245014245014245
7.657,24,sbps,-0.0,5.4245014245014245
7.657,24,prculs-d,-0.0,5.4245014245014245
7.657,24,prcus-p,-0.0,5.4245014245014245
7.657,24,prcus-i,-0.0,5.4245014245014245
7.657,24,prcus-a,0.0,5.4245014245014245
7.657,24,ifrms,-0.0,5.4245014245014245
7.657,24,sspls-v,-0.0,5.4245014245014245
7.657,25,mcgs,0.0,5.247863247863247
7.657,25,pos,-0.0,5.247863247863247
7.657,25,sbps,-0.0,5.247863247863247
7.657,25,prculs-d,-0.0,5.247863247863247
7.657,25,prcus-p,-0.0,5.247863247863247
7.657,25,prcus-i,-0.0,5.247863247863247
7.657,25,prcus-a,0.0,5.247863247863247
7.657,25,ifrms,-0.0,5.247863247863247
7.657,25,sspls-v,-0.0,5.247863247863247
7.657,26,mcgs,0.0,5.581196581196581
7.657,26,pos,-0.0,5.581196581196581
7.657,26,sbps,-0.0,5.581196581196581
7.657,26,prculs-d,-0.0,5.581196581196581
7.657,26,prcus-p,-0.0,5.581196581196581
7.657,26,prcus-i,-0.0,5.581196581196581
7.657,26,prcus-a,0.0,5.581196581196581
7.657,26,ifrms,-0.0,5.581196581196581
7.657,26,sspls-v,-0.0,5.581196581196581
7.657,27,mcgs,0.0,5.384615384615386
7.657,27,pos,-0.0,5.384615384615386
7.657,27,sbps,-0.0,5.384615384615386
7.657,27,prculs-d,-0.0,5.384615384615386
7.657,27,prcus-p,-0.0,5.384615384615386
7.657,27,prcus-i,-0.0,5.384615384615386
7.657,27,prcus-a,0.0,5.384615384615386
7.657,27,ifrms,-0.0,5.384615384615386
7.657,27,sspls-v,-0.0,5.384615384615386
8.185,0,mcgs,0.0,5.487179487179486
8.185,0,pos,-0.0,5.487179487179486
8.185,0,sbps,-0.0,5.487179487179486
8.185,0,prculs-d,-0.0,5.487179487179486
8.185,0,prcus-p,-0.0,5.487179487179486
8.185,0,prcus-i,-0.0,5.487179487179486
8.185,0,prcus-a,0.0,5.487179487179486
8.185,0,ifrms,-0.0,5.487179487179486
8.185,0,sspls-v,-0.0,5.487179487179486
8.185,1,mcgs,0.0,5.4245014245014245
8.185,1,pos,-0.0,5.4245014245014245
8.185,1,sbps,-0.0,5.4245014245014245
8.185,1,prculs-d,-0.0,5.4245014245014245
8.185,1,prcus-p,-0.0,5.4245014245014245
8.185,1,prcus-i,-0.0,5.4245014245014245
8.185,1,prcus-a,0.0,5.4245014245014245
8.185,1,ifrms,-0.0,5.4245014245014245
8.185,1,sspls-v,-0.0,5.4245014245014245
8.185,2,mcgs,0.0,5.4245014245014245
8.185,2,pos,-0.0,5.4245014245014245
8.185,2,sbps,-0.0,5.4245014245014245
8.185,2,prculs-d,-0.0,5.4245014245014245
8.185,2,prcus-p,-0.0,5.4245014245014245
8.185,2,prcus-i,-0.0,5.4245014245014245
8.185,2,prcus-a,0.0,5.4245014245014245
8.185,2,ifrms,-0.0,5.4245014245014245
8.185,2,sspls-v,-0.0,5.4245014245014245
8.185,3,mcgs,0.0,5.202279202279202
8.185,3,pos,-0.0,5.202279202279202
8.185,3,sbps,-0.0,5.202279202279202
8.185,3,prculs-d,-0.0,5.202279202279202
8.185,3,prcus-p,-0.0,5.202279202279202
8.185,3,prcus-i,-0.0,5.202279202279202
8.185,3,prcus-a,0.0,5.202279202279202
8.185,3,ifrms,-0.0,5.202279202279202
8.185,3,sspls-v,-0.0,5.202279202279202
8.185,4,mcgs,0.0,5.48148148148148
8.185,4,pos,-0.0,5.48148148148148
8.185,4,sbps,-0.0,5.48148148148148
8.185,4,prculs-d,-0.0,5.48148148148148
8.185,4,prcus-p,-0.0,5.48148148148148
8.185,4,prcus-i,-0.0,5.48148148148148
8.185,4,prcus-a,0.0,5.48148148148148
8.185,4,ifrms,-0.0,5.48148148148148
8.185,4,sspls-v,-0.0,5.48148148148148
8.185,5,mcgs,0.0,5.156695156695156
8.185,5,pos,-0.0,5.156695156695156
8.185,5,sbps,-0.0,5.156695156695156
8.185,5,prculs-d,-0.0,5.156695156695156
8.185,5,prcus-p,-0.0,5.156695156695156
8.185,5,prcus-i,-0.0,5.156695156695156
8.185,5,prcus-a,0.0,5.156695156695156
8.185,5,ifrms,-0.0,5.156695156695156
8.185,5,sspls-v,-0.0,5.156695156695156
8.185,6,mcgs,0.0,5.518518518518518
8.185,6,pos,-0.0,5.518518518518518
8.185,6,sbps,-0.0,5.518518518518518
8.185,6,prculs-d,-0.0,5.518518518518518
8.185,6,prcus-p,-0.0,5.518518518518518
8.185,6,prcus-i,-0.0,5.518518518518518
8.185,6,prcus-a,0.0,5.518518518518518
8.185,6,ifrms,-0.0,5.518518518518518
8.185,6,sspls-v,-0.0,5.518518518518518
8.185,7,mcgs,0.0,5.529914529914531
8.185,7,pos,-0.0,5.529914529914531
8.185,7,sbps,-0.0,5.529914529914531
8.185,7,prculs-d,-0.0,5.529914529914531
8.185,7,prcus-p,-0.0,5.529914529914531
8.185,7,prcus-i,-0.0,5.529914529914531
8.185,7,prcus-a,0.0,5.529914529914531
8.185,7,ifrms,-0.0,5.529914529914531
8.185,7,sspls-v,-0.0,5.529914529914531
8.185,8,mcgs,0.0,5.267806267806268
8.185,8,pos,-0.0,5.267806267806268
8.185,8,sbps,-0.0,5.267806267806268
8.185,8,prculs-d,0.0,5.267806267806268
8.185,8,prcus-p,-0.0,5.267806267806268
8.185,8,prcus-i,-0.0,5.267806267806268
8.185,8,prcus-a,0.0,5.267806267806268
8.185,8,ifrms,-0.0,5.267806267806268
8.185,8,sspls-v,-0.0,5.267806267806268
8.185,9,mcgs,0.0,5.156695156695157
8.185,9,pos,-0.0,5.156695156695157
8.185,9,sbps,-0.0,5.156695156695157
8.185,9,prculs-d,-0.0,5.156695156695157
8.185,9,prcus-p,-0.0,5.156695156695157
8.185,9,prcus-i,-0.0,5.156695156695157
8.185,9,prcus-a,0.0,5.156695156695157
8.185,9,ifrms,-0.0,5.156695156695157
8.185,9,sspls-v,-0.0,5.156695156695157
8.185,10,mcgs,0.0,5.4558404558404545
8.185,10,pos,-0.0,5.4558404558404545
8.185,10,sbps,-0.0,5.4558404558404545
8.185,10,prculs-d,-0.0,5.4558404558404545
8.185,10,prcus-p,-0.0,5.4558404558404545
8.185,10,prcus-i,-0.0,5.4558404558404545
8.185,10,prcus-a,0.0,5.4558404558404545
8.185,10,ifrms,-0.0,5.4558404558404545
8.185,10,sspls-v,-0.0,5.4558404558404545
8.185,11,mcgs,0.0,5.156695156695157
8.185,11,pos,-0.0,5.156695156695157
8.185,11,sbps,-0.0,5.156695156695157
8.185,11,prculs-d,-0.0,5.156695156695157
8.185,11,prcus-p,-0.0,5.156695156695157
8.185,11,prcus-i,-0.0,5.156695156695157
8.185,11,prcus-a,0.0,5.156695156695157
8.185,11,ifrms,-0.0,5.156695156695157
8.185,11,sspls-v,-0.0,5.156695156695157
8.185,12,mcgs,0.0,5.51851851851852
8.185,12,pos,-0.0,5.51851851851852
8.185,12,sbps,-0.0,5.51851851851852
8.185,12,prculs-d,-0.0,5.51851851851852
8.185,12,prcus-p,-0.0,5.51851851851852
8.185,12,prcus-i,-0.0,5.51851851851852
8.185,12,prcus-a,0.0,5.51851851851852
8.185,12,ifrms,-0.0,5.51851851851852
8.185,12,sspls-v,-0.0,5.51851851851852
8.185,13,mcgs,0.0,5.299145299145299
8.185,13,pos,-0.0,5.299145299145299
8.185,13,sbps,-0.0,5.299145299145299
8.185,13,prculs-d,-0.0,5.299145299145299
8.185,13,prcus-p,-0.0,5.299145299145299
8.185,13,prcus-i,-0.0,5.299145299145299
8.185,13,prcus-a,0.0,5.299145299145299
8.185,13,ifrms,-0.0,5.299145299145299
8.185,13,sspls-v,-0.0,5.299145299145299
8.185,14,mcgs,0.0,5.581196581196581
8.185,14,pos,-0.0,5.581196581196581
8.185,14,sbps,-0.0,5.581196581196581
8.185,14,prculs-d,-0.0,5.581196581196581
8.185,14,prcus-p,-0.0,5.581196581196581
8.185,14,prcus-i,-0.0,5.581196581196581
8.185,14,prcus-a,0.0,5.581196581196581
8.185,14,ifrms,-0.0,5.581196581196581
8.185,14,sspls-v,-0.0,5.581196581196581
8.185,15,mcgs,0.0,5.393162393162393
8.185,15,pos,-0.0,5.393162393162393
8.185,15,sbps,-0.0,5.393162393162393
8.185,15,prculs-d,-0.0,5.393162393162393
8.185,15,prcus-p,-0.0,5.393162393162393
8.185,15,prcus-i,-0.0,5.393162393162393
8.185,15,prcus-a,0.0,5.393162393162393
8.185,15,ifrms,-0.0,5.393162393162393
8.185,15,sspls-v,-0.0,5.393162393162393
8.185,16,mcgs,0.0,5.5783475783475795
8.185,16,pos,-0.0,5.5783475783475795
8.185,16,sbps,-0.0,5.5783475783475795
8.185,16,prculs-d,-0.0,5.5783475783475795
8.185,16,prcus-p,-0.0,5.5783475783475795
8.185,16,prcus-i,-0.0,5.5783475783475795
8.185,16,prcus-a,0.0,5.5783475783475795
8.185,16,ifrms,-0.0,5.5783475783475795
8.185,16,sspls-v,-0.0,5.5783475783475795
8.185,17,mcgs,0.0,5.247863247863247
8.185,17,pos,-0.0,5.247863247863247
8.185,17,sbps,-0.0,5.247863247863247
8.185,17,prculs-d,-0.0,5.247863247863247
8.185,17,prcus-p,-0.0,5.247863247863247
8.185,17,prcus-i,-0.0,5.247863247863247
8.185,17,prcus-a,0.0,5.247863247863247
8.185,17,ifrms,-0.0,5.247863247863247
8.185,17,sspls-v,-0.0,5.247863247863247
8.185,18,mcgs,0.0,5.612535612535612
8.185,18,pos,-0.0,5.612535612535612
8.185,18,sbps,-0.0,5.612535612535612
8.185,18,prculs-d,-0.0,5.612535612535612
8.185,18,prcus-p,-0.0,5.612535612535612
8.185,18,prcus-i,-0.0,5.612535612535612
8.185,18,prcus-a,0.0,5.612535612535612
8.185,18,ifrms,-0.0,5.612535612535612
8.185,18,sspls-v,-0.0,5.612535612535612
8.185,19,mcgs,0.0,5.518518518518518
8.185,19,pos,-0.0,5.518518518518518
8.185,19,sbps,-0.0,5.518518518518518
8.185,19,prculs-d,-0.0,5.518518518518518
8.185,19,prcus-p,-0.0,5.518518518518518
8.185,19,prcus-i,-0.0,5.518518518518518
8.185,19,prcus-a,0.0,5.518518518518518
8.185,19,ifrms,-0.0,5.518518518518518
8.185,19,sspls-v,-0.0,5.518518518518518
8.185,20,mcgs,0.0,5.549857549857548
8.185,20,pos,-0.0,5.549857549857548
8.185,20,sbps,-0.0,5.549857549857548
8.185,20,prculs-d,-0.0,5.549857549857548
8.185,20,prcus-p,-0.0,5.549857549857548
8.185,20,prcus-i,-0.0,5.549857549857548
8.185,20,prcus-a,0.0,5.549857549857548
8.185,20,ifrms,-0.0,5.549857549857548
8.185,20,sspls-v,-0.0,5.549857549857548
8.185,21,mcgs,0.0,5.581196581196581
8.185,21,pos,-0.0,5.581196581196581
8.185,21,sbps,-0.0,5.581196581196581
8.185,21,prculs-d,-0.0,5.581196581196581
8.185,21,prcus-p,-0.0,5.581196581196581
8.185,21,prcus-i,-0.0,5.581196581196581
8.185,21,prcus-a,0.0,5.581196581196581
8.185,21,ifrms,-0.0,5.581196581196581
8.185,21,sspls-v,-0.0,5.581196581196581
8.185,22,mcgs,0.0,5.581196581196581
8.185,22,pos,-0.0,5.581196581196581
8.185,22,sbps,-0.0,5.581196581196581
8.185,22,prculs-d,-0.0,5.581196581196581
8.185,22,prcus-p,-0.0,5.581196581196581
8.185,22,prcus-i,-0.0,5.581196581196581
8.185,22,prcus-a,0.0,5.581196581196581
8.185,22,ifrms,-0.0,5.581196581196581
8.185,22,sspls-v,-0.0,5.581196581196581
8.185,23,mcgs,0.0,5.202279202279203
8.185,23,pos,-0.0,5.202279202279203
8.185,23,sbps,-0.0,5.202279202279203
8.185,23,prculs-d,-0.0,5.202279202279203
8.185,23,prcus-p,-0.0,5.202279202279203
8.185,23,prcus-i,-0.0,5.202279202279203
8.185,23,prcus-a,0.0,5.202279202279203
8.185,23,ifrms,-0.0,5.202279202279203
8.185,23,sspls-v,-0.0,5.202279202279203
8.185,24,mcgs,0.0,5.4245014245014245
8.185,24,pos,-0.0,5.4245014245014245
8.185,24,sbps,-0.0,5.4245014245014245
8.185,24,prculs-d,-0.0,5.4245014245014245
8.185,24,prcus-p,-0.0,5.4245014245014245
8.185,24,prcus-i,-0.0,5.4245014245014245
8.185,24,prcus-a,0.0,5.4245014245014245
8.185,24,ifrms,-0.0,5.4245014245014245
8.185,24,sspls-v,-0.0,5.4245014245014245
8.185,25,mcgs,0.0,5.247863247863247
8.185,25,pos,-0.0,5.247863247863247
8.185,25,sbps,-0.0,5.247863247863247
8.185,25,prculs-d,-0.0,5.247863247863247
8.185,25,prcus-p,-0.0,5.247863247863247
8.185,25,prcus-i,-0.0,5.247863247863247
8.185,25,prcus-a,0.0,5.247863247863247
8.185,25,ifrms,-0.0,5.247863247863247
8.185,25,sspls-v,-0.0,5.247863247863247
8.185,26,mcgs,0.0,5.581196581196581
8.185,26,pos,-0.0,5.581196581196581
8.185,26,sbps,-0.0,5.581196581196581
8.185,26,prculs-d,-0.0,5.581196581196581
8.185,26,prcus-p,-0.0,5.581196581196581
8.185,26,prcus-i,-0.0,5.581196581196581
8.185,26,prcus-a,0.0,5.581196581196581
8.185,26,ifrms,-0.0,5.581196581196581
8.185,26,sspls-v,-0.0,5.581196581196581
8.185,27,mcgs,0.0,5.384615384615386
8.185,27,pos,-0.0,5.384615384615386
8.185,27,sbps,-0.0,5.384615384615386
8.185,27,prculs-d,-0.0,5.384615384615386
8.185,27,prcus-p,-0.0,5.384615384615386
8.185,27,prcus-i,-0.0,5.384615384615386
8.185,27,prcus-a,0.0,5.384615384615386
8.185,27,ifrms,-0.0,5.384615384615386
8.185,27,sspls-v,-0.0,5.384615384615386
8.75,0,mcgs,0.0,5.487179487179486
8.75,0,pos,-0.0,5.487179487179486
8.75,0,sbps,-0.0,5.487179487179486
8.75,0,prculs-d,-0.0,5.487179487179486
8.75,0,prcus-p,-0.0,5.487179487179486
8.75,0,prcus-i,-0.0,5.487179487179486
8.75,0,prcus-a,0.0,5.487179487179486
8.75,0,ifrms,-0.0,5.487179487179486
8.75,0,sspls-v,-0.0,5.487179487179486
8.75,1,mcgs,0.0,5.4245014245014245
8.75,1,pos,-0.0,5.4245014245014245
8.75,1,sbps,-0.0,5.4245014245014245
8.75,1,prculs-d,-0.0,5.4245014245014245
8.75,1,prcus-p,-0.0,5.4245014245014245
8.75,1,prcus-i,-0.0,5.4245014245014245
8.75,1,prcus-a,0.0,5.4245014245014245
8.75,1,ifrms,-0.0,5.4245014245014245
8.75,1,sspls-v,-0.0,5.4245014245014245
8.75,2,mcgs,0.0,5.4245014245014245
8.75,2,pos,-0.0,5.4245014245014245
8.75,2,sbps,-0.0,5.4245014245014245
8.75,2,prculs-d,-0.0,5.4245014245014245
8.75,2,prcus-p,-0.0,5.4245014245014245
8.75,2,prcus-i,-0.0,5.4245014245014245
8.75,2,prcus-a,0.0,5.4245014245014245
8.75,2,ifrms,-0.0,5.4245014245014245
8.75,2,sspls-v,-0.0,5.4245014245014245
8.75,3,mcgs,0.0,5.202279202279202
8.75,3,pos,-0.0,5.202279202279202
8.75,3,sbps,-0.0,5.202279202279202
8.75,3,prculs-d,-0.0,5.202279202279202
8.75,3,prcus-p,-0.0,5.202279202279202
8.75,3,prcus-i,-0.0,5.202279202279202
8.75,3,prcus-a,0.0,5.202279202279202
8.75,3,ifrms,-0.0,5.202279202279202
8.75,3,sspls-v,-0.0,5.202279202279202
8.75,4,mcgs,0.0,5.48148148148148
8.75,4,pos,-0.0,5.48148148148148
8.75,4,sbps,-0.0,5.48148148148148
8.75,4,prculs-d,-0.0,5.48148148148148
8.75,4,prcus-p,-0.0,5.48148148148148
8.75,4,prcus-i,-0.0,5.48148148148148
8.75,4,prcus-a,0.0,5.48148148148148
8.75,4,ifrms,-0.0,5.48148148148148
8.75,4,sspls-v,-0.0,5.48148148148148
8.75,5,mcgs,0.0,5.156695156695156
8.75,5,pos,-0.0,5.156695156695156
8.75,5,sbps,-0.0,5.156695156695156
8.75,5,prculs-d,-0.0,5.156695156695156
8.75,5,prcus-p,-0.0,5.156695156695156
8.75,5,prcus-i,-0.0,5.156695156695156
8.75,5,prcus-a,0.0,5.156695156695156
8.75,5,ifrms,-0.0,5.156695156695156
8.75,5,sspls-v,-0.0,5.156695156695156
8.75,6,mcgs,0.0,5.518518518518518
8.75,6,pos,-0.0,5.518518518518518
8.75,6,sbps,-0.0,5.518518518518518
8.75,6,prculs-d,-0.0,5.518518518518518
8.75,6,prcus-p,-0.0,5.518518518518518
8.75,6,prcus-i,-0.0,5.518518518518518
8.75,6,prcus-a,0.0,5.518518518518518
8.75,6,ifrms,-0.0,5.518518518518518
8.75,6,sspls-v,-0.0,5.518518518518518
8.75,7,mcgs,0.0,5.529914529914531
8.75,7,pos,-0.0,5.529914529914531
8.75,7,sbps,-0.0,5.529914529914531
8.75,7,prculs-d,-0.0,5.529914529914531
8.75,7,prcus-p,-0.0,5.529914529914531
8.75,7,prcus-i,-0.0,5.529914529914531
8.75,7,prcus-a,0.0,5.529914529914531
8.75,7,ifrms,-0.0,5.529914529914531
8.75,7,sspls-v,-0.0,5.529914529914531
8.75,8,mcgs,0.0,5.267806267806268
8.75,8,pos,-0.0,5.267806267806268
8.75,8,sbps,-0.0,5.267806267806268
8.75,8,prculs-d,0.0,5.267806267806268
8.75,8,prcus-p,-0.0,5.267806267806268
8.75,8,prcus-i,-0.0,5.267806267806268
8.75,8,prcus-a,0.0,5.267806267806268
8.75,8,ifrms,-0.0,5.267806267806268
8.75,8,sspls-v,-0.0,5.267806267806268
8.75,9,mcgs,0.0,5.156695156695157
8.75,9,pos,-0.0,5.156695156695157
8.75,9,sbps,-0.0,5.156695156695157
8.75,9,prculs-d,-0.0,5.156695156695157
8.75,9,prcus-p,-0.0,5.156695156695157
8.75,9,prcus-i,-0.0,5.156695156695157
8.75,9,prcus-a,0.0,5.156695156695157
8.75,9,ifrms,-0.0,5.156695156695157
8.75,9,sspls-v,-0.0,5.156695156695157
8.75,10,mcgs,0.0,5.4558404558404545
8.75,10,pos,-0.0,5.4558404558404545
8.75,10,sbps,-0.0,5.4558404558404545
8.75,10,prculs-d,-0.0,5.4558404558404545
8.75,10,prcus-p,-0.0,5.4558404558404545
8.75,10,prcus-i,-0.0,5.4558404558404545
8.75,10,prcus-a,0.0,5.4558404558404545
8.75,10,ifrms,-0.0,5.4558404558404545
8.75,10,sspls-v,-0.0,5.4558404558404545
8.75,11,mcgs,0.0,5.156695156695157
8.75,11,pos,-0.0,5.156695156695157
8.75,11,sbps,-0.0,5.156695156695157
8.75,11,prculs-d,-0.0,5.156695156695157
8.75,11,prcus-p,-0.0,5.156695156695157
8.75,11,prcus-i,-0.0,5.156695156695157
8.75,11,prcus-a,0.0,5.156695156695157
8.75,11,ifrms,-0.0,5.156695156695157
8.75,11,sspls-v,-0.0,5.156695156695157
8.75,12,mcgs,0.0,5.51851851851852
8.75,12,pos,-0.0,5.51851851851852
8.75,12,sbps,-0.0,5.51851851851852
8.75,12,prculs-d,-0.0,5.51851851851852
8.75,12,prcus-p,-0.0,5.51851851851852
8.75,12,prcus-i,-0.0,5.51851851851852
8.75,12,prcus-a,0.0,5.51851851851852
8.75,12,ifrms,-0.0,5.51851851851852
8.75,12,sspls-v,-0.0,5.51851851851852
8.75,13,mcgs,0.0,5.299145299145299
8.75,13,pos,-0.0,5.299145299145299
8.75,13,sbps,-0.0,5.299145299145299
8.75,13,prculs-d,-0.0,5.299145299145299
8.75,13,prcus-p,-0.0,5.299145299145299
8.75,13,prcus-i,-0.0,5.299145299145299
8.75,13,prcus-a,0.0,5.299145299145299
8.75,13,ifrms,-0.0,5.299145299145299
8.75,13,sspls-v,-0.0,5.299145299145299
8.75,14,mcgs,0.0,5.581196581196581
8.75,14,pos,-0.0,5.581196581196581
8.75,14,sbps,-0.0,5.581196581196581
8.75,14,prculs-d,-0.0,5.581196581196581
8.75,14,prcus-p,-0.0,5.581196581196581
8.75,14,prcus-i,-0.0,5.581196581196581
8.75,14,prcus-a,0.0,5.581196581196581
8.75,14,ifrms,-0.0,5.581196581196581
8.75,14,sspls-v,-0.0,5.581196581196581
8.75,15,mcgs,0.0,5.393162393162393
8.75,15,pos,-0.0,5.393162393162393
8.75,15,sbps,-0.0,5.393162393162393
8.75,15,prculs-d,-0.0,5.393162393162393
8.75,15,prcus-p,-0.0,5.393162393162393
8.75,15,prcus-i,-0.0,5.393162393162393
8.75,15,prcus-a,0.0,5.393162393162393
8.75,15,ifrms,-0.0,5.393162393162393
8.75,15,sspls-v,-0.0,5.393162393162393
8.75,16,mcgs,0.0,5.5783475783475795
8.75,16,pos,-0.0,5.5783475783475795
8.75,16,sbps,-0.0,5.5783475783475795
8.75,16,prculs-d,-0.0,5.5783475783475795
8.75,16,prcus-p,-0.0,5.5783475783475795
8.75,16,prcus-i,-0.0,5.5783475783475795
8.75,16,prcus-a,0.0,5.5783475783475795
8.75,16,ifrms,-0.0,5.5783475783475795
8.75,16,sspls-v,-0.0,5.5783475783475795
8.75,17,mcgs,0.0,5.247863247863247
8.75,17,pos,-0.0,5.247863247863247
8.75,17,sbps,-0.0,5.247863247863247
8.75,17,prculs-d,-0.0,5.247863247863247
8.75,17,prcus-p,-0.0,5.247863247863247
8.75,17,prcus-i,-0.0,5.247863247863247
8.75,17,prcus-a,0.0,5.247863247863247
8.75,17,ifrms,-0.0,5.247863247863247
8.75,17,sspls-v,-0.0,5.247863247863247
8.75,18,mcgs,0.0,5.612535612535612
8.75,18,pos,-0.0,5.612535612535612
8.75,18,sbps,-0.0,5.612535612535612
8.75,18,prculs-d,-0.0,5.612535612535612
8.75,18,prcus-p,-0.0,5.612535612535612
8.75,18,prcus-i,-0.0,5.612535612535612
8.75,18,prcus-a,0.0,5.612535612535612
8.75,18,ifrms,-0.0,5.612535612535612
8.75,18,sspls-v,-0.0,5.612535612535612
8.75,19,mcgs,0.0,5.518518518518518
8.75,19,pos,-0.0,5.518518518518518
8.75,19,sbps,-0.0,5.518518518518518
8.75,19,prculs-d,-0.0,5.518518518518518
8.75,19,prcus-p,-0.0,5.518518518518518
8.75,19,prcus-i,-0.0,5.518518518518518
8.75,19,prcus-a,0.0,5.518518518518518
8.75,19,ifrms,-0.0,5.518518518518518
8.75,19,sspls-v,-0.0,5.518518518518518
8.75,20,mcgs,0.0,5.549857549857548
8.75,20,pos,-0.0,5.549857549857548
8.75,20,sbps,-0.0,5.549857549857548
8.75,20,prculs-d,-0.0,5.549857549857548
8.75,20,prcus-p,-0.0,5.549857549857548
8.75,20,prcus-i,-0.0,5.549857549857548
8.75,20,prcus-a,0.0,5.549857549857548
8.75,20,ifrms,-0.0,5.549857549857548
8.75,20,sspls-v,-0.0,5.549857549857548
8.75,21,mcgs,0.0,5.581196581196581
8.75,21,pos,-0.0,5.581196581196581
8.75,21,sbps,-0.0,5.581196581196581
8.75,21,prculs-d,-0.0,5.581196581196581
8.75,21,prcus-p,-0.0,5.581196581196581
8.75,21,prcus-i,-0.0,5.581196581196581
8.75,21,prcus-a,0.0,5.581196581196581
8.75,21,ifrms,-0.0,5.581196581196581
8.75,21,sspls-v,-0.0,5.581196581196581
8.75,22,mcgs,0.0,5.581196581196581
8.75,22,pos,-0.0,5.581196581196581
8.75,22,sbps,-0.0,5.581196581196581
8.75,22,prculs-d,-0.0,5.581196581196581
8.75,22,prcus-p,-0.0,5.581196581196581
8.75,22,prcus-i,-0.0,5.581196581196581
8.75,22,prcus-a,0.0,5.581196581196581
8.75,22,ifrms,-0.0,5.581196581196581
8.75,22,sspls-v,-0.0,5.581196581196581
8.75,23,mcgs,0.0,5.202279202279203
8.75,23,pos,-0.0,5.202279202279203
8.75,23,sbps,-0.0,5.202279202279203
8.75,23,prculs-d,-0.0,5.202279202279203
8.75,23,prcus-p,-0.0,5.202279202279203
8.75,23,prcus-i,-0.0,5.202279202279203
8.75,23,prcus-a,0.0,5.202279202279203
8.75,23,ifrms,-0.0,5.202279202279203
8.75,23,sspls-v,-0.0,5.202279202279203
8.75,24,mcgs,0.0,5.4245014245014245
8.75,24,pos,-0.0,5.4245014245014245
8.75,24,sbps,-0.0,5.4245014245014245
8.75,24,prculs-d,-0.0,5.4245014245014245
8.75,24,prcus-p,-0.0,5.4245014245014245
8.75,24,prcus-i,-0.0,5.4245014245014245
8.75,24,prcus-a,0.0,5.4245014245014245
8.75,24,ifrms,-0.0,5.4245014245014245
8.75,24,sspls-v,-0.0,5.4245014245014245
8.75,25,mcgs,0.0,5.247863247863247
8.75,25,pos,-0.0,5.247863247863247
8.75,25,sbps,-0.0,5.247863247863247
8.75,25,prculs-d,-0.0,5.247863247863247
8.75,25,prcus-p,-0.0,5.247863247863247
8.75,25,prcus-i,-0.0,5.247863247863247
8.75,25,prcus-a,0.0,5.247863247863247
8.75,25,ifrms,-0.0,5.247863247863247
8.75,25,sspls-v,-0.0,5.247863247863247
8.75,26,mcgs,0.0,5.581196581196581
8.75,26,pos,-0.0,5.581196581196581
8.75,26,sbps,-0.0,5.581196581196581
8.75,26,prculs-d,-0.0,5.581196581196581
8.75,26,prcus-p,-0.0,5.581196581196581
8.75,26,prcus-i,-0.0,5.581196581196581
8.75,26,prcus-a,0.0,5.581196581196581
8.75,26,ifrms,-0.0,5.581196581196581
8.75,26,sspls-v,-0.0,5.581196581196581
8.75,27,mcgs,0.0,5.384615384615386
8.75,27,pos,-0.0,5.384615384615386
8.75,27,sbps,-0.0,5.384615384615386
8.75,27,prculs-d,-0.0,5.384615384615386
8.75,27,prcus-p,-0.0,5.384615384615386
8.75,27,prcus-i,-0.0,5.384615384615386
8.75,27,prcus-a,0.0,5.384615384615386
8.75,27,ifrms,-0.0,5.384615384615386
8.75,27,sspls-v,-0.0,5.384615384615386
9.354,0,mcgs,0.0,5.487179487179486
9.354,0,pos,-0.0,5.487179487179486
9.354,0,sbps,-0.0,5.487179487179486
9.354,0,prculs-d,-0.0,5.487179487179486
9.354,0,prcus-p,-0.0,5.487179487179486
9.354,0,prcus-i,-0.0,5.487179487179486
9.354,0,prcus-a,0.0,5.487179487179486
9.354,0,ifrms,-0.0,5.487179487179486
9.354,0,sspls-v,-0.0,5.487179487179486
9.354,1,mcgs,0.0,5.4245014245014245
9.354,1,pos,-0.0,5.4245014245014245
9.354,1,sbps,-0.0,5.4245014245014245
9.354,1,prculs-d,-0.0,5.4245014245014245
9.354,1,prcus-p,-0.0,5.4245014245014245
9.354,1,prcus-i,-0.0,5.4245014245014245
9.354,1,prcus-a,0.0,5.4245014245014245
9.354,1,ifrms,-0.0,5.4245014245014245
9.354,1,sspls-v,-0.0,5.4245014245014245
9.354,2,mcgs,0.0,5.4245014245014245
9.354,2,pos,-0.0,5.4245014245014245
9.354,2,sbps,-0.0,5.4245014245014245
9.354,2,prculs-d,-0.0,5.4245014245014245
9.354,2,prcus-p,-0.0,5.4245014245014245
9.354,2,prcus-i,-0.0,5.4245014245014245
9.354,2,prcus-a,0.0,5.4245014245014245
9.354,2,ifrms,-0.0,5.4245014245014245
9.354,2,sspls-v,-0.0,5.4245014245014245
9.354,3,mcgs,0.0,5.202279202279202
9.354,3,pos,-0.0,5.202279202279202
9.354,3,sbps,-0.0,5.202279202279202
9.354,3,prculs-d,-0.0,5.202279202279202
9.354,3,prcus-p,-0.0,5.202279202279202
9.354,3,prcus-i,-0.0,5.202279202279202
9.354,3,prcus-a,0.0,5.202279202279202
9.354,3,ifrms,-0.0,5.202279202279202
9.354,3,sspls-v,-0.0,5.202279202279202
9.354,4,mcgs,0.0,5.48148148148148
9.354,4,pos,-0.0,5.48148148148148
9.354,4,sbps,-0.0,5.48148148148148
9.354,4,prculs-d,-0.0,5.48148148148148
9.354,4,prcus-p,-0.0,5.48148148148148
9.354,4,prcus-i,-0.0,5.48148148148148
9.354,4,prcus-a,0.0,5.48148148148148
9.354,4,ifrms,-0.0,5.48148148148148
9.354,4,sspls-v,-0.0,5.48148148148148
9.354,5,mcgs,0.0,5.156695156695156
9.354,5,pos,-0.0,5.156695156695156
9.354,5,sbps,-0.0,5.156695156695156
9.354,5,prculs-d,-0.0,5.156695156695156
9.354,5,prcus-p,-0.0,5.156695156695156
9.354,5,prcus-i,-0.0,5.156695156695156
9.354,5,prcus-a,0.0,5.156695156695156
9.354,5,ifrms,-0.0,5.156695156695156
9.354,5,sspls-v,-0.0,5.156695156695156
9.354,6,mcgs,0.0,5.518518518518518
9.354,6,pos,-0.0,5.518518518518518
9.354,6,sbps,-0.0,5.518518518518518
9.354,6,prculs-d,-0.0,5.518518518518518
9.354,6,prcus-p,-0.0,5.518518518518518
9.354,6,prcus-i,-0.0,5.518518518518518
9.354,6,prcus-a,0.0,5.518518518518518
9.354,6,ifrms,-0.0,5.518518518518518
9.354,6,sspls-v,-0.0,5.518518518518518
9.354,7,mcgs,0.0,5.529914529914531
9.354,7,pos,-0.0,5.529914529914531
9.354,7,sbps,-0.0,5.529914529914531
9.354,7,prculs-d,-0.0,5.529914529914531
9.354,7,prcus-p,-0.0,5.529914529914531
9.354,7,prcus-i,-0.0,5.529914529914531
9.354,7,prcus-a,0.0,5.529914529914531
9.354,7,ifrms,-0.0,5.529914529914531
9.354,7,sspls-v,-0.0,5.529914529914531
9.354,8,mcgs,0.0,5.267806267806268
9.354,8,pos,-0.0,5.267806267806268
9.354,8,sbps,-0.0,5.267806267806268
9.354,8,prculs-d,0.0,5.267806267806268
9.354,8,prcus-p,-0.0,5.267806267806268
9.354,8,prcus-i,-0.0,5.267806267806268
9.354,8,prcus-a,0.0,5.267806267806268
9.354,8,ifrms,-0.0,5.267806267806268
9.354,8,sspls-v,-0.0,5.267806267806268
9.354,9,mcgs,0.0,5.156695156695157
9.354,9,pos,-0.0,5.156695156695157
9.354,9,sbps,-0.0,5.156695156695157
9.354,9,prculs-d,-0.0,5.156695156695157
9.354,9,prcus-p,-0.0,5.156695156695157
9.354,9,prcus-i,-0.0,5.156695156695157
9.354,9,prcus-a,0.0,5.156695156695157
9.354,9,ifrms,-0.0,5.156695156695157
9.354,9,sspls-v,-0.0,5.156695156695157
9.354,10,mcgs,0.0,5.4558404558404545
9.354,10,pos,-0.0,5.4558404558404545
9.354,10,sbps,-0.0,5.4558404558404545
9.354,10,prculs-d,-0.0,5.4558404558404545
9.354,10,prcus-p,-0.0,5.4558404558404545
9.354,10,prcus-i,-0.0,5.4558404558404545
9.354,10,prcus-a,0.0,5.4558404558404545
9.354,10,ifrms,-0.0,5.4558404558404545
9.354,10,sspls-v,-0.0,5.4558404558404545
9.354,11,mcgs,0.0,5.156695156695157
9.354,11,pos,-0.0,5.156695156695157
9.354,11,sbps,-0.0,5.156695156695157
9.354,11,prculs-d,-0.0,5.156695156695157
9.354,11,prcus-p,-0.0,5.156695156695157
9.354,11,prcus-i,-0.0,5.156695156695157
9.354,11,prcus-a,0.0,5.156695156695157
9.354,11,ifrms,-0.0,5.156695156695157
9.354,11,sspls-v,-0.0,5.156695156695157
9.354,12,mcgs,0.0,5.51851851851852
9.354,12,pos,-0.0,5.51851851851852
9.354,12,sbps,-0.0,5.51851851851852
9.354,12,prculs-d,-0.0,5.51851851851852
9.354,12,prcus-p,-0.0,5.51851851851852
9.354,12,prcus-i,-0.0,5.51851851851852
9.354,12,prcus-a,0.0,5.51851851851852
9.354,12,ifrms,-0.0,5.51851851851852
9.354,12,sspls-v,-0.0,5.51851851851852
9.354,13,mcgs,0.0,5.299145299145299
9.354,13,pos,-0.0,5.299145299145299
9.354,13,sbps,-0.0,5.299145299145299
9.354,13,prculs-d,-0.0,5.299145299145299
9.354,13,prcus-p,-0.0,5.299145299145299
9.354,13,prcus-i,-0.0,5.299145299145299
9.354,13,prcus-a,0.0,5.299145299145299
9.354,13,ifrms,-0.0,5.299145299145299
9.354,13,sspls-v,-0.0,5.299145299145299
9.354,14,mcgs,0.0,5.581196581196581
9.354,14,pos,-0.0,5.581196581196581
9.354,14,sbps,-0.0,5.581196581196581
9.354,14,prculs-d,-0.0,5.581196581196581
9.354,14,prcus-p,-0.0,5.581196581196581
9.354,14,prcus-i,-0.0,5.581196581196581
9.354,14,prcus-a,0.0,5.581196581196581
9.354,14,ifrms,-0.0,5.581196581196581
9.354,14,sspls-v,-0.0,5.581196581196581
9.354,15,mcgs,0.0,5.393162393162393
9.354,15,pos,-0.0,5.393162393162393
9.354,15,sbps,-0.0,5.393162393162393
9.354,15,prculs-d,-0.0,5.393162393162393
9.354,15,prcus-p,-0.0,5.393162393162393
9.354,15,prcus-i,-0.0,5.393162393162393
9.354,15,prcus-a,0.0,5.393162393162393
9.354,15,ifrms,-0.0,5.393162393162393
9.354,15,sspls-v,-0.0,5.393162393162393
9.354,16,mcgs,0.0,5.5783475783475795
9.354,16,pos,-0.0,5.5783475783475795
9.354,16,sbps,-0.0,5.5783475783475795
9.354,16,prculs-d,-0.0,5.5783475783475795
9.354,16,prcus-p,-0.0,5.5783475783475795
9.354,16,prcus-i,-0.0,5.5783475783475795
9.354,16,prcus-a,0.0,5.5783475783475795
9.354,16,ifrms,-0.0,5.5783475783475795
9.354,16,sspls-v,-0.0,5.5783475783475795
9.354,17,mcgs,0.0,5.247863247863247
9.354,17,pos,-0.0,5.247863247863247
9.354,17,sbps,-0.0,5.247863247863247
9.354,17,prculs-d,-0.0,5.247863247863247
9.354,17,prcus-p,-0.0,5.247863247863247
9.354,17,prcus-i,-0.0,5.247863247863247
9.354,17,prcus-a,0.0,5.247863247863247
9.354,17,ifrms,-0.0,5.247863247863247
9.354,17,sspls-v,-0.0,5.247863247863247
9.354,18,mcgs,0.0,5.612535612535612
9.354,18,pos,-0.0,5.612535612535612
9.354,18,sbps,-0.0,5.612535612535612
9.354,18,prculs-d,-0.0,5.612535612535612
9.354,18,prcus-p,-0.0,5.612535612535612
9.354,18,prcus-i,-0.0,5.612535612535612
9.354,18,prcus-a,0.0,5.612535612535612
9.354,18,ifrms,-0.0,5.612535612535612
9.354,18,sspls-v,-0.0,5.612535612535612
9.354,19,mcgs,0.0,5.518518518518518
9.354,19,pos,-0.0,5.518518518518518
9.354,19,sbps,-0.0,5.518518518518518
9.354,19,prculs-d,-0.0,5.518518518518518
9.354,19,prcus-p,-0.0,5.518518518518518
9.354,19,prcus-i,-0.0,5.518518518518518
9.354,19,prcus-a,0.0,5.518518518518518
9.354,19,ifrms,-0.0,5.518518518518518
9.354,19,sspls-v,-0.0,5.518518518518518
9.354,20,mcgs,0.0,5.549857549857548
9.354,20,pos,-0.0,5.549857549857548
9.354,20,sbps,-0.0,5.549857549857548
9.354,20,prculs-d,-0.0,5.549857549857548
9.354,20,prcus-p,-0.0,5.549857549857548
9.354,20,prcus-i,-0.0,5.549857549857548
9.354,20,prcus-a,0.0,5.549857549857548
9.354,20,ifrms,-0.0,5.549857549857548
9.354,20,sspls-v,-0.0,5.549857549857548
9.354,21,mcgs,0.0,5.581196581196581
9.354,21,pos,-0.0,5.581196581196581
9.354,21,sbps,-0.0,5.581196581196581
9.354,21,prculs-d,-0.0,5.581196581196581
9.354,21,prcus-p,-0.0,5.581196581196581
9.354,21,prcus-i,-0.0,5.581196581196581
9.354,21,prcus-a,0.0,5.581196581196581
9.354,21,ifrms,-0.0,5.581196581196581
9.354,21,sspls-v,-0.0,5.581196581196581
9.354,22,mcgs,0.0,5.581196581196581
9.354,22,pos,-0.0,5.581196581196581
9.354,22,sbps,-0.0,5.581196581196581
9.354,22,prculs-d,-0.0,5.581196581196581
9.354,22,prcus-p,-0.0,5.581196581196581
9.354,22,prcus-i,-0.0,5.581196581196581
9.354,22,prcus-a,0.0,5.581196581196581
9.354,22,ifrms,-0.0,5.581196581196581
9.354,22,sspls-v,-0.0,5.581196581196581
9.354,23,mcgs,0.0,5.202279202279203
9.354,23,pos,-0.0,5.202279202279203
9.354,23,sbps,-0.0,5.202279202279203
9.354,23,prculs-d,-0.0,5.202279202279203
9.354,23,prcus-p,-0.0,5.202279202279203
9.354,23,prcus-i,-0.0,5.202279202279203
9.354,23,prcus-a,0.0,5.202279202279203
9.354,23,ifrms,-0.0,5.202279202279203
9.354,23,sspls-v,-0.0,5.202279202279203
9.354,24,mcgs,0.0,5.4245014245014245
9.354,24,pos,-0.0,5.4245014245014245
9.354,24,sbps,-0.0,5.4245014245014245
9.354,24,prculs-d,-0.0,5.4245014245014245
9.354,24,prcus-p,-0.0,5.4245014245014245
9.354,24,prcus-i,-0.0,5.4245014245014245
9.354,24,prcus-a,0.0,5.4245014245014245
9.354,24,ifrms,-0.0,5.4245014245014245
9.354,24,sspls-v,-0.0,5.4245014245014245
9.354,25,mcgs,0.0,5.247863247863247
9.354,25,pos,-0.0,5.247863247863247
9.354,25,sbps,-0.0,5.247863247863247
9.354,25,prculs-d,-0.0,5.247863247863247
9.354,25,prcus-p,-0.0,5.247863247863247
9.354,25,prcus-i,-0.0,5.247863247863247
9.354,25,prcus-a,0.0,5.247863247863247
9.354,25,ifrms,-0.0,5.247863247863247
9.354,25,sspls-v,-0.0,5.247863247863247
9.354,26,mcgs,0.0,5.581196581196581
9.354,26,pos,-0.0,5.581196581196581
9.354,26,sbps,-0.0,5.581196581196581
9.354,26,prculs-d,-0.0,5.581196581196581
9.354,26,prcus-p,-0.0,5.581196581196581
9.354,26,prcus-i,-0.0,5.581196581196581
9.354,26,prcus-a,0.0,5.581196581196581
9.354,26,ifrms,-0.0,5.581196581196581
9.354,26,sspls-v,-0.0,5.581196581196581
9.354,27,mcgs,0.0,5.384615384615386
9.354,27,pos,-0.0,5.384615384615386
9.354,27,sbps,-0.0,5.384615384615386
9.354,27,prculs-d,-0.0,5.384615384615386
9.354,27,prcus-p,-0.0,5.384615384615386
9.354,27,prcus-i,-0.0,5.384615384615386
9.354,27,prcus-a,0.0,5.384615384615386
9.354,27,ifrms,-0.0,5.384615384615386
9.354,27,sspls-v,-0.0,5.384615384615386
10.0,0,mcgs,0.0,5.487179487179486
10.0,0,pos,-0.0,5.487179487179486
10.0,0,sbps,-0.0,5.487179487179486
10.0,0,prculs-d,-0.0,5.487179487179486
10.0,0,prcus-p,-0.0,5.487179487179486
10.0,0,prcus-i,-0.0,5.487179487179486
10.0,0,prcus-a,0.0,5.487179487179486
10.0,0,ifrms,-0.0,5.487179487179486
10.0,0,sspls-v,-0.0,5.487179487179486
10.0,1,mcgs,0.0,5.4245014245014245
10.0,1,pos,-0.0,5.4245014245014245
10.0,1,sbps,-0.0,5.4245014245014245
10.0,1,prculs-d,-0.0,5.4245014245014245
10.0,1,prcus-p,-0.0,5.4245014245014245
10.0,1,prcus-i,-0.0,5.4245014245014245
10.0,1,prcus-a,0.0,5.4245014245014245
10.0,1,ifrms,-0.0,5.4245014245014245
10.0,1,sspls-v,-0.0,5.4245014245014245
10.0,2,mcgs,0.0,5.4245014245014245
10.0,2,pos,-0.0,5.4245014245014245
10.0,2,sbps,-0.0,5.4245014245014245
10.0,2,prculs-d,-0.0,5.4245014245014245
10.0,2,prcus-p,-0.0,5.4245014245014245
10.0,2,prcus-i,-0.0,5.4245014245014245
10.0,2,prcus-a,0.0,5.4245014245014245
10.0,2,ifrms,-0.0,5.4245014245014245
10.0,2,sspls-v,-0.0,5.4245014245014245
10.0,3,mcgs,0.0,5.202279202279202
10.0,3,pos,-0.0,5.202279202279202
10.0,3,sbps,-0.0,5.202279202279202
10.0,3,prculs-d,-0.0,5.202279202279202
10.0,3,prcus-p,-0.0,5.202279202279202
10.0,3,prcus-i,-0.0,5.202279202279202
10.0,3,prcus-a,0.0,5.202279202279202
10.0,3,ifrms,-0.0,5.202279202279202
10.0,3,sspls-v,-0.0,5.202279202279202
10.0,4,mcgs,0.0,5.48148148148148
10.0,4,pos,-0.0,5.48148148148148
10.0,4,sbps,-0.0,5.48148148148148
10.0,4,prculs-d,-0.0,5.48148148148148
10.0,4,prcus-p,-0.0,5.48148148148148
10.0,4,prcus-i,-0.0,5.48148148148148
10.0,4,prcus-a,0.0,5.48148148148148
10.0,4,ifrms,-0.0,5.48148148148148
10.0,4,sspls-v,-0.0,5.48148148148148
10.0,5,mcgs,0.0,5.156695156695156
10.0,5,pos,-0.0,5.156695156695156
10.0,5,sbps,-0.0,5.156695156695156
10.0,5,prculs-d,-0.0,5.156695156695156
10.0,5,prcus-p,-0.0,5.156695156695156
10.0,5,prcus-i,-0.0,5.156695156695156
10.0,5,prcus-a,0.0,5.156695156695156
10.0,5,ifrms,-0.0,5.156695156695156
10.0,5,sspls-v,-0.0,5.156695156695156
10.0,6,mcgs,0.0,5.518518518518518
10.0,6,pos,-0.0,5.518518518518518
10.0,6,sbps,-0.0,5.518518518518518
10.0,6,prculs-d,-0.0,5.518518518518518
10.0,6,prcus-p,-0.0,5.518518518518518
10.0,6,prcus-i,-0.0,5.518518518518518
10.0,6,prcus-a,0.0,5.518518518518518
10.0,6,ifrms,-0.0,5.518518518518518
10.0,6,sspls-v,-0.0,5.518518518518518
10.0,7,mcgs,0.0,5.529914529914531
10.0,7,pos,-0.0,5.529914529914531
10.0,7,sbps,-0.0,5.529914529914531
10.0,7,prculs-d,-0.0,5.529914529914531
10.0,7,prcus-p,-0.0,5.529914529914531
10.0,7,prcus-i,-0.0,5.529914529914531
10.0,7,prcus-a,0.0,5.529914529914531
10.0,7,ifrms,-0.0,5.529914529914531
10.0,7,sspls-v,-0.0,5.529914529914531
10.0,8,mcgs,0.0,5.267806267806268
10.0,8,pos,-0.0,5.267806267806268
10.0,8,sbps,-0.0,5.267806267806268
10.0,8,prculs-d,0.0,5.267806267806268
10.0,8,prcus-p,-0.0,5.267806267806268
10.0,8,prcus-i,-0.0,5.267806267806268
10.0,8,prcus-a,0.0,5.267806267806268
10.0,8,ifrms,-0.0,5.267806267806268
10.0,8,sspls-v,-0.0,5.267806267806268
10.0,9,mcgs,0.0,5.156695156695157
10.0,9,pos,-0.0,5.156695156695157
10.0,9,sbps,-0.0,5.156695156695157
10.0,9,prculs-d,-0.0,5.156695156695157
10.0,9,prcus-p,-0.0,5.156695156695157
10.0,9,prcus-i,-0.0,5.156695156695157
10.0,9,prcus-a,0.0,5.156695156695157
10.0,9,ifrms,-0.0,5.156695156695157
10.0,9,sspls-v,-0.0,5.156695156695157
10.0,10,mcgs,0.0,5.4558404558404545
10.0,10,pos,-0.0,5.4558404558404545
10.0,10,sbps,-0.0,5.4558404558404545
10.0,10,prculs-d,-0.0,5.4558404558404545
10.0,10,prcus-p,-0.0,5.4558404558404545
10.0,10,prcus-i,-0.0,5.4558404558404545
10.0,10,prcus-a,0.0,5.4558404558404545
10.0,10,ifrms,-0.0,5.4558404558404545
10.0,10,sspls-v,-0.0,5.4558404558404545
10.0,11,mcgs,0.0,5.156695156695157
10.0,11,pos,-0.0,5.156695156695157
10.0,11,sbps,-0.0,5.156695156695157
10.0,11,prculs-d,-0.0,5.156695156695157
10.0,11,prcus-p,-0.0,5.156695156695157
10.0,11,prcus-i,-0.0,5.156695156695157
10.0,11,prcus-a,0.0,5.156695156695157
10.0,11,ifrms,-0.0,5.156695156695157
10.0,11,sspls-v,-0.0,5.156695156695157
10.0,12,mcgs,0.0,5.51851851851852
10.0,12,pos,-0.0,5.51851851851852
10.0,12,sbps,-0.0,5.51851851851852
10.0,12,prculs-d,-0.0,5.51851851851852
10.0,12,prcus-p,-0.0,5.51851851851852
10.0,12,prcus-i,-0.0,5.51851851851852
10.0,12,prcus-a,0.0,5.51851851851852
10.0,12,ifrms,-0.0,5.51851851851852
10.0,12,sspls-v,-0.0,5.51851851851852
10.0,13,mcgs,0.0,5.299145299145299
10.0,13,pos,-0.0,5.299145299145299
10.0,13,sbps,-0.0,5.299145299145299
10.0,13,prculs-d,-0.0,5.299145299145299
10.0,13,prcus-p,-0.0,5.299145299145299
10.0,13,prcus-i,-0.0,5.299145299145299
10.0,13,prcus-a,0.0,5.299145299145299
10.0,13,ifrms,-0.0,5.299145299145299
10.0,13,sspls-v,-0.0,5.299145299145299
10.0,14,mcgs,0.0,5.581196581196581
10.0,14,pos,-0.0,5.581196581196581
10.0,14,sbps,-0.0,5.581196581196581
10.0,14,prculs-d,-0.0,5.581196581196581
10.0,14,prcus-p,-0.0,5.581196581196581
10.0,14,prcus-i,-0.0,5.581196581196581
10.0,14,prcus-a,0.0,5.581196581196581
10.0,14,ifrms,-0.0,5.581196581196581
10.0,14,sspls-v,-0.0,5.581196581196581
10.0,15,mcgs,0.0,5.393162393162393
10.0,15,pos,-0.0,5.393162393162393
10.0,15,sbps,-0.0,5.393162393162393
10.0,15,prculs-d,-0.0,5.393162393162393
10.0,15,prcus-p,-0.0,5.393162393162393
10.0,15,prcus-i,-0.0,5.393162393162393
10.0,15,prcus-a,0.0,5.393162393162393
10.0,15,ifrms,-0.0,5.393162393162393
10.0,15,sspls-v,-0.0,5.393162393162393
10.0,16,mcgs,0.0,5.5783475783475795
10.0,16,pos,-0.0,5.5783475783475795
10.0,16,sbps,-0.0,5.5783475783475795
10.0,16,prculs-d,-0.0,5.5783475783475795
10.0,16,prcus-p,-0.0,5.5783475783475795
10.0,16,prcus-i,-0.0,5.5783475783475795
10.0,16,prcus-a,0.0,5.5783475783475795
10.0,16,ifrms,-0.0,5.5783475783475795
10.0,16,sspls-v,-0.0,5.5783475783475795
10.0,17,mcgs,0.0,5.247863247863247
10.0,17,pos,-0.0,5.247863247863247
10.0,17,sbps,-0.0,5.247863247863247
10.0,17,prculs-d,-0.0,5.247863247863247
10.0,17,prcus-p,-0.0,5.247863247863247
10.0,17,prcus-i,-0.0,5.247863247863247
10.0,17,prcus-a,0.0,5.247863247863247
10.0,17,ifrms,-0.0,5.247863247863247
10.0,17,sspls-v,-0.0,5.247863247863247
10.0,18,mcgs,0.0,5.612535612535612
10.0,18,pos,-0.0,5.612535612535612
10.0,18,sbps,-0.0,5.612535612535612
10.0,18,prculs-d,-0.0,5.612535612535612
10.0,18,prcus-p,-0.0,5.612535612535612
10.0,18,prcus-i,-0.0,5.612535612535612
10.0,18,prcus-a,0.0,5.612535612535612
10.0,18,ifrms,-0.0,5.612535612535612
10.0,18,sspls-v,-0.0,5.612535612535612
10.0,19,mcgs,0.0,5.518518518518518
10.0,19,pos,-0.0,5.518518518518518
10.0,19,sbps,-0.0,5.518518518518518
10.0,19,prculs-d,-0.0,5.518518518518518
10.0,19,prcus-p,-0.0,5.518518518518518
10.0,19,prcus-i,-0.0,5.518518518518518
10.0,19,prcus-a,0.0,5.518518518518518
10.0,19,ifrms,-0.0,5.518518518518518
10.0,19,sspls-v,-0.0,5.518518518518518
10.0,20,mcgs,0.0,5.549857549857548
10.0,20,pos,-0.0,5.549857549857548
10.0,20,sbps,-0.0,5.549857549857548
10.0,20,prculs-d,-0.0,5.549857549857548
10.0,20,prcus-p,-0.0,5.549857549857548
10.0,20,prcus-i,-0.0,5.549857549857548
10.0,20,prcus-a,0.0,5.549857549857548
10.0,20,ifrms,-0.0,5.549857549857548
10.0,20,sspls-v,-0.0,5.549857549857548
10.0,21,mcgs,0.0,5.581196581196581
10.0,21,pos,-0.0,5.581196581196581
10.0,21,sbps,-0.0,5.581196581196581
10.0,21,prculs-d,-0.0,5.581196581196581
10.0,21,prcus-p,-0.0,5.581196581196581
10.0,21,prcus-i,-0.0,5.581196581196581
10.0,21,prcus-a,0.0,5.581196581196581
10.0,21,ifrms,-0.0,5.581196581196581
10.0,21,sspls-v,-0.0,5.581196581196581
10.0,22,mcgs,0.0,5.581196581196581
10.0,22,pos,-0.0,5.581196581196581
10.0,22,sbps,-0.0,5.581196581196581
10.0,22,prculs-d,-0.0,5.581196581196581
10.0,22,prcus-p,-0.0,5.581196581196581
10.0,22,prcus-i,-0.0,5.581196581196581
10.0,22,prcus-a,0.0,5.581196581196581
10.0,22,ifrms,-0.0,5.581196581196581
10.0,22,sspls-v,-0.0,5.581196581196581
10.0,23,mcgs,0.0,5.202279202279203
10.0,23,pos,-0.0,5.202279202279203
10.0,23,sbps,-0.0,5.202279202279203
10.0,23,prculs-d,-0.0,5.202279202279203
10.0,23,prcus-p,-0.0,5.202279202279203
10.0,23,prcus-i,-0.0,5.202279202279203
10.0,23,prcus-a,0.0,5.202279202279203
10.0,23,ifrms,-0.0,5.202279202279203
10.0,23,sspls-v,-0.0,5.202279202279203
10.0,24,mcgs,0.0,5.4245014245014245
10.0,24,pos,-0.0,5.4245014245014245
10.0,24,sbps,-0.0,5.4245014245014245
10.0,24,prculs-d,-0.0,5.4245014245014245
10.0,24,prcus-p,-0.0,5.4245014245014245
10.0,24,prcus-i,-0.0,5.4245014245014245
10.0,24,prcus-a,0.0,5.4245014245014245
10.0,24,ifrms,-0.0,5.4245014245014245
10.0,24,sspls-v,-0.0,5.4245014245014245
10.0,25,mcgs,0.0,5.247863247863247
10.0,25,pos,-0.0,5.247863247863247
10.0,25,sbps,-0.0,5.247863247863247
10.0,25,prculs-d,-0.0,5.247863247863247
10.0,25,prcus-p,-0.0,5.247863247863247
10.0,25,prcus-i,-0.0,5.247863247863247
10.0,25,prcus-a,0.0,5.247863247863247
10.0,25,ifrms,-0.0,5.247863247863247
10.0,25,sspls-v,-0.0,5.247863247863247
10.0,26,mcgs,0.0,5.581196581196581
10.0,26,pos,-0.0,5.581196581196581
10.0,26,sbps,-0.0,5.581196581196581
10.0,26,prculs-d,-0.0,5.581196581196581
10.0,26,prcus-p,-0.0,5.581196581196581
10.0,26,prcus-i,-0.0,5.581196581196581
10.0,26,prcus-a,0.0,5.581196581196581
10.0,26,ifrms,-0.0,5.581196581196581
10.0,26,sspls-v,-0.0,5.581196581196581
10.0,27,mcgs,0.0,5.384615384615386
10.0,27,pos,-0.0,5.384615384615386
10.0,27,sbps,-0.0,5.384615384615386
10.0,27,prculs-d,-0.0,5.384615384615386
10.0,27,prcus-p,-0.0,5.384615384615386
10.0,27,prcus-i,-0.0,5.384615384615386
10.0,27,prcus-a,0.0,5.384615384615386
10.0,27,ifrms,-0.0,5.384615384615386
10.0,27,sspls-v,-0.0,5.384615384615386
