alpha,fold,sulcus,beta,RMSE
0.1,0,mcgs,0.5284837215433278,5.542148908524326
0.1,0,pos,-0.30757369982997745,5.542148908524326
0.1,0,sbps,-1.7486305520412526,5.542148908524326
0.1,0,prculs-d,-0.8537926148410235,5.542148908524326
0.1,0,prcus-p,0.20278623043547978,5.542148908524326
0.1,0,prcus-i,-0.21811807441561648,5.542148908524326
0.1,0,prcus-a,-0.8658992176506292,5.542148908524326
0.1,0,ifrms,0.3981683468156023,5.542148908524326
0.1,0,sspls-v,0.4023859048753394,5.542148908524326
0.1,1,mcgs,0.6233543878223252,5.565286742528598
0.1,1,pos,-0.2769504413150149,5.565286742528598
0.1,1,sbps,-1.8018806935196772,5.565286742528598
0.1,1,prculs-d,-0.9538661153857587,5.565286742528598
0.1,1,prcus-p,0.29716537774102925,5.565286742528598
0.1,1,prcus-i,-0.3082922744279819,5.565286742528598
0.1,1,prcus-a,-0.9093006861618572,5.565286742528598
0.1,1,ifrms,0.3340806363439745,5.565286742528598
0.1,1,sspls-v,0.7131803408937079,5.565286742528598
0.1,2,mcgs,0.4035061179302406,5.217122844529701
0.1,2,pos,-0.3420164812280127,5.217122844529701
0.1,2,sbps,-2.2196476216388583,5.217122844529701
0.1,2,prculs-d,-0.612462604855057,5.217122844529701
0.1,2,prcus-p,0.3995220562737273,5.217122844529701
0.1,2,prcus-i,0.2621633240422426,5.217122844529701
0.1,2,prcus-a,-1.23483276201111,5.217122844529701
0.1,2,ifrms,0.6588713354796399,5.217122844529701
0.1,2,sspls-v,-0.0,5.217122844529701
0.1,3,mcgs,0.0,4.748192199085186
0.1,3,pos,0.0,4.748192199085186
0.1,3,sbps,-2.2299251790629766,4.748192199085186
0.1,3,prculs-d,-1.2694139663885529,4.748192199085186
0.1,3,prcus-p,-0.45955446537466965,4.748192199085186
0.1,3,prcus-i,-1.101189240685158,4.748192199085186
0.1,3,prcus-a,-1.2495043477652263,4.748192199085186
0.1,3,ifrms,0.18012056141648763,4.748192199085186
0.1,3,sspls-v,0.8241965755524661,4.748192199085186
0.1,4,mcgs,0.5616386816342198,5.371871329689511
0.1,4,pos,-0.16981071796414907,5.371871329689511
0.1,4,sbps,-1.9454201922071168,5.371871329689511
0.1,4,prculs-d,-0.22723291877492827,5.371871329689511
0.1,4,prcus-p,0.0,5.371871329689511
0.1,4,prcus-i,-0.39848456439461466,5.371871329689511
0.1,4,prcus-a,-0.9604694922449193,5.371871329689511
0.1,4,ifrms,0.341375689560047,5.371871329689511
0.1,4,sspls-v,0.5644216533955897,5.371871329689511
0.1,5,mcgs,0.8661653411574385,5.155528423756018
0.1,5,pos,-0.9163264888578134,5.155528423756018
0.1,5,sbps,-2.222617625494956,5.155528423756018
0.1,5,prculs-d,-0.4764597849845116,5.155528423756018
0.1,5,prcus-p,0.1978147699935331,5.155528423756018
0.1,5,prcus-i,0.0,5.155528423756018
0.1,5,prcus-a,-1.1872399714990385,5.155528423756018
0.1,5,ifrms,0.7541940151396626,5.155528423756018
0.1,5,sspls-v,0.6433514854033292,5.155528423756018
0.1,6,mcgs,0.21945154826309093,5.249173548758595
0.1,6,pos,-0.42210786803004846,5.249173548758595
0.1,6,sbps,-1.1729658902380578,5.249173548758595
0.1,6,prculs-d,-1.0196120428571616,5.249173548758595
0.1,6,prcus-p,0.15590285728002276,5.249173548758595
0.1,6,prcus-i,-0.0,5.249173548758595
0.1,6,prcus-a,-0.8715159763251517,5.249173548758595
0.1,6,ifrms,0.23422995934648558,5.249173548758595
0.1,6,sspls-v,0.678363579148595,5.249173548758595
0.1,7,mcgs,0.6977420496218175,5.357881729056575
0.1,7,pos,-0.48601376814564146,5.357881729056575
0.1,7,sbps,-2.075069548679537,5.357881729056575
0.1,7,prculs-d,-1.0453103518018767,5.357881729056575
0.1,7,prcus-p,0.10451747363823462,5.357881729056575
0.1,7,prcus-i,-0.0,5.357881729056575
0.1,7,prcus-a,-0.5461149472748403,5.357881729056575
0.1,7,ifrms,0.3940918284488425,5.357881729056575
0.1,7,sspls-v,0.5998189013637047,5.357881729056575
0.1,8,mcgs,0.6082447742075748,5.3560442533060035
0.1,8,pos,-0.03075372838267797,5.3560442533060035
0.1,8,sbps,-2.050016364177488,5.3560442533060035
0.1,8,prculs-d,-1.1284695406398504,5.3560442533060035
0.1,8,prcus-p,0.4650982557230808,5.3560442533060035
0.1,8,prcus-i,-0.2552431656926282,5.3560442533060035
0.1,8,prcus-a,-0.9827360667021654,5.3560442533060035
0.1,8,ifrms,0.4917466729426311,5.3560442533060035
0.1,8,sspls-v,0.3917417435271886,5.3560442533060035
0.1,9,mcgs,0.5972260035862207,5.545859198862818
0.1,9,pos,-0.2755587390875174,5.545859198862818
0.1,9,sbps,-1.859829037772913,5.545859198862818
0.1,9,prculs-d,-0.8835586009158364,5.545859198862818
0.1,9,prcus-p,0.24143524271417924,5.545859198862818
0.1,9,prcus-i,-0.1450862583299764,5.545859198862818
0.1,9,prcus-a,-0.8629710707717589,5.545859198862818
0.1,9,ifrms,0.3580934421022487,5.545859198862818
0.1,9,sspls-v,0.4149478585109758,5.545859198862818
0.1,10,mcgs,0.9127957705309744,5.147112908037463
0.1,10,pos,-0.35850993082910904,5.147112908037463
0.1,10,sbps,-1.5747227059891125,5.147112908037463
0.1,10,prculs-d,-1.040257080340913,5.147112908037463
0.1,10,prcus-p,0.0,5.147112908037463
0.1,10,prcus-i,-0.060222517157653796,5.147112908037463
0.1,10,prcus-a,-0.9669569735108845,5.147112908037463
0.1,10,ifrms,0.23526384128068126,5.147112908037463
0.1,10,sspls-v,0.0,5.147112908037463
0.1,11,mcgs,0.2718279201633535,5.384701497145308
0.1,11,pos,-0.21135358540199464,5.384701497145308
0.1,11,sbps,-1.9240542038079582,5.384701497145308
0.1,11,prculs-d,-1.0775737803463352,5.384701497145308
0.1,11,prcus-p,0.5375341975916816,5.384701497145308
0.1,11,prcus-i,-0.19214322112224508,5.384701497145308
0.1,11,prcus-a,-0.9161906082559751,5.384701497145308
0.1,11,ifrms,0.26201774772593833,5.384701497145308
0.1,11,sspls-v,0.2961066869565672,5.384701497145308
0.1,12,mcgs,0.5684024974727324,5.519649216454166
0.1,12,pos,-0.25931520660655166,5.519649216454166
0.1,12,sbps,-1.8838316247614801,5.519649216454166
0.1,12,prculs-d,-0.8629599808512616,5.519649216454166
0.1,12,prcus-p,0.22166626470855497,5.519649216454166
0.1,12,prcus-i,-0.13485674962010066,5.519649216454166
0.1,12,prcus-a,-0.8602915548684341,5.519649216454166
0.1,12,ifrms,0.34924770437727176,5.519649216454166
0.1,12,sspls-v,0.46601398836372143,5.519649216454166
0.1,13,mcgs,0.6431490001949219,5.164538394154596
0.1,13,pos,-0.5125873487463632,5.164538394154596
0.1,13,sbps,-1.6271421233693955,5.164538394154596
0.1,13,prculs-d,-0.8905652458629363,5.164538394154596
0.1,13,prcus-p,0.19642397413207752,5.164538394154596
0.1,13,prcus-i,-0.0,5.164538394154596
0.1,13,prcus-a,0.017262233896234273,5.164538394154596
0.1,13,ifrms,0.5044589790393622,5.164538394154596
0.1,13,sspls-v,0.021744042298610915,5.164538394154596
0.1,14,mcgs,0.595093158874525,5.637670265948565
0.1,14,pos,-0.2618162215950629,5.637670265948565
0.1,14,sbps,-1.8789145580060462,5.637670265948565
0.1,14,prculs-d,-0.8855165910299124,5.637670265948565
0.1,14,prcus-p,0.21575543377546638,5.637670265948565
0.1,14,prcus-i,-0.13179270842499674,5.637670265948565
0.1,14,prcus-a,-0.8712175965255493,5.637670265948565
0.1,14,ifrms,0.38065937939116024,5.637670265948565
0.1,14,sspls-v,0.40537691764973527,5.637670265948565
0.1,15,mcgs,0.49451381919315723,5.25274784107267
0.1,15,pos,-0.31493877618730104,5.25274784107267
0.1,15,sbps,-2.133068777459893,5.25274784107267
0.1,15,prculs-d,-0.7503757425665438,5.25274784107267
0.1,15,prcus-p,0.0057494332781739925,5.25274784107267
0.1,15,prcus-i,0.0,5.25274784107267
0.1,15,prcus-a,-1.153281174673686,5.25274784107267
0.1,15,ifrms,0.544615674098349,5.25274784107267
0.1,15,sspls-v,0.25341284546851395,5.25274784107267
0.1,16,mcgs,0.5290732428494783,5.546129709077575
0.1,16,pos,-0.09610719635964755,5.546129709077575
0.1,16,sbps,-2.0120475978349583,5.546129709077575
0.1,16,prculs-d,-1.0283725018475534,5.546129709077575
0.1,16,prcus-p,0.5392047732891446,5.546129709077575
0.1,16,prcus-i,-0.05411868029450465,5.546129709077575
0.1,16,prcus-a,-0.9462126286067118,5.546129709077575
0.1,16,ifrms,0.29376082858586483,5.546129709077575
0.1,16,sspls-v,0.5250518005244721,5.546129709077575
0.1,17,mcgs,0.3874793578189455,5.012014944744425
0.1,17,pos,-0.9927493220755165,5.012014944744425
0.1,17,sbps,-1.3741757019980938,5.012014944744425
0.1,17,prculs-d,-0.42550076667279046,5.012014944744425
0.1,17,prcus-p,0.0,5.012014944744425
0.1,17,prcus-i,0.0,5.012014944744425
0.1,17,prcus-a,-0.40773917095064877,5.012014944744425
0.1,17,ifrms,0.07568784199316442,5.012014944744425
0.1,17,sspls-v,0.2907903012463976,5.012014944744425
0.1,18,mcgs,0.5529303974091129,5.39739055962322
0.1,18,pos,-0.41951129319050395,5.39739055962322
0.1,18,sbps,-1.9004567304566586,5.39739055962322
0.1,18,prculs-d,-0.9413307076873777,5.39739055962322
0.1,18,prcus-p,0.18213883183630222,5.39739055962322
0.1,18,prcus-i,-0.3005971969368226,5.39739055962322
0.1,18,prcus-a,-0.9830667539193614,5.39739055962322
0.1,18,ifrms,0.5930652482148521,5.39739055962322
0.1,18,sspls-v,0.3699251281223602,5.39739055962322
0.1,19,mcgs,0.6951036235433891,5.324340586393052
0.1,19,pos,-0.24537269289601327,5.324340586393052
0.1,19,sbps,-1.7034525300127332,5.324340586393052
0.1,19,prculs-d,-1.0338068454086407,5.324340586393052
0.1,19,prcus-p,0.541815225125707,5.324340586393052
0.1,19,prcus-i,-0.004877766022871299,5.324340586393052
0.1,19,prcus-a,-0.9519066925406418,5.324340586393052
0.1,19,ifrms,0.24408572654224997,5.324340586393052
0.1,19,sspls-v,0.3490473659614181,5.324340586393052
0.1,20,mcgs,0.5091107599065264,5.221597149836233
0.1,20,pos,-0.2650450965328894,5.221597149836233
0.1,20,sbps,-1.4414399402566147,5.221597149836233
0.1,20,prculs-d,-1.1048951945963859,5.221597149836233
0.1,20,prcus-p,0.4506657107100473,5.221597149836233
0.1,20,prcus-i,-0.006708852306225555,5.221597149836233
0.1,20,prcus-a,-0.6913407394291469,5.221597149836233
0.1,20,ifrms,-0.588045999196182,5.221597149836233
0.1,20,sspls-v,0.010906904911252109,5.221597149836233
0.1,21,mcgs,0.6645478244602688,5.272255660473007
0.1,21,pos,-0.12846681624799455,5.272255660473007
0.1,21,sbps,-1.716854933118025,5.272255660473007
0.1,21,prculs-d,-0.9569338585570468,5.272255660473007
0.1,21,prcus-p,0.2680083367460592,5.272255660473007
0.1,21,prcus-i,-0.08267546112496914,5.272255660473007
0.1,21,prcus-a,-0.8306066244773577,5.272255660473007
0.1,21,ifrms,0.36217518526268166,5.272255660473007
0.1,21,sspls-v,0.12017249391988002,5.272255660473007
0.1,22,mcgs,0.586326376539269,5.582624630549529
0.1,22,pos,-0.27094234513342996,5.582624630549529
0.1,22,sbps,-1.8548744504712475,5.582624630549529
0.1,22,prculs-d,-0.8985291243252566,5.582624630549529
0.1,22,prcus-p,0.2307562526923312,5.582624630549529
0.1,22,prcus-i,-0.11641660396866296,5.582624630549529
0.1,22,prcus-a,-0.8413014582362071,5.582624630549529
0.1,22,ifrms,0.39078866116473293,5.582624630549529
0.1,22,sspls-v,0.3973503458501233,5.582624630549529
0.1,23,mcgs,0.9140364605091816,5.4630030371278
0.1,23,pos,-0.09286797443568603,5.4630030371278
0.1,23,sbps,-1.974760534624528,5.4630030371278
0.1,23,prculs-d,-1.0185614374637837,5.4630030371278
0.1,23,prcus-p,0.33662944486807456,5.4630030371278
0.1,23,prcus-i,-0.3400923514722223,5.4630030371278
0.1,23,prcus-a,-1.005280262054695,5.4630030371278
0.1,23,ifrms,0.6195070671602073,5.4630030371278
0.1,23,sspls-v,0.6065590493250584,5.4630030371278
0.1,24,mcgs,0.835150319916705,5.234170597976091
0.1,24,pos,-0.0,5.234170597976091
0.1,24,sbps,-1.9405893769685727,5.234170597976091
0.1,24,prculs-d,-1.156509033275145,5.234170597976091
0.1,24,prcus-p,0.3182072790255459,5.234170597976091
0.1,24,prcus-i,0.0,5.234170597976091
0.1,24,prcus-a,-0.6956064281506623,5.234170597976091
0.1,24,ifrms,0.3367327403672735,5.234170597976091
0.1,24,sspls-v,0.5742663146457394,5.234170597976091
0.1,25,mcgs,0.6279105916706768,5.39002683894437
0.1,25,pos,-0.1320176077330362,5.39002683894437
0.1,25,sbps,-1.9643209071399275,5.39002683894437
0.1,25,prculs-d,-0.9717708338532693,5.39002683894437
0.1,25,prcus-p,0.11959044173725022,5.39002683894437
0.1,25,prcus-i,-0.641383852537697,5.39002683894437
0.1,25,prcus-a,-1.1120838092082252,5.39002683894437
0.1,25,ifrms,0.6949516047336575,5.39002683894437
0.1,25,sspls-v,0.8070514277610681,5.39002683894437
0.1,26,mcgs,0.325146974186651,5.163741293567664
0.1,26,pos,0.06854511671734971,5.163741293567664
0.1,26,sbps,-1.8944139313799997,5.163741293567664
0.1,26,prculs-d,-0.6574540658869502,5.163741293567664
0.1,26,prcus-p,0.1270381215939108,5.163741293567664
0.1,26,prcus-i,-0.057313951624067834,5.163741293567664
0.1,26,prcus-a,-0.7150814827485109,5.163741293567664
0.1,26,ifrms,0.6641256316076521,5.163741293567664
0.1,26,sspls-v,0.4430008388510163,5.163741293567664
0.1,27,mcgs,0.607641051588144,5.534478014500375
0.1,27,pos,-0.26037401299184976,5.534478014500375
0.1,27,sbps,-1.8192199971407939,5.534478014500375
0.1,27,prculs-d,-0.9294699945062014,5.534478014500375
0.1,27,prcus-p,0.23009484767145555,5.534478014500375
0.1,27,prcus-i,-0.14633605925314272,5.534478014500375
0.1,27,prcus-a,-0.8807419133984503,5.534478014500375
0.1,27,ifrms,0.3867112080392811,5.534478014500375
0.1,27,sspls-v,0.38793818717463524,5.534478014500375
0.1,28,mcgs,0.5586339523435468,5.61568242922015
0.1,28,pos,-0.2308508746814695,5.61568242922015
0.1,28,sbps,-1.8113570317429264,5.61568242922015
0.1,28,prculs-d,-0.9122169603794245,5.61568242922015
0.1,28,prcus-p,0.21994334831369505,5.61568242922015
0.1,28,prcus-i,-0.11786559335747852,5.61568242922015
0.1,28,prcus-a,-0.8786362807401474,5.61568242922015
0.1,28,ifrms,0.4016175922219452,5.61568242922015
0.1,28,sspls-v,0.4199456416297485,5.61568242922015
0.1,29,mcgs,0.9730214502527786,5.301503636587082
0.1,29,pos,0.0,5.301503636587082
0.1,29,sbps,-1.0410005091874914,5.301503636587082
0.1,29,prculs-d,-0.8846668215727898,5.301503636587082
0.1,29,prcus-p,0.27393639905699063,5.301503636587082
0.1,29,prcus-i,-0.6224881313284798,5.301503636587082
0.1,29,prcus-a,-0.5879344040340553,5.301503636587082
0.1,29,ifrms,0.4702472456020394,5.301503636587082
0.1,29,sspls-v,0.6175880200488407,5.301503636587082
0.107,0,mcgs,0.5187133917356561,5.528133743317779
0.107,0,pos,-0.3124139754407841,5.528133743317779
0.107,0,sbps,-1.7317715709570258,5.528133743317779
0.107,0,prculs-d,-0.8427935625188487,5.528133743317779
0.107,0,prcus-p,0.19569997919738819,5.528133743317779
0.107,0,prcus-i,-0.20825126474014097,5.528133743317779
0.107,0,prcus-a,-0.8532196827088294,5.528133743317779
0.107,0,ifrms,0.38293177084712277,5.528133743317779
0.107,0,sspls-v,0.38479250279936167,5.528133743317779
0.107,1,mcgs,0.613909234673395,5.551821732515801
0.107,1,pos,-0.2808161834860048,5.551821732515801
0.107,1,sbps,-1.7873111751591737,5.551821732515801
0.107,1,prculs-d,-0.9435333124714983,5.551821732515801
0.107,1,prcus-p,0.2901032966982752,5.551821732515801
0.107,1,prcus-i,-0.2950118003515977,5.551821732515801
0.107,1,prcus-a,-0.8969218790022299,5.551821732515801
0.107,1,ifrms,0.3188937673907592,5.551821732515801
0.107,1,sspls-v,0.6949366908653624,5.551821732515801
0.107,2,mcgs,0.3991775188666254,5.197662907682808
0.107,2,pos,-0.33902005037948213,5.197662907682808
0.107,2,sbps,-2.194160999246804,5.197662907682808
0.107,2,prculs-d,-0.60420317613411,5.197662907682808
0.107,2,prcus-p,0.38775894273916656,5.197662907682808
0.107,2,prcus-i,0.24299051429317178,5.197662907682808
0.107,2,prcus-a,-1.2200046497918167,5.197662907682808
0.107,2,ifrms,0.6471777240420117,5.197662907682808
0.107,2,sspls-v,0.0,5.197662907682808
0.107,3,mcgs,0.0,4.731868162870499
0.107,3,pos,0.0,4.731868162870499
0.107,3,sbps,-2.2133125227771826,4.731868162870499
0.107,3,prculs-d,-1.267584218116043,4.731868162870499
0.107,3,prcus-p,-0.4453953226157075,4.731868162870499
0.107,3,prcus-i,-1.0823472514759203,4.731868162870499
0.107,3,prcus-a,-1.2347211681071055,4.731868162870499
0.107,3,ifrms,0.16179219453848695,4.731868162870499
0.107,3,sspls-v,0.8056790393751572,4.731868162870499
0.107,4,mcgs,0.5523574608232005,5.3564814723100405
0.107,4,pos,-0.17080673128960627,5.3564814723100405
0.107,4,sbps,-1.930955116942906,5.3564814723100405
0.107,4,prculs-d,-0.22138530776716972,5.3564814723100405
0.107,4,prcus-p,0.0,5.3564814723100405
0.107,4,prcus-i,-0.38612071891778,5.3564814723100405
0.107,4,prcus-a,-0.9482879840137995,5.3564814723100405
0.107,4,ifrms,0.3244534743911081,5.3564814723100405
0.107,4,sspls-v,0.5476790173050212,5.3564814723100405
0.107,5,mcgs,0.8573811034544443,5.144979004398758
0.107,5,pos,-0.914584467685408,5.144979004398758
0.107,5,sbps,-2.200987105933254,5.144979004398758
0.107,5,prculs-d,-0.46937565885178567,5.144979004398758
0.107,5,prcus-p,0.18952074617305636,5.144979004398758
0.107,5,prcus-i,0.0,5.144979004398758
0.107,5,prcus-a,-1.1728422516849326,5.144979004398758
0.107,5,ifrms,0.7380501191679307,5.144979004398758
0.107,5,sspls-v,0.628809073333967,5.144979004398758
0.107,6,mcgs,0.21159298029592402,5.231441998689332
0.107,6,pos,-0.4237459662365392,5.231441998689332
0.107,6,sbps,-1.1568621684407938,5.231441998689332
0.107,6,prculs-d,-1.0107083703504518,5.231441998689332
0.107,6,prcus-p,0.1473314163598508,5.231441998689332
0.107,6,prcus-i,-0.0,5.231441998689332
0.107,6,prcus-a,-0.8598587326875217,5.231441998689332
0.107,6,ifrms,0.22060656421046632,5.231441998689332
0.107,6,sspls-v,0.670042035496432,5.231441998689332
0.107,7,mcgs,0.6892620812560035,5.342034792616756
0.107,7,pos,-0.48615470712087555,5.342034792616756
0.107,7,sbps,-2.054892450931556,5.342034792616756
0.107,7,prculs-d,-1.0347079330721451,5.342034792616756
0.107,7,prcus-p,0.0971096616887035,5.342034792616756
0.107,7,prcus-i,-0.0,5.342034792616756
0.107,7,prcus-a,-0.5370586787073823,5.342034792616756
0.107,7,ifrms,0.3801726420505745,5.342034792616756
0.107,7,sspls-v,0.5852142432170235,5.342034792616756
0.107,8,mcgs,0.5989372000966775,5.34443424543557
0.107,8,pos,-0.03624680063146609,5.34443424543557
0.107,8,sbps,-2.0337603536369535,5.34443424543557
0.107,8,prculs-d,-1.1171733568233477,5.34443424543557
0.107,8,prcus-p,0.4571315205138511,5.34443424543557
0.107,8,prcus-i,-0.24279799126297827,5.34443424543557
0.107,8,prcus-a,-0.9698262693594805,5.34443424543557
0.107,8,ifrms,0.47537420306621986,5.34443424543557
0.107,8,sspls-v,0.374833643006635,5.34443424543557
0.107,9,mcgs,0.58858236306495,5.530610462731992
0.107,9,pos,-0.2795586801443835,5.530610462731992
0.107,9,sbps,-1.843996989971331,5.530610462731992
0.107,9,prculs-d,-0.8740073100467712,5.530610462731992
0.107,9,prcus-p,0.23549502103084238,5.530610462731992
0.107,9,prcus-i,-0.13316726528946038,5.530610462731992
0.107,9,prcus-a,-0.8503950771359012,5.530610462731992
0.107,9,ifrms,0.3422325015206939,5.530610462731992
0.107,9,sspls-v,0.3974612992376026,5.530610462731992
0.107,10,mcgs,0.9036442798233297,5.124193537621789
0.107,10,pos,-0.3564776660269589,5.124193537621789
0.107,10,sbps,-1.5634932916202142,5.124193537621789
0.107,10,prculs-d,-1.0321703892803558,5.124193537621789
0.107,10,prcus-p,0.0,5.124193537621789
0.107,10,prcus-i,-0.05456715817090398,5.124193537621789
0.107,10,prcus-a,-0.9537568945740653,5.124193537621789
0.107,10,ifrms,0.2211089726954612,5.124193537621789
0.107,10,sspls-v,0.0,5.124193537621789
0.107,11,mcgs,0.26441215762083886,5.370649701504489
0.107,11,pos,-0.21505443989605985,5.370649701504489
0.107,11,sbps,-1.9084220381161614,5.370649701504489
0.107,11,prculs-d,-1.0679628050652612,5.370649701504489
0.107,11,prcus-p,0.5309055719845422,5.370649701504489
0.107,11,prcus-i,-0.18116571784643046,5.370649701504489
0.107,11,prcus-a,-0.903705904590487,5.370649701504489
0.107,11,ifrms,0.24655720336694859,5.370649701504489
0.107,11,sspls-v,0.27975724903671156,5.370649701504489
0.107,12,mcgs,0.5591386524963616,5.505193319671407
0.107,12,pos,-0.2632924771546275,5.505193319671407
0.107,12,sbps,-1.8694001355261216,5.505193319671407
0.107,12,prculs-d,-0.8530890030605998,5.505193319671407
0.107,12,prcus-p,0.2151455986414657,5.505193319671407
0.107,12,prcus-i,-0.12263378575637274,5.505193319671407
0.107,12,prcus-a,-0.8482134014899282,5.505193319671407
0.107,12,ifrms,0.3342115424031624,5.505193319671407
0.107,12,sspls-v,0.4490155637211874,5.505193319671407
0.107,13,mcgs,0.6338483701818881,5.140218943892505
0.107,13,pos,-0.5126639457554054,5.140218943892505
0.107,13,sbps,-1.6152305434781602,5.140218943892505
0.107,13,prculs-d,-0.879311812373696,5.140218943892505
0.107,13,prcus-p,0.1877981377853538,5.140218943892505
0.107,13,prcus-i,-0.0,5.140218943892505
0.107,13,prcus-a,0.012417896932484235,5.140218943892505
0.107,13,ifrms,0.4954849252508185,5.140218943892505
0.107,13,sspls-v,0.009177482711716423,5.140218943892505
0.107,14,mcgs,0.5846081852855484,5.623081055568775
0.107,14,pos,-0.2656847642109237,5.623081055568775
0.107,14,sbps,-1.8637997281147358,5.623081055568775
0.107,14,prculs-d,-0.8756430895780665,5.623081055568775
0.107,14,prcus-p,0.2127340476660212,5.623081055568775
0.107,14,prcus-i,-0.11868883068634394,5.623081055568775
0.107,14,prcus-a,-0.8585702898981538,5.623081055568775
0.107,14,ifrms,0.3645390809244801,5.623081055568775
0.107,14,sspls-v,0.3875797577322338,5.623081055568775
0.107,15,mcgs,0.48692860686444367,5.231418352704221
0.107,15,pos,-0.31562822224364456,5.231418352704221
0.107,15,sbps,-2.1132047021061777,5.231418352704221
0.107,15,prculs-d,-0.7416861118088598,5.231418352704221
0.107,15,prcus-p,0.0,5.231418352704221
0.107,15,prcus-i,0.0,5.231418352704221
0.107,15,prcus-a,-1.1403857279393463,5.231418352704221
0.107,15,ifrms,0.5298881053986746,5.231418352704221
0.107,15,sspls-v,0.24109592291721968,5.231418352704221
0.107,16,mcgs,0.5209853306103567,5.533752680252346
0.107,16,pos,-0.10313843458086389,5.533752680252346
0.107,16,sbps,-1.9940809239882555,5.533752680252346
0.107,16,prculs-d,-1.0166027417649515,5.533752680252346
0.107,16,prcus-p,0.5278841756917517,5.533752680252346
0.107,16,prcus-i,-0.04322134414031098,5.533752680252346
0.107,16,prcus-a,-0.9326869345018873,5.533752680252346
0.107,16,ifrms,0.27954647933020677,5.533752680252346
0.107,16,sspls-v,0.5053740719086973,5.533752680252346
0.107,17,mcgs,0.3786832066035537,4.991283264437696
0.107,17,pos,-0.992801201716523,4.991283264437696
0.107,17,sbps,-1.3534127676308905,4.991283264437696
0.107,17,prculs-d,-0.41790181084708644,4.991283264437696
0.107,17,prcus-p,0.0,4.991283264437696
0.107,17,prcus-i,0.0,4.991283264437696
0.107,17,prcus-a,-0.3938113509477145,4.991283264437696
0.107,17,ifrms,0.05894676532990244,4.991283264437696
0.107,17,sspls-v,0.2789996582664603,4.991283264437696
0.107,18,mcgs,0.5445553931929038,5.387518321234141
0.107,18,pos,-0.42119116632933523,5.387518321234141
0.107,18,sbps,-1.8845264664329118,5.387518321234141
0.107,18,prculs-d,-0.9308436685668339,5.387518321234141
0.107,18,prcus-p,0.17599766282495244,5.387518321234141
0.107,18,prcus-i,-0.2866037080551973,5.387518321234141
0.107,18,prcus-a,-0.9691995168605931,5.387518321234141
0.107,18,ifrms,0.5749949226225491,5.387518321234141
0.107,18,sspls-v,0.35307680989118023,5.387518321234141
0.107,19,mcgs,0.6869290236103284,5.306718441244099
0.107,19,pos,-0.2480309787434494,5.306718441244099
0.107,19,sbps,-1.6858215161464696,5.306718441244099
0.107,19,prculs-d,-1.023801400261063,5.306718441244099
0.107,19,prcus-p,0.5339202745933685,5.306718441244099
0.107,19,prcus-i,-0.0,5.306718441244099
0.107,19,prcus-a,-0.9394587133760884,5.306718441244099
0.107,19,ifrms,0.22953249486206967,5.306718441244099
0.107,19,sspls-v,0.3342032443627911,5.306718441244099
0.107,20,mcgs,0.5025428742063704,5.204688623827214
0.107,20,pos,-0.26763810697231005,5.204688623827214
0.107,20,sbps,-1.4321102145059514,5.204688623827214
0.107,20,prculs-d,-1.092529218122206,5.204688623827214
0.107,20,prcus-p,0.4393220339806803,5.204688623827214
0.107,20,prcus-i,-0.0,5.204688623827214
0.107,20,prcus-a,-0.6835976199604283,5.204688623827214
0.107,20,ifrms,-0.5856833622334898,5.204688623827214
0.107,20,sspls-v,0.0,5.204688623827214
0.107,21,mcgs,0.6558824053376543,5.250006807593925
0.107,21,pos,-0.13152733201055467,5.250006807593925
0.107,21,sbps,-1.7001957954579008,5.250006807593925
0.107,21,prculs-d,-0.947216332972165,5.250006807593925
0.107,21,prcus-p,0.2616811982809562,5.250006807593925
0.107,21,prcus-i,-0.07023145883757244,5.250006807593925
0.107,21,prcus-a,-0.8178842050712114,5.250006807593925
0.107,21,ifrms,0.3462180037070119,5.250006807593925
0.107,21,sspls-v,0.10161084487417535,5.250006807593925
0.107,22,mcgs,0.5766697498524163,5.565426802778621
0.107,22,pos,-0.27496654328074993,5.565426802778621
0.107,22,sbps,-1.8401943408656831,5.565426802778621
0.107,22,prculs-d,-0.8880991658519288,5.565426802778621
0.107,22,prcus-p,0.224310427382802,5.565426802778621
0.107,22,prcus-i,-0.1039672498771276,5.565426802778621
0.107,22,prcus-a,-0.8317800842340517,5.565426802778621
0.107,22,ifrms,0.3752804823026558,5.565426802778621
0.107,22,sspls-v,0.3792511528174897,5.565426802778621
0.107,23,mcgs,0.8995826116993432,5.45284434442163
0.107,23,pos,-0.10002076593026794,5.45284434442163
0.107,23,sbps,-1.957083999337929,5.45284434442163
0.107,23,prculs-d,-1.007054499940054,5.45284434442163
0.107,23,prcus-p,0.3281836333533978,5.45284434442163
0.107,23,prcus-i,-0.32429617868750304,5.45284434442163
0.107,23,prcus-a,-0.990542625239481,5.45284434442163
0.107,23,ifrms,0.599491875077064,5.45284434442163
0.107,23,sspls-v,0.585201580728554,5.45284434442163
0.107,24,mcgs,0.827513326333533,5.21623218361672
0.107,24,pos,-0.0,5.21623218361672
0.107,24,sbps,-1.9208655720045744,5.21623218361672
0.107,24,prculs-d,-1.1469834010539357,5.21623218361672
0.107,24,prcus-p,0.31039730794171766,5.21623218361672
0.107,24,prcus-i,0.0,5.21623218361672
0.107,24,prcus-a,-0.6836843453977547,5.21623218361672
0.107,24,ifrms,0.3229092204960315,5.21623218361672
0.107,24,sspls-v,0.561330701719074,5.21623218361672
0.107,25,mcgs,0.618508589747967,5.378766149284086
0.107,25,pos,-0.13705136770631476,5.378766149284086
0.107,25,sbps,-1.9480836433788327,5.378766149284086
0.107,25,prculs-d,-0.9614140572741989,5.378766149284086
0.107,25,prcus-p,0.11381675753495714,5.378766149284086
0.107,25,prcus-i,-0.6257894022856778,5.378766149284086
0.107,25,prcus-a,-1.098130816848086,5.378766149284086
0.107,25,ifrms,0.6769428870079226,5.378766149284086
0.107,25,sspls-v,0.7866380406704523,5.378766149284086
0.107,26,mcgs,0.3143375035430009,5.138717509132001
0.107,26,pos,0.04694394286846947,5.138717509132001
0.107,26,sbps,-1.879772362722095,5.138717509132001
0.107,26,prculs-d,-0.6418940807572661,5.138717509132001
0.107,26,prcus-p,0.11336919897055936,5.138717509132001
0.107,26,prcus-i,-0.040523717077199914,5.138717509132001
0.107,26,prcus-a,-0.7023755109511021,5.138717509132001
0.107,26,ifrms,0.6475818573300836,5.138717509132001
0.107,26,sspls-v,0.4200554728012082,5.138717509132001
0.107,27,mcgs,0.5986244280530411,5.516601274896589
0.107,27,pos,-0.26441625584197537,5.516601274896589
0.107,27,sbps,-1.8042016452707255,5.516601274896589
0.107,27,prculs-d,-0.9195412726562818,5.516601274896589
0.107,27,prcus-p,0.22354491938693086,5.516601274896589
0.107,27,prcus-i,-0.1341435960962628,5.516601274896589
0.107,27,prcus-a,-0.8685683170313476,5.516601274896589
0.107,27,ifrms,0.37096032133626833,5.516601274896589
0.107,27,sspls-v,0.3706133136383541,5.516601274896589
0.107,28,mcgs,0.5494182756684864,5.596038175150825
0.107,28,pos,-0.23377419628263352,5.596038175150825
0.107,28,sbps,-1.7963976542607285,5.596038175150825
0.107,28,prculs-d,-0.9020192615610658,5.596038175150825
0.107,28,prcus-p,0.21303855064877097,5.596038175150825
0.107,28,prcus-i,-0.10659495838469737,5.596038175150825
0.107,28,prcus-a,-0.8662427668671394,5.596038175150825
0.107,28,ifrms,0.38809452031662595,5.596038175150825
0.107,28,sspls-v,0.4037628179341932,5.596038175150825
0.107,29,mcgs,0.964917049767031,5.280386042810819
0.107,29,pos,0.0,5.280386042810819
0.107,29,sbps,-1.0261779452778315,5.280386042810819
0.107,29,prculs-d,-0.8760793760372996,5.280386042810819
0.107,29,prcus-p,0.2690410997172673,5.280386042810819
0.107,29,prcus-i,-0.6115688966249861,5.280386042810819
0.107,29,prcus-a,-0.5756693521189201,5.280386042810819
0.107,29,ifrms,0.45505196080637506,5.280386042810819
0.107,29,sspls-v,0.601492082519879,5.280386042810819
0.114,0,mcgs,0.5089430619279832,5.515388286767132
0.114,0,pos,-0.31725425105159044,5.515388286767132
0.114,0,sbps,-1.7149125898727995,5.515388286767132
0.114,0,prculs-d,-0.8317945101966729,5.515388286767132
0.114,0,prcus-p,0.1886137279592979,5.515388286767132
0.114,0,prcus-i,-0.1983844550646637,5.515388286767132
0.114,0,prcus-a,-0.8405401477670297,5.515388286767132
0.114,0,ifrms,0.36769519487864344,5.515388286767132
0.114,0,sspls-v,0.3671991007233826,5.515388286767132
0.114,1,mcgs,0.6044640815244651,5.54021053895407
0.114,1,pos,-0.28468192565699435,5.54021053895407
0.114,1,sbps,-1.7727416567986707,5.54021053895407
0.114,1,prculs-d,-0.9332005095572379,5.54021053895407
0.114,1,prcus-p,0.2830412156555212,5.54021053895407
0.114,1,prcus-i,-0.2817313262752136,5.54021053895407
0.114,1,prcus-a,-0.884543071842604,5.54021053895407
0.114,1,ifrms,0.30370689843754356,5.54021053895407
0.114,1,sspls-v,0.6766930408370172,5.54021053895407
0.114,2,mcgs,0.39484891980301107,5.178184578743441
0.114,2,pos,-0.3360236195309523,5.178184578743441
0.114,2,sbps,-2.1686743768547503,5.178184578743441
0.114,2,prculs-d,-0.5959437474131632,5.178184578743441
0.114,2,prcus-p,0.3759958292046064,5.178184578743441
0.114,2,prcus-i,0.22381770454410116,5.178184578743441
0.114,2,prcus-a,-1.205176537572523,5.178184578743441
0.114,2,ifrms,0.6354841126043843,5.178184578743441
0.114,2,sspls-v,0.0,5.178184578743441
0.114,3,mcgs,0.0,4.716196369411907
0.114,3,pos,0.0,4.716196369411907
0.114,3,sbps,-2.1966998664913855,4.716196369411907
0.114,3,prculs-d,-1.2657544698435343,4.716196369411907
0.114,3,prcus-p,-0.4312361798567464,4.716196369411907
0.114,3,prcus-i,-1.0635052622666845,4.716196369411907
0.114,3,prcus-a,-1.219937988448984,4.716196369411907
0.114,3,ifrms,0.14346382766048593,4.716196369411907
0.114,3,sspls-v,0.7871615031978472,4.716196369411907
0.114,4,mcgs,0.5430762432399252,5.339725584231897
0.114,4,pos,-0.17180285033897535,5.339725584231897
0.114,4,sbps,-1.9164900582273314,5.339725584231897
0.114,4,prculs-d,-0.21553774475518098,5.339725584231897
0.114,4,prcus-p,0.0,5.339725584231897
0.114,4,prcus-i,-0.3737566991801067,5.339725584231897
0.114,4,prcus-a,-0.9361064868572089,5.339725584231897
0.114,4,ifrms,0.30753124098904816,5.339725584231897
0.114,4,sspls-v,0.5309362774237572,5.339725584231897
0.114,5,mcgs,0.8485968657514487,5.134660575204457
0.114,5,pos,-0.912842446513003,5.134660575204457
0.114,5,sbps,-2.1793565863715525,5.134660575204457
0.114,5,prculs-d,-0.4622915327190585,5.134660575204457
0.114,5,prcus-p,0.1812267223525803,5.134660575204457
0.114,5,prcus-i,0.0,5.134660575204457
0.114,5,prcus-a,-1.1584445318708279,5.134660575204457
0.114,5,ifrms,0.7219062231961986,5.134660575204457
0.114,5,sspls-v,0.6142666612646044,5.134660575204457
0.114,6,mcgs,0.20373858216211635,5.2134311354984995
0.114,6,pos,-0.42540562389410874,5.2134311354984995
0.114,6,sbps,-1.1408002935223898,5.2134311354984995
0.114,6,prculs-d,-1.0017702224197422,5.2134311354984995
0.114,6,prcus-p,0.13872946758784413,5.2134311354984995
0.114,6,prcus-i,-0.0,5.2134311354984995
0.114,6,prcus-a,-0.8482272546601142,5.2134311354984995
0.114,6,ifrms,0.2070086572624343,5.2134311354984995
0.114,6,sspls-v,0.6617202041523829,5.2134311354984995
0.114,7,mcgs,0.6807821128901906,5.326101951538387
0.114,7,pos,-0.48629564609610965,5.326101951538387
0.114,7,sbps,-2.034715353183576,5.326101951538387
0.114,7,prculs-d,-1.0241055143424145,5.326101951538387
0.114,7,prcus-p,0.08970184973917172,5.326101951538387
0.114,7,prcus-i,-0.0,5.326101951538387
0.114,7,prcus-a,-0.5280024101399232,5.326101951538387
0.114,7,ifrms,0.3662534556523071,5.326101951538387
0.114,7,sspls-v,0.5706095850703437,5.326101951538387
0.114,8,mcgs,0.5896296259857786,5.33280917828579
0.114,8,pos,-0.04173987288025546,5.33280917828579
0.114,8,sbps,-2.0175043430964212,5.33280917828579
0.114,8,prculs-d,-1.1058771730068464,5.33280917828579
0.114,8,prcus-p,0.4491647853046225,5.33280917828579
0.114,8,prcus-i,-0.23035281683332595,5.33280917828579
0.114,8,prcus-a,-0.956916472016795,5.33280917828579
0.114,8,ifrms,0.4590017331898079,5.33280917828579
0.114,8,sspls-v,0.3579255424860801,5.33280917828579
0.114,9,mcgs,0.5799386077718953,5.5153957322296865
0.114,9,pos,-0.2835590133421996,5.5153957322296865
0.114,9,sbps,-1.8281650503573161,5.5153957322296865
0.114,9,prculs-d,-0.8644560660030728,5.5153957322296865
0.114,9,prcus-p,0.22955502889691723,5.5153957322296865
0.114,9,prcus-i,-0.12124740257940328,5.5153957322296865
0.114,9,prcus-a,-0.8378191308909022,5.5153957322296865
0.114,9,ifrms,0.3263713417341053,5.5153957322296865
0.114,9,sspls-v,0.3799742830594141,5.5153957322296865
0.114,10,mcgs,0.8944375324152539,5.102502471755426
0.114,10,pos,-0.354471144054532,5.102502471755426
0.114,10,sbps,-1.5523201954965626,5.102502471755426
0.114,10,prculs-d,-1.0240556634344593,5.102502471755426
0.114,10,prcus-p,0.0,5.102502471755426
0.114,10,prcus-i,-0.04889203447281601,5.102502471755426
0.114,10,prcus-a,-0.9405766875011805,5.102502471755426
0.114,10,ifrms,0.2069617359484328,5.102502471755426
0.114,10,sspls-v,0.0,5.102502471755426
0.114,11,mcgs,0.2569963950783255,5.357280816190315
0.114,11,pos,-0.21875529439012487,5.357280816190315
0.114,11,sbps,-1.892789872424364,5.357280816190315
0.114,11,prculs-d,-1.0583518297841874,5.357280816190315
0.114,11,prcus-p,0.5242769463774024,5.357280816190315
0.114,11,prcus-i,-0.17018821457061556,5.357280816190315
0.114,11,prcus-a,-0.8912212009249987,5.357280816190315
0.114,11,ifrms,0.23109665900795842,5.357280816190315
0.114,11,sspls-v,0.2634078111168555,5.357280816190315
0.114,12,mcgs,0.5498748075199907,5.490463969751178
0.114,12,pos,-0.2672697477027028,5.490463969751178
0.114,12,sbps,-1.8549686462907635,5.490463969751178
0.114,12,prculs-d,-0.8432180252699382,5.490463969751178
0.114,12,prcus-p,0.20862493257437748,5.490463969751178
0.114,12,prcus-i,-0.110410821892645,5.490463969751178
0.114,12,prcus-a,-0.8361352481114218,5.490463969751178
0.114,12,ifrms,0.3191753804290531,5.490463969751178
0.114,12,sspls-v,0.4320171390786542,5.490463969751178
0.114,13,mcgs,0.6243917412180339,5.11624172230091
0.114,13,pos,-0.5119960026965302,5.11624172230091
0.114,13,sbps,-1.6049654794827857,5.11624172230091
0.114,13,prculs-d,-0.8680607508445363,5.11624172230091
0.114,13,prcus-p,0.17974465634592895,5.11624172230091
0.114,13,prcus-i,-0.0,5.11624172230091
0.114,13,prcus-a,0.007268031581553813,5.11624172230091
0.114,13,ifrms,0.4867827074987174,5.11624172230091
0.114,13,sspls-v,0.0,5.11624172230091
0.114,14,mcgs,0.5741232116965698,5.60853511709158
0.114,14,pos,-0.26955330682678474,5.60853511709158
0.114,14,sbps,-1.8486848982234276,5.60853511709158
0.114,14,prculs-d,-0.8657695881262205,5.60853511709158
0.114,14,prcus-p,0.20971266155657703,5.60853511709158
0.114,14,prcus-i,-0.10558495294768977,5.60853511709158
0.114,14,prcus-a,-0.8459229832707602,5.60853511709158
0.114,14,ifrms,0.3484187824577998,5.60853511709158
0.114,14,sspls-v,0.36978259781473266,5.60853511709158
0.114,15,mcgs,0.4790231495477833,5.210435142214811
0.114,15,pos,-0.31404602284577837,5.210435142214811
0.114,15,sbps,-2.093153957016116,5.210435142214811
0.114,15,prculs-d,-0.735303398019133,5.210435142214811
0.114,15,prcus-p,0.0,5.210435142214811
0.114,15,prcus-i,0.0,5.210435142214811
0.114,15,prcus-a,-1.1270877457920767,5.210435142214811
0.114,15,ifrms,0.5137471090048531,5.210435142214811
0.114,15,sspls-v,0.22969951513124048,5.210435142214811
0.114,16,mcgs,0.5128974183712336,5.521311693545534
0.114,16,pos,-0.11016967280207936,5.521311693545534
0.114,16,sbps,-1.9761142501415554,5.521311693545534
0.114,16,prculs-d,-1.0048329816823498,5.521311693545534
0.114,16,prcus-p,0.5165635780943599,5.521311693545534
0.114,16,prcus-i,-0.032324007986115656,5.521311693545534
0.114,16,prcus-a,-0.9191612403970643,5.521311693545534
0.114,16,ifrms,0.2653321300745487,5.521311693545534
0.114,16,sspls-v,0.48569634329292155,5.521311693545534
0.114,17,mcgs,0.3698548250242672,4.970491236964761
0.114,17,pos,-0.992852490126942,4.970491236964761
0.114,17,sbps,-1.3327054276840773,4.970491236964761
0.114,17,prculs-d,-0.4102850010997842,4.970491236964761
0.114,17,prcus-p,0.0,4.970491236964761
0.114,17,prcus-i,0.0,4.970491236964761
0.114,17,prcus-a,-0.379900419636076,4.970491236964761
0.114,17,ifrms,0.04222040329594968,4.970491236964761
0.114,17,sspls-v,0.26722866107905024,4.970491236964761
0.114,18,mcgs,0.5361803889766957,5.3776486510288946
0.114,18,pos,-0.42287103946816645,5.3776486510288946
0.114,18,sbps,-1.868596202409165,5.3776486510288946
0.114,18,prculs-d,-0.9203566294462904,5.3776486510288946
0.114,18,prcus-p,0.16985649381360204,5.3776486510288946
0.114,18,prcus-i,-0.27261021917357303,5.3776486510288946
0.114,18,prcus-a,-0.9553322798018252,5.3776486510288946
0.114,18,ifrms,0.5569245970302458,5.3776486510288946
0.114,18,sspls-v,0.33622849166,5.3776486510288946
0.114,19,mcgs,0.6793190675251412,5.288834555535878
0.114,19,pos,-0.24968723440453092,5.288834555535878
0.114,19,sbps,-1.6667370386781315,5.288834555535878
0.114,19,prculs-d,-1.0138474451286184,5.288834555535878
0.114,19,prcus-p,0.5251570105726869,5.288834555535878
0.114,19,prcus-i,-0.0,5.288834555535878
0.114,19,prcus-a,-0.926907301189779,5.288834555535878
0.114,19,ifrms,0.21580997568079194,5.288834555535878
0.114,19,sspls-v,0.32131223526553104,5.288834555535878
0.114,20,mcgs,0.49690668075318656,5.187645700473019
0.114,20,pos,-0.2675176953700262,5.187645700473019
0.114,20,sbps,-1.4249099061465524,5.187645700473019
0.114,20,prculs-d,-1.0798067489140377,5.187645700473019
0.114,20,prcus-p,0.4274852528676344,5.187645700473019
0.114,20,prcus-i,-0.0,5.187645700473019
0.114,20,prcus-a,-0.6757849490054884,5.187645700473019
0.114,20,ifrms,-0.5797524876406978,5.187645700473019
0.114,20,sspls-v,0.0,5.187645700473019
0.114,21,mcgs,0.647216916370141,5.2274526942906565
0.114,21,pos,-0.13458787935499528,5.2274526942906565
0.114,21,sbps,-1.6835367874524678,5.2274526942906565
0.114,21,prculs-d,-0.9374988126186153,5.2274526942906565
0.114,21,prcus-p,0.2553541301246178,5.2274526942906565
0.114,21,prcus-i,-0.05778733098371733,5.2274526942906565
0.114,21,prcus-a,-0.8051618283879081,5.2274526942906565
0.114,21,ifrms,0.3302608128748455,5.2274526942906565
0.114,21,sspls-v,0.08304918053764934,5.2274526942906565
0.114,22,mcgs,0.5670131231655643,5.548112662283914
0.114,22,pos,-0.2789907414280698,5.548112662283914
0.114,22,sbps,-1.8255142312601174,5.548112662283914
0.114,22,prculs-d,-0.8776692073786015,5.548112662283914
0.114,22,prcus-p,0.21786460207327277,5.548112662283914
0.114,22,prcus-i,-0.09151789578559193,5.548112662283914
0.114,22,prcus-a,-0.8222587102318945,5.548112662283914
0.114,22,ifrms,0.35977230344057837,5.548112662283914
0.114,22,sspls-v,0.36115195978485654,5.548112662283914
0.114,23,mcgs,0.8851287628895046,5.442422446400671
0.114,23,pos,-0.10717355742484938,5.442422446400671
0.114,23,sbps,-1.9394074640513301,5.442422446400671
0.114,23,prculs-d,-0.9955475624163245,5.442422446400671
0.114,23,prcus-p,0.31973782183872107,5.442422446400671
0.114,23,prcus-i,-0.30850000590278387,5.442422446400671
0.114,23,prcus-a,-0.9758049884242662,5.442422446400671
0.114,23,ifrms,0.5794766829939204,5.442422446400671
0.114,23,sspls-v,0.5638441121320484,5.442422446400671
0.114,24,mcgs,0.8198757038088391,5.198671399559569
0.114,24,pos,-0.0,5.198671399559569
0.114,24,sbps,-1.901142201487145,5.198671399559569
0.114,24,prculs-d,-1.1374578744251573,5.198671399559569
0.114,24,prcus-p,0.30258764185869513,5.198671399559569
0.114,24,prcus-i,0.0,5.198671399559569
0.114,24,prcus-a,-0.6717623382331389,5.198671399559569
0.114,24,ifrms,0.3090856536998877,5.198671399559569
0.114,24,sspls-v,0.5483952411923273,5.198671399559569
0.114,25,mcgs,0.6091065878252566,5.367506067333391
0.114,25,pos,-0.1420851276795937,5.367506067333391
0.114,25,sbps,-1.931846379617737,5.367506067333391
0.114,25,prculs-d,-0.9510572806951278,5.367506067333391
0.114,25,prcus-p,0.10804307333266462,5.367506067333391
0.114,25,prcus-i,-0.6101949520336571,5.367506067333391
0.114,25,prcus-a,-1.084177824487946,5.367506067333391
0.114,25,ifrms,0.6589341692821875,5.367506067333391
0.114,25,sspls-v,0.7662246535798356,5.367506067333391
0.114,26,mcgs,0.3035293630204011,5.111452075197899
0.114,26,pos,0.02533858041405506,5.111452075197899
0.114,26,sbps,-1.8651264935987675,5.111452075197899
0.114,26,prculs-d,-0.6263331628319048,5.111452075197899
0.114,26,prcus-p,0.09969925193520884,5.111452075197899
0.114,26,prcus-i,-0.02372870365446166,5.111452075197899
0.114,26,prcus-a,-0.689668663578219,5.111452075197899
0.114,26,ifrms,0.6310357202837216,5.111452075197899
0.114,26,sspls-v,0.3971053572504684,5.111452075197899
0.114,27,mcgs,0.5896078045179373,5.498483890943896
0.114,27,pos,-0.26845849869210064,5.498483890943896
0.114,27,sbps,-1.7891832934006584,5.498483890943896
0.114,27,prculs-d,-0.9096125508063625,5.498483890943896
0.114,27,prcus-p,0.2169949911024073,5.498483890943896
0.114,27,prcus-i,-0.12195113293938224,5.498483890943896
0.114,27,prcus-a,-0.8563947206642447,5.498483890943896
0.114,27,ifrms,0.355209434633255,5.498483890943896
0.114,27,sspls-v,0.3532884401020728,5.498483890943896
0.114,28,mcgs,0.5401928701338948,5.577024990150648
0.114,28,pos,-0.23664597911413848,5.577024990150648
0.114,28,sbps,-1.7815010223035885,5.577024990150648
0.114,28,prculs-d,-0.8918490403539853,5.577024990150648
0.114,28,prcus-p,0.20616332395410902,5.577024990150648
0.114,28,prcus-i,-0.0953461425274369,5.577024990150648
0.114,28,prcus-a,-0.8538660537346084,5.577024990150648
0.114,28,ifrms,0.37459485931076164,5.577024990150648
0.114,28,sspls-v,0.38762474123222324,5.577024990150648
0.114,29,mcgs,0.956812649281283,5.259517467942278
0.114,29,pos,0.0,5.259517467942278
0.114,29,sbps,-1.011355381368171,5.259517467942278
0.114,29,prculs-d,-0.8674919305018086,5.259517467942278
0.114,29,prcus-p,0.26414580037754365,5.259517467942278
0.114,29,prcus-i,-0.6006496619214924,5.259517467942278
0.114,29,prcus-a,-0.5634043002037854,5.259517467942278
0.114,29,ifrms,0.4398566760107104,5.259517467942278
0.114,29,sspls-v,0.585396144990917,5.259517467942278
0.122,0,mcgs,0.4977769707192153,5.50059715048568
0.122,0,pos,-0.3227859946067975,5.50059715048568
0.122,0,sbps,-1.6956451829193988,5.50059715048568
0.122,0,prculs-d,-0.819224164685616,5.50059715048568
0.122,0,prcus-p,0.18051515511576519,5.50059715048568
0.122,0,prcus-i,-0.18710810114983417,5.50059715048568
0.122,0,prcus-a,-0.8260492506906868,5.50059715048568
0.122,0,ifrms,0.35028196520038085,5.50059715048568
0.122,0,sspls-v,0.34709235549369405,5.50059715048568
0.122,1,mcgs,0.5936696207828306,5.527625530261285
0.122,1,pos,-0.2890999167095538,5.527625530261285
0.122,1,sbps,-1.7560907786723812,5.527625530261285
0.122,1,prculs-d,-0.9213915919409403,5.527625530261285
0.122,1,prcus-p,0.2749702658923734,5.527625530261285
0.122,1,prcus-i,-0.26655364161648915,5.527625530261285
0.122,1,prcus-a,-0.8703958636601729,5.527625530261285
0.122,1,ifrms,0.28635047677672554,5.527625530261285
0.122,1,sspls-v,0.6558431550903382,5.527625530261285
0.122,2,mcgs,0.3899019494445938,5.155458994190006
0.122,2,pos,-0.3325991271326332,5.155458994190006
0.122,2,sbps,-2.139546808406688,5.155458994190006
0.122,2,prculs-d,-0.5865044003035094,5.155458994190006
0.122,2,prcus-p,0.36255227087939434,5.155458994190006
0.122,2,prcus-i,0.20190592197373425,5.155458994190006
0.122,2,prcus-a,-1.1882301236076174,5.155458994190006
0.122,2,ifrms,0.622119985247095,5.155458994190006
0.122,2,sspls-v,0.0,5.155458994190006
0.122,3,mcgs,0.0,4.6986007972562485
0.122,3,pos,0.0,4.6986007972562485
0.122,3,sbps,-2.177713973593333,4.6986007972562485
0.122,3,prculs-d,-1.2636633289606665,4.6986007972562485
0.122,3,prcus-p,-0.41505430241793295,4.6986007972562485
0.122,3,prcus-i,-1.041971560313272,4.6986007972562485
0.122,3,prcus-a,-1.203042925982561,4.6986007972562485
0.122,3,ifrms,0.12251712265705567,4.6986007972562485
0.122,3,sspls-v,0.7659986047094923,4.6986007972562485
0.122,4,mcgs,0.5324691374304673,5.321576937950624
0.122,4,pos,-0.1729412721096835,5.321576937950624
0.122,4,sbps,-1.8999585625523892,5.321576937950624
0.122,4,prculs-d,-0.20885481559862185,5.321576937950624
0.122,4,prcus-p,0.0,5.321576937950624
0.122,4,prcus-i,-0.35962639090847937,5.321576937950624
0.122,4,prcus-a,-0.9221847758211061,5.321576937950624
0.122,4,ifrms,0.2881915456724082,5.321576937950624
0.122,4,sspls-v,0.5118017175594562,5.321576937950624
0.122,5,mcgs,0.8385577369480257,5.122860285717634
0.122,5,pos,-0.9108515651731103,5.122860285717634
0.122,5,sbps,-2.1546359925867504,5.122860285717634
0.122,5,prculs-d,-0.45419538856737085,5.122860285717634
0.122,5,prcus-p,0.17174783798632137,5.122860285717634
0.122,5,prcus-i,0.0,5.122860285717634
0.122,5,prcus-a,-1.1419899949404204,5.122860285717634
0.122,5,ifrms,0.7034560563713618,5.122860285717634
0.122,5,sspls-v,0.5976467617567625,5.122860285717634
0.122,6,mcgs,0.19476212715204996,5.193143629024611
0.122,6,pos,-0.4273023755027593,5.193143629024611
0.122,6,sbps,-1.1224438650442132,5.193143629024611
0.122,6,prculs-d,-0.9915551962132172,5.193143629024611
0.122,6,prcus-p,0.12889866899126462,5.193143629024611
0.122,6,prcus-i,-0.0,5.193143629024611
0.122,6,prcus-a,-0.8349341369145055,5.193143629024611
0.122,6,ifrms,0.191468192178969,5.193143629024611
0.122,6,sspls-v,0.6522095397591858,5.193143629024611
0.122,7,mcgs,0.6711500915584427,5.308285896931098
0.122,7,pos,-0.4863820214545363,5.308285896931098
0.122,7,sbps,-2.0116331333098962,5.308285896931098
0.122,7,prculs-d,-1.01205031407131,5.308285896931098
0.122,7,prcus-p,0.08127335505064495,5.308285896931098
0.122,7,prcus-i,-0.0,5.308285896931098
0.122,7,prcus-a,-0.5176505293389821,5.308285896931098
0.122,7,ifrms,0.3503431220304618,5.308285896931098
0.122,7,sspls-v,0.5539206101709254,5.308285896931098
0.122,8,mcgs,0.5789923984304663,5.318881023999436
0.122,8,pos,-0.04801766973601367,5.318881023999436
0.122,8,sbps,-1.998926045335812,5.318881023999436
0.122,8,prculs-d,-1.0929672486451296,5.318881023999436
0.122,8,prcus-p,0.4400599450655032,5.318881023999436
0.122,8,prcus-i,-0.21612976034229603,5.318881023999436
0.122,8,prcus-a,-0.9421624179108695,5.318881023999436
0.122,8,ifrms,0.4402903390453378,5.318881023999436
0.122,8,sspls-v,0.338601999034019,5.318881023999436
0.122,9,mcgs,0.5700599855481681,5.498718026020902
0.122,9,pos,-0.2881309755946939,5.498718026020902
0.122,9,sbps,-1.810071447263126,5.498718026020902
0.122,9,prculs-d,-0.853540376780316,5.498718026020902
0.122,9,prcus-p,0.22276655595232453,5.498718026020902
0.122,9,prcus-i,-0.10762436328222497,5.498718026020902
0.122,9,prcus-a,-0.8234466393728402,5.498718026020902
0.122,9,ifrms,0.3082442165167772,5.498718026020902
0.122,9,sspls-v,0.3599889435799319,5.498718026020902
0.122,10,mcgs,0.8839760683757338,5.079344905769843
0.122,10,pos,-0.3521498532236299,5.079344905769843
0.122,10,sbps,-1.5394905890758224,5.079344905769843
0.122,10,prculs-d,-1.0148122317530721,5.079344905769843
0.122,10,prcus-p,0.0,5.079344905769843
0.122,10,prcus-i,-0.04242743462594472,5.079344905769843
0.122,10,prcus-a,-0.925492386942903,5.079344905769843
0.122,10,ifrms,0.19078552531361861,5.079344905769843
0.122,10,sspls-v,0.0,5.079344905769843
0.122,11,mcgs,0.24852123788688188,5.341464082767579
0.122,11,pos,-0.22298484238334204,5.341464082767579
0.122,11,sbps,-1.8749245402051673,5.341464082767579
0.122,11,prculs-d,-1.0473678580343886,5.341464082767579
0.122,11,prcus-p,0.5167013742549567,5.341464082767579
0.122,11,prcus-i,-0.1576424965411135,5.341464082767579
0.122,11,prcus-a,-0.8769529681644396,5.341464082767579
0.122,11,ifrms,0.21342746545482813,5.341464082767579
0.122,11,sspls-v,0.24472273920844778,5.341464082767579
0.122,12,mcgs,0.5392875561184237,5.4726093673766805
0.122,12,pos,-0.27181519975764706,5.4726093673766805
0.122,12,sbps,-1.8384755157360675,5.4726093673766805
0.122,12,prculs-d,-0.8319369077948958,5.4726093673766805
0.122,12,prcus-p,0.20117274278341826,5.4726093673766805
0.122,12,prcus-i,-0.09644172033409834,5.4726093673766805
0.122,12,prcus-a,-0.8223316442502726,5.4726093673766805
0.122,12,ifrms,0.3019911953157845,5.4726093673766805
0.122,12,sspls-v,0.4125903680586147,5.4726093673766805
0.122,13,mcgs,0.6131442478181819,5.089454690848937
0.122,13,pos,-0.5090058717416869,5.089454690848937
0.122,13,sbps,-1.5981973053807867,5.089454690848937
0.122,13,prculs-d,-0.8551858758434175,5.089454690848937
0.122,13,prcus-p,0.17227032018425226,5.089454690848937
0.122,13,prcus-i,-0.0,5.089454690848937
0.122,13,prcus-a,0.0004890316594446979,5.089454690848937
0.122,13,ifrms,0.477653955999807,5.089454690848937
0.122,13,sspls-v,0.0,5.089454690848937
0.122,14,mcgs,0.5621403847377381,5.59115895551751
0.122,14,pos,-0.2739744983877682,5.59115895551751
0.122,14,sbps,-1.8314108069190742,5.59115895551751
0.122,14,prculs-d,-0.8544855864669679,5.59115895551751
0.122,14,prcus-p,0.20625964886006862,5.59115895551751
0.122,14,prcus-i,-0.09060909267494356,5.59115895551751
0.122,14,prcus-a,-0.8314689185537375,5.59115895551751
0.122,14,ifrms,0.32999558421016517,5.59115895551751
0.122,14,sspls-v,0.3494429864804456,5.59115895551751
0.122,15,mcgs,0.46999084055516427,5.1873488108954655
0.122,15,pos,-0.31223721965256473,5.1873488108954655
0.122,15,sbps,-2.070236408527077,5.1873488108954655
0.122,15,prculs-d,-0.728010095681224,5.1873488108954655
0.122,15,prcus-p,0.0,5.1873488108954655
0.122,15,prcus-i,0.0,5.1873488108954655
0.122,15,prcus-a,-1.1118892928286668,5.1873488108954655
0.122,15,ifrms,0.49529983153063134,5.1873488108954655
0.122,15,sspls-v,0.21667434927350218,5.1873488108954655
0.122,16,mcgs,0.5036539465699549,5.506711904966125
0.122,16,pos,-0.11822215860312206,5.506711904966125
0.122,16,sbps,-1.9555746464282446,5.506711904966125
0.122,16,prculs-d,-0.9913716511057341,5.506711904966125
0.122,16,prcus-p,0.5036132792549918,5.506711904966125
0.122,16,prcus-i,-0.019864174509456194,5.506711904966125
0.122,16,prcus-a,-0.9037019438505924,5.506711904966125
0.122,16,ifrms,0.24908721060053612,5.506711904966125
0.122,16,sspls-v,0.4631978919145811,5.506711904966125
0.122,17,mcgs,0.35976564216715173,4.946966901174028
0.122,17,pos,-0.9929111971065793,4.946966901174028
0.122,17,sbps,-1.3090389556103237,4.946966901174028
0.122,17,prculs-d,-0.4015803157866128,4.946966901174028
0.122,17,prcus-p,0.0,4.946966901174028
0.122,17,prcus-i,0.0,4.946966901174028
0.122,17,prcus-a,-0.36400190299043,4.946966901174028
0.122,17,ifrms,0.02310427770915195,4.946966901174028
0.122,17,sspls-v,0.2537757560052175,4.946966901174028
0.122,18,mcgs,0.5266089555867425,5.366370813663985
0.122,18,pos,-0.4247908944839744,5.366370813663985
0.122,18,sbps,-1.850390186382027,5.366370813663985
0.122,18,prculs-d,-0.9083714418799541,5.366370813663985
0.122,18,prcus-p,0.1628380149434871,5.366370813663985
0.122,18,prcus-i,-0.25661766045171636,5.366370813663985
0.122,18,prcus-a,-0.9394840088775193,5.366370813663985
0.122,18,ifrms,0.5362727963533279,5.366370813663985
0.122,18,sspls-v,0.3169732708243655,5.366370813663985
0.122,19,mcgs,0.6706219748563553,5.2703592955502145
0.122,19,pos,-0.2515800980171956,5.2703592955502145
0.122,19,sbps,-1.6449262072857438,5.2703592955502145
0.122,19,prculs-d,-1.0024714964058243,5.2703592955502145
0.122,19,prcus-p,0.5151418516919078,5.2703592955502145
0.122,19,prcus-i,-0.0,5.2703592955502145
0.122,19,prcus-a,-0.912562830119711,5.2703592955502145
0.122,19,ifrms,0.20012709661647352,5.2703592955502145
0.122,19,sspls-v,0.3065796534400901,5.2703592955502145
0.122,20,mcgs,0.4904654258691046,5.168794334316662
0.122,20,pos,-0.2673799534960787,5.168794334316662
0.122,20,sbps,-1.4166807136618023,5.168794334316662
0.122,20,prculs-d,-1.0652669782555892,5.168794334316662
0.122,20,prcus-p,0.4139576474455088,5.168794334316662
0.122,20,prcus-i,-0.0,5.168794334316662
0.122,20,prcus-a,-0.6668560228345092,5.168794334316662
0.122,20,ifrms,-0.572974491707158,5.168794334316662
0.122,20,sspls-v,0.0,5.168794334316662
0.122,21,mcgs,0.6373140549857684,5.201602219005426
0.122,21,pos,-0.13808630986069528,5.201602219005426
0.122,21,sbps,-1.664496494229233,5.201602219005426
0.122,21,prculs-d,-0.9263928256619244,5.201602219005426
0.122,21,prcus-p,0.24812265660249117,5.201602219005426
0.122,21,prcus-i,-0.04356503861218996,5.201602219005426
0.122,21,prcus-a,-0.7906215640918152,5.201602219005426
0.122,21,ifrms,0.3120236574576015,5.201602219005426
0.122,21,sspls-v,0.06183497786614864,5.201602219005426
0.122,22,mcgs,0.5559769223044774,5.528303358497869
0.122,22,pos,-0.2835898200191812,5.528303358497869
0.122,22,sbps,-1.808737057713937,5.528303358497869
0.122,22,prculs-d,-0.8657492533342783,5.528303358497869
0.122,22,prcus-p,0.21049799106615638,5.528303358497869
0.122,22,prcus-i,-0.07729001420588993,5.528303358497869
0.122,22,prcus-a,-0.8113771734646564,5.528303358497869
0.122,22,ifrms,0.3420486754825017,5.528303358497869
0.122,22,sspls-v,0.3404671783922676,5.528303358497869
0.122,23,mcgs,0.8686100785354036,5.4291252561151095
0.122,23,pos,-0.11534817627579866,5.4291252561151095
0.122,23,sbps,-1.919205709438074,5.4291252561151095
0.122,23,prculs-d,-0.9823967766749201,5.4291252561151095
0.122,23,prcus-p,0.31008546582194835,5.4291252561151095
0.122,23,prcus-i,-0.2904472370059618,5.4291252561151095
0.122,23,prcus-a,-0.9589619749211643,5.4291252561151095
0.122,23,ifrms,0.5566021777560423,5.4291252561151095
0.122,23,sspls-v,0.5394355765931863,5.4291252561151095
0.122,24,mcgs,0.8111456906483978,5.17908457701559
0.122,24,pos,-0.0,5.17908457701559
0.122,24,sbps,-1.878602105772663,5.17908457701559
0.122,24,prculs-d,-1.1265717768198458,5.17908457701559
0.122,24,prcus-p,0.2936629404444943,5.17908457701559
0.122,24,prcus-i,0.0,5.17908457701559
0.122,24,prcus-a,-0.6581373436309508,5.17908457701559
0.122,24,ifrms,0.2932871945279222,5.17908457701559
0.122,24,sspls-v,0.5336121731512723,5.17908457701559
0.122,25,mcgs,0.5983614427707312,5.355499507623325
0.122,25,pos,-0.14783799622048488,5.355499507623325
0.122,25,sbps,-1.9132895067479134,5.355499507623325
0.122,25,prculs-d,-0.9392209646047608,5.355499507623325
0.122,25,prcus-p,0.10144457710147074,5.355499507623325
0.122,25,prcus-i,-0.592372723174207,5.355499507623325
0.122,25,prcus-a,-1.0682315475049284,5.355499507623325
0.122,25,ifrms,0.6383527775956325,5.355499507623325
0.122,25,sspls-v,0.7428950683334183,5.355499507623325
0.122,26,mcgs,0.2911481827916598,5.077649236481981
0.122,26,pos,0.0006630259067037361,5.077649236481981
0.122,26,sbps,-1.848508710316966,5.077649236481981
0.122,26,prculs-d,-0.6085947604881923,5.077649236481981
0.122,26,prcus-p,0.08416277369908512,5.077649236481981
0.122,26,prcus-i,-0.004434741352546913,5.077649236481981
0.122,26,prcus-a,-0.6751862221182836,5.077649236481981
0.122,26,ifrms,0.6121228211460892,5.077649236481981
0.122,26,sspls-v,0.3708738124312053,5.077649236481981
0.122,27,mcgs,0.5793031438772664,5.481046531730317
0.122,27,pos,-0.27307871670864514,5.481046531730317
0.122,27,sbps,-1.7720194251157495,5.481046531730317
0.122,27,prculs-d,-0.898265406636175,5.481046531730317
0.122,27,prcus-p,0.2095094533543028,5.481046531730317
0.122,27,prcus-i,-0.10801596108927125,5.481046531730317
0.122,27,prcus-a,-0.8424821138226238,5.481046531730317
0.122,27,ifrms,0.33720820243797833,5.481046531730317
0.122,27,sspls-v,0.3334880136544816,5.481046531730317
0.122,28,mcgs,0.5296605406678521,5.556985173528164
0.122,28,pos,-0.2399909536521781,5.556985173528164
0.122,28,sbps,-1.7644014459808948,5.556985173528164
0.122,28,prculs-d,-0.8801934302637473,5.556985173528164
0.122,28,prcus-p,0.19827191916157152,5.556985173528164
0.122,28,prcus-i,-0.08246103305061678,5.556985173528164
0.122,28,prcus-a,-0.8397013549902987,5.556985173528164
0.122,28,ifrms,0.35913742140576416,5.556985173528164
0.122,28,sspls-v,0.36912588251833,5.556985173528164
0.122,29,mcgs,0.9475504772975715,5.238215706807164
0.122,29,pos,0.0,5.238215706807164
0.122,29,sbps,-0.9944153083285594,5.238215706807164
0.122,29,prculs-d,-0.8576777070326755,5.238215706807164
0.122,29,prcus-p,0.25855117256071647,5.238215706807164
0.122,29,prcus-i,-0.5881705365460714,5.238215706807164
0.122,29,prcus-a,-0.5493870980150597,5.238215706807164
0.122,29,ifrms,0.4224906362442375,5.238215706807164
0.122,29,sspls-v,0.5670007878149604,5.238215706807164
0.131,0,mcgs,0.4852216069812244,5.483338672584037
0.131,0,pos,-0.3289530135294806,5.483338672584037
0.131,0,sbps,-1.6740289768147512,5.483338672584037
0.131,0,prculs-d,-0.8051079414100174,5.483338672584037
0.131,0,prcus-p,0.171428852265093,5.483338672584037
0.131,0,prcus-i,-0.1744509322973404,5.483338672584037
0.131,0,prcus-a,-0.809763525628381,5.483338672584037
0.131,0,ifrms,0.3307138947790746,5.483338672584037
0.131,0,sspls-v,0.3245195248449094,5.483338672584037
0.131,1,mcgs,0.5815258524484922,5.51490704460014
0.131,1,pos,-0.2940701566436835,5.51490704460014
0.131,1,sbps,-1.7373585407803047,5.51490704460014
0.131,1,prculs-d,-0.908106559622606,5.51490704460014
0.131,1,prcus-p,0.26589044740883344,5.51490704460014
0.131,1,prcus-i,-0.24947874637542433,5.51490704460014
0.131,1,prcus-a,-0.8544802544549377,5.51490704460014
0.131,1,ifrms,0.26682450240830535,5.51490704460014
0.131,1,sspls-v,0.6323870336253234,5.51490704460014
0.131,2,mcgs,0.38433660779137463,5.130120185924268
0.131,2,pos,-0.328746573184522,5.130120185924268
0.131,2,sbps,-2.1067782939026176,5.130120185924268
0.131,2,prculs-d,-0.5758851348051486,5.130120185924268
0.131,2,prcus-p,0.3474282677635304,5.130120185924268
0.131,2,prcus-i,0.1772551665820705,5.130120185924268
0.131,2,prcus-a,-1.1691654078970988,5.130120185924268
0.131,2,ifrms,0.6070853419701449,5.130120185924268
0.131,2,sspls-v,0.0,5.130120185924268
0.131,3,mcgs,0.0,4.678372171508734
0.131,3,pos,0.0,4.678372171508734
0.131,3,sbps,-2.1564045137152887,4.678372171508734
0.131,3,prculs-d,-1.261297112578588,4.678372171508734
0.131,3,prcus-p,-0.39688558117097944,4.678372171508734
0.131,3,prcus-i,-1.017820660523641,4.678372171508734
0.131,3,prcus-a,-1.1840502451237793,4.678372171508734
0.131,3,ifrms,0.09898592030391257,4.678372171508734
0.131,3,sspls-v,0.7422438059541652,4.678372171508734
0.131,4,mcgs,0.52049838525428,5.302117780652904
0.131,4,pos,-0.17422560546073038,5.302117780652904
0.131,4,sbps,-1.8814404040291046,5.302117780652904
0.131,4,prculs-d,-0.20131647434665756,5.302117780652904
0.131,4,prcus-p,0.0,5.302117780652904
0.131,4,prcus-i,-0.343727199222147,5.302117780652904
0.131,4,prcus-a,-0.9065517983480899,5.302117780652904
0.131,4,ifrms,0.2664517378539105,5.302117780652904
0.131,4,sspls-v,0.4903005932358049,5.302117780652904
0.131,5,mcgs,0.8272634213733653,5.1076149383593545
0.131,5,pos,-0.9086119520159746,5.1076149383593545
0.131,5,sbps,-2.126826008091219,5.1076149383593545
0.131,5,prculs-d,-0.4450869639208803,5.1076149383593545
0.131,5,prcus-p,0.16108408530264137,5.1076149383593545
0.131,5,prcus-i,0.0,5.1076149383593545
0.131,5,prcus-a,-1.1234788656446324,5.1076149383593545
0.131,5,ifrms,0.68269982993373,5.1076149383593545
0.131,5,sspls-v,0.5789496132261566,5.1076149383593545
0.131,6,mcgs,0.1846636152657264,5.171338550888556
0.131,6,pos,-0.4294362210624911,5.171338550888556
0.131,6,sbps,-1.1017928830062653,5.171338550888556
0.131,6,prculs-d,-0.9800632917308766,5.171338550888556
0.131,6,prcus-p,0.11783902057011328,5.171338550888556
0.131,6,prcus-i,-0.0,5.171338550888556
0.131,6,prcus-a,-0.8199793794506953,5.171338550888556
0.131,6,ifrms,0.17398516896007143,5.171338550888556
0.131,6,sspls-v,0.6415100423168371,5.171338550888556
0.131,7,mcgs,0.6602452848730804,5.289194018358781
0.131,7,pos,-0.4865657411959231,5.289194018358781
0.131,7,sbps,-1.9856923006673046,5.289194018358781
0.131,7,prculs-d,-0.9984165452164215,5.289194018358781
0.131,7,prcus-p,0.07174772582027389,5.289194018358781
0.131,7,prcus-i,-0.0,5.289194018358781
0.131,7,prcus-a,-0.5060068076066359,5.289194018358781
0.131,7,ifrms,0.3324472387565381,5.289194018358781
0.131,7,sspls-v,0.5351433143295204,5.289194018358781
0.131,8,mcgs,0.5670255174307394,5.3023740015028915
0.131,8,pos,-0.055080191198742114,5.3023740015028915
0.131,8,sbps,-1.9780254603551273,5.3023740015028915
0.131,8,prculs-d,-1.078443583738199,5.3023740015028915
0.131,8,prcus-p,0.42981699979649485,5.3023740015028915
0.131,8,prcus-i,-0.20012882178988664,5.3023740015028915
0.131,8,prcus-a,-0.9255641070417022,5.3023740015028915
0.131,8,ifrms,0.41924002063280824,5.3023740015028915
0.131,8,sspls-v,0.316863012650448,5.3023740015028915
0.131,9,mcgs,0.5589465355464751,5.481660759176073
0.131,9,pos,-0.2932744331287512,5.481660759176073
0.131,9,sbps,-1.7897161437821598,5.481660759176073
0.131,9,prculs-d,-0.8412602264047138,5.481660759176073
0.131,9,prcus-p,0.21512952388965734,5.481660759176073
0.131,9,prcus-i,-0.09229844407290119,5.481660759176073
0.131,9,prcus-a,-0.8072775864150201,5.481660759176073
0.131,9,ifrms,0.28785120064728265,5.481660759176073
0.131,9,sspls-v,0.3375054366655144,5.481660759176073
0.131,10,mcgs,0.8722075229284263,5.0535949897100165
0.131,10,pos,-0.34953810023985976,5.0535949897100165
0.131,10,sbps,-1.525056518214842,5.0535949897100165
0.131,10,prculs-d,-1.0044136946284359,5.0535949897100165
0.131,10,prcus-p,0.0,5.0535949897100165
0.131,10,prcus-i,-0.03515503381373545,5.0535949897100165
0.131,10,prcus-a,-0.908522277712937,5.0535949897100165
0.131,10,ifrms,0.17258716304956964,5.0535949897100165
0.131,10,sspls-v,0.0,5.0535949897100165
0.131,11,mcgs,0.23898668604650725,5.32366781817263
0.131,11,pos,-0.22774308387571168,5.32366781817263
0.131,11,sbps,-1.8548260414585716,5.32366781817263
0.131,11,prculs-d,-1.0350108898158648,5.32366781817263
0.131,11,prcus-p,0.5081788556172053,5.32366781817263
0.131,11,prcus-i,-0.14352856375792244,5.32366781817263
0.131,11,prcus-a,-0.860901206308811,5.32366781817263
0.131,11,ifrms,0.19354962270755563,5.32366781817263
0.131,11,sspls-v,0.22370203331148955,5.32366781817263
0.131,12,mcgs,0.5273768982916615,5.452117825095912
0.131,12,pos,-0.276928833319459,5.452117825095912
0.131,12,sbps,-1.8199207438620348,5.452117825095912
0.131,12,prculs-d,-0.819245650635473,5.452117825095912
0.131,12,prcus-p,0.19278902926858965,5.452117825095912
0.131,12,prcus-i,-0.08072648108073302,5.452117825095912
0.131,12,prcus-a,-0.8068025899064799,5.452117825095912
0.131,12,ifrms,0.2826589870633574,5.452117825095912
0.131,12,sspls-v,0.3907352506610695,5.452117825095912
0.131,13,mcgs,0.6012881689518493,5.059934241080075
0.131,13,pos,-0.5065822588920808,5.059934241080075
0.131,13,sbps,-1.5873328341433055,5.059934241080075
0.131,13,prculs-d,-0.8411559810179342,5.059934241080075
0.131,13,prcus-p,0.16379160289725078,5.059934241080075
0.131,13,prcus-i,-0.0,5.059934241080075
0.131,13,prcus-a,0.0,5.059934241080075
0.131,13,ifrms,0.4660822134190112,5.059934241080075
0.131,13,sspls-v,0.0,5.059934241080075
0.131,14,mcgs,0.5486597044090518,5.572658731739176
0.131,14,pos,-0.27894833889387693,5.572658731739176
0.131,14,sbps,-1.8119774542016742,5.572658731739176
0.131,14,prculs-d,-0.8417910846003076,5.572658731739176
0.131,14,prcus-p,0.20237500957649618,5.572658731739176
0.131,14,prcus-i,-0.0737612498681042,5.572658731739176
0.131,14,prcus-a,-0.8152080957470865,5.572658731739176
0.131,14,ifrms,0.3092694861815755,5.572658731739176
0.131,14,sspls-v,0.3265609237293723,5.572658731739176
0.131,15,mcgs,0.4598297508719135,5.16140818899059
0.131,15,pos,-0.31020226450267807,5.16140818899059
0.131,15,sbps,-2.0444538876191447,5.16140818899059
0.131,15,prculs-d,-0.7198052617647912,5.16140818899059
0.131,15,prcus-p,0.0,5.16140818899059
0.131,15,prcus-i,0.0,5.16140818899059
0.131,15,prcus-a,-1.0947909439444885,5.16140818899059
0.131,15,ifrms,0.4745465888722904,5.16140818899059
0.131,15,sspls-v,0.2020209545303839,5.16140818899059
0.131,16,mcgs,0.4932590975291797,5.491557040155387
0.131,16,pos,-0.12731621830948067,5.491557040155387
0.131,16,sbps,-1.9324473139978728,5.491557040155387
0.131,16,prculs-d,-0.9762061853353723,5.491557040155387
0.131,16,prcus-p,0.48901361914903646,5.491557040155387
0.131,16,prcus-i,-0.005839360565135177,5.491557040155387
0.131,16,prcus-a,-0.8863048850713707,5.491557040155387
0.131,16,ifrms,0.2308122603813993,5.491557040155387
0.131,16,sspls-v,0.4378660917979445,5.491557040155387
0.131,17,mcgs,0.3484196245680943,4.91983421384511
0.131,17,pos,-0.9929649463429064,4.91983421384511
0.131,17,sbps,-1.2824444428301698,4.91983421384511
0.131,17,prculs-d,-0.39178691787279324,4.91983421384511
0.131,17,prcus-p,0.0,4.91983421384511
0.131,17,prcus-i,0.0,4.91983421384511
0.131,17,prcus-a,-0.3461287589944564,4.91983421384511
0.131,17,ifrms,0.0016116715150206453,4.91983421384511
0.131,17,sspls-v,0.2386525775787263,4.91983421384511
0.131,18,mcgs,0.5158410930230456,5.352780236548633
0.131,18,pos,-0.42695073137675715,5.352780236548633
0.131,18,sbps,-1.8299084183514942,5.352780236548633
0.131,18,prculs-d,-0.8948881058678262,5.352780236548633
0.131,18,prcus-p,0.15494222621460835,5.352780236548633
0.131,18,prcus-i,-0.23862603188962803,5.352780236548633
0.131,18,prcus-a,-0.9216547040876742,5.352780236548633
0.131,18,ifrms,0.5130395205917959,5.352780236548633
0.131,18,sspls-v,0.2953111473842761,5.352780236548633
0.131,19,mcgs,0.6608377456039697,5.250932704553593
0.131,19,pos,-0.2537095695814442,5.250932704553593
0.131,19,sbps,-1.6203890219693098,5.250932704553593
0.131,19,prculs-d,-0.9896735540926805,5.250932704553593
0.131,19,prcus-p,0.5038747979510312,5.250932704553593
0.131,19,prcus-i,-0.0,5.250932704553593
0.131,19,prcus-a,-0.896425300165887,5.250932704553593
0.131,19,ifrms,0.18248385766911565,5.250932704553593
0.131,19,sspls-v,0.2900054988864703,5.250932704553593
0.131,20,mcgs,0.4832190580455742,5.146551985611999
0.131,20,pos,-0.2672249420930327,5.146551985611999
0.131,20,sbps,-1.4074227639289334,5.146551985611999
0.131,20,prculs-d,-1.0489098144522944,5.146551985611999
0.131,20,prcus-p,0.3987391495062513,5.146551985611999
0.131,20,prcus-i,-0.0,5.146551985611999
0.131,20,prcus-a,-0.6568109167133598,5.146551985611999
0.131,20,ifrms,-0.565349305262837,5.146551985611999
0.131,20,sspls-v,0.0,5.146551985611999
0.131,21,mcgs,0.6261764952100591,5.172078013042894
0.131,21,pos,-0.14202581605050996,5.172078013042894
0.131,21,sbps,-1.6430680355165181,5.172078013042894
0.131,21,prculs-d,-0.9138971695165033,5.172078013042894
0.131,21,prcus-p,0.23998418128116922,5.172078013042894
0.131,21,prcus-i,-0.027562498895923788,5.172078013042894
0.131,21,prcus-a,-0.7742614582775467,5.172078013042894
0.131,21,ifrms,0.2915047732109948,5.172078013042894
0.131,21,sspls-v,0.0379640323089553,5.172078013042894
0.131,22,mcgs,0.5435220777790555,5.50620508176415
0.131,22,pos,-0.2887435078246774,5.50620508176415
0.131,22,sbps,-1.7899384128661835,5.50620508176415
0.131,22,prculs-d,-0.852345641717114,5.50620508176415
0.131,22,prcus-p,0.20224846704539173,5.50620508176415
0.131,22,prcus-i,-0.0612647310460988,5.50620508176415
0.131,22,prcus-a,-0.7991589643263562,5.50620508176415
0.131,22,ifrms,0.3221184680731953,5.50620508176415
0.131,22,sspls-v,0.3172185650237331,5.50620508176415
0.131,23,mcgs,0.850026558637041,5.414040341688709
0.131,23,pos,-0.12454462248311736,5.414040341688709
0.131,23,sbps,-1.89647873549816,5.414040341688709
0.131,23,prculs-d,-0.9676021427158399,5.414040341688709
0.131,23,prcus-p,0.2992265653030788,5.414040341688709
0.131,23,prcus-i,-0.2701378719970387,5.414040341688709
0.131,23,prcus-a,-0.9400135847301739,5.414040341688709
0.131,23,ifrms,0.5308683593634297,5.414040341688709
0.131,23,sspls-v,0.511975974111966,5.414040341688709
0.131,24,mcgs,0.8013230471791991,5.156894710125075
0.131,24,pos,-0.0,5.156894710125075
0.131,24,sbps,-1.8532466570660493,5.156894710125075
0.131,24,prculs-d,-1.1143241738721523,5.156894710125075
0.131,24,prcus-p,0.2836227437710973,5.156894710125075
0.131,24,prcus-i,0.0,5.156894710125075
0.131,24,prcus-a,-0.6428098370725599,5.156894710125075
0.131,24,ifrms,0.2755144387671932,5.156894710125075
0.131,24,sspls-v,0.5169819677987628,5.156894710125075
0.131,25,mcgs,0.5862731545843897,5.342020061083262
0.131,25,pos,-0.154309973328986,5.342020061083262
0.131,25,sbps,-1.892413024769361,5.342020061083262
0.131,25,prculs-d,-0.9259051090030994,5.342020061083262
0.131,25,prcus-p,0.09402126884138039,5.342020061083262
0.131,25,prcus-i,-0.5723227157073244,5.342020061083262
0.131,25,prcus-a,-1.0502919858990338,5.342020061083262
0.131,25,ifrms,0.6151987119482581,5.342020061083262
0.131,25,sspls-v,0.7166492849311975,5.342020061083262
0.131,26,mcgs,0.2804893079580973,5.038195805760201
0.131,26,pos,0.0,5.038195805760201
0.131,26,sbps,-1.8245078092581237,5.038195805760201
0.131,26,prculs-d,-0.5953063802633144,5.038195805760201
0.131,26,prcus-p,0.0735294610776558,5.038195805760201
0.131,26,prcus-i,-0.0,5.038195805760201
0.131,26,prcus-a,-0.6587420359739139,5.038195805760201
0.131,26,ifrms,0.5953669097074569,5.038195805760201
0.131,26,sspls-v,0.35278212068766107,5.038195805760201
0.131,27,mcgs,0.5677104365888777,5.462102567644207
0.131,27,pos,-0.2782768159034439,5.462102567644207
0.131,27,sbps,-1.7527100473152153,5.462102567644207
0.131,27,prculs-d,-0.8854998462936772,5.462102567644207
0.131,27,prcus-p,0.2010882887777269,5.462102567644207
0.131,27,prcus-i,-0.09233825097653238,5.462102567644207
0.131,27,prcus-a,-0.8268304827873181,5.462102567644207
0.131,27,ifrms,0.3169566649271197,5.462102567644207
0.131,27,sspls-v,0.31121213913033585,5.462102567644207
0.131,28,mcgs,0.517811670018553,5.536609209177484
0.131,28,pos,-0.24375405000747322,5.536609209177484
0.131,28,sbps,-1.7451644226178649,5.536609209177484
0.131,28,prculs-d,-0.8670808689122294,5.536609209177484
0.131,28,prcus-p,0.1893940887699673,5.536609209177484
0.131,28,prcus-i,-0.06796528488919394,5.536609209177484
0.131,28,prcus-a,-0.8237660689029503,5.536609209177484
0.131,28,ifrms,0.3417478037626425,5.536609209177484
0.131,28,sspls-v,0.34831466646520026,5.536609209177484
0.131,29,mcgs,0.9371305338158955,5.216777281934667
0.131,29,pos,0.0,5.216777281934667
0.131,29,sbps,-0.975357726158996,5.216777281934667
0.131,29,prculs-d,-0.8466367056299018,5.216777281934667
0.131,29,prcus-p,0.252257216266786,5.216777281934667
0.131,29,prcus-i,-0.5741315204987233,5.216777281934667
0.131,29,prcus-a,-0.5336177455527434,5.216777281934667
0.131,29,ifrms,0.4029538415069549,5.216777281934667
0.131,29,sspls-v,0.5463060109920096,5.216777281934667
0.14,0,mcgs,0.47265914559588135,5.465419257008887
0.14,0,pos,-0.3351787328923865,5.465419257008887
0.14,0,sbps,-1.6523516653607275,5.465419257008887
0.14,0,prculs-d,-0.7909653607224869,5.465419257008887
0.14,0,prcus-p,0.1623173989034425,5.465419257008887
0.14,0,prcus-i,-0.16176287071425413,5.465419257008887
0.14,0,prcus-a,-0.7934609076028245,5.465419257008887
0.14,0,ifrms,0.31112304799039114,5.465419257008887
0.14,0,sspls-v,0.3018973343267536,5.465419257008887
0.14,1,mcgs,0.5693820841141526,5.502437820688462
0.14,1,pos,-0.29904039657781306,5.502437820688462
0.14,1,sbps,-1.7186263028882278,5.502437820688462
0.14,1,prculs-d,-0.894821527304271,5.502437820688462
0.14,1,prcus-p,0.2568106289252919,5.502437820688462
0.14,1,prcus-i,-0.2324038511343595,5.502437820688462
0.14,1,prcus-a,-0.8385646452497032,5.502437820688462
0.14,1,ifrms,0.2472985280398849,5.502437820688462
0.14,1,sspls-v,0.6089309121603081,5.502437820688462
0.14,2,mcgs,0.37877126613815537,5.104985731919079
0.14,2,pos,-0.32489401923641237,5.104985731919079
0.14,2,sbps,-2.074009779398548,5.104985731919079
0.14,2,prculs-d,-0.5652658693067892,5.104985731919079
0.14,2,prcus-p,0.3323042646476676,5.104985731919079
0.14,2,prcus-i,0.1526044111904078,5.104985731919079
0.14,2,prcus-a,-1.1501006921865784,5.104985731919079
0.14,2,ifrms,0.5920506986931943,5.104985731919079
0.14,2,sspls-v,0.0,5.104985731919079
0.14,3,mcgs,0.0,4.657672540750014
0.14,3,pos,0.0,4.657672540750014
0.14,3,sbps,-2.135039949245242,4.657672540750014
0.14,3,prculs-d,-1.2589439141067698,4.657672540750014
0.14,3,prcus-p,-0.3786824073413627,4.657672540750014
0.14,3,prcus-i,-0.9935954114060827,4.657672540750014
0.14,3,prcus-a,-1.1650417741805081,4.657672540750014
0.14,3,ifrms,0.07541952133982725,4.657672540750014
0.14,3,sspls-v,0.7184335594418656,4.657672540750014
0.14,4,mcgs,0.5085667119342834,5.283585851982424
0.14,4,pos,-0.1755064516246166,5.283585851982424
0.14,4,sbps,-1.8628397347895855,5.283585851982424
0.14,4,prculs-d,-0.19379898846772187,5.283585851982424
0.14,4,prcus-p,0.0,5.283585851982424
0.14,4,prcus-i,-0.32783028534789066,5.283585851982424
0.14,4,prcus-a,-0.8908888921441835,5.283585851982424
0.14,4,ifrms,0.24469393433038097,5.283585851982424
0.14,4,sspls-v,0.46877309216290375,5.283585851982424
0.14,5,mcgs,0.8159685190888255,5.092644876703027
0.14,5,pos,-0.906372593548691,5.092644876703027
0.14,5,sbps,-2.0990173799130707,5.092644876703027
0.14,5,prculs-d,-0.43597801843443973,5.092644876703027
0.14,5,prcus-p,0.15042031719742996,5.092644876703027
0.14,5,prcus-i,0.0,5.092644876703027
0.14,5,prcus-a,-1.104968182329913,5.092644876703027
0.14,5,ifrms,0.6619440226675932,5.092644876703027
0.14,5,sspls-v,0.5602529377921583,5.092644876703027
0.14,6,mcgs,0.17456510337940268,5.149643525289262
0.14,6,pos,-0.43157006662222297,5.149643525289262
0.14,6,sbps,-1.0811419009683167,5.149643525289262
0.14,6,prculs-d,-0.9685713872485361,5.149643525289262
0.14,6,prcus-p,0.10677937214896165,5.149643525289262
0.14,6,prcus-i,-0.0,5.149643525289262
0.14,6,prcus-a,-0.8050246219868857,5.149643525289262
0.14,6,ifrms,0.156502145741173,5.149643525289262
0.14,6,sspls-v,0.6308105448744893,5.149643525289262
0.14,7,mcgs,0.6493404781877185,5.27114846904536
0.14,7,pos,-0.4867494609373106,5.27114846904536
0.14,7,sbps,-1.9597514680247148,5.27114846904536
0.14,7,prculs-d,-0.9847827763615328,5.27114846904536
0.14,7,prcus-p,0.062222096589901583,5.27114846904536
0.14,7,prcus-i,-0.0,5.27114846904536
0.14,7,prcus-a,-0.49436308587428934,5.27114846904536
0.14,7,ifrms,0.3145513554826145,5.27114846904536
0.14,7,sspls-v,0.5163660184881151,5.27114846904536
0.14,8,mcgs,0.5550586364310134,5.285693223460575
0.14,8,pos,-0.062142712661470936,5.285693223460575
0.14,8,sbps,-1.9571248753744424,5.285693223460575
0.14,8,prculs-d,-1.0639199188312671,5.285693223460575
0.14,8,prcus-p,0.4195740545274855,5.285693223460575
0.14,8,prcus-i,-0.18412788323747784,5.285693223460575
0.14,8,prcus-a,-0.9089657961725358,5.285693223460575
0.14,8,ifrms,0.3981897022202792,5.285693223460575
0.14,8,sspls-v,0.2951240262668788,5.285693223460575
0.14,9,mcgs,0.5478330855447822,5.4642970911496045
0.14,9,pos,-0.2984178906628081,5.4642970911496045
0.14,9,sbps,-1.7693608403011938,5.4642970911496045
0.14,9,prculs-d,-0.8289800760291121,5.4642970911496045
0.14,9,prcus-p,0.20749249182699,5.4642970911496045
0.14,9,prcus-i,-0.07697252486357561,5.4642970911496045
0.14,9,prcus-a,-0.7911085334572002,5.4642970911496045
0.14,9,ifrms,0.2674581847777882,5.4642970911496045
0.14,9,sspls-v,0.31502192975109705,5.4642970911496045
0.14,10,mcgs,0.860438977481119,5.028567776829285
0.14,10,pos,-0.3469263472560895,5.028567776829285
0.14,10,sbps,-1.5106224473538612,5.028567776829285
0.14,10,prculs-d,-0.9940151575038003,5.028567776829285
0.14,10,prcus-p,0.0,5.028567776829285
0.14,10,prcus-i,-0.027882633001527022,5.028567776829285
0.14,10,prcus-a,-0.8915521684829707,5.028567776829285
0.14,10,ifrms,0.15438880078552114,5.028567776829285
0.14,10,sspls-v,-0.0,5.028567776829285
0.14,11,mcgs,0.22945213420613297,5.306759389829738
0.14,11,pos,-0.2325013253680804,5.306759389829738
0.14,11,sbps,-1.8347275427119747,5.306759389829738
0.14,11,prculs-d,-1.0226539215973411,5.306759389829738
0.14,11,prcus-p,0.49965633697945455,5.306759389829738
0.14,11,prcus-i,-0.12941463097473263,5.306759389829738
0.14,11,prcus-a,-0.8448494444531822,5.306759389829738
0.14,11,ifrms,0.17367177996028305,5.306759389829738
0.14,11,sspls-v,0.20268132741453182,5.306759389829738
0.14,12,mcgs,0.5154662404648982,5.433389125785436
0.14,12,pos,-0.2820424668812702,5.433389125785436
0.14,12,sbps,-1.8013659719880022,5.433389125785436
0.14,12,prculs-d,-0.80655439347605,5.433389125785436
0.14,12,prcus-p,0.1844053157537612,5.433389125785436
0.14,12,prcus-i,-0.06501124182736866,5.433389125785436
0.14,12,prcus-a,-0.7912735355626863,5.433389125785436
0.14,12,ifrms,0.26332677881093064,5.433389125785436
0.14,12,sspls-v,0.36888013326352603,5.433389125785436
0.14,13,mcgs,0.5895028819060211,5.031113308330495
0.14,13,pos,-0.5042075592068891,5.031113308330495
0.14,13,sbps,-1.576232767800916,5.031113308330495
0.14,13,prculs-d,-0.82717406403869,5.031113308330495
0.14,13,prcus-p,0.15531795838103696,5.031113308330495
0.14,13,prcus-i,-0.0,5.031113308330495
0.14,13,prcus-a,0.0,5.031113308330495
0.14,13,ifrms,0.45441810927732174,5.031113308330495
0.14,13,sspls-v,0.0,5.031113308330495
0.14,14,mcgs,0.5351348933473301,5.554229859242821
0.14,14,pos,-0.28390503948519996,5.554229859242821
0.14,14,sbps,-1.792620298324926,5.554229859242821
0.14,14,prculs-d,-0.8290955428181606,5.554229859242821
0.14,14,prcus-p,0.19852034661658324,5.554229859242821
0.14,14,prcus-i,-0.05690379856795335,5.554229859242821
0.14,14,prcus-a,-0.7989680947472564,5.554229859242821
0.14,14,ifrms,0.2885549286870142,5.554229859242821
0.14,14,sspls-v,0.3037044420474358,5.554229859242821
0.14,15,mcgs,0.44966877164658325,5.1362791989829635
0.14,15,pos,-0.3081672905845834,5.1362791989829635
0.14,15,sbps,-2.0186712349345286,5.1362791989829635
0.14,15,prculs-d,-0.7116004858551306,5.1362791989829635
0.14,15,prcus-p,0.0,5.1362791989829635
0.14,15,prcus-i,0.0,5.1362791989829635
0.14,15,prcus-a,-1.0776925519332476,5.1362791989829635
0.14,15,ifrms,0.45379331757233166,5.1362791989829635
0.14,15,sspls-v,0.18736751976823832,5.1362791989829635
0.14,16,mcgs,0.4842067337461577,5.4761380355467
0.14,16,pos,-0.1353237021312167,5.4761380355467
0.14,16,sbps,-1.9060609948881426,5.4761380355467
0.14,16,prculs-d,-0.9608228045874314,5.4761380355467
0.14,16,prcus-p,0.4721814684148495,5.4761380355467
0.14,16,prcus-i,-0.0,5.4761380355467
0.14,16,prcus-a,-0.8684677711109018,5.4761380355467
0.14,16,ifrms,0.21399247072874564,5.4761380355467
0.14,16,sspls-v,0.4151989824002326,5.4761380355467
0.14,17,mcgs,0.33930765921332223,4.892870751842004
0.14,17,pos,-0.9901807626109709,4.892870751842004
0.14,17,sbps,-1.2646454393504143,4.892870751842004
0.14,17,prculs-d,-0.3817416061026507,4.892870751842004
0.14,17,prcus-p,-0.0,4.892870751842004
0.14,17,prcus-i,0.0,4.892870751842004
0.14,17,prcus-a,-0.3347302078924784,4.892870751842004
0.14,17,ifrms,0.0,4.892870751842004
0.14,17,sspls-v,0.22617090653058056,4.892870751842004
0.14,18,mcgs,0.5050545595798706,5.339477365435509
0.14,18,pos,-0.4290733453370178,5.339477365435509
0.14,18,sbps,-1.8094843053489675,5.339477365435509
0.14,18,prculs-d,-0.8814189406118965,5.339477365435509
0.14,18,prcus-p,0.14706496760397875,5.339477365435509
0.14,18,prcus-i,-0.22067434573098796,5.339477365435509
0.14,18,prcus-a,-0.903843190447986,5.339477365435509
0.14,18,ifrms,0.4898280797228327,5.339477365435509
0.14,18,sspls-v,0.2736951794667617,5.339477365435509
0.14,19,mcgs,0.6510535163515854,5.234637833926198
0.14,19,pos,-0.2558390411456927,5.234637833926198
0.14,19,sbps,-1.5958518366528747,5.234637833926198
0.14,19,prculs-d,-0.9768756117795367,5.234637833926198
0.14,19,prcus-p,0.4926077442101551,5.234637833926198
0.14,19,prcus-i,-0.0,5.234637833926198
0.14,19,prcus-a,-0.8802877702120606,5.234637833926198
0.14,19,ifrms,0.16484061872175781,5.234637833926198
0.14,19,sspls-v,0.27343134433284877,5.234637833926198
0.14,20,mcgs,0.4759726902220437,5.123186121273987
0.14,20,pos,-0.26706993068998697,5.123186121273987
0.14,20,sbps,-1.3981648141960623,5.123186121273987
0.14,20,prculs-d,-1.032552650648999,5.123186121273987
0.14,20,prcus-p,0.38352065156699433,5.123186121273987
0.14,20,prcus-i,-0.0,5.123186121273987
0.14,20,prcus-a,-0.6467658105922103,5.123186121273987
0.14,20,ifrms,-0.5577241188185169,5.123186121273987
0.14,20,sspls-v,0.0,5.123186121273987
0.14,21,mcgs,0.6150220388352631,5.140968021333981
0.14,21,pos,-0.1459565126270656,5.140968021333981
0.14,21,sbps,-1.6216867224188387,5.140968021333981
0.14,21,prculs-d,-0.9014132980042204,5.140968021333981
0.14,21,prcus-p,0.2318735031185461,5.140968021333981
0.14,21,prcus-i,-0.011535779552264355,5.140968021333981
0.14,21,prcus-a,-0.7579161013123618,5.140968021333981
0.14,21,ifrms,0.2709882793413263,5.140968021333981
0.14,21,sspls-v,0.014100821813195214,5.140968021333981
0.14,22,mcgs,0.5311088380393999,5.483367633379127
0.14,22,pos,-0.2939205643004964,5.483367633379127
0.14,22,sbps,-1.771058485278088,5.483367633379127
0.14,22,prculs-d,-0.8389346392025495,5.483367633379127
0.14,22,prcus-p,0.1939583227519307,5.483367633379127
0.14,22,prcus-i,-0.0452574633803598,5.483367633379127
0.14,22,prcus-a,-0.7869158610436157,5.483367633379127
0.14,22,ifrms,0.30217817120881196,5.483367633379127
0.14,22,sspls-v,0.293945083916962,5.483367633379127
0.14,23,mcgs,0.8314430387386772,5.3985873950577865
0.14,23,pos,-0.1337410686904354,5.3985873950577865
0.14,23,sbps,-1.8737517615582462,5.3985873950577865
0.14,23,prculs-d,-0.952807508756759,5.3985873950577865
0.14,23,prcus-p,0.2883676647842093,5.3985873950577865
0.14,23,prcus-i,-0.24982850698811487,5.3985873950577865
0.14,23,prcus-a,-0.9210651945391839,5.3985873950577865
0.14,23,ifrms,0.5051345409708167,5.3985873950577865
0.14,23,sspls-v,0.48451637163074623,5.3985873950577865
0.14,24,mcgs,0.7914928604255645,5.135182123287627
0.14,24,pos,-0.0,5.135182123287627
0.14,24,sbps,-1.8278992834915628,5.135182123287627
0.14,24,prculs-d,-1.1020740360542092,5.135182123287627
0.14,24,prcus-p,0.2735839964406101,5.135182123287627
0.14,24,prcus-i,0.0,5.135182123287627
0.14,24,prcus-a,-0.6274849514974954,5.135182123287627
0.14,24,ifrms,0.2577429779078,5.135182123287627
0.14,24,sspls-v,0.5003544042876937,5.135182123287627
0.14,25,mcgs,0.5741848663980478,5.329939839467421
0.14,25,pos,-0.16078195043748786,5.329939839467421
0.14,25,sbps,-1.871536542790808,5.329939839467421
0.14,25,prculs-d,-0.9125892534014356,5.329939839467421
0.14,25,prcus-p,0.08659796058128852,5.329939839467421
0.14,25,prcus-i,-0.552272708240441,5.329939839467421
0.14,25,prcus-a,-1.0323524242931388,5.329939839467421
0.14,25,ifrms,0.5920446463008833,5.329939839467421
0.14,25,sspls-v,0.6904035015289753,5.329939839467421
0.14,26,mcgs,0.2703681067360746,4.998985771007549
0.14,26,pos,0.0,4.998985771007549
0.14,26,sbps,-1.799126315181551,4.998985771007549
0.14,26,prculs-d,-0.5820526150711791,4.998985771007549
0.14,26,prcus-p,0.06210319408538401,4.998985771007549
0.14,26,prcus-i,-0.0,4.998985771007549
0.14,26,prcus-a,-0.6422368348811558,4.998985771007549
0.14,26,ifrms,0.579310881291853,4.998985771007549
0.14,26,sspls-v,0.336446910599429,4.998985771007549
0.14,27,mcgs,0.5561177293004888,5.442333639549942
0.14,27,pos,-0.2834749150982424,5.442333639549942
0.14,27,sbps,-1.7334006695146815,5.442333639549942
0.14,27,prculs-d,-0.8727342859511801,5.442333639549942
0.14,27,prcus-p,0.19266712420115106,5.442333639549942
0.14,27,prcus-i,-0.07666054086379233,5.442333639549942
0.14,27,prcus-a,-0.8111788517520132,5.442333639549942
0.14,27,ifrms,0.29670512741626043,5.442333639549942
0.14,27,sspls-v,0.28893626460618904,5.442333639549942
0.14,28,mcgs,0.5059627993692544,5.516114568840467
0.14,28,pos,-0.2475171463627684,5.516114568840467
0.14,28,sbps,-1.7259273992548334,5.516114568840467
0.14,28,prculs-d,-0.8539683075607112,5.516114568840467
0.14,28,prcus-p,0.18051625837836213,5.516114568840467
0.14,28,prcus-i,-0.05346953672777089,5.516114568840467
0.14,28,prcus-a,-0.8078307828156024,5.516114568840467
0.14,28,ifrms,0.3243581861195212,5.516114568840467
0.14,28,sspls-v,0.3275034504120707,5.516114568840467
0.14,29,mcgs,0.9267105903342194,5.195967566471669
0.14,29,pos,0.0,5.195967566471669
0.14,29,sbps,-0.9563001439894342,5.195967566471669
0.14,29,prculs-d,-0.8355957042271276,5.195967566471669
0.14,29,prcus-p,0.24596325997285592,5.195967566471669
0.14,29,prcus-i,-0.5600925044513743,5.195967566471669
0.14,29,prcus-a,-0.5178483930904275,5.195967566471669
0.14,29,ifrms,0.38341704676967253,5.195967566471669
0.14,29,sspls-v,0.5256112341690592,5.195967566471669
0.149,0,mcgs,0.46009668421053973,5.446929570173427
0.149,0,pos,-0.3414044522552907,5.446929570173427
0.149,0,sbps,-1.6306743539067043,5.446929570173427
0.149,0,prculs-d,-0.7768227800349573,5.446929570173427
0.149,0,prcus-p,0.15320594554179265,5.446929570173427
0.149,0,prcus-i,-0.149074809131169,5.446929570173427
0.149,0,prcus-a,-0.7771582895772694,5.446929570173427
0.149,0,ifrms,0.29153220120170764,5.446929570173427
0.149,0,sspls-v,0.27927514380859814,5.446929570173427
0.149,1,mcgs,0.5572383157798144,5.489968666487083
0.149,1,pos,-0.30401063651194277,5.489968666487083
0.149,1,sbps,-1.699894064996152,5.489968666487083
0.149,1,prculs-d,-0.881536494985936,5.489968666487083
0.149,1,prcus-p,0.2477308104417509,5.489968666487083
0.149,1,prcus-i,-0.21532895589329537,5.489968666487083
0.149,1,prcus-a,-0.8226490360444686,5.489968666487083
0.149,1,ifrms,0.22777255367146493,5.489968666487083
0.149,1,sspls-v,0.5854747906952945,5.489968666487083
0.149,2,mcgs,0.3732054794917353,5.080595007110041
0.149,2,pos,-0.3210413758817095,5.080595007110041
0.149,2,sbps,-2.0412421570185866,5.080595007110041
0.149,2,prculs-d,-0.554646579705659,5.080595007110041
0.149,2,prcus-p,0.31718058385536163,5.080595007110041
0.149,2,prcus-i,0.12795400701221651,5.080595007110041
0.149,2,prcus-a,-1.1310363533137946,5.080595007110041
0.149,2,ifrms,0.5770161938938511,5.080595007110041
0.149,2,sspls-v,0.0,5.080595007110041
0.149,3,mcgs,0.0,4.6362946798892155
0.149,3,pos,-0.0,4.6362946798892155
0.149,3,sbps,-2.113667259852625,4.6362946798892155
0.149,3,prculs-d,-1.2565885377458454,4.6362946798892155
0.149,3,prcus-p,-0.36048429837237966,4.6362946798892155
0.149,3,prcus-i,-0.9693749160676134,4.6362946798892155
0.149,3,prcus-a,-1.1460310469857886,4.6362946798892155
0.149,3,ifrms,0.051852370365086206,4.6362946798892155
0.149,3,sspls-v,0.6946224362680209,4.6362946798892155
0.149,4,mcgs,0.4966350386142875,5.266631342354193
0.149,4,pos,-0.17678729778850202,5.266631342354193
0.149,4,sbps,-1.8442390655500644,5.266631342354193
0.149,4,prculs-d,-0.18628150258878648,5.266631342354193
0.149,4,prcus-p,0.0,5.266631342354193
0.149,4,prcus-i,-0.3119333714736349,5.266631342354193
0.149,4,prcus-a,-0.875225985940276,5.266631342354193
0.149,4,ifrms,0.22293613080685143,5.266631342354193
0.149,4,sspls-v,0.44724559109000334,5.266631342354193
0.149,5,mcgs,0.8046736168042861,5.077698984388464
0.149,5,pos,-0.904133235081408,5.077698984388464
0.149,5,sbps,-2.071208751734924,5.077698984388464
0.149,5,prculs-d,-0.4268690729479995,5.077698984388464
0.149,5,prcus-p,0.139756549092218,5.077698984388464
0.149,5,prcus-i,0.0,5.077698984388464
0.149,5,prcus-a,-1.0864574990151952,5.077698984388464
0.149,5,ifrms,0.6411882154014584,5.077698984388464
0.149,5,sspls-v,0.5415562623581592,5.077698984388464
0.149,6,mcgs,0.16446659149307843,5.126768139688728
0.149,6,pos,-0.4337039121819548,5.126768139688728
0.149,6,sbps,-1.0604909189303688,5.126768139688728
0.149,6,prculs-d,-0.9570794827661955,5.126768139688728
0.149,6,prcus-p,0.09571972372781037,5.126768139688728
0.149,6,prcus-i,-0.0,5.126768139688728
0.149,6,prcus-a,-0.7900698645230759,5.126768139688728
0.149,6,ifrms,0.13901912252227466,5.126768139688728
0.149,6,sspls-v,0.6201110474321417,5.126768139688728
0.149,7,mcgs,0.6384356715023567,5.253951957356178
0.149,7,pos,-0.4869331806786976,5.253951957356178
0.149,7,sbps,-1.933810635382123,5.253951957356178
0.149,7,prculs-d,-0.9711490075066445,5.253951957356178
0.149,7,prcus-p,0.052696467359530326,5.253951957356178
0.149,7,prcus-i,-0.0,5.253951957356178
0.149,7,prcus-a,-0.4827193641419431,5.253951957356178
0.149,7,ifrms,0.2966554722086906,5.253951957356178
0.149,7,sspls-v,0.4975887226467103,5.253951957356178
0.149,8,mcgs,0.5430916707370217,5.269584632136448
0.149,8,pos,-0.06920591168127485,5.269584632136448
0.149,8,sbps,-1.9362240406147695,5.269584632136448
0.149,8,prculs-d,-1.0493959933245067,5.269584632136448
0.149,8,prcus-p,0.40933097755077436,5.269584632136448
0.149,8,prcus-i,-0.16812631442673398,5.269584632136448
0.149,8,prcus-a,-0.8923674059869925,5.269584632136448
0.149,8,ifrms,0.3771391476652005,5.269584632136448
0.149,8,sspls-v,0.27338457224935625,5.269584632136448
0.149,9,mcgs,0.5367196355430889,5.44687607463146
0.149,9,pos,-0.30356134819686487,5.44687607463146
0.149,9,sbps,-1.7490055368202289,5.44687607463146
0.149,9,prculs-d,-0.8166999256535106,5.44687607463146
0.149,9,prcus-p,0.19985545976432356,5.44687607463146
0.149,9,prcus-i,-0.06164660565424989,5.44687607463146
0.149,9,prcus-a,-0.77493948049938,5.44687607463146
0.149,9,ifrms,0.24706516890829366,5.44687607463146
0.149,9,sspls-v,0.29253842283667997,5.44687607463146
0.149,10,mcgs,0.8486701488785475,5.004001946024448
0.149,10,pos,-0.34431473018331643,5.004001946024448
0.149,10,sbps,-1.4961886997939031,5.004001946024448
0.149,10,prculs-d,-0.983616472444092,5.004001946024448
0.149,10,prcus-p,0.0,5.004001946024448
0.149,10,prcus-i,-0.020610118245003802,5.004001946024448
0.149,10,prcus-a,-0.87458217423467,5.004001946024448
0.149,10,ifrms,0.13619048767484138,5.004001946024448
0.149,10,sspls-v,-0.0,5.004001946024448
0.149,11,mcgs,0.21991763053129929,5.291352997154446
0.149,11,pos,-0.2372596645341628,5.291352997154446
0.149,11,sbps,-1.8146289800514694,5.291352997154446
0.149,11,prculs-d,-1.010296878783625,5.291352997154446
0.149,11,prcus-p,0.49113373412111005,5.291352997154446
0.149,11,prcus-i,-0.11530067014637273,5.291352997154446
0.149,11,prcus-a,-0.8287976655495858,5.291352997154446
0.149,11,ifrms,0.15379393779991674,5.291352997154446
0.149,11,sspls-v,0.18166058256138856,5.291352997154446
0.149,12,mcgs,0.5035555488764193,5.414616371761571
0.149,12,pos,-0.28715626495442326,5.414616371761571
0.149,12,sbps,-1.7828112344488571,5.414616371761571
0.149,12,prculs-d,-0.793863084471846,5.414616371761571
0.149,12,prcus-p,0.17602159464204514,5.414616371761571
0.149,12,prcus-i,-0.04929579252302686,5.414616371761571
0.149,12,prcus-a,-0.7757445257333678,5.414616371761571
0.149,12,ifrms,0.24399455077396612,5.414616371761571
0.149,12,sspls-v,0.34702488635027223,5.414616371761571
0.149,13,mcgs,0.5777184847403345,5.00456750770656
0.149,13,pos,-0.5018317418043415,5.00456750770656
0.149,13,sbps,-1.565132543147831,5.00456750770656
0.149,13,prculs-d,-0.8131931142138158,5.00456750770656
0.149,13,prcus-p,0.14684482335415272,5.00456750770656
0.149,13,prcus-i,-0.0,5.00456750770656
0.149,13,prcus-a,0.0,5.00456750770656
0.149,13,ifrms,0.4427540186215955,5.00456750770656
0.149,13,sspls-v,0.0,5.00456750770656
0.149,14,mcgs,0.5216600230494276,5.535103669492296
0.149,14,pos,-0.28888352750091373,5.535103669492296
0.149,14,sbps,-1.7731767062087067,5.535103669492296
0.149,14,prculs-d,-0.8164011628018377,5.535103669492296
0.149,14,prcus-p,0.19463276636035676,5.535103669492296
0.149,14,prcus-i,-0.04005248655656546,5.535103669492296
0.149,14,prcus-a,-0.7827045419980446,5.535103669492296
0.149,14,ifrms,0.2678260563608747,5.535103669492296
0.149,14,sspls-v,0.28081620918781314,5.535103669492296
0.149,15,mcgs,0.4395077963917084,5.112219583341369
0.149,15,pos,-0.30613231599185875,5.112219583341369
0.149,15,sbps,-1.9928885775131437,5.112219583341369
0.149,15,prculs-d,-0.7033957120305488,5.112219583341369
0.149,15,prcus-p,0.0,5.112219583341369
0.149,15,prcus-i,0.0,5.112219583341369
0.149,15,prcus-a,-1.0605941583717848,5.112219583341369
0.149,15,ifrms,0.4330400452428376,5.112219583341369
0.149,15,sspls-v,0.1727140835675911,5.112219583341369
0.149,16,mcgs,0.4760072241678282,5.460583699424571
0.149,16,pos,-0.1423992372314955,5.460583699424571
0.149,16,sbps,-1.877587749771728,5.460583699424571
0.149,16,prculs-d,-0.9453879268061312,5.460583699424571
0.149,16,prcus-p,0.4539888357047497,5.460583699424571
0.149,16,prcus-i,-0.0,5.460583699424571
0.149,16,prcus-a,-0.8504036272834324,5.460583699424571
0.149,16,ifrms,0.19821052716129697,5.460583699424571
0.149,16,sspls-v,0.3945735736770074,5.460583699424571
0.149,17,mcgs,0.3303867770953078,4.867112115341619
0.149,17,pos,-0.9871620843510507,4.867112115341619
0.149,17,sbps,-1.2475579098972667,4.867112115341619
0.149,17,prculs-d,-0.3716801505064083,4.867112115341619
0.149,17,prcus-p,-0.0,4.867112115341619
0.149,17,prcus-i,0.0,4.867112115341619
0.149,17,prcus-a,-0.3238600404886451,4.867112115341619
0.149,17,ifrms,0.0,4.867112115341619
0.149,17,sspls-v,0.2139023467058318,4.867112115341619
0.149,18,mcgs,0.4942868907152831,5.324793057990413
0.149,18,pos,-0.43123486889275203,5.324793057990413
0.149,18,sbps,-1.7890013595011645,5.324793057990413
0.149,18,prculs-d,-0.8679350393308811,5.324793057990413
0.149,18,prcus-p,0.13916901039931492,5.324793057990413
0.149,18,prcus-i,-0.20268002723083123,5.324793057990413
0.149,18,prcus-a,-0.8860135656863627,5.324793057990413
0.149,18,ifrms,0.4665938842596094,5.324793057990413
0.149,18,sspls-v,0.2520310283810045,5.324793057990413
0.149,19,mcgs,0.641269287099201,5.218575572457253
0.149,19,pos,-0.257968512709941,5.218575572457253
0.149,19,sbps,-1.5713146513364398,5.218575572457253
0.149,19,prculs-d,-0.9640776694663934,5.218575572457253
0.149,19,prcus-p,0.4813406904692792,5.218575572457253
0.149,19,prcus-i,-0.0,5.218575572457253
0.149,19,prcus-a,-0.8641502402582348,5.218575572457253
0.149,19,ifrms,0.14719737977439973,5.218575572457253
0.149,19,sspls-v,0.25685718977922906,5.218575572457253
0.149,20,mcgs,0.46872632239851303,5.100823558095424
0.149,20,pos,-0.2669149192869409,5.100823558095424
0.149,20,sbps,-1.3889068644631934,5.100823558095424
0.149,20,prculs-d,-1.016195486845704,5.100823558095424
0.149,20,prcus-p,0.3683021536277369,5.100823558095424
0.149,20,prcus-i,-0.0,5.100823558095424
0.149,20,prcus-a,-0.6367207044710618,5.100823558095424
0.149,20,ifrms,-0.5500989323741963,5.100823558095424
0.149,20,sspls-v,0.0,5.100823558095424
0.149,21,mcgs,0.6041388628796603,5.109311723846994
0.149,21,pos,-0.14808322246980385,5.109311723846994
0.149,21,sbps,-1.6024322907191533,5.109311723846994
0.149,21,prculs-d,-0.8888677353111527,5.109311723846994
0.149,21,prcus-p,0.22405537163772168,5.109311723846994
0.149,21,prcus-i,-0.0,5.109311723846994
0.149,21,prcus-a,-0.7411047382098045,5.109311723846994
0.149,21,ifrms,0.2519160230238007,5.109311723846994
0.149,21,sspls-v,0.0,5.109311723846994
0.149,22,mcgs,0.5186988592458212,5.460528581047401
0.149,22,pos,-0.2991009222029096,5.460528581047401
0.149,22,sbps,-1.7521716534073697,5.460528581047401
0.149,22,prculs-d,-0.8255225985065997,5.460528581047401
0.149,22,prcus-p,0.18566489704724964,5.460528581047401
0.149,22,prcus-i,-0.029249642486089706,5.460528581047401
0.149,22,prcus-a,-0.7746709690441402,5.460528581047401
0.149,22,ifrms,0.2822365143798186,5.460528581047401
0.149,22,sspls-v,0.27066816515072023,5.460528581047401
0.149,23,mcgs,0.8128595188403135,5.382912662937448
0.149,23,pos,-0.14293751489775397,5.382912662937448
0.149,23,sbps,-1.8510247876183339,5.382912662937448
0.149,23,prculs-d,-0.9380128747976789,5.382912662937448
0.149,23,prcus-p,0.27750876426533994,5.382912662937448
0.149,23,prcus-i,-0.22951914197919043,5.382912662937448
0.149,23,prcus-a,-0.9021168043481933,5.382912662937448
0.149,23,ifrms,0.479400722578204,5.382912662937448
0.149,23,sspls-v,0.45705676914952587,5.382912662937448
0.149,24,mcgs,0.7816534159414738,5.1131217318083655
0.149,24,pos,-0.0,5.1131217318083655
0.149,24,sbps,-1.8025548994281873,5.1131217318083655
0.149,24,prculs-d,-1.089822378822625,5.1131217318083655
0.149,24,prcus-p,0.2635480473563194,5.1131217318083655
0.149,24,prcus-i,0.0,5.1131217318083655
0.149,24,prcus-a,-0.6121623799163769,5.1131217318083655
0.149,24,ifrms,0.23997065216029057,5.1131217318083655
0.149,24,sspls-v,0.48372730234911343,5.1131217318083655
0.149,25,mcgs,0.5620965782117067,5.319807027598937
0.149,25,pos,-0.1672539275459895,5.319807027598937
0.149,25,sbps,-1.850660060812257,5.319807027598937
0.149,25,prculs-d,-0.8992733977997733,5.319807027598937
0.149,25,prcus-p,0.07917465232119762,5.319807027598937
0.149,25,prcus-i,-0.5322227007735584,5.319807027598937
0.149,25,prcus-a,-1.0144128626872446,5.319807027598937
0.149,25,ifrms,0.5688905806535093,5.319807027598937
0.149,25,sspls-v,0.6641577181267553,5.319807027598937
0.149,26,mcgs,0.26024690551405133,4.96103394545868
0.149,26,pos,0.0,4.96103394545868
0.149,26,sbps,-1.773744821104979,4.96103394545868
0.149,26,prculs-d,-0.5687988498790437,4.96103394545868
0.149,26,prcus-p,0.05067692709311222,4.96103394545868
0.149,26,prcus-i,-0.0,4.96103394545868
0.149,26,prcus-a,-0.6257316337883982,4.96103394545868
0.149,26,ifrms,0.5632548528762504,4.96103394545868
0.149,26,sspls-v,0.32011170051119714,4.96103394545868
0.149,27,mcgs,0.5445250220120991,5.421595625452034
0.149,27,pos,-0.2886730142930413,5.421595625452034
0.149,27,sbps,-1.7140912917141484,5.421595625452034
0.149,27,prculs-d,-0.8599687256086819,5.421595625452034
0.149,27,prcus-p,0.18424595962457527,5.421595625452034
0.149,27,prcus-i,-0.060982830751052035,5.421595625452034
0.149,27,prcus-a,-0.7955272207167087,5.421595625452034
0.149,27,ifrms,0.2764535899054019,5.421595625452034
0.149,27,sspls-v,0.266660390082042,5.421595625452034
0.149,28,mcgs,0.49411392871995574,5.494548465710287
0.149,28,pos,-0.25128024271806304,5.494548465710287
0.149,28,sbps,-1.7066903758918037,5.494548465710287
0.149,28,prculs-d,-0.8408557462091933,5.494548465710287
0.149,28,prcus-p,0.17163842798675757,5.494548465710287
0.149,28,prcus-i,-0.03897378856634779,5.494548465710287
0.149,28,prcus-a,-0.7918954967282541,5.494548465710287
0.149,28,ifrms,0.3069685684763995,5.494548465710287
0.149,28,sspls-v,0.30669223435894083,5.494548465710287
0.149,29,mcgs,0.9162906468525439,5.176742241449861
0.149,29,pos,0.0,5.176742241449861
0.149,29,sbps,-0.9372425618198706,5.176742241449861
0.149,29,prculs-d,-0.8245547028243537,5.176742241449861
0.149,29,prcus-p,0.2396693036789258,5.176742241449861
0.149,29,prcus-i,-0.5460534884040252,5.176742241449861
0.149,29,prcus-a,-0.5020790406281106,5.176742241449861
0.149,29,ifrms,0.36388025203239055,5.176742241449861
0.149,29,sspls-v,0.504916457346108,5.176742241449861
0.16,0,mcgs,0.4447425647395658,5.424252312575637
0.16,0,pos,-0.3490136648099526,5.424252312575637
0.16,0,sbps,-1.6041798621295644,5.424252312575637
0.16,0,prculs-d,-0.7595374036390866,5.424252312575637
0.16,0,prcus-p,0.1420697247664428,5.424252312575637
0.16,0,prcus-i,-0.13356717830739628,5.424252312575637
0.16,0,prcus-a,-0.7572328675460339,5.424252312575637
0.16,0,ifrms,0.2675878329044277,5.424252312575637
0.16,0,sspls-v,0.25162579984196437,5.424252312575637
0.16,1,mcgs,0.5423959322600672,5.474653015090392
0.16,1,pos,-0.3100853742092116,5.474653015090392
0.16,1,sbps,-1.6769991075725041,5.474653015090392
0.16,1,prculs-d,-0.8652992332635274,5.474653015090392
0.16,1,prcus-p,0.23663325451742329,5.474653015090392
0.16,1,prcus-i,-0.19445963948754902,5.474653015090392
0.16,1,prcus-a,-0.8031966247936272,5.474653015090392
0.16,1,ifrms,0.20390747388784045,5.474653015090392
0.16,1,sspls-v,0.5568061977936094,5.474653015090392
0.16,2,mcgs,0.3664015234216946,5.050506175688228
0.16,2,pos,-0.3163323227525547,5.050506175688228
0.16,2,sbps,-2.001195503049023,5.050506175688228
0.16,2,prculs-d,-0.5416673760435754,5.050506175688228
0.16,2,prcus-p,0.29869704698566957,5.050506175688228
0.16,2,prcus-i,0.09782678332847626,5.050506175688228
0.16,2,prcus-a,-1.1077366192489206,5.050506175688228
0.16,2,ifrms,0.5586411012722177,5.050506175688228
0.16,2,sspls-v,0.0,5.050506175688228
0.16,3,mcgs,0.0,4.611647051602791
0.16,3,pos,-0.0,4.611647051602791
0.16,3,sbps,-2.0875410452674017,4.611647051602791
0.16,3,prculs-d,-1.2537086581712507,4.611647051602791
0.16,3,prcus-p,-0.33824468985383443,4.611647051602791
0.16,3,prcus-i,-0.9397744611965658,4.611647051602791
0.16,3,prcus-a,-1.1227945927650547,4.611647051602791
0.16,3,ifrms,0.023047704008840816,4.611647051602791
0.16,3,sspls-v,0.6655195210632314,4.611647051602791
0.16,4,mcgs,0.4820518823342912,5.2455828394868815
0.16,4,pos,-0.17835277643325131,5.2455828394868815
0.16,4,sbps,-1.8215049142573179,5.2455828394868815
0.16,4,prculs-d,-0.17709346429230952,5.2455828394868815
0.16,4,prcus-p,0.0,5.2455828394868815
0.16,4,prcus-i,-0.292503810071767,5.2455828394868815
0.16,4,prcus-a,-0.8560824339132806,5.2455828394868815
0.16,4,ifrms,0.19634325983364853,5.2455828394868815
0.16,4,sspls-v,0.4209342008897909,5.2455828394868815
0.16,5,mcgs,0.7908685534676162,5.059159767839958
0.16,5,pos,-0.9013963523822915,5.059159767839958
0.16,5,sbps,-2.037220834562387,5.059159767839958
0.16,5,prculs-d,-0.4157357343646606,5.059159767839958
0.16,5,prcus-p,0.12672303071045168,5.059159767839958
0.16,5,prcus-i,0.0,5.059159767839958
0.16,5,prcus-a,-1.0638334690268025,5.059159767839958
0.16,5,ifrms,0.6158201360358189,5.059159767839958
0.16,5,sspls-v,0.5187049072061329,5.059159767839958
0.16,6,mcgs,0.15212396585423768,5.099092650133871
0.16,6,pos,-0.4363119456438495,5.099092650133871
0.16,6,sbps,-1.035250829772877,5.099092650133871
0.16,6,prculs-d,-0.9430338217322232,5.099092650133871
0.16,6,prcus-p,0.0822023756575139,5.099092650133871
0.16,6,prcus-i,-0.0,5.099092650133871
0.16,6,prcus-a,-0.7717918276228642,5.099092650133871
0.16,6,ifrms,0.11765098303251018,5.099092650133871
0.16,6,sspls-v,0.6070338838914935,5.099092650133871
0.16,7,mcgs,0.6251075744424697,5.23207577723146
0.16,7,pos,-0.48715772702928245,5.23207577723146
0.16,7,sbps,-1.9021051732634011,5.23207577723146
0.16,7,prculs-d,-0.9544855122395585,5.23207577723146
0.16,7,prcus-p,0.041054031633520484,5.23207577723146
0.16,7,prcus-i,-0.0,5.23207577723146
0.16,7,prcus-a,-0.4684881486912983,5.23207577723146
0.16,7,ifrms,0.2747827259850065,5.23207577723146
0.16,7,sspls-v,0.47463869439610307,5.23207577723146
0.16,8,mcgs,0.5284653323474479,5.25030914005996
0.16,8,pos,-0.07783908637134095,5.25030914005996
0.16,8,sbps,-1.9106784373387107,5.25030914005996
0.16,8,prculs-d,-1.0316443842433736,5.25030914005996
0.16,8,prcus-p,0.3968115881784718,5.25030914005996
0.16,8,prcus-i,-0.14856849178764472,5.25030914005996
0.16,8,prcus-a,-0.8720804406467909,5.25030914005996
0.16,8,ifrms,0.35141056109316876,5.25030914005996
0.16,8,sspls-v,0.24681386902104838,5.25030914005996
0.16,9,mcgs,0.5231093883856702,5.424040239124023
0.16,9,pos,-0.3098259153708841,5.424040239124023
0.16,9,sbps,-1.7241982002383942,5.424040239124023
0.16,9,prculs-d,-0.8016988190741254,5.424040239124023
0.16,9,prcus-p,0.19054438624322453,5.424040239124023
0.16,9,prcus-i,-0.04291022835826122,5.424040239124023
0.16,9,prcus-a,-0.7552017733958359,5.424040239124023
0.16,9,ifrms,0.22215653959801185,5.424040239124023
0.16,9,sspls-v,0.26508421729177095,5.424040239124023
0.16,10,mcgs,0.8342787404676654,4.974700329646783
0.16,10,pos,-0.34112632342085447,4.974700329646783
0.16,10,sbps,-1.4785564772867235,4.974700329646783
0.16,10,prculs-d,-0.9709030749564879,4.974700329646783
0.16,10,prcus-p,0.0,4.974700329646783
0.16,10,prcus-i,-0.01171830975448131,4.974700329646783
0.16,10,prcus-a,-0.853844301915804,4.974700329646783
0.16,10,ifrms,0.11394957762447047,4.974700329646783
0.16,10,sspls-v,-0.0,4.974700329646783
0.16,11,mcgs,0.20826543010620172,5.27200446340468
0.16,11,pos,-0.24307760624889171,5.27200446340468
0.16,11,sbps,-1.7900626345655146,5.27200446340468
0.16,11,prculs-d,-0.9951921509763405,5.27200446340468
0.16,11,prcus-p,0.4807153278413499,5.27200446340468
0.16,11,prcus-i,-0.0980496436570359,5.27200446340468
0.16,11,prcus-a,-0.8091784417537473,5.27200446340468
0.16,11,ifrms,0.12949881056415488,5.27200446340468
0.16,11,sspls-v,0.15596768608100806,5.27200446340468
0.16,12,mcgs,0.4889627597403371,5.391433024139524
0.16,12,pos,-0.2933860729160685,5.391433024139524
0.16,12,sbps,-1.760202117345708,5.391433024139524
0.16,12,prculs-d,-0.7783574425309138,5.391433024139524
0.16,12,prcus-p,0.16580749021883537,5.391433024139524
0.16,12,prcus-i,-0.030079185713979963,5.391433024139524
0.16,12,prcus-a,-0.7567807441552385,5.391433024139524
0.16,12,ifrms,0.22037029387393095,5.391433024139524
0.16,12,sspls-v,0.320342175283937,5.391433024139524
0.16,13,mcgs,0.5633164593242549,4.973335140101629
0.16,13,pos,-0.49892662447946806,4.973335140101629
0.16,13,sbps,-1.5515654285477805,4.973335140101629
0.16,13,prculs-d,-0.7961064359347317,4.973335140101629
0.16,13,prcus-p,0.13648934769598545,4.973335140101629
0.16,13,prcus-i,-0.0,4.973335140101629
0.16,13,prcus-a,0.0,4.973335140101629
0.16,13,ifrms,0.42849794711428574,4.973335140101629
0.16,13,sspls-v,0.0,4.973335140101629
0.16,14,mcgs,0.5051934095323383,5.510549432540043
0.16,14,pos,-0.2949702818913079,5.510549432540043
0.16,14,sbps,-1.7494076952936883,5.510549432540043
0.16,14,prculs-d,-0.8008858943071684,5.510549432540043
0.16,14,prcus-p,0.1898799007895156,5.510549432540043
0.16,14,prcus-i,-0.01945513416687885,5.510549432540043
0.16,14,prcus-a,-0.7628256345013049,5.510549432540043
0.16,14,ifrms,0.24248958867781684,5.510549432540043
0.16,14,sspls-v,0.25283907337528033,5.510549432540043
0.16,15,mcgs,0.4270888266357512,5.082075531071026
0.16,15,pos,-0.30364512482297185,5.082075531071026
0.16,15,sbps,-1.9613764406647842,5.082075531071026
0.16,15,prculs-d,-0.693367655133838,5.082075531071026
0.16,15,prcus-p,0.0,5.082075531071026
0.16,15,prcus-i,0.0,5.082075531071026
0.16,15,prcus-a,-1.0396961217966652,5.082075531071026
0.16,15,ifrms,0.4076749346179007,5.082075531071026
0.16,15,sspls-v,0.15480432821124537,5.082075531071026
0.16,16,mcgs,0.4659856013498693,5.442882716991772
0.16,16,pos,-0.15104711346517047,5.442882716991772
0.16,16,sbps,-1.8427871168516676,5.442882716991772
0.16,16,prculs-d,-0.9265230761845408,5.442882716991772
0.16,16,prcus-p,0.4317533957257386,5.442882716991772
0.16,16,prcus-i,-0.0,5.442882716991772
0.16,16,prcus-a,-0.8283252292720825,5.442882716991772
0.16,16,ifrms,0.1789214850233043,5.442882716991772
0.16,16,sspls-v,0.3693647407930645,5.442882716991772
0.16,17,mcgs,0.31948347672884525,4.836330721368724
0.16,17,pos,-0.9834725887000372,4.836330721368724
0.16,17,sbps,-1.226673151676751,4.836330721368724
0.16,17,prculs-d,-0.3593828158887791,4.836330721368724
0.16,17,prcus-p,-0.0,4.836330721368724
0.16,17,prcus-i,0.0,4.836330721368724
0.16,17,prcus-a,-0.31057428032840373,4.836330721368724
0.16,17,ifrms,0.0,4.836330721368724
0.16,17,sspls-v,0.19890744025336157,4.836330721368724
0.16,18,mcgs,0.48112675950173217,5.30670588814612
0.16,18,pos,-0.43387788183995796,5.30670588814612
0.16,18,sbps,-1.7639655175659141,5.30670588814612
0.16,18,prculs-d,-0.8514544032977714,5.30670588814612
0.16,18,prcus-p,0.12951825931347746,5.30670588814612
0.16,18,prcus-i,-0.18068503365696287,5.30670588814612
0.16,18,prcus-a,-0.864221455987943,5.30670588814612
0.16,18,ifrms,0.4381957995045896,5.30670588814612
0.16,18,sspls-v,0.22555108586787434,5.30670588814612
0.16,19,mcgs,0.6293107846796194,5.198144388463418
0.16,19,pos,-0.2605712001773553,5.198144388463418
0.16,19,sbps,-1.5413247581719085,5.198144388463418
0.16,19,prculs-d,-0.9484357399725512,5.198144388463418
0.16,19,prcus-p,0.4675698470082074,5.198144388463418
0.16,19,prcus-i,-0.0,5.198144388463418
0.16,19,prcus-a,-0.8444265925368927,5.198144388463418
0.16,19,ifrms,0.1256334210609627,5.198144388463418
0.16,19,sspls-v,0.23659988976924823,5.198144388463418
0.16,20,mcgs,0.45986965061419754,5.076786753395174
0.16,20,pos,-0.26672546090544036,5.076786753395174
0.16,20,sbps,-1.3775915925674653,5.076786753395174
0.16,20,prculs-d,-0.9962033977527875,5.076786753395174
0.16,20,prcus-p,0.3497017672575336,5.076786753395174
0.16,20,prcus-i,-0.0,5.076786753395174
0.16,20,prcus-a,-0.6244433525452134,5.076786753395174
0.16,20,ifrms,-0.5407792600533592,5.076786753395174
0.16,20,sspls-v,0.0,5.076786753395174
0.16,21,mcgs,0.5919064459210223,5.07257253847616
0.16,21,pos,-0.14677274335669224,5.07257253847616
0.16,21,sbps,-1.5798820553102222,5.07257253847616
0.16,21,prculs-d,-0.8733790305943125,5.07257253847616
0.16,21,prcus-p,0.2136038922741254,5.07257253847616
0.16,21,prcus-i,-0.0,5.07257253847616
0.16,21,prcus-a,-0.7198733240340136,5.07257253847616
0.16,21,ifrms,0.23197181937056982,5.07257253847616
0.16,21,sspls-v,0.0,5.07257253847616
0.16,22,mcgs,0.5034894736402551,5.432774440694609
0.16,22,pos,-0.3054328081505058,5.432774440694609
0.16,22,sbps,-1.7291606824948316,5.432774440694609
0.16,22,prculs-d,-0.8091303322928354,5.432774440694609
0.16,22,prcus-p,0.17556797408741082,5.432774440694609
0.16,22,prcus-i,-0.009634089711907443,5.432774440694609
0.16,22,prcus-a,-0.759732645568822,5.432774440694609
0.16,22,ifrms,0.2578641328857051,5.432774440694609
0.16,22,sspls-v,0.24221917845262775,5.432774440694609
0.16,23,mcgs,0.7901463278534266,5.3646318369252
0.16,23,pos,-0.15417761581780884,5.3646318369252
0.16,23,sbps,-1.8232473750251061,5.3646318369252
0.16,23,prculs-d,-0.9199305444032474,5.3646318369252
0.16,23,prcus-p,0.26423677474227747,5.3646318369252
0.16,23,prcus-i,-0.2046965847460623,5.3646318369252
0.16,23,prcus-a,-0.8789576607814281,5.3646318369252
0.16,23,ifrms,0.4479482778761219,5.3646318369252
0.16,23,sspls-v,0.42349503278359024,5.3646318369252
0.16,24,mcgs,0.7692183208973269,5.086593098866406
0.16,24,pos,-0.0019337811573034405,5.086593098866406
0.16,24,sbps,-1.7715252240454171,5.086593098866406
0.16,24,prculs-d,-1.0740285537914698,5.086593098866406
0.16,24,prcus-p,0.25042598907711117,5.086593098866406
0.16,24,prcus-i,0.0,5.086593098866406
0.16,24,prcus-a,-0.5934743876124329,5.086593098866406
0.16,24,ifrms,0.21827962930078318,5.086593098866406
0.16,24,sspls-v,0.4629464170404407,5.086593098866406
0.16,25,mcgs,0.5473220037617336,5.307599854311098
0.16,25,pos,-0.17516412178971422,5.307599854311098
0.16,25,sbps,-1.8251443606162487,5.307599854311098
0.16,25,prculs-d,-0.8829984631755189,5.307599854311098
0.16,25,prcus-p,0.07010172000330786,5.307599854311098
0.16,25,prcus-i,-0.5077171360918132,5.307599854311098
0.16,25,prcus-a,-0.9924867318355954,5.307599854311098
0.16,25,ifrms,0.5405911670844956,5.307599854311098
0.16,25,sspls-v,0.6320795384129301,5.307599854311098
0.16,26,mcgs,0.24787654846491194,4.918611526367403
0.16,26,pos,0.0,4.918611526367403
0.16,26,sbps,-1.74272299501139,4.918611526367403
0.16,26,prculs-d,-0.5525998035330999,4.918611526367403
0.16,26,prcus-p,0.036711489658112655,4.918611526367403
0.16,26,prcus-i,-0.0,4.918611526367403
0.16,26,prcus-a,-0.6055586102305832,4.918611526367403
0.16,26,ifrms,0.5436308181460682,4.918611526367403
0.16,26,sspls-v,0.3001464437366907,4.918611526367403
0.16,27,mcgs,0.5303561575485118,5.398191208107455
0.16,27,pos,-0.2950262466422394,5.398191208107455
0.16,27,sbps,-1.690490941069052,5.398191208107455
0.16,27,prculs-d,-0.8443663740789626,5.398191208107455
0.16,27,prcus-p,0.17395342514209397,5.398191208107455
0.16,27,prcus-i,-0.041821185057703346,5.398191208107455
0.16,27,prcus-a,-0.7763974494513352,5.398191208107455
0.16,27,ifrms,0.2517017107254633,5.398191208107455
0.16,27,sspls-v,0.23943432121919625,5.398191208107455
0.16,28,mcgs,0.47963308003748073,5.467097370677329
0.16,28,pos,-0.25588379347126855,5.467097370677329
0.16,28,sbps,-1.683172811811762,5.467097370677329
0.16,28,prculs-d,-0.8248279452962985,5.467097370677329
0.16,28,prcus-p,0.16078643337532605,5.467097370677329
0.16,28,prcus-i,-0.021253206036577578,5.467097370677329
0.16,28,prcus-a,-0.7724175632969127,5.467097370677329
0.16,28,ifrms,0.2857118543755435,5.467097370677329
0.16,28,sspls-v,0.2812515706300754,5.467097370677329
0.16,29,mcgs,0.9035551603749402,5.151779701247821
0.16,29,pos,0.0,5.151779701247821
0.16,29,sbps,-0.9139499613904053,5.151779701247821
0.16,29,prculs-d,-0.8110601455542963,5.151779701247821
0.16,29,prcus-p,0.23197669043078822,5.151779701247821
0.16,29,prcus-i,-0.5288946910128214,5.151779701247821
0.16,29,prcus-a,-0.48280538761861314,5.151779701247821
0.16,29,ifrms,0.34000194735348954,5.151779701247821
0.16,29,sspls-v,0.47962284122916843,5.151779701247821
0.171,0,mcgs,0.4293884034229769,5.402088767713865
0.171,0,pos,-0.3566230534389828,5.402088767713865
0.171,0,sbps,-1.5776852696434214,5.402088767713865
0.171,0,prculs-d,-0.7422519631173328,5.402088767713865
0.171,0,prcus-p,0.13093346720438218,5.402088767713865
0.171,0,prcus-i,-0.11805939023948622,5.402088767713865
0.171,0,prcus-a,-0.7373074213178892,5.402088767713865
0.171,0,ifrms,0.24364339626956888,5.402088767713865
0.171,0,sspls-v,0.22397630682352568,5.402088767713865
0.171,1,mcgs,0.5275535487403205,5.4587228812410515
0.171,1,pos,-0.31616011190648147,5.4587228812410515
0.171,1,sbps,-1.654104150148855,5.4587228812410515
0.171,1,prculs-d,-0.8490619715411185,5.4587228812410515
0.171,1,prcus-p,0.22553569859309536,5.4587228812410515
0.171,1,prcus-i,-0.17359032308180306,5.4587228812410515
0.171,1,prcus-a,-0.7837442135427838,5.4587228812410515
0.171,1,ifrms,0.18004239410421558,5.4587228812410515
0.171,1,sspls-v,0.5281376048919251,5.4587228812410515
0.171,2,mcgs,0.35965131281441504,5.020250304341562
0.171,2,pos,-0.3116159935850461,5.020250304341562
0.171,2,sbps,-1.9610601737966018,5.020250304341562
0.171,2,prculs-d,-0.5287029182034132,5.020250304341562
0.171,2,prcus-p,0.2801877833499014,5.020250304341562
0.171,2,prcus-i,0.06766160310370886,5.020250304341562
0.171,2,prcus-a,-1.0844010538489157,5.020250304341562
0.171,2,ifrms,0.5402536704718927,5.020250304341562
0.171,2,sspls-v,0.0,5.020250304341562
0.171,3,mcgs,0.0,4.588497022819591
0.171,3,pos,-0.0,4.588497022819591
0.171,3,sbps,-2.0634067339237023,4.588497022819591
0.171,3,prculs-d,-1.2498594718942886,4.588497022819591
0.171,3,prcus-p,-0.3173343220161497,4.588497022819591
0.171,3,prcus-i,-0.9110815554500619,4.588497022819591
0.171,3,prcus-a,-1.1012360645619066,4.588497022819591
0.171,3,ifrms,0.0,4.588497022819591
0.171,3,sspls-v,0.6373261949156476,4.588497022819591
0.171,4,mcgs,0.4674687260542951,5.2226449691595995
0.171,4,pos,-0.17991825507800077,5.2226449691595995
0.171,4,sbps,-1.7987707629645704,5.2226449691595995
0.171,4,prculs-d,-0.1679054259958325,5.2226449691595995
0.171,4,prcus-p,0.0,5.2226449691595995
0.171,4,prcus-i,-0.27307424866989805,5.2226449691595995
0.171,4,prcus-a,-0.8369388818862837,5.2226449691595995
0.171,4,ifrms,0.16975038886044572,5.2226449691595995
0.171,4,sspls-v,0.39462281068957794,5.2226449691595995
0.171,5,mcgs,0.7770633358149811,5.040624556673543
0.171,5,pos,-0.8986595633899032,5.040624556673543
0.171,5,sbps,-2.003233260321093,5.040624556673543
0.171,5,prculs-d,-0.4046022412778083,5.040624556673543
0.171,5,prcus-p,0.11368949203855655,5.040624556673543
0.171,5,prcus-i,0.0,5.040624556673543
0.171,5,prcus-a,-1.0412095559847792,5.040624556673543
0.171,5,ifrms,0.5904521660241527,5.040624556673543
0.171,5,sspls-v,0.49585366776581563,5.040624556673543
0.171,6,mcgs,0.13978090584053182,5.071618294020068
0.171,6,pos,-0.43892055327601553,5.071618294020068
0.171,6,sbps,-1.0100111660337434,5.071618294020068
0.171,6,prculs-d,-0.9289875677507154,5.071618294020068
0.171,6,prcus-p,0.0686846540186033,5.071618294020068
0.171,6,prcus-i,-0.0,5.071618294020068
0.171,6,prcus-a,-0.7535140275938672,5.071618294020068
0.171,6,ifrms,0.09628302259643734,5.071618294020068
0.171,6,sspls-v,0.5939567541770983,5.071618294020068
0.171,7,mcgs,0.6117816004012598,5.209083231757716
0.171,7,pos,-0.48738023449961915,5.209083231757716
0.171,7,sbps,-1.8704013650137081,5.209083231757716
0.171,7,prculs-d,-0.9378238688566884,5.209083231757716
0.171,7,prcus-p,0.029412303235417873,5.209083231757716
0.171,7,prcus-i,-0.0,5.209083231757716
0.171,7,prcus-a,-0.4542566416037606,5.209083231757716
0.171,7,ifrms,0.25291068864138755,5.209083231757716
0.171,7,sspls-v,0.45168990636532746,5.209083231757716
0.171,8,mcgs,0.5138389939578748,5.232001380589666
0.171,8,pos,-0.08647226106140729,5.232001380589666
0.171,8,sbps,-1.8851328340626492,5.232001380589666
0.171,8,prculs-d,-1.013892775162242,5.232001380589666
0.171,8,prcus-p,0.38429219880616916,5.232001380589666
0.171,8,prcus-i,-0.12901066914855633,5.232001380589666
0.171,8,prcus-a,-0.8517934753065888,5.232001380589666
0.171,8,ifrms,0.32568197452113595,5.232001380589666
0.171,8,sspls-v,0.2202431657927412,5.232001380589666
0.171,9,mcgs,0.5095305175732986,5.40074193222651
0.171,9,pos,-0.31612146834083105,5.40074193222651
0.171,9,sbps,-1.699306342251063,5.40074193222651
0.171,9,prculs-d,-0.7866889321899014,5.40074193222651
0.171,9,prcus-p,0.18120857622229483,5.40074193222651
0.171,9,prcus-i,-0.024168606872787164,5.40074193222651
0.171,9,prcus-a,-0.7354352117125297,5.40074193222651
0.171,9,ifrms,0.19722571004053913,5.40074193222651
0.171,9,sspls-v,0.2375934829478865,5.40074193222651
0.171,10,mcgs,0.8198845654853002,4.947646135512425
0.171,10,pos,-0.337939283100025,4.947646135512425
0.171,10,sbps,-1.4609277859341636,4.947646135512425
0.171,10,prculs-d,-0.9581881858953453,4.947646135512425
0.171,10,prcus-p,0.0,4.947646135512425
0.171,10,prcus-i,-0.002825257404935896,4.947646135512425
0.171,10,prcus-a,-0.8331076971400486,4.947646135512425
0.171,10,ifrms,0.09170925740148857,4.947646135512425
0.171,10,sspls-v,-0.0,4.947646135512425
0.171,11,mcgs,0.19661322968110395,5.251712954965756
0.171,11,pos,-0.24889554796362032,5.251712954965756
0.171,11,sbps,-1.765496289079559,5.251712954965756
0.171,11,prculs-d,-0.9800874231690568,5.251712954965756
0.171,11,prcus-p,0.4702969215615901,5.251712954965756
0.171,11,prcus-i,-0.08079861716769932,5.251712954965756
0.171,11,prcus-a,-0.7895592179579071,5.251712954965756
0.171,11,ifrms,0.10520368332839287,5.251712954965756
0.171,11,sspls-v,0.1302747896006288,5.251712954965756
0.171,12,mcgs,0.47441029719301586,5.367511983830157
0.171,12,pos,-0.299658291370257,5.367511983830157
0.171,12,sbps,-1.737510673748025,5.367511983830157
0.171,12,prculs-d,-0.7628388311843932,5.367511983830157
0.171,12,prcus-p,0.15555173611351386,5.367511983830157
0.171,12,prcus-i,-0.0108522183557894,5.367511983830157
0.171,12,prcus-a,-0.7378014035371565,5.367511983830157
0.171,12,ifrms,0.19673900687246318,5.367511983830157
0.171,12,sspls-v,0.2936098074955839,5.367511983830157
0.171,13,mcgs,0.5489152182423338,4.9426370028042
0.171,13,pos,-0.4960205739668672,4.9426370028042
0.171,13,sbps,-1.537998193265116,4.9426370028042
0.171,13,prculs-d,-0.7790205577292776,4.9426370028042
0.171,13,prcus-p,0.12613427459556653,4.9426370028042
0.171,13,prcus-i,-0.0,4.9426370028042
0.171,13,prcus-a,0.0,4.9426370028042
0.171,13,ifrms,0.41424190296155755,4.9426370028042
0.171,13,sspls-v,0.0,4.9426370028042
0.171,14,mcgs,0.4890066981432758,5.484911828344034
0.171,14,pos,-0.3008313426106163,5.484911828344034
0.171,14,sbps,-1.7251300139520291,5.484911828344034
0.171,14,prculs-d,-0.7854402380403358,5.484911828344034
0.171,14,prcus-p,0.1848612571760773,5.484911828344034
0.171,14,prcus-i,-0.0,5.484911828344034
0.171,14,prcus-a,-0.7429060457622929,5.484911828344034
0.171,14,ifrms,0.21731401971748654,5.484911828344034
0.171,14,sspls-v,0.22526026975221278,5.484911828344034
0.171,15,mcgs,0.4146698568797939,5.053137490318185
0.171,15,pos,-0.30115793365408544,5.053137490318185
0.171,15,sbps,-1.9298643038164247,5.053137490318185
0.171,15,prculs-d,-0.6833395982371271,5.053137490318185
0.171,15,prcus-p,0.0,5.053137490318185
0.171,15,prcus-i,0.0,5.053137490318185
0.171,15,prcus-a,-1.0187980852215452,5.053137490318185
0.171,15,ifrms,0.38230982399296376,5.053137490318185
0.171,15,sspls-v,0.13689457285489934,5.053137490318185
0.171,16,mcgs,0.4559639785319104,5.424633775932361
0.171,16,pos,-0.15969498969884519,5.424633775932361
0.171,16,sbps,-1.8079864839316058,5.424633775932361
0.171,16,prculs-d,-0.9076582255629505,5.424633775932361
0.171,16,prcus-p,0.409517955746727,5.424633775932361
0.171,16,prcus-i,-0.0,5.424633775932361
0.171,16,prcus-a,-0.806246831260731,5.424633775932361
0.171,16,ifrms,0.15963244288531175,5.424633775932361
0.171,16,sspls-v,0.34415590790912143,5.424633775932361
0.171,17,mcgs,0.3085801763623828,4.807026163483211
0.171,17,pos,-0.979783093049023,4.807026163483211
0.171,17,sbps,-1.2057883934562372,4.807026163483211
0.171,17,prculs-d,-0.3470854812711498,4.807026163483211
0.171,17,prcus-p,-0.0,4.807026163483211
0.171,17,prcus-i,0.0,4.807026163483211
0.171,17,prcus-a,-0.2972885201681633,4.807026163483211
0.171,17,ifrms,0.0,4.807026163483211
0.171,17,sspls-v,0.1839125338008916,4.807026163483211
0.171,18,mcgs,0.46796669203436503,5.290148119063541
0.171,18,pos,-0.4365211026345073,5.290148119063541
0.171,18,sbps,-1.7389294714821697,5.290148119063541
0.171,18,prculs-d,-0.8349737108708416,5.290148119063541
0.171,18,prcus-p,0.11986748353415629,5.290148119063541
0.171,18,prcus-i,-0.15868969013275547,5.290148119063541
0.171,18,prcus-a,-0.8424292837811136,5.290148119063541
0.171,18,ifrms,0.40979758204922917,5.290148119063541
0.171,18,sspls-v,0.19907086600837617,5.290148119063541
0.171,19,mcgs,0.617352282260038,5.177099863169789
0.171,19,pos,-0.2631738876447697,5.177099863169789
0.171,19,sbps,-1.5113348650073766,5.177099863169789
0.171,19,prculs-d,-0.9327938104787092,5.177099863169789
0.171,19,prcus-p,0.4537990035471367,5.177099863169789
0.171,19,prcus-i,-0.0,5.177099863169789
0.171,19,prcus-a,-0.8247029448155502,5.177099863169789
0.171,19,ifrms,0.10406946234752514,5.177099863169789
0.171,19,sspls-v,0.21634258975926754,5.177099863169789
0.171,20,mcgs,0.4510129788298824,5.0536425840801185
0.171,20,pos,-0.26653600252393955,5.0536425840801185
0.171,20,sbps,-1.3662763206717354,5.0536425840801185
0.171,20,prculs-d,-0.9762113086598707,5.0536425840801185
0.171,20,prcus-p,0.3311013808873302,5.0536425840801185
0.171,20,prcus-i,-0.0,5.0536425840801185
0.171,20,prcus-a,-0.6121660006193644,5.0536425840801185
0.171,20,ifrms,-0.5314595877325232,5.0536425840801185
0.171,20,sspls-v,0.0,5.0536425840801185
0.171,21,mcgs,0.5796851948701275,5.038523139461626
0.171,21,pos,-0.14546540406255082,5.038523139461626
0.171,21,sbps,-1.5573178379703059,5.038523139461626
0.171,21,prculs-d,-0.8578881617403146,5.038523139461626
0.171,21,prcus-p,0.20314604738796305,5.038523139461626
0.171,21,prcus-i,-0.0,5.038523139461626
0.171,21,prcus-a,-0.6986350259348707,5.038523139461626
0.171,21,ifrms,0.21202581097466733,5.038523139461626
0.171,21,sspls-v,0.0,5.038523139461626
0.171,22,mcgs,0.4901119973797211,5.404649781979544
0.171,22,pos,-0.30986720710352395,5.404649781979544
0.171,22,sbps,-1.7024541128352582,5.404649781979544
0.171,22,prculs-d,-0.7933263721470721,5.404649781979544
0.171,22,prcus-p,0.1635336346915459,5.404649781979544
0.171,22,prcus-i,-0.0,5.404649781979544
0.171,22,prcus-a,-0.7434676026461062,5.404649781979544
0.171,22,ifrms,0.23489113982543325,5.404649781979544
0.171,22,sspls-v,0.2178099493871426,5.404649781979544
0.171,23,mcgs,0.7674331368665377,5.348844404092879
0.171,23,pos,-0.16541771673786534,5.348844404092879
0.171,23,sbps,-1.795469962431879,5.348844404092879
0.171,23,prculs-d,-0.9018482140088151,5.348844404092879
0.171,23,prcus-p,0.2509647852192141,5.348844404092879
0.171,23,prcus-i,-0.17987402751293255,5.348844404092879
0.171,23,prcus-a,-0.8557985172146627,5.348844404092879
0.171,23,ifrms,0.41649583317403954,5.348844404092879
0.171,23,sspls-v,0.38993329641765356,5.348844404092879
0.171,24,mcgs,0.7563788580279404,5.060552289116953
0.171,24,pos,-0.006501306655390611,5.060552289116953
0.171,24,sbps,-1.7403158366923241,5.060552289116953
0.171,24,prculs-d,-1.057248069222972,5.060552289116953
0.171,24,prcus-p,0.23615580368487968,5.060552289116953
0.171,24,prcus-i,0.0,5.060552289116953
0.171,24,prcus-a,-0.5747690852685367,5.060552289116953
0.171,24,ifrms,0.19660134687781994,5.060552289116953
0.171,24,sspls-v,0.441516070248825,5.060552289116953
0.171,25,mcgs,0.53254742931176,5.29566152140471
0.171,25,pos,-0.18307431603343916,5.29566152140471
0.171,25,sbps,-1.7996286604202414,5.29566152140471
0.171,25,prculs-d,-0.8667235285512646,5.29566152140471
0.171,25,prcus-p,0.06102878768541788,5.29566152140471
0.171,25,prcus-i,-0.4832115714100671,5.29566152140471
0.171,25,prcus-a,-0.9705606009839478,5.29566152140471
0.171,25,ifrms,0.5122917535154828,5.29566152140471
0.171,25,sspls-v,0.6000013586991045,5.29566152140471
0.171,26,mcgs,0.23550619141577284,4.876381028180011
0.171,26,pos,0.0,4.876381028180011
0.171,26,sbps,-1.7117011689178017,4.876381028180011
0.171,26,prculs-d,-0.5364007571871565,4.876381028180011
0.171,26,prcus-p,0.022746052223113874,4.876381028180011
0.171,26,prcus-i,-0.0,4.876381028180011
0.171,26,prcus-a,-0.585385586672768,4.876381028180011
0.171,26,ifrms,0.5240067834158867,4.876381028180011
0.171,26,sspls-v,0.2801811869621848,4.876381028180011
0.171,27,mcgs,0.5161513595825036,5.374909708392959
0.171,27,pos,-0.30137270825256357,5.374909708392959
0.171,27,sbps,-1.6669569429161204,5.374909708392959
0.171,27,prculs-d,-0.8287641253804842,5.374909708392959
0.171,27,prcus-p,0.16368712637435678,5.374909708392959
0.171,27,prcus-i,-0.022641610225767425,5.374909708392959
0.171,27,prcus-a,-0.7572840216153622,5.374909708392959
0.171,27,ifrms,0.22695655589390787,5.374909708392959
0.171,27,sspls-v,0.21222890567573668,5.374909708392959
0.171,28,mcgs,0.46515188858071715,5.438056826621068
0.171,28,pos,-0.2604587534330806,5.438056826621068
0.171,28,sbps,-1.6596816632553555,5.438056826621068
0.171,28,prculs-d,-0.8088335718726736,5.438056826621068
0.171,28,prcus-p,0.14997364268560048,5.438056826621068
0.171,28,prcus-i,-0.0035087324844355326,5.438056826621068
0.171,28,prcus-a,-0.7529475519732876,5.438056826621068
0.171,28,ifrms,0.2644518722134891,5.438056826621068
0.171,28,sspls-v,0.25581467251330164,5.438056826621068
0.171,29,mcgs,0.8908196738973371,5.130326814414272
0.171,29,pos,-0.0,5.130326814414272
0.171,29,sbps,-0.890657360960939,5.130326814414272
0.171,29,prculs-d,-0.7975655882842391,5.130326814414272
0.171,29,prcus-p,0.2242840771826511,5.130326814414272
0.171,29,prcus-i,-0.511735893621617,5.130326814414272
0.171,29,prcus-a,-0.46353173460911523,5.130326814414272
0.171,29,ifrms,0.31612364267458887,5.130326814414272
0.171,29,sspls-v,0.45432922511222806,5.130326814414272
0.182,0,mcgs,0.4140337048481813,5.3773639671190105
0.182,0,pos,-0.36423470269672636,5.3773639671190105
0.182,0,sbps,-1.5511893841487119,5.3773639671190105
0.182,0,prculs-d,-0.7249656992797374,5.3773639671190105
0.182,0,prcus-p,0.11979673733567016,5.3773639671190105
0.182,0,prcus-i,-0.10254958330524779,5.3773639671190105
0.182,0,prcus-a,-0.7173816644242557,5.3773639671190105
0.182,0,ifrms,0.21969808224469034,5.3773639671190105
0.182,0,sspls-v,0.19632490012061066,5.3773639671190105
0.182,1,mcgs,0.5127111652205734,5.44123124052467
0.182,1,pos,-0.3222348496037506,5.44123124052467
0.182,1,sbps,-1.6312091927252075,5.44123124052467
0.182,1,prculs-d,-0.8328247098187094,5.44123124052467
0.182,1,prcus-p,0.21443814266876787,5.44123124052467
0.182,1,prcus-i,-0.1527210066760568,5.44123124052467
0.182,1,prcus-a,-0.7642918022919423,5.44123124052467
0.182,1,ifrms,0.15617731432059154,5.44123124052467
0.182,1,sspls-v,0.49946901199023963,5.44123124052467
0.182,2,mcgs,0.3528433596145833,4.990437686129761
0.182,2,pos,-0.3069066874037074,4.990437686129761
0.182,2,sbps,-1.9210209849753752,4.990437686129761
0.182,2,prculs-d,-0.5157231108620691,4.990437686129761
0.182,2,prcus-p,0.261706707281644,4.990437686129761
0.182,2,prcus-i,0.03753737804302634,4.990437686129761
0.182,2,prcus-a,-1.0611044414803725,4.990437686129761
0.182,2,ifrms,0.5218797154587936,4.990437686129761
0.182,2,sspls-v,0.0,4.990437686129761
0.182,3,mcgs,0.0,4.564641327143217
0.182,3,pos,-0.0,4.564641327143217
0.182,3,sbps,-2.0472608894414877,4.564641327143217
0.182,3,prculs-d,-1.2419555354303875,4.564641327143217
0.182,3,prcus-p,-0.302068111945336,4.564641327143217
0.182,3,prcus-i,-0.8864745553222432,4.564641327143217
0.182,3,prcus-a,-1.0864168221470947,4.564641327143217
0.182,3,ifrms,0.0,4.564641327143217
0.182,3,sspls-v,0.612984416151442,4.564641327143217
0.182,4,mcgs,0.4528855697743,5.198978502020317
0.182,4,pos,-0.1814837337227508,5.198978502020317
0.182,4,sbps,-1.7760366116718223,5.198978502020317
0.182,4,prculs-d,-0.1587173876993561,5.198978502020317
0.182,4,prcus-p,0.0,5.198978502020317
0.182,4,prcus-i,-0.25364468726803036,5.198978502020317
0.182,4,prcus-a,-0.8177953298592859,5.198978502020317
0.182,4,ifrms,0.14315751788724232,5.198978502020317
0.182,4,sspls-v,0.36831142048936677,5.198978502020317
0.182,5,mcgs,0.7632581181623457,5.022077470035367
0.182,5,pos,-0.8959227743975148,5.022077470035367
0.182,5,sbps,-1.9692456860798009,5.022077470035367
0.182,5,prculs-d,-0.39346874819095623,5.022077470035367
0.182,5,prcus-p,0.10065595336666153,5.022077470035367
0.182,5,prcus-i,0.0,5.022077470035367
0.182,5,prcus-a,-1.0185856429427556,5.022077470035367
0.182,5,ifrms,0.565084196012487,5.022077470035367
0.182,5,sspls-v,0.4730024283254988,5.022077470035367
0.182,6,mcgs,0.12742873539776978,5.044160609070779
0.182,6,pos,-0.4415412033580056,5.044160609070779
0.182,6,sbps,-0.9847804248729644,5.044160609070779
0.182,6,prculs-d,-0.9149288774914951,5.044160609070779
0.182,6,prcus-p,0.055159097280038934,5.044160609070779
0.182,6,prcus-i,-0.0,5.044160609070779
0.182,6,prcus-a,-0.7352411956202711,5.044160609070779
0.182,6,ifrms,0.0749188175709157,5.044160609070779
0.182,6,sspls-v,0.5808803339228761,5.044160609070779
0.182,7,mcgs,0.598456012263343,5.18617283828738
0.182,7,pos,-0.4876023713605923,5.18617283828738
0.182,7,sbps,-1.8386978573894937,5.18617283828738
0.182,7,prculs-d,-0.9211625620927194,5.18617283828738
0.182,7,prcus-p,0.017770703409037022,5.18617283828738
0.182,7,prcus-i,-0.0,5.18617283828738
0.182,7,prcus-a,-0.4400250815050862,5.18617283828738
0.182,7,ifrms,0.23103878015162851,5.18617283828738
0.182,7,sspls-v,0.42874134377058715,5.18617283828738
0.182,8,mcgs,0.4992126555683009,5.214166185985745
0.182,8,pos,-0.09510543575147354,5.214166185985745
0.182,8,sbps,-1.8595872307865886,5.214166185985745
0.182,8,prculs-d,-0.9961411660811096,5.214166185985745
0.182,8,prcus-p,0.37177280943386604,5.214166185985745
0.182,8,prcus-i,-0.10945284650946871,5.214166185985745
0.182,8,prcus-a,-0.8315065099663865,5.214166185985745
0.182,8,ifrms,0.2999533879491041,5.214166185985745
0.182,8,sspls-v,0.19367246256443454,5.214166185985745
0.182,9,mcgs,0.4959267134932205,5.376824931572468
0.182,9,pos,-0.3224188407306209,5.376824931572468
0.182,9,sbps,-1.674474041466279,5.376824931572468
0.182,9,prculs-d,-0.7716900038545141,5.376824931572468
0.182,9,prcus-p,0.17190426793666308,5.376824931572468
0.182,9,prcus-i,-0.005376532896448426,5.376824931572468
0.182,9,prcus-a,-0.715689558878037,5.376824931572468
0.182,9,ifrms,0.17229522916988996,5.376824931572468
0.182,9,sspls-v,0.21009789834978745,5.376824931572468
0.182,10,mcgs,0.8062852603917545,4.920872306580044
0.182,10,pos,-0.33343451723428436,4.920872306580044
0.182,10,sbps,-1.440156342843324,4.920872306580044
0.182,10,prculs-d,-0.9461127040533028,4.920872306580044
0.182,10,prcus-p,0.0,4.920872306580044
0.182,10,prcus-i,-0.0,4.920872306580044
0.182,10,prcus-a,-0.8123849403505929,4.920872306580044
0.182,10,ifrms,0.0698365287028566,4.920872306580044
0.182,10,sspls-v,-0.0,4.920872306580044
0.182,11,mcgs,0.1848895715081224,5.2307343587928505
0.182,11,pos,-0.25472942078525074,5.2307343587928505
0.182,11,sbps,-1.741013206050364,5.2307343587928505
0.182,11,prculs-d,-0.9649809328304845,5.2307343587928505
0.182,11,prcus-p,0.4599216357560826,5.2307343587928505
0.182,11,prcus-i,-0.06350441892927161,5.2307343587928505
0.182,11,prcus-a,-0.7699692711045052,5.2307343587928505
0.182,11,ifrms,0.08090275552368557,5.2307343587928505
0.182,11,sspls-v,0.104577292059203,5.2307343587928505
0.182,12,mcgs,0.46104453353490166,5.340683238211037
0.182,12,pos,-0.3043527737864207,5.340683238211037
0.182,12,sbps,-1.7119255269390545,5.340683238211037
0.182,12,prculs-d,-0.7473471624155394,5.340683238211037
0.182,12,prcus-p,0.14371130709678587,5.340683238211037
0.182,12,prcus-i,-0.0,5.340683238211037
0.182,12,prcus-a,-0.7185657066167909,5.340683238211037
0.182,12,ifrms,0.17434949057069274,5.340683238211037
0.182,12,sspls-v,0.27003134252553146,5.340683238211037
0.182,13,mcgs,0.5345572781472814,4.914155361685935
0.182,13,pos,-0.4930618274719646,4.914155361685935
0.182,13,sbps,-1.524423869589032,4.914155361685935
0.182,13,prculs-d,-0.7619800360221707,4.914155361685935
0.182,13,prcus-p,0.11580247847976707,4.914155361685935
0.182,13,prcus-i,-0.0,4.914155361685935
0.182,13,prcus-a,0.0,4.914155361685935
0.182,13,ifrms,0.3999870190481846,4.914155361685935
0.182,13,sspls-v,0.0,4.914155361685935
0.182,14,mcgs,0.47612813159971673,5.458045763130445
0.182,14,pos,-0.3027798956245942,5.458045763130445
0.182,14,sbps,-1.6940895387994677,5.458045763130445
0.182,14,prculs-d,-0.7707964866938773,5.458045763130445
0.182,14,prcus-p,0.17585126606709048,5.458045763130445
0.182,14,prcus-i,-0.0,5.458045763130445
0.182,14,prcus-a,-0.7228079242839089,5.458045763130445
0.182,14,ifrms,0.19520379223125206,5.458045763130445
0.182,14,sspls-v,0.205156647781079,5.458045763130445
0.182,15,mcgs,0.4022508871238363,5.026896059945783
0.182,15,pos,-0.2986707424851989,5.026896059945783
0.182,15,sbps,-1.898352166968066,5.026896059945783
0.182,15,prculs-d,-0.673311541340416,5.026896059945783
0.182,15,prcus-p,0.0,5.026896059945783
0.182,15,prcus-i,0.0,5.026896059945783
0.182,15,prcus-a,-0.9979000486464256,5.026896059945783
0.182,15,ifrms,0.3569447133680275,5.026896059945783
0.182,15,sspls-v,0.11898481749855382,5.026896059945783
0.182,16,mcgs,0.44594235571395197,5.406093710891904
0.182,16,pos,-0.1683428659325194,5.406093710891904
0.182,16,sbps,-1.7731858510115452,5.406093710891904
0.182,16,prculs-d,-0.8887933749413608,5.406093710891904
0.182,16,prcus-p,0.3872825157677165,5.406093710891904
0.182,16,prcus-i,-0.0,5.406093710891904
0.182,16,prcus-a,-0.784168433249381,5.406093710891904
0.182,16,ifrms,0.1403434007473196,5.406093710891904
0.182,16,sspls-v,0.3189470750251784,5.406093710891904
0.182,17,mcgs,0.2976768759959201,4.781408367684144
0.182,17,pos,-0.9760935973980096,4.781408367684144
0.182,17,sbps,-1.1849036352357223,4.781408367684144
0.182,17,prculs-d,-0.3347881466535205,4.781408367684144
0.182,17,prcus-p,-0.0,4.781408367684144
0.182,17,prcus-i,0.0,4.781408367684144
0.182,17,prcus-a,-0.28400276000792263,4.781408367684144
0.182,17,ifrms,0.0,4.781408367684144
0.182,17,sspls-v,0.168917627348422,4.781408367684144
0.182,18,mcgs,0.454806624566999,5.274481501299918
0.182,18,pos,-0.43916432342905615,5.274481501299918
0.182,18,sbps,-1.7138934253984253,5.274481501299918
0.182,18,prculs-d,-0.8184930184439124,5.274481501299918
0.182,18,prcus-p,0.11021670775483616,5.274481501299918
0.182,18,prcus-i,-0.13669434660854757,5.274481501299918
0.182,18,prcus-a,-0.820637111574284,5.274481501299918
0.182,18,ifrms,0.38139936459386886,5.274481501299918
0.182,18,sspls-v,0.17259064614887754,5.274481501299918
0.182,19,mcgs,0.6053930209547717,5.156091058693315
0.182,19,pos,-0.26577713376306444,5.156091058693315
0.182,19,sbps,-1.481345515986909,5.156091058693315
0.182,19,prculs-d,-0.9171512455733003,5.156091058693315
0.182,19,prcus-p,0.4400278939910708,5.156091058693315
0.182,19,prcus-i,-0.0,5.156091058693315
0.182,19,prcus-a,-0.8049794712550784,5.156091058693315
0.182,19,ifrms,0.08250561541601725,5.156091058693315
0.182,19,sspls-v,0.1960853800926433,5.156091058693315
0.182,20,mcgs,0.4421563654744311,5.031357897123418
0.182,20,pos,-0.2663464713980763,5.031357897123418
0.182,20,sbps,-1.3549609412287822,5.031357897123418
0.182,20,prculs-d,-0.9562193149478391,5.031357897123418
0.182,20,prcus-p,0.3125010619810589,5.031357897123418
0.182,20,prcus-i,-0.0,5.031357897123418
0.182,20,prcus-a,-0.5998885858740983,5.031357897123418
0.182,20,ifrms,-0.5221399734363649,5.031357897123418
0.182,20,sspls-v,0.0,5.031357897123418
0.182,21,mcgs,0.567463943819231,5.0086569333839455
0.182,21,pos,-0.14415806476840928,5.0086569333839455
0.182,21,sbps,-1.5347536206303913,5.0086569333839455
0.182,21,prculs-d,-0.8423972928863159,5.0086569333839455
0.182,21,prcus-p,0.19268820250180102,5.0086569333839455
0.182,21,prcus-i,-0.0,5.0086569333839455
0.182,21,prcus-a,-0.6773967278357292,5.0086569333839455
0.182,21,ifrms,0.19207980257876556,5.0086569333839455
0.182,21,sspls-v,0.0,5.0086569333839455
0.182,22,mcgs,0.4782878805541644,5.376115935977237
0.182,22,pos,-0.3124131125159938,5.376115935977237
0.182,22,sbps,-1.6725312191984876,5.376115935977237
0.182,22,prculs-d,-0.7780824970186648,5.376115935977237
0.182,22,prcus-p,0.14978166701520637,5.376115935977237
0.182,22,prcus-i,-0.0,5.376115935977237
0.182,22,prcus-a,-0.7260426648512873,5.376115935977237
0.182,22,ifrms,0.21332668566697516,5.376115935977237
0.182,22,sspls-v,0.1974370405877902,5.376115935977237
0.182,23,mcgs,0.7447047862343483,5.332318569205597
0.182,23,pos,-0.17662872109757102,5.332318569205597
0.182,23,sbps,-1.7677696185157397,5.332318569205597
0.182,23,prculs-d,-0.8837838665213094,5.332318569205597
0.182,23,prcus-p,0.2377298772422501,5.332318569205597
0.182,23,prcus-i,-0.15504422883341054,5.332318569205597
0.182,23,prcus-a,-0.8326640440194714,5.332318569205597
0.182,23,ifrms,0.38505961431404356,5.332318569205597
0.182,23,sspls-v,0.35640152516208096,5.332318569205597
0.182,24,mcgs,0.7435393951585553,5.038396259291885
0.182,24,pos,-0.011068832153477598,5.038396259291885
0.182,24,sbps,-1.7091064493392307,5.038396259291885
0.182,24,prculs-d,-1.0404675846544749,5.038396259291885
0.182,24,prcus-p,0.22188561829264916,5.038396259291885
0.182,24,prcus-i,0.0,5.038396259291885
0.182,24,prcus-a,-0.5560637829246396,5.038396259291885
0.182,24,ifrms,0.174923064454856,5.038396259291885
0.182,24,sspls-v,0.4200857234572083,5.038396259291885
0.182,25,mcgs,0.5177728548617877,5.283626441220986
0.182,25,pos,-0.19098451027716298,5.283626441220986
0.182,25,sbps,-1.7741129602242325,5.283626441220986
0.182,25,prculs-d,-0.8504485939270112,5.283626441220986
0.182,25,prcus-p,0.05195585536752877,5.283626441220986
0.182,25,prcus-i,-0.4587060067283228,5.283626441220986
0.182,25,prcus-a,-0.9486344701322977,5.283626441220986
0.182,25,ifrms,0.48399233994646956,5.283626441220986
0.182,25,sspls-v,0.5679231789852796,5.283626441220986
0.182,26,mcgs,0.22313583436663317,4.834681354785302
0.182,26,pos,0.0,4.834681354785302
0.182,26,sbps,-1.6806793428242137,4.834681354785302
0.182,26,prculs-d,-0.5202017108412131,4.834681354785302
0.182,26,prcus-p,0.008780614788114701,4.834681354785302
0.182,26,prcus-i,-0.0,4.834681354785302
0.182,26,prcus-a,-0.5652125631149537,4.834681354785302
0.182,26,ifrms,0.5043827486857044,4.834681354785302
0.182,26,sspls-v,0.2602159301876795,4.834681354785302
0.182,27,mcgs,0.5019806133769207,5.350765062579124
0.182,27,pos,-0.3077461572470794,5.350765062579124
0.182,27,sbps,-1.643372129017732,5.350765062579124
0.182,27,prculs-d,-0.813165721163763,5.350765062579124
0.182,27,prcus-p,0.15341042851465783,5.350765062579124
0.182,27,prcus-i,-0.00342417652394583,5.350765062579124
0.182,27,prcus-a,-0.7381632198538464,5.350765062579124
0.182,27,ifrms,0.20219474491585412,5.350765062579124
0.182,27,sspls-v,0.18497757463297196,5.350765062579124
0.182,28,mcgs,0.45307247377659815,5.407844291526219
0.182,28,pos,-0.2628843928358935,5.407844291526219
0.182,28,sbps,-1.6311449858938534,5.407844291526219
0.182,28,prculs-d,-0.7929935367980273,5.407844291526219
0.182,28,prcus-p,0.13642635864115293,5.407844291526219
0.182,28,prcus-i,-0.0,5.407844291526219
0.182,28,prcus-a,-0.7331260748898868,5.407844291526219
0.182,28,ifrms,0.24492800761346392,5.407844291526219
0.182,28,sspls-v,0.23564179976412564,5.407844291526219
0.182,29,mcgs,0.8780841874197337,5.109316032592082
0.182,29,pos,-0.0,5.109316032592082
0.182,29,sbps,-0.8673647605314735,5.109316032592082
0.182,29,prculs-d,-0.7840710310141824,5.109316032592082
0.182,29,prcus-p,0.21659146393451437,5.109316032592082
0.182,29,prcus-i,-0.49457709623041285,5.109316032592082
0.182,29,prcus-a,-0.4442580815996177,5.109316032592082
0.182,29,ifrms,0.29224533799568786,5.109316032592082
0.182,29,sspls-v,0.42903560899528803,5.109316032592082
0.195,0,mcgs,0.39588724289614863,5.347458344955581
0.195,0,pos,-0.3732302881831486,5.347458344955581
0.195,0,sbps,-1.5198760649276923,5.347458344955581
0.195,0,prculs-d,-0.7045364783807618,5.347458344955581
0.195,0,prcus-p,0.10663514749083045,5.347458344955581
0.195,0,prcus-i,-0.08421981147387574,5.347458344955581
0.195,0,prcus-a,-0.6938330426408718,5.347458344955581
0.195,0,ifrms,0.1913990747607417,5.347458344955581
0.195,0,sspls-v,0.16364596492625655,5.347458344955581
0.195,1,mcgs,0.49517016651541684,5.420961543915386
0.195,1,pos,-0.3294140850641599,5.420961543915386
0.195,1,sbps,-1.604151515769986,5.420961543915386
0.195,1,prculs-d,-0.8136352186922258,5.420961543915386
0.195,1,prcus-p,0.2013228493036534,5.420961543915386
0.195,1,prcus-i,-0.12805726910562984,5.420961543915386
0.195,1,prcus-a,-0.7413025889954926,5.420961543915386
0.195,1,ifrms,0.12797312912176215,5.420961543915386
0.195,1,sspls-v,0.4655879476518858,5.420961543915386
0.195,2,mcgs,0.344776571539323,4.956930704467672
0.195,2,pos,-0.30133547022567203,4.956930704467672
0.195,2,sbps,-1.873745376033678,4.956930704467672
0.195,2,prculs-d,-0.5003833604264066,4.956930704467672
0.195,2,prcus-p,0.2398819807575792,4.956930704467672
0.195,2,prcus-i,0.0019531345100652253,4.956930704467672
0.195,2,prcus-a,-1.0335904176962107,4.956930704467672
0.195,2,ifrms,0.5001717231369024,4.956930704467672
0.195,2,sspls-v,0.0,4.956930704467672
0.195,3,mcgs,0.0,4.539561138705447
0.195,3,pos,-0.0,4.539561138705447
0.195,3,sbps,-2.0281794368715964,4.539561138705447
0.195,3,prculs-d,-1.232614519609412,4.539561138705447
0.195,3,prcus-p,-0.2840262273161928,4.539561138705447
0.195,3,prcus-i,-0.8573935551711845,4.539561138705447
0.195,3,prcus-a,-1.0689031720204984,4.539561138705447
0.195,3,ifrms,0.0,4.539561138705447
0.195,3,sspls-v,0.584216859430108,4.539561138705447
0.195,4,mcgs,0.43565093053430454,5.170871612168975
0.195,4,pos,-0.18333384484836385,5.170871612168975
0.195,4,sbps,-1.74916897832585,5.170871612168975
0.195,4,prculs-d,-0.14785879698533763,5.170871612168975
0.195,4,prcus-p,0.0,5.170871612168975
0.195,4,prcus-i,-0.2306824783385488,5.170871612168975
0.195,4,prcus-a,-0.7951711320091998,5.170871612168975
0.195,4,ifrms,0.11172957946436678,5.170871612168975
0.195,4,sspls-v,0.3372161411618425,5.170871612168975
0.195,5,mcgs,0.746942860936504,5.002403997734568
0.195,5,pos,-0.89268838740651,5.002403997734568
0.195,5,sbps,-1.929078552885545,5.002403997734568
0.195,5,prculs-d,-0.38031098363376736,5.002403997734568
0.195,5,prcus-p,0.08525268039078536,5.002403997734568
0.195,5,prcus-i,0.0,5.002403997734568
0.195,5,prcus-a,-0.9918482911658192,5.002403997734568
0.195,5,ifrms,0.5351038678168815,5.002403997734568
0.195,5,sspls-v,0.4459964180778515,5.002403997734568
0.195,6,mcgs,0.11283417785983996,5.011903466189173
0.195,6,pos,-0.4446348813468217,5.011903466189173
0.195,6,sbps,-0.9549639957442186,5.011903466189173
0.195,6,prculs-d,-0.8983159389582075,5.011903466189173
0.195,6,prcus-p,0.03917500625117689,5.011903466189173
0.195,6,prcus-i,-0.0,5.011903466189173
0.195,6,prcus-a,-0.7136468879547769,5.011903466189173
0.195,6,ifrms,0.049671523720142566,5.011903466189173
0.195,6,sspls-v,0.5654264767937536,5.011903466189173
0.195,7,mcgs,0.5827075899185309,5.1600559948640745
0.195,7,pos,-0.4878648967417425,5.1600559948640745
0.195,7,sbps,-1.8012300756517847,5.1600559948640745
0.195,7,prculs-d,-0.9014719268262102,5.1600559948640745
0.195,7,prcus-p,0.004012449068769001,5.1600559948640745
0.195,7,prcus-i,-0.0,5.1600559948640745
0.195,7,prcus-a,-0.42320596502483376,5.1600559948640745
0.195,7,ifrms,0.20519016102736728,5.1600559948640745
0.195,7,sspls-v,0.4016203152495303,5.1600559948640745
0.195,8,mcgs,0.48189744112278865,5.192843187057386
0.195,8,pos,-0.10527160950192545,5.192843187057386
0.195,8,sbps,-1.8294737390052838,5.192843187057386
0.195,8,prculs-d,-0.975181572483009,5.192843187057386
0.195,8,prcus-p,0.3570166261225605,5.192843187057386
0.195,8,prcus-i,-0.08633734529693764,5.192843187057386
0.195,8,prcus-a,-0.8075569656737316,5.192843187057386
0.195,8,ifrms,0.26956226177387954,5.192843187057386
0.195,8,sspls-v,0.16229918601318583,5.192843187057386
0.195,9,mcgs,0.4824111072043422,5.34735030760533
0.195,9,pos,-0.326742140750851,5.34735030760533
0.195,9,sbps,-1.6387908201057462,5.34735030760533
0.195,9,prculs-d,-0.7539403800631467,5.34735030760533
0.195,9,prcus-p,0.15805481519767015,5.34735030760533
0.195,9,prcus-i,-0.0,5.34735030760533
0.195,9,prcus-a,-0.6915559805894529,5.34735030760533
0.195,9,ifrms,0.14504485033575756,5.34735030760533
0.195,9,sspls-v,0.18407653564694657,5.34735030760533
0.195,10,mcgs,0.7907325144371875,4.892644442446865
0.195,10,pos,-0.3273459637744438,4.892644442446865
0.195,10,sbps,-1.4137697481937783,4.892644442446865
0.195,10,prculs-d,-0.9322383167642404,4.892644442446865
0.195,10,prcus-p,0.0,4.892644442446865
0.195,10,prcus-i,-0.0,4.892644442446865
0.195,10,prcus-a,-0.7878557032979466,4.892644442446865
0.195,10,ifrms,0.0441620702926528,4.892644442446865
0.195,10,sspls-v,-0.0,4.892644442446865
0.195,11,mcgs,0.17112625879906995,5.205533198455383
0.195,11,pos,-0.2616134625341656,5.205533198455383
0.195,11,sbps,-1.7119703489293512,5.205533198455383
0.195,11,prculs-d,-0.9471231129305382,5.205533198455383
0.195,11,prcus-p,0.4475992914719792,5.205533198455383
0.195,11,prcus-i,-0.04311631449287045,5.205533198455383
0.195,11,prcus-a,-0.7467799172297054,5.205533198455383
0.195,11,ifrms,0.052190528128559004,5.205533198455383
0.195,11,sspls-v,0.07420952032730604,5.205533198455383
0.195,12,mcgs,0.44699598471145763,5.308501310265683
0.195,12,pos,-0.30737312540019357,5.308501310265683
0.195,12,sbps,-1.677444121633352,5.308501310265683
0.195,12,prculs-d,-0.7291464087052414,5.308501310265683
0.195,12,prcus-p,0.1274171456934215,5.308501310265683
0.195,12,prcus-i,-0.0,5.308501310265683
0.195,12,prcus-a,-0.6954813085816896,5.308501310265683
0.195,12,ifrms,0.1498038216961929,5.308501310265683
0.195,12,sspls-v,0.24709689919279848,5.308501310265683
0.195,13,mcgs,0.5175354465784056,4.880845902697772
0.195,13,pos,-0.4896302574246359,4.880845902697772
0.195,13,sbps,-1.5083902927649997,4.880845902697772
0.195,13,prculs-d,-0.741785149636617,4.880845902697772
0.195,13,prcus-p,0.1035633154265003,4.880845902697772
0.195,13,prcus-i,-0.0,4.880845902697772
0.195,13,prcus-a,0.0,4.880845902697772
0.195,13,ifrms,0.38313896683775855,4.880845902697772
0.195,13,sspls-v,0.0,4.880845902697772
0.195,14,mcgs,0.4609080075027832,5.426013821379561
0.195,14,pos,-0.3050827310047491,5.426013821379561
0.195,14,sbps,-1.6574053408918954,5.426013821379561
0.195,14,prculs-d,-0.7534902351026088,5.426013821379561
0.195,14,prcus-p,0.1652030947564698,5.426013821379561
0.195,14,prcus-i,-0.0,5.426013821379561
0.195,14,prcus-a,-0.6990555989003643,5.426013821379561
0.195,14,ifrms,0.16907352338388265,5.426013821379561
0.195,14,sspls-v,0.18139782181519343,5.426013821379561
0.195,15,mcgs,0.387620665693086,4.995576863376261
0.195,15,pos,-0.2957266297883822,4.995576863376261
0.195,15,sbps,-1.861042770231743,4.995576863376261
0.195,15,prculs-d,-0.6614865053424894,4.995576863376261
0.195,15,prcus-p,0.0,4.995576863376261
0.195,15,prcus-i,0.0,4.995576863376261
0.195,15,prcus-a,-0.9731792984672119,4.995576863376261
0.195,15,ifrms,0.3269508934800918,4.995576863376261
0.195,15,sspls-v,0.09779753802693235,4.995576863376261
0.195,16,mcgs,0.43409861965636454,5.3813891424127895
0.195,16,pos,-0.17856308329959042,5.3813891424127895
0.195,16,sbps,-1.7320578302878358,5.3813891424127895
0.195,16,prculs-d,-0.8664985514794813,5.3813891424127895
0.195,16,prcus-p,0.36100426851979345,5.3813891424127895
0.195,16,prcus-i,-0.0,5.3813891424127895
0.195,16,prcus-a,-0.7580757810541475,5.3813891424127895
0.195,16,ifrms,0.1175472600387827,5.3813891424127895
0.195,16,sspls-v,0.2891548179805183,5.3813891424127895
0.195,17,mcgs,0.2847911573810101,4.753995607678672
0.195,17,pos,-0.9717332843559024,4.753995607678672
0.195,17,sbps,-1.1602216482478411,4.753995607678672
0.195,17,prculs-d,-0.320254933014504,4.753995607678672
0.195,17,prcus-p,-0.0,4.753995607678672
0.195,17,prcus-i,0.0,4.753995607678672
0.195,17,prcus-a,-0.26830140709127437,4.753995607678672
0.195,17,ifrms,0.0,4.753995607678672
0.195,17,sspls-v,0.15119637426822932,4.753995607678672
0.195,18,mcgs,0.43925381756011034,5.25510462837117
0.195,18,pos,-0.4422881298226139,5.25510462837117
0.195,18,sbps,-1.6843053709358173,5.25510462837117
0.195,18,prculs-d,-0.7990158364848133,5.25510462837117
0.195,18,prcus-p,0.09881124547018458,5.25510462837117
0.195,18,prcus-i,-0.11069984971630166,5.25510462837117
0.195,18,prcus-a,-0.7948827262389399,5.25510462837117
0.195,18,ifrms,0.34783783487389763,5.25510462837117
0.195,18,sspls-v,0.1412958408603793,5.25510462837117
0.195,19,mcgs,0.591256121420511,5.130449918257019
0.195,19,pos,-0.26885557606382093,5.130449918257019
0.195,19,sbps,-1.4459063880279093,5.130449918257019
0.195,19,prculs-d,-0.8986621188753668,5.130449918257019
0.195,19,prcus-p,0.4237520859697957,5.130449918257019
0.195,19,prcus-i,-0.0,5.130449918257019
0.195,19,prcus-a,-0.7816707405116318,5.130449918257019
0.195,19,ifrms,0.05702167696147024,5.130449918257019
0.195,19,sspls-v,0.17214570969593398,5.130449918257019
0.195,20,mcgs,0.4316895234310241,5.006169187870675
0.195,20,pos,-0.2661223995785363,5.006169187870675
0.195,20,sbps,-1.3415881010718613,5.006169187870675
0.195,20,prculs-d,-0.9325925188236219,5.006169187870675
0.195,20,prcus-p,0.2905189415563828,5.006169187870675
0.195,20,prcus-i,-0.0,5.006169187870675
0.195,20,prcus-a,-0.5853788443950331,5.006169187870675
0.195,20,ifrms,-0.5111259480158138,5.006169187870675
0.195,20,sspls-v,0.0,5.006169187870675
0.195,21,mcgs,0.5530206471227183,4.97430439320536
0.195,21,pos,-0.14261302742078735,4.97430439320536
0.195,21,sbps,-1.5080868183195806,4.97430439320536
0.195,21,prculs-d,-0.8240899024225004,4.97430439320536
0.195,21,prcus-p,0.1803289312727006,4.97430439320536
0.195,21,prcus-i,-0.0,4.97430439320536
0.195,21,prcus-a,-0.6522969209912886,4.97430439320536
0.195,21,ifrms,0.16850724720178928,4.97430439320536
0.195,21,sspls-v,0.0,4.97430439320536
0.195,22,mcgs,0.4643139243057791,5.342845005085545
0.195,22,pos,-0.3154219098216402,5.342845005085545
0.195,22,sbps,-1.6371677994459408,5.342845005085545
0.195,22,prculs-d,-0.7600670082305455,5.342845005085545
0.195,22,prcus-p,0.13352934157953225,5.342845005085545
0.195,22,prcus-i,-0.0,5.342845005085545
0.195,22,prcus-a,-0.7054495565483193,5.342845005085545
0.195,22,ifrms,0.18784142166152495,5.342845005085545
0.195,22,sspls-v,0.17335996655219177,5.342845005085545
0.195,23,mcgs,0.7178602974360442,5.316235878146551
0.195,23,pos,-0.18991824223305506,5.316235878146551
0.195,23,sbps,-1.7349365028937276,5.316235878146551
0.195,23,prculs-d,-0.8624115307965677,5.316235878146551
0.195,23,prcus-p,0.2220426072454286,5.316235878146551
0.195,23,prcus-i,-0.1257035421635637,5.316235878146551
0.195,23,prcus-a,-0.8052922289570357,5.316235878146551
0.195,23,ifrms,0.3478853137245777,5.316235878146551
0.195,23,sspls-v,0.3167322237328707,5.316235878146551
0.195,24,mcgs,0.7283654844947356,5.015095434046058
0.195,24,pos,-0.016466816833034567,5.015095434046058
0.195,24,sbps,-1.6722226279219374,5.015095434046058
0.195,24,prculs-d,-1.020636102891705,5.015095434046058
0.195,24,prcus-p,0.20502085373819368,5.015095434046058
0.195,24,prcus-i,0.0,5.015095434046058
0.195,24,prcus-a,-0.5339575165182159,5.015095434046058
0.195,24,ifrms,0.14930327613680763,5.015095434046058
0.195,24,sspls-v,0.39475894997620725,5.015095434046058
0.195,25,mcgs,0.5002988773213919,5.268423689905015
0.195,25,pos,-0.20027531279535585,5.268423689905015
0.195,25,sbps,-1.7440189640272958,5.268423689905015
0.195,25,prculs-d,-0.8312386558993834,5.268423689905015
0.195,25,prcus-p,0.0412595438814011,5.268423689905015
0.195,25,prcus-i,-0.429790990737319,5.268423689905015
0.195,25,prcus-a,-0.9227440069239906,5.268423689905015
0.195,25,ifrms,0.45057497693993864,5.268423689905015
0.195,25,sspls-v,0.5300685198603842,5.268423689905015
0.195,26,mcgs,0.2076550006647856,4.787701485871256
0.195,26,pos,0.0,4.787701485871256
0.195,26,sbps,-1.6441053812170598,4.787701485871256
0.195,26,prculs-d,-0.503527181235086,4.787701485871256
0.195,26,prcus-p,0.0,4.787701485871256
0.195,26,prcus-i,-0.0,4.787701485871256
0.195,26,prcus-a,-0.5413068257746718,4.787701485871256
0.195,26,ifrms,0.4790346803065792,4.787701485871256
0.195,26,sspls-v,0.23725612869574564,4.787701485871256
0.195,27,mcgs,0.4887223545610972,5.321810428375745
0.195,27,pos,-0.3112080938743217,5.321810428375745
0.195,27,sbps,-1.6077618733295078,5.321810428375745
0.195,27,prculs-d,-0.7955548307636172,5.321810428375745
0.195,27,prcus-p,0.13782199708143,5.321810428375745
0.195,27,prcus-i,-0.0,5.321810428375745
0.195,27,prcus-a,-0.7151022158540973,5.321810428375745
0.195,27,ifrms,0.17581282308540075,5.321810428375745
0.195,27,sspls-v,0.1592767780328494,5.321810428375745
0.195,28,mcgs,0.4394455118318075,5.372201387655773
0.195,28,pos,-0.26508747171126296,5.372201387655773
0.195,28,sbps,-1.5960741077559941,5.372201387655773
0.195,28,prculs-d,-0.774350450009588,5.372201387655773
0.195,28,prcus-p,0.11968551800479021,5.372201387655773
0.195,28,prcus-i,-0.0,5.372201387655773
0.195,28,prcus-a,-0.7096413004116822,5.372201387655773
0.195,28,ifrms,0.22237948257506543,5.372201387655773
0.195,28,sspls-v,0.21338568168456104,5.372201387655773
0.195,29,mcgs,0.8630331579462014,5.086398672653292
0.195,29,pos,-0.0,5.086398672653292
0.195,29,sbps,-0.839837141842105,5.086398672653292
0.195,29,prculs-d,-0.7681229178768418,5.086398672653292
0.195,29,prcus-p,0.20750019373217016,5.086398672653292
0.195,29,prcus-i,-0.4742985174953536,5.086398672653292
0.195,29,prcus-a,-0.4214801280429387,5.086398672653292
0.195,29,ifrms,0.2640255233751692,5.086398672653292
0.195,29,sspls-v,0.39914315358435887,5.086398672653292
0.208,0,mcgs,0.3777407809441174,5.316630813242664
0.208,0,pos,-0.38222587366957106,5.316630813242664
0.208,0,sbps,-1.4885627457066728,5.316630813242664
0.208,0,prculs-d,-0.6841072574817857,5.316630813242664
0.208,0,prcus-p,0.0934735576459899,5.316630813242664
0.208,0,prcus-i,-0.06589003964250353,5.316630813242664
0.208,0,prcus-a,-0.6702844208574877,5.316630813242664
0.208,0,ifrms,0.16310006727679408,5.316630813242664
0.208,0,sspls-v,0.13096702973190233,5.316630813242664
0.208,1,mcgs,0.4776284966616735,5.398533390219519
0.208,1,pos,-0.3365953616304098,5.398533390219519
0.208,1,sbps,-1.577094257494502,5.398533390219519
0.208,1,prculs-d,-0.7944448804452641,5.398533390219519
0.208,1,prcus-p,0.18820742791297118,5.398533390219519
0.208,1,prcus-i,-0.10339087670469994,5.398533390219519
0.208,1,prcus-a,-0.7183135204800595,5.398533390219519
0.208,1,ifrms,0.09976847631283696,5.398533390219519
0.208,1,sspls-v,0.4317053988685498,5.398533390219519
0.208,2,mcgs,0.3309678931885046,4.927390053819035
0.208,2,pos,-0.29975091148050764,4.927390053819035
0.208,2,sbps,-1.84528708772637,4.927390053819035
0.208,2,prculs-d,-0.4835087653625851,4.927390053819035
0.208,2,prcus-p,0.22689544676691292,4.927390053819035
0.208,2,prcus-i,0.0,4.927390053819035
0.208,2,prcus-a,-1.0076471266748088,4.927390053819035
0.208,2,ifrms,0.4759349979687017,4.927390053819035
0.208,2,sspls-v,0.0,4.927390053819035
0.208,3,mcgs,0.0,4.514812696942498
0.208,3,pos,-0.0,4.514812696942498
0.208,3,sbps,-2.009097984301705,4.514812696942498
0.208,3,prculs-d,-1.2232735037884377,4.514812696942498
0.208,3,prcus-p,-0.2659843426870498,4.514812696942498
0.208,3,prcus-i,-0.8283125550201266,4.514812696942498
0.208,3,prcus-a,-1.0513895218939018,4.514812696942498
0.208,3,ifrms,0.0,4.514812696942498
0.208,3,sspls-v,0.5554493027087742,4.514812696942498
0.208,4,mcgs,0.41841629129430935,5.146490831115068
0.208,4,pos,-0.18518395597397727,5.146490831115068
0.208,4,sbps,-1.7223013449798747,5.146490831115068
0.208,4,prculs-d,-0.13700020627131973,5.146490831115068
0.208,4,prcus-p,0.0,5.146490831115068
0.208,4,prcus-i,-0.20772026940906876,5.146490831115068
0.208,4,prcus-a,-0.7725469341591126,5.146490831115068
0.208,4,ifrms,0.08030164104149004,5.146490831115068
0.208,4,sspls-v,0.3061208618343193,5.146490831115068
0.208,5,mcgs,0.7306276037106622,4.981936574568177
0.208,5,pos,-0.8894540004155057,4.981936574568177
0.208,5,sbps,-1.8889114196912913,4.981936574568177
0.208,5,prculs-d,-0.3671532190765782,4.981936574568177
0.208,5,prcus-p,0.06984940741490936,4.981936574568177
0.208,5,prcus-i,0.0,4.981936574568177
0.208,5,prcus-a,-0.9651109393888829,4.981936574568177
0.208,5,ifrms,0.5051235396212767,4.981936574568177
0.208,5,sspls-v,0.41899040783020414,4.981936574568177
0.208,6,mcgs,0.09824037596995785,4.980365519153415
0.208,6,pos,-0.4477278054664402,4.980365519153415
0.208,6,sbps,-0.9251479419245868,4.980365519153415
0.208,6,prculs-d,-0.8817034101569059,4.980365519153415
0.208,6,prcus-p,0.023191058806247396,4.980365519153415
0.208,6,prcus-i,-0.0,4.980365519153415
0.208,6,prcus-a,-0.69205276742793,4.980365519153415
0.208,6,ifrms,0.024424516251594607,4.980365519153415
0.208,6,sspls-v,0.5499726401990381,4.980365519153415
0.208,7,mcgs,0.5658538521625784,5.13377089144905
0.208,7,pos,-0.48402396705137946,5.13377089144905
0.208,7,sbps,-1.7635446000495425,5.13377089144905
0.208,7,prculs-d,-0.8848455223935454,5.13377089144905
0.208,7,prcus-p,0.0,5.13377089144905
0.208,7,prcus-i,-0.0,5.13377089144905
0.208,7,prcus-a,-0.40700087847825783,5.13377089144905
0.208,7,ifrms,0.17726846902550927,5.13377089144905
0.208,7,sspls-v,0.3753178306915892,5.13377089144905
0.208,8,mcgs,0.46461210473743747,5.170244873313762
0.208,8,pos,-0.11548196782677975,5.170244873313762
0.208,8,sbps,-1.7992782780793228,5.170244873313762
0.208,8,prculs-d,-0.9541992621525277,5.170244873313762
0.208,8,prcus-p,0.3422182485908649,5.170244873313762
0.208,8,prcus-i,-0.06321800849496595,5.170244873313762
0.208,8,prcus-a,-0.7835797458159802,5.170244873313762
0.208,8,ifrms,0.23915304546743382,5.170244873313762
0.208,8,sspls-v,0.1308921704658337,5.170244873313762
0.208,9,mcgs,0.46959607133835796,5.318390724887628
0.208,9,pos,-0.33003928661277193,5.318390724887628
0.208,9,sbps,-1.6013361921792388,5.318390724887628
0.208,9,prculs-d,-0.7361822216008119,5.318390724887628
0.208,9,prcus-p,0.14335865162257963,5.318390724887628
0.208,9,prcus-i,-0.0,5.318390724887628
0.208,9,prcus-a,-0.6672623665008272,5.318390724887628
0.208,9,ifrms,0.11856000057990329,5.318390724887628
0.208,9,sspls-v,0.16021271160512782,5.318390724887628
0.208,10,mcgs,0.775217345652168,4.86982163157917
0.208,10,pos,-0.32124422920150064,4.86982163157917
0.208,10,sbps,-1.3873568749979162,4.86982163157917
0.208,10,prculs-d,-0.9183817253082525,4.86982163157917
0.208,10,prcus-p,0.0,4.86982163157917
0.208,10,prcus-i,-0.0,4.86982163157917
0.208,10,prcus-a,-0.7633143530709694,4.86982163157917
0.208,10,ifrms,0.01848349177309589,4.86982163157917
0.208,10,sspls-v,-0.0,4.86982163157917
0.208,11,mcgs,0.15736294609001825,5.179320974372347
0.208,11,pos,-0.26849750428308,5.179320974372347
0.208,11,sbps,-1.6829274918083394,5.179320974372347
0.208,11,prculs-d,-0.9292652930305919,5.179320974372347
0.208,11,prcus-p,0.4352769471878757,5.179320974372347
0.208,11,prcus-i,-0.022728210056469002,5.179320974372347
0.208,11,prcus-a,-0.7235905633549059,5.179320974372347
0.208,11,ifrms,0.0234783007334328,5.179320974372347
0.208,11,sspls-v,0.04384174859541115,5.179320974372347
0.208,12,mcgs,0.43294713418421304,5.276888561666527
0.208,12,pos,-0.3103216105794929,5.276888561666527
0.208,12,sbps,-1.6429922135408819,5.276888561666527
0.208,12,prculs-d,-0.7109927211961693,5.276888561666527
0.208,12,prcus-p,0.11117445725360844,5.276888561666527
0.208,12,prcus-i,-0.0,5.276888561666527
0.208,12,prcus-a,-0.6723804904653098,5.276888561666527
0.208,12,ifrms,0.12524996608358008,5.276888561666527
0.208,12,sspls-v,0.22419380864534927,5.276888561666527
0.208,13,mcgs,0.5005136150095303,4.848043235517379
0.208,13,pos,-0.4861986873773075,4.848043235517379
0.208,13,sbps,-1.4923567159409685,4.848043235517379
0.208,13,prculs-d,-0.7215902632510636,4.848043235517379
0.208,13,prcus-p,0.09132415237323385,4.848043235517379
0.208,13,prcus-i,-0.0,4.848043235517379
0.208,13,prcus-a,0.0,4.848043235517379
0.208,13,ifrms,0.36629091462733315,4.848043235517379
0.208,13,sspls-v,0.0,4.848043235517379
0.208,14,mcgs,0.4456878834058502,5.395086376977149
0.208,14,pos,-0.30738556638490416,5.395086376977149
0.208,14,sbps,-1.6207211429843227,5.395086376977149
0.208,14,prculs-d,-0.7361839835113405,5.395086376977149
0.208,14,prcus-p,0.154554923445849,5.395086376977149
0.208,14,prcus-i,-0.0,5.395086376977149
0.208,14,prcus-a,-0.6753032735168195,5.395086376977149
0.208,14,ifrms,0.14294325453651427,5.395086376977149
0.208,14,sspls-v,0.15763899584930743,5.395086376977149
0.208,15,mcgs,0.3729410370735274,4.967616806741633
0.208,15,pos,-0.2927874949940455,4.967616806741633
0.208,15,sbps,-1.8238049998695347,4.967616806741633
0.208,15,prculs-d,-0.6496336685986266,4.967616806741633
0.208,15,prcus-p,0.0,4.967616806741633
0.208,15,prcus-i,0.0,4.967616806741633
0.208,15,prcus-a,-0.9484829267580468,4.967616806741633
0.208,15,ifrms,0.29697489923800646,4.967616806741633
0.208,15,sspls-v,0.07663266597428287,4.967616806741633
0.208,16,mcgs,0.42225488359877705,5.354378988557885
0.208,16,pos,-0.18878330066666013,5.354378988557885
0.208,16,sbps,-1.6909298095641265,5.354378988557885
0.208,16,prculs-d,-0.8442037280176021,5.354378988557885
0.208,16,prcus-p,0.3347260212718713,5.354378988557885
0.208,16,prcus-i,-0.0,5.354378988557885
0.208,16,prcus-a,-0.7319831288589147,5.354378988557885
0.208,16,ifrms,0.09475111933024645,5.354378988557885
0.208,16,sspls-v,0.259362560935858,5.354378988557885
0.208,17,mcgs,0.2719054387660992,4.729398266005132
0.208,17,pos,-0.9673729713137954,4.729398266005132
0.208,17,sbps,-1.1355396612599602,4.729398266005132
0.208,17,prculs-d,-0.30572171937548726,4.729398266005132
0.208,17,prcus-p,-0.0,4.729398266005132
0.208,17,prcus-i,0.0,4.729398266005132
0.208,17,prcus-a,-0.2526000541746259,4.729398266005132
0.208,17,ifrms,0.0,4.729398266005132
0.208,17,sspls-v,0.13347512118803745,4.729398266005132
0.208,18,mcgs,0.4237010105532233,5.234550305607411
0.208,18,pos,-0.4454119362161716,5.234550305607411
0.208,18,sbps,-1.6547173164732114,5.234550305607411
0.208,18,prculs-d,-0.7795386545257147,5.234550305607411
0.208,18,prcus-p,0.08740578318553341,5.234550305607411
0.208,18,prcus-i,-0.08470535282405572,5.234550305607411
0.208,18,prcus-a,-0.7691283409035962,5.234550305607411
0.208,18,ifrms,0.31427630515392685,5.234550305607411
0.208,18,sspls-v,0.11000103557188069,5.234550305607411
0.208,19,mcgs,0.5771192263521804,5.104472515143912
0.208,19,pos,-0.2719339774833117,5.104472515143912
0.208,19,sbps,-1.4104672959099485,5.104472515143912
0.208,19,prculs-d,-0.8801730142967145,5.104472515143912
0.208,19,prcus-p,0.4074763000308181,5.104472515143912
0.208,19,prcus-i,-0.0,5.104472515143912
0.208,19,prcus-a,-0.7583620154251149,5.104472515143912
0.208,19,ifrms,0.03153774787951493,5.104472515143912
0.208,19,sspls-v,0.14820606026348107,5.104472515143912
0.208,20,mcgs,0.4212231718513429,4.982053229885772
0.208,20,pos,-0.2658977384468705,4.982053229885772
0.208,20,sbps,-1.328214808122619,4.982053229885772
0.208,20,prculs-d,-0.9089663546398461,4.982053229885772
0.208,20,prcus-p,0.26853721272721437,4.982053229885772
0.208,20,prcus-i,-0.0,4.982053229885772
0.208,20,prcus-a,-0.5708688554925866,4.982053229885772
0.208,20,ifrms,-0.5001121420356585,4.982053229885772
0.208,20,sspls-v,0.0,4.982053229885772
0.208,21,mcgs,0.5385773504262047,4.942951351942503
0.208,21,pos,-0.14106799007316664,4.942951351942503
0.208,21,sbps,-1.481420016008772,4.942951351942503
0.208,21,prculs-d,-0.8057825119586842,4.942951351942503
0.208,21,prcus-p,0.16796966004359995,4.942951351942503
0.208,21,prcus-i,-0.0,4.942951351942503
0.208,21,prcus-a,-0.627197114146848,4.942951351942503
0.208,21,ifrms,0.1449346918248141,4.942951351942503
0.208,21,sspls-v,0.0,4.942951351942503
0.208,22,mcgs,0.4503764869602751,5.308864465041719
0.208,22,pos,-0.3184301717305034,5.308864465041719
0.208,22,sbps,-1.6017512728026286,5.308864465041719
0.208,22,prculs-d,-0.7420702007632397,5.308864465041719
0.208,22,prcus-p,0.11727410551190923,5.308864465041719
0.208,22,prcus-i,-0.0,5.308864465041719
0.208,22,prcus-a,-0.6848426903118988,5.308864465041719
0.208,22,ifrms,0.16234386074288787,5.308864465041719
0.208,22,sspls-v,0.1492631365082678,5.308864465041719
0.208,23,mcgs,0.6910158086377394,5.2987858855857555
0.208,23,pos,-0.20320776336853874,5.2987858855857555
0.208,23,sbps,-1.702103387271714,5.2987858855857555
0.208,23,prculs-d,-0.8410391950718261,5.2987858855857555
0.208,23,prcus-p,0.20635533724860683,5.2987858855857555
0.208,23,prcus-i,-0.09636285549371763,5.2987858855857555
0.208,23,prcus-a,-0.7779204138945996,5.2987858855857555
0.208,23,ifrms,0.3107110131351116,5.2987858855857555
0.208,23,sspls-v,0.2770629223036606,5.2987858855857555
0.208,24,mcgs,0.7131915738309165,4.992901485617098
0.208,24,pos,-0.021864801512591136,4.992901485617098
0.208,24,sbps,-1.6353388065046448,4.992901485617098
0.208,24,prculs-d,-1.0008046211289356,4.992901485617098
0.208,24,prcus-p,0.1881560891837384,4.992901485617098
0.208,24,prcus-i,0.0,4.992901485617098
0.208,24,prcus-a,-0.5118512501117919,4.992901485617098
0.208,24,ifrms,0.12368348781875936,4.992901485617098
0.208,24,sspls-v,0.36943217649520693,4.992901485617098
0.208,25,mcgs,0.48283838958556724,5.250155275121187
0.208,25,pos,-0.20962718330646887,5.250155275121187
0.208,25,sbps,-1.7138612068547454,5.250155275121187
0.208,25,prculs-d,-0.8120033148191323,5.250155275121187
0.208,25,prcus-p,0.03053590983654097,5.250155275121187
0.208,25,prcus-i,-0.400826495364638,5.250155275121187
0.208,25,prcus-a,-0.8968302105124996,5.250155275121187
0.208,25,ifrms,0.41712853544936557,5.250155275121187
0.208,25,sspls-v,0.49215458298022763,5.250155275121187
0.208,26,mcgs,0.19119900496038805,4.742669227776956
0.208,26,pos,0.0,4.742669227776956
0.208,26,sbps,-1.607625831907783,4.742669227776956
0.208,26,prculs-d,-0.48966144631802844,4.742669227776956
0.208,26,prcus-p,0.0,4.742669227776956
0.208,26,prcus-i,-0.0,4.742669227776956
0.208,26,prcus-a,-0.517326253035722,4.742669227776956
0.208,26,ifrms,0.45123432167069527,4.742669227776956
0.208,26,sspls-v,0.21501659704009524,4.742669227776956
0.208,27,mcgs,0.47594510056192607,5.292475442197419
0.208,27,pos,-0.3139460580591901,5.292475442197419
0.208,27,sbps,-1.5709861746559237,5.292475442197419
0.208,27,prculs-d,-0.778061149543206,5.292475442197419
0.208,27,prcus-p,0.12168241813690338,5.292475442197419
0.208,27,prcus-i,-0.0,5.292475442197419
0.208,27,prcus-a,-0.6920118078108939,5.292475442197419
0.208,27,ifrms,0.14997448122561885,5.292475442197419
0.208,27,sspls-v,0.13482103018817895,5.292475442197419
0.208,28,mcgs,0.42581854988701756,5.336688491056675
0.208,28,pos,-0.26729055058663176,5.336688491056675
0.208,28,sbps,-1.5610032296181364,5.336688491056675
0.208,28,prculs-d,-0.7557073632211484,5.336688491056675
0.208,28,prcus-p,0.10294467736842779,5.336688491056675
0.208,28,prcus-i,-0.0,5.336688491056675
0.208,28,prcus-a,-0.6861565259334792,5.336688491056675
0.208,28,ifrms,0.19983095753666696,5.336688491056675
0.208,28,sspls-v,0.19112956360499558,5.336688491056675
0.208,29,mcgs,0.8479821284726705,5.062466749282013
0.208,29,pos,-0.0,5.062466749282013
0.208,29,sbps,-0.8123095231527362,5.062466749282013
0.208,29,prculs-d,-0.7521748047395023,5.062466749282013
0.208,29,prcus-p,0.1984089235298266,5.062466749282013
0.208,29,prcus-i,-0.4540199387602942,5.062466749282013
0.208,29,prcus-a,-0.3987021744862595,5.062466749282013
0.208,29,ifrms,0.23580570875464957,5.062466749282013
0.208,29,sspls-v,0.36925069817343015,5.062466749282013
0.223,0,mcgs,0.35680294614610675,5.279834121591194
0.223,0,pos,-0.392605480345446,5.279834121591194
0.223,0,sbps,-1.452430533388575,5.279834121591194
0.223,0,prculs-d,-0.6605348427232756,5.279834121591194
0.223,0,prcus-p,0.07828646276830158,5.279834121591194
0.223,0,prcus-i,-0.04474123066713471,5.279834121591194
0.223,0,prcus-a,-0.6431124705794273,5.279834121591194
0.223,0,ifrms,0.13044731061603304,5.279834121591194
0.223,0,sspls-v,0.09326046246890417,5.279834121591194
0.223,1,mcgs,0.457360785068917,5.370740971486097
0.223,1,pos,-0.34485657238738093,5.370740971486097
0.223,1,sbps,-1.545934991020291,5.370740971486097
0.223,1,prculs-d,-0.7723140051737608,5.370740971486097
0.223,1,prcus-p,0.17310440109845124,5.370740971486097
0.223,1,prcus-i,-0.07493042644276804,5.370740971486097
0.223,1,prcus-a,-0.6918070933788543,5.370740971486097
0.223,1,ifrms,0.06723491562951109,5.370740971486097
0.223,1,sspls-v,0.39263530690401655,5.370740971486097
0.223,2,mcgs,0.3146349119205361,4.896381687282902
0.223,2,pos,-0.2982394126527625,4.896381687282902
0.223,2,sbps,-1.813686338872539,4.896381687282902
0.223,2,prculs-d,-0.4638891459234263,4.896381687282902
0.223,2,prcus-p,0.2124584823312032,4.896381687282902
0.223,2,prcus-i,0.0,4.896381687282902
0.223,2,prcus-a,-0.9778076590764176,4.896381687282902
0.223,2,ifrms,0.4477971595858372,4.896381687282902
0.223,2,sspls-v,0.0,4.896381687282902
0.223,3,mcgs,0.0,4.489157491703663
0.223,3,pos,-0.0,4.489157491703663
0.223,3,sbps,-1.9870809236441387,4.489157491703663
0.223,3,prculs-d,-1.2124954086103892,4.489157491703663
0.223,3,prcus-p,-0.2451667834995766,4.489157491703663
0.223,3,prcus-i,-0.7947575548458278,4.489157491703663
0.223,3,prcus-a,-1.0311814640555215,4.489157491703663
0.223,3,ifrms,0.0,4.489157491703663
0.223,3,sspls-v,0.5222559680303118,4.489157491703663
0.223,4,mcgs,0.3985322442895625,5.11418276966695
0.223,4,pos,-0.18731749080007135,5.11418276966695
0.223,4,sbps,-1.6912956278159939,5.11418276966695
0.223,4,prculs-d,-0.12447172357259183,5.11418276966695
0.223,4,prcus-p,0.0,5.11418276966695
0.223,4,prcus-i,-0.18122721765171332,5.11418276966695
0.223,4,prcus-a,-0.746440373045125,5.11418276966695
0.223,4,ifrms,0.044037842947664954,5.11418276966695
0.223,4,sspls-v,0.2702412751388941,5.11418276966695
0.223,5,mcgs,0.7118029358712297,4.958074918050564
0.223,5,pos,-0.8857208046006897,4.958074918050564
0.223,5,sbps,-1.8425637681493048,4.958074918050564
0.223,5,prculs-d,-0.3519723528723192,4.958074918050564
0.223,5,prcus-p,0.052076985637748104,4.958074918050564
0.223,5,prcus-i,0.0,4.958074918050564
0.223,5,prcus-a,-0.934259687606194,4.958074918050564
0.223,5,ifrms,0.47053043969074154,4.958074918050564
0.223,5,sspls-v,0.387829429383735,4.958074918050564
0.223,6,mcgs,0.08207599955534083,4.944468130796483
0.223,6,pos,-0.45120268187302764,4.944468130796483
0.223,6,sbps,-0.8925304463284597,4.944468130796483
0.223,6,prculs-d,-0.8618844775537678,4.944468130796483
0.223,6,prcus-p,0.003725250070160121,4.944468130796483
0.223,6,prcus-i,-0.0,4.944468130796483
0.223,6,prcus-a,-0.6684135390539152,4.944468130796483
0.223,6,ifrms,0.0,4.944468130796483
0.223,6,sspls-v,0.5323227867428814,4.944468130796483
0.223,7,mcgs,0.5459707181405956,5.103506882330433
0.223,7,pos,-0.4775499433360694,5.103506882330433
0.223,7,sbps,-1.7199763701731825,5.103506882330433
0.223,7,prculs-d,-0.8672033820099342,5.103506882330433
0.223,7,prcus-p,0.0,5.103506882330433
0.223,7,prcus-i,-0.0,5.103506882330433
0.223,7,prcus-a,-0.38857484090094313,5.103506882330433
0.223,7,ifrms,0.14408545899572725,5.103506882330433
0.223,7,sspls-v,0.3453852255418209,5.103506882330433
0.223,8,mcgs,0.44466732411017745,5.14307041727677
0.223,8,pos,-0.1272641256966408,5.14307041727677
0.223,8,sbps,-1.7644370723126497,5.14307041727677
0.223,8,prculs-d,-0.9299885332927978,5.14307041727677
0.223,8,prcus-p,0.3251430423097064,5.14307041727677
0.223,8,prcus-i,-0.03654090725190245,5.14307041727677
0.223,8,prcus-a,-0.7559136326478051,5.14307041727677
0.223,8,ifrms,0.20406515193903763,5.14307041727677
0.223,8,sspls-v,0.09465263852878376,5.14307041727677
0.223,9,mcgs,0.4548088454411803,5.283881463442515
0.223,9,pos,-0.3338438642555555,5.283881463442515
0.223,9,sbps,-1.5581203768104004,5.283881463442515
0.223,9,prculs-d,-0.7156916106808173,5.283881463442515
0.223,9,prcus-p,0.12640141302876295,5.283881463442515
0.223,9,prcus-i,-0.0,5.283881463442515
0.223,9,prcus-a,-0.6392316146922762,5.283881463442515
0.223,9,ifrms,0.08800085806233346,5.283881463442515
0.223,9,sspls-v,0.13267786253835664,5.283881463442515
0.223,10,mcgs,0.758027557075578,4.842037204574872
0.223,10,pos,-0.3133323844463395,4.842037204574872
0.223,10,sbps,-1.3611687296550743,4.842037204574872
0.223,10,prculs-d,-0.9017486203623061,4.842037204574872
0.223,10,prcus-p,0.0,4.842037204574872
0.223,10,prcus-i,-0.0,4.842037204574872
0.223,10,prcus-a,-0.738368463937275,4.842037204574872
0.223,10,ifrms,0.0,4.842037204574872
0.223,10,sspls-v,-0.0,4.842037204574872
0.223,11,mcgs,0.14353461881244362,5.143106196676379
0.223,11,pos,-0.2762059814269138,5.143106196676379
0.223,11,sbps,-1.6519754091652323,5.143106196676379
0.223,11,prculs-d,-0.9070326229799188,5.143106196676379
0.223,11,prcus-p,0.4177292772314663,5.143106196676379
0.223,11,prcus-i,-0.000954798659395659,5.143106196676379
0.223,11,prcus-a,-0.6992202736561798,5.143106196676379
0.223,11,ifrms,0.0,5.143106196676379
0.223,11,sspls-v,0.010654000050504694,5.143106196676379
0.223,12,mcgs,0.41674221880308504,5.239869291577993
0.223,12,pos,-0.31371973634620887,5.239869291577993
0.223,12,sbps,-1.6032371028651144,5.239869291577993
0.223,12,prculs-d,-0.6900505635252517,5.239869291577993
0.223,12,prcus-p,0.0924344425700266,5.239869291577993
0.223,12,prcus-i,-0.0,5.239869291577993
0.223,12,prcus-a,-0.6457250932438312,5.239869291577993
0.223,12,ifrms,0.09691865988920095,5.239869291577993
0.223,12,sspls-v,0.1977664158890912,5.239869291577993
0.223,13,mcgs,0.48087304012236554,4.812960134429817
0.223,13,pos,-0.4822391834765436,4.812960134429817
0.223,13,sbps,-1.4738564349901628,4.812960134429817
0.223,13,prculs-d,-0.6982884712677327,4.812960134429817
0.223,13,prcus-p,0.07720204115792625,4.812960134429817
0.223,13,prcus-i,-0.0,4.812960134429817
0.223,13,prcus-a,0.0,4.812960134429817
0.223,13,ifrms,0.3468508543845345,4.812960134429817
0.223,13,sspls-v,0.0,4.812960134429817
0.223,14,mcgs,0.42812595953376487,5.357389643813186
0.223,14,pos,-0.31004250084546153,5.357389643813186
0.223,14,sbps,-1.5783937918912962,5.357389643813186
0.223,14,prculs-d,-0.716215185014079,5.357389643813186
0.223,14,prcus-p,0.14226868588079913,5.357389643813186
0.223,14,prcus-i,-0.0,5.357389643813186
0.223,14,prcus-a,-0.647896860323816,5.357389643813186
0.223,14,ifrms,0.1127930796058814,5.357389643813186
0.223,14,sspls-v,0.13022520951722277,5.357389643813186
0.223,15,mcgs,0.35600300405095886,4.940445651273126
0.223,15,pos,-0.28939618561596514,4.940445651273126
0.223,15,sbps,-1.7808383417592946,4.940445651273126
0.223,15,prculs-d,-0.6359573185095533,4.940445651273126
0.223,15,prcus-p,0.0,4.940445651273126
0.223,15,prcus-i,0.0,4.940445651273126
0.223,15,prcus-a,-0.9199871132474707,4.940445651273126
0.223,15,ifrms,0.26238721357406125,4.940445651273126
0.223,15,sspls-v,0.05221165975968947,4.940445651273126
0.223,16,mcgs,0.4085890814357173,5.3218862177843524
0.223,16,pos,-0.20057528558179127,5.3218862177843524
0.223,16,sbps,-1.6434746392476869,5.3218862177843524
0.223,16,prculs-d,-0.8184793293646728,5.3218862177843524
0.223,16,prcus-p,0.3044054532879821,5.3218862177843524
0.223,16,prcus-i,-0.0,5.3218862177843524
0.223,16,prcus-a,-0.7018762630188496,5.3218862177843524
0.223,16,ifrms,0.06844783691511702,5.3218862177843524
0.223,16,sspls-v,0.22498712921599026,5.3218862177843524
0.223,17,mcgs,0.2570373019027414,4.701511690516212
0.223,17,pos,-0.9623418408805946,4.701511690516212
0.223,17,sbps,-1.1070604455047133,4.701511690516212
0.223,17,prculs-d,-0.2889526267150838,4.701511690516212
0.223,17,prcus-p,-0.0,4.701511690516212
0.223,17,prcus-i,0.0,4.701511690516212
0.223,17,prcus-a,-0.23448310850157011,4.701511690516212
0.223,17,ifrms,0.0,4.701511690516212
0.223,17,sspls-v,0.11302752148012338,4.701511690516212
0.223,18,mcgs,0.4057550814045852,5.209685067375904
0.223,18,pos,-0.4490164639360847,5.209685067375904
0.223,18,sbps,-1.620577992403767,5.209685067375904
0.223,18,prculs-d,-0.757064958184014,5.209685067375904
0.223,18,prcus-p,0.07424597622456384,5.209685067375904
0.223,18,prcus-i,-0.05471105469223568,5.209685067375904
0.223,18,prcus-a,-0.7394120036567553,5.209685067375904
0.223,18,ifrms,0.27555145373868134,5.209685067375904
0.223,18,sspls-v,0.07389155507752972,5.209685067375904
0.223,19,mcgs,0.5608028410131735,5.076279288112251
0.223,19,pos,-0.2754892535451518,5.076279288112251
0.223,19,sbps,-1.369579610706715,5.076279288112251
0.223,19,prculs-d,-0.8588355725581144,5.076279288112251
0.223,19,prcus-p,0.38869494691305284,5.076279288112251
0.223,19,prcus-i,-0.0,5.076279288112251
0.223,19,prcus-a,-0.7314684730088835,5.076279288112251
0.223,19,ifrms,0.0021339983535908717,5.076279288112251
0.223,19,sspls-v,0.12058405118847121,5.076279288112251
0.223,20,mcgs,0.40914800202400925,4.95510537843295
0.223,20,pos,-0.2656368442978768,4.95510537843295
0.223,20,sbps,-1.3127828025399553,4.95510537843295
0.223,20,prculs-d,-0.8817071865163051,4.95510537843295
0.223,20,prcus-p,0.2431747890156962,4.95510537843295
0.223,20,prcus-i,-0.0,4.95510537843295
0.223,20,prcus-a,-0.554125859551825,4.95510537843295
0.223,20,ifrms,-0.48740452613213464,4.95510537843295
0.223,20,sspls-v,0.0,4.95510537843295
0.223,21,mcgs,0.521912008084074,4.909937384083214
0.223,21,pos,-0.1392852546720645,4.909937384083214
0.223,21,sbps,-1.4506506287270693,4.909937384083214
0.223,21,prculs-d,-0.7846585998850504,4.909937384083214
0.223,21,prcus-p,0.1537089624715608,4.909937384083214
0.223,21,prcus-i,-0.0,4.909937384083214
0.223,21,prcus-a,-0.598235798557109,4.909937384083214
0.223,21,ifrms,0.11773558946676606,4.909937384083214
0.223,21,sspls-v,0.0,4.909937384083214
0.223,22,mcgs,0.4342495179277031,5.270218774405064
0.223,22,pos,-0.3219006217502698,5.270218774405064
0.223,22,sbps,-1.5609537036642205,5.270218774405064
0.223,22,prculs-d,-0.7212819932865697,5.270218774405064
0.223,22,prcus-p,0.09852233818572244,5.270218774405064
0.223,22,prcus-i,-0.0,5.270218774405064
0.223,22,prcus-a,-0.6610829026437957,5.270218774405064
0.223,22,ifrms,0.13293936007773002,5.270218774405064
0.223,22,sspls-v,0.12148451586415435,5.270218774405064
0.223,23,mcgs,0.6600413984858498,5.27330187049185
0.223,23,pos,-0.2185418262171742,5.27330187049185
0.223,23,sbps,-1.6642190230924692,5.27330187049185
0.223,23,prculs-d,-0.8163788076971248,5.27330187049185
0.223,23,prcus-p,0.18825464109842857,5.27330187049185
0.223,23,prcus-i,-0.06250821702851024,5.27330187049185
0.223,23,prcus-a,-0.74633755036102,5.27330187049185
0.223,23,ifrms,0.26781758937803496,5.27330187049185
0.223,23,sspls-v,0.23129065142380317,5.27330187049185
0.223,24,mcgs,0.6956832153726629,4.967265721095923
0.223,24,pos,-0.028093245373619374,4.967265721095923
0.223,24,sbps,-1.5927805510231543,4.967265721095923
0.223,24,prculs-d,-0.9779221421718932,4.967265721095923
0.223,24,prcus-p,0.16869674546705946,4.967265721095923
0.223,24,prcus-i,0.0,4.967265721095923
0.223,24,prcus-a,-0.48634401964284174,4.967265721095923
0.223,24,ifrms,0.09412219360562703,4.967265721095923
0.223,24,sspls-v,0.3402089763248217,4.967265721095923
0.223,25,mcgs,0.46269204359369615,5.227057911341355
0.223,25,pos,-0.22041781739085436,5.227057911341355
0.223,25,sbps,-1.6790630869558147,5.227057911341355
0.223,25,prculs-d,-0.7898086130625629,5.227057911341355
0.223,25,prcus-p,0.018162094085884605,5.227057911341355
0.223,25,prcus-i,-0.3674063549179508,5.227057911341355
0.223,25,prcus-a,-0.8669294639378902,5.227057911341355
0.223,25,ifrms,0.3785364876653656,5.227057911341355
0.223,25,sspls-v,0.44840768707768347,5.227057911341355
0.223,26,mcgs,0.17221224273085148,4.695206690353049
0.223,26,pos,0.0,4.695206690353049
0.223,26,sbps,-1.5655327201149207,4.695206690353049
0.223,26,prculs-d,-0.473663050370296,4.695206690353049
0.223,26,prcus-p,0.0,4.695206690353049
0.223,26,prcus-i,-0.0,4.695206690353049
0.223,26,prcus-a,-0.489656042150973,4.695206690353049
0.223,26,ifrms,0.4191566511071073,4.695206690353049
0.223,26,sspls-v,0.18935510869417035,4.695206690353049
0.223,27,mcgs,0.4612021151782673,5.258037593091213
0.223,27,pos,-0.31710524750326874,5.258037593091213
0.223,27,sbps,-1.5285526761864034,5.258037593091213
0.223,27,prculs-d,-0.7578761327504245,5.258037593091213
0.223,27,prcus-p,0.10305982704706494,5.258037593091213
0.223,27,prcus-i,-0.0,5.258037593091213
0.223,27,prcus-a,-0.6653690292995026,5.258037593091213
0.223,27,ifrms,0.1201610098489478,5.258037593091213
0.223,27,sspls-v,0.10660285959817509,5.258037593091213
0.223,28,mcgs,0.41013985371449935,5.297212750783886
0.223,28,pos,-0.2697707765590768,5.297212750783886
0.223,28,sbps,-1.5205005345024312,5.297212750783886
0.223,28,prculs-d,-0.734255440485116,5.297212750783886
0.223,28,prcus-p,0.08366248023119476,5.297212750783886
0.223,28,prcus-i,-0.0,5.297212750783886
0.223,28,prcus-a,-0.6590438645970994,5.297212750783886
0.223,28,ifrms,0.17380546175392342,5.297212750783886
0.223,28,sspls-v,0.1654500874062982,5.297212750783886
0.223,29,mcgs,0.8306155560032106,5.033110314375811
0.223,29,pos,-0.0,5.033110314375811
0.223,29,sbps,-0.7805468862034652,5.033110314375811
0.223,29,prculs-d,-0.7337731357348786,5.033110314375811
0.223,29,prcus-p,0.18791899637327605,5.033110314375811
0.223,29,prcus-i,-0.4306215786813786,5.033110314375811
0.223,29,prcus-a,-0.3724199203823994,5.033110314375811
0.223,29,ifrms,0.2032443841925121,5.033110314375811
0.223,29,sspls-v,0.33475940346851185,5.033110314375811
0.238,0,mcgs,0.3358653599416714,5.240465905190358
0.238,0,pos,-0.40298514110329675,5.240465905190358
0.238,0,sbps,-1.4162973921046387,5.240465905190358
0.238,0,prculs-d,-0.6369622772303504,5.240465905190358
0.238,0,prcus-p,0.0630989572782649,5.240465905190358
0.238,0,prcus-i,-0.02359301225517212,5.240465905190358
0.238,0,prcus-a,-0.6159402251925816,5.240465905190358
0.238,0,ifrms,0.097794518488013,5.240465905190358
0.238,0,sspls-v,0.05555382927359629,5.240465905190358
0.238,1,mcgs,0.4371233491450526,5.339467962682128
0.238,1,pos,-0.3531509320577945,5.339467962682128
0.238,1,sbps,-1.5147061101414339,5.339467962682128
0.238,1,prculs-d,-0.750167547374555,5.339467962682128
0.238,1,prcus-p,0.15796599308701867,5.339467962682128
0.238,1,prcus-i,-0.04646375696693651,5.339467962682128
0.238,1,prcus-a,-0.6652783981385875,5.339467962682128
0.238,1,ifrms,0.03468848402626308,5.339467962682128
0.238,1,sspls-v,0.3535329882595994,5.339467962682128
0.238,2,mcgs,0.298301930652568,4.868826024151125
0.238,2,pos,-0.296727913825017,4.868826024151125
0.238,2,sbps,-1.782085590018707,4.868826024151125
0.238,2,prculs-d,-0.4442695264842672,4.868826024151125
0.238,2,prcus-p,0.19802151789549416,4.868826024151125
0.238,2,prcus-i,0.0,4.868826024151125
0.238,2,prcus-a,-0.9479681914780276,4.868826024151125
0.238,2,ifrms,0.41965932120297345,4.868826024151125
0.238,2,sspls-v,0.0,4.868826024151125
0.238,3,mcgs,0.0,4.463711910528038
0.238,3,pos,-0.0,4.463711910528038
0.238,3,sbps,-1.9650638629865715,4.463711910528038
0.238,3,prculs-d,-1.2017173134323416,4.463711910528038
0.238,3,prcus-p,-0.22434922431210316,4.463711910528038
0.238,3,prcus-i,-0.7612025546715301,4.463711910528038
0.238,3,prcus-a,-1.0109734062171407,4.463711910528038
0.238,3,ifrms,0.0,4.463711910528038
0.238,3,sspls-v,0.4890626333518499,4.463711910528038
0.238,4,mcgs,0.37865072110247255,5.078563220814291
0.238,4,pos,-0.1894488991776631,5.078563220814291
0.238,4,sbps,-1.6602841743852872,5.078563220814291
0.238,4,prculs-d,-0.11194375735639957,5.078563220814291
0.238,4,prcus-p,0.0,5.078563220814291
0.238,4,prcus-i,-0.1547374401965161,5.078563220814291
0.238,4,prcus-a,-0.7203316417977169,5.078563220814291
0.238,4,ifrms,0.007773186627231649,5.078563220814291
0.238,4,sspls-v,0.23436181011740245,5.078563220814291
0.238,5,mcgs,0.6929783189889341,4.935203915875059
0.238,5,pos,-0.8819875106870732,4.935203915875059
0.238,5,sbps,-1.796216038878942,4.935203915875059
0.238,5,prculs-d,-0.33679158144496085,4.935203915875059
0.238,5,prcus-p,0.0343046112969236,4.935203915875059
0.238,5,prcus-i,0.0,4.935203915875059
0.238,5,prcus-a,-0.9034083984522004,4.935203915875059
0.238,5,ifrms,0.4359373062550766,4.935203915875059
0.238,5,sspls-v,0.35666843494497547,4.935203915875059
0.238,6,mcgs,0.0688988545528654,4.90572614043461
0.238,6,pos,-0.44508799489304385,4.90572614043461
0.238,6,sbps,-0.8720178759690913,4.90572614043461
0.238,6,prculs-d,-0.8458234447643311,4.90572614043461
0.238,6,prcus-p,0.0,4.90572614043461
0.238,6,prcus-i,-0.0,4.90572614043461
0.238,6,prcus-a,-0.6525775192275644,4.90572614043461
0.238,6,ifrms,0.0,4.90572614043461
0.238,6,sspls-v,0.5178619190966821,4.90572614043461
0.238,7,mcgs,0.5260867492258546,5.0750496758741095
0.238,7,pos,-0.47107631613461953,5.0750496758741095
0.238,7,sbps,-1.676411013959735,5.0750496758741095
0.238,7,prculs-d,-0.8495607354261293,5.0750496758741095
0.238,7,prcus-p,0.0,5.0750496758741095
0.238,7,prcus-i,-0.0,5.0750496758741095
0.238,7,prcus-a,-0.37014888848317995,5.0750496758741095
0.238,7,ifrms,0.1109031755915172,5.0750496758741095
0.238,7,sspls-v,0.31545393573514696,5.0750496758741095
0.238,8,mcgs,0.42467507680034966,5.115166403986219
0.238,8,pos,-0.1390680198910456,5.115166403986219
0.238,8,sbps,-1.7296715689148372,5.115166403986219
0.238,8,prculs-d,-0.9057774799730505,5.115166403986219
0.238,8,prcus-p,0.3081072494010604,5.115166403986219
0.238,8,prcus-i,-0.009794694347154204,5.115166403986219
0.238,8,prcus-a,-0.7282736283806254,5.115166403986219
0.238,8,ifrms,0.16897269255872666,5.115166403986219
0.238,8,sspls-v,0.05840157078878248,5.115166403986219
0.238,9,mcgs,0.4400180641457279,5.244199209759421
0.238,9,pos,-0.33765108518777315,5.244199209759421
0.238,9,sbps,-1.5149082554378546,5.244199209759421
0.238,9,prculs-d,-0.6951980025716806,5.244199209759421
0.238,9,prcus-p,0.1094427927874182,5.244199209759421
0.238,9,prcus-i,-0.0,5.244199209759421
0.238,9,prcus-a,-0.6112021859354673,5.244199209759421
0.238,9,ifrms,0.05744266960742318,5.244199209759421
0.238,9,sspls-v,0.10514380270011835,5.244199209759421
0.238,10,mcgs,0.7421750224116723,4.812314798122994
0.238,10,pos,-0.30392240864359427,4.812314798122994
0.238,10,sbps,-1.3419798153385385,4.812314798122994
0.238,10,prculs-d,-0.8841200648367448,4.812314798122994
0.238,10,prcus-p,0.0,4.812314798122994
0.238,10,prcus-i,-0.0,4.812314798122994
0.238,10,prcus-a,-0.7189623506558336,4.812314798122994
0.238,10,ifrms,0.0,4.812314798122994
0.238,10,sspls-v,-0.0,4.812314798122994
0.238,11,mcgs,0.13635521034572595,5.104530490721033
0.238,11,pos,-0.27770858796709025,5.104530490721033
0.238,11,sbps,-1.6248309023092442,5.104530490721033
0.238,11,prculs-d,-0.8813953530633128,5.104530490721033
0.238,11,prcus-p,0.39163386346918777,5.104530490721033
0.238,11,prcus-i,-0.0,5.104530490721033
0.238,11,prcus-a,-0.6783317305208084,5.104530490721033
0.238,11,ifrms,0.0,5.104530490721033
0.238,11,sspls-v,0.0,5.104530490721033
0.238,12,mcgs,0.40053730342195665,5.200747437458656
0.238,12,pos,-0.31711786211292525,5.200747437458656
0.238,12,sbps,-1.5634819921893466,5.200747437458656
0.238,12,prculs-d,-0.669108405854334,5.200747437458656
0.238,12,prcus-p,0.07369442788644456,5.200747437458656
0.238,12,prcus-i,-0.0,5.200747437458656
0.238,12,prcus-a,-0.6190696960223514,5.200747437458656
0.238,12,ifrms,0.06858735369482201,5.200747437458656
0.238,12,sspls-v,0.17133902313283256,5.200747437458656
0.238,13,mcgs,0.46123337152957705,4.782560403053776
0.238,13,pos,-0.47827860128181604,4.782560403053776
0.238,13,sbps,-1.4553560145911726,4.782560403053776
0.238,13,prculs-d,-0.674987603765661,4.782560403053776
0.238,13,prcus-p,0.0630803950961751,4.782560403053776
0.238,13,prcus-i,-0.0,4.782560403053776
0.238,13,prcus-a,0.0,4.782560403053776
0.238,13,ifrms,0.3274108257498238,4.782560403053776
0.238,13,sspls-v,0.0,4.782560403053776
0.238,14,mcgs,0.4105633757093694,5.318618800631734
0.238,14,pos,-0.3126996576333318,5.318618800631734
0.238,14,sbps,-1.5360669573570456,5.318618800631734
0.238,14,prculs-d,-0.6962460548666152,5.318618800631734
0.238,14,prcus-p,0.12998248213547228,5.318618800631734
0.238,14,prcus-i,-0.0,5.318618800631734
0.238,14,prcus-a,-0.6204905585862173,5.318618800631734
0.238,14,ifrms,0.08264297324292558,5.318618800631734
0.238,14,sspls-v,0.10281157091994168,5.318618800631734
0.238,15,mcgs,0.339063449743077,4.915303579597472
0.238,15,pos,-0.28600505775729096,4.915303579597472
0.238,15,sbps,-1.737873784961084,4.915303579597472
0.238,15,prculs-d,-0.6222801275494017,4.915303579597472
0.238,15,prcus-p,0.0,4.915303579597472
0.238,15,prcus-i,0.0,4.915303579597472
0.238,15,prcus-a,-0.8914920078335755,4.915303579597472
0.238,15,ifrms,0.22780003548974823,4.915303579597472
0.238,15,sspls-v,0.027791306675875493,4.915303579597472
0.238,16,mcgs,0.39492342584062934,5.289956594926619
0.238,16,pos,-0.21236543221804893,5.289956594926619
0.238,16,sbps,-1.596020236203509,5.289956594926619
0.238,16,prculs-d,-0.7927562040805745,5.289956594926619
0.238,16,prcus-p,0.27408644635404356,5.289956594926619
0.238,16,prcus-i,-0.0,5.289956594926619
0.238,16,prcus-a,-0.6717695281061209,5.289956594926619
0.238,16,ifrms,0.04214441620542517,5.289956594926619
0.238,16,sspls-v,0.19061249878318914,5.289956594926619
0.238,17,mcgs,0.24216916503938374,4.673933344453607
0.238,17,pos,-0.9573107104473944,4.673933344453607
0.238,17,sbps,-1.0785812297494661,4.673933344453607
0.238,17,prculs-d,-0.2721835340546804,4.673933344453607
0.238,17,prcus-p,-0.0,4.673933344453607
0.238,17,prcus-i,0.0,4.673933344453607
0.238,17,prcus-a,-0.21636616282851498,4.673933344453607
0.238,17,ifrms,0.0,4.673933344453607
0.238,17,sspls-v,0.0925799217722096,4.673933344453607
0.238,18,mcgs,0.38780941162749505,5.183175701850181
0.238,18,pos,-0.45262250698586654,5.183175701850181
0.238,18,sbps,-1.5864375629765775,5.183175701850181
0.238,18,prculs-d,-0.7345908322986319,5.183175701850181
0.238,18,prcus-p,0.061086112428988724,5.183175701850181
0.238,18,prcus-i,-0.02471409977740912,5.183175701850181
0.238,18,prcus-a,-0.709695347733914,5.183175701850181
0.238,18,ifrms,0.23682569247091434,5.183175701850181
0.238,18,sspls-v,0.03778012848562678,5.183175701850181
0.238,19,mcgs,0.5472290834475106,5.047342060531461
0.238,19,pos,-0.27914722450079654,5.047342060531461
0.238,19,sbps,-1.3396245834413727,5.047342060531461
0.238,19,prculs-d,-0.8336739789685249,5.047342060531461
0.238,19,prcus-p,0.36291550133745903,5.047342060531461
0.238,19,prcus-i,-0.0,5.047342060531461
0.238,19,prcus-a,-0.7119578685245852,5.047342060531461
0.238,19,ifrms,0.0,5.047342060531461
0.238,19,sspls-v,0.09552639206841719,5.047342060531461
0.238,20,mcgs,0.39707283219667533,4.928488571583389
0.238,20,pos,-0.2653759501488833,4.928488571583389
0.238,20,sbps,-1.2973507969572902,4.928488571583389
0.238,20,prculs-d,-0.8544480183927643,4.928488571583389
0.238,20,prcus-p,0.21781236530417775,4.928488571583389
0.238,20,prcus-i,-0.0,4.928488571583389
0.238,20,prcus-a,-0.5373828636110629,4.928488571583389
0.238,20,ifrms,-0.474696910228611,4.928488571583389
0.238,20,sspls-v,0.0,4.928488571583389
0.238,21,mcgs,0.5052466657419437,4.879188971277693
0.238,21,pos,-0.13750251927096277,4.879188971277693
0.238,21,sbps,-1.4198812414453659,4.879188971277693
0.238,21,prculs-d,-0.7635346878114164,4.879188971277693
0.238,21,prcus-p,0.13944826489952128,4.879188971277693
0.238,21,prcus-i,-0.0,4.879188971277693
0.238,21,prcus-a,-0.569274482967369,4.879188971277693
0.238,21,ifrms,0.09053648710871721,4.879188971277693
0.238,21,sspls-v,0.0,4.879188971277693
0.238,22,mcgs,0.41812254889513023,5.230090218506181
0.238,22,pos,-0.325371071770037,5.230090218506181
0.238,22,sbps,-1.5201561345258126,5.230090218506181
0.238,22,prculs-d,-0.7004937858099004,5.230090218506181
0.238,22,prcus-p,0.07977057085953632,5.230090218506181
0.238,22,prcus-i,-0.0,5.230090218506181
0.238,22,prcus-a,-0.6373231149756928,5.230090218506181
0.238,22,ifrms,0.10353485941257265,5.230090218506181
0.238,22,sspls-v,0.09370589522004162,5.230090218506181
0.238,23,mcgs,0.6290651525803599,5.247511241263154
0.238,23,pos,-0.2338828597972101,5.247511241263154
0.238,23,sbps,-1.626328061778148,5.247511241263154
0.238,23,prculs-d,-0.7917156766578074,5.247511241263154
0.238,23,prcus-p,0.1701512582272287,5.247511241263154
0.238,23,prcus-i,-0.02864758501941553,5.247511241263154
0.238,23,prcus-a,-0.7147522995155252,5.247511241263154
0.238,23,ifrms,0.2249202092262732,5.247511241263154
0.238,23,sspls-v,0.18551171686669182,5.247511241263154
0.238,24,mcgs,0.6781694623013428,4.939525071646471
0.238,24,pos,-0.034325588629840746,4.939525071646471
0.238,24,sbps,-1.5502253803233716,4.939525071646471
0.238,24,prculs-d,-0.9550355211758143,4.939525071646471
0.238,24,prcus-p,0.14923597332765987,4.939525071646471
0.238,24,prcus-i,0.0,4.939525071646471
0.238,24,prcus-a,-0.4608385507991982,4.939525071646471
0.238,24,ifrms,0.06456147277976829,4.939525071646471
0.238,24,sspls-v,0.31098568921343933,4.939525071646471
0.238,25,mcgs,0.44254642037932035,5.200204290207336
0.238,25,pos,-0.23120847929194385,5.200204290207336
0.238,25,sbps,-1.6442635867851976,5.200204290207336
0.238,25,prculs-d,-0.7676137602995421,5.200204290207336
0.238,25,prcus-p,0.005787514163137118,5.200204290207336
0.238,25,prcus-i,-0.33398705525394556,5.200204290207336
0.238,25,prcus-a,-0.8370283034365591,5.200204290207336
0.238,25,ifrms,0.33994444005636953,5.200204290207336
0.238,25,sspls-v,0.4046607021386276,5.200204290207336
0.238,26,mcgs,0.15322548050131474,4.653799893341437
0.238,26,pos,0.0,4.653799893341437
0.238,26,sbps,-1.5234396083220583,4.653799893341437
0.238,26,prculs-d,-0.4576646544225631,4.653799893341437
0.238,26,prcus-p,0.0,4.653799893341437
0.238,26,prcus-i,-0.0,4.653799893341437
0.238,26,prcus-a,-0.46198583126622467,4.653799893341437
0.238,26,ifrms,0.3870789805435194,4.653799893341437
0.238,26,sspls-v,0.16369362034824614,4.653799893341437
0.238,27,mcgs,0.44646001643680827,5.220808558366782
0.238,27,pos,-0.32026370337992455,5.220808558366782
0.238,27,sbps,-1.4861187858381544,5.220808558366782
0.238,27,prculs-d,-0.7376918330890733,5.220808558366782
0.238,27,prcus-p,0.08443751248850874,5.220808558366782
0.238,27,prcus-i,-0.0,5.220808558366782
0.238,27,prcus-a,-0.6387261910066335,5.220808558366782
0.238,27,ifrms,0.09034753522997499,5.220808558366782
0.238,27,sspls-v,0.07838460162294927,5.220808558366782
0.238,28,mcgs,0.39441269799172024,5.259883870751355
0.238,28,pos,-0.2723175916923354,5.259883870751355
0.238,28,sbps,-1.4800378095420803,5.259883870751355
0.238,28,prculs-d,-0.7127392760089796,5.259883870751355
0.238,28,prcus-p,0.06434332699083806,5.259883870751355
0.238,28,prcus-i,-0.0,5.259883870751355
0.238,28,prcus-a,-0.6319474518521471,5.259883870751355
0.238,28,ifrms,0.14778888325454523,5.259883870751355
0.238,28,sspls-v,0.13977020971800505,5.259883870751355
0.238,29,mcgs,0.8132269212417952,5.002465928162139
0.238,29,pos,-0.0,5.002465928162139
0.238,29,sbps,-0.7488165586599065,5.002465928162139
0.238,29,prculs-d,-0.7153689943704796,5.002465928162139
0.238,29,prcus-p,0.17743625012458628,5.002465928162139
0.238,29,prcus-i,-0.4072192469679911,5.002465928162139
0.238,29,prcus-a,-0.34614857186828335,5.002465928162139
0.238,29,ifrms,0.170686893346677,5.002465928162139
0.238,29,sspls-v,0.30027654204048065,5.002465928162139
0.255,0,mcgs,0.3121630019022131,5.192600412421745
0.255,0,pos,-0.41473932372298755,5.192600412421745
0.255,0,sbps,-1.3751139142940005,5.192600412421745
0.255,0,prculs-d,-0.6102084602688983,5.192600412421745
0.255,0,prcus-p,0.045789141346639174,5.192600412421745
0.255,0,prcus-i,-0.0,5.192600412421745
0.255,0,prcus-a,-0.5851069991516618,5.192600412421745
0.255,0,ifrms,0.06082852920899229,5.192600412421745
0.255,0,sspls-v,0.012913165667386314,5.192600412421745
0.255,1,mcgs,0.41449341983968857,5.300368573152237
0.255,1,pos,-0.362465107468648,5.300368573152237
0.255,1,sbps,-1.479972262043826,5.300368573152237
0.255,1,prculs-d,-0.7247864775191097,5.300368573152237
0.255,1,prcus-p,0.14020229566986497,5.300368573152237
0.255,1,prcus-i,-0.014636409560534767,5.300368573152237
0.255,1,prcus-a,-0.6357834381016325,5.300368573152237
0.255,1,ifrms,0.0,5.300368573152237
0.255,1,sspls-v,0.3095068078405725,5.300368573152237
0.255,2,mcgs,0.2797912185488699,4.8388542922894935
0.255,2,pos,-0.2950148818202388,4.8388542922894935
0.255,2,sbps,-1.746271407984364,4.8388542922894935
0.255,2,prculs-d,-0.422033957786553,4.8388542922894935
0.255,2,prcus-p,0.18165962486835643,4.8388542922894935
0.255,2,prcus-i,0.0,4.8388542922894935
0.255,2,prcus-a,-0.9141501281998508,4.8388542922894935
0.255,2,ifrms,0.38776977103572663,4.8388542922894935
0.255,2,sspls-v,0.0,4.8388542922894935
0.255,3,mcgs,0.0,4.43878389289244
0.255,3,pos,-0.0,4.43878389289244
0.255,3,sbps,-1.9401111942413298,4.43878389289244
0.255,3,prculs-d,-1.1895021388972198,4.43878389289244
0.255,3,prcus-p,-0.20075599056630025,4.43878389289244
0.255,3,prcus-i,-0.723173554473992,4.43878389289244
0.255,3,prcus-a,-0.9880709406669768,4.43878389289244
0.255,3,ifrms,0.0,4.43878389289244
0.255,3,sspls-v,0.4514435207162591,4.43878389289244
0.255,4,mcgs,0.3603801102911944,5.034585965166058
0.255,4,pos,-0.1881503389934554,5.034585965166058
0.255,4,sbps,-1.6362721195507222,5.034585965166058
0.255,4,prculs-d,-0.09956406796053256,5.034585965166058
0.255,4,prcus-p,0.0,5.034585965166058
0.255,4,prcus-i,-0.1288525262397713,5.034585965166058
0.255,4,prcus-a,-0.7000243657915626,5.034585965166058
0.255,4,ifrms,0.0,5.034585965166058
0.255,4,sspls-v,0.19943748648491702,5.034585965166058
0.255,5,mcgs,0.6716437531889985,4.907882293156755
0.255,5,pos,-0.8777564442516419,4.907882293156755
0.255,5,sbps,-1.7436886123725326,4.907882293156755
0.255,5,prculs-d,-0.31958670716062026,4.907882293156755
0.255,5,prcus-p,0.014162587043989415,4.907882293156755
0.255,5,prcus-i,-0.0,4.907882293156755
0.255,5,prcus-a,-0.8684436040776752,4.907882293156755
0.255,5,ifrms,0.39673175502798985,4.907882293156755
0.255,5,sspls-v,0.3213526412477152,4.907882293156755
0.255,6,mcgs,0.053845411687529494,4.861505729247966
0.255,6,pos,-0.43631234615340303,4.861505729247966
0.255,6,sbps,-0.8493653734073766,4.861505729247966
0.255,6,prculs-d,-0.8290613446942995,4.861505729247966
0.255,6,prcus-p,0.0,4.861505729247966
0.255,6,prcus-i,-0.0,4.861505729247966
0.255,6,prcus-a,-0.6348698004429634,4.861505729247966
0.255,6,ifrms,0.0,4.861505729247966
0.255,6,sspls-v,0.5019335931372497,4.861505729247966
0.255,7,mcgs,0.5035810191225218,5.042982439609649
0.255,7,pos,-0.46372152207871453,5.042982439609649
0.255,7,sbps,-1.6270125019336852,5.042982439609649
0.255,7,prculs-d,-0.8295758520581221,5.042982439609649
0.255,7,prcus-p,0.0,5.042982439609649
0.255,7,prcus-i,-0.0,5.042982439609649
0.255,7,prcus-a,-0.3492731393718797,5.042982439609649
0.255,7,ifrms,0.07329658833353295,5.042982439609649
0.255,7,sspls-v,0.28152072368932324,5.042982439609649
0.255,8,mcgs,0.4050981087638825,5.082373860283321
0.255,8,pos,-0.14804178946118252,5.082373860283321
0.255,8,sbps,-1.6832838332766558,5.082373860283321
0.255,8,prculs-d,-0.8788842706235472,5.082373860283321
0.255,8,prcus-p,0.2853068593937483,5.082373860283321
0.255,8,prcus-i,-0.0,5.082373860283321
0.255,8,prcus-a,-0.6964247094669783,5.082373860283321
0.255,8,ifrms,0.132563450979377,5.082373860283321
0.255,8,sspls-v,0.025046799085462458,5.082373860283321
0.255,9,mcgs,0.42327298657049633,5.197593450435367
0.255,9,pos,-0.341976590264671,5.197593450435367
0.255,9,sbps,-1.465884780315959,5.197593450435367
0.255,9,prculs-d,-0.671977767745974,5.197593450435367
0.255,9,prcus-p,0.09022016524123391,5.197593450435367
0.255,9,prcus-i,-0.0,5.197593450435367
0.255,9,prcus-a,-0.5794207798556593,5.197593450435367
0.255,9,ifrms,0.02279518983683034,5.197593450435367
0.255,9,sspls-v,0.0739195432443507,5.197593450435367
0.255,10,mcgs,0.724208816459245,4.782854466923224
0.255,10,pos,-0.29325776940048304,4.782854466923224
0.255,10,sbps,-1.3202323791131314,4.782854466923224
0.255,10,prculs-d,-0.8641410352411081,4.782854466923224
0.255,10,prcus-p,0.0,4.782854466923224
0.255,10,prcus-i,-0.0,4.782854466923224
0.255,10,prcus-a,-0.6969687556035329,4.782854466923224
0.255,10,ifrms,0.0,4.782854466923224
0.255,10,sspls-v,-0.0,4.782854466923224
0.255,11,mcgs,0.12872030171318602,5.060322078033155
0.255,11,pos,-0.2771007141800858,5.060322078033155
0.255,11,sbps,-1.597805139492596,5.060322078033155
0.255,11,prculs-d,-0.8520733099316418,5.060322078033155
0.255,11,prcus-p,0.3631676726209039,5.060322078033155
0.255,11,prcus-i,-0.0,5.060322078033155
0.255,11,prcus-a,-0.653408133730064,5.060322078033155
0.255,11,ifrms,0.0,5.060322078033155
0.255,11,sspls-v,0.0,5.060322078033155
0.255,12,mcgs,0.3821640237003518,5.156841828262148
0.255,12,pos,-0.3209709494930128,5.156841828262148
0.255,12,sbps,-1.5184330583783712,5.156841828262148
0.255,12,prculs-d,-0.6453697012076554,5.156841828262148
0.255,12,prcus-p,0.052456042276466254,5.156841828262148
0.255,12,prcus-i,-0.0,5.156841828262148
0.255,12,prcus-a,-0.5888606507682096,5.156841828262148
0.255,12,ifrms,0.036478363282472094,5.156841828262148
0.255,12,sspls-v,0.14139116620103295,5.156841828262148
0.255,13,mcgs,0.4389772485128358,4.749923580590291
0.255,13,pos,-0.4737873619452676,4.749923580590291
0.255,13,sbps,-1.4343885378816488,4.749923580590291
0.255,13,prculs-d,-0.648582165492086,4.749923580590291
0.255,13,prcus-p,0.04707697564227095,4.749923580590291
0.255,13,prcus-i,-0.0,4.749923580590291
0.255,13,prcus-a,0.0,4.749923580590291
0.255,13,ifrms,0.3053788689106364,4.749923580590291
0.255,13,sspls-v,0.0,4.749923580590291
0.255,14,mcgs,0.3906888753134885,5.276698865057424
0.255,14,pos,-0.31570782216213783,5.276698865057424
0.255,14,sbps,-1.488056029731955,5.276698865057424
0.255,14,prculs-d,-0.6736295664057178,5.276698865057424
0.255,14,prcus-p,0.11605545952948847,5.276698865057424
0.255,14,prcus-i,-0.0,5.276698865057424
0.255,14,prcus-a,-0.5894207162566842,5.276698865057424
0.255,14,ifrms,0.048463939975071035,5.276698865057424
0.255,14,sspls-v,0.07172867800274217,5.276698865057424
0.255,15,mcgs,0.3198502008400886,4.886034544415738
0.255,15,pos,-0.28216376638654894,4.886034544415738
0.255,15,sbps,-1.6892012567581935,4.886034544415738
0.255,15,prculs-d,-0.6067709412791079,4.886034544415738
0.255,15,prcus-p,0.0,4.886034544415738
0.255,15,prcus-i,0.0,4.886034544415738
0.255,15,prcus-a,-0.8592039594251341,4.886034544415738
0.255,15,ifrms,0.18860610170723824,4.886034544415738
0.255,15,sspls-v,0.0001214438932688773,4.886034544415738
0.255,16,mcgs,0.3794292314633617,5.250155289244176
0.255,16,pos,-0.22580832615665541,5.250155289244176
0.255,16,sbps,-1.5422048923854612,5.250155289244176
0.255,16,prculs-d,-0.76354740728843,5.250155289244176
0.255,16,prcus-p,0.23965635857931689,5.250155289244176
0.255,16,prcus-i,-0.0,5.250155289244176
0.255,16,prcus-a,-0.6376428136086342,5.250155289244176
0.255,16,ifrms,0.012339943711754382,5.250155289244176
0.255,16,sspls-v,0.15161939981000558,5.250155289244176
0.255,17,mcgs,0.22531860992757774,4.645759540649396
0.255,17,pos,-0.9516087626231006,4.645759540649396
0.255,17,sbps,-1.0463047852268526,4.645759540649396
0.255,17,prculs-d,-0.25317856237288955,4.645759540649396
0.255,17,prcus-p,-0.0,4.645759540649396
0.255,17,prcus-i,0.0,4.645759540649396
0.255,17,prcus-a,-0.19583362439905144,4.645759540649396
0.255,17,ifrms,0.0,4.645759540649396
0.255,17,sspls-v,0.06940597543657423,4.645759540649396
0.255,18,mcgs,0.36866847001036807,5.150100422222533
0.255,18,pos,-0.45553214419760535,5.150100422222533
0.255,18,sbps,-1.5445433538509443,5.150100422222533
0.255,18,prculs-d,-0.7093582915779426,5.150100422222533
0.255,18,prcus-p,0.04439122695182701,5.150100422222533
0.255,18,prcus-i,-0.0,5.150100422222533
0.255,18,prcus-a,-0.676044817881531,5.150100422222533
0.255,18,ifrms,0.19494976144085086,5.150100422222533
0.255,18,sspls-v,0.0001683175704669574,5.150100422222533
0.255,19,mcgs,0.5320975606072401,5.0178219116904526
0.255,19,pos,-0.2832956445182018,5.0178219116904526
0.255,19,sbps,-1.306636302148941,5.0178219116904526
0.255,19,prculs-d,-0.8048266482138889,5.0178219116904526
0.255,19,prcus-p,0.33308162636620364,5.0178219116904526
0.255,19,prcus-i,-0.0,5.0178219116904526
0.255,19,prcus-a,-0.6904977746110574,5.0178219116904526
0.255,19,ifrms,0.0,5.0178219116904526
0.255,19,sspls-v,0.06735320654074217,5.0178219116904526
0.255,20,mcgs,0.3833876488465084,4.90436609922791
0.255,20,pos,-0.2650802586890185,4.90436609922791
0.255,20,sbps,-1.2798611767627077,4.90436609922791
0.255,20,prculs-d,-0.8235543084985526,4.90436609922791
0.255,20,prcus-p,0.18906829465440672,4.90436609922791
0.255,20,prcus-i,-0.0,4.90436609922791
0.255,20,prcus-a,-0.5184074602177224,4.90436609922791
0.255,20,ifrms,-0.46029495290391814,4.90436609922791
0.255,20,sspls-v,0.0,4.90436609922791
0.255,21,mcgs,0.4864029547840444,4.844573400441998
0.255,21,pos,-0.13544567290151974,4.844573400441998
0.255,21,sbps,-1.3849625602348241,4.844573400441998
0.255,21,prculs-d,-0.7396367919405216,4.844573400441998
0.255,21,prcus-p,0.12330895964033069,4.844573400441998
0.255,21,prcus-i,-0.0,4.844573400441998
0.255,21,prcus-a,-0.5364259778281293,4.844573400441998
0.255,21,ifrms,0.059696745243109986,4.844573400441998
0.255,21,sspls-v,0.0,4.844573400441998
0.255,22,mcgs,0.39984453988025404,5.185238299089021
0.255,22,pos,-0.3293020652932353,5.185238299089021
0.255,22,sbps,-1.4739232953208912,5.185238299089021
0.255,22,prculs-d,-0.6769341920431514,5.185238299089021
0.255,22,prcus-p,0.05851969431306156,5.185238299089021
0.255,22,prcus-i,-0.0,5.185238299089021
0.255,22,prcus-a,-0.6103962592231352,5.185238299089021
0.255,22,ifrms,0.07021100253026229,5.185238299089021
0.255,22,sspls-v,0.062225508268238514,5.185238299089021
0.255,23,mcgs,0.5959687699728156,5.2158722960262365
0.255,23,pos,-0.24908439326488424,5.2158722960262365
0.255,23,sbps,-1.5802499946529522,5.2158722960262365
0.255,23,prculs-d,-0.7640716207860202,5.2158722960262365
0.255,23,prcus-p,0.14817059154260262,5.2158722960262365
0.255,23,prcus-i,-0.0,5.2158722960262365
0.255,23,prcus-a,-0.6789302226316202,5.2158722960262365
0.255,23,ifrms,0.17822893300273118,5.2158722960262365
0.255,23,sspls-v,0.13760143239859018,5.2158722960262365
0.255,24,mcgs,0.6583231432653855,4.906627056942296
0.255,24,pos,-0.041386007740410506,4.906627056942296
0.255,24,sbps,-1.5019963735149047,4.906627056942296
0.255,24,prculs-d,-0.9290996862975511,4.906627056942296
0.255,24,prcus-p,0.12718159864775153,4.906627056942296
0.255,24,prcus-i,-0.0,4.906627056942296
0.255,24,prcus-a,-0.4319317061866544,4.906627056942296
0.255,24,ifrms,0.03105949915914841,4.906627056942296
0.255,24,sspls-v,0.27786690109662465,4.906627056942296
0.255,25,mcgs,0.41874596729335195,5.165333835341244
0.255,25,pos,-0.24075055364033857,5.165333835341244
0.255,25,sbps,-1.605635484537085,5.165333835341244
0.255,25,prculs-d,-0.7452807585298215,5.165333835341244
0.255,25,prcus-p,0.0,5.165333835341244
0.255,25,prcus-i,-0.29404718802298047,5.165333835341244
0.255,25,prcus-a,-0.8030867261464378,5.165333835341244
0.255,25,ifrms,0.2941232394499378,5.165333835341244
0.255,25,sspls-v,0.3552908139222668,5.165333835341244
0.255,26,mcgs,0.13170748217011327,4.610082919908536
0.255,26,pos,0.0,4.610082919908536
0.255,26,sbps,-1.475733606041768,4.610082919908536
0.255,26,prculs-d,-0.43953332897300434,4.610082919908536
0.255,26,prcus-p,0.0,4.610082919908536
0.255,26,prcus-i,-0.0,4.610082919908536
0.255,26,prcus-a,-0.4306261442421276,4.610082919908536
0.255,26,ifrms,0.35072416738171047,4.610082919908536
0.255,26,sspls-v,0.1346104241344079,4.610082919908536
0.255,27,mcgs,0.42975162390731036,5.176571763957628
0.255,27,pos,-0.3238428157744035,5.176571763957628
0.255,27,sbps,-1.4380286542609426,5.176571763957628
0.255,27,prculs-d,-0.7148161757002294,5.176571763957628
0.255,27,prcus-p,0.0633325525074318,5.176571763957628
0.255,27,prcus-i,-0.0,5.176571763957628
0.255,27,prcus-a,-0.6085312152325036,5.176571763957628
0.255,27,ifrms,0.056559284597769904,5.176571763957628
0.255,27,sspls-v,0.04640470113112339,5.176571763957628
0.255,28,mcgs,0.37658858817257007,5.217819161224778
0.255,28,pos,-0.27520398217669484,5.217819161224778
0.255,28,sbps,-1.4341800545870163,5.217819161224778
0.255,28,prculs-d,-0.6883542896026926,5.217819161224778
0.255,28,prcus-p,0.04244828665176693,5.217819161224778
0.255,28,prcus-i,-0.0,5.217819161224778
0.255,28,prcus-a,-0.6012381840745346,5.217819161224778
0.255,28,ifrms,0.11830342762191616,5.217819161224778
0.255,28,sspls-v,0.11066634833794091,5.217819161224778
0.255,29,mcgs,0.7935477277576338,4.966754475296674
0.255,29,pos,-0.0,4.966754475296674
0.255,29,sbps,-0.7128145269250107,4.966754475296674
0.255,29,prculs-d,-0.6945140415184643,4.966754475296674
0.255,29,prcus-p,0.16554663429313177,4.966754475296674
0.255,29,prcus-i,-0.3807017965424085,4.966754475296674
0.255,29,prcus-a,-0.3163605310498991,4.966754475296674
0.255,29,ifrms,0.1337835742875127,4.966754475296674
0.255,29,sspls-v,0.26118534263885035,4.966754475296674
0.272,0,mcgs,0.2902828278927294,5.141788984585083
0.272,0,pos,-0.41867568091736457,5.141788984585083
0.272,0,sbps,-1.3337181450347866,5.141788984585083
0.272,0,prculs-d,-0.5829438411130566,5.141788984585083
0.272,0,prcus-p,0.02741130456531902,5.141788984585083
0.272,0,prcus-i,-0.0,5.141788984585083
0.272,0,prcus-a,-0.5521911413591511,5.141788984585083
0.272,0,ifrms,0.029551568241271725,5.141788984585083
0.272,0,sspls-v,0.0,5.141788984585083
0.272,1,mcgs,0.3979318789610976,5.25391949752493
0.272,1,pos,-0.36844592919529073,5.25391949752493
0.272,1,sbps,-1.4516819913325745,5.25391949752493
0.272,1,prculs-d,-0.6953292943941449,5.25391949752493
0.272,1,prcus-p,0.11156452161307655,5.25391949752493
0.272,1,prcus-i,-0.0,5.25391949752493
0.272,1,prcus-a,-0.6147568771118331,5.25391949752493
0.272,1,ifrms,0.0,5.25391949752493
0.272,1,sspls-v,0.27419946139963997,5.25391949752493
0.272,2,mcgs,0.26128050644517237,4.813941871011082
0.272,2,pos,-0.2933018498154614,4.813941871011082
0.272,2,sbps,-1.7104572259500213,4.813941871011082
0.272,2,prculs-d,-0.39979838908883947,4.813941871011082
0.272,2,prcus-p,0.16529773184121915,4.813941871011082
0.272,2,prcus-i,0.0,4.813941871011082
0.272,2,prcus-a,-0.880332064921674,4.813941871011082
0.272,2,ifrms,0.3558802208684803,4.813941871011082
0.272,2,sspls-v,0.0,4.813941871011082
0.272,3,mcgs,0.0,4.410207117724203
0.272,3,pos,-0.0,4.410207117724203
0.272,3,sbps,-1.9151585254960881,4.410207117724203
0.272,3,prculs-d,-1.1772869643620985,4.410207117724203
0.272,3,prcus-p,-0.17716275682049792,4.410207117724203
0.272,3,prcus-i,-0.6851445542764543,4.410207117724203
0.272,3,prcus-a,-0.9651684751168121,4.410207117724203
0.272,3,ifrms,0.0,4.410207117724203
0.272,3,sspls-v,0.4138244080806691,4.410207117724203
0.272,4,mcgs,0.3431505074487852,4.993533655914754
0.272,4,pos,-0.1859573216935491,4.993533655914754
0.272,4,sbps,-1.6147912587523228,4.993533655914754
0.272,4,prculs-d,-0.08762341236560957,4.993533655914754
0.272,4,prcus-p,0.0,4.993533655914754
0.272,4,prcus-i,-0.10397034024589934,4.993533655914754
0.272,4,prcus-a,-0.6818655595929694,4.993533655914754
0.272,4,ifrms,0.0,4.993533655914754
0.272,4,sspls-v,0.16585188767790973,4.993533655914754
0.272,5,mcgs,0.6497765764681472,4.880985765579086
0.272,5,pos,-0.8712186183004437,4.880985765579086
0.272,5,sbps,-1.6913004257058382,4.880985765579086
0.272,5,prculs-d,-0.30465059851948767,4.880985765579086
0.272,5,prcus-p,0.0,4.880985765579086
0.272,5,prcus-i,-0.0,4.880985765579086
0.272,5,prcus-a,-0.8334518945742976,4.880985765579086
0.272,5,ifrms,0.3562059730275827,4.880985765579086
0.272,5,sspls-v,0.28687363059907284,4.880985765579086
0.272,6,mcgs,0.038792114644097264,4.823148864239574
0.272,6,pos,-0.42753672467886344,4.823148864239574
0.272,6,sbps,-0.8267126684768661,4.823148864239574
0.272,6,prculs-d,-0.8122992734007842,4.823148864239574
0.272,6,prcus-p,0.0,4.823148864239574
0.272,6,prcus-i,-0.0,4.823148864239574
0.272,6,prcus-a,-0.617162096547702,4.823148864239574
0.272,6,ifrms,0.0,4.823148864239574
0.272,6,sspls-v,0.48600519791672053,4.823148864239574
0.272,7,mcgs,0.4810248300567022,5.009657987014651
0.272,7,pos,-0.4563947306655803,5.009657987014651
0.272,7,sbps,-1.577661940754309,5.009657987014651
0.272,7,prculs-d,-0.8095715217070814,5.009657987014651
0.272,7,prcus-p,0.0,5.009657987014651
0.272,7,prcus-i,-0.0,5.009657987014651
0.272,7,prcus-a,-0.3283897125333756,5.009657987014651
0.272,7,ifrms,0.035692946776241026,5.009657987014651
0.272,7,sspls-v,0.2476085262361423,5.009657987014651
0.272,8,mcgs,0.3867041745407719,5.048558050568414
0.272,8,pos,-0.15401424407682743,5.048558050568414
0.272,8,sbps,-1.6357315116480242,5.048558050568414
0.272,8,prculs-d,-0.8522553515902658,5.048558050568414
0.272,8,prcus-p,0.2616777165008736,5.048558050568414
0.272,8,prcus-i,-0.0,5.048558050568414
0.272,8,prcus-a,-0.6641518922053411,5.048558050568414
0.272,8,ifrms,0.09823095461661684,5.048558050568414
0.272,8,sspls-v,0.0,5.048558050568414
0.272,9,mcgs,0.4074879955002153,5.150089237858965
0.272,9,pos,-0.3460379286652577,5.150089237858965
0.272,9,sbps,-1.4217620408943328,5.150089237858965
0.272,9,prculs-d,-0.6476253633853845,5.150089237858965
0.272,9,prcus-p,0.06791566300567835,5.150089237858965
0.272,9,prcus-i,-0.0,5.150089237858965
0.272,9,prcus-a,-0.5513406596060555,5.150089237858965
0.272,9,ifrms,0.0,5.150089237858965
0.272,9,sspls-v,0.043669377243476644,5.150089237858965
0.272,10,mcgs,0.7062426105068178,4.754183538504425
0.272,10,pos,-0.2825931301573721,4.754183538504425
0.272,10,sbps,-1.2984849428877236,4.754183538504425
0.272,10,prculs-d,-0.8441620056454721,4.754183538504425
0.272,10,prcus-p,0.0,4.754183538504425
0.272,10,prcus-i,-0.0,4.754183538504425
0.272,10,prcus-a,-0.674975160551232,4.754183538504425
0.272,10,ifrms,0.0,4.754183538504425
0.272,10,sspls-v,-0.0,4.754183538504425
0.272,11,mcgs,0.12108543834999014,5.017098818260492
0.272,11,pos,-0.2764942892863091,5.017098818260492
0.272,11,sbps,-1.5707788719026594,5.017098818260492
0.272,11,prculs-d,-0.8227499842717085,5.017098818260492
0.272,11,prcus-p,0.3347004229789274,5.017098818260492
0.272,11,prcus-i,-0.0,5.017098818260492
0.272,11,prcus-a,-0.6284842637376687,5.017098818260492
0.272,11,ifrms,0.0,5.017098818260492
0.272,11,sspls-v,0.0,5.017098818260492
0.272,12,mcgs,0.3637802006265674,5.113917085627882
0.272,12,pos,-0.32482445961146245,5.113917085627882
0.272,12,sbps,-1.4733942131319513,5.113917085627882
0.272,12,prculs-d,-0.6216266442959961,5.113917085627882
0.272,12,prcus-p,0.031219636767868673,5.113917085627882
0.272,12,prcus-i,-0.0,5.113917085627882
0.272,12,prcus-a,-0.5586516016537053,5.113917085627882
0.272,12,ifrms,0.0043688293250048115,5.113917085627882
0.272,12,sspls-v,0.11144853873030193,5.113917085627882
0.272,13,mcgs,0.416721125496094,4.72529571577845
0.272,13,pos,-0.46929612260872033,4.72529571577845
0.272,13,sbps,-1.4134210611721247,4.72529571577845
0.272,13,prculs-d,-0.62217672721851,4.72529571577845
0.272,13,prcus-p,0.03107355618836556,4.72529571577845
0.272,13,prcus-i,-0.0,4.72529571577845
0.272,13,prcus-a,0.0,4.72529571577845
0.272,13,ifrms,0.2833469120714495,4.72529571577845
0.272,13,sspls-v,0.0,4.72529571577845
0.272,14,mcgs,0.370765890389107,5.23423920334697
0.272,14,pos,-0.3187265649357493,5.23423920334697
0.272,14,sbps,-1.4401010463034851,5.23423920334697
0.272,14,prculs-d,-0.6509875704473322,5.23423920334697
0.272,14,prcus-p,0.10213125221388347,5.23423920334697
0.272,14,prcus-i,-0.0,5.23423920334697
0.272,14,prcus-a,-0.5583638276674749,5.23423920334697
0.272,14,ifrms,0.014296230673790463,5.23423920334697
0.272,14,sspls-v,0.040664131933204894,5.23423920334697
0.272,15,mcgs,0.3003640482825928,4.855595372770067
0.272,15,pos,-0.27510917232728427,4.855595372770067
0.272,15,sbps,-1.6520054769036352,4.855595372770067
0.272,15,prculs-d,-0.5896744676492117,4.855595372770067
0.272,15,prcus-p,0.0,4.855595372770067
0.272,15,prcus-i,-0.0,4.855595372770067
0.272,15,prcus-a,-0.824787719167606,4.855595372770067
0.272,15,ifrms,0.15279300439805477,4.855595372770067
0.272,15,sspls-v,0.0,4.855595372770067
0.272,16,mcgs,0.366279840878195,5.208729520913241
0.272,16,pos,-0.24051422911342768,5.208729520913241
0.272,16,sbps,-1.4942586910826305,5.208729520913241
0.272,16,prculs-d,-0.7313823815609467,5.208729520913241
0.272,16,prcus-p,0.19931481443680515,5.208729520913241
0.272,16,prcus-i,-0.0,5.208729520913241
0.272,16,prcus-a,-0.6078296946056495,5.208729520913241
0.272,16,ifrms,0.0,5.208729520913241
0.272,16,sspls-v,0.11312684072720787,5.208729520913241
0.272,17,mcgs,0.2084680548157722,4.616200682696105
0.272,17,pos,-0.9459068147988066,4.616200682696105
0.272,17,sbps,-1.014028340704239,4.616200682696105
0.272,17,prculs-d,-0.23417359069109883,4.616200682696105
0.272,17,prcus-p,-0.0,4.616200682696105
0.272,17,prcus-i,0.0,4.616200682696105
0.272,17,prcus-a,-0.17530108596958882,4.616200682696105
0.272,17,ifrms,0.0,4.616200682696105
0.272,17,sspls-v,0.04623202910093847,4.616200682696105
0.272,18,mcgs,0.3521865172371963,5.112922256171972
0.272,18,pos,-0.4489542632580263,5.112922256171972
0.272,18,sbps,-1.5057871046884814,5.112922256171972
0.272,18,prculs-d,-0.6844020439387793,5.112922256171972
0.272,18,prcus-p,0.02757659818673524,5.112922256171972
0.272,18,prcus-i,-0.0,5.112922256171972
0.272,18,prcus-a,-0.6401817970402608,5.112922256171972
0.272,18,ifrms,0.15953168909429305,5.112922256171972
0.272,18,sspls-v,0.0,5.112922256171972
0.272,19,mcgs,0.5169660377669689,4.987636579882832
0.272,19,pos,-0.28744406453560734,4.987636579882832
0.272,19,sbps,-1.2736480208565106,4.987636579882832
0.272,19,prculs-d,-0.7759793174592522,4.987636579882832
0.272,19,prcus-p,0.30324775139494853,4.987636579882832
0.272,19,prcus-i,-0.0,4.987636579882832
0.272,19,prcus-a,-0.6690376806975298,4.987636579882832
0.272,19,ifrms,0.0,4.987636579882832
0.272,19,sspls-v,0.03918002101306772,4.987636579882832
0.272,20,mcgs,0.3697026140813311,4.883620848675611
0.272,20,pos,-0.26478438111793434,4.883620848675611
0.272,20,sbps,-1.2623713306549242,4.883620848675611
0.272,20,prculs-d,-0.792660826335124,4.883620848675611
0.272,20,prcus-p,0.16032437968922617,4.883620848675611
0.272,20,prcus-i,-0.0,4.883620848675611
0.272,20,prcus-a,-0.4994319265990978,4.883620848675611
0.272,20,ifrms,-0.44589311557646627,4.883620848675611
0.272,20,sspls-v,0.0,4.883620848675611
0.272,21,mcgs,0.46746723731041917,4.813100687899334
0.272,21,pos,-0.13347243082952132,4.813100687899334
0.272,21,sbps,-1.3501199288482582,4.813100687899334
0.272,21,prculs-d,-0.7156499578412151,4.813100687899334
0.272,21,prcus-p,0.10712316742843382,4.813100687899334
0.272,21,prcus-i,-0.0,4.813100687899334
0.272,21,prcus-a,-0.5036179714922845,4.813100687899334
0.272,21,ifrms,0.0288771310847349,4.813100687899334
0.272,21,sspls-v,0.0,4.813100687899334
0.272,22,mcgs,0.3815581171365554,5.142463652827424
0.272,22,pos,-0.33323966067543537,5.142463652827424
0.272,22,sbps,-1.42769480373241,5.142463652827424
0.272,22,prculs-d,-0.653367277415294,5.142463652827424
0.272,22,prcus-p,0.037265903623203346,5.142463652827424
0.272,22,prcus-i,-0.0,5.142463652827424
0.272,22,prcus-a,-0.5834714582784515,5.142463652827424
0.272,22,ifrms,0.03688787822662444,5.142463652827424
0.272,22,sspls-v,0.03074546429456122,5.142463652827424
0.272,23,mcgs,0.5686924739041818,5.176493627775244
0.272,23,pos,-0.2577412661825077,5.176493627775244
0.272,23,sbps,-1.5253899333121945,5.176493627775244
0.272,23,prculs-d,-0.7373632144157994,5.176493627775244
0.272,23,prcus-p,0.12202593319226143,5.176493627775244
0.272,23,prcus-i,-0.0,5.176493627775244
0.272,23,prcus-a,-0.6431846377704996,5.176493627775244
0.272,23,ifrms,0.13732603334042878,5.176493627775244
0.272,23,sspls-v,0.10157340740787259,5.176493627775244
0.272,24,mcgs,0.638712499247134,4.870342935558249
0.272,24,pos,-0.048483694695091444,4.870342935558249
0.272,24,sbps,-1.4547332710090202,4.870342935558249
0.272,24,prculs-d,-0.9028107472903223,4.870342935558249
0.272,24,prcus-p,0.10453444190771344,4.870342935558249
0.272,24,prcus-i,-0.0,4.870342935558249
0.272,24,prcus-a,-0.4037324134804153,4.870342935558249
0.272,24,ifrms,0.0,4.870342935558249
0.272,24,sspls-v,0.2449579137881889,4.870342935558249
0.272,25,mcgs,0.39433444030514736,5.136194895789309
0.272,25,pos,-0.2482781244785171,5.136194895789309
0.272,25,sbps,-1.5675659574670038,5.136194895789309
0.272,25,prculs-d,-0.725005273233529,5.136194895789309
0.272,25,prcus-p,0.0,5.136194895789309
0.272,25,prcus-i,-0.25276555302462833,5.136194895789309
0.272,25,prcus-a,-0.7691052104102081,5.136194895789309
0.272,25,ifrms,0.2468757713175298,5.136194895789309
0.272,25,sspls-v,0.30614017835325785,5.136194895789309
0.272,26,mcgs,0.11018955620889725,4.5674440899317865
0.272,26,pos,-0.0,4.5674440899317865
0.272,26,sbps,-1.4280275001543228,4.5674440899317865
0.272,26,prculs-d,-0.4214020449064388,4.5674440899317865
0.272,26,prcus-p,0.0,4.5674440899317865
0.272,26,prcus-i,-0.0,4.5674440899317865
0.272,26,prcus-a,-0.3992664322328341,4.5674440899317865
0.272,26,ifrms,0.3143693281087599,4.5674440899317865
0.272,26,sspls-v,0.10552718955907793,4.5674440899317865
0.272,27,mcgs,0.4130640817061884,5.131641598530603
0.272,27,pos,-0.32742265162043305,5.131641598530603
0.272,27,sbps,-1.3899100620937461,5.131641598530603
0.272,27,prculs-d,-0.6919485557488574,5.131641598530603
0.272,27,prcus-p,0.04222384209385241,5.131641598530603
0.272,27,prcus-i,-0.0,5.131641598530603
0.272,27,prcus-a,-0.5783327607089681,5.131641598530603
0.272,27,ifrms,0.022766352948843452,5.131641598530603
0.272,27,sspls-v,0.014411465533883581,5.131641598530603
0.272,28,mcgs,0.35876364445593684,5.178105327700943
0.272,28,pos,-0.2780912155972161,5.178105327700943
0.272,28,sbps,-1.3883235413442878,5.178105327700943
0.272,28,prculs-d,-0.6639682276875396,5.178105327700943
0.272,28,prcus-p,0.020552648886375372,5.178105327700943
0.272,28,prcus-i,-0.0,5.178105327700943
0.272,28,prcus-a,-0.5705293403002581,5.178105327700943
0.272,28,ifrms,0.08881837319474163,5.178105327700943
0.272,28,sspls-v,0.08156274858108781,5.178105327700943
0.272,29,mcgs,0.7738685342734717,4.929719828106188
0.272,29,pos,-0.0,4.929719828106188
0.272,29,sbps,-0.6768124951901151,4.929719828106188
0.272,29,prculs-d,-0.6736590886664482,4.929719828106188
0.272,29,prcus-p,0.15365701846167712,4.929719828106188
0.272,29,prcus-i,-0.3541843461168258,4.929719828106188
0.272,29,prcus-a,-0.28657249023151543,4.929719828106188
0.272,29,ifrms,0.0968802552283491,4.929719828106188
0.272,29,sspls-v,0.22209414323722082,4.929719828106188
0.291,0,mcgs,0.2663967284062435,5.081021052706756
0.291,0,pos,-0.4201499327208163,5.081021052706756
0.291,0,sbps,-1.2954163059172554,5.081021052706756
0.291,0,prculs-d,-0.5523457243401094,5.081021052706756
0.291,0,prcus-p,0.008083787340830357,5.081021052706756
0.291,0,prcus-i,-0.0,5.081021052706756
0.291,0,prcus-a,-0.5160137645374044,5.081021052706756
0.291,0,ifrms,0.0,5.081021052706756
0.291,0,sspls-v,0.0,5.081021052706756
0.291,1,mcgs,0.38144603454060366,5.198932960714401
0.291,1,pos,-0.37209362587767125,5.198932960714401
0.291,1,sbps,-1.4135377047989965,5.198932960714401
0.291,1,prculs-d,-0.6630003998415642,5.198932960714401
0.291,1,prcus-p,0.0774681265123411,5.198932960714401
0.291,1,prcus-i,-0.0,5.198932960714401
0.291,1,prcus-a,-0.5903032279689899,5.198932960714401
0.291,1,ifrms,0.0,5.198932960714401
0.291,1,sspls-v,0.24120794099821866,5.198932960714401
0.291,2,mcgs,0.24059206350574552,4.784034886415902
0.291,2,pos,-0.29138728463365043,4.784034886415902
0.291,2,sbps,-1.6704296107351682,4.784034886415902
0.291,2,prculs-d,-0.3749468711325712,4.784034886415902
0.291,2,prcus-p,0.14701091022265383,4.784034886415902
0.291,2,prcus-i,0.0,4.784034886415902
0.291,2,prcus-a,-0.8425354059637115,4.784034886415902
0.291,2,ifrms,0.3202389589168525,4.784034886415902
0.291,2,sspls-v,0.0,4.784034886415902
0.291,3,mcgs,0.0,4.378054235695049
0.291,3,pos,-0.0,4.378054235695049
0.291,3,sbps,-1.8872702486631705,4.378054235695049
0.291,3,prculs-d,-1.163634710469905,4.378054235695049
0.291,3,prcus-p,-0.15079384851636474,4.378054235695049
0.291,3,prcus-i,-0.6426415540556762,4.378054235695049
0.291,3,prcus-a,-0.9395716018548645,4.378054235695049
0.291,3,ifrms,0.0,4.378054235695049
0.291,3,sspls-v,0.37177951748794996,4.378054235695049
0.291,4,mcgs,0.3238965923318704,4.953084776084948
0.291,4,pos,-0.18350573151450905,4.953084776084948
0.291,4,sbps,-1.5907791745749489,4.953084776084948
0.291,4,prculs-d,-0.07427929231157096,4.953084776084948
0.291,4,prcus-p,0.0,4.953084776084948
0.291,4,prcus-i,-0.07616135741897836,4.953084776084948
0.291,4,prcus-a,-0.6615693149684428,4.953084776084948
0.291,4,ifrms,0.0,4.953084776084948
0.291,4,sspls-v,0.12831393825902762,4.953084776084948
0.291,5,mcgs,0.6239600095500137,4.84932187859308
0.291,5,pos,-0.857729722124214,4.84932187859308
0.291,5,sbps,-1.6330769550697155,4.84932187859308
0.291,5,prculs-d,-0.29402966606731146,4.84932187859308
0.291,5,prcus-p,0.0,4.84932187859308
0.291,5,prcus-i,-0.0,4.84932187859308
0.291,5,prcus-a,-0.7942458925777736,4.84932187859308
0.291,5,ifrms,0.3074043422763735,4.84932187859308
0.291,5,sspls-v,0.2505438184789484,4.84932187859308
0.291,6,mcgs,0.021968247310893422,4.787642597538417
0.291,6,pos,-0.4177287530292634,4.787642597538417
0.291,6,sbps,-0.8013943762297722,4.787642597538417
0.291,6,prculs-d,-0.7935652738069389,4.787642597538417
0.291,6,prcus-p,0.0,4.787642597538417
0.291,6,prcus-i,-0.0,4.787642597538417
0.291,6,prcus-a,-0.5973711748087628,4.787642597538417
0.291,6,ifrms,0.0,4.787642597538417
0.291,6,sspls-v,0.46820268108803564,4.787642597538417
0.291,7,mcgs,0.45641785912288474,4.9708514744418215
0.291,7,pos,-0.4475671002994761,4.9708514744418215
0.291,7,sbps,-1.5250597918238642,4.9708514744418215
0.291,7,prculs-d,-0.7869174617338435,4.9708514744418215
0.291,7,prcus-p,0.0,4.9708514744418215
0.291,7,prcus-i,-0.0,4.9708514744418215
0.291,7,prcus-a,-0.30684894533614687,4.9708514744418215
0.291,7,ifrms,0.0,4.9708514744418215
0.291,7,sspls-v,0.2105412206845255,4.9708514744418215
0.291,8,mcgs,0.36526221269153636,5.008877389308838
0.291,8,pos,-0.15579799304680617,5.008877389308838
0.291,8,sbps,-1.5940538767968788,5.008877389308838
0.291,8,prculs-d,-0.8221019832175458,5.008877389308838
0.291,8,prcus-p,0.2394148790363346,5.008877389308838
0.291,8,prcus-i,-0.0,5.008877389308838
0.291,8,prcus-a,-0.6263429818895979,5.008877389308838
0.291,8,ifrms,0.06242498897630624,5.008877389308838
0.291,8,sspls-v,0.0,5.008877389308838
0.291,9,mcgs,0.3920887649799518,5.096981134889006
0.291,9,pos,-0.3499719501920249,5.096981134889006
0.291,9,sbps,-1.3826990589526056,5.096981134889006
0.291,9,prculs-d,-0.618082272326046,5.096981134889006
0.291,9,prcus-p,0.03637494973189672,5.096981134889006
0.291,9,prcus-i,-0.0,5.096981134889006
0.291,9,prcus-a,-0.5278355124568787,5.096981134889006
0.291,9,ifrms,0.0,5.096981134889006
0.291,9,sspls-v,0.01185901648306951,5.096981134889006
0.291,10,mcgs,0.6861627332658704,4.726553227608773
0.291,10,pos,-0.2706738274738947,4.726553227608773
0.291,10,sbps,-1.2741789847534446,4.726553227608773
0.291,10,prculs-d,-0.8218325019797608,4.726553227608773
0.291,10,prcus-p,0.0,4.726553227608773
0.291,10,prcus-i,-0.0,4.726553227608773
0.291,10,prcus-a,-0.6503940837280726,4.726553227608773
0.291,10,ifrms,0.0,4.726553227608773
0.291,10,sspls-v,-0.0,4.726553227608773
0.291,11,mcgs,0.11255235576759405,4.973989166261935
0.291,11,pos,-0.2758165202873817,4.973989166261935
0.291,11,sbps,-1.54057304341979,4.973989166261935
0.291,11,prculs-d,-0.7899768555929602,4.973989166261935
0.291,11,prcus-p,0.3028840851437775,4.973989166261935
0.291,11,prcus-i,-0.0,4.973989166261935
0.291,11,prcus-a,-0.6006281737461694,4.973989166261935
0.291,11,ifrms,0.0,4.973989166261935
0.291,11,sspls-v,0.0,4.973989166261935
0.291,12,mcgs,0.3477026597678124,5.064862144423361
0.291,12,pos,-0.3293771697100547,5.064862144423361
0.291,12,sbps,-1.4332350705697474,5.064862144423361
0.291,12,prculs-d,-0.5923285071856785,5.064862144423361
0.291,12,prcus-p,0.00018633400298523532,5.064862144423361
0.291,12,prcus-i,-0.0,5.064862144423361
0.291,12,prcus-a,-0.534367095431827,5.064862144423361
0.291,12,ifrms,0.0,5.064862144423361
0.291,12,sspls-v,0.07894809640242427,5.064862144423361
0.291,13,mcgs,0.3918466350656182,4.697923010994173
0.291,13,pos,-0.46427650217375477,4.697923010994173
0.291,13,sbps,-1.3899868224967746,4.697923010994173
0.291,13,prculs-d,-0.5926647667951023,4.697923010994173
0.291,13,prcus-p,0.013187381504589856,4.697923010994173
0.291,13,prcus-i,-0.0,4.697923010994173
0.291,13,prcus-a,0.0,4.697923010994173
0.291,13,ifrms,0.25872296031000525,4.697923010994173
0.291,13,sspls-v,0.0,4.697923010994173
0.291,14,mcgs,0.35134004068544783,5.180447737325022
0.291,14,pos,-0.3220968911032856,5.180447737325022
0.291,14,sbps,-1.395937575819824,5.180447737325022
0.291,14,prculs-d,-0.6227904904277737,5.180447737325022
0.291,14,prcus-p,0.08123717359279427,5.180447737325022
0.291,14,prcus-i,-0.0,5.180447737325022
0.291,14,prcus-a,-0.5304326920288088,5.180447737325022
0.291,14,ifrms,0.0,5.180447737325022
0.291,14,sspls-v,0.008203310817054141,5.180447737325022
0.291,15,mcgs,0.2786370999410205,4.820430042500067
0.291,15,pos,-0.2672007359569593,4.820430042500067
0.291,15,sbps,-1.6104236693736083,4.820430042500067
0.291,15,prculs-d,-0.5705872141209356,4.820430042500067
0.291,15,prcus-p,0.0,4.820430042500067
0.291,15,prcus-i,-0.0,4.820430042500067
0.291,15,prcus-a,-0.7862811984515253,4.820430042500067
0.291,15,ifrms,0.11276675917589464,4.820430042500067
0.291,15,sspls-v,0.0,4.820430042500067
0.291,16,mcgs,0.353418228770634,5.162444956341202
0.291,16,pos,-0.25804937287881147,5.162444956341202
0.291,16,sbps,-1.4452815277934552,5.162444956341202
0.291,16,prculs-d,-0.6930224675881745,5.162444956341202
0.291,16,prcus-p,0.14947495281405246,5.162444956341202
0.291,16,prcus-i,-0.0,5.162444956341202
0.291,16,prcus-a,-0.5779138626372378,5.162444956341202
0.291,16,ifrms,0.0,5.162444956341202
0.291,16,sspls-v,0.07046366108604928,5.162444956341202
0.291,17,mcgs,0.189635043050433,4.583357265268064
0.291,17,pos,-0.9395342486544668,4.583357265268064
0.291,17,sbps,-0.9779542759096432,4.583357265268064
0.291,17,prculs-d,-0.21293275611861653,4.583357265268064
0.291,17,prcus-p,-0.0,4.583357265268064
0.291,17,prcus-i,0.0,4.583357265268064
0.291,17,prcus-a,-0.1523530355339427,4.583357265268064
0.291,17,ifrms,-0.0,4.583357265268064
0.291,17,sspls-v,0.020331521416236707,4.583357265268064
0.291,18,mcgs,0.3337035647972765,5.066064861320986
0.291,18,pos,-0.44161102486733916,5.066064861320986
0.291,18,sbps,-1.4626004332219433,5.066064861320986
0.291,18,prculs-d,-0.6564574616084273,5.066064861320986
0.291,18,prcus-p,0.008787788127911497,5.066064861320986
0.291,18,prcus-i,-0.0,5.066064861320986
0.291,18,prcus-a,-0.600119677575451,5.066064861320986
0.291,18,ifrms,0.11997532466422789,5.066064861320986
0.291,18,sspls-v,0.0,5.066064861320986
0.291,19,mcgs,0.5000566296543852,4.948730652571981
0.291,19,pos,-0.29207702117736434,4.948730652571981
0.291,19,sbps,-1.2367787930925132,4.948730652571981
0.291,19,prculs-d,-0.7437410770959757,4.948730652571981
0.291,19,prcus-p,0.2699058804308541,4.948730652571981
0.291,19,prcus-i,-0.0,4.948730652571981
0.291,19,prcus-a,-0.6450525683511191,4.948730652571981
0.291,19,ifrms,0.0,4.948730652571981
0.291,19,sspls-v,0.007693045305935344,4.948730652571981
0.291,20,mcgs,0.35436997216558785,4.861425019509132
0.291,20,pos,-0.2644993210990528,4.861425019509132
0.291,20,sbps,-1.2428611637531661,4.861425019509132
0.291,20,prculs-d,-0.7580831063370249,4.861425019509132
0.291,20,prcus-p,0.12816755107883757,4.861425019509132
0.291,20,prcus-i,-0.0,4.861425019509132
0.291,20,prcus-a,-0.4782445657877112,4.861425019509132
0.291,20,ifrms,-0.42977850776788973,4.861425019509132
0.291,20,sspls-v,0.0,4.861425019509132
0.291,21,mcgs,0.4469610777911639,4.776390990845444
0.291,21,pos,-0.13135282535365708,4.776390990845444
0.291,21,sbps,-1.3131577503261513,4.776390990845444
0.291,21,prculs-d,-0.6881024015428917,4.776390990845444
0.291,21,prcus-p,0.08760521186384643,4.776390990845444
0.291,21,prcus-i,-0.0,4.776390990845444
0.291,21,prcus-a,-0.4685719490420581,4.776390990845444
0.291,21,ifrms,0.0,4.776390990845444
0.291,21,sspls-v,0.0,4.776390990845444
0.291,22,mcgs,0.36101724027952786,5.090463980903202
0.291,22,pos,-0.3368264758717117,5.090463980903202
0.291,22,sbps,-1.3779094909337486,5.090463980903202
0.291,22,prculs-d,-0.6270744874050452,5.090463980903202
0.291,22,prcus-p,0.014232016204980326,5.090463980903202
0.291,22,prcus-i,-0.0,5.090463980903202
0.291,22,prcus-a,-0.5530476961133258,5.090463980903202
0.291,22,ifrms,4.7451891059912715e-05,5.090463980903202
0.291,22,sspls-v,0.0,5.090463980903202
0.291,23,mcgs,0.5382102658782321,5.129442813725137
0.291,23,pos,-0.26742880305398103,5.129442813725137
0.291,23,sbps,-1.4640260003416332,5.129442813725137
0.291,23,prculs-d,-0.7075165315175954,5.129442813725137
0.291,23,prcus-p,0.09279990191296371,5.129442813725137
0.291,23,prcus-i,-0.0,5.129442813725137
0.291,23,prcus-a,-0.603218071898122,5.129442813725137
0.291,23,ifrms,0.09159339293731845,5.129442813725137
0.291,23,sspls-v,0.061286365146608505,5.129442813725137
0.291,24,mcgs,0.620406615448396,4.829486912828447
0.291,24,pos,-0.05672901200092655,4.829486912828447
0.291,24,sbps,-1.4154688046255903,4.829486912828447
0.291,24,prculs-d,-0.868644190695977,4.829486912828447
0.291,24,prcus-p,0.07089169569472405,4.829486912828447
0.291,24,prcus-i,-0.0,4.829486912828447
0.291,24,prcus-a,-0.3821723030227204,4.829486912828447
0.291,24,ifrms,0.0,4.829486912828447
0.291,24,sspls-v,0.21116447426428553,4.829486912828447
0.291,25,mcgs,0.367060161449771,5.102205335988682
0.291,25,pos,-0.25668106716508066,5.102205335988682
0.291,25,sbps,-1.5250017516309138,5.102205335988682
0.291,25,prculs-d,-0.7023498761747127,5.102205335988682
0.291,25,prcus-p,0.0,5.102205335988682
0.291,25,prcus-i,-0.20664259574266647,5.102205335988682
0.291,25,prcus-a,-0.7311207899040996,5.102205335988682
0.291,25,ifrms,0.1940696563375541,5.102205335988682
0.291,25,sspls-v,0.25121125602006134,5.102205335988682
0.291,26,mcgs,0.08613992570567537,4.5212938301983865
0.291,26,pos,-0.0,4.5212938301983865
0.291,26,sbps,-1.3747091723747742,4.5212938301983865
0.291,26,prculs-d,-0.4011375638290459,4.5212938301983865
0.291,26,prcus-p,0.0,4.5212938301983865
0.291,26,prcus-i,-0.0,4.5212938301983865
0.291,26,prcus-a,-0.36421740503223077,4.5212938301983865
0.291,26,ifrms,0.27373751453450673,4.5212938301983865
0.291,26,sspls-v,0.07302249472269794,4.5212938301983865
0.291,27,mcgs,0.3937509896836184,5.078010200879546
0.291,27,pos,-0.32858107039835655,5.078010200879546
0.291,27,sbps,-1.3510283973806094,5.078010200879546
0.291,27,prculs-d,-0.6633429600736261,5.078010200879546
0.291,27,prcus-p,0.018250883671307443,5.078010200879546
0.291,27,prcus-i,-0.0,5.078010200879546
0.291,27,prcus-a,-0.546928898353774,5.078010200879546
0.291,27,ifrms,0.0,5.078010200879546
0.291,27,sspls-v,0.0,5.078010200879546
0.291,28,mcgs,0.33852574886911985,5.12980761145787
0.291,28,pos,-0.2799022496481732,5.12980761145787
0.291,28,sbps,-1.337186497248604,5.12980761145787
0.291,28,prculs-d,-0.638152731214118,5.12980761145787
0.291,28,prcus-p,0.0,5.12980761145787
0.291,28,prcus-i,-0.0,5.12980761145787
0.291,28,prcus-a,-0.5362192607925738,5.12980761145787
0.291,28,ifrms,0.05501644156393242,5.12980761145787
0.291,28,sspls-v,0.0495408744025555,5.12980761145787
0.291,29,mcgs,0.7518741415558791,4.8848752436342435
0.291,29,pos,-0.0,4.8848752436342435
0.291,29,sbps,-0.6365749303099368,4.8848752436342435
0.291,29,prculs-d,-0.6503506119494905,4.8848752436342435
0.291,29,prcus-p,0.14036862429711072,4.8848752436342435
0.291,29,prcus-i,-0.32454719564117496,4.8848752436342435
0.291,29,prcus-a,-0.25327997402273406,4.8848752436342435
0.291,29,ifrms,0.05563536922104808,4.8848752436342435
0.291,29,sspls-v,0.17840397920010537,4.8848752436342435
0.311,0,mcgs,0.24382160780428555,5.018480006097757
0.311,0,pos,-0.4139469574347378,5.018480006097757
0.311,0,sbps,-1.2668096667642743,5.018480006097757
0.311,0,prculs-d,-0.5236307651305133,5.018480006097757
0.311,0,prcus-p,0.0,5.018480006097757
0.311,0,prcus-i,-0.0,5.018480006097757
0.311,0,prcus-a,-0.48865152950346474,5.018480006097757
0.311,0,ifrms,0.0,5.018480006097757
0.311,0,sspls-v,0.0,5.018480006097757
0.311,1,mcgs,0.3641288928842601,5.142906848317394
0.311,1,pos,-0.3758702723616267,5.142906848317394
0.311,1,sbps,-1.3733914737620696,5.142906848317394
0.311,1,prculs-d,-0.6290222742578568,5.142906848317394
0.311,1,prcus-p,0.041612827604963355,5.142906848317394
0.311,1,prcus-i,-0.0,5.142906848317394
0.311,1,prcus-a,-0.5645585713564152,5.142906848317394
0.311,1,ifrms,0.0,5.142906848317394
0.311,1,sspls-v,0.2064927901410232,5.142906848317394
0.311,2,mcgs,0.21881475514845433,4.751387497401954
0.311,2,pos,-0.2893719528633231,4.751387497401954
0.311,2,sbps,-1.6282952789300582,4.751387497401954
0.311,2,prculs-d,-0.34878737854702635,4.751387497401954
0.311,2,prcus-p,0.12776162430837554,4.751387497401954
0.311,2,prcus-i,0.0,4.751387497401954
0.311,2,prcus-a,-0.8027494491658574,4.751387497401954
0.311,2,ifrms,0.28272184107303305,4.751387497401954
0.311,2,sspls-v,0.0,4.751387497401954
0.311,3,mcgs,0.0,4.343374592552219
0.311,3,pos,-0.0,4.343374592552219
0.311,3,sbps,-1.8579395622076746,4.343374592552219
0.311,3,prculs-d,-1.1492773574578068,4.343374592552219
0.311,3,prcus-p,-0.12303844259958023,4.343374592552219
0.311,3,prcus-i,-0.5979460444602943,4.343374592552219
0.311,3,prcus-a,-0.9126187030521463,4.343374592552219
0.311,3,ifrms,0.0,4.343374592552219
0.311,3,sspls-v,0.32755651614227116,4.343374592552219
0.311,4,mcgs,0.3036322715496358,4.913182061825682
0.311,4,pos,-0.18092448478069692,4.913182061825682
0.311,4,sbps,-1.5654988442160451,4.913182061825682
0.311,4,prculs-d,-0.0602342949310508,4.913182061825682
0.311,4,prcus-p,0.0,4.913182061825682
0.311,4,prcus-i,-0.0468893127847747,4.913182061825682
0.311,4,prcus-a,-0.6402036325577344,4.913182061825682
0.311,4,ifrms,0.0,4.913182061825682
0.311,4,sspls-v,0.08879909793796929,4.913182061825682
0.311,5,mcgs,0.5968152883977578,4.814638723987475
0.311,5,pos,-0.8435113620311973,4.814638723987475
0.311,5,sbps,-1.5717296713398807,4.814638723987475
0.311,5,prculs-d,-0.28287770457277733,4.814638723987475
0.311,5,prcus-p,0.0,4.814638723987475
0.311,5,prcus-i,-0.0,4.814638723987475
0.311,5,prcus-a,-0.7529558316517644,4.814638723987475
0.311,5,ifrms,0.2560167831712635,4.814638723987475
0.311,5,sspls-v,0.21228194191709038,4.814638723987475
0.311,6,mcgs,0.004259009979408831,4.752918462200385
0.311,6,pos,-0.4074045751529088,4.752918462200385
0.311,6,sbps,-0.774743431158575,4.752918462200385
0.311,6,prculs-d,-0.7738452997996693,4.752918462200385
0.311,6,prcus-p,0.0,4.752918462200385
0.311,6,prcus-i,-0.0,4.752918462200385
0.311,6,prcus-a,-0.5765386209279021,4.752918462200385
0.311,6,ifrms,0.0,4.752918462200385
0.311,6,sspls-v,0.44946315234316014,4.752918462200385
0.311,7,mcgs,0.43423682860398627,4.930986900292047
0.311,7,pos,-0.43446481886698324,4.930986900292047
0.311,7,sbps,-1.484739064228476,4.930986900292047
0.311,7,prculs-d,-0.7613977473344437,4.930986900292047
0.311,7,prcus-p,0.0,4.930986900292047
0.311,7,prcus-i,-0.0,4.930986900292047
0.311,7,prcus-a,-0.29483992696162437,4.930986900292047
0.311,7,ifrms,0.0,4.930986900292047
0.311,7,sspls-v,0.17643211673429404,4.930986900292047
0.311,8,mcgs,0.3426851788722525,4.966520252307992
0.311,8,pos,-0.15768318423047706,4.966520252307992
0.311,8,sbps,-1.5501842838483368,4.966520252307992
0.311,8,prculs-d,-0.7903545194526037,4.966520252307992
0.311,8,prcus-p,0.21597651998919581,4.966520252307992
0.311,8,prcus-i,-0.0,4.966520252307992
0.311,8,prcus-a,-0.5865448764384735,4.966520252307992
0.311,8,ifrms,0.024734544465067468,4.966520252307992
0.311,8,sspls-v,0.0,4.966520252307992
0.311,9,mcgs,0.37520996034348364,5.041242961733042
0.311,9,pos,-0.3501828186058663,5.041242961733042
0.311,9,sbps,-1.3500738453760102,5.041242961733042
0.311,9,prculs-d,-0.587044776687075,5.041242961733042
0.311,9,prcus-p,0.007274230293237531,5.041242961733042
0.311,9,prcus-i,-0.0,5.041242961733042
0.311,9,prcus-a,-0.5011339189248537,5.041242961733042
0.311,9,ifrms,0.0,5.041242961733042
0.311,9,sspls-v,0.0,5.041242961733042
0.311,10,mcgs,0.6650260203806625,4.7036630093026135
0.311,10,pos,-0.25812719307023463,4.7036630093026135
0.311,10,sbps,-1.24859376566473,4.7036630093026135
0.311,10,prculs-d,-0.7983277612790123,4.7036630093026135
0.311,10,prcus-p,0.0,4.7036630093026135
0.311,10,prcus-i,-0.0,4.7036630093026135
0.311,10,prcus-a,-0.6245192660194819,4.7036630093026135
0.311,10,ifrms,0.0,4.7036630093026135
0.311,10,sspls-v,-0.0,4.7036630093026135
0.311,11,mcgs,0.10357014962380694,4.931598579692902
0.311,11,pos,-0.2751033421434151,4.931598579692902
0.311,11,sbps,-1.5087773548051127,4.931598579692902
0.311,11,prculs-d,-0.7554785933852807,4.931598579692902
0.311,11,prcus-p,0.2693930198459206,4.931598579692902
0.311,11,prcus-i,-0.0,4.931598579692902
0.311,11,prcus-a,-0.5713059296797809,4.931598579692902
0.311,11,ifrms,0.0,4.931598579692902
0.311,11,sspls-v,0.0,4.931598579692902
0.311,12,mcgs,0.32957910767901866,5.012408415997303
0.311,12,pos,-0.3202051687934022,5.012408415997303
0.311,12,sbps,-1.395263299417934,5.012408415997303
0.311,12,prculs-d,-0.5735680199993858,5.012408415997303
0.311,12,prcus-p,0.0,5.012408415997303
0.311,12,prcus-i,-0.0,5.012408415997303
0.311,12,prcus-a,-0.5124041002896236,5.012408415997303
0.311,12,ifrms,0.0,5.012408415997303
0.311,12,sspls-v,0.049664229611231035,5.012408415997303
0.311,13,mcgs,0.365177253414303,4.670601069422907
0.311,13,pos,-0.45684873219580663,4.670601069422907
0.311,13,sbps,-1.3651052839732962,4.670601069422907
0.311,13,prculs-d,-0.5637226369036084,4.670601069422907
0.311,13,prcus-p,0.0,4.670601069422907
0.311,13,prcus-i,-0.0,4.670601069422907
0.311,13,prcus-a,0.0,4.670601069422907
0.311,13,ifrms,0.23152739333728434,4.670601069422907
0.311,13,sspls-v,0.0,4.670601069422907
0.311,14,mcgs,0.33163960675401055,5.122217207771187
0.311,14,pos,-0.32100369901358206,5.122217207771187
0.311,14,sbps,-1.365136489569045,5.122217207771187
0.311,14,prculs-d,-0.5915506231430375,5.122217207771187
0.311,14,prcus-p,0.06009285554271152,5.122217207771187
0.311,14,prcus-i,-0.0,5.122217207771187
0.311,14,prcus-a,-0.503229672880543,5.122217207771187
0.311,14,ifrms,0.0,5.122217207771187
0.311,14,sspls-v,0.0,5.122217207771187
0.311,15,mcgs,0.25569971095454186,4.784583510836212
0.311,15,pos,-0.2588889705571078,4.784583510836212
0.311,15,sbps,-1.5667257407451785,4.784583510836212
0.311,15,prculs-d,-0.5504613661679296,4.784583510836212
0.311,15,prcus-p,0.0,4.784583510836212
0.311,15,prcus-i,-0.0,4.784583510836212
0.311,15,prcus-a,-0.7457904990491371,4.784583510836212
0.311,15,ifrms,0.07065142939138508,4.784583510836212
0.311,15,sspls-v,0.0,4.784583510836212
0.311,16,mcgs,0.33987664621503594,5.111899118137889
0.311,16,pos,-0.27655707906997123,5.111899118137889
0.311,16,sbps,-1.393700861386267,5.111899118137889
0.311,16,prculs-d,-0.6526108647320389,5.111899118137889
0.311,16,prcus-p,0.0969707378837972,5.111899118137889
0.311,16,prcus-i,-0.0,5.111899118137889
0.311,16,prcus-a,-0.5464176834233045,5.111899118137889
0.311,16,ifrms,0.0,5.111899118137889
0.311,16,sspls-v,0.02553182708437653,5.111899118137889
0.311,17,mcgs,0.16958487237447845,4.549112442649305
0.311,17,pos,-0.932095398930269,4.549112442649305
0.311,17,sbps,-0.9426300087665668,4.549112442649305
0.311,17,prculs-d,-0.1901592492216523,4.549112442649305
0.311,17,prcus-p,-0.0,4.549112442649305
0.311,17,prcus-i,0.0,4.549112442649305
0.311,17,prcus-a,-0.12750217589743104,4.549112442649305
0.311,17,ifrms,-0.0,4.549112442649305
0.311,17,sspls-v,0.0,4.549112442649305
0.311,18,mcgs,0.3133019335206671,5.0215065009975115
0.311,18,pos,-0.4299100961266473,5.0215065009975115
0.311,18,sbps,-1.4167828381045011,5.0215065009975115
0.311,18,prculs-d,-0.6311612956251125,5.0215065009975115
0.311,18,prcus-p,0.0,5.0215065009975115
0.311,18,prcus-i,-0.0,5.0215065009975115
0.311,18,prcus-a,-0.5580658098214534,5.0215065009975115
0.311,18,ifrms,0.07596118324820829,5.0215065009975115
0.311,18,sspls-v,0.0,5.0215065009975115
0.311,19,mcgs,0.4811782862333736,4.909133129443706
0.311,19,pos,-0.29223589580024356,4.909133129443706
0.311,19,sbps,-1.2079313524924065,4.909133129443706
0.311,19,prculs-d,-0.7100708584373313,4.909133129443706
0.311,19,prcus-p,0.23942717463699442,4.909133129443706
0.311,19,prcus-i,-0.0,4.909133129443706
0.311,19,prcus-a,-0.6176988293486243,4.909133129443706
0.311,19,ifrms,0.0,4.909133129443706
0.311,19,sspls-v,0.0,4.909133129443706
0.311,20,mcgs,0.33827677197833983,4.838193724975346
0.311,20,pos,-0.264142994507788,4.838193724975346
0.311,20,sbps,-1.222278654123556,4.838193724975346
0.311,20,prculs-d,-0.7217466297861225,4.838193724975346
0.311,20,prcus-p,0.09435662093486508,4.838193724975346
0.311,20,prcus-i,-0.0,4.838193724975346
0.311,20,prcus-a,-0.45591701654271916,4.838193724975346
0.311,20,ifrms,-0.4128381781815832,4.838193724975346
0.311,20,sspls-v,0.0,4.838193724975346
0.311,21,mcgs,0.4290703661133062,4.738406321549321
0.311,21,pos,-0.12947425721938494,4.738406321549321
0.311,21,sbps,-1.2849652822651154,4.738406321549321
0.311,21,prculs-d,-0.6551934189708636,4.738406321549321
0.311,21,prcus-p,0.059332559906929205,4.738406321549321
0.311,21,prcus-i,-0.0,4.738406321549321
0.311,21,prcus-a,-0.440486141115542,4.738406321549321
0.311,21,ifrms,0.0,4.738406321549321
0.311,21,sspls-v,0.0,4.738406321549321
0.311,22,mcgs,0.3417238642612072,5.030231531357796
0.311,22,pos,-0.3295337505746318,5.030231531357796
0.311,22,sbps,-1.3522155919806245,5.030231531357796
0.311,22,prculs-d,-0.5996630260323962,5.030231531357796
0.311,22,prcus-p,0.0,5.030231531357796
0.311,22,prcus-i,-0.0,5.030231531357796
0.311,22,prcus-a,-0.5302550194712459,5.030231531357796
0.311,22,ifrms,0.0,5.030231531357796
0.311,22,sspls-v,0.0,5.030231531357796
0.311,23,mcgs,0.5061174299168503,5.077744268192607
0.311,23,pos,-0.27760811477139546,5.077744268192607
0.311,23,sbps,-1.3995122359620387,5.077744268192607
0.311,23,prculs-d,-0.6760914894197914,5.077744268192607
0.311,23,prcus-p,0.06204382417723084,5.077744268192607
0.311,23,prcus-i,-0.0,5.077744268192607
0.311,23,prcus-a,-0.5611730520450379,5.077744268192607
0.311,23,ifrms,0.04348183813658231,5.077744268192607
0.311,23,sspls-v,0.018911450761224108,5.077744268192607
0.311,24,mcgs,0.6011372640813036,4.786089465371949
0.311,24,pos,-0.06540829337548941,4.786089465371949
0.311,24,sbps,-1.3741377873798752,4.786089465371949
0.311,24,prculs-d,-0.8326793942808761,4.786089465371949
0.311,24,prcus-p,0.035478278628419596,4.786089465371949
0.311,24,prcus-i,-0.0,4.786089465371949
0.311,24,prcus-a,-0.3594774499093574,4.786089465371949
0.311,24,ifrms,0.0,4.786089465371949
0.311,24,sspls-v,0.17559243266017646,4.786089465371949
0.311,25,mcgs,0.33835421589022413,5.063693152826194
0.311,25,pos,-0.2655235909091425,5.063693152826194
0.311,25,sbps,-1.4801909016691517,5.063693152826194
0.311,25,prculs-d,-0.6785042650900045,5.063693152826194
0.311,25,prcus-p,0.0,5.063693152826194
0.311,25,prcus-i,-0.1580952585033726,5.063693152826194
0.311,25,prcus-a,-0.6911349599713078,5.063693152826194
0.311,25,ifrms,0.13848341909003425,5.063693152826194
0.311,25,sspls-v,0.1933911652595798,5.063693152826194
0.311,26,mcgs,0.06085168871545685,4.472296779689239
0.311,26,pos,-0.0,4.472296779689239
0.311,26,sbps,-1.3185454528737963,4.472296779689239
0.311,26,prculs-d,-0.3798221121358515,4.472296779689239
0.311,26,prcus-p,0.0,4.472296779689239
0.311,26,prcus-i,-0.0,4.472296779689239
0.311,26,prcus-a,-0.32731420884904344,4.472296779689239
0.311,26,ifrms,0.23095728687806497,4.472296779689239
0.311,26,sspls-v,0.03879253293197222,4.472296779689239
0.311,27,mcgs,0.3741701604968693,5.0208035636852415
0.311,27,pos,-0.32357426153310165,5.0208035636852415
0.311,27,sbps,-1.325578046246572,5.0208035636852415
0.311,27,prculs-d,-0.6334463996622782,5.0208035636852415
0.311,27,prcus-p,0.0,5.0208035636852415
0.311,27,prcus-i,-0.0,5.0208035636852415
0.311,27,prcus-a,-0.52024441711062,5.0208035636852415
0.311,27,ifrms,0.0,5.0208035636852415
0.311,27,sspls-v,0.0,5.0208035636852415
0.311,28,mcgs,0.31566143210853514,5.076139292024902
0.311,28,pos,-0.27369244973512064,5.076139292024902
0.311,28,sbps,-1.2839784059620145,5.076139292024902
0.311,28,prculs-d,-0.6191498676127172,5.076139292024902
0.311,28,prcus-p,0.0,5.076139292024902
0.311,28,prcus-i,-0.0,5.076139292024902
0.311,28,prcus-a,-0.5001332222842021,5.076139292024902
0.311,28,ifrms,0.014817919722352718,5.076139292024902
0.311,28,sspls-v,0.018683773226222188,5.076139292024902
0.311,29,mcgs,0.7287240535423775,4.833038855699746
0.311,29,pos,-0.0,4.833038855699746
0.311,29,sbps,-0.594216500759525,4.833038855699746
0.311,29,prculs-d,-0.6258154103719744,4.833038855699746
0.311,29,prcus-p,0.12637996504031526,4.833038855699746
0.311,29,prcus-i,-0.2933510609740139,4.833038855699746
0.311,29,prcus-a,-0.21823414632006966,4.833038855699746
0.311,29,ifrms,0.01221944233030594,4.833038855699746
0.311,29,sspls-v,0.13241376802220595,4.833038855699746
0.332,0,mcgs,0.21956267607938706,4.957694548545135
0.332,0,pos,-0.40407576110338894,4.957694548545135
0.332,0,sbps,-1.237180061016851,4.957694548545135
0.332,0,prculs-d,-0.4965705394719876,4.957694548545135
0.332,0,prcus-p,0.0,4.957694548545135
0.332,0,prcus-i,-0.0,4.957694548545135
0.332,0,prcus-a,-0.460602425959861,4.957694548545135
0.332,0,ifrms,0.0,4.957694548545135
0.332,0,sspls-v,0.0,4.957694548545135
0.332,1,mcgs,0.3459573688071536,5.090300934909171
0.332,1,pos,-0.37984616855311487,5.090300934909171
0.332,1,sbps,-1.3312243221482218,5.090300934909171
0.332,1,prculs-d,-0.5933394024672921,5.090300934909171
0.332,1,prcus-p,0.0039535631243662675,5.090300934909171
0.332,1,prcus-i,-0.0,5.090300934909171
0.332,1,prcus-a,-0.5375246171216876,5.090300934909171
0.332,1,ifrms,0.0,5.090300934909171
0.332,1,sspls-v,0.17003515219988452,5.090300934909171
0.332,2,mcgs,0.19594858137329835,4.721588992502489
0.332,2,pos,-0.2872558545044796,4.721588992502489
0.332,2,sbps,-1.5840542305346936,4.721588992502489
0.332,2,prculs-d,-0.3213199113322036,4.721588992502489
0.332,2,prcus-p,0.10754987409838215,4.721588992502489
0.332,2,prcus-i,0.0,4.721588992502489
0.332,2,prcus-a,-0.7609741945281098,4.721588992502489
0.332,2,ifrms,0.24332886733702302,4.721588992502489
0.332,2,sspls-v,0.0,4.721588992502489
0.332,3,mcgs,0.0,4.305999102776377
0.332,3,pos,-0.0,4.305999102776377
0.332,3,sbps,-1.8271157516876717,4.305999102776377
0.332,3,prculs-d,-1.1341873869552281,4.305999102776377
0.332,3,prcus-p,-0.09389253973807624,4.305999102776377
0.332,3,prcus-i,-0.5509643832024543,4.305999102776377
0.332,3,prcus-a,-0.8843286964805614,4.305999102776377
0.332,3,ifrms,-0.0,4.305999102776377
0.332,3,sspls-v,0.2810833593740849,4.305999102776377
0.332,4,mcgs,0.2823249654386543,4.873992712315674
0.332,4,pos,-0.1782449655439788,4.873992712315674
0.332,4,sbps,-1.5390172092376253,4.873992712315674
0.332,4,prculs-d,-0.04548293478252588,4.873992712315674
0.332,4,prcus-p,0.0,4.873992712315674
0.332,4,prcus-i,-0.016106019101487175,4.873992712315674
0.332,4,prcus-a,-0.6177918529050873,4.873992712315674
0.332,4,ifrms,0.0,4.873992712315674
0.332,4,sspls-v,0.04730004987691027,4.873992712315674
0.332,5,mcgs,0.5682775492279364,4.782823257515923
0.332,5,pos,-0.828604899624537,4.782823257515923
0.332,5,sbps,-1.5073845063631721,4.782823257515923
0.332,5,prculs-d,-0.2711354478275912,4.782823257515923
0.332,5,prcus-p,0.0,4.782823257515923
0.332,5,prcus-i,-0.0,4.782823257515923
0.332,5,prcus-a,-0.7096253407339762,4.782823257515923
0.332,5,ifrms,0.20208022143952098,4.782823257515923
0.332,5,sspls-v,0.17213032381142646,4.782823257515923
0.332,6,mcgs,0.0,4.722192271103418
0.332,6,pos,-0.3942476374525508,4.722192271103418
0.332,6,sbps,-0.7458706296009219,4.722192271103418
0.332,6,prculs-d,-0.7570672432424952,4.722192271103418
0.332,6,prcus-p,0.0,4.722192271103418
0.332,6,prcus-i,-0.0,4.722192271103418
0.332,6,prcus-a,-0.5525804192742361,4.722192271103418
0.332,6,ifrms,0.0,4.722192271103418
0.332,6,sspls-v,0.42775317766215565,4.722192271103418
0.332,7,mcgs,0.4109467465591425,4.8936457930549295
0.332,7,pos,-0.42070742336286665,4.8936457930549295
0.332,7,sbps,-1.4424023002533186,4.8936457930549295
0.332,7,prculs-d,-0.7346020472150742,4.8936457930549295
0.332,7,prcus-p,0.0,4.8936457930549295
0.332,7,prcus-i,-0.0,4.8936457930549295
0.332,7,prcus-a,-0.282230457668376,4.8936457930549295
0.332,7,ifrms,0.0,4.8936457930549295
0.332,7,sspls-v,0.14061755758655162,4.8936457930549295
0.332,8,mcgs,0.320732996058196,4.918670766126998
0.332,8,pos,-0.15959772097465477,4.918670766126998
0.332,8,sbps,-1.5095766464556724,4.918670766126998
0.332,8,prculs-d,-0.7553726506410994,4.918670766126998
0.332,8,prcus-p,0.1879649202369111,4.918670766126998
0.332,8,prcus-i,-0.0,4.918670766126998
0.332,8,prcus-a,-0.5491933358687131,4.918670766126998
0.332,8,ifrms,0.0,4.918670766126998
0.332,8,sspls-v,0.0,4.918670766126998
0.332,9,mcgs,0.3560201254802853,4.9845142965284
0.332,9,pos,-0.3398570705100286,4.9845142965284
0.332,9,sbps,-1.321635027228313,4.9845142965284
0.332,9,prculs-d,-0.5618394159281682,4.9845142965284
0.332,9,prcus-p,0.0,4.9845142965284
0.332,9,prcus-i,-0.0,4.9845142965284
0.332,9,prcus-a,-0.47351464746236044,4.9845142965284
0.332,9,ifrms,0.0,4.9845142965284
0.332,9,sspls-v,0.0,4.9845142965284
0.332,10,mcgs,0.6428324718511935,4.685063540702182
0.332,10,pos,-0.24495322694639116,4.685063540702182
0.332,10,sbps,-1.2217292856215796,4.685063540702182
0.332,10,prculs-d,-0.7736477835432262,4.685063540702182
0.332,10,prcus-p,0.0,4.685063540702182
0.332,10,prcus-i,-0.0,4.685063540702182
0.332,10,prcus-a,-0.5973507074254639,4.685063540702182
0.332,10,ifrms,0.0,4.685063540702182
0.332,10,sspls-v,-0.0,4.685063540702182
0.332,11,mcgs,0.09413880934157796,4.890833659716881
0.332,11,pos,-0.2743549541683803,4.890833659716881
0.332,11,sbps,-1.4753917456480279,4.890833659716881
0.332,11,prculs-d,-0.7192550217513438,4.890833659716881
0.332,11,prcus-p,0.2342270880728712,4.890833659716881
0.332,11,prcus-i,-0.0,4.890833659716881
0.332,11,prcus-a,-0.5405174981243566,4.890833659716881
0.332,11,ifrms,0.0,4.890833659716881
0.332,11,sspls-v,0.0,4.890833659716881
0.332,12,mcgs,0.310570524126733,4.957707823697339
0.332,12,pos,-0.3104946341964512,4.957707823697339
0.332,12,sbps,-1.3553755803581935,4.957707823697339
0.332,12,prculs-d,-0.5539549212620001,4.957707823697339
0.332,12,prcus-p,0.0,4.957707823697339
0.332,12,prcus-i,-0.0,4.957707823697339
0.332,12,prcus-a,-0.4893581148831481,4.957707823697339
0.332,12,ifrms,0.0,4.957707823697339
0.332,12,sspls-v,0.018926175145727694,4.957707823697339
0.332,13,mcgs,0.3360792605855205,4.645378617434721
0.332,13,pos,-0.4436633465486885,4.645378617434721
0.332,13,sbps,-1.338417777332075,4.645378617434721
0.332,13,prculs-d,-0.5386554529209989,4.645378617434721
0.332,13,prcus-p,0.0,4.645378617434721
0.332,13,prcus-i,-0.0,4.645378617434721
0.332,13,prcus-a,0.0,4.645378617434721
0.332,13,ifrms,0.19984649414137487,4.645378617434721
0.332,13,sspls-v,0.0,4.645378617434721
0.332,14,mcgs,0.31060588989356075,5.060684866737943
0.332,14,pos,-0.3182451674830459,5.060684866737943
0.332,14,sbps,-1.3362109099703223,5.060684866737943
0.332,14,prculs-d,-0.5588329431934089,5.060684866737943
0.332,14,prcus-p,0.039347343450623816,5.060684866737943
0.332,14,prcus-i,-0.0,5.060684866737943
0.332,14,prcus-a,-0.47394993018027715,5.060684866737943
0.332,14,ifrms,0.0,5.060684866737943
0.332,14,sspls-v,0.0,5.060684866737943
0.332,15,mcgs,0.23161545251873944,4.749698136483828
0.332,15,pos,-0.25016161688726357,4.749698136483828
0.332,15,sbps,-1.5208429156853271,4.749698136483828
0.332,15,prculs-d,-0.5293292258172726,4.749698136483828
0.332,15,prcus-p,0.0,4.749698136483828
0.332,15,prcus-i,-0.0,4.749698136483828
0.332,15,prcus-a,-0.7032752646766289,4.749698136483828
0.332,15,ifrms,0.02643033311765018,4.749698136483828
0.332,15,sspls-v,0.0,4.749698136483828
0.332,16,mcgs,0.3240919421780349,5.055782828046556
0.332,16,pos,-0.2891850270481448,5.055782828046556
0.332,16,sbps,-1.3495339541440738,5.055782828046556
0.332,16,prculs-d,-0.6121256792849399,5.055782828046556
0.332,16,prcus-p,0.05011236055539692,5.055782828046556
0.332,16,prcus-i,-0.0,5.055782828046556
0.332,16,prcus-a,-0.5132500038991554,5.055782828046556
0.332,16,ifrms,0.0,5.055782828046556
0.332,16,sspls-v,0.0,5.055782828046556
0.332,17,mcgs,0.14784914464869495,4.517258901585393
0.332,17,pos,-0.9220255293600912,4.517258901585393
0.332,17,sbps,-0.9136952265625599,4.517258901585393
0.332,17,prculs-d,-0.1649763106112136,4.517258901585393
0.332,17,prcus-p,-0.0,4.517258901585393
0.332,17,prcus-i,0.0,4.517258901585393
0.332,17,prcus-a,-0.0992727573862021,4.517258901585393
0.332,17,ifrms,-0.0,4.517258901585393
0.332,17,sspls-v,0.0,4.517258901585393
0.332,18,mcgs,0.2911525047579388,4.973329138770963
0.332,18,pos,-0.4142269238604756,4.973329138770963
0.332,18,sbps,-1.3683398944596485,4.973329138770963
0.332,18,prculs-d,-0.6081200786045382,4.973329138770963
0.332,18,prcus-p,0.0,4.973329138770963
0.332,18,prcus-i,-0.0,4.973329138770963
0.332,18,prcus-a,-0.5139866370543523,4.973329138770963
0.332,18,ifrms,0.027744546140684084,4.973329138770963
0.332,18,sspls-v,0.0,4.973329138770963
0.332,19,mcgs,0.4610500435729563,4.871734412405408
0.332,19,pos,-0.29087439823328126,4.871734412405408
0.332,19,sbps,-1.1807897773758367,4.871734412405408
0.332,19,prculs-d,-0.6748306110431902,4.871734412405408
0.332,19,prcus-p,0.20890203110151911,4.871734412405408
0.332,19,prcus-i,-0.0,4.871734412405408
0.332,19,prcus-a,-0.5883079815736262,4.871734412405408
0.332,19,ifrms,0.0,4.871734412405408
0.332,19,sspls-v,0.0,4.871734412405408
0.332,20,mcgs,0.3213789117817296,4.813843330968192
0.332,20,pos,-0.26376885158695956,4.813843330968192
0.332,20,sbps,-1.2006670190124653,4.813843330968192
0.332,20,prculs-d,-0.6835933294076757,4.813843330968192
0.332,20,prcus-p,0.05885514428369272,4.813843330968192
0.332,20,prcus-i,-0.0,4.813843330968192
0.332,20,prcus-a,-0.4324730898354779,4.813843330968192
0.332,20,ifrms,-0.3950508321159618,4.813843330968192
0.332,20,sspls-v,0.0,4.813843330968192
0.332,21,mcgs,0.41029146713767567,4.6978553944456936
0.332,21,pos,-0.12751706082156858,4.6978553944456936
0.332,21,sbps,-1.2553528859009728,4.6978553944456936
0.332,21,prculs-d,-0.6206276673186718,4.6978553944456936
0.332,21,prcus-p,0.029634811035568472,4.6978553944456936
0.332,21,prcus-i,-0.0,4.6978553944456936
0.332,21,prcus-a,-0.4109907906795127,4.6978553944456936
0.332,21,ifrms,0.0,4.6978553944456936
0.332,21,sspls-v,0.0,4.6978553944456936
0.332,22,mcgs,0.32058432195314257,4.970155528138384
0.332,22,pos,-0.31580104590556446,4.970155528138384
0.332,22,sbps,-1.3259518853517165,4.970155528138384
0.332,22,prculs-d,-0.5763411561178844,4.970155528138384
0.332,22,prcus-p,0.0,4.970155528138384
0.332,22,prcus-i,-0.0,4.970155528138384
0.332,22,prcus-a,-0.5075021265366998,4.970155528138384
0.332,22,ifrms,0.0,4.970155528138384
0.332,22,sspls-v,0.0,4.970155528138384
0.332,23,mcgs,0.47401632553722217,5.019236430806883
0.332,23,pos,-0.2830088594316398,5.019236430806883
0.332,23,sbps,-1.344714930191746,5.019236430806883
0.332,23,prculs-d,-0.6431176789390474,5.019236430806883
0.332,23,prcus-p,0.03362848669358061,5.019236430806883
0.332,23,prcus-i,-0.0,5.019236430806883
0.332,23,prcus-a,-0.5174127388629092,5.019236430806883
0.332,23,ifrms,0.0,5.019236430806883
0.332,23,sspls-v,0.0,5.019236430806883
0.332,24,mcgs,0.5808471618450379,4.743981592259424
0.332,24,pos,-0.07375517879956003,4.743981592259424
0.332,24,sbps,-1.3309560886000342,4.743981592259424
0.332,24,prculs-d,-0.7955725391473257,4.743981592259424
0.332,24,prcus-p,0.0,4.743981592259424
0.332,24,prcus-i,-0.0,4.743981592259424
0.332,24,prcus-a,-0.33572681041385316,4.743981592259424
0.332,24,ifrms,0.0,4.743981592259424
0.332,24,sspls-v,0.1385732095207426,4.743981592259424
0.332,25,mcgs,0.3081833995635392,5.019015870869667
0.332,25,pos,-0.2748238875594198,5.019015870869667
0.332,25,sbps,-1.4331881421265495,5.019015870869667
0.332,25,prculs-d,-0.6534498721828317,5.019015870869667
0.332,25,prcus-p,0.0,5.019015870869667
0.332,25,prcus-i,-0.10710676408087111,5.019015870869667
0.332,25,prcus-a,-0.6491672702316832,5.019015870869667
0.332,25,ifrms,0.08012691448031102,5.019015870869667
0.332,25,sspls-v,0.1326874242265132,5.019015870869667
0.332,26,mcgs,0.03425867643081162,4.420402854104439
0.332,26,pos,-0.0,4.420402854104439
0.332,26,sbps,-1.259631329494561,4.420402854104439
0.332,26,prculs-d,-0.35741780761951447,4.420402854104439
0.332,26,prcus-p,0.0,4.420402854104439
0.332,26,prcus-i,-0.0,4.420402854104439
0.332,26,prcus-a,-0.2885797871019411,4.420402854104439
0.332,26,ifrms,0.1860526098250009,4.420402854104439
0.332,26,sspls-v,0.0028724673914573835,4.420402854104439
0.332,27,mcgs,0.35293232994709245,4.9665091083884
0.332,27,pos,-0.3103495389756633,4.9665091083884
0.332,27,sbps,-1.299407036837224,4.9665091083884
0.332,27,prculs-d,-0.6094545883001101,4.9665091083884
0.332,27,prcus-p,0.0,4.9665091083884
0.332,27,prcus-i,-0.0,4.9665091083884
0.332,27,prcus-a,-0.4937790814385493,4.9665091083884
0.332,27,ifrms,0.0,4.9665091083884
0.332,27,sspls-v,0.0,4.9665091083884
0.332,28,mcgs,0.2923700303501429,5.014711373812026
0.332,28,pos,-0.26053891647950317,5.014711373812026
0.332,28,sbps,-1.24085563356083,5.014711373812026
0.332,28,prculs-d,-0.5974828392266058,5.014711373812026
0.332,28,prcus-p,0.0,5.014711373812026
0.332,28,prcus-i,-0.0,5.014711373812026
0.332,28,prcus-a,-0.4687116535185653,5.014711373812026
0.332,28,ifrms,0.0,5.014711373812026
0.332,28,sspls-v,0.0,5.014711373812026
0.332,29,mcgs,0.7093887187586004,4.775139171873358
0.332,29,pos,-0.0,4.775139171873358
0.332,29,sbps,-0.558334832286666,4.775139171873358
0.332,29,prculs-d,-0.5953079209756569,4.775139171873358
0.332,29,prcus-p,0.10208924788335401,4.775139171873358
0.332,29,prcus-i,-0.2680342962999492,4.775139171873358
0.332,29,prcus-a,-0.18992375183168442,4.775139171873358
0.332,29,ifrms,0.0,4.775139171873358
0.332,29,sspls-v,0.08973800328804939,4.775139171873358
0.355,0,mcgs,0.19299586948430134,4.8995756970583475
0.355,0,pos,-0.3932633178863969,4.8995756970583475
0.355,0,sbps,-1.20472789758114,4.8995756970583475
0.355,0,prculs-d,-0.4669343079528928,4.8995756970583475
0.355,0,prcus-p,0.0,4.8995756970583475
0.355,0,prcus-i,-0.0,4.8995756970583475
0.355,0,prcus-a,-0.4298816355990014,4.8995756970583475
0.355,0,ifrms,0.0,4.8995756970583475
0.355,0,sspls-v,0.0,4.8995756970583475
0.355,1,mcgs,0.32379531985100457,5.036647638317335
0.355,1,pos,-0.3687800250855255,5.036647638317335
0.355,1,sbps,-1.2893514553178425,5.036647638317335
0.355,1,prculs-d,-0.5677947006090436,5.036647638317335
0.355,1,prcus-p,0.0,5.036647638317335
0.355,1,prcus-i,-0.0,5.036647638317335
0.355,1,prcus-a,-0.510446932701805,5.036647638317335
0.355,1,ifrms,0.0,5.036647638317335
0.355,1,sspls-v,0.13708826285610123,5.036647638317335
0.355,2,mcgs,0.1709610134268136,4.6932294714227405
0.355,2,pos,-0.2848962360900314,4.6932294714227405
0.355,2,sbps,-1.5355539910233642,4.6932294714227405
0.355,2,prculs-d,-0.29128544614141333,4.6932294714227405
0.355,2,prcus-p,0.0854333830454447,4.6932294714227405
0.355,2,prcus-i,0.0,4.6932294714227405
0.355,2,prcus-a,-0.7151952236981675,4.6932294714227405
0.355,2,ifrms,0.20017138875578186,4.6932294714227405
0.355,2,sspls-v,-0.0,4.6932294714227405
0.355,3,mcgs,0.0,4.267504335215124
0.355,3,pos,-0.0,4.267504335215124
0.355,3,sbps,-1.7933568167801794,4.267504335215124
0.355,3,prculs-d,-1.1176602994452864,4.267504335215124
0.355,3,prcus-p,-0.06197041329679052,4.267504335215124
0.355,3,prcus-i,-0.49950749004448874,4.267504335215124
0.355,3,prcus-a,-0.8533446784393262,4.267504335215124
0.355,3,ifrms,-0.0,4.267504335215124
0.355,3,sspls-v,0.23018396305393968,4.267504335215124
0.355,4,mcgs,0.2606942961479985,4.8282466698114295
0.355,4,pos,-0.17013314539918584,4.8282466698114295
0.355,4,sbps,-1.5041495232625022,4.8282466698114295
0.355,4,prculs-d,-0.028055167488421268,4.8282466698114295
0.355,4,prcus-p,0.0,4.8282466698114295
0.355,4,prcus-i,-0.0,4.8282466698114295
0.355,4,prcus-a,-0.5926980612990786,4.8282466698114295
0.355,4,ifrms,0.0,4.8282466698114295
0.355,4,sspls-v,0.009394312875140516,4.8282466698114295
0.355,5,mcgs,0.5370219301371789,4.750332449263267
0.355,5,pos,-0.8122787741315274,4.750332449263267
0.355,5,sbps,-1.4369112304363023,4.750332449263267
0.355,5,prculs-d,-0.25827488091619655,4.750332449263267
0.355,5,prcus-p,0.0,4.750332449263267
0.355,5,prcus-i,-0.0,4.750332449263267
0.355,5,prcus-a,-0.6621681363954482,4.750332449263267
0.355,5,ifrms,0.14300684430475646,4.750332449263267
0.355,5,sspls-v,0.12815474207665115,4.750332449263267
0.355,6,mcgs,0.0,4.696869169777432
0.355,6,pos,-0.37908601556920885,4.696869169777432
0.355,6,sbps,-0.7139591217240557,4.696869169777432
0.355,6,prculs-d,-0.7399687731808343,4.696869169777432
0.355,6,prcus-p,0.0,4.696869169777432
0.355,6,prcus-i,-0.0,4.696869169777432
0.355,6,prcus-a,-0.525662861866461,4.696869169777432
0.355,6,ifrms,0.0,4.696869169777432
0.355,6,sspls-v,0.4033136860182623,4.696869169777432
0.355,7,mcgs,0.38543856146240923,4.85696179227959
0.355,7,pos,-0.40563979971549985,4.85696179227959
0.355,7,sbps,-1.3960334635186225,4.85696179227959
0.355,7,prculs-d,-0.705254375655765,4.85696179227959
0.355,7,prcus-p,0.0,4.85696179227959
0.355,7,prcus-i,-0.0,4.85696179227959
0.355,7,prcus-a,-0.2684200865376755,4.85696179227959
0.355,7,ifrms,0.0,4.85696179227959
0.355,7,sspls-v,0.1013920880437854,4.85696179227959
0.355,8,mcgs,0.2998280990954873,4.863606371385773
0.355,8,pos,-0.1617263221890763,4.863606371385773
0.355,8,sbps,-1.4749712218996465,4.863606371385773
0.355,8,prculs-d,-0.7139504795799164,4.863606371385773
0.355,8,prcus-p,0.1510077868090133,4.863606371385773
0.355,8,prcus-i,-0.0,4.863606371385773
0.355,8,prcus-a,-0.5163298814334341,4.863606371385773
0.355,8,ifrms,0.0,4.863606371385773
0.355,8,sspls-v,0.0,4.863606371385773
0.355,9,mcgs,0.3346571653837745,4.932066840777233
0.355,9,pos,-0.32534441655926666,4.932066840777233
0.355,9,sbps,-1.290815186517069,4.932066840777233
0.355,9,prculs-d,-0.5370724884739717,4.932066840777233
0.355,9,prcus-p,0.0,4.932066840777233
0.355,9,prcus-i,-0.0,4.932066840777233
0.355,9,prcus-a,-0.44383544170234207,4.932066840777233
0.355,9,ifrms,0.0,4.932066840777233
0.355,9,sspls-v,0.0,4.932066840777233
0.355,10,mcgs,0.6185252520332045,4.668215847291941
0.355,10,pos,-0.23052459738218173,4.668215847291941
0.355,10,sbps,-1.1923062836695573,4.668215847291941
0.355,10,prculs-d,-0.7466173317373656,4.668215847291941
0.355,10,prcus-p,0.0,4.668215847291941
0.355,10,prcus-i,-0.0,4.668215847291941
0.355,10,prcus-a,-0.5675946670605874,4.668215847291941
0.355,10,ifrms,0.0,4.668215847291941
0.355,10,sspls-v,-0.0,4.668215847291941
0.355,11,mcgs,0.08380924617532608,4.852044559891902
0.355,11,pos,-0.27353529114810304,4.852044559891902
0.355,11,sbps,-1.4388265546664591,4.852044559891902
0.355,11,prculs-d,-0.6795815861522704,4.852044559891902
0.355,11,prcus-p,0.19571201994048487,4.852044559891902
0.355,11,prcus-i,-0.0,4.852044559891902
0.355,11,prcus-a,-0.5067968349922258,4.852044559891902
0.355,11,ifrms,0.0,4.852044559891902
0.355,11,sspls-v,0.0,4.852044559891902
0.355,12,mcgs,0.28860001215787245,4.9095314031523625
0.355,12,pos,-0.29800008024810637,4.9095314031523625
0.355,12,sbps,-1.3186443909101768,4.9095314031523625
0.355,12,prculs-d,-0.5305597722274141,4.9095314031523625
0.355,12,prcus-p,0.0,4.9095314031523625
0.355,12,prcus-i,-0.0,4.9095314031523625
0.355,12,prcus-a,-0.4625772316961786,4.9095314031523625
0.355,12,ifrms,0.0,4.9095314031523625
0.355,12,sspls-v,0.0,4.9095314031523625
0.355,13,mcgs,0.30424296143415536,4.619033406335849
0.355,13,pos,-0.4292060130633986,4.619033406335849
0.355,13,sbps,-1.30919554455859,4.619033406335849
0.355,13,prculs-d,-0.5112106698901064,4.619033406335849
0.355,13,prcus-p,0.0,4.619033406335849
0.355,13,prcus-i,-0.0,4.619033406335849
0.355,13,prcus-a,0.0,4.619033406335849
0.355,13,ifrms,0.1651568093158172,4.619033406335849
0.355,13,sspls-v,0.0,4.619033406335849
0.355,14,mcgs,0.2875819326484669,5.002542388812214
0.355,14,pos,-0.315214213703938,5.002542388812214
0.355,14,sbps,-1.3045282727594651,5.002542388812214
0.355,14,prculs-d,-0.5230074235899511,5.002542388812214
0.355,14,prcus-p,0.01662727439992786,5.002542388812214
0.355,14,prcus-i,-0.0,5.002542388812214
0.355,14,prcus-a,-0.4418814263625074,5.002542388812214
0.355,14,ifrms,0.0,5.002542388812214
0.355,14,sspls-v,0.0,5.002542388812214
0.355,15,mcgs,0.207136237224357,4.708747017112295
0.355,15,pos,-0.23842770374952188,4.708747017112295
0.355,15,sbps,-1.4792972801141848,4.708747017112295
0.355,15,prculs-d,-0.5051460810692734,4.708747017112295
0.355,15,prcus-p,0.0,4.708747017112295
0.355,15,prcus-i,-0.0,4.708747017112295
0.355,15,prcus-a,-0.6642722012862752,4.708747017112295
0.355,15,ifrms,0.0,4.708747017112295
0.355,15,sspls-v,0.0,4.708747017112295
0.355,16,mcgs,0.30479112988098606,4.995436172014563
0.355,16,pos,-0.2944163587528835,4.995436172014563
0.355,16,sbps,-1.3139775533285158,4.995436172014563
0.355,16,prculs-d,-0.5701673919664086,4.995436172014563
0.355,16,prcus-p,0.009316856368549202,4.995436172014563
0.355,16,prcus-i,-0.0,4.995436172014563
0.355,16,prcus-a,-0.47676663767675664,4.995436172014563
0.355,16,ifrms,0.0,4.995436172014563
0.355,16,sspls-v,0.0,4.995436172014563
0.355,17,mcgs,0.1240433476156938,4.483518269955561
0.355,17,pos,-0.9109966245927525,4.483518269955561
0.355,17,sbps,-0.8820047508153139,4.483518269955561
0.355,17,prculs-d,-0.13739499689501886,4.483518269955561
0.355,17,prcus-p,-0.0,4.483518269955561
0.355,17,prcus-i,0.0,4.483518269955561
0.355,17,prcus-a,-0.06835482282628534,4.483518269955561
0.355,17,ifrms,-0.0,4.483518269955561
0.355,17,sspls-v,0.0,4.483518269955561
0.355,18,mcgs,0.2683664154747229,4.918914277573069
0.355,18,pos,-0.397608114418061,4.918914277573069
0.355,18,sbps,-1.3256247350371229,4.918914277573069
0.355,18,prculs-d,-0.5825504459745364,4.918914277573069
0.355,18,prcus-p,0.0,4.918914277573069
0.355,18,prcus-i,-0.0,4.918914277573069
0.355,18,prcus-a,-0.47438046524802135,4.918914277573069
0.355,18,ifrms,0.0,4.918914277573069
0.355,18,sspls-v,0.0,4.918914277573069
0.355,19,mcgs,0.43900482542107105,4.8356563134861785
0.355,19,pos,-0.28938323423136986,4.8356563134861785
0.355,19,sbps,-1.1510632903434015,4.8356563134861785
0.355,19,prculs-d,-0.636234149611511,4.8356563134861785
0.355,19,prcus-p,0.17546973103885527,4.8356563134861785
0.355,19,prcus-i,-0.0,4.8356563134861785
0.355,19,prcus-a,-0.556118005439103,4.8356563134861785
0.355,19,ifrms,0.0,4.8356563134861785
0.355,19,sspls-v,0.0,4.8356563134861785
0.355,20,mcgs,0.30283727598741184,4.786696521816449
0.355,20,pos,-0.2634016431696677,4.786696521816449
0.355,20,sbps,-1.1770371797798092,4.786696521816449
0.355,20,prculs-d,-0.641758203543608,4.786696521816449
0.355,20,prcus-p,0.019941270026128655,4.786696521816449
0.355,20,prcus-i,-0.0,4.786696521816449
0.355,20,prcus-a,-0.40681892905998435,4.786696521816449
0.355,20,ifrms,-0.3755489681551667,4.786696521816449
0.355,20,sspls-v,0.0,4.786696521816449
0.355,21,mcgs,0.38958559441836316,4.656898177266935
0.355,21,pos,-0.124141957935374,4.656898177266935
0.355,21,sbps,-1.2230523047699962,4.656898177266935
0.355,21,prculs-d,-0.5838760230412154,4.656898177266935
0.355,21,prcus-p,0.0,4.656898177266935
0.355,21,prcus-i,-0.0,4.656898177266935
0.355,21,prcus-a,-0.37890052081026127,4.656898177266935
0.355,21,ifrms,0.0,4.656898177266935
0.355,21,sspls-v,0.0,4.656898177266935
0.355,22,mcgs,0.29743148990145285,4.91755645299864
0.355,22,pos,-0.3007604646013479,4.91755645299864
0.355,22,sbps,-1.2971868733295784,4.91755645299864
0.355,22,prculs-d,-0.5507981557353235,4.91755645299864
0.355,22,prcus-p,0.0,4.91755645299864
0.355,22,prcus-i,-0.0,4.91755645299864
0.355,22,prcus-a,-0.48258229141791037,4.91755645299864
0.355,22,ifrms,0.0,4.91755645299864
0.355,22,sspls-v,0.0,4.91755645299864
0.355,23,mcgs,0.448539070716014,4.9535203666372825
0.355,23,pos,-0.2827217109278154,4.9535203666372825
0.355,23,sbps,-1.3108804344898122,4.9535203666372825
0.355,23,prculs-d,-0.6041011561999149,4.9535203666372825
0.355,23,prcus-p,0.0,4.9535203666372825
0.355,23,prcus-i,-0.0,4.9535203666372825
0.355,23,prcus-a,-0.4832729296441127,4.9535203666372825
0.355,23,ifrms,0.0,4.9535203666372825
0.355,23,sspls-v,0.0,4.9535203666372825
0.355,24,mcgs,0.5570064052787411,4.6977530741842495
0.355,24,pos,-0.06595127665916965,4.6977530741842495
0.355,24,sbps,-1.2881423766972104,4.6977530741842495
0.355,24,prculs-d,-0.7696173148940486,4.6977530741842495
0.355,24,prcus-p,0.0,4.6977530741842495
0.355,24,prcus-i,-0.0,4.6977530741842495
0.355,24,prcus-a,-0.3116049081041606,4.6977530741842495
0.355,24,ifrms,0.0,4.6977530741842495
0.355,24,sspls-v,0.10526094775185871,4.6977530741842495
0.355,25,mcgs,0.2751640283934714,4.963157684012364
0.355,25,pos,-0.2850005670768453,4.963157684012364
0.355,25,sbps,-1.3816692465514826,4.963157684012364
0.355,25,prculs-d,-0.6260229209692593,4.963157684012364
0.355,25,prcus-p,0.0,4.963157684012364
0.355,25,prcus-i,-0.05126588593685665,4.963157684012364
0.355,25,prcus-a,-0.603188050255023,4.963157684012364
0.355,25,ifrms,0.016203360064603413,4.963157684012364
0.355,25,sspls-v,0.0661918017288813,4.963157684012364
0.355,26,mcgs,0.003639726327191036,4.3611463014038065
0.355,26,pos,-0.0,4.3611463014038065
0.355,26,sbps,-1.2110300704053345,4.3611463014038065
0.355,26,prculs-d,-0.3295128627619286,4.3611463014038065
0.355,26,prcus-p,0.0,4.3611463014038065
0.355,26,prcus-i,-0.0,4.3611463014038065
0.355,26,prcus-a,-0.24362826507729618,4.3611463014038065
0.355,26,ifrms,0.141206640972884,4.3611463014038065
0.355,26,sspls-v,0.0,4.3611463014038065
0.355,27,mcgs,0.3296718488687648,4.916917568969029
0.355,27,pos,-0.2958653190318027,4.916917568969029
0.355,27,sbps,-1.2707435503412707,4.916917568969029
0.355,27,prculs-d,-0.583177842522497,4.916917568969029
0.355,27,prcus-p,0.0,4.916917568969029
0.355,27,prcus-i,-0.0,4.916917568969029
0.355,27,prcus-a,-0.4647932376072334,4.916917568969029
0.355,27,ifrms,0.0,4.916917568969029
0.355,27,sspls-v,0.0,4.916917568969029
0.355,28,mcgs,0.26648638931388696,4.954089058376579
0.355,28,pos,-0.24018714083550463,4.954089058376579
0.355,28,sbps,-1.2051861762573957,4.954089058376579
0.355,28,prculs-d,-0.5720524236363461,4.954089058376579
0.355,28,prcus-p,0.0,4.954089058376579
0.355,28,prcus-i,-0.0,4.954089058376579
0.355,28,prcus-a,-0.43660722184625816,4.954089058376579
0.355,28,ifrms,0.0,4.954089058376579
0.355,28,sspls-v,0.0,4.954089058376579
0.355,29,mcgs,0.690231053503591,4.711744756099184
0.355,29,pos,-0.0,4.711744756099184
0.355,29,sbps,-0.5224473507871138,4.711744756099184
0.355,29,prculs-d,-0.5599881772785351,4.711744756099184
0.355,29,prcus-p,0.07161864861077834,4.711744756099184
0.355,29,prcus-i,-0.2433040569590961,4.711744756099184
0.355,29,prcus-a,-0.16231102618774015,4.711744756099184
0.355,29,ifrms,0.0,4.711744756099184
0.355,29,sspls-v,0.04524455181566843,4.711744756099184
0.38,0,mcgs,0.16411890579399038,4.847188294314007
0.38,0,pos,-0.38151066221575375,4.847188294314007
0.38,0,sbps,-1.169453806890151,4.847188294314007
0.38,0,prculs-d,-0.43472101282344133,4.847188294314007
0.38,0,prcus-p,0.0,4.847188294314007
0.38,0,prcus-i,-0.0,4.847188294314007
0.38,0,prcus-a,-0.39648947216328434,4.847188294314007
0.38,0,ifrms,0.0,4.847188294314007
0.38,0,sspls-v,0.0,4.847188294314007
0.38,1,mcgs,0.2994087999270117,4.984091201930802
0.38,1,pos,-0.3550261174118033,4.984091201930802
0.38,1,sbps,-1.244329458446475,4.984091201930802
0.38,1,prculs-d,-0.5415472838243964,4.984091201930802
0.38,1,prcus-p,0.0,4.984091201930802
0.38,1,prcus-i,-0.0,4.984091201930802
0.38,1,prcus-a,-0.48131224659366156,4.984091201930802
0.38,1,ifrms,0.0,4.984091201930802
0.38,1,sspls-v,0.10207370988464579,4.984091201930802
0.38,2,mcgs,0.14373143496413282,4.666489977972967
0.38,2,pos,-0.2823832185978985,4.666489977972967
0.38,2,sbps,-1.4828924558504117,4.666489977972967
0.38,2,prculs-d,-0.25857900819584667,4.666489977972967
0.38,2,prcus-p,0.06136878498460714,4.666489977972967
0.38,2,prcus-i,0.0,4.666489977972967
0.38,2,prcus-a,-0.6654662770338381,4.666489977972967
0.38,2,ifrms,0.15327679245914966,4.666489977972967
0.38,2,sspls-v,-0.0,4.666489977972967
0.38,3,mcgs,0.0,4.235037891572022
0.38,3,pos,-0.0,4.235037891572022
0.38,3,sbps,-1.7566608572608098,4.235037891572022
0.38,3,prculs-d,-1.0996950922722688,4.235037891572022
0.38,3,prcus-p,-0.027271969506910458,4.235037891572022
0.38,3,prcus-i,-0.4435720589628305,4.235037891572022
0.38,3,prcus-a,-0.8196673027937996,4.235037891572022
0.38,3,ifrms,-0.0,4.235037891572022
0.38,3,sspls-v,0.1748557372890874,4.235037891572022
0.38,4,mcgs,0.23765526541040338,4.777446624812847
0.38,4,pos,-0.15316955359842355,4.777446624812847
0.38,4,sbps,-1.4708117446278384,4.777446624812847
0.38,4,prculs-d,-0.004803795165369669,4.777446624812847
0.38,4,prcus-p,0.0,4.777446624812847
0.38,4,prcus-i,-0.0,4.777446624812847
0.38,4,prcus-a,-0.5631183511259085,4.777446624812847
0.38,4,ifrms,0.0,4.777446624812847
0.38,4,sspls-v,0.0,4.777446624812847
0.38,5,mcgs,0.5030454144980323,4.715772630909187
0.38,5,pos,-0.7945349066315089,4.715772630909187
0.38,5,sbps,-1.3603157245575952,4.715772630909187
0.38,5,prculs-d,-0.24429324170510322,4.715772630909187
0.38,5,prcus-p,0.0,4.715772630909187
0.38,5,prcus-i,-0.0,4.715772630909187
0.38,5,prcus-a,-0.6105862575495441,4.715772630909187
0.38,5,ifrms,0.07879837909678016,4.715772630909187
0.38,5,sspls-v,0.08035717433445112,4.715772630909187
0.38,6,mcgs,0.0,4.67641118647939
0.38,6,pos,-0.36260599178296715,4.67641118647939
0.38,6,sbps,-0.6792727001187667,4.67641118647939
0.38,6,prculs-d,-0.7213834796355508,4.67641118647939
0.38,6,prcus-p,0.0,4.67641118647939
0.38,6,prcus-i,-0.0,4.67641118647939
0.38,6,prcus-a,-0.49640464729279166,4.67641118647939
0.38,6,ifrms,0.0,4.67641118647939
0.38,6,sspls-v,0.3767490211879437,4.67641118647939
0.38,7,mcgs,0.35771511175013576,4.822609254254671
0.38,7,pos,-0.3892615905815782,4.822609254254671
0.38,7,sbps,-1.3456307364804951,4.822609254254671
0.38,7,prculs-d,-0.6733564443219827,4.822609254254671
0.38,7,prcus-p,0.0,4.822609254254671
0.38,7,prcus-i,-0.0,4.822609254254671
0.38,7,prcus-a,-0.2534079550586805,4.822609254254671
0.38,7,ifrms,0.0,4.822609254254671
0.38,7,sspls-v,0.05875520144862168,4.822609254254671
0.38,8,mcgs,0.2771440238500886,4.80782555731341
0.38,8,pos,-0.16397400354148128,4.80782555731341
0.38,8,sbps,-1.4373624890897183,4.80782555731341
0.38,8,prculs-d,-0.6689824614281913,4.80782555731341
0.38,8,prcus-p,0.1108725325910721,4.80782555731341
0.38,8,prcus-i,-0.0,4.80782555731341
0.38,8,prcus-a,-0.48061245938031094,4.80782555731341
0.38,8,ifrms,0.0,4.80782555731341
0.38,8,sspls-v,0.0,4.80782555731341
0.38,9,mcgs,0.3114365565832196,4.886448585552555
0.38,9,pos,-0.3095697926997428,4.886448585552555
0.38,9,sbps,-1.2573153596570208,4.886448585552555
0.38,9,prculs-d,-0.5101519151541922,4.886448585552555
0.38,9,prcus-p,0.0,4.886448585552555
0.38,9,prcus-i,-0.0,4.886448585552555
0.38,9,prcus-a,-0.41157543544145125,4.886448585552555
0.38,9,ifrms,0.0,4.886448585552555
0.38,9,sspls-v,0.0,4.886448585552555
0.38,10,mcgs,0.5921043609266943,4.657581294574973
0.38,10,pos,-0.21484130437760682,4.657581294574973
0.38,10,sbps,-1.1603247598086643,4.657581294574973
0.38,10,prculs-d,-0.7172364058614297,4.657581294574973
0.38,10,prcus-p,0.0,4.657581294574973
0.38,10,prcus-i,-0.0,4.657581294574973
0.38,10,prcus-a,-0.5352511449248509,4.657581294574973
0.38,10,ifrms,0.0,4.657581294574973
0.38,10,sspls-v,-0.0,4.657581294574973
0.38,11,mcgs,0.07258146012505208,4.812523740934483
0.38,11,pos,-0.2726443530825849,4.812523740934483
0.38,11,sbps,-1.3990817818604055,4.812523740934483
0.38,11,prculs-d,-0.6364582865880603,4.812523740934483
0.38,11,prcus-p,0.1538478154487599,4.812523740934483
0.38,11,prcus-i,-0.0,4.812523740934483
0.38,11,prcus-a,-0.4701439402833875,4.812523740934483
0.38,11,ifrms,0.0,4.812523740934483
0.38,11,sspls-v,0.0,4.812523740934483
0.38,12,mcgs,0.263257533028563,4.865444982977366
0.38,12,pos,-0.28178766827119,4.865444982977366
0.38,12,sbps,-1.2883180395043983,4.865444982977366
0.38,12,prculs-d,-0.502533354246541,4.865444982977366
0.38,12,prcus-p,0.0,4.865444982977366
0.38,12,prcus-i,-0.0,4.865444982977366
0.38,12,prcus-a,-0.4313231912618041,4.865444982977366
0.38,12,ifrms,0.0,4.865444982977366
0.38,12,sspls-v,0.0,4.865444982977366
0.38,13,mcgs,0.2696145158486073,4.591237860179453
0.38,13,pos,-0.4135032269644442,4.591237860179453
0.38,13,sbps,-1.2774275138863773,4.591237860179453
0.38,13,prculs-d,-0.48137227145680883,4.591237860179453
0.38,13,prcus-p,0.0,4.591237860179453
0.38,13,prcus-i,-0.0,4.591237860179453
0.38,13,prcus-a,0.0,4.591237860179453
0.38,13,ifrms,0.12744462380755925,4.591237860179453
0.38,13,sspls-v,0.0,4.591237860179453
0.38,14,mcgs,0.2611458253983,4.945625972629544
0.38,14,pos,-0.308958566168963,4.945625972629544
0.38,14,sbps,-1.2705477653292685,4.945625972629544
0.38,14,prculs-d,-0.48591226715339597,4.945625972629544
0.38,14,prcus-p,0.0,4.945625972629544
0.38,14,prcus-i,-0.0,4.945625972629544
0.38,14,prcus-a,-0.40719989974955045,4.945625972629544
0.38,14,ifrms,0.0,4.945625972629544
0.38,14,sspls-v,0.0,4.945625972629544
0.38,15,mcgs,0.18298005568001094,4.666891893460982
0.38,15,pos,-0.22284881302607554,4.666891893460982
0.38,15,sbps,-1.4454993801483993,4.666891893460982
0.38,15,prculs-d,-0.4774957798932847,4.666891893460982
0.38,15,prcus-p,0.0,4.666891893460982
0.38,15,prcus-i,-0.0,4.666891893460982
0.38,15,prcus-a,-0.6317423078338031,4.666891893460982
0.38,15,ifrms,0.0,4.666891893460982
0.38,15,sspls-v,0.0,4.666891893460982
0.38,16,mcgs,0.2809082554984198,4.937753880742759
0.38,16,pos,-0.2830806861376504,4.937753880742759
0.38,16,sbps,-1.279433517287945,4.937753880742759
0.38,16,prculs-d,-0.5385031282866636,4.937753880742759
0.38,16,prcus-p,0.0,4.937753880742759
0.38,16,prcus-i,-0.0,4.937753880742759
0.38,16,prcus-a,-0.4429693478699717,4.937753880742759
0.38,16,ifrms,0.0,4.937753880742759
0.38,16,sspls-v,0.0,4.937753880742759
0.38,17,mcgs,0.09818874399200511,4.443898600949399
0.38,17,pos,-0.8989997007912254,4.443898600949399
0.38,17,sbps,-0.8475506703783796,4.443898600949399
0.38,17,prculs-d,-0.10742434502312592,4.443898600949399
0.38,17,prcus-p,-0.0,4.443898600949399
0.38,17,prcus-i,-0.0,4.443898600949399
0.38,17,prcus-a,-0.034744893532287977,4.443898600949399
0.38,17,ifrms,-0.0,4.443898600949399
0.38,17,sspls-v,0.0,4.443898600949399
0.38,18,mcgs,0.24536525040659035,4.869000462683747
0.38,18,pos,-0.38021835611009186,4.869000462683747
0.38,18,sbps,-1.2916245676957339,4.869000462683747
0.38,18,prculs-d,-0.5543546637551995,4.869000462683747
0.38,18,prcus-p,0.0,4.869000462683747
0.38,18,prcus-i,-0.0,4.869000462683747
0.38,18,prcus-a,-0.441754380151371,4.869000462683747
0.38,18,ifrms,0.0,4.869000462683747
0.38,18,sspls-v,0.0,4.869000462683747
0.38,19,mcgs,0.41504263177771694,4.799042321536961
0.38,19,pos,-0.2877624037945093,4.799042321536961
0.38,19,sbps,-1.1187518913951031,4.799042321536961
0.38,19,prculs-d,-0.5942814741422957,4.799042321536961
0.38,19,prcus-p,0.13913027444900367,4.799042321536961
0.38,19,prcus-i,-0.0,4.799042321536961
0.38,19,prcus-a,-0.5211289009450567,4.799042321536961
0.38,19,ifrms,0.0,4.799042321536961
0.38,19,sspls-v,0.0,4.799042321536961
0.38,20,mcgs,0.2806835685934873,4.756463781444717
0.38,20,pos,-0.25436946575488817,4.756463781444717
0.38,20,sbps,-1.1491546285103997,4.756463781444717
0.38,20,prculs-d,-0.605197587785678,4.756463781444717
0.38,20,prcus-p,0.0,4.756463781444717
0.38,20,prcus-i,-0.0,4.756463781444717
0.38,20,prcus-a,-0.378141653131464,4.756463781444717
0.38,20,ifrms,-0.3614450981722485,4.756463781444717
0.38,20,sspls-v,0.0,4.756463781444717
0.38,21,mcgs,0.3654280706721984,4.61402122056503
0.38,21,pos,-0.10720596623620669,4.61402122056503
0.38,21,sbps,-1.1892478640554975,4.61402122056503
0.38,21,prculs-d,-0.5559085157059074,4.61402122056503
0.38,21,prcus-p,0.0,4.61402122056503
0.38,21,prcus-i,-0.0,4.61402122056503
0.38,21,prcus-a,-0.34633306695084265,4.61402122056503
0.38,21,ifrms,0.0,4.61402122056503
0.38,21,sspls-v,0.0,4.61402122056503
0.38,22,mcgs,0.2722653681061373,4.874131216065678
0.38,22,pos,-0.2844120066619825,4.874131216065678
0.38,22,sbps,-1.265920555914212,4.874131216065678
0.38,22,prculs-d,-0.5230340248847136,4.874131216065678
0.38,22,prcus-p,0.0,4.874131216065678
0.38,22,prcus-i,-0.0,4.874131216065678
0.38,22,prcus-a,-0.45549551411487943,4.874131216065678
0.38,22,ifrms,0.0,4.874131216065678
0.38,22,sspls-v,0.0,4.874131216065678
0.38,23,mcgs,0.4217725236289679,4.8922775514957175
0.38,23,pos,-0.26692601984524816,4.8922775514957175
0.38,23,sbps,-1.276350743960152,4.8922775514957175
0.38,23,prculs-d,-0.5759815267798222,4.8922775514957175
0.38,23,prcus-p,0.0,4.8922775514957175
0.38,23,prcus-i,-0.0,4.8922775514957175
0.38,23,prcus-a,-0.44971529778217223,4.8922775514957175
0.38,23,ifrms,0.0,4.8922775514957175
0.38,23,sspls-v,0.0,4.8922775514957175
0.38,24,mcgs,0.5310943860501736,4.654393653102473
0.38,24,pos,-0.05746818756813764,4.654393653102473
0.38,24,sbps,-1.241604150969042,4.654393653102473
0.38,24,prculs-d,-0.7414060659108215,4.654393653102473
0.38,24,prcus-p,0.0,4.654393653102473
0.38,24,prcus-i,-0.0,4.654393653102473
0.38,24,prcus-a,-0.28538502552430023,4.654393653102473
0.38,24,ifrms,0.0,4.654393653102473
0.38,24,sspls-v,0.06905155901110302,4.654393653102473
0.38,25,mcgs,0.2455121238496125,4.8959204672910985
0.38,25,pos,-0.28715155386087354,4.8959204672910985
0.38,25,sbps,-1.3445612617646818,4.8959204672910985
0.38,25,prculs-d,-0.5955068602935077,4.8959204672910985
0.38,25,prcus-p,0.0,4.8959204672910985
0.38,25,prcus-i,-0.003048077135845994,4.8959204672910985
0.38,25,prcus-a,-0.5698445875147453,4.8959204672910985
0.38,25,ifrms,0.0,4.8959204672910985
0.38,25,sspls-v,0.007586752610455849,4.8959204672910985
0.38,26,mcgs,0.0,4.300504591385344
0.38,26,pos,-0.0,4.300504591385344
0.38,26,sbps,-1.1546745089453612,4.300504591385344
0.38,26,prculs-d,-0.30892655901069277,4.300504591385344
0.38,26,prcus-p,0.0,4.300504591385344
0.38,26,prcus-i,-0.0,4.300504591385344
0.38,26,prcus-a,-0.19177056055491484,4.300504591385344
0.38,26,ifrms,0.09452370437900576,4.300504591385344
0.38,26,sspls-v,0.0,4.300504591385344
0.38,27,mcgs,0.3043887172618872,4.87690631231859
0.38,27,pos,-0.2801216017015195,4.87690631231859
0.38,27,sbps,-1.2395875867587136,4.87690631231859
0.38,27,prculs-d,-0.5546161623294387,4.87690631231859
0.38,27,prcus-p,0.0,4.87690631231859
0.38,27,prcus-i,-0.0,4.87690631231859
0.38,27,prcus-a,-0.43328688561667267,4.87690631231859
0.38,27,ifrms,0.0,4.87690631231859
0.38,27,sspls-v,0.0,4.87690631231859
0.38,28,mcgs,0.2383519968831745,4.898064105687886
0.38,28,pos,-0.21806564557028907,4.898064105687886
0.38,28,sbps,-1.166415027014532,4.898064105687886
0.38,28,prculs-d,-0.5444106675599771,4.898064105687886
0.38,28,prcus-p,0.0,4.898064105687886
0.38,28,prcus-i,-0.0,4.898064105687886
0.38,28,prcus-a,-0.401711100463315,4.898064105687886
0.38,28,ifrms,0.0,4.898064105687886
0.38,28,sspls-v,0.0,4.898064105687886
0.38,29,mcgs,0.6694156984000516,4.65859297044516
0.38,29,pos,-0.0,4.65859297044516
0.38,29,sbps,-0.483847109067843,4.65859297044516
0.38,29,prculs-d,-0.5213895343393181,4.65859297044516
0.38,29,prcus-p,0.03850461194937151,4.65859297044516
0.38,29,prcus-i,-0.21772069335529332,4.65859297044516
0.38,29,prcus-a,-0.13186969125043252,4.65859297044516
0.38,29,ifrms,0.0,4.65859297044516
0.38,29,sspls-v,0.0,4.65859297044516
0.406,0,mcgs,0.13408686355606683,4.805188003694317
0.406,0,pos,-0.36928790031828485,4.805188003694317
0.406,0,sbps,-1.1327687525715222,4.805188003694317
0.406,0,prculs-d,-0.40121918588881195,4.805188003694317
0.406,0,prcus-p,0.0,4.805188003694317
0.406,0,prcus-i,-0.0,4.805188003694317
0.406,0,prcus-a,-0.36176162219013897,4.805188003694317
0.406,0,ifrms,0.0,4.805188003694317
0.406,0,sspls-v,0.0,4.805188003694317
0.406,1,mcgs,0.27404665305474385,4.938489734670601
0.406,1,pos,-0.34072211517225703,4.938489734670601
0.406,1,sbps,-1.1975066665017198,4.938489734670601
0.406,1,prculs-d,-0.5142498998489404,4.938489734670601
0.406,1,prcus-p,0.0,4.938489734670601
0.406,1,prcus-i,-0.0,4.938489734670601
0.406,1,prcus-a,-0.451012199516432,4.938489734670601
0.406,1,ifrms,0.0,4.938489734670601
0.406,1,sspls-v,0.06565859383322274,4.938489734670601
0.406,2,mcgs,0.11541521269329746,4.635969428946147
0.406,2,pos,-0.2797673320052298,4.635969428946147
0.406,2,sbps,-1.4281233476790731,4.635969428946147
0.406,2,prculs-d,-0.22456654762171732,4.635969428946147
0.406,2,prcus-p,0.03634257198022531,4.635969428946147
0.406,2,prcus-i,0.0,4.635969428946147
0.406,2,prcus-a,-0.6137476501692047,4.635969428946147
0.406,2,ifrms,0.10450624680423258,4.635969428946147
0.406,2,sspls-v,-0.0,4.635969428946147
0.406,3,mcgs,0.0,4.202359646610774
0.406,3,pos,-0.0,4.202359646610774
0.406,3,sbps,-1.7171791883761545,4.202359646610774
0.406,3,prculs-d,-1.0790647298544196,4.202359646610774
0.406,3,prcus-p,-0.0,4.202359646610774
0.406,3,prcus-i,-0.38922568957659776,4.202359646610774
0.406,3,prcus-a,-0.7846479364710796,4.202359646610774
0.406,3,ifrms,-0.0,4.202359646610774
0.406,3,sspls-v,0.1178215484082623,4.202359646610774
0.406,4,mcgs,0.22002196985982828,4.72799395474811
0.406,4,pos,-0.13300301565806066,4.72799395474811
0.406,4,sbps,-1.4351065147250521,4.72799395474811
0.406,4,prculs-d,-0.0,4.72799395474811
0.406,4,prcus-p,0.0,4.72799395474811
0.406,4,prcus-i,-0.0,4.72799395474811
0.406,4,prcus-a,-0.5279184967231965,4.72799395474811
0.406,4,ifrms,0.0,4.72799395474811
0.406,4,sspls-v,0.0,4.72799395474811
0.406,5,mcgs,0.4677216388175199,4.674076185707246
0.406,5,pos,-0.7760736638886643,4.674076185707246
0.406,5,sbps,-1.2806344060697263,4.674076185707246
0.406,5,prculs-d,-0.22976289845632464,4.674076185707246
0.406,5,prcus-p,0.0,4.674076185707246
0.406,5,prcus-i,-0.0,4.674076185707246
0.406,5,prcus-a,-0.5569335390806338,4.674076185707246
0.406,5,ifrms,0.012015236543562369,4.674076185707246
0.406,5,sspls-v,0.030640356201276468,4.674076185707246
0.406,6,mcgs,0.0,4.6581866075176075
0.406,6,pos,-0.3454667670452759,4.6581866075176075
0.406,6,sbps,-0.6431988216492658,4.6581866075176075
0.406,6,prculs-d,-0.7020547743484559,4.6581866075176075
0.406,6,prcus-p,0.0,4.6581866075176075
0.406,6,prcus-i,-0.0,4.6581866075176075
0.406,6,prcus-a,-0.46597610413617535,4.6581866075176075
0.406,6,ifrms,0.0,4.6581866075176075
0.406,6,sspls-v,0.3491217697644113,4.6581866075176075
0.406,7,mcgs,0.32889351698909264,4.783768690117149
0.406,7,pos,-0.37222689431138184,4.783768690117149
0.406,7,sbps,-1.2932049892875448,4.783768690117149
0.406,7,prculs-d,-0.6401891042134402,4.783768690117149
0.406,7,prcus-p,0.0,4.783768690117149
0.406,7,prcus-i,-0.0,4.783768690117149
0.406,7,prcus-a,-0.2377920738979278,4.783768690117149
0.406,7,ifrms,0.0,4.783768690117149
0.406,7,sspls-v,0.01441091286326868,4.783768690117149
0.406,8,mcgs,0.253560183821421,4.75806704231814
0.406,8,pos,-0.16629917120622223,4.75806704231814
0.406,8,sbps,-1.398250309345359,4.75806704231814
0.406,8,prculs-d,-0.6222263152695725,4.75806704231814
0.406,8,prcus-p,0.06913847849764927,4.75806704231814
0.406,8,prcus-i,-0.0,4.75806704231814
0.406,8,prcus-a,-0.44346694467791126,4.75806704231814
0.406,8,ifrms,0.0,4.75806704231814
0.406,8,sspls-v,0.0,4.75806704231814
0.406,9,mcgs,0.28731621707456373,4.849429149755817
0.406,9,pos,-0.2931517187018935,4.849429149755817
0.406,9,sbps,-1.2224605537586934,4.849429149755817
0.406,9,prculs-d,-0.4821661303261423,4.849429149755817
0.406,9,prcus-p,0.0,4.849429149755817
0.406,9,prcus-i,-0.0,4.849429149755817
0.406,9,prcus-a,-0.3780183004499218,4.849429149755817
0.406,9,ifrms,0.0,4.849429149755817
0.406,9,sspls-v,0.0,4.849429149755817
0.406,10,mcgs,0.5646266341759237,4.6543098022221665
0.406,10,pos,-0.19853067965284854,4.6543098022221665
0.406,10,sbps,-1.1270639749933353,4.6543098022221665
0.406,10,prculs-d,-0.6866802429504564,4.6543098022221665
0.406,10,prcus-p,0.0,4.6543098022221665
0.406,10,prcus-i,-0.0,4.6543098022221665
0.406,10,prcus-a,-0.5016138819036843,4.6543098022221665
0.406,10,ifrms,0.0,4.6543098022221665
0.406,10,sspls-v,-0.0,4.6543098022221665
0.406,11,mcgs,0.060905258703019674,4.778597596821462
0.406,11,pos,-0.2717146755940618,4.778597596821462
0.406,11,sbps,-1.3577478728085872,4.778597596821462
0.406,11,prculs-d,-0.5916127757128886,4.778597596821462
0.406,11,prcus-p,0.11031099626899288,4.778597596821462
0.406,11,prcus-i,-0.0,4.778597596821462
0.406,11,prcus-a,-0.4320253179832998,4.778597596821462
0.406,11,ifrms,0.0,4.778597596821462
0.406,11,sspls-v,0.0,4.778597596821462
0.406,12,mcgs,0.2369013547340811,4.82551498044624
0.406,12,pos,-0.26492675981519637,4.82551498044624
0.406,12,sbps,-1.2567786340423883,4.82551498044624
0.406,12,prculs-d,-0.47338587954643296,4.82551498044624
0.406,12,prcus-p,0.0,4.82551498044624
0.406,12,prcus-i,-0.0,4.82551498044624
0.406,12,prcus-a,-0.39881898921005476,4.82551498044624
0.406,12,ifrms,0.0,4.82551498044624
0.406,12,sspls-v,0.0,4.82551498044624
0.406,13,mcgs,0.23360093243963656,4.561373758672696
0.406,13,pos,-0.3971723294215307,4.561373758672696
0.406,13,sbps,-1.2443887619872764,4.561373758672696
0.406,13,prculs-d,-0.4503403370861788,4.561373758672696
0.406,13,prcus-p,0.0,4.561373758672696
0.406,13,prcus-i,-0.0,4.561373758672696
0.406,13,prcus-a,0.0,4.561373758672696
0.406,13,ifrms,0.08822395087897159,4.561373758672696
0.406,13,sspls-v,-0.0,4.561373758672696
0.406,14,mcgs,0.23073711904241445,4.890318118709711
0.406,14,pos,-0.29606821769750374,4.890318118709711
0.406,14,sbps,-1.236147807892657,4.890318118709711
0.406,14,prculs-d,-0.45133054773687714,4.890318118709711
0.406,14,prcus-p,0.0,4.890318118709711
0.406,14,prcus-i,-0.0,4.890318118709711
0.406,14,prcus-a,-0.3714933850731881,4.890318118709711
0.406,14,ifrms,0.0,4.890318118709711
0.406,14,sspls-v,0.0,4.890318118709711
0.406,15,mcgs,0.15785762687388977,4.635753638431166
0.406,15,pos,-0.20664676667369172,4.635753638431166
0.406,15,sbps,-1.410349564183982,4.635753638431166
0.406,15,prculs-d,-0.4487394666702556,4.635753638431166
0.406,15,prcus-p,0.0,4.635753638431166
0.406,15,prcus-i,-0.0,4.635753638431166
0.406,15,prcus-a,-0.5979112186432326,4.635753638431166
0.406,15,ifrms,0.0,4.635753638431166
0.406,15,sspls-v,0.0,4.635753638431166
0.406,16,mcgs,0.2552055573856598,4.886017853382292
0.406,16,pos,-0.26668969048532587,4.886017853382292
0.406,16,sbps,-1.244633650331285,4.886017853382292
0.406,16,prculs-d,-0.5093464372987334,4.886017853382292
0.406,16,prcus-p,0.0,4.886017853382292
0.406,16,prcus-i,-0.0,4.886017853382292
0.406,16,prcus-a,-0.4094345081633712,4.886017853382292
0.406,16,ifrms,0.0,4.886017853382292
0.406,16,sspls-v,0.0,4.886017853382292
0.406,17,mcgs,0.07123673348254078,4.403307422130537
0.406,17,pos,-0.886517761443711,4.403307422130537
0.406,17,sbps,-0.8118140252579195,4.403307422130537
0.406,17,prculs-d,-0.07622928986428083,4.403307422130537
0.406,17,prcus-p,-0.0,4.403307422130537
0.406,17,prcus-i,-0.0,4.403307422130537
0.406,17,prcus-a,-0.0,4.403307422130537
0.406,17,ifrms,-0.0,4.403307422130537
0.406,17,sspls-v,0.0,4.403307422130537
0.406,18,mcgs,0.22144403873573265,4.831068325495749
0.406,18,pos,-0.3621330074698037,4.831068325495749
0.406,18,sbps,-1.2562643936606879,4.831068325495749
0.406,18,prculs-d,-0.525031050247089,4.831068325495749
0.406,18,prcus-p,0.0,4.831068325495749
0.406,18,prcus-i,-0.0,4.831068325495749
0.406,18,prcus-a,-0.4078232516508544,4.831068325495749
0.406,18,ifrms,0.0,4.831068325495749
0.406,18,sspls-v,0.0,4.831068325495749
0.406,19,mcgs,0.390121950388629,4.764401989588047
0.406,19,pos,-0.2860767401401744,4.764401989588047
0.406,19,sbps,-1.0851480364888726,4.764401989588047
0.406,19,prculs-d,-0.5506506916543106,4.764401989588047
0.406,19,prcus-p,0.10133723959555765,4.764401989588047
0.406,19,prcus-i,-0.0,4.764401989588047
0.406,19,prcus-a,-0.48474023227124796,4.764401989588047
0.406,19,ifrms,0.0,4.764401989588047
0.406,19,sspls-v,0.0,4.764401989588047
0.406,20,mcgs,0.2556696235310272,4.727305905989278
0.406,20,pos,-0.23708535963990446,4.727305905989278
0.406,20,sbps,-1.1182216103053342,4.727305905989278
0.406,20,prculs-d,-0.5753144710124053,4.727305905989278
0.406,20,prcus-p,0.0,4.727305905989278
0.406,20,prcus-i,-0.0,4.727305905989278
0.406,20,prcus-a,-0.34764245364430574,4.727305905989278
0.406,20,ifrms,-0.3533303414120174,4.727305905989278
0.406,20,sspls-v,0.0,4.727305905989278
0.406,21,mcgs,0.3403042459761867,4.579165527595812
0.406,21,pos,-0.0895925348690727,4.579165527595812
0.406,21,sbps,-1.1540912457124188,4.579165527595812
0.406,21,prculs-d,-0.5268223080771864,4.579165527595812
0.406,21,prcus-p,0.0,4.579165527595812
0.406,21,prcus-i,-0.0,4.579165527595812
0.406,21,prcus-a,-0.3124629149370474,4.579165527595812
0.406,21,ifrms,0.0,4.579165527595812
0.406,21,sspls-v,0.0,4.579165527595812
0.406,22,mcgs,0.2460926014390097,4.838866904462366
0.406,22,pos,-0.2674096104050417,4.838866904462366
0.406,22,sbps,-1.2334035858022305,4.838866904462366
0.406,22,prculs-d,-0.4941593288000799,4.838866904462366
0.406,22,prcus-p,0.0,4.838866904462366
0.406,22,prcus-i,-0.0,4.838866904462366
0.406,22,prcus-a,-0.4273252657197266,4.838866904462366
0.406,22,ifrms,0.0,4.838866904462366
0.406,22,sspls-v,0.0,4.838866904462366
0.406,23,mcgs,0.3939353146584401,4.844421029814316
0.406,23,pos,-0.25049850111937866,4.844421029814316
0.406,23,sbps,-1.2404398658093059,4.844421029814316
0.406,23,prculs-d,-0.546737112182926,4.844421029814316
0.406,23,prcus-p,0.0,4.844421029814316
0.406,23,prcus-i,-0.0,4.844421029814316
0.406,23,prcus-a,-0.41481536064575253,4.844421029814316
0.406,23,ifrms,0.0,4.844421029814316
0.406,23,sspls-v,0.0,4.844421029814316
0.406,24,mcgs,0.5041653017403542,4.6145581615870634
0.406,24,pos,-0.048636309802503955,4.6145581615870634
0.406,24,sbps,-1.1932038925233515,4.6145581615870634
0.406,24,prculs-d,-0.7120730630105598,4.6145581615870634
0.406,24,prcus-p,0.0,4.6145581615870634
0.406,24,prcus-i,-0.0,4.6145581615870634
0.406,24,prcus-a,-0.2581300093151372,4.6145581615870634
0.406,24,ifrms,0.0,4.6145581615870634
0.406,24,sspls-v,0.031392367381062776,4.6145581615870634
0.406,25,mcgs,0.21998773237017435,4.825611071320043
0.406,25,pos,-0.2717191143627472,4.825611071320043
0.406,25,sbps,-1.3081451568608171,4.825611071320043
0.406,25,prculs-d,-0.5661206590750424,4.825611071320043
0.406,25,prcus-p,0.0,4.825611071320043
0.406,25,prcus-i,-0.0,4.825611071320043
0.406,25,prcus-a,-0.5365860439411364,4.825611071320043
0.406,25,ifrms,0.0,4.825611071320043
0.406,25,sspls-v,0.0,4.825611071320043
0.406,26,mcgs,0.0,4.246061133383641
0.406,26,pos,-0.0,4.246061133383641
0.406,26,sbps,-1.0954069994083238,4.246061133383641
0.406,26,prculs-d,-0.28879801229499696,4.246061133383641
0.406,26,prcus-p,0.0,4.246061133383641
0.406,26,prcus-i,-0.0,4.246061133383641
0.406,26,prcus-a,-0.13746498218764985,4.246061133383641
0.406,26,ifrms,0.0461752703945914,4.246061133383641
0.406,26,sspls-v,0.0,4.246061133383641
0.406,27,mcgs,0.278094260390734,4.8433240238551925
0.406,27,pos,-0.2637481356780249,4.8433240238551925
0.406,27,sbps,-1.2071853846328549,4.8433240238551925
0.406,27,prculs-d,-0.5249120149286579,4.8433240238551925
0.406,27,prcus-p,0.0,4.8433240238551925
0.406,27,prcus-i,-0.0,4.8433240238551925
0.406,27,prcus-a,-0.40052027954649,4.8433240238551925
0.406,27,ifrms,0.0,4.8433240238551925
0.406,27,sspls-v,0.0,4.8433240238551925
0.406,28,mcgs,0.20909222875523364,4.850188776860149
0.406,28,pos,-0.19505929049446477,4.850188776860149
0.406,28,sbps,-1.1260930318019537,4.850188776860149
0.406,28,prculs-d,-0.5156632412405531,4.850188776860149
0.406,28,prcus-p,0.0,4.850188776860149
0.406,28,prcus-i,-0.0,4.850188776860149
0.406,28,prcus-a,-0.3654191342250545,4.850188776860149
0.406,28,ifrms,0.0,4.850188776860149
0.406,28,sspls-v,0.0,4.850188776860149
0.406,29,mcgs,0.6482997253316236,4.608018237989532
0.406,29,pos,-0.0,4.608018237989532
0.406,29,sbps,-0.44917997757172545,4.608018237989532
0.406,29,prculs-d,-0.47808059721452517,4.608018237989532
0.406,29,prcus-p,0.003914717657801911,4.608018237989532
0.406,29,prcus-i,-0.21105491070181207,4.608018237989532
0.406,29,prcus-a,-0.09349646053472258,4.608018237989532
0.406,29,ifrms,0.0,4.608018237989532
0.406,29,sspls-v,0.0,4.608018237989532
0.434,0,mcgs,0.10174466422291854,4.769923179908022
0.434,0,pos,-0.35612492596716444,4.769923179908022
0.434,0,sbps,-1.0932617709976138,4.769923179908022
0.434,0,prculs-d,-0.36514029534382725,4.769923179908022
0.434,0,prcus-p,0.0,4.769923179908022
0.434,0,prcus-i,-0.0,4.769923179908022
0.434,0,prcus-a,-0.32436239914213616,4.769923179908022
0.434,0,ifrms,0.0,4.769923179908022
0.434,0,sspls-v,0.0,4.769923179908022
0.434,1,mcgs,0.2467325434275109,4.8993848507584365
0.434,1,pos,-0.3253181872098467,4.8993848507584365
0.434,1,sbps,-1.1470826462022912,4.8993848507584365
0.434,1,prculs-d,-0.4848522806318645,4.8993848507584365
0.434,1,prcus-p,0.0,4.8993848507584365
0.434,1,prcus-i,-0.0,4.8993848507584365
0.434,1,prcus-a,-0.4183815434534653,4.8993848507584365
0.434,1,ifrms,0.0,4.8993848507584365
0.434,1,sspls-v,0.02644243284829173,4.8993848507584365
0.434,2,mcgs,0.08492092636912464,4.5981888489189995
0.434,2,pos,-0.2769494904510979,4.5981888489189995
0.434,2,sbps,-1.3691428977484417,4.5981888489189995
0.434,2,prculs-d,-0.1879377257249252,4.5981888489189995
0.434,2,prcus-p,0.009391277220502144,4.5981888489189995
0.434,2,prcus-i,0.0,4.5981888489189995
0.434,2,prcus-a,-0.5580517477856669,4.5981888489189995
0.434,2,ifrms,0.051984882008071026,4.5981888489189995
0.434,2,sspls-v,-0.0,4.5981888489189995
0.434,3,mcgs,0.0,4.163916233768439
0.434,3,pos,-0.0,4.163916233768439
0.434,3,sbps,-1.6704488602171599,4.163916233768439
0.434,3,prculs-d,-1.0503895141028696,4.163916233768439
0.434,3,prcus-p,-0.0,4.163916233768439
0.434,3,prcus-i,-0.34322333443202757,4.163916233768439
0.434,3,prcus-a,-0.7470559596297508,4.163916233768439
0.434,3,ifrms,-0.0,4.163916233768439
0.434,3,sspls-v,0.058021127822728516,4.163916233768439
0.434,4,mcgs,0.2027734133108309,4.68199608828181
0.434,4,pos,-0.11095573655914462,4.68199608828181
0.434,4,sbps,-1.3953377100026378,4.68199608828181
0.434,4,prculs-d,-0.0,4.68199608828181
0.434,4,prcus-p,0.0,4.68199608828181
0.434,4,prcus-i,-0.0,4.68199608828181
0.434,4,prcus-a,-0.4890672833419016,4.68199608828181
0.434,4,ifrms,0.0,4.68199608828181
0.434,4,sspls-v,0.0,4.68199608828181
0.434,5,mcgs,0.4375976816506844,4.622760844791546
0.434,5,pos,-0.7555826286804594,4.622760844791546
0.434,5,sbps,-1.2263901553315957,4.622760844791546
0.434,5,prculs-d,-0.20699847293916923,4.622760844791546
0.434,5,prcus-p,0.0,4.622760844791546
0.434,5,prcus-i,-0.0,4.622760844791546
0.434,5,prcus-a,-0.5176210097766963,4.622760844791546
0.434,5,ifrms,0.0,4.622760844791546
0.434,5,sspls-v,0.0,4.622760844791546
0.434,6,mcgs,0.0,4.6408358310348055
0.434,6,pos,-0.32700914040468515,4.6408358310348055
0.434,6,sbps,-0.604350029451342,4.6408358310348055
0.434,6,prculs-d,-0.681239245577738,4.6408358310348055
0.434,6,prcus-p,0.0,4.6408358310348055
0.434,6,prcus-i,-0.0,4.6408358310348055
0.434,6,prcus-a,-0.43320690381366633,4.6408358310348055
0.434,6,ifrms,0.0,4.6408358310348055
0.434,6,sspls-v,0.319369345154454,4.6408358310348055
0.434,7,mcgs,0.29842289338960765,4.7417916664473125
0.434,7,pos,-0.35246396825786974,4.7417916664473125
0.434,7,sbps,-1.2509291240187161,4.7417916664473125
0.434,7,prculs-d,-0.6055907797033107,4.7417916664473125
0.434,7,prcus-p,0.0,4.7417916664473125
0.434,7,prcus-i,-0.0,4.7417916664473125
0.434,7,prcus-a,-0.21421011552713534,4.7417916664473125
0.434,7,ifrms,0.0,4.7417916664473125
0.434,7,sspls-v,0.0,4.7417916664473125
0.434,8,mcgs,0.22814979034681362,4.715665535428139
0.434,8,pos,-0.1688331542439317,4.715665535428139
0.434,8,sbps,-1.3561237210353059,4.715665535428139
0.434,8,prculs-d,-0.5718487343701165,4.715665535428139
0.434,8,prcus-p,0.024176779935560642,4.715665535428139
0.434,8,prcus-i,-0.0,4.715665535428139
0.434,8,prcus-a,-0.40346088791326573,4.715665535428139
0.434,8,ifrms,0.0,4.715665535428139
0.434,8,sspls-v,0.0,4.715665535428139
0.434,9,mcgs,0.26130713778100634,4.815722958952177
0.434,9,pos,-0.2754849942982775,4.815722958952177
0.434,9,sbps,-1.184941779053233,4.815722958952177
0.434,9,prculs-d,-0.4520142910922468,4.815722958952177
0.434,9,prcus-p,0.0,4.815722958952177
0.434,9,prcus-i,-0.0,4.815722958952177
0.434,9,prcus-a,-0.3418875564245647,4.815722958952177
0.434,9,ifrms,0.0,4.815722958952177
0.434,9,sspls-v,0.0,4.815722958952177
0.434,10,mcgs,0.5350352361366323,4.650308844303781
0.434,10,pos,-0.18096539148772448,4.650308844303781
0.434,10,sbps,-1.0912446682691348,4.650308844303781
0.434,10,prculs-d,-0.6537736059694079,4.650308844303781
0.434,10,prcus-p,0.0,4.650308844303781
0.434,10,prcus-i,-0.0,4.650308844303781
0.434,10,prcus-a,-0.4653891371116598,4.650308844303781
0.434,10,ifrms,0.0,4.650308844303781
0.434,10,sspls-v,-0.0,4.650308844303781
0.434,11,mcgs,0.0483288105520533,4.74116738877236
0.434,11,pos,-0.27076110514057716,4.74116738877236
0.434,11,sbps,-1.313219757210431,4.74116738877236
0.434,11,prculs-d,-0.5432755700360651,4.74116738877236
0.434,11,prcus-p,0.0633918000717004,4.74116738877236
0.434,11,prcus-i,-0.0,4.74116738877236
0.434,11,prcus-a,-0.3909663990073401,4.74116738877236
0.434,11,ifrms,0.0,4.74116738877236
0.434,11,sspls-v,0.0,4.74116738877236
0.434,12,mcgs,0.208517778109254,4.78668202776261
0.434,12,pos,-0.24676885840105017,4.78668202776261
0.434,12,sbps,-1.2228131204679167,4.78668202776261
0.434,12,prculs-d,-0.44199629140785524,4.78668202776261
0.434,12,prcus-p,0.0,4.78668202776261
0.434,12,prcus-i,-0.0,4.78668202776261
0.434,12,prcus-a,-0.36381446392355565,4.78668202776261
0.434,12,ifrms,0.0,4.78668202776261
0.434,12,sspls-v,0.0,4.78668202776261
0.434,13,mcgs,0.19481707338382223,4.527085775195456
0.434,13,pos,-0.379585208990701,4.527085775195456
0.434,13,sbps,-1.2088085676343983,4.527085775195456
0.434,13,prculs-d,-0.4169213308408852,4.527085775195456
0.434,13,prcus-p,0.0,4.527085775195456
0.434,13,prcus-i,-0.0,4.527085775195456
0.434,13,prcus-a,0.0,4.527085775195456
0.434,13,ifrms,0.04598630310972318,4.527085775195456
0.434,13,sspls-v,-0.0,4.527085775195456
0.434,14,mcgs,0.19798928142838434,4.83593038736168
0.434,14,pos,-0.28218630395900857,4.83593038736168
0.434,14,sbps,-1.1991016998839998,4.83593038736168
0.434,14,prculs-d,-0.41408869605754944,4.83593038736168
0.434,14,prcus-p,0.0,4.83593038736168
0.434,14,prcus-i,-0.0,4.83593038736168
0.434,14,prcus-a,-0.33304021542172163,4.83593038736168
0.434,14,ifrms,0.0,4.83593038736168
0.434,14,sspls-v,0.0,4.83593038736168
0.434,15,mcgs,0.13080270354422116,4.612405847612974
0.434,15,pos,-0.189198409063432,4.612405847612974
0.434,15,sbps,-1.3724959162223018,4.612405847612974
0.434,15,prculs-d,-0.4177711293531475,4.612405847612974
0.434,15,prcus-p,0.0,4.612405847612974
0.434,15,prcus-i,-0.0,4.612405847612974
0.434,15,prcus-a,-0.5614777379764654,4.612405847612974
0.434,15,ifrms,0.0,4.612405847612974
0.434,15,sspls-v,0.0,4.612405847612974
0.434,16,mcgs,0.22752572864884174,4.838408404125099
0.434,16,pos,-0.24903784901359205,4.838408404125099
0.434,16,sbps,-1.2071568705318052,4.838408404125099
0.434,16,prculs-d,-0.47794692392711696,4.838408404125099
0.434,16,prcus-p,0.0,4.838408404125099
0.434,16,prcus-i,-0.0,4.838408404125099
0.434,16,prcus-a,-0.3733200654024166,4.838408404125099
0.434,16,ifrms,0.0,4.838408404125099
0.434,16,sspls-v,0.0,4.838408404125099
0.434,17,mcgs,0.037512415298433466,4.359501138029632
0.434,17,pos,-0.8694455590338468,4.359501138029632
0.434,17,sbps,-0.7879130681147726,4.359501138029632
0.434,17,prculs-d,-0.040854412130112955,4.359501138029632
0.434,17,prcus-p,-0.0,4.359501138029632
0.434,17,prcus-i,-0.0,4.359501138029632
0.434,17,prcus-a,-0.0,4.359501138029632
0.434,17,ifrms,-0.0,4.359501138029632
0.434,17,sspls-v,0.0,4.359501138029632
0.434,18,mcgs,0.1956827338594246,4.800008197656507
0.434,18,pos,-0.34265647816487826,4.800008197656507
0.434,18,sbps,-1.218184206238332,4.800008197656507
0.434,18,prculs-d,-0.4934517741614313,4.800008197656507
0.434,18,prcus-p,0.0,4.800008197656507
0.434,18,prcus-i,-0.0,4.800008197656507
0.434,18,prcus-a,-0.3712820363426061,4.800008197656507
0.434,18,ifrms,0.0,4.800008197656507
0.434,18,sspls-v,0.0,4.800008197656507
0.434,19,mcgs,0.3632633229684087,4.731054350825534
0.434,19,pos,-0.2842887192747324,4.731054350825534
0.434,19,sbps,-1.048963607546651,4.731054350825534
0.434,19,prculs-d,-0.5036396359728571,4.731054350825534
0.434,19,prcus-p,0.06062376853597964,4.731054350825534
0.434,19,prcus-i,-0.0,4.731054350825534
0.434,19,prcus-a,-0.4455528586971259,4.731054350825534
0.434,19,ifrms,0.0,4.731054350825534
0.434,19,sspls-v,0.0,4.731054350825534
0.434,20,mcgs,0.2287315288483781,4.702436969725763
0.434,20,pos,-0.21847170690069156,4.702436969725763
0.434,20,sbps,-1.0849091291614188,4.702436969725763
0.434,20,prculs-d,-0.5431326529488804,4.702436969725763
0.434,20,prcus-p,0.0,4.702436969725763
0.434,20,prcus-i,-0.0,4.702436969725763
0.434,20,prcus-a,-0.3147971618889055,4.702436969725763
0.434,20,ifrms,-0.34459137259330613,4.702436969725763
0.434,20,sspls-v,0.0,4.702436969725763
0.434,21,mcgs,0.3132478193804816,4.546936214424377
0.434,21,pos,-0.07062422416600625,4.546936214424377
0.434,21,sbps,-1.1162302721121808,4.546936214424377
0.434,21,prculs-d,-0.49549869986164097,4.546936214424377
0.434,21,prcus-p,0.0,4.546936214424377
0.434,21,prcus-i,-0.0,4.546936214424377
0.434,21,prcus-a,-0.27598736661449924,4.546936214424377
0.434,21,ifrms,0.0,4.546936214424377
0.434,21,sspls-v,0.0,4.546936214424377
0.434,22,mcgs,0.21790654502825657,4.802733190336459
0.434,22,pos,-0.2490993375129525,4.802733190336459
0.434,22,sbps,-1.1983853102970194,4.802733190336459
0.434,22,prculs-d,-0.4630635022473971,4.802733190336459
0.434,22,prcus-p,0.0,4.802733190336459
0.434,22,prcus-i,-0.0,4.802733190336459
0.434,22,prcus-a,-0.3969880751403313,4.802733190336459
0.434,22,ifrms,0.0,4.802733190336459
0.434,22,sspls-v,0.0,4.802733190336459
0.434,23,mcgs,0.36395678192094805,4.803441784132651
0.434,23,pos,-0.23280732710690386,4.803441784132651
0.434,23,sbps,-1.2017666124160864,4.803441784132651
0.434,23,prculs-d,-0.5152431272324227,4.803441784132651
0.434,23,prcus-p,0.0,4.803441784132651
0.434,23,prcus-i,-0.0,4.803441784132651
0.434,23,prcus-a,-0.3772308129603774,4.803441784132651
0.434,23,ifrms,0.0,4.803441784132651
0.434,23,sspls-v,0.0,4.803441784132651
0.434,24,mcgs,0.4755780177264008,4.577157709147815
0.434,24,pos,-0.037506225344476736,4.577157709147815
0.434,24,sbps,-1.144472269282548,4.577157709147815
0.434,24,prculs-d,-0.6805240154632076,4.577157709147815
0.434,24,prcus-p,0.0,4.577157709147815
0.434,24,prcus-i,-0.0,4.577157709147815
0.434,24,prcus-a,-0.22745943831071855,4.577157709147815
0.434,24,ifrms,0.0,4.577157709147815
0.434,24,sspls-v,0.0,4.577157709147815
0.434,25,mcgs,0.19256293250811962,4.762165062579838
0.434,25,pos,-0.253500084575796,4.762165062579838
0.434,25,sbps,-1.2704678641865947,4.762165062579838
0.434,25,prculs-d,-0.5344279293135733,4.762165062579838
0.434,25,prcus-p,0.0,4.762165062579838
0.434,25,prcus-i,-0.0,4.762165062579838
0.434,25,prcus-a,-0.5001555035891994,4.762165062579838
0.434,25,ifrms,0.0,4.762165062579838
0.434,25,sspls-v,0.0,4.762165062579838
0.434,26,mcgs,0.0,4.197499549145212
0.434,26,pos,-0.0,4.197499549145212
0.434,26,sbps,-1.0338647456789156,4.197499549145212
0.434,26,prculs-d,-0.2665030571310099,4.197499549145212
0.434,26,prcus-p,0.0,4.197499549145212
0.434,26,prcus-i,-0.0,4.197499549145212
0.434,26,prcus-a,-0.08072705575556291,4.197499549145212
0.434,26,ifrms,0.0,4.197499549145212
0.434,26,sspls-v,0.0,4.197499549145212
0.434,27,mcgs,0.2497771529910309,4.81225080818069
0.434,27,pos,-0.24611517226810758,4.81225080818069
0.434,27,sbps,-1.1722907054203906,4.81225080818069
0.434,27,prculs-d,-0.49292293311243285,4.81225080818069
0.434,27,prcus-p,0.0,4.81225080818069
0.434,27,prcus-i,-0.0,4.81225080818069
0.434,27,prcus-a,-0.3652331653170623,4.81225080818069
0.434,27,ifrms,0.0,4.81225080818069
0.434,27,sspls-v,0.0,4.81225080818069
0.434,28,mcgs,0.17758170923283567,4.802587006923419
0.434,28,pos,-0.17028321579742356,4.802587006923419
0.434,28,sbps,-1.0826693446499462,4.802587006923419
0.434,28,prculs-d,-0.4847044744350198,4.802587006923419
0.434,28,prcus-p,0.0,4.802587006923419
0.434,28,prcus-i,-0.0,4.802587006923419
0.434,28,prcus-a,-0.3263354782761582,4.802587006923419
0.434,28,ifrms,0.0,4.802587006923419
0.434,28,sspls-v,0.0,4.802587006923419
0.434,29,mcgs,0.6201909077668941,4.552004015367323
0.434,29,pos,-0.0,4.552004015367323
0.434,29,sbps,-0.42011428587426003,4.552004015367323
0.434,29,prculs-d,-0.44013940103079685,4.552004015367323
0.434,29,prcus-p,0.0,4.552004015367323
0.434,29,prcus-i,-0.19272859087782812,4.552004015367323
0.434,29,prcus-a,-0.054725443041769226,4.552004015367323
0.434,29,ifrms,0.0,4.552004015367323
0.434,29,sspls-v,0.0,4.552004015367323
0.464,0,mcgs,0.06709230779454572,4.733641878145824
0.464,0,pos,-0.3420217391623923,4.733641878145824
0.464,0,sbps,-1.0509328621684264,4.733641878145824
0.464,0,prculs-d,-0.3264843411884858,4.733641878145824
0.464,0,prcus-p,0.0,4.733641878145824
0.464,0,prcus-i,-0.0,4.733641878145824
0.464,0,prcus-a,-0.28429180301927576,4.733641878145824
0.464,0,ifrms,0.0,4.733641878145824
0.464,0,sspls-v,0.0,4.733641878145824
0.464,1,mcgs,0.21711690422236857,4.859096317473317
0.464,1,pos,-0.30764809170862445,4.859096317473317
0.464,1,sbps,-1.0989533222241923,4.859096317473317
0.464,1,prculs-d,-0.45246146543159627,4.859096317473317
0.464,1,prcus-p,0.0,4.859096317473317
0.464,1,prcus-i,-0.0,4.859096317473317
0.464,1,prcus-a,-0.38232587525808015,4.859096317473317
0.464,1,ifrms,0.0,4.859096317473317
0.464,1,sspls-v,0.0,4.859096317473317
0.464,2,mcgs,0.05127068790516405,4.551523278378354
0.464,2,pos,-0.26563615319113076,4.551523278378354
0.464,2,sbps,-1.308762940001732,4.551523278378354
0.464,2,prculs-d,-0.15521392813209525,4.551523278378354
0.464,2,prcus-p,0.0,4.551523278378354
0.464,2,prcus-i,0.0,4.551523278378354
0.464,2,prcus-a,-0.5016190208528387,4.551523278378354
0.464,2,ifrms,0.0,4.551523278378354
0.464,2,sspls-v,-0.0,4.551523278378354
0.464,3,mcgs,0.0,4.118925951922538
0.464,3,pos,-0.0,4.118925951922538
0.464,3,sbps,-1.6215659906490059,4.118925951922538
0.464,3,prculs-d,-1.0194769474134842,4.118925951922538
0.464,3,prcus-p,-0.0,4.118925951922538
0.464,3,prcus-i,-0.29635758337466744,4.118925951922538
0.464,3,prcus-a,-0.7061429377644212,4.118925951922538
0.464,3,ifrms,-0.0,4.118925951922538
0.464,3,sspls-v,0.0,4.118925951922538
0.464,4,mcgs,0.18429610286463635,4.637028753243569
0.464,4,pos,-0.08733399494429316,4.637028753243569
0.464,4,sbps,-1.35272450964255,4.637028753243569
0.464,4,prculs-d,-0.0,4.637028753243569
0.464,4,prcus-p,0.0,4.637028753243569
0.464,4,prcus-i,-0.0,4.637028753243569
0.464,4,prcus-a,-0.4474393880801038,4.637028753243569
0.464,4,ifrms,0.0,4.637028753243569
0.464,4,sspls-v,0.0,4.637028753243569
0.464,5,mcgs,0.40690318444180185,4.570620115865125
0.464,5,pos,-0.732345136641121,4.570620115865125
0.464,5,sbps,-1.186103771776913,4.570620115865125
0.464,5,prculs-d,-0.17852086147259252,4.570620115865125
0.464,5,prcus-p,0.0,4.570620115865125
0.464,5,prcus-i,-0.0,4.570620115865125
0.464,5,prcus-a,-0.47726053008973146,4.570620115865125
0.464,5,ifrms,0.0,4.570620115865125
0.464,5,sspls-v,0.0,4.570620115865125
0.464,6,mcgs,0.0,4.624050772099953
0.464,6,pos,-0.30723311186119534,4.624050772099953
0.464,6,sbps,-0.5627263235249949,4.624050772099953
0.464,6,prculs-d,-0.6589368933233981,4.624050772099953
0.464,6,prcus-p,0.0,4.624050772099953
0.464,6,prcus-i,-0.0,4.624050772099953
0.464,6,prcus-a,-0.3980970463252633,4.624050772099953
0.464,6,ifrms,0.0,4.624050772099953
0.464,6,sspls-v,0.2874917473580716,4.624050772099953
0.464,7,mcgs,0.26603517071798133,4.711906933950842
0.464,7,pos,-0.3306317374097109,4.711906933950842
0.464,7,sbps,-1.212203359928043,4.711906933950842
0.464,7,prculs-d,-0.5690368376789536,4.711906933950842
0.464,7,prcus-p,0.0,4.711906933950842
0.464,7,prcus-i,-0.0,4.711906933950842
0.464,7,prcus-a,-0.1858141735888166,4.711906933950842
0.464,7,ifrms,0.0,4.711906933950842
0.464,7,sspls-v,0.0,4.711906933950842
0.464,8,mcgs,0.19960051508373436,4.671504573974891
0.464,8,pos,-0.1610953482891681,4.671504573974891
0.464,8,sbps,-1.3134980382873602,4.671504573974891
0.464,8,prculs-d,-0.5275455503215365,4.671504573974891
0.464,8,prcus-p,0.0,4.671504573974891
0.464,8,prcus-i,-0.0,4.671504573974891
0.464,8,prcus-a,-0.362790665457678,4.671504573974891
0.464,8,ifrms,0.0,4.671504573974891
0.464,8,sspls-v,0.0,4.671504573974891
0.464,9,mcgs,0.2334402671093379,4.785048002262001
0.464,9,pos,-0.25655636100868895,4.785048002262001
0.464,9,sbps,-1.1447430918688106,4.785048002262001
0.464,9,prculs-d,-0.4197087490559304,4.785048002262001
0.464,9,prcus-p,0.0,4.785048002262001
0.464,9,prcus-i,-0.0,4.785048002262001
0.464,9,prcus-a,-0.3031760449688243,4.785048002262001
0.464,9,ifrms,0.0,4.785048002262001
0.464,9,sspls-v,0.0,4.785048002262001
0.464,10,mcgs,0.5033301668088197,4.643025676456391
0.464,10,pos,-0.1621454398822345,4.643025676456391
0.464,10,sbps,-1.0528668396360625,4.643025676456391
0.464,10,prculs-d,-0.6185164949182849,4.643025676456391
0.464,10,prcus-p,0.0,4.643025676456391
0.464,10,prcus-i,-0.0,4.643025676456391
0.464,10,prcus-a,-0.42657691054877594,4.643025676456391
0.464,10,ifrms,0.0,4.643025676456391
0.464,10,sspls-v,-0.0,4.643025676456391
0.464,11,mcgs,0.034861020297363814,4.704138896001941
0.464,11,pos,-0.2696636692297629,4.704138896001941
0.464,11,sbps,-1.2655324344679395,4.704138896001941
0.464,11,prculs-d,-0.4915524667026869,4.704138896001941
0.464,11,prcus-p,0.013172899651639858,4.704138896001941
0.464,11,prcus-i,-0.0,4.704138896001941
0.464,11,prcus-a,-0.3469866667176611,4.704138896001941
0.464,11,ifrms,0.0,4.704138896001941
0.464,11,sspls-v,0.0,4.704138896001941
0.464,12,mcgs,0.17810680315408273,4.750500704977042
0.464,12,pos,-0.22731396402875043,4.750500704977042
0.464,12,sbps,-1.1864214987809827,4.750500704977042
0.464,12,prculs-d,-0.40836458983080726,4.750500704977042
0.464,12,prcus-p,0.0,4.750500704977042
0.464,12,prcus-i,-0.0,4.750500704977042
0.464,12,prcus-a,-0.3263096154023064,4.750500704977042
0.464,12,ifrms,0.0,4.750500704977042
0.464,12,sspls-v,0.0,4.750500704977042
0.464,13,mcgs,0.15326293868116356,4.4860241528541485
0.464,13,pos,-0.3607418656719553,4.4860241528541485
0.464,13,sbps,-1.170686930827743,4.4860241528541485
0.464,13,prculs-d,-0.38111525272092783,4.4860241528541485
0.464,13,prcus-p,0.0,4.4860241528541485
0.464,13,prcus-i,-0.0,4.4860241528541485
0.464,13,prcus-a,0.0,4.4860241528541485
0.464,13,ifrms,0.0007316804998138999,4.4860241528541485
0.464,13,sspls-v,-0.0,4.4860241528541485
0.464,14,mcgs,0.16290231255620988,4.793829664553154
0.464,14,pos,-0.2673128249534779,4.793829664553154
0.464,14,sbps,-1.1594094413032947,4.793829664553154
0.464,14,prculs-d,-0.37418671211541216,4.793829664553154
0.464,14,prcus-p,0.0,4.793829664553154
0.464,14,prcus-i,-0.0,4.793829664553154
0.464,14,prcus-a,-0.2918403907951505,4.793829664553154
0.464,14,ifrms,0.0,4.793829664553154
0.464,14,sspls-v,0.0,4.793829664553154
0.464,15,mcgs,0.10181528569100527,4.586619814021596
0.464,15,pos,-0.17050374019529638,4.586619814021596
0.464,15,sbps,-1.3319384362633584,4.586619814021596
0.464,15,prculs-d,-0.3845907679419614,4.586619814021596
0.464,15,prcus-p,0.0,4.586619814021596
0.464,15,prcus-i,-0.0,4.586619814021596
0.464,15,prcus-a,-0.5224418658334996,4.586619814021596
0.464,15,ifrms,0.0,4.586619814021596
0.464,15,sspls-v,0.0,4.586619814021596
0.464,16,mcgs,0.19786876928796512,4.805407057613158
0.464,16,pos,-0.23012516172244826,4.805407057613158
0.464,16,sbps,-1.1670031778895054,4.805407057613158
0.464,16,prculs-d,-0.4443045881718134,4.805407057613158
0.464,16,prcus-p,0.0,4.805407057613158
0.464,16,prcus-i,-0.0,4.805407057613158
0.464,16,prcus-a,-0.3346260195871091,4.805407057613158
0.464,16,ifrms,0.0,4.805407057613158
0.464,16,sspls-v,0.0,4.805407057613158
0.464,17,mcgs,0.0013792172440331724,4.316582013734264
0.464,17,pos,-0.8511539135947067,4.316582013734264
0.464,17,sbps,-0.7623048997471148,4.316582013734264
0.464,17,prculs-d,-0.0029527574149334893,4.316582013734264
0.464,17,prcus-p,-0.0,4.316582013734264
0.464,17,prcus-i,-0.0,4.316582013734264
0.464,17,prcus-a,-0.0,4.316582013734264
0.464,17,ifrms,-0.0,4.316582013734264
0.464,17,sspls-v,0.0,4.316582013734264
0.464,18,mcgs,0.16808133577766576,4.767401608805489
0.464,18,pos,-0.32178876819531466,4.767401608805489
0.464,18,sbps,-1.1773840054286648,4.767401608805489
0.464,18,prculs-d,-0.4596168354982273,4.767401608805489
0.464,18,prcus-p,0.0,4.767401608805489
0.464,18,prcus-i,-0.0,4.767401608805489
0.464,18,prcus-a,-0.33213073422662565,4.767401608805489
0.464,18,ifrms,0.0,4.767401608805489
0.464,18,sspls-v,0.0,4.767401608805489
0.464,19,mcgs,0.33454021166114306,4.70139617241322
0.464,19,pos,-0.28232909788450783,4.70139617241322
0.464,19,sbps,-1.0101761367260322,4.70139617241322
0.464,19,prculs-d,-0.45331174299895777,4.70139617241322
0.464,19,prcus-p,0.017019090683972886,4.70139617241322
0.464,19,prcus-i,-0.0,4.70139617241322
0.464,19,prcus-a,-0.403560461297145,4.70139617241322
0.464,19,ifrms,0.0,4.70139617241322
0.464,19,sspls-v,0.0,4.70139617241322
0.464,20,mcgs,0.1998692845455394,4.679110785460657
0.464,20,pos,-0.19852850753724888,4.679110785460657
0.464,20,sbps,-1.0492171850786518,4.679110785460657
0.464,20,prculs-d,-0.5086521335951045,4.679110785460657
0.464,20,prcus-p,0.0,4.679110785460657
0.464,20,prcus-i,-0.0,4.679110785460657
0.464,20,prcus-a,-0.2796057778652619,4.679110785460657
0.464,20,ifrms,-0.33522819171611545,4.679110785460657
0.464,20,sspls-v,0.0,4.679110785460657
0.464,21,mcgs,0.2842848665459268,4.5153160411611735
0.464,21,pos,-0.05029014847097579,4.5153160411611735
0.464,21,sbps,-1.075652333123905,4.5153160411611735
0.464,21,prculs-d,-0.4619485509251706,4.5153160411611735
0.464,21,prcus-p,0.0,4.5153160411611735
0.464,21,prcus-i,-0.0,4.5153160411611735
0.464,21,prcus-a,-0.23690053384428736,4.5153160411611735
0.464,21,ifrms,0.0,4.5153160411611735
0.464,21,sspls-v,0.0,4.5153160411611735
0.464,22,mcgs,0.18770719887387882,4.775719769612871
0.464,22,pos,-0.22948118798571338,4.775719769612871
0.464,22,sbps,-1.1608657293985787,4.775719769612871
0.464,22,prculs-d,-0.42974654522666605,4.775719769612871
0.464,22,prcus-p,0.0,4.775719769612871
0.464,22,prcus-i,-0.0,4.775719769612871
0.464,22,prcus-a,-0.36448394237669346,4.775719769612871
0.464,22,ifrms,0.0,4.775719769612871
0.464,22,sspls-v,0.0,4.775719769612871
0.464,23,mcgs,0.33183692541649273,4.7659847768788755
0.464,23,pos,-0.21385249780782326,4.7659847768788755
0.464,23,sbps,-1.1603309837804943,4.7659847768788755
0.464,23,prculs-d,-0.48149957192831155,4.7659847768788755
0.464,23,prcus-p,0.0,4.7659847768788755
0.464,23,prcus-i,-0.0,4.7659847768788755
0.464,23,prcus-a,-0.33696165472604706,4.7659847768788755
0.464,23,ifrms,0.0,4.7659847768788755
0.464,23,sspls-v,0.0,4.7659847768788755
0.464,24,mcgs,0.44619211578931445,4.539622378911412
0.464,24,pos,-0.019745804277424284,4.539622378911412
0.464,24,sbps,-1.1049509395568633,4.539622378911412
0.464,24,prculs-d,-0.6467083832763905,4.539622378911412
0.464,24,prcus-p,0.0,4.539622378911412
0.464,24,prcus-i,-0.0,4.539622378911412
0.464,24,prcus-a,-0.19000203401610832,4.539622378911412
0.464,24,ifrms,0.0,4.539622378911412
0.464,24,sspls-v,0.0,4.539622378911412
0.464,25,mcgs,0.16317921837020302,4.711327516524562
0.464,25,pos,-0.23397969551834852,4.711327516524562
0.464,25,sbps,-1.2300993363213555,4.711327516524562
0.464,25,prculs-d,-0.5004714331405705,4.711327516524562
0.464,25,prcus-p,0.0,4.711327516524562
0.464,25,prcus-i,-0.0,4.711327516524562
0.464,25,prcus-a,-0.4611227817835529,4.711327516524562
0.464,25,ifrms,0.0,4.711327516524562
0.464,25,sspls-v,0.0,4.711327516524562
0.464,26,mcgs,0.0,4.1487036414303935
0.464,26,pos,-0.0,4.1487036414303935
0.464,26,sbps,-0.9866482840675183,4.1487036414303935
0.464,26,prculs-d,-0.2375024519213359,4.1487036414303935
0.464,26,prcus-p,0.0,4.1487036414303935
0.464,26,prcus-i,-0.0,4.1487036414303935
0.464,26,prcus-a,-0.03433458303887269,4.1487036414303935
0.464,26,ifrms,0.0,4.1487036414303935
0.464,26,sspls-v,0.0,4.1487036414303935
0.464,27,mcgs,0.21943739506277746,4.78758814647528
0.464,27,pos,-0.22722271147176779,4.78758814647528
0.464,27,sbps,-1.1349035491213222,4.78758814647528
0.464,27,prculs-d,-0.4586489168807627,4.78758814647528
0.464,27,prcus-p,0.0,4.78758814647528
0.464,27,prcus-i,-0.0,4.78758814647528
0.464,27,prcus-a,-0.32742554292838993,4.78758814647528
0.464,27,ifrms,0.0,4.78758814647528
0.464,27,sspls-v,0.0,4.78758814647528
0.464,28,mcgs,0.14382043831598024,4.754548698247239
0.464,28,pos,-0.14373742147916463,4.754548698247239
0.464,28,sbps,-1.0361439655585096,4.754548698247239
0.464,28,prculs-d,-0.45153436714337614,4.754548698247239
0.464,28,prcus-p,0.0,4.754548698247239
0.464,28,prcus-i,-0.0,4.754548698247239
0.464,28,prcus-a,-0.28446013261662667,4.754548698247239
0.464,28,ifrms,0.0,4.754548698247239
0.464,28,sspls-v,0.0,4.754548698247239
0.464,29,mcgs,0.5893996685958922,4.494611652933922
0.464,29,pos,-0.0,4.494611652933922
0.464,29,sbps,-0.3900210023880771,4.494611652933922
0.464,29,prculs-d,-0.4005912982789126,4.494611652933922
0.464,29,prcus-p,0.0,4.494611652933922
0.464,29,prcus-i,-0.17168661110957317,4.494611652933922
0.464,29,prcus-a,-0.01350857683319427,4.494611652933922
0.464,29,ifrms,0.0,4.494611652933922
0.464,29,sspls-v,0.0,4.494611652933922
0.496,0,mcgs,0.03012979427094735,4.696570264434662
0.496,0,pos,-0.32697833990396885,4.696570264434662
0.496,0,sbps,-1.0057820260839598,4.696570264434662
0.496,0,prculs-d,-0.28525132342278814,4.696570264434662
0.496,0,prcus-p,0.0,4.696570264434662
0.496,0,prcus-i,-0.0,4.696570264434662
0.496,0,prcus-a,-0.24154983382155845,4.696570264434662
0.496,0,ifrms,0.0,4.696570264434662
0.496,0,sspls-v,0.0,4.696570264434662
0.496,1,mcgs,0.1849049678403266,4.820671280692718
0.496,1,pos,-0.28668421053991056,4.820671280692718
0.496,1,sbps,-1.0582852899276385,4.820671280692718
0.496,1,prculs-d,-0.4162991923257742,4.820671280692718
0.496,1,prcus-p,0.0,4.820671280692718
0.496,1,prcus-i,-0.0,4.820671280692718
0.496,1,prcus-a,-0.3418850946004609,4.820671280692718
0.496,1,ifrms,0.0,4.820671280692718
0.496,1,sspls-v,0.0,4.820671280692718
0.496,2,mcgs,0.01944271883178942,4.495012005118673
0.496,2,pos,-0.24480125837418942,4.495012005118673
0.496,2,sbps,-1.2665215983635318,4.495012005118673
0.496,2,prculs-d,-0.11978518479730872,4.495012005118673
0.496,2,prcus-p,0.0,4.495012005118673
0.496,2,prcus-i,-0.0,4.495012005118673
0.496,2,prcus-a,-0.4610389415582507,4.495012005118673
0.496,2,ifrms,0.0,4.495012005118673
0.496,2,sspls-v,-0.0,4.495012005118673
0.496,3,mcgs,0.0,4.075629599010801
0.496,3,pos,-0.0,4.075629599010801
0.496,3,sbps,-1.5810331924651115,4.075629599010801
0.496,3,prculs-d,-0.9846222048234439,4.075629599010801
0.496,3,prcus-p,-0.0,4.075629599010801
0.496,3,prcus-i,-0.2713944545515945,4.075629599010801
0.496,3,prcus-a,-0.6557964458031154,4.075629599010801
0.496,3,ifrms,-0.0,4.075629599010801
0.496,3,sspls-v,0.0,4.075629599010801
0.496,4,mcgs,0.16458697172202974,4.594698979006638
0.496,4,pos,-0.0621374705551177,4.594698979006638
0.496,4,sbps,-1.307270429258457,4.594698979006638
0.496,4,prculs-d,-0.0,4.594698979006638
0.496,4,prcus-p,0.0,4.594698979006638
0.496,4,prcus-i,-0.0,4.594698979006638
0.496,4,prcus-a,-0.4030362998008536,4.594698979006638
0.496,4,ifrms,0.0,4.594698979006638
0.496,4,sspls-v,0.0,4.594698979006638
0.496,5,mcgs,0.3741623874189941,4.525098450578888
0.496,5,pos,-0.7075584784658265,4.525098450578888
0.496,5,sbps,-1.1431316293185851,4.525098450578888
0.496,5,prculs-d,-0.14814474257491003,4.525098450578888
0.496,5,prcus-p,0.0,4.525098450578888
0.496,5,prcus-i,-0.0,4.525098450578888
0.496,5,prcus-a,-0.4342093517569693,4.525098450578888
0.496,5,ifrms,0.0,4.525098450578888
0.496,5,sspls-v,0.0,4.525098450578888
0.496,6,mcgs,0.0,4.607137889820826
0.496,6,pos,-0.2861386814148059,4.607137889820826
0.496,6,sbps,-0.5183277038702251,4.607137889820826
0.496,6,prculs-d,-0.6351477175854351,4.607137889820826
0.496,6,prcus-p,0.0,4.607137889820826
0.496,6,prcus-i,-0.0,4.607137889820826
0.496,6,prcus-a,-0.3606465316709674,4.607137889820826
0.496,6,ifrms,0.0,4.607137889820826
0.496,6,sspls-v,0.2534889763752627,4.607137889820826
0.496,7,mcgs,0.23148826653491286,4.685724565902933
0.496,7,pos,-0.3073440245050091,4.685724565902933
0.496,7,sbps,-1.1708958782313252,4.685724565902933
0.496,7,prculs-d,-0.5300459661863068,4.685724565902933
0.496,7,prcus-p,0.0,4.685724565902933
0.496,7,prcus-i,-0.0,4.685724565902933
0.496,7,prcus-a,-0.15552516885460968,4.685724565902933
0.496,7,ifrms,0.0,4.685724565902933
0.496,7,sspls-v,0.0,4.685724565902933
0.496,8,mcgs,0.16758991424052352,4.629273197807148
0.496,8,pos,-0.14172320632401955,4.629273197807148
0.496,8,sbps,-1.2707496821980606,4.629273197807148
0.496,8,prculs-d,-0.4905834267920717,4.629273197807148
0.496,8,prcus-p,0.0,4.629273197807148
0.496,8,prcus-i,-0.0,4.629273197807148
0.496,8,prcus-a,-0.3217776537087995,4.629273197807148
0.496,8,ifrms,0.0,4.629273197807148
0.496,8,sspls-v,0.0,4.629273197807148
0.496,9,mcgs,0.20371560505955802,4.760773730424947
0.496,9,pos,-0.23636581883312763,4.760773730424947
0.496,9,sbps,-1.101864492205427,4.760773730424947
0.496,9,prculs-d,-0.3852495042171927,4.760773730424947
0.496,9,prcus-p,0.0,4.760773730424947
0.496,9,prcus-i,-0.0,4.760773730424947
0.496,9,prcus-a,-0.26188376608270136,4.760773730424947
0.496,9,ifrms,0.0,4.760773730424947
0.496,9,sspls-v,0.0,4.760773730424947
0.496,10,mcgs,0.4695114261924864,4.635270083346076
0.496,10,pos,-0.14207082483637765,4.635270083346076
0.496,10,sbps,-1.0119304890941199,4.635270083346076
0.496,10,prculs-d,-0.5809089097970873,4.635270083346076
0.496,10,prcus-p,0.0,4.635270083346076
0.496,10,prcus-i,-0.0,4.635270083346076
0.496,10,prcus-a,-0.38517720221503354,4.635270083346076
0.496,10,ifrms,0.0,4.635270083346076
0.496,10,sspls-v,-0.0,4.635270083346076
0.496,11,mcgs,0.011849025350207957,4.662394307604461
0.496,11,pos,-0.2531453911417254,4.662394307604461
0.496,11,sbps,-1.2207924732897324,4.662394307604461
0.496,11,prculs-d,-0.45251830553702976,4.662394307604461
0.496,11,prcus-p,0.0,4.662394307604461
0.496,11,prcus-i,-0.0,4.662394307604461
0.496,11,prcus-a,-0.304316842687183,4.662394307604461
0.496,11,ifrms,0.0,4.662394307604461
0.496,11,sspls-v,0.0,4.662394307604461
0.496,12,mcgs,0.14566842986856693,4.724727342075443
0.496,12,pos,-0.20656207669829676,4.724727342075443
0.496,12,sbps,-1.1476037689815857,4.724727342075443
0.496,12,prculs-d,-0.37249077481528947,4.724727342075443
0.496,12,prcus-p,0.0,4.724727342075443
0.496,12,prcus-i,-0.0,4.724727342075443
0.496,12,prcus-a,-0.28630444364630686,4.724727342075443
0.496,12,ifrms,0.0,4.724727342075443
0.496,12,sspls-v,0.0,4.724727342075443
0.496,13,mcgs,0.1155058640512953,4.439168956762402
0.496,13,pos,-0.33795345354824097,4.439168956762402
0.496,13,sbps,-1.143232552267394,4.439168956762402
0.496,13,prculs-d,-0.3417694219200811,4.439168956762402
0.496,13,prcus-p,0.0,4.439168956762402
0.496,13,prcus-i,-0.0,4.439168956762402
0.496,13,prcus-a,0.0,4.439168956762402
0.496,13,ifrms,0.0,4.439168956762402
0.496,13,sspls-v,-0.0,4.439168956762402
0.496,14,mcgs,0.12547621242588927,4.748873121020772
0.496,14,pos,-0.2514477806809125,4.748873121020772
0.496,14,sbps,-1.1170710321505435,4.748873121020772
0.496,14,prculs-d,-0.33162459591046595,4.748873121020772
0.496,14,prcus-p,0.0,4.748873121020772
0.496,14,prcus-i,-0.0,4.748873121020772
0.496,14,prcus-a,-0.24789391119347534,4.748873121020772
0.496,14,ifrms,0.0,4.748873121020772
0.496,14,sspls-v,0.0,4.748873121020772
0.496,15,mcgs,0.07089537331424121,4.562793848663801
0.496,15,pos,-0.15056276006928548,4.562793848663801
0.496,15,sbps,-1.2886771243071529,4.562793848663801
0.496,15,prculs-d,-0.3491983824366943,4.562793848663801
0.496,15,prcus-p,0.0,4.562793848663801
0.496,15,prcus-i,-0.0,4.562793848663801
0.496,15,prcus-a,-0.48080360221433566,4.562793848663801
0.496,15,ifrms,0.0,4.562793848663801
0.496,15,sspls-v,0.0,4.562793848663801
0.496,16,mcgs,0.1662346793030308,4.77585899299138
0.496,16,pos,-0.20995162861189567,4.77585899299138
0.496,16,sbps,-1.1241725724043852,4.77585899299138
0.496,16,prculs-d,-0.4084194300328236,4.77585899299138
0.496,16,prcus-p,0.0,4.77585899299138
0.496,16,prcus-i,-0.0,4.77585899299138
0.496,16,prcus-a,-0.29335237071744596,4.77585899299138
0.496,16,ifrms,0.0,4.77585899299138
0.496,16,sspls-v,0.0,4.77585899299138
0.496,17,mcgs,0.0,4.275540906829254
0.496,17,pos,-0.8194985768531015,4.275540906829254
0.496,17,sbps,-0.7300041742944064,4.275540906829254
0.496,17,prculs-d,-0.0,4.275540906829254
0.496,17,prcus-p,-0.0,4.275540906829254
0.496,17,prcus-i,-0.0,4.275540906829254
0.496,17,prcus-a,-0.0,4.275540906829254
0.496,17,ifrms,-0.0,4.275540906829254
0.496,17,sspls-v,0.0,4.275540906829254
0.496,18,mcgs,0.1386398444904562,4.735946911056536
0.496,18,pos,-0.2995298775611142,4.735946911056536
0.496,18,sbps,-1.1338637912316858,4.735946911056536
0.496,18,prculs-d,-0.4235262342574755,4.735946911056536
0.496,18,prcus-p,0.0,4.735946911056536
0.496,18,prcus-i,-0.0,4.735946911056536
0.496,18,prcus-a,-0.29036934530291336,4.735946911056536
0.496,18,ifrms,0.0,4.735946911056536
0.496,18,sspls-v,0.0,4.735946911056536
0.496,19,mcgs,0.30302360276623014,4.665985005208442
0.496,19,pos,-0.2683032974950348,4.665985005208442
0.496,19,sbps,-0.9693132098748801,4.665985005208442
0.496,19,prculs-d,-0.41091726320945265,4.665985005208442
0.496,19,prcus-p,0.0,4.665985005208442
0.496,19,prcus-i,-0.0,4.665985005208442
0.496,19,prcus-a,-0.36164683667204567,4.665985005208442
0.496,19,ifrms,0.0,4.665985005208442
0.496,19,sspls-v,0.0,4.665985005208442
0.496,20,mcgs,0.16908289062251158,4.6567332298513255
0.496,20,pos,-0.1772557615495774,4.6567332298513255
0.496,20,sbps,-1.0111457780570343,4.6567332298513255
0.496,20,prculs-d,-0.47187291295107614,4.6567332298513255
0.496,20,prcus-p,0.0,4.6567332298513255
0.496,20,prcus-i,-0.0,4.6567332298513255
0.496,20,prcus-a,-0.24206830157337547,4.6567332298513255
0.496,20,ifrms,-0.325240798780445,4.6567332298513255
0.496,20,sspls-v,0.0,4.6567332298513255
0.496,21,mcgs,0.253359826187255,4.482524965544689
0.496,21,pos,-0.02861350246215666,4.482524965544689
0.496,21,sbps,-1.0323842988599838,4.482524965544689
0.496,21,prculs-d,-0.4261487212960103,4.482524965544689
0.496,21,prcus-p,0.0,4.482524965544689
0.496,21,prcus-i,-0.0,4.482524965544689
0.496,21,prcus-a,-0.19521496320850043,4.482524965544689
0.496,21,ifrms,0.0,4.482524965544689
0.496,21,sspls-v,0.0,4.482524965544689
0.496,22,mcgs,0.15549456297587588,4.754340470449433
0.496,22,pos,-0.20855516182332526,4.754340470449433
0.496,22,sbps,-1.1208448431069098,4.754340470449433
0.496,22,prculs-d,-0.3942084577378857,4.754340470449433
0.496,22,prcus-p,0.0,4.754340470449433
0.496,22,prcus-i,-0.0,4.754340470449433
0.496,22,prcus-a,-0.32981286742881366,4.754340470449433
0.496,22,ifrms,0.0,4.754340470449433
0.496,22,sspls-v,0.0,4.754340470449433
0.496,23,mcgs,0.29757574514507396,4.740051371044039
0.496,23,pos,-0.19363401322213758,4.740051371044039
0.496,23,sbps,-1.1161329799025288,4.740051371044039
0.496,23,prculs-d,-0.4455064462705935,4.740051371044039
0.496,23,prcus-p,0.0,4.740051371044039
0.496,23,prcus-i,-0.0,4.740051371044039
0.496,23,prcus-a,-0.29400788594276195,4.740051371044039
0.496,23,ifrms,0.0,4.740051371044039
0.496,23,sspls-v,0.0,4.740051371044039
0.496,24,mcgs,0.41492050262097857,4.508935986615001
0.496,24,pos,-0.0007660200612992562,4.508935986615001
0.496,24,sbps,-1.0627671206714628,4.508935986615001
0.496,24,prculs-d,-0.6106732108974742,4.508935986615001
0.496,24,prcus-p,0.0,4.508935986615001
0.496,24,prcus-i,-0.0,4.508935986615001
0.496,24,prcus-a,-0.1500309167336199,4.508935986615001
0.496,24,ifrms,0.0,4.508935986615001
0.496,24,sspls-v,0.0,4.508935986615001
0.496,25,mcgs,0.1318365899564256,4.670497768451312
0.496,25,pos,-0.21315794719040423,4.670497768451312
0.496,25,sbps,-1.1870395732651013,4.670497768451312
0.496,25,prculs-d,-0.46425117055603454,4.670497768451312
0.496,25,prcus-p,0.0,4.670497768451312
0.496,25,prcus-i,-0.0,4.670497768451312
0.496,25,prcus-a,-0.4194878785241971,4.670497768451312
0.496,25,ifrms,0.0,4.670497768451312
0.496,25,sspls-v,0.0,4.670497768451312
0.496,26,mcgs,0.0,4.103491016009383
0.496,26,pos,-0.0,4.103491016009383
0.496,26,sbps,-0.9418217532583399,4.103491016009383
0.496,26,prculs-d,-0.20615672703015056,4.103491016009383
0.496,26,prcus-p,0.0,4.103491016009383
0.496,26,prcus-i,-0.0,4.103491016009383
0.496,26,prcus-a,-0.0,4.103491016009383
0.496,26,ifrms,0.0,4.103491016009383
0.496,26,sspls-v,0.0,4.103491016009383
0.496,27,mcgs,0.1870749866059735,4.765750926715284
0.496,27,pos,-0.2070707532890053,4.765750926715284
0.496,27,sbps,-1.095023915735649,4.765750926715284
0.496,27,prculs-d,-0.42208996623364775,4.765750926715284
0.496,27,prcus-p,0.0,4.765750926715284
0.496,27,prcus-i,-0.0,4.765750926715284
0.496,27,prcus-a,-0.28709741238047176,4.765750926715284
0.496,27,ifrms,0.0,4.765750926715284
0.496,27,sspls-v,0.0,4.765750926715284
0.496,28,mcgs,0.10780841600466866,4.706476576711889
0.496,28,pos,-0.11542190753968913,4.706476576711889
0.496,28,sbps,-0.9865168945276441,4.706476576711889
0.496,28,prculs-d,-0.4161529193656238,4.706476576711889
0.496,28,prcus-p,0.0,4.706476576711889
0.496,28,prcus-i,-0.0,4.706476576711889
0.496,28,prcus-a,-0.23979309724645986,4.706476576711889
0.496,28,ifrms,0.0,4.706476576711889
0.496,28,sspls-v,0.0,4.706476576711889
0.496,29,mcgs,0.5500506675433784,4.4409624043554565
0.496,29,pos,-0.0,4.4409624043554565
0.496,29,sbps,-0.37312764359611456,4.4409624043554565
0.496,29,prculs-d,-0.3560880414531219,4.4409624043554565
0.496,29,prcus-p,0.0,4.4409624043554565
0.496,29,prcus-i,-0.14591451910917003,4.4409624043554565
0.496,29,prcus-a,-0.0,4.4409624043554565
0.496,29,ifrms,0.0,4.4409624043554565
0.496,29,sspls-v,0.0,4.4409624043554565
0.53,0,mcgs,0.0,4.661535595557523
0.53,0,pos,-0.3091311419207036,4.661535595557523
0.53,0,sbps,-0.9565241186880072,4.661535595557523
0.53,0,prculs-d,-0.24503986335884886,4.661535595557523
0.53,0,prcus-p,0.0,4.661535595557523
0.53,0,prcus-i,-0.0,4.661535595557523
0.53,0,prcus-a,-0.1951302641961217,4.661535595557523
0.53,0,ifrms,0.0,4.661535595557523
0.53,0,sspls-v,0.0,4.661535595557523
0.53,1,mcgs,0.15070429601774124,4.787388513079391
0.53,1,pos,-0.2644009147150027,4.787388513079391
0.53,1,sbps,-1.0150642542487518,4.787388513079391
0.53,1,prculs-d,-0.3778869340848829,4.787388513079391
0.53,1,prcus-p,0.0,4.787388513079391
0.53,1,prcus-i,-0.0,4.787388513079391
0.53,1,prcus-a,-0.2989117150646063,4.787388513079391
0.53,1,ifrms,0.0,4.787388513079391
0.53,1,sspls-v,0.0,4.787388513079391
0.53,2,mcgs,0.0,4.441527684388103
0.53,2,pos,-0.22051735763931132,4.441527684388103
0.53,2,sbps,-1.2184696361004295,4.441527684388103
0.53,2,prculs-d,-0.08716796437744449,4.441527684388103
0.53,2,prcus-p,0.0,4.441527684388103
0.53,2,prcus-i,-0.0,4.441527684388103
0.53,2,prcus-a,-0.4157382937106027,4.441527684388103
0.53,2,ifrms,0.0,4.441527684388103
0.53,2,sspls-v,-0.0,4.441527684388103
0.53,3,mcgs,0.0,4.040447766454769
0.53,3,pos,-0.0,4.040447766454769
0.53,3,sbps,-1.5379670943947232,4.040447766454769
0.53,3,prculs-d,-0.9475890408215264,4.040447766454769
0.53,3,prcus-p,-0.0,4.040447766454769
0.53,3,prcus-i,-0.24487113017707882,4.040447766454769
0.53,3,prcus-a,-0.6023032980942276,4.040447766454769
0.53,3,ifrms,-0.0,4.040447766454769
0.53,3,sspls-v,0.0,4.040447766454769
0.53,4,mcgs,0.14366391416238436,4.559001684493692
0.53,4,pos,-0.035368031559782104,4.559001684493692
0.53,4,sbps,-1.2589549581634474,4.559001684493692
0.53,4,prculs-d,-0.0,4.559001684493692
0.53,4,prcus-p,0.0,4.559001684493692
0.53,4,prcus-i,-0.0,4.559001684493692
0.53,4,prcus-a,-0.35584933212064546,4.559001684493692
0.53,4,ifrms,0.0,4.559001684493692
0.53,4,sspls-v,0.0,4.559001684493692
0.53,5,mcgs,0.3393752905822601,4.509459261854509
0.53,5,pos,-0.6812226541545766,4.509459261854509
0.53,5,sbps,-1.0974737279566125,4.509459261854509
0.53,5,prculs-d,-0.11587011624612278,4.509459261854509
0.53,5,prcus-p,0.0,4.509459261854509
0.53,5,prcus-i,-0.0,4.509459261854509
0.53,5,prcus-a,-0.3884674747784101,4.509459261854509
0.53,5,ifrms,0.0,4.509459261854509
0.53,5,sspls-v,0.0,4.509459261854509
0.53,6,mcgs,0.0,4.59012383310906
0.53,6,pos,-0.2637258490655171,4.59012383310906
0.53,6,sbps,-0.4711541704870314,4.59012383310906
0.53,6,prculs-d,-0.6098717183638495,4.59012383310906
0.53,6,prcus-p,0.0,4.59012383310906
0.53,6,prcus-i,-0.0,4.59012383310906
0.53,6,prcus-a,-0.32085535985077696,4.59012383310906
0.53,6,ifrms,0.0,4.59012383310906
0.53,6,sspls-v,0.21736103220602876,4.59012383310906
0.53,7,mcgs,0.19478218084040308,4.660573667531318
0.53,7,pos,-0.2826008295437631,4.660573667531318
0.53,7,sbps,-1.1270066789285627,4.660573667531318
0.53,7,prculs-d,-0.4886181652253689,4.660573667531318
0.53,7,prcus-p,0.0,4.660573667531318
0.53,7,prcus-i,-0.0,4.660573667531318
0.53,7,prcus-a,-0.12334310132451494,4.660573667531318
0.53,7,ifrms,0.0,4.660573667531318
0.53,7,sspls-v,0.0,4.660573667531318
0.53,8,mcgs,0.13357865084461218,4.5933187362224315
0.53,8,pos,-0.1211403054860486,4.5933187362224315
0.53,8,sbps,-1.2253295538531803,4.5933187362224315
0.53,8,prculs-d,-0.45131117054201575,4.5933187362224315
0.53,8,prcus-p,0.0,4.5933187362224315
0.53,8,prcus-i,-0.0,4.5933187362224315
0.53,8,prcus-a,-0.27820132872561676,4.5933187362224315
0.53,8,ifrms,0.0,4.5933187362224315
0.53,8,sspls-v,0.0,4.5933187362224315
0.53,9,mcgs,0.172133151631667,4.73983025421004
0.53,9,pos,-0.2149133677715944,4.73983025421004
0.53,9,sbps,-1.0563059800630823,4.73983025421004
0.53,9,prculs-d,-0.3486365565760341,4.73983025421004
0.53,9,prcus-p,0.0,4.73983025421004
0.53,9,prcus-i,-0.0,4.73983025421004
0.53,9,prcus-a,-0.21801071976619618,4.73983025421004
0.53,9,ifrms,0.0,4.73983025421004
0.53,9,sspls-v,0.0,4.73983025421004
0.53,10,mcgs,0.4335790142876335,4.625866150466575
0.53,10,pos,-0.12074154635015572,4.625866150466575
0.53,10,sbps,-0.968435616643304,4.625866150466575
0.53,10,prculs-d,-0.540950850605815,4.625866150466575
0.53,10,prcus-p,0.0,4.625866150466575
0.53,10,prcus-i,-0.0,4.625866150466575
0.53,10,prcus-a,-0.3411900121104314,4.625866150466575
0.53,10,ifrms,0.0,4.625866150466575
0.53,10,sspls-v,-0.0,4.625866150466575
0.53,11,mcgs,0.0,4.621447048481247
0.53,11,pos,-0.22762648874720953,4.621447048481247
0.53,11,sbps,-1.1708649443195374,4.621447048481247
0.53,11,prculs-d,-0.42106157376953907,4.621447048481247
0.53,11,prcus-p,0.0,4.621447048481247
0.53,11,prcus-i,-0.0,4.621447048481247
0.53,11,prcus-a,-0.258058246861577,4.621447048481247
0.53,11,ifrms,0.0,4.621447048481247
0.53,11,sspls-v,0.0,4.621447048481247
0.53,12,mcgs,0.11123128162581036,4.697724296144798
0.53,12,pos,-0.18450369016406593,4.697724296144798
0.53,12,sbps,-1.1063448968611798,4.697724296144798
0.53,12,prculs-d,-0.33438681208661564,4.697724296144798
0.53,12,prcus-p,0.0,4.697724296144798
0.53,12,prcus-i,-0.0,4.697724296144798
0.53,12,prcus-a,-0.24379259743312895,4.697724296144798
0.53,12,ifrms,0.0,4.697724296144798
0.53,12,sspls-v,0.0,4.697724296144798
0.53,13,mcgs,0.07548106066923639,4.398293190333474
0.53,13,pos,-0.3137048794844834,4.398293190333474
0.53,13,sbps,-1.114286898257356,4.398293190333474
0.53,13,prculs-d,-0.2999379868011281,4.398293190333474
0.53,13,prcus-p,0.0,4.398293190333474
0.53,13,prcus-i,-0.0,4.398293190333474
0.53,13,prcus-a,0.0,4.398293190333474
0.53,13,ifrms,0.0,4.398293190333474
0.53,13,sspls-v,-0.0,4.398293190333474
0.53,14,mcgs,0.08571098103742392,4.708780243779162
0.53,14,pos,-0.23459117114131134,4.708780243779162
0.53,14,sbps,-1.0720864724257448,4.708780243779162
0.53,14,prculs-d,-0.2864023474427109,4.708780243779162
0.53,14,prcus-p,0.0,4.708780243779162
0.53,14,prcus-i,-0.0,4.708780243779162
0.53,14,prcus-a,-0.20120077661669383,4.708780243779162
0.53,14,ifrms,0.0,4.708780243779162
0.53,14,sspls-v,0.0,4.708780243779162
0.53,15,mcgs,0.03804296641393009,4.543053684693252
0.53,15,pos,-0.12937546868539881,4.543053684693252
0.53,15,sbps,-1.242711980353685,4.543053684693252
0.53,15,prculs-d,-0.3115939728373498,4.543053684693252
0.53,15,prcus-p,0.0,4.543053684693252
0.53,15,prcus-i,-0.0,4.543053684693252
0.53,15,prcus-a,-0.43656294711897514,4.543053684693252
0.53,15,ifrms,0.0,4.543053684693252
0.53,15,sspls-v,0.0,4.543053684693252
0.53,16,mcgs,0.1326234586940369,4.7407120591922425
0.53,16,pos,-0.18851724968193287,4.7407120591922425
0.53,16,sbps,-1.0786650540764453,4.7407120591922425
0.53,16,prculs-d,-0.370291449510146,4.7407120591922425
0.53,16,prcus-p,0.0,4.7407120591922425
0.53,16,prcus-i,-0.0,4.7407120591922425
0.53,16,prcus-a,-0.24949911879342984,4.7407120591922425
0.53,16,ifrms,0.0,4.7407120591922425
0.53,16,sspls-v,0.0,4.7407120591922425
0.53,17,mcgs,0.0,4.234154906369673
0.53,17,pos,-0.7850151770591679,4.234154906369673
0.53,17,sbps,-0.6955207764168554,4.234154906369673
0.53,17,prculs-d,-0.0,4.234154906369673
0.53,17,prcus-p,-0.0,4.234154906369673
0.53,17,prcus-i,-0.0,4.234154906369673
0.53,17,prcus-a,-0.0,4.234154906369673
0.53,17,ifrms,-0.0,4.234154906369673
0.53,17,sspls-v,0.0,4.234154906369673
0.53,18,mcgs,0.10735825999779644,4.711888189317354
0.53,18,pos,-0.27587980626227604,4.711888189317354
0.53,18,sbps,-1.0876235636473959,4.711888189317354
0.53,18,prculs-d,-0.3851799704391771,4.711888189317354
0.53,18,prcus-p,0.0,4.711888189317354
0.53,18,prcus-i,-0.0,4.711888189317354
0.53,18,prcus-a,-0.24599786957146863,4.711888189317354
0.53,18,ifrms,0.0,4.711888189317354
0.53,18,sspls-v,0.0,4.711888189317354
0.53,19,mcgs,0.26899829378000856,4.635119189990377
0.53,19,pos,-0.2461139206212915,4.635119189990377
0.53,19,sbps,-0.9261973984053156,4.635119189990377
0.53,19,prculs-d,-0.3727720437296348,4.635119189990377
0.53,19,prcus-p,0.0,4.635119189990377
0.53,19,prcus-i,-0.0,4.635119189990377
0.53,19,prcus-a,-0.31887303989766747,4.635119189990377
0.53,19,ifrms,0.0,4.635119189990377
0.53,19,sspls-v,0.0,4.635119189990377
0.53,20,mcgs,0.13637234707929496,4.635339525184475
0.53,20,pos,-0.15465346893767587,4.635339525184475
0.53,20,sbps,-0.9706949080965646,4.635339525184475
0.53,20,prculs-d,-0.43279499101679647,4.635339525184475
0.53,20,prcus-p,0.0,4.635339525184475
0.53,20,prcus-i,-0.0,4.635339525184475
0.53,20,prcus-a,-0.20218473301324508,4.635339525184475
0.53,20,ifrms,-0.31462919378629617,4.635339525184475
0.53,20,sspls-v,0.0,4.635339525184475
0.53,21,mcgs,0.220501699686924,4.4526263942417845
0.53,21,pos,-0.005582179515008948,4.4526263942417845
0.53,21,sbps,-0.9864121423400114,4.4526263942417845
0.53,21,prculs-d,-0.3881112895167427,4.4526263942417845
0.53,21,prcus-p,0.0,4.4526263942417845
0.53,21,prcus-i,-0.0,4.4526263942417845
0.53,21,prcus-a,-0.1509241051679476,4.4526263942417845
0.53,21,ifrms,0.0,4.4526263942417845
0.53,21,sspls-v,0.0,4.4526263942417845
0.53,22,mcgs,0.12126863733424699,4.734671868277107
0.53,22,pos,-0.18632125902578775,4.734671868277107
0.53,22,sbps,-1.0783226514220108,4.734671868277107
0.53,22,prculs-d,-0.3564492397810569,4.734671868277107
0.53,22,prcus-p,0.0,4.734671868277107
0.53,22,prcus-i,-0.0,4.734671868277107
0.53,22,prcus-a,-0.2929748502966909,4.734671868277107
0.53,22,ifrms,0.0,4.734671868277107
0.53,22,sspls-v,0.0,4.734671868277107
0.53,23,mcgs,0.26117324110669143,4.71747660323711
0.53,23,pos,-0.17215187334984677,4.71747660323711
0.53,23,sbps,-1.0691726007821913,4.71747660323711
0.53,23,prculs-d,-0.40726375025926737,4.71747660323711
0.53,23,prcus-p,0.0,4.71747660323711
0.53,23,prcus-i,-0.0,4.71747660323711
0.53,23,prcus-a,-0.24836950661052118,4.71747660323711
0.53,23,ifrms,0.0,4.71747660323711
0.53,23,sspls-v,0.0,4.71747660323711
0.53,24,mcgs,0.3769040957090885,4.482073353122029
0.53,24,pos,-0.0,4.482073353122029
0.53,24,sbps,-1.019373587197841,4.482073353122029
0.53,24,prculs-d,-0.5666979247346123,4.482073353122029
0.53,24,prcus-p,0.0,4.482073353122029
0.53,24,prcus-i,-0.0,4.482073353122029
0.53,24,prcus-a,-0.10759756801079148,4.482073353122029
0.53,24,ifrms,0.0,4.482073353122029
0.53,24,sspls-v,0.0,4.482073353122029
0.53,25,mcgs,0.0985350472667868,4.637748152776646
0.53,25,pos,-0.1910348395919636,4.637748152776646
0.53,25,sbps,-1.1412885750178305,4.637748152776646
0.53,25,prculs-d,-0.4257671415599642,4.637748152776646
0.53,25,prcus-p,0.0,4.637748152776646
0.53,25,prcus-i,-0.0,4.637748152776646
0.53,25,prcus-a,-0.3752507938111307,4.637748152776646
0.53,25,ifrms,0.0,4.637748152776646
0.53,25,sspls-v,0.0,4.637748152776646
0.53,26,mcgs,0.0,4.06364801743603
0.53,26,pos,-0.0,4.06364801743603
0.53,26,sbps,-0.9075256373903862,4.06364801743603
0.53,26,prculs-d,-0.1718606111605654,4.06364801743603
0.53,26,prcus-p,0.0,4.06364801743603
0.53,26,prcus-i,-0.0,4.06364801743603
0.53,26,prcus-a,-0.0,4.06364801743603
0.53,26,ifrms,0.0,4.06364801743603
0.53,26,sspls-v,0.0,4.06364801743603
0.53,27,mcgs,0.15268992762061978,4.744822120669112
0.53,27,pos,-0.1856592977198202,4.744822120669112
0.53,27,sbps,-1.0526518052633713,4.744822120669112
0.53,27,prculs-d,-0.38324608117108866,4.744822120669112
0.53,27,prcus-p,0.0,4.744822120669112
0.53,27,prcus-i,-0.0,4.744822120669112
0.53,27,prcus-a,-0.24424877367330944,4.744822120669112
0.53,27,ifrms,0.0,4.744822120669112
0.53,27,sspls-v,0.0,4.744822120669112
0.53,28,mcgs,0.06954564229889923,4.65877102301514
0.53,28,pos,-0.08533667397899594,4.65877102301514
0.53,28,sbps,-0.9337881315573494,4.65877102301514
0.53,28,prculs-d,-0.37856013110176157,4.65877102301514
0.53,28,prcus-p,0.0,4.65877102301514
0.53,28,prcus-i,-0.0,4.65877102301514
0.53,28,prcus-a,-0.19233437216565785,4.65877102301514
0.53,28,ifrms,0.0,4.65877102301514
0.53,28,sspls-v,0.0,4.65877102301514
0.53,29,mcgs,0.5051390427164903,4.395820130590618
0.53,29,pos,-0.0,4.395820130590618
0.53,29,sbps,-0.36239016349386577,4.395820130590618
0.53,29,prculs-d,-0.3076999217395095,4.395820130590618
0.53,29,prcus-p,0.0,4.395820130590618
0.53,29,prcus-i,-0.11694442074940131,4.395820130590618
0.53,29,prcus-a,-0.0,4.395820130590618
0.53,29,ifrms,0.0,4.395820130590618
0.53,29,sspls-v,0.0,4.395820130590618
0.567,0,mcgs,0.0,4.620683473924391
0.567,0,pos,-0.28299267691937036,4.620683473924391
0.567,0,sbps,-0.8983165128026821,4.620683473924391
0.567,0,prculs-d,-0.21419265275582874,4.620683473924391
0.567,0,prcus-p,0.0,4.620683473924391
0.567,0,prcus-i,-0.0,4.620683473924391
0.567,0,prcus-a,-0.14101135325334244,4.620683473924391
0.567,0,ifrms,0.0,4.620683473924391
0.567,0,sspls-v,0.0,4.620683473924391
0.567,1,mcgs,0.11345688275640733,4.749461249131127
0.567,1,pos,-0.2401623103245979,4.749461249131127
0.567,1,sbps,-0.9680429273584569,4.749461249131127
0.567,1,prculs-d,-0.3360733270147492,4.749461249131127
0.567,1,prcus-p,0.0,4.749461249131127
0.567,1,prcus-i,-0.0,4.749461249131127
0.567,1,prcus-a,-0.2521525495264396,4.749461249131127
0.567,1,ifrms,0.0,4.749461249131127
0.567,1,sspls-v,0.0,4.749461249131127
0.567,2,mcgs,0.0,4.393932751129411
0.567,2,pos,-0.19093801289278448,4.393932751129411
0.567,2,sbps,-1.1615289051964948,4.393932751129411
0.567,2,prculs-d,-0.05906592622208924,4.393932751129411
0.567,2,prcus-p,0.0,4.393932751129411
0.567,2,prcus-i,-0.0,4.393932751129411
0.567,2,prcus-a,-0.36323129012163285,4.393932751129411
0.567,2,ifrms,0.0,4.393932751129411
0.567,2,sspls-v,-0.0,4.393932751129411
0.567,3,mcgs,0.0,4.017814870523285
0.567,3,pos,-0.0,4.017814870523285
0.567,3,sbps,-1.4911039894793807,4.017814870523285
0.567,3,prculs-d,-0.9072879547378265,4.017814870523285
0.567,3,prcus-p,-0.0,4.017814870523285
0.567,3,prcus-i,-0.2160067906464303,4.017814870523285
0.567,3,prcus-a,-0.5440911384308672,4.017814870523285
0.567,3,ifrms,-0.0,4.017814870523285
0.567,3,sspls-v,0.0,4.017814870523285
0.567,4,mcgs,0.12087427256650156,4.523112578362704
0.567,4,pos,-0.006234450144227713,4.523112578362704
0.567,4,sbps,-1.2063997766080403,4.523112578362704
0.567,4,prculs-d,-0.0,4.523112578362704
0.567,4,prcus-p,0.0,4.523112578362704
0.567,4,prcus-i,-0.0,4.523112578362704
0.567,4,prcus-a,-0.3045087266830589,4.523112578362704
0.567,4,ifrms,-0.0,4.523112578362704
0.567,4,sspls-v,0.0,4.523112578362704
0.567,5,mcgs,0.301518744024638,4.4956368964833215
0.567,5,pos,-0.6525630806393924,4.4956368964833215
0.567,5,sbps,-1.047787188239171,4.4956368964833215
0.567,5,prculs-d,-0.08074772877067779,4.4956368964833215
0.567,5,prcus-p,0.0,4.4956368964833215
0.567,5,prcus-i,-0.0,4.4956368964833215
0.567,5,prcus-a,-0.3386895498311541,4.4956368964833215
0.567,5,ifrms,0.0,4.4956368964833215
0.567,5,sspls-v,0.0,4.4956368964833215
0.567,6,mcgs,0.0,4.569247569672606
0.567,6,pos,-0.2393354138618798,4.569247569672606
0.567,6,sbps,-0.419818266511204,4.569247569672606
0.567,6,prculs-d,-0.5823654839168297,4.569247569672606
0.567,6,prcus-p,0.0,4.569247569672606
0.567,6,prcus-i,-0.0,4.569247569672606
0.567,6,prcus-a,-0.27755320228174674,4.569247569672606
0.567,6,ifrms,0.0,4.569247569672606
0.567,6,sspls-v,0.17804532825715677,4.569247569672606
0.567,7,mcgs,0.15483732287873028,4.636766805360563
0.567,7,pos,-0.2556744114977011,4.636766805360563
0.567,7,sbps,-1.0792449032167328,4.636766805360563
0.567,7,prculs-d,-0.4435349700619956,4.636766805360563
0.567,7,prcus-p,0.0,4.636766805360563
0.567,7,prcus-i,-0.0,4.636766805360563
0.567,7,prcus-a,-0.08832143960058818,4.636766805360563
0.567,7,ifrms,0.0,4.636766805360563
0.567,7,sspls-v,0.0,4.636766805360563
0.567,8,mcgs,0.09656639361964965,4.558298825989492
0.567,8,pos,-0.09874126633884535,4.558298825989492
0.567,8,sbps,-1.1759017671249277,4.558298825989492
0.567,8,prculs-d,-0.40857371521107244,4.558298825989492
0.567,8,prcus-p,0.0,4.558298825989492
0.567,8,prcus-i,-0.0,4.558298825989492
0.567,8,prcus-a,-0.23078003389097598,4.558298825989492
0.567,8,ifrms,0.0,4.558298825989492
0.567,8,sspls-v,0.0,4.558298825989492
0.567,9,mcgs,0.13776401113660944,4.71538568370223
0.567,9,pos,-0.19156805338110236,4.71538568370223
0.567,9,sbps,-1.006727599202295,4.71538568370223
0.567,9,prculs-d,-0.30879305473124363,4.71538568370223
0.567,9,prcus-p,0.0,4.71538568370223
0.567,9,prcus-i,-0.0,4.71538568370223
0.567,9,prcus-a,-0.1702665223041169,4.71538568370223
0.567,9,ifrms,0.0,4.71538568370223
0.567,9,sspls-v,0.0,4.71538568370223
0.567,10,mcgs,0.3944994115786741,4.6154373837002485
0.567,10,pos,-0.0975205503939619,4.6154373837002485
0.567,10,sbps,-0.9210934613586276,4.6154373837002485
0.567,10,prculs-d,-0.4974771359827184,4.6154373837002485
0.567,10,prcus-p,0.0,4.6154373837002485
0.567,10,prcus-i,-0.0,4.6154373837002485
0.567,10,prcus-a,-0.2933181227940808,4.6154373837002485
0.567,10,ifrms,0.0,4.6154373837002485
0.567,10,sspls-v,-0.0,4.6154373837002485
0.567,11,mcgs,0.0,4.583326496377387
0.567,11,pos,-0.1976265525064115,4.583326496377387
0.567,11,sbps,-1.1128057868569425,4.583326496377387
0.567,11,prculs-d,-0.3905149307061675,4.583326496377387
0.567,11,prcus-p,0.0,4.583326496377387
0.567,11,prcus-i,-0.0,4.583326496377387
0.567,11,prcus-a,-0.20574488107232333,4.583326496377387
0.567,11,ifrms,0.0,4.583326496377387
0.567,11,sspls-v,0.0,4.583326496377387
0.567,12,mcgs,0.07372193192781999,4.668104159143506
0.567,12,pos,-0.16051014372633296,4.668104159143506
0.567,12,sbps,-1.061463200751774,4.668104159143506
0.567,12,prculs-d,-0.29290667642693224,4.668104159143506
0.567,12,prcus-p,0.0,4.668104159143506
0.567,12,prcus-i,-0.0,4.668104159143506
0.567,12,prcus-a,-0.19753716840708616,4.668104159143506
0.567,12,ifrms,0.0,4.668104159143506
0.567,12,sspls-v,0.0,4.668104159143506
0.567,13,mcgs,0.03190106924505297,4.366051136130263
0.567,13,pos,-0.2873287655464646,4.366051136130263
0.567,13,sbps,-1.082791630193033,4.366051136130263
0.567,13,prculs-d,-0.2544060966412602,4.366051136130263
0.567,13,prcus-p,0.0,4.366051136130263
0.567,13,prcus-i,-0.0,4.366051136130263
0.567,13,prcus-a,0.0,4.366051136130263
0.567,13,ifrms,0.0,4.366051136130263
0.567,13,sspls-v,-0.0,4.366051136130263
0.567,14,mcgs,0.04243705276174137,4.662425790871738
0.567,14,pos,-0.21624721370115743,4.662425790871738
0.567,14,sbps,-1.023132686842876,4.662425790871738
0.567,14,prculs-d,-0.23718990058074174,4.662425790871738
0.567,14,prcus-p,0.0,4.662425790871738
0.567,14,prcus-i,-0.0,4.662425790871738
0.567,14,prcus-a,-0.15038765957725678,4.662425790871738
0.567,14,ifrms,0.0,4.662425790871738
0.567,14,sspls-v,0.0,4.662425790871738
0.567,15,mcgs,0.0022918177282969347,4.5177409761615035
0.567,15,pos,-0.10631871041469841,4.5177409761615035
0.567,15,sbps,-1.1926910884043216,4.5177409761615035
0.567,15,prculs-d,-0.27067152709688597,4.5177409761615035
0.567,15,prcus-p,0.0,4.5177409761615035
0.567,15,prcus-i,-0.0,4.5177409761615035
0.567,15,prcus-a,-0.38841870480931734,4.5177409761615035
0.567,15,ifrms,0.0,4.5177409761615035
0.567,15,sspls-v,0.0,4.5177409761615035
0.567,16,mcgs,0.09607297251496612,4.709983224348605
0.567,16,pos,-0.16518162601845168,4.709983224348605
0.567,16,sbps,-1.029129053713132,4.709983224348605
0.567,16,prculs-d,-0.3288103759554622,4.709983224348605
0.567,16,prcus-p,0.0,4.709983224348605
0.567,16,prcus-i,-0.0,4.709983224348605
0.567,16,prcus-a,-0.20177042217934762,4.709983224348605
0.567,16,ifrms,0.0,4.709983224348605
0.567,16,sspls-v,0.0,4.709983224348605
0.567,17,mcgs,0.0,4.202179357963163
0.567,17,pos,-0.7474891264604482,4.202179357963163
0.567,17,sbps,-0.6579947258150967,4.202179357963163
0.567,17,prculs-d,-0.0,4.202179357963163
0.567,17,prcus-p,-0.0,4.202179357963163
0.567,17,prcus-i,-0.0,4.202179357963163
0.567,17,prcus-a,-0.0,4.202179357963163
0.567,17,ifrms,-0.0,4.202179357963163
0.567,17,sspls-v,0.0,4.202179357963163
0.567,18,mcgs,0.0733165356969601,4.691416240453898
0.567,18,pos,-0.2501429639664818,4.691416240453898
0.567,18,sbps,-1.0373033159821399,4.691416240453898
0.567,18,prculs-d,-0.3434502127545585,4.691416240453898
0.567,18,prcus-p,0.0,4.691416240453898
0.567,18,prcus-i,-0.0,4.691416240453898
0.567,18,prcus-a,-0.19771126362842634,4.691416240453898
0.567,18,ifrms,0.0,4.691416240453898
0.567,18,sspls-v,0.0,4.691416240453898
0.567,19,mcgs,0.23197075164794492,4.608121436604479
0.567,19,pos,-0.22196665755280579,4.608121436604479
0.567,19,sbps,-0.8792772506296131,4.608121436604479
0.567,19,prculs-d,-0.33126106958983254,4.608121436604479
0.567,19,prcus-p,0.0,4.608121436604479
0.567,19,prcus-i,-0.0,4.608121436604479
0.567,19,prcus-a,-0.2723250845843736,4.608121436604479
0.567,19,ifrms,0.0,4.608121436604479
0.567,19,sspls-v,0.0,4.608121436604479
0.567,20,mcgs,0.10077557910579478,4.614418704244223
0.567,20,pos,-0.13005685638943018,4.614418704244223
0.567,20,sbps,-0.9266748437278184,4.614418704244223
0.567,20,prculs-d,-0.3902690171471389,4.614418704244223
0.567,20,prcus-p,0.0,4.614418704244223
0.567,20,prcus-i,-0.0,4.614418704244223
0.567,20,prcus-a,-0.1587820260507516,4.614418704244223
0.567,20,ifrms,-0.3030812707044278,4.614418704244223
0.567,20,sspls-v,0.0,4.614418704244223
0.567,21,mcgs,0.18119905752449714,4.4247750154022505
0.567,21,pos,-0.0,4.4247750154022505
0.567,21,sbps,-0.937855211106842,4.4247750154022505
0.567,21,prculs-d,-0.3422742479214938,4.4247750154022505
0.567,21,prcus-p,0.0,4.4247750154022505
0.567,21,prcus-i,-0.0,4.4247750154022505
0.567,21,prcus-a,-0.10208663954389408,4.4247750154022505
0.567,21,ifrms,0.0,4.4247750154022505
0.567,21,sspls-v,0.0,4.4247750154022505
0.567,22,mcgs,0.08402277707718088,4.708915142001183
0.567,22,pos,-0.16212554127552617,4.708915142001183
0.567,22,sbps,-1.0320485016472678,4.708915142001183
0.567,22,prculs-d,-0.31535832612215464,4.708915142001183
0.567,22,prcus-p,0.0,4.708915142001183
0.567,22,prcus-i,-0.0,4.708915142001183
0.567,22,prcus-a,-0.2528864198882047,4.708915142001183
0.567,22,ifrms,0.0,4.708915142001183
0.567,22,sspls-v,0.0,4.708915142001183
0.567,23,mcgs,0.22155875141786333,4.700228020223104
0.567,23,pos,-0.14877425054764748,4.700228020223104
0.567,23,sbps,-1.0180686587982943,4.700228020223104
0.567,23,prculs-d,-0.36564669871753075,4.700228020223104
0.567,23,prcus-p,0.0,4.700228020223104
0.567,23,prcus-i,-0.0,4.700228020223104
0.567,23,prcus-a,-0.19870421145484726,4.700228020223104
0.567,23,ifrms,0.0,4.700228020223104
0.567,23,sspls-v,0.0,4.700228020223104
0.567,24,mcgs,0.3352977091748054,4.4551966516659025
0.567,24,pos,-0.0,4.4551966516659025
0.567,24,sbps,-0.9722252349010365,4.4551966516659025
0.567,24,prculs-d,-0.5185865855932651,4.4551966516659025
0.567,24,prcus-p,0.0,4.4551966516659025
0.567,24,prcus-i,-0.0,4.4551966516659025
0.567,24,prcus-a,-0.06142964580604297,4.4551966516659025
0.567,24,ifrms,0.0,4.4551966516659025
0.567,24,sspls-v,0.0,4.4551966516659025
0.567,25,mcgs,0.06229513316335716,4.609734316488123
0.567,25,pos,-0.1669596930877781,4.609734316488123
0.567,25,sbps,-1.0915007239840362,4.609734316488123
0.567,25,prculs-d,-0.38388746294659465,4.609734316488123
0.567,25,prcus-p,0.0,4.609734316488123
0.567,25,prcus-i,-0.0,4.609734316488123
0.567,25,prcus-a,-0.3271104369174996,4.609734316488123
0.567,25,ifrms,0.0,4.609734316488123
0.567,25,sspls-v,0.0,4.609734316488123
0.567,26,mcgs,0.0,4.036247252215217
0.567,26,pos,-0.0,4.036247252215217
0.567,26,sbps,-0.8702033936517307,4.036247252215217
0.567,26,prculs-d,-0.13453836742013475,4.036247252215217
0.567,26,prcus-p,0.0,4.036247252215217
0.567,26,prcus-i,-0.0,4.036247252215217
0.567,26,prcus-a,-0.0,4.036247252215217
0.567,26,ifrms,0.0,4.036247252215217
0.567,26,sspls-v,0.0,4.036247252215217
0.567,27,mcgs,0.11527089284244096,4.718776830665367
0.567,27,pos,-0.16235859607100167,4.718776830665367
0.567,27,sbps,-1.0065409791611875,4.718776830665367
0.567,27,prculs-d,-0.3409747944853632,4.718776830665367
0.567,27,prcus-p,0.0,4.718776830665367
0.567,27,prcus-i,-0.0,4.718776830665367
0.567,27,prcus-a,-0.19761937272728133,4.718776830665367
0.567,27,ifrms,0.0,4.718776830665367
0.567,27,sspls-v,0.0,4.718776830665367
0.567,28,mcgs,0.02790674150144471,4.612294413098177
0.567,28,pos,-0.05259686098647719,4.612294413098177
0.567,28,sbps,-0.8764068306779108,4.612294413098177
0.567,28,prculs-d,-0.3376503321087354,4.612294413098177
0.567,28,prcus-p,0.0,4.612294413098177
0.567,28,prcus-i,-0.0,4.612294413098177
0.567,28,prcus-a,-0.14068811251890145,4.612294413098177
0.567,28,ifrms,0.0,4.612294413098177
0.567,28,sspls-v,0.0,4.612294413098177
0.567,29,mcgs,0.4562860980388737,4.358924764874569
0.567,29,pos,-0.0,4.358924764874569
0.567,29,sbps,-0.35067983968577315,4.358924764874569
0.567,29,prculs-d,-0.2550479654537847,4.358924764874569
0.567,29,prcus-p,0.0,4.358924764874569
0.567,29,prcus-i,-0.08543179357400202,4.358924764874569
0.567,29,prcus-a,-0.0,4.358924764874569
0.567,29,ifrms,0.0,4.358924764874569
0.567,29,sspls-v,0.0,4.358924764874569
0.606,0,mcgs,0.0,4.58499398245255
0.606,0,pos,-0.25544125062447764,4.58499398245255
0.606,0,sbps,-0.8369626277760434,4.58499398245255
0.606,0,prculs-d,-0.18167803311818778,4.58499398245255
0.606,0,prcus-p,0.0,4.58499398245255
0.606,0,prcus-i,-0.0,4.58499398245255
0.606,0,prcus-a,-0.08396713119713156,4.58499398245255
0.606,0,ifrms,0.0,4.58499398245255
0.606,0,sspls-v,0.0,4.58499398245255
0.606,1,mcgs,0.07419609580527169,4.7158657632764935
0.606,1,pos,-0.21461351110227933,4.7158657632764935
0.606,1,sbps,-0.9184799071227401,4.7158657632764935
0.606,1,prculs-d,-0.2919995249678518,4.7158657632764935
0.606,1,prcus-p,0.0,4.7158657632764935
0.606,1,prcus-i,-0.0,4.7158657632764935
0.606,1,prcus-a,-0.20286586152674999,4.7158657632764935
0.606,1,ifrms,0.0,4.7158657632764935
0.606,1,sspls-v,0.0,4.7158657632764935
0.606,2,mcgs,0.0,4.354690337983584
0.606,2,pos,-0.15975617255020605,4.354690337983584
0.606,2,sbps,-1.1015052259248865,4.354690337983584
0.606,2,prculs-d,-0.029446386991808057,4.354690337983584
0.606,2,prcus-p,0.0,4.354690337983584
0.606,2,prcus-i,-0.0,4.354690337983584
0.606,2,prcus-a,-0.30788453350665745,4.354690337983584
0.606,2,ifrms,0.0,4.354690337983584
0.606,2,sspls-v,-0.0,4.354690337983584
0.606,3,mcgs,0.0,4.0021566247719695
0.606,3,pos,-0.0,4.0021566247719695
0.606,3,sbps,-1.441709965318246,4.0021566247719695
0.606,3,prculs-d,-0.8648082126844555,4.0021566247719695
0.606,3,prcus-p,-0.0,4.0021566247719695
0.606,3,prcus-i,-0.18558167166209408,4.0021566247719695
0.606,3,prcus-a,-0.4827331090211933,4.0021566247719695
0.606,3,ifrms,-0.0,4.0021566247719695
0.606,3,sspls-v,0.0,4.0021566247719695
0.606,4,mcgs,0.09381626786324769,4.48205152270812
0.606,4,pos,-0.0,4.48205152270812
0.606,4,sbps,-1.150749542627015,4.48205152270812
0.606,4,prculs-d,-0.0,4.48205152270812
0.606,4,prcus-p,0.0,4.48205152270812
0.606,4,prcus-i,-0.0,4.48205152270812
0.606,4,prcus-a,-0.24797060895974002,4.48205152270812
0.606,4,ifrms,-0.0,4.48205152270812
0.606,4,sspls-v,0.0,4.48205152270812
0.606,5,mcgs,0.26163799179936115,4.4847752072293465
0.606,5,pos,-0.6223376910853456,4.4847752072293465
0.606,5,sbps,-0.995402604955627,4.4847752072293465
0.606,5,prculs-d,-0.043739404454067404,4.4847752072293465
0.606,5,prcus-p,0.0,4.4847752072293465
0.606,5,prcus-i,-0.0,4.4847752072293465
0.606,5,prcus-a,-0.28621565079584754,4.4847752072293465
0.606,5,ifrms,0.0,4.4847752072293465
0.606,5,sspls-v,0.0,4.4847752072293465
0.606,6,mcgs,0.0,4.542417088552492
0.606,6,pos,-0.21362657675534302,4.542417088552492
0.606,6,sbps,-0.3657074488069527,4.542417088552492
0.606,6,prculs-d,-0.5533724259861876,4.542417088552492
0.606,6,prcus-p,0.0,4.542417088552492
0.606,6,prcus-i,-0.0,4.542417088552492
0.606,6,prcus-a,-0.23191038754682322,4.542417088552492
0.606,6,ifrms,-0.0,4.542417088552492
0.606,6,sspls-v,0.1366044511218596,4.542417088552492
0.606,7,mcgs,0.11273328340561578,4.613667507055688
0.606,7,pos,-0.2272925113950949,4.613667507055688
0.606,7,sbps,-1.028901409898858,4.613667507055688
0.606,7,prculs-d,-0.3960148454303317,4.613667507055688
0.606,7,prcus-p,0.0,4.613667507055688
0.606,7,prcus-i,-0.0,4.613667507055688
0.606,7,prcus-a,-0.05140671508077393,4.613667507055688
0.606,7,ifrms,0.0,4.613667507055688
0.606,7,sspls-v,0.0,4.613667507055688
0.606,8,mcgs,0.057553473841986794,4.524857292048174
0.606,8,pos,-0.0751314683188206,4.524857292048174
0.606,8,sbps,-1.1238022081410939,4.524857292048174
0.606,8,prculs-d,-0.36352612715953747,4.524857292048174
0.606,8,prcus-p,0.0,4.524857292048174
0.606,8,prcus-i,-0.0,4.524857292048174
0.606,8,prcus-a,-0.1807954258220308,4.524857292048174
0.606,8,ifrms,0.0,4.524857292048174
0.606,8,sspls-v,0.0,4.524857292048174
0.606,9,mcgs,0.10153707926344022,4.6854997939382415
0.606,9,pos,-0.16696083010463675,4.6854997939382415
0.606,9,sbps,-0.9544693058625463,4.6854997939382415
0.606,9,prculs-d,-0.2667958500840318,4.6854997939382415
0.606,9,prcus-p,0.0,4.6854997939382415
0.606,9,prcus-i,-0.0,4.6854997939382415
0.606,9,prcus-a,-0.11994155741165445,4.6854997939382415
0.606,9,ifrms,0.0,4.6854997939382415
0.606,9,sspls-v,0.0,4.6854997939382415
0.606,10,mcgs,0.35327947364221385,4.599439195662671
0.606,10,pos,-0.0730560087064183,4.599439195662671
0.606,10,sbps,-0.8712036497094625,4.599439195662671
0.606,10,prculs-d,-0.451641447691644,4.599439195662671
0.606,10,prcus-p,0.0,4.599439195662671
0.606,10,prcus-i,-0.0,4.599439195662671
0.606,10,prcus-a,-0.24286272802324907,4.599439195662671
0.606,10,ifrms,-0.0,4.599439195662671
0.606,10,sspls-v,-0.0,4.599439195662671
0.606,11,mcgs,0.0,4.552203167662154
0.606,11,pos,-0.16600357040517771,4.552203167662154
0.606,11,sbps,-1.0516071131422768,4.552203167662154
0.606,11,prculs-d,-0.3583175509040901,4.552203167662154
0.606,11,prcus-p,0.0,4.552203167662154
0.606,11,prcus-i,-0.0,4.552203167662154
0.606,11,prcus-a,-0.15060347026599444,4.552203167662154
0.606,11,ifrms,0.0,4.552203167662154
0.606,11,sspls-v,0.0,4.552203167662154
0.606,12,mcgs,0.03418504981372147,4.632988652756413
0.606,12,pos,-0.1352196488325064,4.632988652756413
0.606,12,sbps,-1.0141554670148327,4.632988652756413
0.606,12,prculs-d,-0.24918437127213047,4.632988652756413
0.606,12,prcus-p,0.0,4.632988652756413
0.606,12,prcus-i,-0.0,4.632988652756413
0.606,12,prcus-a,-0.1487814459201776,4.632988652756413
0.606,12,ifrms,0.0,4.632988652756413
0.606,12,sspls-v,0.0,4.632988652756413
0.606,13,mcgs,0.0,4.336223725835385
0.606,13,pos,-0.2572443767980832,4.336223725835385
0.606,13,sbps,-1.0472408259971488,4.336223725835385
0.606,13,prculs-d,-0.21113921997274782,4.336223725835385
0.606,13,prcus-p,0.0,4.336223725835385
0.606,13,prcus-i,-0.0,4.336223725835385
0.606,13,prcus-a,0.0,4.336223725835385
0.606,13,ifrms,0.0,4.336223725835385
0.606,13,sspls-v,-0.0,4.336223725835385
0.606,14,mcgs,0.0,4.6123876633762695
0.606,14,pos,-0.19629930157647069,4.6123876633762695
0.606,14,sbps,-0.9708939367206091,4.6123876633762695
0.606,14,prculs-d,-0.1866211618271229,4.6123876633762695
0.606,14,prcus-p,0.0,4.6123876633762695
0.606,14,prcus-i,-0.0,4.6123876633762695
0.606,14,prcus-a,-0.09654826990007188,4.6123876633762695
0.606,14,ifrms,0.0,4.6123876633762695
0.606,14,sspls-v,0.0,4.6123876633762695
0.606,15,mcgs,0.0,4.494029477662036
0.606,15,pos,-0.07721583438947881,4.494029477662036
0.606,15,sbps,-1.1315797448718443,4.494029477662036
0.606,15,prculs-d,-0.2397338324477951,4.494029477662036
0.606,15,prcus-p,0.0,4.494029477662036
0.606,15,prcus-i,-0.0,4.494029477662036
0.606,15,prcus-a,-0.33163547461705173,4.494029477662036
0.606,15,ifrms,0.0,4.494029477662036
0.606,15,sspls-v,0.0,4.494029477662036
0.606,16,mcgs,0.05751513130535334,4.678168283182499
0.606,16,pos,-0.14059656269732793,4.678168283182499
0.606,16,sbps,-0.9769311403945923,4.678168283182499
0.606,16,prculs-d,-0.28507373989593704,4.678168283182499
0.606,16,prcus-p,0.0,4.678168283182499
0.606,16,prcus-i,-0.0,4.678168283182499
0.606,16,prcus-a,-0.1514690316216734,4.678168283182499
0.606,16,ifrms,0.0,4.678168283182499
0.606,16,sspls-v,0.0,4.678168283182499
0.606,17,mcgs,0.0,4.170372474914519
0.606,17,pos,-0.7079346406942303,4.170372474914519
0.606,17,sbps,-0.6184402400456753,4.170372474914519
0.606,17,prculs-d,-0.0,4.170372474914519
0.606,17,prcus-p,-0.0,4.170372474914519
0.606,17,prcus-i,-0.0,4.170372474914519
0.606,17,prcus-a,-0.0,4.170372474914519
0.606,17,ifrms,-0.0,4.170372474914519
0.606,17,sspls-v,0.0,4.170372474914519
0.606,18,mcgs,0.037434718190673975,4.667584010177092
0.606,18,pos,-0.22301494100605007,4.667584010177092
0.606,18,sbps,-0.9842630549295721,4.667584010177092
0.606,18,prculs-d,-0.29946479249239305,4.667584010177092
0.606,18,prcus-p,0.0,4.667584010177092
0.606,18,prcus-i,-0.0,4.667584010177092
0.606,18,prcus-a,-0.14681457087765187,4.667584010177092
0.606,18,ifrms,0.0,4.667584010177092
0.606,18,sspls-v,0.0,4.667584010177092
0.606,19,mcgs,0.19294172075198487,4.57791315261339
0.606,19,pos,-0.19651413702115894,4.57791315261339
0.606,19,sbps,-0.8298208786498183,4.57791315261339
0.606,19,prculs-d,-0.28750625901004034,4.57791315261339
0.606,19,prcus-p,0.0,4.57791315261339
0.606,19,prcus-i,-0.0,4.57791315261339
0.606,19,prcus-a,-0.22326102357846853,4.57791315261339
0.606,19,ifrms,0.0,4.57791315261339
0.606,19,sspls-v,0.0,4.57791315261339
0.606,20,mcgs,0.06325466151210474,4.584976448494617
0.606,20,pos,-0.1041306972169549,4.584976448494617
0.606,20,sbps,-0.8802753164202217,4.584976448494617
0.606,20,prculs-d,-0.34544434198723006,4.584976448494617
0.606,20,prcus-p,0.0,4.584976448494617
0.606,20,prcus-i,-0.0,4.584976448494617
0.606,20,prcus-a,-0.11303322682001496,4.584976448494617
0.606,20,ifrms,-0.29090913556407966,4.584976448494617
0.606,20,sspls-v,0.0,4.584976448494617
0.606,21,mcgs,0.13871510730140515,4.391505890027369
0.606,21,pos,-0.0,4.391505890027369
0.606,21,sbps,-0.8871134591161245,4.391505890027369
0.606,21,prculs-d,-0.292622057114547,4.391505890027369
0.606,21,prcus-p,0.0,4.391505890027369
0.606,21,prcus-i,-0.0,4.391505890027369
0.606,21,prcus-a,-0.05041363133313053,4.391505890027369
0.606,21,ifrms,0.0,4.391505890027369
0.606,21,sspls-v,0.0,4.391505890027369
0.606,22,mcgs,0.04476362707648927,4.675852570915934
0.606,22,pos,-0.13662194689011578,4.675852570915934
0.606,22,sbps,-0.9832730464792953,4.675852570915934
0.606,22,prculs-d,-0.2720462819952041,4.675852570915934
0.606,22,prcus-p,0.0,4.675852570915934
0.606,22,prcus-i,-0.0,4.675852570915934
0.606,22,prcus-a,-0.21063104729547533,4.675852570915934
0.606,22,ifrms,0.0,4.675852570915934
0.606,22,sspls-v,0.0,4.675852570915934
0.606,23,mcgs,0.17980293796207109,4.6819447465045485
0.606,23,pos,-0.1241329724588435,4.6819447465045485
0.606,23,sbps,-0.9642023415720246,4.6819447465045485
0.606,23,prculs-d,-0.3217800768221861,4.6819447465045485
0.606,23,prcus-p,0.0,4.6819447465045485
0.606,23,prcus-i,-0.0,4.6819447465045485
0.606,23,prcus-a,-0.14635430575021804,4.6819447465045485
0.606,23,ifrms,0.0,4.6819447465045485
0.606,23,sspls-v,0.0,4.6819447465045485
0.606,24,mcgs,0.2914423287738039,4.43159613159386
0.606,24,pos,-0.0,4.43159613159386
0.606,24,sbps,-0.9225283230206214,4.43159613159386
0.606,24,prculs-d,-0.4678746335253584,4.43159613159386
0.606,24,prcus-p,0.0,4.43159613159386
0.606,24,prcus-i,-0.0,4.43159613159386
0.606,24,prcus-a,-0.012766160238875801,4.43159613159386
0.606,24,ifrms,0.0,4.43159613159386
0.606,24,sspls-v,0.0,4.43159613159386
0.606,25,mcgs,0.024096304784066054,4.575145880549787
0.606,25,pos,-0.1415831873130966,4.575145880549787
0.606,25,sbps,-1.0390216377592258,4.575145880549787
0.606,25,prculs-d,-0.3397440179216907,4.575145880549787
0.606,25,prcus-p,0.0,4.575145880549787
0.606,25,prcus-i,-0.0,4.575145880549787
0.606,25,prcus-a,-0.2763678985701592,4.575145880549787
0.606,25,ifrms,0.0,4.575145880549787
0.606,25,sspls-v,0.0,4.575145880549787
0.606,26,mcgs,0.0,4.016284357631417
0.606,26,pos,-0.0,4.016284357631417
0.606,26,sbps,-0.8308637313326073,4.016284357631417
0.606,26,prculs-d,-0.09519870509914011,4.016284357631417
0.606,26,prcus-p,0.0,4.016284357631417
0.606,26,prcus-i,-0.0,4.016284357631417
0.606,26,prcus-a,-0.0,4.016284357631417
0.606,26,ifrms,0.0,4.016284357631417
0.606,26,sspls-v,0.0,4.016284357631417
0.606,27,mcgs,0.07582920753571153,4.688836177260765
0.606,27,pos,-0.13779839703575952,4.688836177260765
0.606,27,sbps,-0.9579376759723984,4.688836177260765
0.606,27,prculs-d,-0.2964185733841919,4.688836177260765
0.606,27,prcus-p,0.0,4.688836177260765
0.606,27,prcus-i,-0.0,4.688836177260765
0.606,27,prcus-a,-0.14846946362200608,4.688836177260765
0.606,27,ifrms,0.0,4.688836177260765
0.606,27,sspls-v,0.0,4.688836177260765
0.606,28,mcgs,0.0,4.560842310806262
0.606,28,pos,-0.016752493808334074,4.560842310806262
0.606,28,sbps,-0.8135156963541943,4.560842310806262
0.606,28,prculs-d,-0.29991837460942594,4.560842310806262
0.606,28,prcus-p,0.0,4.560842310806262
0.606,28,prcus-i,-0.0,4.560842310806262
0.606,28,prcus-a,-0.08432815545030511,4.560842310806262
0.606,28,ifrms,0.0,4.560842310806262
0.606,28,sspls-v,0.0,4.560842310806262
0.606,29,mcgs,0.40478249317999127,4.324591554462606
0.606,29,pos,-0.0,4.324591554462606
0.606,29,sbps,-0.33834832744294197,4.324591554462606
0.606,29,prculs-d,-0.19954731175940496,4.324591554462606
0.606,29,prcus-p,0.0,4.324591554462606
0.606,29,prcus-i,-0.05220944046048922,4.324591554462606
0.606,29,prcus-a,-0.0,4.324591554462606
0.606,29,ifrms,0.0,4.324591554462606
0.606,29,sspls-v,0.0,4.324591554462606
0.648,0,mcgs,0.0,4.538250375415957
0.648,0,pos,-0.22577058580572837,4.538250375415957
0.648,0,sbps,-0.7708834232051806,4.538250375415957
0.648,0,prculs-d,-0.14666286558136876,4.538250375415957
0.648,0,prcus-p,0.0,4.538250375415957
0.648,0,prcus-i,-0.0,4.538250375415957
0.648,0,prcus-a,-0.0225327369603243,4.538250375415957
0.648,0,ifrms,0.0,4.538250375415957
0.648,0,sspls-v,0.0,4.538250375415957
0.648,1,mcgs,0.031915248319433126,4.679371880701991
0.648,1,pos,-0.1870994196320903,4.679371880701991
0.648,1,sbps,-0.8651043468688913,4.679371880701991
0.648,1,prculs-d,-0.24453543045580792,4.679371880701991
0.648,1,prcus-p,0.0,4.679371880701991
0.648,1,prcus-i,-0.0,4.679371880701991
0.648,1,prcus-a,-0.1497878898347762,4.679371880701991
0.648,1,ifrms,0.0,4.679371880701991
0.648,1,sspls-v,0.0,4.679371880701991
0.648,2,mcgs,0.0,4.316306815595463
0.648,2,pos,-0.12574194949824277,4.316306815595463
0.648,2,sbps,-1.0367808927422024,4.316306815595463
0.648,2,prculs-d,-0.0,4.316306815595463
0.648,2,prcus-p,0.0,4.316306815595463
0.648,2,prcus-i,-0.0,4.316306815595463
0.648,2,prcus-a,-0.24814030100128653,4.316306815595463
0.648,2,ifrms,0.0,4.316306815595463
0.648,2,sspls-v,-0.0,4.316306815595463
0.648,3,mcgs,0.0,3.991860947192577
0.648,3,pos,-0.0,3.991860947192577
0.648,3,sbps,-1.3885446702845459,3.991860947192577
0.648,3,prculs-d,-0.8190576434631476,3.991860947192577
0.648,3,prcus-p,-0.0,3.991860947192577
0.648,3,prcus-i,-0.15280747634659883,3.991860947192577
0.648,3,prcus-a,-0.4166642588985846,3.991860947192577
0.648,3,ifrms,-0.0,3.991860947192577
0.648,3,sspls-v,0.0,3.991860947192577
0.648,4,mcgs,0.06384253386485089,4.440002427792047
0.648,4,pos,-0.0,4.440002427792047
0.648,4,sbps,-1.090748536398113,4.440002427792047
0.648,4,prculs-d,-0.0,4.440002427792047
0.648,4,prcus-p,0.0,4.440002427792047
0.648,4,prcus-i,-0.0,4.440002427792047
0.648,4,prcus-a,-0.18641887386287612,4.440002427792047
0.648,4,ifrms,-0.0,4.440002427792047
0.648,4,sspls-v,0.0,4.440002427792047
0.648,5,mcgs,0.21866314217194727,4.471640500431175
0.648,5,pos,-0.5898071217234648,4.471640500431175
0.648,5,sbps,-0.9390030900402647,4.471640500431175
0.648,5,prculs-d,-0.0038692963775971844,4.471640500431175
0.648,5,prcus-p,0.0,4.471640500431175
0.648,5,prcus-i,-0.0,4.471640500431175
0.648,5,prcus-a,-0.22971158983661571,4.471640500431175
0.648,5,ifrms,0.0,4.471640500431175
0.648,5,sspls-v,0.0,4.471640500431175
0.648,6,mcgs,0.0,4.511134163019297
0.648,6,pos,-0.18594013679445698,4.511134163019297
0.648,6,sbps,-0.3074342605100667,4.511134163019297
0.648,6,prculs-d,-0.5221491328301108,4.511134163019297
0.648,6,prcus-p,0.0,4.511134163019297
0.648,6,prcus-i,-0.0,4.511134163019297
0.648,6,prcus-a,-0.18275658706305917,4.511134163019297
0.648,6,ifrms,-0.0,4.511134163019297
0.648,6,sspls-v,0.09197581420692336,4.511134163019297
0.648,7,mcgs,0.06739047166533924,4.58490290455193
0.648,7,pos,-0.1967273882076738,4.58490290455193
0.648,7,sbps,-0.9746853401719164,4.58490290455193
0.648,7,prculs-d,-0.34483932659623207,4.58490290455193
0.648,7,prcus-p,0.0,4.58490290455193
0.648,7,prcus-i,-0.0,4.58490290455193
0.648,7,prcus-a,-0.011652396367127765,4.58490290455193
0.648,7,ifrms,0.0,4.58490290455193
0.648,7,sspls-v,0.0,4.58490290455193
0.648,8,mcgs,0.015539560235272653,4.4936877285499754
0.648,8,pos,-0.04970553198956284,4.4936877285499754
0.648,8,sbps,-1.0676949907738877,4.4936877285499754
0.648,8,prculs-d,-0.3150133400271154,4.4936877285499754
0.648,8,prcus-p,0.0,4.4936877285499754
0.648,8,prcus-i,-0.0,4.4936877285499754
0.648,8,prcus-a,-0.12696584790162746,4.4936877285499754
0.648,8,ifrms,0.0,4.4936877285499754
0.648,8,sspls-v,0.0,4.4936877285499754
0.648,9,mcgs,0.06252346032310421,4.644414675115318
0.648,9,pos,-0.1404607434992128,4.644414675115318
0.648,9,sbps,-0.8981911438043549,4.644414675115318
0.648,9,prculs-d,-0.2215680912331889,4.644414675115318
0.648,9,prcus-p,0.0,4.644414675115318
0.648,9,prcus-i,-0.0,4.644414675115318
0.648,9,prcus-a,-0.06574544137361754,4.644414675115318
0.648,9,ifrms,0.0,4.644414675115318
0.648,9,sspls-v,0.0,4.644414675115318
0.648,10,mcgs,0.30888877124910175,4.578356444651688
0.648,10,pos,-0.04670957919675516,4.578356444651688
0.648,10,sbps,-0.8174761602411306,4.578356444651688
0.648,10,prculs-d,-0.4022799372243321,4.578356444651688
0.648,10,prcus-p,0.0,4.578356444651688
0.648,10,prcus-i,-0.0,4.578356444651688
0.648,10,prcus-a,-0.1885261490392768,4.578356444651688
0.648,10,ifrms,-0.0,4.578356444651688
0.648,10,sspls-v,-0.0,4.578356444651688
0.648,11,mcgs,0.0,4.519630795780755
0.648,11,pos,-0.1319414419076023,4.519630795780755
0.648,11,sbps,-0.9856934954571244,4.519630795780755
0.648,11,prculs-d,-0.3236457173737854,4.519630795780755
0.648,11,prcus-p,0.0,4.519630795780755
0.648,11,prcus-i,-0.0,4.519630795780755
0.648,11,prcus-a,-0.09121837595927378,4.519630795780755
0.648,11,ifrms,0.0,4.519630795780755
0.648,11,sspls-v,0.0,4.519630795780755
0.648,12,mcgs,0.0,4.592465585229322
0.648,12,pos,-0.10680363544510482,4.592465585229322
0.648,12,sbps,-0.9612666326837879,4.592465585229322
0.648,12,prculs-d,-0.20505564761046263,4.592465585229322
0.648,12,prcus-p,0.0,4.592465585229322
0.648,12,prcus-i,-0.0,4.592465585229322
0.648,12,prcus-a,-0.09511175182949558,4.592465585229322
0.648,12,ifrms,0.0,4.592465585229322
0.648,12,sspls-v,0.0,4.592465585229322
0.648,13,mcgs,0.0,4.304380071417799
0.648,13,pos,-0.21927383241567613,4.304380071417799
0.648,13,sbps,-1.0031961298094123,4.304380071417799
0.648,13,prculs-d,-0.17611045790764646,4.304380071417799
0.648,13,prcus-p,0.0,4.304380071417799
0.648,13,prcus-i,-0.0,4.304380071417799
0.648,13,prcus-a,0.0,4.304380071417799
0.648,13,ifrms,0.0,4.304380071417799
0.648,13,sspls-v,-0.0,4.304380071417799
0.648,14,mcgs,0.0,4.5587663265880245
0.648,14,pos,-0.1659777456966809,4.5587663265880245
0.648,14,sbps,-0.9054228145582345,4.5587663265880245
0.648,14,prculs-d,-0.150929812192545,4.5587663265880245
0.648,14,prcus-p,0.0,4.5587663265880245
0.648,14,prcus-i,-0.0,4.5587663265880245
0.648,14,prcus-a,-0.0345392897565559,4.5587663265880245
0.648,14,ifrms,0.0,4.5587663265880245
0.648,14,sspls-v,0.0,4.5587663265880245
0.648,15,mcgs,0.0,4.464545474591091
0.648,15,pos,-0.045537607604085296,4.464545474591091
0.648,15,sbps,-1.0651894888700224,4.464545474591091
0.648,15,prculs-d,-0.2072661176136167,4.464545474591091
0.648,15,prcus-p,0.0,4.464545474591091
0.648,15,prcus-i,-0.0,4.464545474591091
0.648,15,prcus-a,-0.27006617913497966,4.464545474591091
0.648,15,ifrms,0.0,4.464545474591091
0.648,15,sspls-v,0.0,4.464545474591091
0.648,16,mcgs,0.015991302310386268,4.636318711288385
0.648,16,pos,-0.11412034065919353,4.636318711288385
0.648,16,sbps,-0.9207180029746259,4.636318711288385
0.648,16,prculs-d,-0.2379727472164495,4.636318711288385
0.648,16,prcus-p,0.0,4.636318711288385
0.648,16,prcus-i,-0.0,4.636318711288385
0.648,16,prcus-a,-0.09729830332879322,4.636318711288385
0.648,16,ifrms,0.0,4.636318711288385
0.648,16,sspls-v,0.0,4.636318711288385
0.648,17,mcgs,0.0,4.139727280734468
0.648,17,pos,-0.6653374934068315,4.139727280734468
0.648,17,sbps,-0.57584310140182,4.139727280734468
0.648,17,prculs-d,-0.0,4.139727280734468
0.648,17,prcus-p,-0.0,4.139727280734468
0.648,17,prcus-i,-0.0,4.139727280734468
0.648,17,prcus-a,-0.0,4.139727280734468
0.648,17,ifrms,-0.0,4.139727280734468
0.648,17,sspls-v,0.0,4.139727280734468
0.648,18,mcgs,0.0,4.639793880886689
0.648,18,pos,-0.19357704279504612,4.639793880886689
0.648,18,sbps,-0.9268680619689081,4.639793880886689
0.648,18,prculs-d,-0.2524842392813776,4.639793880886689
0.648,18,prcus-p,0.0,4.639793880886689
0.648,18,prcus-i,-0.0,4.639793880886689
0.648,18,prcus-a,-0.09182104834044975,4.639793880886689
0.648,18,ifrms,0.0,4.639793880886689
0.648,18,sspls-v,0.0,4.639793880886689
0.648,19,mcgs,0.1509104567101821,4.547260885378964
0.648,19,pos,-0.16910373029476977,4.547260885378964
0.648,19,sbps,-0.7765601703638855,4.547260885378964
0.648,19,prculs-d,-0.24038569377026484,4.547260885378964
0.648,19,prcus-p,0.0,4.547260885378964
0.648,19,prcus-i,-0.0,4.547260885378964
0.648,19,prcus-a,-0.1704228040336481,4.547260885378964
0.648,19,ifrms,0.0,4.547260885378964
0.648,19,sspls-v,0.0,4.547260885378964
0.648,20,mcgs,0.02287070799691721,4.548343907010636
0.648,20,pos,-0.07620381639313419,4.548343907010636
0.648,20,sbps,-0.8302752192231517,4.548343907010636
0.648,20,prculs-d,-0.297185333054886,4.548343907010636
0.648,20,prcus-p,0.0,4.548343907010636
0.648,20,prcus-i,-0.0,4.548343907010636
0.648,20,prcus-a,-0.06374718963982086,4.548343907010636
0.648,20,ifrms,-0.27781096104765995,4.548343907010636
0.648,20,sspls-v,0.0,4.548343907010636
0.648,21,mcgs,0.09213259564583234,4.355279809877618
0.648,21,pos,-0.0,4.355279809877618
0.648,21,sbps,-0.8344543251999772,4.355279809877618
0.648,21,prculs-d,-0.23865599641453594,4.355279809877618
0.648,21,prcus-p,0.0,4.355279809877618
0.648,21,prcus-i,-0.0,4.355279809877618
0.648,21,prcus-a,-0.0,4.355279809877618
0.648,21,ifrms,0.0,4.355279809877618
0.648,21,sspls-v,-0.0,4.355279809877618
0.648,22,mcgs,0.0024845424603596876,4.637014740839688
0.648,22,pos,-0.10915653755198094,4.637014740839688
0.648,22,sbps,-0.9307456332214789,4.637014740839688
0.648,22,prculs-d,-0.22540254216618,4.637014740839688
0.648,22,prcus-p,0.0,4.637014740839688
0.648,22,prcus-i,-0.0,4.637014740839688
0.648,22,prcus-a,-0.1651252614263825,4.637014740839688
0.648,22,ifrms,0.0,4.637014740839688
0.648,22,sspls-v,0.0,4.637014740839688
0.648,23,mcgs,0.1348351388558337,4.6551859435586085
0.648,23,pos,-0.09759621144013089,4.6551859435586085
0.648,23,sbps,-0.9061924614821953,4.6551859435586085
0.648,23,prculs-d,-0.2745390993964306,4.6551859435586085
0.648,23,prcus-p,0.0,4.6551859435586085
0.648,23,prcus-i,-0.0,4.6551859435586085
0.648,23,prcus-a,-0.08997748422215615,4.6551859435586085
0.648,23,ifrms,0.0,4.6551859435586085
0.648,23,sspls-v,0.0,4.6551859435586085
0.648,24,mcgs,0.236563551204925,4.403102267742509
0.648,24,pos,-0.0,4.403102267742509
0.648,24,sbps,-0.8838377022381985,4.403102267742509
0.648,24,prculs-d,-0.40817701837871484,4.403102267742509
0.648,24,prcus-p,0.0,4.403102267742509
0.648,24,prcus-i,-0.0,4.403102267742509
0.648,24,prcus-a,-0.0,4.403102267742509
0.648,24,ifrms,0.0,4.403102267742509
0.648,24,sspls-v,0.0,4.403102267742509
0.648,25,mcgs,0.0,4.536098664409466
0.648,25,pos,-0.11172344047415744,4.536098664409466
0.648,25,sbps,-0.9788100859700554,4.536098664409466
0.648,25,prculs-d,-0.29793077719239835,4.536098664409466
0.648,25,prcus-p,0.0,4.536098664409466
0.648,25,prcus-i,-0.0,4.536098664409466
0.648,25,prcus-a,-0.2191944290448057,4.536098664409466
0.648,25,ifrms,0.0,4.536098664409466
0.648,25,sspls-v,0.0,4.536098664409466
0.648,26,mcgs,0.0,4.009790520884764
0.648,26,pos,-0.0,4.009790520884764
0.648,26,sbps,-0.7884979411427817,4.009790520884764
0.648,26,prculs-d,-0.05283291490729942,4.009790520884764
0.648,26,prcus-p,0.0,4.009790520884764
0.648,26,prcus-i,-0.0,4.009790520884764
0.648,26,prcus-a,-0.0,4.009790520884764
0.648,26,ifrms,0.0,4.009790520884764
0.648,26,sspls-v,0.0,4.009790520884764
0.648,27,mcgs,0.03335354643615662,4.65295420381432
0.648,27,pos,-0.11134895192088357,4.65295420381432
0.648,27,sbps,-0.9055956571537023,4.65295420381432
0.648,27,prculs-d,-0.2484349506598541,4.65295420381432
0.648,27,prcus-p,0.0,4.65295420381432
0.648,27,prcus-i,-0.0,4.65295420381432
0.648,27,prcus-a,-0.09553879227786409,4.65295420381432
0.648,27,ifrms,0.0,4.65295420381432
0.648,27,sspls-v,0.0,4.65295420381432
0.648,28,mcgs,0.0,4.4952430968400465
0.648,28,pos,-0.0,4.4952430968400465
0.648,28,sbps,-0.7445917717950731,4.4952430968400465
0.648,28,prculs-d,-0.26468303542445426,4.4952430968400465
0.648,28,prcus-p,0.0,4.4952430968400465
0.648,28,prcus-i,-0.0,4.4952430968400465
0.648,28,prcus-a,-0.019477975369772024,4.4952430968400465
0.648,28,ifrms,0.0,4.4952430968400465
0.648,28,sspls-v,0.0,4.4952430968400465
0.648,29,mcgs,0.34934574488457404,4.291426221507894
0.648,29,pos,-0.0,4.291426221507894
0.648,29,sbps,-0.3250342818564021,4.291426221507894
0.648,29,prculs-d,-0.13978499330187824,4.291426221507894
0.648,29,prcus-p,0.0,4.291426221507894
0.648,29,prcus-i,-0.01644976432827015,4.291426221507894
0.648,29,prcus-a,-0.0,4.291426221507894
0.648,29,ifrms,0.0,4.291426221507894
0.648,29,sspls-v,0.0,4.291426221507894
0.693,0,mcgs,0.0,4.485354122529006
0.693,0,pos,-0.18997981725582908,4.485354122529006
0.693,0,sbps,-0.7158277487760146,4.485354122529006
0.693,0,prculs-d,-0.10837519069028773,4.485354122529006
0.693,0,prcus-p,0.0,4.485354122529006
0.693,0,prcus-i,-0.0,4.485354122529006
0.693,0,prcus-a,-0.0,4.485354122529006
0.693,0,ifrms,0.0,4.485354122529006
0.693,0,sspls-v,0.0,4.485354122529006
0.693,1,mcgs,0.0,4.63315039651396
0.693,1,pos,-0.1557175683787317,4.63315039651396
0.693,1,sbps,-0.805045113764991,4.63315039651396
0.693,1,prculs-d,-0.1982332996569168,4.63315039651396
0.693,1,prcus-p,0.0,4.63315039651396
0.693,1,prcus-i,-0.0,4.63315039651396
0.693,1,prcus-a,-0.09107422482228149,4.63315039651396
0.693,1,ifrms,-0.0,4.63315039651396
0.693,1,sspls-v,0.0,4.63315039651396
0.693,2,mcgs,0.0,4.274726852849323
0.693,2,pos,-0.08370694551378349,4.274726852849323
0.693,2,sbps,-0.9663729348297742,4.274726852849323
0.693,2,prculs-d,-0.0,4.274726852849323
0.693,2,prcus-p,0.0,4.274726852849323
0.693,2,prcus-i,-0.0,4.274726852849323
0.693,2,prcus-a,-0.18233214894890545,4.274726852849323
0.693,2,ifrms,0.0,4.274726852849323
0.693,2,sspls-v,-0.0,4.274726852849323
0.693,3,mcgs,0.0,3.985159712244237
0.693,3,pos,-0.0,3.985159712244237
0.693,3,sbps,-1.3315748713155227,3.985159712244237
0.693,3,prculs-d,-0.7700379193164575,3.985159712244237
0.693,3,prcus-p,-0.0,3.985159712244237
0.693,3,prcus-i,-0.11768477121279111,3.985159712244237
0.693,3,prcus-a,-0.3458722893274016,3.985159712244237
0.693,3,ifrms,-0.0,3.985159712244237
0.693,3,sspls-v,0.0,3.985159712244237
0.693,4,mcgs,0.031727818866568724,4.400621163619172
0.693,4,pos,-0.0,4.400621163619172
0.693,4,sbps,-1.0264617440100048,4.400621163619172
0.693,4,prculs-d,-0.0,4.400621163619172
0.693,4,prcus-p,0.0,4.400621163619172
0.693,4,prcus-i,-0.0,4.400621163619172
0.693,4,prcus-a,-0.12047058625909418,4.400621163619172
0.693,4,ifrms,-0.0,4.400621163619172
0.693,4,sspls-v,0.0,4.400621163619172
0.693,5,mcgs,0.18351265800379699,4.454062025282747
0.693,5,pos,-0.5441323932002424,4.454062025282747
0.693,5,sbps,-0.8748709204688943,4.454062025282747
0.693,5,prculs-d,-0.0,4.454062025282747
0.693,5,prcus-p,0.0,4.454062025282747
0.693,5,prcus-i,-0.0,4.454062025282747
0.693,5,prcus-a,-0.16476890867411664,4.454062025282747
0.693,5,ifrms,0.0,4.454062025282747
0.693,5,sspls-v,0.0,4.454062025282747
0.693,6,mcgs,0.0,4.476532257647909
0.693,6,pos,-0.1562760939792222,4.476532257647909
0.693,6,sbps,-0.24499870162054668,4.476532257647909
0.693,6,prculs-d,-0.48869560444860083,4.476532257647909
0.693,6,prcus-p,0.0,4.476532257647909
0.693,6,prcus-i,-0.0,4.476532257647909
0.693,6,prcus-a,-0.13009180083045524,4.476532257647909
0.693,6,ifrms,-0.0,4.476532257647909
0.693,6,sspls-v,0.04415941751234979,4.476532257647909
0.693,7,mcgs,0.012994834615940294,4.538347677006462
0.693,7,pos,-0.16038397729726175,4.538347677006462
0.693,7,sbps,-0.9254363845680583,4.538347677006462
0.693,7,prculs-d,-0.2846158570302616,4.538347677006462
0.693,7,prcus-p,0.0,4.538347677006462
0.693,7,prcus-i,-0.0,4.538347677006462
0.693,7,prcus-a,-0.0,4.538347677006462
0.693,7,ifrms,0.0,4.538347677006462
0.693,7,sspls-v,0.0,4.538347677006462
0.693,8,mcgs,0.0,4.455064993625845
0.693,8,pos,-0.018096384835654424,4.455064993625845
0.693,8,sbps,-1.0014663867752156,4.455064993625845
0.693,8,prculs-d,-0.2730117114737554,4.455064993625845
0.693,8,prcus-p,0.0,4.455064993625845
0.693,8,prcus-i,-0.0,4.455064993625845
0.693,8,prcus-a,-0.06506793742783304,4.455064993625845
0.693,8,ifrms,0.0,4.455064993625845
0.693,8,sspls-v,0.0,4.455064993625845
0.693,9,mcgs,0.02072069565694055,4.591738585645815
0.693,9,pos,-0.11206884181546246,4.591738585645815
0.693,9,sbps,-0.8378943881841263,4.591738585645815
0.693,9,prculs-d,-0.17310879716659908,4.591738585645815
0.693,9,prcus-p,0.0,4.591738585645815
0.693,9,prcus-i,-0.0,4.591738585645815
0.693,9,prcus-a,-0.007678746416273638,4.591738585645815
0.693,9,ifrms,-0.0,4.591738585645815
0.693,9,sspls-v,0.0,4.591738585645815
0.693,10,mcgs,0.26132730439934,4.552478162942778
0.693,10,pos,-0.018481261864973175,4.552478162942778
0.693,10,sbps,-0.7599109929536314,4.552478162942778
0.693,10,prculs-d,-0.34939260458078436,4.552478162942778
0.693,10,prcus-p,0.0,4.552478162942778
0.693,10,prcus-i,-0.0,4.552478162942778
0.693,10,prcus-a,-0.13030838584216248,4.552478162942778
0.693,10,ifrms,-0.0,4.552478162942778
0.693,10,sspls-v,-0.0,4.552478162942778
0.693,11,mcgs,0.0,4.482613997130653
0.693,11,pos,-0.09545692793578259,4.482613997130653
0.693,11,sbps,-0.9150837122155087,4.482613997130653
0.693,11,prculs-d,-0.2864936609138727,4.482613997130653
0.693,11,prcus-p,0.0,4.482613997130653
0.693,11,prcus-i,-0.0,4.482613997130653
0.693,11,prcus-a,-0.027594808933719468,4.482613997130653
0.693,11,ifrms,0.0,4.482613997130653
0.693,11,sspls-v,0.0,4.482613997130653
0.693,12,mcgs,0.0,4.541665934542543
0.693,12,pos,-0.07118018052960734,4.541665934542543
0.693,12,sbps,-0.8960878902719764,4.541665934542543
0.693,12,prculs-d,-0.17068706140511766,4.541665934542543
0.693,12,prcus-p,0.0,4.541665934542543
0.693,12,prcus-i,-0.0,4.541665934542543
0.693,12,prcus-a,-0.03252070845308611,4.541665934542543
0.693,12,ifrms,-0.0,4.541665934542543
0.693,12,sspls-v,0.0,4.541665934542543
0.693,13,mcgs,0.0,4.275115210345968
0.693,13,pos,-0.17859052721215035,4.275115210345968
0.693,13,sbps,-0.9560053514203954,4.275115210345968
0.693,13,prculs-d,-0.13857974748571078,4.275115210345968
0.693,13,prcus-p,0.0,4.275115210345968
0.693,13,prcus-i,-0.0,4.275115210345968
0.693,13,prcus-a,0.0,4.275115210345968
0.693,13,ifrms,0.0,4.275115210345968
0.693,13,sspls-v,-0.0,4.275115210345968
0.693,14,mcgs,0.0,4.505764932459733
0.693,14,pos,-0.13015744304945404,4.505764932459733
0.693,14,sbps,-0.8464095146155901,4.505764932459733
0.693,14,prculs-d,-0.11367627583075256,4.505764932459733
0.693,14,prcus-p,0.0,4.505764932459733
0.693,14,prcus-i,-0.0,4.505764932459733
0.693,14,prcus-a,-0.0,4.505764932459733
0.693,14,ifrms,0.0,4.505764932459733
0.693,14,sspls-v,0.0,4.505764932459733
0.693,15,mcgs,0.0,4.436633799478743
0.693,15,pos,-0.011596189651376262,4.436633799478743
0.693,15,sbps,-0.9940553178912631,4.436633799478743
0.693,15,prculs-d,-0.17247963803949964,4.436633799478743
0.693,15,prcus-p,0.0,4.436633799478743
0.693,15,prcus-i,-0.0,4.436633799478743
0.693,15,prcus-a,-0.204098444926071,4.436633799478743
0.693,15,ifrms,0.0,4.436633799478743
0.693,15,sspls-v,0.0,4.436633799478743
0.693,16,mcgs,0.0,4.587770818475445
0.693,16,pos,-0.08163187336762814,4.587770818475445
0.693,16,sbps,-0.8542735753190062,4.587770818475445
0.693,16,prculs-d,-0.19720259801230805,4.587770818475445
0.693,16,prcus-p,0.0,4.587770818475445
0.693,16,prcus-i,-0.0,4.587770818475445
0.693,16,prcus-a,-0.03501863639616234,4.587770818475445
0.693,16,ifrms,0.0,4.587770818475445
0.693,16,sspls-v,0.0,4.587770818475445
0.693,17,mcgs,0.0,4.108432075398675
0.693,17,pos,-0.619697710619004,4.108432075398675
0.693,17,sbps,-0.5302033102482984,4.108432075398675
0.693,17,prculs-d,-0.0,4.108432075398675
0.693,17,prcus-p,0.0,4.108432075398675
0.693,17,prcus-i,-0.0,4.108432075398675
0.693,17,prcus-a,-0.0,4.108432075398675
0.693,17,ifrms,-0.0,4.108432075398675
0.693,17,sspls-v,0.0,4.108432075398675
0.693,18,mcgs,0.0,4.598478399383698
0.693,18,pos,-0.15474670364497528,4.598478399383698
0.693,18,sbps,-0.8564857525775061,4.598478399383698
0.693,18,prculs-d,-0.2150073784695568,4.598478399383698
0.693,18,prcus-p,0.0,4.598478399383698
0.693,18,prcus-i,-0.0,4.598478399383698
0.693,18,prcus-a,-0.026938400365476765,4.598478399383698
0.693,18,ifrms,0.0,4.598478399383698
0.693,18,sspls-v,0.0,4.598478399383698
0.693,19,mcgs,0.1058931676136668,4.513510065270942
0.693,19,pos,-0.13972903368089176,4.513510065270942
0.693,19,sbps,-0.7194881441581054,4.513510065270942
0.693,19,prculs-d,-0.18990612718776162,4.513510065270942
0.693,19,prcus-p,0.0,4.513510065270942
0.693,19,prcus-i,-0.0,4.513510065270942
0.693,19,prcus-a,-0.11380751095841424,4.513510065270942
0.693,19,ifrms,-0.0,4.513510065270942
0.693,19,sspls-v,0.0,4.513510065270942
0.693,20,mcgs,0.0,4.505619072538246
0.693,20,pos,-0.043086803962671096,4.505619072538246
0.693,20,sbps,-0.7735891879758704,4.505619072538246
0.693,20,prculs-d,-0.25214056369448723,4.505619072538246
0.693,20,prcus-p,0.0,4.505619072538246
0.693,20,prcus-i,-0.0,4.505619072538246
0.693,20,prcus-a,-0.009005820775076135,4.505619072538246
0.693,20,ifrms,-0.261241450034355,4.505619072538246
0.693,20,sspls-v,0.0,4.505619072538246
0.693,21,mcgs,0.033687327226284196,4.313593188972436
0.693,21,pos,-0.0,4.313593188972436
0.693,21,sbps,-0.7985020380774345,4.313593188972436
0.693,21,prculs-d,-0.17574582545440354,4.313593188972436
0.693,21,prcus-p,0.0,4.313593188972436
0.693,21,prcus-i,-0.0,4.313593188972436
0.693,21,prcus-a,-0.0,4.313593188972436
0.693,21,ifrms,0.0,4.313593188972436
0.693,21,sspls-v,-0.0,4.313593188972436
0.693,22,mcgs,0.0,4.596958117648199
0.693,22,pos,-0.07366483365845325,4.596958117648199
0.693,22,sbps,-0.8657366668995167,4.596958117648199
0.693,22,prculs-d,-0.1905944103412567,4.596958117648199
0.693,22,prcus-p,0.0,4.596958117648199
0.693,22,prcus-i,-0.0,4.596958117648199
0.693,22,prcus-a,-0.10894081560855357,4.596958117648199
0.693,22,ifrms,0.0,4.596958117648199
0.693,22,sspls-v,0.0,4.596958117648199
0.693,23,mcgs,0.08667380230967164,4.622197463702927
0.693,23,pos,-0.06915547300892397,4.622197463702927
0.693,23,sbps,-0.8440314257066093,4.622197463702927
0.693,23,prculs-d,-0.22393173933094462,4.622197463702927
0.693,23,prcus-p,0.0,4.622197463702927
0.693,23,prcus-i,-0.0,4.622197463702927
0.693,23,prcus-a,-0.02957078226248248,4.622197463702927
0.693,23,ifrms,0.0,4.622197463702927
0.693,23,sspls-v,0.0,4.622197463702927
0.693,24,mcgs,0.17510264496871544,4.37988669226362
0.693,24,pos,-0.0,4.37988669226362
0.693,24,sbps,-0.8475143478663728,4.37988669226362
0.693,24,prculs-d,-0.3424512611452367,4.37988669226362
0.693,24,prcus-p,0.0,4.37988669226362
0.693,24,prcus-i,-0.0,4.37988669226362
0.693,24,prcus-a,-0.0,4.37988669226362
0.693,24,ifrms,0.0,4.37988669226362
0.693,24,sspls-v,0.0,4.37988669226362
0.693,25,mcgs,0.0,4.494259905502776
0.693,25,pos,-0.07589483670596052,4.494259905502776
0.693,25,sbps,-0.908701936833606,4.494259905502776
0.693,25,prculs-d,-0.2618055755127193,4.494259905502776
0.693,25,prcus-p,0.0,4.494259905502776
0.693,25,prcus-i,-0.0,4.494259905502776
0.693,25,prcus-a,-0.15410891479643432,4.494259905502776
0.693,25,ifrms,0.0,4.494259905502776
0.693,25,sspls-v,0.0,4.494259905502776
0.693,26,mcgs,0.0,4.001155872892792
0.693,26,pos,-0.0,4.001155872892792
0.693,26,sbps,-0.7431060182932093,4.001155872892792
0.693,26,prculs-d,-0.0074409968032640985,4.001155872892792
0.693,26,prcus-p,0.0,4.001155872892792
0.693,26,prcus-i,-0.0,4.001155872892792
0.693,26,prcus-a,-0.0,4.001155872892792
0.693,26,ifrms,0.0,4.001155872892792
0.693,26,sspls-v,0.0,4.001155872892792
0.693,27,mcgs,0.0,4.607802691603351
0.693,27,pos,-0.08092954032962323,4.607802691603351
0.693,27,sbps,-0.8464330850709461,4.607802691603351
0.693,27,prculs-d,-0.20150544422773609,4.607802691603351
0.693,27,prcus-p,0.0,4.607802691603351
0.693,27,prcus-i,-0.0,4.607802691603351
0.693,27,prcus-a,-0.03727627553881138,4.607802691603351
0.693,27,ifrms,0.0,4.607802691603351
0.693,27,sspls-v,0.0,4.607802691603351
0.693,28,mcgs,0.0,4.431049081581762
0.693,28,pos,-0.0,4.431049081581762
0.693,28,sbps,-0.6922944599832989,4.431049081581762
0.693,28,prculs-d,-0.2207850162368259,4.431049081581762
0.693,28,prcus-p,0.0,4.431049081581762
0.693,28,prcus-i,-0.0,4.431049081581762
0.693,28,prcus-a,-0.0,4.431049081581762
0.693,28,ifrms,0.0,4.431049081581762
0.693,28,sspls-v,0.0,4.431049081581762
0.693,29,mcgs,0.2927393478030347,4.249529584599147
0.693,29,pos,-0.0,4.249529584599147
0.693,29,sbps,-0.2983156965889789,4.249529584599147
0.693,29,prculs-d,-0.07641026546662621,4.249529584599147
0.693,29,prcus-p,0.0,4.249529584599147
0.693,29,prcus-i,-0.0,4.249529584599147
0.693,29,prcus-a,-0.0,4.249529584599147
0.693,29,ifrms,0.0,4.249529584599147
0.693,29,sspls-v,0.0,4.249529584599147
0.741,0,mcgs,0.0,4.432461010371253
0.741,0,pos,-0.1495826043745109,4.432461010371253
0.741,0,sbps,-0.6658306099308353,4.432461010371253
0.741,0,prculs-d,-0.0671077435417942,4.432461010371253
0.741,0,prcus-p,0.0,4.432461010371253
0.741,0,prcus-i,-0.0,4.432461010371253
0.741,0,prcus-a,-0.0,4.432461010371253
0.741,0,ifrms,0.0,4.432461010371253
0.741,0,sspls-v,0.0,4.432461010371253
0.741,1,mcgs,0.0,4.566434857021005
0.741,1,pos,-0.11738938458541211,4.566434857021005
0.741,1,sbps,-0.7336646199694157,4.566434857021005
0.741,1,prculs-d,-0.1604267045950083,4.566434857021005
0.741,1,prcus-p,0.0,4.566434857021005
0.741,1,prcus-i,-0.0,4.566434857021005
0.741,1,prcus-a,-0.023751340775755216,4.566434857021005
0.741,1,ifrms,-0.0,4.566434857021005
0.741,1,sspls-v,0.0,4.566434857021005
0.741,2,mcgs,0.0,4.236110510818841
0.741,2,pos,-0.038868791959683506,4.236110510818841
0.741,2,sbps,-0.8912650351320613,4.236110510818841
0.741,2,prculs-d,-0.0,4.236110510818841
0.741,2,prcus-p,0.0,4.236110510818841
0.741,2,prcus-i,-0.0,4.236110510818841
0.741,2,prcus-a,-0.11213471381230569,4.236110510818841
0.741,2,ifrms,0.0,4.236110510818841
0.741,2,sspls-v,-0.0,4.236110510818841
0.741,3,mcgs,0.0,3.9725359484084395
0.741,3,pos,-0.0,3.9725359484084395
0.741,3,sbps,-1.2707285861394344,3.9725359484084395
0.741,3,prculs-d,-0.7177629005484591,3.9725359484084395
0.741,3,prcus-p,-0.0,3.9725359484084395
0.741,3,prcus-i,-0.08026325304656212,3.9725359484084395
0.741,3,prcus-a,-0.2703390377676096,3.9725359484084395
0.741,3,ifrms,-0.0,3.9725359484084395
0.741,3,sspls-v,0.0,3.9725359484084395
0.741,4,mcgs,0.0,4.3605629506880375
0.741,4,pos,-0.0,4.3605629506880375
0.741,4,sbps,-0.9574360176635768,4.3605629506880375
0.741,4,prculs-d,-0.0,4.3605629506880375
0.741,4,prcus-p,0.0,4.3605629506880375
0.741,4,prcus-i,-0.0,4.3605629506880375
0.741,4,prcus-a,-0.049800933927627335,4.3605629506880375
0.741,4,ifrms,-0.0,4.3605629506880375
0.741,4,sspls-v,0.0,4.3605629506880375
0.741,5,mcgs,0.14718454166183156,4.435219406832432
0.741,5,pos,-0.49424845190534217,4.435219406832432
0.741,5,sbps,-0.806070304856345,4.435219406832432
0.741,5,prculs-d,-0.0,4.435219406832432
0.741,5,prcus-p,0.0,4.435219406832432
0.741,5,prcus-i,-0.0,4.435219406832432
0.741,5,prcus-a,-0.09502950450760402,4.435219406832432
0.741,5,ifrms,0.0,4.435219406832432
0.741,5,sspls-v,0.0,4.435219406832432
0.741,6,mcgs,0.0,4.4275255063766945
0.741,6,pos,-0.12390124902242859,4.4275255063766945
0.741,6,sbps,-0.17950696785845488,4.4275255063766945
0.741,6,prculs-d,-0.4533270827175576,4.4275255063766945
0.741,6,prcus-p,0.0,4.4275255063766945
0.741,6,prcus-i,-0.0,4.4275255063766945
0.741,6,prcus-a,-0.07322509583864212,4.4275255063766945
0.741,6,ifrms,-0.0,4.4275255063766945
0.741,6,sspls-v,0.0,4.4275255063766945
0.741,7,mcgs,0.0,4.495626196627264
0.741,7,pos,-0.11367613716000625,4.495626196627264
0.741,7,sbps,-0.8701781270214879,4.495626196627264
0.741,7,prculs-d,-0.23455323129091465,4.495626196627264
0.741,7,prcus-p,0.0,4.495626196627264
0.741,7,prcus-i,-0.0,4.495626196627264
0.741,7,prcus-a,-0.0,4.495626196627264
0.741,7,ifrms,0.0,4.495626196627264
0.741,7,sspls-v,0.0,4.495626196627264
0.741,8,mcgs,0.0,4.412377643428867
0.741,8,pos,-0.0,4.412377643428867
0.741,8,sbps,-0.9289884265049051,4.412377643428867
0.741,8,prculs-d,-0.2301891496288129,4.412377643428867
0.741,8,prcus-p,0.0,4.412377643428867
0.741,8,prcus-i,-0.0,4.412377643428867
0.741,8,prcus-a,-0.0,4.412377643428867
0.741,8,ifrms,0.0,4.412377643428867
0.741,8,sspls-v,0.0,4.412377643428867
0.741,9,mcgs,0.0,4.5307992611983945
0.741,9,pos,-0.07373816053151548,4.5307992611983945
0.741,9,sbps,-0.7884472040924386,4.5307992611983945
0.741,9,prculs-d,-0.12777758138451065,4.5307992611983945
0.741,9,prcus-p,0.0,4.5307992611983945
0.741,9,prcus-i,-0.0,4.5307992611983945
0.741,9,prcus-a,-0.0,4.5307992611983945
0.741,9,ifrms,-0.0,4.5307992611983945
0.741,9,sspls-v,0.0,4.5307992611983945
0.741,10,mcgs,0.20849636920638087,4.515768104532778
0.741,10,pos,-0.0,4.515768104532778
0.741,10,sbps,-0.6992447645886044,4.515768104532778
0.741,10,prculs-d,-0.29020091863469305,4.515768104532778
0.741,10,prcus-p,0.0,4.515768104532778
0.741,10,prcus-i,-0.0,4.515768104532778
0.741,10,prcus-a,-0.06750854515455984,4.515768104532778
0.741,10,ifrms,-0.0,4.515768104532778
0.741,10,sspls-v,-0.0,4.515768104532778
0.741,11,mcgs,0.0,4.443542805061593
0.741,11,pos,-0.05360902728316403,4.443542805061593
0.741,11,sbps,-0.8535439625357552,4.443542805061593
0.741,11,prculs-d,-0.24536093514988927,4.443542805061593
0.741,11,prcus-p,0.0,4.443542805061593
0.741,11,prcus-i,-0.0,4.443542805061593
0.741,11,prcus-a,-0.0,4.443542805061593
0.741,11,ifrms,-0.0,4.443542805061593
0.741,11,sspls-v,0.0,4.443542805061593
0.741,12,mcgs,0.0,4.48618374345383
0.741,12,pos,-0.03075394509264594,4.48618374345383
0.741,12,sbps,-0.8379225847701585,4.48618374345383
0.741,12,prculs-d,-0.1329169642215022,4.48618374345383
0.741,12,prcus-p,0.0,4.48618374345383
0.741,12,prcus-i,-0.0,4.48618374345383
0.741,12,prcus-a,-0.0,4.48618374345383
0.741,12,ifrms,-0.0,4.48618374345383
0.741,12,sspls-v,0.0,4.48618374345383
0.741,13,mcgs,0.0,4.241583038394403
0.741,13,pos,-0.1351934699678697,4.241583038394403
0.741,13,sbps,-0.9056684352445463,4.241583038394403
0.741,13,prculs-d,-0.09854727027958089,4.241583038394403
0.741,13,prcus-p,0.0,4.241583038394403
0.741,13,prcus-i,-0.0,4.241583038394403
0.741,13,prcus-a,0.0,4.241583038394403
0.741,13,ifrms,0.0,4.241583038394403
0.741,13,sspls-v,-0.0,4.241583038394403
0.741,14,mcgs,0.0,4.459137165566955
0.741,14,pos,-0.0880944893835981,4.459137165566955
0.741,14,sbps,-0.7963204201393831,4.459137165566955
0.741,14,prculs-d,-0.07508047865525841,4.459137165566955
0.741,14,prcus-p,0.0,4.459137165566955
0.741,14,prcus-i,-0.0,4.459137165566955
0.741,14,prcus-a,-0.0,4.459137165566955
0.741,14,ifrms,0.0,4.459137165566955
0.741,14,sspls-v,0.0,4.459137165566955
0.741,15,mcgs,0.0,4.405734096873102
0.741,15,pos,-0.0,4.405734096873102
0.741,15,sbps,-0.9181593069766657,4.405734096873102
0.741,15,prculs-d,-0.13114007325667457,4.405734096873102
0.741,15,prcus-p,0.0,4.405734096873102
0.741,15,prcus-i,-0.0,4.405734096873102
0.741,15,prcus-a,-0.13114528678105108,4.405734096873102
0.741,15,ifrms,0.0,4.405734096873102
0.741,15,sspls-v,0.0,4.405734096873102
0.741,16,mcgs,0.0,4.535135910912525
0.741,16,pos,-0.04164684347998657,4.535135910912525
0.741,16,sbps,-0.7918172480012657,4.535135910912525
0.741,16,prculs-d,-0.15824869467559302,4.535135910912525
0.741,16,prcus-p,0.0,4.535135910912525
0.741,16,prcus-i,-0.0,4.535135910912525
0.741,16,prcus-a,-0.0,4.535135910912525
0.741,16,ifrms,0.0,4.535135910912525
0.741,16,sspls-v,0.0,4.535135910912525
0.741,17,mcgs,0.0,4.083243692771325
0.741,17,pos,-0.5710152666213987,4.083243692771325
0.741,17,sbps,-0.4815208662247079,4.083243692771325
0.741,17,prculs-d,-0.0,4.083243692771325
0.741,17,prcus-p,0.0,4.083243692771325
0.741,17,prcus-i,-0.0,4.083243692771325
0.741,17,prcus-a,-0.0,4.083243692771325
0.741,17,ifrms,-0.0,4.083243692771325
0.741,17,sspls-v,0.0,4.083243692771325
0.741,18,mcgs,0.0,4.552851600684598
0.741,18,pos,-0.11082637947730306,4.552851600684598
0.741,18,sbps,-0.7961306800258967,4.552851600684598
0.741,18,prculs-d,-0.17363072601408688,4.552851600684598
0.741,18,prcus-p,0.0,4.552851600684598
0.741,18,prcus-i,-0.0,4.552851600684598
0.741,18,prcus-a,-0.0,4.552851600684598
0.741,18,ifrms,0.0,4.552851600684598
0.741,18,sspls-v,0.0,4.552851600684598
0.741,19,mcgs,0.05785387968060645,4.467010354383747
0.741,19,pos,-0.10840425831160037,4.467010354383747
0.741,19,sbps,-0.6586202994412174,4.467010354383747
0.741,19,prculs-d,-0.13605257003646398,4.467010354383747
0.741,19,prcus-p,0.0,4.467010354383747
0.741,19,prcus-i,-0.0,4.467010354383747
0.741,19,prcus-a,-0.05342161558431845,4.467010354383747
0.741,19,ifrms,-0.0,4.467010354383747
0.741,19,sspls-v,0.0,4.467010354383747
0.741,20,mcgs,0.0,4.453404512245878
0.741,20,pos,-0.0,4.453404512245878
0.741,20,sbps,-0.7339658907918881,4.453404512245878
0.741,20,prculs-d,-0.20824152245372976,4.453404512245878
0.741,20,prcus-p,0.0,4.453404512245878
0.741,20,prcus-i,-0.0,4.453404512245878
0.741,20,prcus-a,-0.0,4.453404512245878
0.741,20,ifrms,-0.2214632998929975,4.453404512245878
0.741,20,sspls-v,0.0,4.453404512245878
0.741,21,mcgs,0.0,4.272208839276716
0.741,21,pos,-0.0,4.272208839276716
0.741,21,sbps,-0.7556406026441155,4.272208839276716
0.741,21,prculs-d,-0.11734612130322451,4.272208839276716
0.741,21,prcus-p,0.0,4.272208839276716
0.741,21,prcus-i,-0.0,4.272208839276716
0.741,21,prcus-a,-0.0,4.272208839276716
0.741,21,ifrms,0.0,4.272208839276716
0.741,21,sspls-v,-0.0,4.272208839276716
0.741,22,mcgs,0.0,4.556120225918438
0.741,22,pos,-0.03543795794782619,4.556120225918438
0.741,22,sbps,-0.7958507689991866,4.556120225918438
0.741,22,prculs-d,-0.1544042917346725,4.556120225918438
0.741,22,prcus-p,0.0,4.556120225918438
0.741,22,prcus-i,-0.0,4.556120225918438
0.741,22,prcus-a,-0.048549362784519295,4.556120225918438
0.741,22,ifrms,0.0,4.556120225918438
0.741,22,sspls-v,0.0,4.556120225918438
0.741,23,mcgs,0.03193670526625009,4.572898559035361
0.741,23,pos,-0.03695481650789389,4.572898559035361
0.741,23,sbps,-0.790733917777408,4.572898559035361
0.741,23,prculs-d,-0.16715578215415916,4.572898559035361
0.741,23,prcus-p,0.0,4.572898559035361
0.741,23,prcus-i,-0.0,4.572898559035361
0.741,23,prcus-a,-0.0,4.572898559035361
0.741,23,ifrms,0.0,4.572898559035361
0.741,23,sspls-v,0.0,4.572898559035361
0.741,24,mcgs,0.10954270178690105,4.355077973754732
0.741,24,pos,-0.0,4.355077973754732
0.741,24,sbps,-0.8087696505339651,4.355077973754732
0.741,24,prculs-d,-0.27234324133933685,4.355077973754732
0.741,24,prcus-p,0.0,4.355077973754732
0.741,24,prcus-i,-0.0,4.355077973754732
0.741,24,prcus-a,-0.0,4.355077973754732
0.741,24,ifrms,-0.0,4.355077973754732
0.741,24,sspls-v,0.0,4.355077973754732
0.741,25,mcgs,0.0,4.456561494269266
0.741,25,pos,-0.03767439814189875,4.456561494269266
0.741,25,sbps,-0.8339129094904135,4.456561494269266
0.741,25,prculs-d,-0.22327337290693847,4.456561494269266
0.741,25,prcus-p,0.0,4.456561494269266
0.741,25,prcus-i,-0.0,4.456561494269266
0.741,25,prcus-a,-0.08468213013948055,4.456561494269266
0.741,25,ifrms,0.0,4.456561494269266
0.741,25,sspls-v,0.0,4.456561494269266
0.741,26,mcgs,0.0,3.9890623427490093
0.741,26,pos,-0.0,3.9890623427490093
0.741,26,sbps,-0.6950417768204491,3.9890623427490093
0.741,26,prculs-d,-0.0,3.9890623427490093
0.741,26,prcus-p,0.0,3.9890623427490093
0.741,26,prcus-i,-0.0,3.9890623427490093
0.741,26,prcus-a,-0.0,3.9890623427490093
0.741,26,ifrms,0.0,3.9890623427490093
0.741,26,sspls-v,0.0,3.9890623427490093
0.741,27,mcgs,0.0,4.551921584516125
0.741,27,pos,-0.040083693384888444,4.551921584516125
0.741,27,sbps,-0.7840396026888184,4.551921584516125
0.741,27,prculs-d,-0.16365371164586368,4.551921584516125
0.741,27,prcus-p,0.0,4.551921584516125
0.741,27,prcus-i,-0.0,4.551921584516125
0.741,27,prcus-a,-0.0,4.551921584516125
0.741,27,ifrms,0.0,4.551921584516125
0.741,27,sspls-v,0.0,4.551921584516125
0.741,28,mcgs,0.0,4.376886258245287
0.741,28,pos,-0.0,4.376886258245287
0.741,28,sbps,-0.6443753746050831,4.376886258245287
0.741,28,prculs-d,-0.17286593085861077,4.376886258245287
0.741,28,prcus-p,0.0,4.376886258245287
0.741,28,prcus-i,-0.0,4.376886258245287
0.741,28,prcus-a,-0.0,4.376886258245287
0.741,28,ifrms,0.0,4.376886258245287
0.741,28,sspls-v,0.0,4.376886258245287
0.741,29,mcgs,0.2346396156448435,4.198938240952495
0.741,29,pos,-0.0,4.198938240952495
0.741,29,sbps,-0.25978363813192273,4.198938240952495
0.741,29,prculs-d,-0.009348333625955411,4.198938240952495
0.741,29,prcus-p,0.0,4.198938240952495
0.741,29,prcus-i,-0.0,4.198938240952495
0.741,29,prcus-a,-0.0,4.198938240952495
0.741,29,ifrms,0.0,4.198938240952495
0.741,29,sspls-v,0.0,4.198938240952495
0.792,0,mcgs,0.0,4.386037861694672
0.792,0,pos,-0.10665524967683174,4.386037861694672
0.792,0,sbps,-0.6127094444191348,4.386037861694672
0.792,0,prculs-d,-0.023262197511692433,4.386037861694672
0.792,0,prcus-p,0.0,4.386037861694672
0.792,0,prcus-i,-0.0,4.386037861694672
0.792,0,prcus-a,-0.0,4.386037861694672
0.792,0,ifrms,0.0,4.386037861694672
0.792,0,sspls-v,0.0,4.386037861694672
0.792,1,mcgs,0.0,4.492479614487861
0.792,1,pos,-0.07394957318702641,4.492479614487861
0.792,1,sbps,-0.6737165312371795,4.492479614487861
0.792,1,prculs-d,-0.11848482718786936,4.492479614487861
0.792,1,prcus-p,0.0,4.492479614487861
0.792,1,prcus-i,-0.0,4.492479614487861
0.792,1,prcus-a,-0.0,4.492479614487861
0.792,1,ifrms,-0.0,4.492479614487861
0.792,1,sspls-v,0.0,4.492479614487861
0.792,2,mcgs,0.0,4.198097238160904
0.792,2,pos,-0.0,4.198097238160904
0.792,2,sbps,-0.8116225763918428,4.198097238160904
0.792,2,prculs-d,-0.0,4.198097238160904
0.792,2,prcus-p,0.0,4.198097238160904
0.792,2,prcus-i,-0.0,4.198097238160904
0.792,2,prcus-a,-0.03674359203124053,4.198097238160904
0.792,2,ifrms,0.0,4.198097238160904
0.792,2,sspls-v,-0.0,4.198097238160904
0.792,3,mcgs,0.0,3.966536130408245
0.792,3,pos,-0.0,3.966536130408245
0.792,3,sbps,-1.2061197658017926,3.966536130408245
0.792,3,prculs-d,-0.6622141705629854,3.966536130408245
0.792,3,prcus-p,-0.0,3.966536130408245
0.792,3,prcus-i,-0.04048093704331661,3.966536130408245
0.792,3,prcus-a,-0.19009617456675246,3.966536130408245
0.792,3,ifrms,-0.0,3.966536130408245
0.792,3,sspls-v,0.0,3.966536130408245
0.792,4,mcgs,0.0,4.304773265094808
0.792,4,pos,-0.0,4.304773265094808
0.792,4,sbps,-0.8886099300048104,4.304773265094808
0.792,4,prculs-d,-0.0,4.304773265094808
0.792,4,prcus-p,0.0,4.304773265094808
0.792,4,prcus-i,-0.0,4.304773265094808
0.792,4,prcus-a,-0.0,4.304773265094808
0.792,4,ifrms,-0.0,4.304773265094808
0.792,4,sspls-v,0.0,4.304773265094808
0.792,5,mcgs,0.1085871563212626,4.416336743632387
0.792,5,pos,-0.4412465481196517,4.416336743632387
0.792,5,sbps,-0.7329684921165104,4.416336743632387
0.792,5,prculs-d,-0.0,4.416336743632387
0.792,5,prcus-p,0.0,4.416336743632387
0.792,5,prcus-i,-0.0,4.416336743632387
0.792,5,prcus-a,-0.020930960428927996,4.416336743632387
0.792,5,ifrms,0.0,4.416336743632387
0.792,5,sspls-v,0.0,4.416336743632387
0.792,6,mcgs,0.0,4.35986731781633
0.792,6,pos,-0.08448734000322942,4.35986731781633
0.792,6,sbps,-0.11746257331054745,4.35986731781633
0.792,6,prculs-d,-0.41791376656220086,4.35986731781633
0.792,6,prcus-p,0.0,4.35986731781633
0.792,6,prcus-i,-0.0,4.35986731781633
0.792,6,prcus-a,-0.008054677400809826,4.35986731781633
0.792,6,ifrms,-0.0,4.35986731781633
0.792,6,sspls-v,0.0,4.35986731781633
0.792,7,mcgs,0.0,4.46276972383854
0.792,7,pos,-0.062142379665644024,4.46276972383854
0.792,7,sbps,-0.8096380331089718,4.46276972383854
0.792,7,prculs-d,-0.18612706282270608,4.46276972383854
0.792,7,prcus-p,0.0,4.46276972383854
0.792,7,prcus-i,-0.0,4.46276972383854
0.792,7,prcus-a,-0.0,4.46276972383854
0.792,7,ifrms,0.0,4.46276972383854
0.792,7,sspls-v,0.0,4.46276972383854
0.792,8,mcgs,0.0,4.366018369538411
0.792,8,pos,-0.0,4.366018369538411
0.792,8,sbps,-0.876574478026607,4.366018369538411
0.792,8,prculs-d,-0.1777752659757867,4.366018369538411
0.792,8,prcus-p,0.0,4.366018369538411
0.792,8,prcus-i,-0.0,4.366018369538411
0.792,8,prcus-a,-0.0,4.366018369538411
0.792,8,ifrms,0.0,4.366018369538411
0.792,8,sspls-v,0.0,4.366018369538411
0.792,9,mcgs,0.0,4.4781319073977
0.792,9,pos,-0.029196748652824143,4.4781319073977
0.792,9,sbps,-0.7350375086287709,4.4781319073977
0.792,9,prculs-d,-0.08615368878316916,4.4781319073977
0.792,9,prcus-p,0.0,4.4781319073977
0.792,9,prcus-i,-0.0,4.4781319073977
0.792,9,prcus-a,-0.0,4.4781319073977
0.792,9,ifrms,-0.0,4.4781319073977
0.792,9,sspls-v,0.0,4.4781319073977
0.792,10,mcgs,0.14878325897350628,4.465217993423899
0.792,10,pos,-0.0,4.465217993423899
0.792,10,sbps,-0.636174891934615,4.465217993423899
0.792,10,prculs-d,-0.22258864495110597,4.465217993423899
0.792,10,prcus-p,0.0,4.465217993423899
0.792,10,prcus-i,-0.0,4.465217993423899
0.792,10,prcus-a,-0.0,4.465217993423899
0.792,10,ifrms,-0.0,4.465217993423899
0.792,10,sspls-v,-0.0,4.465217993423899
0.792,11,mcgs,0.0,4.411301938903338
0.792,11,pos,-0.007010529242268369,4.411301938903338
0.792,11,sbps,-0.798186580850362,4.411301938903338
0.792,11,prculs-d,-0.2005629886220628,4.411301938903338
0.792,11,prcus-p,0.0,4.411301938903338
0.792,11,prcus-i,-0.0,4.411301938903338
0.792,11,prcus-a,-0.0,4.411301938903338
0.792,11,ifrms,-0.0,4.411301938903338
0.792,11,sspls-v,0.0,4.411301938903338
0.792,12,mcgs,0.0,4.431550650715637
0.792,12,pos,-0.0,4.431550650715637
0.792,12,sbps,-0.7880491077558485,4.431550650715637
0.792,12,prculs-d,-0.08920805762934318,4.431550650715637
0.792,12,prcus-p,0.0,4.431550650715637
0.792,12,prcus-i,-0.0,4.431550650715637
0.792,12,prcus-a,-0.0,4.431550650715637
0.792,12,ifrms,-0.0,4.431550650715637
0.792,12,sspls-v,0.0,4.431550650715637
0.792,13,mcgs,0.0,4.208158915335032
0.792,13,pos,-0.08908532242483651,4.208158915335032
0.792,13,sbps,-0.8521855305468651,4.208158915335032
0.792,13,prculs-d,-0.05601253870859642,4.208158915335032
0.792,13,prcus-p,0.0,4.208158915335032
0.792,13,prcus-i,-0.0,4.208158915335032
0.792,13,prcus-a,0.0,4.208158915335032
0.792,13,ifrms,0.0,4.208158915335032
0.792,13,sspls-v,-0.0,4.208158915335032
0.792,14,mcgs,0.0,4.416776616379456
0.792,14,pos,-0.043408953984972354,4.416776616379456
0.792,14,sbps,-0.7431011447465864,4.416776616379456
0.792,14,prculs-d,-0.03407103954782592,4.416776616379456
0.792,14,prcus-p,0.0,4.416776616379456
0.792,14,prcus-i,-0.0,4.416776616379456
0.792,14,prcus-a,-0.0,4.416776616379456
0.792,14,ifrms,0.0,4.416776616379456
0.792,14,sspls-v,0.0,4.416776616379456
0.792,15,mcgs,0.0,4.37254739814049
0.792,15,pos,-0.0,4.37254739814049
0.792,15,sbps,-0.8375026003358191,4.37254739814049
0.792,15,prculs-d,-0.08509805047834557,4.37254739814049
0.792,15,prcus-p,0.0,4.37254739814049
0.792,15,prcus-i,-0.0,4.37254739814049
0.792,15,prcus-a,-0.052334115422238314,4.37254739814049
0.792,15,ifrms,0.0,4.37254739814049
0.792,15,sspls-v,0.0,4.37254739814049
0.792,16,mcgs,0.0,4.488143468553138
0.792,16,pos,-0.0,4.488143468553138
0.792,16,sbps,-0.7389222214438561,4.488143468553138
0.792,16,prculs-d,-0.11475189572067063,4.488143468553138
0.792,16,prcus-p,0.0,4.488143468553138
0.792,16,prcus-i,-0.0,4.488143468553138
0.792,16,prcus-a,-0.0,4.488143468553138
0.792,16,ifrms,-0.0,4.488143468553138
0.792,16,sspls-v,0.0,4.488143468553138
0.792,17,mcgs,0.0,4.058046095170208
0.792,17,pos,-0.5192901698739426,4.058046095170208
0.792,17,sbps,-0.4297957694496438,4.058046095170208
0.792,17,prculs-d,-0.0,4.058046095170208
0.792,17,prcus-p,0.0,4.058046095170208
0.792,17,prcus-i,-0.0,4.058046095170208
0.792,17,prcus-a,-0.0,4.058046095170208
0.792,17,ifrms,-0.0,4.058046095170208
0.792,17,sspls-v,0.0,4.058046095170208
0.792,18,mcgs,0.0,4.513285175637871
0.792,18,pos,-0.0624654446635085,4.513285175637871
0.792,18,sbps,-0.7419650512594661,4.513285175637871
0.792,18,prculs-d,-0.12871999993906705,4.513285175637871
0.792,18,prcus-p,0.0,4.513285175637871
0.792,18,prcus-i,-0.0,4.513285175637871
0.792,18,prcus-a,-0.0,4.513285175637871
0.792,18,ifrms,0.0,4.513285175637871
0.792,18,sspls-v,0.0,4.513285175637871
0.792,19,mcgs,0.0053659532893755415,4.403247785079835
0.792,19,pos,-0.0746392342820938,4.403247785079835
0.792,19,sbps,-0.597772253792109,4.403247785079835
0.792,19,prculs-d,-0.07789994256623407,4.403247785079835
0.792,19,prcus-p,0.0,4.403247785079835
0.792,19,prcus-i,-0.0,4.403247785079835
0.792,19,prcus-a,-0.0,4.403247785079835
0.792,19,ifrms,-0.0,4.403247785079835
0.792,19,sspls-v,0.0,4.403247785079835
0.792,20,mcgs,0.0,4.402749520480872
0.792,20,pos,-0.0,4.402749520480872
0.792,20,sbps,-0.6982390584643544,4.402749520480872
0.792,20,prculs-d,-0.15255890642215492,4.402749520480872
0.792,20,prcus-p,0.0,4.402749520480872
0.792,20,prcus-i,-0.0,4.402749520480872
0.792,20,prcus-a,-0.0,4.402749520480872
0.792,20,ifrms,-0.17705756952796473,4.402749520480872
0.792,20,sspls-v,0.0,4.402749520480872
0.792,21,mcgs,0.0,4.237068653302427
0.792,21,pos,-0.0,4.237068653302427
0.792,21,sbps,-0.704463895408025,4.237068653302427
0.792,21,prculs-d,-0.06616941470267018,4.237068653302427
0.792,21,prcus-p,0.0,4.237068653302427
0.792,21,prcus-i,-0.0,4.237068653302427
0.792,21,prcus-a,-0.0,4.237068653302427
0.792,21,ifrms,0.0,4.237068653302427
0.792,21,sspls-v,-0.0,4.237068653302427
0.792,22,mcgs,0.0,4.50645358195504
0.792,22,pos,-0.0,4.50645358195504
0.792,22,sbps,-0.7266269591597849,4.50645358195504
0.792,22,prculs-d,-0.1133547428965459,4.50645358195504
0.792,22,prcus-p,0.0,4.50645358195504
0.792,22,prcus-i,-0.0,4.50645358195504
0.792,22,prcus-a,-0.0,4.50645358195504
0.792,22,ifrms,-0.0,4.50645358195504
0.792,22,sspls-v,0.0,4.50645358195504
0.792,23,mcgs,0.0,4.519649460182041
0.792,23,pos,-0.0,4.519649460182041
0.792,23,sbps,-0.7421023314822353,4.519649460182041
0.792,23,prculs-d,-0.11345738953889356,4.519649460182041
0.792,23,prcus-p,0.0,4.519649460182041
0.792,23,prcus-i,-0.0,4.519649460182041
0.792,23,prcus-a,-0.0,4.519649460182041
0.792,23,ifrms,0.0,4.519649460182041
0.792,23,sspls-v,0.0,4.519649460182041
0.792,24,mcgs,0.039872563612785926,4.3355985696620944
0.792,24,pos,-0.0,4.3355985696620944
0.792,24,sbps,-0.7676050639077182,4.3355985696620944
0.792,24,prculs-d,-0.19784925529277894,4.3355985696620944
0.792,24,prcus-p,0.0,4.3355985696620944
0.792,24,prcus-i,-0.0,4.3355985696620944
0.792,24,prcus-a,-0.0,4.3355985696620944
0.792,24,ifrms,-0.0,4.3355985696620944
0.792,24,sspls-v,0.0,4.3355985696620944
0.792,25,mcgs,0.0,4.408669989676932
0.792,25,pos,-0.0,4.408669989676932
0.792,25,sbps,-0.7545164613755039,4.408669989676932
0.792,25,prculs-d,-0.18181222249313447,4.408669989676932
0.792,25,prcus-p,0.0,4.408669989676932
0.792,25,prcus-i,-0.0,4.408669989676932
0.792,25,prcus-a,-0.010681025416378396,4.408669989676932
0.792,25,ifrms,0.0,4.408669989676932
0.792,25,sspls-v,0.0,4.408669989676932
0.792,26,mcgs,0.0,3.9780189992930666
0.792,26,pos,-0.0,3.9780189992930666
0.792,26,sbps,-0.6440417768204488,3.9780189992930666
0.792,26,prculs-d,-0.0,3.9780189992930666
0.792,26,prcus-p,0.0,3.9780189992930666
0.792,26,prcus-i,-0.0,3.9780189992930666
0.792,26,prcus-a,-0.0,3.9780189992930666
0.792,26,ifrms,0.0,3.9780189992930666
0.792,26,sspls-v,0.0,3.9780189992930666
0.792,27,mcgs,0.0,4.494499703398014
0.792,27,pos,-0.0,4.494499703398014
0.792,27,sbps,-0.7312727541506173,4.494499703398014
0.792,27,prculs-d,-0.12100160269867447,4.494499703398014
0.792,27,prcus-p,0.0,4.494499703398014
0.792,27,prcus-i,-0.0,4.494499703398014
0.792,27,prcus-a,-0.0,4.494499703398014
0.792,27,ifrms,-0.0,4.494499703398014
0.792,27,sspls-v,0.0,4.494499703398014
0.792,28,mcgs,0.0,4.332757501427808
0.792,28,pos,-0.0,4.332757501427808
0.792,28,sbps,-0.5934613463907289,4.332757501427808
0.792,28,prculs-d,-0.12195190264425713,4.332757501427808
0.792,28,prcus-p,0.0,4.332757501427808
0.792,28,prcus-i,-0.0,4.332757501427808
0.792,28,prcus-a,-0.0,4.332757501427808
0.792,28,ifrms,0.0,4.332757501427808
0.792,28,sspls-v,0.0,4.332757501427808
0.792,29,mcgs,0.1906898493567679,4.14402386424272
0.792,29,pos,-0.0,4.14402386424272
0.792,29,sbps,-0.21856162904500484,4.14402386424272
0.792,29,prculs-d,-0.0,4.14402386424272
0.792,29,prcus-p,0.0,4.14402386424272
0.792,29,prcus-i,-0.0,4.14402386424272
0.792,29,prcus-a,-0.0,4.14402386424272
0.792,29,ifrms,0.0,4.14402386424272
0.792,29,sspls-v,0.0,4.14402386424272
0.846,0,mcgs,0.0,4.346322012842614
0.846,0,pos,-0.05646079062726113,4.346322012842614
0.846,0,sbps,-0.5571043847974334,4.346322012842614
0.846,0,prculs-d,-0.0,4.346322012842614
0.846,0,prcus-p,0.0,4.346322012842614
0.846,0,prcus-i,-0.0,4.346322012842614
0.846,0,prcus-a,-0.0,4.346322012842614
0.846,0,ifrms,0.0,4.346322012842614
0.846,0,sspls-v,0.0,4.346322012842614
0.846,1,mcgs,0.0,4.425867635699841
0.846,1,pos,-0.026522247393639738,4.425867635699841
0.846,1,sbps,-0.6186029617661956,4.425867635699841
0.846,1,prculs-d,-0.07314401394773347,4.425867635699841
0.846,1,prcus-p,0.0,4.425867635699841
0.846,1,prcus-i,-0.0,4.425867635699841
0.846,1,prcus-a,-0.0,4.425867635699841
0.846,1,ifrms,-0.0,4.425867635699841
0.846,1,sspls-v,0.0,4.425867635699841
0.846,2,mcgs,0.0,4.153053104947032
0.846,2,pos,-0.0,4.153053104947032
0.846,2,sbps,-0.7446082969512664,4.153053104947032
0.846,2,prculs-d,-0.0,4.153053104947032
0.846,2,prcus-p,0.0,4.153053104947032
0.846,2,prcus-i,-0.0,4.153053104947032
0.846,2,prcus-a,-0.0,4.153053104947032
0.846,2,ifrms,0.0,4.153053104947032
0.846,2,sspls-v,-0.0,4.153053104947032
0.846,3,mcgs,0.0,3.9652565237043342
0.846,3,pos,-0.0,3.9652565237043342
0.846,3,sbps,-1.136956902849452,3.9652565237043342
0.846,3,prculs-d,-0.6035114646933584,3.9652565237043342
0.846,3,prcus-p,-0.0,3.9652565237043342
0.846,3,prcus-i,-0.0,3.9652565237043342
0.846,3,prcus-a,-0.10514882150991765,3.9652565237043342
0.846,3,ifrms,-0.0,3.9652565237043342
0.846,3,sspls-v,0.0,3.9652565237043342
0.846,4,mcgs,0.0,4.2562308954535215
0.846,4,pos,-0.0,4.2562308954535215
0.846,4,sbps,-0.8346099300048104,4.2562308954535215
0.846,4,prculs-d,-0.0,4.2562308954535215
0.846,4,prcus-p,0.0,4.2562308954535215
0.846,4,prcus-i,-0.0,4.2562308954535215
0.846,4,prcus-a,-0.0,4.2562308954535215
0.846,4,ifrms,-0.0,4.2562308954535215
0.846,4,sspls-v,0.0,4.2562308954535215
0.846,5,mcgs,0.06291813792969211,4.380872512420355
0.846,5,pos,-0.3840118805147111,4.380872512420355
0.846,5,sbps,-0.6765810359785426,4.380872512420355
0.846,5,prculs-d,-0.0,4.380872512420355
0.846,5,prcus-p,0.0,4.380872512420355
0.846,5,prcus-i,-0.0,4.380872512420355
0.846,5,prcus-a,-0.0,4.380872512420355
0.846,5,ifrms,0.0,4.380872512420355
0.846,5,sspls-v,0.0,4.380872512420355
0.846,6,mcgs,0.0,4.288300108404498
0.846,6,pos,-0.03840753359221669,4.288300108404498
0.846,6,sbps,-0.06855617244309847,4.288300108404498
0.846,6,prculs-d,-0.378763728428184,4.288300108404498
0.846,6,prcus-p,0.0,4.288300108404498
0.846,6,prcus-i,-0.0,4.288300108404498
0.846,6,prcus-a,-0.0,4.288300108404498
0.846,6,ifrms,-0.0,4.288300108404498
0.846,6,sspls-v,0.0,4.288300108404498
0.846,7,mcgs,0.0,4.437730605192853
0.846,7,pos,-0.00757678269594282,4.437730605192853
0.846,7,sbps,-0.7455366085914428,4.437730605192853
0.846,7,prculs-d,-0.13485234517619216,4.437730605192853
0.846,7,prcus-p,0.0,4.437730605192853
0.846,7,prcus-i,-0.0,4.437730605192853
0.846,7,prcus-a,-0.0,4.437730605192853
0.846,7,ifrms,-0.0,4.437730605192853
0.846,7,sspls-v,0.0,4.437730605192853
0.846,8,mcgs,0.0,4.329196949209389
0.846,8,pos,-0.0,4.329196949209389
0.846,8,sbps,-0.8210774274425007,4.329196949209389
0.846,8,prculs-d,-0.12227821462037268,4.329196949209389
0.846,8,prcus-p,0.0,4.329196949209389
0.846,8,prcus-i,-0.0,4.329196949209389
0.846,8,prcus-a,-0.0,4.329196949209389
0.846,8,ifrms,0.0,4.329196949209389
0.846,8,sspls-v,0.0,4.329196949209389
0.846,9,mcgs,0.0,4.425375804348883
0.846,9,pos,-0.0,4.425375804348883
0.846,9,sbps,-0.6793365513047599,4.425375804348883
0.846,9,prculs-d,-0.03817828662522048,4.425375804348883
0.846,9,prcus-p,0.0,4.425375804348883
0.846,9,prcus-i,-0.0,4.425375804348883
0.846,9,prcus-a,-0.0,4.425375804348883
0.846,9,ifrms,-0.0,4.425375804348883
0.846,9,sspls-v,0.0,4.425375804348883
0.846,10,mcgs,0.07653204626184534,4.4059000393350445
0.846,10,pos,-0.0,4.4059000393350445
0.846,10,sbps,-0.5955375983333953,4.4059000393350445
0.846,10,prculs-d,-0.14493465149846207,4.4059000393350445
0.846,10,prcus-p,0.0,4.4059000393350445
0.846,10,prcus-i,-0.0,4.4059000393350445
0.846,10,prcus-a,-0.0,4.4059000393350445
0.846,10,ifrms,-0.0,4.4059000393350445
0.846,10,sspls-v,-0.0,4.4059000393350445
0.846,11,mcgs,0.0,4.379076436052245
0.846,11,pos,-0.0,4.379076436052245
0.846,11,sbps,-0.7419019764575531,4.379076436052245
0.846,11,prculs-d,-0.14586711070407848,4.379076436052245
0.846,11,prcus-p,0.0,4.379076436052245
0.846,11,prcus-i,-0.0,4.379076436052245
0.846,11,prcus-a,-0.0,4.379076436052245
0.846,11,ifrms,-0.0,4.379076436052245
0.846,11,sspls-v,0.0,4.379076436052245
0.846,12,mcgs,0.0,4.385170575967841
0.846,12,pos,-0.0,4.385170575967841
0.846,12,sbps,-0.7363021927731285,4.385170575967841
0.846,12,prculs-d,-0.03746115109683254,4.385170575967841
0.846,12,prcus-p,0.0,4.385170575967841
0.846,12,prcus-i,-0.0,4.385170575967841
0.846,12,prcus-a,-0.0,4.385170575967841
0.846,12,ifrms,-0.0,4.385170575967841
0.846,12,sspls-v,0.0,4.385170575967841
0.846,13,mcgs,0.0,4.1752441402581075
0.846,13,pos,-0.04026497189923398,4.1752441402581075
0.846,13,sbps,-0.7955565749303385,4.1752441402581075
0.846,13,prculs-d,-0.010975756595333565,4.1752441402581075
0.846,13,prcus-p,0.0,4.1752441402581075
0.846,13,prcus-i,-0.0,4.1752441402581075
0.846,13,prcus-a,0.0,4.1752441402581075
0.846,13,ifrms,0.0,4.1752441402581075
0.846,13,sspls-v,-0.0,4.1752441402581075
0.846,14,mcgs,0.0,4.3742465343999255
0.846,14,pos,-0.0,4.3742465343999255
0.846,14,sbps,-0.6869326051694551,4.3742465343999255
0.846,14,prculs-d,-0.0,4.3742465343999255
0.846,14,prcus-p,0.0,4.3742465343999255
0.846,14,prcus-i,-0.0,4.3742465343999255
0.846,14,prcus-a,-0.0,4.3742465343999255
0.846,14,ifrms,0.0,4.3742465343999255
0.846,14,sspls-v,0.0,4.3742465343999255
0.846,15,mcgs,0.0,4.328741885065362
0.846,15,pos,-0.0,4.328741885065362
0.846,15,sbps,-0.7638972035141175,4.328741885065362
0.846,15,prculs-d,-0.034465444647034646,4.328741885065362
0.846,15,prcus-p,0.0,4.328741885065362
0.846,15,prcus-i,-0.0,4.328741885065362
0.846,15,prcus-a,-0.0,4.328741885065362
0.846,15,ifrms,0.0,4.328741885065362
0.846,15,sspls-v,0.0,4.328741885065362
0.846,16,mcgs,0.0,4.438399943955448
0.846,16,pos,-0.0,4.438399943955448
0.846,16,sbps,-0.6848805665819765,4.438399943955448
0.846,16,prculs-d,-0.060710240886571544,4.438399943955448
0.846,16,prcus-p,0.0,4.438399943955448
0.846,16,prcus-i,-0.0,4.438399943955448
0.846,16,prcus-a,-0.0,4.438399943955448
0.846,16,ifrms,-0.0,4.438399943955448
0.846,16,sspls-v,0.0,4.438399943955448
0.846,17,mcgs,0.0,4.032155698780202
0.846,17,pos,-0.4645224203766365,4.032155698780202
0.846,17,sbps,-0.37502801992310475,4.032155698780202
0.846,17,prculs-d,-0.0,4.032155698780202
0.846,17,prcus-p,0.0,4.032155698780202
0.846,17,prcus-i,-0.0,4.032155698780202
0.846,17,prcus-a,-0.0,4.032155698780202
0.846,17,ifrms,-0.0,4.032155698780202
0.846,17,sspls-v,0.0,4.032155698780202
0.846,18,mcgs,0.0,4.470856500086627
0.846,18,pos,-0.011259617250395102,4.470856500086627
0.846,18,sbps,-0.6846132059053361,4.470856500086627
0.846,18,prculs-d,-0.08116748379428158,4.470856500086627
0.846,18,prcus-p,0.0,4.470856500086627
0.846,18,prcus-i,-0.0,4.470856500086627
0.846,18,prcus-a,-0.0,4.470856500086627
0.846,18,ifrms,-0.0,4.470856500086627
0.846,18,sspls-v,0.0,4.470856500086627
0.846,19,mcgs,0.0,4.328660039881483
0.846,19,pos,-0.02780321202782111,4.328660039881483
0.846,19,sbps,-0.5427310367840341,4.328660039881483
0.846,19,prculs-d,-0.03056210508820187,4.328660039881483
0.846,19,prcus-p,0.0,4.328660039881483
0.846,19,prcus-i,-0.0,4.328660039881483
0.846,19,prcus-a,-0.0,4.328660039881483
0.846,19,ifrms,-0.0,4.328660039881483
0.846,19,sspls-v,0.0,4.328660039881483
0.846,20,mcgs,0.0,4.351666657206412
0.846,20,pos,-0.0,4.351666657206412
0.846,20,sbps,-0.6604142635198542,4.351666657206412
0.846,20,prculs-d,-0.09359976048727933,4.351666657206412
0.846,20,prcus-p,0.0,4.351666657206412
0.846,20,prcus-i,-0.0,4.351666657206412
0.846,20,prcus-a,-0.0,4.351666657206412
0.846,20,ifrms,-0.13003837214228026,4.351666657206412
0.846,20,sspls-v,0.0,4.351666657206412
0.846,21,mcgs,0.0,4.20242373208244
0.846,21,pos,-0.0,4.20242373208244
0.846,21,sbps,-0.6502767937133112,4.20242373208244
0.846,21,prculs-d,-0.011982313596493899,4.20242373208244
0.846,21,prcus-p,0.0,4.20242373208244
0.846,21,prcus-i,-0.0,4.20242373208244
0.846,21,prcus-a,-0.0,4.20242373208244
0.846,21,ifrms,0.0,4.20242373208244
0.846,21,sspls-v,-0.0,4.20242373208244
0.846,22,mcgs,0.0,4.445527489025197
0.846,22,pos,-0.0,4.445527489025197
0.846,22,sbps,-0.6710262494392709,4.445527489025197
0.846,22,prculs-d,-0.05775403210806841,4.445527489025197
0.846,22,prcus-p,0.0,4.445527489025197
0.846,22,prcus-i,-0.0,4.445527489025197
0.846,22,prcus-a,-0.0,4.445527489025197
0.846,22,ifrms,-0.0,4.445527489025197
0.846,22,sspls-v,0.0,4.445527489025197
0.846,23,mcgs,0.0,4.461874931946463
0.846,23,pos,-0.0,4.461874931946463
0.846,23,sbps,-0.6884382639804173,4.461874931946463
0.846,23,prculs-d,-0.059793319707293104,4.461874931946463
0.846,23,prcus-p,0.0,4.461874931946463
0.846,23,prcus-i,-0.0,4.461874931946463
0.846,23,prcus-a,-0.0,4.461874931946463
0.846,23,ifrms,-0.0,4.461874931946463
0.846,23,sspls-v,0.0,4.461874931946463
0.846,24,mcgs,0.0,4.309366886764003
0.846,24,pos,-0.0,4.309366886764003
0.846,24,sbps,-0.7190506156523419,4.309366886764003
0.846,24,prculs-d,-0.13022018909182276,4.309366886764003
0.846,24,prcus-p,0.0,4.309366886764003
0.846,24,prcus-i,-0.0,4.309366886764003
0.846,24,prcus-a,-0.0,4.309366886764003
0.846,24,ifrms,-0.0,4.309366886764003
0.846,24,sspls-v,0.0,4.309366886764003
0.846,25,mcgs,0.0,4.346267956109867
0.846,25,pos,-0.0,4.346267956109867
0.846,25,sbps,-0.6965503156927295,4.346267956109867
0.846,25,prculs-d,-0.12805791535802824,4.346267956109867
0.846,25,prcus-p,0.0,4.346267956109867
0.846,25,prcus-i,-0.0,4.346267956109867
0.846,25,prcus-a,-0.0,4.346267956109867
0.846,25,ifrms,0.0,4.346267956109867
0.846,25,sspls-v,0.0,4.346267956109867
0.846,26,mcgs,0.0,3.972144791513348
0.846,26,pos,-0.0,3.972144791513348
0.846,26,sbps,-0.5900417768204491,3.972144791513348
0.846,26,prculs-d,-0.0,3.972144791513348
0.846,26,prcus-p,0.0,3.972144791513348
0.846,26,prcus-i,-0.0,3.972144791513348
0.846,26,prcus-a,-0.0,3.972144791513348
0.846,26,ifrms,0.0,3.972144791513348
0.846,26,sspls-v,0.0,3.972144791513348
0.846,27,mcgs,0.0,4.442214027468283
0.846,27,pos,-0.0,4.442214027468283
0.846,27,sbps,-0.6781254362881071,4.442214027468283
0.846,27,prculs-d,-0.06785428489356593,4.442214027468283
0.846,27,prcus-p,0.0,4.442214027468283
0.846,27,prcus-i,-0.0,4.442214027468283
0.846,27,prcus-a,-0.0,4.442214027468283
0.846,27,ifrms,-0.0,4.442214027468283
0.846,27,sspls-v,0.0,4.442214027468283
0.846,28,mcgs,0.0,4.30166420906323
0.846,28,pos,-0.0,4.30166420906323
0.846,28,sbps,-0.5395523753402359,4.30166420906323
0.846,28,prculs-d,-0.0680429315937649,4.30166420906323
0.846,28,prcus-p,0.0,4.30166420906323
0.846,28,prcus-i,-0.0,4.30166420906323
0.846,28,prcus-a,-0.0,4.30166420906323
0.846,28,ifrms,0.0,4.30166420906323
0.846,28,sspls-v,0.0,4.30166420906323
0.846,29,mcgs,0.1469979851258315,4.1115877883664735
0.846,29,pos,-0.0,4.1115877883664735
0.846,29,sbps,-0.17486988712242443,4.1115877883664735
0.846,29,prculs-d,-0.0,4.1115877883664735
0.846,29,prcus-p,0.0,4.1115877883664735
0.846,29,prcus-i,-0.0,4.1115877883664735
0.846,29,prcus-a,-0.0,4.1115877883664735
0.846,29,ifrms,0.0,4.1115877883664735
0.846,29,sspls-v,0.0,4.1115877883664735
0.905,0,mcgs,0.0,4.302647800188407
0.905,0,pos,-0.0,4.302647800188407
0.905,0,sbps,-0.4971173337420002,4.302647800188407
0.905,0,prculs-d,-0.0,4.302647800188407
0.905,0,prcus-p,0.0,4.302647800188407
0.905,0,prcus-i,-0.0,4.302647800188407
0.905,0,prcus-a,-0.0,4.302647800188407
0.905,0,ifrms,0.0,4.302647800188407
0.905,0,sspls-v,0.0,4.302647800188407
0.905,1,mcgs,0.0,4.365222935836534
0.905,1,pos,-0.0,4.365222935836534
0.905,1,sbps,-0.5590922183132723,4.365222935836534
0.905,1,prculs-d,-0.01909837320328687,4.365222935836534
0.905,1,prcus-p,0.0,4.365222935836534
0.905,1,prcus-i,-0.0,4.365222935836534
0.905,1,prcus-a,-0.0,4.365222935836534
0.905,1,ifrms,-0.0,4.365222935836534
0.905,1,sspls-v,0.0,4.365222935836534
0.905,2,mcgs,0.0,4.113126963819259
0.905,2,pos,-0.0,4.113126963819259
0.905,2,sbps,-0.6856082969512663,4.113126963819259
0.905,2,prculs-d,-0.0,4.113126963819259
0.905,2,prcus-p,0.0,4.113126963819259
0.905,2,prcus-i,-0.0,4.113126963819259
0.905,2,prcus-a,-0.0,4.113126963819259
0.905,2,ifrms,0.0,4.113126963819259
0.905,2,sspls-v,-0.0,4.113126963819259
0.905,3,mcgs,0.0,3.9607753161476094
0.905,3,pos,-0.0,3.9607753161476094
0.905,3,sbps,-1.0401451400118744,3.9607753161476094
0.905,3,prculs-d,-0.5425266833473821,3.9607753161476094
0.905,3,prcus-p,-0.0,3.9607753161476094
0.905,3,prcus-i,-0.0,3.9607753161476094
0.905,3,prcus-a,-0.012405275401845947,3.9607753161476094
0.905,3,ifrms,-0.0,3.9607753161476094
0.905,3,sspls-v,0.0,3.9607753161476094
0.905,4,mcgs,0.0,4.215866516696368
0.905,4,pos,-0.0,4.215866516696368
0.905,4,sbps,-0.7756099300048104,4.215866516696368
0.905,4,prculs-d,-0.0,4.215866516696368
0.905,4,prcus-p,0.0,4.215866516696368
0.905,4,prcus-i,-0.0,4.215866516696368
0.905,4,prcus-a,-0.0,4.215866516696368
0.905,4,ifrms,-0.0,4.215866516696368
0.905,4,sspls-v,0.0,4.215866516696368
0.905,5,mcgs,0.011113599901697286,4.338470663724624
0.905,5,pos,-0.32103445923696633,4.338470663724624
0.905,5,sbps,-0.6233241093891881,4.338470663724624
0.905,5,prculs-d,-0.0,4.338470663724624
0.905,5,prcus-p,0.0,4.338470663724624
0.905,5,prcus-i,-0.0,4.338470663724624
0.905,5,prcus-a,-0.0,4.338470663724624
0.905,5,ifrms,0.0,4.338470663724624
0.905,5,sspls-v,0.0,4.338470663724624
0.905,6,mcgs,0.0,4.21577323777029
0.905,6,pos,-0.0,4.21577323777029
0.905,6,sbps,-0.01754212876349825,4.21577323777029
0.905,6,prculs-d,-0.33377537494826365,4.21577323777029
0.905,6,prcus-p,0.0,4.21577323777029
0.905,6,prcus-i,-0.0,4.21577323777029
0.905,6,prcus-a,-0.0,4.21577323777029
0.905,6,ifrms,-0.0,4.21577323777029
0.905,6,sspls-v,0.0,4.21577323777029
0.905,7,mcgs,0.0,4.405802754398592
0.905,7,pos,-0.0,4.405802754398592
0.905,7,sbps,-0.6811038952574523,4.405802754398592
0.905,7,prculs-d,-0.07220118435727854,4.405802754398592
0.905,7,prcus-p,0.0,4.405802754398592
0.905,7,prcus-i,-0.0,4.405802754398592
0.905,7,prcus-a,-0.0,4.405802754398592
0.905,7,ifrms,-0.0,4.405802754398592
0.905,7,sspls-v,0.0,4.405802754398592
0.905,8,mcgs,0.0,4.3117750689696654
0.905,8,pos,-0.0,4.3117750689696654
0.905,8,sbps,-0.7604417610635696,4.3117750689696654
0.905,8,prculs-d,-0.06164254739871651,4.3117750689696654
0.905,8,prcus-p,0.0,4.3117750689696654
0.905,8,prcus-i,-0.0,4.3117750689696654
0.905,8,prcus-a,-0.0,4.3117750689696654
0.905,8,ifrms,0.0,4.3117750689696654
0.905,8,sspls-v,0.0,4.3117750689696654
0.905,9,mcgs,0.0,4.376562458361219
0.905,9,pos,-0.0,4.376562458361219
0.905,9,sbps,-0.6201125314464091,4.376562458361219
0.905,9,prculs-d,-0.0,4.376562458361219
0.905,9,prcus-p,0.0,4.376562458361219
0.905,9,prcus-i,-0.0,4.376562458361219
0.905,9,prcus-a,-0.0,4.376562458361219
0.905,9,ifrms,-0.0,4.376562458361219
0.905,9,sspls-v,0.0,4.376562458361219
0.905,10,mcgs,0.0,4.335031173888921
0.905,10,pos,-0.0,4.335031173888921
0.905,10,sbps,-0.5506991588054575,4.335031173888921
0.905,10,prculs-d,-0.06088626206234987,4.335031173888921
0.905,10,prcus-p,0.0,4.335031173888921
0.905,10,prcus-i,-0.0,4.335031173888921
0.905,10,prcus-a,-0.0,4.335031173888921
0.905,10,ifrms,-0.0,4.335031173888921
0.905,10,sspls-v,-0.0,4.335031173888921
0.905,11,mcgs,0.0,4.352191839029157
0.905,11,pos,-0.0,4.352191839029157
0.905,11,sbps,-0.680827440990038,4.352191839029157
0.905,11,prculs-d,-0.08479257256873274,4.352191839029157
0.905,11,prcus-p,0.0,4.352191839029157
0.905,11,prcus-i,-0.0,4.352191839029157
0.905,11,prcus-a,-0.0,4.352191839029157
0.905,11,ifrms,-0.0,4.352191839029157
0.905,11,sspls-v,0.0,4.352191839029157
0.905,12,mcgs,0.0,4.350392263379065
0.905,12,pos,-0.0,4.350392263379065
0.905,12,sbps,-0.6789332691779233,4.350392263379065
0.905,12,prculs-d,-0.0,4.350392263379065
0.905,12,prcus-p,0.0,4.350392263379065
0.905,12,prcus-i,-0.0,4.350392263379065
0.905,12,prcus-a,-0.0,4.350392263379065
0.905,12,ifrms,-0.0,4.350392263379065
0.905,12,sspls-v,0.0,4.350392263379065
0.905,13,mcgs,0.0,4.1462724749366355
0.905,13,pos,-0.0,4.1462724749366355
0.905,13,sbps,-0.7343784910709382,4.1462724749366355
0.905,13,prculs-d,-0.0,4.1462724749366355
0.905,13,prcus-p,0.0,4.1462724749366355
0.905,13,prcus-i,-0.0,4.1462724749366355
0.905,13,prcus-a,0.0,4.1462724749366355
0.905,13,ifrms,0.0,4.1462724749366355
0.905,13,sspls-v,-0.0,4.1462724749366355
0.905,14,mcgs,0.0,4.33301270205693
0.905,14,pos,-0.0,4.33301270205693
0.905,14,sbps,-0.627932605169455,4.33301270205693
0.905,14,prculs-d,-0.0,4.33301270205693
0.905,14,prcus-p,0.0,4.33301270205693
0.905,14,prcus-i,-0.0,4.33301270205693
0.905,14,prcus-a,-0.0,4.33301270205693
0.905,14,ifrms,0.0,4.33301270205693
0.905,14,sspls-v,0.0,4.33301270205693
0.905,15,mcgs,0.0,4.286436601226433
0.905,15,pos,-0.0,4.286436601226433
0.905,15,sbps,-0.7050292537896691,4.286436601226433
0.905,15,prculs-d,-0.0,4.286436601226433
0.905,15,prcus-p,0.0,4.286436601226433
0.905,15,prcus-i,-0.0,4.286436601226433
0.905,15,prcus-a,-0.0,4.286436601226433
0.905,15,ifrms,0.0,4.286436601226433
0.905,15,sspls-v,0.0,4.286436601226433
0.905,16,mcgs,0.0,4.401625325596384
0.905,16,pos,-0.0,4.401625325596384
0.905,16,sbps,-0.6258350548458572,4.401625325596384
0.905,16,prculs-d,-0.0016647291234333952,4.401625325596384
0.905,16,prcus-p,0.0,4.401625325596384
0.905,16,prcus-i,-0.0,4.401625325596384
0.905,16,prcus-a,-0.0,4.401625325596384
0.905,16,ifrms,-0.0,4.401625325596384
0.905,16,sspls-v,0.0,4.401625325596384
0.905,17,mcgs,0.0,4.012957086785585
0.905,17,pos,-0.40468358296291285,4.012957086785585
0.905,17,sbps,-0.315189182477442,4.012957086785585
0.905,17,prculs-d,-0.0,4.012957086785585
0.905,17,prcus-p,0.0,4.012957086785585
0.905,17,prcus-i,-0.0,4.012957086785585
0.905,17,prcus-a,-0.0,4.012957086785585
0.905,17,ifrms,-0.0,4.012957086785585
0.905,17,sspls-v,0.0,4.012957086785585
0.905,18,mcgs,0.0,4.432051681854544
0.905,18,pos,-0.0,4.432051681854544
0.905,18,sbps,-0.6246267910508466,4.432051681854544
0.905,18,prculs-d,-0.023335839656347803,4.432051681854544
0.905,18,prcus-p,0.0,4.432051681854544
0.905,18,prcus-i,-0.0,4.432051681854544
0.905,18,prcus-a,-0.0,4.432051681854544
0.905,18,ifrms,-0.0,4.432051681854544
0.905,18,sspls-v,0.0,4.432051681854544
0.905,19,mcgs,0.0,4.258400685185802
0.905,19,pos,-0.0,4.258400685185802
0.905,19,sbps,-0.4825155909715355,4.258400685185802
0.905,19,prculs-d,-0.0,4.258400685185802
0.905,19,prcus-p,0.0,4.258400685185802
0.905,19,prcus-i,-0.0,4.258400685185802
0.905,19,prcus-a,-0.0,4.258400685185802
0.905,19,ifrms,-0.0,4.258400685185802
0.905,19,sspls-v,0.0,4.258400685185802
0.905,20,mcgs,0.0,4.3057555893739226
0.905,20,pos,-0.0,4.3057555893739226
0.905,20,sbps,-0.6190939781469555,4.3057555893739226
0.905,20,prculs-d,-0.02917939807071163,4.3057555893739226
0.905,20,prcus-p,0.0,4.3057555893739226
0.905,20,prcus-i,-0.0,4.3057555893739226
0.905,20,prcus-a,-0.0,4.3057555893739226
0.905,20,ifrms,-0.07866297579068415,4.3057555893739226
0.905,20,sspls-v,0.0,4.3057555893739226
0.905,21,mcgs,0.0,4.164729015528236
0.905,21,pos,-0.0,4.164729015528236
0.905,21,sbps,-0.5912354208158876,4.164729015528236
0.905,21,prculs-d,-0.0,4.164729015528236
0.905,21,prcus-p,0.0,4.164729015528236
0.905,21,prcus-i,-0.0,4.164729015528236
0.905,21,prcus-a,-0.0,4.164729015528236
0.905,21,ifrms,-0.0,4.164729015528236
0.905,21,sspls-v,-0.0,4.164729015528236
0.905,22,mcgs,0.0,4.391063490235758
0.905,22,pos,-0.0,4.391063490235758
0.905,22,sbps,-0.6103635469435064,4.391063490235758
0.905,22,prculs-d,-0.0,4.391063490235758
0.905,22,prcus-p,0.0,4.391063490235758
0.905,22,prcus-i,-0.0,4.391063490235758
0.905,22,prcus-a,-0.0,4.391063490235758
0.905,22,ifrms,-0.0,4.391063490235758
0.905,22,sspls-v,0.0,4.391063490235758
0.905,23,mcgs,0.0,4.41686125082492
0.905,23,pos,-0.0,4.41686125082492
0.905,23,sbps,-0.6298052990939342,4.41686125082492
0.905,23,prculs-d,-0.0011603545349721117,4.41686125082492
0.905,23,prcus-p,0.0,4.41686125082492
0.905,23,prcus-i,-0.0,4.41686125082492
0.905,23,prcus-a,-0.0,4.41686125082492
0.905,23,ifrms,-0.0,4.41686125082492
0.905,23,sspls-v,0.0,4.41686125082492
0.905,24,mcgs,0.0,4.280987172913949
0.905,24,pos,-0.0,4.280987172913949
0.905,24,sbps,-0.6596146569434919,4.280987172913949
0.905,24,prculs-d,-0.07078423038470488,4.280987172913949
0.905,24,prcus-p,0.0,4.280987172913949
0.905,24,prcus-i,-0.0,4.280987172913949
0.905,24,prcus-a,-0.0,4.280987172913949
0.905,24,ifrms,-0.0,4.280987172913949
0.905,24,sspls-v,0.0,4.280987172913949
0.905,25,mcgs,0.0,4.298567849843941
0.905,25,pos,-0.0,4.298567849843941
0.905,25,sbps,-0.6373618318161279,4.298567849843941
0.905,25,prculs-d,-0.06886943148140753,4.298567849843941
0.905,25,prcus-p,0.0,4.298567849843941
0.905,25,prcus-i,-0.0,4.298567849843941
0.905,25,prcus-a,-0.0,4.298567849843941
0.905,25,ifrms,0.0,4.298567849843941
0.905,25,sspls-v,0.0,4.298567849843941
0.905,26,mcgs,0.0,3.965963309909753
0.905,26,pos,-0.0,3.965963309909753
0.905,26,sbps,-0.531041776820449,3.965963309909753
0.905,26,prculs-d,-0.0,3.965963309909753
0.905,26,prcus-p,0.0,3.965963309909753
0.905,26,prcus-i,-0.0,3.965963309909753
0.905,26,prcus-a,-0.0,3.965963309909753
0.905,26,ifrms,0.0,3.965963309909753
0.905,26,sspls-v,0.0,3.965963309909753
0.905,27,mcgs,0.0,4.404834668129606
0.905,27,pos,-0.0,4.404834668129606
0.905,27,sbps,-0.6200570704753637,4.404834668129606
0.905,27,prculs-d,-0.009785919143539724,4.404834668129606
0.905,27,prcus-p,0.0,4.404834668129606
0.905,27,prcus-i,-0.0,4.404834668129606
0.905,27,prcus-a,-0.0,4.404834668129606
0.905,27,ifrms,-0.0,4.404834668129606
0.905,27,sspls-v,0.0,4.404834668129606
0.905,28,mcgs,0.0,4.272934623389907
0.905,28,pos,-0.0,4.272934623389907
0.905,28,sbps,-0.48065183294019503,4.272934623389907
0.905,28,prculs-d,-0.009142389149634306,4.272934623389907
0.905,28,prcus-p,0.0,4.272934623389907
0.905,28,prcus-i,-0.0,4.272934623389907
0.905,28,prcus-a,-0.0,4.272934623389907
0.905,28,ifrms,0.0,4.272934623389907
0.905,28,sspls-v,0.0,4.272934623389907
0.905,29,mcgs,0.09926057791054922,4.089957379813982
0.905,29,pos,-0.0,4.089957379813982
0.905,29,sbps,-0.12713261354034544,4.089957379813982
0.905,29,prculs-d,-0.0,4.089957379813982
0.905,29,prcus-p,0.0,4.089957379813982
0.905,29,prcus-i,-0.0,4.089957379813982
0.905,29,prcus-a,-0.0,4.089957379813982
0.905,29,ifrms,0.0,4.089957379813982
0.905,29,sspls-v,0.0,4.089957379813982
0.967,0,mcgs,0.0,4.266925718576567
0.967,0,pos,-0.0,4.266925718576567
0.967,0,sbps,-0.43511733374200023,4.266925718576567
0.967,0,prculs-d,-0.0,4.266925718576567
0.967,0,prcus-p,0.0,4.266925718576567
0.967,0,prcus-i,-0.0,4.266925718576567
0.967,0,prcus-a,-0.0,4.266925718576567
0.967,0,ifrms,0.0,4.266925718576567
0.967,0,sspls-v,0.0,4.266925718576567
0.967,1,mcgs,0.0,4.312514752490134
0.967,1,pos,-0.0,4.312514752490134
0.967,1,sbps,-0.497166760753523,4.312514752490134
0.967,1,prculs-d,-0.0,4.312514752490134
0.967,1,prcus-p,0.0,4.312514752490134
0.967,1,prcus-i,-0.0,4.312514752490134
0.967,1,prcus-a,-0.0,4.312514752490134
0.967,1,ifrms,-0.0,4.312514752490134
0.967,1,sspls-v,0.0,4.312514752490134
0.967,2,mcgs,0.0,4.088609343792438
0.967,2,pos,-0.0,4.088609343792438
0.967,2,sbps,-0.6236082969512664,4.088609343792438
0.967,2,prculs-d,-0.0,4.088609343792438
0.967,2,prcus-p,0.0,4.088609343792438
0.967,2,prcus-i,-0.0,4.088609343792438
0.967,2,prcus-a,-0.0,4.088609343792438
0.967,2,ifrms,0.0,4.088609343792438
0.967,2,sspls-v,-0.0,4.088609343792438
0.967,3,mcgs,0.0,3.9326514610255945
0.967,3,pos,-0.0,3.9326514610255945
0.967,3,sbps,-0.9699364271629354,3.9326514610255945
0.967,3,prculs-d,-0.47709923897309214,3.9326514610255945
0.967,3,prcus-p,-0.0,3.9326514610255945
0.967,3,prcus-i,-0.0,3.9326514610255945
0.967,3,prcus-a,-0.0,3.9326514610255945
0.967,3,ifrms,-0.0,3.9326514610255945
0.967,3,sspls-v,0.0,3.9326514610255945
0.967,4,mcgs,0.0,4.187400163735808
0.967,4,pos,-0.0,4.187400163735808
0.967,4,sbps,-0.7136099300048105,4.187400163735808
0.967,4,prculs-d,-0.0,4.187400163735808
0.967,4,prcus-p,0.0,4.187400163735808
0.967,4,prcus-i,-0.0,4.187400163735808
0.967,4,prcus-a,-0.0,4.187400163735808
0.967,4,ifrms,-0.0,4.187400163735808
0.967,4,sspls-v,0.0,4.187400163735808
0.967,5,mcgs,0.0,4.302292951677286
0.967,5,pos,-0.2557309386029447,4.302292951677286
0.967,5,sbps,-0.5601055462745679,4.302292951677286
0.967,5,prculs-d,-0.0,4.302292951677286
0.967,5,prcus-p,0.0,4.302292951677286
0.967,5,prcus-i,-0.0,4.302292951677286
0.967,5,prcus-a,-0.0,4.302292951677286
0.967,5,ifrms,0.0,4.302292951677286
0.967,5,sspls-v,0.0,4.302292951677286
0.967,6,mcgs,0.0,4.156646926667251
0.967,6,pos,-0.0,4.156646926667251
0.967,6,sbps,-0.0,4.156646926667251
0.967,6,prculs-d,-0.274517817603946,4.156646926667251
0.967,6,prcus-p,0.0,4.156646926667251
0.967,6,prcus-i,-0.0,4.156646926667251
0.967,6,prcus-a,-0.0,4.156646926667251
0.967,6,ifrms,-0.0,4.156646926667251
0.967,6,sspls-v,0.0,4.156646926667251
0.967,7,mcgs,0.0,4.379862949465365
0.967,7,pos,-0.0,4.379862949465365
0.967,7,sbps,-0.6142530910333779,4.379862949465365
0.967,7,prculs-d,-0.005350255399712502,4.379862949465365
0.967,7,prcus-p,0.0,4.379862949465365
0.967,7,prcus-i,-0.0,4.379862949465365
0.967,7,prcus-a,-0.0,4.379862949465365
0.967,7,ifrms,-0.0,4.379862949465365
0.967,7,sspls-v,0.0,4.379862949465365
0.967,8,mcgs,0.0,4.291380388680212
0.967,8,pos,-0.0,4.291380388680212
0.967,8,sbps,-0.6967789337721156,4.291380388680212
0.967,8,prculs-d,-0.0,4.291380388680212
0.967,8,prcus-p,0.0,4.291380388680212
0.967,8,prcus-i,-0.0,4.291380388680212
0.967,8,prcus-a,-0.0,4.291380388680212
0.967,8,ifrms,0.0,4.291380388680212
0.967,8,sspls-v,0.0,4.291380388680212
0.967,9,mcgs,0.0,4.336942706959629
0.967,9,pos,-0.0,4.336942706959629
0.967,9,sbps,-0.5581125314464092,4.336942706959629
0.967,9,prculs-d,-0.0,4.336942706959629
0.967,9,prcus-p,0.0,4.336942706959629
0.967,9,prcus-i,-0.0,4.336942706959629
0.967,9,prcus-a,-0.0,4.336942706959629
0.967,9,ifrms,-0.0,4.336942706959629
0.967,9,sspls-v,0.0,4.336942706959629
0.967,10,mcgs,0.0,4.2650329442130905
0.967,10,pos,-0.0,4.2650329442130905
0.967,10,sbps,-0.48893974485920266,4.2650329442130905
0.967,10,prculs-d,-0.0,4.2650329442130905
0.967,10,prcus-p,0.0,4.2650329442130905
0.967,10,prcus-i,-0.0,4.2650329442130905
0.967,10,prcus-a,-0.0,4.2650329442130905
0.967,10,ifrms,-0.0,4.2650329442130905
0.967,10,sspls-v,-0.0,4.2650329442130905
0.967,11,mcgs,0.0,4.330150253116166
0.967,11,pos,-0.0,4.330150253116166
0.967,11,sbps,-0.6166474206682429,4.330150253116166
0.967,11,prculs-d,-0.020612549443454448,4.330150253116166
0.967,11,prcus-p,0.0,4.330150253116166
0.967,11,prcus-i,-0.0,4.330150253116166
0.967,11,prcus-a,-0.0,4.330150253116166
0.967,11,ifrms,-0.0,4.330150253116166
0.967,11,sspls-v,0.0,4.330150253116166
0.967,12,mcgs,0.0,4.325204071759057
0.967,12,pos,-0.0,4.325204071759057
0.967,12,sbps,-0.6169332691779236,4.325204071759057
0.967,12,prculs-d,-0.0,4.325204071759057
0.967,12,prcus-p,0.0,4.325204071759057
0.967,12,prcus-i,-0.0,4.325204071759057
0.967,12,prcus-a,-0.0,4.325204071759057
0.967,12,ifrms,-0.0,4.325204071759057
0.967,12,sspls-v,0.0,4.325204071759057
0.967,13,mcgs,0.0,4.113821573065173
0.967,13,pos,-0.0,4.113821573065173
0.967,13,sbps,-0.6723784910709383,4.113821573065173
0.967,13,prculs-d,-0.0,4.113821573065173
0.967,13,prcus-p,0.0,4.113821573065173
0.967,13,prcus-i,-0.0,4.113821573065173
0.967,13,prcus-a,0.0,4.113821573065173
0.967,13,ifrms,0.0,4.113821573065173
0.967,13,sspls-v,-0.0,4.113821573065173
0.967,14,mcgs,0.0,4.30684853597295
0.967,14,pos,-0.0,4.30684853597295
0.967,14,sbps,-0.5659326051694551,4.30684853597295
0.967,14,prculs-d,-0.0,4.30684853597295
0.967,14,prcus-p,0.0,4.30684853597295
0.967,14,prcus-i,-0.0,4.30684853597295
0.967,14,prcus-a,-0.0,4.30684853597295
0.967,14,ifrms,-0.0,4.30684853597295
0.967,14,sspls-v,0.0,4.30684853597295
0.967,15,mcgs,0.0,4.2520139677533555
0.967,15,pos,-0.0,4.2520139677533555
0.967,15,sbps,-0.643029253789669,4.2520139677533555
0.967,15,prculs-d,-0.0,4.2520139677533555
0.967,15,prcus-p,0.0,4.2520139677533555
0.967,15,prcus-i,-0.0,4.2520139677533555
0.967,15,prcus-a,-0.0,4.2520139677533555
0.967,15,ifrms,-0.0,4.2520139677533555
0.967,15,sspls-v,0.0,4.2520139677533555
0.967,16,mcgs,0.0,4.37153442650234
0.967,16,pos,-0.0,4.37153442650234
0.967,16,sbps,-0.563833771687996,4.37153442650234
0.967,16,prculs-d,-0.0,4.37153442650234
0.967,16,prcus-p,0.0,4.37153442650234
0.967,16,prcus-i,-0.0,4.37153442650234
0.967,16,prcus-a,-0.0,4.37153442650234
0.967,16,ifrms,-0.0,4.37153442650234
0.967,16,sspls-v,0.0,4.37153442650234
0.967,17,mcgs,0.0,4.004755215464334
0.967,17,pos,-0.3418020927993391,4.004755215464334
0.967,17,sbps,-0.2523076922803048,4.004755215464334
0.967,17,prculs-d,-0.0,4.004755215464334
0.967,17,prcus-p,0.0,4.004755215464334
0.967,17,prcus-i,-0.0,4.004755215464334
0.967,17,prcus-a,-0.0,4.004755215464334
0.967,17,ifrms,-0.0,4.004755215464334
0.967,17,sspls-v,0.0,4.004755215464334
0.967,18,mcgs,0.0,4.393149876286487
0.967,18,pos,-0.0,4.393149876286487
0.967,18,sbps,-0.5625039544149572,4.393149876286487
0.967,18,prculs-d,-0.0,4.393149876286487
0.967,18,prcus-p,0.0,4.393149876286487
0.967,18,prcus-i,-0.0,4.393149876286487
0.967,18,prcus-a,-0.0,4.393149876286487
0.967,18,ifrms,-0.0,4.393149876286487
0.967,18,sspls-v,0.0,4.393149876286487
0.967,19,mcgs,0.0,4.206408315896039
0.967,19,pos,-0.0,4.206408315896039
0.967,19,sbps,-0.4205155909715358,4.206408315896039
0.967,19,prculs-d,-0.0,4.206408315896039
0.967,19,prcus-p,0.0,4.206408315896039
0.967,19,prcus-i,-0.0,4.206408315896039
0.967,19,prcus-a,-0.0,4.206408315896039
0.967,19,ifrms,-0.0,4.206408315896039
0.967,19,sspls-v,0.0,4.206408315896039
0.967,20,mcgs,0.0,4.264244636324664
0.967,20,pos,-0.0,4.264244636324664
0.967,20,sbps,-0.5741712009843113,4.264244636324664
0.967,20,prculs-d,-0.0,4.264244636324664
0.967,20,prcus-p,0.0,4.264244636324664
0.967,20,prcus-i,-0.0,4.264244636324664
0.967,20,prcus-a,-0.0,4.264244636324664
0.967,20,ifrms,-0.029196992447359037,4.264244636324664
0.967,20,sspls-v,0.0,4.264244636324664
0.967,21,mcgs,0.0,4.1361534547712155
0.967,21,pos,-0.0,4.1361534547712155
0.967,21,sbps,-0.5292354208158878,4.1361534547712155
0.967,21,prculs-d,-0.0,4.1361534547712155
0.967,21,prcus-p,0.0,4.1361534547712155
0.967,21,prcus-i,-0.0,4.1361534547712155
0.967,21,prcus-a,-0.0,4.1361534547712155
0.967,21,ifrms,-0.0,4.1361534547712155
0.967,21,sspls-v,-0.0,4.1361534547712155
0.967,22,mcgs,0.0,4.354050277159055
0.967,22,pos,-0.0,4.354050277159055
0.967,22,sbps,-0.5483635469435064,4.354050277159055
0.967,22,prculs-d,-0.0,4.354050277159055
0.967,22,prcus-p,0.0,4.354050277159055
0.967,22,prcus-i,-0.0,4.354050277159055
0.967,22,prcus-a,-0.0,4.354050277159055
0.967,22,ifrms,-0.0,4.354050277159055
0.967,22,sspls-v,0.0,4.354050277159055
0.967,23,mcgs,0.0,4.3783194626135025
0.967,23,pos,-0.0,4.3783194626135025
0.967,23,sbps,-0.5678125624796306,4.3783194626135025
0.967,23,prculs-d,-0.0,4.3783194626135025
0.967,23,prcus-p,0.0,4.3783194626135025
0.967,23,prcus-i,-0.0,4.3783194626135025
0.967,23,prcus-a,-0.0,4.3783194626135025
0.967,23,ifrms,-0.0,4.3783194626135025
0.967,23,sspls-v,0.0,4.3783194626135025
0.967,24,mcgs,0.0,4.253076934726722
0.967,24,pos,-0.0,4.253076934726722
0.967,24,sbps,-0.5971565308458263,4.253076934726722
0.967,24,prculs-d,-0.008326104285723139,4.253076934726722
0.967,24,prcus-p,0.0,4.253076934726722
0.967,24,prcus-i,-0.0,4.253076934726722
0.967,24,prcus-a,-0.0,4.253076934726722
0.967,24,ifrms,-0.0,4.253076934726722
0.967,24,sspls-v,0.0,4.253076934726722
0.967,25,mcgs,0.0,4.267197914236676
0.967,25,pos,-0.0,4.267197914236676
0.967,25,sbps,-0.5751637637981604,4.267197914236676
0.967,25,prculs-d,-0.006671363678171064,4.267197914236676
0.967,25,prcus-p,0.0,4.267197914236676
0.967,25,prcus-i,-0.0,4.267197914236676
0.967,25,prcus-a,-0.0,4.267197914236676
0.967,25,ifrms,0.0,4.267197914236676
0.967,25,sspls-v,0.0,4.267197914236676
0.967,26,mcgs,0.0,3.959191163276321
0.967,26,pos,-0.0,3.959191163276321
0.967,26,sbps,-0.469041776820449,3.959191163276321
0.967,26,prculs-d,-0.0,3.959191163276321
0.967,26,prcus-p,0.0,3.959191163276321
0.967,26,prcus-i,-0.0,3.959191163276321
0.967,26,prcus-a,-0.0,3.959191163276321
0.967,26,ifrms,0.0,3.959191163276321
0.967,26,sspls-v,0.0,3.959191163276321
0.967,27,mcgs,0.0,4.370121271477561
0.967,27,pos,-0.0,4.370121271477561
0.967,27,sbps,-0.5582140732893766,4.370121271477561
0.967,27,prculs-d,-0.0,4.370121271477561
0.967,27,prcus-p,0.0,4.370121271477561
0.967,27,prcus-i,-0.0,4.370121271477561
0.967,27,prcus-a,-0.0,4.370121271477561
0.967,27,ifrms,-0.0,4.370121271477561
0.967,27,sspls-v,0.0,4.370121271477561
0.967,28,mcgs,0.0,4.238515799901647
0.967,28,pos,-0.0,4.238515799901647
0.967,28,sbps,-0.41866727043957963,4.238515799901647
0.967,28,prculs-d,-0.0,4.238515799901647
0.967,28,prcus-p,0.0,4.238515799901647
0.967,28,prcus-i,-0.0,4.238515799901647
0.967,28,prcus-a,-0.0,4.238515799901647
0.967,28,ifrms,0.0,4.238515799901647
0.967,28,sspls-v,0.0,4.238515799901647
0.967,29,mcgs,0.049095844904659076,4.069675466995367
0.967,29,pos,-0.0,4.069675466995367
0.967,29,sbps,-0.07696802096256762,4.069675466995367
0.967,29,prculs-d,-0.0,4.069675466995367
0.967,29,prcus-p,0.0,4.069675466995367
0.967,29,prcus-i,-0.0,4.069675466995367
0.967,29,prcus-a,-0.0,4.069675466995367
0.967,29,ifrms,0.0,4.069675466995367
0.967,29,sspls-v,0.0,4.069675466995367
1.034,0,mcgs,0.0,4.239379863656681
1.034,0,pos,-0.0,4.239379863656681
1.034,0,sbps,-0.3681173337420002,4.239379863656681
1.034,0,prculs-d,-0.0,4.239379863656681
1.034,0,prcus-p,0.0,4.239379863656681
1.034,0,prcus-i,-0.0,4.239379863656681
1.034,0,prcus-a,-0.0,4.239379863656681
1.034,0,ifrms,-0.0,4.239379863656681
1.034,0,sspls-v,0.0,4.239379863656681
1.034,1,mcgs,0.0,4.278301941897465
1.034,1,pos,-0.0,4.278301941897465
1.034,1,sbps,-0.430166760753523,4.278301941897465
1.034,1,prculs-d,-0.0,4.278301941897465
1.034,1,prcus-p,0.0,4.278301941897465
1.034,1,prcus-i,-0.0,4.278301941897465
1.034,1,prcus-a,-0.0,4.278301941897465
1.034,1,ifrms,-0.0,4.278301941897465
1.034,1,sspls-v,0.0,4.278301941897465
1.034,2,mcgs,0.0,4.071006823461944
1.034,2,pos,-0.0,4.071006823461944
1.034,2,sbps,-0.5566082969512663,4.071006823461944
1.034,2,prculs-d,-0.0,4.071006823461944
1.034,2,prcus-p,0.0,4.071006823461944
1.034,2,prcus-i,-0.0,4.071006823461944
1.034,2,prcus-a,-0.0,4.071006823461944
1.034,2,ifrms,0.0,4.071006823461944
1.034,2,sspls-v,-0.0,4.071006823461944
1.034,3,mcgs,0.0,3.911148177795814
1.034,3,pos,-0.0,3.911148177795814
1.034,3,sbps,-0.899021737247064,3.911148177795814
1.034,3,prculs-d,-0.406184514709363,3.911148177795814
1.034,3,prcus-p,-0.0,3.911148177795814
1.034,3,prcus-i,-0.0,3.911148177795814
1.034,3,prcus-a,-0.0,3.911148177795814
1.034,3,ifrms,-0.0,3.911148177795814
1.034,3,sspls-v,0.0,3.911148177795814
1.034,4,mcgs,0.0,4.166298845104186
1.034,4,pos,-0.0,4.166298845104186
1.034,4,sbps,-0.6466099300048105,4.166298845104186
1.034,4,prculs-d,-0.0,4.166298845104186
1.034,4,prcus-p,0.0,4.166298845104186
1.034,4,prcus-i,-0.0,4.166298845104186
1.034,4,prcus-a,-0.0,4.166298845104186
1.034,4,ifrms,-0.0,4.166298845104186
1.034,4,sspls-v,0.0,4.166298845104186
1.034,5,mcgs,0.0,4.275266701756936
1.034,5,pos,-0.18540334201983605,4.275266701756936
1.034,5,sbps,-0.4897779479561591,4.275266701756936
1.034,5,prculs-d,-0.0,4.275266701756936
1.034,5,prcus-p,0.0,4.275266701756936
1.034,5,prcus-i,-0.0,4.275266701756936
1.034,5,prcus-a,-0.0,4.275266701756936
1.034,5,ifrms,0.0,4.275266701756936
1.034,5,sspls-v,0.0,4.275266701756936
1.034,6,mcgs,0.0,4.120053646992682
1.034,6,pos,-0.0,4.120053646992682
1.034,6,sbps,-0.0,4.120053646992682
1.034,6,prculs-d,-0.20751781760394622,4.120053646992682
1.034,6,prcus-p,0.0,4.120053646992682
1.034,6,prcus-i,-0.0,4.120053646992682
1.034,6,prcus-a,-0.0,4.120053646992682
1.034,6,ifrms,-0.0,4.120053646992682
1.034,6,sspls-v,0.0,4.120053646992682
1.034,7,mcgs,0.0,4.35387170464466
1.034,7,pos,-0.0,4.35387170464466
1.034,7,sbps,-0.5468648684327718,4.35387170464466
1.034,7,prculs-d,-0.0,4.35387170464466
1.034,7,prcus-p,0.0,4.35387170464466
1.034,7,prcus-i,-0.0,4.35387170464466
1.034,7,prcus-a,-0.0,4.35387170464466
1.034,7,ifrms,-0.0,4.35387170464466
1.034,7,sspls-v,0.0,4.35387170464466
1.034,8,mcgs,0.0,4.265374476593791
1.034,8,pos,-0.0,4.265374476593791
1.034,8,sbps,-0.6297789337721156,4.265374476593791
1.034,8,prculs-d,-0.0,4.265374476593791
1.034,8,prcus-p,0.0,4.265374476593791
1.034,8,prcus-i,-0.0,4.265374476593791
1.034,8,prcus-a,-0.0,4.265374476593791
1.034,8,ifrms,0.0,4.265374476593791
1.034,8,sspls-v,0.0,4.265374476593791
1.034,9,mcgs,0.0,4.311607711706703
1.034,9,pos,-0.0,4.311607711706703
1.034,9,sbps,-0.4911125314464091,4.311607711706703
1.034,9,prculs-d,-0.0,4.311607711706703
1.034,9,prcus-p,0.0,4.311607711706703
1.034,9,prcus-i,-0.0,4.311607711706703
1.034,9,prcus-a,-0.0,4.311607711706703
1.034,9,ifrms,-0.0,4.311607711706703
1.034,9,sspls-v,0.0,4.311607711706703
1.034,10,mcgs,0.0,4.218217667028781
1.034,10,pos,-0.0,4.218217667028781
1.034,10,sbps,-0.4219397448592026,4.218217667028781
1.034,10,prculs-d,-0.0,4.218217667028781
1.034,10,prcus-p,0.0,4.218217667028781
1.034,10,prcus-i,-0.0,4.218217667028781
1.034,10,prcus-a,-0.0,4.218217667028781
1.034,10,ifrms,-0.0,4.218217667028781
1.034,10,sspls-v,-0.0,4.218217667028781
1.034,11,mcgs,0.0,4.304166904380849
1.034,11,pos,-0.0,4.304166904380849
1.034,11,sbps,-0.5489472685884745,4.304166904380849
1.034,11,prculs-d,-0.0,4.304166904380849
1.034,11,prcus-p,0.0,4.304166904380849
1.034,11,prcus-i,-0.0,4.304166904380849
1.034,11,prcus-a,-0.0,4.304166904380849
1.034,11,ifrms,-0.0,4.304166904380849
1.034,11,sspls-v,0.0,4.304166904380849
1.034,12,mcgs,0.0,4.310197431200792
1.034,12,pos,-0.0,4.310197431200792
1.034,12,sbps,-0.5499332691779233,4.310197431200792
1.034,12,prculs-d,-0.0,4.310197431200792
1.034,12,prcus-p,0.0,4.310197431200792
1.034,12,prcus-i,-0.0,4.310197431200792
1.034,12,prcus-a,-0.0,4.310197431200792
1.034,12,ifrms,-0.0,4.310197431200792
1.034,12,sspls-v,0.0,4.310197431200792
1.034,13,mcgs,0.0,4.096700267713993
1.034,13,pos,-0.0,4.096700267713993
1.034,13,sbps,-0.6053784910709382,4.096700267713993
1.034,13,prculs-d,-0.0,4.096700267713993
1.034,13,prcus-p,0.0,4.096700267713993
1.034,13,prcus-i,-0.0,4.096700267713993
1.034,13,prcus-a,0.0,4.096700267713993
1.034,13,ifrms,0.0,4.096700267713993
1.034,13,sspls-v,-0.0,4.096700267713993
1.034,14,mcgs,0.0,4.2893019465242315
1.034,14,pos,-0.0,4.2893019465242315
1.034,14,sbps,-0.49893260516945503,4.2893019465242315
1.034,14,prculs-d,-0.0,4.2893019465242315
1.034,14,prcus-p,0.0,4.2893019465242315
1.034,14,prcus-i,-0.0,4.2893019465242315
1.034,14,prcus-a,-0.0,4.2893019465242315
1.034,14,ifrms,-0.0,4.2893019465242315
1.034,14,sspls-v,0.0,4.2893019465242315
1.034,15,mcgs,0.0,4.233872859954195
1.034,15,pos,-0.0,4.233872859954195
1.034,15,sbps,-0.576029253789669,4.233872859954195
1.034,15,prculs-d,-0.0,4.233872859954195
1.034,15,prcus-p,0.0,4.233872859954195
1.034,15,prcus-i,-0.0,4.233872859954195
1.034,15,prcus-a,-0.0,4.233872859954195
1.034,15,ifrms,-0.0,4.233872859954195
1.034,15,sspls-v,0.0,4.233872859954195
1.034,16,mcgs,0.0,4.348806233129338
1.034,16,pos,-0.0,4.348806233129338
1.034,16,sbps,-0.4968337716879959,4.348806233129338
1.034,16,prculs-d,-0.0,4.348806233129338
1.034,16,prcus-p,0.0,4.348806233129338
1.034,16,prcus-i,-0.0,4.348806233129338
1.034,16,prcus-a,-0.0,4.348806233129338
1.034,16,ifrms,-0.0,4.348806233129338
1.034,16,sspls-v,0.0,4.348806233129338
1.034,17,mcgs,0.0,3.9963230569410806
1.034,17,pos,-0.27384951471934804,3.9963230569410806
1.034,17,sbps,-0.1843551141640435,3.9963230569410806
1.034,17,prculs-d,-0.0,3.9963230569410806
1.034,17,prcus-p,0.0,3.9963230569410806
1.034,17,prcus-i,-0.0,3.9963230569410806
1.034,17,prcus-a,-0.0,3.9963230569410806
1.034,17,ifrms,-0.0,3.9963230569410806
1.034,17,sspls-v,0.0,3.9963230569410806
1.034,18,mcgs,0.0,4.36324506886919
1.034,18,pos,-0.0,4.36324506886919
1.034,18,sbps,-0.49550395441495715,4.36324506886919
1.034,18,prculs-d,-0.0,4.36324506886919
1.034,18,prcus-p,0.0,4.36324506886919
1.034,18,prcus-i,-0.0,4.36324506886919
1.034,18,prcus-a,-0.0,4.36324506886919
1.034,18,ifrms,-0.0,4.36324506886919
1.034,18,sspls-v,0.0,4.36324506886919
1.034,19,mcgs,0.0,4.174294025132974
1.034,19,pos,-0.0,4.174294025132974
1.034,19,sbps,-0.3535155909715355,4.174294025132974
1.034,19,prculs-d,-0.0,4.174294025132974
1.034,19,prcus-p,0.0,4.174294025132974
1.034,19,prcus-i,-0.0,4.174294025132974
1.034,19,prcus-a,-0.0,4.174294025132974
1.034,19,ifrms,-0.0,4.174294025132974
1.034,19,sspls-v,0.0,4.174294025132974
1.034,20,mcgs,0.0,4.216475874855484
1.034,20,pos,-0.0,4.216475874855484
1.034,20,sbps,-0.5172859226819599,4.216475874855484
1.034,20,prculs-d,-0.0,4.216475874855484
1.034,20,prcus-p,0.0,4.216475874855484
1.034,20,prcus-i,-0.0,4.216475874855484
1.034,20,prcus-a,-0.0,4.216475874855484
1.034,20,ifrms,-0.0,4.216475874855484
1.034,20,sspls-v,0.0,4.216475874855484
1.034,21,mcgs,0.0,4.122118022625483
1.034,21,pos,-0.0,4.122118022625483
1.034,21,sbps,-0.46223542081588775,4.122118022625483
1.034,21,prculs-d,-0.0,4.122118022625483
1.034,21,prcus-p,0.0,4.122118022625483
1.034,21,prcus-i,-0.0,4.122118022625483
1.034,21,prcus-a,-0.0,4.122118022625483
1.034,21,ifrms,-0.0,4.122118022625483
1.034,21,sspls-v,-0.0,4.122118022625483
1.034,22,mcgs,0.0,4.323614412871026
1.034,22,pos,-0.0,4.323614412871026
1.034,22,sbps,-0.48136354694350636,4.323614412871026
1.034,22,prculs-d,-0.0,4.323614412871026
1.034,22,prcus-p,0.0,4.323614412871026
1.034,22,prcus-i,-0.0,4.323614412871026
1.034,22,prcus-a,-0.0,4.323614412871026
1.034,22,ifrms,-0.0,4.323614412871026
1.034,22,sspls-v,0.0,4.323614412871026
1.034,23,mcgs,0.0,4.347655458869784
1.034,23,pos,-0.0,4.347655458869784
1.034,23,sbps,-0.5008125624796306,4.347655458869784
1.034,23,prculs-d,-0.0,4.347655458869784
1.034,23,prcus-p,0.0,4.347655458869784
1.034,23,prcus-i,-0.0,4.347655458869784
1.034,23,prcus-a,-0.0,4.347655458869784
1.034,23,ifrms,-0.0,4.347655458869784
1.034,23,sspls-v,0.0,4.347655458869784
1.034,24,mcgs,0.0,4.216932333441876
1.034,24,pos,-0.0,4.216932333441876
1.034,24,sbps,-0.5300954594384146,4.216932333441876
1.034,24,prculs-d,-0.0,4.216932333441876
1.034,24,prcus-p,0.0,4.216932333441876
1.034,24,prcus-i,-0.0,4.216932333441876
1.034,24,prcus-a,-0.0,4.216932333441876
1.034,24,ifrms,-0.0,4.216932333441876
1.034,24,sspls-v,0.0,4.216932333441876
1.034,25,mcgs,0.0,4.235403827515913
1.034,25,pos,-0.0,4.235403827515913
1.034,25,sbps,-0.5081425192645174,4.235403827515913
1.034,25,prculs-d,-0.0,4.235403827515913
1.034,25,prcus-p,0.0,4.235403827515913
1.034,25,prcus-i,-0.0,4.235403827515913
1.034,25,prcus-a,-0.0,4.235403827515913
1.034,25,ifrms,0.0,4.235403827515913
1.034,25,sspls-v,0.0,4.235403827515913
1.034,26,mcgs,0.0,3.9527026940703496
1.034,26,pos,-0.0,3.9527026940703496
1.034,26,sbps,-0.40204177682044895,3.9527026940703496
1.034,26,prculs-d,-0.0,3.9527026940703496
1.034,26,prcus-p,0.0,3.9527026940703496
1.034,26,prcus-i,-0.0,3.9527026940703496
1.034,26,prcus-a,-0.0,3.9527026940703496
1.034,26,ifrms,0.0,3.9527026940703496
1.034,26,sspls-v,0.0,3.9527026940703496
1.034,27,mcgs,0.0,4.342207550944099
1.034,27,pos,-0.0,4.342207550944099
1.034,27,sbps,-0.49121407328937644,4.342207550944099
1.034,27,prculs-d,-0.0,4.342207550944099
1.034,27,prcus-p,0.0,4.342207550944099
1.034,27,prcus-i,-0.0,4.342207550944099
1.034,27,prcus-a,-0.0,4.342207550944099
1.034,27,ifrms,-0.0,4.342207550944099
1.034,27,sspls-v,0.0,4.342207550944099
1.034,28,mcgs,0.0,4.212526839583388
1.034,28,pos,-0.0,4.212526839583388
1.034,28,sbps,-0.35166727043957957,4.212526839583388
1.034,28,prculs-d,-0.0,4.212526839583388
1.034,28,prcus-p,0.0,4.212526839583388
1.034,28,prcus-i,-0.0,4.212526839583388
1.034,28,prcus-a,-0.0,4.212526839583388
1.034,28,ifrms,0.0,4.212526839583388
1.034,28,sspls-v,0.0,4.212526839583388
1.034,29,mcgs,0.0,4.04462991677724
1.034,29,pos,-0.0,4.04462991677724
1.034,29,sbps,-0.02155124472091271,4.04462991677724
1.034,29,prculs-d,-0.0,4.04462991677724
1.034,29,prcus-p,0.0,4.04462991677724
1.034,29,prcus-i,-0.0,4.04462991677724
1.034,29,prcus-a,-0.0,4.04462991677724
1.034,29,ifrms,0.0,4.04462991677724
1.034,29,sspls-v,0.0,4.04462991677724
1.105,0,mcgs,0.0,4.213233165464839
1.105,0,pos,-0.0,4.213233165464839
1.105,0,sbps,-0.2971173337420001,4.213233165464839
1.105,0,prculs-d,-0.0,4.213233165464839
1.105,0,prcus-p,0.0,4.213233165464839
1.105,0,prcus-i,-0.0,4.213233165464839
1.105,0,prcus-a,-0.0,4.213233165464839
1.105,0,ifrms,-0.0,4.213233165464839
1.105,0,sspls-v,0.0,4.213233165464839
1.105,1,mcgs,0.0,4.254251429203392
1.105,1,pos,-0.0,4.254251429203392
1.105,1,sbps,-0.35916676075352294,4.254251429203392
1.105,1,prculs-d,-0.0,4.254251429203392
1.105,1,prcus-p,0.0,4.254251429203392
1.105,1,prcus-i,-0.0,4.254251429203392
1.105,1,prcus-a,-0.0,4.254251429203392
1.105,1,ifrms,-0.0,4.254251429203392
1.105,1,sspls-v,0.0,4.254251429203392
1.105,2,mcgs,0.0,4.059009237262156
1.105,2,pos,-0.0,4.059009237262156
1.105,2,sbps,-0.48560829695126634,4.059009237262156
1.105,2,prculs-d,-0.0,4.059009237262156
1.105,2,prcus-p,0.0,4.059009237262156
1.105,2,prcus-i,-0.0,4.059009237262156
1.105,2,prcus-a,-0.0,4.059009237262156
1.105,2,ifrms,0.0,4.059009237262156
1.105,2,sspls-v,-0.0,4.059009237262156
1.105,3,mcgs,0.0,3.909553906411838
1.105,3,pos,-0.0,3.909553906411838
1.105,3,sbps,-0.8238733345003934,3.909553906411838
1.105,3,prculs-d,-0.33103607556421705,3.909553906411838
1.105,3,prcus-p,-0.0,3.909553906411838
1.105,3,prcus-i,-0.0,3.909553906411838
1.105,3,prcus-a,-0.0,3.909553906411838
1.105,3,ifrms,-0.0,3.909553906411838
1.105,3,sspls-v,0.0,3.909553906411838
1.105,4,mcgs,0.0,4.158783838912993
1.105,4,pos,-0.0,4.158783838912993
1.105,4,sbps,-0.5756099300048104,4.158783838912993
1.105,4,prculs-d,-0.0,4.158783838912993
1.105,4,prcus-p,0.0,4.158783838912993
1.105,4,prcus-i,-0.0,4.158783838912993
1.105,4,prcus-a,-0.0,4.158783838912993
1.105,4,ifrms,-0.0,4.158783838912993
1.105,4,sspls-v,0.0,4.158783838912993
1.105,5,mcgs,0.0,4.243793797075992
1.105,5,pos,-0.11087708106349103,4.243793797075992
1.105,5,sbps,-0.4152516869621181,4.243793797075992
1.105,5,prculs-d,-0.0,4.243793797075992
1.105,5,prcus-p,0.0,4.243793797075992
1.105,5,prcus-i,-0.0,4.243793797075992
1.105,5,prcus-a,-0.0,4.243793797075992
1.105,5,ifrms,-0.0,4.243793797075992
1.105,5,sspls-v,0.0,4.243793797075992
1.105,6,mcgs,0.0,4.094853794536968
1.105,6,pos,-0.0,4.094853794536968
1.105,6,sbps,-0.0,4.094853794536968
1.105,6,prculs-d,-0.1365178176039462,4.094853794536968
1.105,6,prcus-p,0.0,4.094853794536968
1.105,6,prcus-i,-0.0,4.094853794536968
1.105,6,prcus-a,-0.0,4.094853794536968
1.105,6,ifrms,-0.0,4.094853794536968
1.105,6,sspls-v,0.0,4.094853794536968
1.105,7,mcgs,0.0,4.329711626194938
1.105,7,pos,-0.0,4.329711626194938
1.105,7,sbps,-0.4758648684327718,4.329711626194938
1.105,7,prculs-d,-0.0,4.329711626194938
1.105,7,prcus-p,0.0,4.329711626194938
1.105,7,prcus-i,-0.0,4.329711626194938
1.105,7,prcus-a,-0.0,4.329711626194938
1.105,7,ifrms,-0.0,4.329711626194938
1.105,7,sspls-v,0.0,4.329711626194938
1.105,8,mcgs,0.0,4.2491997339692285
1.105,8,pos,-0.0,4.2491997339692285
1.105,8,sbps,-0.5587789337721155,4.2491997339692285
1.105,8,prculs-d,-0.0,4.2491997339692285
1.105,8,prcus-p,0.0,4.2491997339692285
1.105,8,prcus-i,-0.0,4.2491997339692285
1.105,8,prcus-a,-0.0,4.2491997339692285
1.105,8,ifrms,-0.0,4.2491997339692285
1.105,8,sspls-v,0.0,4.2491997339692285
1.105,9,mcgs,0.0,4.287328780502938
1.105,9,pos,-0.0,4.287328780502938
1.105,9,sbps,-0.4201125314464091,4.287328780502938
1.105,9,prculs-d,-0.0,4.287328780502938
1.105,9,prcus-p,0.0,4.287328780502938
1.105,9,prcus-i,-0.0,4.287328780502938
1.105,9,prcus-a,-0.0,4.287328780502938
1.105,9,ifrms,-0.0,4.287328780502938
1.105,9,sspls-v,0.0,4.287328780502938
1.105,10,mcgs,0.0,4.185643204106357
1.105,10,pos,-0.0,4.185643204106357
1.105,10,sbps,-0.35093974485920254,4.185643204106357
1.105,10,prculs-d,-0.0,4.185643204106357
1.105,10,prcus-p,0.0,4.185643204106357
1.105,10,prcus-i,-0.0,4.185643204106357
1.105,10,prcus-a,-0.0,4.185643204106357
1.105,10,ifrms,-0.0,4.185643204106357
1.105,10,sspls-v,-0.0,4.185643204106357
1.105,11,mcgs,0.0,4.280830764636986
1.105,11,pos,-0.0,4.280830764636986
1.105,11,sbps,-0.4779472685884745,4.280830764636986
1.105,11,prculs-d,-0.0,4.280830764636986
1.105,11,prcus-p,0.0,4.280830764636986
1.105,11,prcus-i,-0.0,4.280830764636986
1.105,11,prcus-a,-0.0,4.280830764636986
1.105,11,ifrms,-0.0,4.280830764636986
1.105,11,sspls-v,0.0,4.280830764636986
1.105,12,mcgs,0.0,4.296188742095484
1.105,12,pos,-0.0,4.296188742095484
1.105,12,sbps,-0.4789332691779233,4.296188742095484
1.105,12,prculs-d,-0.0,4.296188742095484
1.105,12,prcus-p,0.0,4.296188742095484
1.105,12,prcus-i,-0.0,4.296188742095484
1.105,12,prcus-a,-0.0,4.296188742095484
1.105,12,ifrms,-0.0,4.296188742095484
1.105,12,sspls-v,0.0,4.296188742095484
1.105,13,mcgs,0.0,4.08222589751303
1.105,13,pos,-0.0,4.08222589751303
1.105,13,sbps,-0.5343784910709382,4.08222589751303
1.105,13,prculs-d,-0.0,4.08222589751303
1.105,13,prcus-p,0.0,4.08222589751303
1.105,13,prcus-i,-0.0,4.08222589751303
1.105,13,prcus-a,0.0,4.08222589751303
1.105,13,ifrms,0.0,4.08222589751303
1.105,13,sspls-v,-0.0,4.08222589751303
1.105,14,mcgs,0.0,4.267977109092133
1.105,14,pos,-0.0,4.267977109092133
1.105,14,sbps,-0.42793260516945497,4.267977109092133
1.105,14,prculs-d,-0.0,4.267977109092133
1.105,14,prcus-p,0.0,4.267977109092133
1.105,14,prcus-i,-0.0,4.267977109092133
1.105,14,prcus-a,-0.0,4.267977109092133
1.105,14,ifrms,-0.0,4.267977109092133
1.105,14,sspls-v,0.0,4.267977109092133
1.105,15,mcgs,0.0,4.220373417875091
1.105,15,pos,-0.0,4.220373417875091
1.105,15,sbps,-0.505029253789669,4.220373417875091
1.105,15,prculs-d,-0.0,4.220373417875091
1.105,15,prcus-p,0.0,4.220373417875091
1.105,15,prcus-i,-0.0,4.220373417875091
1.105,15,prcus-a,-0.0,4.220373417875091
1.105,15,ifrms,-0.0,4.220373417875091
1.105,15,sspls-v,0.0,4.220373417875091
1.105,16,mcgs,0.0,4.327721317887403
1.105,16,pos,-0.0,4.327721317887403
1.105,16,sbps,-0.42583377168799585,4.327721317887403
1.105,16,prculs-d,-0.0,4.327721317887403
1.105,16,prcus-p,0.0,4.327721317887403
1.105,16,prcus-i,-0.0,4.327721317887403
1.105,16,prcus-a,-0.0,4.327721317887403
1.105,16,ifrms,-0.0,4.327721317887403
1.105,16,sspls-v,0.0,4.327721317887403
1.105,17,mcgs,0.0,3.9845474702873167
1.105,17,pos,-0.20184006630622323,3.9845474702873167
1.105,17,sbps,-0.11234566571248321,3.9845474702873167
1.105,17,prculs-d,-0.0,3.9845474702873167
1.105,17,prcus-p,0.0,3.9845474702873167
1.105,17,prcus-i,-0.0,3.9845474702873167
1.105,17,prcus-a,-0.0,3.9845474702873167
1.105,17,ifrms,-0.0,3.9845474702873167
1.105,17,sspls-v,0.0,3.9845474702873167
1.105,18,mcgs,0.0,4.340295087783179
1.105,18,pos,-0.0,4.340295087783179
1.105,18,sbps,-0.42450395441495714,4.340295087783179
1.105,18,prculs-d,-0.0,4.340295087783179
1.105,18,prcus-p,0.0,4.340295087783179
1.105,18,prcus-i,-0.0,4.340295087783179
1.105,18,prcus-a,-0.0,4.340295087783179
1.105,18,ifrms,-0.0,4.340295087783179
1.105,18,sspls-v,0.0,4.340295087783179
1.105,19,mcgs,0.0,4.147136232729035
1.105,19,pos,-0.0,4.147136232729035
1.105,19,sbps,-0.28251559097153545,4.147136232729035
1.105,19,prculs-d,-0.0,4.147136232729035
1.105,19,prcus-p,0.0,4.147136232729035
1.105,19,prcus-i,-0.0,4.147136232729035
1.105,19,prcus-a,-0.0,4.147136232729035
1.105,19,ifrms,-0.0,4.147136232729035
1.105,19,sspls-v,0.0,4.147136232729035
1.105,20,mcgs,0.0,4.180368212614716
1.105,20,pos,-0.0,4.180368212614716
1.105,20,sbps,-0.4462859226819599,4.180368212614716
1.105,20,prculs-d,-0.0,4.180368212614716
1.105,20,prcus-p,0.0,4.180368212614716
1.105,20,prcus-i,-0.0,4.180368212614716
1.105,20,prcus-a,-0.0,4.180368212614716
1.105,20,ifrms,-0.0,4.180368212614716
1.105,20,sspls-v,-0.0,4.180368212614716
1.105,21,mcgs,0.0,4.109603148529477
1.105,21,pos,-0.0,4.109603148529477
1.105,21,sbps,-0.39123542081588775,4.109603148529477
1.105,21,prculs-d,-0.0,4.109603148529477
1.105,21,prcus-p,0.0,4.109603148529477
1.105,21,prcus-i,-0.0,4.109603148529477
1.105,21,prcus-a,-0.0,4.109603148529477
1.105,21,ifrms,-0.0,4.109603148529477
1.105,21,sspls-v,-0.0,4.109603148529477
1.105,22,mcgs,0.0,4.298755603118436
1.105,22,pos,-0.0,4.298755603118436
1.105,22,sbps,-0.4103635469435066,4.298755603118436
1.105,22,prculs-d,-0.0,4.298755603118436
1.105,22,prcus-p,0.0,4.298755603118436
1.105,22,prcus-i,-0.0,4.298755603118436
1.105,22,prcus-a,-0.0,4.298755603118436
1.105,22,ifrms,-0.0,4.298755603118436
1.105,22,sspls-v,0.0,4.298755603118436
1.105,23,mcgs,0.0,4.325520273800171
1.105,23,pos,-0.0,4.325520273800171
1.105,23,sbps,-0.4298125624796305,4.325520273800171
1.105,23,prculs-d,-0.0,4.325520273800171
1.105,23,prcus-p,0.0,4.325520273800171
1.105,23,prcus-i,-0.0,4.325520273800171
1.105,23,prcus-a,-0.0,4.325520273800171
1.105,23,ifrms,-0.0,4.325520273800171
1.105,23,sspls-v,0.0,4.325520273800171
1.105,24,mcgs,0.0,4.196530202556241
1.105,24,pos,-0.0,4.196530202556241
1.105,24,sbps,-0.45909545943841457,4.196530202556241
1.105,24,prculs-d,-0.0,4.196530202556241
1.105,24,prcus-p,0.0,4.196530202556241
1.105,24,prcus-i,-0.0,4.196530202556241
1.105,24,prcus-a,-0.0,4.196530202556241
1.105,24,ifrms,-0.0,4.196530202556241
1.105,24,sspls-v,0.0,4.196530202556241
1.105,25,mcgs,0.0,4.21063132032224
1.105,25,pos,-0.0,4.21063132032224
1.105,25,sbps,-0.43714251926451736,4.21063132032224
1.105,25,prculs-d,-0.0,4.21063132032224
1.105,25,prcus-p,0.0,4.21063132032224
1.105,25,prcus-i,-0.0,4.21063132032224
1.105,25,prcus-a,-0.0,4.21063132032224
1.105,25,ifrms,-0.0,4.21063132032224
1.105,25,sspls-v,0.0,4.21063132032224
1.105,26,mcgs,0.0,3.948682971561878
1.105,26,pos,-0.0,3.948682971561878
1.105,26,sbps,-0.3310417768204489,3.948682971561878
1.105,26,prculs-d,-0.0,3.948682971561878
1.105,26,prcus-p,0.0,3.948682971561878
1.105,26,prcus-i,-0.0,3.948682971561878
1.105,26,prcus-a,-0.0,3.948682971561878
1.105,26,ifrms,0.0,3.948682971561878
1.105,26,sspls-v,0.0,3.948682971561878
1.105,27,mcgs,0.0,4.3169011382778635
1.105,27,pos,-0.0,4.3169011382778635
1.105,27,sbps,-0.42021407328937643,4.3169011382778635
1.105,27,prculs-d,-0.0,4.3169011382778635
1.105,27,prcus-p,0.0,4.3169011382778635
1.105,27,prcus-i,-0.0,4.3169011382778635
1.105,27,prcus-a,-0.0,4.3169011382778635
1.105,27,ifrms,-0.0,4.3169011382778635
1.105,27,sspls-v,0.0,4.3169011382778635
1.105,28,mcgs,0.0,4.194004992467539
1.105,28,pos,-0.0,4.194004992467539
1.105,28,sbps,-0.28066727043957956,4.194004992467539
1.105,28,prculs-d,-0.0,4.194004992467539
1.105,28,prcus-p,0.0,4.194004992467539
1.105,28,prcus-i,-0.0,4.194004992467539
1.105,28,prcus-a,-0.0,4.194004992467539
1.105,28,ifrms,0.0,4.194004992467539
1.105,28,sspls-v,0.0,4.194004992467539
1.105,29,mcgs,0.0,4.006696434159641
1.105,29,pos,-0.0,4.006696434159641
1.105,29,sbps,-0.0,4.006696434159641
1.105,29,prculs-d,-0.0,4.006696434159641
1.105,29,prcus-p,0.0,4.006696434159641
1.105,29,prcus-i,-0.0,4.006696434159641
1.105,29,prcus-a,-0.0,4.006696434159641
1.105,29,ifrms,0.0,4.006696434159641
1.105,29,sspls-v,0.0,4.006696434159641
1.182,0,mcgs,0.0,4.186162135715158
1.182,0,pos,-0.0,4.186162135715158
1.182,0,sbps,-0.22011733374200018,4.186162135715158
1.182,0,prculs-d,-0.0,4.186162135715158
1.182,0,prcus-p,0.0,4.186162135715158
1.182,0,prcus-i,-0.0,4.186162135715158
1.182,0,prcus-a,-0.0,4.186162135715158
1.182,0,ifrms,-0.0,4.186162135715158
1.182,0,sspls-v,-0.0,4.186162135715158
1.182,1,mcgs,0.0,4.2296816898978085
1.182,1,pos,-0.0,4.2296816898978085
1.182,1,sbps,-0.2821667607535231,4.2296816898978085
1.182,1,prculs-d,-0.0,4.2296816898978085
1.182,1,prcus-p,0.0,4.2296816898978085
1.182,1,prcus-i,-0.0,4.2296816898978085
1.182,1,prcus-a,-0.0,4.2296816898978085
1.182,1,ifrms,-0.0,4.2296816898978085
1.182,1,sspls-v,0.0,4.2296816898978085
1.182,2,mcgs,0.0,4.047689192647607
1.182,2,pos,-0.0,4.047689192647607
1.182,2,sbps,-0.40860829695126644,4.047689192647607
1.182,2,prculs-d,-0.0,4.047689192647607
1.182,2,prcus-p,0.0,4.047689192647607
1.182,2,prcus-i,-0.0,4.047689192647607
1.182,2,prcus-a,-0.0,4.047689192647607
1.182,2,ifrms,0.0,4.047689192647607
1.182,2,sspls-v,-0.0,4.047689192647607
1.182,3,mcgs,0.0,3.9290046624137696
1.182,3,pos,-0.0,3.9290046624137696
1.182,3,sbps,-0.742374362507525,3.9290046624137696
1.182,3,prculs-d,-0.24953706409694584,3.9290046624137696
1.182,3,prcus-p,-0.0,3.9290046624137696
1.182,3,prcus-i,-0.0,3.9290046624137696
1.182,3,prcus-a,-0.0,3.9290046624137696
1.182,3,ifrms,-0.0,3.9290046624137696
1.182,3,sspls-v,0.0,3.9290046624137696
1.182,4,mcgs,0.0,4.152977199367828
1.182,4,pos,-0.0,4.152977199367828
1.182,4,sbps,-0.4986099300048106,4.152977199367828
1.182,4,prculs-d,-0.0,4.152977199367828
1.182,4,prcus-p,0.0,4.152977199367828
1.182,4,prcus-i,-0.0,4.152977199367828
1.182,4,prcus-a,-0.0,4.152977199367828
1.182,4,ifrms,-0.0,4.152977199367828
1.182,4,sspls-v,0.0,4.152977199367828
1.182,5,mcgs,0.0,4.210704614813814
1.182,5,pos,-0.03005282622351169,4.210704614813814
1.182,5,sbps,-0.33442743208125736,4.210704614813814
1.182,5,prculs-d,-0.0,4.210704614813814
1.182,5,prcus-p,0.0,4.210704614813814
1.182,5,prcus-i,-0.0,4.210704614813814
1.182,5,prcus-a,-0.0,4.210704614813814
1.182,5,ifrms,-0.0,4.210704614813814
1.182,5,sspls-v,0.0,4.210704614813814
1.182,6,mcgs,0.0,4.07024356973004
1.182,6,pos,-0.0,4.07024356973004
1.182,6,sbps,-0.0,4.07024356973004
1.182,6,prculs-d,-0.05951781760394607,4.07024356973004
1.182,6,prcus-p,0.0,4.07024356973004
1.182,6,prcus-i,-0.0,4.07024356973004
1.182,6,prcus-a,-0.0,4.07024356973004
1.182,6,ifrms,-0.0,4.07024356973004
1.182,6,sspls-v,0.0,4.07024356973004
1.182,7,mcgs,0.0,4.30909136192727
1.182,7,pos,-0.0,4.30909136192727
1.182,7,sbps,-0.39886486843277197,4.30909136192727
1.182,7,prculs-d,-0.0,4.30909136192727
1.182,7,prcus-p,0.0,4.30909136192727
1.182,7,prcus-i,-0.0,4.30909136192727
1.182,7,prcus-a,-0.0,4.30909136192727
1.182,7,ifrms,-0.0,4.30909136192727
1.182,7,sspls-v,0.0,4.30909136192727
1.182,8,mcgs,0.0,4.238619880952642
1.182,8,pos,-0.0,4.238619880952642
1.182,8,sbps,-0.48177893377211567,4.238619880952642
1.182,8,prculs-d,-0.0,4.238619880952642
1.182,8,prcus-p,0.0,4.238619880952642
1.182,8,prcus-i,-0.0,4.238619880952642
1.182,8,prcus-a,-0.0,4.238619880952642
1.182,8,ifrms,-0.0,4.238619880952642
1.182,8,sspls-v,0.0,4.238619880952642
1.182,9,mcgs,0.0,4.264477582266002
1.182,9,pos,-0.0,4.264477582266002
1.182,9,sbps,-0.3431125314464092,4.264477582266002
1.182,9,prculs-d,-0.0,4.264477582266002
1.182,9,prcus-p,0.0,4.264477582266002
1.182,9,prcus-i,-0.0,4.264477582266002
1.182,9,prcus-a,-0.0,4.264477582266002
1.182,9,ifrms,-0.0,4.264477582266002
1.182,9,sspls-v,0.0,4.264477582266002
1.182,10,mcgs,0.0,4.16015370167971
1.182,10,pos,-0.0,4.16015370167971
1.182,10,sbps,-0.27393974485920264,4.16015370167971
1.182,10,prculs-d,-0.0,4.16015370167971
1.182,10,prcus-p,0.0,4.16015370167971
1.182,10,prcus-i,-0.0,4.16015370167971
1.182,10,prcus-a,-0.0,4.16015370167971
1.182,10,ifrms,-0.0,4.16015370167971
1.182,10,sspls-v,-0.0,4.16015370167971
1.182,11,mcgs,0.0,4.259992168494996
1.182,11,pos,-0.0,4.259992168494996
1.182,11,sbps,-0.4009472685884747,4.259992168494996
1.182,11,prculs-d,-0.0,4.259992168494996
1.182,11,prcus-p,0.0,4.259992168494996
1.182,11,prcus-i,-0.0,4.259992168494996
1.182,11,prcus-a,-0.0,4.259992168494996
1.182,11,ifrms,-0.0,4.259992168494996
1.182,11,sspls-v,0.0,4.259992168494996
1.182,12,mcgs,0.0,4.281852173119875
1.182,12,pos,-0.0,4.281852173119875
1.182,12,sbps,-0.4019332691779234,4.281852173119875
1.182,12,prculs-d,-0.0,4.281852173119875
1.182,12,prcus-p,0.0,4.281852173119875
1.182,12,prcus-i,-0.0,4.281852173119875
1.182,12,prcus-a,-0.0,4.281852173119875
1.182,12,ifrms,-0.0,4.281852173119875
1.182,12,sspls-v,0.0,4.281852173119875
1.182,13,mcgs,0.0,4.064207082836126
1.182,13,pos,-0.0,4.064207082836126
1.182,13,sbps,-0.4573784910709383,4.064207082836126
1.182,13,prculs-d,-0.0,4.064207082836126
1.182,13,prcus-p,0.0,4.064207082836126
1.182,13,prcus-i,-0.0,4.064207082836126
1.182,13,prcus-a,0.0,4.064207082836126
1.182,13,ifrms,0.0,4.064207082836126
1.182,13,sspls-v,-0.0,4.064207082836126
1.182,14,mcgs,0.0,4.245377800050648
1.182,14,pos,-0.0,4.245377800050648
1.182,14,sbps,-0.35093260516945507,4.245377800050648
1.182,14,prculs-d,-0.0,4.245377800050648
1.182,14,prcus-p,0.0,4.245377800050648
1.182,14,prcus-i,-0.0,4.245377800050648
1.182,14,prcus-a,-0.0,4.245377800050648
1.182,14,ifrms,-0.0,4.245377800050648
1.182,14,sspls-v,0.0,4.245377800050648
1.182,15,mcgs,0.0,4.206310117990208
1.182,15,pos,-0.0,4.206310117990208
1.182,15,sbps,-0.42802925378966905,4.206310117990208
1.182,15,prculs-d,-0.0,4.206310117990208
1.182,15,prcus-p,0.0,4.206310117990208
1.182,15,prcus-i,-0.0,4.206310117990208
1.182,15,prcus-a,-0.0,4.206310117990208
1.182,15,ifrms,-0.0,4.206310117990208
1.182,15,sspls-v,0.0,4.206310117990208
1.182,16,mcgs,0.0,4.308272844061381
1.182,16,pos,-0.0,4.308272844061381
1.182,16,sbps,-0.3488337716879959,4.308272844061381
1.182,16,prculs-d,-0.0,4.308272844061381
1.182,16,prcus-p,0.0,4.308272844061381
1.182,16,prcus-i,-0.0,4.308272844061381
1.182,16,prcus-a,-0.0,4.308272844061381
1.182,16,ifrms,-0.0,4.308272844061381
1.182,16,sspls-v,0.0,4.308272844061381
1.182,17,mcgs,0.0,3.970876993550974
1.182,17,pos,-0.1237453123933975,3.970876993550974
1.182,17,sbps,-0.03425091175797432,3.970876993550974
1.182,17,prculs-d,-0.0,3.970876993550974
1.182,17,prcus-p,0.0,3.970876993550974
1.182,17,prcus-i,-0.0,3.970876993550974
1.182,17,prcus-a,-0.0,3.970876993550974
1.182,17,ifrms,-0.0,3.970876993550974
1.182,17,sspls-v,0.0,3.970876993550974
1.182,18,mcgs,0.0,4.316078312448872
1.182,18,pos,-0.0,4.316078312448872
1.182,18,sbps,-0.34750395441495724,4.316078312448872
1.182,18,prculs-d,-0.0,4.316078312448872
1.182,18,prcus-p,0.0,4.316078312448872
1.182,18,prcus-i,-0.0,4.316078312448872
1.182,18,prcus-a,-0.0,4.316078312448872
1.182,18,ifrms,-0.0,4.316078312448872
1.182,18,sspls-v,0.0,4.316078312448872
1.182,19,mcgs,0.0,4.121477804372847
1.182,19,pos,-0.0,4.121477804372847
1.182,19,sbps,-0.20551559097153554,4.121477804372847
1.182,19,prculs-d,-0.0,4.121477804372847
1.182,19,prcus-p,0.0,4.121477804372847
1.182,19,prcus-i,-0.0,4.121477804372847
1.182,19,prcus-a,-0.0,4.121477804372847
1.182,19,ifrms,-0.0,4.121477804372847
1.182,19,sspls-v,0.0,4.121477804372847
1.182,20,mcgs,0.0,4.153255109571708
1.182,20,pos,-0.0,4.153255109571708
1.182,20,sbps,-0.36928592268196,4.153255109571708
1.182,20,prculs-d,-0.0,4.153255109571708
1.182,20,prcus-p,0.0,4.153255109571708
1.182,20,prcus-i,-0.0,4.153255109571708
1.182,20,prcus-a,-0.0,4.153255109571708
1.182,20,ifrms,-0.0,4.153255109571708
1.182,20,sspls-v,-0.0,4.153255109571708
1.182,21,mcgs,0.0,4.101045298974944
1.182,21,pos,-0.0,4.101045298974944
1.182,21,sbps,-0.31423542081588784,4.101045298974944
1.182,21,prculs-d,-0.0,4.101045298974944
1.182,21,prcus-p,0.0,4.101045298974944
1.182,21,prcus-i,-0.0,4.101045298974944
1.182,21,prcus-a,-0.0,4.101045298974944
1.182,21,ifrms,-0.0,4.101045298974944
1.182,21,sspls-v,-0.0,4.101045298974944
1.182,22,mcgs,0.0,4.276951271292042
1.182,22,pos,-0.0,4.276951271292042
1.182,22,sbps,-0.33336354694350645,4.276951271292042
1.182,22,prculs-d,-0.0,4.276951271292042
1.182,22,prcus-p,0.0,4.276951271292042
1.182,22,prcus-i,-0.0,4.276951271292042
1.182,22,prcus-a,-0.0,4.276951271292042
1.182,22,ifrms,-0.0,4.276951271292042
1.182,22,sspls-v,0.0,4.276951271292042
1.182,23,mcgs,0.0,4.3063161803774594
1.182,23,pos,-0.0,4.3063161803774594
1.182,23,sbps,-0.3528125624796306,4.3063161803774594
1.182,23,prculs-d,-0.0,4.3063161803774594
1.182,23,prcus-p,0.0,4.3063161803774594
1.182,23,prcus-i,-0.0,4.3063161803774594
1.182,23,prcus-a,-0.0,4.3063161803774594
1.182,23,ifrms,-0.0,4.3063161803774594
1.182,23,sspls-v,0.0,4.3063161803774594
1.182,24,mcgs,0.0,4.18151719875862
1.182,24,pos,-0.0,4.18151719875862
1.182,24,sbps,-0.38209545943841466,4.18151719875862
1.182,24,prculs-d,-0.0,4.18151719875862
1.182,24,prcus-p,0.0,4.18151719875862
1.182,24,prcus-i,-0.0,4.18151719875862
1.182,24,prcus-a,-0.0,4.18151719875862
1.182,24,ifrms,-0.0,4.18151719875862
1.182,24,sspls-v,0.0,4.18151719875862
1.182,25,mcgs,0.0,4.190811698925253
1.182,25,pos,-0.0,4.190811698925253
1.182,25,sbps,-0.3601425192645175,4.190811698925253
1.182,25,prculs-d,-0.0,4.190811698925253
1.182,25,prcus-p,0.0,4.190811698925253
1.182,25,prcus-i,-0.0,4.190811698925253
1.182,25,prcus-a,-0.0,4.190811698925253
1.182,25,ifrms,-0.0,4.190811698925253
1.182,25,sspls-v,0.0,4.190811698925253
1.182,26,mcgs,0.0,3.9445452327306425
1.182,26,pos,-0.0,3.9445452327306425
1.182,26,sbps,-0.254041776820449,3.9445452327306425
1.182,26,prculs-d,-0.0,3.9445452327306425
1.182,26,prcus-p,0.0,3.9445452327306425
1.182,26,prcus-i,-0.0,3.9445452327306425
1.182,26,prcus-a,-0.0,3.9445452327306425
1.182,26,ifrms,0.0,3.9445452327306425
1.182,26,sspls-v,0.0,3.9445452327306425
1.182,27,mcgs,0.0,4.2947913862819735
1.182,27,pos,-0.0,4.2947913862819735
1.182,27,sbps,-0.3432140732893765,4.2947913862819735
1.182,27,prculs-d,-0.0,4.2947913862819735
1.182,27,prcus-p,0.0,4.2947913862819735
1.182,27,prcus-i,-0.0,4.2947913862819735
1.182,27,prcus-a,-0.0,4.2947913862819735
1.182,27,ifrms,-0.0,4.2947913862819735
1.182,27,sspls-v,0.0,4.2947913862819735
1.182,28,mcgs,0.0,4.173593025117473
1.182,28,pos,-0.0,4.173593025117473
1.182,28,sbps,-0.2036672704395797,4.173593025117473
1.182,28,prculs-d,-0.0,4.173593025117473
1.182,28,prcus-p,0.0,4.173593025117473
1.182,28,prcus-i,-0.0,4.173593025117473
1.182,28,prcus-a,-0.0,4.173593025117473
1.182,28,ifrms,0.0,4.173593025117473
1.182,28,sspls-v,0.0,4.173593025117473
1.182,29,mcgs,0.0,3.970678707961636
1.182,29,pos,-0.0,3.970678707961636
1.182,29,sbps,-0.0,3.970678707961636
1.182,29,prculs-d,-0.0,3.970678707961636
1.182,29,prcus-p,0.0,3.970678707961636
1.182,29,prcus-i,-0.0,3.970678707961636
1.182,29,prcus-a,-0.0,3.970678707961636
1.182,29,ifrms,0.0,3.970678707961636
1.182,29,sspls-v,0.0,3.970678707961636
1.263,0,mcgs,0.0,4.159895718129851
1.263,0,pos,-0.0,4.159895718129851
1.263,0,sbps,-0.13911733374200028,4.159895718129851
1.263,0,prculs-d,-0.0,4.159895718129851
1.263,0,prcus-p,0.0,4.159895718129851
1.263,0,prcus-i,-0.0,4.159895718129851
1.263,0,prcus-a,-0.0,4.159895718129851
1.263,0,ifrms,-0.0,4.159895718129851
1.263,0,sspls-v,-0.0,4.159895718129851
1.263,1,mcgs,0.0,4.204624741351356
1.263,1,pos,-0.0,4.204624741351356
1.263,1,sbps,-0.20116676075352322,4.204624741351356
1.263,1,prculs-d,-0.0,4.204624741351356
1.263,1,prcus-p,0.0,4.204624741351356
1.263,1,prcus-i,-0.0,4.204624741351356
1.263,1,prcus-a,-0.0,4.204624741351356
1.263,1,ifrms,-0.0,4.204624741351356
1.263,1,sspls-v,0.0,4.204624741351356
1.263,2,mcgs,0.0,4.038955694516884
1.263,2,pos,-0.0,4.038955694516884
1.263,2,sbps,-0.3276082969512666,4.038955694516884
1.263,2,prculs-d,-0.0,4.038955694516884
1.263,2,prcus-p,0.0,4.038955694516884
1.263,2,prcus-i,-0.0,4.038955694516884
1.263,2,prcus-a,-0.0,4.038955694516884
1.263,2,ifrms,0.0,4.038955694516884
1.263,2,sspls-v,-0.0,4.038955694516884
1.263,3,mcgs,0.0,3.939786044746201
1.263,3,pos,-0.0,3.939786044746201
1.263,3,sbps,-0.6566416776838587,3.939786044746201
1.263,3,prculs-d,-0.16380433774825784,3.939786044746201
1.263,3,prcus-p,-0.0,3.939786044746201
1.263,3,prcus-i,-0.0,3.939786044746201
1.263,3,prcus-a,-0.0,3.939786044746201
1.263,3,ifrms,-0.0,3.939786044746201
1.263,3,sspls-v,0.0,3.939786044746201
1.263,4,mcgs,0.0,4.150650366723496
1.263,4,pos,-0.0,4.150650366723496
1.263,4,sbps,-0.4176099300048107,4.150650366723496
1.263,4,prculs-d,-0.0,4.150650366723496
1.263,4,prcus-p,0.0,4.150650366723496
1.263,4,prcus-i,-0.0,4.150650366723496
1.263,4,prcus-a,-0.0,4.150650366723496
1.263,4,ifrms,-0.0,4.150650366723496
1.263,4,sspls-v,0.0,4.150650366723496
1.263,5,mcgs,0.0,4.174372190824731
1.263,5,pos,-0.0,4.174372190824731
1.263,5,sbps,-0.25200546206004937,4.174372190824731
1.263,5,prculs-d,-0.0,4.174372190824731
1.263,5,prcus-p,0.0,4.174372190824731
1.263,5,prcus-i,-0.0,4.174372190824731
1.263,5,prcus-a,-0.0,4.174372190824731
1.263,5,ifrms,-0.0,4.174372190824731
1.263,5,sspls-v,0.0,4.174372190824731
1.263,6,mcgs,0.0,4.0439890994466445
1.263,6,pos,-0.0,4.0439890994466445
1.263,6,sbps,-0.0,4.0439890994466445
1.263,6,prculs-d,-0.0,4.0439890994466445
1.263,6,prcus-p,0.0,4.0439890994466445
1.263,6,prcus-i,-0.0,4.0439890994466445
1.263,6,prcus-a,-0.0,4.0439890994466445
1.263,6,ifrms,-0.0,4.0439890994466445
1.263,6,sspls-v,0.0,4.0439890994466445
1.263,7,mcgs,0.0,4.2946213081420375
1.263,7,pos,-0.0,4.2946213081420375
1.263,7,sbps,-0.31786486843277206,4.2946213081420375
1.263,7,prculs-d,-0.0,4.2946213081420375
1.263,7,prcus-p,0.0,4.2946213081420375
1.263,7,prcus-i,-0.0,4.2946213081420375
1.263,7,prcus-a,-0.0,4.2946213081420375
1.263,7,ifrms,-0.0,4.2946213081420375
1.263,7,sspls-v,0.0,4.2946213081420375
1.263,8,mcgs,0.0,4.225265789804566
1.263,8,pos,-0.0,4.225265789804566
1.263,8,sbps,-0.40077893377211576,4.225265789804566
1.263,8,prculs-d,-0.0,4.225265789804566
1.263,8,prcus-p,0.0,4.225265789804566
1.263,8,prcus-i,-0.0,4.225265789804566
1.263,8,prcus-a,-0.0,4.225265789804566
1.263,8,ifrms,-0.0,4.225265789804566
1.263,8,sspls-v,0.0,4.225265789804566
1.263,9,mcgs,0.0,4.2490616333477425
1.263,9,pos,-0.0,4.2490616333477425
1.263,9,sbps,-0.26211253144640934,4.2490616333477425
1.263,9,prculs-d,-0.0,4.2490616333477425
1.263,9,prcus-p,0.0,4.2490616333477425
1.263,9,prcus-i,-0.0,4.2490616333477425
1.263,9,prcus-a,-0.0,4.2490616333477425
1.263,9,ifrms,-0.0,4.2490616333477425
1.263,9,sspls-v,0.0,4.2490616333477425
1.263,10,mcgs,0.0,4.1381356060710175
1.263,10,pos,-0.0,4.1381356060710175
1.263,10,sbps,-0.19293974485920276,4.1381356060710175
1.263,10,prculs-d,-0.0,4.1381356060710175
1.263,10,prcus-p,0.0,4.1381356060710175
1.263,10,prcus-i,-0.0,4.1381356060710175
1.263,10,prcus-a,-0.0,4.1381356060710175
1.263,10,ifrms,-0.0,4.1381356060710175
1.263,10,sspls-v,-0.0,4.1381356060710175
1.263,11,mcgs,0.0,4.247813578983829
1.263,11,pos,-0.0,4.247813578983829
1.263,11,sbps,-0.3199472685884748,4.247813578983829
1.263,11,prculs-d,-0.0,4.247813578983829
1.263,11,prcus-p,0.0,4.247813578983829
1.263,11,prcus-i,-0.0,4.247813578983829
1.263,11,prcus-a,-0.0,4.247813578983829
1.263,11,ifrms,-0.0,4.247813578983829
1.263,11,sspls-v,-0.0,4.247813578983829
1.263,12,mcgs,0.0,4.2711857982634935
1.263,12,pos,-0.0,4.2711857982634935
1.263,12,sbps,-0.3209332691779235,4.2711857982634935
1.263,12,prculs-d,-0.0,4.2711857982634935
1.263,12,prcus-p,0.0,4.2711857982634935
1.263,12,prcus-i,-0.0,4.2711857982634935
1.263,12,prcus-a,-0.0,4.2711857982634935
1.263,12,ifrms,-0.0,4.2711857982634935
1.263,12,sspls-v,0.0,4.2711857982634935
1.263,13,mcgs,0.0,4.048934160669362
1.263,13,pos,-0.0,4.048934160669362
1.263,13,sbps,-0.37637849107093846,4.048934160669362
1.263,13,prculs-d,-0.0,4.048934160669362
1.263,13,prcus-p,0.0,4.048934160669362
1.263,13,prcus-i,-0.0,4.048934160669362
1.263,13,prcus-a,0.0,4.048934160669362
1.263,13,ifrms,0.0,4.048934160669362
1.263,13,sspls-v,-0.0,4.048934160669362
1.263,14,mcgs,0.0,4.231762218902931
1.263,14,pos,-0.0,4.231762218902931
1.263,14,sbps,-0.2699326051694552,4.231762218902931
1.263,14,prculs-d,-0.0,4.231762218902931
1.263,14,prcus-p,0.0,4.231762218902931
1.263,14,prcus-i,-0.0,4.231762218902931
1.263,14,prcus-a,-0.0,4.231762218902931
1.263,14,ifrms,-0.0,4.231762218902931
1.263,14,sspls-v,0.0,4.231762218902931
1.263,15,mcgs,0.0,4.192965960026909
1.263,15,pos,-0.0,4.192965960026909
1.263,15,sbps,-0.34702925378966915,4.192965960026909
1.263,15,prculs-d,-0.0,4.192965960026909
1.263,15,prcus-p,0.0,4.192965960026909
1.263,15,prcus-i,-0.0,4.192965960026909
1.263,15,prcus-a,-0.0,4.192965960026909
1.263,15,ifrms,-0.0,4.192965960026909
1.263,15,sspls-v,0.0,4.192965960026909
1.263,16,mcgs,0.0,4.29255929681024
1.263,16,pos,-0.0,4.29255929681024
1.263,16,sbps,-0.267833771687996,4.29255929681024
1.263,16,prculs-d,-0.0,4.29255929681024
1.263,16,prcus-p,0.0,4.29255929681024
1.263,16,prcus-i,-0.0,4.29255929681024
1.263,16,prcus-a,-0.0,4.29255929681024
1.263,16,ifrms,-0.0,4.29255929681024
1.263,16,sspls-v,0.0,4.29255929681024
1.263,17,mcgs,0.0,3.9418870101903765
1.263,17,pos,-0.04226517361625634,3.9418870101903765
1.263,17,sbps,-0.0,3.9418870101903765
1.263,17,prculs-d,-0.0,3.9418870101903765
1.263,17,prcus-p,0.0,3.9418870101903765
1.263,17,prcus-i,-0.0,3.9418870101903765
1.263,17,prcus-a,-0.0,3.9418870101903765
1.263,17,ifrms,-0.0,3.9418870101903765
1.263,17,sspls-v,0.0,3.9418870101903765
1.263,18,mcgs,0.0,4.294616034001492
1.263,18,pos,-0.0,4.294616034001492
1.263,18,sbps,-0.2665039544149574,4.294616034001492
1.263,18,prculs-d,-0.0,4.294616034001492
1.263,18,prcus-p,0.0,4.294616034001492
1.263,18,prcus-i,-0.0,4.294616034001492
1.263,18,prcus-a,-0.0,4.294616034001492
1.263,18,ifrms,-0.0,4.294616034001492
1.263,18,sspls-v,0.0,4.294616034001492
1.263,19,mcgs,0.0,4.1043816233009345
1.263,19,pos,-0.0,4.1043816233009345
1.263,19,sbps,-0.12451559097153563,4.1043816233009345
1.263,19,prculs-d,-0.0,4.1043816233009345
1.263,19,prcus-p,0.0,4.1043816233009345
1.263,19,prcus-i,-0.0,4.1043816233009345
1.263,19,prcus-a,-0.0,4.1043816233009345
1.263,19,ifrms,-0.0,4.1043816233009345
1.263,19,sspls-v,0.0,4.1043816233009345
1.263,20,mcgs,0.0,4.126832280516239
1.263,20,pos,-0.0,4.126832280516239
1.263,20,sbps,-0.28828592268196007,4.126832280516239
1.263,20,prculs-d,-0.0,4.126832280516239
1.263,20,prcus-p,0.0,4.126832280516239
1.263,20,prcus-i,-0.0,4.126832280516239
1.263,20,prcus-a,-0.0,4.126832280516239
1.263,20,ifrms,-0.0,4.126832280516239
1.263,20,sspls-v,-0.0,4.126832280516239
1.263,21,mcgs,0.0,4.09440903862516
1.263,21,pos,-0.0,4.09440903862516
1.263,21,sbps,-0.233235420815888,4.09440903862516
1.263,21,prculs-d,-0.0,4.09440903862516
1.263,21,prcus-p,0.0,4.09440903862516
1.263,21,prcus-i,-0.0,4.09440903862516
1.263,21,prcus-a,-0.0,4.09440903862516
1.263,21,ifrms,-0.0,4.09440903862516
1.263,21,sspls-v,-0.0,4.09440903862516
1.263,22,mcgs,0.0,4.25860643308319
1.263,22,pos,-0.0,4.25860643308319
1.263,22,sbps,-0.2523635469435068,4.25860643308319
1.263,22,prculs-d,-0.0,4.25860643308319
1.263,22,prcus-p,0.0,4.25860643308319
1.263,22,prcus-i,-0.0,4.25860643308319
1.263,22,prcus-a,-0.0,4.25860643308319
1.263,22,ifrms,-0.0,4.25860643308319
1.263,22,sspls-v,0.0,4.25860643308319
1.263,23,mcgs,0.0,4.291885960943716
1.263,23,pos,-0.0,4.291885960943716
1.263,23,sbps,-0.27181256247963076,4.291885960943716
1.263,23,prculs-d,-0.0,4.291885960943716
1.263,23,prcus-p,0.0,4.291885960943716
1.263,23,prcus-i,-0.0,4.291885960943716
1.263,23,prcus-a,-0.0,4.291885960943716
1.263,23,ifrms,-0.0,4.291885960943716
1.263,23,sspls-v,0.0,4.291885960943716
1.263,24,mcgs,0.0,4.173546879983478
1.263,24,pos,-0.0,4.173546879983478
1.263,24,sbps,-0.30109545943841476,4.173546879983478
1.263,24,prculs-d,-0.0,4.173546879983478
1.263,24,prcus-p,0.0,4.173546879983478
1.263,24,prcus-i,-0.0,4.173546879983478
1.263,24,prcus-a,-0.0,4.173546879983478
1.263,24,ifrms,-0.0,4.173546879983478
1.263,24,sspls-v,0.0,4.173546879983478
1.263,25,mcgs,0.0,4.174501240942279
1.263,25,pos,-0.0,4.174501240942279
1.263,25,sbps,-0.27914251926451766,4.174501240942279
1.263,25,prculs-d,-0.0,4.174501240942279
1.263,25,prcus-p,0.0,4.174501240942279
1.263,25,prcus-i,-0.0,4.174501240942279
1.263,25,prcus-a,-0.0,4.174501240942279
1.263,25,ifrms,-0.0,4.174501240942279
1.263,25,sspls-v,0.0,4.174501240942279
1.263,26,mcgs,0.0,3.9484311596306374
1.263,26,pos,-0.0,3.9484311596306374
1.263,26,sbps,-0.17304177682044905,3.9484311596306374
1.263,26,prculs-d,-0.0,3.9484311596306374
1.263,26,prcus-p,0.0,3.9484311596306374
1.263,26,prcus-i,-0.0,3.9484311596306374
1.263,26,prcus-a,-0.0,3.9484311596306374
1.263,26,ifrms,0.0,3.9484311596306374
1.263,26,sspls-v,-0.0,3.9484311596306374
1.263,27,mcgs,0.0,4.2753071455543115
1.263,27,pos,-0.0,4.2753071455543115
1.263,27,sbps,-0.2622140732893766,4.2753071455543115
1.263,27,prculs-d,-0.0,4.2753071455543115
1.263,27,prcus-p,0.0,4.2753071455543115
1.263,27,prcus-i,-0.0,4.2753071455543115
1.263,27,prcus-a,-0.0,4.2753071455543115
1.263,27,ifrms,-0.0,4.2753071455543115
1.263,27,sspls-v,0.0,4.2753071455543115
1.263,28,mcgs,0.0,4.153830879780625
1.263,28,pos,-0.0,4.153830879780625
1.263,28,sbps,-0.12266727043957983,4.153830879780625
1.263,28,prculs-d,-0.0,4.153830879780625
1.263,28,prcus-p,0.0,4.153830879780625
1.263,28,prcus-i,-0.0,4.153830879780625
1.263,28,prcus-a,-0.0,4.153830879780625
1.263,28,ifrms,0.0,4.153830879780625
1.263,28,sspls-v,0.0,4.153830879780625
1.263,29,mcgs,0.0,3.9545763244566974
1.263,29,pos,-0.0,3.9545763244566974
1.263,29,sbps,-0.0,3.9545763244566974
1.263,29,prculs-d,-0.0,3.9545763244566974
1.263,29,prcus-p,0.0,3.9545763244566974
1.263,29,prcus-i,-0.0,3.9545763244566974
1.263,29,prcus-a,-0.0,3.9545763244566974
1.263,29,ifrms,0.0,3.9545763244566974
1.263,29,sspls-v,0.0,3.9545763244566974
1.35,0,mcgs,0.0,4.133292220948184
1.35,0,pos,-0.0,4.133292220948184
1.35,0,sbps,-0.05211733374199988,4.133292220948184
1.35,0,prculs-d,-0.0,4.133292220948184
1.35,0,prcus-p,0.0,4.133292220948184
1.35,0,prcus-i,-0.0,4.133292220948184
1.35,0,prcus-a,-0.0,4.133292220948184
1.35,0,ifrms,-0.0,4.133292220948184
1.35,0,sspls-v,-0.0,4.133292220948184
1.35,1,mcgs,0.0,4.182779914048082
1.35,1,pos,-0.0,4.182779914048082
1.35,1,sbps,-0.11416676075352289,4.182779914048082
1.35,1,prculs-d,-0.0,4.182779914048082
1.35,1,prcus-p,0.0,4.182779914048082
1.35,1,prcus-i,-0.0,4.182779914048082
1.35,1,prcus-a,-0.0,4.182779914048082
1.35,1,ifrms,-0.0,4.182779914048082
1.35,1,sspls-v,0.0,4.182779914048082
1.35,2,mcgs,0.0,4.03331494892383
1.35,2,pos,-0.0,4.03331494892383
1.35,2,sbps,-0.24060829695126623,4.03331494892383
1.35,2,prculs-d,-0.0,4.03331494892383
1.35,2,prcus-p,0.0,4.03331494892383
1.35,2,prcus-i,-0.0,4.03331494892383
1.35,2,prcus-a,-0.0,4.03331494892383
1.35,2,ifrms,0.0,4.03331494892383
1.35,2,sspls-v,-0.0,4.03331494892383
1.35,3,mcgs,0.0,3.9419210589912073
1.35,3,pos,-0.0,3.9419210589912073
1.35,3,sbps,-0.5645584236139951,3.9419210589912073
1.35,3,prculs-d,-0.07172103907744493,3.9419210589912073
1.35,3,prcus-p,-0.0,3.9419210589912073
1.35,3,prcus-i,-0.0,3.9419210589912073
1.35,3,prcus-a,-0.0,3.9419210589912073
1.35,3,ifrms,-0.0,3.9419210589912073
1.35,3,sspls-v,0.0,3.9419210589912073
1.35,4,mcgs,0.0,4.148151176105511
1.35,4,pos,-0.0,4.148151176105511
1.35,4,sbps,-0.3306099300048104,4.148151176105511
1.35,4,prculs-d,-0.0,4.148151176105511
1.35,4,prcus-p,0.0,4.148151176105511
1.35,4,prcus-i,-0.0,4.148151176105511
1.35,4,prcus-a,-0.0,4.148151176105511
1.35,4,ifrms,-0.0,4.148151176105511
1.35,4,sspls-v,0.0,4.148151176105511
1.35,5,mcgs,0.0,4.151440839875273
1.35,5,pos,-0.0,4.151440839875273
1.35,5,sbps,-0.16500546206004907,4.151440839875273
1.35,5,prculs-d,-0.0,4.151440839875273
1.35,5,prcus-p,0.0,4.151440839875273
1.35,5,prcus-i,-0.0,4.151440839875273
1.35,5,prcus-a,-0.0,4.151440839875273
1.35,5,ifrms,-0.0,4.151440839875273
1.35,5,sspls-v,0.0,4.151440839875273
1.35,6,mcgs,0.0,4.018737843623908
1.35,6,pos,-0.0,4.018737843623908
1.35,6,sbps,-0.0,4.018737843623908
1.35,6,prculs-d,-0.0,4.018737843623908
1.35,6,prcus-p,0.0,4.018737843623908
1.35,6,prcus-i,-0.0,4.018737843623908
1.35,6,prcus-a,-0.0,4.018737843623908
1.35,6,ifrms,-0.0,4.018737843623908
1.35,6,sspls-v,0.0,4.018737843623908
1.35,7,mcgs,0.0,4.2823232801384625
1.35,7,pos,-0.0,4.2823232801384625
1.35,7,sbps,-0.23086486843277174,4.2823232801384625
1.35,7,prculs-d,-0.0,4.2823232801384625
1.35,7,prcus-p,0.0,4.2823232801384625
1.35,7,prcus-i,-0.0,4.2823232801384625
1.35,7,prcus-a,-0.0,4.2823232801384625
1.35,7,ifrms,-0.0,4.2823232801384625
1.35,7,sspls-v,0.0,4.2823232801384625
1.35,8,mcgs,0.0,4.215974837354502
1.35,8,pos,-0.0,4.215974837354502
1.35,8,sbps,-0.31377893377211535,4.215974837354502
1.35,8,prculs-d,-0.0,4.215974837354502
1.35,8,prcus-p,0.0,4.215974837354502
1.35,8,prcus-i,-0.0,4.215974837354502
1.35,8,prcus-a,-0.0,4.215974837354502
1.35,8,ifrms,-0.0,4.215974837354502
1.35,8,sspls-v,-0.0,4.215974837354502
1.35,9,mcgs,0.0,4.237969362844303
1.35,9,pos,-0.0,4.237969362844303
1.35,9,sbps,-0.17511253144640898,4.237969362844303
1.35,9,prculs-d,-0.0,4.237969362844303
1.35,9,prcus-p,0.0,4.237969362844303
1.35,9,prcus-i,-0.0,4.237969362844303
1.35,9,prcus-a,-0.0,4.237969362844303
1.35,9,ifrms,-0.0,4.237969362844303
1.35,9,sspls-v,0.0,4.237969362844303
1.35,10,mcgs,0.0,4.116298634220217
1.35,10,pos,-0.0,4.116298634220217
1.35,10,sbps,-0.10593974485920239,4.116298634220217
1.35,10,prculs-d,-0.0,4.116298634220217
1.35,10,prcus-p,0.0,4.116298634220217
1.35,10,prcus-i,-0.0,4.116298634220217
1.35,10,prcus-a,-0.0,4.116298634220217
1.35,10,ifrms,-0.0,4.116298634220217
1.35,10,sspls-v,-0.0,4.116298634220217
1.35,11,mcgs,0.0,4.23739862307948
1.35,11,pos,-0.0,4.23739862307948
1.35,11,sbps,-0.23294726858847445,4.23739862307948
1.35,11,prculs-d,-0.0,4.23739862307948
1.35,11,prcus-p,0.0,4.23739862307948
1.35,11,prcus-i,-0.0,4.23739862307948
1.35,11,prcus-a,-0.0,4.23739862307948
1.35,11,ifrms,-0.0,4.23739862307948
1.35,11,sspls-v,-0.0,4.23739862307948
1.35,12,mcgs,0.0,4.264996827300629
1.35,12,pos,-0.0,4.264996827300629
1.35,12,sbps,-0.2339332691779231,4.264996827300629
1.35,12,prculs-d,-0.0,4.264996827300629
1.35,12,prcus-p,0.0,4.264996827300629
1.35,12,prcus-i,-0.0,4.264996827300629
1.35,12,prcus-a,-0.0,4.264996827300629
1.35,12,ifrms,-0.0,4.264996827300629
1.35,12,sspls-v,0.0,4.264996827300629
1.35,13,mcgs,0.0,4.036782852338083
1.35,13,pos,-0.0,4.036782852338083
1.35,13,sbps,-0.2893784910709381,4.036782852338083
1.35,13,prculs-d,-0.0,4.036782852338083
1.35,13,prcus-p,0.0,4.036782852338083
1.35,13,prcus-i,-0.0,4.036782852338083
1.35,13,prcus-a,0.0,4.036782852338083
1.35,13,ifrms,0.0,4.036782852338083
1.35,13,sspls-v,-0.0,4.036782852338083
1.35,14,mcgs,0.0,4.215553898929472
1.35,14,pos,-0.0,4.215553898929472
1.35,14,sbps,-0.18293260516945484,4.215553898929472
1.35,14,prculs-d,-0.0,4.215553898929472
1.35,14,prcus-p,0.0,4.215553898929472
1.35,14,prcus-i,-0.0,4.215553898929472
1.35,14,prcus-a,-0.0,4.215553898929472
1.35,14,ifrms,-0.0,4.215553898929472
1.35,14,sspls-v,-0.0,4.215553898929472
1.35,15,mcgs,0.0,4.1838153759518955
1.35,15,pos,-0.0,4.1838153759518955
1.35,15,sbps,-0.2600292537896688,4.1838153759518955
1.35,15,prculs-d,-0.0,4.1838153759518955
1.35,15,prcus-p,0.0,4.1838153759518955
1.35,15,prcus-i,-0.0,4.1838153759518955
1.35,15,prcus-a,-0.0,4.1838153759518955
1.35,15,ifrms,-0.0,4.1838153759518955
1.35,15,sspls-v,-0.0,4.1838153759518955
1.35,16,mcgs,0.0,4.278642514806753
1.35,16,pos,-0.0,4.278642514806753
1.35,16,sbps,-0.1808337716879956,4.278642514806753
1.35,16,prculs-d,-0.0,4.278642514806753
1.35,16,prcus-p,0.0,4.278642514806753
1.35,16,prcus-i,-0.0,4.278642514806753
1.35,16,prcus-a,-0.0,4.278642514806753
1.35,16,ifrms,-0.0,4.278642514806753
1.35,16,sspls-v,0.0,4.278642514806753
1.35,17,mcgs,0.0,3.9043693014569714
1.35,17,pos,-0.0,3.9043693014569714
1.35,17,sbps,-0.0,3.9043693014569714
1.35,17,prculs-d,-0.0,3.9043693014569714
1.35,17,prcus-p,0.0,3.9043693014569714
1.35,17,prcus-i,-0.0,3.9043693014569714
1.35,17,prcus-a,-0.0,3.9043693014569714
1.35,17,ifrms,-0.0,3.9043693014569714
1.35,17,sspls-v,0.0,3.9043693014569714
1.35,18,mcgs,0.0,4.280815469196511
1.35,18,pos,-0.0,4.280815469196511
1.35,18,sbps,-0.179503954414957,4.280815469196511
1.35,18,prculs-d,-0.0,4.280815469196511
1.35,18,prcus-p,0.0,4.280815469196511
1.35,18,prcus-i,-0.0,4.280815469196511
1.35,18,prcus-a,-0.0,4.280815469196511
1.35,18,ifrms,-0.0,4.280815469196511
1.35,18,sspls-v,0.0,4.280815469196511
1.35,19,mcgs,0.0,4.0927530626783
1.35,19,pos,-0.0,4.0927530626783
1.35,19,sbps,-0.037515590971535256,4.0927530626783
1.35,19,prculs-d,-0.0,4.0927530626783
1.35,19,prcus-p,0.0,4.0927530626783
1.35,19,prcus-i,-0.0,4.0927530626783
1.35,19,prcus-a,-0.0,4.0927530626783
1.35,19,ifrms,-0.0,4.0927530626783
1.35,19,sspls-v,0.0,4.0927530626783
1.35,20,mcgs,0.0,4.104382201382353
1.35,20,pos,-0.0,4.104382201382353
1.35,20,sbps,-0.20128592268195972,4.104382201382353
1.35,20,prculs-d,-0.0,4.104382201382353
1.35,20,prcus-p,0.0,4.104382201382353
1.35,20,prcus-i,-0.0,4.104382201382353
1.35,20,prcus-a,-0.0,4.104382201382353
1.35,20,ifrms,-0.0,4.104382201382353
1.35,20,sspls-v,-0.0,4.104382201382353
1.35,21,mcgs,0.0,4.089810426405182
1.35,21,pos,-0.0,4.089810426405182
1.35,21,sbps,-0.14623542081588764,4.089810426405182
1.35,21,prculs-d,-0.0,4.089810426405182
1.35,21,prcus-p,0.0,4.089810426405182
1.35,21,prcus-i,-0.0,4.089810426405182
1.35,21,prcus-a,-0.0,4.089810426405182
1.35,21,ifrms,-0.0,4.089810426405182
1.35,21,sspls-v,-0.0,4.089810426405182
1.35,22,mcgs,0.0,4.245982907550081
1.35,22,pos,-0.0,4.245982907550081
1.35,22,sbps,-0.16536354694350625,4.245982907550081
1.35,22,prculs-d,-0.0,4.245982907550081
1.35,22,prcus-p,0.0,4.245982907550081
1.35,22,prcus-i,-0.0,4.245982907550081
1.35,22,prcus-a,-0.0,4.245982907550081
1.35,22,ifrms,-0.0,4.245982907550081
1.35,22,sspls-v,0.0,4.245982907550081
1.35,23,mcgs,0.0,4.281129482067122
1.35,23,pos,-0.0,4.281129482067122
1.35,23,sbps,-0.18481256247963038,4.281129482067122
1.35,23,prculs-d,-0.0,4.281129482067122
1.35,23,prcus-p,0.0,4.281129482067122
1.35,23,prcus-i,-0.0,4.281129482067122
1.35,23,prcus-a,-0.0,4.281129482067122
1.35,23,ifrms,-0.0,4.281129482067122
1.35,23,sspls-v,0.0,4.281129482067122
1.35,24,mcgs,0.0,4.166149608423944
1.35,24,pos,-0.0,4.166149608423944
1.35,24,sbps,-0.21409545943841443,4.166149608423944
1.35,24,prculs-d,-0.0,4.166149608423944
1.35,24,prcus-p,0.0,4.166149608423944
1.35,24,prcus-i,-0.0,4.166149608423944
1.35,24,prcus-a,-0.0,4.166149608423944
1.35,24,ifrms,-0.0,4.166149608423944
1.35,24,sspls-v,0.0,4.166149608423944
1.35,25,mcgs,0.0,4.15676603558869
1.35,25,pos,-0.0,4.15676603558869
1.35,25,sbps,-0.19214251926451736,4.15676603558869
1.35,25,prculs-d,-0.0,4.15676603558869
1.35,25,prcus-p,0.0,4.15676603558869
1.35,25,prcus-i,-0.0,4.15676603558869
1.35,25,prcus-a,-0.0,4.15676603558869
1.35,25,ifrms,-0.0,4.15676603558869
1.35,25,sspls-v,0.0,4.15676603558869
1.35,26,mcgs,0.0,3.95087653514588
1.35,26,pos,-0.0,3.95087653514588
1.35,26,sbps,-0.08604177682044867,3.95087653514588
1.35,26,prculs-d,-0.0,3.95087653514588
1.35,26,prcus-p,0.0,3.95087653514588
1.35,26,prcus-i,-0.0,3.95087653514588
1.35,26,prcus-a,-0.0,3.95087653514588
1.35,26,ifrms,0.0,3.95087653514588
1.35,26,sspls-v,-0.0,3.95087653514588
1.35,27,mcgs,0.0,4.259360306980468
1.35,27,pos,-0.0,4.259360306980468
1.35,27,sbps,-0.17521407328937624,4.259360306980468
1.35,27,prculs-d,-0.0,4.259360306980468
1.35,27,prcus-p,0.0,4.259360306980468
1.35,27,prcus-i,-0.0,4.259360306980468
1.35,27,prcus-a,-0.0,4.259360306980468
1.35,27,ifrms,-0.0,4.259360306980468
1.35,27,sspls-v,-0.0,4.259360306980468
1.35,28,mcgs,0.0,4.130269805231771
1.35,28,pos,-0.0,4.130269805231771
1.35,28,sbps,-0.0356672704395795,4.130269805231771
1.35,28,prculs-d,-0.0,4.130269805231771
1.35,28,prcus-p,0.0,4.130269805231771
1.35,28,prcus-i,-0.0,4.130269805231771
1.35,28,prcus-a,-0.0,4.130269805231771
1.35,28,ifrms,0.0,4.130269805231771
1.35,28,sspls-v,0.0,4.130269805231771
1.35,29,mcgs,0.0,3.947595164333823
1.35,29,pos,-0.0,3.947595164333823
1.35,29,sbps,-0.0,3.947595164333823
1.35,29,prculs-d,-0.0,3.947595164333823
1.35,29,prcus-p,0.0,3.947595164333823
1.35,29,prcus-i,-0.0,3.947595164333823
1.35,29,prcus-a,-0.0,3.947595164333823
1.35,29,ifrms,0.0,3.947595164333823
1.35,29,sspls-v,0.0,3.947595164333823
1.444,0,mcgs,0.0,4.1028426072829065
1.444,0,pos,-0.0,4.1028426072829065
1.444,0,sbps,-0.0,4.1028426072829065
1.444,0,prculs-d,-0.0,4.1028426072829065
1.444,0,prcus-p,0.0,4.1028426072829065
1.444,0,prcus-i,-0.0,4.1028426072829065
1.444,0,prcus-a,-0.0,4.1028426072829065
1.444,0,ifrms,-0.0,4.1028426072829065
1.444,0,sspls-v,-0.0,4.1028426072829065
1.444,1,mcgs,0.0,4.153911167756279
1.444,1,pos,-0.0,4.153911167756279
1.444,1,sbps,-0.02016676075352318,4.153911167756279
1.444,1,prculs-d,-0.0,4.153911167756279
1.444,1,prcus-p,0.0,4.153911167756279
1.444,1,prcus-i,-0.0,4.153911167756279
1.444,1,prcus-a,-0.0,4.153911167756279
1.444,1,ifrms,-0.0,4.153911167756279
1.444,1,sspls-v,0.0,4.153911167756279
1.444,2,mcgs,0.0,4.026002567298883
1.444,2,pos,-0.0,4.026002567298883
1.444,2,sbps,-0.14660829695126654,4.026002567298883
1.444,2,prculs-d,-0.0,4.026002567298883
1.444,2,prcus-p,0.0,4.026002567298883
1.444,2,prcus-i,-0.0,4.026002567298883
1.444,2,prcus-a,-0.0,4.026002567298883
1.444,2,ifrms,0.0,4.026002567298883
1.444,2,sspls-v,-0.0,4.026002567298883
1.444,3,mcgs,0.0,3.9315324772104443
1.444,3,pos,-0.0,3.9315324772104443
1.444,3,sbps,-0.46659922287892397,3.9315324772104443
1.444,3,prculs-d,-0.0,3.9315324772104443
1.444,3,prcus-p,-0.0,3.9315324772104443
1.444,3,prcus-i,-0.0,3.9315324772104443
1.444,3,prcus-a,-0.0,3.9315324772104443
1.444,3,ifrms,-0.0,3.9315324772104443
1.444,3,sspls-v,0.0,3.9315324772104443
1.444,4,mcgs,0.0,4.143628792485825
1.444,4,pos,-0.0,4.143628792485825
1.444,4,sbps,-0.23660993000481073,4.143628792485825
1.444,4,prculs-d,-0.0,4.143628792485825
1.444,4,prcus-p,0.0,4.143628792485825
1.444,4,prcus-i,-0.0,4.143628792485825
1.444,4,prcus-a,-0.0,4.143628792485825
1.444,4,ifrms,-0.0,4.143628792485825
1.444,4,sspls-v,-0.0,4.143628792485825
1.444,5,mcgs,0.0,4.14404045753549
1.444,5,pos,-0.0,4.14404045753549
1.444,5,sbps,-0.07100546206004942,4.14404045753549
1.444,5,prculs-d,-0.0,4.14404045753549
1.444,5,prcus-p,0.0,4.14404045753549
1.444,5,prcus-i,-0.0,4.14404045753549
1.444,5,prcus-a,-0.0,4.14404045753549
1.444,5,ifrms,-0.0,4.14404045753549
1.444,5,sspls-v,0.0,4.14404045753549
1.444,6,mcgs,0.0,4.0057269588159325
1.444,6,pos,-0.0,4.0057269588159325
1.444,6,sbps,-0.0,4.0057269588159325
1.444,6,prculs-d,-0.0,4.0057269588159325
1.444,6,prcus-p,0.0,4.0057269588159325
1.444,6,prcus-i,-0.0,4.0057269588159325
1.444,6,prcus-a,-0.0,4.0057269588159325
1.444,6,ifrms,-0.0,4.0057269588159325
1.444,6,sspls-v,0.0,4.0057269588159325
1.444,7,mcgs,0.0,4.276471657355126
1.444,7,pos,-0.0,4.276471657355126
1.444,7,sbps,-0.13686486843277204,4.276471657355126
1.444,7,prculs-d,-0.0,4.276471657355126
1.444,7,prcus-p,0.0,4.276471657355126
1.444,7,prcus-i,-0.0,4.276471657355126
1.444,7,prcus-a,-0.0,4.276471657355126
1.444,7,ifrms,-0.0,4.276471657355126
1.444,7,sspls-v,-0.0,4.276471657355126
1.444,8,mcgs,0.0,4.206311388339544
1.444,8,pos,-0.0,4.206311388339544
1.444,8,sbps,-0.2197789337721156,4.206311388339544
1.444,8,prculs-d,-0.0,4.206311388339544
1.444,8,prcus-p,0.0,4.206311388339544
1.444,8,prcus-i,-0.0,4.206311388339544
1.444,8,prcus-a,-0.0,4.206311388339544
1.444,8,ifrms,-0.0,4.206311388339544
1.444,8,sspls-v,-0.0,4.206311388339544
1.444,9,mcgs,0.0,4.227047542944187
1.444,9,pos,-0.0,4.227047542944187
1.444,9,sbps,-0.08111253144640929,4.227047542944187
1.444,9,prculs-d,-0.0,4.227047542944187
1.444,9,prcus-p,0.0,4.227047542944187
1.444,9,prcus-i,-0.0,4.227047542944187
1.444,9,prcus-a,-0.0,4.227047542944187
1.444,9,ifrms,-0.0,4.227047542944187
1.444,9,sspls-v,-0.0,4.227047542944187
1.444,10,mcgs,0.0,4.08974650855239
1.444,10,pos,-0.0,4.08974650855239
1.444,10,sbps,-0.011939744859202654,4.08974650855239
1.444,10,prculs-d,-0.0,4.08974650855239
1.444,10,prcus-p,0.0,4.08974650855239
1.444,10,prcus-i,-0.0,4.08974650855239
1.444,10,prcus-a,-0.0,4.08974650855239
1.444,10,ifrms,-0.0,4.08974650855239
1.444,10,sspls-v,-0.0,4.08974650855239
1.444,11,mcgs,0.0,4.232288577904452
1.444,11,pos,-0.0,4.232288577904452
1.444,11,sbps,-0.13894726858847475,4.232288577904452
1.444,11,prculs-d,-0.0,4.232288577904452
1.444,11,prcus-p,0.0,4.232288577904452
1.444,11,prcus-i,-0.0,4.232288577904452
1.444,11,prcus-a,-0.0,4.232288577904452
1.444,11,ifrms,-0.0,4.232288577904452
1.444,11,sspls-v,-0.0,4.232288577904452
1.444,12,mcgs,0.0,4.263477806039845
1.444,12,pos,-0.0,4.263477806039845
1.444,12,sbps,-0.13993326917792337,4.263477806039845
1.444,12,prculs-d,-0.0,4.263477806039845
1.444,12,prcus-p,0.0,4.263477806039845
1.444,12,prcus-i,-0.0,4.263477806039845
1.444,12,prcus-a,-0.0,4.263477806039845
1.444,12,ifrms,-0.0,4.263477806039845
1.444,12,sspls-v,-0.0,4.263477806039845
1.444,13,mcgs,0.0,4.028105243692989
1.444,13,pos,-0.0,4.028105243692989
1.444,13,sbps,-0.1953784910709384,4.028105243692989
1.444,13,prculs-d,-0.0,4.028105243692989
1.444,13,prcus-p,0.0,4.028105243692989
1.444,13,prcus-i,-0.0,4.028105243692989
1.444,13,prcus-a,0.0,4.028105243692989
1.444,13,ifrms,0.0,4.028105243692989
1.444,13,sspls-v,-0.0,4.028105243692989
1.444,14,mcgs,0.0,4.201324012067617
1.444,14,pos,-0.0,4.201324012067617
1.444,14,sbps,-0.08893260516945511,4.201324012067617
1.444,14,prculs-d,-0.0,4.201324012067617
1.444,14,prcus-p,0.0,4.201324012067617
1.444,14,prcus-i,-0.0,4.201324012067617
1.444,14,prcus-a,-0.0,4.201324012067617
1.444,14,ifrms,-0.0,4.201324012067617
1.444,14,sspls-v,-0.0,4.201324012067617
1.444,15,mcgs,0.0,4.1748795987072205
1.444,15,pos,-0.0,4.1748795987072205
1.444,15,sbps,-0.16602925378966907,4.1748795987072205
1.444,15,prculs-d,-0.0,4.1748795987072205
1.444,15,prcus-p,0.0,4.1748795987072205
1.444,15,prcus-i,-0.0,4.1748795987072205
1.444,15,prcus-a,-0.0,4.1748795987072205
1.444,15,ifrms,-0.0,4.1748795987072205
1.444,15,sspls-v,-0.0,4.1748795987072205
1.444,16,mcgs,0.0,4.266697368989617
1.444,16,pos,-0.0,4.266697368989617
1.444,16,sbps,-0.08683377168799583,4.266697368989617
1.444,16,prculs-d,-0.0,4.266697368989617
1.444,16,prcus-p,0.0,4.266697368989617
1.444,16,prcus-i,-0.0,4.266697368989617
1.444,16,prcus-a,-0.0,4.266697368989617
1.444,16,ifrms,-0.0,4.266697368989617
1.444,16,sspls-v,-0.0,4.266697368989617
1.444,17,mcgs,0.0,3.8764461268656683
1.444,17,pos,-0.0,3.8764461268656683
1.444,17,sbps,-0.0,3.8764461268656683
1.444,17,prculs-d,-0.0,3.8764461268656683
1.444,17,prcus-p,0.0,3.8764461268656683
1.444,17,prcus-i,-0.0,3.8764461268656683
1.444,17,prcus-a,-0.0,3.8764461268656683
1.444,17,ifrms,-0.0,3.8764461268656683
1.444,17,sspls-v,0.0,3.8764461268656683
1.444,18,mcgs,0.0,4.264736648005414
1.444,18,pos,-0.0,4.264736648005414
1.444,18,sbps,-0.08550395441495731,4.264736648005414
1.444,18,prculs-d,-0.0,4.264736648005414
1.444,18,prcus-p,0.0,4.264736648005414
1.444,18,prcus-i,-0.0,4.264736648005414
1.444,18,prcus-a,-0.0,4.264736648005414
1.444,18,ifrms,-0.0,4.264736648005414
1.444,18,sspls-v,-0.0,4.264736648005414
1.444,19,mcgs,0.0,4.073332315468354
1.444,19,pos,-0.0,4.073332315468354
1.444,19,sbps,-0.0,4.073332315468354
1.444,19,prculs-d,-0.0,4.073332315468354
1.444,19,prcus-p,0.0,4.073332315468354
1.444,19,prcus-i,-0.0,4.073332315468354
1.444,19,prcus-a,-0.0,4.073332315468354
1.444,19,ifrms,-0.0,4.073332315468354
1.444,19,sspls-v,-0.0,4.073332315468354
1.444,20,mcgs,0.0,4.08134653661545
1.444,20,pos,-0.0,4.08134653661545
1.444,20,sbps,-0.10728592268196,4.08134653661545
1.444,20,prculs-d,-0.0,4.08134653661545
1.444,20,prcus-p,0.0,4.08134653661545
1.444,20,prcus-i,-0.0,4.08134653661545
1.444,20,prcus-a,-0.0,4.08134653661545
1.444,20,ifrms,-0.0,4.08134653661545
1.444,20,sspls-v,-0.0,4.08134653661545
1.444,21,mcgs,0.0,4.0872254357295095
1.444,21,pos,-0.0,4.0872254357295095
1.444,21,sbps,-0.052235420815887945,4.0872254357295095
1.444,21,prculs-d,-0.0,4.0872254357295095
1.444,21,prcus-p,0.0,4.0872254357295095
1.444,21,prcus-i,-0.0,4.0872254357295095
1.444,21,prcus-a,-0.0,4.0872254357295095
1.444,21,ifrms,-0.0,4.0872254357295095
1.444,21,sspls-v,-0.0,4.0872254357295095
1.444,22,mcgs,0.0,4.230040057176237
1.444,22,pos,-0.0,4.230040057176237
1.444,22,sbps,-0.07136354694350677,4.230040057176237
1.444,22,prculs-d,-0.0,4.230040057176237
1.444,22,prcus-p,0.0,4.230040057176237
1.444,22,prcus-i,-0.0,4.230040057176237
1.444,22,prcus-a,-0.0,4.230040057176237
1.444,22,ifrms,-0.0,4.230040057176237
1.444,22,sspls-v,-0.0,4.230040057176237
1.444,23,mcgs,0.0,4.2686882666251735
1.444,23,pos,-0.0,4.2686882666251735
1.444,23,sbps,-0.09081256247963067,4.2686882666251735
1.444,23,prculs-d,-0.0,4.2686882666251735
1.444,23,prcus-p,0.0,4.2686882666251735
1.444,23,prcus-i,-0.0,4.2686882666251735
1.444,23,prcus-a,-0.0,4.2686882666251735
1.444,23,ifrms,-0.0,4.2686882666251735
1.444,23,sspls-v,-0.0,4.2686882666251735
1.444,24,mcgs,0.0,4.158953356465888
1.444,24,pos,-0.0,4.158953356465888
1.444,24,sbps,-0.1200954594384147,4.158953356465888
1.444,24,prculs-d,-0.0,4.158953356465888
1.444,24,prcus-p,0.0,4.158953356465888
1.444,24,prcus-i,-0.0,4.158953356465888
1.444,24,prcus-a,-0.0,4.158953356465888
1.444,24,ifrms,-0.0,4.158953356465888
1.444,24,sspls-v,0.0,4.158953356465888
1.444,25,mcgs,0.0,4.140040292883497
1.444,25,pos,-0.0,4.140040292883497
1.444,25,sbps,-0.09814251926451768,4.140040292883497
1.444,25,prculs-d,-0.0,4.140040292883497
1.444,25,prcus-p,0.0,4.140040292883497
1.444,25,prcus-i,-0.0,4.140040292883497
1.444,25,prcus-a,-0.0,4.140040292883497
1.444,25,ifrms,-0.0,4.140040292883497
1.444,25,sspls-v,0.0,4.140040292883497
1.444,26,mcgs,0.0,3.9446518274460147
1.444,26,pos,-0.0,3.9446518274460147
1.444,26,sbps,-0.0,3.9446518274460147
1.444,26,prculs-d,-0.0,3.9446518274460147
1.444,26,prcus-p,0.0,3.9446518274460147
1.444,26,prcus-i,-0.0,3.9446518274460147
1.444,26,prcus-a,-0.0,3.9446518274460147
1.444,26,ifrms,0.0,3.9446518274460147
1.444,26,sspls-v,-0.0,3.9446518274460147
1.444,27,mcgs,0.0,4.242124152921066
1.444,27,pos,-0.0,4.242124152921066
1.444,27,sbps,-0.0812140732893765,4.242124152921066
1.444,27,prculs-d,-0.0,4.242124152921066
1.444,27,prcus-p,0.0,4.242124152921066
1.444,27,prcus-i,-0.0,4.242124152921066
1.444,27,prcus-a,-0.0,4.242124152921066
1.444,27,ifrms,-0.0,4.242124152921066
1.444,27,sspls-v,-0.0,4.242124152921066
1.444,28,mcgs,0.0,4.098777320393793
1.444,28,pos,-0.0,4.098777320393793
1.444,28,sbps,-0.0,4.098777320393793
1.444,28,prculs-d,-0.0,4.098777320393793
1.444,28,prcus-p,0.0,4.098777320393793
1.444,28,prcus-i,-0.0,4.098777320393793
1.444,28,prcus-a,-0.0,4.098777320393793
1.444,28,ifrms,0.0,4.098777320393793
1.444,28,sspls-v,0.0,4.098777320393793
1.444,29,mcgs,0.0,3.944022541409239
1.444,29,pos,-0.0,3.944022541409239
1.444,29,sbps,-0.0,3.944022541409239
1.444,29,prculs-d,-0.0,3.944022541409239
1.444,29,prcus-p,0.0,3.944022541409239
1.444,29,prcus-i,-0.0,3.944022541409239
1.444,29,prcus-a,-0.0,3.944022541409239
1.444,29,ifrms,0.0,3.944022541409239
1.444,29,sspls-v,0.0,3.944022541409239
1.543,0,mcgs,0.0,4.084552720344647
1.543,0,pos,-0.0,4.084552720344647
1.543,0,sbps,-0.0,4.084552720344647
1.543,0,prculs-d,-0.0,4.084552720344647
1.543,0,prcus-p,0.0,4.084552720344647
1.543,0,prcus-i,-0.0,4.084552720344647
1.543,0,prcus-a,-0.0,4.084552720344647
1.543,0,ifrms,-0.0,4.084552720344647
1.543,0,sspls-v,-0.0,4.084552720344647
1.543,1,mcgs,0.0,4.133150965566627
1.543,1,pos,-0.0,4.133150965566627
1.543,1,sbps,-0.0,4.133150965566627
1.543,1,prculs-d,-0.0,4.133150965566627
1.543,1,prcus-p,0.0,4.133150965566627
1.543,1,prcus-i,-0.0,4.133150965566627
1.543,1,prcus-a,-0.0,4.133150965566627
1.543,1,ifrms,-0.0,4.133150965566627
1.543,1,sspls-v,0.0,4.133150965566627
1.543,2,mcgs,0.0,4.00939766758262
1.543,2,pos,-0.0,4.00939766758262
1.543,2,sbps,-0.04760829695126646,4.00939766758262
1.543,2,prculs-d,-0.0,4.00939766758262
1.543,2,prcus-p,0.0,4.00939766758262
1.543,2,prcus-i,-0.0,4.00939766758262
1.543,2,prcus-a,-0.0,4.00939766758262
1.543,2,ifrms,0.0,4.00939766758262
1.543,2,sspls-v,-0.0,4.00939766758262
1.543,3,mcgs,0.0,3.9164398484961462
1.543,3,pos,-0.0,3.9164398484961462
1.543,3,sbps,-0.3675992228789238,3.9164398484961462
1.543,3,prculs-d,-0.0,3.9164398484961462
1.543,3,prcus-p,-0.0,3.9164398484961462
1.543,3,prcus-i,-0.0,3.9164398484961462
1.543,3,prcus-a,-0.0,3.9164398484961462
1.543,3,ifrms,-0.0,3.9164398484961462
1.543,3,sspls-v,0.0,3.9164398484961462
1.543,4,mcgs,0.0,4.137401368044922
1.543,4,pos,-0.0,4.137401368044922
1.543,4,sbps,-0.13760993000481067,4.137401368044922
1.543,4,prculs-d,-0.0,4.137401368044922
1.543,4,prcus-p,0.0,4.137401368044922
1.543,4,prcus-i,-0.0,4.137401368044922
1.543,4,prcus-a,-0.0,4.137401368044922
1.543,4,ifrms,-0.0,4.137401368044922
1.543,4,sspls-v,-0.0,4.137401368044922
1.543,5,mcgs,0.0,4.130665070768129
1.543,5,pos,-0.0,4.130665070768129
1.543,5,sbps,-0.0,4.130665070768129
1.543,5,prculs-d,-0.0,4.130665070768129
1.543,5,prcus-p,0.0,4.130665070768129
1.543,5,prcus-i,-0.0,4.130665070768129
1.543,5,prcus-a,-0.0,4.130665070768129
1.543,5,ifrms,-0.0,4.130665070768129
1.543,5,sspls-v,0.0,4.130665070768129
1.543,6,mcgs,0.0,3.9992636880318657
1.543,6,pos,-0.0,3.9992636880318657
1.543,6,sbps,-0.0,3.9992636880318657
1.543,6,prculs-d,-0.0,3.9992636880318657
1.543,6,prcus-p,0.0,3.9992636880318657
1.543,6,prcus-i,-0.0,3.9992636880318657
1.543,6,prcus-a,-0.0,3.9992636880318657
1.543,6,ifrms,-0.0,3.9992636880318657
1.543,6,sspls-v,0.0,3.9992636880318657
1.543,7,mcgs,0.0,4.266096392880351
1.543,7,pos,-0.0,4.266096392880351
1.543,7,sbps,-0.03786486843277199,4.266096392880351
1.543,7,prculs-d,-0.0,4.266096392880351
1.543,7,prcus-p,0.0,4.266096392880351
1.543,7,prcus-i,-0.0,4.266096392880351
1.543,7,prcus-a,-0.0,4.266096392880351
1.543,7,ifrms,-0.0,4.266096392880351
1.543,7,sspls-v,-0.0,4.266096392880351
1.543,8,mcgs,0.0,4.198708890404308
1.543,8,pos,-0.0,4.198708890404308
1.543,8,sbps,-0.12077893377211552,4.198708890404308
1.543,8,prculs-d,-0.0,4.198708890404308
1.543,8,prcus-p,0.0,4.198708890404308
1.543,8,prcus-i,-0.0,4.198708890404308
1.543,8,prcus-a,-0.0,4.198708890404308
1.543,8,ifrms,-0.0,4.198708890404308
1.543,8,sspls-v,-0.0,4.198708890404308
1.543,9,mcgs,0.0,4.218891134120023
1.543,9,pos,-0.0,4.218891134120023
1.543,9,sbps,-0.0,4.218891134120023
1.543,9,prculs-d,-0.0,4.218891134120023
1.543,9,prcus-p,0.0,4.218891134120023
1.543,9,prcus-i,-0.0,4.218891134120023
1.543,9,prcus-a,-0.0,4.218891134120023
1.543,9,ifrms,-0.0,4.218891134120023
1.543,9,sspls-v,-0.0,4.218891134120023
1.543,10,mcgs,0.0,4.064768010281019
1.543,10,pos,-0.0,4.064768010281019
1.543,10,sbps,-0.0,4.064768010281019
1.543,10,prculs-d,-0.0,4.064768010281019
1.543,10,prcus-p,0.0,4.064768010281019
1.543,10,prcus-i,-0.0,4.064768010281019
1.543,10,prcus-a,-0.0,4.064768010281019
1.543,10,ifrms,-0.0,4.064768010281019
1.543,10,sspls-v,-0.0,4.064768010281019
1.543,11,mcgs,0.0,4.220865809209185
1.543,11,pos,-0.0,4.220865809209185
1.543,11,sbps,-0.03994726858847471,4.220865809209185
1.543,11,prculs-d,-0.0,4.220865809209185
1.543,11,prcus-p,0.0,4.220865809209185
1.543,11,prcus-i,-0.0,4.220865809209185
1.543,11,prcus-a,-0.0,4.220865809209185
1.543,11,ifrms,-0.0,4.220865809209185
1.543,11,sspls-v,-0.0,4.220865809209185
1.543,12,mcgs,0.0,4.255788215206382
1.543,12,pos,-0.0,4.255788215206382
1.543,12,sbps,-0.040933269177923275,4.255788215206382
1.543,12,prculs-d,-0.0,4.255788215206382
1.543,12,prcus-p,0.0,4.255788215206382
1.543,12,prcus-i,-0.0,4.255788215206382
1.543,12,prcus-a,-0.0,4.255788215206382
1.543,12,ifrms,-0.0,4.255788215206382
1.543,12,sspls-v,-0.0,4.255788215206382
1.543,13,mcgs,0.0,4.0172994363206485
1.543,13,pos,-0.0,4.0172994363206485
1.543,13,sbps,-0.09637849107093838,4.0172994363206485
1.543,13,prculs-d,-0.0,4.0172994363206485
1.543,13,prcus-p,0.0,4.0172994363206485
1.543,13,prcus-i,-0.0,4.0172994363206485
1.543,13,prcus-a,0.0,4.0172994363206485
1.543,13,ifrms,0.0,4.0172994363206485
1.543,13,sspls-v,-0.0,4.0172994363206485
1.543,14,mcgs,0.0,4.184725077945087
1.543,14,pos,-0.0,4.184725077945087
1.543,14,sbps,-0.0,4.184725077945087
1.543,14,prculs-d,-0.0,4.184725077945087
1.543,14,prcus-p,0.0,4.184725077945087
1.543,14,prcus-i,-0.0,4.184725077945087
1.543,14,prcus-a,-0.0,4.184725077945087
1.543,14,ifrms,-0.0,4.184725077945087
1.543,14,sspls-v,-0.0,4.184725077945087
1.543,15,mcgs,0.0,4.161001080197693
1.543,15,pos,-0.0,4.161001080197693
1.543,15,sbps,-0.06702925378966898,4.161001080197693
1.543,15,prculs-d,-0.0,4.161001080197693
1.543,15,prcus-p,0.0,4.161001080197693
1.543,15,prcus-i,-0.0,4.161001080197693
1.543,15,prcus-a,-0.0,4.161001080197693
1.543,15,ifrms,-0.0,4.161001080197693
1.543,15,sspls-v,-0.0,4.161001080197693
1.543,16,mcgs,0.0,4.254672281278482
1.543,16,pos,-0.0,4.254672281278482
1.543,16,sbps,-0.0,4.254672281278482
1.543,16,prculs-d,-0.0,4.254672281278482
1.543,16,prcus-p,0.0,4.254672281278482
1.543,16,prcus-i,-0.0,4.254672281278482
1.543,16,prcus-a,-0.0,4.254672281278482
1.543,16,ifrms,-0.0,4.254672281278482
1.543,16,sspls-v,-0.0,4.254672281278482
1.543,17,mcgs,0.0,3.8611898409650047
1.543,17,pos,-0.0,3.8611898409650047
1.543,17,sbps,-0.0,3.8611898409650047
1.543,17,prculs-d,-0.0,3.8611898409650047
1.543,17,prcus-p,0.0,3.8611898409650047
1.543,17,prcus-i,-0.0,3.8611898409650047
1.543,17,prcus-a,-0.0,3.8611898409650047
1.543,17,ifrms,-0.0,3.8611898409650047
1.543,17,sspls-v,0.0,3.8611898409650047
1.543,18,mcgs,0.0,4.253570239501833
1.543,18,pos,-0.0,4.253570239501833
1.543,18,sbps,-0.0,4.253570239501833
1.543,18,prculs-d,-0.0,4.253570239501833
1.543,18,prcus-p,0.0,4.253570239501833
1.543,18,prcus-i,-0.0,4.253570239501833
1.543,18,prcus-a,-0.0,4.253570239501833
1.543,18,ifrms,-0.0,4.253570239501833
1.543,18,sspls-v,-0.0,4.253570239501833
1.543,19,mcgs,0.0,4.05721730801021
1.543,19,pos,-0.0,4.05721730801021
1.543,19,sbps,-0.0,4.05721730801021
1.543,19,prculs-d,-0.0,4.05721730801021
1.543,19,prcus-p,0.0,4.05721730801021
1.543,19,prcus-i,-0.0,4.05721730801021
1.543,19,prcus-a,-0.0,4.05721730801021
1.543,19,ifrms,-0.0,4.05721730801021
1.543,19,sspls-v,-0.0,4.05721730801021
1.543,20,mcgs,0.0,4.058836347420654
1.543,20,pos,-0.0,4.058836347420654
1.543,20,sbps,-0.008285922681959922,4.058836347420654
1.543,20,prculs-d,-0.0,4.058836347420654
1.543,20,prcus-p,0.0,4.058836347420654
1.543,20,prcus-i,-0.0,4.058836347420654
1.543,20,prcus-a,-0.0,4.058836347420654
1.543,20,ifrms,-0.0,4.058836347420654
1.543,20,sspls-v,-0.0,4.058836347420654
1.543,21,mcgs,0.0,4.076049218384144
1.543,21,pos,-0.0,4.076049218384144
1.543,21,sbps,-0.0,4.076049218384144
1.543,21,prculs-d,-0.0,4.076049218384144
1.543,21,prcus-p,0.0,4.076049218384144
1.543,21,prcus-i,-0.0,4.076049218384144
1.543,21,prcus-a,-0.0,4.076049218384144
1.543,21,ifrms,-0.0,4.076049218384144
1.543,21,sspls-v,-0.0,4.076049218384144
1.543,22,mcgs,0.0,4.218637643109038
1.543,22,pos,-0.0,4.218637643109038
1.543,22,sbps,-0.0,4.218637643109038
1.543,22,prculs-d,-0.0,4.218637643109038
1.543,22,prcus-p,0.0,4.218637643109038
1.543,22,prcus-i,-0.0,4.218637643109038
1.543,22,prcus-a,-0.0,4.218637643109038
1.543,22,ifrms,-0.0,4.218637643109038
1.543,22,sspls-v,-0.0,4.218637643109038
1.543,23,mcgs,0.0,4.255656996731292
1.543,23,pos,-0.0,4.255656996731292
1.543,23,sbps,-0.0,4.255656996731292
1.543,23,prculs-d,-0.0,4.255656996731292
1.543,23,prcus-p,0.0,4.255656996731292
1.543,23,prcus-i,-0.0,4.255656996731292
1.543,23,prcus-a,-0.0,4.255656996731292
1.543,23,ifrms,-0.0,4.255656996731292
1.543,23,sspls-v,-0.0,4.255656996731292
1.543,24,mcgs,0.0,4.152945246469437
1.543,24,pos,-0.0,4.152945246469437
1.543,24,sbps,-0.021095459438414624,4.152945246469437
1.543,24,prculs-d,-0.0,4.152945246469437
1.543,24,prcus-p,0.0,4.152945246469437
1.543,24,prcus-i,-0.0,4.152945246469437
1.543,24,prcus-a,-0.0,4.152945246469437
1.543,24,ifrms,-0.0,4.152945246469437
1.543,24,sspls-v,0.0,4.152945246469437
1.543,25,mcgs,0.0,4.11578237818809
1.543,25,pos,-0.0,4.11578237818809
1.543,25,sbps,-0.0,4.11578237818809
1.543,25,prculs-d,-0.0,4.11578237818809
1.543,25,prcus-p,0.0,4.11578237818809
1.543,25,prcus-i,-0.0,4.11578237818809
1.543,25,prcus-a,-0.0,4.11578237818809
1.543,25,ifrms,-0.0,4.11578237818809
1.543,25,sspls-v,0.0,4.11578237818809
1.543,26,mcgs,0.0,3.9245666666733907
1.543,26,pos,-0.0,3.9245666666733907
1.543,26,sbps,-0.0,3.9245666666733907
1.543,26,prculs-d,-0.0,3.9245666666733907
1.543,26,prcus-p,0.0,3.9245666666733907
1.543,26,prcus-i,-0.0,3.9245666666733907
1.543,26,prcus-a,-0.0,3.9245666666733907
1.543,26,ifrms,0.0,3.9245666666733907
1.543,26,sspls-v,-0.0,3.9245666666733907
1.543,27,mcgs,0.0,4.224746350810822
1.543,27,pos,-0.0,4.224746350810822
1.543,27,sbps,-0.0,4.224746350810822
1.543,27,prculs-d,-0.0,4.224746350810822
1.543,27,prcus-p,0.0,4.224746350810822
1.543,27,prcus-i,-0.0,4.224746350810822
1.543,27,prcus-a,-0.0,4.224746350810822
1.543,27,ifrms,-0.0,4.224746350810822
1.543,27,sspls-v,-0.0,4.224746350810822
1.543,28,mcgs,0.0,4.083504236774815
1.543,28,pos,-0.0,4.083504236774815
1.543,28,sbps,-0.0,4.083504236774815
1.543,28,prculs-d,-0.0,4.083504236774815
1.543,28,prcus-p,0.0,4.083504236774815
1.543,28,prcus-i,-0.0,4.083504236774815
1.543,28,prcus-a,-0.0,4.083504236774815
1.543,28,ifrms,0.0,4.083504236774815
1.543,28,sspls-v,0.0,4.083504236774815
1.543,29,mcgs,0.0,3.9433497536945823
1.543,29,pos,-0.0,3.9433497536945823
1.543,29,sbps,-0.0,3.9433497536945823
1.543,29,prculs-d,-0.0,3.9433497536945823
1.543,29,prcus-p,0.0,3.9433497536945823
1.543,29,prcus-i,-0.0,3.9433497536945823
1.543,29,prcus-a,-0.0,3.9433497536945823
1.543,29,ifrms,0.0,3.9433497536945823
1.543,29,sspls-v,0.0,3.9433497536945823
1.65,0,mcgs,0.0,4.078559693349051
1.65,0,pos,-0.0,4.078559693349051
1.65,0,sbps,-0.0,4.078559693349051
1.65,0,prculs-d,-0.0,4.078559693349051
1.65,0,prcus-p,0.0,4.078559693349051
1.65,0,prcus-i,-0.0,4.078559693349051
1.65,0,prcus-a,-0.0,4.078559693349051
1.65,0,ifrms,-0.0,4.078559693349051
1.65,0,sspls-v,-0.0,4.078559693349051
1.65,1,mcgs,0.0,4.11998927125762
1.65,1,pos,-0.0,4.11998927125762
1.65,1,sbps,-0.0,4.11998927125762
1.65,1,prculs-d,-0.0,4.11998927125762
1.65,1,prcus-p,0.0,4.11998927125762
1.65,1,prcus-i,-0.0,4.11998927125762
1.65,1,prcus-a,-0.0,4.11998927125762
1.65,1,ifrms,-0.0,4.11998927125762
1.65,1,sspls-v,0.0,4.11998927125762
1.65,2,mcgs,0.0,3.989908263249265
1.65,2,pos,-0.0,3.989908263249265
1.65,2,sbps,-0.0,3.989908263249265
1.65,2,prculs-d,-0.0,3.989908263249265
1.65,2,prcus-p,0.0,3.989908263249265
1.65,2,prcus-i,-0.0,3.989908263249265
1.65,2,prcus-a,-0.0,3.989908263249265
1.65,2,ifrms,0.0,3.989908263249265
1.65,2,sspls-v,-0.0,3.989908263249265
1.65,3,mcgs,0.0,3.9163684996600887
1.65,3,pos,-0.0,3.9163684996600887
1.65,3,sbps,-0.26059922287892395,3.9163684996600887
1.65,3,prculs-d,-0.0,3.9163684996600887
1.65,3,prcus-p,-0.0,3.9163684996600887
1.65,3,prcus-i,-0.0,3.9163684996600887
1.65,3,prcus-a,-0.0,3.9163684996600887
1.65,3,ifrms,-0.0,3.9163684996600887
1.65,3,sspls-v,-0.0,3.9163684996600887
1.65,4,mcgs,0.0,4.119395304673077
1.65,4,pos,-0.0,4.119395304673077
1.65,4,sbps,-0.030609930004810913,4.119395304673077
1.65,4,prculs-d,-0.0,4.119395304673077
1.65,4,prcus-p,0.0,4.119395304673077
1.65,4,prcus-i,-0.0,4.119395304673077
1.65,4,prcus-a,-0.0,4.119395304673077
1.65,4,ifrms,-0.0,4.119395304673077
1.65,4,sspls-v,-0.0,4.119395304673077
1.65,5,mcgs,0.0,4.104403267985872
1.65,5,pos,-0.0,4.104403267985872
1.65,5,sbps,-0.0,4.104403267985872
1.65,5,prculs-d,-0.0,4.104403267985872
1.65,5,prcus-p,0.0,4.104403267985872
1.65,5,prcus-i,-0.0,4.104403267985872
1.65,5,prcus-a,-0.0,4.104403267985872
1.65,5,ifrms,-0.0,4.104403267985872
1.65,5,sspls-v,0.0,4.104403267985872
1.65,6,mcgs,0.0,3.993973322671612
1.65,6,pos,-0.0,3.993973322671612
1.65,6,sbps,-0.0,3.993973322671612
1.65,6,prculs-d,-0.0,3.993973322671612
1.65,6,prcus-p,0.0,3.993973322671612
1.65,6,prcus-i,-0.0,3.993973322671612
1.65,6,prcus-a,-0.0,3.993973322671612
1.65,6,ifrms,-0.0,3.993973322671612
1.65,6,sspls-v,0.0,3.993973322671612
1.65,7,mcgs,0.0,4.246049592232384
1.65,7,pos,-0.0,4.246049592232384
1.65,7,sbps,-0.0,4.246049592232384
1.65,7,prculs-d,-0.0,4.246049592232384
1.65,7,prcus-p,0.0,4.246049592232384
1.65,7,prcus-i,-0.0,4.246049592232384
1.65,7,prcus-a,-0.0,4.246049592232384
1.65,7,ifrms,-0.0,4.246049592232384
1.65,7,sspls-v,-0.0,4.246049592232384
1.65,8,mcgs,0.0,4.184272622126601
1.65,8,pos,-0.0,4.184272622126601
1.65,8,sbps,-0.013778933772115679,4.184272622126601
1.65,8,prculs-d,-0.0,4.184272622126601
1.65,8,prcus-p,0.0,4.184272622126601
1.65,8,prcus-i,-0.0,4.184272622126601
1.65,8,prcus-a,-0.0,4.184272622126601
1.65,8,ifrms,-0.0,4.184272622126601
1.65,8,sspls-v,-0.0,4.184272622126601
1.65,9,mcgs,0.0,4.198819285938204
1.65,9,pos,-0.0,4.198819285938204
1.65,9,sbps,-0.0,4.198819285938204
1.65,9,prculs-d,-0.0,4.198819285938204
1.65,9,prcus-p,0.0,4.198819285938204
1.65,9,prcus-i,-0.0,4.198819285938204
1.65,9,prcus-a,-0.0,4.198819285938204
1.65,9,ifrms,-0.0,4.198819285938204
1.65,9,sspls-v,-0.0,4.198819285938204
1.65,10,mcgs,0.0,4.052606013731093
1.65,10,pos,-0.0,4.052606013731093
1.65,10,sbps,-0.0,4.052606013731093
1.65,10,prculs-d,-0.0,4.052606013731093
1.65,10,prcus-p,0.0,4.052606013731093
1.65,10,prcus-i,-0.0,4.052606013731093
1.65,10,prcus-a,-0.0,4.052606013731093
1.65,10,ifrms,-0.0,4.052606013731093
1.65,10,sspls-v,-0.0,4.052606013731093
1.65,11,mcgs,0.0,4.209340522739901
1.65,11,pos,-0.0,4.209340522739901
1.65,11,sbps,-0.0,4.209340522739901
1.65,11,prculs-d,-0.0,4.209340522739901
1.65,11,prcus-p,0.0,4.209340522739901
1.65,11,prcus-i,-0.0,4.209340522739901
1.65,11,prcus-a,-0.0,4.209340522739901
1.65,11,ifrms,-0.0,4.209340522739901
1.65,11,sspls-v,-0.0,4.209340522739901
1.65,12,mcgs,0.0,4.246034531820652
1.65,12,pos,-0.0,4.246034531820652
1.65,12,sbps,-0.0,4.246034531820652
1.65,12,prculs-d,-0.0,4.246034531820652
1.65,12,prcus-p,0.0,4.246034531820652
1.65,12,prcus-i,-0.0,4.246034531820652
1.65,12,prcus-a,-0.0,4.246034531820652
1.65,12,ifrms,-0.0,4.246034531820652
1.65,12,sspls-v,-0.0,4.246034531820652
1.65,13,mcgs,0.0,4.00023948822762
1.65,13,pos,-0.0,4.00023948822762
1.65,13,sbps,-0.0,4.00023948822762
1.65,13,prculs-d,-0.0,4.00023948822762
1.65,13,prcus-p,0.0,4.00023948822762
1.65,13,prcus-i,-0.0,4.00023948822762
1.65,13,prcus-a,0.0,4.00023948822762
1.65,13,ifrms,0.0,4.00023948822762
1.65,13,sspls-v,-0.0,4.00023948822762
1.65,14,mcgs,0.0,4.165874033347096
1.65,14,pos,-0.0,4.165874033347096
1.65,14,sbps,-0.0,4.165874033347096
1.65,14,prculs-d,-0.0,4.165874033347096
1.65,14,prcus-p,0.0,4.165874033347096
1.65,14,prcus-i,-0.0,4.165874033347096
1.65,14,prcus-a,-0.0,4.165874033347096
1.65,14,ifrms,-0.0,4.165874033347096
1.65,14,sspls-v,-0.0,4.165874033347096
1.65,15,mcgs,0.0,4.1396709909642375
1.65,15,pos,-0.0,4.1396709909642375
1.65,15,sbps,-0.0,4.1396709909642375
1.65,15,prculs-d,-0.0,4.1396709909642375
1.65,15,prcus-p,0.0,4.1396709909642375
1.65,15,prcus-i,-0.0,4.1396709909642375
1.65,15,prcus-a,-0.0,4.1396709909642375
1.65,15,ifrms,-0.0,4.1396709909642375
1.65,15,sspls-v,-0.0,4.1396709909642375
1.65,16,mcgs,0.0,4.234386411891659
1.65,16,pos,-0.0,4.234386411891659
1.65,16,sbps,-0.0,4.234386411891659
1.65,16,prculs-d,-0.0,4.234386411891659
1.65,16,prcus-p,0.0,4.234386411891659
1.65,16,prcus-i,-0.0,4.234386411891659
1.65,16,prcus-a,-0.0,4.234386411891659
1.65,16,ifrms,-0.0,4.234386411891659
1.65,16,sspls-v,-0.0,4.234386411891659
1.65,17,mcgs,0.0,3.847866030019864
1.65,17,pos,-0.0,3.847866030019864
1.65,17,sbps,-0.0,3.847866030019864
1.65,17,prculs-d,-0.0,3.847866030019864
1.65,17,prcus-p,0.0,3.847866030019864
1.65,17,prcus-i,-0.0,3.847866030019864
1.65,17,prcus-a,-0.0,3.847866030019864
1.65,17,ifrms,-0.0,3.847866030019864
1.65,17,sspls-v,0.0,3.847866030019864
1.65,18,mcgs,0.0,4.234129409421397
1.65,18,pos,-0.0,4.234129409421397
1.65,18,sbps,-0.0,4.234129409421397
1.65,18,prculs-d,-0.0,4.234129409421397
1.65,18,prcus-p,0.0,4.234129409421397
1.65,18,prcus-i,-0.0,4.234129409421397
1.65,18,prcus-a,-0.0,4.234129409421397
1.65,18,ifrms,-0.0,4.234129409421397
1.65,18,sspls-v,-0.0,4.234129409421397
1.65,19,mcgs,0.0,4.0521931550779176
1.65,19,pos,-0.0,4.0521931550779176
1.65,19,sbps,-0.0,4.0521931550779176
1.65,19,prculs-d,-0.0,4.0521931550779176
1.65,19,prcus-p,0.0,4.0521931550779176
1.65,19,prcus-i,-0.0,4.0521931550779176
1.65,19,prcus-a,-0.0,4.0521931550779176
1.65,19,ifrms,-0.0,4.0521931550779176
1.65,19,sspls-v,-0.0,4.0521931550779176
1.65,20,mcgs,0.0,4.036331924678681
1.65,20,pos,-0.0,4.036331924678681
1.65,20,sbps,-0.0,4.036331924678681
1.65,20,prculs-d,-0.0,4.036331924678681
1.65,20,prcus-p,0.0,4.036331924678681
1.65,20,prcus-i,-0.0,4.036331924678681
1.65,20,prcus-a,-0.0,4.036331924678681
1.65,20,ifrms,-0.0,4.036331924678681
1.65,20,sspls-v,-0.0,4.036331924678681
1.65,21,mcgs,0.0,4.057596576028895
1.65,21,pos,-0.0,4.057596576028895
1.65,21,sbps,-0.0,4.057596576028895
1.65,21,prculs-d,-0.0,4.057596576028895
1.65,21,prcus-p,0.0,4.057596576028895
1.65,21,prcus-i,-0.0,4.057596576028895
1.65,21,prcus-a,-0.0,4.057596576028895
1.65,21,ifrms,-0.0,4.057596576028895
1.65,21,sspls-v,-0.0,4.057596576028895
1.65,22,mcgs,0.0,4.197920139105103
1.65,22,pos,-0.0,4.197920139105103
1.65,22,sbps,-0.0,4.197920139105103
1.65,22,prculs-d,-0.0,4.197920139105103
1.65,22,prcus-p,0.0,4.197920139105103
1.65,22,prcus-i,-0.0,4.197920139105103
1.65,22,prcus-a,-0.0,4.197920139105103
1.65,22,ifrms,-0.0,4.197920139105103
1.65,22,sspls-v,-0.0,4.197920139105103
1.65,23,mcgs,0.0,4.235196469552125
1.65,23,pos,-0.0,4.235196469552125
1.65,23,sbps,-0.0,4.235196469552125
1.65,23,prculs-d,-0.0,4.235196469552125
1.65,23,prcus-p,0.0,4.235196469552125
1.65,23,prcus-i,-0.0,4.235196469552125
1.65,23,prcus-a,-0.0,4.235196469552125
1.65,23,ifrms,-0.0,4.235196469552125
1.65,23,sspls-v,-0.0,4.235196469552125
1.65,24,mcgs,0.0,4.136485813819215
1.65,24,pos,-0.0,4.136485813819215
1.65,24,sbps,-0.0,4.136485813819215
1.65,24,prculs-d,-0.0,4.136485813819215
1.65,24,prcus-p,0.0,4.136485813819215
1.65,24,prcus-i,-0.0,4.136485813819215
1.65,24,prcus-a,-0.0,4.136485813819215
1.65,24,ifrms,-0.0,4.136485813819215
1.65,24,sspls-v,0.0,4.136485813819215
1.65,25,mcgs,0.0,4.088793123514347
1.65,25,pos,-0.0,4.088793123514347
1.65,25,sbps,-0.0,4.088793123514347
1.65,25,prculs-d,-0.0,4.088793123514347
1.65,25,prcus-p,0.0,4.088793123514347
1.65,25,prcus-i,-0.0,4.088793123514347
1.65,25,prcus-a,-0.0,4.088793123514347
1.65,25,ifrms,-0.0,4.088793123514347
1.65,25,sspls-v,0.0,4.088793123514347
1.65,26,mcgs,0.0,3.916487340854756
1.65,26,pos,-0.0,3.916487340854756
1.65,26,sbps,-0.0,3.916487340854756
1.65,26,prculs-d,-0.0,3.916487340854756
1.65,26,prcus-p,0.0,3.916487340854756
1.65,26,prcus-i,-0.0,3.916487340854756
1.65,26,prcus-a,-0.0,3.916487340854756
1.65,26,ifrms,0.0,3.916487340854756
1.65,26,sspls-v,-0.0,3.916487340854756
1.65,27,mcgs,0.0,4.204944960456067
1.65,27,pos,-0.0,4.204944960456067
1.65,27,sbps,-0.0,4.204944960456067
1.65,27,prculs-d,-0.0,4.204944960456067
1.65,27,prcus-p,0.0,4.204944960456067
1.65,27,prcus-i,-0.0,4.204944960456067
1.65,27,prcus-a,-0.0,4.204944960456067
1.65,27,ifrms,-0.0,4.204944960456067
1.65,27,sspls-v,-0.0,4.204944960456067
1.65,28,mcgs,0.0,4.078268640721649
1.65,28,pos,-0.0,4.078268640721649
1.65,28,sbps,-0.0,4.078268640721649
1.65,28,prculs-d,-0.0,4.078268640721649
1.65,28,prcus-p,0.0,4.078268640721649
1.65,28,prcus-i,-0.0,4.078268640721649
1.65,28,prcus-a,-0.0,4.078268640721649
1.65,28,ifrms,0.0,4.078268640721649
1.65,28,sspls-v,0.0,4.078268640721649
1.65,29,mcgs,0.0,3.9433497536945823
1.65,29,pos,-0.0,3.9433497536945823
1.65,29,sbps,-0.0,3.9433497536945823
1.65,29,prculs-d,-0.0,3.9433497536945823
1.65,29,prcus-p,0.0,3.9433497536945823
1.65,29,prcus-i,-0.0,3.9433497536945823
1.65,29,prcus-a,-0.0,3.9433497536945823
1.65,29,ifrms,0.0,3.9433497536945823
1.65,29,sspls-v,0.0,3.9433497536945823
1.764,0,mcgs,0.0,4.073938638852578
1.764,0,pos,-0.0,4.073938638852578
1.764,0,sbps,-0.0,4.073938638852578
1.764,0,prculs-d,-0.0,4.073938638852578
1.764,0,prcus-p,0.0,4.073938638852578
1.764,0,prcus-i,-0.0,4.073938638852578
1.764,0,prcus-a,-0.0,4.073938638852578
1.764,0,ifrms,-0.0,4.073938638852578
1.764,0,sspls-v,-0.0,4.073938638852578
1.764,1,mcgs,0.0,4.115495312608645
1.764,1,pos,-0.0,4.115495312608645
1.764,1,sbps,-0.0,4.115495312608645
1.764,1,prculs-d,-0.0,4.115495312608645
1.764,1,prcus-p,0.0,4.115495312608645
1.764,1,prcus-i,-0.0,4.115495312608645
1.764,1,prcus-a,-0.0,4.115495312608645
1.764,1,ifrms,-0.0,4.115495312608645
1.764,1,sspls-v,0.0,4.115495312608645
1.764,2,mcgs,0.0,3.972417598110512
1.764,2,pos,-0.0,3.972417598110512
1.764,2,sbps,-0.0,3.972417598110512
1.764,2,prculs-d,-0.0,3.972417598110512
1.764,2,prcus-p,0.0,3.972417598110512
1.764,2,prcus-i,-0.0,3.972417598110512
1.764,2,prcus-a,-0.0,3.972417598110512
1.764,2,ifrms,0.0,3.972417598110512
1.764,2,sspls-v,-0.0,3.972417598110512
1.764,3,mcgs,0.0,3.9266414641448297
1.764,3,pos,-0.0,3.9266414641448297
1.764,3,sbps,-0.14659922287892374,3.9266414641448297
1.764,3,prculs-d,-0.0,3.9266414641448297
1.764,3,prcus-p,-0.0,3.9266414641448297
1.764,3,prcus-i,-0.0,3.9266414641448297
1.764,3,prcus-a,-0.0,3.9266414641448297
1.764,3,ifrms,-0.0,3.9266414641448297
1.764,3,sspls-v,-0.0,3.9266414641448297
1.764,4,mcgs,0.0,4.090733570475792
1.764,4,pos,-0.0,4.090733570475792
1.764,4,sbps,-0.0,4.090733570475792
1.764,4,prculs-d,-0.0,4.090733570475792
1.764,4,prcus-p,0.0,4.090733570475792
1.764,4,prcus-i,-0.0,4.090733570475792
1.764,4,prcus-a,-0.0,4.090733570475792
1.764,4,ifrms,-0.0,4.090733570475792
1.764,4,sspls-v,-0.0,4.090733570475792
1.764,5,mcgs,0.0,4.09197674944597
1.764,5,pos,-0.0,4.09197674944597
1.764,5,sbps,-0.0,4.09197674944597
1.764,5,prculs-d,-0.0,4.09197674944597
1.764,5,prcus-p,0.0,4.09197674944597
1.764,5,prcus-i,-0.0,4.09197674944597
1.764,5,prcus-a,-0.0,4.09197674944597
1.764,5,ifrms,-0.0,4.09197674944597
1.764,5,sspls-v,0.0,4.09197674944597
1.764,6,mcgs,0.0,3.9901477832512313
1.764,6,pos,-0.0,3.9901477832512313
1.764,6,sbps,-0.0,3.9901477832512313
1.764,6,prculs-d,-0.0,3.9901477832512313
1.764,6,prcus-p,0.0,3.9901477832512313
1.764,6,prcus-i,-0.0,3.9901477832512313
1.764,6,prcus-a,-0.0,3.9901477832512313
1.764,6,ifrms,-0.0,3.9901477832512313
1.764,6,sspls-v,0.0,3.9901477832512313
1.764,7,mcgs,0.0,4.2283360959307945
1.764,7,pos,-0.0,4.2283360959307945
1.764,7,sbps,-0.0,4.2283360959307945
1.764,7,prculs-d,-0.0,4.2283360959307945
1.764,7,prcus-p,0.0,4.2283360959307945
1.764,7,prcus-i,-0.0,4.2283360959307945
1.764,7,prcus-a,-0.0,4.2283360959307945
1.764,7,ifrms,-0.0,4.2283360959307945
1.764,7,sspls-v,-0.0,4.2283360959307945
1.764,8,mcgs,0.0,4.168113884757563
1.764,8,pos,-0.0,4.168113884757563
1.764,8,sbps,-0.0,4.168113884757563
1.764,8,prculs-d,-0.0,4.168113884757563
1.764,8,prcus-p,0.0,4.168113884757563
1.764,8,prcus-i,-0.0,4.168113884757563
1.764,8,prcus-a,-0.0,4.168113884757563
1.764,8,ifrms,-0.0,4.168113884757563
1.764,8,sspls-v,-0.0,4.168113884757563
1.764,9,mcgs,0.0,4.19123619701233
1.764,9,pos,-0.0,4.19123619701233
1.764,9,sbps,-0.0,4.19123619701233
1.764,9,prculs-d,-0.0,4.19123619701233
1.764,9,prcus-p,0.0,4.19123619701233
1.764,9,prcus-i,-0.0,4.19123619701233
1.764,9,prcus-a,-0.0,4.19123619701233
1.764,9,ifrms,-0.0,4.19123619701233
1.764,9,sspls-v,-0.0,4.19123619701233
1.764,10,mcgs,0.0,4.048202506138747
1.764,10,pos,-0.0,4.048202506138747
1.764,10,sbps,-0.0,4.048202506138747
1.764,10,prculs-d,-0.0,4.048202506138747
1.764,10,prcus-p,0.0,4.048202506138747
1.764,10,prcus-i,-0.0,4.048202506138747
1.764,10,prcus-a,-0.0,4.048202506138747
1.764,10,ifrms,-0.0,4.048202506138747
1.764,10,sspls-v,-0.0,4.048202506138747
1.764,11,mcgs,0.0,4.194626523424697
1.764,11,pos,-0.0,4.194626523424697
1.764,11,sbps,-0.0,4.194626523424697
1.764,11,prculs-d,-0.0,4.194626523424697
1.764,11,prcus-p,0.0,4.194626523424697
1.764,11,prcus-i,-0.0,4.194626523424697
1.764,11,prcus-a,-0.0,4.194626523424697
1.764,11,ifrms,-0.0,4.194626523424697
1.764,11,sspls-v,-0.0,4.194626523424697
1.764,12,mcgs,0.0,4.230042951420148
1.764,12,pos,-0.0,4.230042951420148
1.764,12,sbps,-0.0,4.230042951420148
1.764,12,prculs-d,-0.0,4.230042951420148
1.764,12,prcus-p,0.0,4.230042951420148
1.764,12,prcus-i,-0.0,4.230042951420148
1.764,12,prcus-a,-0.0,4.230042951420148
1.764,12,ifrms,-0.0,4.230042951420148
1.764,12,sspls-v,-0.0,4.230042951420148
1.764,13,mcgs,0.0,3.9780451920049464
1.764,13,pos,-0.0,3.9780451920049464
1.764,13,sbps,-0.0,3.9780451920049464
1.764,13,prculs-d,-0.0,3.9780451920049464
1.764,13,prcus-p,0.0,3.9780451920049464
1.764,13,prcus-i,-0.0,3.9780451920049464
1.764,13,prcus-a,0.0,3.9780451920049464
1.764,13,ifrms,0.0,3.9780451920049464
1.764,13,sspls-v,-0.0,3.9780451920049464
1.764,14,mcgs,0.0,4.1569274034151835
1.764,14,pos,-0.0,4.1569274034151835
1.764,14,sbps,-0.0,4.1569274034151835
1.764,14,prculs-d,-0.0,4.1569274034151835
1.764,14,prcus-p,0.0,4.1569274034151835
1.764,14,prcus-i,-0.0,4.1569274034151835
1.764,14,prcus-a,-0.0,4.1569274034151835
1.764,14,ifrms,-0.0,4.1569274034151835
1.764,14,sspls-v,-0.0,4.1569274034151835
1.764,15,mcgs,0.0,4.121964126255738
1.764,15,pos,-0.0,4.121964126255738
1.764,15,sbps,-0.0,4.121964126255738
1.764,15,prculs-d,-0.0,4.121964126255738
1.764,15,prcus-p,0.0,4.121964126255738
1.764,15,prcus-i,-0.0,4.121964126255738
1.764,15,prcus-a,-0.0,4.121964126255738
1.764,15,ifrms,-0.0,4.121964126255738
1.764,15,sspls-v,-0.0,4.121964126255738
1.764,16,mcgs,0.0,4.225749218620414
1.764,16,pos,-0.0,4.225749218620414
1.764,16,sbps,-0.0,4.225749218620414
1.764,16,prculs-d,-0.0,4.225749218620414
1.764,16,prcus-p,0.0,4.225749218620414
1.764,16,prcus-i,-0.0,4.225749218620414
1.764,16,prcus-a,-0.0,4.225749218620414
1.764,16,ifrms,-0.0,4.225749218620414
1.764,16,sspls-v,-0.0,4.225749218620414
1.764,17,mcgs,0.0,3.839901477832512
1.764,17,pos,-0.0,3.839901477832512
1.764,17,sbps,-0.0,3.839901477832512
1.764,17,prculs-d,-0.0,3.839901477832512
1.764,17,prcus-p,0.0,3.839901477832512
1.764,17,prcus-i,-0.0,3.839901477832512
1.764,17,prcus-a,-0.0,3.839901477832512
1.764,17,ifrms,-0.0,3.839901477832512
1.764,17,sspls-v,0.0,3.839901477832512
1.764,18,mcgs,0.0,4.225976856548734
1.764,18,pos,-0.0,4.225976856548734
1.764,18,sbps,-0.0,4.225976856548734
1.764,18,prculs-d,-0.0,4.225976856548734
1.764,18,prcus-p,0.0,4.225976856548734
1.764,18,prcus-i,-0.0,4.225976856548734
1.764,18,prcus-a,-0.0,4.225976856548734
1.764,18,ifrms,-0.0,4.225976856548734
1.764,18,sspls-v,-0.0,4.225976856548734
1.764,19,mcgs,0.0,4.047945995029931
1.764,19,pos,-0.0,4.047945995029931
1.764,19,sbps,-0.0,4.047945995029931
1.764,19,prculs-d,-0.0,4.047945995029931
1.764,19,prcus-p,0.0,4.047945995029931
1.764,19,prcus-i,-0.0,4.047945995029931
1.764,19,prcus-a,-0.0,4.047945995029931
1.764,19,ifrms,-0.0,4.047945995029931
1.764,19,sspls-v,-0.0,4.047945995029931
1.764,20,mcgs,0.0,4.0244102673766236
1.764,20,pos,-0.0,4.0244102673766236
1.764,20,sbps,-0.0,4.0244102673766236
1.764,20,prculs-d,-0.0,4.0244102673766236
1.764,20,prcus-p,0.0,4.0244102673766236
1.764,20,prcus-i,-0.0,4.0244102673766236
1.764,20,prcus-a,-0.0,4.0244102673766236
1.764,20,ifrms,-0.0,4.0244102673766236
1.764,20,sspls-v,-0.0,4.0244102673766236
1.764,21,mcgs,0.0,4.052330664622835
1.764,21,pos,-0.0,4.052330664622835
1.764,21,sbps,-0.0,4.052330664622835
1.764,21,prculs-d,-0.0,4.052330664622835
1.764,21,prcus-p,0.0,4.052330664622835
1.764,21,prcus-i,-0.0,4.052330664622835
1.764,21,prcus-a,-0.0,4.052330664622835
1.764,21,ifrms,-0.0,4.052330664622835
1.764,21,sspls-v,-0.0,4.052330664622835
1.764,22,mcgs,0.0,4.190614004741453
1.764,22,pos,-0.0,4.190614004741453
1.764,22,sbps,-0.0,4.190614004741453
1.764,22,prculs-d,-0.0,4.190614004741453
1.764,22,prcus-p,0.0,4.190614004741453
1.764,22,prcus-i,-0.0,4.190614004741453
1.764,22,prcus-a,-0.0,4.190614004741453
1.764,22,ifrms,-0.0,4.190614004741453
1.764,22,sspls-v,-0.0,4.190614004741453
1.764,23,mcgs,0.0,4.225842019054605
1.764,23,pos,-0.0,4.225842019054605
1.764,23,sbps,-0.0,4.225842019054605
1.764,23,prculs-d,-0.0,4.225842019054605
1.764,23,prcus-p,0.0,4.225842019054605
1.764,23,prcus-i,-0.0,4.225842019054605
1.764,23,prcus-a,-0.0,4.225842019054605
1.764,23,ifrms,-0.0,4.225842019054605
1.764,23,sspls-v,-0.0,4.225842019054605
1.764,24,mcgs,0.0,4.12421689484684
1.764,24,pos,-0.0,4.12421689484684
1.764,24,sbps,-0.0,4.12421689484684
1.764,24,prculs-d,-0.0,4.12421689484684
1.764,24,prcus-p,0.0,4.12421689484684
1.764,24,prcus-i,-0.0,4.12421689484684
1.764,24,prcus-a,-0.0,4.12421689484684
1.764,24,ifrms,-0.0,4.12421689484684
1.764,24,sspls-v,0.0,4.12421689484684
1.764,25,mcgs,0.0,4.078347798807023
1.764,25,pos,-0.0,4.078347798807023
1.764,25,sbps,-0.0,4.078347798807023
1.764,25,prculs-d,-0.0,4.078347798807023
1.764,25,prcus-p,0.0,4.078347798807023
1.764,25,prcus-i,-0.0,4.078347798807023
1.764,25,prcus-a,-0.0,4.078347798807023
1.764,25,ifrms,-0.0,4.078347798807023
1.764,25,sspls-v,0.0,4.078347798807023
1.764,26,mcgs,0.0,3.912207317317547
1.764,26,pos,-0.0,3.912207317317547
1.764,26,sbps,-0.0,3.912207317317547
1.764,26,prculs-d,-0.0,3.912207317317547
1.764,26,prcus-p,0.0,3.912207317317547
1.764,26,prcus-i,-0.0,3.912207317317547
1.764,26,prcus-a,-0.0,3.912207317317547
1.764,26,ifrms,0.0,3.912207317317547
1.764,26,sspls-v,-0.0,3.912207317317547
1.764,27,mcgs,0.0,4.197221121583936
1.764,27,pos,-0.0,4.197221121583936
1.764,27,sbps,-0.0,4.197221121583936
1.764,27,prculs-d,-0.0,4.197221121583936
1.764,27,prcus-p,0.0,4.197221121583936
1.764,27,prcus-i,-0.0,4.197221121583936
1.764,27,prcus-a,-0.0,4.197221121583936
1.764,27,ifrms,-0.0,4.197221121583936
1.764,27,sspls-v,-0.0,4.197221121583936
1.764,28,mcgs,0.0,4.073557602205514
1.764,28,pos,-0.0,4.073557602205514
1.764,28,sbps,-0.0,4.073557602205514
1.764,28,prculs-d,-0.0,4.073557602205514
1.764,28,prcus-p,0.0,4.073557602205514
1.764,28,prcus-i,-0.0,4.073557602205514
1.764,28,prcus-a,-0.0,4.073557602205514
1.764,28,ifrms,0.0,4.073557602205514
1.764,28,sspls-v,0.0,4.073557602205514
1.764,29,mcgs,0.0,3.9433497536945823
1.764,29,pos,-0.0,3.9433497536945823
1.764,29,sbps,-0.0,3.9433497536945823
1.764,29,prculs-d,-0.0,3.9433497536945823
1.764,29,prcus-p,0.0,3.9433497536945823
1.764,29,prcus-i,-0.0,3.9433497536945823
1.764,29,prcus-a,-0.0,3.9433497536945823
1.764,29,ifrms,0.0,3.9433497536945823
1.764,29,sspls-v,0.0,3.9433497536945823
1.885,0,mcgs,0.0,4.071428571428571
1.885,0,pos,-0.0,4.071428571428571
1.885,0,sbps,-0.0,4.071428571428571
1.885,0,prculs-d,-0.0,4.071428571428571
1.885,0,prcus-p,0.0,4.071428571428571
1.885,0,prcus-i,-0.0,4.071428571428571
1.885,0,prcus-a,-0.0,4.071428571428571
1.885,0,ifrms,-0.0,4.071428571428571
1.885,0,sspls-v,-0.0,4.071428571428571
1.885,1,mcgs,0.0,4.110837438423645
1.885,1,pos,-0.0,4.110837438423645
1.885,1,sbps,-0.0,4.110837438423645
1.885,1,prculs-d,-0.0,4.110837438423645
1.885,1,prcus-p,0.0,4.110837438423645
1.885,1,prcus-i,-0.0,4.110837438423645
1.885,1,prcus-a,-0.0,4.110837438423645
1.885,1,ifrms,-0.0,4.110837438423645
1.885,1,sspls-v,0.0,4.110837438423645
1.885,2,mcgs,0.0,3.967041154665897
1.885,2,pos,-0.0,3.967041154665897
1.885,2,sbps,-0.0,3.967041154665897
1.885,2,prculs-d,-0.0,3.967041154665897
1.885,2,prcus-p,0.0,3.967041154665897
1.885,2,prcus-i,-0.0,3.967041154665897
1.885,2,prcus-a,-0.0,3.967041154665897
1.885,2,ifrms,0.0,3.967041154665897
1.885,2,sspls-v,-0.0,3.967041154665897
1.885,3,mcgs,0.0,3.931327336677456
1.885,3,pos,-0.0,3.931327336677456
1.885,3,sbps,-0.025599222878923678,3.931327336677456
1.885,3,prculs-d,-0.0,3.931327336677456
1.885,3,prcus-p,-0.0,3.931327336677456
1.885,3,prcus-i,-0.0,3.931327336677456
1.885,3,prcus-a,-0.0,3.931327336677456
1.885,3,ifrms,-0.0,3.931327336677456
1.885,3,sspls-v,-0.0,3.931327336677456
1.885,4,mcgs,0.0,4.078933083882967
1.885,4,pos,-0.0,4.078933083882967
1.885,4,sbps,-0.0,4.078933083882967
1.885,4,prculs-d,-0.0,4.078933083882967
1.885,4,prcus-p,0.0,4.078933083882967
1.885,4,prcus-i,-0.0,4.078933083882967
1.885,4,prcus-a,-0.0,4.078933083882967
1.885,4,ifrms,-0.0,4.078933083882967
1.885,4,sspls-v,-0.0,4.078933083882967
1.885,5,mcgs,0.0,4.0829767185142645
1.885,5,pos,-0.0,4.0829767185142645
1.885,5,sbps,-0.0,4.0829767185142645
1.885,5,prculs-d,-0.0,4.0829767185142645
1.885,5,prcus-p,0.0,4.0829767185142645
1.885,5,prcus-i,-0.0,4.0829767185142645
1.885,5,prcus-a,-0.0,4.0829767185142645
1.885,5,ifrms,-0.0,4.0829767185142645
1.885,5,sspls-v,0.0,4.0829767185142645
1.885,6,mcgs,0.0,3.9901477832512313
1.885,6,pos,-0.0,3.9901477832512313
1.885,6,sbps,-0.0,3.9901477832512313
1.885,6,prculs-d,-0.0,3.9901477832512313
1.885,6,prcus-p,0.0,3.9901477832512313
1.885,6,prcus-i,-0.0,3.9901477832512313
1.885,6,prcus-a,-0.0,3.9901477832512313
1.885,6,ifrms,-0.0,3.9901477832512313
1.885,6,sspls-v,0.0,3.9901477832512313
1.885,7,mcgs,0.0,4.223156438952139
1.885,7,pos,-0.0,4.223156438952139
1.885,7,sbps,-0.0,4.223156438952139
1.885,7,prculs-d,-0.0,4.223156438952139
1.885,7,prcus-p,0.0,4.223156438952139
1.885,7,prcus-i,-0.0,4.223156438952139
1.885,7,prcus-a,-0.0,4.223156438952139
1.885,7,ifrms,-0.0,4.223156438952139
1.885,7,sspls-v,-0.0,4.223156438952139
1.885,8,mcgs,0.0,4.157254030800339
1.885,8,pos,-0.0,4.157254030800339
1.885,8,sbps,-0.0,4.157254030800339
1.885,8,prculs-d,-0.0,4.157254030800339
1.885,8,prcus-p,0.0,4.157254030800339
1.885,8,prcus-i,-0.0,4.157254030800339
1.885,8,prcus-a,-0.0,4.157254030800339
1.885,8,ifrms,-0.0,4.157254030800339
1.885,8,sspls-v,-0.0,4.157254030800339
1.885,9,mcgs,0.0,4.186668191848428
1.885,9,pos,-0.0,4.186668191848428
1.885,9,sbps,-0.0,4.186668191848428
1.885,9,prculs-d,-0.0,4.186668191848428
1.885,9,prcus-p,0.0,4.186668191848428
1.885,9,prcus-i,-0.0,4.186668191848428
1.885,9,prcus-a,-0.0,4.186668191848428
1.885,9,ifrms,-0.0,4.186668191848428
1.885,9,sspls-v,-0.0,4.186668191848428
1.885,10,mcgs,0.0,4.044334975369458
1.885,10,pos,-0.0,4.044334975369458
1.885,10,sbps,-0.0,4.044334975369458
1.885,10,prculs-d,-0.0,4.044334975369458
1.885,10,prcus-p,0.0,4.044334975369458
1.885,10,prcus-i,-0.0,4.044334975369458
1.885,10,prcus-a,-0.0,4.044334975369458
1.885,10,ifrms,-0.0,4.044334975369458
1.885,10,sspls-v,-0.0,4.044334975369458
1.885,11,mcgs,0.0,4.189749503647885
1.885,11,pos,-0.0,4.189749503647885
1.885,11,sbps,-0.0,4.189749503647885
1.885,11,prculs-d,-0.0,4.189749503647885
1.885,11,prcus-p,0.0,4.189749503647885
1.885,11,prcus-i,-0.0,4.189749503647885
1.885,11,prcus-a,-0.0,4.189749503647885
1.885,11,ifrms,-0.0,4.189749503647885
1.885,11,sspls-v,-0.0,4.189749503647885
1.885,12,mcgs,0.0,4.224917599364341
1.885,12,pos,-0.0,4.224917599364341
1.885,12,sbps,-0.0,4.224917599364341
1.885,12,prculs-d,-0.0,4.224917599364341
1.885,12,prcus-p,0.0,4.224917599364341
1.885,12,prcus-i,-0.0,4.224917599364341
1.885,12,prcus-a,-0.0,4.224917599364341
1.885,12,ifrms,-0.0,4.224917599364341
1.885,12,sspls-v,-0.0,4.224917599364341
1.885,13,mcgs,0.0,3.96887105931388
1.885,13,pos,-0.0,3.96887105931388
1.885,13,sbps,-0.0,3.96887105931388
1.885,13,prculs-d,-0.0,3.96887105931388
1.885,13,prcus-p,0.0,3.96887105931388
1.885,13,prcus-i,-0.0,3.96887105931388
1.885,13,prcus-a,0.0,3.96887105931388
1.885,13,ifrms,0.0,3.96887105931388
1.885,13,sspls-v,-0.0,3.96887105931388
1.885,14,mcgs,0.0,4.152354558532865
1.885,14,pos,-0.0,4.152354558532865
1.885,14,sbps,-0.0,4.152354558532865
1.885,14,prculs-d,-0.0,4.152354558532865
1.885,14,prcus-p,0.0,4.152354558532865
1.885,14,prcus-i,-0.0,4.152354558532865
1.885,14,prcus-a,-0.0,4.152354558532865
1.885,14,ifrms,-0.0,4.152354558532865
1.885,14,sspls-v,-0.0,4.152354558532865
1.885,15,mcgs,0.0,4.115688724708435
1.885,15,pos,-0.0,4.115688724708435
1.885,15,sbps,-0.0,4.115688724708435
1.885,15,prculs-d,-0.0,4.115688724708435
1.885,15,prcus-p,0.0,4.115688724708435
1.885,15,prcus-i,-0.0,4.115688724708435
1.885,15,prcus-a,-0.0,4.115688724708435
1.885,15,ifrms,-0.0,4.115688724708435
1.885,15,sspls-v,-0.0,4.115688724708435
1.885,16,mcgs,0.0,4.221215552997997
1.885,16,pos,-0.0,4.221215552997997
1.885,16,sbps,-0.0,4.221215552997997
1.885,16,prculs-d,-0.0,4.221215552997997
1.885,16,prcus-p,0.0,4.221215552997997
1.885,16,prcus-i,-0.0,4.221215552997997
1.885,16,prcus-a,-0.0,4.221215552997997
1.885,16,ifrms,-0.0,4.221215552997997
1.885,16,sspls-v,-0.0,4.221215552997997
1.885,17,mcgs,0.0,3.839901477832512
1.885,17,pos,-0.0,3.839901477832512
1.885,17,sbps,-0.0,3.839901477832512
1.885,17,prculs-d,-0.0,3.839901477832512
1.885,17,prcus-p,0.0,3.839901477832512
1.885,17,prcus-i,-0.0,3.839901477832512
1.885,17,prcus-a,-0.0,3.839901477832512
1.885,17,ifrms,-0.0,3.839901477832512
1.885,17,sspls-v,0.0,3.839901477832512
1.885,18,mcgs,0.0,4.221376137002375
1.885,18,pos,-0.0,4.221376137002375
1.885,18,sbps,-0.0,4.221376137002375
1.885,18,prculs-d,-0.0,4.221376137002375
1.885,18,prcus-p,0.0,4.221376137002375
1.885,18,prcus-i,-0.0,4.221376137002375
1.885,18,prcus-a,-0.0,4.221376137002375
1.885,18,ifrms,-0.0,4.221376137002375
1.885,18,sspls-v,-0.0,4.221376137002375
1.885,19,mcgs,0.0,4.0467980295566495
1.885,19,pos,-0.0,4.0467980295566495
1.885,19,sbps,-0.0,4.0467980295566495
1.885,19,prculs-d,-0.0,4.0467980295566495
1.885,19,prcus-p,0.0,4.0467980295566495
1.885,19,prcus-i,-0.0,4.0467980295566495
1.885,19,prcus-a,-0.0,4.0467980295566495
1.885,19,ifrms,-0.0,4.0467980295566495
1.885,19,sspls-v,-0.0,4.0467980295566495
1.885,20,mcgs,0.0,4.019843962089415
1.885,20,pos,-0.0,4.019843962089415
1.885,20,sbps,-0.0,4.019843962089415
1.885,20,prculs-d,-0.0,4.019843962089415
1.885,20,prcus-p,0.0,4.019843962089415
1.885,20,prcus-i,-0.0,4.019843962089415
1.885,20,prcus-a,-0.0,4.019843962089415
1.885,20,ifrms,-0.0,4.019843962089415
1.885,20,sspls-v,-0.0,4.019843962089415
1.885,21,mcgs,0.0,4.047774701960451
1.885,21,pos,-0.0,4.047774701960451
1.885,21,sbps,-0.0,4.047774701960451
1.885,21,prculs-d,-0.0,4.047774701960451
1.885,21,prcus-p,0.0,4.047774701960451
1.885,21,prcus-i,-0.0,4.047774701960451
1.885,21,prcus-a,-0.0,4.047774701960451
1.885,21,ifrms,-0.0,4.047774701960451
1.885,21,sspls-v,-0.0,4.047774701960451
1.885,22,mcgs,0.0,4.186105744117845
1.885,22,pos,-0.0,4.186105744117845
1.885,22,sbps,-0.0,4.186105744117845
1.885,22,prculs-d,-0.0,4.186105744117845
1.885,22,prcus-p,0.0,4.186105744117845
1.885,22,prcus-i,-0.0,4.186105744117845
1.885,22,prcus-a,-0.0,4.186105744117845
1.885,22,ifrms,-0.0,4.186105744117845
1.885,22,sspls-v,-0.0,4.186105744117845
1.885,23,mcgs,0.0,4.2213231382251
1.885,23,pos,-0.0,4.2213231382251
1.885,23,sbps,-0.0,4.2213231382251
1.885,23,prculs-d,-0.0,4.2213231382251
1.885,23,prcus-p,0.0,4.2213231382251
1.885,23,prcus-i,-0.0,4.2213231382251
1.885,23,prcus-a,-0.0,4.2213231382251
1.885,23,ifrms,-0.0,4.2213231382251
1.885,23,sspls-v,-0.0,4.2213231382251
1.885,24,mcgs,0.0,4.119578606346846
1.885,24,pos,-0.0,4.119578606346846
1.885,24,sbps,-0.0,4.119578606346846
1.885,24,prculs-d,-0.0,4.119578606346846
1.885,24,prcus-p,0.0,4.119578606346846
1.885,24,prcus-i,-0.0,4.119578606346846
1.885,24,prcus-a,-0.0,4.119578606346846
1.885,24,ifrms,-0.0,4.119578606346846
1.885,24,sspls-v,0.0,4.119578606346846
1.885,25,mcgs,0.0,4.0737799373157735
1.885,25,pos,-0.0,4.0737799373157735
1.885,25,sbps,-0.0,4.0737799373157735
1.885,25,prculs-d,-0.0,4.0737799373157735
1.885,25,prcus-p,0.0,4.0737799373157735
1.885,25,prcus-i,-0.0,4.0737799373157735
1.885,25,prcus-a,-0.0,4.0737799373157735
1.885,25,ifrms,-0.0,4.0737799373157735
1.885,25,sspls-v,0.0,4.0737799373157735
1.885,26,mcgs,0.0,3.908866995073892
1.885,26,pos,-0.0,3.908866995073892
1.885,26,sbps,-0.0,3.908866995073892
1.885,26,prculs-d,-0.0,3.908866995073892
1.885,26,prcus-p,0.0,3.908866995073892
1.885,26,prcus-i,-0.0,3.908866995073892
1.885,26,prcus-a,-0.0,3.908866995073892
1.885,26,ifrms,0.0,3.908866995073892
1.885,26,sspls-v,-0.0,3.908866995073892
1.885,27,mcgs,0.0,4.192381037645305
1.885,27,pos,-0.0,4.192381037645305
1.885,27,sbps,-0.0,4.192381037645305
1.885,27,prculs-d,-0.0,4.192381037645305
1.885,27,prcus-p,0.0,4.192381037645305
1.885,27,prcus-i,-0.0,4.192381037645305
1.885,27,prcus-a,-0.0,4.192381037645305
1.885,27,ifrms,-0.0,4.192381037645305
1.885,27,sspls-v,-0.0,4.192381037645305
1.885,28,mcgs,0.0,4.071428571428571
1.885,28,pos,-0.0,4.071428571428571
1.885,28,sbps,-0.0,4.071428571428571
1.885,28,prculs-d,-0.0,4.071428571428571
1.885,28,prcus-p,0.0,4.071428571428571
1.885,28,prcus-i,-0.0,4.071428571428571
1.885,28,prcus-a,-0.0,4.071428571428571
1.885,28,ifrms,0.0,4.071428571428571
1.885,28,sspls-v,0.0,4.071428571428571
1.885,29,mcgs,0.0,3.9433497536945823
1.885,29,pos,-0.0,3.9433497536945823
1.885,29,sbps,-0.0,3.9433497536945823
1.885,29,prculs-d,-0.0,3.9433497536945823
1.885,29,prcus-p,0.0,3.9433497536945823
1.885,29,prcus-i,-0.0,3.9433497536945823
1.885,29,prcus-a,-0.0,3.9433497536945823
1.885,29,ifrms,0.0,3.9433497536945823
1.885,29,sspls-v,0.0,3.9433497536945823
2.015,0,mcgs,0.0,4.071428571428571
2.015,0,pos,-0.0,4.071428571428571
2.015,0,sbps,-0.0,4.071428571428571
2.015,0,prculs-d,-0.0,4.071428571428571
2.015,0,prcus-p,0.0,4.071428571428571
2.015,0,prcus-i,-0.0,4.071428571428571
2.015,0,prcus-a,-0.0,4.071428571428571
2.015,0,ifrms,-0.0,4.071428571428571
2.015,0,sspls-v,-0.0,4.071428571428571
2.015,1,mcgs,0.0,4.110837438423645
2.015,1,pos,-0.0,4.110837438423645
2.015,1,sbps,-0.0,4.110837438423645
2.015,1,prculs-d,-0.0,4.110837438423645
2.015,1,prcus-p,0.0,4.110837438423645
2.015,1,prcus-i,-0.0,4.110837438423645
2.015,1,prcus-a,-0.0,4.110837438423645
2.015,1,ifrms,-0.0,4.110837438423645
2.015,1,sspls-v,0.0,4.110837438423645
2.015,2,mcgs,0.0,3.9630541871921188
2.015,2,pos,-0.0,3.9630541871921188
2.015,2,sbps,-0.0,3.9630541871921188
2.015,2,prculs-d,-0.0,3.9630541871921188
2.015,2,prcus-p,0.0,3.9630541871921188
2.015,2,prcus-i,-0.0,3.9630541871921188
2.015,2,prcus-a,-0.0,3.9630541871921188
2.015,2,ifrms,0.0,3.9630541871921188
2.015,2,sspls-v,-0.0,3.9630541871921188
2.015,3,mcgs,0.0,3.915061461924832
2.015,3,pos,-0.0,3.915061461924832
2.015,3,sbps,-0.0,3.915061461924832
2.015,3,prculs-d,-0.0,3.915061461924832
2.015,3,prcus-p,-0.0,3.915061461924832
2.015,3,prcus-i,-0.0,3.915061461924832
2.015,3,prcus-a,-0.0,3.915061461924832
2.015,3,ifrms,-0.0,3.915061461924832
2.015,3,sspls-v,-0.0,3.915061461924832
2.015,4,mcgs,0.0,4.074089999995817
2.015,4,pos,-0.0,4.074089999995817
2.015,4,sbps,-0.0,4.074089999995817
2.015,4,prculs-d,-0.0,4.074089999995817
2.015,4,prcus-p,0.0,4.074089999995817
2.015,4,prcus-i,-0.0,4.074089999995817
2.015,4,prcus-a,-0.0,4.074089999995817
2.015,4,ifrms,-0.0,4.074089999995817
2.015,4,sspls-v,-0.0,4.074089999995817
2.015,5,mcgs,0.0,4.08128078817734
2.015,5,pos,-0.0,4.08128078817734
2.015,5,sbps,-0.0,4.08128078817734
2.015,5,prculs-d,-0.0,4.08128078817734
2.015,5,prcus-p,0.0,4.08128078817734
2.015,5,prcus-i,-0.0,4.08128078817734
2.015,5,prcus-a,-0.0,4.08128078817734
2.015,5,ifrms,-0.0,4.08128078817734
2.015,5,sspls-v,0.0,4.08128078817734
2.015,6,mcgs,0.0,3.9901477832512313
2.015,6,pos,-0.0,3.9901477832512313
2.015,6,sbps,-0.0,3.9901477832512313
2.015,6,prculs-d,-0.0,3.9901477832512313
2.015,6,prcus-p,0.0,3.9901477832512313
2.015,6,prcus-i,-0.0,3.9901477832512313
2.015,6,prcus-a,-0.0,3.9901477832512313
2.015,6,ifrms,-0.0,3.9901477832512313
2.015,6,sspls-v,0.0,3.9901477832512313
2.015,7,mcgs,0.0,4.219211822660099
2.015,7,pos,-0.0,4.219211822660099
2.015,7,sbps,-0.0,4.219211822660099
2.015,7,prculs-d,-0.0,4.219211822660099
2.015,7,prcus-p,0.0,4.219211822660099
2.015,7,prcus-i,-0.0,4.219211822660099
2.015,7,prcus-a,-0.0,4.219211822660099
2.015,7,ifrms,-0.0,4.219211822660099
2.015,7,sspls-v,-0.0,4.219211822660099
2.015,8,mcgs,0.0,4.152397205084819
2.015,8,pos,-0.0,4.152397205084819
2.015,8,sbps,-0.0,4.152397205084819
2.015,8,prculs-d,-0.0,4.152397205084819
2.015,8,prcus-p,0.0,4.152397205084819
2.015,8,prcus-i,-0.0,4.152397205084819
2.015,8,prcus-a,-0.0,4.152397205084819
2.015,8,ifrms,-0.0,4.152397205084819
2.015,8,sspls-v,-0.0,4.152397205084819
2.015,9,mcgs,0.0,4.18472906403941
2.015,9,pos,-0.0,4.18472906403941
2.015,9,sbps,-0.0,4.18472906403941
2.015,9,prculs-d,-0.0,4.18472906403941
2.015,9,prcus-p,0.0,4.18472906403941
2.015,9,prcus-i,-0.0,4.18472906403941
2.015,9,prcus-a,-0.0,4.18472906403941
2.015,9,ifrms,-0.0,4.18472906403941
2.015,9,sspls-v,-0.0,4.18472906403941
2.015,10,mcgs,0.0,4.044334975369458
2.015,10,pos,-0.0,4.044334975369458
2.015,10,sbps,-0.0,4.044334975369458
2.015,10,prculs-d,-0.0,4.044334975369458
2.015,10,prcus-p,0.0,4.044334975369458
2.015,10,prcus-i,-0.0,4.044334975369458
2.015,10,prcus-a,-0.0,4.044334975369458
2.015,10,ifrms,-0.0,4.044334975369458
2.015,10,sspls-v,-0.0,4.044334975369458
2.015,11,mcgs,0.0,4.18472906403941
2.015,11,pos,-0.0,4.18472906403941
2.015,11,sbps,-0.0,4.18472906403941
2.015,11,prculs-d,-0.0,4.18472906403941
2.015,11,prcus-p,0.0,4.18472906403941
2.015,11,prcus-i,-0.0,4.18472906403941
2.015,11,prcus-a,-0.0,4.18472906403941
2.015,11,ifrms,-0.0,4.18472906403941
2.015,11,sspls-v,-0.0,4.18472906403941
2.015,12,mcgs,0.0,4.219585000969673
2.015,12,pos,-0.0,4.219585000969673
2.015,12,sbps,-0.0,4.219585000969673
2.015,12,prculs-d,-0.0,4.219585000969673
2.015,12,prcus-p,0.0,4.219585000969673
2.015,12,prcus-i,-0.0,4.219585000969673
2.015,12,prcus-a,-0.0,4.219585000969673
2.015,12,ifrms,-0.0,4.219585000969673
2.015,12,sspls-v,-0.0,4.219585000969673
2.015,13,mcgs,0.0,3.964000135434265
2.015,13,pos,-0.0,3.964000135434265
2.015,13,sbps,-0.0,3.964000135434265
2.015,13,prculs-d,-0.0,3.964000135434265
2.015,13,prcus-p,0.0,3.964000135434265
2.015,13,prcus-i,-0.0,3.964000135434265
2.015,13,prcus-a,0.0,3.964000135434265
2.015,13,ifrms,0.0,3.964000135434265
2.015,13,sspls-v,-0.0,3.964000135434265
2.015,14,mcgs,0.0,4.150246305418718
2.015,14,pos,-0.0,4.150246305418718
2.015,14,sbps,-0.0,4.150246305418718
2.015,14,prculs-d,-0.0,4.150246305418718
2.015,14,prcus-p,0.0,4.150246305418718
2.015,14,prcus-i,-0.0,4.150246305418718
2.015,14,prcus-a,-0.0,4.150246305418718
2.015,14,ifrms,-0.0,4.150246305418718
2.015,14,sspls-v,-0.0,4.150246305418718
2.015,15,mcgs,0.0,4.110839658997003
2.015,15,pos,-0.0,4.110839658997003
2.015,15,sbps,-0.0,4.110839658997003
2.015,15,prculs-d,-0.0,4.110839658997003
2.015,15,prcus-p,0.0,4.110839658997003
2.015,15,prcus-i,-0.0,4.110839658997003
2.015,15,prcus-a,-0.0,4.110839658997003
2.015,15,ifrms,-0.0,4.110839658997003
2.015,15,sspls-v,-0.0,4.110839658997003
2.015,16,mcgs,0.0,4.219211822660099
2.015,16,pos,-0.0,4.219211822660099
2.015,16,sbps,-0.0,4.219211822660099
2.015,16,prculs-d,-0.0,4.219211822660099
2.015,16,prcus-p,0.0,4.219211822660099
2.015,16,prcus-i,-0.0,4.219211822660099
2.015,16,prcus-a,-0.0,4.219211822660099
2.015,16,ifrms,-0.0,4.219211822660099
2.015,16,sspls-v,-0.0,4.219211822660099
2.015,17,mcgs,0.0,3.839901477832512
2.015,17,pos,-0.0,3.839901477832512
2.015,17,sbps,-0.0,3.839901477832512
2.015,17,prculs-d,-0.0,3.839901477832512
2.015,17,prcus-p,0.0,3.839901477832512
2.015,17,prcus-i,-0.0,3.839901477832512
2.015,17,prcus-a,-0.0,3.839901477832512
2.015,17,ifrms,-0.0,3.839901477832512
2.015,17,sspls-v,0.0,3.839901477832512
2.015,18,mcgs,0.0,4.219211822660099
2.015,18,pos,-0.0,4.219211822660099
2.015,18,sbps,-0.0,4.219211822660099
2.015,18,prculs-d,-0.0,4.219211822660099
2.015,18,prcus-p,0.0,4.219211822660099
2.015,18,prcus-i,-0.0,4.219211822660099
2.015,18,prcus-a,-0.0,4.219211822660099
2.015,18,ifrms,-0.0,4.219211822660099
2.015,18,sspls-v,-0.0,4.219211822660099
2.015,19,mcgs,0.0,4.0467980295566495
2.015,19,pos,-0.0,4.0467980295566495
2.015,19,sbps,-0.0,4.0467980295566495
2.015,19,prculs-d,-0.0,4.0467980295566495
2.015,19,prcus-p,0.0,4.0467980295566495
2.015,19,prcus-i,-0.0,4.0467980295566495
2.015,19,prcus-a,-0.0,4.0467980295566495
2.015,19,ifrms,-0.0,4.0467980295566495
2.015,19,sspls-v,-0.0,4.0467980295566495
2.015,20,mcgs,0.0,4.017241379310345
2.015,20,pos,-0.0,4.017241379310345
2.015,20,sbps,-0.0,4.017241379310345
2.015,20,prculs-d,-0.0,4.017241379310345
2.015,20,prcus-p,0.0,4.017241379310345
2.015,20,prcus-i,-0.0,4.017241379310345
2.015,20,prcus-a,-0.0,4.017241379310345
2.015,20,ifrms,-0.0,4.017241379310345
2.015,20,sspls-v,-0.0,4.017241379310345
2.015,21,mcgs,0.0,4.0467980295566495
2.015,21,pos,-0.0,4.0467980295566495
2.015,21,sbps,-0.0,4.0467980295566495
2.015,21,prculs-d,-0.0,4.0467980295566495
2.015,21,prcus-p,0.0,4.0467980295566495
2.015,21,prcus-i,-0.0,4.0467980295566495
2.015,21,prcus-a,-0.0,4.0467980295566495
2.015,21,ifrms,-0.0,4.0467980295566495
2.015,21,sspls-v,-0.0,4.0467980295566495
2.015,22,mcgs,0.0,4.18472906403941
2.015,22,pos,-0.0,4.18472906403941
2.015,22,sbps,-0.0,4.18472906403941
2.015,22,prculs-d,-0.0,4.18472906403941
2.015,22,prcus-p,0.0,4.18472906403941
2.015,22,prcus-i,-0.0,4.18472906403941
2.015,22,prcus-a,-0.0,4.18472906403941
2.015,22,ifrms,-0.0,4.18472906403941
2.015,22,sspls-v,-0.0,4.18472906403941
2.015,23,mcgs,0.0,4.219211822660099
2.015,23,pos,-0.0,4.219211822660099
2.015,23,sbps,-0.0,4.219211822660099
2.015,23,prculs-d,-0.0,4.219211822660099
2.015,23,prcus-p,0.0,4.219211822660099
2.015,23,prcus-i,-0.0,4.219211822660099
2.015,23,prcus-a,-0.0,4.219211822660099
2.015,23,ifrms,-0.0,4.219211822660099
2.015,23,sspls-v,-0.0,4.219211822660099
2.015,24,mcgs,0.0,4.115763546798029
2.015,24,pos,-0.0,4.115763546798029
2.015,24,sbps,-0.0,4.115763546798029
2.015,24,prculs-d,-0.0,4.115763546798029
2.015,24,prcus-p,0.0,4.115763546798029
2.015,24,prcus-i,-0.0,4.115763546798029
2.015,24,prcus-a,-0.0,4.115763546798029
2.015,24,ifrms,-0.0,4.115763546798029
2.015,24,sspls-v,0.0,4.115763546798029
2.015,25,mcgs,0.0,4.071428571428571
2.015,25,pos,-0.0,4.071428571428571
2.015,25,sbps,-0.0,4.071428571428571
2.015,25,prculs-d,-0.0,4.071428571428571
2.015,25,prcus-p,0.0,4.071428571428571
2.015,25,prcus-i,-0.0,4.071428571428571
2.015,25,prcus-a,-0.0,4.071428571428571
2.015,25,ifrms,-0.0,4.071428571428571
2.015,25,sspls-v,0.0,4.071428571428571
2.015,26,mcgs,0.0,3.908866995073892
2.015,26,pos,-0.0,3.908866995073892
2.015,26,sbps,-0.0,3.908866995073892
2.015,26,prculs-d,-0.0,3.908866995073892
2.015,26,prcus-p,0.0,3.908866995073892
2.015,26,prcus-i,-0.0,3.908866995073892
2.015,26,prcus-a,-0.0,3.908866995073892
2.015,26,ifrms,0.0,3.908866995073892
2.015,26,sspls-v,-0.0,3.908866995073892
2.015,27,mcgs,0.0,4.189655172413793
2.015,27,pos,-0.0,4.189655172413793
2.015,27,sbps,-0.0,4.189655172413793
2.015,27,prculs-d,-0.0,4.189655172413793
2.015,27,prcus-p,0.0,4.189655172413793
2.015,27,prcus-i,-0.0,4.189655172413793
2.015,27,prcus-a,-0.0,4.189655172413793
2.015,27,ifrms,-0.0,4.189655172413793
2.015,27,sspls-v,-0.0,4.189655172413793
2.015,28,mcgs,0.0,4.071428571428571
2.015,28,pos,-0.0,4.071428571428571
2.015,28,sbps,-0.0,4.071428571428571
2.015,28,prculs-d,-0.0,4.071428571428571
2.015,28,prcus-p,0.0,4.071428571428571
2.015,28,prcus-i,-0.0,4.071428571428571
2.015,28,prcus-a,-0.0,4.071428571428571
2.015,28,ifrms,0.0,4.071428571428571
2.015,28,sspls-v,0.0,4.071428571428571
2.015,29,mcgs,0.0,3.9433497536945823
2.015,29,pos,-0.0,3.9433497536945823
2.015,29,sbps,-0.0,3.9433497536945823
2.015,29,prculs-d,-0.0,3.9433497536945823
2.015,29,prcus-p,0.0,3.9433497536945823
2.015,29,prcus-i,-0.0,3.9433497536945823
2.015,29,prcus-a,-0.0,3.9433497536945823
2.015,29,ifrms,0.0,3.9433497536945823
2.015,29,sspls-v,0.0,3.9433497536945823
2.154,0,mcgs,0.0,4.071428571428571
2.154,0,pos,-0.0,4.071428571428571
2.154,0,sbps,-0.0,4.071428571428571
2.154,0,prculs-d,-0.0,4.071428571428571
2.154,0,prcus-p,0.0,4.071428571428571
2.154,0,prcus-i,-0.0,4.071428571428571
2.154,0,prcus-a,-0.0,4.071428571428571
2.154,0,ifrms,-0.0,4.071428571428571
2.154,0,sspls-v,-0.0,4.071428571428571
2.154,1,mcgs,0.0,4.110837438423645
2.154,1,pos,-0.0,4.110837438423645
2.154,1,sbps,-0.0,4.110837438423645
2.154,1,prculs-d,-0.0,4.110837438423645
2.154,1,prcus-p,0.0,4.110837438423645
2.154,1,prcus-i,-0.0,4.110837438423645
2.154,1,prcus-a,-0.0,4.110837438423645
2.154,1,ifrms,-0.0,4.110837438423645
2.154,1,sspls-v,0.0,4.110837438423645
2.154,2,mcgs,0.0,3.9630541871921188
2.154,2,pos,-0.0,3.9630541871921188
2.154,2,sbps,-0.0,3.9630541871921188
2.154,2,prculs-d,-0.0,3.9630541871921188
2.154,2,prcus-p,0.0,3.9630541871921188
2.154,2,prcus-i,-0.0,3.9630541871921188
2.154,2,prcus-a,-0.0,3.9630541871921188
2.154,2,ifrms,0.0,3.9630541871921188
2.154,2,sspls-v,-0.0,3.9630541871921188
2.154,3,mcgs,0.0,3.908866995073892
2.154,3,pos,-0.0,3.908866995073892
2.154,3,sbps,-0.0,3.908866995073892
2.154,3,prculs-d,-0.0,3.908866995073892
2.154,3,prcus-p,-0.0,3.908866995073892
2.154,3,prcus-i,-0.0,3.908866995073892
2.154,3,prcus-a,-0.0,3.908866995073892
2.154,3,ifrms,-0.0,3.908866995073892
2.154,3,sspls-v,-0.0,3.908866995073892
2.154,4,mcgs,0.0,4.071428571428571
2.154,4,pos,-0.0,4.071428571428571
2.154,4,sbps,-0.0,4.071428571428571
2.154,4,prculs-d,-0.0,4.071428571428571
2.154,4,prcus-p,0.0,4.071428571428571
2.154,4,prcus-i,-0.0,4.071428571428571
2.154,4,prcus-a,-0.0,4.071428571428571
2.154,4,ifrms,-0.0,4.071428571428571
2.154,4,sspls-v,-0.0,4.071428571428571
2.154,5,mcgs,0.0,4.08128078817734
2.154,5,pos,-0.0,4.08128078817734
2.154,5,sbps,-0.0,4.08128078817734
2.154,5,prculs-d,-0.0,4.08128078817734
2.154,5,prcus-p,0.0,4.08128078817734
2.154,5,prcus-i,-0.0,4.08128078817734
2.154,5,prcus-a,-0.0,4.08128078817734
2.154,5,ifrms,-0.0,4.08128078817734
2.154,5,sspls-v,0.0,4.08128078817734
2.154,6,mcgs,0.0,3.9901477832512313
2.154,6,pos,-0.0,3.9901477832512313
2.154,6,sbps,-0.0,3.9901477832512313
2.154,6,prculs-d,-0.0,3.9901477832512313
2.154,6,prcus-p,0.0,3.9901477832512313
2.154,6,prcus-i,-0.0,3.9901477832512313
2.154,6,prcus-a,-0.0,3.9901477832512313
2.154,6,ifrms,-0.0,3.9901477832512313
2.154,6,sspls-v,0.0,3.9901477832512313
2.154,7,mcgs,0.0,4.219211822660099
2.154,7,pos,-0.0,4.219211822660099
2.154,7,sbps,-0.0,4.219211822660099
2.154,7,prculs-d,-0.0,4.219211822660099
2.154,7,prcus-p,0.0,4.219211822660099
2.154,7,prcus-i,-0.0,4.219211822660099
2.154,7,prcus-a,-0.0,4.219211822660099
2.154,7,ifrms,-0.0,4.219211822660099
2.154,7,sspls-v,-0.0,4.219211822660099
2.154,8,mcgs,0.0,4.150246305418718
2.154,8,pos,-0.0,4.150246305418718
2.154,8,sbps,-0.0,4.150246305418718
2.154,8,prculs-d,-0.0,4.150246305418718
2.154,8,prcus-p,0.0,4.150246305418718
2.154,8,prcus-i,-0.0,4.150246305418718
2.154,8,prcus-a,-0.0,4.150246305418718
2.154,8,ifrms,-0.0,4.150246305418718
2.154,8,sspls-v,-0.0,4.150246305418718
2.154,9,mcgs,0.0,4.18472906403941
2.154,9,pos,-0.0,4.18472906403941
2.154,9,sbps,-0.0,4.18472906403941
2.154,9,prculs-d,-0.0,4.18472906403941
2.154,9,prcus-p,0.0,4.18472906403941
2.154,9,prcus-i,-0.0,4.18472906403941
2.154,9,prcus-a,-0.0,4.18472906403941
2.154,9,ifrms,-0.0,4.18472906403941
2.154,9,sspls-v,-0.0,4.18472906403941
2.154,10,mcgs,0.0,4.044334975369458
2.154,10,pos,-0.0,4.044334975369458
2.154,10,sbps,-0.0,4.044334975369458
2.154,10,prculs-d,-0.0,4.044334975369458
2.154,10,prcus-p,0.0,4.044334975369458
2.154,10,prcus-i,-0.0,4.044334975369458
2.154,10,prcus-a,-0.0,4.044334975369458
2.154,10,ifrms,-0.0,4.044334975369458
2.154,10,sspls-v,-0.0,4.044334975369458
2.154,11,mcgs,0.0,4.18472906403941
2.154,11,pos,-0.0,4.18472906403941
2.154,11,sbps,-0.0,4.18472906403941
2.154,11,prculs-d,-0.0,4.18472906403941
2.154,11,prcus-p,0.0,4.18472906403941
2.154,11,prcus-i,-0.0,4.18472906403941
2.154,11,prcus-a,-0.0,4.18472906403941
2.154,11,ifrms,-0.0,4.18472906403941
2.154,11,sspls-v,-0.0,4.18472906403941
2.154,12,mcgs,0.0,4.219211822660099
2.154,12,pos,-0.0,4.219211822660099
2.154,12,sbps,-0.0,4.219211822660099
2.154,12,prculs-d,-0.0,4.219211822660099
2.154,12,prcus-p,0.0,4.219211822660099
2.154,12,prcus-i,-0.0,4.219211822660099
2.154,12,prcus-a,-0.0,4.219211822660099
2.154,12,ifrms,-0.0,4.219211822660099
2.154,12,sspls-v,-0.0,4.219211822660099
2.154,13,mcgs,0.0,3.9630541871921188
2.154,13,pos,-0.0,3.9630541871921188
2.154,13,sbps,-0.0,3.9630541871921188
2.154,13,prculs-d,-0.0,3.9630541871921188
2.154,13,prcus-p,0.0,3.9630541871921188
2.154,13,prcus-i,-0.0,3.9630541871921188
2.154,13,prcus-a,0.0,3.9630541871921188
2.154,13,ifrms,0.0,3.9630541871921188
2.154,13,sspls-v,-0.0,3.9630541871921188
2.154,14,mcgs,0.0,4.150246305418718
2.154,14,pos,-0.0,4.150246305418718
2.154,14,sbps,-0.0,4.150246305418718
2.154,14,prculs-d,-0.0,4.150246305418718
2.154,14,prcus-p,0.0,4.150246305418718
2.154,14,prcus-i,-0.0,4.150246305418718
2.154,14,prcus-a,-0.0,4.150246305418718
2.154,14,ifrms,-0.0,4.150246305418718
2.154,14,sspls-v,-0.0,4.150246305418718
2.154,15,mcgs,0.0,4.110837438423645
2.154,15,pos,-0.0,4.110837438423645
2.154,15,sbps,-0.0,4.110837438423645
2.154,15,prculs-d,-0.0,4.110837438423645
2.154,15,prcus-p,0.0,4.110837438423645
2.154,15,prcus-i,-0.0,4.110837438423645
2.154,15,prcus-a,-0.0,4.110837438423645
2.154,15,ifrms,-0.0,4.110837438423645
2.154,15,sspls-v,-0.0,4.110837438423645
2.154,16,mcgs,0.0,4.219211822660099
2.154,16,pos,-0.0,4.219211822660099
2.154,16,sbps,-0.0,4.219211822660099
2.154,16,prculs-d,-0.0,4.219211822660099
2.154,16,prcus-p,0.0,4.219211822660099
2.154,16,prcus-i,-0.0,4.219211822660099
2.154,16,prcus-a,-0.0,4.219211822660099
2.154,16,ifrms,-0.0,4.219211822660099
2.154,16,sspls-v,-0.0,4.219211822660099
2.154,17,mcgs,0.0,3.839901477832512
2.154,17,pos,-0.0,3.839901477832512
2.154,17,sbps,-0.0,3.839901477832512
2.154,17,prculs-d,-0.0,3.839901477832512
2.154,17,prcus-p,0.0,3.839901477832512
2.154,17,prcus-i,-0.0,3.839901477832512
2.154,17,prcus-a,-0.0,3.839901477832512
2.154,17,ifrms,-0.0,3.839901477832512
2.154,17,sspls-v,0.0,3.839901477832512
2.154,18,mcgs,0.0,4.219211822660099
2.154,18,pos,-0.0,4.219211822660099
2.154,18,sbps,-0.0,4.219211822660099
2.154,18,prculs-d,-0.0,4.219211822660099
2.154,18,prcus-p,0.0,4.219211822660099
2.154,18,prcus-i,-0.0,4.219211822660099
2.154,18,prcus-a,-0.0,4.219211822660099
2.154,18,ifrms,-0.0,4.219211822660099
2.154,18,sspls-v,-0.0,4.219211822660099
2.154,19,mcgs,0.0,4.0467980295566495
2.154,19,pos,-0.0,4.0467980295566495
2.154,19,sbps,-0.0,4.0467980295566495
2.154,19,prculs-d,-0.0,4.0467980295566495
2.154,19,prcus-p,0.0,4.0467980295566495
2.154,19,prcus-i,-0.0,4.0467980295566495
2.154,19,prcus-a,-0.0,4.0467980295566495
2.154,19,ifrms,-0.0,4.0467980295566495
2.154,19,sspls-v,-0.0,4.0467980295566495
2.154,20,mcgs,0.0,4.017241379310345
2.154,20,pos,-0.0,4.017241379310345
2.154,20,sbps,-0.0,4.017241379310345
2.154,20,prculs-d,-0.0,4.017241379310345
2.154,20,prcus-p,0.0,4.017241379310345
2.154,20,prcus-i,-0.0,4.017241379310345
2.154,20,prcus-a,-0.0,4.017241379310345
2.154,20,ifrms,-0.0,4.017241379310345
2.154,20,sspls-v,-0.0,4.017241379310345
2.154,21,mcgs,0.0,4.0467980295566495
2.154,21,pos,-0.0,4.0467980295566495
2.154,21,sbps,-0.0,4.0467980295566495
2.154,21,prculs-d,-0.0,4.0467980295566495
2.154,21,prcus-p,0.0,4.0467980295566495
2.154,21,prcus-i,-0.0,4.0467980295566495
2.154,21,prcus-a,-0.0,4.0467980295566495
2.154,21,ifrms,-0.0,4.0467980295566495
2.154,21,sspls-v,-0.0,4.0467980295566495
2.154,22,mcgs,0.0,4.18472906403941
2.154,22,pos,-0.0,4.18472906403941
2.154,22,sbps,-0.0,4.18472906403941
2.154,22,prculs-d,-0.0,4.18472906403941
2.154,22,prcus-p,0.0,4.18472906403941
2.154,22,prcus-i,-0.0,4.18472906403941
2.154,22,prcus-a,-0.0,4.18472906403941
2.154,22,ifrms,-0.0,4.18472906403941
2.154,22,sspls-v,-0.0,4.18472906403941
2.154,23,mcgs,0.0,4.219211822660099
2.154,23,pos,-0.0,4.219211822660099
2.154,23,sbps,-0.0,4.219211822660099
2.154,23,prculs-d,-0.0,4.219211822660099
2.154,23,prcus-p,0.0,4.219211822660099
2.154,23,prcus-i,-0.0,4.219211822660099
2.154,23,prcus-a,-0.0,4.219211822660099
2.154,23,ifrms,-0.0,4.219211822660099
2.154,23,sspls-v,-0.0,4.219211822660099
2.154,24,mcgs,0.0,4.115763546798029
2.154,24,pos,-0.0,4.115763546798029
2.154,24,sbps,-0.0,4.115763546798029
2.154,24,prculs-d,-0.0,4.115763546798029
2.154,24,prcus-p,0.0,4.115763546798029
2.154,24,prcus-i,-0.0,4.115763546798029
2.154,24,prcus-a,-0.0,4.115763546798029
2.154,24,ifrms,-0.0,4.115763546798029
2.154,24,sspls-v,0.0,4.115763546798029
2.154,25,mcgs,0.0,4.071428571428571
2.154,25,pos,-0.0,4.071428571428571
2.154,25,sbps,-0.0,4.071428571428571
2.154,25,prculs-d,-0.0,4.071428571428571
2.154,25,prcus-p,0.0,4.071428571428571
2.154,25,prcus-i,-0.0,4.071428571428571
2.154,25,prcus-a,-0.0,4.071428571428571
2.154,25,ifrms,-0.0,4.071428571428571
2.154,25,sspls-v,0.0,4.071428571428571
2.154,26,mcgs,0.0,3.908866995073892
2.154,26,pos,-0.0,3.908866995073892
2.154,26,sbps,-0.0,3.908866995073892
2.154,26,prculs-d,-0.0,3.908866995073892
2.154,26,prcus-p,0.0,3.908866995073892
2.154,26,prcus-i,-0.0,3.908866995073892
2.154,26,prcus-a,-0.0,3.908866995073892
2.154,26,ifrms,0.0,3.908866995073892
2.154,26,sspls-v,-0.0,3.908866995073892
2.154,27,mcgs,0.0,4.189655172413793
2.154,27,pos,-0.0,4.189655172413793
2.154,27,sbps,-0.0,4.189655172413793
2.154,27,prculs-d,-0.0,4.189655172413793
2.154,27,prcus-p,0.0,4.189655172413793
2.154,27,prcus-i,-0.0,4.189655172413793
2.154,27,prcus-a,-0.0,4.189655172413793
2.154,27,ifrms,-0.0,4.189655172413793
2.154,27,sspls-v,-0.0,4.189655172413793
2.154,28,mcgs,0.0,4.071428571428571
2.154,28,pos,-0.0,4.071428571428571
2.154,28,sbps,-0.0,4.071428571428571
2.154,28,prculs-d,-0.0,4.071428571428571
2.154,28,prcus-p,0.0,4.071428571428571
2.154,28,prcus-i,-0.0,4.071428571428571
2.154,28,prcus-a,-0.0,4.071428571428571
2.154,28,ifrms,0.0,4.071428571428571
2.154,28,sspls-v,0.0,4.071428571428571
2.154,29,mcgs,0.0,3.9433497536945823
2.154,29,pos,-0.0,3.9433497536945823
2.154,29,sbps,-0.0,3.9433497536945823
2.154,29,prculs-d,-0.0,3.9433497536945823
2.154,29,prcus-p,0.0,3.9433497536945823
2.154,29,prcus-i,-0.0,3.9433497536945823
2.154,29,prcus-a,-0.0,3.9433497536945823
2.154,29,ifrms,0.0,3.9433497536945823
2.154,29,sspls-v,0.0,3.9433497536945823
2.303,0,mcgs,0.0,4.071428571428571
2.303,0,pos,-0.0,4.071428571428571
2.303,0,sbps,-0.0,4.071428571428571
2.303,0,prculs-d,-0.0,4.071428571428571
2.303,0,prcus-p,0.0,4.071428571428571
2.303,0,prcus-i,-0.0,4.071428571428571
2.303,0,prcus-a,-0.0,4.071428571428571
2.303,0,ifrms,-0.0,4.071428571428571
2.303,0,sspls-v,-0.0,4.071428571428571
2.303,1,mcgs,0.0,4.110837438423645
2.303,1,pos,-0.0,4.110837438423645
2.303,1,sbps,-0.0,4.110837438423645
2.303,1,prculs-d,-0.0,4.110837438423645
2.303,1,prcus-p,0.0,4.110837438423645
2.303,1,prcus-i,-0.0,4.110837438423645
2.303,1,prcus-a,-0.0,4.110837438423645
2.303,1,ifrms,-0.0,4.110837438423645
2.303,1,sspls-v,0.0,4.110837438423645
2.303,2,mcgs,0.0,3.9630541871921188
2.303,2,pos,-0.0,3.9630541871921188
2.303,2,sbps,-0.0,3.9630541871921188
2.303,2,prculs-d,-0.0,3.9630541871921188
2.303,2,prcus-p,0.0,3.9630541871921188
2.303,2,prcus-i,-0.0,3.9630541871921188
2.303,2,prcus-a,-0.0,3.9630541871921188
2.303,2,ifrms,0.0,3.9630541871921188
2.303,2,sspls-v,-0.0,3.9630541871921188
2.303,3,mcgs,0.0,3.908866995073892
2.303,3,pos,-0.0,3.908866995073892
2.303,3,sbps,-0.0,3.908866995073892
2.303,3,prculs-d,-0.0,3.908866995073892
2.303,3,prcus-p,-0.0,3.908866995073892
2.303,3,prcus-i,-0.0,3.908866995073892
2.303,3,prcus-a,-0.0,3.908866995073892
2.303,3,ifrms,-0.0,3.908866995073892
2.303,3,sspls-v,-0.0,3.908866995073892
2.303,4,mcgs,0.0,4.071428571428571
2.303,4,pos,-0.0,4.071428571428571
2.303,4,sbps,-0.0,4.071428571428571
2.303,4,prculs-d,-0.0,4.071428571428571
2.303,4,prcus-p,0.0,4.071428571428571
2.303,4,prcus-i,-0.0,4.071428571428571
2.303,4,prcus-a,-0.0,4.071428571428571
2.303,4,ifrms,-0.0,4.071428571428571
2.303,4,sspls-v,-0.0,4.071428571428571
2.303,5,mcgs,0.0,4.08128078817734
2.303,5,pos,-0.0,4.08128078817734
2.303,5,sbps,-0.0,4.08128078817734
2.303,5,prculs-d,-0.0,4.08128078817734
2.303,5,prcus-p,0.0,4.08128078817734
2.303,5,prcus-i,-0.0,4.08128078817734
2.303,5,prcus-a,-0.0,4.08128078817734
2.303,5,ifrms,-0.0,4.08128078817734
2.303,5,sspls-v,0.0,4.08128078817734
2.303,6,mcgs,0.0,3.9901477832512313
2.303,6,pos,-0.0,3.9901477832512313
2.303,6,sbps,-0.0,3.9901477832512313
2.303,6,prculs-d,-0.0,3.9901477832512313
2.303,6,prcus-p,0.0,3.9901477832512313
2.303,6,prcus-i,-0.0,3.9901477832512313
2.303,6,prcus-a,-0.0,3.9901477832512313
2.303,6,ifrms,-0.0,3.9901477832512313
2.303,6,sspls-v,0.0,3.9901477832512313
2.303,7,mcgs,0.0,4.219211822660099
2.303,7,pos,-0.0,4.219211822660099
2.303,7,sbps,-0.0,4.219211822660099
2.303,7,prculs-d,-0.0,4.219211822660099
2.303,7,prcus-p,0.0,4.219211822660099
2.303,7,prcus-i,-0.0,4.219211822660099
2.303,7,prcus-a,-0.0,4.219211822660099
2.303,7,ifrms,-0.0,4.219211822660099
2.303,7,sspls-v,-0.0,4.219211822660099
2.303,8,mcgs,0.0,4.150246305418718
2.303,8,pos,-0.0,4.150246305418718
2.303,8,sbps,-0.0,4.150246305418718
2.303,8,prculs-d,-0.0,4.150246305418718
2.303,8,prcus-p,0.0,4.150246305418718
2.303,8,prcus-i,-0.0,4.150246305418718
2.303,8,prcus-a,-0.0,4.150246305418718
2.303,8,ifrms,-0.0,4.150246305418718
2.303,8,sspls-v,-0.0,4.150246305418718
2.303,9,mcgs,0.0,4.18472906403941
2.303,9,pos,-0.0,4.18472906403941
2.303,9,sbps,-0.0,4.18472906403941
2.303,9,prculs-d,-0.0,4.18472906403941
2.303,9,prcus-p,0.0,4.18472906403941
2.303,9,prcus-i,-0.0,4.18472906403941
2.303,9,prcus-a,-0.0,4.18472906403941
2.303,9,ifrms,-0.0,4.18472906403941
2.303,9,sspls-v,-0.0,4.18472906403941
2.303,10,mcgs,0.0,4.044334975369458
2.303,10,pos,-0.0,4.044334975369458
2.303,10,sbps,-0.0,4.044334975369458
2.303,10,prculs-d,-0.0,4.044334975369458
2.303,10,prcus-p,0.0,4.044334975369458
2.303,10,prcus-i,-0.0,4.044334975369458
2.303,10,prcus-a,-0.0,4.044334975369458
2.303,10,ifrms,-0.0,4.044334975369458
2.303,10,sspls-v,-0.0,4.044334975369458
2.303,11,mcgs,0.0,4.18472906403941
2.303,11,pos,-0.0,4.18472906403941
2.303,11,sbps,-0.0,4.18472906403941
2.303,11,prculs-d,-0.0,4.18472906403941
2.303,11,prcus-p,0.0,4.18472906403941
2.303,11,prcus-i,-0.0,4.18472906403941
2.303,11,prcus-a,-0.0,4.18472906403941
2.303,11,ifrms,-0.0,4.18472906403941
2.303,11,sspls-v,-0.0,4.18472906403941
2.303,12,mcgs,0.0,4.219211822660099
2.303,12,pos,-0.0,4.219211822660099
2.303,12,sbps,-0.0,4.219211822660099
2.303,12,prculs-d,-0.0,4.219211822660099
2.303,12,prcus-p,0.0,4.219211822660099
2.303,12,prcus-i,-0.0,4.219211822660099
2.303,12,prcus-a,-0.0,4.219211822660099
2.303,12,ifrms,-0.0,4.219211822660099
2.303,12,sspls-v,-0.0,4.219211822660099
2.303,13,mcgs,0.0,3.9630541871921188
2.303,13,pos,-0.0,3.9630541871921188
2.303,13,sbps,-0.0,3.9630541871921188
2.303,13,prculs-d,-0.0,3.9630541871921188
2.303,13,prcus-p,0.0,3.9630541871921188
2.303,13,prcus-i,-0.0,3.9630541871921188
2.303,13,prcus-a,0.0,3.9630541871921188
2.303,13,ifrms,0.0,3.9630541871921188
2.303,13,sspls-v,-0.0,3.9630541871921188
2.303,14,mcgs,0.0,4.150246305418718
2.303,14,pos,-0.0,4.150246305418718
2.303,14,sbps,-0.0,4.150246305418718
2.303,14,prculs-d,-0.0,4.150246305418718
2.303,14,prcus-p,0.0,4.150246305418718
2.303,14,prcus-i,-0.0,4.150246305418718
2.303,14,prcus-a,-0.0,4.150246305418718
2.303,14,ifrms,-0.0,4.150246305418718
2.303,14,sspls-v,-0.0,4.150246305418718
2.303,15,mcgs,0.0,4.110837438423645
2.303,15,pos,-0.0,4.110837438423645
2.303,15,sbps,-0.0,4.110837438423645
2.303,15,prculs-d,-0.0,4.110837438423645
2.303,15,prcus-p,0.0,4.110837438423645
2.303,15,prcus-i,-0.0,4.110837438423645
2.303,15,prcus-a,-0.0,4.110837438423645
2.303,15,ifrms,-0.0,4.110837438423645
2.303,15,sspls-v,-0.0,4.110837438423645
2.303,16,mcgs,0.0,4.219211822660099
2.303,16,pos,-0.0,4.219211822660099
2.303,16,sbps,-0.0,4.219211822660099
2.303,16,prculs-d,-0.0,4.219211822660099
2.303,16,prcus-p,0.0,4.219211822660099
2.303,16,prcus-i,-0.0,4.219211822660099
2.303,16,prcus-a,-0.0,4.219211822660099
2.303,16,ifrms,-0.0,4.219211822660099
2.303,16,sspls-v,-0.0,4.219211822660099
2.303,17,mcgs,0.0,3.839901477832512
2.303,17,pos,-0.0,3.839901477832512
2.303,17,sbps,-0.0,3.839901477832512
2.303,17,prculs-d,-0.0,3.839901477832512
2.303,17,prcus-p,0.0,3.839901477832512
2.303,17,prcus-i,-0.0,3.839901477832512
2.303,17,prcus-a,-0.0,3.839901477832512
2.303,17,ifrms,-0.0,3.839901477832512
2.303,17,sspls-v,0.0,3.839901477832512
2.303,18,mcgs,0.0,4.219211822660099
2.303,18,pos,-0.0,4.219211822660099
2.303,18,sbps,-0.0,4.219211822660099
2.303,18,prculs-d,-0.0,4.219211822660099
2.303,18,prcus-p,0.0,4.219211822660099
2.303,18,prcus-i,-0.0,4.219211822660099
2.303,18,prcus-a,-0.0,4.219211822660099
2.303,18,ifrms,-0.0,4.219211822660099
2.303,18,sspls-v,-0.0,4.219211822660099
2.303,19,mcgs,0.0,4.0467980295566495
2.303,19,pos,-0.0,4.0467980295566495
2.303,19,sbps,-0.0,4.0467980295566495
2.303,19,prculs-d,-0.0,4.0467980295566495
2.303,19,prcus-p,0.0,4.0467980295566495
2.303,19,prcus-i,-0.0,4.0467980295566495
2.303,19,prcus-a,-0.0,4.0467980295566495
2.303,19,ifrms,-0.0,4.0467980295566495
2.303,19,sspls-v,-0.0,4.0467980295566495
2.303,20,mcgs,0.0,4.017241379310345
2.303,20,pos,-0.0,4.017241379310345
2.303,20,sbps,-0.0,4.017241379310345
2.303,20,prculs-d,-0.0,4.017241379310345
2.303,20,prcus-p,0.0,4.017241379310345
2.303,20,prcus-i,-0.0,4.017241379310345
2.303,20,prcus-a,-0.0,4.017241379310345
2.303,20,ifrms,-0.0,4.017241379310345
2.303,20,sspls-v,-0.0,4.017241379310345
2.303,21,mcgs,0.0,4.0467980295566495
2.303,21,pos,-0.0,4.0467980295566495
2.303,21,sbps,-0.0,4.0467980295566495
2.303,21,prculs-d,-0.0,4.0467980295566495
2.303,21,prcus-p,0.0,4.0467980295566495
2.303,21,prcus-i,-0.0,4.0467980295566495
2.303,21,prcus-a,-0.0,4.0467980295566495
2.303,21,ifrms,-0.0,4.0467980295566495
2.303,21,sspls-v,-0.0,4.0467980295566495
2.303,22,mcgs,0.0,4.18472906403941
2.303,22,pos,-0.0,4.18472906403941
2.303,22,sbps,-0.0,4.18472906403941
2.303,22,prculs-d,-0.0,4.18472906403941
2.303,22,prcus-p,0.0,4.18472906403941
2.303,22,prcus-i,-0.0,4.18472906403941
2.303,22,prcus-a,-0.0,4.18472906403941
2.303,22,ifrms,-0.0,4.18472906403941
2.303,22,sspls-v,-0.0,4.18472906403941
2.303,23,mcgs,0.0,4.219211822660099
2.303,23,pos,-0.0,4.219211822660099
2.303,23,sbps,-0.0,4.219211822660099
2.303,23,prculs-d,-0.0,4.219211822660099
2.303,23,prcus-p,0.0,4.219211822660099
2.303,23,prcus-i,-0.0,4.219211822660099
2.303,23,prcus-a,-0.0,4.219211822660099
2.303,23,ifrms,-0.0,4.219211822660099
2.303,23,sspls-v,-0.0,4.219211822660099
2.303,24,mcgs,0.0,4.115763546798029
2.303,24,pos,-0.0,4.115763546798029
2.303,24,sbps,-0.0,4.115763546798029
2.303,24,prculs-d,-0.0,4.115763546798029
2.303,24,prcus-p,0.0,4.115763546798029
2.303,24,prcus-i,-0.0,4.115763546798029
2.303,24,prcus-a,-0.0,4.115763546798029
2.303,24,ifrms,-0.0,4.115763546798029
2.303,24,sspls-v,0.0,4.115763546798029
2.303,25,mcgs,0.0,4.071428571428571
2.303,25,pos,-0.0,4.071428571428571
2.303,25,sbps,-0.0,4.071428571428571
2.303,25,prculs-d,-0.0,4.071428571428571
2.303,25,prcus-p,0.0,4.071428571428571
2.303,25,prcus-i,-0.0,4.071428571428571
2.303,25,prcus-a,-0.0,4.071428571428571
2.303,25,ifrms,-0.0,4.071428571428571
2.303,25,sspls-v,0.0,4.071428571428571
2.303,26,mcgs,0.0,3.908866995073892
2.303,26,pos,-0.0,3.908866995073892
2.303,26,sbps,-0.0,3.908866995073892
2.303,26,prculs-d,-0.0,3.908866995073892
2.303,26,prcus-p,0.0,3.908866995073892
2.303,26,prcus-i,-0.0,3.908866995073892
2.303,26,prcus-a,-0.0,3.908866995073892
2.303,26,ifrms,0.0,3.908866995073892
2.303,26,sspls-v,-0.0,3.908866995073892
2.303,27,mcgs,0.0,4.189655172413793
2.303,27,pos,-0.0,4.189655172413793
2.303,27,sbps,-0.0,4.189655172413793
2.303,27,prculs-d,-0.0,4.189655172413793
2.303,27,prcus-p,0.0,4.189655172413793
2.303,27,prcus-i,-0.0,4.189655172413793
2.303,27,prcus-a,-0.0,4.189655172413793
2.303,27,ifrms,-0.0,4.189655172413793
2.303,27,sspls-v,-0.0,4.189655172413793
2.303,28,mcgs,0.0,4.071428571428571
2.303,28,pos,-0.0,4.071428571428571
2.303,28,sbps,-0.0,4.071428571428571
2.303,28,prculs-d,-0.0,4.071428571428571
2.303,28,prcus-p,0.0,4.071428571428571
2.303,28,prcus-i,-0.0,4.071428571428571
2.303,28,prcus-a,-0.0,4.071428571428571
2.303,28,ifrms,0.0,4.071428571428571
2.303,28,sspls-v,0.0,4.071428571428571
2.303,29,mcgs,0.0,3.9433497536945823
2.303,29,pos,-0.0,3.9433497536945823
2.303,29,sbps,-0.0,3.9433497536945823
2.303,29,prculs-d,-0.0,3.9433497536945823
2.303,29,prcus-p,0.0,3.9433497536945823
2.303,29,prcus-i,-0.0,3.9433497536945823
2.303,29,prcus-a,-0.0,3.9433497536945823
2.303,29,ifrms,0.0,3.9433497536945823
2.303,29,sspls-v,0.0,3.9433497536945823
2.462,0,mcgs,0.0,4.071428571428571
2.462,0,pos,-0.0,4.071428571428571
2.462,0,sbps,-0.0,4.071428571428571
2.462,0,prculs-d,-0.0,4.071428571428571
2.462,0,prcus-p,0.0,4.071428571428571
2.462,0,prcus-i,-0.0,4.071428571428571
2.462,0,prcus-a,-0.0,4.071428571428571
2.462,0,ifrms,-0.0,4.071428571428571
2.462,0,sspls-v,-0.0,4.071428571428571
2.462,1,mcgs,0.0,4.110837438423645
2.462,1,pos,-0.0,4.110837438423645
2.462,1,sbps,-0.0,4.110837438423645
2.462,1,prculs-d,-0.0,4.110837438423645
2.462,1,prcus-p,0.0,4.110837438423645
2.462,1,prcus-i,-0.0,4.110837438423645
2.462,1,prcus-a,-0.0,4.110837438423645
2.462,1,ifrms,-0.0,4.110837438423645
2.462,1,sspls-v,0.0,4.110837438423645
2.462,2,mcgs,0.0,3.9630541871921188
2.462,2,pos,-0.0,3.9630541871921188
2.462,2,sbps,-0.0,3.9630541871921188
2.462,2,prculs-d,-0.0,3.9630541871921188
2.462,2,prcus-p,0.0,3.9630541871921188
2.462,2,prcus-i,-0.0,3.9630541871921188
2.462,2,prcus-a,-0.0,3.9630541871921188
2.462,2,ifrms,0.0,3.9630541871921188
2.462,2,sspls-v,-0.0,3.9630541871921188
2.462,3,mcgs,0.0,3.908866995073892
2.462,3,pos,-0.0,3.908866995073892
2.462,3,sbps,-0.0,3.908866995073892
2.462,3,prculs-d,-0.0,3.908866995073892
2.462,3,prcus-p,-0.0,3.908866995073892
2.462,3,prcus-i,-0.0,3.908866995073892
2.462,3,prcus-a,-0.0,3.908866995073892
2.462,3,ifrms,-0.0,3.908866995073892
2.462,3,sspls-v,-0.0,3.908866995073892
2.462,4,mcgs,0.0,4.071428571428571
2.462,4,pos,-0.0,4.071428571428571
2.462,4,sbps,-0.0,4.071428571428571
2.462,4,prculs-d,-0.0,4.071428571428571
2.462,4,prcus-p,0.0,4.071428571428571
2.462,4,prcus-i,-0.0,4.071428571428571
2.462,4,prcus-a,-0.0,4.071428571428571
2.462,4,ifrms,-0.0,4.071428571428571
2.462,4,sspls-v,-0.0,4.071428571428571
2.462,5,mcgs,0.0,4.08128078817734
2.462,5,pos,-0.0,4.08128078817734
2.462,5,sbps,-0.0,4.08128078817734
2.462,5,prculs-d,-0.0,4.08128078817734
2.462,5,prcus-p,0.0,4.08128078817734
2.462,5,prcus-i,-0.0,4.08128078817734
2.462,5,prcus-a,-0.0,4.08128078817734
2.462,5,ifrms,-0.0,4.08128078817734
2.462,5,sspls-v,0.0,4.08128078817734
2.462,6,mcgs,0.0,3.9901477832512313
2.462,6,pos,-0.0,3.9901477832512313
2.462,6,sbps,-0.0,3.9901477832512313
2.462,6,prculs-d,-0.0,3.9901477832512313
2.462,6,prcus-p,0.0,3.9901477832512313
2.462,6,prcus-i,-0.0,3.9901477832512313
2.462,6,prcus-a,-0.0,3.9901477832512313
2.462,6,ifrms,-0.0,3.9901477832512313
2.462,6,sspls-v,0.0,3.9901477832512313
2.462,7,mcgs,0.0,4.219211822660099
2.462,7,pos,-0.0,4.219211822660099
2.462,7,sbps,-0.0,4.219211822660099
2.462,7,prculs-d,-0.0,4.219211822660099
2.462,7,prcus-p,0.0,4.219211822660099
2.462,7,prcus-i,-0.0,4.219211822660099
2.462,7,prcus-a,-0.0,4.219211822660099
2.462,7,ifrms,-0.0,4.219211822660099
2.462,7,sspls-v,-0.0,4.219211822660099
2.462,8,mcgs,0.0,4.150246305418718
2.462,8,pos,-0.0,4.150246305418718
2.462,8,sbps,-0.0,4.150246305418718
2.462,8,prculs-d,-0.0,4.150246305418718
2.462,8,prcus-p,0.0,4.150246305418718
2.462,8,prcus-i,-0.0,4.150246305418718
2.462,8,prcus-a,-0.0,4.150246305418718
2.462,8,ifrms,-0.0,4.150246305418718
2.462,8,sspls-v,-0.0,4.150246305418718
2.462,9,mcgs,0.0,4.18472906403941
2.462,9,pos,-0.0,4.18472906403941
2.462,9,sbps,-0.0,4.18472906403941
2.462,9,prculs-d,-0.0,4.18472906403941
2.462,9,prcus-p,0.0,4.18472906403941
2.462,9,prcus-i,-0.0,4.18472906403941
2.462,9,prcus-a,-0.0,4.18472906403941
2.462,9,ifrms,-0.0,4.18472906403941
2.462,9,sspls-v,-0.0,4.18472906403941
2.462,10,mcgs,0.0,4.044334975369458
2.462,10,pos,-0.0,4.044334975369458
2.462,10,sbps,-0.0,4.044334975369458
2.462,10,prculs-d,-0.0,4.044334975369458
2.462,10,prcus-p,0.0,4.044334975369458
2.462,10,prcus-i,-0.0,4.044334975369458
2.462,10,prcus-a,-0.0,4.044334975369458
2.462,10,ifrms,-0.0,4.044334975369458
2.462,10,sspls-v,-0.0,4.044334975369458
2.462,11,mcgs,0.0,4.18472906403941
2.462,11,pos,-0.0,4.18472906403941
2.462,11,sbps,-0.0,4.18472906403941
2.462,11,prculs-d,-0.0,4.18472906403941
2.462,11,prcus-p,0.0,4.18472906403941
2.462,11,prcus-i,-0.0,4.18472906403941
2.462,11,prcus-a,-0.0,4.18472906403941
2.462,11,ifrms,-0.0,4.18472906403941
2.462,11,sspls-v,-0.0,4.18472906403941
2.462,12,mcgs,0.0,4.219211822660099
2.462,12,pos,-0.0,4.219211822660099
2.462,12,sbps,-0.0,4.219211822660099
2.462,12,prculs-d,-0.0,4.219211822660099
2.462,12,prcus-p,0.0,4.219211822660099
2.462,12,prcus-i,-0.0,4.219211822660099
2.462,12,prcus-a,-0.0,4.219211822660099
2.462,12,ifrms,-0.0,4.219211822660099
2.462,12,sspls-v,-0.0,4.219211822660099
2.462,13,mcgs,0.0,3.9630541871921188
2.462,13,pos,-0.0,3.9630541871921188
2.462,13,sbps,-0.0,3.9630541871921188
2.462,13,prculs-d,-0.0,3.9630541871921188
2.462,13,prcus-p,0.0,3.9630541871921188
2.462,13,prcus-i,-0.0,3.9630541871921188
2.462,13,prcus-a,0.0,3.9630541871921188
2.462,13,ifrms,0.0,3.9630541871921188
2.462,13,sspls-v,-0.0,3.9630541871921188
2.462,14,mcgs,0.0,4.150246305418718
2.462,14,pos,-0.0,4.150246305418718
2.462,14,sbps,-0.0,4.150246305418718
2.462,14,prculs-d,-0.0,4.150246305418718
2.462,14,prcus-p,0.0,4.150246305418718
2.462,14,prcus-i,-0.0,4.150246305418718
2.462,14,prcus-a,-0.0,4.150246305418718
2.462,14,ifrms,-0.0,4.150246305418718
2.462,14,sspls-v,-0.0,4.150246305418718
2.462,15,mcgs,0.0,4.110837438423645
2.462,15,pos,-0.0,4.110837438423645
2.462,15,sbps,-0.0,4.110837438423645
2.462,15,prculs-d,-0.0,4.110837438423645
2.462,15,prcus-p,0.0,4.110837438423645
2.462,15,prcus-i,-0.0,4.110837438423645
2.462,15,prcus-a,-0.0,4.110837438423645
2.462,15,ifrms,-0.0,4.110837438423645
2.462,15,sspls-v,-0.0,4.110837438423645
2.462,16,mcgs,0.0,4.219211822660099
2.462,16,pos,-0.0,4.219211822660099
2.462,16,sbps,-0.0,4.219211822660099
2.462,16,prculs-d,-0.0,4.219211822660099
2.462,16,prcus-p,0.0,4.219211822660099
2.462,16,prcus-i,-0.0,4.219211822660099
2.462,16,prcus-a,-0.0,4.219211822660099
2.462,16,ifrms,-0.0,4.219211822660099
2.462,16,sspls-v,-0.0,4.219211822660099
2.462,17,mcgs,0.0,3.839901477832512
2.462,17,pos,-0.0,3.839901477832512
2.462,17,sbps,-0.0,3.839901477832512
2.462,17,prculs-d,-0.0,3.839901477832512
2.462,17,prcus-p,0.0,3.839901477832512
2.462,17,prcus-i,-0.0,3.839901477832512
2.462,17,prcus-a,-0.0,3.839901477832512
2.462,17,ifrms,-0.0,3.839901477832512
2.462,17,sspls-v,0.0,3.839901477832512
2.462,18,mcgs,0.0,4.219211822660099
2.462,18,pos,-0.0,4.219211822660099
2.462,18,sbps,-0.0,4.219211822660099
2.462,18,prculs-d,-0.0,4.219211822660099
2.462,18,prcus-p,0.0,4.219211822660099
2.462,18,prcus-i,-0.0,4.219211822660099
2.462,18,prcus-a,-0.0,4.219211822660099
2.462,18,ifrms,-0.0,4.219211822660099
2.462,18,sspls-v,-0.0,4.219211822660099
2.462,19,mcgs,0.0,4.0467980295566495
2.462,19,pos,-0.0,4.0467980295566495
2.462,19,sbps,-0.0,4.0467980295566495
2.462,19,prculs-d,-0.0,4.0467980295566495
2.462,19,prcus-p,0.0,4.0467980295566495
2.462,19,prcus-i,-0.0,4.0467980295566495
2.462,19,prcus-a,-0.0,4.0467980295566495
2.462,19,ifrms,-0.0,4.0467980295566495
2.462,19,sspls-v,-0.0,4.0467980295566495
2.462,20,mcgs,0.0,4.017241379310345
2.462,20,pos,-0.0,4.017241379310345
2.462,20,sbps,-0.0,4.017241379310345
2.462,20,prculs-d,-0.0,4.017241379310345
2.462,20,prcus-p,0.0,4.017241379310345
2.462,20,prcus-i,-0.0,4.017241379310345
2.462,20,prcus-a,-0.0,4.017241379310345
2.462,20,ifrms,-0.0,4.017241379310345
2.462,20,sspls-v,-0.0,4.017241379310345
2.462,21,mcgs,0.0,4.0467980295566495
2.462,21,pos,-0.0,4.0467980295566495
2.462,21,sbps,-0.0,4.0467980295566495
2.462,21,prculs-d,-0.0,4.0467980295566495
2.462,21,prcus-p,0.0,4.0467980295566495
2.462,21,prcus-i,-0.0,4.0467980295566495
2.462,21,prcus-a,-0.0,4.0467980295566495
2.462,21,ifrms,-0.0,4.0467980295566495
2.462,21,sspls-v,-0.0,4.0467980295566495
2.462,22,mcgs,0.0,4.18472906403941
2.462,22,pos,-0.0,4.18472906403941
2.462,22,sbps,-0.0,4.18472906403941
2.462,22,prculs-d,-0.0,4.18472906403941
2.462,22,prcus-p,0.0,4.18472906403941
2.462,22,prcus-i,-0.0,4.18472906403941
2.462,22,prcus-a,-0.0,4.18472906403941
2.462,22,ifrms,-0.0,4.18472906403941
2.462,22,sspls-v,-0.0,4.18472906403941
2.462,23,mcgs,0.0,4.219211822660099
2.462,23,pos,-0.0,4.219211822660099
2.462,23,sbps,-0.0,4.219211822660099
2.462,23,prculs-d,-0.0,4.219211822660099
2.462,23,prcus-p,0.0,4.219211822660099
2.462,23,prcus-i,-0.0,4.219211822660099
2.462,23,prcus-a,-0.0,4.219211822660099
2.462,23,ifrms,-0.0,4.219211822660099
2.462,23,sspls-v,-0.0,4.219211822660099
2.462,24,mcgs,0.0,4.115763546798029
2.462,24,pos,-0.0,4.115763546798029
2.462,24,sbps,-0.0,4.115763546798029
2.462,24,prculs-d,-0.0,4.115763546798029
2.462,24,prcus-p,0.0,4.115763546798029
2.462,24,prcus-i,-0.0,4.115763546798029
2.462,24,prcus-a,-0.0,4.115763546798029
2.462,24,ifrms,-0.0,4.115763546798029
2.462,24,sspls-v,0.0,4.115763546798029
2.462,25,mcgs,0.0,4.071428571428571
2.462,25,pos,-0.0,4.071428571428571
2.462,25,sbps,-0.0,4.071428571428571
2.462,25,prculs-d,-0.0,4.071428571428571
2.462,25,prcus-p,0.0,4.071428571428571
2.462,25,prcus-i,-0.0,4.071428571428571
2.462,25,prcus-a,-0.0,4.071428571428571
2.462,25,ifrms,-0.0,4.071428571428571
2.462,25,sspls-v,0.0,4.071428571428571
2.462,26,mcgs,0.0,3.908866995073892
2.462,26,pos,-0.0,3.908866995073892
2.462,26,sbps,-0.0,3.908866995073892
2.462,26,prculs-d,-0.0,3.908866995073892
2.462,26,prcus-p,0.0,3.908866995073892
2.462,26,prcus-i,-0.0,3.908866995073892
2.462,26,prcus-a,-0.0,3.908866995073892
2.462,26,ifrms,0.0,3.908866995073892
2.462,26,sspls-v,-0.0,3.908866995073892
2.462,27,mcgs,0.0,4.189655172413793
2.462,27,pos,-0.0,4.189655172413793
2.462,27,sbps,-0.0,4.189655172413793
2.462,27,prculs-d,-0.0,4.189655172413793
2.462,27,prcus-p,0.0,4.189655172413793
2.462,27,prcus-i,-0.0,4.189655172413793
2.462,27,prcus-a,-0.0,4.189655172413793
2.462,27,ifrms,-0.0,4.189655172413793
2.462,27,sspls-v,-0.0,4.189655172413793
2.462,28,mcgs,0.0,4.071428571428571
2.462,28,pos,-0.0,4.071428571428571
2.462,28,sbps,-0.0,4.071428571428571
2.462,28,prculs-d,-0.0,4.071428571428571
2.462,28,prcus-p,0.0,4.071428571428571
2.462,28,prcus-i,-0.0,4.071428571428571
2.462,28,prcus-a,-0.0,4.071428571428571
2.462,28,ifrms,0.0,4.071428571428571
2.462,28,sspls-v,0.0,4.071428571428571
2.462,29,mcgs,0.0,3.9433497536945823
2.462,29,pos,-0.0,3.9433497536945823
2.462,29,sbps,-0.0,3.9433497536945823
2.462,29,prculs-d,-0.0,3.9433497536945823
2.462,29,prcus-p,0.0,3.9433497536945823
2.462,29,prcus-i,-0.0,3.9433497536945823
2.462,29,prcus-a,-0.0,3.9433497536945823
2.462,29,ifrms,0.0,3.9433497536945823
2.462,29,sspls-v,0.0,3.9433497536945823
2.632,0,mcgs,0.0,4.071428571428571
2.632,0,pos,-0.0,4.071428571428571
2.632,0,sbps,-0.0,4.071428571428571
2.632,0,prculs-d,-0.0,4.071428571428571
2.632,0,prcus-p,0.0,4.071428571428571
2.632,0,prcus-i,-0.0,4.071428571428571
2.632,0,prcus-a,-0.0,4.071428571428571
2.632,0,ifrms,-0.0,4.071428571428571
2.632,0,sspls-v,-0.0,4.071428571428571
2.632,1,mcgs,0.0,4.110837438423645
2.632,1,pos,-0.0,4.110837438423645
2.632,1,sbps,-0.0,4.110837438423645
2.632,1,prculs-d,-0.0,4.110837438423645
2.632,1,prcus-p,0.0,4.110837438423645
2.632,1,prcus-i,-0.0,4.110837438423645
2.632,1,prcus-a,-0.0,4.110837438423645
2.632,1,ifrms,-0.0,4.110837438423645
2.632,1,sspls-v,0.0,4.110837438423645
2.632,2,mcgs,0.0,3.9630541871921188
2.632,2,pos,-0.0,3.9630541871921188
2.632,2,sbps,-0.0,3.9630541871921188
2.632,2,prculs-d,-0.0,3.9630541871921188
2.632,2,prcus-p,0.0,3.9630541871921188
2.632,2,prcus-i,-0.0,3.9630541871921188
2.632,2,prcus-a,-0.0,3.9630541871921188
2.632,2,ifrms,0.0,3.9630541871921188
2.632,2,sspls-v,-0.0,3.9630541871921188
2.632,3,mcgs,0.0,3.908866995073892
2.632,3,pos,-0.0,3.908866995073892
2.632,3,sbps,-0.0,3.908866995073892
2.632,3,prculs-d,-0.0,3.908866995073892
2.632,3,prcus-p,-0.0,3.908866995073892
2.632,3,prcus-i,-0.0,3.908866995073892
2.632,3,prcus-a,-0.0,3.908866995073892
2.632,3,ifrms,-0.0,3.908866995073892
2.632,3,sspls-v,-0.0,3.908866995073892
2.632,4,mcgs,0.0,4.071428571428571
2.632,4,pos,-0.0,4.071428571428571
2.632,4,sbps,-0.0,4.071428571428571
2.632,4,prculs-d,-0.0,4.071428571428571
2.632,4,prcus-p,0.0,4.071428571428571
2.632,4,prcus-i,-0.0,4.071428571428571
2.632,4,prcus-a,-0.0,4.071428571428571
2.632,4,ifrms,-0.0,4.071428571428571
2.632,4,sspls-v,-0.0,4.071428571428571
2.632,5,mcgs,0.0,4.08128078817734
2.632,5,pos,-0.0,4.08128078817734
2.632,5,sbps,-0.0,4.08128078817734
2.632,5,prculs-d,-0.0,4.08128078817734
2.632,5,prcus-p,0.0,4.08128078817734
2.632,5,prcus-i,-0.0,4.08128078817734
2.632,5,prcus-a,-0.0,4.08128078817734
2.632,5,ifrms,-0.0,4.08128078817734
2.632,5,sspls-v,0.0,4.08128078817734
2.632,6,mcgs,0.0,3.9901477832512313
2.632,6,pos,-0.0,3.9901477832512313
2.632,6,sbps,-0.0,3.9901477832512313
2.632,6,prculs-d,-0.0,3.9901477832512313
2.632,6,prcus-p,0.0,3.9901477832512313
2.632,6,prcus-i,-0.0,3.9901477832512313
2.632,6,prcus-a,-0.0,3.9901477832512313
2.632,6,ifrms,-0.0,3.9901477832512313
2.632,6,sspls-v,0.0,3.9901477832512313
2.632,7,mcgs,0.0,4.219211822660099
2.632,7,pos,-0.0,4.219211822660099
2.632,7,sbps,-0.0,4.219211822660099
2.632,7,prculs-d,-0.0,4.219211822660099
2.632,7,prcus-p,0.0,4.219211822660099
2.632,7,prcus-i,-0.0,4.219211822660099
2.632,7,prcus-a,-0.0,4.219211822660099
2.632,7,ifrms,-0.0,4.219211822660099
2.632,7,sspls-v,-0.0,4.219211822660099
2.632,8,mcgs,0.0,4.150246305418718
2.632,8,pos,-0.0,4.150246305418718
2.632,8,sbps,-0.0,4.150246305418718
2.632,8,prculs-d,-0.0,4.150246305418718
2.632,8,prcus-p,0.0,4.150246305418718
2.632,8,prcus-i,-0.0,4.150246305418718
2.632,8,prcus-a,-0.0,4.150246305418718
2.632,8,ifrms,-0.0,4.150246305418718
2.632,8,sspls-v,-0.0,4.150246305418718
2.632,9,mcgs,0.0,4.18472906403941
2.632,9,pos,-0.0,4.18472906403941
2.632,9,sbps,-0.0,4.18472906403941
2.632,9,prculs-d,-0.0,4.18472906403941
2.632,9,prcus-p,0.0,4.18472906403941
2.632,9,prcus-i,-0.0,4.18472906403941
2.632,9,prcus-a,-0.0,4.18472906403941
2.632,9,ifrms,-0.0,4.18472906403941
2.632,9,sspls-v,-0.0,4.18472906403941
2.632,10,mcgs,0.0,4.044334975369458
2.632,10,pos,-0.0,4.044334975369458
2.632,10,sbps,-0.0,4.044334975369458
2.632,10,prculs-d,-0.0,4.044334975369458
2.632,10,prcus-p,0.0,4.044334975369458
2.632,10,prcus-i,-0.0,4.044334975369458
2.632,10,prcus-a,-0.0,4.044334975369458
2.632,10,ifrms,-0.0,4.044334975369458
2.632,10,sspls-v,-0.0,4.044334975369458
2.632,11,mcgs,0.0,4.18472906403941
2.632,11,pos,-0.0,4.18472906403941
2.632,11,sbps,-0.0,4.18472906403941
2.632,11,prculs-d,-0.0,4.18472906403941
2.632,11,prcus-p,0.0,4.18472906403941
2.632,11,prcus-i,-0.0,4.18472906403941
2.632,11,prcus-a,-0.0,4.18472906403941
2.632,11,ifrms,-0.0,4.18472906403941
2.632,11,sspls-v,-0.0,4.18472906403941
2.632,12,mcgs,0.0,4.219211822660099
2.632,12,pos,-0.0,4.219211822660099
2.632,12,sbps,-0.0,4.219211822660099
2.632,12,prculs-d,-0.0,4.219211822660099
2.632,12,prcus-p,0.0,4.219211822660099
2.632,12,prcus-i,-0.0,4.219211822660099
2.632,12,prcus-a,-0.0,4.219211822660099
2.632,12,ifrms,-0.0,4.219211822660099
2.632,12,sspls-v,-0.0,4.219211822660099
2.632,13,mcgs,0.0,3.9630541871921188
2.632,13,pos,-0.0,3.9630541871921188
2.632,13,sbps,-0.0,3.9630541871921188
2.632,13,prculs-d,-0.0,3.9630541871921188
2.632,13,prcus-p,0.0,3.9630541871921188
2.632,13,prcus-i,-0.0,3.9630541871921188
2.632,13,prcus-a,0.0,3.9630541871921188
2.632,13,ifrms,0.0,3.9630541871921188
2.632,13,sspls-v,-0.0,3.9630541871921188
2.632,14,mcgs,0.0,4.150246305418718
2.632,14,pos,-0.0,4.150246305418718
2.632,14,sbps,-0.0,4.150246305418718
2.632,14,prculs-d,-0.0,4.150246305418718
2.632,14,prcus-p,0.0,4.150246305418718
2.632,14,prcus-i,-0.0,4.150246305418718
2.632,14,prcus-a,-0.0,4.150246305418718
2.632,14,ifrms,-0.0,4.150246305418718
2.632,14,sspls-v,-0.0,4.150246305418718
2.632,15,mcgs,0.0,4.110837438423645
2.632,15,pos,-0.0,4.110837438423645
2.632,15,sbps,-0.0,4.110837438423645
2.632,15,prculs-d,-0.0,4.110837438423645
2.632,15,prcus-p,0.0,4.110837438423645
2.632,15,prcus-i,-0.0,4.110837438423645
2.632,15,prcus-a,-0.0,4.110837438423645
2.632,15,ifrms,-0.0,4.110837438423645
2.632,15,sspls-v,-0.0,4.110837438423645
2.632,16,mcgs,0.0,4.219211822660099
2.632,16,pos,-0.0,4.219211822660099
2.632,16,sbps,-0.0,4.219211822660099
2.632,16,prculs-d,-0.0,4.219211822660099
2.632,16,prcus-p,0.0,4.219211822660099
2.632,16,prcus-i,-0.0,4.219211822660099
2.632,16,prcus-a,-0.0,4.219211822660099
2.632,16,ifrms,-0.0,4.219211822660099
2.632,16,sspls-v,-0.0,4.219211822660099
2.632,17,mcgs,0.0,3.839901477832512
2.632,17,pos,-0.0,3.839901477832512
2.632,17,sbps,-0.0,3.839901477832512
2.632,17,prculs-d,-0.0,3.839901477832512
2.632,17,prcus-p,0.0,3.839901477832512
2.632,17,prcus-i,-0.0,3.839901477832512
2.632,17,prcus-a,-0.0,3.839901477832512
2.632,17,ifrms,-0.0,3.839901477832512
2.632,17,sspls-v,0.0,3.839901477832512
2.632,18,mcgs,0.0,4.219211822660099
2.632,18,pos,-0.0,4.219211822660099
2.632,18,sbps,-0.0,4.219211822660099
2.632,18,prculs-d,-0.0,4.219211822660099
2.632,18,prcus-p,0.0,4.219211822660099
2.632,18,prcus-i,-0.0,4.219211822660099
2.632,18,prcus-a,-0.0,4.219211822660099
2.632,18,ifrms,-0.0,4.219211822660099
2.632,18,sspls-v,-0.0,4.219211822660099
2.632,19,mcgs,0.0,4.0467980295566495
2.632,19,pos,-0.0,4.0467980295566495
2.632,19,sbps,-0.0,4.0467980295566495
2.632,19,prculs-d,-0.0,4.0467980295566495
2.632,19,prcus-p,0.0,4.0467980295566495
2.632,19,prcus-i,-0.0,4.0467980295566495
2.632,19,prcus-a,-0.0,4.0467980295566495
2.632,19,ifrms,-0.0,4.0467980295566495
2.632,19,sspls-v,-0.0,4.0467980295566495
2.632,20,mcgs,0.0,4.017241379310345
2.632,20,pos,-0.0,4.017241379310345
2.632,20,sbps,-0.0,4.017241379310345
2.632,20,prculs-d,-0.0,4.017241379310345
2.632,20,prcus-p,0.0,4.017241379310345
2.632,20,prcus-i,-0.0,4.017241379310345
2.632,20,prcus-a,-0.0,4.017241379310345
2.632,20,ifrms,-0.0,4.017241379310345
2.632,20,sspls-v,-0.0,4.017241379310345
2.632,21,mcgs,0.0,4.0467980295566495
2.632,21,pos,-0.0,4.0467980295566495
2.632,21,sbps,-0.0,4.0467980295566495
2.632,21,prculs-d,-0.0,4.0467980295566495
2.632,21,prcus-p,0.0,4.0467980295566495
2.632,21,prcus-i,-0.0,4.0467980295566495
2.632,21,prcus-a,-0.0,4.0467980295566495
2.632,21,ifrms,-0.0,4.0467980295566495
2.632,21,sspls-v,-0.0,4.0467980295566495
2.632,22,mcgs,0.0,4.18472906403941
2.632,22,pos,-0.0,4.18472906403941
2.632,22,sbps,-0.0,4.18472906403941
2.632,22,prculs-d,-0.0,4.18472906403941
2.632,22,prcus-p,0.0,4.18472906403941
2.632,22,prcus-i,-0.0,4.18472906403941
2.632,22,prcus-a,-0.0,4.18472906403941
2.632,22,ifrms,-0.0,4.18472906403941
2.632,22,sspls-v,-0.0,4.18472906403941
2.632,23,mcgs,0.0,4.219211822660099
2.632,23,pos,-0.0,4.219211822660099
2.632,23,sbps,-0.0,4.219211822660099
2.632,23,prculs-d,-0.0,4.219211822660099
2.632,23,prcus-p,0.0,4.219211822660099
2.632,23,prcus-i,-0.0,4.219211822660099
2.632,23,prcus-a,-0.0,4.219211822660099
2.632,23,ifrms,-0.0,4.219211822660099
2.632,23,sspls-v,-0.0,4.219211822660099
2.632,24,mcgs,0.0,4.115763546798029
2.632,24,pos,-0.0,4.115763546798029
2.632,24,sbps,-0.0,4.115763546798029
2.632,24,prculs-d,-0.0,4.115763546798029
2.632,24,prcus-p,0.0,4.115763546798029
2.632,24,prcus-i,-0.0,4.115763546798029
2.632,24,prcus-a,-0.0,4.115763546798029
2.632,24,ifrms,-0.0,4.115763546798029
2.632,24,sspls-v,0.0,4.115763546798029
2.632,25,mcgs,0.0,4.071428571428571
2.632,25,pos,-0.0,4.071428571428571
2.632,25,sbps,-0.0,4.071428571428571
2.632,25,prculs-d,-0.0,4.071428571428571
2.632,25,prcus-p,0.0,4.071428571428571
2.632,25,prcus-i,-0.0,4.071428571428571
2.632,25,prcus-a,-0.0,4.071428571428571
2.632,25,ifrms,-0.0,4.071428571428571
2.632,25,sspls-v,0.0,4.071428571428571
2.632,26,mcgs,0.0,3.908866995073892
2.632,26,pos,-0.0,3.908866995073892
2.632,26,sbps,-0.0,3.908866995073892
2.632,26,prculs-d,-0.0,3.908866995073892
2.632,26,prcus-p,0.0,3.908866995073892
2.632,26,prcus-i,-0.0,3.908866995073892
2.632,26,prcus-a,-0.0,3.908866995073892
2.632,26,ifrms,0.0,3.908866995073892
2.632,26,sspls-v,-0.0,3.908866995073892
2.632,27,mcgs,0.0,4.189655172413793
2.632,27,pos,-0.0,4.189655172413793
2.632,27,sbps,-0.0,4.189655172413793
2.632,27,prculs-d,-0.0,4.189655172413793
2.632,27,prcus-p,0.0,4.189655172413793
2.632,27,prcus-i,-0.0,4.189655172413793
2.632,27,prcus-a,-0.0,4.189655172413793
2.632,27,ifrms,-0.0,4.189655172413793
2.632,27,sspls-v,-0.0,4.189655172413793
2.632,28,mcgs,0.0,4.071428571428571
2.632,28,pos,-0.0,4.071428571428571
2.632,28,sbps,-0.0,4.071428571428571
2.632,28,prculs-d,-0.0,4.071428571428571
2.632,28,prcus-p,0.0,4.071428571428571
2.632,28,prcus-i,-0.0,4.071428571428571
2.632,28,prcus-a,-0.0,4.071428571428571
2.632,28,ifrms,0.0,4.071428571428571
2.632,28,sspls-v,0.0,4.071428571428571
2.632,29,mcgs,0.0,3.9433497536945823
2.632,29,pos,-0.0,3.9433497536945823
2.632,29,sbps,-0.0,3.9433497536945823
2.632,29,prculs-d,-0.0,3.9433497536945823
2.632,29,prcus-p,0.0,3.9433497536945823
2.632,29,prcus-i,-0.0,3.9433497536945823
2.632,29,prcus-a,-0.0,3.9433497536945823
2.632,29,ifrms,0.0,3.9433497536945823
2.632,29,sspls-v,0.0,3.9433497536945823
2.814,0,mcgs,0.0,4.071428571428571
2.814,0,pos,-0.0,4.071428571428571
2.814,0,sbps,-0.0,4.071428571428571
2.814,0,prculs-d,-0.0,4.071428571428571
2.814,0,prcus-p,0.0,4.071428571428571
2.814,0,prcus-i,-0.0,4.071428571428571
2.814,0,prcus-a,-0.0,4.071428571428571
2.814,0,ifrms,-0.0,4.071428571428571
2.814,0,sspls-v,-0.0,4.071428571428571
2.814,1,mcgs,0.0,4.110837438423645
2.814,1,pos,-0.0,4.110837438423645
2.814,1,sbps,-0.0,4.110837438423645
2.814,1,prculs-d,-0.0,4.110837438423645
2.814,1,prcus-p,0.0,4.110837438423645
2.814,1,prcus-i,-0.0,4.110837438423645
2.814,1,prcus-a,-0.0,4.110837438423645
2.814,1,ifrms,-0.0,4.110837438423645
2.814,1,sspls-v,0.0,4.110837438423645
2.814,2,mcgs,0.0,3.9630541871921188
2.814,2,pos,-0.0,3.9630541871921188
2.814,2,sbps,-0.0,3.9630541871921188
2.814,2,prculs-d,-0.0,3.9630541871921188
2.814,2,prcus-p,0.0,3.9630541871921188
2.814,2,prcus-i,-0.0,3.9630541871921188
2.814,2,prcus-a,-0.0,3.9630541871921188
2.814,2,ifrms,0.0,3.9630541871921188
2.814,2,sspls-v,-0.0,3.9630541871921188
2.814,3,mcgs,0.0,3.908866995073892
2.814,3,pos,-0.0,3.908866995073892
2.814,3,sbps,-0.0,3.908866995073892
2.814,3,prculs-d,-0.0,3.908866995073892
2.814,3,prcus-p,-0.0,3.908866995073892
2.814,3,prcus-i,-0.0,3.908866995073892
2.814,3,prcus-a,-0.0,3.908866995073892
2.814,3,ifrms,-0.0,3.908866995073892
2.814,3,sspls-v,-0.0,3.908866995073892
2.814,4,mcgs,0.0,4.071428571428571
2.814,4,pos,-0.0,4.071428571428571
2.814,4,sbps,-0.0,4.071428571428571
2.814,4,prculs-d,-0.0,4.071428571428571
2.814,4,prcus-p,0.0,4.071428571428571
2.814,4,prcus-i,-0.0,4.071428571428571
2.814,4,prcus-a,-0.0,4.071428571428571
2.814,4,ifrms,-0.0,4.071428571428571
2.814,4,sspls-v,-0.0,4.071428571428571
2.814,5,mcgs,0.0,4.08128078817734
2.814,5,pos,-0.0,4.08128078817734
2.814,5,sbps,-0.0,4.08128078817734
2.814,5,prculs-d,-0.0,4.08128078817734
2.814,5,prcus-p,0.0,4.08128078817734
2.814,5,prcus-i,-0.0,4.08128078817734
2.814,5,prcus-a,-0.0,4.08128078817734
2.814,5,ifrms,-0.0,4.08128078817734
2.814,5,sspls-v,0.0,4.08128078817734
2.814,6,mcgs,0.0,3.9901477832512313
2.814,6,pos,-0.0,3.9901477832512313
2.814,6,sbps,-0.0,3.9901477832512313
2.814,6,prculs-d,-0.0,3.9901477832512313
2.814,6,prcus-p,0.0,3.9901477832512313
2.814,6,prcus-i,-0.0,3.9901477832512313
2.814,6,prcus-a,-0.0,3.9901477832512313
2.814,6,ifrms,-0.0,3.9901477832512313
2.814,6,sspls-v,0.0,3.9901477832512313
2.814,7,mcgs,0.0,4.219211822660099
2.814,7,pos,-0.0,4.219211822660099
2.814,7,sbps,-0.0,4.219211822660099
2.814,7,prculs-d,-0.0,4.219211822660099
2.814,7,prcus-p,0.0,4.219211822660099
2.814,7,prcus-i,-0.0,4.219211822660099
2.814,7,prcus-a,-0.0,4.219211822660099
2.814,7,ifrms,-0.0,4.219211822660099
2.814,7,sspls-v,-0.0,4.219211822660099
2.814,8,mcgs,0.0,4.150246305418718
2.814,8,pos,-0.0,4.150246305418718
2.814,8,sbps,-0.0,4.150246305418718
2.814,8,prculs-d,-0.0,4.150246305418718
2.814,8,prcus-p,0.0,4.150246305418718
2.814,8,prcus-i,-0.0,4.150246305418718
2.814,8,prcus-a,-0.0,4.150246305418718
2.814,8,ifrms,-0.0,4.150246305418718
2.814,8,sspls-v,-0.0,4.150246305418718
2.814,9,mcgs,0.0,4.18472906403941
2.814,9,pos,-0.0,4.18472906403941
2.814,9,sbps,-0.0,4.18472906403941
2.814,9,prculs-d,-0.0,4.18472906403941
2.814,9,prcus-p,0.0,4.18472906403941
2.814,9,prcus-i,-0.0,4.18472906403941
2.814,9,prcus-a,-0.0,4.18472906403941
2.814,9,ifrms,-0.0,4.18472906403941
2.814,9,sspls-v,-0.0,4.18472906403941
2.814,10,mcgs,0.0,4.044334975369458
2.814,10,pos,-0.0,4.044334975369458
2.814,10,sbps,-0.0,4.044334975369458
2.814,10,prculs-d,-0.0,4.044334975369458
2.814,10,prcus-p,0.0,4.044334975369458
2.814,10,prcus-i,-0.0,4.044334975369458
2.814,10,prcus-a,-0.0,4.044334975369458
2.814,10,ifrms,-0.0,4.044334975369458
2.814,10,sspls-v,-0.0,4.044334975369458
2.814,11,mcgs,0.0,4.18472906403941
2.814,11,pos,-0.0,4.18472906403941
2.814,11,sbps,-0.0,4.18472906403941
2.814,11,prculs-d,-0.0,4.18472906403941
2.814,11,prcus-p,0.0,4.18472906403941
2.814,11,prcus-i,-0.0,4.18472906403941
2.814,11,prcus-a,-0.0,4.18472906403941
2.814,11,ifrms,-0.0,4.18472906403941
2.814,11,sspls-v,-0.0,4.18472906403941
2.814,12,mcgs,0.0,4.219211822660099
2.814,12,pos,-0.0,4.219211822660099
2.814,12,sbps,-0.0,4.219211822660099
2.814,12,prculs-d,-0.0,4.219211822660099
2.814,12,prcus-p,0.0,4.219211822660099
2.814,12,prcus-i,-0.0,4.219211822660099
2.814,12,prcus-a,-0.0,4.219211822660099
2.814,12,ifrms,-0.0,4.219211822660099
2.814,12,sspls-v,-0.0,4.219211822660099
2.814,13,mcgs,0.0,3.9630541871921188
2.814,13,pos,-0.0,3.9630541871921188
2.814,13,sbps,-0.0,3.9630541871921188
2.814,13,prculs-d,-0.0,3.9630541871921188
2.814,13,prcus-p,0.0,3.9630541871921188
2.814,13,prcus-i,-0.0,3.9630541871921188
2.814,13,prcus-a,0.0,3.9630541871921188
2.814,13,ifrms,0.0,3.9630541871921188
2.814,13,sspls-v,-0.0,3.9630541871921188
2.814,14,mcgs,0.0,4.150246305418718
2.814,14,pos,-0.0,4.150246305418718
2.814,14,sbps,-0.0,4.150246305418718
2.814,14,prculs-d,-0.0,4.150246305418718
2.814,14,prcus-p,0.0,4.150246305418718
2.814,14,prcus-i,-0.0,4.150246305418718
2.814,14,prcus-a,-0.0,4.150246305418718
2.814,14,ifrms,-0.0,4.150246305418718
2.814,14,sspls-v,-0.0,4.150246305418718
2.814,15,mcgs,0.0,4.110837438423645
2.814,15,pos,-0.0,4.110837438423645
2.814,15,sbps,-0.0,4.110837438423645
2.814,15,prculs-d,-0.0,4.110837438423645
2.814,15,prcus-p,0.0,4.110837438423645
2.814,15,prcus-i,-0.0,4.110837438423645
2.814,15,prcus-a,-0.0,4.110837438423645
2.814,15,ifrms,-0.0,4.110837438423645
2.814,15,sspls-v,-0.0,4.110837438423645
2.814,16,mcgs,0.0,4.219211822660099
2.814,16,pos,-0.0,4.219211822660099
2.814,16,sbps,-0.0,4.219211822660099
2.814,16,prculs-d,-0.0,4.219211822660099
2.814,16,prcus-p,0.0,4.219211822660099
2.814,16,prcus-i,-0.0,4.219211822660099
2.814,16,prcus-a,-0.0,4.219211822660099
2.814,16,ifrms,-0.0,4.219211822660099
2.814,16,sspls-v,-0.0,4.219211822660099
2.814,17,mcgs,0.0,3.839901477832512
2.814,17,pos,-0.0,3.839901477832512
2.814,17,sbps,-0.0,3.839901477832512
2.814,17,prculs-d,-0.0,3.839901477832512
2.814,17,prcus-p,0.0,3.839901477832512
2.814,17,prcus-i,-0.0,3.839901477832512
2.814,17,prcus-a,-0.0,3.839901477832512
2.814,17,ifrms,-0.0,3.839901477832512
2.814,17,sspls-v,0.0,3.839901477832512
2.814,18,mcgs,0.0,4.219211822660099
2.814,18,pos,-0.0,4.219211822660099
2.814,18,sbps,-0.0,4.219211822660099
2.814,18,prculs-d,-0.0,4.219211822660099
2.814,18,prcus-p,0.0,4.219211822660099
2.814,18,prcus-i,-0.0,4.219211822660099
2.814,18,prcus-a,-0.0,4.219211822660099
2.814,18,ifrms,-0.0,4.219211822660099
2.814,18,sspls-v,-0.0,4.219211822660099
2.814,19,mcgs,0.0,4.0467980295566495
2.814,19,pos,-0.0,4.0467980295566495
2.814,19,sbps,-0.0,4.0467980295566495
2.814,19,prculs-d,-0.0,4.0467980295566495
2.814,19,prcus-p,0.0,4.0467980295566495
2.814,19,prcus-i,-0.0,4.0467980295566495
2.814,19,prcus-a,-0.0,4.0467980295566495
2.814,19,ifrms,-0.0,4.0467980295566495
2.814,19,sspls-v,-0.0,4.0467980295566495
2.814,20,mcgs,0.0,4.017241379310345
2.814,20,pos,-0.0,4.017241379310345
2.814,20,sbps,-0.0,4.017241379310345
2.814,20,prculs-d,-0.0,4.017241379310345
2.814,20,prcus-p,0.0,4.017241379310345
2.814,20,prcus-i,-0.0,4.017241379310345
2.814,20,prcus-a,-0.0,4.017241379310345
2.814,20,ifrms,-0.0,4.017241379310345
2.814,20,sspls-v,-0.0,4.017241379310345
2.814,21,mcgs,0.0,4.0467980295566495
2.814,21,pos,-0.0,4.0467980295566495
2.814,21,sbps,-0.0,4.0467980295566495
2.814,21,prculs-d,-0.0,4.0467980295566495
2.814,21,prcus-p,0.0,4.0467980295566495
2.814,21,prcus-i,-0.0,4.0467980295566495
2.814,21,prcus-a,-0.0,4.0467980295566495
2.814,21,ifrms,-0.0,4.0467980295566495
2.814,21,sspls-v,-0.0,4.0467980295566495
2.814,22,mcgs,0.0,4.18472906403941
2.814,22,pos,-0.0,4.18472906403941
2.814,22,sbps,-0.0,4.18472906403941
2.814,22,prculs-d,-0.0,4.18472906403941
2.814,22,prcus-p,0.0,4.18472906403941
2.814,22,prcus-i,-0.0,4.18472906403941
2.814,22,prcus-a,-0.0,4.18472906403941
2.814,22,ifrms,-0.0,4.18472906403941
2.814,22,sspls-v,-0.0,4.18472906403941
2.814,23,mcgs,0.0,4.219211822660099
2.814,23,pos,-0.0,4.219211822660099
2.814,23,sbps,-0.0,4.219211822660099
2.814,23,prculs-d,-0.0,4.219211822660099
2.814,23,prcus-p,0.0,4.219211822660099
2.814,23,prcus-i,-0.0,4.219211822660099
2.814,23,prcus-a,-0.0,4.219211822660099
2.814,23,ifrms,-0.0,4.219211822660099
2.814,23,sspls-v,-0.0,4.219211822660099
2.814,24,mcgs,0.0,4.115763546798029
2.814,24,pos,-0.0,4.115763546798029
2.814,24,sbps,-0.0,4.115763546798029
2.814,24,prculs-d,-0.0,4.115763546798029
2.814,24,prcus-p,0.0,4.115763546798029
2.814,24,prcus-i,-0.0,4.115763546798029
2.814,24,prcus-a,-0.0,4.115763546798029
2.814,24,ifrms,-0.0,4.115763546798029
2.814,24,sspls-v,0.0,4.115763546798029
2.814,25,mcgs,0.0,4.071428571428571
2.814,25,pos,-0.0,4.071428571428571
2.814,25,sbps,-0.0,4.071428571428571
2.814,25,prculs-d,-0.0,4.071428571428571
2.814,25,prcus-p,0.0,4.071428571428571
2.814,25,prcus-i,-0.0,4.071428571428571
2.814,25,prcus-a,-0.0,4.071428571428571
2.814,25,ifrms,-0.0,4.071428571428571
2.814,25,sspls-v,0.0,4.071428571428571
2.814,26,mcgs,0.0,3.908866995073892
2.814,26,pos,-0.0,3.908866995073892
2.814,26,sbps,-0.0,3.908866995073892
2.814,26,prculs-d,-0.0,3.908866995073892
2.814,26,prcus-p,0.0,3.908866995073892
2.814,26,prcus-i,-0.0,3.908866995073892
2.814,26,prcus-a,-0.0,3.908866995073892
2.814,26,ifrms,0.0,3.908866995073892
2.814,26,sspls-v,-0.0,3.908866995073892
2.814,27,mcgs,0.0,4.189655172413793
2.814,27,pos,-0.0,4.189655172413793
2.814,27,sbps,-0.0,4.189655172413793
2.814,27,prculs-d,-0.0,4.189655172413793
2.814,27,prcus-p,0.0,4.189655172413793
2.814,27,prcus-i,-0.0,4.189655172413793
2.814,27,prcus-a,-0.0,4.189655172413793
2.814,27,ifrms,-0.0,4.189655172413793
2.814,27,sspls-v,-0.0,4.189655172413793
2.814,28,mcgs,0.0,4.071428571428571
2.814,28,pos,-0.0,4.071428571428571
2.814,28,sbps,-0.0,4.071428571428571
2.814,28,prculs-d,-0.0,4.071428571428571
2.814,28,prcus-p,0.0,4.071428571428571
2.814,28,prcus-i,-0.0,4.071428571428571
2.814,28,prcus-a,-0.0,4.071428571428571
2.814,28,ifrms,0.0,4.071428571428571
2.814,28,sspls-v,0.0,4.071428571428571
2.814,29,mcgs,0.0,3.9433497536945823
2.814,29,pos,-0.0,3.9433497536945823
2.814,29,sbps,-0.0,3.9433497536945823
2.814,29,prculs-d,-0.0,3.9433497536945823
2.814,29,prcus-p,0.0,3.9433497536945823
2.814,29,prcus-i,-0.0,3.9433497536945823
2.814,29,prcus-a,-0.0,3.9433497536945823
2.814,29,ifrms,0.0,3.9433497536945823
2.814,29,sspls-v,0.0,3.9433497536945823
3.008,0,mcgs,0.0,4.071428571428571
3.008,0,pos,-0.0,4.071428571428571
3.008,0,sbps,-0.0,4.071428571428571
3.008,0,prculs-d,-0.0,4.071428571428571
3.008,0,prcus-p,0.0,4.071428571428571
3.008,0,prcus-i,-0.0,4.071428571428571
3.008,0,prcus-a,-0.0,4.071428571428571
3.008,0,ifrms,-0.0,4.071428571428571
3.008,0,sspls-v,-0.0,4.071428571428571
3.008,1,mcgs,0.0,4.110837438423645
3.008,1,pos,-0.0,4.110837438423645
3.008,1,sbps,-0.0,4.110837438423645
3.008,1,prculs-d,-0.0,4.110837438423645
3.008,1,prcus-p,0.0,4.110837438423645
3.008,1,prcus-i,-0.0,4.110837438423645
3.008,1,prcus-a,-0.0,4.110837438423645
3.008,1,ifrms,-0.0,4.110837438423645
3.008,1,sspls-v,0.0,4.110837438423645
3.008,2,mcgs,0.0,3.9630541871921188
3.008,2,pos,-0.0,3.9630541871921188
3.008,2,sbps,-0.0,3.9630541871921188
3.008,2,prculs-d,-0.0,3.9630541871921188
3.008,2,prcus-p,0.0,3.9630541871921188
3.008,2,prcus-i,-0.0,3.9630541871921188
3.008,2,prcus-a,-0.0,3.9630541871921188
3.008,2,ifrms,0.0,3.9630541871921188
3.008,2,sspls-v,-0.0,3.9630541871921188
3.008,3,mcgs,0.0,3.908866995073892
3.008,3,pos,-0.0,3.908866995073892
3.008,3,sbps,-0.0,3.908866995073892
3.008,3,prculs-d,-0.0,3.908866995073892
3.008,3,prcus-p,-0.0,3.908866995073892
3.008,3,prcus-i,-0.0,3.908866995073892
3.008,3,prcus-a,-0.0,3.908866995073892
3.008,3,ifrms,-0.0,3.908866995073892
3.008,3,sspls-v,-0.0,3.908866995073892
3.008,4,mcgs,0.0,4.071428571428571
3.008,4,pos,-0.0,4.071428571428571
3.008,4,sbps,-0.0,4.071428571428571
3.008,4,prculs-d,-0.0,4.071428571428571
3.008,4,prcus-p,0.0,4.071428571428571
3.008,4,prcus-i,-0.0,4.071428571428571
3.008,4,prcus-a,-0.0,4.071428571428571
3.008,4,ifrms,-0.0,4.071428571428571
3.008,4,sspls-v,-0.0,4.071428571428571
3.008,5,mcgs,0.0,4.08128078817734
3.008,5,pos,-0.0,4.08128078817734
3.008,5,sbps,-0.0,4.08128078817734
3.008,5,prculs-d,-0.0,4.08128078817734
3.008,5,prcus-p,0.0,4.08128078817734
3.008,5,prcus-i,-0.0,4.08128078817734
3.008,5,prcus-a,-0.0,4.08128078817734
3.008,5,ifrms,-0.0,4.08128078817734
3.008,5,sspls-v,0.0,4.08128078817734
3.008,6,mcgs,0.0,3.9901477832512313
3.008,6,pos,-0.0,3.9901477832512313
3.008,6,sbps,-0.0,3.9901477832512313
3.008,6,prculs-d,-0.0,3.9901477832512313
3.008,6,prcus-p,0.0,3.9901477832512313
3.008,6,prcus-i,-0.0,3.9901477832512313
3.008,6,prcus-a,-0.0,3.9901477832512313
3.008,6,ifrms,-0.0,3.9901477832512313
3.008,6,sspls-v,0.0,3.9901477832512313
3.008,7,mcgs,0.0,4.219211822660099
3.008,7,pos,-0.0,4.219211822660099
3.008,7,sbps,-0.0,4.219211822660099
3.008,7,prculs-d,-0.0,4.219211822660099
3.008,7,prcus-p,0.0,4.219211822660099
3.008,7,prcus-i,-0.0,4.219211822660099
3.008,7,prcus-a,-0.0,4.219211822660099
3.008,7,ifrms,-0.0,4.219211822660099
3.008,7,sspls-v,-0.0,4.219211822660099
3.008,8,mcgs,0.0,4.150246305418718
3.008,8,pos,-0.0,4.150246305418718
3.008,8,sbps,-0.0,4.150246305418718
3.008,8,prculs-d,-0.0,4.150246305418718
3.008,8,prcus-p,0.0,4.150246305418718
3.008,8,prcus-i,-0.0,4.150246305418718
3.008,8,prcus-a,-0.0,4.150246305418718
3.008,8,ifrms,-0.0,4.150246305418718
3.008,8,sspls-v,-0.0,4.150246305418718
3.008,9,mcgs,0.0,4.18472906403941
3.008,9,pos,-0.0,4.18472906403941
3.008,9,sbps,-0.0,4.18472906403941
3.008,9,prculs-d,-0.0,4.18472906403941
3.008,9,prcus-p,0.0,4.18472906403941
3.008,9,prcus-i,-0.0,4.18472906403941
3.008,9,prcus-a,-0.0,4.18472906403941
3.008,9,ifrms,-0.0,4.18472906403941
3.008,9,sspls-v,-0.0,4.18472906403941
3.008,10,mcgs,0.0,4.044334975369458
3.008,10,pos,-0.0,4.044334975369458
3.008,10,sbps,-0.0,4.044334975369458
3.008,10,prculs-d,-0.0,4.044334975369458
3.008,10,prcus-p,0.0,4.044334975369458
3.008,10,prcus-i,-0.0,4.044334975369458
3.008,10,prcus-a,-0.0,4.044334975369458
3.008,10,ifrms,-0.0,4.044334975369458
3.008,10,sspls-v,-0.0,4.044334975369458
3.008,11,mcgs,0.0,4.18472906403941
3.008,11,pos,-0.0,4.18472906403941
3.008,11,sbps,-0.0,4.18472906403941
3.008,11,prculs-d,-0.0,4.18472906403941
3.008,11,prcus-p,0.0,4.18472906403941
3.008,11,prcus-i,-0.0,4.18472906403941
3.008,11,prcus-a,-0.0,4.18472906403941
3.008,11,ifrms,-0.0,4.18472906403941
3.008,11,sspls-v,-0.0,4.18472906403941
3.008,12,mcgs,0.0,4.219211822660099
3.008,12,pos,-0.0,4.219211822660099
3.008,12,sbps,-0.0,4.219211822660099
3.008,12,prculs-d,-0.0,4.219211822660099
3.008,12,prcus-p,0.0,4.219211822660099
3.008,12,prcus-i,-0.0,4.219211822660099
3.008,12,prcus-a,-0.0,4.219211822660099
3.008,12,ifrms,-0.0,4.219211822660099
3.008,12,sspls-v,-0.0,4.219211822660099
3.008,13,mcgs,0.0,3.9630541871921188
3.008,13,pos,-0.0,3.9630541871921188
3.008,13,sbps,-0.0,3.9630541871921188
3.008,13,prculs-d,-0.0,3.9630541871921188
3.008,13,prcus-p,0.0,3.9630541871921188
3.008,13,prcus-i,-0.0,3.9630541871921188
3.008,13,prcus-a,0.0,3.9630541871921188
3.008,13,ifrms,0.0,3.9630541871921188
3.008,13,sspls-v,-0.0,3.9630541871921188
3.008,14,mcgs,0.0,4.150246305418718
3.008,14,pos,-0.0,4.150246305418718
3.008,14,sbps,-0.0,4.150246305418718
3.008,14,prculs-d,-0.0,4.150246305418718
3.008,14,prcus-p,0.0,4.150246305418718
3.008,14,prcus-i,-0.0,4.150246305418718
3.008,14,prcus-a,-0.0,4.150246305418718
3.008,14,ifrms,-0.0,4.150246305418718
3.008,14,sspls-v,-0.0,4.150246305418718
3.008,15,mcgs,0.0,4.110837438423645
3.008,15,pos,-0.0,4.110837438423645
3.008,15,sbps,-0.0,4.110837438423645
3.008,15,prculs-d,-0.0,4.110837438423645
3.008,15,prcus-p,0.0,4.110837438423645
3.008,15,prcus-i,-0.0,4.110837438423645
3.008,15,prcus-a,-0.0,4.110837438423645
3.008,15,ifrms,-0.0,4.110837438423645
3.008,15,sspls-v,-0.0,4.110837438423645
3.008,16,mcgs,0.0,4.219211822660099
3.008,16,pos,-0.0,4.219211822660099
3.008,16,sbps,-0.0,4.219211822660099
3.008,16,prculs-d,-0.0,4.219211822660099
3.008,16,prcus-p,0.0,4.219211822660099
3.008,16,prcus-i,-0.0,4.219211822660099
3.008,16,prcus-a,-0.0,4.219211822660099
3.008,16,ifrms,-0.0,4.219211822660099
3.008,16,sspls-v,-0.0,4.219211822660099
3.008,17,mcgs,0.0,3.839901477832512
3.008,17,pos,-0.0,3.839901477832512
3.008,17,sbps,-0.0,3.839901477832512
3.008,17,prculs-d,-0.0,3.839901477832512
3.008,17,prcus-p,0.0,3.839901477832512
3.008,17,prcus-i,-0.0,3.839901477832512
3.008,17,prcus-a,-0.0,3.839901477832512
3.008,17,ifrms,-0.0,3.839901477832512
3.008,17,sspls-v,0.0,3.839901477832512
3.008,18,mcgs,0.0,4.219211822660099
3.008,18,pos,-0.0,4.219211822660099
3.008,18,sbps,-0.0,4.219211822660099
3.008,18,prculs-d,-0.0,4.219211822660099
3.008,18,prcus-p,0.0,4.219211822660099
3.008,18,prcus-i,-0.0,4.219211822660099
3.008,18,prcus-a,-0.0,4.219211822660099
3.008,18,ifrms,-0.0,4.219211822660099
3.008,18,sspls-v,-0.0,4.219211822660099
3.008,19,mcgs,0.0,4.0467980295566495
3.008,19,pos,-0.0,4.0467980295566495
3.008,19,sbps,-0.0,4.0467980295566495
3.008,19,prculs-d,-0.0,4.0467980295566495
3.008,19,prcus-p,0.0,4.0467980295566495
3.008,19,prcus-i,-0.0,4.0467980295566495
3.008,19,prcus-a,-0.0,4.0467980295566495
3.008,19,ifrms,-0.0,4.0467980295566495
3.008,19,sspls-v,-0.0,4.0467980295566495
3.008,20,mcgs,0.0,4.017241379310345
3.008,20,pos,-0.0,4.017241379310345
3.008,20,sbps,-0.0,4.017241379310345
3.008,20,prculs-d,-0.0,4.017241379310345
3.008,20,prcus-p,0.0,4.017241379310345
3.008,20,prcus-i,-0.0,4.017241379310345
3.008,20,prcus-a,-0.0,4.017241379310345
3.008,20,ifrms,-0.0,4.017241379310345
3.008,20,sspls-v,-0.0,4.017241379310345
3.008,21,mcgs,0.0,4.0467980295566495
3.008,21,pos,-0.0,4.0467980295566495
3.008,21,sbps,-0.0,4.0467980295566495
3.008,21,prculs-d,-0.0,4.0467980295566495
3.008,21,prcus-p,0.0,4.0467980295566495
3.008,21,prcus-i,-0.0,4.0467980295566495
3.008,21,prcus-a,-0.0,4.0467980295566495
3.008,21,ifrms,-0.0,4.0467980295566495
3.008,21,sspls-v,-0.0,4.0467980295566495
3.008,22,mcgs,0.0,4.18472906403941
3.008,22,pos,-0.0,4.18472906403941
3.008,22,sbps,-0.0,4.18472906403941
3.008,22,prculs-d,-0.0,4.18472906403941
3.008,22,prcus-p,0.0,4.18472906403941
3.008,22,prcus-i,-0.0,4.18472906403941
3.008,22,prcus-a,-0.0,4.18472906403941
3.008,22,ifrms,-0.0,4.18472906403941
3.008,22,sspls-v,-0.0,4.18472906403941
3.008,23,mcgs,0.0,4.219211822660099
3.008,23,pos,-0.0,4.219211822660099
3.008,23,sbps,-0.0,4.219211822660099
3.008,23,prculs-d,-0.0,4.219211822660099
3.008,23,prcus-p,0.0,4.219211822660099
3.008,23,prcus-i,-0.0,4.219211822660099
3.008,23,prcus-a,-0.0,4.219211822660099
3.008,23,ifrms,-0.0,4.219211822660099
3.008,23,sspls-v,-0.0,4.219211822660099
3.008,24,mcgs,0.0,4.115763546798029
3.008,24,pos,-0.0,4.115763546798029
3.008,24,sbps,-0.0,4.115763546798029
3.008,24,prculs-d,-0.0,4.115763546798029
3.008,24,prcus-p,0.0,4.115763546798029
3.008,24,prcus-i,-0.0,4.115763546798029
3.008,24,prcus-a,-0.0,4.115763546798029
3.008,24,ifrms,-0.0,4.115763546798029
3.008,24,sspls-v,0.0,4.115763546798029
3.008,25,mcgs,0.0,4.071428571428571
3.008,25,pos,-0.0,4.071428571428571
3.008,25,sbps,-0.0,4.071428571428571
3.008,25,prculs-d,-0.0,4.071428571428571
3.008,25,prcus-p,0.0,4.071428571428571
3.008,25,prcus-i,-0.0,4.071428571428571
3.008,25,prcus-a,-0.0,4.071428571428571
3.008,25,ifrms,-0.0,4.071428571428571
3.008,25,sspls-v,0.0,4.071428571428571
3.008,26,mcgs,0.0,3.908866995073892
3.008,26,pos,-0.0,3.908866995073892
3.008,26,sbps,-0.0,3.908866995073892
3.008,26,prculs-d,-0.0,3.908866995073892
3.008,26,prcus-p,0.0,3.908866995073892
3.008,26,prcus-i,-0.0,3.908866995073892
3.008,26,prcus-a,-0.0,3.908866995073892
3.008,26,ifrms,0.0,3.908866995073892
3.008,26,sspls-v,-0.0,3.908866995073892
3.008,27,mcgs,0.0,4.189655172413793
3.008,27,pos,-0.0,4.189655172413793
3.008,27,sbps,-0.0,4.189655172413793
3.008,27,prculs-d,-0.0,4.189655172413793
3.008,27,prcus-p,0.0,4.189655172413793
3.008,27,prcus-i,-0.0,4.189655172413793
3.008,27,prcus-a,-0.0,4.189655172413793
3.008,27,ifrms,-0.0,4.189655172413793
3.008,27,sspls-v,-0.0,4.189655172413793
3.008,28,mcgs,0.0,4.071428571428571
3.008,28,pos,-0.0,4.071428571428571
3.008,28,sbps,-0.0,4.071428571428571
3.008,28,prculs-d,-0.0,4.071428571428571
3.008,28,prcus-p,0.0,4.071428571428571
3.008,28,prcus-i,-0.0,4.071428571428571
3.008,28,prcus-a,-0.0,4.071428571428571
3.008,28,ifrms,0.0,4.071428571428571
3.008,28,sspls-v,0.0,4.071428571428571
3.008,29,mcgs,0.0,3.9433497536945823
3.008,29,pos,-0.0,3.9433497536945823
3.008,29,sbps,-0.0,3.9433497536945823
3.008,29,prculs-d,-0.0,3.9433497536945823
3.008,29,prcus-p,0.0,3.9433497536945823
3.008,29,prcus-i,-0.0,3.9433497536945823
3.008,29,prcus-a,-0.0,3.9433497536945823
3.008,29,ifrms,0.0,3.9433497536945823
3.008,29,sspls-v,0.0,3.9433497536945823
3.215,0,mcgs,0.0,4.071428571428571
3.215,0,pos,-0.0,4.071428571428571
3.215,0,sbps,-0.0,4.071428571428571
3.215,0,prculs-d,-0.0,4.071428571428571
3.215,0,prcus-p,0.0,4.071428571428571
3.215,0,prcus-i,-0.0,4.071428571428571
3.215,0,prcus-a,-0.0,4.071428571428571
3.215,0,ifrms,-0.0,4.071428571428571
3.215,0,sspls-v,-0.0,4.071428571428571
3.215,1,mcgs,0.0,4.110837438423645
3.215,1,pos,-0.0,4.110837438423645
3.215,1,sbps,-0.0,4.110837438423645
3.215,1,prculs-d,-0.0,4.110837438423645
3.215,1,prcus-p,0.0,4.110837438423645
3.215,1,prcus-i,-0.0,4.110837438423645
3.215,1,prcus-a,-0.0,4.110837438423645
3.215,1,ifrms,-0.0,4.110837438423645
3.215,1,sspls-v,0.0,4.110837438423645
3.215,2,mcgs,0.0,3.9630541871921188
3.215,2,pos,-0.0,3.9630541871921188
3.215,2,sbps,-0.0,3.9630541871921188
3.215,2,prculs-d,-0.0,3.9630541871921188
3.215,2,prcus-p,0.0,3.9630541871921188
3.215,2,prcus-i,-0.0,3.9630541871921188
3.215,2,prcus-a,-0.0,3.9630541871921188
3.215,2,ifrms,0.0,3.9630541871921188
3.215,2,sspls-v,-0.0,3.9630541871921188
3.215,3,mcgs,0.0,3.908866995073892
3.215,3,pos,-0.0,3.908866995073892
3.215,3,sbps,-0.0,3.908866995073892
3.215,3,prculs-d,-0.0,3.908866995073892
3.215,3,prcus-p,-0.0,3.908866995073892
3.215,3,prcus-i,-0.0,3.908866995073892
3.215,3,prcus-a,-0.0,3.908866995073892
3.215,3,ifrms,-0.0,3.908866995073892
3.215,3,sspls-v,-0.0,3.908866995073892
3.215,4,mcgs,0.0,4.071428571428571
3.215,4,pos,-0.0,4.071428571428571
3.215,4,sbps,-0.0,4.071428571428571
3.215,4,prculs-d,-0.0,4.071428571428571
3.215,4,prcus-p,0.0,4.071428571428571
3.215,4,prcus-i,-0.0,4.071428571428571
3.215,4,prcus-a,-0.0,4.071428571428571
3.215,4,ifrms,-0.0,4.071428571428571
3.215,4,sspls-v,-0.0,4.071428571428571
3.215,5,mcgs,0.0,4.08128078817734
3.215,5,pos,-0.0,4.08128078817734
3.215,5,sbps,-0.0,4.08128078817734
3.215,5,prculs-d,-0.0,4.08128078817734
3.215,5,prcus-p,0.0,4.08128078817734
3.215,5,prcus-i,-0.0,4.08128078817734
3.215,5,prcus-a,-0.0,4.08128078817734
3.215,5,ifrms,-0.0,4.08128078817734
3.215,5,sspls-v,0.0,4.08128078817734
3.215,6,mcgs,0.0,3.9901477832512313
3.215,6,pos,-0.0,3.9901477832512313
3.215,6,sbps,-0.0,3.9901477832512313
3.215,6,prculs-d,-0.0,3.9901477832512313
3.215,6,prcus-p,0.0,3.9901477832512313
3.215,6,prcus-i,-0.0,3.9901477832512313
3.215,6,prcus-a,-0.0,3.9901477832512313
3.215,6,ifrms,-0.0,3.9901477832512313
3.215,6,sspls-v,0.0,3.9901477832512313
3.215,7,mcgs,0.0,4.219211822660099
3.215,7,pos,-0.0,4.219211822660099
3.215,7,sbps,-0.0,4.219211822660099
3.215,7,prculs-d,-0.0,4.219211822660099
3.215,7,prcus-p,0.0,4.219211822660099
3.215,7,prcus-i,-0.0,4.219211822660099
3.215,7,prcus-a,-0.0,4.219211822660099
3.215,7,ifrms,-0.0,4.219211822660099
3.215,7,sspls-v,-0.0,4.219211822660099
3.215,8,mcgs,0.0,4.150246305418718
3.215,8,pos,-0.0,4.150246305418718
3.215,8,sbps,-0.0,4.150246305418718
3.215,8,prculs-d,-0.0,4.150246305418718
3.215,8,prcus-p,0.0,4.150246305418718
3.215,8,prcus-i,-0.0,4.150246305418718
3.215,8,prcus-a,-0.0,4.150246305418718
3.215,8,ifrms,-0.0,4.150246305418718
3.215,8,sspls-v,-0.0,4.150246305418718
3.215,9,mcgs,0.0,4.18472906403941
3.215,9,pos,-0.0,4.18472906403941
3.215,9,sbps,-0.0,4.18472906403941
3.215,9,prculs-d,-0.0,4.18472906403941
3.215,9,prcus-p,0.0,4.18472906403941
3.215,9,prcus-i,-0.0,4.18472906403941
3.215,9,prcus-a,-0.0,4.18472906403941
3.215,9,ifrms,-0.0,4.18472906403941
3.215,9,sspls-v,-0.0,4.18472906403941
3.215,10,mcgs,0.0,4.044334975369458
3.215,10,pos,-0.0,4.044334975369458
3.215,10,sbps,-0.0,4.044334975369458
3.215,10,prculs-d,-0.0,4.044334975369458
3.215,10,prcus-p,0.0,4.044334975369458
3.215,10,prcus-i,-0.0,4.044334975369458
3.215,10,prcus-a,-0.0,4.044334975369458
3.215,10,ifrms,-0.0,4.044334975369458
3.215,10,sspls-v,-0.0,4.044334975369458
3.215,11,mcgs,0.0,4.18472906403941
3.215,11,pos,-0.0,4.18472906403941
3.215,11,sbps,-0.0,4.18472906403941
3.215,11,prculs-d,-0.0,4.18472906403941
3.215,11,prcus-p,0.0,4.18472906403941
3.215,11,prcus-i,-0.0,4.18472906403941
3.215,11,prcus-a,-0.0,4.18472906403941
3.215,11,ifrms,-0.0,4.18472906403941
3.215,11,sspls-v,-0.0,4.18472906403941
3.215,12,mcgs,0.0,4.219211822660099
3.215,12,pos,-0.0,4.219211822660099
3.215,12,sbps,-0.0,4.219211822660099
3.215,12,prculs-d,-0.0,4.219211822660099
3.215,12,prcus-p,0.0,4.219211822660099
3.215,12,prcus-i,-0.0,4.219211822660099
3.215,12,prcus-a,-0.0,4.219211822660099
3.215,12,ifrms,-0.0,4.219211822660099
3.215,12,sspls-v,-0.0,4.219211822660099
3.215,13,mcgs,0.0,3.9630541871921188
3.215,13,pos,-0.0,3.9630541871921188
3.215,13,sbps,-0.0,3.9630541871921188
3.215,13,prculs-d,-0.0,3.9630541871921188
3.215,13,prcus-p,0.0,3.9630541871921188
3.215,13,prcus-i,-0.0,3.9630541871921188
3.215,13,prcus-a,0.0,3.9630541871921188
3.215,13,ifrms,0.0,3.9630541871921188
3.215,13,sspls-v,-0.0,3.9630541871921188
3.215,14,mcgs,0.0,4.150246305418718
3.215,14,pos,-0.0,4.150246305418718
3.215,14,sbps,-0.0,4.150246305418718
3.215,14,prculs-d,-0.0,4.150246305418718
3.215,14,prcus-p,0.0,4.150246305418718
3.215,14,prcus-i,-0.0,4.150246305418718
3.215,14,prcus-a,-0.0,4.150246305418718
3.215,14,ifrms,-0.0,4.150246305418718
3.215,14,sspls-v,-0.0,4.150246305418718
3.215,15,mcgs,0.0,4.110837438423645
3.215,15,pos,-0.0,4.110837438423645
3.215,15,sbps,-0.0,4.110837438423645
3.215,15,prculs-d,-0.0,4.110837438423645
3.215,15,prcus-p,0.0,4.110837438423645
3.215,15,prcus-i,-0.0,4.110837438423645
3.215,15,prcus-a,-0.0,4.110837438423645
3.215,15,ifrms,-0.0,4.110837438423645
3.215,15,sspls-v,-0.0,4.110837438423645
3.215,16,mcgs,0.0,4.219211822660099
3.215,16,pos,-0.0,4.219211822660099
3.215,16,sbps,-0.0,4.219211822660099
3.215,16,prculs-d,-0.0,4.219211822660099
3.215,16,prcus-p,0.0,4.219211822660099
3.215,16,prcus-i,-0.0,4.219211822660099
3.215,16,prcus-a,-0.0,4.219211822660099
3.215,16,ifrms,-0.0,4.219211822660099
3.215,16,sspls-v,-0.0,4.219211822660099
3.215,17,mcgs,0.0,3.839901477832512
3.215,17,pos,-0.0,3.839901477832512
3.215,17,sbps,-0.0,3.839901477832512
3.215,17,prculs-d,-0.0,3.839901477832512
3.215,17,prcus-p,0.0,3.839901477832512
3.215,17,prcus-i,-0.0,3.839901477832512
3.215,17,prcus-a,-0.0,3.839901477832512
3.215,17,ifrms,-0.0,3.839901477832512
3.215,17,sspls-v,0.0,3.839901477832512
3.215,18,mcgs,0.0,4.219211822660099
3.215,18,pos,-0.0,4.219211822660099
3.215,18,sbps,-0.0,4.219211822660099
3.215,18,prculs-d,-0.0,4.219211822660099
3.215,18,prcus-p,0.0,4.219211822660099
3.215,18,prcus-i,-0.0,4.219211822660099
3.215,18,prcus-a,-0.0,4.219211822660099
3.215,18,ifrms,-0.0,4.219211822660099
3.215,18,sspls-v,-0.0,4.219211822660099
3.215,19,mcgs,0.0,4.0467980295566495
3.215,19,pos,-0.0,4.0467980295566495
3.215,19,sbps,-0.0,4.0467980295566495
3.215,19,prculs-d,-0.0,4.0467980295566495
3.215,19,prcus-p,0.0,4.0467980295566495
3.215,19,prcus-i,-0.0,4.0467980295566495
3.215,19,prcus-a,-0.0,4.0467980295566495
3.215,19,ifrms,-0.0,4.0467980295566495
3.215,19,sspls-v,-0.0,4.0467980295566495
3.215,20,mcgs,0.0,4.017241379310345
3.215,20,pos,-0.0,4.017241379310345
3.215,20,sbps,-0.0,4.017241379310345
3.215,20,prculs-d,-0.0,4.017241379310345
3.215,20,prcus-p,0.0,4.017241379310345
3.215,20,prcus-i,-0.0,4.017241379310345
3.215,20,prcus-a,-0.0,4.017241379310345
3.215,20,ifrms,-0.0,4.017241379310345
3.215,20,sspls-v,-0.0,4.017241379310345
3.215,21,mcgs,0.0,4.0467980295566495
3.215,21,pos,-0.0,4.0467980295566495
3.215,21,sbps,-0.0,4.0467980295566495
3.215,21,prculs-d,-0.0,4.0467980295566495
3.215,21,prcus-p,0.0,4.0467980295566495
3.215,21,prcus-i,-0.0,4.0467980295566495
3.215,21,prcus-a,-0.0,4.0467980295566495
3.215,21,ifrms,-0.0,4.0467980295566495
3.215,21,sspls-v,-0.0,4.0467980295566495
3.215,22,mcgs,0.0,4.18472906403941
3.215,22,pos,-0.0,4.18472906403941
3.215,22,sbps,-0.0,4.18472906403941
3.215,22,prculs-d,-0.0,4.18472906403941
3.215,22,prcus-p,0.0,4.18472906403941
3.215,22,prcus-i,-0.0,4.18472906403941
3.215,22,prcus-a,-0.0,4.18472906403941
3.215,22,ifrms,-0.0,4.18472906403941
3.215,22,sspls-v,-0.0,4.18472906403941
3.215,23,mcgs,0.0,4.219211822660099
3.215,23,pos,-0.0,4.219211822660099
3.215,23,sbps,-0.0,4.219211822660099
3.215,23,prculs-d,-0.0,4.219211822660099
3.215,23,prcus-p,0.0,4.219211822660099
3.215,23,prcus-i,-0.0,4.219211822660099
3.215,23,prcus-a,-0.0,4.219211822660099
3.215,23,ifrms,-0.0,4.219211822660099
3.215,23,sspls-v,-0.0,4.219211822660099
3.215,24,mcgs,0.0,4.115763546798029
3.215,24,pos,-0.0,4.115763546798029
3.215,24,sbps,-0.0,4.115763546798029
3.215,24,prculs-d,-0.0,4.115763546798029
3.215,24,prcus-p,0.0,4.115763546798029
3.215,24,prcus-i,-0.0,4.115763546798029
3.215,24,prcus-a,-0.0,4.115763546798029
3.215,24,ifrms,-0.0,4.115763546798029
3.215,24,sspls-v,0.0,4.115763546798029
3.215,25,mcgs,0.0,4.071428571428571
3.215,25,pos,-0.0,4.071428571428571
3.215,25,sbps,-0.0,4.071428571428571
3.215,25,prculs-d,-0.0,4.071428571428571
3.215,25,prcus-p,0.0,4.071428571428571
3.215,25,prcus-i,-0.0,4.071428571428571
3.215,25,prcus-a,-0.0,4.071428571428571
3.215,25,ifrms,-0.0,4.071428571428571
3.215,25,sspls-v,0.0,4.071428571428571
3.215,26,mcgs,0.0,3.908866995073892
3.215,26,pos,-0.0,3.908866995073892
3.215,26,sbps,-0.0,3.908866995073892
3.215,26,prculs-d,-0.0,3.908866995073892
3.215,26,prcus-p,0.0,3.908866995073892
3.215,26,prcus-i,-0.0,3.908866995073892
3.215,26,prcus-a,-0.0,3.908866995073892
3.215,26,ifrms,0.0,3.908866995073892
3.215,26,sspls-v,-0.0,3.908866995073892
3.215,27,mcgs,0.0,4.189655172413793
3.215,27,pos,-0.0,4.189655172413793
3.215,27,sbps,-0.0,4.189655172413793
3.215,27,prculs-d,-0.0,4.189655172413793
3.215,27,prcus-p,0.0,4.189655172413793
3.215,27,prcus-i,-0.0,4.189655172413793
3.215,27,prcus-a,-0.0,4.189655172413793
3.215,27,ifrms,-0.0,4.189655172413793
3.215,27,sspls-v,-0.0,4.189655172413793
3.215,28,mcgs,0.0,4.071428571428571
3.215,28,pos,-0.0,4.071428571428571
3.215,28,sbps,-0.0,4.071428571428571
3.215,28,prculs-d,-0.0,4.071428571428571
3.215,28,prcus-p,0.0,4.071428571428571
3.215,28,prcus-i,-0.0,4.071428571428571
3.215,28,prcus-a,-0.0,4.071428571428571
3.215,28,ifrms,0.0,4.071428571428571
3.215,28,sspls-v,0.0,4.071428571428571
3.215,29,mcgs,0.0,3.9433497536945823
3.215,29,pos,-0.0,3.9433497536945823
3.215,29,sbps,-0.0,3.9433497536945823
3.215,29,prculs-d,-0.0,3.9433497536945823
3.215,29,prcus-p,0.0,3.9433497536945823
3.215,29,prcus-i,-0.0,3.9433497536945823
3.215,29,prcus-a,-0.0,3.9433497536945823
3.215,29,ifrms,0.0,3.9433497536945823
3.215,29,sspls-v,0.0,3.9433497536945823
3.437,0,mcgs,0.0,4.071428571428571
3.437,0,pos,-0.0,4.071428571428571
3.437,0,sbps,-0.0,4.071428571428571
3.437,0,prculs-d,-0.0,4.071428571428571
3.437,0,prcus-p,0.0,4.071428571428571
3.437,0,prcus-i,-0.0,4.071428571428571
3.437,0,prcus-a,-0.0,4.071428571428571
3.437,0,ifrms,-0.0,4.071428571428571
3.437,0,sspls-v,-0.0,4.071428571428571
3.437,1,mcgs,0.0,4.110837438423645
3.437,1,pos,-0.0,4.110837438423645
3.437,1,sbps,-0.0,4.110837438423645
3.437,1,prculs-d,-0.0,4.110837438423645
3.437,1,prcus-p,0.0,4.110837438423645
3.437,1,prcus-i,-0.0,4.110837438423645
3.437,1,prcus-a,-0.0,4.110837438423645
3.437,1,ifrms,-0.0,4.110837438423645
3.437,1,sspls-v,0.0,4.110837438423645
3.437,2,mcgs,0.0,3.9630541871921188
3.437,2,pos,-0.0,3.9630541871921188
3.437,2,sbps,-0.0,3.9630541871921188
3.437,2,prculs-d,-0.0,3.9630541871921188
3.437,2,prcus-p,0.0,3.9630541871921188
3.437,2,prcus-i,-0.0,3.9630541871921188
3.437,2,prcus-a,-0.0,3.9630541871921188
3.437,2,ifrms,0.0,3.9630541871921188
3.437,2,sspls-v,-0.0,3.9630541871921188
3.437,3,mcgs,0.0,3.908866995073892
3.437,3,pos,-0.0,3.908866995073892
3.437,3,sbps,-0.0,3.908866995073892
3.437,3,prculs-d,-0.0,3.908866995073892
3.437,3,prcus-p,-0.0,3.908866995073892
3.437,3,prcus-i,-0.0,3.908866995073892
3.437,3,prcus-a,-0.0,3.908866995073892
3.437,3,ifrms,-0.0,3.908866995073892
3.437,3,sspls-v,-0.0,3.908866995073892
3.437,4,mcgs,0.0,4.071428571428571
3.437,4,pos,-0.0,4.071428571428571
3.437,4,sbps,-0.0,4.071428571428571
3.437,4,prculs-d,-0.0,4.071428571428571
3.437,4,prcus-p,0.0,4.071428571428571
3.437,4,prcus-i,-0.0,4.071428571428571
3.437,4,prcus-a,-0.0,4.071428571428571
3.437,4,ifrms,-0.0,4.071428571428571
3.437,4,sspls-v,-0.0,4.071428571428571
3.437,5,mcgs,0.0,4.08128078817734
3.437,5,pos,-0.0,4.08128078817734
3.437,5,sbps,-0.0,4.08128078817734
3.437,5,prculs-d,-0.0,4.08128078817734
3.437,5,prcus-p,0.0,4.08128078817734
3.437,5,prcus-i,-0.0,4.08128078817734
3.437,5,prcus-a,-0.0,4.08128078817734
3.437,5,ifrms,-0.0,4.08128078817734
3.437,5,sspls-v,0.0,4.08128078817734
3.437,6,mcgs,0.0,3.9901477832512313
3.437,6,pos,-0.0,3.9901477832512313
3.437,6,sbps,-0.0,3.9901477832512313
3.437,6,prculs-d,-0.0,3.9901477832512313
3.437,6,prcus-p,0.0,3.9901477832512313
3.437,6,prcus-i,-0.0,3.9901477832512313
3.437,6,prcus-a,-0.0,3.9901477832512313
3.437,6,ifrms,-0.0,3.9901477832512313
3.437,6,sspls-v,0.0,3.9901477832512313
3.437,7,mcgs,0.0,4.219211822660099
3.437,7,pos,-0.0,4.219211822660099
3.437,7,sbps,-0.0,4.219211822660099
3.437,7,prculs-d,-0.0,4.219211822660099
3.437,7,prcus-p,0.0,4.219211822660099
3.437,7,prcus-i,-0.0,4.219211822660099
3.437,7,prcus-a,-0.0,4.219211822660099
3.437,7,ifrms,-0.0,4.219211822660099
3.437,7,sspls-v,-0.0,4.219211822660099
3.437,8,mcgs,0.0,4.150246305418718
3.437,8,pos,-0.0,4.150246305418718
3.437,8,sbps,-0.0,4.150246305418718
3.437,8,prculs-d,-0.0,4.150246305418718
3.437,8,prcus-p,0.0,4.150246305418718
3.437,8,prcus-i,-0.0,4.150246305418718
3.437,8,prcus-a,-0.0,4.150246305418718
3.437,8,ifrms,-0.0,4.150246305418718
3.437,8,sspls-v,-0.0,4.150246305418718
3.437,9,mcgs,0.0,4.18472906403941
3.437,9,pos,-0.0,4.18472906403941
3.437,9,sbps,-0.0,4.18472906403941
3.437,9,prculs-d,-0.0,4.18472906403941
3.437,9,prcus-p,0.0,4.18472906403941
3.437,9,prcus-i,-0.0,4.18472906403941
3.437,9,prcus-a,-0.0,4.18472906403941
3.437,9,ifrms,-0.0,4.18472906403941
3.437,9,sspls-v,-0.0,4.18472906403941
3.437,10,mcgs,0.0,4.044334975369458
3.437,10,pos,-0.0,4.044334975369458
3.437,10,sbps,-0.0,4.044334975369458
3.437,10,prculs-d,-0.0,4.044334975369458
3.437,10,prcus-p,0.0,4.044334975369458
3.437,10,prcus-i,-0.0,4.044334975369458
3.437,10,prcus-a,-0.0,4.044334975369458
3.437,10,ifrms,-0.0,4.044334975369458
3.437,10,sspls-v,-0.0,4.044334975369458
3.437,11,mcgs,0.0,4.18472906403941
3.437,11,pos,-0.0,4.18472906403941
3.437,11,sbps,-0.0,4.18472906403941
3.437,11,prculs-d,-0.0,4.18472906403941
3.437,11,prcus-p,0.0,4.18472906403941
3.437,11,prcus-i,-0.0,4.18472906403941
3.437,11,prcus-a,-0.0,4.18472906403941
3.437,11,ifrms,-0.0,4.18472906403941
3.437,11,sspls-v,-0.0,4.18472906403941
3.437,12,mcgs,0.0,4.219211822660099
3.437,12,pos,-0.0,4.219211822660099
3.437,12,sbps,-0.0,4.219211822660099
3.437,12,prculs-d,-0.0,4.219211822660099
3.437,12,prcus-p,0.0,4.219211822660099
3.437,12,prcus-i,-0.0,4.219211822660099
3.437,12,prcus-a,-0.0,4.219211822660099
3.437,12,ifrms,-0.0,4.219211822660099
3.437,12,sspls-v,-0.0,4.219211822660099
3.437,13,mcgs,0.0,3.9630541871921188
3.437,13,pos,-0.0,3.9630541871921188
3.437,13,sbps,-0.0,3.9630541871921188
3.437,13,prculs-d,-0.0,3.9630541871921188
3.437,13,prcus-p,0.0,3.9630541871921188
3.437,13,prcus-i,-0.0,3.9630541871921188
3.437,13,prcus-a,0.0,3.9630541871921188
3.437,13,ifrms,0.0,3.9630541871921188
3.437,13,sspls-v,-0.0,3.9630541871921188
3.437,14,mcgs,0.0,4.150246305418718
3.437,14,pos,-0.0,4.150246305418718
3.437,14,sbps,-0.0,4.150246305418718
3.437,14,prculs-d,-0.0,4.150246305418718
3.437,14,prcus-p,0.0,4.150246305418718
3.437,14,prcus-i,-0.0,4.150246305418718
3.437,14,prcus-a,-0.0,4.150246305418718
3.437,14,ifrms,-0.0,4.150246305418718
3.437,14,sspls-v,-0.0,4.150246305418718
3.437,15,mcgs,0.0,4.110837438423645
3.437,15,pos,-0.0,4.110837438423645
3.437,15,sbps,-0.0,4.110837438423645
3.437,15,prculs-d,-0.0,4.110837438423645
3.437,15,prcus-p,0.0,4.110837438423645
3.437,15,prcus-i,-0.0,4.110837438423645
3.437,15,prcus-a,-0.0,4.110837438423645
3.437,15,ifrms,-0.0,4.110837438423645
3.437,15,sspls-v,-0.0,4.110837438423645
3.437,16,mcgs,0.0,4.219211822660099
3.437,16,pos,-0.0,4.219211822660099
3.437,16,sbps,-0.0,4.219211822660099
3.437,16,prculs-d,-0.0,4.219211822660099
3.437,16,prcus-p,0.0,4.219211822660099
3.437,16,prcus-i,-0.0,4.219211822660099
3.437,16,prcus-a,-0.0,4.219211822660099
3.437,16,ifrms,-0.0,4.219211822660099
3.437,16,sspls-v,-0.0,4.219211822660099
3.437,17,mcgs,0.0,3.839901477832512
3.437,17,pos,-0.0,3.839901477832512
3.437,17,sbps,-0.0,3.839901477832512
3.437,17,prculs-d,-0.0,3.839901477832512
3.437,17,prcus-p,0.0,3.839901477832512
3.437,17,prcus-i,-0.0,3.839901477832512
3.437,17,prcus-a,-0.0,3.839901477832512
3.437,17,ifrms,-0.0,3.839901477832512
3.437,17,sspls-v,0.0,3.839901477832512
3.437,18,mcgs,0.0,4.219211822660099
3.437,18,pos,-0.0,4.219211822660099
3.437,18,sbps,-0.0,4.219211822660099
3.437,18,prculs-d,-0.0,4.219211822660099
3.437,18,prcus-p,0.0,4.219211822660099
3.437,18,prcus-i,-0.0,4.219211822660099
3.437,18,prcus-a,-0.0,4.219211822660099
3.437,18,ifrms,-0.0,4.219211822660099
3.437,18,sspls-v,-0.0,4.219211822660099
3.437,19,mcgs,0.0,4.0467980295566495
3.437,19,pos,-0.0,4.0467980295566495
3.437,19,sbps,-0.0,4.0467980295566495
3.437,19,prculs-d,-0.0,4.0467980295566495
3.437,19,prcus-p,0.0,4.0467980295566495
3.437,19,prcus-i,-0.0,4.0467980295566495
3.437,19,prcus-a,-0.0,4.0467980295566495
3.437,19,ifrms,-0.0,4.0467980295566495
3.437,19,sspls-v,-0.0,4.0467980295566495
3.437,20,mcgs,0.0,4.017241379310345
3.437,20,pos,-0.0,4.017241379310345
3.437,20,sbps,-0.0,4.017241379310345
3.437,20,prculs-d,-0.0,4.017241379310345
3.437,20,prcus-p,0.0,4.017241379310345
3.437,20,prcus-i,-0.0,4.017241379310345
3.437,20,prcus-a,-0.0,4.017241379310345
3.437,20,ifrms,-0.0,4.017241379310345
3.437,20,sspls-v,-0.0,4.017241379310345
3.437,21,mcgs,0.0,4.0467980295566495
3.437,21,pos,-0.0,4.0467980295566495
3.437,21,sbps,-0.0,4.0467980295566495
3.437,21,prculs-d,-0.0,4.0467980295566495
3.437,21,prcus-p,0.0,4.0467980295566495
3.437,21,prcus-i,-0.0,4.0467980295566495
3.437,21,prcus-a,-0.0,4.0467980295566495
3.437,21,ifrms,-0.0,4.0467980295566495
3.437,21,sspls-v,-0.0,4.0467980295566495
3.437,22,mcgs,0.0,4.18472906403941
3.437,22,pos,-0.0,4.18472906403941
3.437,22,sbps,-0.0,4.18472906403941
3.437,22,prculs-d,-0.0,4.18472906403941
3.437,22,prcus-p,0.0,4.18472906403941
3.437,22,prcus-i,-0.0,4.18472906403941
3.437,22,prcus-a,-0.0,4.18472906403941
3.437,22,ifrms,-0.0,4.18472906403941
3.437,22,sspls-v,-0.0,4.18472906403941
3.437,23,mcgs,0.0,4.219211822660099
3.437,23,pos,-0.0,4.219211822660099
3.437,23,sbps,-0.0,4.219211822660099
3.437,23,prculs-d,-0.0,4.219211822660099
3.437,23,prcus-p,0.0,4.219211822660099
3.437,23,prcus-i,-0.0,4.219211822660099
3.437,23,prcus-a,-0.0,4.219211822660099
3.437,23,ifrms,-0.0,4.219211822660099
3.437,23,sspls-v,-0.0,4.219211822660099
3.437,24,mcgs,0.0,4.115763546798029
3.437,24,pos,-0.0,4.115763546798029
3.437,24,sbps,-0.0,4.115763546798029
3.437,24,prculs-d,-0.0,4.115763546798029
3.437,24,prcus-p,0.0,4.115763546798029
3.437,24,prcus-i,-0.0,4.115763546798029
3.437,24,prcus-a,-0.0,4.115763546798029
3.437,24,ifrms,-0.0,4.115763546798029
3.437,24,sspls-v,0.0,4.115763546798029
3.437,25,mcgs,0.0,4.071428571428571
3.437,25,pos,-0.0,4.071428571428571
3.437,25,sbps,-0.0,4.071428571428571
3.437,25,prculs-d,-0.0,4.071428571428571
3.437,25,prcus-p,0.0,4.071428571428571
3.437,25,prcus-i,-0.0,4.071428571428571
3.437,25,prcus-a,-0.0,4.071428571428571
3.437,25,ifrms,-0.0,4.071428571428571
3.437,25,sspls-v,0.0,4.071428571428571
3.437,26,mcgs,0.0,3.908866995073892
3.437,26,pos,-0.0,3.908866995073892
3.437,26,sbps,-0.0,3.908866995073892
3.437,26,prculs-d,-0.0,3.908866995073892
3.437,26,prcus-p,0.0,3.908866995073892
3.437,26,prcus-i,-0.0,3.908866995073892
3.437,26,prcus-a,-0.0,3.908866995073892
3.437,26,ifrms,0.0,3.908866995073892
3.437,26,sspls-v,-0.0,3.908866995073892
3.437,27,mcgs,0.0,4.189655172413793
3.437,27,pos,-0.0,4.189655172413793
3.437,27,sbps,-0.0,4.189655172413793
3.437,27,prculs-d,-0.0,4.189655172413793
3.437,27,prcus-p,0.0,4.189655172413793
3.437,27,prcus-i,-0.0,4.189655172413793
3.437,27,prcus-a,-0.0,4.189655172413793
3.437,27,ifrms,-0.0,4.189655172413793
3.437,27,sspls-v,-0.0,4.189655172413793
3.437,28,mcgs,0.0,4.071428571428571
3.437,28,pos,-0.0,4.071428571428571
3.437,28,sbps,-0.0,4.071428571428571
3.437,28,prculs-d,-0.0,4.071428571428571
3.437,28,prcus-p,0.0,4.071428571428571
3.437,28,prcus-i,-0.0,4.071428571428571
3.437,28,prcus-a,-0.0,4.071428571428571
3.437,28,ifrms,0.0,4.071428571428571
3.437,28,sspls-v,0.0,4.071428571428571
3.437,29,mcgs,0.0,3.9433497536945823
3.437,29,pos,-0.0,3.9433497536945823
3.437,29,sbps,-0.0,3.9433497536945823
3.437,29,prculs-d,-0.0,3.9433497536945823
3.437,29,prcus-p,0.0,3.9433497536945823
3.437,29,prcus-i,-0.0,3.9433497536945823
3.437,29,prcus-a,-0.0,3.9433497536945823
3.437,29,ifrms,0.0,3.9433497536945823
3.437,29,sspls-v,0.0,3.9433497536945823
3.675,0,mcgs,0.0,4.071428571428571
3.675,0,pos,-0.0,4.071428571428571
3.675,0,sbps,-0.0,4.071428571428571
3.675,0,prculs-d,-0.0,4.071428571428571
3.675,0,prcus-p,0.0,4.071428571428571
3.675,0,prcus-i,-0.0,4.071428571428571
3.675,0,prcus-a,-0.0,4.071428571428571
3.675,0,ifrms,-0.0,4.071428571428571
3.675,0,sspls-v,-0.0,4.071428571428571
3.675,1,mcgs,0.0,4.110837438423645
3.675,1,pos,-0.0,4.110837438423645
3.675,1,sbps,-0.0,4.110837438423645
3.675,1,prculs-d,-0.0,4.110837438423645
3.675,1,prcus-p,0.0,4.110837438423645
3.675,1,prcus-i,-0.0,4.110837438423645
3.675,1,prcus-a,-0.0,4.110837438423645
3.675,1,ifrms,-0.0,4.110837438423645
3.675,1,sspls-v,0.0,4.110837438423645
3.675,2,mcgs,0.0,3.9630541871921188
3.675,2,pos,-0.0,3.9630541871921188
3.675,2,sbps,-0.0,3.9630541871921188
3.675,2,prculs-d,-0.0,3.9630541871921188
3.675,2,prcus-p,0.0,3.9630541871921188
3.675,2,prcus-i,-0.0,3.9630541871921188
3.675,2,prcus-a,-0.0,3.9630541871921188
3.675,2,ifrms,0.0,3.9630541871921188
3.675,2,sspls-v,-0.0,3.9630541871921188
3.675,3,mcgs,0.0,3.908866995073892
3.675,3,pos,-0.0,3.908866995073892
3.675,3,sbps,-0.0,3.908866995073892
3.675,3,prculs-d,-0.0,3.908866995073892
3.675,3,prcus-p,-0.0,3.908866995073892
3.675,3,prcus-i,-0.0,3.908866995073892
3.675,3,prcus-a,-0.0,3.908866995073892
3.675,3,ifrms,-0.0,3.908866995073892
3.675,3,sspls-v,-0.0,3.908866995073892
3.675,4,mcgs,0.0,4.071428571428571
3.675,4,pos,-0.0,4.071428571428571
3.675,4,sbps,-0.0,4.071428571428571
3.675,4,prculs-d,-0.0,4.071428571428571
3.675,4,prcus-p,0.0,4.071428571428571
3.675,4,prcus-i,-0.0,4.071428571428571
3.675,4,prcus-a,-0.0,4.071428571428571
3.675,4,ifrms,-0.0,4.071428571428571
3.675,4,sspls-v,-0.0,4.071428571428571
3.675,5,mcgs,0.0,4.08128078817734
3.675,5,pos,-0.0,4.08128078817734
3.675,5,sbps,-0.0,4.08128078817734
3.675,5,prculs-d,-0.0,4.08128078817734
3.675,5,prcus-p,0.0,4.08128078817734
3.675,5,prcus-i,-0.0,4.08128078817734
3.675,5,prcus-a,-0.0,4.08128078817734
3.675,5,ifrms,-0.0,4.08128078817734
3.675,5,sspls-v,0.0,4.08128078817734
3.675,6,mcgs,0.0,3.9901477832512313
3.675,6,pos,-0.0,3.9901477832512313
3.675,6,sbps,-0.0,3.9901477832512313
3.675,6,prculs-d,-0.0,3.9901477832512313
3.675,6,prcus-p,0.0,3.9901477832512313
3.675,6,prcus-i,-0.0,3.9901477832512313
3.675,6,prcus-a,-0.0,3.9901477832512313
3.675,6,ifrms,-0.0,3.9901477832512313
3.675,6,sspls-v,0.0,3.9901477832512313
3.675,7,mcgs,0.0,4.219211822660099
3.675,7,pos,-0.0,4.219211822660099
3.675,7,sbps,-0.0,4.219211822660099
3.675,7,prculs-d,-0.0,4.219211822660099
3.675,7,prcus-p,0.0,4.219211822660099
3.675,7,prcus-i,-0.0,4.219211822660099
3.675,7,prcus-a,-0.0,4.219211822660099
3.675,7,ifrms,-0.0,4.219211822660099
3.675,7,sspls-v,-0.0,4.219211822660099
3.675,8,mcgs,0.0,4.150246305418718
3.675,8,pos,-0.0,4.150246305418718
3.675,8,sbps,-0.0,4.150246305418718
3.675,8,prculs-d,-0.0,4.150246305418718
3.675,8,prcus-p,0.0,4.150246305418718
3.675,8,prcus-i,-0.0,4.150246305418718
3.675,8,prcus-a,-0.0,4.150246305418718
3.675,8,ifrms,-0.0,4.150246305418718
3.675,8,sspls-v,-0.0,4.150246305418718
3.675,9,mcgs,0.0,4.18472906403941
3.675,9,pos,-0.0,4.18472906403941
3.675,9,sbps,-0.0,4.18472906403941
3.675,9,prculs-d,-0.0,4.18472906403941
3.675,9,prcus-p,0.0,4.18472906403941
3.675,9,prcus-i,-0.0,4.18472906403941
3.675,9,prcus-a,-0.0,4.18472906403941
3.675,9,ifrms,-0.0,4.18472906403941
3.675,9,sspls-v,-0.0,4.18472906403941
3.675,10,mcgs,0.0,4.044334975369458
3.675,10,pos,-0.0,4.044334975369458
3.675,10,sbps,-0.0,4.044334975369458
3.675,10,prculs-d,-0.0,4.044334975369458
3.675,10,prcus-p,0.0,4.044334975369458
3.675,10,prcus-i,-0.0,4.044334975369458
3.675,10,prcus-a,-0.0,4.044334975369458
3.675,10,ifrms,-0.0,4.044334975369458
3.675,10,sspls-v,-0.0,4.044334975369458
3.675,11,mcgs,0.0,4.18472906403941
3.675,11,pos,-0.0,4.18472906403941
3.675,11,sbps,-0.0,4.18472906403941
3.675,11,prculs-d,-0.0,4.18472906403941
3.675,11,prcus-p,0.0,4.18472906403941
3.675,11,prcus-i,-0.0,4.18472906403941
3.675,11,prcus-a,-0.0,4.18472906403941
3.675,11,ifrms,-0.0,4.18472906403941
3.675,11,sspls-v,-0.0,4.18472906403941
3.675,12,mcgs,0.0,4.219211822660099
3.675,12,pos,-0.0,4.219211822660099
3.675,12,sbps,-0.0,4.219211822660099
3.675,12,prculs-d,-0.0,4.219211822660099
3.675,12,prcus-p,0.0,4.219211822660099
3.675,12,prcus-i,-0.0,4.219211822660099
3.675,12,prcus-a,-0.0,4.219211822660099
3.675,12,ifrms,-0.0,4.219211822660099
3.675,12,sspls-v,-0.0,4.219211822660099
3.675,13,mcgs,0.0,3.9630541871921188
3.675,13,pos,-0.0,3.9630541871921188
3.675,13,sbps,-0.0,3.9630541871921188
3.675,13,prculs-d,-0.0,3.9630541871921188
3.675,13,prcus-p,0.0,3.9630541871921188
3.675,13,prcus-i,-0.0,3.9630541871921188
3.675,13,prcus-a,0.0,3.9630541871921188
3.675,13,ifrms,0.0,3.9630541871921188
3.675,13,sspls-v,-0.0,3.9630541871921188
3.675,14,mcgs,0.0,4.150246305418718
3.675,14,pos,-0.0,4.150246305418718
3.675,14,sbps,-0.0,4.150246305418718
3.675,14,prculs-d,-0.0,4.150246305418718
3.675,14,prcus-p,0.0,4.150246305418718
3.675,14,prcus-i,-0.0,4.150246305418718
3.675,14,prcus-a,-0.0,4.150246305418718
3.675,14,ifrms,-0.0,4.150246305418718
3.675,14,sspls-v,-0.0,4.150246305418718
3.675,15,mcgs,0.0,4.110837438423645
3.675,15,pos,-0.0,4.110837438423645
3.675,15,sbps,-0.0,4.110837438423645
3.675,15,prculs-d,-0.0,4.110837438423645
3.675,15,prcus-p,0.0,4.110837438423645
3.675,15,prcus-i,-0.0,4.110837438423645
3.675,15,prcus-a,-0.0,4.110837438423645
3.675,15,ifrms,-0.0,4.110837438423645
3.675,15,sspls-v,-0.0,4.110837438423645
3.675,16,mcgs,0.0,4.219211822660099
3.675,16,pos,-0.0,4.219211822660099
3.675,16,sbps,-0.0,4.219211822660099
3.675,16,prculs-d,-0.0,4.219211822660099
3.675,16,prcus-p,0.0,4.219211822660099
3.675,16,prcus-i,-0.0,4.219211822660099
3.675,16,prcus-a,-0.0,4.219211822660099
3.675,16,ifrms,-0.0,4.219211822660099
3.675,16,sspls-v,-0.0,4.219211822660099
3.675,17,mcgs,0.0,3.839901477832512
3.675,17,pos,-0.0,3.839901477832512
3.675,17,sbps,-0.0,3.839901477832512
3.675,17,prculs-d,-0.0,3.839901477832512
3.675,17,prcus-p,0.0,3.839901477832512
3.675,17,prcus-i,-0.0,3.839901477832512
3.675,17,prcus-a,-0.0,3.839901477832512
3.675,17,ifrms,-0.0,3.839901477832512
3.675,17,sspls-v,0.0,3.839901477832512
3.675,18,mcgs,0.0,4.219211822660099
3.675,18,pos,-0.0,4.219211822660099
3.675,18,sbps,-0.0,4.219211822660099
3.675,18,prculs-d,-0.0,4.219211822660099
3.675,18,prcus-p,0.0,4.219211822660099
3.675,18,prcus-i,-0.0,4.219211822660099
3.675,18,prcus-a,-0.0,4.219211822660099
3.675,18,ifrms,-0.0,4.219211822660099
3.675,18,sspls-v,-0.0,4.219211822660099
3.675,19,mcgs,0.0,4.0467980295566495
3.675,19,pos,-0.0,4.0467980295566495
3.675,19,sbps,-0.0,4.0467980295566495
3.675,19,prculs-d,-0.0,4.0467980295566495
3.675,19,prcus-p,0.0,4.0467980295566495
3.675,19,prcus-i,-0.0,4.0467980295566495
3.675,19,prcus-a,-0.0,4.0467980295566495
3.675,19,ifrms,-0.0,4.0467980295566495
3.675,19,sspls-v,-0.0,4.0467980295566495
3.675,20,mcgs,0.0,4.017241379310345
3.675,20,pos,-0.0,4.017241379310345
3.675,20,sbps,-0.0,4.017241379310345
3.675,20,prculs-d,-0.0,4.017241379310345
3.675,20,prcus-p,0.0,4.017241379310345
3.675,20,prcus-i,-0.0,4.017241379310345
3.675,20,prcus-a,-0.0,4.017241379310345
3.675,20,ifrms,-0.0,4.017241379310345
3.675,20,sspls-v,-0.0,4.017241379310345
3.675,21,mcgs,0.0,4.0467980295566495
3.675,21,pos,-0.0,4.0467980295566495
3.675,21,sbps,-0.0,4.0467980295566495
3.675,21,prculs-d,-0.0,4.0467980295566495
3.675,21,prcus-p,0.0,4.0467980295566495
3.675,21,prcus-i,-0.0,4.0467980295566495
3.675,21,prcus-a,-0.0,4.0467980295566495
3.675,21,ifrms,-0.0,4.0467980295566495
3.675,21,sspls-v,-0.0,4.0467980295566495
3.675,22,mcgs,0.0,4.18472906403941
3.675,22,pos,-0.0,4.18472906403941
3.675,22,sbps,-0.0,4.18472906403941
3.675,22,prculs-d,-0.0,4.18472906403941
3.675,22,prcus-p,0.0,4.18472906403941
3.675,22,prcus-i,-0.0,4.18472906403941
3.675,22,prcus-a,-0.0,4.18472906403941
3.675,22,ifrms,-0.0,4.18472906403941
3.675,22,sspls-v,-0.0,4.18472906403941
3.675,23,mcgs,0.0,4.219211822660099
3.675,23,pos,-0.0,4.219211822660099
3.675,23,sbps,-0.0,4.219211822660099
3.675,23,prculs-d,-0.0,4.219211822660099
3.675,23,prcus-p,0.0,4.219211822660099
3.675,23,prcus-i,-0.0,4.219211822660099
3.675,23,prcus-a,-0.0,4.219211822660099
3.675,23,ifrms,-0.0,4.219211822660099
3.675,23,sspls-v,-0.0,4.219211822660099
3.675,24,mcgs,0.0,4.115763546798029
3.675,24,pos,-0.0,4.115763546798029
3.675,24,sbps,-0.0,4.115763546798029
3.675,24,prculs-d,-0.0,4.115763546798029
3.675,24,prcus-p,0.0,4.115763546798029
3.675,24,prcus-i,-0.0,4.115763546798029
3.675,24,prcus-a,-0.0,4.115763546798029
3.675,24,ifrms,-0.0,4.115763546798029
3.675,24,sspls-v,0.0,4.115763546798029
3.675,25,mcgs,0.0,4.071428571428571
3.675,25,pos,-0.0,4.071428571428571
3.675,25,sbps,-0.0,4.071428571428571
3.675,25,prculs-d,-0.0,4.071428571428571
3.675,25,prcus-p,0.0,4.071428571428571
3.675,25,prcus-i,-0.0,4.071428571428571
3.675,25,prcus-a,-0.0,4.071428571428571
3.675,25,ifrms,-0.0,4.071428571428571
3.675,25,sspls-v,0.0,4.071428571428571
3.675,26,mcgs,0.0,3.908866995073892
3.675,26,pos,-0.0,3.908866995073892
3.675,26,sbps,-0.0,3.908866995073892
3.675,26,prculs-d,-0.0,3.908866995073892
3.675,26,prcus-p,0.0,3.908866995073892
3.675,26,prcus-i,-0.0,3.908866995073892
3.675,26,prcus-a,-0.0,3.908866995073892
3.675,26,ifrms,0.0,3.908866995073892
3.675,26,sspls-v,-0.0,3.908866995073892
3.675,27,mcgs,0.0,4.189655172413793
3.675,27,pos,-0.0,4.189655172413793
3.675,27,sbps,-0.0,4.189655172413793
3.675,27,prculs-d,-0.0,4.189655172413793
3.675,27,prcus-p,0.0,4.189655172413793
3.675,27,prcus-i,-0.0,4.189655172413793
3.675,27,prcus-a,-0.0,4.189655172413793
3.675,27,ifrms,-0.0,4.189655172413793
3.675,27,sspls-v,-0.0,4.189655172413793
3.675,28,mcgs,0.0,4.071428571428571
3.675,28,pos,-0.0,4.071428571428571
3.675,28,sbps,-0.0,4.071428571428571
3.675,28,prculs-d,-0.0,4.071428571428571
3.675,28,prcus-p,0.0,4.071428571428571
3.675,28,prcus-i,-0.0,4.071428571428571
3.675,28,prcus-a,-0.0,4.071428571428571
3.675,28,ifrms,0.0,4.071428571428571
3.675,28,sspls-v,0.0,4.071428571428571
3.675,29,mcgs,0.0,3.9433497536945823
3.675,29,pos,-0.0,3.9433497536945823
3.675,29,sbps,-0.0,3.9433497536945823
3.675,29,prculs-d,-0.0,3.9433497536945823
3.675,29,prcus-p,0.0,3.9433497536945823
3.675,29,prcus-i,-0.0,3.9433497536945823
3.675,29,prcus-a,-0.0,3.9433497536945823
3.675,29,ifrms,0.0,3.9433497536945823
3.675,29,sspls-v,0.0,3.9433497536945823
3.928,0,mcgs,0.0,4.071428571428571
3.928,0,pos,-0.0,4.071428571428571
3.928,0,sbps,-0.0,4.071428571428571
3.928,0,prculs-d,-0.0,4.071428571428571
3.928,0,prcus-p,0.0,4.071428571428571
3.928,0,prcus-i,-0.0,4.071428571428571
3.928,0,prcus-a,-0.0,4.071428571428571
3.928,0,ifrms,-0.0,4.071428571428571
3.928,0,sspls-v,-0.0,4.071428571428571
3.928,1,mcgs,0.0,4.110837438423645
3.928,1,pos,-0.0,4.110837438423645
3.928,1,sbps,-0.0,4.110837438423645
3.928,1,prculs-d,-0.0,4.110837438423645
3.928,1,prcus-p,0.0,4.110837438423645
3.928,1,prcus-i,-0.0,4.110837438423645
3.928,1,prcus-a,-0.0,4.110837438423645
3.928,1,ifrms,-0.0,4.110837438423645
3.928,1,sspls-v,0.0,4.110837438423645
3.928,2,mcgs,0.0,3.9630541871921188
3.928,2,pos,-0.0,3.9630541871921188
3.928,2,sbps,-0.0,3.9630541871921188
3.928,2,prculs-d,-0.0,3.9630541871921188
3.928,2,prcus-p,0.0,3.9630541871921188
3.928,2,prcus-i,-0.0,3.9630541871921188
3.928,2,prcus-a,-0.0,3.9630541871921188
3.928,2,ifrms,0.0,3.9630541871921188
3.928,2,sspls-v,-0.0,3.9630541871921188
3.928,3,mcgs,0.0,3.908866995073892
3.928,3,pos,-0.0,3.908866995073892
3.928,3,sbps,-0.0,3.908866995073892
3.928,3,prculs-d,-0.0,3.908866995073892
3.928,3,prcus-p,-0.0,3.908866995073892
3.928,3,prcus-i,-0.0,3.908866995073892
3.928,3,prcus-a,-0.0,3.908866995073892
3.928,3,ifrms,-0.0,3.908866995073892
3.928,3,sspls-v,-0.0,3.908866995073892
3.928,4,mcgs,0.0,4.071428571428571
3.928,4,pos,-0.0,4.071428571428571
3.928,4,sbps,-0.0,4.071428571428571
3.928,4,prculs-d,-0.0,4.071428571428571
3.928,4,prcus-p,0.0,4.071428571428571
3.928,4,prcus-i,-0.0,4.071428571428571
3.928,4,prcus-a,-0.0,4.071428571428571
3.928,4,ifrms,-0.0,4.071428571428571
3.928,4,sspls-v,-0.0,4.071428571428571
3.928,5,mcgs,0.0,4.08128078817734
3.928,5,pos,-0.0,4.08128078817734
3.928,5,sbps,-0.0,4.08128078817734
3.928,5,prculs-d,-0.0,4.08128078817734
3.928,5,prcus-p,0.0,4.08128078817734
3.928,5,prcus-i,-0.0,4.08128078817734
3.928,5,prcus-a,-0.0,4.08128078817734
3.928,5,ifrms,-0.0,4.08128078817734
3.928,5,sspls-v,0.0,4.08128078817734
3.928,6,mcgs,0.0,3.9901477832512313
3.928,6,pos,-0.0,3.9901477832512313
3.928,6,sbps,-0.0,3.9901477832512313
3.928,6,prculs-d,-0.0,3.9901477832512313
3.928,6,prcus-p,0.0,3.9901477832512313
3.928,6,prcus-i,-0.0,3.9901477832512313
3.928,6,prcus-a,-0.0,3.9901477832512313
3.928,6,ifrms,-0.0,3.9901477832512313
3.928,6,sspls-v,0.0,3.9901477832512313
3.928,7,mcgs,0.0,4.219211822660099
3.928,7,pos,-0.0,4.219211822660099
3.928,7,sbps,-0.0,4.219211822660099
3.928,7,prculs-d,-0.0,4.219211822660099
3.928,7,prcus-p,0.0,4.219211822660099
3.928,7,prcus-i,-0.0,4.219211822660099
3.928,7,prcus-a,-0.0,4.219211822660099
3.928,7,ifrms,-0.0,4.219211822660099
3.928,7,sspls-v,-0.0,4.219211822660099
3.928,8,mcgs,0.0,4.150246305418718
3.928,8,pos,-0.0,4.150246305418718
3.928,8,sbps,-0.0,4.150246305418718
3.928,8,prculs-d,-0.0,4.150246305418718
3.928,8,prcus-p,0.0,4.150246305418718
3.928,8,prcus-i,-0.0,4.150246305418718
3.928,8,prcus-a,-0.0,4.150246305418718
3.928,8,ifrms,-0.0,4.150246305418718
3.928,8,sspls-v,-0.0,4.150246305418718
3.928,9,mcgs,0.0,4.18472906403941
3.928,9,pos,-0.0,4.18472906403941
3.928,9,sbps,-0.0,4.18472906403941
3.928,9,prculs-d,-0.0,4.18472906403941
3.928,9,prcus-p,0.0,4.18472906403941
3.928,9,prcus-i,-0.0,4.18472906403941
3.928,9,prcus-a,-0.0,4.18472906403941
3.928,9,ifrms,-0.0,4.18472906403941
3.928,9,sspls-v,-0.0,4.18472906403941
3.928,10,mcgs,0.0,4.044334975369458
3.928,10,pos,-0.0,4.044334975369458
3.928,10,sbps,-0.0,4.044334975369458
3.928,10,prculs-d,-0.0,4.044334975369458
3.928,10,prcus-p,0.0,4.044334975369458
3.928,10,prcus-i,-0.0,4.044334975369458
3.928,10,prcus-a,-0.0,4.044334975369458
3.928,10,ifrms,-0.0,4.044334975369458
3.928,10,sspls-v,-0.0,4.044334975369458
3.928,11,mcgs,0.0,4.18472906403941
3.928,11,pos,-0.0,4.18472906403941
3.928,11,sbps,-0.0,4.18472906403941
3.928,11,prculs-d,-0.0,4.18472906403941
3.928,11,prcus-p,0.0,4.18472906403941
3.928,11,prcus-i,-0.0,4.18472906403941
3.928,11,prcus-a,-0.0,4.18472906403941
3.928,11,ifrms,-0.0,4.18472906403941
3.928,11,sspls-v,-0.0,4.18472906403941
3.928,12,mcgs,0.0,4.219211822660099
3.928,12,pos,-0.0,4.219211822660099
3.928,12,sbps,-0.0,4.219211822660099
3.928,12,prculs-d,-0.0,4.219211822660099
3.928,12,prcus-p,0.0,4.219211822660099
3.928,12,prcus-i,-0.0,4.219211822660099
3.928,12,prcus-a,-0.0,4.219211822660099
3.928,12,ifrms,-0.0,4.219211822660099
3.928,12,sspls-v,-0.0,4.219211822660099
3.928,13,mcgs,0.0,3.9630541871921188
3.928,13,pos,-0.0,3.9630541871921188
3.928,13,sbps,-0.0,3.9630541871921188
3.928,13,prculs-d,-0.0,3.9630541871921188
3.928,13,prcus-p,0.0,3.9630541871921188
3.928,13,prcus-i,-0.0,3.9630541871921188
3.928,13,prcus-a,0.0,3.9630541871921188
3.928,13,ifrms,0.0,3.9630541871921188
3.928,13,sspls-v,-0.0,3.9630541871921188
3.928,14,mcgs,0.0,4.150246305418718
3.928,14,pos,-0.0,4.150246305418718
3.928,14,sbps,-0.0,4.150246305418718
3.928,14,prculs-d,-0.0,4.150246305418718
3.928,14,prcus-p,0.0,4.150246305418718
3.928,14,prcus-i,-0.0,4.150246305418718
3.928,14,prcus-a,-0.0,4.150246305418718
3.928,14,ifrms,-0.0,4.150246305418718
3.928,14,sspls-v,-0.0,4.150246305418718
3.928,15,mcgs,0.0,4.110837438423645
3.928,15,pos,-0.0,4.110837438423645
3.928,15,sbps,-0.0,4.110837438423645
3.928,15,prculs-d,-0.0,4.110837438423645
3.928,15,prcus-p,0.0,4.110837438423645
3.928,15,prcus-i,-0.0,4.110837438423645
3.928,15,prcus-a,-0.0,4.110837438423645
3.928,15,ifrms,-0.0,4.110837438423645
3.928,15,sspls-v,-0.0,4.110837438423645
3.928,16,mcgs,0.0,4.219211822660099
3.928,16,pos,-0.0,4.219211822660099
3.928,16,sbps,-0.0,4.219211822660099
3.928,16,prculs-d,-0.0,4.219211822660099
3.928,16,prcus-p,0.0,4.219211822660099
3.928,16,prcus-i,-0.0,4.219211822660099
3.928,16,prcus-a,-0.0,4.219211822660099
3.928,16,ifrms,-0.0,4.219211822660099
3.928,16,sspls-v,-0.0,4.219211822660099
3.928,17,mcgs,0.0,3.839901477832512
3.928,17,pos,-0.0,3.839901477832512
3.928,17,sbps,-0.0,3.839901477832512
3.928,17,prculs-d,-0.0,3.839901477832512
3.928,17,prcus-p,0.0,3.839901477832512
3.928,17,prcus-i,-0.0,3.839901477832512
3.928,17,prcus-a,-0.0,3.839901477832512
3.928,17,ifrms,-0.0,3.839901477832512
3.928,17,sspls-v,0.0,3.839901477832512
3.928,18,mcgs,0.0,4.219211822660099
3.928,18,pos,-0.0,4.219211822660099
3.928,18,sbps,-0.0,4.219211822660099
3.928,18,prculs-d,-0.0,4.219211822660099
3.928,18,prcus-p,0.0,4.219211822660099
3.928,18,prcus-i,-0.0,4.219211822660099
3.928,18,prcus-a,-0.0,4.219211822660099
3.928,18,ifrms,-0.0,4.219211822660099
3.928,18,sspls-v,-0.0,4.219211822660099
3.928,19,mcgs,0.0,4.0467980295566495
3.928,19,pos,-0.0,4.0467980295566495
3.928,19,sbps,-0.0,4.0467980295566495
3.928,19,prculs-d,-0.0,4.0467980295566495
3.928,19,prcus-p,0.0,4.0467980295566495
3.928,19,prcus-i,-0.0,4.0467980295566495
3.928,19,prcus-a,-0.0,4.0467980295566495
3.928,19,ifrms,-0.0,4.0467980295566495
3.928,19,sspls-v,-0.0,4.0467980295566495
3.928,20,mcgs,0.0,4.017241379310345
3.928,20,pos,-0.0,4.017241379310345
3.928,20,sbps,-0.0,4.017241379310345
3.928,20,prculs-d,-0.0,4.017241379310345
3.928,20,prcus-p,0.0,4.017241379310345
3.928,20,prcus-i,-0.0,4.017241379310345
3.928,20,prcus-a,-0.0,4.017241379310345
3.928,20,ifrms,-0.0,4.017241379310345
3.928,20,sspls-v,-0.0,4.017241379310345
3.928,21,mcgs,0.0,4.0467980295566495
3.928,21,pos,-0.0,4.0467980295566495
3.928,21,sbps,-0.0,4.0467980295566495
3.928,21,prculs-d,-0.0,4.0467980295566495
3.928,21,prcus-p,0.0,4.0467980295566495
3.928,21,prcus-i,-0.0,4.0467980295566495
3.928,21,prcus-a,-0.0,4.0467980295566495
3.928,21,ifrms,-0.0,4.0467980295566495
3.928,21,sspls-v,-0.0,4.0467980295566495
3.928,22,mcgs,0.0,4.18472906403941
3.928,22,pos,-0.0,4.18472906403941
3.928,22,sbps,-0.0,4.18472906403941
3.928,22,prculs-d,-0.0,4.18472906403941
3.928,22,prcus-p,0.0,4.18472906403941
3.928,22,prcus-i,-0.0,4.18472906403941
3.928,22,prcus-a,-0.0,4.18472906403941
3.928,22,ifrms,-0.0,4.18472906403941
3.928,22,sspls-v,-0.0,4.18472906403941
3.928,23,mcgs,0.0,4.219211822660099
3.928,23,pos,-0.0,4.219211822660099
3.928,23,sbps,-0.0,4.219211822660099
3.928,23,prculs-d,-0.0,4.219211822660099
3.928,23,prcus-p,0.0,4.219211822660099
3.928,23,prcus-i,-0.0,4.219211822660099
3.928,23,prcus-a,-0.0,4.219211822660099
3.928,23,ifrms,-0.0,4.219211822660099
3.928,23,sspls-v,-0.0,4.219211822660099
3.928,24,mcgs,0.0,4.115763546798029
3.928,24,pos,-0.0,4.115763546798029
3.928,24,sbps,-0.0,4.115763546798029
3.928,24,prculs-d,-0.0,4.115763546798029
3.928,24,prcus-p,0.0,4.115763546798029
3.928,24,prcus-i,-0.0,4.115763546798029
3.928,24,prcus-a,-0.0,4.115763546798029
3.928,24,ifrms,-0.0,4.115763546798029
3.928,24,sspls-v,0.0,4.115763546798029
3.928,25,mcgs,0.0,4.071428571428571
3.928,25,pos,-0.0,4.071428571428571
3.928,25,sbps,-0.0,4.071428571428571
3.928,25,prculs-d,-0.0,4.071428571428571
3.928,25,prcus-p,0.0,4.071428571428571
3.928,25,prcus-i,-0.0,4.071428571428571
3.928,25,prcus-a,-0.0,4.071428571428571
3.928,25,ifrms,-0.0,4.071428571428571
3.928,25,sspls-v,0.0,4.071428571428571
3.928,26,mcgs,0.0,3.908866995073892
3.928,26,pos,-0.0,3.908866995073892
3.928,26,sbps,-0.0,3.908866995073892
3.928,26,prculs-d,-0.0,3.908866995073892
3.928,26,prcus-p,0.0,3.908866995073892
3.928,26,prcus-i,-0.0,3.908866995073892
3.928,26,prcus-a,-0.0,3.908866995073892
3.928,26,ifrms,0.0,3.908866995073892
3.928,26,sspls-v,-0.0,3.908866995073892
3.928,27,mcgs,0.0,4.189655172413793
3.928,27,pos,-0.0,4.189655172413793
3.928,27,sbps,-0.0,4.189655172413793
3.928,27,prculs-d,-0.0,4.189655172413793
3.928,27,prcus-p,0.0,4.189655172413793
3.928,27,prcus-i,-0.0,4.189655172413793
3.928,27,prcus-a,-0.0,4.189655172413793
3.928,27,ifrms,-0.0,4.189655172413793
3.928,27,sspls-v,-0.0,4.189655172413793
3.928,28,mcgs,0.0,4.071428571428571
3.928,28,pos,-0.0,4.071428571428571
3.928,28,sbps,-0.0,4.071428571428571
3.928,28,prculs-d,-0.0,4.071428571428571
3.928,28,prcus-p,0.0,4.071428571428571
3.928,28,prcus-i,-0.0,4.071428571428571
3.928,28,prcus-a,-0.0,4.071428571428571
3.928,28,ifrms,0.0,4.071428571428571
3.928,28,sspls-v,0.0,4.071428571428571
3.928,29,mcgs,0.0,3.9433497536945823
3.928,29,pos,-0.0,3.9433497536945823
3.928,29,sbps,-0.0,3.9433497536945823
3.928,29,prculs-d,-0.0,3.9433497536945823
3.928,29,prcus-p,0.0,3.9433497536945823
3.928,29,prcus-i,-0.0,3.9433497536945823
3.928,29,prcus-a,-0.0,3.9433497536945823
3.928,29,ifrms,0.0,3.9433497536945823
3.928,29,sspls-v,0.0,3.9433497536945823
4.199,0,mcgs,0.0,4.071428571428571
4.199,0,pos,-0.0,4.071428571428571
4.199,0,sbps,-0.0,4.071428571428571
4.199,0,prculs-d,-0.0,4.071428571428571
4.199,0,prcus-p,0.0,4.071428571428571
4.199,0,prcus-i,-0.0,4.071428571428571
4.199,0,prcus-a,-0.0,4.071428571428571
4.199,0,ifrms,-0.0,4.071428571428571
4.199,0,sspls-v,-0.0,4.071428571428571
4.199,1,mcgs,0.0,4.110837438423645
4.199,1,pos,-0.0,4.110837438423645
4.199,1,sbps,-0.0,4.110837438423645
4.199,1,prculs-d,-0.0,4.110837438423645
4.199,1,prcus-p,0.0,4.110837438423645
4.199,1,prcus-i,-0.0,4.110837438423645
4.199,1,prcus-a,-0.0,4.110837438423645
4.199,1,ifrms,-0.0,4.110837438423645
4.199,1,sspls-v,0.0,4.110837438423645
4.199,2,mcgs,0.0,3.9630541871921188
4.199,2,pos,-0.0,3.9630541871921188
4.199,2,sbps,-0.0,3.9630541871921188
4.199,2,prculs-d,-0.0,3.9630541871921188
4.199,2,prcus-p,0.0,3.9630541871921188
4.199,2,prcus-i,-0.0,3.9630541871921188
4.199,2,prcus-a,-0.0,3.9630541871921188
4.199,2,ifrms,0.0,3.9630541871921188
4.199,2,sspls-v,-0.0,3.9630541871921188
4.199,3,mcgs,0.0,3.908866995073892
4.199,3,pos,-0.0,3.908866995073892
4.199,3,sbps,-0.0,3.908866995073892
4.199,3,prculs-d,-0.0,3.908866995073892
4.199,3,prcus-p,-0.0,3.908866995073892
4.199,3,prcus-i,-0.0,3.908866995073892
4.199,3,prcus-a,-0.0,3.908866995073892
4.199,3,ifrms,-0.0,3.908866995073892
4.199,3,sspls-v,-0.0,3.908866995073892
4.199,4,mcgs,0.0,4.071428571428571
4.199,4,pos,-0.0,4.071428571428571
4.199,4,sbps,-0.0,4.071428571428571
4.199,4,prculs-d,-0.0,4.071428571428571
4.199,4,prcus-p,0.0,4.071428571428571
4.199,4,prcus-i,-0.0,4.071428571428571
4.199,4,prcus-a,-0.0,4.071428571428571
4.199,4,ifrms,-0.0,4.071428571428571
4.199,4,sspls-v,-0.0,4.071428571428571
4.199,5,mcgs,0.0,4.08128078817734
4.199,5,pos,-0.0,4.08128078817734
4.199,5,sbps,-0.0,4.08128078817734
4.199,5,prculs-d,-0.0,4.08128078817734
4.199,5,prcus-p,0.0,4.08128078817734
4.199,5,prcus-i,-0.0,4.08128078817734
4.199,5,prcus-a,-0.0,4.08128078817734
4.199,5,ifrms,-0.0,4.08128078817734
4.199,5,sspls-v,0.0,4.08128078817734
4.199,6,mcgs,0.0,3.9901477832512313
4.199,6,pos,-0.0,3.9901477832512313
4.199,6,sbps,-0.0,3.9901477832512313
4.199,6,prculs-d,-0.0,3.9901477832512313
4.199,6,prcus-p,0.0,3.9901477832512313
4.199,6,prcus-i,-0.0,3.9901477832512313
4.199,6,prcus-a,-0.0,3.9901477832512313
4.199,6,ifrms,-0.0,3.9901477832512313
4.199,6,sspls-v,0.0,3.9901477832512313
4.199,7,mcgs,0.0,4.219211822660099
4.199,7,pos,-0.0,4.219211822660099
4.199,7,sbps,-0.0,4.219211822660099
4.199,7,prculs-d,-0.0,4.219211822660099
4.199,7,prcus-p,0.0,4.219211822660099
4.199,7,prcus-i,-0.0,4.219211822660099
4.199,7,prcus-a,-0.0,4.219211822660099
4.199,7,ifrms,-0.0,4.219211822660099
4.199,7,sspls-v,-0.0,4.219211822660099
4.199,8,mcgs,0.0,4.150246305418718
4.199,8,pos,-0.0,4.150246305418718
4.199,8,sbps,-0.0,4.150246305418718
4.199,8,prculs-d,-0.0,4.150246305418718
4.199,8,prcus-p,0.0,4.150246305418718
4.199,8,prcus-i,-0.0,4.150246305418718
4.199,8,prcus-a,-0.0,4.150246305418718
4.199,8,ifrms,-0.0,4.150246305418718
4.199,8,sspls-v,-0.0,4.150246305418718
4.199,9,mcgs,0.0,4.18472906403941
4.199,9,pos,-0.0,4.18472906403941
4.199,9,sbps,-0.0,4.18472906403941
4.199,9,prculs-d,-0.0,4.18472906403941
4.199,9,prcus-p,0.0,4.18472906403941
4.199,9,prcus-i,-0.0,4.18472906403941
4.199,9,prcus-a,-0.0,4.18472906403941
4.199,9,ifrms,-0.0,4.18472906403941
4.199,9,sspls-v,-0.0,4.18472906403941
4.199,10,mcgs,0.0,4.044334975369458
4.199,10,pos,-0.0,4.044334975369458
4.199,10,sbps,-0.0,4.044334975369458
4.199,10,prculs-d,-0.0,4.044334975369458
4.199,10,prcus-p,0.0,4.044334975369458
4.199,10,prcus-i,-0.0,4.044334975369458
4.199,10,prcus-a,-0.0,4.044334975369458
4.199,10,ifrms,-0.0,4.044334975369458
4.199,10,sspls-v,-0.0,4.044334975369458
4.199,11,mcgs,0.0,4.18472906403941
4.199,11,pos,-0.0,4.18472906403941
4.199,11,sbps,-0.0,4.18472906403941
4.199,11,prculs-d,-0.0,4.18472906403941
4.199,11,prcus-p,0.0,4.18472906403941
4.199,11,prcus-i,-0.0,4.18472906403941
4.199,11,prcus-a,-0.0,4.18472906403941
4.199,11,ifrms,-0.0,4.18472906403941
4.199,11,sspls-v,-0.0,4.18472906403941
4.199,12,mcgs,0.0,4.219211822660099
4.199,12,pos,-0.0,4.219211822660099
4.199,12,sbps,-0.0,4.219211822660099
4.199,12,prculs-d,-0.0,4.219211822660099
4.199,12,prcus-p,0.0,4.219211822660099
4.199,12,prcus-i,-0.0,4.219211822660099
4.199,12,prcus-a,-0.0,4.219211822660099
4.199,12,ifrms,-0.0,4.219211822660099
4.199,12,sspls-v,-0.0,4.219211822660099
4.199,13,mcgs,0.0,3.9630541871921188
4.199,13,pos,-0.0,3.9630541871921188
4.199,13,sbps,-0.0,3.9630541871921188
4.199,13,prculs-d,-0.0,3.9630541871921188
4.199,13,prcus-p,0.0,3.9630541871921188
4.199,13,prcus-i,-0.0,3.9630541871921188
4.199,13,prcus-a,0.0,3.9630541871921188
4.199,13,ifrms,0.0,3.9630541871921188
4.199,13,sspls-v,-0.0,3.9630541871921188
4.199,14,mcgs,0.0,4.150246305418718
4.199,14,pos,-0.0,4.150246305418718
4.199,14,sbps,-0.0,4.150246305418718
4.199,14,prculs-d,-0.0,4.150246305418718
4.199,14,prcus-p,0.0,4.150246305418718
4.199,14,prcus-i,-0.0,4.150246305418718
4.199,14,prcus-a,-0.0,4.150246305418718
4.199,14,ifrms,-0.0,4.150246305418718
4.199,14,sspls-v,-0.0,4.150246305418718
4.199,15,mcgs,0.0,4.110837438423645
4.199,15,pos,-0.0,4.110837438423645
4.199,15,sbps,-0.0,4.110837438423645
4.199,15,prculs-d,-0.0,4.110837438423645
4.199,15,prcus-p,0.0,4.110837438423645
4.199,15,prcus-i,-0.0,4.110837438423645
4.199,15,prcus-a,-0.0,4.110837438423645
4.199,15,ifrms,-0.0,4.110837438423645
4.199,15,sspls-v,-0.0,4.110837438423645
4.199,16,mcgs,0.0,4.219211822660099
4.199,16,pos,-0.0,4.219211822660099
4.199,16,sbps,-0.0,4.219211822660099
4.199,16,prculs-d,-0.0,4.219211822660099
4.199,16,prcus-p,0.0,4.219211822660099
4.199,16,prcus-i,-0.0,4.219211822660099
4.199,16,prcus-a,-0.0,4.219211822660099
4.199,16,ifrms,-0.0,4.219211822660099
4.199,16,sspls-v,-0.0,4.219211822660099
4.199,17,mcgs,0.0,3.839901477832512
4.199,17,pos,-0.0,3.839901477832512
4.199,17,sbps,-0.0,3.839901477832512
4.199,17,prculs-d,-0.0,3.839901477832512
4.199,17,prcus-p,0.0,3.839901477832512
4.199,17,prcus-i,-0.0,3.839901477832512
4.199,17,prcus-a,-0.0,3.839901477832512
4.199,17,ifrms,-0.0,3.839901477832512
4.199,17,sspls-v,0.0,3.839901477832512
4.199,18,mcgs,0.0,4.219211822660099
4.199,18,pos,-0.0,4.219211822660099
4.199,18,sbps,-0.0,4.219211822660099
4.199,18,prculs-d,-0.0,4.219211822660099
4.199,18,prcus-p,0.0,4.219211822660099
4.199,18,prcus-i,-0.0,4.219211822660099
4.199,18,prcus-a,-0.0,4.219211822660099
4.199,18,ifrms,-0.0,4.219211822660099
4.199,18,sspls-v,-0.0,4.219211822660099
4.199,19,mcgs,0.0,4.0467980295566495
4.199,19,pos,-0.0,4.0467980295566495
4.199,19,sbps,-0.0,4.0467980295566495
4.199,19,prculs-d,-0.0,4.0467980295566495
4.199,19,prcus-p,0.0,4.0467980295566495
4.199,19,prcus-i,-0.0,4.0467980295566495
4.199,19,prcus-a,-0.0,4.0467980295566495
4.199,19,ifrms,-0.0,4.0467980295566495
4.199,19,sspls-v,-0.0,4.0467980295566495
4.199,20,mcgs,0.0,4.017241379310345
4.199,20,pos,-0.0,4.017241379310345
4.199,20,sbps,-0.0,4.017241379310345
4.199,20,prculs-d,-0.0,4.017241379310345
4.199,20,prcus-p,0.0,4.017241379310345
4.199,20,prcus-i,-0.0,4.017241379310345
4.199,20,prcus-a,-0.0,4.017241379310345
4.199,20,ifrms,-0.0,4.017241379310345
4.199,20,sspls-v,-0.0,4.017241379310345
4.199,21,mcgs,0.0,4.0467980295566495
4.199,21,pos,-0.0,4.0467980295566495
4.199,21,sbps,-0.0,4.0467980295566495
4.199,21,prculs-d,-0.0,4.0467980295566495
4.199,21,prcus-p,0.0,4.0467980295566495
4.199,21,prcus-i,-0.0,4.0467980295566495
4.199,21,prcus-a,-0.0,4.0467980295566495
4.199,21,ifrms,-0.0,4.0467980295566495
4.199,21,sspls-v,-0.0,4.0467980295566495
4.199,22,mcgs,0.0,4.18472906403941
4.199,22,pos,-0.0,4.18472906403941
4.199,22,sbps,-0.0,4.18472906403941
4.199,22,prculs-d,-0.0,4.18472906403941
4.199,22,prcus-p,0.0,4.18472906403941
4.199,22,prcus-i,-0.0,4.18472906403941
4.199,22,prcus-a,-0.0,4.18472906403941
4.199,22,ifrms,-0.0,4.18472906403941
4.199,22,sspls-v,-0.0,4.18472906403941
4.199,23,mcgs,0.0,4.219211822660099
4.199,23,pos,-0.0,4.219211822660099
4.199,23,sbps,-0.0,4.219211822660099
4.199,23,prculs-d,-0.0,4.219211822660099
4.199,23,prcus-p,0.0,4.219211822660099
4.199,23,prcus-i,-0.0,4.219211822660099
4.199,23,prcus-a,-0.0,4.219211822660099
4.199,23,ifrms,-0.0,4.219211822660099
4.199,23,sspls-v,-0.0,4.219211822660099
4.199,24,mcgs,0.0,4.115763546798029
4.199,24,pos,-0.0,4.115763546798029
4.199,24,sbps,-0.0,4.115763546798029
4.199,24,prculs-d,-0.0,4.115763546798029
4.199,24,prcus-p,0.0,4.115763546798029
4.199,24,prcus-i,-0.0,4.115763546798029
4.199,24,prcus-a,-0.0,4.115763546798029
4.199,24,ifrms,-0.0,4.115763546798029
4.199,24,sspls-v,0.0,4.115763546798029
4.199,25,mcgs,0.0,4.071428571428571
4.199,25,pos,-0.0,4.071428571428571
4.199,25,sbps,-0.0,4.071428571428571
4.199,25,prculs-d,-0.0,4.071428571428571
4.199,25,prcus-p,0.0,4.071428571428571
4.199,25,prcus-i,-0.0,4.071428571428571
4.199,25,prcus-a,-0.0,4.071428571428571
4.199,25,ifrms,-0.0,4.071428571428571
4.199,25,sspls-v,0.0,4.071428571428571
4.199,26,mcgs,0.0,3.908866995073892
4.199,26,pos,-0.0,3.908866995073892
4.199,26,sbps,-0.0,3.908866995073892
4.199,26,prculs-d,-0.0,3.908866995073892
4.199,26,prcus-p,0.0,3.908866995073892
4.199,26,prcus-i,-0.0,3.908866995073892
4.199,26,prcus-a,-0.0,3.908866995073892
4.199,26,ifrms,0.0,3.908866995073892
4.199,26,sspls-v,-0.0,3.908866995073892
4.199,27,mcgs,0.0,4.189655172413793
4.199,27,pos,-0.0,4.189655172413793
4.199,27,sbps,-0.0,4.189655172413793
4.199,27,prculs-d,-0.0,4.189655172413793
4.199,27,prcus-p,0.0,4.189655172413793
4.199,27,prcus-i,-0.0,4.189655172413793
4.199,27,prcus-a,-0.0,4.189655172413793
4.199,27,ifrms,-0.0,4.189655172413793
4.199,27,sspls-v,-0.0,4.189655172413793
4.199,28,mcgs,0.0,4.071428571428571
4.199,28,pos,-0.0,4.071428571428571
4.199,28,sbps,-0.0,4.071428571428571
4.199,28,prculs-d,-0.0,4.071428571428571
4.199,28,prcus-p,0.0,4.071428571428571
4.199,28,prcus-i,-0.0,4.071428571428571
4.199,28,prcus-a,-0.0,4.071428571428571
4.199,28,ifrms,0.0,4.071428571428571
4.199,28,sspls-v,0.0,4.071428571428571
4.199,29,mcgs,0.0,3.9433497536945823
4.199,29,pos,-0.0,3.9433497536945823
4.199,29,sbps,-0.0,3.9433497536945823
4.199,29,prculs-d,-0.0,3.9433497536945823
4.199,29,prcus-p,0.0,3.9433497536945823
4.199,29,prcus-i,-0.0,3.9433497536945823
4.199,29,prcus-a,-0.0,3.9433497536945823
4.199,29,ifrms,0.0,3.9433497536945823
4.199,29,sspls-v,0.0,3.9433497536945823
4.489,0,mcgs,0.0,4.071428571428571
4.489,0,pos,-0.0,4.071428571428571
4.489,0,sbps,-0.0,4.071428571428571
4.489,0,prculs-d,-0.0,4.071428571428571
4.489,0,prcus-p,0.0,4.071428571428571
4.489,0,prcus-i,-0.0,4.071428571428571
4.489,0,prcus-a,-0.0,4.071428571428571
4.489,0,ifrms,-0.0,4.071428571428571
4.489,0,sspls-v,-0.0,4.071428571428571
4.489,1,mcgs,0.0,4.110837438423645
4.489,1,pos,-0.0,4.110837438423645
4.489,1,sbps,-0.0,4.110837438423645
4.489,1,prculs-d,-0.0,4.110837438423645
4.489,1,prcus-p,0.0,4.110837438423645
4.489,1,prcus-i,-0.0,4.110837438423645
4.489,1,prcus-a,-0.0,4.110837438423645
4.489,1,ifrms,-0.0,4.110837438423645
4.489,1,sspls-v,0.0,4.110837438423645
4.489,2,mcgs,0.0,3.9630541871921188
4.489,2,pos,-0.0,3.9630541871921188
4.489,2,sbps,-0.0,3.9630541871921188
4.489,2,prculs-d,-0.0,3.9630541871921188
4.489,2,prcus-p,0.0,3.9630541871921188
4.489,2,prcus-i,-0.0,3.9630541871921188
4.489,2,prcus-a,-0.0,3.9630541871921188
4.489,2,ifrms,0.0,3.9630541871921188
4.489,2,sspls-v,-0.0,3.9630541871921188
4.489,3,mcgs,0.0,3.908866995073892
4.489,3,pos,-0.0,3.908866995073892
4.489,3,sbps,-0.0,3.908866995073892
4.489,3,prculs-d,-0.0,3.908866995073892
4.489,3,prcus-p,-0.0,3.908866995073892
4.489,3,prcus-i,-0.0,3.908866995073892
4.489,3,prcus-a,-0.0,3.908866995073892
4.489,3,ifrms,-0.0,3.908866995073892
4.489,3,sspls-v,-0.0,3.908866995073892
4.489,4,mcgs,0.0,4.071428571428571
4.489,4,pos,-0.0,4.071428571428571
4.489,4,sbps,-0.0,4.071428571428571
4.489,4,prculs-d,-0.0,4.071428571428571
4.489,4,prcus-p,0.0,4.071428571428571
4.489,4,prcus-i,-0.0,4.071428571428571
4.489,4,prcus-a,-0.0,4.071428571428571
4.489,4,ifrms,-0.0,4.071428571428571
4.489,4,sspls-v,-0.0,4.071428571428571
4.489,5,mcgs,0.0,4.08128078817734
4.489,5,pos,-0.0,4.08128078817734
4.489,5,sbps,-0.0,4.08128078817734
4.489,5,prculs-d,-0.0,4.08128078817734
4.489,5,prcus-p,0.0,4.08128078817734
4.489,5,prcus-i,-0.0,4.08128078817734
4.489,5,prcus-a,-0.0,4.08128078817734
4.489,5,ifrms,-0.0,4.08128078817734
4.489,5,sspls-v,0.0,4.08128078817734
4.489,6,mcgs,0.0,3.9901477832512313
4.489,6,pos,-0.0,3.9901477832512313
4.489,6,sbps,-0.0,3.9901477832512313
4.489,6,prculs-d,-0.0,3.9901477832512313
4.489,6,prcus-p,0.0,3.9901477832512313
4.489,6,prcus-i,-0.0,3.9901477832512313
4.489,6,prcus-a,-0.0,3.9901477832512313
4.489,6,ifrms,-0.0,3.9901477832512313
4.489,6,sspls-v,0.0,3.9901477832512313
4.489,7,mcgs,0.0,4.219211822660099
4.489,7,pos,-0.0,4.219211822660099
4.489,7,sbps,-0.0,4.219211822660099
4.489,7,prculs-d,-0.0,4.219211822660099
4.489,7,prcus-p,0.0,4.219211822660099
4.489,7,prcus-i,-0.0,4.219211822660099
4.489,7,prcus-a,-0.0,4.219211822660099
4.489,7,ifrms,-0.0,4.219211822660099
4.489,7,sspls-v,-0.0,4.219211822660099
4.489,8,mcgs,0.0,4.150246305418718
4.489,8,pos,-0.0,4.150246305418718
4.489,8,sbps,-0.0,4.150246305418718
4.489,8,prculs-d,-0.0,4.150246305418718
4.489,8,prcus-p,0.0,4.150246305418718
4.489,8,prcus-i,-0.0,4.150246305418718
4.489,8,prcus-a,-0.0,4.150246305418718
4.489,8,ifrms,-0.0,4.150246305418718
4.489,8,sspls-v,-0.0,4.150246305418718
4.489,9,mcgs,0.0,4.18472906403941
4.489,9,pos,-0.0,4.18472906403941
4.489,9,sbps,-0.0,4.18472906403941
4.489,9,prculs-d,-0.0,4.18472906403941
4.489,9,prcus-p,0.0,4.18472906403941
4.489,9,prcus-i,-0.0,4.18472906403941
4.489,9,prcus-a,-0.0,4.18472906403941
4.489,9,ifrms,-0.0,4.18472906403941
4.489,9,sspls-v,-0.0,4.18472906403941
4.489,10,mcgs,0.0,4.044334975369458
4.489,10,pos,-0.0,4.044334975369458
4.489,10,sbps,-0.0,4.044334975369458
4.489,10,prculs-d,-0.0,4.044334975369458
4.489,10,prcus-p,0.0,4.044334975369458
4.489,10,prcus-i,-0.0,4.044334975369458
4.489,10,prcus-a,-0.0,4.044334975369458
4.489,10,ifrms,-0.0,4.044334975369458
4.489,10,sspls-v,-0.0,4.044334975369458
4.489,11,mcgs,0.0,4.18472906403941
4.489,11,pos,-0.0,4.18472906403941
4.489,11,sbps,-0.0,4.18472906403941
4.489,11,prculs-d,-0.0,4.18472906403941
4.489,11,prcus-p,0.0,4.18472906403941
4.489,11,prcus-i,-0.0,4.18472906403941
4.489,11,prcus-a,-0.0,4.18472906403941
4.489,11,ifrms,-0.0,4.18472906403941
4.489,11,sspls-v,-0.0,4.18472906403941
4.489,12,mcgs,0.0,4.219211822660099
4.489,12,pos,-0.0,4.219211822660099
4.489,12,sbps,-0.0,4.219211822660099
4.489,12,prculs-d,-0.0,4.219211822660099
4.489,12,prcus-p,0.0,4.219211822660099
4.489,12,prcus-i,-0.0,4.219211822660099
4.489,12,prcus-a,-0.0,4.219211822660099
4.489,12,ifrms,-0.0,4.219211822660099
4.489,12,sspls-v,-0.0,4.219211822660099
4.489,13,mcgs,0.0,3.9630541871921188
4.489,13,pos,-0.0,3.9630541871921188
4.489,13,sbps,-0.0,3.9630541871921188
4.489,13,prculs-d,-0.0,3.9630541871921188
4.489,13,prcus-p,0.0,3.9630541871921188
4.489,13,prcus-i,-0.0,3.9630541871921188
4.489,13,prcus-a,0.0,3.9630541871921188
4.489,13,ifrms,0.0,3.9630541871921188
4.489,13,sspls-v,-0.0,3.9630541871921188
4.489,14,mcgs,0.0,4.150246305418718
4.489,14,pos,-0.0,4.150246305418718
4.489,14,sbps,-0.0,4.150246305418718
4.489,14,prculs-d,-0.0,4.150246305418718
4.489,14,prcus-p,0.0,4.150246305418718
4.489,14,prcus-i,-0.0,4.150246305418718
4.489,14,prcus-a,-0.0,4.150246305418718
4.489,14,ifrms,-0.0,4.150246305418718
4.489,14,sspls-v,-0.0,4.150246305418718
4.489,15,mcgs,0.0,4.110837438423645
4.489,15,pos,-0.0,4.110837438423645
4.489,15,sbps,-0.0,4.110837438423645
4.489,15,prculs-d,-0.0,4.110837438423645
4.489,15,prcus-p,0.0,4.110837438423645
4.489,15,prcus-i,-0.0,4.110837438423645
4.489,15,prcus-a,-0.0,4.110837438423645
4.489,15,ifrms,-0.0,4.110837438423645
4.489,15,sspls-v,-0.0,4.110837438423645
4.489,16,mcgs,0.0,4.219211822660099
4.489,16,pos,-0.0,4.219211822660099
4.489,16,sbps,-0.0,4.219211822660099
4.489,16,prculs-d,-0.0,4.219211822660099
4.489,16,prcus-p,0.0,4.219211822660099
4.489,16,prcus-i,-0.0,4.219211822660099
4.489,16,prcus-a,-0.0,4.219211822660099
4.489,16,ifrms,-0.0,4.219211822660099
4.489,16,sspls-v,-0.0,4.219211822660099
4.489,17,mcgs,0.0,3.839901477832512
4.489,17,pos,-0.0,3.839901477832512
4.489,17,sbps,-0.0,3.839901477832512
4.489,17,prculs-d,-0.0,3.839901477832512
4.489,17,prcus-p,0.0,3.839901477832512
4.489,17,prcus-i,-0.0,3.839901477832512
4.489,17,prcus-a,-0.0,3.839901477832512
4.489,17,ifrms,-0.0,3.839901477832512
4.489,17,sspls-v,0.0,3.839901477832512
4.489,18,mcgs,0.0,4.219211822660099
4.489,18,pos,-0.0,4.219211822660099
4.489,18,sbps,-0.0,4.219211822660099
4.489,18,prculs-d,-0.0,4.219211822660099
4.489,18,prcus-p,0.0,4.219211822660099
4.489,18,prcus-i,-0.0,4.219211822660099
4.489,18,prcus-a,-0.0,4.219211822660099
4.489,18,ifrms,-0.0,4.219211822660099
4.489,18,sspls-v,-0.0,4.219211822660099
4.489,19,mcgs,0.0,4.0467980295566495
4.489,19,pos,-0.0,4.0467980295566495
4.489,19,sbps,-0.0,4.0467980295566495
4.489,19,prculs-d,-0.0,4.0467980295566495
4.489,19,prcus-p,0.0,4.0467980295566495
4.489,19,prcus-i,-0.0,4.0467980295566495
4.489,19,prcus-a,-0.0,4.0467980295566495
4.489,19,ifrms,-0.0,4.0467980295566495
4.489,19,sspls-v,-0.0,4.0467980295566495
4.489,20,mcgs,0.0,4.017241379310345
4.489,20,pos,-0.0,4.017241379310345
4.489,20,sbps,-0.0,4.017241379310345
4.489,20,prculs-d,-0.0,4.017241379310345
4.489,20,prcus-p,0.0,4.017241379310345
4.489,20,prcus-i,-0.0,4.017241379310345
4.489,20,prcus-a,-0.0,4.017241379310345
4.489,20,ifrms,-0.0,4.017241379310345
4.489,20,sspls-v,-0.0,4.017241379310345
4.489,21,mcgs,0.0,4.0467980295566495
4.489,21,pos,-0.0,4.0467980295566495
4.489,21,sbps,-0.0,4.0467980295566495
4.489,21,prculs-d,-0.0,4.0467980295566495
4.489,21,prcus-p,0.0,4.0467980295566495
4.489,21,prcus-i,-0.0,4.0467980295566495
4.489,21,prcus-a,-0.0,4.0467980295566495
4.489,21,ifrms,-0.0,4.0467980295566495
4.489,21,sspls-v,-0.0,4.0467980295566495
4.489,22,mcgs,0.0,4.18472906403941
4.489,22,pos,-0.0,4.18472906403941
4.489,22,sbps,-0.0,4.18472906403941
4.489,22,prculs-d,-0.0,4.18472906403941
4.489,22,prcus-p,0.0,4.18472906403941
4.489,22,prcus-i,-0.0,4.18472906403941
4.489,22,prcus-a,-0.0,4.18472906403941
4.489,22,ifrms,-0.0,4.18472906403941
4.489,22,sspls-v,-0.0,4.18472906403941
4.489,23,mcgs,0.0,4.219211822660099
4.489,23,pos,-0.0,4.219211822660099
4.489,23,sbps,-0.0,4.219211822660099
4.489,23,prculs-d,-0.0,4.219211822660099
4.489,23,prcus-p,0.0,4.219211822660099
4.489,23,prcus-i,-0.0,4.219211822660099
4.489,23,prcus-a,-0.0,4.219211822660099
4.489,23,ifrms,-0.0,4.219211822660099
4.489,23,sspls-v,-0.0,4.219211822660099
4.489,24,mcgs,0.0,4.115763546798029
4.489,24,pos,-0.0,4.115763546798029
4.489,24,sbps,-0.0,4.115763546798029
4.489,24,prculs-d,-0.0,4.115763546798029
4.489,24,prcus-p,0.0,4.115763546798029
4.489,24,prcus-i,-0.0,4.115763546798029
4.489,24,prcus-a,-0.0,4.115763546798029
4.489,24,ifrms,-0.0,4.115763546798029
4.489,24,sspls-v,0.0,4.115763546798029
4.489,25,mcgs,0.0,4.071428571428571
4.489,25,pos,-0.0,4.071428571428571
4.489,25,sbps,-0.0,4.071428571428571
4.489,25,prculs-d,-0.0,4.071428571428571
4.489,25,prcus-p,0.0,4.071428571428571
4.489,25,prcus-i,-0.0,4.071428571428571
4.489,25,prcus-a,-0.0,4.071428571428571
4.489,25,ifrms,-0.0,4.071428571428571
4.489,25,sspls-v,0.0,4.071428571428571
4.489,26,mcgs,0.0,3.908866995073892
4.489,26,pos,-0.0,3.908866995073892
4.489,26,sbps,-0.0,3.908866995073892
4.489,26,prculs-d,-0.0,3.908866995073892
4.489,26,prcus-p,0.0,3.908866995073892
4.489,26,prcus-i,-0.0,3.908866995073892
4.489,26,prcus-a,-0.0,3.908866995073892
4.489,26,ifrms,0.0,3.908866995073892
4.489,26,sspls-v,-0.0,3.908866995073892
4.489,27,mcgs,0.0,4.189655172413793
4.489,27,pos,-0.0,4.189655172413793
4.489,27,sbps,-0.0,4.189655172413793
4.489,27,prculs-d,-0.0,4.189655172413793
4.489,27,prcus-p,0.0,4.189655172413793
4.489,27,prcus-i,-0.0,4.189655172413793
4.489,27,prcus-a,-0.0,4.189655172413793
4.489,27,ifrms,-0.0,4.189655172413793
4.489,27,sspls-v,-0.0,4.189655172413793
4.489,28,mcgs,0.0,4.071428571428571
4.489,28,pos,-0.0,4.071428571428571
4.489,28,sbps,-0.0,4.071428571428571
4.489,28,prculs-d,-0.0,4.071428571428571
4.489,28,prcus-p,0.0,4.071428571428571
4.489,28,prcus-i,-0.0,4.071428571428571
4.489,28,prcus-a,-0.0,4.071428571428571
4.489,28,ifrms,0.0,4.071428571428571
4.489,28,sspls-v,0.0,4.071428571428571
4.489,29,mcgs,0.0,3.9433497536945823
4.489,29,pos,-0.0,3.9433497536945823
4.489,29,sbps,-0.0,3.9433497536945823
4.489,29,prculs-d,-0.0,3.9433497536945823
4.489,29,prcus-p,0.0,3.9433497536945823
4.489,29,prcus-i,-0.0,3.9433497536945823
4.489,29,prcus-a,-0.0,3.9433497536945823
4.489,29,ifrms,0.0,3.9433497536945823
4.489,29,sspls-v,0.0,3.9433497536945823
4.799,0,mcgs,0.0,4.071428571428571
4.799,0,pos,-0.0,4.071428571428571
4.799,0,sbps,-0.0,4.071428571428571
4.799,0,prculs-d,-0.0,4.071428571428571
4.799,0,prcus-p,0.0,4.071428571428571
4.799,0,prcus-i,-0.0,4.071428571428571
4.799,0,prcus-a,-0.0,4.071428571428571
4.799,0,ifrms,-0.0,4.071428571428571
4.799,0,sspls-v,-0.0,4.071428571428571
4.799,1,mcgs,0.0,4.110837438423645
4.799,1,pos,-0.0,4.110837438423645
4.799,1,sbps,-0.0,4.110837438423645
4.799,1,prculs-d,-0.0,4.110837438423645
4.799,1,prcus-p,0.0,4.110837438423645
4.799,1,prcus-i,-0.0,4.110837438423645
4.799,1,prcus-a,-0.0,4.110837438423645
4.799,1,ifrms,-0.0,4.110837438423645
4.799,1,sspls-v,0.0,4.110837438423645
4.799,2,mcgs,0.0,3.9630541871921188
4.799,2,pos,-0.0,3.9630541871921188
4.799,2,sbps,-0.0,3.9630541871921188
4.799,2,prculs-d,-0.0,3.9630541871921188
4.799,2,prcus-p,0.0,3.9630541871921188
4.799,2,prcus-i,-0.0,3.9630541871921188
4.799,2,prcus-a,-0.0,3.9630541871921188
4.799,2,ifrms,0.0,3.9630541871921188
4.799,2,sspls-v,-0.0,3.9630541871921188
4.799,3,mcgs,0.0,3.908866995073892
4.799,3,pos,-0.0,3.908866995073892
4.799,3,sbps,-0.0,3.908866995073892
4.799,3,prculs-d,-0.0,3.908866995073892
4.799,3,prcus-p,-0.0,3.908866995073892
4.799,3,prcus-i,-0.0,3.908866995073892
4.799,3,prcus-a,-0.0,3.908866995073892
4.799,3,ifrms,-0.0,3.908866995073892
4.799,3,sspls-v,-0.0,3.908866995073892
4.799,4,mcgs,0.0,4.071428571428571
4.799,4,pos,-0.0,4.071428571428571
4.799,4,sbps,-0.0,4.071428571428571
4.799,4,prculs-d,-0.0,4.071428571428571
4.799,4,prcus-p,0.0,4.071428571428571
4.799,4,prcus-i,-0.0,4.071428571428571
4.799,4,prcus-a,-0.0,4.071428571428571
4.799,4,ifrms,-0.0,4.071428571428571
4.799,4,sspls-v,-0.0,4.071428571428571
4.799,5,mcgs,0.0,4.08128078817734
4.799,5,pos,-0.0,4.08128078817734
4.799,5,sbps,-0.0,4.08128078817734
4.799,5,prculs-d,-0.0,4.08128078817734
4.799,5,prcus-p,0.0,4.08128078817734
4.799,5,prcus-i,-0.0,4.08128078817734
4.799,5,prcus-a,-0.0,4.08128078817734
4.799,5,ifrms,-0.0,4.08128078817734
4.799,5,sspls-v,0.0,4.08128078817734
4.799,6,mcgs,0.0,3.9901477832512313
4.799,6,pos,-0.0,3.9901477832512313
4.799,6,sbps,-0.0,3.9901477832512313
4.799,6,prculs-d,-0.0,3.9901477832512313
4.799,6,prcus-p,0.0,3.9901477832512313
4.799,6,prcus-i,-0.0,3.9901477832512313
4.799,6,prcus-a,-0.0,3.9901477832512313
4.799,6,ifrms,-0.0,3.9901477832512313
4.799,6,sspls-v,0.0,3.9901477832512313
4.799,7,mcgs,0.0,4.219211822660099
4.799,7,pos,-0.0,4.219211822660099
4.799,7,sbps,-0.0,4.219211822660099
4.799,7,prculs-d,-0.0,4.219211822660099
4.799,7,prcus-p,0.0,4.219211822660099
4.799,7,prcus-i,-0.0,4.219211822660099
4.799,7,prcus-a,-0.0,4.219211822660099
4.799,7,ifrms,-0.0,4.219211822660099
4.799,7,sspls-v,-0.0,4.219211822660099
4.799,8,mcgs,0.0,4.150246305418718
4.799,8,pos,-0.0,4.150246305418718
4.799,8,sbps,-0.0,4.150246305418718
4.799,8,prculs-d,-0.0,4.150246305418718
4.799,8,prcus-p,0.0,4.150246305418718
4.799,8,prcus-i,-0.0,4.150246305418718
4.799,8,prcus-a,-0.0,4.150246305418718
4.799,8,ifrms,-0.0,4.150246305418718
4.799,8,sspls-v,-0.0,4.150246305418718
4.799,9,mcgs,0.0,4.18472906403941
4.799,9,pos,-0.0,4.18472906403941
4.799,9,sbps,-0.0,4.18472906403941
4.799,9,prculs-d,-0.0,4.18472906403941
4.799,9,prcus-p,0.0,4.18472906403941
4.799,9,prcus-i,-0.0,4.18472906403941
4.799,9,prcus-a,-0.0,4.18472906403941
4.799,9,ifrms,-0.0,4.18472906403941
4.799,9,sspls-v,-0.0,4.18472906403941
4.799,10,mcgs,0.0,4.044334975369458
4.799,10,pos,-0.0,4.044334975369458
4.799,10,sbps,-0.0,4.044334975369458
4.799,10,prculs-d,-0.0,4.044334975369458
4.799,10,prcus-p,0.0,4.044334975369458
4.799,10,prcus-i,-0.0,4.044334975369458
4.799,10,prcus-a,-0.0,4.044334975369458
4.799,10,ifrms,-0.0,4.044334975369458
4.799,10,sspls-v,-0.0,4.044334975369458
4.799,11,mcgs,0.0,4.18472906403941
4.799,11,pos,-0.0,4.18472906403941
4.799,11,sbps,-0.0,4.18472906403941
4.799,11,prculs-d,-0.0,4.18472906403941
4.799,11,prcus-p,0.0,4.18472906403941
4.799,11,prcus-i,-0.0,4.18472906403941
4.799,11,prcus-a,-0.0,4.18472906403941
4.799,11,ifrms,-0.0,4.18472906403941
4.799,11,sspls-v,-0.0,4.18472906403941
4.799,12,mcgs,0.0,4.219211822660099
4.799,12,pos,-0.0,4.219211822660099
4.799,12,sbps,-0.0,4.219211822660099
4.799,12,prculs-d,-0.0,4.219211822660099
4.799,12,prcus-p,0.0,4.219211822660099
4.799,12,prcus-i,-0.0,4.219211822660099
4.799,12,prcus-a,-0.0,4.219211822660099
4.799,12,ifrms,-0.0,4.219211822660099
4.799,12,sspls-v,-0.0,4.219211822660099
4.799,13,mcgs,0.0,3.9630541871921188
4.799,13,pos,-0.0,3.9630541871921188
4.799,13,sbps,-0.0,3.9630541871921188
4.799,13,prculs-d,-0.0,3.9630541871921188
4.799,13,prcus-p,0.0,3.9630541871921188
4.799,13,prcus-i,-0.0,3.9630541871921188
4.799,13,prcus-a,0.0,3.9630541871921188
4.799,13,ifrms,0.0,3.9630541871921188
4.799,13,sspls-v,-0.0,3.9630541871921188
4.799,14,mcgs,0.0,4.150246305418718
4.799,14,pos,-0.0,4.150246305418718
4.799,14,sbps,-0.0,4.150246305418718
4.799,14,prculs-d,-0.0,4.150246305418718
4.799,14,prcus-p,0.0,4.150246305418718
4.799,14,prcus-i,-0.0,4.150246305418718
4.799,14,prcus-a,-0.0,4.150246305418718
4.799,14,ifrms,-0.0,4.150246305418718
4.799,14,sspls-v,-0.0,4.150246305418718
4.799,15,mcgs,0.0,4.110837438423645
4.799,15,pos,-0.0,4.110837438423645
4.799,15,sbps,-0.0,4.110837438423645
4.799,15,prculs-d,-0.0,4.110837438423645
4.799,15,prcus-p,0.0,4.110837438423645
4.799,15,prcus-i,-0.0,4.110837438423645
4.799,15,prcus-a,-0.0,4.110837438423645
4.799,15,ifrms,-0.0,4.110837438423645
4.799,15,sspls-v,-0.0,4.110837438423645
4.799,16,mcgs,0.0,4.219211822660099
4.799,16,pos,-0.0,4.219211822660099
4.799,16,sbps,-0.0,4.219211822660099
4.799,16,prculs-d,-0.0,4.219211822660099
4.799,16,prcus-p,0.0,4.219211822660099
4.799,16,prcus-i,-0.0,4.219211822660099
4.799,16,prcus-a,-0.0,4.219211822660099
4.799,16,ifrms,-0.0,4.219211822660099
4.799,16,sspls-v,-0.0,4.219211822660099
4.799,17,mcgs,0.0,3.839901477832512
4.799,17,pos,-0.0,3.839901477832512
4.799,17,sbps,-0.0,3.839901477832512
4.799,17,prculs-d,-0.0,3.839901477832512
4.799,17,prcus-p,0.0,3.839901477832512
4.799,17,prcus-i,-0.0,3.839901477832512
4.799,17,prcus-a,-0.0,3.839901477832512
4.799,17,ifrms,-0.0,3.839901477832512
4.799,17,sspls-v,0.0,3.839901477832512
4.799,18,mcgs,0.0,4.219211822660099
4.799,18,pos,-0.0,4.219211822660099
4.799,18,sbps,-0.0,4.219211822660099
4.799,18,prculs-d,-0.0,4.219211822660099
4.799,18,prcus-p,0.0,4.219211822660099
4.799,18,prcus-i,-0.0,4.219211822660099
4.799,18,prcus-a,-0.0,4.219211822660099
4.799,18,ifrms,-0.0,4.219211822660099
4.799,18,sspls-v,-0.0,4.219211822660099
4.799,19,mcgs,0.0,4.0467980295566495
4.799,19,pos,-0.0,4.0467980295566495
4.799,19,sbps,-0.0,4.0467980295566495
4.799,19,prculs-d,-0.0,4.0467980295566495
4.799,19,prcus-p,0.0,4.0467980295566495
4.799,19,prcus-i,-0.0,4.0467980295566495
4.799,19,prcus-a,-0.0,4.0467980295566495
4.799,19,ifrms,-0.0,4.0467980295566495
4.799,19,sspls-v,-0.0,4.0467980295566495
4.799,20,mcgs,0.0,4.017241379310345
4.799,20,pos,-0.0,4.017241379310345
4.799,20,sbps,-0.0,4.017241379310345
4.799,20,prculs-d,-0.0,4.017241379310345
4.799,20,prcus-p,0.0,4.017241379310345
4.799,20,prcus-i,-0.0,4.017241379310345
4.799,20,prcus-a,-0.0,4.017241379310345
4.799,20,ifrms,-0.0,4.017241379310345
4.799,20,sspls-v,-0.0,4.017241379310345
4.799,21,mcgs,0.0,4.0467980295566495
4.799,21,pos,-0.0,4.0467980295566495
4.799,21,sbps,-0.0,4.0467980295566495
4.799,21,prculs-d,-0.0,4.0467980295566495
4.799,21,prcus-p,0.0,4.0467980295566495
4.799,21,prcus-i,-0.0,4.0467980295566495
4.799,21,prcus-a,-0.0,4.0467980295566495
4.799,21,ifrms,-0.0,4.0467980295566495
4.799,21,sspls-v,-0.0,4.0467980295566495
4.799,22,mcgs,0.0,4.18472906403941
4.799,22,pos,-0.0,4.18472906403941
4.799,22,sbps,-0.0,4.18472906403941
4.799,22,prculs-d,-0.0,4.18472906403941
4.799,22,prcus-p,0.0,4.18472906403941
4.799,22,prcus-i,-0.0,4.18472906403941
4.799,22,prcus-a,-0.0,4.18472906403941
4.799,22,ifrms,-0.0,4.18472906403941
4.799,22,sspls-v,-0.0,4.18472906403941
4.799,23,mcgs,0.0,4.219211822660099
4.799,23,pos,-0.0,4.219211822660099
4.799,23,sbps,-0.0,4.219211822660099
4.799,23,prculs-d,-0.0,4.219211822660099
4.799,23,prcus-p,0.0,4.219211822660099
4.799,23,prcus-i,-0.0,4.219211822660099
4.799,23,prcus-a,-0.0,4.219211822660099
4.799,23,ifrms,-0.0,4.219211822660099
4.799,23,sspls-v,-0.0,4.219211822660099
4.799,24,mcgs,0.0,4.115763546798029
4.799,24,pos,-0.0,4.115763546798029
4.799,24,sbps,-0.0,4.115763546798029
4.799,24,prculs-d,-0.0,4.115763546798029
4.799,24,prcus-p,0.0,4.115763546798029
4.799,24,prcus-i,-0.0,4.115763546798029
4.799,24,prcus-a,-0.0,4.115763546798029
4.799,24,ifrms,-0.0,4.115763546798029
4.799,24,sspls-v,0.0,4.115763546798029
4.799,25,mcgs,0.0,4.071428571428571
4.799,25,pos,-0.0,4.071428571428571
4.799,25,sbps,-0.0,4.071428571428571
4.799,25,prculs-d,-0.0,4.071428571428571
4.799,25,prcus-p,0.0,4.071428571428571
4.799,25,prcus-i,-0.0,4.071428571428571
4.799,25,prcus-a,-0.0,4.071428571428571
4.799,25,ifrms,-0.0,4.071428571428571
4.799,25,sspls-v,0.0,4.071428571428571
4.799,26,mcgs,0.0,3.908866995073892
4.799,26,pos,-0.0,3.908866995073892
4.799,26,sbps,-0.0,3.908866995073892
4.799,26,prculs-d,-0.0,3.908866995073892
4.799,26,prcus-p,0.0,3.908866995073892
4.799,26,prcus-i,-0.0,3.908866995073892
4.799,26,prcus-a,-0.0,3.908866995073892
4.799,26,ifrms,0.0,3.908866995073892
4.799,26,sspls-v,-0.0,3.908866995073892
4.799,27,mcgs,0.0,4.189655172413793
4.799,27,pos,-0.0,4.189655172413793
4.799,27,sbps,-0.0,4.189655172413793
4.799,27,prculs-d,-0.0,4.189655172413793
4.799,27,prcus-p,0.0,4.189655172413793
4.799,27,prcus-i,-0.0,4.189655172413793
4.799,27,prcus-a,-0.0,4.189655172413793
4.799,27,ifrms,-0.0,4.189655172413793
4.799,27,sspls-v,-0.0,4.189655172413793
4.799,28,mcgs,0.0,4.071428571428571
4.799,28,pos,-0.0,4.071428571428571
4.799,28,sbps,-0.0,4.071428571428571
4.799,28,prculs-d,-0.0,4.071428571428571
4.799,28,prcus-p,0.0,4.071428571428571
4.799,28,prcus-i,-0.0,4.071428571428571
4.799,28,prcus-a,-0.0,4.071428571428571
4.799,28,ifrms,0.0,4.071428571428571
4.799,28,sspls-v,0.0,4.071428571428571
4.799,29,mcgs,0.0,3.9433497536945823
4.799,29,pos,-0.0,3.9433497536945823
4.799,29,sbps,-0.0,3.9433497536945823
4.799,29,prculs-d,-0.0,3.9433497536945823
4.799,29,prcus-p,0.0,3.9433497536945823
4.799,29,prcus-i,-0.0,3.9433497536945823
4.799,29,prcus-a,-0.0,3.9433497536945823
4.799,29,ifrms,0.0,3.9433497536945823
4.799,29,sspls-v,0.0,3.9433497536945823
5.13,0,mcgs,0.0,4.071428571428571
5.13,0,pos,-0.0,4.071428571428571
5.13,0,sbps,-0.0,4.071428571428571
5.13,0,prculs-d,-0.0,4.071428571428571
5.13,0,prcus-p,0.0,4.071428571428571
5.13,0,prcus-i,-0.0,4.071428571428571
5.13,0,prcus-a,-0.0,4.071428571428571
5.13,0,ifrms,-0.0,4.071428571428571
5.13,0,sspls-v,-0.0,4.071428571428571
5.13,1,mcgs,0.0,4.110837438423645
5.13,1,pos,-0.0,4.110837438423645
5.13,1,sbps,-0.0,4.110837438423645
5.13,1,prculs-d,-0.0,4.110837438423645
5.13,1,prcus-p,0.0,4.110837438423645
5.13,1,prcus-i,-0.0,4.110837438423645
5.13,1,prcus-a,-0.0,4.110837438423645
5.13,1,ifrms,-0.0,4.110837438423645
5.13,1,sspls-v,0.0,4.110837438423645
5.13,2,mcgs,0.0,3.9630541871921188
5.13,2,pos,-0.0,3.9630541871921188
5.13,2,sbps,-0.0,3.9630541871921188
5.13,2,prculs-d,-0.0,3.9630541871921188
5.13,2,prcus-p,0.0,3.9630541871921188
5.13,2,prcus-i,-0.0,3.9630541871921188
5.13,2,prcus-a,-0.0,3.9630541871921188
5.13,2,ifrms,0.0,3.9630541871921188
5.13,2,sspls-v,-0.0,3.9630541871921188
5.13,3,mcgs,0.0,3.908866995073892
5.13,3,pos,-0.0,3.908866995073892
5.13,3,sbps,-0.0,3.908866995073892
5.13,3,prculs-d,-0.0,3.908866995073892
5.13,3,prcus-p,-0.0,3.908866995073892
5.13,3,prcus-i,-0.0,3.908866995073892
5.13,3,prcus-a,-0.0,3.908866995073892
5.13,3,ifrms,-0.0,3.908866995073892
5.13,3,sspls-v,-0.0,3.908866995073892
5.13,4,mcgs,0.0,4.071428571428571
5.13,4,pos,-0.0,4.071428571428571
5.13,4,sbps,-0.0,4.071428571428571
5.13,4,prculs-d,-0.0,4.071428571428571
5.13,4,prcus-p,0.0,4.071428571428571
5.13,4,prcus-i,-0.0,4.071428571428571
5.13,4,prcus-a,-0.0,4.071428571428571
5.13,4,ifrms,-0.0,4.071428571428571
5.13,4,sspls-v,-0.0,4.071428571428571
5.13,5,mcgs,0.0,4.08128078817734
5.13,5,pos,-0.0,4.08128078817734
5.13,5,sbps,-0.0,4.08128078817734
5.13,5,prculs-d,-0.0,4.08128078817734
5.13,5,prcus-p,0.0,4.08128078817734
5.13,5,prcus-i,-0.0,4.08128078817734
5.13,5,prcus-a,-0.0,4.08128078817734
5.13,5,ifrms,-0.0,4.08128078817734
5.13,5,sspls-v,0.0,4.08128078817734
5.13,6,mcgs,0.0,3.9901477832512313
5.13,6,pos,-0.0,3.9901477832512313
5.13,6,sbps,-0.0,3.9901477832512313
5.13,6,prculs-d,-0.0,3.9901477832512313
5.13,6,prcus-p,0.0,3.9901477832512313
5.13,6,prcus-i,-0.0,3.9901477832512313
5.13,6,prcus-a,-0.0,3.9901477832512313
5.13,6,ifrms,-0.0,3.9901477832512313
5.13,6,sspls-v,0.0,3.9901477832512313
5.13,7,mcgs,0.0,4.219211822660099
5.13,7,pos,-0.0,4.219211822660099
5.13,7,sbps,-0.0,4.219211822660099
5.13,7,prculs-d,-0.0,4.219211822660099
5.13,7,prcus-p,0.0,4.219211822660099
5.13,7,prcus-i,-0.0,4.219211822660099
5.13,7,prcus-a,-0.0,4.219211822660099
5.13,7,ifrms,-0.0,4.219211822660099
5.13,7,sspls-v,-0.0,4.219211822660099
5.13,8,mcgs,0.0,4.150246305418718
5.13,8,pos,-0.0,4.150246305418718
5.13,8,sbps,-0.0,4.150246305418718
5.13,8,prculs-d,-0.0,4.150246305418718
5.13,8,prcus-p,0.0,4.150246305418718
5.13,8,prcus-i,-0.0,4.150246305418718
5.13,8,prcus-a,-0.0,4.150246305418718
5.13,8,ifrms,-0.0,4.150246305418718
5.13,8,sspls-v,-0.0,4.150246305418718
5.13,9,mcgs,0.0,4.18472906403941
5.13,9,pos,-0.0,4.18472906403941
5.13,9,sbps,-0.0,4.18472906403941
5.13,9,prculs-d,-0.0,4.18472906403941
5.13,9,prcus-p,0.0,4.18472906403941
5.13,9,prcus-i,-0.0,4.18472906403941
5.13,9,prcus-a,-0.0,4.18472906403941
5.13,9,ifrms,-0.0,4.18472906403941
5.13,9,sspls-v,-0.0,4.18472906403941
5.13,10,mcgs,0.0,4.044334975369458
5.13,10,pos,-0.0,4.044334975369458
5.13,10,sbps,-0.0,4.044334975369458
5.13,10,prculs-d,-0.0,4.044334975369458
5.13,10,prcus-p,0.0,4.044334975369458
5.13,10,prcus-i,-0.0,4.044334975369458
5.13,10,prcus-a,-0.0,4.044334975369458
5.13,10,ifrms,-0.0,4.044334975369458
5.13,10,sspls-v,-0.0,4.044334975369458
5.13,11,mcgs,0.0,4.18472906403941
5.13,11,pos,-0.0,4.18472906403941
5.13,11,sbps,-0.0,4.18472906403941
5.13,11,prculs-d,-0.0,4.18472906403941
5.13,11,prcus-p,0.0,4.18472906403941
5.13,11,prcus-i,-0.0,4.18472906403941
5.13,11,prcus-a,-0.0,4.18472906403941
5.13,11,ifrms,-0.0,4.18472906403941
5.13,11,sspls-v,-0.0,4.18472906403941
5.13,12,mcgs,0.0,4.219211822660099
5.13,12,pos,-0.0,4.219211822660099
5.13,12,sbps,-0.0,4.219211822660099
5.13,12,prculs-d,-0.0,4.219211822660099
5.13,12,prcus-p,0.0,4.219211822660099
5.13,12,prcus-i,-0.0,4.219211822660099
5.13,12,prcus-a,-0.0,4.219211822660099
5.13,12,ifrms,-0.0,4.219211822660099
5.13,12,sspls-v,-0.0,4.219211822660099
5.13,13,mcgs,0.0,3.9630541871921188
5.13,13,pos,-0.0,3.9630541871921188
5.13,13,sbps,-0.0,3.9630541871921188
5.13,13,prculs-d,-0.0,3.9630541871921188
5.13,13,prcus-p,0.0,3.9630541871921188
5.13,13,prcus-i,-0.0,3.9630541871921188
5.13,13,prcus-a,0.0,3.9630541871921188
5.13,13,ifrms,0.0,3.9630541871921188
5.13,13,sspls-v,-0.0,3.9630541871921188
5.13,14,mcgs,0.0,4.150246305418718
5.13,14,pos,-0.0,4.150246305418718
5.13,14,sbps,-0.0,4.150246305418718
5.13,14,prculs-d,-0.0,4.150246305418718
5.13,14,prcus-p,0.0,4.150246305418718
5.13,14,prcus-i,-0.0,4.150246305418718
5.13,14,prcus-a,-0.0,4.150246305418718
5.13,14,ifrms,-0.0,4.150246305418718
5.13,14,sspls-v,-0.0,4.150246305418718
5.13,15,mcgs,0.0,4.110837438423645
5.13,15,pos,-0.0,4.110837438423645
5.13,15,sbps,-0.0,4.110837438423645
5.13,15,prculs-d,-0.0,4.110837438423645
5.13,15,prcus-p,0.0,4.110837438423645
5.13,15,prcus-i,-0.0,4.110837438423645
5.13,15,prcus-a,-0.0,4.110837438423645
5.13,15,ifrms,-0.0,4.110837438423645
5.13,15,sspls-v,-0.0,4.110837438423645
5.13,16,mcgs,0.0,4.219211822660099
5.13,16,pos,-0.0,4.219211822660099
5.13,16,sbps,-0.0,4.219211822660099
5.13,16,prculs-d,-0.0,4.219211822660099
5.13,16,prcus-p,0.0,4.219211822660099
5.13,16,prcus-i,-0.0,4.219211822660099
5.13,16,prcus-a,-0.0,4.219211822660099
5.13,16,ifrms,-0.0,4.219211822660099
5.13,16,sspls-v,-0.0,4.219211822660099
5.13,17,mcgs,0.0,3.839901477832512
5.13,17,pos,-0.0,3.839901477832512
5.13,17,sbps,-0.0,3.839901477832512
5.13,17,prculs-d,-0.0,3.839901477832512
5.13,17,prcus-p,0.0,3.839901477832512
5.13,17,prcus-i,-0.0,3.839901477832512
5.13,17,prcus-a,-0.0,3.839901477832512
5.13,17,ifrms,-0.0,3.839901477832512
5.13,17,sspls-v,0.0,3.839901477832512
5.13,18,mcgs,0.0,4.219211822660099
5.13,18,pos,-0.0,4.219211822660099
5.13,18,sbps,-0.0,4.219211822660099
5.13,18,prculs-d,-0.0,4.219211822660099
5.13,18,prcus-p,0.0,4.219211822660099
5.13,18,prcus-i,-0.0,4.219211822660099
5.13,18,prcus-a,-0.0,4.219211822660099
5.13,18,ifrms,-0.0,4.219211822660099
5.13,18,sspls-v,-0.0,4.219211822660099
5.13,19,mcgs,0.0,4.0467980295566495
5.13,19,pos,-0.0,4.0467980295566495
5.13,19,sbps,-0.0,4.0467980295566495
5.13,19,prculs-d,-0.0,4.0467980295566495
5.13,19,prcus-p,0.0,4.0467980295566495
5.13,19,prcus-i,-0.0,4.0467980295566495
5.13,19,prcus-a,-0.0,4.0467980295566495
5.13,19,ifrms,-0.0,4.0467980295566495
5.13,19,sspls-v,-0.0,4.0467980295566495
5.13,20,mcgs,0.0,4.017241379310345
5.13,20,pos,-0.0,4.017241379310345
5.13,20,sbps,-0.0,4.017241379310345
5.13,20,prculs-d,-0.0,4.017241379310345
5.13,20,prcus-p,0.0,4.017241379310345
5.13,20,prcus-i,-0.0,4.017241379310345
5.13,20,prcus-a,-0.0,4.017241379310345
5.13,20,ifrms,-0.0,4.017241379310345
5.13,20,sspls-v,-0.0,4.017241379310345
5.13,21,mcgs,0.0,4.0467980295566495
5.13,21,pos,-0.0,4.0467980295566495
5.13,21,sbps,-0.0,4.0467980295566495
5.13,21,prculs-d,-0.0,4.0467980295566495
5.13,21,prcus-p,0.0,4.0467980295566495
5.13,21,prcus-i,-0.0,4.0467980295566495
5.13,21,prcus-a,-0.0,4.0467980295566495
5.13,21,ifrms,-0.0,4.0467980295566495
5.13,21,sspls-v,-0.0,4.0467980295566495
5.13,22,mcgs,0.0,4.18472906403941
5.13,22,pos,-0.0,4.18472906403941
5.13,22,sbps,-0.0,4.18472906403941
5.13,22,prculs-d,-0.0,4.18472906403941
5.13,22,prcus-p,0.0,4.18472906403941
5.13,22,prcus-i,-0.0,4.18472906403941
5.13,22,prcus-a,-0.0,4.18472906403941
5.13,22,ifrms,-0.0,4.18472906403941
5.13,22,sspls-v,-0.0,4.18472906403941
5.13,23,mcgs,0.0,4.219211822660099
5.13,23,pos,-0.0,4.219211822660099
5.13,23,sbps,-0.0,4.219211822660099
5.13,23,prculs-d,-0.0,4.219211822660099
5.13,23,prcus-p,0.0,4.219211822660099
5.13,23,prcus-i,-0.0,4.219211822660099
5.13,23,prcus-a,-0.0,4.219211822660099
5.13,23,ifrms,-0.0,4.219211822660099
5.13,23,sspls-v,-0.0,4.219211822660099
5.13,24,mcgs,0.0,4.115763546798029
5.13,24,pos,-0.0,4.115763546798029
5.13,24,sbps,-0.0,4.115763546798029
5.13,24,prculs-d,-0.0,4.115763546798029
5.13,24,prcus-p,0.0,4.115763546798029
5.13,24,prcus-i,-0.0,4.115763546798029
5.13,24,prcus-a,-0.0,4.115763546798029
5.13,24,ifrms,-0.0,4.115763546798029
5.13,24,sspls-v,0.0,4.115763546798029
5.13,25,mcgs,0.0,4.071428571428571
5.13,25,pos,-0.0,4.071428571428571
5.13,25,sbps,-0.0,4.071428571428571
5.13,25,prculs-d,-0.0,4.071428571428571
5.13,25,prcus-p,0.0,4.071428571428571
5.13,25,prcus-i,-0.0,4.071428571428571
5.13,25,prcus-a,-0.0,4.071428571428571
5.13,25,ifrms,-0.0,4.071428571428571
5.13,25,sspls-v,0.0,4.071428571428571
5.13,26,mcgs,0.0,3.908866995073892
5.13,26,pos,-0.0,3.908866995073892
5.13,26,sbps,-0.0,3.908866995073892
5.13,26,prculs-d,-0.0,3.908866995073892
5.13,26,prcus-p,0.0,3.908866995073892
5.13,26,prcus-i,-0.0,3.908866995073892
5.13,26,prcus-a,-0.0,3.908866995073892
5.13,26,ifrms,0.0,3.908866995073892
5.13,26,sspls-v,-0.0,3.908866995073892
5.13,27,mcgs,0.0,4.189655172413793
5.13,27,pos,-0.0,4.189655172413793
5.13,27,sbps,-0.0,4.189655172413793
5.13,27,prculs-d,-0.0,4.189655172413793
5.13,27,prcus-p,0.0,4.189655172413793
5.13,27,prcus-i,-0.0,4.189655172413793
5.13,27,prcus-a,-0.0,4.189655172413793
5.13,27,ifrms,-0.0,4.189655172413793
5.13,27,sspls-v,-0.0,4.189655172413793
5.13,28,mcgs,0.0,4.071428571428571
5.13,28,pos,-0.0,4.071428571428571
5.13,28,sbps,-0.0,4.071428571428571
5.13,28,prculs-d,-0.0,4.071428571428571
5.13,28,prcus-p,0.0,4.071428571428571
5.13,28,prcus-i,-0.0,4.071428571428571
5.13,28,prcus-a,-0.0,4.071428571428571
5.13,28,ifrms,0.0,4.071428571428571
5.13,28,sspls-v,0.0,4.071428571428571
5.13,29,mcgs,0.0,3.9433497536945823
5.13,29,pos,-0.0,3.9433497536945823
5.13,29,sbps,-0.0,3.9433497536945823
5.13,29,prculs-d,-0.0,3.9433497536945823
5.13,29,prcus-p,0.0,3.9433497536945823
5.13,29,prcus-i,-0.0,3.9433497536945823
5.13,29,prcus-a,-0.0,3.9433497536945823
5.13,29,ifrms,0.0,3.9433497536945823
5.13,29,sspls-v,0.0,3.9433497536945823
5.484,0,mcgs,0.0,4.071428571428571
5.484,0,pos,-0.0,4.071428571428571
5.484,0,sbps,-0.0,4.071428571428571
5.484,0,prculs-d,-0.0,4.071428571428571
5.484,0,prcus-p,0.0,4.071428571428571
5.484,0,prcus-i,-0.0,4.071428571428571
5.484,0,prcus-a,-0.0,4.071428571428571
5.484,0,ifrms,-0.0,4.071428571428571
5.484,0,sspls-v,-0.0,4.071428571428571
5.484,1,mcgs,0.0,4.110837438423645
5.484,1,pos,-0.0,4.110837438423645
5.484,1,sbps,-0.0,4.110837438423645
5.484,1,prculs-d,-0.0,4.110837438423645
5.484,1,prcus-p,0.0,4.110837438423645
5.484,1,prcus-i,-0.0,4.110837438423645
5.484,1,prcus-a,-0.0,4.110837438423645
5.484,1,ifrms,-0.0,4.110837438423645
5.484,1,sspls-v,0.0,4.110837438423645
5.484,2,mcgs,0.0,3.9630541871921188
5.484,2,pos,-0.0,3.9630541871921188
5.484,2,sbps,-0.0,3.9630541871921188
5.484,2,prculs-d,-0.0,3.9630541871921188
5.484,2,prcus-p,0.0,3.9630541871921188
5.484,2,prcus-i,-0.0,3.9630541871921188
5.484,2,prcus-a,-0.0,3.9630541871921188
5.484,2,ifrms,0.0,3.9630541871921188
5.484,2,sspls-v,-0.0,3.9630541871921188
5.484,3,mcgs,0.0,3.908866995073892
5.484,3,pos,-0.0,3.908866995073892
5.484,3,sbps,-0.0,3.908866995073892
5.484,3,prculs-d,-0.0,3.908866995073892
5.484,3,prcus-p,-0.0,3.908866995073892
5.484,3,prcus-i,-0.0,3.908866995073892
5.484,3,prcus-a,-0.0,3.908866995073892
5.484,3,ifrms,-0.0,3.908866995073892
5.484,3,sspls-v,-0.0,3.908866995073892
5.484,4,mcgs,0.0,4.071428571428571
5.484,4,pos,-0.0,4.071428571428571
5.484,4,sbps,-0.0,4.071428571428571
5.484,4,prculs-d,-0.0,4.071428571428571
5.484,4,prcus-p,0.0,4.071428571428571
5.484,4,prcus-i,-0.0,4.071428571428571
5.484,4,prcus-a,-0.0,4.071428571428571
5.484,4,ifrms,-0.0,4.071428571428571
5.484,4,sspls-v,-0.0,4.071428571428571
5.484,5,mcgs,0.0,4.08128078817734
5.484,5,pos,-0.0,4.08128078817734
5.484,5,sbps,-0.0,4.08128078817734
5.484,5,prculs-d,-0.0,4.08128078817734
5.484,5,prcus-p,0.0,4.08128078817734
5.484,5,prcus-i,-0.0,4.08128078817734
5.484,5,prcus-a,-0.0,4.08128078817734
5.484,5,ifrms,-0.0,4.08128078817734
5.484,5,sspls-v,0.0,4.08128078817734
5.484,6,mcgs,0.0,3.9901477832512313
5.484,6,pos,-0.0,3.9901477832512313
5.484,6,sbps,-0.0,3.9901477832512313
5.484,6,prculs-d,-0.0,3.9901477832512313
5.484,6,prcus-p,0.0,3.9901477832512313
5.484,6,prcus-i,-0.0,3.9901477832512313
5.484,6,prcus-a,-0.0,3.9901477832512313
5.484,6,ifrms,-0.0,3.9901477832512313
5.484,6,sspls-v,0.0,3.9901477832512313
5.484,7,mcgs,0.0,4.219211822660099
5.484,7,pos,-0.0,4.219211822660099
5.484,7,sbps,-0.0,4.219211822660099
5.484,7,prculs-d,-0.0,4.219211822660099
5.484,7,prcus-p,0.0,4.219211822660099
5.484,7,prcus-i,-0.0,4.219211822660099
5.484,7,prcus-a,-0.0,4.219211822660099
5.484,7,ifrms,-0.0,4.219211822660099
5.484,7,sspls-v,-0.0,4.219211822660099
5.484,8,mcgs,0.0,4.150246305418718
5.484,8,pos,-0.0,4.150246305418718
5.484,8,sbps,-0.0,4.150246305418718
5.484,8,prculs-d,-0.0,4.150246305418718
5.484,8,prcus-p,0.0,4.150246305418718
5.484,8,prcus-i,-0.0,4.150246305418718
5.484,8,prcus-a,-0.0,4.150246305418718
5.484,8,ifrms,-0.0,4.150246305418718
5.484,8,sspls-v,-0.0,4.150246305418718
5.484,9,mcgs,0.0,4.18472906403941
5.484,9,pos,-0.0,4.18472906403941
5.484,9,sbps,-0.0,4.18472906403941
5.484,9,prculs-d,-0.0,4.18472906403941
5.484,9,prcus-p,0.0,4.18472906403941
5.484,9,prcus-i,-0.0,4.18472906403941
5.484,9,prcus-a,-0.0,4.18472906403941
5.484,9,ifrms,-0.0,4.18472906403941
5.484,9,sspls-v,-0.0,4.18472906403941
5.484,10,mcgs,0.0,4.044334975369458
5.484,10,pos,-0.0,4.044334975369458
5.484,10,sbps,-0.0,4.044334975369458
5.484,10,prculs-d,-0.0,4.044334975369458
5.484,10,prcus-p,0.0,4.044334975369458
5.484,10,prcus-i,-0.0,4.044334975369458
5.484,10,prcus-a,-0.0,4.044334975369458
5.484,10,ifrms,-0.0,4.044334975369458
5.484,10,sspls-v,-0.0,4.044334975369458
5.484,11,mcgs,0.0,4.18472906403941
5.484,11,pos,-0.0,4.18472906403941
5.484,11,sbps,-0.0,4.18472906403941
5.484,11,prculs-d,-0.0,4.18472906403941
5.484,11,prcus-p,0.0,4.18472906403941
5.484,11,prcus-i,-0.0,4.18472906403941
5.484,11,prcus-a,-0.0,4.18472906403941
5.484,11,ifrms,-0.0,4.18472906403941
5.484,11,sspls-v,-0.0,4.18472906403941
5.484,12,mcgs,0.0,4.219211822660099
5.484,12,pos,-0.0,4.219211822660099
5.484,12,sbps,-0.0,4.219211822660099
5.484,12,prculs-d,-0.0,4.219211822660099
5.484,12,prcus-p,0.0,4.219211822660099
5.484,12,prcus-i,-0.0,4.219211822660099
5.484,12,prcus-a,-0.0,4.219211822660099
5.484,12,ifrms,-0.0,4.219211822660099
5.484,12,sspls-v,-0.0,4.219211822660099
5.484,13,mcgs,0.0,3.9630541871921188
5.484,13,pos,-0.0,3.9630541871921188
5.484,13,sbps,-0.0,3.9630541871921188
5.484,13,prculs-d,-0.0,3.9630541871921188
5.484,13,prcus-p,0.0,3.9630541871921188
5.484,13,prcus-i,-0.0,3.9630541871921188
5.484,13,prcus-a,0.0,3.9630541871921188
5.484,13,ifrms,0.0,3.9630541871921188
5.484,13,sspls-v,-0.0,3.9630541871921188
5.484,14,mcgs,0.0,4.150246305418718
5.484,14,pos,-0.0,4.150246305418718
5.484,14,sbps,-0.0,4.150246305418718
5.484,14,prculs-d,-0.0,4.150246305418718
5.484,14,prcus-p,0.0,4.150246305418718
5.484,14,prcus-i,-0.0,4.150246305418718
5.484,14,prcus-a,-0.0,4.150246305418718
5.484,14,ifrms,-0.0,4.150246305418718
5.484,14,sspls-v,-0.0,4.150246305418718
5.484,15,mcgs,0.0,4.110837438423645
5.484,15,pos,-0.0,4.110837438423645
5.484,15,sbps,-0.0,4.110837438423645
5.484,15,prculs-d,-0.0,4.110837438423645
5.484,15,prcus-p,0.0,4.110837438423645
5.484,15,prcus-i,-0.0,4.110837438423645
5.484,15,prcus-a,-0.0,4.110837438423645
5.484,15,ifrms,-0.0,4.110837438423645
5.484,15,sspls-v,-0.0,4.110837438423645
5.484,16,mcgs,0.0,4.219211822660099
5.484,16,pos,-0.0,4.219211822660099
5.484,16,sbps,-0.0,4.219211822660099
5.484,16,prculs-d,-0.0,4.219211822660099
5.484,16,prcus-p,0.0,4.219211822660099
5.484,16,prcus-i,-0.0,4.219211822660099
5.484,16,prcus-a,-0.0,4.219211822660099
5.484,16,ifrms,-0.0,4.219211822660099
5.484,16,sspls-v,-0.0,4.219211822660099
5.484,17,mcgs,0.0,3.839901477832512
5.484,17,pos,-0.0,3.839901477832512
5.484,17,sbps,-0.0,3.839901477832512
5.484,17,prculs-d,-0.0,3.839901477832512
5.484,17,prcus-p,0.0,3.839901477832512
5.484,17,prcus-i,-0.0,3.839901477832512
5.484,17,prcus-a,-0.0,3.839901477832512
5.484,17,ifrms,-0.0,3.839901477832512
5.484,17,sspls-v,0.0,3.839901477832512
5.484,18,mcgs,0.0,4.219211822660099
5.484,18,pos,-0.0,4.219211822660099
5.484,18,sbps,-0.0,4.219211822660099
5.484,18,prculs-d,-0.0,4.219211822660099
5.484,18,prcus-p,0.0,4.219211822660099
5.484,18,prcus-i,-0.0,4.219211822660099
5.484,18,prcus-a,-0.0,4.219211822660099
5.484,18,ifrms,-0.0,4.219211822660099
5.484,18,sspls-v,-0.0,4.219211822660099
5.484,19,mcgs,0.0,4.0467980295566495
5.484,19,pos,-0.0,4.0467980295566495
5.484,19,sbps,-0.0,4.0467980295566495
5.484,19,prculs-d,-0.0,4.0467980295566495
5.484,19,prcus-p,0.0,4.0467980295566495
5.484,19,prcus-i,-0.0,4.0467980295566495
5.484,19,prcus-a,-0.0,4.0467980295566495
5.484,19,ifrms,-0.0,4.0467980295566495
5.484,19,sspls-v,-0.0,4.0467980295566495
5.484,20,mcgs,0.0,4.017241379310345
5.484,20,pos,-0.0,4.017241379310345
5.484,20,sbps,-0.0,4.017241379310345
5.484,20,prculs-d,-0.0,4.017241379310345
5.484,20,prcus-p,0.0,4.017241379310345
5.484,20,prcus-i,-0.0,4.017241379310345
5.484,20,prcus-a,-0.0,4.017241379310345
5.484,20,ifrms,-0.0,4.017241379310345
5.484,20,sspls-v,-0.0,4.017241379310345
5.484,21,mcgs,0.0,4.0467980295566495
5.484,21,pos,-0.0,4.0467980295566495
5.484,21,sbps,-0.0,4.0467980295566495
5.484,21,prculs-d,-0.0,4.0467980295566495
5.484,21,prcus-p,0.0,4.0467980295566495
5.484,21,prcus-i,-0.0,4.0467980295566495
5.484,21,prcus-a,-0.0,4.0467980295566495
5.484,21,ifrms,-0.0,4.0467980295566495
5.484,21,sspls-v,-0.0,4.0467980295566495
5.484,22,mcgs,0.0,4.18472906403941
5.484,22,pos,-0.0,4.18472906403941
5.484,22,sbps,-0.0,4.18472906403941
5.484,22,prculs-d,-0.0,4.18472906403941
5.484,22,prcus-p,0.0,4.18472906403941
5.484,22,prcus-i,-0.0,4.18472906403941
5.484,22,prcus-a,-0.0,4.18472906403941
5.484,22,ifrms,-0.0,4.18472906403941
5.484,22,sspls-v,-0.0,4.18472906403941
5.484,23,mcgs,0.0,4.219211822660099
5.484,23,pos,-0.0,4.219211822660099
5.484,23,sbps,-0.0,4.219211822660099
5.484,23,prculs-d,-0.0,4.219211822660099
5.484,23,prcus-p,0.0,4.219211822660099
5.484,23,prcus-i,-0.0,4.219211822660099
5.484,23,prcus-a,-0.0,4.219211822660099
5.484,23,ifrms,-0.0,4.219211822660099
5.484,23,sspls-v,-0.0,4.219211822660099
5.484,24,mcgs,0.0,4.115763546798029
5.484,24,pos,-0.0,4.115763546798029
5.484,24,sbps,-0.0,4.115763546798029
5.484,24,prculs-d,-0.0,4.115763546798029
5.484,24,prcus-p,0.0,4.115763546798029
5.484,24,prcus-i,-0.0,4.115763546798029
5.484,24,prcus-a,-0.0,4.115763546798029
5.484,24,ifrms,-0.0,4.115763546798029
5.484,24,sspls-v,0.0,4.115763546798029
5.484,25,mcgs,0.0,4.071428571428571
5.484,25,pos,-0.0,4.071428571428571
5.484,25,sbps,-0.0,4.071428571428571
5.484,25,prculs-d,-0.0,4.071428571428571
5.484,25,prcus-p,0.0,4.071428571428571
5.484,25,prcus-i,-0.0,4.071428571428571
5.484,25,prcus-a,-0.0,4.071428571428571
5.484,25,ifrms,-0.0,4.071428571428571
5.484,25,sspls-v,0.0,4.071428571428571
5.484,26,mcgs,0.0,3.908866995073892
5.484,26,pos,-0.0,3.908866995073892
5.484,26,sbps,-0.0,3.908866995073892
5.484,26,prculs-d,-0.0,3.908866995073892
5.484,26,prcus-p,0.0,3.908866995073892
5.484,26,prcus-i,-0.0,3.908866995073892
5.484,26,prcus-a,-0.0,3.908866995073892
5.484,26,ifrms,0.0,3.908866995073892
5.484,26,sspls-v,-0.0,3.908866995073892
5.484,27,mcgs,0.0,4.189655172413793
5.484,27,pos,-0.0,4.189655172413793
5.484,27,sbps,-0.0,4.189655172413793
5.484,27,prculs-d,-0.0,4.189655172413793
5.484,27,prcus-p,0.0,4.189655172413793
5.484,27,prcus-i,-0.0,4.189655172413793
5.484,27,prcus-a,-0.0,4.189655172413793
5.484,27,ifrms,-0.0,4.189655172413793
5.484,27,sspls-v,-0.0,4.189655172413793
5.484,28,mcgs,0.0,4.071428571428571
5.484,28,pos,-0.0,4.071428571428571
5.484,28,sbps,-0.0,4.071428571428571
5.484,28,prculs-d,-0.0,4.071428571428571
5.484,28,prcus-p,0.0,4.071428571428571
5.484,28,prcus-i,-0.0,4.071428571428571
5.484,28,prcus-a,-0.0,4.071428571428571
5.484,28,ifrms,0.0,4.071428571428571
5.484,28,sspls-v,0.0,4.071428571428571
5.484,29,mcgs,0.0,3.9433497536945823
5.484,29,pos,-0.0,3.9433497536945823
5.484,29,sbps,-0.0,3.9433497536945823
5.484,29,prculs-d,-0.0,3.9433497536945823
5.484,29,prcus-p,0.0,3.9433497536945823
5.484,29,prcus-i,-0.0,3.9433497536945823
5.484,29,prcus-a,-0.0,3.9433497536945823
5.484,29,ifrms,0.0,3.9433497536945823
5.484,29,sspls-v,0.0,3.9433497536945823
5.863,0,mcgs,0.0,4.071428571428571
5.863,0,pos,-0.0,4.071428571428571
5.863,0,sbps,-0.0,4.071428571428571
5.863,0,prculs-d,-0.0,4.071428571428571
5.863,0,prcus-p,0.0,4.071428571428571
5.863,0,prcus-i,-0.0,4.071428571428571
5.863,0,prcus-a,-0.0,4.071428571428571
5.863,0,ifrms,-0.0,4.071428571428571
5.863,0,sspls-v,-0.0,4.071428571428571
5.863,1,mcgs,0.0,4.110837438423645
5.863,1,pos,-0.0,4.110837438423645
5.863,1,sbps,-0.0,4.110837438423645
5.863,1,prculs-d,-0.0,4.110837438423645
5.863,1,prcus-p,0.0,4.110837438423645
5.863,1,prcus-i,-0.0,4.110837438423645
5.863,1,prcus-a,-0.0,4.110837438423645
5.863,1,ifrms,-0.0,4.110837438423645
5.863,1,sspls-v,0.0,4.110837438423645
5.863,2,mcgs,0.0,3.9630541871921188
5.863,2,pos,-0.0,3.9630541871921188
5.863,2,sbps,-0.0,3.9630541871921188
5.863,2,prculs-d,-0.0,3.9630541871921188
5.863,2,prcus-p,0.0,3.9630541871921188
5.863,2,prcus-i,-0.0,3.9630541871921188
5.863,2,prcus-a,-0.0,3.9630541871921188
5.863,2,ifrms,0.0,3.9630541871921188
5.863,2,sspls-v,-0.0,3.9630541871921188
5.863,3,mcgs,0.0,3.908866995073892
5.863,3,pos,-0.0,3.908866995073892
5.863,3,sbps,-0.0,3.908866995073892
5.863,3,prculs-d,-0.0,3.908866995073892
5.863,3,prcus-p,-0.0,3.908866995073892
5.863,3,prcus-i,-0.0,3.908866995073892
5.863,3,prcus-a,-0.0,3.908866995073892
5.863,3,ifrms,-0.0,3.908866995073892
5.863,3,sspls-v,-0.0,3.908866995073892
5.863,4,mcgs,0.0,4.071428571428571
5.863,4,pos,-0.0,4.071428571428571
5.863,4,sbps,-0.0,4.071428571428571
5.863,4,prculs-d,-0.0,4.071428571428571
5.863,4,prcus-p,0.0,4.071428571428571
5.863,4,prcus-i,-0.0,4.071428571428571
5.863,4,prcus-a,-0.0,4.071428571428571
5.863,4,ifrms,-0.0,4.071428571428571
5.863,4,sspls-v,-0.0,4.071428571428571
5.863,5,mcgs,0.0,4.08128078817734
5.863,5,pos,-0.0,4.08128078817734
5.863,5,sbps,-0.0,4.08128078817734
5.863,5,prculs-d,-0.0,4.08128078817734
5.863,5,prcus-p,0.0,4.08128078817734
5.863,5,prcus-i,-0.0,4.08128078817734
5.863,5,prcus-a,-0.0,4.08128078817734
5.863,5,ifrms,-0.0,4.08128078817734
5.863,5,sspls-v,0.0,4.08128078817734
5.863,6,mcgs,0.0,3.9901477832512313
5.863,6,pos,-0.0,3.9901477832512313
5.863,6,sbps,-0.0,3.9901477832512313
5.863,6,prculs-d,-0.0,3.9901477832512313
5.863,6,prcus-p,0.0,3.9901477832512313
5.863,6,prcus-i,-0.0,3.9901477832512313
5.863,6,prcus-a,-0.0,3.9901477832512313
5.863,6,ifrms,-0.0,3.9901477832512313
5.863,6,sspls-v,0.0,3.9901477832512313
5.863,7,mcgs,0.0,4.219211822660099
5.863,7,pos,-0.0,4.219211822660099
5.863,7,sbps,-0.0,4.219211822660099
5.863,7,prculs-d,-0.0,4.219211822660099
5.863,7,prcus-p,0.0,4.219211822660099
5.863,7,prcus-i,-0.0,4.219211822660099
5.863,7,prcus-a,-0.0,4.219211822660099
5.863,7,ifrms,-0.0,4.219211822660099
5.863,7,sspls-v,-0.0,4.219211822660099
5.863,8,mcgs,0.0,4.150246305418718
5.863,8,pos,-0.0,4.150246305418718
5.863,8,sbps,-0.0,4.150246305418718
5.863,8,prculs-d,-0.0,4.150246305418718
5.863,8,prcus-p,0.0,4.150246305418718
5.863,8,prcus-i,-0.0,4.150246305418718
5.863,8,prcus-a,-0.0,4.150246305418718
5.863,8,ifrms,-0.0,4.150246305418718
5.863,8,sspls-v,-0.0,4.150246305418718
5.863,9,mcgs,0.0,4.18472906403941
5.863,9,pos,-0.0,4.18472906403941
5.863,9,sbps,-0.0,4.18472906403941
5.863,9,prculs-d,-0.0,4.18472906403941
5.863,9,prcus-p,0.0,4.18472906403941
5.863,9,prcus-i,-0.0,4.18472906403941
5.863,9,prcus-a,-0.0,4.18472906403941
5.863,9,ifrms,-0.0,4.18472906403941
5.863,9,sspls-v,-0.0,4.18472906403941
5.863,10,mcgs,0.0,4.044334975369458
5.863,10,pos,-0.0,4.044334975369458
5.863,10,sbps,-0.0,4.044334975369458
5.863,10,prculs-d,-0.0,4.044334975369458
5.863,10,prcus-p,0.0,4.044334975369458
5.863,10,prcus-i,-0.0,4.044334975369458
5.863,10,prcus-a,-0.0,4.044334975369458
5.863,10,ifrms,-0.0,4.044334975369458
5.863,10,sspls-v,-0.0,4.044334975369458
5.863,11,mcgs,0.0,4.18472906403941
5.863,11,pos,-0.0,4.18472906403941
5.863,11,sbps,-0.0,4.18472906403941
5.863,11,prculs-d,-0.0,4.18472906403941
5.863,11,prcus-p,0.0,4.18472906403941
5.863,11,prcus-i,-0.0,4.18472906403941
5.863,11,prcus-a,-0.0,4.18472906403941
5.863,11,ifrms,-0.0,4.18472906403941
5.863,11,sspls-v,-0.0,4.18472906403941
5.863,12,mcgs,0.0,4.219211822660099
5.863,12,pos,-0.0,4.219211822660099
5.863,12,sbps,-0.0,4.219211822660099
5.863,12,prculs-d,-0.0,4.219211822660099
5.863,12,prcus-p,0.0,4.219211822660099
5.863,12,prcus-i,-0.0,4.219211822660099
5.863,12,prcus-a,-0.0,4.219211822660099
5.863,12,ifrms,-0.0,4.219211822660099
5.863,12,sspls-v,-0.0,4.219211822660099
5.863,13,mcgs,0.0,3.9630541871921188
5.863,13,pos,-0.0,3.9630541871921188
5.863,13,sbps,-0.0,3.9630541871921188
5.863,13,prculs-d,-0.0,3.9630541871921188
5.863,13,prcus-p,0.0,3.9630541871921188
5.863,13,prcus-i,-0.0,3.9630541871921188
5.863,13,prcus-a,0.0,3.9630541871921188
5.863,13,ifrms,0.0,3.9630541871921188
5.863,13,sspls-v,-0.0,3.9630541871921188
5.863,14,mcgs,0.0,4.150246305418718
5.863,14,pos,-0.0,4.150246305418718
5.863,14,sbps,-0.0,4.150246305418718
5.863,14,prculs-d,-0.0,4.150246305418718
5.863,14,prcus-p,0.0,4.150246305418718
5.863,14,prcus-i,-0.0,4.150246305418718
5.863,14,prcus-a,-0.0,4.150246305418718
5.863,14,ifrms,-0.0,4.150246305418718
5.863,14,sspls-v,-0.0,4.150246305418718
5.863,15,mcgs,0.0,4.110837438423645
5.863,15,pos,-0.0,4.110837438423645
5.863,15,sbps,-0.0,4.110837438423645
5.863,15,prculs-d,-0.0,4.110837438423645
5.863,15,prcus-p,0.0,4.110837438423645
5.863,15,prcus-i,-0.0,4.110837438423645
5.863,15,prcus-a,-0.0,4.110837438423645
5.863,15,ifrms,-0.0,4.110837438423645
5.863,15,sspls-v,-0.0,4.110837438423645
5.863,16,mcgs,0.0,4.219211822660099
5.863,16,pos,-0.0,4.219211822660099
5.863,16,sbps,-0.0,4.219211822660099
5.863,16,prculs-d,-0.0,4.219211822660099
5.863,16,prcus-p,0.0,4.219211822660099
5.863,16,prcus-i,-0.0,4.219211822660099
5.863,16,prcus-a,-0.0,4.219211822660099
5.863,16,ifrms,-0.0,4.219211822660099
5.863,16,sspls-v,-0.0,4.219211822660099
5.863,17,mcgs,0.0,3.839901477832512
5.863,17,pos,-0.0,3.839901477832512
5.863,17,sbps,-0.0,3.839901477832512
5.863,17,prculs-d,-0.0,3.839901477832512
5.863,17,prcus-p,0.0,3.839901477832512
5.863,17,prcus-i,-0.0,3.839901477832512
5.863,17,prcus-a,-0.0,3.839901477832512
5.863,17,ifrms,-0.0,3.839901477832512
5.863,17,sspls-v,0.0,3.839901477832512
5.863,18,mcgs,0.0,4.219211822660099
5.863,18,pos,-0.0,4.219211822660099
5.863,18,sbps,-0.0,4.219211822660099
5.863,18,prculs-d,-0.0,4.219211822660099
5.863,18,prcus-p,0.0,4.219211822660099
5.863,18,prcus-i,-0.0,4.219211822660099
5.863,18,prcus-a,-0.0,4.219211822660099
5.863,18,ifrms,-0.0,4.219211822660099
5.863,18,sspls-v,-0.0,4.219211822660099
5.863,19,mcgs,0.0,4.0467980295566495
5.863,19,pos,-0.0,4.0467980295566495
5.863,19,sbps,-0.0,4.0467980295566495
5.863,19,prculs-d,-0.0,4.0467980295566495
5.863,19,prcus-p,0.0,4.0467980295566495
5.863,19,prcus-i,-0.0,4.0467980295566495
5.863,19,prcus-a,-0.0,4.0467980295566495
5.863,19,ifrms,-0.0,4.0467980295566495
5.863,19,sspls-v,-0.0,4.0467980295566495
5.863,20,mcgs,0.0,4.017241379310345
5.863,20,pos,-0.0,4.017241379310345
5.863,20,sbps,-0.0,4.017241379310345
5.863,20,prculs-d,-0.0,4.017241379310345
5.863,20,prcus-p,0.0,4.017241379310345
5.863,20,prcus-i,-0.0,4.017241379310345
5.863,20,prcus-a,-0.0,4.017241379310345
5.863,20,ifrms,-0.0,4.017241379310345
5.863,20,sspls-v,-0.0,4.017241379310345
5.863,21,mcgs,0.0,4.0467980295566495
5.863,21,pos,-0.0,4.0467980295566495
5.863,21,sbps,-0.0,4.0467980295566495
5.863,21,prculs-d,-0.0,4.0467980295566495
5.863,21,prcus-p,0.0,4.0467980295566495
5.863,21,prcus-i,-0.0,4.0467980295566495
5.863,21,prcus-a,-0.0,4.0467980295566495
5.863,21,ifrms,-0.0,4.0467980295566495
5.863,21,sspls-v,-0.0,4.0467980295566495
5.863,22,mcgs,0.0,4.18472906403941
5.863,22,pos,-0.0,4.18472906403941
5.863,22,sbps,-0.0,4.18472906403941
5.863,22,prculs-d,-0.0,4.18472906403941
5.863,22,prcus-p,0.0,4.18472906403941
5.863,22,prcus-i,-0.0,4.18472906403941
5.863,22,prcus-a,-0.0,4.18472906403941
5.863,22,ifrms,-0.0,4.18472906403941
5.863,22,sspls-v,-0.0,4.18472906403941
5.863,23,mcgs,0.0,4.219211822660099
5.863,23,pos,-0.0,4.219211822660099
5.863,23,sbps,-0.0,4.219211822660099
5.863,23,prculs-d,-0.0,4.219211822660099
5.863,23,prcus-p,0.0,4.219211822660099
5.863,23,prcus-i,-0.0,4.219211822660099
5.863,23,prcus-a,-0.0,4.219211822660099
5.863,23,ifrms,-0.0,4.219211822660099
5.863,23,sspls-v,-0.0,4.219211822660099
5.863,24,mcgs,0.0,4.115763546798029
5.863,24,pos,-0.0,4.115763546798029
5.863,24,sbps,-0.0,4.115763546798029
5.863,24,prculs-d,-0.0,4.115763546798029
5.863,24,prcus-p,0.0,4.115763546798029
5.863,24,prcus-i,-0.0,4.115763546798029
5.863,24,prcus-a,-0.0,4.115763546798029
5.863,24,ifrms,-0.0,4.115763546798029
5.863,24,sspls-v,0.0,4.115763546798029
5.863,25,mcgs,0.0,4.071428571428571
5.863,25,pos,-0.0,4.071428571428571
5.863,25,sbps,-0.0,4.071428571428571
5.863,25,prculs-d,-0.0,4.071428571428571
5.863,25,prcus-p,0.0,4.071428571428571
5.863,25,prcus-i,-0.0,4.071428571428571
5.863,25,prcus-a,-0.0,4.071428571428571
5.863,25,ifrms,-0.0,4.071428571428571
5.863,25,sspls-v,0.0,4.071428571428571
5.863,26,mcgs,0.0,3.908866995073892
5.863,26,pos,-0.0,3.908866995073892
5.863,26,sbps,-0.0,3.908866995073892
5.863,26,prculs-d,-0.0,3.908866995073892
5.863,26,prcus-p,0.0,3.908866995073892
5.863,26,prcus-i,-0.0,3.908866995073892
5.863,26,prcus-a,-0.0,3.908866995073892
5.863,26,ifrms,0.0,3.908866995073892
5.863,26,sspls-v,-0.0,3.908866995073892
5.863,27,mcgs,0.0,4.189655172413793
5.863,27,pos,-0.0,4.189655172413793
5.863,27,sbps,-0.0,4.189655172413793
5.863,27,prculs-d,-0.0,4.189655172413793
5.863,27,prcus-p,0.0,4.189655172413793
5.863,27,prcus-i,-0.0,4.189655172413793
5.863,27,prcus-a,-0.0,4.189655172413793
5.863,27,ifrms,-0.0,4.189655172413793
5.863,27,sspls-v,-0.0,4.189655172413793
5.863,28,mcgs,0.0,4.071428571428571
5.863,28,pos,-0.0,4.071428571428571
5.863,28,sbps,-0.0,4.071428571428571
5.863,28,prculs-d,-0.0,4.071428571428571
5.863,28,prcus-p,0.0,4.071428571428571
5.863,28,prcus-i,-0.0,4.071428571428571
5.863,28,prcus-a,-0.0,4.071428571428571
5.863,28,ifrms,0.0,4.071428571428571
5.863,28,sspls-v,0.0,4.071428571428571
5.863,29,mcgs,0.0,3.9433497536945823
5.863,29,pos,-0.0,3.9433497536945823
5.863,29,sbps,-0.0,3.9433497536945823
5.863,29,prculs-d,-0.0,3.9433497536945823
5.863,29,prcus-p,0.0,3.9433497536945823
5.863,29,prcus-i,-0.0,3.9433497536945823
5.863,29,prcus-a,-0.0,3.9433497536945823
5.863,29,ifrms,0.0,3.9433497536945823
5.863,29,sspls-v,0.0,3.9433497536945823
6.268,0,mcgs,0.0,4.071428571428571
6.268,0,pos,-0.0,4.071428571428571
6.268,0,sbps,-0.0,4.071428571428571
6.268,0,prculs-d,-0.0,4.071428571428571
6.268,0,prcus-p,0.0,4.071428571428571
6.268,0,prcus-i,-0.0,4.071428571428571
6.268,0,prcus-a,-0.0,4.071428571428571
6.268,0,ifrms,-0.0,4.071428571428571
6.268,0,sspls-v,-0.0,4.071428571428571
6.268,1,mcgs,0.0,4.110837438423645
6.268,1,pos,-0.0,4.110837438423645
6.268,1,sbps,-0.0,4.110837438423645
6.268,1,prculs-d,-0.0,4.110837438423645
6.268,1,prcus-p,0.0,4.110837438423645
6.268,1,prcus-i,-0.0,4.110837438423645
6.268,1,prcus-a,-0.0,4.110837438423645
6.268,1,ifrms,-0.0,4.110837438423645
6.268,1,sspls-v,0.0,4.110837438423645
6.268,2,mcgs,0.0,3.9630541871921188
6.268,2,pos,-0.0,3.9630541871921188
6.268,2,sbps,-0.0,3.9630541871921188
6.268,2,prculs-d,-0.0,3.9630541871921188
6.268,2,prcus-p,0.0,3.9630541871921188
6.268,2,prcus-i,-0.0,3.9630541871921188
6.268,2,prcus-a,-0.0,3.9630541871921188
6.268,2,ifrms,0.0,3.9630541871921188
6.268,2,sspls-v,-0.0,3.9630541871921188
6.268,3,mcgs,0.0,3.908866995073892
6.268,3,pos,-0.0,3.908866995073892
6.268,3,sbps,-0.0,3.908866995073892
6.268,3,prculs-d,-0.0,3.908866995073892
6.268,3,prcus-p,-0.0,3.908866995073892
6.268,3,prcus-i,-0.0,3.908866995073892
6.268,3,prcus-a,-0.0,3.908866995073892
6.268,3,ifrms,-0.0,3.908866995073892
6.268,3,sspls-v,-0.0,3.908866995073892
6.268,4,mcgs,0.0,4.071428571428571
6.268,4,pos,-0.0,4.071428571428571
6.268,4,sbps,-0.0,4.071428571428571
6.268,4,prculs-d,-0.0,4.071428571428571
6.268,4,prcus-p,0.0,4.071428571428571
6.268,4,prcus-i,-0.0,4.071428571428571
6.268,4,prcus-a,-0.0,4.071428571428571
6.268,4,ifrms,-0.0,4.071428571428571
6.268,4,sspls-v,-0.0,4.071428571428571
6.268,5,mcgs,0.0,4.08128078817734
6.268,5,pos,-0.0,4.08128078817734
6.268,5,sbps,-0.0,4.08128078817734
6.268,5,prculs-d,-0.0,4.08128078817734
6.268,5,prcus-p,0.0,4.08128078817734
6.268,5,prcus-i,-0.0,4.08128078817734
6.268,5,prcus-a,-0.0,4.08128078817734
6.268,5,ifrms,-0.0,4.08128078817734
6.268,5,sspls-v,0.0,4.08128078817734
6.268,6,mcgs,0.0,3.9901477832512313
6.268,6,pos,-0.0,3.9901477832512313
6.268,6,sbps,-0.0,3.9901477832512313
6.268,6,prculs-d,-0.0,3.9901477832512313
6.268,6,prcus-p,0.0,3.9901477832512313
6.268,6,prcus-i,-0.0,3.9901477832512313
6.268,6,prcus-a,-0.0,3.9901477832512313
6.268,6,ifrms,-0.0,3.9901477832512313
6.268,6,sspls-v,0.0,3.9901477832512313
6.268,7,mcgs,0.0,4.219211822660099
6.268,7,pos,-0.0,4.219211822660099
6.268,7,sbps,-0.0,4.219211822660099
6.268,7,prculs-d,-0.0,4.219211822660099
6.268,7,prcus-p,0.0,4.219211822660099
6.268,7,prcus-i,-0.0,4.219211822660099
6.268,7,prcus-a,-0.0,4.219211822660099
6.268,7,ifrms,-0.0,4.219211822660099
6.268,7,sspls-v,-0.0,4.219211822660099
6.268,8,mcgs,0.0,4.150246305418718
6.268,8,pos,-0.0,4.150246305418718
6.268,8,sbps,-0.0,4.150246305418718
6.268,8,prculs-d,-0.0,4.150246305418718
6.268,8,prcus-p,0.0,4.150246305418718
6.268,8,prcus-i,-0.0,4.150246305418718
6.268,8,prcus-a,-0.0,4.150246305418718
6.268,8,ifrms,-0.0,4.150246305418718
6.268,8,sspls-v,-0.0,4.150246305418718
6.268,9,mcgs,0.0,4.18472906403941
6.268,9,pos,-0.0,4.18472906403941
6.268,9,sbps,-0.0,4.18472906403941
6.268,9,prculs-d,-0.0,4.18472906403941
6.268,9,prcus-p,0.0,4.18472906403941
6.268,9,prcus-i,-0.0,4.18472906403941
6.268,9,prcus-a,-0.0,4.18472906403941
6.268,9,ifrms,-0.0,4.18472906403941
6.268,9,sspls-v,-0.0,4.18472906403941
6.268,10,mcgs,0.0,4.044334975369458
6.268,10,pos,-0.0,4.044334975369458
6.268,10,sbps,-0.0,4.044334975369458
6.268,10,prculs-d,-0.0,4.044334975369458
6.268,10,prcus-p,0.0,4.044334975369458
6.268,10,prcus-i,-0.0,4.044334975369458
6.268,10,prcus-a,-0.0,4.044334975369458
6.268,10,ifrms,-0.0,4.044334975369458
6.268,10,sspls-v,-0.0,4.044334975369458
6.268,11,mcgs,0.0,4.18472906403941
6.268,11,pos,-0.0,4.18472906403941
6.268,11,sbps,-0.0,4.18472906403941
6.268,11,prculs-d,-0.0,4.18472906403941
6.268,11,prcus-p,0.0,4.18472906403941
6.268,11,prcus-i,-0.0,4.18472906403941
6.268,11,prcus-a,-0.0,4.18472906403941
6.268,11,ifrms,-0.0,4.18472906403941
6.268,11,sspls-v,-0.0,4.18472906403941
6.268,12,mcgs,0.0,4.219211822660099
6.268,12,pos,-0.0,4.219211822660099
6.268,12,sbps,-0.0,4.219211822660099
6.268,12,prculs-d,-0.0,4.219211822660099
6.268,12,prcus-p,0.0,4.219211822660099
6.268,12,prcus-i,-0.0,4.219211822660099
6.268,12,prcus-a,-0.0,4.219211822660099
6.268,12,ifrms,-0.0,4.219211822660099
6.268,12,sspls-v,-0.0,4.219211822660099
6.268,13,mcgs,0.0,3.9630541871921188
6.268,13,pos,-0.0,3.9630541871921188
6.268,13,sbps,-0.0,3.9630541871921188
6.268,13,prculs-d,-0.0,3.9630541871921188
6.268,13,prcus-p,0.0,3.9630541871921188
6.268,13,prcus-i,-0.0,3.9630541871921188
6.268,13,prcus-a,0.0,3.9630541871921188
6.268,13,ifrms,0.0,3.9630541871921188
6.268,13,sspls-v,-0.0,3.9630541871921188
6.268,14,mcgs,0.0,4.150246305418718
6.268,14,pos,-0.0,4.150246305418718
6.268,14,sbps,-0.0,4.150246305418718
6.268,14,prculs-d,-0.0,4.150246305418718
6.268,14,prcus-p,0.0,4.150246305418718
6.268,14,prcus-i,-0.0,4.150246305418718
6.268,14,prcus-a,-0.0,4.150246305418718
6.268,14,ifrms,-0.0,4.150246305418718
6.268,14,sspls-v,-0.0,4.150246305418718
6.268,15,mcgs,0.0,4.110837438423645
6.268,15,pos,-0.0,4.110837438423645
6.268,15,sbps,-0.0,4.110837438423645
6.268,15,prculs-d,-0.0,4.110837438423645
6.268,15,prcus-p,0.0,4.110837438423645
6.268,15,prcus-i,-0.0,4.110837438423645
6.268,15,prcus-a,-0.0,4.110837438423645
6.268,15,ifrms,-0.0,4.110837438423645
6.268,15,sspls-v,-0.0,4.110837438423645
6.268,16,mcgs,0.0,4.219211822660099
6.268,16,pos,-0.0,4.219211822660099
6.268,16,sbps,-0.0,4.219211822660099
6.268,16,prculs-d,-0.0,4.219211822660099
6.268,16,prcus-p,0.0,4.219211822660099
6.268,16,prcus-i,-0.0,4.219211822660099
6.268,16,prcus-a,-0.0,4.219211822660099
6.268,16,ifrms,-0.0,4.219211822660099
6.268,16,sspls-v,-0.0,4.219211822660099
6.268,17,mcgs,0.0,3.839901477832512
6.268,17,pos,-0.0,3.839901477832512
6.268,17,sbps,-0.0,3.839901477832512
6.268,17,prculs-d,-0.0,3.839901477832512
6.268,17,prcus-p,0.0,3.839901477832512
6.268,17,prcus-i,-0.0,3.839901477832512
6.268,17,prcus-a,-0.0,3.839901477832512
6.268,17,ifrms,-0.0,3.839901477832512
6.268,17,sspls-v,0.0,3.839901477832512
6.268,18,mcgs,0.0,4.219211822660099
6.268,18,pos,-0.0,4.219211822660099
6.268,18,sbps,-0.0,4.219211822660099
6.268,18,prculs-d,-0.0,4.219211822660099
6.268,18,prcus-p,0.0,4.219211822660099
6.268,18,prcus-i,-0.0,4.219211822660099
6.268,18,prcus-a,-0.0,4.219211822660099
6.268,18,ifrms,-0.0,4.219211822660099
6.268,18,sspls-v,-0.0,4.219211822660099
6.268,19,mcgs,0.0,4.0467980295566495
6.268,19,pos,-0.0,4.0467980295566495
6.268,19,sbps,-0.0,4.0467980295566495
6.268,19,prculs-d,-0.0,4.0467980295566495
6.268,19,prcus-p,0.0,4.0467980295566495
6.268,19,prcus-i,-0.0,4.0467980295566495
6.268,19,prcus-a,-0.0,4.0467980295566495
6.268,19,ifrms,-0.0,4.0467980295566495
6.268,19,sspls-v,-0.0,4.0467980295566495
6.268,20,mcgs,0.0,4.017241379310345
6.268,20,pos,-0.0,4.017241379310345
6.268,20,sbps,-0.0,4.017241379310345
6.268,20,prculs-d,-0.0,4.017241379310345
6.268,20,prcus-p,0.0,4.017241379310345
6.268,20,prcus-i,-0.0,4.017241379310345
6.268,20,prcus-a,-0.0,4.017241379310345
6.268,20,ifrms,-0.0,4.017241379310345
6.268,20,sspls-v,-0.0,4.017241379310345
6.268,21,mcgs,0.0,4.0467980295566495
6.268,21,pos,-0.0,4.0467980295566495
6.268,21,sbps,-0.0,4.0467980295566495
6.268,21,prculs-d,-0.0,4.0467980295566495
6.268,21,prcus-p,0.0,4.0467980295566495
6.268,21,prcus-i,-0.0,4.0467980295566495
6.268,21,prcus-a,-0.0,4.0467980295566495
6.268,21,ifrms,-0.0,4.0467980295566495
6.268,21,sspls-v,-0.0,4.0467980295566495
6.268,22,mcgs,0.0,4.18472906403941
6.268,22,pos,-0.0,4.18472906403941
6.268,22,sbps,-0.0,4.18472906403941
6.268,22,prculs-d,-0.0,4.18472906403941
6.268,22,prcus-p,0.0,4.18472906403941
6.268,22,prcus-i,-0.0,4.18472906403941
6.268,22,prcus-a,-0.0,4.18472906403941
6.268,22,ifrms,-0.0,4.18472906403941
6.268,22,sspls-v,-0.0,4.18472906403941
6.268,23,mcgs,0.0,4.219211822660099
6.268,23,pos,-0.0,4.219211822660099
6.268,23,sbps,-0.0,4.219211822660099
6.268,23,prculs-d,-0.0,4.219211822660099
6.268,23,prcus-p,0.0,4.219211822660099
6.268,23,prcus-i,-0.0,4.219211822660099
6.268,23,prcus-a,-0.0,4.219211822660099
6.268,23,ifrms,-0.0,4.219211822660099
6.268,23,sspls-v,-0.0,4.219211822660099
6.268,24,mcgs,0.0,4.115763546798029
6.268,24,pos,-0.0,4.115763546798029
6.268,24,sbps,-0.0,4.115763546798029
6.268,24,prculs-d,-0.0,4.115763546798029
6.268,24,prcus-p,0.0,4.115763546798029
6.268,24,prcus-i,-0.0,4.115763546798029
6.268,24,prcus-a,-0.0,4.115763546798029
6.268,24,ifrms,-0.0,4.115763546798029
6.268,24,sspls-v,0.0,4.115763546798029
6.268,25,mcgs,0.0,4.071428571428571
6.268,25,pos,-0.0,4.071428571428571
6.268,25,sbps,-0.0,4.071428571428571
6.268,25,prculs-d,-0.0,4.071428571428571
6.268,25,prcus-p,0.0,4.071428571428571
6.268,25,prcus-i,-0.0,4.071428571428571
6.268,25,prcus-a,-0.0,4.071428571428571
6.268,25,ifrms,-0.0,4.071428571428571
6.268,25,sspls-v,0.0,4.071428571428571
6.268,26,mcgs,0.0,3.908866995073892
6.268,26,pos,-0.0,3.908866995073892
6.268,26,sbps,-0.0,3.908866995073892
6.268,26,prculs-d,-0.0,3.908866995073892
6.268,26,prcus-p,0.0,3.908866995073892
6.268,26,prcus-i,-0.0,3.908866995073892
6.268,26,prcus-a,-0.0,3.908866995073892
6.268,26,ifrms,0.0,3.908866995073892
6.268,26,sspls-v,-0.0,3.908866995073892
6.268,27,mcgs,0.0,4.189655172413793
6.268,27,pos,-0.0,4.189655172413793
6.268,27,sbps,-0.0,4.189655172413793
6.268,27,prculs-d,-0.0,4.189655172413793
6.268,27,prcus-p,0.0,4.189655172413793
6.268,27,prcus-i,-0.0,4.189655172413793
6.268,27,prcus-a,-0.0,4.189655172413793
6.268,27,ifrms,-0.0,4.189655172413793
6.268,27,sspls-v,-0.0,4.189655172413793
6.268,28,mcgs,0.0,4.071428571428571
6.268,28,pos,-0.0,4.071428571428571
6.268,28,sbps,-0.0,4.071428571428571
6.268,28,prculs-d,-0.0,4.071428571428571
6.268,28,prcus-p,0.0,4.071428571428571
6.268,28,prcus-i,-0.0,4.071428571428571
6.268,28,prcus-a,-0.0,4.071428571428571
6.268,28,ifrms,0.0,4.071428571428571
6.268,28,sspls-v,0.0,4.071428571428571
6.268,29,mcgs,0.0,3.9433497536945823
6.268,29,pos,-0.0,3.9433497536945823
6.268,29,sbps,-0.0,3.9433497536945823
6.268,29,prculs-d,-0.0,3.9433497536945823
6.268,29,prcus-p,0.0,3.9433497536945823
6.268,29,prcus-i,-0.0,3.9433497536945823
6.268,29,prcus-a,-0.0,3.9433497536945823
6.268,29,ifrms,0.0,3.9433497536945823
6.268,29,sspls-v,0.0,3.9433497536945823
6.7,0,mcgs,0.0,4.071428571428571
6.7,0,pos,-0.0,4.071428571428571
6.7,0,sbps,-0.0,4.071428571428571
6.7,0,prculs-d,-0.0,4.071428571428571
6.7,0,prcus-p,0.0,4.071428571428571
6.7,0,prcus-i,-0.0,4.071428571428571
6.7,0,prcus-a,-0.0,4.071428571428571
6.7,0,ifrms,-0.0,4.071428571428571
6.7,0,sspls-v,-0.0,4.071428571428571
6.7,1,mcgs,0.0,4.110837438423645
6.7,1,pos,-0.0,4.110837438423645
6.7,1,sbps,-0.0,4.110837438423645
6.7,1,prculs-d,-0.0,4.110837438423645
6.7,1,prcus-p,0.0,4.110837438423645
6.7,1,prcus-i,-0.0,4.110837438423645
6.7,1,prcus-a,-0.0,4.110837438423645
6.7,1,ifrms,-0.0,4.110837438423645
6.7,1,sspls-v,0.0,4.110837438423645
6.7,2,mcgs,0.0,3.9630541871921188
6.7,2,pos,-0.0,3.9630541871921188
6.7,2,sbps,-0.0,3.9630541871921188
6.7,2,prculs-d,-0.0,3.9630541871921188
6.7,2,prcus-p,0.0,3.9630541871921188
6.7,2,prcus-i,-0.0,3.9630541871921188
6.7,2,prcus-a,-0.0,3.9630541871921188
6.7,2,ifrms,0.0,3.9630541871921188
6.7,2,sspls-v,-0.0,3.9630541871921188
6.7,3,mcgs,0.0,3.908866995073892
6.7,3,pos,-0.0,3.908866995073892
6.7,3,sbps,-0.0,3.908866995073892
6.7,3,prculs-d,-0.0,3.908866995073892
6.7,3,prcus-p,-0.0,3.908866995073892
6.7,3,prcus-i,-0.0,3.908866995073892
6.7,3,prcus-a,-0.0,3.908866995073892
6.7,3,ifrms,-0.0,3.908866995073892
6.7,3,sspls-v,-0.0,3.908866995073892
6.7,4,mcgs,0.0,4.071428571428571
6.7,4,pos,-0.0,4.071428571428571
6.7,4,sbps,-0.0,4.071428571428571
6.7,4,prculs-d,-0.0,4.071428571428571
6.7,4,prcus-p,0.0,4.071428571428571
6.7,4,prcus-i,-0.0,4.071428571428571
6.7,4,prcus-a,-0.0,4.071428571428571
6.7,4,ifrms,-0.0,4.071428571428571
6.7,4,sspls-v,-0.0,4.071428571428571
6.7,5,mcgs,0.0,4.08128078817734
6.7,5,pos,-0.0,4.08128078817734
6.7,5,sbps,-0.0,4.08128078817734
6.7,5,prculs-d,-0.0,4.08128078817734
6.7,5,prcus-p,0.0,4.08128078817734
6.7,5,prcus-i,-0.0,4.08128078817734
6.7,5,prcus-a,-0.0,4.08128078817734
6.7,5,ifrms,-0.0,4.08128078817734
6.7,5,sspls-v,0.0,4.08128078817734
6.7,6,mcgs,0.0,3.9901477832512313
6.7,6,pos,-0.0,3.9901477832512313
6.7,6,sbps,-0.0,3.9901477832512313
6.7,6,prculs-d,-0.0,3.9901477832512313
6.7,6,prcus-p,0.0,3.9901477832512313
6.7,6,prcus-i,-0.0,3.9901477832512313
6.7,6,prcus-a,-0.0,3.9901477832512313
6.7,6,ifrms,-0.0,3.9901477832512313
6.7,6,sspls-v,0.0,3.9901477832512313
6.7,7,mcgs,0.0,4.219211822660099
6.7,7,pos,-0.0,4.219211822660099
6.7,7,sbps,-0.0,4.219211822660099
6.7,7,prculs-d,-0.0,4.219211822660099
6.7,7,prcus-p,0.0,4.219211822660099
6.7,7,prcus-i,-0.0,4.219211822660099
6.7,7,prcus-a,-0.0,4.219211822660099
6.7,7,ifrms,-0.0,4.219211822660099
6.7,7,sspls-v,-0.0,4.219211822660099
6.7,8,mcgs,0.0,4.150246305418718
6.7,8,pos,-0.0,4.150246305418718
6.7,8,sbps,-0.0,4.150246305418718
6.7,8,prculs-d,-0.0,4.150246305418718
6.7,8,prcus-p,0.0,4.150246305418718
6.7,8,prcus-i,-0.0,4.150246305418718
6.7,8,prcus-a,-0.0,4.150246305418718
6.7,8,ifrms,-0.0,4.150246305418718
6.7,8,sspls-v,-0.0,4.150246305418718
6.7,9,mcgs,0.0,4.18472906403941
6.7,9,pos,-0.0,4.18472906403941
6.7,9,sbps,-0.0,4.18472906403941
6.7,9,prculs-d,-0.0,4.18472906403941
6.7,9,prcus-p,0.0,4.18472906403941
6.7,9,prcus-i,-0.0,4.18472906403941
6.7,9,prcus-a,-0.0,4.18472906403941
6.7,9,ifrms,-0.0,4.18472906403941
6.7,9,sspls-v,-0.0,4.18472906403941
6.7,10,mcgs,0.0,4.044334975369458
6.7,10,pos,-0.0,4.044334975369458
6.7,10,sbps,-0.0,4.044334975369458
6.7,10,prculs-d,-0.0,4.044334975369458
6.7,10,prcus-p,0.0,4.044334975369458
6.7,10,prcus-i,-0.0,4.044334975369458
6.7,10,prcus-a,-0.0,4.044334975369458
6.7,10,ifrms,-0.0,4.044334975369458
6.7,10,sspls-v,-0.0,4.044334975369458
6.7,11,mcgs,0.0,4.18472906403941
6.7,11,pos,-0.0,4.18472906403941
6.7,11,sbps,-0.0,4.18472906403941
6.7,11,prculs-d,-0.0,4.18472906403941
6.7,11,prcus-p,0.0,4.18472906403941
6.7,11,prcus-i,-0.0,4.18472906403941
6.7,11,prcus-a,-0.0,4.18472906403941
6.7,11,ifrms,-0.0,4.18472906403941
6.7,11,sspls-v,-0.0,4.18472906403941
6.7,12,mcgs,0.0,4.219211822660099
6.7,12,pos,-0.0,4.219211822660099
6.7,12,sbps,-0.0,4.219211822660099
6.7,12,prculs-d,-0.0,4.219211822660099
6.7,12,prcus-p,0.0,4.219211822660099
6.7,12,prcus-i,-0.0,4.219211822660099
6.7,12,prcus-a,-0.0,4.219211822660099
6.7,12,ifrms,-0.0,4.219211822660099
6.7,12,sspls-v,-0.0,4.219211822660099
6.7,13,mcgs,0.0,3.9630541871921188
6.7,13,pos,-0.0,3.9630541871921188
6.7,13,sbps,-0.0,3.9630541871921188
6.7,13,prculs-d,-0.0,3.9630541871921188
6.7,13,prcus-p,0.0,3.9630541871921188
6.7,13,prcus-i,-0.0,3.9630541871921188
6.7,13,prcus-a,0.0,3.9630541871921188
6.7,13,ifrms,0.0,3.9630541871921188
6.7,13,sspls-v,-0.0,3.9630541871921188
6.7,14,mcgs,0.0,4.150246305418718
6.7,14,pos,-0.0,4.150246305418718
6.7,14,sbps,-0.0,4.150246305418718
6.7,14,prculs-d,-0.0,4.150246305418718
6.7,14,prcus-p,0.0,4.150246305418718
6.7,14,prcus-i,-0.0,4.150246305418718
6.7,14,prcus-a,-0.0,4.150246305418718
6.7,14,ifrms,-0.0,4.150246305418718
6.7,14,sspls-v,-0.0,4.150246305418718
6.7,15,mcgs,0.0,4.110837438423645
6.7,15,pos,-0.0,4.110837438423645
6.7,15,sbps,-0.0,4.110837438423645
6.7,15,prculs-d,-0.0,4.110837438423645
6.7,15,prcus-p,0.0,4.110837438423645
6.7,15,prcus-i,-0.0,4.110837438423645
6.7,15,prcus-a,-0.0,4.110837438423645
6.7,15,ifrms,-0.0,4.110837438423645
6.7,15,sspls-v,-0.0,4.110837438423645
6.7,16,mcgs,0.0,4.219211822660099
6.7,16,pos,-0.0,4.219211822660099
6.7,16,sbps,-0.0,4.219211822660099
6.7,16,prculs-d,-0.0,4.219211822660099
6.7,16,prcus-p,0.0,4.219211822660099
6.7,16,prcus-i,-0.0,4.219211822660099
6.7,16,prcus-a,-0.0,4.219211822660099
6.7,16,ifrms,-0.0,4.219211822660099
6.7,16,sspls-v,-0.0,4.219211822660099
6.7,17,mcgs,0.0,3.839901477832512
6.7,17,pos,-0.0,3.839901477832512
6.7,17,sbps,-0.0,3.839901477832512
6.7,17,prculs-d,-0.0,3.839901477832512
6.7,17,prcus-p,0.0,3.839901477832512
6.7,17,prcus-i,-0.0,3.839901477832512
6.7,17,prcus-a,-0.0,3.839901477832512
6.7,17,ifrms,-0.0,3.839901477832512
6.7,17,sspls-v,0.0,3.839901477832512
6.7,18,mcgs,0.0,4.219211822660099
6.7,18,pos,-0.0,4.219211822660099
6.7,18,sbps,-0.0,4.219211822660099
6.7,18,prculs-d,-0.0,4.219211822660099
6.7,18,prcus-p,0.0,4.219211822660099
6.7,18,prcus-i,-0.0,4.219211822660099
6.7,18,prcus-a,-0.0,4.219211822660099
6.7,18,ifrms,-0.0,4.219211822660099
6.7,18,sspls-v,-0.0,4.219211822660099
6.7,19,mcgs,0.0,4.0467980295566495
6.7,19,pos,-0.0,4.0467980295566495
6.7,19,sbps,-0.0,4.0467980295566495
6.7,19,prculs-d,-0.0,4.0467980295566495
6.7,19,prcus-p,0.0,4.0467980295566495
6.7,19,prcus-i,-0.0,4.0467980295566495
6.7,19,prcus-a,-0.0,4.0467980295566495
6.7,19,ifrms,-0.0,4.0467980295566495
6.7,19,sspls-v,-0.0,4.0467980295566495
6.7,20,mcgs,0.0,4.017241379310345
6.7,20,pos,-0.0,4.017241379310345
6.7,20,sbps,-0.0,4.017241379310345
6.7,20,prculs-d,-0.0,4.017241379310345
6.7,20,prcus-p,0.0,4.017241379310345
6.7,20,prcus-i,-0.0,4.017241379310345
6.7,20,prcus-a,-0.0,4.017241379310345
6.7,20,ifrms,-0.0,4.017241379310345
6.7,20,sspls-v,-0.0,4.017241379310345
6.7,21,mcgs,0.0,4.0467980295566495
6.7,21,pos,-0.0,4.0467980295566495
6.7,21,sbps,-0.0,4.0467980295566495
6.7,21,prculs-d,-0.0,4.0467980295566495
6.7,21,prcus-p,0.0,4.0467980295566495
6.7,21,prcus-i,-0.0,4.0467980295566495
6.7,21,prcus-a,-0.0,4.0467980295566495
6.7,21,ifrms,-0.0,4.0467980295566495
6.7,21,sspls-v,-0.0,4.0467980295566495
6.7,22,mcgs,0.0,4.18472906403941
6.7,22,pos,-0.0,4.18472906403941
6.7,22,sbps,-0.0,4.18472906403941
6.7,22,prculs-d,-0.0,4.18472906403941
6.7,22,prcus-p,0.0,4.18472906403941
6.7,22,prcus-i,-0.0,4.18472906403941
6.7,22,prcus-a,-0.0,4.18472906403941
6.7,22,ifrms,-0.0,4.18472906403941
6.7,22,sspls-v,-0.0,4.18472906403941
6.7,23,mcgs,0.0,4.219211822660099
6.7,23,pos,-0.0,4.219211822660099
6.7,23,sbps,-0.0,4.219211822660099
6.7,23,prculs-d,-0.0,4.219211822660099
6.7,23,prcus-p,0.0,4.219211822660099
6.7,23,prcus-i,-0.0,4.219211822660099
6.7,23,prcus-a,-0.0,4.219211822660099
6.7,23,ifrms,-0.0,4.219211822660099
6.7,23,sspls-v,-0.0,4.219211822660099
6.7,24,mcgs,0.0,4.115763546798029
6.7,24,pos,-0.0,4.115763546798029
6.7,24,sbps,-0.0,4.115763546798029
6.7,24,prculs-d,-0.0,4.115763546798029
6.7,24,prcus-p,0.0,4.115763546798029
6.7,24,prcus-i,-0.0,4.115763546798029
6.7,24,prcus-a,-0.0,4.115763546798029
6.7,24,ifrms,-0.0,4.115763546798029
6.7,24,sspls-v,0.0,4.115763546798029
6.7,25,mcgs,0.0,4.071428571428571
6.7,25,pos,-0.0,4.071428571428571
6.7,25,sbps,-0.0,4.071428571428571
6.7,25,prculs-d,-0.0,4.071428571428571
6.7,25,prcus-p,0.0,4.071428571428571
6.7,25,prcus-i,-0.0,4.071428571428571
6.7,25,prcus-a,-0.0,4.071428571428571
6.7,25,ifrms,-0.0,4.071428571428571
6.7,25,sspls-v,0.0,4.071428571428571
6.7,26,mcgs,0.0,3.908866995073892
6.7,26,pos,-0.0,3.908866995073892
6.7,26,sbps,-0.0,3.908866995073892
6.7,26,prculs-d,-0.0,3.908866995073892
6.7,26,prcus-p,0.0,3.908866995073892
6.7,26,prcus-i,-0.0,3.908866995073892
6.7,26,prcus-a,-0.0,3.908866995073892
6.7,26,ifrms,0.0,3.908866995073892
6.7,26,sspls-v,-0.0,3.908866995073892
6.7,27,mcgs,0.0,4.189655172413793
6.7,27,pos,-0.0,4.189655172413793
6.7,27,sbps,-0.0,4.189655172413793
6.7,27,prculs-d,-0.0,4.189655172413793
6.7,27,prcus-p,0.0,4.189655172413793
6.7,27,prcus-i,-0.0,4.189655172413793
6.7,27,prcus-a,-0.0,4.189655172413793
6.7,27,ifrms,-0.0,4.189655172413793
6.7,27,sspls-v,-0.0,4.189655172413793
6.7,28,mcgs,0.0,4.071428571428571
6.7,28,pos,-0.0,4.071428571428571
6.7,28,sbps,-0.0,4.071428571428571
6.7,28,prculs-d,-0.0,4.071428571428571
6.7,28,prcus-p,0.0,4.071428571428571
6.7,28,prcus-i,-0.0,4.071428571428571
6.7,28,prcus-a,-0.0,4.071428571428571
6.7,28,ifrms,0.0,4.071428571428571
6.7,28,sspls-v,0.0,4.071428571428571
6.7,29,mcgs,0.0,3.9433497536945823
6.7,29,pos,-0.0,3.9433497536945823
6.7,29,sbps,-0.0,3.9433497536945823
6.7,29,prculs-d,-0.0,3.9433497536945823
6.7,29,prcus-p,0.0,3.9433497536945823
6.7,29,prcus-i,-0.0,3.9433497536945823
6.7,29,prcus-a,-0.0,3.9433497536945823
6.7,29,ifrms,0.0,3.9433497536945823
6.7,29,sspls-v,0.0,3.9433497536945823
7.163,0,mcgs,0.0,4.071428571428571
7.163,0,pos,-0.0,4.071428571428571
7.163,0,sbps,-0.0,4.071428571428571
7.163,0,prculs-d,-0.0,4.071428571428571
7.163,0,prcus-p,0.0,4.071428571428571
7.163,0,prcus-i,-0.0,4.071428571428571
7.163,0,prcus-a,-0.0,4.071428571428571
7.163,0,ifrms,-0.0,4.071428571428571
7.163,0,sspls-v,-0.0,4.071428571428571
7.163,1,mcgs,0.0,4.110837438423645
7.163,1,pos,-0.0,4.110837438423645
7.163,1,sbps,-0.0,4.110837438423645
7.163,1,prculs-d,-0.0,4.110837438423645
7.163,1,prcus-p,0.0,4.110837438423645
7.163,1,prcus-i,-0.0,4.110837438423645
7.163,1,prcus-a,-0.0,4.110837438423645
7.163,1,ifrms,-0.0,4.110837438423645
7.163,1,sspls-v,0.0,4.110837438423645
7.163,2,mcgs,0.0,3.9630541871921188
7.163,2,pos,-0.0,3.9630541871921188
7.163,2,sbps,-0.0,3.9630541871921188
7.163,2,prculs-d,-0.0,3.9630541871921188
7.163,2,prcus-p,0.0,3.9630541871921188
7.163,2,prcus-i,-0.0,3.9630541871921188
7.163,2,prcus-a,-0.0,3.9630541871921188
7.163,2,ifrms,0.0,3.9630541871921188
7.163,2,sspls-v,-0.0,3.9630541871921188
7.163,3,mcgs,0.0,3.908866995073892
7.163,3,pos,-0.0,3.908866995073892
7.163,3,sbps,-0.0,3.908866995073892
7.163,3,prculs-d,-0.0,3.908866995073892
7.163,3,prcus-p,-0.0,3.908866995073892
7.163,3,prcus-i,-0.0,3.908866995073892
7.163,3,prcus-a,-0.0,3.908866995073892
7.163,3,ifrms,-0.0,3.908866995073892
7.163,3,sspls-v,-0.0,3.908866995073892
7.163,4,mcgs,0.0,4.071428571428571
7.163,4,pos,-0.0,4.071428571428571
7.163,4,sbps,-0.0,4.071428571428571
7.163,4,prculs-d,-0.0,4.071428571428571
7.163,4,prcus-p,0.0,4.071428571428571
7.163,4,prcus-i,-0.0,4.071428571428571
7.163,4,prcus-a,-0.0,4.071428571428571
7.163,4,ifrms,-0.0,4.071428571428571
7.163,4,sspls-v,-0.0,4.071428571428571
7.163,5,mcgs,0.0,4.08128078817734
7.163,5,pos,-0.0,4.08128078817734
7.163,5,sbps,-0.0,4.08128078817734
7.163,5,prculs-d,-0.0,4.08128078817734
7.163,5,prcus-p,0.0,4.08128078817734
7.163,5,prcus-i,-0.0,4.08128078817734
7.163,5,prcus-a,-0.0,4.08128078817734
7.163,5,ifrms,-0.0,4.08128078817734
7.163,5,sspls-v,0.0,4.08128078817734
7.163,6,mcgs,0.0,3.9901477832512313
7.163,6,pos,-0.0,3.9901477832512313
7.163,6,sbps,-0.0,3.9901477832512313
7.163,6,prculs-d,-0.0,3.9901477832512313
7.163,6,prcus-p,0.0,3.9901477832512313
7.163,6,prcus-i,-0.0,3.9901477832512313
7.163,6,prcus-a,-0.0,3.9901477832512313
7.163,6,ifrms,-0.0,3.9901477832512313
7.163,6,sspls-v,0.0,3.9901477832512313
7.163,7,mcgs,0.0,4.219211822660099
7.163,7,pos,-0.0,4.219211822660099
7.163,7,sbps,-0.0,4.219211822660099
7.163,7,prculs-d,-0.0,4.219211822660099
7.163,7,prcus-p,0.0,4.219211822660099
7.163,7,prcus-i,-0.0,4.219211822660099
7.163,7,prcus-a,-0.0,4.219211822660099
7.163,7,ifrms,-0.0,4.219211822660099
7.163,7,sspls-v,-0.0,4.219211822660099
7.163,8,mcgs,0.0,4.150246305418718
7.163,8,pos,-0.0,4.150246305418718
7.163,8,sbps,-0.0,4.150246305418718
7.163,8,prculs-d,-0.0,4.150246305418718
7.163,8,prcus-p,0.0,4.150246305418718
7.163,8,prcus-i,-0.0,4.150246305418718
7.163,8,prcus-a,-0.0,4.150246305418718
7.163,8,ifrms,-0.0,4.150246305418718
7.163,8,sspls-v,-0.0,4.150246305418718
7.163,9,mcgs,0.0,4.18472906403941
7.163,9,pos,-0.0,4.18472906403941
7.163,9,sbps,-0.0,4.18472906403941
7.163,9,prculs-d,-0.0,4.18472906403941
7.163,9,prcus-p,0.0,4.18472906403941
7.163,9,prcus-i,-0.0,4.18472906403941
7.163,9,prcus-a,-0.0,4.18472906403941
7.163,9,ifrms,-0.0,4.18472906403941
7.163,9,sspls-v,-0.0,4.18472906403941
7.163,10,mcgs,0.0,4.044334975369458
7.163,10,pos,-0.0,4.044334975369458
7.163,10,sbps,-0.0,4.044334975369458
7.163,10,prculs-d,-0.0,4.044334975369458
7.163,10,prcus-p,0.0,4.044334975369458
7.163,10,prcus-i,-0.0,4.044334975369458
7.163,10,prcus-a,-0.0,4.044334975369458
7.163,10,ifrms,-0.0,4.044334975369458
7.163,10,sspls-v,-0.0,4.044334975369458
7.163,11,mcgs,0.0,4.18472906403941
7.163,11,pos,-0.0,4.18472906403941
7.163,11,sbps,-0.0,4.18472906403941
7.163,11,prculs-d,-0.0,4.18472906403941
7.163,11,prcus-p,0.0,4.18472906403941
7.163,11,prcus-i,-0.0,4.18472906403941
7.163,11,prcus-a,-0.0,4.18472906403941
7.163,11,ifrms,-0.0,4.18472906403941
7.163,11,sspls-v,-0.0,4.18472906403941
7.163,12,mcgs,0.0,4.219211822660099
7.163,12,pos,-0.0,4.219211822660099
7.163,12,sbps,-0.0,4.219211822660099
7.163,12,prculs-d,-0.0,4.219211822660099
7.163,12,prcus-p,0.0,4.219211822660099
7.163,12,prcus-i,-0.0,4.219211822660099
7.163,12,prcus-a,-0.0,4.219211822660099
7.163,12,ifrms,-0.0,4.219211822660099
7.163,12,sspls-v,-0.0,4.219211822660099
7.163,13,mcgs,0.0,3.9630541871921188
7.163,13,pos,-0.0,3.9630541871921188
7.163,13,sbps,-0.0,3.9630541871921188
7.163,13,prculs-d,-0.0,3.9630541871921188
7.163,13,prcus-p,0.0,3.9630541871921188
7.163,13,prcus-i,-0.0,3.9630541871921188
7.163,13,prcus-a,0.0,3.9630541871921188
7.163,13,ifrms,0.0,3.9630541871921188
7.163,13,sspls-v,-0.0,3.9630541871921188
7.163,14,mcgs,0.0,4.150246305418718
7.163,14,pos,-0.0,4.150246305418718
7.163,14,sbps,-0.0,4.150246305418718
7.163,14,prculs-d,-0.0,4.150246305418718
7.163,14,prcus-p,0.0,4.150246305418718
7.163,14,prcus-i,-0.0,4.150246305418718
7.163,14,prcus-a,-0.0,4.150246305418718
7.163,14,ifrms,-0.0,4.150246305418718
7.163,14,sspls-v,-0.0,4.150246305418718
7.163,15,mcgs,0.0,4.110837438423645
7.163,15,pos,-0.0,4.110837438423645
7.163,15,sbps,-0.0,4.110837438423645
7.163,15,prculs-d,-0.0,4.110837438423645
7.163,15,prcus-p,0.0,4.110837438423645
7.163,15,prcus-i,-0.0,4.110837438423645
7.163,15,prcus-a,-0.0,4.110837438423645
7.163,15,ifrms,-0.0,4.110837438423645
7.163,15,sspls-v,-0.0,4.110837438423645
7.163,16,mcgs,0.0,4.219211822660099
7.163,16,pos,-0.0,4.219211822660099
7.163,16,sbps,-0.0,4.219211822660099
7.163,16,prculs-d,-0.0,4.219211822660099
7.163,16,prcus-p,0.0,4.219211822660099
7.163,16,prcus-i,-0.0,4.219211822660099
7.163,16,prcus-a,-0.0,4.219211822660099
7.163,16,ifrms,-0.0,4.219211822660099
7.163,16,sspls-v,-0.0,4.219211822660099
7.163,17,mcgs,0.0,3.839901477832512
7.163,17,pos,-0.0,3.839901477832512
7.163,17,sbps,-0.0,3.839901477832512
7.163,17,prculs-d,-0.0,3.839901477832512
7.163,17,prcus-p,0.0,3.839901477832512
7.163,17,prcus-i,-0.0,3.839901477832512
7.163,17,prcus-a,-0.0,3.839901477832512
7.163,17,ifrms,-0.0,3.839901477832512
7.163,17,sspls-v,0.0,3.839901477832512
7.163,18,mcgs,0.0,4.219211822660099
7.163,18,pos,-0.0,4.219211822660099
7.163,18,sbps,-0.0,4.219211822660099
7.163,18,prculs-d,-0.0,4.219211822660099
7.163,18,prcus-p,0.0,4.219211822660099
7.163,18,prcus-i,-0.0,4.219211822660099
7.163,18,prcus-a,-0.0,4.219211822660099
7.163,18,ifrms,-0.0,4.219211822660099
7.163,18,sspls-v,-0.0,4.219211822660099
7.163,19,mcgs,0.0,4.0467980295566495
7.163,19,pos,-0.0,4.0467980295566495
7.163,19,sbps,-0.0,4.0467980295566495
7.163,19,prculs-d,-0.0,4.0467980295566495
7.163,19,prcus-p,0.0,4.0467980295566495
7.163,19,prcus-i,-0.0,4.0467980295566495
7.163,19,prcus-a,-0.0,4.0467980295566495
7.163,19,ifrms,-0.0,4.0467980295566495
7.163,19,sspls-v,-0.0,4.0467980295566495
7.163,20,mcgs,0.0,4.017241379310345
7.163,20,pos,-0.0,4.017241379310345
7.163,20,sbps,-0.0,4.017241379310345
7.163,20,prculs-d,-0.0,4.017241379310345
7.163,20,prcus-p,0.0,4.017241379310345
7.163,20,prcus-i,-0.0,4.017241379310345
7.163,20,prcus-a,-0.0,4.017241379310345
7.163,20,ifrms,-0.0,4.017241379310345
7.163,20,sspls-v,-0.0,4.017241379310345
7.163,21,mcgs,0.0,4.0467980295566495
7.163,21,pos,-0.0,4.0467980295566495
7.163,21,sbps,-0.0,4.0467980295566495
7.163,21,prculs-d,-0.0,4.0467980295566495
7.163,21,prcus-p,0.0,4.0467980295566495
7.163,21,prcus-i,-0.0,4.0467980295566495
7.163,21,prcus-a,-0.0,4.0467980295566495
7.163,21,ifrms,-0.0,4.0467980295566495
7.163,21,sspls-v,-0.0,4.0467980295566495
7.163,22,mcgs,0.0,4.18472906403941
7.163,22,pos,-0.0,4.18472906403941
7.163,22,sbps,-0.0,4.18472906403941
7.163,22,prculs-d,-0.0,4.18472906403941
7.163,22,prcus-p,0.0,4.18472906403941
7.163,22,prcus-i,-0.0,4.18472906403941
7.163,22,prcus-a,-0.0,4.18472906403941
7.163,22,ifrms,-0.0,4.18472906403941
7.163,22,sspls-v,-0.0,4.18472906403941
7.163,23,mcgs,0.0,4.219211822660099
7.163,23,pos,-0.0,4.219211822660099
7.163,23,sbps,-0.0,4.219211822660099
7.163,23,prculs-d,-0.0,4.219211822660099
7.163,23,prcus-p,0.0,4.219211822660099
7.163,23,prcus-i,-0.0,4.219211822660099
7.163,23,prcus-a,-0.0,4.219211822660099
7.163,23,ifrms,-0.0,4.219211822660099
7.163,23,sspls-v,-0.0,4.219211822660099
7.163,24,mcgs,0.0,4.115763546798029
7.163,24,pos,-0.0,4.115763546798029
7.163,24,sbps,-0.0,4.115763546798029
7.163,24,prculs-d,-0.0,4.115763546798029
7.163,24,prcus-p,0.0,4.115763546798029
7.163,24,prcus-i,-0.0,4.115763546798029
7.163,24,prcus-a,-0.0,4.115763546798029
7.163,24,ifrms,-0.0,4.115763546798029
7.163,24,sspls-v,0.0,4.115763546798029
7.163,25,mcgs,0.0,4.071428571428571
7.163,25,pos,-0.0,4.071428571428571
7.163,25,sbps,-0.0,4.071428571428571
7.163,25,prculs-d,-0.0,4.071428571428571
7.163,25,prcus-p,0.0,4.071428571428571
7.163,25,prcus-i,-0.0,4.071428571428571
7.163,25,prcus-a,-0.0,4.071428571428571
7.163,25,ifrms,-0.0,4.071428571428571
7.163,25,sspls-v,0.0,4.071428571428571
7.163,26,mcgs,0.0,3.908866995073892
7.163,26,pos,-0.0,3.908866995073892
7.163,26,sbps,-0.0,3.908866995073892
7.163,26,prculs-d,-0.0,3.908866995073892
7.163,26,prcus-p,0.0,3.908866995073892
7.163,26,prcus-i,-0.0,3.908866995073892
7.163,26,prcus-a,-0.0,3.908866995073892
7.163,26,ifrms,0.0,3.908866995073892
7.163,26,sspls-v,-0.0,3.908866995073892
7.163,27,mcgs,0.0,4.189655172413793
7.163,27,pos,-0.0,4.189655172413793
7.163,27,sbps,-0.0,4.189655172413793
7.163,27,prculs-d,-0.0,4.189655172413793
7.163,27,prcus-p,0.0,4.189655172413793
7.163,27,prcus-i,-0.0,4.189655172413793
7.163,27,prcus-a,-0.0,4.189655172413793
7.163,27,ifrms,-0.0,4.189655172413793
7.163,27,sspls-v,-0.0,4.189655172413793
7.163,28,mcgs,0.0,4.071428571428571
7.163,28,pos,-0.0,4.071428571428571
7.163,28,sbps,-0.0,4.071428571428571
7.163,28,prculs-d,-0.0,4.071428571428571
7.163,28,prcus-p,0.0,4.071428571428571
7.163,28,prcus-i,-0.0,4.071428571428571
7.163,28,prcus-a,-0.0,4.071428571428571
7.163,28,ifrms,0.0,4.071428571428571
7.163,28,sspls-v,0.0,4.071428571428571
7.163,29,mcgs,0.0,3.9433497536945823
7.163,29,pos,-0.0,3.9433497536945823
7.163,29,sbps,-0.0,3.9433497536945823
7.163,29,prculs-d,-0.0,3.9433497536945823
7.163,29,prcus-p,0.0,3.9433497536945823
7.163,29,prcus-i,-0.0,3.9433497536945823
7.163,29,prcus-a,-0.0,3.9433497536945823
7.163,29,ifrms,0.0,3.9433497536945823
7.163,29,sspls-v,0.0,3.9433497536945823
7.657,0,mcgs,0.0,4.071428571428571
7.657,0,pos,-0.0,4.071428571428571
7.657,0,sbps,-0.0,4.071428571428571
7.657,0,prculs-d,-0.0,4.071428571428571
7.657,0,prcus-p,0.0,4.071428571428571
7.657,0,prcus-i,-0.0,4.071428571428571
7.657,0,prcus-a,-0.0,4.071428571428571
7.657,0,ifrms,-0.0,4.071428571428571
7.657,0,sspls-v,-0.0,4.071428571428571
7.657,1,mcgs,0.0,4.110837438423645
7.657,1,pos,-0.0,4.110837438423645
7.657,1,sbps,-0.0,4.110837438423645
7.657,1,prculs-d,-0.0,4.110837438423645
7.657,1,prcus-p,0.0,4.110837438423645
7.657,1,prcus-i,-0.0,4.110837438423645
7.657,1,prcus-a,-0.0,4.110837438423645
7.657,1,ifrms,-0.0,4.110837438423645
7.657,1,sspls-v,0.0,4.110837438423645
7.657,2,mcgs,0.0,3.9630541871921188
7.657,2,pos,-0.0,3.9630541871921188
7.657,2,sbps,-0.0,3.9630541871921188
7.657,2,prculs-d,-0.0,3.9630541871921188
7.657,2,prcus-p,0.0,3.9630541871921188
7.657,2,prcus-i,-0.0,3.9630541871921188
7.657,2,prcus-a,-0.0,3.9630541871921188
7.657,2,ifrms,0.0,3.9630541871921188
7.657,2,sspls-v,-0.0,3.9630541871921188
7.657,3,mcgs,0.0,3.908866995073892
7.657,3,pos,-0.0,3.908866995073892
7.657,3,sbps,-0.0,3.908866995073892
7.657,3,prculs-d,-0.0,3.908866995073892
7.657,3,prcus-p,-0.0,3.908866995073892
7.657,3,prcus-i,-0.0,3.908866995073892
7.657,3,prcus-a,-0.0,3.908866995073892
7.657,3,ifrms,-0.0,3.908866995073892
7.657,3,sspls-v,-0.0,3.908866995073892
7.657,4,mcgs,0.0,4.071428571428571
7.657,4,pos,-0.0,4.071428571428571
7.657,4,sbps,-0.0,4.071428571428571
7.657,4,prculs-d,-0.0,4.071428571428571
7.657,4,prcus-p,0.0,4.071428571428571
7.657,4,prcus-i,-0.0,4.071428571428571
7.657,4,prcus-a,-0.0,4.071428571428571
7.657,4,ifrms,-0.0,4.071428571428571
7.657,4,sspls-v,-0.0,4.071428571428571
7.657,5,mcgs,0.0,4.08128078817734
7.657,5,pos,-0.0,4.08128078817734
7.657,5,sbps,-0.0,4.08128078817734
7.657,5,prculs-d,-0.0,4.08128078817734
7.657,5,prcus-p,0.0,4.08128078817734
7.657,5,prcus-i,-0.0,4.08128078817734
7.657,5,prcus-a,-0.0,4.08128078817734
7.657,5,ifrms,-0.0,4.08128078817734
7.657,5,sspls-v,0.0,4.08128078817734
7.657,6,mcgs,0.0,3.9901477832512313
7.657,6,pos,-0.0,3.9901477832512313
7.657,6,sbps,-0.0,3.9901477832512313
7.657,6,prculs-d,-0.0,3.9901477832512313
7.657,6,prcus-p,0.0,3.9901477832512313
7.657,6,prcus-i,-0.0,3.9901477832512313
7.657,6,prcus-a,-0.0,3.9901477832512313
7.657,6,ifrms,-0.0,3.9901477832512313
7.657,6,sspls-v,0.0,3.9901477832512313
7.657,7,mcgs,0.0,4.219211822660099
7.657,7,pos,-0.0,4.219211822660099
7.657,7,sbps,-0.0,4.219211822660099
7.657,7,prculs-d,-0.0,4.219211822660099
7.657,7,prcus-p,0.0,4.219211822660099
7.657,7,prcus-i,-0.0,4.219211822660099
7.657,7,prcus-a,-0.0,4.219211822660099
7.657,7,ifrms,-0.0,4.219211822660099
7.657,7,sspls-v,-0.0,4.219211822660099
7.657,8,mcgs,0.0,4.150246305418718
7.657,8,pos,-0.0,4.150246305418718
7.657,8,sbps,-0.0,4.150246305418718
7.657,8,prculs-d,-0.0,4.150246305418718
7.657,8,prcus-p,0.0,4.150246305418718
7.657,8,prcus-i,-0.0,4.150246305418718
7.657,8,prcus-a,-0.0,4.150246305418718
7.657,8,ifrms,-0.0,4.150246305418718
7.657,8,sspls-v,-0.0,4.150246305418718
7.657,9,mcgs,0.0,4.18472906403941
7.657,9,pos,-0.0,4.18472906403941
7.657,9,sbps,-0.0,4.18472906403941
7.657,9,prculs-d,-0.0,4.18472906403941
7.657,9,prcus-p,0.0,4.18472906403941
7.657,9,prcus-i,-0.0,4.18472906403941
7.657,9,prcus-a,-0.0,4.18472906403941
7.657,9,ifrms,-0.0,4.18472906403941
7.657,9,sspls-v,-0.0,4.18472906403941
7.657,10,mcgs,0.0,4.044334975369458
7.657,10,pos,-0.0,4.044334975369458
7.657,10,sbps,-0.0,4.044334975369458
7.657,10,prculs-d,-0.0,4.044334975369458
7.657,10,prcus-p,0.0,4.044334975369458
7.657,10,prcus-i,-0.0,4.044334975369458
7.657,10,prcus-a,-0.0,4.044334975369458
7.657,10,ifrms,-0.0,4.044334975369458
7.657,10,sspls-v,-0.0,4.044334975369458
7.657,11,mcgs,0.0,4.18472906403941
7.657,11,pos,-0.0,4.18472906403941
7.657,11,sbps,-0.0,4.18472906403941
7.657,11,prculs-d,-0.0,4.18472906403941
7.657,11,prcus-p,0.0,4.18472906403941
7.657,11,prcus-i,-0.0,4.18472906403941
7.657,11,prcus-a,-0.0,4.18472906403941
7.657,11,ifrms,-0.0,4.18472906403941
7.657,11,sspls-v,-0.0,4.18472906403941
7.657,12,mcgs,0.0,4.219211822660099
7.657,12,pos,-0.0,4.219211822660099
7.657,12,sbps,-0.0,4.219211822660099
7.657,12,prculs-d,-0.0,4.219211822660099
7.657,12,prcus-p,0.0,4.219211822660099
7.657,12,prcus-i,-0.0,4.219211822660099
7.657,12,prcus-a,-0.0,4.219211822660099
7.657,12,ifrms,-0.0,4.219211822660099
7.657,12,sspls-v,-0.0,4.219211822660099
7.657,13,mcgs,0.0,3.9630541871921188
7.657,13,pos,-0.0,3.9630541871921188
7.657,13,sbps,-0.0,3.9630541871921188
7.657,13,prculs-d,-0.0,3.9630541871921188
7.657,13,prcus-p,0.0,3.9630541871921188
7.657,13,prcus-i,-0.0,3.9630541871921188
7.657,13,prcus-a,0.0,3.9630541871921188
7.657,13,ifrms,0.0,3.9630541871921188
7.657,13,sspls-v,-0.0,3.9630541871921188
7.657,14,mcgs,0.0,4.150246305418718
7.657,14,pos,-0.0,4.150246305418718
7.657,14,sbps,-0.0,4.150246305418718
7.657,14,prculs-d,-0.0,4.150246305418718
7.657,14,prcus-p,0.0,4.150246305418718
7.657,14,prcus-i,-0.0,4.150246305418718
7.657,14,prcus-a,-0.0,4.150246305418718
7.657,14,ifrms,-0.0,4.150246305418718
7.657,14,sspls-v,-0.0,4.150246305418718
7.657,15,mcgs,0.0,4.110837438423645
7.657,15,pos,-0.0,4.110837438423645
7.657,15,sbps,-0.0,4.110837438423645
7.657,15,prculs-d,-0.0,4.110837438423645
7.657,15,prcus-p,0.0,4.110837438423645
7.657,15,prcus-i,-0.0,4.110837438423645
7.657,15,prcus-a,-0.0,4.110837438423645
7.657,15,ifrms,-0.0,4.110837438423645
7.657,15,sspls-v,-0.0,4.110837438423645
7.657,16,mcgs,0.0,4.219211822660099
7.657,16,pos,-0.0,4.219211822660099
7.657,16,sbps,-0.0,4.219211822660099
7.657,16,prculs-d,-0.0,4.219211822660099
7.657,16,prcus-p,0.0,4.219211822660099
7.657,16,prcus-i,-0.0,4.219211822660099
7.657,16,prcus-a,-0.0,4.219211822660099
7.657,16,ifrms,-0.0,4.219211822660099
7.657,16,sspls-v,-0.0,4.219211822660099
7.657,17,mcgs,0.0,3.839901477832512
7.657,17,pos,-0.0,3.839901477832512
7.657,17,sbps,-0.0,3.839901477832512
7.657,17,prculs-d,-0.0,3.839901477832512
7.657,17,prcus-p,0.0,3.839901477832512
7.657,17,prcus-i,-0.0,3.839901477832512
7.657,17,prcus-a,-0.0,3.839901477832512
7.657,17,ifrms,-0.0,3.839901477832512
7.657,17,sspls-v,0.0,3.839901477832512
7.657,18,mcgs,0.0,4.219211822660099
7.657,18,pos,-0.0,4.219211822660099
7.657,18,sbps,-0.0,4.219211822660099
7.657,18,prculs-d,-0.0,4.219211822660099
7.657,18,prcus-p,0.0,4.219211822660099
7.657,18,prcus-i,-0.0,4.219211822660099
7.657,18,prcus-a,-0.0,4.219211822660099
7.657,18,ifrms,-0.0,4.219211822660099
7.657,18,sspls-v,-0.0,4.219211822660099
7.657,19,mcgs,0.0,4.0467980295566495
7.657,19,pos,-0.0,4.0467980295566495
7.657,19,sbps,-0.0,4.0467980295566495
7.657,19,prculs-d,-0.0,4.0467980295566495
7.657,19,prcus-p,0.0,4.0467980295566495
7.657,19,prcus-i,-0.0,4.0467980295566495
7.657,19,prcus-a,-0.0,4.0467980295566495
7.657,19,ifrms,-0.0,4.0467980295566495
7.657,19,sspls-v,-0.0,4.0467980295566495
7.657,20,mcgs,0.0,4.017241379310345
7.657,20,pos,-0.0,4.017241379310345
7.657,20,sbps,-0.0,4.017241379310345
7.657,20,prculs-d,-0.0,4.017241379310345
7.657,20,prcus-p,0.0,4.017241379310345
7.657,20,prcus-i,-0.0,4.017241379310345
7.657,20,prcus-a,-0.0,4.017241379310345
7.657,20,ifrms,-0.0,4.017241379310345
7.657,20,sspls-v,-0.0,4.017241379310345
7.657,21,mcgs,0.0,4.0467980295566495
7.657,21,pos,-0.0,4.0467980295566495
7.657,21,sbps,-0.0,4.0467980295566495
7.657,21,prculs-d,-0.0,4.0467980295566495
7.657,21,prcus-p,0.0,4.0467980295566495
7.657,21,prcus-i,-0.0,4.0467980295566495
7.657,21,prcus-a,-0.0,4.0467980295566495
7.657,21,ifrms,-0.0,4.0467980295566495
7.657,21,sspls-v,-0.0,4.0467980295566495
7.657,22,mcgs,0.0,4.18472906403941
7.657,22,pos,-0.0,4.18472906403941
7.657,22,sbps,-0.0,4.18472906403941
7.657,22,prculs-d,-0.0,4.18472906403941
7.657,22,prcus-p,0.0,4.18472906403941
7.657,22,prcus-i,-0.0,4.18472906403941
7.657,22,prcus-a,-0.0,4.18472906403941
7.657,22,ifrms,-0.0,4.18472906403941
7.657,22,sspls-v,-0.0,4.18472906403941
7.657,23,mcgs,0.0,4.219211822660099
7.657,23,pos,-0.0,4.219211822660099
7.657,23,sbps,-0.0,4.219211822660099
7.657,23,prculs-d,-0.0,4.219211822660099
7.657,23,prcus-p,0.0,4.219211822660099
7.657,23,prcus-i,-0.0,4.219211822660099
7.657,23,prcus-a,-0.0,4.219211822660099
7.657,23,ifrms,-0.0,4.219211822660099
7.657,23,sspls-v,-0.0,4.219211822660099
7.657,24,mcgs,0.0,4.115763546798029
7.657,24,pos,-0.0,4.115763546798029
7.657,24,sbps,-0.0,4.115763546798029
7.657,24,prculs-d,-0.0,4.115763546798029
7.657,24,prcus-p,0.0,4.115763546798029
7.657,24,prcus-i,-0.0,4.115763546798029
7.657,24,prcus-a,-0.0,4.115763546798029
7.657,24,ifrms,-0.0,4.115763546798029
7.657,24,sspls-v,0.0,4.115763546798029
7.657,25,mcgs,0.0,4.071428571428571
7.657,25,pos,-0.0,4.071428571428571
7.657,25,sbps,-0.0,4.071428571428571
7.657,25,prculs-d,-0.0,4.071428571428571
7.657,25,prcus-p,0.0,4.071428571428571
7.657,25,prcus-i,-0.0,4.071428571428571
7.657,25,prcus-a,-0.0,4.071428571428571
7.657,25,ifrms,-0.0,4.071428571428571
7.657,25,sspls-v,0.0,4.071428571428571
7.657,26,mcgs,0.0,3.908866995073892
7.657,26,pos,-0.0,3.908866995073892
7.657,26,sbps,-0.0,3.908866995073892
7.657,26,prculs-d,-0.0,3.908866995073892
7.657,26,prcus-p,0.0,3.908866995073892
7.657,26,prcus-i,-0.0,3.908866995073892
7.657,26,prcus-a,-0.0,3.908866995073892
7.657,26,ifrms,0.0,3.908866995073892
7.657,26,sspls-v,-0.0,3.908866995073892
7.657,27,mcgs,0.0,4.189655172413793
7.657,27,pos,-0.0,4.189655172413793
7.657,27,sbps,-0.0,4.189655172413793
7.657,27,prculs-d,-0.0,4.189655172413793
7.657,27,prcus-p,0.0,4.189655172413793
7.657,27,prcus-i,-0.0,4.189655172413793
7.657,27,prcus-a,-0.0,4.189655172413793
7.657,27,ifrms,-0.0,4.189655172413793
7.657,27,sspls-v,-0.0,4.189655172413793
7.657,28,mcgs,0.0,4.071428571428571
7.657,28,pos,-0.0,4.071428571428571
7.657,28,sbps,-0.0,4.071428571428571
7.657,28,prculs-d,-0.0,4.071428571428571
7.657,28,prcus-p,0.0,4.071428571428571
7.657,28,prcus-i,-0.0,4.071428571428571
7.657,28,prcus-a,-0.0,4.071428571428571
7.657,28,ifrms,0.0,4.071428571428571
7.657,28,sspls-v,0.0,4.071428571428571
7.657,29,mcgs,0.0,3.9433497536945823
7.657,29,pos,-0.0,3.9433497536945823
7.657,29,sbps,-0.0,3.9433497536945823
7.657,29,prculs-d,-0.0,3.9433497536945823
7.657,29,prcus-p,0.0,3.9433497536945823
7.657,29,prcus-i,-0.0,3.9433497536945823
7.657,29,prcus-a,-0.0,3.9433497536945823
7.657,29,ifrms,0.0,3.9433497536945823
7.657,29,sspls-v,0.0,3.9433497536945823
8.185,0,mcgs,0.0,4.071428571428571
8.185,0,pos,-0.0,4.071428571428571
8.185,0,sbps,-0.0,4.071428571428571
8.185,0,prculs-d,-0.0,4.071428571428571
8.185,0,prcus-p,0.0,4.071428571428571
8.185,0,prcus-i,-0.0,4.071428571428571
8.185,0,prcus-a,-0.0,4.071428571428571
8.185,0,ifrms,-0.0,4.071428571428571
8.185,0,sspls-v,-0.0,4.071428571428571
8.185,1,mcgs,0.0,4.110837438423645
8.185,1,pos,-0.0,4.110837438423645
8.185,1,sbps,-0.0,4.110837438423645
8.185,1,prculs-d,-0.0,4.110837438423645
8.185,1,prcus-p,0.0,4.110837438423645
8.185,1,prcus-i,-0.0,4.110837438423645
8.185,1,prcus-a,-0.0,4.110837438423645
8.185,1,ifrms,-0.0,4.110837438423645
8.185,1,sspls-v,0.0,4.110837438423645
8.185,2,mcgs,0.0,3.9630541871921188
8.185,2,pos,-0.0,3.9630541871921188
8.185,2,sbps,-0.0,3.9630541871921188
8.185,2,prculs-d,-0.0,3.9630541871921188
8.185,2,prcus-p,0.0,3.9630541871921188
8.185,2,prcus-i,-0.0,3.9630541871921188
8.185,2,prcus-a,-0.0,3.9630541871921188
8.185,2,ifrms,0.0,3.9630541871921188
8.185,2,sspls-v,-0.0,3.9630541871921188
8.185,3,mcgs,0.0,3.908866995073892
8.185,3,pos,-0.0,3.908866995073892
8.185,3,sbps,-0.0,3.908866995073892
8.185,3,prculs-d,-0.0,3.908866995073892
8.185,3,prcus-p,-0.0,3.908866995073892
8.185,3,prcus-i,-0.0,3.908866995073892
8.185,3,prcus-a,-0.0,3.908866995073892
8.185,3,ifrms,-0.0,3.908866995073892
8.185,3,sspls-v,-0.0,3.908866995073892
8.185,4,mcgs,0.0,4.071428571428571
8.185,4,pos,-0.0,4.071428571428571
8.185,4,sbps,-0.0,4.071428571428571
8.185,4,prculs-d,-0.0,4.071428571428571
8.185,4,prcus-p,0.0,4.071428571428571
8.185,4,prcus-i,-0.0,4.071428571428571
8.185,4,prcus-a,-0.0,4.071428571428571
8.185,4,ifrms,-0.0,4.071428571428571
8.185,4,sspls-v,-0.0,4.071428571428571
8.185,5,mcgs,0.0,4.08128078817734
8.185,5,pos,-0.0,4.08128078817734
8.185,5,sbps,-0.0,4.08128078817734
8.185,5,prculs-d,-0.0,4.08128078817734
8.185,5,prcus-p,0.0,4.08128078817734
8.185,5,prcus-i,-0.0,4.08128078817734
8.185,5,prcus-a,-0.0,4.08128078817734
8.185,5,ifrms,-0.0,4.08128078817734
8.185,5,sspls-v,0.0,4.08128078817734
8.185,6,mcgs,0.0,3.9901477832512313
8.185,6,pos,-0.0,3.9901477832512313
8.185,6,sbps,-0.0,3.9901477832512313
8.185,6,prculs-d,-0.0,3.9901477832512313
8.185,6,prcus-p,0.0,3.9901477832512313
8.185,6,prcus-i,-0.0,3.9901477832512313
8.185,6,prcus-a,-0.0,3.9901477832512313
8.185,6,ifrms,-0.0,3.9901477832512313
8.185,6,sspls-v,0.0,3.9901477832512313
8.185,7,mcgs,0.0,4.219211822660099
8.185,7,pos,-0.0,4.219211822660099
8.185,7,sbps,-0.0,4.219211822660099
8.185,7,prculs-d,-0.0,4.219211822660099
8.185,7,prcus-p,0.0,4.219211822660099
8.185,7,prcus-i,-0.0,4.219211822660099
8.185,7,prcus-a,-0.0,4.219211822660099
8.185,7,ifrms,-0.0,4.219211822660099
8.185,7,sspls-v,-0.0,4.219211822660099
8.185,8,mcgs,0.0,4.150246305418718
8.185,8,pos,-0.0,4.150246305418718
8.185,8,sbps,-0.0,4.150246305418718
8.185,8,prculs-d,-0.0,4.150246305418718
8.185,8,prcus-p,0.0,4.150246305418718
8.185,8,prcus-i,-0.0,4.150246305418718
8.185,8,prcus-a,-0.0,4.150246305418718
8.185,8,ifrms,-0.0,4.150246305418718
8.185,8,sspls-v,-0.0,4.150246305418718
8.185,9,mcgs,0.0,4.18472906403941
8.185,9,pos,-0.0,4.18472906403941
8.185,9,sbps,-0.0,4.18472906403941
8.185,9,prculs-d,-0.0,4.18472906403941
8.185,9,prcus-p,0.0,4.18472906403941
8.185,9,prcus-i,-0.0,4.18472906403941
8.185,9,prcus-a,-0.0,4.18472906403941
8.185,9,ifrms,-0.0,4.18472906403941
8.185,9,sspls-v,-0.0,4.18472906403941
8.185,10,mcgs,0.0,4.044334975369458
8.185,10,pos,-0.0,4.044334975369458
8.185,10,sbps,-0.0,4.044334975369458
8.185,10,prculs-d,-0.0,4.044334975369458
8.185,10,prcus-p,0.0,4.044334975369458
8.185,10,prcus-i,-0.0,4.044334975369458
8.185,10,prcus-a,-0.0,4.044334975369458
8.185,10,ifrms,-0.0,4.044334975369458
8.185,10,sspls-v,-0.0,4.044334975369458
8.185,11,mcgs,0.0,4.18472906403941
8.185,11,pos,-0.0,4.18472906403941
8.185,11,sbps,-0.0,4.18472906403941
8.185,11,prculs-d,-0.0,4.18472906403941
8.185,11,prcus-p,0.0,4.18472906403941
8.185,11,prcus-i,-0.0,4.18472906403941
8.185,11,prcus-a,-0.0,4.18472906403941
8.185,11,ifrms,-0.0,4.18472906403941
8.185,11,sspls-v,-0.0,4.18472906403941
8.185,12,mcgs,0.0,4.219211822660099
8.185,12,pos,-0.0,4.219211822660099
8.185,12,sbps,-0.0,4.219211822660099
8.185,12,prculs-d,-0.0,4.219211822660099
8.185,12,prcus-p,0.0,4.219211822660099
8.185,12,prcus-i,-0.0,4.219211822660099
8.185,12,prcus-a,-0.0,4.219211822660099
8.185,12,ifrms,-0.0,4.219211822660099
8.185,12,sspls-v,-0.0,4.219211822660099
8.185,13,mcgs,0.0,3.9630541871921188
8.185,13,pos,-0.0,3.9630541871921188
8.185,13,sbps,-0.0,3.9630541871921188
8.185,13,prculs-d,-0.0,3.9630541871921188
8.185,13,prcus-p,0.0,3.9630541871921188
8.185,13,prcus-i,-0.0,3.9630541871921188
8.185,13,prcus-a,0.0,3.9630541871921188
8.185,13,ifrms,0.0,3.9630541871921188
8.185,13,sspls-v,-0.0,3.9630541871921188
8.185,14,mcgs,0.0,4.150246305418718
8.185,14,pos,-0.0,4.150246305418718
8.185,14,sbps,-0.0,4.150246305418718
8.185,14,prculs-d,-0.0,4.150246305418718
8.185,14,prcus-p,0.0,4.150246305418718
8.185,14,prcus-i,-0.0,4.150246305418718
8.185,14,prcus-a,-0.0,4.150246305418718
8.185,14,ifrms,-0.0,4.150246305418718
8.185,14,sspls-v,-0.0,4.150246305418718
8.185,15,mcgs,0.0,4.110837438423645
8.185,15,pos,-0.0,4.110837438423645
8.185,15,sbps,-0.0,4.110837438423645
8.185,15,prculs-d,-0.0,4.110837438423645
8.185,15,prcus-p,0.0,4.110837438423645
8.185,15,prcus-i,-0.0,4.110837438423645
8.185,15,prcus-a,-0.0,4.110837438423645
8.185,15,ifrms,-0.0,4.110837438423645
8.185,15,sspls-v,-0.0,4.110837438423645
8.185,16,mcgs,0.0,4.219211822660099
8.185,16,pos,-0.0,4.219211822660099
8.185,16,sbps,-0.0,4.219211822660099
8.185,16,prculs-d,-0.0,4.219211822660099
8.185,16,prcus-p,0.0,4.219211822660099
8.185,16,prcus-i,-0.0,4.219211822660099
8.185,16,prcus-a,-0.0,4.219211822660099
8.185,16,ifrms,-0.0,4.219211822660099
8.185,16,sspls-v,-0.0,4.219211822660099
8.185,17,mcgs,0.0,3.839901477832512
8.185,17,pos,-0.0,3.839901477832512
8.185,17,sbps,-0.0,3.839901477832512
8.185,17,prculs-d,-0.0,3.839901477832512
8.185,17,prcus-p,0.0,3.839901477832512
8.185,17,prcus-i,-0.0,3.839901477832512
8.185,17,prcus-a,-0.0,3.839901477832512
8.185,17,ifrms,-0.0,3.839901477832512
8.185,17,sspls-v,0.0,3.839901477832512
8.185,18,mcgs,0.0,4.219211822660099
8.185,18,pos,-0.0,4.219211822660099
8.185,18,sbps,-0.0,4.219211822660099
8.185,18,prculs-d,-0.0,4.219211822660099
8.185,18,prcus-p,0.0,4.219211822660099
8.185,18,prcus-i,-0.0,4.219211822660099
8.185,18,prcus-a,-0.0,4.219211822660099
8.185,18,ifrms,-0.0,4.219211822660099
8.185,18,sspls-v,-0.0,4.219211822660099
8.185,19,mcgs,0.0,4.0467980295566495
8.185,19,pos,-0.0,4.0467980295566495
8.185,19,sbps,-0.0,4.0467980295566495
8.185,19,prculs-d,-0.0,4.0467980295566495
8.185,19,prcus-p,0.0,4.0467980295566495
8.185,19,prcus-i,-0.0,4.0467980295566495
8.185,19,prcus-a,-0.0,4.0467980295566495
8.185,19,ifrms,-0.0,4.0467980295566495
8.185,19,sspls-v,-0.0,4.0467980295566495
8.185,20,mcgs,0.0,4.017241379310345
8.185,20,pos,-0.0,4.017241379310345
8.185,20,sbps,-0.0,4.017241379310345
8.185,20,prculs-d,-0.0,4.017241379310345
8.185,20,prcus-p,0.0,4.017241379310345
8.185,20,prcus-i,-0.0,4.017241379310345
8.185,20,prcus-a,-0.0,4.017241379310345
8.185,20,ifrms,-0.0,4.017241379310345
8.185,20,sspls-v,-0.0,4.017241379310345
8.185,21,mcgs,0.0,4.0467980295566495
8.185,21,pos,-0.0,4.0467980295566495
8.185,21,sbps,-0.0,4.0467980295566495
8.185,21,prculs-d,-0.0,4.0467980295566495
8.185,21,prcus-p,0.0,4.0467980295566495
8.185,21,prcus-i,-0.0,4.0467980295566495
8.185,21,prcus-a,-0.0,4.0467980295566495
8.185,21,ifrms,-0.0,4.0467980295566495
8.185,21,sspls-v,-0.0,4.0467980295566495
8.185,22,mcgs,0.0,4.18472906403941
8.185,22,pos,-0.0,4.18472906403941
8.185,22,sbps,-0.0,4.18472906403941
8.185,22,prculs-d,-0.0,4.18472906403941
8.185,22,prcus-p,0.0,4.18472906403941
8.185,22,prcus-i,-0.0,4.18472906403941
8.185,22,prcus-a,-0.0,4.18472906403941
8.185,22,ifrms,-0.0,4.18472906403941
8.185,22,sspls-v,-0.0,4.18472906403941
8.185,23,mcgs,0.0,4.219211822660099
8.185,23,pos,-0.0,4.219211822660099
8.185,23,sbps,-0.0,4.219211822660099
8.185,23,prculs-d,-0.0,4.219211822660099
8.185,23,prcus-p,0.0,4.219211822660099
8.185,23,prcus-i,-0.0,4.219211822660099
8.185,23,prcus-a,-0.0,4.219211822660099
8.185,23,ifrms,-0.0,4.219211822660099
8.185,23,sspls-v,-0.0,4.219211822660099
8.185,24,mcgs,0.0,4.115763546798029
8.185,24,pos,-0.0,4.115763546798029
8.185,24,sbps,-0.0,4.115763546798029
8.185,24,prculs-d,-0.0,4.115763546798029
8.185,24,prcus-p,0.0,4.115763546798029
8.185,24,prcus-i,-0.0,4.115763546798029
8.185,24,prcus-a,-0.0,4.115763546798029
8.185,24,ifrms,-0.0,4.115763546798029
8.185,24,sspls-v,0.0,4.115763546798029
8.185,25,mcgs,0.0,4.071428571428571
8.185,25,pos,-0.0,4.071428571428571
8.185,25,sbps,-0.0,4.071428571428571
8.185,25,prculs-d,-0.0,4.071428571428571
8.185,25,prcus-p,0.0,4.071428571428571
8.185,25,prcus-i,-0.0,4.071428571428571
8.185,25,prcus-a,-0.0,4.071428571428571
8.185,25,ifrms,-0.0,4.071428571428571
8.185,25,sspls-v,0.0,4.071428571428571
8.185,26,mcgs,0.0,3.908866995073892
8.185,26,pos,-0.0,3.908866995073892
8.185,26,sbps,-0.0,3.908866995073892
8.185,26,prculs-d,-0.0,3.908866995073892
8.185,26,prcus-p,0.0,3.908866995073892
8.185,26,prcus-i,-0.0,3.908866995073892
8.185,26,prcus-a,-0.0,3.908866995073892
8.185,26,ifrms,0.0,3.908866995073892
8.185,26,sspls-v,-0.0,3.908866995073892
8.185,27,mcgs,0.0,4.189655172413793
8.185,27,pos,-0.0,4.189655172413793
8.185,27,sbps,-0.0,4.189655172413793
8.185,27,prculs-d,-0.0,4.189655172413793
8.185,27,prcus-p,0.0,4.189655172413793
8.185,27,prcus-i,-0.0,4.189655172413793
8.185,27,prcus-a,-0.0,4.189655172413793
8.185,27,ifrms,-0.0,4.189655172413793
8.185,27,sspls-v,-0.0,4.189655172413793
8.185,28,mcgs,0.0,4.071428571428571
8.185,28,pos,-0.0,4.071428571428571
8.185,28,sbps,-0.0,4.071428571428571
8.185,28,prculs-d,-0.0,4.071428571428571
8.185,28,prcus-p,0.0,4.071428571428571
8.185,28,prcus-i,-0.0,4.071428571428571
8.185,28,prcus-a,-0.0,4.071428571428571
8.185,28,ifrms,0.0,4.071428571428571
8.185,28,sspls-v,0.0,4.071428571428571
8.185,29,mcgs,0.0,3.9433497536945823
8.185,29,pos,-0.0,3.9433497536945823
8.185,29,sbps,-0.0,3.9433497536945823
8.185,29,prculs-d,-0.0,3.9433497536945823
8.185,29,prcus-p,0.0,3.9433497536945823
8.185,29,prcus-i,-0.0,3.9433497536945823
8.185,29,prcus-a,-0.0,3.9433497536945823
8.185,29,ifrms,0.0,3.9433497536945823
8.185,29,sspls-v,0.0,3.9433497536945823
8.75,0,mcgs,0.0,4.071428571428571
8.75,0,pos,-0.0,4.071428571428571
8.75,0,sbps,-0.0,4.071428571428571
8.75,0,prculs-d,-0.0,4.071428571428571
8.75,0,prcus-p,0.0,4.071428571428571
8.75,0,prcus-i,-0.0,4.071428571428571
8.75,0,prcus-a,-0.0,4.071428571428571
8.75,0,ifrms,-0.0,4.071428571428571
8.75,0,sspls-v,-0.0,4.071428571428571
8.75,1,mcgs,0.0,4.110837438423645
8.75,1,pos,-0.0,4.110837438423645
8.75,1,sbps,-0.0,4.110837438423645
8.75,1,prculs-d,-0.0,4.110837438423645
8.75,1,prcus-p,0.0,4.110837438423645
8.75,1,prcus-i,-0.0,4.110837438423645
8.75,1,prcus-a,-0.0,4.110837438423645
8.75,1,ifrms,-0.0,4.110837438423645
8.75,1,sspls-v,0.0,4.110837438423645
8.75,2,mcgs,0.0,3.9630541871921188
8.75,2,pos,-0.0,3.9630541871921188
8.75,2,sbps,-0.0,3.9630541871921188
8.75,2,prculs-d,-0.0,3.9630541871921188
8.75,2,prcus-p,0.0,3.9630541871921188
8.75,2,prcus-i,-0.0,3.9630541871921188
8.75,2,prcus-a,-0.0,3.9630541871921188
8.75,2,ifrms,0.0,3.9630541871921188
8.75,2,sspls-v,-0.0,3.9630541871921188
8.75,3,mcgs,0.0,3.908866995073892
8.75,3,pos,-0.0,3.908866995073892
8.75,3,sbps,-0.0,3.908866995073892
8.75,3,prculs-d,-0.0,3.908866995073892
8.75,3,prcus-p,-0.0,3.908866995073892
8.75,3,prcus-i,-0.0,3.908866995073892
8.75,3,prcus-a,-0.0,3.908866995073892
8.75,3,ifrms,-0.0,3.908866995073892
8.75,3,sspls-v,-0.0,3.908866995073892
8.75,4,mcgs,0.0,4.071428571428571
8.75,4,pos,-0.0,4.071428571428571
8.75,4,sbps,-0.0,4.071428571428571
8.75,4,prculs-d,-0.0,4.071428571428571
8.75,4,prcus-p,0.0,4.071428571428571
8.75,4,prcus-i,-0.0,4.071428571428571
8.75,4,prcus-a,-0.0,4.071428571428571
8.75,4,ifrms,-0.0,4.071428571428571
8.75,4,sspls-v,-0.0,4.071428571428571
8.75,5,mcgs,0.0,4.08128078817734
8.75,5,pos,-0.0,4.08128078817734
8.75,5,sbps,-0.0,4.08128078817734
8.75,5,prculs-d,-0.0,4.08128078817734
8.75,5,prcus-p,0.0,4.08128078817734
8.75,5,prcus-i,-0.0,4.08128078817734
8.75,5,prcus-a,-0.0,4.08128078817734
8.75,5,ifrms,-0.0,4.08128078817734
8.75,5,sspls-v,0.0,4.08128078817734
8.75,6,mcgs,0.0,3.9901477832512313
8.75,6,pos,-0.0,3.9901477832512313
8.75,6,sbps,-0.0,3.9901477832512313
8.75,6,prculs-d,-0.0,3.9901477832512313
8.75,6,prcus-p,0.0,3.9901477832512313
8.75,6,prcus-i,-0.0,3.9901477832512313
8.75,6,prcus-a,-0.0,3.9901477832512313
8.75,6,ifrms,-0.0,3.9901477832512313
8.75,6,sspls-v,0.0,3.9901477832512313
8.75,7,mcgs,0.0,4.219211822660099
8.75,7,pos,-0.0,4.219211822660099
8.75,7,sbps,-0.0,4.219211822660099
8.75,7,prculs-d,-0.0,4.219211822660099
8.75,7,prcus-p,0.0,4.219211822660099
8.75,7,prcus-i,-0.0,4.219211822660099
8.75,7,prcus-a,-0.0,4.219211822660099
8.75,7,ifrms,-0.0,4.219211822660099
8.75,7,sspls-v,-0.0,4.219211822660099
8.75,8,mcgs,0.0,4.150246305418718
8.75,8,pos,-0.0,4.150246305418718
8.75,8,sbps,-0.0,4.150246305418718
8.75,8,prculs-d,-0.0,4.150246305418718
8.75,8,prcus-p,0.0,4.150246305418718
8.75,8,prcus-i,-0.0,4.150246305418718
8.75,8,prcus-a,-0.0,4.150246305418718
8.75,8,ifrms,-0.0,4.150246305418718
8.75,8,sspls-v,-0.0,4.150246305418718
8.75,9,mcgs,0.0,4.18472906403941
8.75,9,pos,-0.0,4.18472906403941
8.75,9,sbps,-0.0,4.18472906403941
8.75,9,prculs-d,-0.0,4.18472906403941
8.75,9,prcus-p,0.0,4.18472906403941
8.75,9,prcus-i,-0.0,4.18472906403941
8.75,9,prcus-a,-0.0,4.18472906403941
8.75,9,ifrms,-0.0,4.18472906403941
8.75,9,sspls-v,-0.0,4.18472906403941
8.75,10,mcgs,0.0,4.044334975369458
8.75,10,pos,-0.0,4.044334975369458
8.75,10,sbps,-0.0,4.044334975369458
8.75,10,prculs-d,-0.0,4.044334975369458
8.75,10,prcus-p,0.0,4.044334975369458
8.75,10,prcus-i,-0.0,4.044334975369458
8.75,10,prcus-a,-0.0,4.044334975369458
8.75,10,ifrms,-0.0,4.044334975369458
8.75,10,sspls-v,-0.0,4.044334975369458
8.75,11,mcgs,0.0,4.18472906403941
8.75,11,pos,-0.0,4.18472906403941
8.75,11,sbps,-0.0,4.18472906403941
8.75,11,prculs-d,-0.0,4.18472906403941
8.75,11,prcus-p,0.0,4.18472906403941
8.75,11,prcus-i,-0.0,4.18472906403941
8.75,11,prcus-a,-0.0,4.18472906403941
8.75,11,ifrms,-0.0,4.18472906403941
8.75,11,sspls-v,-0.0,4.18472906403941
8.75,12,mcgs,0.0,4.219211822660099
8.75,12,pos,-0.0,4.219211822660099
8.75,12,sbps,-0.0,4.219211822660099
8.75,12,prculs-d,-0.0,4.219211822660099
8.75,12,prcus-p,0.0,4.219211822660099
8.75,12,prcus-i,-0.0,4.219211822660099
8.75,12,prcus-a,-0.0,4.219211822660099
8.75,12,ifrms,-0.0,4.219211822660099
8.75,12,sspls-v,-0.0,4.219211822660099
8.75,13,mcgs,0.0,3.9630541871921188
8.75,13,pos,-0.0,3.9630541871921188
8.75,13,sbps,-0.0,3.9630541871921188
8.75,13,prculs-d,-0.0,3.9630541871921188
8.75,13,prcus-p,0.0,3.9630541871921188
8.75,13,prcus-i,-0.0,3.9630541871921188
8.75,13,prcus-a,0.0,3.9630541871921188
8.75,13,ifrms,0.0,3.9630541871921188
8.75,13,sspls-v,-0.0,3.9630541871921188
8.75,14,mcgs,0.0,4.150246305418718
8.75,14,pos,-0.0,4.150246305418718
8.75,14,sbps,-0.0,4.150246305418718
8.75,14,prculs-d,-0.0,4.150246305418718
8.75,14,prcus-p,0.0,4.150246305418718
8.75,14,prcus-i,-0.0,4.150246305418718
8.75,14,prcus-a,-0.0,4.150246305418718
8.75,14,ifrms,-0.0,4.150246305418718
8.75,14,sspls-v,-0.0,4.150246305418718
8.75,15,mcgs,0.0,4.110837438423645
8.75,15,pos,-0.0,4.110837438423645
8.75,15,sbps,-0.0,4.110837438423645
8.75,15,prculs-d,-0.0,4.110837438423645
8.75,15,prcus-p,0.0,4.110837438423645
8.75,15,prcus-i,-0.0,4.110837438423645
8.75,15,prcus-a,-0.0,4.110837438423645
8.75,15,ifrms,-0.0,4.110837438423645
8.75,15,sspls-v,-0.0,4.110837438423645
8.75,16,mcgs,0.0,4.219211822660099
8.75,16,pos,-0.0,4.219211822660099
8.75,16,sbps,-0.0,4.219211822660099
8.75,16,prculs-d,-0.0,4.219211822660099
8.75,16,prcus-p,0.0,4.219211822660099
8.75,16,prcus-i,-0.0,4.219211822660099
8.75,16,prcus-a,-0.0,4.219211822660099
8.75,16,ifrms,-0.0,4.219211822660099
8.75,16,sspls-v,-0.0,4.219211822660099
8.75,17,mcgs,0.0,3.839901477832512
8.75,17,pos,-0.0,3.839901477832512
8.75,17,sbps,-0.0,3.839901477832512
8.75,17,prculs-d,-0.0,3.839901477832512
8.75,17,prcus-p,0.0,3.839901477832512
8.75,17,prcus-i,-0.0,3.839901477832512
8.75,17,prcus-a,-0.0,3.839901477832512
8.75,17,ifrms,-0.0,3.839901477832512
8.75,17,sspls-v,0.0,3.839901477832512
8.75,18,mcgs,0.0,4.219211822660099
8.75,18,pos,-0.0,4.219211822660099
8.75,18,sbps,-0.0,4.219211822660099
8.75,18,prculs-d,-0.0,4.219211822660099
8.75,18,prcus-p,0.0,4.219211822660099
8.75,18,prcus-i,-0.0,4.219211822660099
8.75,18,prcus-a,-0.0,4.219211822660099
8.75,18,ifrms,-0.0,4.219211822660099
8.75,18,sspls-v,-0.0,4.219211822660099
8.75,19,mcgs,0.0,4.0467980295566495
8.75,19,pos,-0.0,4.0467980295566495
8.75,19,sbps,-0.0,4.0467980295566495
8.75,19,prculs-d,-0.0,4.0467980295566495
8.75,19,prcus-p,0.0,4.0467980295566495
8.75,19,prcus-i,-0.0,4.0467980295566495
8.75,19,prcus-a,-0.0,4.0467980295566495
8.75,19,ifrms,-0.0,4.0467980295566495
8.75,19,sspls-v,-0.0,4.0467980295566495
8.75,20,mcgs,0.0,4.017241379310345
8.75,20,pos,-0.0,4.017241379310345
8.75,20,sbps,-0.0,4.017241379310345
8.75,20,prculs-d,-0.0,4.017241379310345
8.75,20,prcus-p,0.0,4.017241379310345
8.75,20,prcus-i,-0.0,4.017241379310345
8.75,20,prcus-a,-0.0,4.017241379310345
8.75,20,ifrms,-0.0,4.017241379310345
8.75,20,sspls-v,-0.0,4.017241379310345
8.75,21,mcgs,0.0,4.0467980295566495
8.75,21,pos,-0.0,4.0467980295566495
8.75,21,sbps,-0.0,4.0467980295566495
8.75,21,prculs-d,-0.0,4.0467980295566495
8.75,21,prcus-p,0.0,4.0467980295566495
8.75,21,prcus-i,-0.0,4.0467980295566495
8.75,21,prcus-a,-0.0,4.0467980295566495
8.75,21,ifrms,-0.0,4.0467980295566495
8.75,21,sspls-v,-0.0,4.0467980295566495
8.75,22,mcgs,0.0,4.18472906403941
8.75,22,pos,-0.0,4.18472906403941
8.75,22,sbps,-0.0,4.18472906403941
8.75,22,prculs-d,-0.0,4.18472906403941
8.75,22,prcus-p,0.0,4.18472906403941
8.75,22,prcus-i,-0.0,4.18472906403941
8.75,22,prcus-a,-0.0,4.18472906403941
8.75,22,ifrms,-0.0,4.18472906403941
8.75,22,sspls-v,-0.0,4.18472906403941
8.75,23,mcgs,0.0,4.219211822660099
8.75,23,pos,-0.0,4.219211822660099
8.75,23,sbps,-0.0,4.219211822660099
8.75,23,prculs-d,-0.0,4.219211822660099
8.75,23,prcus-p,0.0,4.219211822660099
8.75,23,prcus-i,-0.0,4.219211822660099
8.75,23,prcus-a,-0.0,4.219211822660099
8.75,23,ifrms,-0.0,4.219211822660099
8.75,23,sspls-v,-0.0,4.219211822660099
8.75,24,mcgs,0.0,4.115763546798029
8.75,24,pos,-0.0,4.115763546798029
8.75,24,sbps,-0.0,4.115763546798029
8.75,24,prculs-d,-0.0,4.115763546798029
8.75,24,prcus-p,0.0,4.115763546798029
8.75,24,prcus-i,-0.0,4.115763546798029
8.75,24,prcus-a,-0.0,4.115763546798029
8.75,24,ifrms,-0.0,4.115763546798029
8.75,24,sspls-v,0.0,4.115763546798029
8.75,25,mcgs,0.0,4.071428571428571
8.75,25,pos,-0.0,4.071428571428571
8.75,25,sbps,-0.0,4.071428571428571
8.75,25,prculs-d,-0.0,4.071428571428571
8.75,25,prcus-p,0.0,4.071428571428571
8.75,25,prcus-i,-0.0,4.071428571428571
8.75,25,prcus-a,-0.0,4.071428571428571
8.75,25,ifrms,-0.0,4.071428571428571
8.75,25,sspls-v,0.0,4.071428571428571
8.75,26,mcgs,0.0,3.908866995073892
8.75,26,pos,-0.0,3.908866995073892
8.75,26,sbps,-0.0,3.908866995073892
8.75,26,prculs-d,-0.0,3.908866995073892
8.75,26,prcus-p,0.0,3.908866995073892
8.75,26,prcus-i,-0.0,3.908866995073892
8.75,26,prcus-a,-0.0,3.908866995073892
8.75,26,ifrms,0.0,3.908866995073892
8.75,26,sspls-v,-0.0,3.908866995073892
8.75,27,mcgs,0.0,4.189655172413793
8.75,27,pos,-0.0,4.189655172413793
8.75,27,sbps,-0.0,4.189655172413793
8.75,27,prculs-d,-0.0,4.189655172413793
8.75,27,prcus-p,0.0,4.189655172413793
8.75,27,prcus-i,-0.0,4.189655172413793
8.75,27,prcus-a,-0.0,4.189655172413793
8.75,27,ifrms,-0.0,4.189655172413793
8.75,27,sspls-v,-0.0,4.189655172413793
8.75,28,mcgs,0.0,4.071428571428571
8.75,28,pos,-0.0,4.071428571428571
8.75,28,sbps,-0.0,4.071428571428571
8.75,28,prculs-d,-0.0,4.071428571428571
8.75,28,prcus-p,0.0,4.071428571428571
8.75,28,prcus-i,-0.0,4.071428571428571
8.75,28,prcus-a,-0.0,4.071428571428571
8.75,28,ifrms,0.0,4.071428571428571
8.75,28,sspls-v,0.0,4.071428571428571
8.75,29,mcgs,0.0,3.9433497536945823
8.75,29,pos,-0.0,3.9433497536945823
8.75,29,sbps,-0.0,3.9433497536945823
8.75,29,prculs-d,-0.0,3.9433497536945823
8.75,29,prcus-p,0.0,3.9433497536945823
8.75,29,prcus-i,-0.0,3.9433497536945823
8.75,29,prcus-a,-0.0,3.9433497536945823
8.75,29,ifrms,0.0,3.9433497536945823
8.75,29,sspls-v,0.0,3.9433497536945823
9.354,0,mcgs,0.0,4.071428571428571
9.354,0,pos,-0.0,4.071428571428571
9.354,0,sbps,-0.0,4.071428571428571
9.354,0,prculs-d,-0.0,4.071428571428571
9.354,0,prcus-p,0.0,4.071428571428571
9.354,0,prcus-i,-0.0,4.071428571428571
9.354,0,prcus-a,-0.0,4.071428571428571
9.354,0,ifrms,-0.0,4.071428571428571
9.354,0,sspls-v,-0.0,4.071428571428571
9.354,1,mcgs,0.0,4.110837438423645
9.354,1,pos,-0.0,4.110837438423645
9.354,1,sbps,-0.0,4.110837438423645
9.354,1,prculs-d,-0.0,4.110837438423645
9.354,1,prcus-p,0.0,4.110837438423645
9.354,1,prcus-i,-0.0,4.110837438423645
9.354,1,prcus-a,-0.0,4.110837438423645
9.354,1,ifrms,-0.0,4.110837438423645
9.354,1,sspls-v,0.0,4.110837438423645
9.354,2,mcgs,0.0,3.9630541871921188
9.354,2,pos,-0.0,3.9630541871921188
9.354,2,sbps,-0.0,3.9630541871921188
9.354,2,prculs-d,-0.0,3.9630541871921188
9.354,2,prcus-p,0.0,3.9630541871921188
9.354,2,prcus-i,-0.0,3.9630541871921188
9.354,2,prcus-a,-0.0,3.9630541871921188
9.354,2,ifrms,0.0,3.9630541871921188
9.354,2,sspls-v,-0.0,3.9630541871921188
9.354,3,mcgs,0.0,3.908866995073892
9.354,3,pos,-0.0,3.908866995073892
9.354,3,sbps,-0.0,3.908866995073892
9.354,3,prculs-d,-0.0,3.908866995073892
9.354,3,prcus-p,-0.0,3.908866995073892
9.354,3,prcus-i,-0.0,3.908866995073892
9.354,3,prcus-a,-0.0,3.908866995073892
9.354,3,ifrms,-0.0,3.908866995073892
9.354,3,sspls-v,-0.0,3.908866995073892
9.354,4,mcgs,0.0,4.071428571428571
9.354,4,pos,-0.0,4.071428571428571
9.354,4,sbps,-0.0,4.071428571428571
9.354,4,prculs-d,-0.0,4.071428571428571
9.354,4,prcus-p,0.0,4.071428571428571
9.354,4,prcus-i,-0.0,4.071428571428571
9.354,4,prcus-a,-0.0,4.071428571428571
9.354,4,ifrms,-0.0,4.071428571428571
9.354,4,sspls-v,-0.0,4.071428571428571
9.354,5,mcgs,0.0,4.08128078817734
9.354,5,pos,-0.0,4.08128078817734
9.354,5,sbps,-0.0,4.08128078817734
9.354,5,prculs-d,-0.0,4.08128078817734
9.354,5,prcus-p,0.0,4.08128078817734
9.354,5,prcus-i,-0.0,4.08128078817734
9.354,5,prcus-a,-0.0,4.08128078817734
9.354,5,ifrms,-0.0,4.08128078817734
9.354,5,sspls-v,0.0,4.08128078817734
9.354,6,mcgs,0.0,3.9901477832512313
9.354,6,pos,-0.0,3.9901477832512313
9.354,6,sbps,-0.0,3.9901477832512313
9.354,6,prculs-d,-0.0,3.9901477832512313
9.354,6,prcus-p,0.0,3.9901477832512313
9.354,6,prcus-i,-0.0,3.9901477832512313
9.354,6,prcus-a,-0.0,3.9901477832512313
9.354,6,ifrms,-0.0,3.9901477832512313
9.354,6,sspls-v,0.0,3.9901477832512313
9.354,7,mcgs,0.0,4.219211822660099
9.354,7,pos,-0.0,4.219211822660099
9.354,7,sbps,-0.0,4.219211822660099
9.354,7,prculs-d,-0.0,4.219211822660099
9.354,7,prcus-p,0.0,4.219211822660099
9.354,7,prcus-i,-0.0,4.219211822660099
9.354,7,prcus-a,-0.0,4.219211822660099
9.354,7,ifrms,-0.0,4.219211822660099
9.354,7,sspls-v,-0.0,4.219211822660099
9.354,8,mcgs,0.0,4.150246305418718
9.354,8,pos,-0.0,4.150246305418718
9.354,8,sbps,-0.0,4.150246305418718
9.354,8,prculs-d,-0.0,4.150246305418718
9.354,8,prcus-p,0.0,4.150246305418718
9.354,8,prcus-i,-0.0,4.150246305418718
9.354,8,prcus-a,-0.0,4.150246305418718
9.354,8,ifrms,-0.0,4.150246305418718
9.354,8,sspls-v,-0.0,4.150246305418718
9.354,9,mcgs,0.0,4.18472906403941
9.354,9,pos,-0.0,4.18472906403941
9.354,9,sbps,-0.0,4.18472906403941
9.354,9,prculs-d,-0.0,4.18472906403941
9.354,9,prcus-p,0.0,4.18472906403941
9.354,9,prcus-i,-0.0,4.18472906403941
9.354,9,prcus-a,-0.0,4.18472906403941
9.354,9,ifrms,-0.0,4.18472906403941
9.354,9,sspls-v,-0.0,4.18472906403941
9.354,10,mcgs,0.0,4.044334975369458
9.354,10,pos,-0.0,4.044334975369458
9.354,10,sbps,-0.0,4.044334975369458
9.354,10,prculs-d,-0.0,4.044334975369458
9.354,10,prcus-p,0.0,4.044334975369458
9.354,10,prcus-i,-0.0,4.044334975369458
9.354,10,prcus-a,-0.0,4.044334975369458
9.354,10,ifrms,-0.0,4.044334975369458
9.354,10,sspls-v,-0.0,4.044334975369458
9.354,11,mcgs,0.0,4.18472906403941
9.354,11,pos,-0.0,4.18472906403941
9.354,11,sbps,-0.0,4.18472906403941
9.354,11,prculs-d,-0.0,4.18472906403941
9.354,11,prcus-p,0.0,4.18472906403941
9.354,11,prcus-i,-0.0,4.18472906403941
9.354,11,prcus-a,-0.0,4.18472906403941
9.354,11,ifrms,-0.0,4.18472906403941
9.354,11,sspls-v,-0.0,4.18472906403941
9.354,12,mcgs,0.0,4.219211822660099
9.354,12,pos,-0.0,4.219211822660099
9.354,12,sbps,-0.0,4.219211822660099
9.354,12,prculs-d,-0.0,4.219211822660099
9.354,12,prcus-p,0.0,4.219211822660099
9.354,12,prcus-i,-0.0,4.219211822660099
9.354,12,prcus-a,-0.0,4.219211822660099
9.354,12,ifrms,-0.0,4.219211822660099
9.354,12,sspls-v,-0.0,4.219211822660099
9.354,13,mcgs,0.0,3.9630541871921188
9.354,13,pos,-0.0,3.9630541871921188
9.354,13,sbps,-0.0,3.9630541871921188
9.354,13,prculs-d,-0.0,3.9630541871921188
9.354,13,prcus-p,0.0,3.9630541871921188
9.354,13,prcus-i,-0.0,3.9630541871921188
9.354,13,prcus-a,0.0,3.9630541871921188
9.354,13,ifrms,0.0,3.9630541871921188
9.354,13,sspls-v,-0.0,3.9630541871921188
9.354,14,mcgs,0.0,4.150246305418718
9.354,14,pos,-0.0,4.150246305418718
9.354,14,sbps,-0.0,4.150246305418718
9.354,14,prculs-d,-0.0,4.150246305418718
9.354,14,prcus-p,0.0,4.150246305418718
9.354,14,prcus-i,-0.0,4.150246305418718
9.354,14,prcus-a,-0.0,4.150246305418718
9.354,14,ifrms,-0.0,4.150246305418718
9.354,14,sspls-v,-0.0,4.150246305418718
9.354,15,mcgs,0.0,4.110837438423645
9.354,15,pos,-0.0,4.110837438423645
9.354,15,sbps,-0.0,4.110837438423645
9.354,15,prculs-d,-0.0,4.110837438423645
9.354,15,prcus-p,0.0,4.110837438423645
9.354,15,prcus-i,-0.0,4.110837438423645
9.354,15,prcus-a,-0.0,4.110837438423645
9.354,15,ifrms,-0.0,4.110837438423645
9.354,15,sspls-v,-0.0,4.110837438423645
9.354,16,mcgs,0.0,4.219211822660099
9.354,16,pos,-0.0,4.219211822660099
9.354,16,sbps,-0.0,4.219211822660099
9.354,16,prculs-d,-0.0,4.219211822660099
9.354,16,prcus-p,0.0,4.219211822660099
9.354,16,prcus-i,-0.0,4.219211822660099
9.354,16,prcus-a,-0.0,4.219211822660099
9.354,16,ifrms,-0.0,4.219211822660099
9.354,16,sspls-v,-0.0,4.219211822660099
9.354,17,mcgs,0.0,3.839901477832512
9.354,17,pos,-0.0,3.839901477832512
9.354,17,sbps,-0.0,3.839901477832512
9.354,17,prculs-d,-0.0,3.839901477832512
9.354,17,prcus-p,0.0,3.839901477832512
9.354,17,prcus-i,-0.0,3.839901477832512
9.354,17,prcus-a,-0.0,3.839901477832512
9.354,17,ifrms,-0.0,3.839901477832512
9.354,17,sspls-v,0.0,3.839901477832512
9.354,18,mcgs,0.0,4.219211822660099
9.354,18,pos,-0.0,4.219211822660099
9.354,18,sbps,-0.0,4.219211822660099
9.354,18,prculs-d,-0.0,4.219211822660099
9.354,18,prcus-p,0.0,4.219211822660099
9.354,18,prcus-i,-0.0,4.219211822660099
9.354,18,prcus-a,-0.0,4.219211822660099
9.354,18,ifrms,-0.0,4.219211822660099
9.354,18,sspls-v,-0.0,4.219211822660099
9.354,19,mcgs,0.0,4.0467980295566495
9.354,19,pos,-0.0,4.0467980295566495
9.354,19,sbps,-0.0,4.0467980295566495
9.354,19,prculs-d,-0.0,4.0467980295566495
9.354,19,prcus-p,0.0,4.0467980295566495
9.354,19,prcus-i,-0.0,4.0467980295566495
9.354,19,prcus-a,-0.0,4.0467980295566495
9.354,19,ifrms,-0.0,4.0467980295566495
9.354,19,sspls-v,-0.0,4.0467980295566495
9.354,20,mcgs,0.0,4.017241379310345
9.354,20,pos,-0.0,4.017241379310345
9.354,20,sbps,-0.0,4.017241379310345
9.354,20,prculs-d,-0.0,4.017241379310345
9.354,20,prcus-p,0.0,4.017241379310345
9.354,20,prcus-i,-0.0,4.017241379310345
9.354,20,prcus-a,-0.0,4.017241379310345
9.354,20,ifrms,-0.0,4.017241379310345
9.354,20,sspls-v,-0.0,4.017241379310345
9.354,21,mcgs,0.0,4.0467980295566495
9.354,21,pos,-0.0,4.0467980295566495
9.354,21,sbps,-0.0,4.0467980295566495
9.354,21,prculs-d,-0.0,4.0467980295566495
9.354,21,prcus-p,0.0,4.0467980295566495
9.354,21,prcus-i,-0.0,4.0467980295566495
9.354,21,prcus-a,-0.0,4.0467980295566495
9.354,21,ifrms,-0.0,4.0467980295566495
9.354,21,sspls-v,-0.0,4.0467980295566495
9.354,22,mcgs,0.0,4.18472906403941
9.354,22,pos,-0.0,4.18472906403941
9.354,22,sbps,-0.0,4.18472906403941
9.354,22,prculs-d,-0.0,4.18472906403941
9.354,22,prcus-p,0.0,4.18472906403941
9.354,22,prcus-i,-0.0,4.18472906403941
9.354,22,prcus-a,-0.0,4.18472906403941
9.354,22,ifrms,-0.0,4.18472906403941
9.354,22,sspls-v,-0.0,4.18472906403941
9.354,23,mcgs,0.0,4.219211822660099
9.354,23,pos,-0.0,4.219211822660099
9.354,23,sbps,-0.0,4.219211822660099
9.354,23,prculs-d,-0.0,4.219211822660099
9.354,23,prcus-p,0.0,4.219211822660099
9.354,23,prcus-i,-0.0,4.219211822660099
9.354,23,prcus-a,-0.0,4.219211822660099
9.354,23,ifrms,-0.0,4.219211822660099
9.354,23,sspls-v,-0.0,4.219211822660099
9.354,24,mcgs,0.0,4.115763546798029
9.354,24,pos,-0.0,4.115763546798029
9.354,24,sbps,-0.0,4.115763546798029
9.354,24,prculs-d,-0.0,4.115763546798029
9.354,24,prcus-p,0.0,4.115763546798029
9.354,24,prcus-i,-0.0,4.115763546798029
9.354,24,prcus-a,-0.0,4.115763546798029
9.354,24,ifrms,-0.0,4.115763546798029
9.354,24,sspls-v,0.0,4.115763546798029
9.354,25,mcgs,0.0,4.071428571428571
9.354,25,pos,-0.0,4.071428571428571
9.354,25,sbps,-0.0,4.071428571428571
9.354,25,prculs-d,-0.0,4.071428571428571
9.354,25,prcus-p,0.0,4.071428571428571
9.354,25,prcus-i,-0.0,4.071428571428571
9.354,25,prcus-a,-0.0,4.071428571428571
9.354,25,ifrms,-0.0,4.071428571428571
9.354,25,sspls-v,0.0,4.071428571428571
9.354,26,mcgs,0.0,3.908866995073892
9.354,26,pos,-0.0,3.908866995073892
9.354,26,sbps,-0.0,3.908866995073892
9.354,26,prculs-d,-0.0,3.908866995073892
9.354,26,prcus-p,0.0,3.908866995073892
9.354,26,prcus-i,-0.0,3.908866995073892
9.354,26,prcus-a,-0.0,3.908866995073892
9.354,26,ifrms,0.0,3.908866995073892
9.354,26,sspls-v,-0.0,3.908866995073892
9.354,27,mcgs,0.0,4.189655172413793
9.354,27,pos,-0.0,4.189655172413793
9.354,27,sbps,-0.0,4.189655172413793
9.354,27,prculs-d,-0.0,4.189655172413793
9.354,27,prcus-p,0.0,4.189655172413793
9.354,27,prcus-i,-0.0,4.189655172413793
9.354,27,prcus-a,-0.0,4.189655172413793
9.354,27,ifrms,-0.0,4.189655172413793
9.354,27,sspls-v,-0.0,4.189655172413793
9.354,28,mcgs,0.0,4.071428571428571
9.354,28,pos,-0.0,4.071428571428571
9.354,28,sbps,-0.0,4.071428571428571
9.354,28,prculs-d,-0.0,4.071428571428571
9.354,28,prcus-p,0.0,4.071428571428571
9.354,28,prcus-i,-0.0,4.071428571428571
9.354,28,prcus-a,-0.0,4.071428571428571
9.354,28,ifrms,0.0,4.071428571428571
9.354,28,sspls-v,0.0,4.071428571428571
9.354,29,mcgs,0.0,3.9433497536945823
9.354,29,pos,-0.0,3.9433497536945823
9.354,29,sbps,-0.0,3.9433497536945823
9.354,29,prculs-d,-0.0,3.9433497536945823
9.354,29,prcus-p,0.0,3.9433497536945823
9.354,29,prcus-i,-0.0,3.9433497536945823
9.354,29,prcus-a,-0.0,3.9433497536945823
9.354,29,ifrms,0.0,3.9433497536945823
9.354,29,sspls-v,0.0,3.9433497536945823
10.0,0,mcgs,0.0,4.071428571428571
10.0,0,pos,-0.0,4.071428571428571
10.0,0,sbps,-0.0,4.071428571428571
10.0,0,prculs-d,-0.0,4.071428571428571
10.0,0,prcus-p,0.0,4.071428571428571
10.0,0,prcus-i,-0.0,4.071428571428571
10.0,0,prcus-a,-0.0,4.071428571428571
10.0,0,ifrms,-0.0,4.071428571428571
10.0,0,sspls-v,-0.0,4.071428571428571
10.0,1,mcgs,0.0,4.110837438423645
10.0,1,pos,-0.0,4.110837438423645
10.0,1,sbps,-0.0,4.110837438423645
10.0,1,prculs-d,-0.0,4.110837438423645
10.0,1,prcus-p,0.0,4.110837438423645
10.0,1,prcus-i,-0.0,4.110837438423645
10.0,1,prcus-a,-0.0,4.110837438423645
10.0,1,ifrms,-0.0,4.110837438423645
10.0,1,sspls-v,0.0,4.110837438423645
10.0,2,mcgs,0.0,3.9630541871921188
10.0,2,pos,-0.0,3.9630541871921188
10.0,2,sbps,-0.0,3.9630541871921188
10.0,2,prculs-d,-0.0,3.9630541871921188
10.0,2,prcus-p,0.0,3.9630541871921188
10.0,2,prcus-i,-0.0,3.9630541871921188
10.0,2,prcus-a,-0.0,3.9630541871921188
10.0,2,ifrms,0.0,3.9630541871921188
10.0,2,sspls-v,-0.0,3.9630541871921188
10.0,3,mcgs,0.0,3.908866995073892
10.0,3,pos,-0.0,3.908866995073892
10.0,3,sbps,-0.0,3.908866995073892
10.0,3,prculs-d,-0.0,3.908866995073892
10.0,3,prcus-p,-0.0,3.908866995073892
10.0,3,prcus-i,-0.0,3.908866995073892
10.0,3,prcus-a,-0.0,3.908866995073892
10.0,3,ifrms,-0.0,3.908866995073892
10.0,3,sspls-v,-0.0,3.908866995073892
10.0,4,mcgs,0.0,4.071428571428571
10.0,4,pos,-0.0,4.071428571428571
10.0,4,sbps,-0.0,4.071428571428571
10.0,4,prculs-d,-0.0,4.071428571428571
10.0,4,prcus-p,0.0,4.071428571428571
10.0,4,prcus-i,-0.0,4.071428571428571
10.0,4,prcus-a,-0.0,4.071428571428571
10.0,4,ifrms,-0.0,4.071428571428571
10.0,4,sspls-v,-0.0,4.071428571428571
10.0,5,mcgs,0.0,4.08128078817734
10.0,5,pos,-0.0,4.08128078817734
10.0,5,sbps,-0.0,4.08128078817734
10.0,5,prculs-d,-0.0,4.08128078817734
10.0,5,prcus-p,0.0,4.08128078817734
10.0,5,prcus-i,-0.0,4.08128078817734
10.0,5,prcus-a,-0.0,4.08128078817734
10.0,5,ifrms,-0.0,4.08128078817734
10.0,5,sspls-v,0.0,4.08128078817734
10.0,6,mcgs,0.0,3.9901477832512313
10.0,6,pos,-0.0,3.9901477832512313
10.0,6,sbps,-0.0,3.9901477832512313
10.0,6,prculs-d,-0.0,3.9901477832512313
10.0,6,prcus-p,0.0,3.9901477832512313
10.0,6,prcus-i,-0.0,3.9901477832512313
10.0,6,prcus-a,-0.0,3.9901477832512313
10.0,6,ifrms,-0.0,3.9901477832512313
10.0,6,sspls-v,0.0,3.9901477832512313
10.0,7,mcgs,0.0,4.219211822660099
10.0,7,pos,-0.0,4.219211822660099
10.0,7,sbps,-0.0,4.219211822660099
10.0,7,prculs-d,-0.0,4.219211822660099
10.0,7,prcus-p,0.0,4.219211822660099
10.0,7,prcus-i,-0.0,4.219211822660099
10.0,7,prcus-a,-0.0,4.219211822660099
10.0,7,ifrms,-0.0,4.219211822660099
10.0,7,sspls-v,-0.0,4.219211822660099
10.0,8,mcgs,0.0,4.150246305418718
10.0,8,pos,-0.0,4.150246305418718
10.0,8,sbps,-0.0,4.150246305418718
10.0,8,prculs-d,-0.0,4.150246305418718
10.0,8,prcus-p,0.0,4.150246305418718
10.0,8,prcus-i,-0.0,4.150246305418718
10.0,8,prcus-a,-0.0,4.150246305418718
10.0,8,ifrms,-0.0,4.150246305418718
10.0,8,sspls-v,-0.0,4.150246305418718
10.0,9,mcgs,0.0,4.18472906403941
10.0,9,pos,-0.0,4.18472906403941
10.0,9,sbps,-0.0,4.18472906403941
10.0,9,prculs-d,-0.0,4.18472906403941
10.0,9,prcus-p,0.0,4.18472906403941
10.0,9,prcus-i,-0.0,4.18472906403941
10.0,9,prcus-a,-0.0,4.18472906403941
10.0,9,ifrms,-0.0,4.18472906403941
10.0,9,sspls-v,-0.0,4.18472906403941
10.0,10,mcgs,0.0,4.044334975369458
10.0,10,pos,-0.0,4.044334975369458
10.0,10,sbps,-0.0,4.044334975369458
10.0,10,prculs-d,-0.0,4.044334975369458
10.0,10,prcus-p,0.0,4.044334975369458
10.0,10,prcus-i,-0.0,4.044334975369458
10.0,10,prcus-a,-0.0,4.044334975369458
10.0,10,ifrms,-0.0,4.044334975369458
10.0,10,sspls-v,-0.0,4.044334975369458
10.0,11,mcgs,0.0,4.18472906403941
10.0,11,pos,-0.0,4.18472906403941
10.0,11,sbps,-0.0,4.18472906403941
10.0,11,prculs-d,-0.0,4.18472906403941
10.0,11,prcus-p,0.0,4.18472906403941
10.0,11,prcus-i,-0.0,4.18472906403941
10.0,11,prcus-a,-0.0,4.18472906403941
10.0,11,ifrms,-0.0,4.18472906403941
10.0,11,sspls-v,-0.0,4.18472906403941
10.0,12,mcgs,0.0,4.219211822660099
10.0,12,pos,-0.0,4.219211822660099
10.0,12,sbps,-0.0,4.219211822660099
10.0,12,prculs-d,-0.0,4.219211822660099
10.0,12,prcus-p,0.0,4.219211822660099
10.0,12,prcus-i,-0.0,4.219211822660099
10.0,12,prcus-a,-0.0,4.219211822660099
10.0,12,ifrms,-0.0,4.219211822660099
10.0,12,sspls-v,-0.0,4.219211822660099
10.0,13,mcgs,0.0,3.9630541871921188
10.0,13,pos,-0.0,3.9630541871921188
10.0,13,sbps,-0.0,3.9630541871921188
10.0,13,prculs-d,-0.0,3.9630541871921188
10.0,13,prcus-p,0.0,3.9630541871921188
10.0,13,prcus-i,-0.0,3.9630541871921188
10.0,13,prcus-a,0.0,3.9630541871921188
10.0,13,ifrms,0.0,3.9630541871921188
10.0,13,sspls-v,-0.0,3.9630541871921188
10.0,14,mcgs,0.0,4.150246305418718
10.0,14,pos,-0.0,4.150246305418718
10.0,14,sbps,-0.0,4.150246305418718
10.0,14,prculs-d,-0.0,4.150246305418718
10.0,14,prcus-p,0.0,4.150246305418718
10.0,14,prcus-i,-0.0,4.150246305418718
10.0,14,prcus-a,-0.0,4.150246305418718
10.0,14,ifrms,-0.0,4.150246305418718
10.0,14,sspls-v,-0.0,4.150246305418718
10.0,15,mcgs,0.0,4.110837438423645
10.0,15,pos,-0.0,4.110837438423645
10.0,15,sbps,-0.0,4.110837438423645
10.0,15,prculs-d,-0.0,4.110837438423645
10.0,15,prcus-p,0.0,4.110837438423645
10.0,15,prcus-i,-0.0,4.110837438423645
10.0,15,prcus-a,-0.0,4.110837438423645
10.0,15,ifrms,-0.0,4.110837438423645
10.0,15,sspls-v,-0.0,4.110837438423645
10.0,16,mcgs,0.0,4.219211822660099
10.0,16,pos,-0.0,4.219211822660099
10.0,16,sbps,-0.0,4.219211822660099
10.0,16,prculs-d,-0.0,4.219211822660099
10.0,16,prcus-p,0.0,4.219211822660099
10.0,16,prcus-i,-0.0,4.219211822660099
10.0,16,prcus-a,-0.0,4.219211822660099
10.0,16,ifrms,-0.0,4.219211822660099
10.0,16,sspls-v,-0.0,4.219211822660099
10.0,17,mcgs,0.0,3.839901477832512
10.0,17,pos,-0.0,3.839901477832512
10.0,17,sbps,-0.0,3.839901477832512
10.0,17,prculs-d,-0.0,3.839901477832512
10.0,17,prcus-p,0.0,3.839901477832512
10.0,17,prcus-i,-0.0,3.839901477832512
10.0,17,prcus-a,-0.0,3.839901477832512
10.0,17,ifrms,-0.0,3.839901477832512
10.0,17,sspls-v,0.0,3.839901477832512
10.0,18,mcgs,0.0,4.219211822660099
10.0,18,pos,-0.0,4.219211822660099
10.0,18,sbps,-0.0,4.219211822660099
10.0,18,prculs-d,-0.0,4.219211822660099
10.0,18,prcus-p,0.0,4.219211822660099
10.0,18,prcus-i,-0.0,4.219211822660099
10.0,18,prcus-a,-0.0,4.219211822660099
10.0,18,ifrms,-0.0,4.219211822660099
10.0,18,sspls-v,-0.0,4.219211822660099
10.0,19,mcgs,0.0,4.0467980295566495
10.0,19,pos,-0.0,4.0467980295566495
10.0,19,sbps,-0.0,4.0467980295566495
10.0,19,prculs-d,-0.0,4.0467980295566495
10.0,19,prcus-p,0.0,4.0467980295566495
10.0,19,prcus-i,-0.0,4.0467980295566495
10.0,19,prcus-a,-0.0,4.0467980295566495
10.0,19,ifrms,-0.0,4.0467980295566495
10.0,19,sspls-v,-0.0,4.0467980295566495
10.0,20,mcgs,0.0,4.017241379310345
10.0,20,pos,-0.0,4.017241379310345
10.0,20,sbps,-0.0,4.017241379310345
10.0,20,prculs-d,-0.0,4.017241379310345
10.0,20,prcus-p,0.0,4.017241379310345
10.0,20,prcus-i,-0.0,4.017241379310345
10.0,20,prcus-a,-0.0,4.017241379310345
10.0,20,ifrms,-0.0,4.017241379310345
10.0,20,sspls-v,-0.0,4.017241379310345
10.0,21,mcgs,0.0,4.0467980295566495
10.0,21,pos,-0.0,4.0467980295566495
10.0,21,sbps,-0.0,4.0467980295566495
10.0,21,prculs-d,-0.0,4.0467980295566495
10.0,21,prcus-p,0.0,4.0467980295566495
10.0,21,prcus-i,-0.0,4.0467980295566495
10.0,21,prcus-a,-0.0,4.0467980295566495
10.0,21,ifrms,-0.0,4.0467980295566495
10.0,21,sspls-v,-0.0,4.0467980295566495
10.0,22,mcgs,0.0,4.18472906403941
10.0,22,pos,-0.0,4.18472906403941
10.0,22,sbps,-0.0,4.18472906403941
10.0,22,prculs-d,-0.0,4.18472906403941
10.0,22,prcus-p,0.0,4.18472906403941
10.0,22,prcus-i,-0.0,4.18472906403941
10.0,22,prcus-a,-0.0,4.18472906403941
10.0,22,ifrms,-0.0,4.18472906403941
10.0,22,sspls-v,-0.0,4.18472906403941
10.0,23,mcgs,0.0,4.219211822660099
10.0,23,pos,-0.0,4.219211822660099
10.0,23,sbps,-0.0,4.219211822660099
10.0,23,prculs-d,-0.0,4.219211822660099
10.0,23,prcus-p,0.0,4.219211822660099
10.0,23,prcus-i,-0.0,4.219211822660099
10.0,23,prcus-a,-0.0,4.219211822660099
10.0,23,ifrms,-0.0,4.219211822660099
10.0,23,sspls-v,-0.0,4.219211822660099
10.0,24,mcgs,0.0,4.115763546798029
10.0,24,pos,-0.0,4.115763546798029
10.0,24,sbps,-0.0,4.115763546798029
10.0,24,prculs-d,-0.0,4.115763546798029
10.0,24,prcus-p,0.0,4.115763546798029
10.0,24,prcus-i,-0.0,4.115763546798029
10.0,24,prcus-a,-0.0,4.115763546798029
10.0,24,ifrms,-0.0,4.115763546798029
10.0,24,sspls-v,0.0,4.115763546798029
10.0,25,mcgs,0.0,4.071428571428571
10.0,25,pos,-0.0,4.071428571428571
10.0,25,sbps,-0.0,4.071428571428571
10.0,25,prculs-d,-0.0,4.071428571428571
10.0,25,prcus-p,0.0,4.071428571428571
10.0,25,prcus-i,-0.0,4.071428571428571
10.0,25,prcus-a,-0.0,4.071428571428571
10.0,25,ifrms,-0.0,4.071428571428571
10.0,25,sspls-v,0.0,4.071428571428571
10.0,26,mcgs,0.0,3.908866995073892
10.0,26,pos,-0.0,3.908866995073892
10.0,26,sbps,-0.0,3.908866995073892
10.0,26,prculs-d,-0.0,3.908866995073892
10.0,26,prcus-p,0.0,3.908866995073892
10.0,26,prcus-i,-0.0,3.908866995073892
10.0,26,prcus-a,-0.0,3.908866995073892
10.0,26,ifrms,0.0,3.908866995073892
10.0,26,sspls-v,-0.0,3.908866995073892
10.0,27,mcgs,0.0,4.189655172413793
10.0,27,pos,-0.0,4.189655172413793
10.0,27,sbps,-0.0,4.189655172413793
10.0,27,prculs-d,-0.0,4.189655172413793
10.0,27,prcus-p,0.0,4.189655172413793
10.0,27,prcus-i,-0.0,4.189655172413793
10.0,27,prcus-a,-0.0,4.189655172413793
10.0,27,ifrms,-0.0,4.189655172413793
10.0,27,sspls-v,-0.0,4.189655172413793
10.0,28,mcgs,0.0,4.071428571428571
10.0,28,pos,-0.0,4.071428571428571
10.0,28,sbps,-0.0,4.071428571428571
10.0,28,prculs-d,-0.0,4.071428571428571
10.0,28,prcus-p,0.0,4.071428571428571
10.0,28,prcus-i,-0.0,4.071428571428571
10.0,28,prcus-a,-0.0,4.071428571428571
10.0,28,ifrms,0.0,4.071428571428571
10.0,28,sspls-v,0.0,4.071428571428571
10.0,29,mcgs,0.0,3.9433497536945823
10.0,29,pos,-0.0,3.9433497536945823
10.0,29,sbps,-0.0,3.9433497536945823
10.0,29,prculs-d,-0.0,3.9433497536945823
10.0,29,prcus-p,0.0,3.9433497536945823
10.0,29,prcus-i,-0.0,3.9433497536945823
10.0,29,prcus-a,-0.0,3.9433497536945823
10.0,29,ifrms,0.0,3.9433497536945823
10.0,29,sspls-v,0.0,3.9433497536945823
